query	reference	ani	ani_uniform	af_query	af_reference	std_err	synteny_blocks	anchor_adjacency	breakpoint_count	het_shape	retention	ani_from_loss	ani_from_hist	enzyme_spread	enzyme_chi2	per_enzyme	n_anchors	n_chains	n_tags	max_block_anchors	mean_block_anchors	flag	ani_gated	gate	ani_upper95	flag
NC_002695.2	NC_011353.1	99.9380	99.9471	0.9689	0.9638	0.00495	57	0.9922	394	0.070	0.9968	99.8520	99.9705	0.0332	2.05	AlfI:99.96,AloI:99.97,BcgI:99.94,FalI:99.93	8137	57	7019	1049	123.91228070175438	ok	99.9380	gamma	99.8812	ok
NC_002695.2	NC_013008.1	99.9366	99.9462	0.9692	0.9748	0.00499	59	0.9919	406	0.070	0.9967	99.8473	99.9705	0.0332	1.76	AlfI:99.96,AloI:99.97,BcgI:99.94,FalI:99.93	8114	59	7019	1051	119.94915254237289	ok	99.9366	gamma	99.8770	ok
NC_002695.2	NZ_CP008957.1	99.9872	99.9876	0.9779	0.9861	0.00238	49	0.9935	612	0.070	0.9992	99.9627	99.9937	0.0161	0.32	AlfI:99.99,AloI:99.99,BcgI:99.98,FalI:100.00	8474	49	7057	1017	148.3877551020408	ok	99.9872	gamma	99.9766	ok
NC_002695.2	NZ_CP010304.1	99.9296	99.9410	0.9681	0.9781	0.00523	60	0.9918	398	0.070	0.9964	99.8377	99.9664	0.0186	1.00	AlfI:99.95,AloI:99.95,BcgI:99.93,FalI:99.93	8073	60	7013	1049	117.71666666666667	ok	99.9296	gamma	99.8684	ok
NC_002695.2	NZ_CP015832.1	99.9314	99.9442	0.9365	0.9205	0.00516	54	0.9923	378	0.070	0.9966	99.8141	99.9762	0.0384	2.83	AlfI:99.96,AloI:99.95,BcgI:99.93,FalI:99.97	7941	54	6834	920	127.18518518518519	ok	99.9314	gamma	99.8474	ok
NC_002695.2	NZ_CP015831.1	99.9384	99.9488	0.9427	0.9503	0.00493	56	0.9922	683	0.070	0.9969	99.8319	99.9776	0.0452	5.12	AlfI:99.95,AloI:99.97,BcgI:99.94,FalI:99.98	8198	56	6870	920	126.03571428571429	ok	99.9384	gamma	99.8635	ok
NC_002695.2	NZ_CP018237.1	99.9696	99.9696	0.9584	0.9707	0.00376	53	0.9928	449	inf	0.9982	99.8957	99.9878	0.0227	2.09	AlfI:99.97,AloI:99.98,BcgI:99.96,FalI:99.99	8194	53	6952	1051	133.49056603773585	ok	99.9696	uniform	99.9201	ok
NC_002695.2	NZ_CP018239.1	99.9530	99.9591	0.9684	0.9810	0.00436	46	0.9937	335	0.070	0.9975	99.8658	99.9821	0.0117	0.18	AlfI:99.96,AloI:99.97,BcgI:99.96,FalI:99.96	8035	46	7001	1052	152.6304347826087	ok	99.9530	gamma	99.8936	ok
NC_002695.2	NZ_CP018245.1	99.9328	99.9452	0.9697	0.9783	0.00505	54	0.9927	408	0.070	0.9967	99.8167	99.9768	0.0367	2.86	AlfI:99.95,AloI:99.97,BcgI:99.93,FalI:99.97	8144	54	7020	1048	131.07407407407408	ok	99.9328	gamma	99.8494	ok
NC_002695.2	NZ_CP018243.1	99.9468	99.9543	0.9518	0.9703	0.00464	51	0.9929	325	0.070	0.9972	99.8568	99.9783	0.0302	1.84	AlfI:99.96,AloI:99.97,BcgI:99.94,FalI:99.96	7924	51	6906	931	135.49019607843138	ok	99.9468	gamma	99.8857	ok
NC_002695.2	NZ_CP018252.2	99.9572	99.9628	0.9670	0.9752	0.00416	59	0.9920	470	0.070	0.9977	99.8657	99.9867	0.0270	2.25	AlfI:99.97,AloI:99.98,BcgI:99.95,FalI:99.98	8197	59	6999	1050	120.50847457627118	ok	99.9572	gamma	99.8936	ok
NC_002695.2	NZ_CP018247.1	99.9396	99.9485	0.9573	0.9751	0.00491	48	0.9934	339	0.070	0.9969	99.8507	99.9726	0.0136	0.57	AlfI:99.96,AloI:99.95,BcgI:99.94,FalI:99.95	7986	48	6956	1052	145.22916666666666	ok	99.9396	gamma	99.8802	ok
NC_002695.2	NZ_CP018241.1	99.9573	99.9625	0.9545	0.9642	0.00420	44	0.9939	298	0.070	0.9977	99.8739	99.9842	0.0375	6.40	AlfI:99.96,AloI:99.99,BcgI:99.96,FalI:99.97	7976	44	6927	921	157.5681818181818	ok	99.9573	gamma	99.9009	ok
NC_002695.2	NZ_CP018250.1	99.9587	99.9636	0.9575	0.9782	0.00412	51	0.9930	355	0.070	0.9978	99.8768	99.9849	0.0216	1.36	AlfI:99.97,AloI:99.97,BcgI:99.96,FalI:99.98	8076	51	6960	903	137.13725490196077	ok	99.9587	gamma	99.9035	ok
NC_002695.2	NZ_CP038282.1	99.9414	99.9499	0.9702	0.9817	0.00482	51	0.9931	369	0.070	0.9970	99.8542	99.9734	0.0274	1.54	AlfI:99.96,AloI:99.94,BcgI:99.94,FalI:99.97	8121	51	7011	1051	138.41176470588235	ok	99.9414	gamma	99.8832	ok
NC_002695.2	NZ_CP038284.1	99.9331	99.9446	0.9663	0.9721	0.00508	61	0.9917	431	0.070	0.9966	99.8279	99.9733	0.0097	0.27	AlfI:99.95,AloI:99.94,BcgI:99.94,FalI:99.94	8176	61	6995	1050	116.01639344262296	ok	99.9331	gamma	99.8595	ok
NC_002695.2	NZ_CP038290.1	99.9296	99.9425	0.9614	0.9654	0.00519	49	0.9932	284	0.070	0.9965	99.8178	99.9732	0.0324	1.81	AlfI:99.96,AloI:99.95,BcgI:99.93,FalI:99.92	8017	49	6972	1048	141.18367346938774	ok	99.9296	gamma	99.8505	ok
NC_002695.2	NZ_CP038292.1	99.9357	99.9462	0.9593	0.9702	0.00501	58	0.9920	405	0.070	0.9967	99.8366	99.9732	0.0170	0.71	AlfI:99.95,AloI:99.95,BcgI:99.94,FalI:99.96	8107	58	6963	1049	121.32758620689656	ok	99.9357	gamma	99.8675	ok
NC_002695.2	NZ_CP038300.1	99.9386	99.9486	0.9606	0.9688	0.00490	60	0.9918	448	0.070	0.9969	99.8367	99.9761	0.0123	0.48	AlfI:99.95,AloI:99.95,BcgI:99.94,FalI:99.95	8147	60	6970	1050	117.86666666666666	ok	99.9386	gamma	99.8676	ok
NC_002695.2	NZ_CP038302.1	99.9344	99.9455	0.9668	0.9509	0.00504	62	0.9915	456	0.070	0.9967	99.8302	99.9739	0.0258	0.74	AlfI:99.95,AloI:99.93,BcgI:99.94,FalI:99.94	8171	62	6995	930	114.35483870967742	ok	99.9344	gamma	99.8617	ok
NC_002695.2	NZ_CP038309.1	99.9288	99.9417	0.9670	0.9563	0.00521	54	0.9926	381	0.070	0.9965	99.8184	99.9721	0.0109	0.30	AlfI:99.95,AloI:99.94,BcgI:99.94,FalI:99.94	8145	54	6994	1030	129.53703703703704	ok	99.9288	gamma	99.8510	ok
NC_002695.2	NZ_CP038319.1	99.9435	99.9513	0.9552	0.9808	0.00477	55	0.9925	365	0.070	0.9970	99.8601	99.9738	0.0235	0.98	AlfI:99.95,AloI:99.95,BcgI:99.95,FalI:99.97	8126	55	6951	1051	127.83636363636364	ok	99.9435	gamma	99.8886	ok
NC_002695.2	NZ_CP038333.1	99.9149	99.9329	0.9687	0.9688	0.00559	58	0.9921	448	0.070	0.9959	99.7903	99.9681	0.0123	0.34	AlfI:99.94,AloI:99.94,BcgI:99.93,FalI:99.93	8149	58	7004	1050	122.15517241379311	ok	99.9149	gamma	99.8254	ok
NC_002695.2	NZ_CP038339.1	99.9589	99.9633	0.9684	0.9709	0.00412	46	0.9937	337	0.070	0.9978	99.8870	99.9821	0.0134	0.41	AlfI:99.96,AloI:99.96,BcgI:99.96,FalI:99.97	8096	46	7001	1050	152.8695652173913	ok	99.9589	gamma	99.9124	ok
NC_002695.2	NZ_CP038342.1	99.9950	99.9950	0.9893	0.9900	0.00149	43	0.9943	425	inf	0.9997	99.9815	99.9983	0.0065	0.21	AlfI:100.00,AloI:100.00,BcgI:99.99,FalI:100.00	8453	43	7106	1100	167.97674418604652	ok	99.9950	uniform	99.9908	ok
NC_002695.2	NZ_CP038344.1	99.9291	99.9419	0.9567	0.9733	0.00522	48	0.9934	292	0.070	0.9965	99.8198	99.9720	0.0458	3.48	AlfI:99.93,AloI:99.97,BcgI:99.94,FalI:99.96	7934	48	6958	929	144.25	ok	99.9291	gamma	99.8523	ok
NC_002695.2	NZ_CP038346.1	99.9588	99.9634	0.9706	0.9537	0.00411	53	0.9928	446	0.070	0.9978	99.8826	99.9833	0.0252	1.26	AlfI:99.97,AloI:99.97,BcgI:99.96,FalI:99.95	8217	53	7017	1051	134.26415094339623	ok	99.9588	gamma	99.9085	ok
NC_002695.2	NZ_CP038349.1	99.9863	99.9867	0.9781	0.9891	0.00246	40	0.9946	335	0.070	0.9992	99.9697	99.9909	0.0215	0.78	AlfI:99.99,AloI:99.97,BcgI:99.99,FalI:99.99	8274	40	7056	1100	177.6	ok	99.9863	gamma	99.9821	ok
NC_002695.2	NZ_CP038351.1	99.9750	99.9766	0.9824	0.9831	0.00327	55	0.9927	499	0.070	0.9986	99.9255	99.9892	0.0200	2.44	AlfI:99.98,AloI:99.99,BcgI:99.97,FalI:99.99	8483	55	7077	1050	131.65454545454546	ok	99.9750	gamma	99.9458	ok
NC_002695.2	NZ_CP038353.1	99.9343	99.9447	0.9689	0.9793	0.00506	55	0.9925	378	0.070	0.9966	99.8401	99.9705	0.0267	1.55	AlfI:99.96,AloI:99.96,BcgI:99.94,FalI:99.93	8142	55	7013	1051	128.3272727272727	ok	99.9343	gamma	99.8705	ok
NC_002695.2	NZ_CP038355.1	99.9320	99.9434	0.9598	0.9780	0.00514	56	0.9923	395	0.070	0.9966	99.8319	99.9709	0.0180	0.79	AlfI:99.95,AloI:99.95,BcgI:99.94,FalI:99.94	8081	56	6967	1050	125.44642857142857	ok	99.9320	gamma	99.8633	ok
NC_002695.2	NZ_CP038357.1	99.9827	99.9835	0.9859	0.9812	0.00274	49	0.9936	471	0.070	0.9990	99.9442	99.9932	0.0217	0.51	AlfI:99.99,AloI:99.99,BcgI:99.98,FalI:100.00	8454	49	7077	1020	147.22448979591837	ok	99.9827	gamma	99.9615	ok
NC_002695.2	NZ_CP038360.1	99.9370	99.9459	0.9642	0.9729	0.00502	48	0.9934	325	0.070	0.9967	99.8583	99.9675	0.0246	1.32	AlfI:99.96,AloI:99.94,BcgI:99.94,FalI:99.93	8068	48	6981	1050	145.6875	ok	99.9370	gamma	99.8869	ok
NC_002695.2	NZ_CP038366.1	99.9361	99.9466	0.9711	0.9723	0.00498	47	0.9936	352	0.070	0.9968	99.8355	99.9740	0.0419	4.96	AlfI:99.95,AloI:99.97,BcgI:99.94,FalI:99.98	8094	47	7017	1048	149.70212765957447	ok	99.9361	gamma	99.8664	ok
NC_002695.2	NZ_CP038372.1	99.9922	99.9922	0.9786	0.9850	0.00188	48	0.9936	499	inf	0.9995	99.9744	99.9966	0.0104	0.51	AlfI:99.99,AloI:100.00,BcgI:99.99,FalI:100.00	8548	48	7063	1100	150.79166666666666	ok	99.9922	uniform	99.9856	ok
NC_002695.2	NZ_CP038402.1	99.9373	99.9475	0.9572	0.9620	0.00495	60	0.9917	391	0.070	0.9968	99.8364	99.9749	0.0281	2.06	AlfI:99.96,AloI:99.96,BcgI:99.94,FalI:99.93	8042	60	6955	929	116.45	ok	99.9373	gamma	99.8673	ok
NC_002695.2	NZ_CP038414.1	99.9558	99.9606	0.9660	0.9665	0.00428	53	0.9928	460	0.070	0.9976	99.8893	99.9780	0.0213	0.82	AlfI:99.97,AloI:99.96,BcgI:99.96,FalI:99.95	8236	53	6998	929	134.22641509433961	ok	99.9558	gamma	99.9145	ok
NC_002695.2	NZ_CP038416.1	99.9569	99.9619	0.9684	0.9671	0.00420	47	0.9936	355	0.070	0.9977	99.8799	99.9821	0.0100	0.20	AlfI:99.96,AloI:99.96,BcgI:99.96,FalI:99.97	8062	47	7000	1051	149.63829787234042	ok	99.9569	gamma	99.9061	ok
NC_002695.2	NZ_CP039834.1	99.9567	99.9620	0.9692	0.9817	0.00420	50	0.9934	379	0.070	0.9977	99.8753	99.9832	0.0342	4.02	AlfI:99.97,AloI:99.96,BcgI:99.95,FalI:99.99	8209	50	7008	1051	141.74	ok	99.9567	gamma	99.9021	ok
NC_002695.2	NZ_CP062778.1	99.9304	99.9425	0.9649	0.9687	0.00518	60	0.9918	427	0.070	0.9965	99.8250	99.9715	0.0178	0.91	AlfI:99.95,AloI:99.94,BcgI:99.93,FalI:99.95	8141	60	6977	1048	117.56666666666666	ok	99.9304	gamma	99.8570	ok
NC_002695.2	NZ_CP062700.1	99.9300	99.9421	0.9649	0.9730	0.00520	54	0.9926	370	0.070	0.9965	99.8273	99.9703	0.0201	1.07	AlfI:99.95,AloI:99.94,BcgI:99.93,FalI:99.95	8076	54	6974	1048	129.7962962962963	ok	99.9300	gamma	99.8591	ok
NC_002695.2	NZ_CP062702.1	99.9525	99.9586	0.9523	0.9588	0.00441	52	0.9928	331	0.070	0.9975	99.8688	99.9807	0.0336	3.18	AlfI:99.96,AloI:99.98,BcgI:99.95,FalI:99.98	7986	52	6909	930	133.28846153846155	ok	99.9525	gamma	99.8964	ok
NC_002695.2	NZ_CP062705.1	99.9545	99.9606	0.9696	0.9698	0.00428	58	0.9921	473	0.070	0.9976	99.8636	99.9844	0.0149	0.64	AlfI:99.96,AloI:99.97,BcgI:99.95,FalI:99.97	8186	58	7010	1048	122.62068965517241	ok	99.9545	gamma	99.8916	ok
NC_002695.2	NZ_CP062708.1	99.9552	99.9610	0.9696	0.9698	0.00425	58	0.9921	473	0.070	0.9976	99.8659	99.9844	0.0139	0.55	AlfI:99.96,AloI:99.97,BcgI:99.96,FalI:99.97	8186	58	7010	1048	122.63793103448276	ok	99.9552	gamma	99.8937	ok
NC_002695.2	NZ_CP062711.1	99.9552	99.9610	0.9696	0.9760	0.00425	58	0.9921	473	0.070	0.9976	99.8659	99.9844	0.0139	0.55	AlfI:99.96,AloI:99.97,BcgI:99.96,FalI:99.97	8186	58	7010	1048	122.63793103448276	ok	99.9552	gamma	99.8937	ok
NC_002695.2	NZ_CP062713.1	99.9545	99.9606	0.9696	0.9762	0.00428	58	0.9921	473	0.070	0.9976	99.8636	99.9844	0.0149	0.64	AlfI:99.96,AloI:99.97,BcgI:99.95,FalI:99.97	8186	58	7010	1048	122.62068965517241	ok	99.9545	gamma	99.8916	ok
NC_002695.2	NZ_CP062715.1	99.9513	99.9581	0.9701	0.9737	0.00441	61	0.9917	475	0.070	0.9975	99.8562	99.9832	0.0240	1.42	AlfI:99.96,AloI:99.97,BcgI:99.95,FalI:99.97	8217	61	6996	1049	116.50819672131148	ok	99.9513	gamma	99.8851	ok
NC_002695.2	NZ_CP062717.1	99.9522	99.9588	0.9740	0.9738	0.00437	60	0.9919	472	0.070	0.9975	99.8592	99.9833	0.0230	1.31	AlfI:99.96,AloI:99.97,BcgI:99.95,FalI:99.97	8224	60	7025	1049	118.85	ok	99.9522	gamma	99.8876	ok
NC_002695.2	NZ_CP062719.1	99.9504	99.9575	0.9768	0.9740	0.00443	55	0.9925	429	0.070	0.9974	99.8547	99.9827	0.0240	1.29	AlfI:99.96,AloI:99.96,BcgI:99.95,FalI:99.97	8197	55	7038	1049	129.1818181818182	ok	99.9504	gamma	99.8836	ok
NC_002695.2	NZ_CP062721.1	99.9485	99.9561	0.9768	0.9740	0.00451	55	0.9925	429	0.070	0.9973	99.8524	99.9816	0.0163	0.75	AlfI:99.96,AloI:99.96,BcgI:99.95,FalI:99.97	8197	55	7038	1049	129.16363636363636	ok	99.9485	gamma	99.8815	ok
NC_002695.2	NZ_CP062723.1	99.9546	99.9610	0.9675	0.9741	0.00426	59	0.9920	471	0.070	0.9976	99.8563	99.9867	0.0205	1.06	AlfI:99.97,AloI:99.97,BcgI:99.95,FalI:99.97	8200	59	7000	1048	120.42372881355932	ok	99.9546	gamma	99.8851	ok
NC_002695.2	NZ_CP062725.1	99.9498	99.9574	0.9742	0.9747	0.00444	59	0.9920	469	0.070	0.9974	99.8475	99.9844	0.0269	1.90	AlfI:99.96,AloI:99.97,BcgI:99.95,FalI:99.97	8247	59	7027	1048	120.69491525423729	ok	99.9498	gamma	99.8771	ok
NC_002695.2	NZ_CP062727.1	99.9567	99.9624	0.9702	0.9748	0.00417	55	0.9925	457	0.070	0.9977	99.8636	99.9867	0.0186	1.07	AlfI:99.97,AloI:99.97,BcgI:99.96,FalI:99.97	8190	55	7011	1049	129.23636363636365	ok	99.9567	gamma	99.8916	ok
NC_002695.2	NZ_CP062729.1	99.9574	99.9628	0.9675	0.9763	0.00415	59	0.9920	469	0.070	0.9977	99.8681	99.9861	0.0236	1.64	AlfI:99.97,AloI:99.97,BcgI:99.95,FalI:99.98	8202	59	7000	1049	120.47457627118644	ok	99.9574	gamma	99.8957	ok
NC_002695.2	NZ_CP062780.1	99.9554	99.9614	0.9671	0.9732	0.00423	59	0.9920	471	0.070	0.9977	99.8610	99.9861	0.0205	1.30	AlfI:99.97,AloI:99.97,BcgI:99.95,FalI:99.97	8202	59	6999	1049	120.44067796610169	ok	99.9554	gamma	99.8893	ok
NC_002695.2	NZ_CP062731.1	99.9560	99.9619	0.9671	0.9732	0.00421	59	0.9920	471	0.070	0.9977	99.8634	99.9861	0.0196	1.18	AlfI:99.97,AloI:99.97,BcgI:99.95,FalI:99.97	8202	59	6999	1049	120.45762711864407	ok	99.9560	gamma	99.8914	ok
NC_002695.2	NZ_CP062733.1	99.9564	99.9619	0.9676	0.9752	0.00420	60	0.9920	469	0.070	0.9977	99.8705	99.9844	0.0256	1.83	AlfI:99.97,AloI:99.97,BcgI:99.95,FalI:99.98	8206	60	7004	1049	118.55	ok	99.9564	gamma	99.8978	ok
NC_002695.2	NZ_CP062739.1	99.9563	99.9619	0.9677	0.9737	0.00420	66	0.9914	912	0.070	0.9977	99.8682	99.9850	0.0215	1.59	AlfI:99.97,AloI:99.97,BcgI:99.95,FalI:99.97	8471	66	7004	1049	111.60606060606061	ok	99.9563	gamma	99.8957	ok
NC_002695.2	NZ_CP062736.1	99.9561	99.9619	0.9676	0.9732	0.00420	60	0.9920	471	0.070	0.9977	99.8635	99.9861	0.0196	1.19	AlfI:99.97,AloI:99.97,BcgI:99.95,FalI:99.97	8207	60	7004	1049	118.53333333333333	ok	99.9561	gamma	99.8915	ok
NC_002695.2	NZ_CP062742.1	99.9559	99.9619	0.9702	0.9748	0.00420	55	0.9925	456	0.070	0.9977	99.8589	99.9873	0.0196	1.19	AlfI:99.97,AloI:99.97,BcgI:99.95,FalI:99.97	8207	55	7011	1049	129.23636363636365	ok	99.9559	gamma	99.8874	ok
NC_002695.2	NZ_CP062744.1	99.9572	99.9628	0.9671	0.9752	0.00416	58	0.9921	461	0.070	0.9977	99.8657	99.9867	0.0270	2.25	AlfI:99.97,AloI:99.98,BcgI:99.95,FalI:99.98	8201	58	6999	1049	122.46551724137932	ok	99.9572	gamma	99.8936	ok
NC_002695.2	NZ_CP062746.1	99.9581	99.9633	0.9681	0.9763	0.00412	59	0.9921	460	0.070	0.9978	99.8706	99.9861	0.0236	1.70	AlfI:99.97,AloI:99.97,BcgI:99.95,FalI:99.98	8206	59	7005	1049	120.49152542372882	ok	99.9581	gamma	99.8978	ok
NC_002695.2	NZ_CP062749.1	99.9543	99.9606	0.9707	0.9749	0.00427	56	0.9925	426	0.070	0.9976	99.8590	99.9856	0.0202	1.03	AlfI:99.96,AloI:99.97,BcgI:99.95,FalI:99.97	8134	56	7016	1049	126.33928571428571	ok	99.9543	gamma	99.8875	ok
NC_002695.2	NZ_CP062752.1	99.9538	99.9600	0.9675	0.9738	0.00431	61	0.9918	472	0.070	0.9976	99.8611	99.9844	0.0225	1.51	AlfI:99.96,AloI:99.97,BcgI:99.95,FalI:99.97	8207	61	7003	1049	116.59016393442623	ok	99.9538	gamma	99.8894	ok
NC_002695.2	NZ_CP062755.1	99.9559	99.9615	0.9708	0.9747	0.00422	58	0.9923	476	0.070	0.9977	99.8684	99.9844	0.0225	1.74	AlfI:99.97,AloI:99.97,BcgI:99.95,FalI:99.97	8195	58	7016	1049	122.77586206896552	ok	99.9559	gamma	99.8959	ok
NC_002695.2	NZ_CP062761.1	99.9566	99.9619	0.9725	0.9746	0.00420	57	0.9923	463	0.070	0.9977	99.8729	99.9838	0.0297	2.48	AlfI:99.97,AloI:99.98,BcgI:99.95,FalI:99.97	8208	57	7004	1049	124.71929824561404	ok	99.9566	gamma	99.8999	ok
NC_002695.2	NZ_CP062758.1	99.9551	99.9611	0.9707	0.9768	0.00425	56	0.9925	457	0.070	0.9976	99.8637	99.9850	0.0285	2.48	AlfI:99.97,AloI:99.97,BcgI:99.95,FalI:99.98	8211	56	7016	1049	127.01785714285714	ok	99.9551	gamma	99.8917	ok
NC_002695.2	NZ_CP062763.1	99.9547	99.9605	0.9674	0.9738	0.00429	60	0.9920	475	0.070	0.9976	99.8703	99.9826	0.0285	2.39	AlfI:99.97,AloI:99.96,BcgI:99.95,FalI:99.98	8197	60	6990	1049	118.35	ok	99.9547	gamma	99.8976	ok
NC_002695.2	NZ_CP062766.1	99.9569	99.9625	0.9708	0.9775	0.00417	58	0.9923	460	0.070	0.9977	99.8684	99.9856	0.0246	1.79	AlfI:99.97,AloI:99.97,BcgI:99.95,FalI:99.98	8221	58	7016	1049	122.60344827586206	ok	99.9569	gamma	99.8959	ok
NC_002695.2	NZ_CP062782.1	99.9509	99.9579	0.9771	0.9699	0.00441	55	0.9927	462	0.070	0.9974	99.8548	99.9833	0.0269	2.02	AlfI:99.97,AloI:99.97,BcgI:99.95,FalI:99.97	8257	55	7042	1049	129.63636363636363	ok	99.9509	gamma	99.8837	ok
NC_002695.2	NZ_CP062769.1	99.9456	99.9536	0.9704	0.9766	0.00464	54	0.9926	374	0.070	0.9972	99.8518	99.9786	0.0347	3.69	AlfI:99.97,AloI:99.95,BcgI:99.94,FalI:99.97	8092	54	7011	1050	130.33333333333334	ok	99.9456	gamma	99.8811	ok
NC_002695.2	NZ_CP062771.1	99.9520	99.9589	0.9772	0.9753	0.00436	57	0.9924	452	0.070	0.9975	99.8548	99.9845	0.0230	1.29	AlfI:99.96,AloI:99.96,BcgI:99.95,FalI:99.97	8202	57	7041	1049	125.01754385964912	ok	99.9520	gamma	99.8837	ok
NC_002695.2	NZ_CP062774.1	99.9508	99.9577	0.9675	0.9696	0.00443	61	0.9918	470	0.070	0.9974	99.8564	99.9826	0.0261	1.95	AlfI:99.97,AloI:99.95,BcgI:99.95,FalI:99.97	8202	61	7003	1049	116.52459016393442	ok	99.9508	gamma	99.8852	ok
NC_011353.1	NC_013008.1	99.9917	99.9919	0.9816	0.9883	0.00190	47	0.9938	470	0.070	0.9995	99.9748	99.9961	0.0120	1.06	AlfI:99.99,AloI:100.00,BcgI:99.99,FalI:100.00	8256	47	7177	1120	154.93617021276594	ok	99.9917	gamma	99.9859	ok
NC_011353.1	NZ_CP008957.1	99.9263	99.9396	0.9555	0.9801	0.00528	62	0.9916	526	0.070	0.9963	99.8180	99.9696	0.0312	1.39	AlfI:99.95,AloI:99.96,BcgI:99.93,FalI:99.94	8229	62	7072	930	115.30645161290323	ok	99.9263	gamma	99.8505	ok
NC_011353.1	NZ_CP010304.1	99.9845	99.9851	0.9755	0.9892	0.00260	50	0.9933	429	0.070	0.9991	99.9608	99.9910	0.0174	3.18	AlfI:99.99,AloI:99.98,BcgI:99.98,FalI:100.00	8133	50	7143	1120	144.26	ok	99.9845	gamma	99.9750	ok
NC_011353.1	NZ_CP015832.1	99.9308	99.9414	0.9387	0.9300	0.00524	47	0.9934	375	0.070	0.9964	99.8455	99.9650	0.0210	0.95	AlfI:99.95,AloI:99.95,BcgI:99.93,FalI:99.95	7958	47	6939	951	148.06382978723406	ok	99.9308	gamma	99.8755	ok
NC_011353.1	NZ_CP015831.1	99.9294	99.9403	0.9474	0.9622	0.00527	44	0.9939	618	0.070	0.9964	99.8441	99.9640	0.0245	1.08	AlfI:99.95,AloI:99.95,BcgI:99.93,FalI:99.96	8212	44	6984	951	161.47727272727272	ok	99.9294	gamma	99.8742	ok
NC_011353.1	NZ_CP018237.1	99.9352	99.9456	0.9447	0.9698	0.00503	66	0.9910	487	0.070	0.9967	99.8397	99.9716	0.0444	3.51	AlfI:99.95,AloI:99.98,BcgI:99.94,FalI:99.95	8130	66	6999	1118	107.74242424242425	ok	99.9352	gamma	99.8703	ok
NC_011353.1	NZ_CP018239.1	99.9567	99.9619	0.9616	0.9844	0.00418	41	0.9945	276	0.070	0.9977	99.8744	99.9834	0.0226	1.05	AlfI:99.96,AloI:99.98,BcgI:99.96,FalI:99.96	7977	41	7088	1119	171.78048780487805	ok	99.9567	gamma	99.9011	ok
NC_011353.1	NZ_CP018245.1	99.9318	99.9427	0.9566	0.9802	0.00515	51	0.9931	352	0.070	0.9965	99.8385	99.9683	0.0435	3.14	AlfI:99.95,AloI:99.97,BcgI:99.93,FalI:99.94	8017	51	7048	1118	138.62745098039215	ok	99.9318	gamma	99.8691	ok
NC_011353.1	NZ_CP018243.1	99.9523	99.9569	0.9354	0.9753	0.00449	48	0.9934	322	0.070	0.9974	99.9001	99.9708	0.0056	0.03	AlfI:99.96,AloI:99.96,BcgI:99.96,FalI:99.96	7888	48	6926	1118	144.6875	ok	99.9523	gamma	99.9240	ok
NC_011353.1	NZ_CP018252.2	99.9343	99.9457	0.9611	0.9797	0.00500	63	0.9915	513	0.070	0.9967	99.8275	99.9748	0.0364	2.03	AlfI:99.95,AloI:99.97,BcgI:99.94,FalI:99.94	8177	63	7079	1050	113.88888888888889	ok	99.9343	gamma	99.8591	ok
NC_011353.1	NZ_CP018247.1	99.9378	99.9463	0.9474	0.9774	0.00499	46	0.9937	296	0.070	0.9967	99.8615	99.9671	0.0312	0.83	AlfI:99.95,AloI:99.96,BcgI:99.94,FalI:99.93	7928	46	7022	1051	152.02173913043478	ok	99.9378	gamma	99.8897	ok
NC_011353.1	NZ_CP018241.1	99.9531	99.9575	0.9386	0.9668	0.00446	49	0.9932	309	0.070	0.9974	99.9028	99.9709	0.0258	1.40	AlfI:99.95,AloI:99.98,BcgI:99.96,FalI:99.96	7887	49	6946	1118	142.12244897959184	ok	99.9531	gamma	99.9263	ok
NC_011353.1	NZ_CP018250.1	99.9375	99.9468	0.9492	0.9796	0.00496	53	0.9928	410	0.070	0.9968	99.8501	99.9706	0.0289	1.27	AlfI:99.95,AloI:99.97,BcgI:99.94,FalI:99.96	8036	53	7040	914	133.54716981132074	ok	99.9375	gamma	99.8795	ok
NC_011353.1	NZ_CP038282.1	99.9473	99.9532	0.9502	0.9860	0.00465	46	0.9937	351	0.070	0.9972	99.8849	99.9700	0.0179	0.24	AlfI:99.96,AloI:99.96,BcgI:99.95,FalI:99.94	8002	46	7015	1050	152.95652173913044	ok	99.9473	gamma	99.9105	ok
NC_011353.1	NZ_CP038284.1	99.9178	99.9339	0.9580	0.9727	0.00552	56	0.9924	423	0.070	0.9960	99.8037	99.9660	0.0215	0.59	AlfI:99.94,AloI:99.94,BcgI:99.93,FalI:99.92	8101	56	7062	1050	126.67857142857143	ok	99.9178	gamma	99.8375	ok
NC_011353.1	NZ_CP038290.1	99.8993	99.9217	0.9637	0.9667	0.00600	47	0.9936	279	0.070	0.9952	99.7789	99.9570	0.0439	2.37	AlfI:99.94,AloI:99.95,BcgI:99.91,FalI:99.90	8022	47	7093	1048	149.14893617021278	ok	99.8993	gamma	99.8147	ok
NC_011353.1	NZ_CP038292.1	99.9279	99.9396	0.9548	0.9737	0.00528	56	0.9924	349	0.070	0.9963	99.8387	99.9644	0.0179	0.24	AlfI:99.94,AloI:99.95,BcgI:99.94,FalI:99.93	8044	56	7058	1049	126.23214285714286	ok	99.9279	gamma	99.8692	ok
NC_011353.1	NZ_CP038300.1	99.9264	99.9386	0.9556	0.9748	0.00532	60	0.9919	457	0.070	0.9963	99.8341	99.9644	0.0179	0.39	AlfI:99.94,AloI:99.95,BcgI:99.93,FalI:99.93	8134	60	7061	1050	118.85	ok	99.9264	gamma	99.8651	ok
NC_011353.1	NZ_CP038302.1	99.9232	99.9366	0.9546	0.9559	0.00541	65	0.9913	480	0.070	0.9962	99.8268	99.9637	0.0513	1.83	AlfI:99.94,AloI:99.93,BcgI:99.94,FalI:99.89	8141	65	7046	929	109.67692307692307	ok	99.9232	gamma	99.8584	ok
NC_011353.1	NZ_CP038309.1	99.9275	99.9395	0.9554	0.9636	0.00529	48	0.9936	334	0.070	0.9963	99.8362	99.9649	0.0304	0.55	AlfI:99.94,AloI:99.95,BcgI:99.94,FalI:99.92	8081	48	7050	1030	145.97916666666666	ok	99.9275	gamma	99.8670	ok
NC_011353.1	NZ_CP038319.1	99.9613	99.9649	0.9481	0.9863	0.00402	54	0.9927	389	0.070	0.9979	99.9015	99.9804	0.0167	0.89	AlfI:99.96,AloI:99.97,BcgI:99.96,FalI:99.98	8071	54	7027	1051	131.42592592592592	ok	99.9613	gamma	99.9251	ok
NC_011353.1	NZ_CP038333.1	99.9274	99.9397	0.9492	0.9632	0.00528	55	0.9925	371	0.070	0.9963	99.8310	99.9665	0.0252	0.66	AlfI:99.94,AloI:99.96,BcgI:99.94,FalI:99.94	8041	55	7029	1049	128.27272727272728	ok	99.9274	gamma	99.8623	ok
NC_011353.1	NZ_CP038339.1	99.9626	99.9665	0.9614	0.9743	0.00392	42	0.9943	294	0.070	0.9980	99.8883	99.9857	0.0198	1.01	AlfI:99.97,AloI:99.98,BcgI:99.96,FalI:99.97	8005	42	7084	1050	168	ok	99.9626	gamma	99.9134	ok
NC_011353.1	NZ_CP038342.1	99.9271	99.9396	0.9558	0.9800	0.00527	55	0.9925	330	0.070	0.9963	99.8274	99.9673	0.0498	4.64	AlfI:99.96,AloI:99.97,BcgI:99.92,FalI:99.93	8142	55	7071	1048	128.07272727272726	ok	99.9271	gamma	99.8589	ok
NC_011353.1	NZ_CP038344.1	99.9167	99.9307	0.9440	0.9760	0.00567	52	0.9928	289	0.070	0.9958	99.8305	99.9554	0.0577	3.63	AlfI:99.91,AloI:99.97,BcgI:99.94,FalI:99.95	7899	52	7009	951	133.92307692307693	ok	99.9167	gamma	99.8619	ok
NC_011353.1	NZ_CP038346.1	99.9417	99.9499	0.9613	0.9597	0.00479	55	0.9926	468	0.070	0.9970	99.8580	99.9725	0.0455	3.42	AlfI:99.96,AloI:99.98,BcgI:99.94,FalI:99.94	8163	55	7082	1050	129.92727272727274	ok	99.9417	gamma	99.8865	ok
NC_011353.1	NZ_CP038349.1	99.9408	99.9486	0.9372	0.9742	0.00490	48	0.9934	274	0.070	0.9969	99.8650	99.9692	0.0185	0.75	AlfI:99.96,AloI:99.96,BcgI:99.94,FalI:99.94	7979	48	6961	1048	144.33333333333334	ok	99.9408	gamma	99.8930	ok
NC_011353.1	NZ_CP038351.1	99.9263	99.9384	0.9591	0.9744	0.00532	59	0.9920	451	0.070	0.9963	99.8346	99.9639	0.0143	0.31	AlfI:99.94,AloI:99.95,BcgI:99.93,FalI:99.94	8272	59	7083	1048	121.23728813559322	ok	99.9263	gamma	99.8655	ok
NC_011353.1	NZ_CP038353.1	99.9873	99.9878	0.9718	0.9875	0.00235	45	0.9940	375	0.070	0.9993	99.9562	99.9955	0.0146	2.50	AlfI:99.99,AloI:99.99,BcgI:99.98,FalI:100.00	8144	45	7133	1052	159.3111111111111	ok	99.9873	gamma	99.9713	ok
NC_011353.1	NZ_CP038355.1	99.9214	99.9353	0.9534	0.9737	0.00547	56	0.9924	355	0.070	0.9961	99.8245	99.9626	0.0225	0.27	AlfI:99.94,AloI:99.95,BcgI:99.93,FalI:99.93	8039	56	7051	1050	126.14285714285714	ok	99.9214	gamma	99.8564	ok
NC_011353.1	NZ_CP038357.1	99.9232	99.9376	0.9555	0.9743	0.00537	59	0.9919	387	0.070	0.9962	99.8130	99.9683	0.0295	1.87	AlfI:99.95,AloI:99.95,BcgI:99.93,FalI:99.94	8153	59	7058	929	119.55932203389831	ok	99.9232	gamma	99.8459	ok
NC_011353.1	NZ_CP038360.1	99.9727	99.9748	0.9633	0.9766	0.00339	40	0.9946	283	0.070	0.9985	99.9140	99.9897	0.0211	1.11	AlfI:99.98,AloI:99.96,BcgI:99.97,FalI:99.97	8000	40	7086	1051	176.275	ok	99.9727	gamma	99.9358	ok
NC_011353.1	NZ_CP038366.1	99.9254	99.9369	0.9690	0.9799	0.00537	50	0.9934	345	0.070	0.9962	99.8449	99.9596	0.0499	4.86	AlfI:99.94,AloI:99.98,BcgI:99.93,FalI:99.94	8103	50	7127	1047	142.52	ok	99.9254	gamma	99.8747	ok
NC_011353.1	NZ_CP038372.1	99.9181	99.9337	0.9588	0.9749	0.00552	66	0.9911	565	0.070	0.9960	99.8091	99.9644	0.0496	3.75	AlfI:99.95,AloI:99.97,BcgI:99.92,FalI:99.92	8401	66	7087	1048	109.51515151515152	ok	99.9181	gamma	99.8423	ok
NC_011353.1	NZ_CP038402.1	99.9276	99.9390	0.9471	0.9632	0.00532	56	0.9923	390	0.070	0.9963	99.8421	99.9629	0.0272	0.85	AlfI:99.95,AloI:99.95,BcgI:99.94,FalI:99.92	7995	56	6998	928	125.5	ok	99.9276	gamma	99.8724	ok
NC_011353.1	NZ_CP038414.1	99.9488	99.9539	0.9519	0.9713	0.00461	53	0.9928	452	0.070	0.9972	99.8970	99.9679	0.0351	1.33	AlfI:99.96,AloI:99.97,BcgI:99.95,FalI:99.94	8129	53	7042	951	134.18867924528303	ok	99.9488	gamma	99.9212	ok
NC_011353.1	NZ_CP038416.1	99.9626	99.9665	0.9613	0.9705	0.00392	43	0.9942	312	0.070	0.9980	99.8883	99.9857	0.0188	0.79	AlfI:99.97,AloI:99.98,BcgI:99.96,FalI:99.97	8008	43	7083	1051	164.27906976744185	ok	99.9626	gamma	99.9134	ok
NC_011353.1	NZ_CP039834.1	99.9373	99.9462	0.9588	0.9817	0.00497	52	0.9930	364	0.070	0.9967	99.8578	99.9679	0.0308	1.66	AlfI:99.95,AloI:99.97,BcgI:99.94,FalI:99.96	8099	52	7074	1050	136.6153846153846	ok	99.9373	gamma	99.8863	ok
NC_011353.1	NZ_CP062778.1	99.9190	99.9339	0.9540	0.9649	0.00553	60	0.9918	377	0.070	0.9960	99.8174	99.9625	0.0256	0.66	AlfI:99.94,AloI:99.95,BcgI:99.93,FalI:99.93	8055	60	7048	1047	117.71666666666667	ok	99.9190	gamma	99.8500	ok
NC_011353.1	NZ_CP062700.1	99.9201	99.9343	0.9540	0.9693	0.00551	52	0.9929	317	0.070	0.9960	99.8220	99.9620	0.0290	0.71	AlfI:99.94,AloI:99.95,BcgI:99.93,FalI:99.93	7989	52	7045	1047	134.98076923076923	ok	99.9201	gamma	99.8541	ok
NC_011353.1	NZ_CP062702.1	99.9538	99.9584	0.9391	0.9659	0.00441	52	0.9928	379	0.070	0.9975	99.8979	99.9732	0.0125	0.29	AlfI:99.96,AloI:99.97,BcgI:99.96,FalI:99.96	7974	52	6937	951	134.48076923076923	ok	99.9538	gamma	99.9221	ok
NC_011353.1	NZ_CP062705.1	99.9266	99.9398	0.9652	0.9797	0.00526	58	0.9923	484	0.070	0.9963	99.8210	99.9691	0.0485	1.75	AlfI:99.94,AloI:99.97,BcgI:99.94,FalI:99.92	8196	58	7099	1048	123.53448275862068	ok	99.9266	gamma	99.8531	ok
NC_011353.1	NZ_CP062708.1	99.9300	99.9421	0.9652	0.9797	0.00515	58	0.9923	484	0.070	0.9965	99.8280	99.9703	0.0399	1.45	AlfI:99.95,AloI:99.97,BcgI:99.94,FalI:99.93	8198	58	7099	1048	123.58620689655173	ok	99.9300	gamma	99.8595	ok
NC_011353.1	NZ_CP062711.1	99.9332	99.9448	0.9606	0.9817	0.00504	57	0.9923	484	0.070	0.9966	99.8276	99.9736	0.0428	3.43	AlfI:99.95,AloI:99.98,BcgI:99.94,FalI:99.94	8177	57	7081	1048	125.45614035087719	ok	99.9332	gamma	99.8591	ok
NC_011353.1	NZ_CP062713.1	99.9325	99.9443	0.9606	0.9819	0.00506	57	0.9923	484	0.070	0.9966	99.8253	99.9736	0.0437	3.54	AlfI:99.95,AloI:99.98,BcgI:99.94,FalI:99.94	8177	57	7081	1048	125.43859649122807	ok	99.9325	gamma	99.8570	ok
NC_011353.1	NZ_CP062715.1	99.9336	99.9450	0.9574	0.9797	0.00504	61	0.9917	501	0.070	0.9967	99.8292	99.9735	0.0301	1.26	AlfI:99.95,AloI:99.97,BcgI:99.94,FalI:99.94	8155	61	7049	1049	116.9672131147541	ok	99.9336	gamma	99.8606	ok
NC_011353.1	NZ_CP062717.1	99.9332	99.9447	0.9611	0.9798	0.00504	60	0.9919	497	0.070	0.9966	99.8275	99.9736	0.0300	1.21	AlfI:99.95,AloI:99.97,BcgI:99.94,FalI:99.94	8184	60	7079	1049	119.33333333333333	ok	99.9332	gamma	99.8591	ok
NC_011353.1	NZ_CP062719.1	99.9324	99.9439	0.9637	0.9738	0.00508	59	0.9920	491	0.070	0.9966	99.8301	99.9719	0.0245	0.84	AlfI:99.95,AloI:99.96,BcgI:99.94,FalI:99.94	8183	59	7090	1049	121.45762711864407	ok	99.9324	gamma	99.8614	ok
NC_011353.1	NZ_CP062721.1	99.9305	99.9425	0.9637	0.9738	0.00514	60	0.9919	495	0.070	0.9965	99.8278	99.9708	0.0256	1.01	AlfI:99.95,AloI:99.96,BcgI:99.94,FalI:99.94	8183	60	7090	1049	119.48333333333333	ok	99.9305	gamma	99.8593	ok
NC_011353.1	NZ_CP062723.1	99.9320	99.9443	0.9611	0.9802	0.00507	60	0.9919	497	0.070	0.9966	99.8205	99.9748	0.0300	1.26	AlfI:99.95,AloI:99.97,BcgI:99.94,FalI:99.94	8180	60	7079	1048	119.26666666666667	ok	99.9320	gamma	99.8527	ok
NC_011353.1	NZ_CP062725.1	99.9328	99.9447	0.9611	0.9807	0.00504	63	0.9915	546	0.070	0.9966	99.8229	99.9748	0.0300	1.21	AlfI:99.95,AloI:99.97,BcgI:99.94,FalI:99.94	8246	63	7079	1048	114.33333333333333	ok	99.9328	gamma	99.8548	ok
NC_011353.1	NZ_CP062727.1	99.9365	99.9471	0.9635	0.9814	0.00493	57	0.9923	495	0.070	0.9968	99.8325	99.9754	0.0280	1.22	AlfI:99.95,AloI:99.97,BcgI:99.94,FalI:99.94	8188	57	7090	1049	125.78947368421052	ok	99.9365	gamma	99.8635	ok
NC_011353.1	NZ_CP062729.1	99.9351	99.9461	0.9610	0.9803	0.00498	60	0.9919	496	0.070	0.9967	99.8299	99.9748	0.0354	1.93	AlfI:99.95,AloI:99.97,BcgI:99.94,FalI:99.94	8182	60	7079	1049	119.33333333333333	ok	99.9351	gamma	99.8612	ok
NC_011353.1	NZ_CP062780.1	99.9330	99.9447	0.9611	0.9797	0.00504	60	0.9919	497	0.070	0.9966	99.8252	99.9742	0.0300	1.21	AlfI:99.95,AloI:99.97,BcgI:99.94,FalI:99.94	8182	60	7079	1049	119.31666666666666	ok	99.9330	gamma	99.8570	ok
NC_011353.1	NZ_CP062731.1	99.9337	99.9452	0.9611	0.9797	0.00502	60	0.9919	497	0.070	0.9967	99.8275	99.9742	0.0290	1.13	AlfI:99.95,AloI:99.97,BcgI:99.94,FalI:99.94	8182	60	7079	1049	119.33333333333333	ok	99.9337	gamma	99.8591	ok
NC_011353.1	NZ_CP062733.1	99.9351	99.9461	0.9611	0.9792	0.00498	60	0.9919	498	0.070	0.9967	99.8299	99.9748	0.0354	1.93	AlfI:99.95,AloI:99.97,BcgI:99.94,FalI:99.94	8181	60	7079	1049	119.35	ok	99.9351	gamma	99.8612	ok
NC_011353.1	NZ_CP062739.1	99.9351	99.9461	0.9611	0.9777	0.00498	64	0.9916	896	0.070	0.9967	99.8299	99.9748	0.0354	1.93	AlfI:99.95,AloI:99.97,BcgI:99.94,FalI:99.94	8426	64	7079	1049	115.359375	ok	99.9351	gamma	99.8612	ok
NC_011353.1	NZ_CP062736.1	99.9337	99.9452	0.9611	0.9792	0.00502	60	0.9919	497	0.070	0.9967	99.8275	99.9742	0.0290	1.13	AlfI:99.95,AloI:99.97,BcgI:99.94,FalI:99.94	8182	60	7079	1049	119.33333333333333	ok	99.9337	gamma	99.8591	ok
NC_011353.1	NZ_CP062742.1	99.9342	99.9457	0.9635	0.9814	0.00499	57	0.9923	491	0.070	0.9967	99.8255	99.9754	0.0281	1.05	AlfI:99.95,AloI:99.97,BcgI:99.94,FalI:99.94	8189	57	7090	1049	125.70175438596492	ok	99.9342	gamma	99.8572	ok
NC_011353.1	NZ_CP062744.1	99.9343	99.9457	0.9611	0.9797	0.00500	60	0.9919	496	0.070	0.9967	99.8275	99.9748	0.0364	2.03	AlfI:99.95,AloI:99.97,BcgI:99.94,FalI:99.94	8181	60	7079	1049	119.33333333333333	ok	99.9343	gamma	99.8591	ok
NC_011353.1	NZ_CP062746.1	99.9343	99.9457	0.9611	0.9798	0.00500	60	0.9919	496	0.070	0.9967	99.8275	99.9748	0.0364	2.03	AlfI:99.95,AloI:99.97,BcgI:99.94,FalI:99.94	8181	60	7079	1049	119.31666666666666	ok	99.9343	gamma	99.8591	ok
NC_011353.1	NZ_CP062749.1	99.9355	99.9467	0.9637	0.9804	0.00495	59	0.9920	492	0.070	0.9968	99.8278	99.9759	0.0300	1.51	AlfI:99.96,AloI:99.97,BcgI:99.94,FalI:99.94	8172	59	7090	1049	121.40677966101696	ok	99.9355	gamma	99.8593	ok
NC_011353.1	NZ_CP062752.1	99.9313	99.9434	0.9608	0.9792	0.00511	61	0.9918	498	0.070	0.9966	99.8252	99.9725	0.0319	1.34	AlfI:99.95,AloI:99.97,BcgI:99.94,FalI:99.94	8181	61	7079	1049	117.34426229508196	ok	99.9313	gamma	99.8570	ok
NC_011353.1	NZ_CP062755.1	99.9368	99.9472	0.9637	0.9810	0.00493	58	0.9922	499	0.070	0.9968	99.8348	99.9748	0.0492	6.02	AlfI:99.95,AloI:99.99,BcgI:99.94,FalI:99.94	8185	58	7090	1049	123.62068965517241	ok	99.9368	gamma	99.8656	ok
NC_011353.1	NZ_CP062761.1	99.9425	99.9510	0.9570	0.9797	0.00475	57	0.9923	490	0.070	0.9970	99.8502	99.9758	0.0316	1.69	AlfI:99.96,AloI:99.97,BcgI:99.94,FalI:99.95	8162	57	7048	1049	125.12280701754386	ok	99.9425	gamma	99.8796	ok
NC_011353.1	NZ_CP062758.1	99.9339	99.9453	0.9629	0.9802	0.00502	57	0.9923	491	0.070	0.9967	99.8277	99.9742	0.0374	2.15	AlfI:99.95,AloI:99.97,BcgI:99.94,FalI:99.94	8184	57	7087	1049	125.63157894736842	ok	99.9339	gamma	99.8592	ok
NC_011353.1	NZ_CP062763.1	99.9370	99.9469	0.9581	0.9792	0.00495	58	0.9922	492	0.070	0.9968	99.8410	99.9730	0.0392	2.61	AlfI:99.96,AloI:99.97,BcgI:99.93,FalI:99.95	8173	58	7056	1049	123.06896551724138	ok	99.9370	gamma	99.8713	ok
NC_011353.1	NZ_CP062766.1	99.9341	99.9453	0.9636	0.9807	0.00501	62	0.9917	542	0.070	0.9967	99.8301	99.9737	0.0364	2.01	AlfI:99.95,AloI:99.97,BcgI:99.94,FalI:99.94	8256	62	7090	1049	116.3225806451613	ok	99.9341	gamma	99.8614	ok
NC_011353.1	NZ_CP062782.1	99.9317	99.9436	0.9681	0.9789	0.00509	62	0.9918	530	0.070	0.9966	99.8283	99.9720	0.0440	2.08	AlfI:99.95,AloI:99.97,BcgI:99.94,FalI:99.92	8262	62	7108	1049	116.45161290322581	ok	99.9317	gamma	99.8597	ok
NC_011353.1	NZ_CP062769.1	99.9372	99.9473	0.9529	0.9744	0.00493	48	0.9935	384	0.070	0.9968	99.8385	99.9741	0.0355	1.97	AlfI:99.95,AloI:99.97,BcgI:99.94,FalI:99.95	8029	48	7048	1049	146.91666666666666	ok	99.9372	gamma	99.8690	ok
NC_011353.1	NZ_CP062771.1	99.9348	99.9462	0.9635	0.9812	0.00497	57	0.9923	495	0.070	0.9967	99.8255	99.9759	0.0207	0.61	AlfI:99.95,AloI:99.96,BcgI:99.94,FalI:99.94	8185	57	7090	1049	125.73684210526316	ok	99.9348	gamma	99.8572	ok
NC_011353.1	NZ_CP062774.1	99.9250	99.9389	0.9654	0.9773	0.00530	63	0.9916	504	0.070	0.9963	99.8163	99.9691	0.0260	1.06	AlfI:99.95,AloI:99.95,BcgI:99.93,FalI:99.92	8196	63	7097	1049	113.92063492063492	ok	99.9250	gamma	99.8489	ok
NC_013008.1	NZ_CP008957.1	99.9302	99.9422	0.9658	0.9799	0.00517	64	0.9913	553	0.070	0.9965	99.8268	99.9706	0.0256	0.80	AlfI:99.95,AloI:99.96,BcgI:99.94,FalI:99.94	8205	64	7046	930	111.84375	ok	99.9302	gamma	99.8584	ok
NC_013008.1	NZ_CP010304.1	99.9864	99.9864	0.9843	0.9886	0.00249	49	0.9935	440	inf	0.9992	99.9630	99.9921	0.0192	0.62	AlfI:99.99,AloI:99.98,BcgI:99.98,FalI:100.00	8121	49	7114	1145	147.26530612244898	ok	99.9864	uniform	99.9768	ok
NC_013008.1	NZ_CP015832.1	99.9352	99.9444	0.9449	0.9300	0.00512	48	0.9932	382	0.070	0.9966	99.8565	99.9659	0.0184	0.73	AlfI:99.95,AloI:99.95,BcgI:99.94,FalI:99.96	7904	48	6897	951	144.54166666666666	ok	99.9352	gamma	99.8855	ok
NC_013008.1	NZ_CP015831.1	99.9346	99.9438	0.9540	0.9622	0.00513	45	0.9938	625	0.070	0.9966	99.8575	99.9650	0.0232	0.88	AlfI:99.95,AloI:99.95,BcgI:99.94,FalI:99.96	8152	45	6944	951	157.48888888888888	ok	99.9346	gamma	99.8863	ok
NC_013008.1	NZ_CP018237.1	99.9456	99.9529	0.9542	0.9701	0.00469	63	0.9914	454	0.070	0.9971	99.8652	99.9744	0.0329	2.37	AlfI:99.95,AloI:99.98,BcgI:99.95,FalI:99.96	8067	63	6969	1118	112.36507936507937	ok	99.9456	gamma	99.8931	ok
NC_013008.1	NZ_CP018239.1	99.9604	99.9646	0.9738	0.9847	0.00403	43	0.9942	315	0.070	0.9979	99.8881	99.9834	0.0195	0.75	AlfI:99.96,AloI:99.98,BcgI:99.96,FalI:99.96	7983	43	7071	1119	164.4418604651163	ok	99.9604	gamma	99.9133	ok
NC_013008.1	NZ_CP018245.1	99.9297	99.9409	0.9719	0.9801	0.00522	54	0.9927	378	0.070	0.9964	99.8388	99.9661	0.0462	3.31	AlfI:99.95,AloI:99.97,BcgI:99.93,FalI:99.94	8002	54	7058	1118	131.40740740740742	ok	99.9297	gamma	99.8692	ok
NC_013008.1	NZ_CP018243.1	99.9518	99.9564	0.9495	0.9756	0.00452	49	0.9932	337	0.070	0.9974	99.9001	99.9702	0.0064	0.07	AlfI:99.95,AloI:99.96,BcgI:99.96,FalI:99.96	7870	49	6927	1118	142	ok	99.9518	gamma	99.9240	ok
NC_013008.1	NZ_CP018252.2	99.9434	99.9519	0.9685	0.9784	0.00471	63	0.9915	501	0.070	0.9971	99.8478	99.9775	0.0344	2.27	AlfI:99.95,AloI:99.98,BcgI:99.95,FalI:99.95	8139	63	7044	1052	113.66666666666667	ok	99.9434	gamma	99.8774	ok
NC_013008.1	NZ_CP018247.1	99.9430	99.9499	0.9582	0.9777	0.00482	47	0.9936	314	0.070	0.9970	99.8775	99.9676	0.0269	0.48	AlfI:99.95,AloI:99.96,BcgI:99.95,FalI:99.93	7900	47	6998	1053	148.87234042553192	ok	99.9430	gamma	99.9040	ok
NC_013008.1	NZ_CP018241.1	99.9536	99.9580	0.9528	0.9671	0.00443	48	0.9934	309	0.070	0.9974	99.9028	99.9715	0.0272	1.41	AlfI:99.95,AloI:99.98,BcgI:99.96,FalI:99.96	7867	48	6947	1118	145.10416666666666	ok	99.9536	gamma	99.9263	ok
NC_013008.1	NZ_CP018250.1	99.9416	99.9495	0.9600	0.9799	0.00484	51	0.9931	381	0.070	0.9969	99.8637	99.9706	0.0243	0.98	AlfI:99.95,AloI:99.97,BcgI:99.94,FalI:99.96	7987	51	7016	914	138.31372549019608	ok	99.9416	gamma	99.8917	ok
NC_013008.1	NZ_CP038282.1	99.9475	99.9529	0.9658	0.9863	0.00467	54	0.9927	415	0.070	0.9971	99.8944	99.9672	0.0136	0.14	AlfI:99.95,AloI:99.96,BcgI:99.95,FalI:99.95	8020	54	7025	1052	131.46296296296296	ok	99.9475	gamma	99.9189	ok
NC_013008.1	NZ_CP038284.1	99.9325	99.9434	0.9644	0.9724	0.00512	54	0.9926	395	0.070	0.9966	99.8379	99.9694	0.0113	0.12	AlfI:99.95,AloI:99.94,BcgI:99.94,FalI:99.93	8041	54	7019	1052	130.77777777777777	ok	99.9325	gamma	99.8685	ok
NC_013008.1	NZ_CP038290.1	99.9103	99.9283	0.9702	0.9663	0.00576	45	0.9938	278	0.070	0.9956	99.8011	99.9596	0.0420	1.51	AlfI:99.94,AloI:99.95,BcgI:99.92,FalI:99.91	7964	45	7051	1050	155.11111111111111	ok	99.9103	gamma	99.8351	ok
NC_013008.1	NZ_CP038292.1	99.9299	99.9407	0.9650	0.9740	0.00524	56	0.9924	384	0.070	0.9964	99.8451	99.9642	0.0088	0.11	AlfI:99.94,AloI:99.94,BcgI:99.94,FalI:99.93	8035	56	7028	1051	126.57142857142857	ok	99.9299	gamma	99.8750	ok
NC_013008.1	NZ_CP038300.1	99.9326	99.9430	0.9652	0.9751	0.00513	58	0.9921	438	0.070	0.9965	99.8452	99.9671	0.0139	0.12	AlfI:99.94,AloI:99.95,BcgI:99.94,FalI:99.93	8088	58	7031	1052	122.60344827586206	ok	99.9326	gamma	99.8751	ok
NC_013008.1	NZ_CP038302.1	99.9353	99.9451	0.9603	0.9509	0.00505	60	0.9918	450	0.070	0.9967	99.8469	99.9693	0.0156	0.36	AlfI:99.94,AloI:99.94,BcgI:99.95,FalI:99.93	8067	60	7002	929	118.1	ok	99.9353	gamma	99.8767	ok
NC_013008.1	NZ_CP038309.1	99.9363	99.9457	0.9611	0.9587	0.00502	44	0.9940	333	0.070	0.9967	99.8517	99.9688	0.0055	0.08	AlfI:99.94,AloI:99.95,BcgI:99.95,FalI:99.94	8012	44	7006	1032	158.47727272727272	ok	99.9363	gamma	99.8810	ok
NC_013008.1	NZ_CP038319.1	99.9657	99.9685	0.9589	0.9866	0.00382	53	0.9928	390	0.070	0.9981	99.9130	99.9821	0.0193	1.07	AlfI:99.96,AloI:99.97,BcgI:99.97,FalI:99.98	8063	53	7003	1053	133.96226415094338	ok	99.9657	gamma	99.9351	ok
NC_013008.1	NZ_CP038333.1	99.9299	99.9414	0.9604	0.9633	0.00522	56	0.9924	403	0.070	0.9964	99.8352	99.9676	0.0151	0.42	AlfI:99.93,AloI:99.95,BcgI:99.95,FalI:99.94	8027	56	7005	1051	126.30357142857143	ok	99.9299	gamma	99.8661	ok
NC_013008.1	NZ_CP038339.1	99.9661	99.9692	0.9735	0.9746	0.00376	45	0.9939	341	0.070	0.9981	99.9021	99.9857	0.0133	0.48	AlfI:99.97,AloI:99.98,BcgI:99.97,FalI:99.97	8011	45	7067	1052	157.51111111111112	ok	99.9661	gamma	99.9255	ok
NC_013008.1	NZ_CP038342.1	99.9316	99.9427	0.9662	0.9797	0.00515	56	0.9923	354	0.070	0.9965	99.8361	99.9689	0.0443	3.37	AlfI:99.96,AloI:99.97,BcgI:99.93,FalI:99.94	8118	56	7045	1050	125.85714285714286	ok	99.9316	gamma	99.8669	ok
NC_013008.1	NZ_CP038344.1	99.9261	99.9371	0.9546	0.9762	0.00541	53	0.9927	309	0.070	0.9962	99.8489	99.9588	0.0525	3.32	AlfI:99.92,AloI:99.97,BcgI:99.94,FalI:99.95	7884	53	6985	951	131.52830188679246	ok	99.9261	gamma	99.8785	ok
NC_013008.1	NZ_CP038346.1	99.9459	99.9530	0.9717	0.9595	0.00465	56	0.9924	462	0.070	0.9971	99.8668	99.9742	0.0414	2.43	AlfI:99.96,AloI:99.98,BcgI:99.95,FalI:99.94	8126	56	7057	1052	127.53571428571429	ok	99.9459	gamma	99.8944	ok
NC_013008.1	NZ_CP038349.1	99.9370	99.9459	0.9521	0.9739	0.00503	52	0.9928	316	0.070	0.9967	99.8581	99.9674	0.0233	0.93	AlfI:99.95,AloI:99.96,BcgI:99.94,FalI:99.95	7996	52	6970	1050	133.96153846153845	ok	99.9370	gamma	99.8868	ok
NC_013008.1	NZ_CP038351.1	99.9302	99.9410	0.9701	0.9747	0.00522	61	0.9918	478	0.070	0.9964	99.8435	99.9650	0.0091	0.07	AlfI:99.94,AloI:99.95,BcgI:99.94,FalI:99.94	8243	61	7059	1050	117.44262295081967	ok	99.9302	gamma	99.8735	ok
NC_013008.1	NZ_CP038353.1	99.9914	99.9914	0.9828	0.9877	0.00198	46	0.9939	407	inf	0.9995	99.9676	99.9972	0.0112	0.24	AlfI:99.99,AloI:99.99,BcgI:99.99,FalI:100.00	8144	46	7109	1148	156.3695652173913	ok	99.9914	uniform	99.9804	ok
NC_013008.1	NZ_CP038355.1	99.9274	99.9388	0.9643	0.9745	0.00532	55	0.9925	358	0.070	0.9963	99.8427	99.9625	0.0183	0.20	AlfI:99.94,AloI:99.95,BcgI:99.94,FalI:99.93	8000	55	7027	1052	128.3090909090909	ok	99.9274	gamma	99.8729	ok
NC_013008.1	NZ_CP038357.1	99.9288	99.9412	0.9664	0.9746	0.00522	60	0.9918	406	0.070	0.9964	99.8264	99.9694	0.0230	1.11	AlfI:99.95,AloI:99.95,BcgI:99.93,FalI:99.94	8130	60	7034	929	117.68333333333334	ok	99.9288	gamma	99.8582	ok
NC_013008.1	NZ_CP038360.1	99.9775	99.9775	0.9755	0.9769	0.00321	42	0.9943	319	inf	0.9986	99.9254	99.9903	0.0197	0.67	AlfI:99.98,AloI:99.96,BcgI:99.98,FalI:99.97	8001	42	7069	1081	168.47619047619048	ok	99.9775	uniform	99.9457	ok
NC_013008.1	NZ_CP038366.1	99.9340	99.9431	0.9776	0.9777	0.00511	51	0.9931	376	0.070	0.9965	99.8603	99.9634	0.0444	4.73	AlfI:99.94,AloI:99.98,BcgI:99.94,FalI:99.97	8055	51	7084	1049	139.66666666666666	ok	99.9340	gamma	99.8886	ok
NC_013008.1	NZ_CP038372.1	99.9228	99.9366	0.9671	0.9752	0.00541	64	0.9914	523	0.070	0.9962	99.8198	99.9654	0.0434	2.89	AlfI:99.95,AloI:99.97,BcgI:99.92,FalI:99.93	8325	64	7049	1050	112.15625	ok	99.9228	gamma	99.8521	ok
NC_013008.1	NZ_CP038402.1	99.9284	99.9395	0.9614	0.9635	0.00530	55	0.9925	390	0.070	0.9963	99.8445	99.9629	0.0228	0.57	AlfI:99.95,AloI:99.95,BcgI:99.94,FalI:99.93	7968	55	6999	928	127.81818181818181	ok	99.9284	gamma	99.8745	ok
NC_013008.1	NZ_CP038414.1	99.9527	99.9570	0.9627	0.9716	0.00446	52	0.9930	435	0.070	0.9974	99.9061	99.9695	0.0309	0.83	AlfI:99.96,AloI:99.97,BcgI:99.96,FalI:99.94	8091	52	7018	951	136.51923076923077	ok	99.9527	gamma	99.9291	ok
NC_013008.1	NZ_CP038416.1	99.9649	99.9683	0.9735	0.9708	0.00381	46	0.9938	359	0.070	0.9981	99.8974	99.9857	0.0141	0.45	AlfI:99.97,AloI:99.98,BcgI:99.97,FalI:99.97	8014	46	7066	1053	154.2173913043478	ok	99.9649	gamma	99.9214	ok
NC_013008.1	NZ_CP039834.1	99.9417	99.9493	0.9692	0.9815	0.00484	51	0.9931	375	0.070	0.9969	99.8690	99.9690	0.0252	1.35	AlfI:99.95,AloI:99.97,BcgI:99.94,FalI:99.97	8065	51	7048	1052	139.1764705882353	ok	99.9417	gamma	99.8964	ok
NC_013008.1	NZ_CP062778.1	99.9254	99.9378	0.9643	0.9647	0.00537	65	0.9911	423	0.070	0.9962	99.8332	99.9636	0.0205	0.36	AlfI:99.94,AloI:99.95,BcgI:99.94,FalI:99.93	8046	65	7022	1049	109.18461538461538	ok	99.9254	gamma	99.8643	ok
NC_013008.1	NZ_CP062700.1	99.9264	99.9383	0.9644	0.9690	0.00535	57	0.9922	366	0.070	0.9963	99.8379	99.9630	0.0249	0.41	AlfI:99.94,AloI:99.95,BcgI:99.94,FalI:99.93	7982	57	7019	1049	123.70175438596492	ok	99.9264	gamma	99.8685	ok
NC_013008.1	NZ_CP062702.1	99.9498	99.9551	0.9542	0.9657	0.00458	52	0.9929	381	0.070	0.9973	99.8909	99.9709	0.0168	0.79	AlfI:99.95,AloI:99.97,BcgI:99.95,FalI:99.97	7952	52	6946	951	134.6153846153846	ok	99.9498	gamma	99.9159	ok
NC_013008.1	NZ_CP062705.1	99.9384	99.9483	0.9706	0.9752	0.00489	58	0.9922	478	0.070	0.9969	99.8387	99.9753	0.0372	2.74	AlfI:99.95,AloI:99.98,BcgI:99.94,FalI:99.95	8138	58	7054	1050	123.17241379310344	ok	99.9384	gamma	99.8692	ok
NC_013008.1	NZ_CP062708.1	99.9391	99.9488	0.9706	0.9752	0.00486	58	0.9922	478	0.070	0.9969	99.8410	99.9753	0.0362	2.65	AlfI:99.95,AloI:99.98,BcgI:99.94,FalI:99.95	8138	58	7054	1050	123.1896551724138	ok	99.9391	gamma	99.8713	ok
NC_013008.1	NZ_CP062711.1	99.9391	99.9488	0.9706	0.9814	0.00486	58	0.9922	478	0.070	0.9969	99.8410	99.9753	0.0362	2.65	AlfI:99.95,AloI:99.98,BcgI:99.94,FalI:99.95	8138	58	7054	1050	123.1896551724138	ok	99.9391	gamma	99.8713	ok
NC_013008.1	NZ_CP062713.1	99.9384	99.9483	0.9706	0.9817	0.00489	58	0.9922	478	0.070	0.9969	99.8387	99.9753	0.0372	2.74	AlfI:99.95,AloI:99.98,BcgI:99.94,FalI:99.95	8138	58	7054	1050	123.17241379310344	ok	99.9384	gamma	99.8692	ok
NC_013008.1	NZ_CP062715.1	99.9427	99.9513	0.9648	0.9784	0.00475	62	0.9916	493	0.070	0.9970	99.8495	99.9763	0.0280	1.19	AlfI:99.95,AloI:99.97,BcgI:99.95,FalI:99.95	8117	62	7014	1051	114.91935483870968	ok	99.9427	gamma	99.8790	ok
NC_013008.1	NZ_CP062717.1	99.9423	99.9510	0.9685	0.9785	0.00476	61	0.9917	489	0.070	0.9970	99.8478	99.9764	0.0279	1.19	AlfI:99.95,AloI:99.97,BcgI:99.95,FalI:99.95	8146	61	7044	1051	117.21311475409836	ok	99.9423	gamma	99.8774	ok
NC_013008.1	NZ_CP062719.1	99.9415	99.9502	0.9711	0.9735	0.00479	55	0.9926	451	0.070	0.9970	99.8504	99.9747	0.0224	0.67	AlfI:99.95,AloI:99.97,BcgI:99.95,FalI:99.95	8120	55	7055	1051	129.5090909090909	ok	99.9415	gamma	99.8797	ok
NC_013008.1	NZ_CP062721.1	99.9396	99.9488	0.9711	0.9735	0.00486	56	0.9924	455	0.070	0.9969	99.8480	99.9736	0.0236	0.78	AlfI:99.95,AloI:99.97,BcgI:99.94,FalI:99.94	8120	56	7055	1051	127.25	ok	99.9396	gamma	99.8776	ok
NC_013008.1	NZ_CP062723.1	99.9412	99.9505	0.9685	0.9788	0.00478	61	0.9917	489	0.070	0.9970	99.8408	99.9775	0.0279	1.22	AlfI:99.95,AloI:99.97,BcgI:99.95,FalI:99.95	8142	61	7044	1050	117.14754098360656	ok	99.9412	gamma	99.8711	ok
NC_013008.1	NZ_CP062725.1	99.9419	99.9510	0.9685	0.9787	0.00476	58	0.9922	489	0.070	0.9970	99.8431	99.9775	0.0279	1.20	AlfI:99.95,AloI:99.97,BcgI:99.95,FalI:99.95	8166	58	7044	1050	123.15517241379311	ok	99.9419	gamma	99.8732	ok
NC_013008.1	NZ_CP062727.1	99.9455	99.9534	0.9709	0.9795	0.00464	56	0.9924	478	0.070	0.9972	99.8527	99.9782	0.0260	1.07	AlfI:99.96,AloI:99.97,BcgI:99.95,FalI:99.95	8150	56	7055	1051	127.71428571428571	ok	99.9455	gamma	99.8818	ok
NC_013008.1	NZ_CP062729.1	99.9441	99.9524	0.9685	0.9790	0.00469	61	0.9917	488	0.070	0.9971	99.8502	99.9776	0.0334	2.17	AlfI:99.95,AloI:99.98,BcgI:99.95,FalI:99.95	8144	61	7044	1051	117.21311475409836	ok	99.9441	gamma	99.8795	ok
NC_013008.1	NZ_CP062780.1	99.9421	99.9510	0.9685	0.9784	0.00476	61	0.9917	489	0.070	0.9970	99.8455	99.9770	0.0279	1.19	AlfI:99.95,AloI:99.97,BcgI:99.95,FalI:99.95	8144	61	7044	1051	117.19672131147541	ok	99.9421	gamma	99.8753	ok
NC_013008.1	NZ_CP062731.1	99.9428	99.9515	0.9685	0.9784	0.00473	61	0.9917	489	0.070	0.9971	99.8478	99.9770	0.0269	1.12	AlfI:99.95,AloI:99.97,BcgI:99.95,FalI:99.95	8144	61	7044	1051	117.21311475409836	ok	99.9428	gamma	99.8774	ok
NC_013008.1	NZ_CP062733.1	99.9441	99.9524	0.9686	0.9779	0.00469	61	0.9917	490	0.070	0.9971	99.8502	99.9776	0.0334	2.17	AlfI:99.95,AloI:99.98,BcgI:99.95,FalI:99.95	8143	61	7044	1051	117.22950819672131	ok	99.9441	gamma	99.8795	ok
NC_013008.1	NZ_CP062739.1	99.9441	99.9524	0.9685	0.9764	0.00469	65	0.9915	888	0.070	0.9971	99.8502	99.9776	0.0334	2.17	AlfI:99.95,AloI:99.98,BcgI:99.95,FalI:99.95	8387	65	7044	1051	113.43076923076923	ok	99.9441	gamma	99.8795	ok
NC_013008.1	NZ_CP062736.1	99.9428	99.9515	0.9685	0.9778	0.00473	61	0.9917	489	0.070	0.9971	99.8478	99.9770	0.0269	1.12	AlfI:99.95,AloI:99.97,BcgI:99.95,FalI:99.95	8144	61	7044	1051	117.21311475409836	ok	99.9428	gamma	99.8774	ok
NC_013008.1	NZ_CP062742.1	99.9433	99.9520	0.9710	0.9801	0.00471	57	0.9923	479	0.070	0.9971	99.8457	99.9782	0.0260	1.06	AlfI:99.95,AloI:99.97,BcgI:99.95,FalI:99.95	8151	57	7055	1051	125.45614035087719	ok	99.9433	gamma	99.8755	ok
NC_013008.1	NZ_CP062744.1	99.9434	99.9519	0.9685	0.9784	0.00471	61	0.9917	488	0.070	0.9971	99.8478	99.9775	0.0344	2.27	AlfI:99.95,AloI:99.98,BcgI:99.95,FalI:99.95	8143	61	7044	1051	117.21311475409836	ok	99.9434	gamma	99.8774	ok
NC_013008.1	NZ_CP062746.1	99.9434	99.9519	0.9685	0.9785	0.00471	61	0.9917	488	0.070	0.9971	99.8478	99.9775	0.0344	2.27	AlfI:99.95,AloI:99.98,BcgI:99.95,FalI:99.95	8143	61	7044	1051	117.19672131147541	ok	99.9434	gamma	99.8774	ok
NC_013008.1	NZ_CP062749.1	99.9446	99.9529	0.9711	0.9785	0.00466	55	0.9926	452	0.070	0.9971	99.8480	99.9787	0.0279	1.28	AlfI:99.96,AloI:99.97,BcgI:99.95,FalI:99.95	8109	55	7055	1051	129.45454545454547	ok	99.9446	gamma	99.8776	ok
NC_013008.1	NZ_CP062752.1	99.9405	99.9496	0.9682	0.9779	0.00482	62	0.9916	490	0.070	0.9969	99.8455	99.9752	0.0298	1.36	AlfI:99.95,AloI:99.97,BcgI:99.94,FalI:99.95	8143	62	7044	1051	115.29032258064517	ok	99.9405	gamma	99.8753	ok
NC_013008.1	NZ_CP062755.1	99.9457	99.9534	0.9712	0.9795	0.00463	58	0.9922	487	0.070	0.9972	99.8551	99.9776	0.0472	9.61	AlfI:99.96,AloI:99.99,BcgI:99.95,FalI:99.95	8147	58	7055	1051	123.37931034482759	ok	99.9457	gamma	99.8839	ok
NC_013008.1	NZ_CP062761.1	99.9481	99.9551	0.9669	0.9794	0.00456	58	0.9921	483	0.070	0.9973	99.8638	99.9775	0.0241	0.92	AlfI:99.96,AloI:99.97,BcgI:99.95,FalI:99.96	8124	58	7021	1051	122.86206896551724	ok	99.9481	gamma	99.8918	ok
NC_013008.1	NZ_CP062758.1	99.9429	99.9515	0.9704	0.9789	0.00473	58	0.9922	483	0.070	0.9971	99.8480	99.9770	0.0353	2.38	AlfI:99.95,AloI:99.98,BcgI:99.95,FalI:99.95	8146	58	7052	1051	123.29310344827586	ok	99.9429	gamma	99.8776	ok
NC_013008.1	NZ_CP062763.1	99.9427	99.9509	0.9680	0.9789	0.00477	58	0.9921	480	0.070	0.9970	99.8545	99.9746	0.0317	1.65	AlfI:99.96,AloI:99.97,BcgI:99.94,FalI:99.96	8135	58	7029	1051	122.89655172413794	ok	99.9427	gamma	99.8835	ok
NC_013008.1	NZ_CP062766.1	99.9431	99.9516	0.9710	0.9787	0.00473	57	0.9923	482	0.070	0.9971	99.8504	99.9764	0.0343	2.30	AlfI:99.95,AloI:99.98,BcgI:99.95,FalI:99.95	8175	57	7055	1051	125.45614035087719	ok	99.9431	gamma	99.8797	ok
NC_013008.1	NZ_CP062782.1	99.9442	99.9525	0.9709	0.9723	0.00468	56	0.9924	473	0.070	0.9971	99.8504	99.9776	0.0279	1.24	AlfI:99.96,AloI:99.97,BcgI:99.95,FalI:99.95	8163	56	7055	1051	127.55357142857143	ok	99.9442	gamma	99.8797	ok
NC_013008.1	NZ_CP062769.1	99.9419	99.9504	0.9626	0.9742	0.00479	48	0.9935	370	0.070	0.9970	99.8520	99.9746	0.0299	1.36	AlfI:99.95,AloI:99.97,BcgI:99.94,FalI:99.95	7995	48	7021	1051	146.64583333333334	ok	99.9419	gamma	99.8812	ok
NC_013008.1	NZ_CP062771.1	99.9438	99.9525	0.9709	0.9794	0.00468	53	0.9928	455	0.070	0.9971	99.8457	99.9787	0.0186	0.45	AlfI:99.95,AloI:99.97,BcgI:99.95,FalI:99.95	8122	53	7055	1051	134.41509433962264	ok	99.9438	gamma	99.8755	ok
NC_013008.1	NZ_CP062774.1	99.9381	99.9482	0.9682	0.9728	0.00489	63	0.9915	496	0.070	0.9969	99.8361	99.9758	0.0252	0.87	AlfI:99.95,AloI:99.97,BcgI:99.94,FalI:99.95	8138	63	7044	1051	113.47619047619048	ok	99.9381	gamma	99.8669	ok
NZ_CP008957.1	NZ_CP010304.1	99.9316	99.9417	0.9761	0.9765	0.00517	63	0.9915	400	0.070	0.9965	99.8512	99.9640	0.0239	0.68	AlfI:99.95,AloI:99.96,BcgI:99.94,FalI:99.93	8145	63	7092	1110	113.36507936507937	ok	99.9316	gamma	99.8804	ok
NZ_CP008957.1	NZ_CP015832.1	99.9339	99.9453	0.9427	0.9188	0.00508	56	0.9921	408	0.070	0.9967	99.8280	99.9741	0.0356	2.36	AlfI:99.95,AloI:99.95,BcgI:99.93,FalI:99.97	8028	56	6907	944	124.16071428571429	ok	99.9339	gamma	99.8599	ok
NZ_CP008957.1	NZ_CP015831.1	99.9427	99.9508	0.9471	0.9479	0.00480	54	0.9926	673	0.070	0.9970	99.8575	99.9737	0.0381	4.13	AlfI:99.95,AloI:99.95,BcgI:99.94,FalI:99.98	8267	54	6940	944	131.85185185185185	ok	99.9427	gamma	99.8863	ok
NZ_CP008957.1	NZ_CP018237.1	99.9691	99.9691	0.9651	0.9683	0.00378	61	0.9918	468	inf	0.9981	99.9016	99.9856	0.0238	1.99	AlfI:99.96,AloI:99.97,BcgI:99.97,FalI:99.99	8269	61	7029	1111	117.44262295081967	ok	99.9691	uniform	99.9251	ok
NZ_CP008957.1	NZ_CP018239.1	99.9517	99.9577	0.9752	0.9805	0.00441	55	0.9925	358	0.070	0.9974	99.8719	99.9788	0.0209	0.67	AlfI:99.95,AloI:99.97,BcgI:99.96,FalI:99.96	8115	55	7076	1111	129.38181818181818	ok	99.9517	gamma	99.8989	ok
NZ_CP008957.1	NZ_CP018245.1	99.9331	99.9453	0.9752	0.9746	0.00502	61	0.9917	418	0.070	0.9967	99.8186	99.9765	0.0174	0.59	AlfI:99.95,AloI:99.96,BcgI:99.94,FalI:99.95	8195	61	7092	1110	117.26229508196721	ok	99.9331	gamma	99.8509	ok
NZ_CP008957.1	NZ_CP018243.1	99.9435	99.9519	0.9544	0.9674	0.00474	53	0.9927	326	0.070	0.9971	99.8509	99.9767	0.0175	0.52	AlfI:99.95,AloI:99.96,BcgI:99.95,FalI:99.96	7991	53	6966	1111	131.47169811320754	ok	99.9435	gamma	99.8804	ok
NZ_CP008957.1	NZ_CP018252.2	99.9567	99.9622	0.9697	0.9739	0.00417	69	0.9907	507	0.070	0.9977	99.8692	99.9851	0.0157	0.61	AlfI:99.96,AloI:99.97,BcgI:99.96,FalI:99.97	8263	69	7057	944	104.34782608695652	ok	99.9567	gamma	99.8965	ok
NZ_CP008957.1	NZ_CP018247.1	99.9436	99.9509	0.9607	0.9713	0.00477	54	0.9926	352	0.070	0.9970	99.8685	99.9712	0.0059	0.07	AlfI:99.95,AloI:99.95,BcgI:99.95,FalI:99.95	8069	54	7021	930	130.53703703703704	ok	99.9436	gamma	99.8960	ok
NZ_CP008957.1	NZ_CP018241.1	99.9542	99.9596	0.9614	0.9643	0.00433	49	0.9933	313	0.070	0.9975	99.8776	99.9798	0.0191	1.17	AlfI:99.96,AloI:99.97,BcgI:99.96,FalI:99.97	8039	49	7004	1111	143.10204081632654	ok	99.9542	gamma	99.9041	ok
NZ_CP008957.1	NZ_CP018250.1	99.9591	99.9638	0.9585	0.9751	0.00409	56	0.9923	368	0.070	0.9978	99.8801	99.9844	0.0179	0.79	AlfI:99.96,AloI:99.96,BcgI:99.96,FalI:99.98	8114	56	7009	916	126.03571428571429	ok	99.9591	gamma	99.9063	ok
NZ_CP008957.1	NZ_CP038282.1	99.9400	99.9492	0.9680	0.9796	0.00484	58	0.9921	384	0.070	0.9969	99.8457	99.9747	0.0142	0.16	AlfI:99.95,AloI:99.94,BcgI:99.95,FalI:99.96	8153	58	7054	944	122.60344827586206	ok	99.9400	gamma	99.8755	ok
NZ_CP008957.1	NZ_CP038284.1	99.9399	99.9490	0.9610	0.9684	0.00486	66	0.9910	443	0.070	0.9969	99.8473	99.9740	0.0153	0.22	AlfI:99.95,AloI:99.94,BcgI:99.95,FalI:99.94	8188	66	7020	930	107.86363636363636	ok	99.9399	gamma	99.8770	ok
NZ_CP008957.1	NZ_CP038290.1	99.9338	99.9455	0.9557	0.9550	0.00503	51	0.9930	276	0.070	0.9967	99.8234	99.9756	0.0389	1.15	AlfI:99.95,AloI:99.95,BcgI:99.95,FalI:99.91	8066	51	7004	930	136.35294117647058	ok	99.9338	gamma	99.8555	ok
NZ_CP008957.1	NZ_CP038292.1	99.9439	99.9518	0.9605	0.9662	0.00473	67	0.9909	427	0.070	0.9971	99.8590	99.9746	0.0073	0.05	AlfI:99.95,AloI:99.95,BcgI:99.95,FalI:99.96	8154	67	7015	930	106.1044776119403	ok	99.9439	gamma	99.8875	ok
NZ_CP008957.1	NZ_CP038300.1	99.9425	99.9509	0.9625	0.9652	0.00477	71	0.9904	479	0.070	0.9970	99.8522	99.9752	0.0092	0.07	AlfI:99.95,AloI:99.94,BcgI:99.95,FalI:99.95	8217	71	7026	930	100.78873239436619	ok	99.9425	gamma	99.8814	ok
NZ_CP008957.1	NZ_CP038302.1	99.9356	99.9458	0.9614	0.9471	0.00501	70	0.9905	489	0.070	0.9967	99.8427	99.9711	0.0400	1.24	AlfI:99.95,AloI:99.91,BcgI:99.95,FalI:99.93	8219	70	7025	930	102.15714285714286	ok	99.9356	gamma	99.8729	ok
NZ_CP008957.1	NZ_CP038309.1	99.9412	99.9498	0.9557	0.9448	0.00483	54	0.9926	311	0.070	0.9970	99.8517	99.9740	0.0174	0.31	AlfI:99.95,AloI:99.94,BcgI:99.95,FalI:99.94	8135	54	7005	930	129.38888888888889	ok	99.9412	gamma	99.8810	ok
NZ_CP008957.1	NZ_CP038319.1	99.9366	99.9458	0.9618	0.9788	0.00501	66	0.9910	401	0.070	0.9967	99.8545	99.9683	0.0240	1.05	AlfI:99.94,AloI:99.96,BcgI:99.94,FalI:99.97	8184	66	7027	930	107.96969696969697	ok	99.9366	gamma	99.8835	ok
NZ_CP008957.1	NZ_CP038333.1	99.9280	99.9407	0.9631	0.9641	0.00524	66	0.9910	465	0.070	0.9964	99.8241	99.9694	0.0138	0.19	AlfI:99.94,AloI:99.93,BcgI:99.94,FalI:99.93	8193	66	7033	930	108.15151515151516	ok	99.9280	gamma	99.8561	ok
NZ_CP008957.1	NZ_CP038339.1	99.9575	99.9619	0.9752	0.9705	0.00418	55	0.9926	363	0.070	0.9977	99.8929	99.9788	0.0103	0.29	AlfI:99.96,AloI:99.97,BcgI:99.96,FalI:99.97	8140	55	7076	944	129.47272727272727	ok	99.9575	gamma	99.9175	ok
NZ_CP008957.1	NZ_CP038342.1	99.9859	99.9864	0.9865	0.9857	0.00248	52	0.9931	456	0.070	0.9992	99.9608	99.9927	0.0104	0.77	AlfI:99.99,AloI:99.99,BcgI:99.98,FalI:99.98	8476	52	7141	1016	140	ok	99.9859	gamma	99.9750	ok
NZ_CP008957.1	NZ_CP038344.1	99.9266	99.9401	0.9604	0.9689	0.00527	56	0.9923	309	0.070	0.9964	99.8168	99.9705	0.0461	3.31	AlfI:99.92,AloI:99.96,BcgI:99.95,FalI:99.97	8011	56	7024	943	124.98214285714286	ok	99.9266	gamma	99.8495	ok
NZ_CP008957.1	NZ_CP038346.1	99.9629	99.9665	0.9742	0.9511	0.00392	62	0.9917	474	0.070	0.9980	99.8976	99.9834	0.0262	0.67	AlfI:99.97,AloI:99.97,BcgI:99.97,FalI:99.95	8298	62	7079	944	116.25806451612904	ok	99.9629	gamma	99.9216	ok
NZ_CP008957.1	NZ_CP038349.1	99.9769	99.9781	0.9752	0.9785	0.00316	47	0.9937	353	0.070	0.9987	99.9443	99.9863	0.0188	0.68	AlfI:99.98,AloI:99.97,BcgI:99.98,FalI:99.99	8296	47	7087	946	152.08510638297872	ok	99.9769	gamma	99.9616	ok
NZ_CP008957.1	NZ_CP038351.1	99.9818	99.9818	0.9786	0.9691	0.00288	63	0.9916	532	inf	0.9989	99.9421	99.9915	0.0167	1.44	AlfI:99.98,AloI:99.97,BcgI:99.98,FalI:99.99	8530	63	7113	1004	115.96825396825396	ok	99.9818	uniform	99.9598	ok
NZ_CP008957.1	NZ_CP038353.1	99.9345	99.9445	0.9770	0.9777	0.00505	62	0.9916	397	0.070	0.9966	99.8467	99.9686	0.0365	1.50	AlfI:99.95,AloI:99.97,BcgI:99.94,FalI:99.93	8218	62	7098	942	115.43548387096774	ok	99.9345	gamma	99.8763	ok
NZ_CP008957.1	NZ_CP038355.1	99.9371	99.9466	0.9602	0.9698	0.00497	64	0.9913	409	0.070	0.9968	99.8473	99.9711	0.0100	0.09	AlfI:99.95,AloI:99.95,BcgI:99.95,FalI:99.94	8148	64	7018	930	110.8125	ok	99.9371	gamma	99.8770	ok
NZ_CP008957.1	NZ_CP038357.1	99.9891	99.9891	0.9862	0.9802	0.00222	54	0.9929	530	inf	0.9993	99.9631	99.9955	0.0147	0.22	AlfI:99.99,AloI:99.99,BcgI:99.99,FalI:100.00	8508	54	7128	1016	135.24074074074073	ok	99.9891	uniform	99.9768	ok
NZ_CP008957.1	NZ_CP038360.1	99.9364	99.9452	0.9732	0.9727	0.00502	56	0.9924	354	0.070	0.9967	99.8601	99.9662	0.0222	0.69	AlfI:99.95,AloI:99.95,BcgI:99.94,FalI:99.93	8124	56	7069	944	126.67857142857143	ok	99.9364	gamma	99.8884	ok
NZ_CP008957.1	NZ_CP038366.1	99.9414	99.9495	0.9759	0.9714	0.00482	54	0.9927	363	0.070	0.9969	99.8603	99.9714	0.0341	3.12	AlfI:99.95,AloI:99.96,BcgI:99.94,FalI:99.98	8158	54	7083	943	131.72222222222223	ok	99.9414	gamma	99.8886	ok
NZ_CP008957.1	NZ_CP038372.1	99.9829	99.9836	0.9824	0.9803	0.00272	59	0.9922	542	0.070	0.9990	99.9492	99.9921	0.0136	1.12	AlfI:99.99,AloI:99.99,BcgI:99.98,FalI:99.98	8599	59	7127	1014	124.16949152542372	ok	99.9829	gamma	99.9656	ok
NZ_CP008957.1	NZ_CP038402.1	99.9316	99.9438	0.9607	0.9588	0.00511	63	0.9914	407	0.070	0.9966	99.8238	99.9734	0.0434	1.37	AlfI:99.95,AloI:99.94,BcgI:99.95,FalI:99.91	8099	63	7022	929	111.98412698412699	ok	99.9316	gamma	99.8558	ok
NZ_CP008957.1	NZ_CP038414.1	99.9562	99.9605	0.9722	0.9661	0.00426	61	0.9918	514	0.070	0.9976	99.8975	99.9760	0.0138	0.26	AlfI:99.96,AloI:99.96,BcgI:99.96,FalI:99.95	8294	61	7069	945	118.22950819672131	ok	99.9562	gamma	99.9215	ok
NZ_CP008957.1	NZ_CP038416.1	99.9569	99.9614	0.9751	0.9667	0.00421	56	0.9924	381	0.070	0.9977	99.8905	99.9788	0.0086	0.15	AlfI:99.96,AloI:99.97,BcgI:99.96,FalI:99.97	8143	56	7075	944	127.28571428571429	ok	99.9569	gamma	99.9154	ok
NZ_CP008957.1	NZ_CP039834.1	99.9598	99.9641	0.9710	0.9776	0.00406	59	0.9920	407	0.070	0.9978	99.8903	99.9822	0.0441	3.22	AlfI:99.96,AloI:99.94,BcgI:99.96,FalI:99.99	8248	59	7058	944	121.33898305084746	ok	99.9598	gamma	99.9152	ok
NZ_CP008957.1	NZ_CP062778.1	99.9382	99.9476	0.9629	0.9597	0.00493	66	0.9910	448	0.070	0.9968	99.8473	99.9723	0.0159	0.16	AlfI:99.95,AloI:99.94,BcgI:99.95,FalI:99.95	8174	66	7018	899	107.75757575757575	ok	99.9382	gamma	99.8770	ok
NZ_CP008957.1	NZ_CP062700.1	99.9376	99.9471	0.9630	0.9640	0.00495	60	0.9918	394	0.070	0.9968	99.8472	99.9717	0.0097	0.22	AlfI:99.95,AloI:99.94,BcgI:99.94,FalI:99.95	8106	60	7014	899	117.78333333333333	ok	99.9376	gamma	99.8769	ok
NZ_CP008957.1	NZ_CP062702.1	99.9472	99.9542	0.9551	0.9574	0.00462	54	0.9926	334	0.070	0.9972	99.8651	99.9761	0.0243	1.27	AlfI:99.95,AloI:99.96,BcgI:99.95,FalI:99.97	8046	54	6964	944	129.3148148148148	ok	99.9472	gamma	99.8930	ok
NZ_CP008957.1	NZ_CP062705.1	99.9533	99.9596	0.9753	0.9703	0.00431	67	0.9910	508	0.070	0.9975	99.8627	99.9834	0.0082	0.13	AlfI:99.96,AloI:99.96,BcgI:99.96,FalI:99.97	8277	67	7082	943	107.70149253731343	ok	99.9533	gamma	99.8906	ok
NZ_CP008957.1	NZ_CP062708.1	99.9540	99.9600	0.9753	0.9703	0.00428	67	0.9910	508	0.070	0.9976	99.8650	99.9834	0.0082	0.12	AlfI:99.96,AloI:99.96,BcgI:99.96,FalI:99.97	8277	67	7082	943	107.71641791044776	ok	99.9540	gamma	99.8927	ok
NZ_CP008957.1	NZ_CP062711.1	99.9540	99.9600	0.9753	0.9765	0.00428	67	0.9910	508	0.070	0.9976	99.8650	99.9834	0.0082	0.12	AlfI:99.96,AloI:99.96,BcgI:99.96,FalI:99.97	8277	67	7082	943	107.71641791044776	ok	99.9540	gamma	99.8927	ok
NZ_CP008957.1	NZ_CP062713.1	99.9533	99.9596	0.9753	0.9767	0.00431	67	0.9910	508	0.070	0.9975	99.8627	99.9834	0.0082	0.13	AlfI:99.96,AloI:99.96,BcgI:99.96,FalI:99.97	8277	67	7082	943	107.70149253731343	ok	99.9533	gamma	99.8906	ok
NZ_CP008957.1	NZ_CP062715.1	99.9556	99.9611	0.9663	0.9760	0.00424	70	0.9905	509	0.070	0.9976	99.8710	99.9833	0.0192	0.69	AlfI:99.96,AloI:99.96,BcgI:99.96,FalI:99.97	8241	70	7031	944	102.48571428571428	ok	99.9556	gamma	99.8982	ok
NZ_CP008957.1	NZ_CP062717.1	99.9564	99.9618	0.9701	0.9762	0.00420	69	0.9907	506	0.070	0.9977	99.8739	99.9834	0.0190	0.62	AlfI:99.96,AloI:99.96,BcgI:99.96,FalI:99.97	8270	69	7060	944	104.34782608695652	ok	99.9564	gamma	99.9007	ok
NZ_CP008957.1	NZ_CP062719.1	99.9536	99.9596	0.9754	0.9673	0.00431	60	0.9919	448	0.070	0.9975	99.8673	99.9823	0.0124	0.35	AlfI:99.96,AloI:99.96,BcgI:99.96,FalI:99.97	8263	60	7082	943	119.5	ok	99.9536	gamma	99.8948	ok
NZ_CP008957.1	NZ_CP062721.1	99.9518	99.9582	0.9754	0.9673	0.00438	60	0.9919	448	0.070	0.9975	99.8650	99.9811	0.0050	0.06	AlfI:99.96,AloI:99.96,BcgI:99.96,FalI:99.96	8263	60	7082	943	119.48333333333333	ok	99.9518	gamma	99.8927	ok
NZ_CP008957.1	NZ_CP062723.1	99.9550	99.9608	0.9697	0.9740	0.00425	69	0.9907	506	0.070	0.9976	99.8668	99.9839	0.0147	0.37	AlfI:99.96,AloI:99.96,BcgI:99.96,FalI:99.97	8266	69	7057	944	104.26086956521739	ok	99.9550	gamma	99.8944	ok
NZ_CP008957.1	NZ_CP062725.1	99.9556	99.9613	0.9701	0.9766	0.00422	66	0.9911	493	0.070	0.9976	99.8692	99.9839	0.0190	0.69	AlfI:99.96,AloI:99.96,BcgI:99.96,FalI:99.97	8291	66	7060	944	108.81818181818181	ok	99.9556	gamma	99.8966	ok
NZ_CP008957.1	NZ_CP062727.1	99.9584	99.9633	0.9752	0.9769	0.00410	65	0.9913	495	0.070	0.9978	99.8790	99.9840	0.0188	0.61	AlfI:99.97,AloI:99.96,BcgI:99.96,FalI:99.97	8280	65	7082	944	110.98461538461538	ok	99.9584	gamma	99.9052	ok
NZ_CP008957.1	NZ_CP062729.1	99.9572	99.9622	0.9695	0.9742	0.00417	70	0.9906	510	0.070	0.9977	99.8786	99.9828	0.0189	0.64	AlfI:99.96,AloI:99.96,BcgI:99.96,FalI:99.97	8268	70	7057	944	102.85714285714286	ok	99.9572	gamma	99.9048	ok
NZ_CP008957.1	NZ_CP062780.1	99.9558	99.9613	0.9697	0.9739	0.00422	69	0.9907	506	0.070	0.9976	99.8715	99.9834	0.0190	0.68	AlfI:99.96,AloI:99.96,BcgI:99.96,FalI:99.97	8268	69	7057	944	104.28985507246377	ok	99.9558	gamma	99.8986	ok
NZ_CP008957.1	NZ_CP062731.1	99.9564	99.9618	0.9697	0.9739	0.00420	69	0.9907	506	0.070	0.9977	99.8739	99.9834	0.0190	0.62	AlfI:99.96,AloI:99.96,BcgI:99.96,FalI:99.97	8268	69	7057	944	104.30434782608695	ok	99.9564	gamma	99.9007	ok
NZ_CP008957.1	NZ_CP062733.1	99.9569	99.9622	0.9697	0.9734	0.00417	69	0.9907	506	0.070	0.9977	99.8739	99.9839	0.0190	0.56	AlfI:99.96,AloI:99.96,BcgI:99.96,FalI:99.97	8267	69	7057	944	104.31884057971014	ok	99.9569	gamma	99.9007	ok
NZ_CP008957.1	NZ_CP062739.1	99.9558	99.9613	0.9697	0.9738	0.00422	75	0.9902	944	0.070	0.9976	99.8715	99.9834	0.0190	0.68	AlfI:99.96,AloI:99.96,BcgI:99.96,FalI:99.97	8551	75	7057	944	99.34666666666666	ok	99.9558	gamma	99.8986	ok
NZ_CP008957.1	NZ_CP062736.1	99.9564	99.9618	0.9697	0.9733	0.00420	69	0.9907	506	0.070	0.9977	99.8739	99.9834	0.0190	0.62	AlfI:99.96,AloI:99.96,BcgI:99.96,FalI:99.97	8268	69	7057	944	104.30434782608695	ok	99.9564	gamma	99.9007	ok
NZ_CP008957.1	NZ_CP062742.1	99.9571	99.9623	0.9752	0.9769	0.00416	65	0.9913	494	0.070	0.9977	99.8743	99.9840	0.0188	0.64	AlfI:99.96,AloI:99.96,BcgI:99.96,FalI:99.97	8282	65	7082	944	110.93846153846154	ok	99.9571	gamma	99.9010	ok
NZ_CP008957.1	NZ_CP062744.1	99.9563	99.9617	0.9697	0.9739	0.00420	68	0.9908	498	0.070	0.9977	99.8715	99.9839	0.0167	0.63	AlfI:99.96,AloI:99.96,BcgI:99.96,FalI:99.97	8267	68	7057	944	105.77941176470588	ok	99.9563	gamma	99.8986	ok
NZ_CP008957.1	NZ_CP062746.1	99.9571	99.9622	0.9702	0.9757	0.00417	68	0.9908	497	0.070	0.9977	99.8763	99.9834	0.0190	0.64	AlfI:99.96,AloI:99.96,BcgI:99.96,FalI:99.97	8267	68	7060	944	105.82352941176471	ok	99.9571	gamma	99.9028	ok
NZ_CP008957.1	NZ_CP062749.1	99.9551	99.9610	0.9754	0.9763	0.00423	61	0.9918	444	0.070	0.9976	99.8673	99.9840	0.0189	0.63	AlfI:99.96,AloI:99.96,BcgI:99.96,FalI:99.97	8218	61	7082	944	117.34426229508196	ok	99.9551	gamma	99.8948	ok
NZ_CP008957.1	NZ_CP062752.1	99.9542	99.9599	0.9696	0.9751	0.00430	70	0.9906	507	0.070	0.9976	99.8715	99.9816	0.0190	0.81	AlfI:99.96,AloI:99.96,BcgI:99.96,FalI:99.97	8268	70	7058	943	102.84285714285714	ok	99.9542	gamma	99.8986	ok
NZ_CP008957.1	NZ_CP062755.1	99.9571	99.9623	0.9751	0.9740	0.00416	67	0.9910	515	0.070	0.9977	99.8743	99.9840	0.0114	0.31	AlfI:99.96,AloI:99.96,BcgI:99.96,FalI:99.97	8280	67	7082	944	107.80597014925372	ok	99.9571	gamma	99.9010	ok
NZ_CP008957.1	NZ_CP062761.1	99.9599	99.9645	0.9710	0.9745	0.00404	66	0.9911	501	0.070	0.9978	99.8808	99.9851	0.0148	0.58	AlfI:99.97,AloI:99.97,BcgI:99.96,FalI:99.97	8258	66	7050	944	108.9090909090909	ok	99.9599	gamma	99.9068	ok
NZ_CP008957.1	NZ_CP062758.1	99.9571	99.9623	0.9753	0.9764	0.00416	63	0.9915	491	0.070	0.9977	99.8743	99.9840	0.0176	0.78	AlfI:99.96,AloI:99.97,BcgI:99.96,FalI:99.97	8283	63	7082	944	114.38095238095238	ok	99.9571	gamma	99.9010	ok
NZ_CP008957.1	NZ_CP062763.1	99.9535	99.9594	0.9723	0.9731	0.00432	68	0.9908	511	0.070	0.9975	99.8692	99.9816	0.0254	1.02	AlfI:99.96,AloI:99.95,BcgI:99.95,FalI:99.97	8267	68	7058	944	105.83823529411765	ok	99.9535	gamma	99.8965	ok
NZ_CP008957.1	NZ_CP062766.1	99.9568	99.9619	0.9752	0.9769	0.00418	65	0.9913	490	0.070	0.9977	99.8790	99.9823	0.0188	0.71	AlfI:99.96,AloI:99.96,BcgI:99.96,FalI:99.97	8306	65	7082	944	110.81538461538462	ok	99.9568	gamma	99.9052	ok
NZ_CP008957.1	NZ_CP062782.1	99.9570	99.9623	0.9751	0.9686	0.00416	57	0.9923	422	0.070	0.9977	99.8720	99.9846	0.0157	0.56	AlfI:99.96,AloI:99.96,BcgI:99.96,FalI:99.97	8262	57	7081	944	125.3859649122807	ok	99.9570	gamma	99.8990	ok
NZ_CP008957.1	NZ_CP062769.1	99.9546	99.9603	0.9675	0.9685	0.00427	58	0.9921	392	0.070	0.9976	99.8692	99.9828	0.0153	0.60	AlfI:99.96,AloI:99.96,BcgI:99.95,FalI:99.97	8159	58	7055	944	122.48275862068965	ok	99.9546	gamma	99.8965	ok
NZ_CP008957.1	NZ_CP062771.1	99.9565	99.9619	0.9752	0.9767	0.00418	62	0.9917	474	0.070	0.9977	99.8743	99.9834	0.0252	0.70	AlfI:99.96,AloI:99.95,BcgI:99.96,FalI:99.97	8264	62	7082	944	115.96774193548387	ok	99.9565	gamma	99.9010	ok
NZ_CP008957.1	NZ_CP062774.1	99.9487	99.9562	0.9696	0.9690	0.00450	70	0.9905	507	0.070	0.9973	99.8505	99.9822	0.0363	0.95	AlfI:99.96,AloI:99.93,BcgI:99.95,FalI:99.97	8259	70	7058	943	102.72857142857143	ok	99.9487	gamma	99.8798	ok
NZ_CP010304.1	NZ_CP015832.1	99.9259	99.9375	0.9481	0.9299	0.00544	50	0.9929	394	0.070	0.9962	99.8416	99.9611	0.0166	0.68	AlfI:99.95,AloI:99.93,BcgI:99.93,FalI:99.94	7865	50	6873	951	138.5	ok	99.9259	gamma	99.8722	ok
NZ_CP010304.1	NZ_CP015831.1	99.9380	99.9454	0.9535	0.9583	0.00507	47	0.9935	636	0.070	0.9967	99.8782	99.9619	0.0197	0.47	AlfI:99.95,AloI:99.94,BcgI:99.94,FalI:99.96	8072	47	6902	951	150.2340425531915	ok	99.9380	gamma	99.9048	ok
NZ_CP010304.1	NZ_CP018237.1	99.9505	99.9555	0.9554	0.9636	0.00456	66	0.9909	431	0.070	0.9973	99.8954	99.9703	0.0245	1.14	AlfI:99.95,AloI:99.96,BcgI:99.96,FalI:99.97	8030	66	6935	1118	106.78787878787878	ok	99.9505	gamma	99.9199	ok
NZ_CP010304.1	NZ_CP018239.1	99.9580	99.9622	0.9774	0.9806	0.00417	45	0.9939	333	0.070	0.9977	99.8947	99.9788	0.0097	0.14	AlfI:99.96,AloI:99.96,BcgI:99.96,FalI:99.96	7933	45	7045	1119	156.9111111111111	ok	99.9580	gamma	99.9191	ok
NZ_CP010304.1	NZ_CP018245.1	99.9301	99.9408	0.9775	0.9794	0.00523	52	0.9929	369	0.070	0.9964	99.8453	99.9643	0.0191	0.97	AlfI:99.95,AloI:99.95,BcgI:99.93,FalI:99.94	7968	52	7038	1118	136.1153846153846	ok	99.9301	gamma	99.8752	ok
NZ_CP010304.1	NZ_CP018243.1	99.9427	99.9489	0.9577	0.9745	0.00489	47	0.9935	328	0.070	0.9969	99.8882	99.9638	0.0168	0.21	AlfI:99.95,AloI:99.94,BcgI:99.95,FalI:99.95	7849	47	6926	1118	147.87234042553192	ok	99.9427	gamma	99.9136	ok
NZ_CP010304.1	NZ_CP018252.2	99.9430	99.9508	0.9712	0.9774	0.00477	64	0.9913	478	0.070	0.9970	99.8613	99.9729	0.0141	0.28	AlfI:99.95,AloI:99.96,BcgI:99.95,FalI:99.95	8073	64	7015	1049	111.3125	ok	99.9430	gamma	99.8896	ok
NZ_CP010304.1	NZ_CP018247.1	99.9404	99.9473	0.9608	0.9765	0.00495	47	0.9935	307	0.070	0.9968	99.8818	99.9634	0.0274	0.71	AlfI:99.95,AloI:99.94,BcgI:99.95,FalI:99.93	7844	47	6971	1051	148.36170212765958	ok	99.9404	gamma	99.9078	ok
NZ_CP010304.1	NZ_CP018241.1	99.9498	99.9542	0.9592	0.9660	0.00463	48	0.9934	310	0.070	0.9972	99.9097	99.9651	0.0097	0.14	AlfI:99.95,AloI:99.95,BcgI:99.96,FalI:99.96	7853	48	6936	1118	145.04166666666666	ok	99.9498	gamma	99.9324	ok
NZ_CP010304.1	NZ_CP018250.1	99.9429	99.9498	0.9625	0.9788	0.00483	53	0.9927	364	0.070	0.9969	99.8773	99.9676	0.0191	0.31	AlfI:99.95,AloI:99.94,BcgI:99.95,FalI:99.96	7943	53	6989	914	132.58490566037736	ok	99.9429	gamma	99.9039	ok
NZ_CP010304.1	NZ_CP038282.1	99.9432	99.9495	0.9713	0.9852	0.00484	53	0.9928	409	0.070	0.9969	99.8871	99.9648	0.0167	0.20	AlfI:99.95,AloI:99.94,BcgI:99.95,FalI:99.95	7988	53	7010	1050	133.69811320754718	ok	99.9432	gamma	99.9125	ok
NZ_CP010304.1	NZ_CP038284.1	99.9389	99.9464	0.9640	0.9683	0.00499	57	0.9922	385	0.070	0.9967	99.8748	99.9640	0.0144	0.19	AlfI:99.95,AloI:99.94,BcgI:99.95,FalI:99.94	7975	57	6977	1049	123.3859649122807	ok	99.9389	gamma	99.9016	ok
NZ_CP010304.1	NZ_CP038290.1	99.9185	99.9321	0.9695	0.9625	0.00561	48	0.9934	284	0.070	0.9959	99.8329	99.9566	0.0218	0.40	AlfI:99.94,AloI:99.94,BcgI:99.93,FalI:99.92	7901	48	7008	1047	144.875	ok	99.9185	gamma	99.8641	ok
NZ_CP010304.1	NZ_CP038292.1	99.9305	99.9405	0.9652	0.9707	0.00526	56	0.9923	385	0.070	0.9964	99.8562	99.9612	0.0293	0.55	AlfI:99.94,AloI:99.92,BcgI:99.94,FalI:99.93	7973	56	6993	1048	126.05357142857143	ok	99.9305	gamma	99.8850	ok
NZ_CP010304.1	NZ_CP038300.1	99.9331	99.9423	0.9656	0.9718	0.00518	60	0.9918	421	0.070	0.9965	99.8610	99.9624	0.0162	0.26	AlfI:99.94,AloI:99.93,BcgI:99.94,FalI:99.93	8017	60	6996	1049	117.98333333333333	ok	99.9331	gamma	99.8893	ok
NZ_CP010304.1	NZ_CP038302.1	99.9363	99.9450	0.9618	0.9459	0.00507	63	0.9914	434	0.070	0.9967	99.8628	99.9651	0.0285	0.69	AlfI:99.95,AloI:99.92,BcgI:99.95,FalI:99.93	8003	63	6972	928	112.01587301587301	ok	99.9363	gamma	99.8910	ok
NZ_CP010304.1	NZ_CP038309.1	99.9372	99.9455	0.9626	0.9566	0.00504	46	0.9937	340	0.070	0.9967	99.8677	99.9646	0.0144	0.24	AlfI:99.94,AloI:99.94,BcgI:99.95,FalI:99.94	7943	46	6976	1029	151.17391304347825	ok	99.9372	gamma	99.8953	ok
NZ_CP010304.1	NZ_CP038319.1	99.9662	99.9684	0.9614	0.9824	0.00383	54	0.9926	377	0.070	0.9981	99.9292	99.9780	0.0281	1.17	AlfI:99.96,AloI:99.95,BcgI:99.97,FalI:99.98	8011	54	6975	1051	130.9814814814815	ok	99.9662	gamma	99.9490	ok
NZ_CP010304.1	NZ_CP038333.1	99.9308	99.9412	0.9629	0.9622	0.00524	57	0.9922	406	0.070	0.9964	99.8487	99.9640	0.0181	0.42	AlfI:99.94,AloI:99.93,BcgI:99.95,FalI:99.94	8001	57	6977	1049	123.80701754385964	ok	99.9308	gamma	99.8784	ok
NZ_CP010304.1	NZ_CP038339.1	99.9637	99.9668	0.9771	0.9705	0.00391	45	0.9939	344	0.070	0.9980	99.9087	99.9811	0.0191	0.33	AlfI:99.97,AloI:99.96,BcgI:99.97,FalI:99.97	7984	45	7041	1050	157.15555555555557	ok	99.9637	gamma	99.9314	ok
NZ_CP010304.1	NZ_CP038342.1	99.9334	99.9430	0.9693	0.9792	0.00514	56	0.9923	350	0.070	0.9965	99.8543	99.9648	0.0203	1.34	AlfI:99.95,AloI:99.95,BcgI:99.93,FalI:99.93	8076	56	7019	1048	125.51785714285714	ok	99.9334	gamma	99.8833	ok
NZ_CP010304.1	NZ_CP038344.1	99.9254	99.9355	0.9572	0.9751	0.00549	55	0.9924	312	0.070	0.9961	99.8625	99.9534	0.0394	2.69	AlfI:99.91,AloI:99.95,BcgI:99.95,FalI:99.95	7812	55	6957	951	126.4	ok	99.9254	gamma	99.8908	ok
NZ_CP010304.1	NZ_CP038346.1	99.9469	99.9529	0.9748	0.9573	0.00467	57	0.9923	434	0.070	0.9971	99.8851	99.9695	0.0221	0.49	AlfI:99.96,AloI:99.96,BcgI:99.95,FalI:99.94	8063	57	7030	1050	124.73684210526316	ok	99.9469	gamma	99.9107	ok
NZ_CP010304.1	NZ_CP038349.1	99.9374	99.9453	0.9581	0.9734	0.00505	52	0.9928	316	0.070	0.9967	99.8720	99.9633	0.0134	0.51	AlfI:99.95,AloI:99.94,BcgI:99.94,FalI:99.95	7957	52	6956	1048	133.84615384615384	ok	99.9374	gamma	99.8992	ok
NZ_CP010304.1	NZ_CP038351.1	99.9325	99.9417	0.9727	0.9736	0.00519	61	0.9917	470	0.070	0.9965	99.8616	99.9614	0.0154	0.17	AlfI:99.94,AloI:99.93,BcgI:99.94,FalI:99.94	8187	61	7031	1048	117.08196721311475	ok	99.9325	gamma	99.8898	ok
NZ_CP010304.1	NZ_CP038353.1	99.9903	99.9904	0.9858	0.9869	0.00208	45	0.9940	397	0.070	0.9994	99.9791	99.9932	0.0321	0.89	AlfI:99.99,AloI:99.97,BcgI:99.99,FalI:100.00	8118	45	7084	1052	159.37777777777777	ok	99.9903	gamma	99.9891	ok
NZ_CP010304.1	NZ_CP038355.1	99.9287	99.9391	0.9658	0.9720	0.00532	57	0.9922	362	0.070	0.9963	99.8539	99.9600	0.0144	0.27	AlfI:99.94,AloI:99.93,BcgI:99.94,FalI:99.93	7945	57	6998	1049	123.45614035087719	ok	99.9287	gamma	99.8830	ok
NZ_CP010304.1	NZ_CP038357.1	99.9298	99.9410	0.9690	0.9735	0.00524	61	0.9916	402	0.070	0.9964	99.8399	99.9658	0.0141	0.53	AlfI:99.95,AloI:99.94,BcgI:99.94,FalI:99.94	8088	61	7006	928	115.45901639344262	ok	99.9298	gamma	99.8704	ok
NZ_CP010304.1	NZ_CP038360.1	99.9755	99.9770	0.9782	0.9758	0.00325	42	0.9943	319	0.070	0.9986	99.9322	99.9880	0.0401	1.60	AlfI:99.98,AloI:99.94,BcgI:99.98,FalI:99.97	7975	42	7042	1051	168.07142857142858	ok	99.9755	gamma	99.9515	ok
NZ_CP010304.1	NZ_CP038366.1	99.9321	99.9410	0.9802	0.9765	0.00521	50	0.9932	363	0.070	0.9964	99.8668	99.9593	0.0294	1.68	AlfI:99.94,AloI:99.95,BcgI:99.94,FalI:99.97	8009	50	7057	1047	141.92	ok	99.9321	gamma	99.8944	ok
NZ_CP010304.1	NZ_CP038372.1	99.9294	99.9401	0.9666	0.9710	0.00528	66	0.9910	477	0.070	0.9964	99.8470	99.9630	0.0221	0.96	AlfI:99.95,AloI:99.95,BcgI:99.93,FalI:99.93	8246	66	7007	1048	107.77272727272727	ok	99.9294	gamma	99.8768	ok
NZ_CP010304.1	NZ_CP038402.1	99.9249	99.9362	0.9672	0.9615	0.00545	56	0.9923	390	0.070	0.9961	99.8490	99.9577	0.0213	0.73	AlfI:99.95,AloI:99.93,BcgI:99.93,FalI:99.93	7918	56	6991	927	125.39285714285714	ok	99.9249	gamma	99.8786	ok
NZ_CP010304.1	NZ_CP038414.1	99.9530	99.9564	0.9653	0.9706	0.00449	55	0.9925	415	0.070	0.9974	99.9246	99.9642	0.0163	0.32	AlfI:99.96,AloI:99.95,BcgI:99.96,FalI:99.94	8062	55	6990	951	128.65454545454546	ok	99.9530	gamma	99.9451	ok
NZ_CP010304.1	NZ_CP038416.1	99.9637	99.9668	0.9770	0.9667	0.00391	46	0.9938	362	0.070	0.9980	99.9087	99.9811	0.0148	0.22	AlfI:99.97,AloI:99.96,BcgI:99.97,FalI:99.97	7963	46	7040	1051	153.84782608695653	ok	99.9637	gamma	99.9314	ok
NZ_CP010304.1	NZ_CP039834.1	99.9435	99.9500	0.9723	0.9809	0.00481	52	0.9929	378	0.070	0.9970	99.8826	99.9666	0.0235	0.62	AlfI:99.95,AloI:99.94,BcgI:99.95,FalI:99.97	8033	52	7023	1050	136.21153846153845	ok	99.9435	gamma	99.9085	ok
NZ_CP010304.1	NZ_CP062778.1	99.9145	99.9306	0.9703	0.9636	0.00568	62	0.9915	403	0.070	0.9958	99.8116	99.9600	0.0121	0.18	AlfI:99.93,AloI:99.92,BcgI:99.93,FalI:99.92	8001	62	7006	1047	114.03225806451613	ok	99.9145	gamma	99.8448	ok
NZ_CP010304.1	NZ_CP062700.1	99.9139	99.9302	0.9707	0.9679	0.00570	56	0.9923	359	0.070	0.9958	99.8116	99.9594	0.0165	0.27	AlfI:99.93,AloI:99.92,BcgI:99.93,FalI:99.92	7944	56	7006	1047	125.60714285714286	ok	99.9139	gamma	99.8448	ok
NZ_CP010304.1	NZ_CP062702.1	99.9494	99.9541	0.9600	0.9651	0.00463	52	0.9929	383	0.070	0.9972	99.9026	99.9668	0.0272	0.68	AlfI:99.95,AloI:99.94,BcgI:99.95,FalI:99.97	7929	52	6932	951	134.55769230769232	ok	99.9494	gamma	99.9262	ok
NZ_CP010304.1	NZ_CP062705.1	99.9375	99.9467	0.9733	0.9746	0.00497	59	0.9920	454	0.070	0.9968	99.8521	99.9700	0.0170	0.32	AlfI:99.95,AloI:99.96,BcgI:99.94,FalI:99.95	8043	59	7025	1047	120.42372881355932	ok	99.9375	gamma	99.8813	ok
NZ_CP010304.1	NZ_CP062708.1	99.9383	99.9472	0.9733	0.9746	0.00495	59	0.9920	454	0.070	0.9968	99.8545	99.9700	0.0160	0.29	AlfI:99.95,AloI:99.96,BcgI:99.95,FalI:99.95	8043	59	7025	1047	120.44067796610169	ok	99.9383	gamma	99.8834	ok
NZ_CP010304.1	NZ_CP062711.1	99.9383	99.9472	0.9733	0.9809	0.00495	59	0.9920	454	0.070	0.9968	99.8545	99.9700	0.0160	0.29	AlfI:99.95,AloI:99.96,BcgI:99.95,FalI:99.95	8043	59	7025	1047	120.44067796610169	ok	99.9383	gamma	99.8834	ok
NZ_CP010304.1	NZ_CP062713.1	99.9375	99.9467	0.9733	0.9811	0.00497	59	0.9920	454	0.070	0.9968	99.8521	99.9700	0.0170	0.32	AlfI:99.95,AloI:99.96,BcgI:99.94,FalI:99.95	8043	59	7025	1047	120.42372881355932	ok	99.9375	gamma	99.8813	ok
NZ_CP010304.1	NZ_CP062715.1	99.9429	99.9506	0.9675	0.9774	0.00479	62	0.9915	466	0.070	0.9970	99.8631	99.9722	0.0066	0.11	AlfI:99.95,AloI:99.95,BcgI:99.95,FalI:99.95	8039	62	6985	1048	114.24193548387096	ok	99.9429	gamma	99.8912	ok
NZ_CP010304.1	NZ_CP062717.1	99.9425	99.9504	0.9712	0.9775	0.00480	61	0.9917	462	0.070	0.9970	99.8613	99.9723	0.0067	0.08	AlfI:99.95,AloI:99.95,BcgI:99.95,FalI:99.95	8074	61	7015	1048	116.54098360655738	ok	99.9425	gamma	99.8896	ok
NZ_CP010304.1	NZ_CP062719.1	99.9411	99.9491	0.9738	0.9725	0.00485	56	0.9924	431	0.070	0.9969	99.8639	99.9700	0.0055	0.06	AlfI:99.95,AloI:99.95,BcgI:99.95,FalI:99.95	8029	56	7026	1048	126.55357142857143	ok	99.9411	gamma	99.8919	ok
NZ_CP010304.1	NZ_CP062721.1	99.9393	99.9477	0.9738	0.9725	0.00492	57	0.9922	435	0.070	0.9968	99.8615	99.9689	0.0068	0.08	AlfI:99.95,AloI:99.95,BcgI:99.95,FalI:99.94	8029	57	7026	1048	124.3859649122807	ok	99.9393	gamma	99.8898	ok
NZ_CP010304.1	NZ_CP062723.1	99.9409	99.9494	0.9712	0.9779	0.00484	61	0.9917	462	0.070	0.9969	99.8542	99.9728	0.0077	0.11	AlfI:99.95,AloI:99.95,BcgI:99.95,FalI:99.95	8076	61	7015	1047	116.47540983606558	ok	99.9409	gamma	99.8833	ok
NZ_CP010304.1	NZ_CP062725.1	99.9416	99.9499	0.9709	0.9777	0.00482	59	0.9920	451	0.070	0.9970	99.8566	99.9728	0.0077	0.12	AlfI:99.95,AloI:99.95,BcgI:99.95,FalI:99.95	8090	59	7015	1047	120.20338983050847	ok	99.9416	gamma	99.8854	ok
NZ_CP010304.1	NZ_CP062727.1	99.9445	99.9519	0.9737	0.9786	0.00472	56	0.9924	451	0.070	0.9971	99.8662	99.9729	0.0059	0.12	AlfI:99.95,AloI:99.95,BcgI:99.95,FalI:99.95	8054	56	7026	1048	126.94642857142857	ok	99.9445	gamma	99.8940	ok
NZ_CP010304.1	NZ_CP062729.1	99.9437	99.9513	0.9711	0.9780	0.00475	61	0.9917	461	0.070	0.9970	99.8637	99.9729	0.0131	0.23	AlfI:99.95,AloI:99.96,BcgI:99.95,FalI:99.95	8078	61	7015	1048	116.54098360655738	ok	99.9437	gamma	99.8917	ok
NZ_CP010304.1	NZ_CP062780.1	99.9417	99.9499	0.9712	0.9774	0.00482	61	0.9917	462	0.070	0.9970	99.8590	99.9723	0.0076	0.12	AlfI:99.95,AloI:99.95,BcgI:99.95,FalI:99.95	8078	61	7015	1048	116.52459016393442	ok	99.9417	gamma	99.8875	ok
NZ_CP010304.1	NZ_CP062731.1	99.9425	99.9504	0.9712	0.9774	0.00480	61	0.9917	462	0.070	0.9970	99.8613	99.9723	0.0067	0.08	AlfI:99.95,AloI:99.95,BcgI:99.95,FalI:99.95	8078	61	7015	1048	116.54098360655738	ok	99.9425	gamma	99.8896	ok
NZ_CP010304.1	NZ_CP062733.1	99.9437	99.9513	0.9713	0.9769	0.00475	61	0.9917	463	0.070	0.9970	99.8637	99.9729	0.0131	0.23	AlfI:99.95,AloI:99.96,BcgI:99.95,FalI:99.95	8077	61	7015	1048	116.55737704918033	ok	99.9437	gamma	99.8917	ok
NZ_CP010304.1	NZ_CP062739.1	99.9437	99.9513	0.9712	0.9755	0.00475	65	0.9914	861	0.070	0.9970	99.8637	99.9729	0.0131	0.23	AlfI:99.95,AloI:99.96,BcgI:99.95,FalI:99.95	8289	65	7015	1048	112.76923076923077	ok	99.9437	gamma	99.8917	ok
NZ_CP010304.1	NZ_CP062736.1	99.9425	99.9504	0.9712	0.9768	0.00480	61	0.9917	462	0.070	0.9970	99.8613	99.9723	0.0067	0.08	AlfI:99.95,AloI:99.95,BcgI:99.95,FalI:99.95	8078	61	7015	1048	116.54098360655738	ok	99.9425	gamma	99.8896	ok
NZ_CP010304.1	NZ_CP062742.1	99.9424	99.9504	0.9737	0.9791	0.00479	57	0.9923	452	0.070	0.9970	99.8592	99.9729	0.0057	0.04	AlfI:99.95,AloI:99.95,BcgI:99.95,FalI:99.95	8085	57	7026	1048	124.75438596491227	ok	99.9424	gamma	99.8877	ok
NZ_CP010304.1	NZ_CP062744.1	99.9430	99.9508	0.9712	0.9774	0.00477	61	0.9917	461	0.070	0.9970	99.8613	99.9729	0.0141	0.28	AlfI:99.95,AloI:99.96,BcgI:99.95,FalI:99.95	8077	61	7015	1048	116.54098360655738	ok	99.9430	gamma	99.8896	ok
NZ_CP010304.1	NZ_CP062746.1	99.9430	99.9508	0.9712	0.9775	0.00477	61	0.9917	461	0.070	0.9970	99.8613	99.9729	0.0141	0.28	AlfI:99.95,AloI:99.96,BcgI:99.95,FalI:99.95	8077	61	7015	1048	116.52459016393442	ok	99.9430	gamma	99.8896	ok
NZ_CP010304.1	NZ_CP062749.1	99.9436	99.9514	0.9739	0.9776	0.00474	56	0.9924	432	0.070	0.9970	99.8615	99.9735	0.0092	0.27	AlfI:99.96,AloI:99.95,BcgI:99.95,FalI:99.95	8018	56	7026	1048	126.5	ok	99.9436	gamma	99.8898	ok
NZ_CP010304.1	NZ_CP062752.1	99.9401	99.9485	0.9709	0.9769	0.00489	62	0.9916	463	0.070	0.9969	99.8590	99.9705	0.0096	0.17	AlfI:99.95,AloI:99.95,BcgI:99.95,FalI:99.95	8077	62	7015	1048	114.62903225806451	ok	99.9401	gamma	99.8875	ok
NZ_CP010304.1	NZ_CP062755.1	99.9458	99.9528	0.9739	0.9785	0.00467	57	0.9923	456	0.070	0.9971	99.8686	99.9735	0.0251	0.98	AlfI:99.95,AloI:99.97,BcgI:99.95,FalI:99.95	8051	57	7026	1048	124.71929824561404	ok	99.9458	gamma	99.8960	ok
NZ_CP010304.1	NZ_CP062761.1	99.9471	99.9535	0.9696	0.9785	0.00465	58	0.9921	456	0.070	0.9972	99.8774	99.9722	0.0061	0.11	AlfI:99.96,AloI:99.95,BcgI:99.95,FalI:99.96	8058	58	6992	1048	122.15517241379311	ok	99.9471	gamma	99.9039	ok
NZ_CP010304.1	NZ_CP062758.1	99.9420	99.9500	0.9731	0.9779	0.00481	58	0.9921	456	0.070	0.9970	99.8615	99.9717	0.0151	0.30	AlfI:99.95,AloI:99.96,BcgI:99.95,FalI:99.95	8080	58	7023	1048	122.60344827586206	ok	99.9420	gamma	99.8897	ok
NZ_CP010304.1	NZ_CP062763.1	99.9418	99.9494	0.9707	0.9780	0.00485	58	0.9921	453	0.070	0.9969	99.8681	99.9693	0.0137	0.52	AlfI:99.95,AloI:99.95,BcgI:99.94,FalI:99.96	8069	58	7000	1048	122.1896551724138	ok	99.9418	gamma	99.8957	ok
NZ_CP010304.1	NZ_CP062766.1	99.9428	99.9505	0.9735	0.9777	0.00479	58	0.9921	444	0.070	0.9970	99.8639	99.9717	0.0141	0.25	AlfI:99.95,AloI:99.96,BcgI:99.95,FalI:99.95	8069	58	7026	1048	122.37931034482759	ok	99.9428	gamma	99.8919	ok
NZ_CP010304.1	NZ_CP062782.1	99.9445	99.9519	0.9734	0.9713	0.00472	57	0.9922	439	0.070	0.9971	99.8662	99.9729	0.0059	0.12	AlfI:99.95,AloI:99.95,BcgI:99.95,FalI:99.95	8090	57	7026	1048	124.49122807017544	ok	99.9445	gamma	99.8940	ok
NZ_CP010304.1	NZ_CP062769.1	99.9410	99.9488	0.9653	0.9732	0.00488	48	0.9934	343	0.070	0.9969	99.8656	99.9693	0.0096	0.21	AlfI:99.95,AloI:99.95,BcgI:99.94,FalI:99.95	7925	48	6992	1049	145.8125	ok	99.9410	gamma	99.8934	ok
NZ_CP010304.1	NZ_CP062771.1	99.9429	99.9509	0.9737	0.9784	0.00477	54	0.9927	435	0.070	0.9970	99.8592	99.9735	0.0044	0.03	AlfI:99.95,AloI:99.95,BcgI:99.95,FalI:99.95	8031	54	7026	1048	131.25925925925927	ok	99.9429	gamma	99.8877	ok
NZ_CP010304.1	NZ_CP062774.1	99.9378	99.9471	0.9709	0.9718	0.00495	63	0.9914	469	0.070	0.9968	99.8495	99.9711	0.0090	0.22	AlfI:99.95,AloI:99.95,BcgI:99.94,FalI:99.95	8072	63	7015	1048	112.82539682539682	ok	99.9378	gamma	99.8790	ok
NZ_CP015832.1	NZ_CP015831.1	99.9930	99.9931	0.9497	0.9732	0.00177	42	0.9945	729	0.070	0.9996	99.9836	99.9954	0.0094	0.29	AlfI:99.99,AloI:100.00,BcgI:99.99,FalI:99.99	8271	42	7042	1621	173.11904761904762	ok	99.9930	gamma	99.9923	ok
NZ_CP015832.1	NZ_CP018237.1	99.9444	99.9517	0.9047	0.9354	0.00480	56	0.9922	409	0.070	0.9971	99.8667	99.9726	0.0286	0.77	AlfI:99.95,AloI:99.94,BcgI:99.95,FalI:99.97	7890	56	6802	951	123.08928571428571	ok	99.9444	gamma	99.8948	ok
NZ_CP015832.1	NZ_CP018239.1	99.9328	99.9431	0.9173	0.9457	0.00519	44	0.9939	287	0.070	0.9965	99.8438	99.9675	0.0255	0.87	AlfI:99.94,AloI:99.95,BcgI:99.95,FalI:99.93	7744	44	6865	952	155.52272727272728	ok	99.9328	gamma	99.8742	ok
NZ_CP015832.1	NZ_CP018245.1	99.9312	99.9439	0.9277	0.9485	0.00514	43	0.9941	326	0.070	0.9966	99.8162	99.9753	0.0261	1.05	AlfI:99.94,AloI:99.95,BcgI:99.94,FalI:99.96	7864	43	6914	1295	161.02325581395348	ok	99.9312	gamma	99.8492	ok
NZ_CP015832.1	NZ_CP018243.1	99.9718	99.9736	0.9222	0.9610	0.00352	37	0.9949	350	0.070	0.9984	99.9282	99.9848	0.0006	0.00	AlfI:99.97,AloI:99.97,BcgI:99.97,FalI:99.97	7866	37	6879	1100	187.27027027027026	ok	99.9718	gamma	99.9483	ok
NZ_CP015832.1	NZ_CP018252.2	99.9378	99.9484	0.9181	0.9447	0.00495	51	0.9929	418	0.070	0.9969	99.8296	99.9776	0.0132	0.20	AlfI:99.95,AloI:99.96,BcgI:99.95,FalI:99.95	7912	51	6876	1362	136.01960784313727	ok	99.9378	gamma	99.8614	ok
NZ_CP015832.1	NZ_CP018247.1	99.9358	99.9457	0.9113	0.9504	0.00508	42	0.9941	295	0.070	0.9967	99.8432	99.9710	0.0240	0.41	AlfI:99.94,AloI:99.93,BcgI:99.95,FalI:99.95	7745	42	6838	919	162.42857142857142	ok	99.9358	gamma	99.8737	ok
NZ_CP015832.1	NZ_CP018241.1	99.9817	99.9824	0.9358	0.9591	0.00285	44	0.9940	335	0.070	0.9989	99.9599	99.9879	0.0186	0.95	AlfI:99.99,AloI:99.98,BcgI:99.98,FalI:99.97	7953	44	6978	1100	159.70454545454547	ok	99.9817	gamma	99.9744	ok
NZ_CP015832.1	NZ_CP018250.1	99.9280	99.9415	0.9155	0.9502	0.00527	43	0.9940	326	0.070	0.9965	99.8124	99.9734	0.0219	0.35	AlfI:99.94,AloI:99.93,BcgI:99.94,FalI:99.95	7834	43	6861	898	159.4418604651163	ok	99.9280	gamma	99.8458	ok
NZ_CP015832.1	NZ_CP038282.1	99.9337	99.9445	0.9190	0.9540	0.00513	45	0.9938	368	0.070	0.9966	99.8367	99.9711	0.0376	1.08	AlfI:99.94,AloI:99.93,BcgI:99.95,FalI:99.96	7848	45	6870	1363	153.73333333333332	ok	99.9337	gamma	99.8678	ok
NZ_CP015832.1	NZ_CP038284.1	99.9418	99.9501	0.9152	0.9440	0.00487	52	0.9928	405	0.070	0.9970	99.8555	99.9734	0.0580	2.91	AlfI:99.95,AloI:99.92,BcgI:99.95,FalI:99.98	7866	52	6849	920	133.25	ok	99.9418	gamma	99.8847	ok
NZ_CP015832.1	NZ_CP038290.1	99.9301	99.9416	0.9178	0.9307	0.00526	39	0.9946	255	0.070	0.9965	99.8342	99.9681	0.0466	3.09	AlfI:99.95,AloI:99.93,BcgI:99.93,FalI:99.97	7783	39	6864	920	174.53846153846155	ok	99.9301	gamma	99.8655	ok
NZ_CP015832.1	NZ_CP038292.1	99.9343	99.9445	0.9167	0.9454	0.00513	53	0.9926	386	0.070	0.9966	99.8439	99.9693	0.0310	0.89	AlfI:99.94,AloI:99.93,BcgI:99.94,FalI:99.96	7842	53	6867	920	130.8679245283019	ok	99.9343	gamma	99.8742	ok
NZ_CP015832.1	NZ_CP038300.1	99.9361	99.9455	0.9168	0.9461	0.00508	60	0.9917	454	0.070	0.9967	99.8511	99.9687	0.0310	0.83	AlfI:99.94,AloI:99.93,BcgI:99.94,FalI:99.96	7882	60	6867	920	116.36666666666666	ok	99.9361	gamma	99.8807	ok
NZ_CP015832.1	NZ_CP038302.1	99.9368	99.9463	0.9151	0.9233	0.00505	59	0.9918	469	0.070	0.9967	99.8483	99.9704	0.0467	1.02	AlfI:99.94,AloI:99.91,BcgI:99.95,FalI:99.96	7889	59	6850	920	118.10169491525424	ok	99.9368	gamma	99.8783	ok
NZ_CP015832.1	NZ_CP038309.1	99.9390	99.9482	0.9135	0.9274	0.00496	43	0.9940	355	0.070	0.9969	99.8482	99.9728	0.0535	2.31	AlfI:99.94,AloI:99.92,BcgI:99.95,FalI:99.97	7852	43	6847	920	159.09302325581396	ok	99.9390	gamma	99.8782	ok
NZ_CP015832.1	NZ_CP038319.1	99.9294	99.9407	0.9134	0.9490	0.00530	52	0.9928	343	0.070	0.9964	99.8413	99.9651	0.0171	0.38	AlfI:99.93,AloI:99.93,BcgI:99.94,FalI:99.95	7871	52	6860	920	132.73076923076923	ok	99.9294	gamma	99.8720	ok
NZ_CP015832.1	NZ_CP038333.1	99.9401	99.9487	0.9135	0.9363	0.00494	48	0.9933	377	0.070	0.9969	99.8555	99.9716	0.0466	1.90	AlfI:99.95,AloI:99.93,BcgI:99.95,FalI:99.97	7841	48	6847	920	143.91666666666666	ok	99.9401	gamma	99.8847	ok
NZ_CP015832.1	NZ_CP038339.1	99.9408	99.9484	0.9182	0.9368	0.00494	45	0.9938	318	0.070	0.9969	99.8680	99.9682	0.0117	0.25	AlfI:99.94,AloI:99.95,BcgI:99.95,FalI:99.94	7798	45	6869	1364	152.93333333333334	ok	99.9408	gamma	99.8958	ok
NZ_CP015832.1	NZ_CP038342.1	99.9101	99.9311	0.9174	0.9463	0.00572	52	0.9927	330	0.070	0.9958	99.7671	99.9716	0.0095	0.08	AlfI:99.93,AloI:99.93,BcgI:99.93,FalI:99.92	7937	52	6876	934	132.15384615384616	ok	99.9101	gamma	99.8045	ok
NZ_CP015832.1	NZ_CP038344.1	99.9244	99.9383	0.9081	0.9471	0.00543	46	0.9935	293	0.070	0.9963	99.8162	99.9684	0.0512	3.46	AlfI:99.92,AloI:99.95,BcgI:99.95,FalI:99.97	7709	46	6822	1360	147.8695652173913	ok	99.9244	gamma	99.8494	ok
NZ_CP015832.1	NZ_CP038346.1	99.9330	99.9451	0.9242	0.9308	0.00509	54	0.9925	431	0.070	0.9967	99.8181	99.9764	0.0049	0.02	AlfI:99.94,AloI:99.95,BcgI:99.95,FalI:99.94	7894	54	6894	1362	129.07407407407408	ok	99.9330	gamma	99.8509	ok
NZ_CP015832.1	NZ_CP038349.1	99.9237	99.9388	0.9072	0.9425	0.00541	44	0.9938	280	0.070	0.9963	99.8016	99.9726	0.0242	0.60	AlfI:99.94,AloI:99.96,BcgI:99.94,FalI:99.94	7805	44	6820	934	154.20454545454547	ok	99.9237	gamma	99.8361	ok
NZ_CP015832.1	NZ_CP038351.1	99.9220	99.9376	0.9225	0.9379	0.00543	57	0.9921	439	0.070	0.9962	99.7991	99.9717	0.0070	0.09	AlfI:99.93,AloI:99.93,BcgI:99.94,FalI:99.94	8046	57	6901	1364	122.36842105263158	ok	99.9220	gamma	99.8337	ok
NZ_CP015832.1	NZ_CP038353.1	99.9073	99.9264	0.9282	0.9529	0.00589	48	0.9934	362	0.070	0.9955	99.7948	99.9589	0.0181	0.16	AlfI:99.93,AloI:99.93,BcgI:99.93,FalI:99.92	7878	48	6918	1362	144.47916666666666	ok	99.9073	gamma	99.8297	ok
NZ_CP015832.1	NZ_CP038355.1	99.9266	99.9388	0.9162	0.9421	0.00539	53	0.9926	380	0.070	0.9963	99.8342	99.9645	0.0467	1.15	AlfI:99.94,AloI:99.91,BcgI:99.94,FalI:99.96	7818	53	6864	920	130.60377358490567	ok	99.9266	gamma	99.8655	ok
NZ_CP015832.1	NZ_CP038357.1	99.9125	99.9323	0.9241	0.9468	0.00566	56	0.9922	396	0.070	0.9959	99.7729	99.9717	0.0251	0.46	AlfI:99.93,AloI:99.93,BcgI:99.94,FalI:99.91	7999	56	6904	1095	123.85714285714286	ok	99.9125	gamma	99.8097	ok
NZ_CP015832.1	NZ_CP038360.1	99.9166	99.9314	0.9154	0.9413	0.00571	45	0.9937	304	0.070	0.9958	99.8216	99.9585	0.0320	0.66	AlfI:99.94,AloI:99.93,BcgI:99.93,FalI:99.90	7761	45	6845	1364	151.84444444444443	ok	99.9166	gamma	99.8542	ok
NZ_CP015832.1	NZ_CP038366.1	99.9301	99.9426	0.9315	0.9482	0.00519	41	0.9944	345	0.070	0.9965	99.8215	99.9725	0.0327	1.43	AlfI:99.93,AloI:99.95,BcgI:99.94,FalI:99.96	7891	41	6931	1362	169.609756097561	ok	99.9301	gamma	99.8539	ok
NZ_CP015832.1	NZ_CP038372.1	99.9132	99.9325	0.9163	0.9437	0.00567	53	0.9926	408	0.070	0.9959	99.7789	99.9704	0.0112	0.15	AlfI:99.93,AloI:99.94,BcgI:99.94,FalI:99.93	8099	53	6870	934	130.73584905660377	ok	99.9132	gamma	99.8153	ok
NZ_CP015832.1	NZ_CP038402.1	99.9388	99.9477	0.9145	0.9281	0.00498	49	0.9932	401	0.070	0.9968	99.8530	99.9710	0.0242	0.89	AlfI:99.95,AloI:99.94,BcgI:99.94,FalI:99.96	7838	49	6846	919	140.87755102040816	ok	99.9388	gamma	99.8825	ok
NZ_CP015832.1	NZ_CP038414.1	99.9339	99.9459	0.9280	0.9529	0.00505	53	0.9927	468	0.070	0.9967	99.8189	99.9771	0.0062	0.10	AlfI:99.94,AloI:99.95,BcgI:99.95,FalI:99.95	7976	53	6925	1363	132.58490566037736	ok	99.9339	gamma	99.8516	ok
NZ_CP015832.1	NZ_CP038416.1	99.9416	99.9489	0.9182	0.9313	0.00492	45	0.9937	318	0.070	0.9969	99.8704	99.9682	0.0169	0.47	AlfI:99.94,AloI:99.95,BcgI:99.95,FalI:99.94	7759	45	6868	1364	152.75555555555556	ok	99.9416	gamma	99.8979	ok
NZ_CP015832.1	NZ_CP039834.1	99.9304	99.9427	0.9221	0.9495	0.00520	48	0.9934	390	0.070	0.9965	99.8227	99.9723	0.0235	0.80	AlfI:99.95,AloI:99.95,BcgI:99.94,FalI:99.96	7909	48	6887	1363	144.79166666666666	ok	99.9304	gamma	99.8551	ok
NZ_CP015832.1	NZ_CP062778.1	99.9143	99.9325	0.9187	0.9369	0.00566	53	0.9926	397	0.070	0.9959	99.7884	99.9680	0.0378	0.86	AlfI:99.94,AloI:99.91,BcgI:99.93,FalI:99.95	7868	53	6866	897	130.60377358490567	ok	99.9143	gamma	99.8240	ok
NZ_CP015832.1	NZ_CP062700.1	99.9154	99.9329	0.9187	0.9412	0.00565	46	0.9936	335	0.070	0.9959	99.7932	99.9674	0.0333	0.65	AlfI:99.94,AloI:99.91,BcgI:99.93,FalI:99.95	7810	46	6863	897	149.52173913043478	ok	99.9154	gamma	99.8283	ok
NZ_CP015832.1	NZ_CP062702.1	99.9740	99.9755	0.9223	0.9483	0.00339	43	0.9941	429	0.070	0.9985	99.9329	99.9859	0.0136	0.53	AlfI:99.98,AloI:99.99,BcgI:99.97,FalI:99.97	7899	43	6876	1364	162.37209302325581	ok	99.9740	gamma	99.9523	ok
NZ_CP015832.1	NZ_CP062705.1	99.9276	99.9413	0.9211	0.9416	0.00527	51	0.9929	426	0.070	0.9964	99.8108	99.9735	0.0160	0.22	AlfI:99.94,AloI:99.95,BcgI:99.94,FalI:99.94	7890	51	6890	1362	136.2941176470588	ok	99.9276	gamma	99.8443	ok
NZ_CP015832.1	NZ_CP062708.1	99.9276	99.9413	0.9211	0.9416	0.00527	51	0.9929	426	0.070	0.9964	99.8108	99.9735	0.0160	0.22	AlfI:99.94,AloI:99.95,BcgI:99.94,FalI:99.94	7890	51	6890	1362	136.2941176470588	ok	99.9276	gamma	99.8443	ok
NZ_CP015832.1	NZ_CP062711.1	99.9276	99.9413	0.9211	0.9476	0.00527	51	0.9929	426	0.070	0.9964	99.8108	99.9735	0.0160	0.22	AlfI:99.94,AloI:99.95,BcgI:99.94,FalI:99.94	7890	51	6890	1362	136.2941176470588	ok	99.9276	gamma	99.8443	ok
NZ_CP015832.1	NZ_CP062713.1	99.9276	99.9413	0.9211	0.9478	0.00527	51	0.9929	426	0.070	0.9964	99.8108	99.9735	0.0160	0.22	AlfI:99.94,AloI:99.95,BcgI:99.94,FalI:99.94	7890	51	6890	1362	136.2941176470588	ok	99.9276	gamma	99.8443	ok
NZ_CP015832.1	NZ_CP062715.1	99.9370	99.9477	0.9148	0.9466	0.00499	54	0.9925	432	0.070	0.9968	99.8290	99.9769	0.0141	0.22	AlfI:99.95,AloI:99.96,BcgI:99.95,FalI:99.95	7892	54	6850	1363	128.2962962962963	ok	99.9370	gamma	99.8609	ok
NZ_CP015832.1	NZ_CP062717.1	99.9373	99.9479	0.9185	0.9469	0.00497	53	0.9927	430	0.070	0.9968	99.8297	99.9770	0.0142	0.23	AlfI:99.95,AloI:99.96,BcgI:99.95,FalI:99.95	7904	53	6879	1363	131.18867924528303	ok	99.9373	gamma	99.8615	ok
NZ_CP015832.1	NZ_CP062719.1	99.9271	99.9414	0.9237	0.9418	0.00526	51	0.9929	418	0.070	0.9964	99.8039	99.9753	0.0201	0.23	AlfI:99.94,AloI:99.95,BcgI:99.94,FalI:99.93	7889	51	6902	1362	136.2549019607843	ok	99.9271	gamma	99.8381	ok
NZ_CP015832.1	NZ_CP062721.1	99.9259	99.9404	0.9237	0.9418	0.00530	51	0.9929	418	0.070	0.9964	99.8039	99.9741	0.0290	0.44	AlfI:99.94,AloI:99.95,BcgI:99.94,FalI:99.92	7889	51	6902	1362	136.2549019607843	ok	99.9259	gamma	99.8381	ok
NZ_CP015832.1	NZ_CP062723.1	99.9376	99.9483	0.9181	0.9452	0.00495	56	0.9922	443	0.070	0.9969	99.8272	99.9782	0.0132	0.20	AlfI:99.95,AloI:99.96,BcgI:99.95,FalI:99.95	7907	56	6876	1363	124.30357142857143	ok	99.9376	gamma	99.8593	ok
NZ_CP015832.1	NZ_CP062725.1	99.9377	99.9484	0.9184	0.9480	0.00494	50	0.9931	421	0.070	0.9969	99.8273	99.9782	0.0132	0.20	AlfI:99.95,AloI:99.96,BcgI:99.95,FalI:99.95	7933	50	6879	1363	138.84	ok	99.9377	gamma	99.8593	ok
NZ_CP015832.1	NZ_CP062727.1	99.9285	99.9423	0.9236	0.9507	0.00522	51	0.9930	431	0.070	0.9965	99.8063	99.9759	0.0156	0.21	AlfI:99.94,AloI:99.95,BcgI:99.94,FalI:99.94	7901	51	6902	1363	136.52941176470588	ok	99.9285	gamma	99.8402	ok
NZ_CP015832.1	NZ_CP062729.1	99.9378	99.9484	0.9180	0.9452	0.00495	53	0.9927	430	0.070	0.9969	99.8296	99.9776	0.0132	0.20	AlfI:99.95,AloI:99.96,BcgI:99.95,FalI:99.95	7908	53	6876	1363	131.1320754716981	ok	99.9378	gamma	99.8614	ok
NZ_CP015832.1	NZ_CP062780.1	99.9378	99.9484	0.9181	0.9447	0.00495	53	0.9927	430	0.070	0.9969	99.8296	99.9776	0.0132	0.20	AlfI:99.95,AloI:99.96,BcgI:99.95,FalI:99.95	7908	53	6876	1363	131.1320754716981	ok	99.9378	gamma	99.8614	ok
NZ_CP015832.1	NZ_CP062731.1	99.9378	99.9484	0.9181	0.9447	0.00495	53	0.9927	430	0.070	0.9969	99.8296	99.9776	0.0132	0.20	AlfI:99.95,AloI:99.96,BcgI:99.95,FalI:99.95	7908	53	6876	1363	131.1320754716981	ok	99.9378	gamma	99.8614	ok
NZ_CP015832.1	NZ_CP062733.1	99.9378	99.9484	0.9181	0.9441	0.00495	53	0.9927	431	0.070	0.9969	99.8296	99.9776	0.0132	0.20	AlfI:99.95,AloI:99.96,BcgI:99.95,FalI:99.95	7909	53	6876	1363	131.11320754716982	ok	99.9378	gamma	99.8614	ok
NZ_CP015832.1	NZ_CP062739.1	99.9378	99.9484	0.9181	0.9444	0.00495	59	0.9921	860	0.070	0.9969	99.8296	99.9776	0.0132	0.20	AlfI:99.95,AloI:99.96,BcgI:99.95,FalI:99.95	8143	59	6876	1363	121.88135593220339	ok	99.9378	gamma	99.8614	ok
NZ_CP015832.1	NZ_CP062736.1	99.9378	99.9484	0.9181	0.9441	0.00495	53	0.9927	430	0.070	0.9969	99.8296	99.9776	0.0132	0.20	AlfI:99.95,AloI:99.96,BcgI:99.95,FalI:99.95	7908	53	6876	1363	131.1320754716981	ok	99.9378	gamma	99.8614	ok
NZ_CP015832.1	NZ_CP062742.1	99.9298	99.9437	0.9236	0.9507	0.00516	51	0.9930	429	0.070	0.9966	99.8015	99.9788	0.0156	0.24	AlfI:99.95,AloI:99.95,BcgI:99.94,FalI:99.94	7919	51	6902	1363	136.58823529411765	ok	99.9298	gamma	99.8359	ok
NZ_CP015832.1	NZ_CP062744.1	99.9378	99.9484	0.9181	0.9447	0.00495	53	0.9927	430	0.070	0.9969	99.8296	99.9776	0.0132	0.20	AlfI:99.95,AloI:99.96,BcgI:99.95,FalI:99.95	7909	53	6876	1363	131.11320754716982	ok	99.9378	gamma	99.8614	ok
NZ_CP015832.1	NZ_CP062746.1	99.9386	99.9489	0.9186	0.9468	0.00492	53	0.9927	430	0.070	0.9969	99.8321	99.9776	0.0129	0.18	AlfI:99.95,AloI:99.96,BcgI:99.95,FalI:99.95	7909	53	6879	1363	131.16981132075472	ok	99.9386	gamma	99.8637	ok
NZ_CP015832.1	NZ_CP062749.1	99.9359	99.9466	0.9211	0.9475	0.00502	50	0.9931	414	0.070	0.9968	99.8324	99.9747	0.0118	0.19	AlfI:99.94,AloI:99.95,BcgI:99.95,FalI:99.95	7883	50	6890	1363	138.84	ok	99.9359	gamma	99.8639	ok
NZ_CP015832.1	NZ_CP062752.1	99.9365	99.9474	0.9182	0.9463	0.00499	54	0.9925	431	0.070	0.9968	99.8273	99.9770	0.0162	0.30	AlfI:99.95,AloI:99.96,BcgI:99.94,FalI:99.95	7907	54	6879	1362	128.74074074074073	ok	99.9365	gamma	99.8593	ok
NZ_CP015832.1	NZ_CP062755.1	99.9236	99.9390	0.9237	0.9503	0.00537	50	0.9931	426	0.070	0.9963	99.7991	99.9735	0.0081	0.06	AlfI:99.94,AloI:99.93,BcgI:99.94,FalI:99.94	7899	50	6902	1363	139.12	ok	99.9236	gamma	99.8337	ok
NZ_CP015832.1	NZ_CP062761.1	99.9293	99.9430	0.9197	0.9491	0.00520	55	0.9924	448	0.070	0.9965	99.8054	99.9769	0.0155	0.27	AlfI:99.95,AloI:99.95,BcgI:99.94,FalI:99.94	7893	55	6870	1363	126.32727272727273	ok	99.9293	gamma	99.8395	ok
NZ_CP015832.1	NZ_CP062758.1	99.9223	99.9390	0.9242	0.9511	0.00537	51	0.9930	429	0.070	0.9963	99.7872	99.9764	0.0117	0.21	AlfI:99.94,AloI:99.95,BcgI:99.94,FalI:99.94	7913	51	6904	1363	136.52941176470588	ok	99.9223	gamma	99.8228	ok
NZ_CP015832.1	NZ_CP062763.1	99.9242	99.9393	0.9208	0.9479	0.00537	54	0.9925	440	0.070	0.9963	99.8008	99.9734	0.0140	0.52	AlfI:99.95,AloI:99.95,BcgI:99.93,FalI:99.94	7902	54	6878	1363	128.57407407407408	ok	99.9242	gamma	99.8353	ok
NZ_CP015832.1	NZ_CP062766.1	99.9369	99.9475	0.9209	0.9477	0.00498	50	0.9931	427	0.070	0.9968	99.8300	99.9764	0.0142	0.25	AlfI:99.95,AloI:99.96,BcgI:99.95,FalI:99.95	7934	50	6890	1363	139.1	ok	99.9369	gamma	99.8617	ok
NZ_CP015832.1	NZ_CP062782.1	99.9274	99.9418	0.9234	0.9444	0.00524	48	0.9934	410	0.070	0.9965	99.8015	99.9764	0.0156	0.19	AlfI:99.94,AloI:99.95,BcgI:99.94,FalI:99.94	7947	48	6902	1363	144.66666666666666	ok	99.9274	gamma	99.8359	ok
NZ_CP015832.1	NZ_CP062769.1	99.9335	99.9455	0.9163	0.9419	0.00508	44	0.9939	327	0.070	0.9967	99.8200	99.9764	0.0161	0.28	AlfI:99.94,AloI:99.96,BcgI:99.94,FalI:99.95	7810	44	6874	1363	156.11363636363637	ok	99.9335	gamma	99.8527	ok
NZ_CP015832.1	NZ_CP062771.1	99.9332	99.9452	0.9227	0.9502	0.00509	51	0.9930	429	0.070	0.9967	99.8205	99.9759	0.0066	0.12	AlfI:99.95,AloI:99.95,BcgI:99.94,FalI:99.95	7890	51	6894	1363	136.3921568627451	ok	99.9332	gamma	99.8531	ok
NZ_CP015832.1	NZ_CP062774.1	99.9346	99.9464	0.9177	0.9403	0.00504	54	0.9925	432	0.070	0.9967	99.8176	99.9781	0.0127	0.24	AlfI:99.95,AloI:99.95,BcgI:99.94,FalI:99.96	7901	54	6876	1362	128.59259259259258	ok	99.9346	gamma	99.8505	ok
NZ_CP015831.1	NZ_CP018237.1	99.9296	99.9434	0.9393	0.9520	0.00510	54	0.9925	336	0.070	0.9966	99.8046	99.9776	0.0260	0.86	AlfI:99.94,AloI:99.94,BcgI:99.94,FalI:99.96	8114	54	7094	951	130.61111111111111	ok	99.9296	gamma	99.8382	ok
NZ_CP015831.1	NZ_CP018239.1	99.9286	99.9414	0.9449	0.9601	0.00518	44	0.9939	260	0.070	0.9964	99.8194	99.9715	0.0293	1.13	AlfI:99.93,AloI:99.96,BcgI:99.95,FalI:99.93	7992	44	7125	952	160.04545454545453	ok	99.9286	gamma	99.8516	ok
NZ_CP015831.1	NZ_CP018245.1	99.9276	99.9432	0.9596	0.9631	0.00508	38	0.9948	255	0.070	0.9966	99.7866	99.9819	0.0228	0.89	AlfI:99.94,AloI:99.95,BcgI:99.94,FalI:99.96	8093	38	7194	1295	186.42105263157896	ok	99.9276	gamma	99.8216	ok
NZ_CP015831.1	NZ_CP018243.1	99.9741	99.9741	0.9515	0.9726	0.00343	33	0.9955	271	inf	0.9984	99.9146	99.9887	0.0111	0.57	AlfI:99.97,AloI:99.98,BcgI:99.97,FalI:99.98	8038	33	7139	1111	214.12121212121212	ok	99.9741	uniform	99.9363	ok
NZ_CP015831.1	NZ_CP018252.2	99.9192	99.9380	0.9529	0.9616	0.00532	48	0.9934	351	0.070	0.9962	99.7697	99.9795	0.0200	0.49	AlfI:99.94,AloI:99.96,BcgI:99.94,FalI:99.95	8154	48	7169	1399	147.89583333333334	ok	99.9192	gamma	99.8061	ok
NZ_CP015831.1	NZ_CP018247.1	99.9329	99.9445	0.9405	0.9689	0.00505	41	0.9943	255	0.070	0.9966	99.8280	99.9731	0.0197	0.36	AlfI:99.94,AloI:99.93,BcgI:99.95,FalI:99.95	7943	41	7099	919	170.609756097561	ok	99.9329	gamma	99.8595	ok
NZ_CP015831.1	NZ_CP018241.1	99.9816	99.9826	0.9665	0.9733	0.00279	37	0.9950	255	0.070	0.9989	99.9387	99.9933	0.0090	0.24	AlfI:99.98,AloI:99.98,BcgI:99.98,FalI:99.98	8139	37	7249	1112	193.83783783783784	ok	99.9816	gamma	99.9567	ok
NZ_CP015831.1	NZ_CP018250.1	99.9239	99.9405	0.9470	0.9638	0.00522	41	0.9943	267	0.070	0.9964	99.7849	99.9789	0.0371	1.79	AlfI:99.93,AloI:99.93,BcgI:99.94,FalI:99.97	8039	41	7137	910	171.4390243902439	ok	99.9239	gamma	99.8201	ok
NZ_CP015831.1	NZ_CP038282.1	99.9298	99.9434	0.9509	0.9684	0.00508	44	0.9939	325	0.070	0.9966	99.8084	99.9767	0.0392	2.47	AlfI:99.93,AloI:99.94,BcgI:99.95,FalI:99.97	8093	44	7149	1401	161.3181818181818	ok	99.9298	gamma	99.8416	ok
NZ_CP015831.1	NZ_CP038284.1	99.9212	99.9377	0.9478	0.9601	0.00534	46	0.9936	330	0.070	0.9962	99.7917	99.9738	0.0219	0.33	AlfI:99.93,AloI:99.92,BcgI:99.94,FalI:99.94	8126	46	7131	920	153.7826086956522	ok	99.9212	gamma	99.8263	ok
NZ_CP015831.1	NZ_CP038290.1	99.9202	99.9369	0.9503	0.9460	0.00537	36	0.9950	224	0.070	0.9962	99.7943	99.9721	0.0183	0.54	AlfI:99.94,AloI:99.94,BcgI:99.93,FalI:99.95	8049	36	7143	920	194.41666666666666	ok	99.9202	gamma	99.8287	ok
NZ_CP015831.1	NZ_CP038292.1	99.9265	99.9406	0.9482	0.9647	0.00521	52	0.9928	323	0.070	0.9964	99.8105	99.9727	0.0096	0.22	AlfI:99.94,AloI:99.94,BcgI:99.94,FalI:99.94	8088	52	7141	920	136.40384615384616	ok	99.9265	gamma	99.8435	ok
NZ_CP015831.1	NZ_CP038300.1	99.9284	99.9416	0.9484	0.9651	0.00516	58	0.9920	395	0.070	0.9965	99.8175	99.9721	0.0091	0.21	AlfI:99.94,AloI:99.94,BcgI:99.95,FalI:99.94	8134	58	7142	920	123.08620689655173	ok	99.9284	gamma	99.8498	ok
NZ_CP015831.1	NZ_CP038302.1	99.9304	99.9432	0.9457	0.9422	0.00510	56	0.9923	405	0.070	0.9965	99.8169	99.9743	0.0275	0.74	AlfI:99.94,AloI:99.92,BcgI:99.95,FalI:99.94	8136	56	7119	920	127.125	ok	99.9304	gamma	99.8493	ok
NZ_CP015831.1	NZ_CP038309.1	99.9333	99.9454	0.9440	0.9446	0.00500	44	0.9939	348	0.070	0.9967	99.8190	99.9766	0.0328	1.34	AlfI:99.94,AloI:99.93,BcgI:99.95,FalI:99.96	8136	44	7112	920	160.3409090909091	ok	99.9333	gamma	99.8513	ok
NZ_CP015831.1	NZ_CP038319.1	99.9258	99.9397	0.9447	0.9635	0.00525	56	0.9922	299	0.070	0.9963	99.8173	99.9698	0.0375	2.01	AlfI:99.93,AloI:99.94,BcgI:99.94,FalI:99.97	8087	56	7136	920	126.53571428571429	ok	99.9258	gamma	99.8497	ok
NZ_CP015831.1	NZ_CP038333.1	99.9338	99.9455	0.9432	0.9544	0.00500	49	0.9932	349	0.070	0.9967	99.8238	99.9755	0.0174	0.43	AlfI:99.94,AloI:99.94,BcgI:99.95,FalI:99.95	8084	49	7115	920	144.69387755102042	ok	99.9338	gamma	99.8556	ok
NZ_CP015831.1	NZ_CP038339.1	99.9383	99.9475	0.9485	0.9511	0.00489	49	0.9932	286	0.070	0.9968	99.8475	99.9722	0.0238	0.87	AlfI:99.94,AloI:99.96,BcgI:99.95,FalI:99.96	8040	49	7139	1402	144.69387755102042	ok	99.9383	gamma	99.8770	ok
NZ_CP015831.1	NZ_CP038342.1	99.8961	99.9252	0.9480	0.9590	0.00586	53	0.9926	322	0.070	0.9955	99.7226	99.9754	0.0184	0.40	AlfI:99.92,AloI:99.94,BcgI:99.93,FalI:99.94	8193	53	7145	972	133.43396226415095	ok	99.8961	gamma	99.7627	ok
NZ_CP015831.1	NZ_CP038344.1	99.9223	99.9382	0.9371	0.9568	0.00533	42	0.9941	240	0.070	0.9962	99.7973	99.9730	0.0741	9.60	AlfI:99.91,AloI:99.95,BcgI:99.95,FalI:99.98	7944	42	7085	1360	166.11904761904762	ok	99.9223	gamma	99.8316	ok
NZ_CP015831.1	NZ_CP038346.1	99.9219	99.9394	0.9561	0.9491	0.00525	55	0.9924	383	0.070	0.9963	99.7791	99.9790	0.0138	0.46	AlfI:99.93,AloI:99.94,BcgI:99.95,FalI:99.94	8110	55	7173	1399	129.83636363636364	ok	99.9219	gamma	99.8147	ok
NZ_CP015831.1	NZ_CP038349.1	99.9085	99.9316	0.9377	0.9562	0.00562	47	0.9934	274	0.070	0.9958	99.7508	99.9764	0.0313	1.32	AlfI:99.92,AloI:99.95,BcgI:99.93,FalI:99.95	8038	47	7088	972	148.68085106382978	ok	99.9085	gamma	99.7889	ok
NZ_CP015831.1	NZ_CP038351.1	99.9161	99.9352	0.9515	0.9508	0.00543	55	0.9924	366	0.070	0.9961	99.7721	99.9756	0.0283	0.92	AlfI:99.93,AloI:99.94,BcgI:99.94,FalI:99.95	8274	55	7170	1402	129.4181818181818	ok	99.9161	gamma	99.8083	ok
NZ_CP015831.1	NZ_CP038353.1	99.9042	99.9258	0.9570	0.9673	0.00581	50	0.9931	320	0.070	0.9955	99.7770	99.9626	0.0123	0.17	AlfI:99.92,AloI:99.93,BcgI:99.93,FalI:99.93	8095	50	7180	1400	142.1	ok	99.9042	gamma	99.8128	ok
NZ_CP015831.1	NZ_CP038355.1	99.9232	99.9378	0.9467	0.9586	0.00533	48	0.9933	301	0.070	0.9962	99.8126	99.9687	0.0262	0.38	AlfI:99.94,AloI:99.92,BcgI:99.94,FalI:99.95	8060	48	7133	920	147.14583333333334	ok	99.9232	gamma	99.8454	ok
NZ_CP015831.1	NZ_CP038357.1	99.9011	99.9278	0.9533	0.9571	0.00574	53	0.9927	357	0.070	0.9956	99.7328	99.9761	0.0134	0.36	AlfI:99.92,AloI:99.93,BcgI:99.93,FalI:99.92	8256	53	7170	1107	134.26415094339623	ok	99.9011	gamma	99.7721	ok
NZ_CP015831.1	NZ_CP038360.1	99.9157	99.9322	0.9445	0.9560	0.00557	49	0.9932	285	0.070	0.9959	99.8053	99.9635	0.0187	0.17	AlfI:99.93,AloI:99.94,BcgI:99.93,FalI:99.92	8016	49	7121	1402	143.9795918367347	ok	99.9157	gamma	99.8388	ok
NZ_CP015831.1	NZ_CP038366.1	99.9293	99.9433	0.9629	0.9620	0.00507	40	0.9945	296	0.070	0.9966	99.8030	99.9780	0.0433	2.95	AlfI:99.93,AloI:99.96,BcgI:99.95,FalI:99.97	8105	40	7203	1400	178.175	ok	99.9293	gamma	99.8365	ok
NZ_CP015831.1	NZ_CP038372.1	99.8858	99.9201	0.9497	0.9558	0.00605	51	0.9930	367	0.070	0.9952	99.7021	99.9743	0.0200	0.33	AlfI:99.92,AloI:99.94,BcgI:99.92,FalI:99.93	8332	51	7153	972	139.35294117647058	ok	99.8858	gamma	99.7437	ok
NZ_CP015831.1	NZ_CP038402.1	99.9310	99.9436	0.9447	0.9468	0.00508	49	0.9932	346	0.070	0.9966	99.8191	99.9743	0.0026	0.01	AlfI:99.94,AloI:99.94,BcgI:99.94,FalI:99.94	8082	49	7116	919	144.40816326530611	ok	99.9310	gamma	99.8514	ok
NZ_CP015831.1	NZ_CP038414.1	99.9253	99.9415	0.9596	0.9717	0.00515	54	0.9926	412	0.070	0.9964	99.7869	99.9797	0.0198	0.77	AlfI:99.93,AloI:99.94,BcgI:99.95,FalI:99.95	8190	54	7203	1400	133.22222222222223	ok	99.9253	gamma	99.8218	ok
NZ_CP015831.1	NZ_CP038416.1	99.9383	99.9475	0.9485	0.9455	0.00489	49	0.9932	286	0.070	0.9968	99.8475	99.9722	0.0239	0.77	AlfI:99.94,AloI:99.96,BcgI:99.95,FalI:99.95	8000	49	7138	1402	144.51020408163265	ok	99.9383	gamma	99.8770	ok
NZ_CP015831.1	NZ_CP039834.1	99.9184	99.9370	0.9542	0.9637	0.00536	45	0.9938	323	0.070	0.9962	99.7742	99.9773	0.0303	1.57	AlfI:99.93,AloI:99.95,BcgI:99.93,FalI:99.96	8115	45	7166	1401	157.8	ok	99.9184	gamma	99.8103	ok
NZ_CP015831.1	NZ_CP062778.1	99.9152	99.9335	0.9459	0.9453	0.00552	50	0.9931	328	0.070	0.9960	99.7867	99.9697	0.0156	0.20	AlfI:99.93,AloI:99.93,BcgI:99.93,FalI:99.94	8079	50	7121	903	141.18	ok	99.9152	gamma	99.8218	ok
NZ_CP015831.1	NZ_CP062700.1	99.9146	99.9330	0.9463	0.9497	0.00554	45	0.9937	277	0.070	0.9959	99.7867	99.9691	0.0114	0.09	AlfI:99.93,AloI:99.93,BcgI:99.93,FalI:99.94	8015	45	7121	903	156.15555555555557	ok	99.9146	gamma	99.8218	ok
NZ_CP015831.1	NZ_CP062702.1	99.9764	99.9764	0.9542	0.9615	0.00327	38	0.9948	351	inf	0.9986	99.9125	99.9921	0.0215	2.30	AlfI:99.97,AloI:99.99,BcgI:99.98,FalI:99.98	8093	38	7156	1402	187.60526315789474	ok	99.9764	uniform	99.9345	ok
NZ_CP015831.1	NZ_CP062705.1	99.9096	99.9321	0.9560	0.9585	0.00556	51	0.9930	370	0.070	0.9959	99.7540	99.9761	0.0281	0.74	AlfI:99.93,AloI:99.96,BcgI:99.93,FalI:99.94	8132	51	7183	1399	139.66666666666666	ok	99.9096	gamma	99.7917	ok
NZ_CP015831.1	NZ_CP062708.1	99.9096	99.9321	0.9560	0.9585	0.00556	51	0.9930	370	0.070	0.9959	99.7540	99.9761	0.0281	0.74	AlfI:99.93,AloI:99.96,BcgI:99.93,FalI:99.94	8132	51	7183	1399	139.66666666666666	ok	99.9096	gamma	99.7917	ok
NZ_CP015831.1	NZ_CP062711.1	99.9096	99.9321	0.9560	0.9646	0.00556	51	0.9930	370	0.070	0.9959	99.7540	99.9761	0.0281	0.74	AlfI:99.93,AloI:99.96,BcgI:99.93,FalI:99.94	8132	51	7183	1399	139.66666666666666	ok	99.9096	gamma	99.7917	ok
NZ_CP015831.1	NZ_CP062713.1	99.9096	99.9321	0.9560	0.9648	0.00556	51	0.9930	370	0.070	0.9959	99.7540	99.9761	0.0281	0.74	AlfI:99.93,AloI:99.96,BcgI:99.93,FalI:99.94	8132	51	7183	1399	139.66666666666666	ok	99.9096	gamma	99.7917	ok
NZ_CP015831.1	NZ_CP062715.1	99.9186	99.9375	0.9533	0.9636	0.00534	52	0.9928	372	0.070	0.9962	99.7698	99.9790	0.0207	0.53	AlfI:99.94,AloI:99.96,BcgI:99.93,FalI:99.95	8161	52	7172	1400	137.03846153846155	ok	99.9186	gamma	99.8062	ok
NZ_CP015831.1	NZ_CP062717.1	99.9186	99.9375	0.9534	0.9638	0.00534	51	0.9930	366	0.070	0.9962	99.7698	99.9790	0.0207	0.53	AlfI:99.94,AloI:99.96,BcgI:99.93,FalI:99.95	8146	51	7172	1400	139.5686274509804	ok	99.9186	gamma	99.8062	ok
NZ_CP015831.1	NZ_CP062719.1	99.9190	99.9376	0.9556	0.9559	0.00533	49	0.9933	355	0.070	0.9962	99.7724	99.9784	0.0200	0.49	AlfI:99.93,AloI:99.94,BcgI:99.94,FalI:99.95	8131	49	7182	1399	145.16326530612244	ok	99.9190	gamma	99.8086	ok
NZ_CP015831.1	NZ_CP062721.1	99.9177	99.9367	0.9556	0.9559	0.00537	49	0.9933	355	0.070	0.9962	99.7724	99.9773	0.0126	0.26	AlfI:99.93,AloI:99.94,BcgI:99.94,FalI:99.94	8131	49	7182	1399	145.16326530612244	ok	99.9177	gamma	99.8086	ok
NZ_CP015831.1	NZ_CP062723.1	99.9189	99.9379	0.9529	0.9621	0.00532	54	0.9926	379	0.070	0.9962	99.7674	99.9801	0.0200	0.49	AlfI:99.94,AloI:99.96,BcgI:99.94,FalI:99.95	8149	54	7169	1400	131.96296296296296	ok	99.9189	gamma	99.8040	ok
NZ_CP015831.1	NZ_CP062725.1	99.9189	99.9380	0.9532	0.9648	0.00532	48	0.9934	360	0.070	0.9962	99.7675	99.9801	0.0199	0.49	AlfI:99.94,AloI:99.96,BcgI:99.94,FalI:99.95	8181	48	7172	1400	148.10416666666666	ok	99.9189	gamma	99.8041	ok
NZ_CP015831.1	NZ_CP062727.1	99.9214	99.9395	0.9559	0.9650	0.00525	49	0.9933	371	0.070	0.9963	99.7725	99.9807	0.0276	0.83	AlfI:99.93,AloI:99.96,BcgI:99.94,FalI:99.95	8144	49	7183	1400	145.51020408163265	ok	99.9214	gamma	99.8086	ok
NZ_CP015831.1	NZ_CP062729.1	99.9192	99.9380	0.9530	0.9623	0.00532	51	0.9930	366	0.070	0.9962	99.7697	99.9795	0.0200	0.49	AlfI:99.94,AloI:99.96,BcgI:99.94,FalI:99.95	8150	51	7169	1400	139.50980392156862	ok	99.9192	gamma	99.8061	ok
NZ_CP015831.1	NZ_CP062780.1	99.9192	99.9380	0.9529	0.9616	0.00532	51	0.9930	366	0.070	0.9962	99.7697	99.9795	0.0200	0.49	AlfI:99.94,AloI:99.96,BcgI:99.94,FalI:99.95	8150	51	7169	1400	139.50980392156862	ok	99.9192	gamma	99.8061	ok
NZ_CP015831.1	NZ_CP062731.1	99.9192	99.9380	0.9529	0.9616	0.00532	51	0.9930	366	0.070	0.9962	99.7697	99.9795	0.0200	0.49	AlfI:99.94,AloI:99.96,BcgI:99.94,FalI:99.95	8150	51	7169	1400	139.50980392156862	ok	99.9192	gamma	99.8061	ok
NZ_CP015831.1	NZ_CP062733.1	99.9218	99.9398	0.9526	0.9611	0.00524	52	0.9928	362	0.070	0.9963	99.7720	99.9812	0.0250	0.76	AlfI:99.94,AloI:99.96,BcgI:99.94,FalI:99.95	8151	52	7168	1400	136.82692307692307	ok	99.9218	gamma	99.8082	ok
NZ_CP015831.1	NZ_CP062739.1	99.9192	99.9380	0.9529	0.9619	0.00532	63	0.9918	1161	0.070	0.9962	99.7697	99.9795	0.0200	0.49	AlfI:99.94,AloI:99.96,BcgI:99.94,FalI:99.95	8585	63	7169	1400	119.7936507936508	ok	99.9192	gamma	99.8061	ok
NZ_CP015831.1	NZ_CP062736.1	99.9192	99.9380	0.9529	0.9611	0.00532	51	0.9930	366	0.070	0.9962	99.7697	99.9795	0.0200	0.49	AlfI:99.94,AloI:99.96,BcgI:99.94,FalI:99.95	8150	51	7169	1400	139.50980392156862	ok	99.9192	gamma	99.8061	ok
NZ_CP015831.1	NZ_CP062742.1	99.9233	99.9413	0.9559	0.9650	0.00517	48	0.9934	367	0.070	0.9964	99.7679	99.9841	0.0249	0.67	AlfI:99.94,AloI:99.96,BcgI:99.94,FalI:99.95	8161	48	7183	1400	148.54166666666666	ok	99.9233	gamma	99.8044	ok
NZ_CP015831.1	NZ_CP062744.1	99.9192	99.9380	0.9529	0.9616	0.00532	52	0.9928	374	0.070	0.9962	99.7697	99.9795	0.0200	0.49	AlfI:99.94,AloI:99.96,BcgI:99.94,FalI:99.95	8151	52	7169	1400	136.90384615384616	ok	99.9192	gamma	99.8061	ok
NZ_CP015831.1	NZ_CP062746.1	99.9201	99.9384	0.9534	0.9638	0.00530	52	0.9928	374	0.070	0.9963	99.7721	99.9795	0.0199	0.46	AlfI:99.94,AloI:99.96,BcgI:99.94,FalI:99.95	8151	52	7172	1400	136.96153846153845	ok	99.9201	gamma	99.8083	ok
NZ_CP015831.1	NZ_CP062749.1	99.9164	99.9358	0.9559	0.9642	0.00541	48	0.9934	350	0.070	0.9961	99.7702	99.9767	0.0203	0.50	AlfI:99.93,AloI:99.95,BcgI:99.94,FalI:99.95	8124	48	7183	1400	148.0625	ok	99.9164	gamma	99.8065	ok
NZ_CP015831.1	NZ_CP062752.1	99.9177	99.9371	0.9530	0.9632	0.00536	52	0.9928	367	0.070	0.9962	99.7675	99.9790	0.0226	0.59	AlfI:99.94,AloI:99.96,BcgI:99.93,FalI:99.95	8149	52	7172	1399	136.8653846153846	ok	99.9177	gamma	99.8041	ok
NZ_CP015831.1	NZ_CP062755.1	99.9131	99.9344	0.9559	0.9628	0.00547	46	0.9937	348	0.070	0.9960	99.7587	99.9779	0.0129	0.21	AlfI:99.93,AloI:99.94,BcgI:99.94,FalI:99.94	8141	46	7183	1400	154.6304347826087	ok	99.9131	gamma	99.7959	ok
NZ_CP015831.1	NZ_CP062761.1	99.9211	99.9394	0.9555	0.9633	0.00525	50	0.9931	379	0.070	0.9963	99.7701	99.9813	0.0199	0.42	AlfI:99.94,AloI:99.96,BcgI:99.94,FalI:99.95	8162	50	7180	1400	142.72	ok	99.9211	gamma	99.8064	ok
NZ_CP015831.1	NZ_CP062758.1	99.9150	99.9362	0.9565	0.9652	0.00539	49	0.9933	369	0.070	0.9961	99.7541	99.9813	0.0226	0.64	AlfI:99.93,AloI:99.96,BcgI:99.93,FalI:99.95	8155	49	7185	1400	145.48979591836735	ok	99.9150	gamma	99.7917	ok
NZ_CP015831.1	NZ_CP062763.1	99.9206	99.9390	0.9552	0.9620	0.00527	48	0.9934	356	0.070	0.9963	99.7700	99.9807	0.0188	0.43	AlfI:99.94,AloI:99.96,BcgI:99.94,FalI:99.95	8161	48	7179	1400	148.35416666666666	ok	99.9206	gamma	99.8064	ok
NZ_CP015831.1	NZ_CP062766.1	99.9182	99.9372	0.9558	0.9648	0.00535	48	0.9934	366	0.070	0.9962	99.7702	99.9784	0.0212	0.56	AlfI:99.93,AloI:99.96,BcgI:99.93,FalI:99.95	8183	48	7183	1400	148.33333333333334	ok	99.9182	gamma	99.8065	ok
NZ_CP015831.1	NZ_CP062782.1	99.9186	99.9380	0.9554	0.9483	0.00531	43	0.9941	330	0.070	0.9962	99.7632	99.9813	0.0303	1.00	AlfI:99.93,AloI:99.96,BcgI:99.94,FalI:99.95	8192	43	7182	1400	165.06976744186048	ok	99.9186	gamma	99.8001	ok
NZ_CP015831.1	NZ_CP062769.1	99.9190	99.9371	0.9434	0.9564	0.00537	42	0.9942	251	0.070	0.9962	99.7776	99.9766	0.0185	0.56	AlfI:99.94,AloI:99.95,BcgI:99.93,FalI:99.95	7986	42	7125	1400	166.95238095238096	ok	99.9190	gamma	99.8134	ok
NZ_CP015831.1	NZ_CP062771.1	99.9263	99.9422	0.9550	0.9644	0.00513	48	0.9934	367	0.070	0.9965	99.7861	99.9807	0.0172	0.53	AlfI:99.94,AloI:99.96,BcgI:99.94,FalI:99.95	8132	48	7175	1400	148.33333333333334	ok	99.9263	gamma	99.8211	ok
NZ_CP015831.1	NZ_CP062774.1	99.9170	99.9370	0.9527	0.9572	0.00536	53	0.9927	363	0.070	0.9962	99.7606	99.9807	0.0151	0.23	AlfI:99.94,AloI:99.95,BcgI:99.93,FalI:99.94	8146	53	7171	1399	134.20754716981133	ok	99.9170	gamma	99.7977	ok
NZ_CP018237.1	NZ_CP018239.1	99.9507	99.9564	0.9670	0.9726	0.00449	62	0.9915	395	0.070	0.9974	99.8800	99.9752	0.0286	1.55	AlfI:99.95,AloI:99.97,BcgI:99.96,FalI:99.97	7979	62	7007	1053	114.12903225806451	ok	99.9507	gamma	99.9062	ok
NZ_CP018237.1	NZ_CP018245.1	99.9499	99.9557	0.9602	0.9642	0.00454	67	0.9908	433	0.070	0.9973	99.8795	99.9745	0.0298	2.64	AlfI:99.95,AloI:99.98,BcgI:99.95,FalI:99.97	8019	67	6975	1049	105.43283582089552	ok	99.9499	gamma	99.9058	ok
NZ_CP018237.1	NZ_CP018243.1	99.9509	99.9568	0.9515	0.9672	0.00451	63	0.9912	387	0.070	0.9974	99.8760	99.9766	0.0313	1.78	AlfI:99.95,AloI:99.98,BcgI:99.96,FalI:99.96	7874	63	6914	903	110.55555555555556	ok	99.9509	gamma	99.9029	ok
NZ_CP018237.1	NZ_CP018252.2	99.9659	99.9686	0.9697	0.9660	0.00380	77	0.9897	589	0.070	0.9981	99.9133	99.9822	0.0237	1.49	AlfI:99.96,AloI:99.99,BcgI:99.97,FalI:99.97	8235	77	7031	1052	94.14285714285714	ok	99.9659	gamma	99.9353	ok
NZ_CP018237.1	NZ_CP018247.1	99.9417	99.9497	0.9598	0.9707	0.00484	59	0.9919	386	0.070	0.9969	99.8606	99.9716	0.0360	1.57	AlfI:99.94,AloI:99.97,BcgI:99.95,FalI:99.94	7953	59	6980	1053	119.20338983050847	ok	99.9417	gamma	99.8890	ok
NZ_CP018237.1	NZ_CP018241.1	99.9578	99.9617	0.9584	0.9652	0.00422	54	0.9926	336	0.070	0.9977	99.9029	99.9762	0.0349	3.08	AlfI:99.95,AloI:99.99,BcgI:99.96,FalI:99.97	7914	54	6957	904	129.46296296296296	ok	99.9578	gamma	99.9264	ok
NZ_CP018237.1	NZ_CP018250.1	99.9620	99.9656	0.9610	0.9757	0.00400	60	0.9918	454	0.070	0.9979	99.9009	99.9815	0.0274	2.23	AlfI:99.96,AloI:99.98,BcgI:99.97,FalI:99.98	8057	60	6983	904	118.18333333333334	ok	99.9620	gamma	99.9246	ok
NZ_CP018237.1	NZ_CP038282.1	99.9630	99.9664	0.9576	0.9738	0.00396	56	0.9923	355	0.070	0.9980	99.9051	99.9814	0.0249	1.59	AlfI:99.96,AloI:99.97,BcgI:99.97,FalI:99.98	7963	56	6947	1052	125.19642857142857	ok	99.9630	gamma	99.9284	ok
NZ_CP018237.1	NZ_CP038284.1	99.9416	99.9497	0.9614	0.9620	0.00484	79	0.9893	554	0.070	0.9969	99.8584	99.9722	0.0276	1.33	AlfI:99.94,AloI:99.96,BcgI:99.95,FalI:99.96	8141	79	6988	1051	90.70886075949367	ok	99.9416	gamma	99.8871	ok
NZ_CP018237.1	NZ_CP038290.1	99.9482	99.9542	0.9529	0.9457	0.00462	62	0.9914	302	0.070	0.9972	99.8815	99.9721	0.0225	0.80	AlfI:99.95,AloI:99.97,BcgI:99.95,FalI:99.95	7951	62	6953	1049	111.95161290322581	ok	99.9482	gamma	99.9076	ok
NZ_CP018237.1	NZ_CP038292.1	99.9444	99.9516	0.9605	0.9654	0.00475	72	0.9902	464	0.070	0.9971	99.8679	99.9722	0.0248	1.12	AlfI:99.94,AloI:99.96,BcgI:99.96,FalI:99.96	8062	72	6986	1050	98.77777777777777	ok	99.9444	gamma	99.8955	ok
NZ_CP018237.1	NZ_CP038300.1	99.9478	99.9540	0.9605	0.9660	0.00463	77	0.9895	567	0.070	0.9972	99.8797	99.9722	0.0206	0.82	AlfI:99.94,AloI:99.96,BcgI:99.96,FalI:99.96	8157	77	6986	1051	93.20779220779221	ok	99.9478	gamma	99.9060	ok
NZ_CP018237.1	NZ_CP038302.1	99.9420	99.9498	0.9624	0.9438	0.00483	79	0.9893	565	0.070	0.9969	99.8632	99.9710	0.0147	0.52	AlfI:99.94,AloI:99.95,BcgI:99.95,FalI:99.96	8167	79	6990	899	90.77215189873418	ok	99.9420	gamma	99.8913	ok
NZ_CP018237.1	NZ_CP038309.1	99.9419	99.9497	0.9609	0.9393	0.00484	65	0.9910	358	0.070	0.9969	99.8632	99.9710	0.0288	1.49	AlfI:99.94,AloI:99.96,BcgI:99.95,FalI:99.96	8053	65	6988	1031	107.70769230769231	ok	99.9419	gamma	99.8913	ok
NZ_CP018237.1	NZ_CP038319.1	99.9457	99.9525	0.9598	0.9760	0.00471	72	0.9902	490	0.070	0.9971	99.8747	99.9716	0.0367	2.65	AlfI:99.94,AloI:99.96,BcgI:99.95,FalI:99.98	8118	72	6974	1052	99.125	ok	99.9457	gamma	99.9016	ok
NZ_CP018237.1	NZ_CP038333.1	99.9400	99.9484	0.9629	0.9577	0.00490	74	0.9899	509	0.070	0.9969	99.8587	99.9705	0.0355	1.76	AlfI:99.94,AloI:99.97,BcgI:99.95,FalI:99.96	8122	74	7000	1051	96.60810810810811	ok	99.9400	gamma	99.8873	ok
NZ_CP018237.1	NZ_CP038339.1	99.9570	99.9611	0.9665	0.9628	0.00425	62	0.9915	416	0.070	0.9976	99.9012	99.9758	0.0315	2.41	AlfI:99.95,AloI:99.97,BcgI:99.96,FalI:99.98	8027	62	7003	1051	114.3225806451613	ok	99.9570	gamma	99.9248	ok
NZ_CP018237.1	NZ_CP038342.1	99.9524	99.9587	0.9650	0.9685	0.00438	62	0.9915	433	0.070	0.9975	99.8635	99.9821	0.0186	0.87	AlfI:99.96,AloI:99.97,BcgI:99.96,FalI:99.97	8196	62	7005	1050	114.45161290322581	ok	99.9524	gamma	99.8915	ok
NZ_CP018237.1	NZ_CP038344.1	99.9264	99.9392	0.9562	0.9670	0.00533	62	0.9914	348	0.070	0.9963	99.8271	99.9668	0.0655	6.70	AlfI:99.91,AloI:99.97,BcgI:99.95,FalI:99.97	7874	62	6964	711	112.43548387096774	ok	99.9264	gamma	99.8589	ok
NZ_CP018237.1	NZ_CP038346.1	99.9639	99.9667	0.9672	0.9476	0.00393	73	0.9902	596	0.070	0.9980	99.9177	99.9787	0.0108	0.21	AlfI:99.96,AloI:99.97,BcgI:99.97,FalI:99.97	8204	73	7007	1052	98.9041095890411	ok	99.9639	gamma	99.9392	ok
NZ_CP018237.1	NZ_CP038349.1	99.9653	99.9653	0.9509	0.9626	0.00403	57	0.9921	390	inf	0.9979	99.8929	99.9831	0.0208	1.29	AlfI:99.96,AloI:99.97,BcgI:99.96,FalI:99.98	8041	57	6925	1050	122.71929824561404	ok	99.9653	uniform	99.9177	ok
NZ_CP018237.1	NZ_CP038351.1	99.9502	99.9564	0.9653	0.9593	0.00449	70	0.9905	510	0.070	0.9974	99.8707	99.9775	0.0223	0.91	AlfI:99.95,AloI:99.96,BcgI:99.96,FalI:99.97	8273	70	7010	1050	102.22857142857143	ok	99.9502	gamma	99.8979	ok
NZ_CP018237.1	NZ_CP038353.1	99.9346	99.9447	0.9642	0.9660	0.00507	69	0.9905	430	0.070	0.9966	99.8468	99.9687	0.0306	2.00	AlfI:99.94,AloI:99.96,BcgI:99.94,FalI:99.97	8081	69	6999	1052	102.69565217391305	ok	99.9346	gamma	99.8766	ok
NZ_CP018237.1	NZ_CP038355.1	99.9412	99.9488	0.9607	0.9666	0.00488	72	0.9901	456	0.070	0.9969	99.8679	99.9687	0.0203	0.65	AlfI:99.94,AloI:99.95,BcgI:99.95,FalI:99.96	8064	72	6988	1051	98.72222222222223	ok	99.9412	gamma	99.8955	ok
NZ_CP018237.1	NZ_CP038357.1	99.9476	99.9549	0.9646	0.9644	0.00458	68	0.9907	494	0.070	0.9973	99.8585	99.9786	0.0322	1.22	AlfI:99.95,AloI:99.94,BcgI:99.96,FalI:99.97	8210	68	6991	901	104.55882352941177	ok	99.9476	gamma	99.8871	ok
NZ_CP018237.1	NZ_CP038360.1	99.9397	99.9477	0.9596	0.9620	0.00494	64	0.9912	399	0.070	0.9968	99.8674	99.9674	0.0275	1.32	AlfI:99.95,AloI:99.95,BcgI:99.94,FalI:99.97	7977	64	6964	1051	109.84375	ok	99.9397	gamma	99.8951	ok
NZ_CP018237.1	NZ_CP038366.1	99.9500	99.9555	0.9669	0.9631	0.00454	53	0.9928	374	0.070	0.9973	99.8871	99.9723	0.0440	6.53	AlfI:99.94,AloI:99.98,BcgI:99.95,FalI:99.99	8020	53	7005	1049	132.88679245283018	ok	99.9500	gamma	99.9125	ok
NZ_CP018237.1	NZ_CP038372.1	99.9368	99.9473	0.9717	0.9673	0.00493	80	0.9893	663	0.070	0.9968	99.8316	99.9758	0.0115	0.15	AlfI:99.94,AloI:99.95,BcgI:99.95,FalI:99.94	8492	80	7052	1050	91.2875	ok	99.9368	gamma	99.8628	ok
NZ_CP018237.1	NZ_CP038402.1	99.9547	99.9592	0.9518	0.9481	0.00437	69	0.9904	401	0.070	0.9975	99.8954	99.9749	0.0161	0.36	AlfI:99.96,AloI:99.96,BcgI:99.96,FalI:99.95	7947	69	6929	902	101.3768115942029	ok	99.9547	gamma	99.9199	ok
NZ_CP018237.1	NZ_CP038414.1	99.9602	99.9634	0.9660	0.9650	0.00411	71	0.9904	596	0.070	0.9978	99.9153	99.9752	0.0163	0.50	AlfI:99.96,AloI:99.97,BcgI:99.97,FalI:99.96	8223	71	7003	903	101.69014084507042	ok	99.9602	gamma	99.9371	ok
NZ_CP018237.1	NZ_CP038416.1	99.9563	99.9606	0.9665	0.9593	0.00427	63	0.9914	434	0.070	0.9976	99.8988	99.9758	0.0272	1.57	AlfI:99.95,AloI:99.97,BcgI:99.96,FalI:99.98	8010	63	7002	1052	112.55555555555556	ok	99.9563	gamma	99.9228	ok
NZ_CP018237.1	NZ_CP039834.1	99.9555	99.9602	0.9687	0.9744	0.00429	67	0.9909	472	0.070	0.9976	99.8896	99.9775	0.0176	1.03	AlfI:99.96,AloI:99.97,BcgI:99.96,FalI:99.97	8158	67	7017	1052	106.7910447761194	ok	99.9555	gamma	99.9147	ok
NZ_CP018237.1	NZ_CP062778.1	99.9386	99.9485	0.9668	0.9636	0.00489	75	0.9898	518	0.070	0.9969	99.8378	99.9757	0.0319	1.17	AlfI:99.94,AloI:99.96,BcgI:99.96,FalI:99.93	8139	75	7014	1049	95.49333333333334	ok	99.9386	gamma	99.8684	ok
NZ_CP018237.1	NZ_CP062700.1	99.9356	99.9455	0.9613	0.9628	0.00504	68	0.9907	430	0.070	0.9967	99.8442	99.9704	0.0186	0.69	AlfI:99.94,AloI:99.95,BcgI:99.95,FalI:99.93	8031	68	6985	1049	104.02941176470588	ok	99.9356	gamma	99.8743	ok
NZ_CP018237.1	NZ_CP062702.1	99.9573	99.9619	0.9517	0.9565	0.00423	58	0.9920	371	0.070	0.9977	99.8879	99.9801	0.0337	3.29	AlfI:99.95,AloI:99.99,BcgI:99.96,FalI:99.98	7946	58	6907	903	120.08620689655173	ok	99.9573	gamma	99.9133	ok
NZ_CP018237.1	NZ_CP062705.1	99.9611	99.9645	0.9723	0.9615	0.00404	74	0.9901	586	0.070	0.9978	99.9064	99.9788	0.0149	0.45	AlfI:99.96,AloI:99.97,BcgI:99.97,FalI:99.96	8212	74	7042	1050	97.83783783783784	ok	99.9611	gamma	99.9293	ok
NZ_CP018237.1	NZ_CP062708.1	99.9617	99.9650	0.9723	0.9615	0.00402	74	0.9901	586	0.070	0.9979	99.9088	99.9788	0.0149	0.50	AlfI:99.96,AloI:99.97,BcgI:99.97,FalI:99.96	8212	74	7042	1050	97.85135135135135	ok	99.9617	gamma	99.9314	ok
NZ_CP018237.1	NZ_CP062711.1	99.9617	99.9650	0.9723	0.9677	0.00402	74	0.9901	586	0.070	0.9979	99.9088	99.9788	0.0149	0.50	AlfI:99.96,AloI:99.97,BcgI:99.97,FalI:99.96	8212	74	7042	1050	97.85135135135135	ok	99.9617	gamma	99.9314	ok
NZ_CP018237.1	NZ_CP062713.1	99.9611	99.9645	0.9723	0.9679	0.00404	74	0.9901	586	0.070	0.9978	99.9064	99.9788	0.0149	0.45	AlfI:99.96,AloI:99.97,BcgI:99.97,FalI:99.96	8212	74	7042	1050	97.83783783783784	ok	99.9611	gamma	99.9293	ok
NZ_CP018237.1	NZ_CP062715.1	99.9641	99.9671	0.9663	0.9671	0.00390	75	0.9899	579	0.070	0.9980	99.9106	99.9810	0.0173	0.59	AlfI:99.96,AloI:99.98,BcgI:99.97,FalI:99.97	8199	75	7003	1051	96.09333333333333	ok	99.9641	gamma	99.9330	ok
NZ_CP018237.1	NZ_CP062717.1	99.9661	99.9686	0.9701	0.9673	0.00380	74	0.9900	577	0.070	0.9981	99.9180	99.9811	0.0159	0.50	AlfI:99.96,AloI:99.98,BcgI:99.97,FalI:99.97	8233	74	7032	1051	97.77027027027027	ok	99.9661	gamma	99.9394	ok
NZ_CP018237.1	NZ_CP062719.1	99.9601	99.9636	0.9729	0.9605	0.00409	70	0.9905	536	0.070	0.9978	99.9064	99.9776	0.0129	0.50	AlfI:99.96,AloI:99.96,BcgI:99.97,FalI:99.97	8204	70	7043	1051	102.81428571428572	ok	99.9601	gamma	99.9294	ok
NZ_CP018237.1	NZ_CP062721.1	99.9584	99.9622	0.9729	0.9605	0.00417	69	0.9907	528	0.070	0.9977	99.9041	99.9765	0.0095	0.34	AlfI:99.96,AloI:99.96,BcgI:99.97,FalI:99.96	8204	69	7043	1051	104.23188405797102	ok	99.9584	gamma	99.9273	ok
NZ_CP018237.1	NZ_CP062723.1	99.9648	99.9677	0.9701	0.9671	0.00386	74	0.9900	577	0.070	0.9980	99.9110	99.9816	0.0159	0.53	AlfI:99.96,AloI:99.98,BcgI:99.97,FalI:99.97	8238	74	7032	1050	97.72972972972973	ok	99.9648	gamma	99.9333	ok
NZ_CP018237.1	NZ_CP062725.1	99.9626	99.9659	0.9725	0.9668	0.00396	73	0.9902	588	0.070	0.9979	99.9064	99.9805	0.0122	0.26	AlfI:99.96,AloI:99.97,BcgI:99.97,FalI:99.97	8292	73	7038	1050	99.24657534246575	ok	99.9626	gamma	99.9293	ok
NZ_CP018237.1	NZ_CP062727.1	99.9671	99.9696	0.9730	0.9682	0.00374	75	0.9899	581	0.070	0.9982	99.9181	99.9822	0.0145	0.42	AlfI:99.97,AloI:99.98,BcgI:99.97,FalI:99.97	8219	75	7043	1051	96.57333333333334	ok	99.9671	gamma	99.9395	ok
NZ_CP018237.1	NZ_CP062729.1	99.9661	99.9686	0.9703	0.9677	0.00380	74	0.9900	578	0.070	0.9981	99.9180	99.9811	0.0159	0.50	AlfI:99.96,AloI:99.98,BcgI:99.97,FalI:99.97	8240	74	7032	1051	97.77027027027027	ok	99.9661	gamma	99.9394	ok
NZ_CP018237.1	NZ_CP062780.1	99.9655	99.9682	0.9697	0.9665	0.00383	74	0.9900	577	0.070	0.9981	99.9157	99.9810	0.0159	0.50	AlfI:99.96,AloI:99.98,BcgI:99.97,FalI:99.97	8240	74	7031	1051	97.74324324324324	ok	99.9655	gamma	99.9374	ok
NZ_CP018237.1	NZ_CP062731.1	99.9661	99.9686	0.9697	0.9665	0.00380	74	0.9900	577	0.070	0.9981	99.9180	99.9810	0.0159	0.50	AlfI:99.96,AloI:99.98,BcgI:99.97,FalI:99.97	8240	74	7031	1051	97.75675675675676	ok	99.9661	gamma	99.9394	ok
NZ_CP018237.1	NZ_CP062733.1	99.9666	99.9691	0.9697	0.9659	0.00377	74	0.9900	577	0.070	0.9981	99.9180	99.9816	0.0159	0.50	AlfI:99.96,AloI:99.98,BcgI:99.97,FalI:99.97	8239	74	7031	1051	97.77027027027027	ok	99.9666	gamma	99.9394	ok
NZ_CP018237.1	NZ_CP062739.1	99.9655	99.9682	0.9697	0.9665	0.00383	78	0.9898	1008	0.070	0.9981	99.9157	99.9810	0.0159	0.50	AlfI:99.96,AloI:99.98,BcgI:99.97,FalI:99.97	8479	78	7031	1051	95.82051282051282	ok	99.9655	gamma	99.9374	ok
NZ_CP018237.1	NZ_CP062736.1	99.9661	99.9686	0.9697	0.9659	0.00380	74	0.9900	577	0.070	0.9981	99.9180	99.9810	0.0159	0.50	AlfI:99.96,AloI:99.98,BcgI:99.97,FalI:99.97	8240	74	7031	1051	97.75675675675676	ok	99.9661	gamma	99.9394	ok
NZ_CP018237.1	NZ_CP062742.1	99.9643	99.9673	0.9730	0.9681	0.00388	75	0.9899	579	0.070	0.9980	99.9111	99.9811	0.0172	0.60	AlfI:99.96,AloI:99.98,BcgI:99.97,FalI:99.97	8247	75	7043	1051	96.57333333333334	ok	99.9643	gamma	99.9334	ok
NZ_CP018237.1	NZ_CP062744.1	99.9655	99.9682	0.9697	0.9660	0.00383	74	0.9900	576	0.070	0.9981	99.9157	99.9810	0.0159	0.50	AlfI:99.96,AloI:99.98,BcgI:99.97,FalI:99.97	8239	74	7031	1051	97.75675675675676	ok	99.9655	gamma	99.9374	ok
NZ_CP018237.1	NZ_CP062746.1	99.9662	99.9686	0.9701	0.9667	0.00380	74	0.9900	576	0.070	0.9981	99.9204	99.9805	0.0145	0.44	AlfI:99.97,AloI:99.98,BcgI:99.97,FalI:99.97	8238	74	7032	1051	97.77027027027027	ok	99.9662	gamma	99.9414	ok
NZ_CP018237.1	NZ_CP062749.1	99.9632	99.9664	0.9728	0.9674	0.00393	65	0.9912	504	0.070	0.9980	99.9088	99.9805	0.0199	0.78	AlfI:99.96,AloI:99.98,BcgI:99.97,FalI:99.97	8151	65	7043	1051	110.29230769230769	ok	99.9632	gamma	99.9314	ok
NZ_CP018237.1	NZ_CP062752.1	99.9660	99.9686	0.9712	0.9680	0.00380	74	0.9901	585	0.070	0.9981	99.9157	99.9816	0.0159	0.50	AlfI:99.96,AloI:99.98,BcgI:99.97,FalI:99.97	8240	74	7034	1051	97.82432432432432	ok	99.9660	gamma	99.9374	ok
NZ_CP018237.1	NZ_CP062755.1	99.9648	99.9678	0.9729	0.9673	0.00385	75	0.9899	580	0.070	0.9980	99.9111	99.9816	0.0095	0.16	AlfI:99.96,AloI:99.97,BcgI:99.97,FalI:99.97	8216	75	7043	1051	96.53333333333333	ok	99.9648	gamma	99.9334	ok
NZ_CP018237.1	NZ_CP062761.1	99.9660	99.9685	0.9686	0.9686	0.00381	74	0.9900	582	0.070	0.9981	99.9201	99.9804	0.0148	0.56	AlfI:99.96,AloI:99.97,BcgI:99.97,FalI:99.98	8209	74	7006	1051	97.51351351351352	ok	99.9660	gamma	99.9412	ok
NZ_CP018237.1	NZ_CP062758.1	99.9603	99.9640	0.9728	0.9673	0.00407	75	0.9899	577	0.070	0.9978	99.8994	99.9799	0.0136	0.37	AlfI:99.96,AloI:99.97,BcgI:99.96,FalI:99.97	8241	75	7043	1051	96.53333333333333	ok	99.9603	gamma	99.9232	ok
NZ_CP018237.1	NZ_CP062763.1	99.9635	99.9663	0.9707	0.9680	0.00394	76	0.9898	580	0.070	0.9980	99.9179	99.9782	0.0094	0.18	AlfI:99.96,AloI:99.97,BcgI:99.97,FalI:99.97	8230	76	7026	1051	95.14473684210526	ok	99.9635	gamma	99.9393	ok
NZ_CP018237.1	NZ_CP062766.1	99.9629	99.9660	0.9763	0.9691	0.00395	71	0.9905	608	0.070	0.9979	99.9113	99.9794	0.0186	0.68	AlfI:99.96,AloI:99.98,BcgI:99.97,FalI:99.97	8296	71	7057	1051	102.46478873239437	ok	99.9629	gamma	99.9336	ok
NZ_CP018237.1	NZ_CP062782.1	99.9620	99.9655	0.9755	0.9599	0.00399	69	0.9907	532	0.070	0.9979	99.9042	99.9805	0.0213	0.95	AlfI:99.96,AloI:99.98,BcgI:99.97,FalI:99.96	8249	69	7049	1051	104.46376811594203	ok	99.9620	gamma	99.9274	ok
NZ_CP018237.1	NZ_CP062769.1	99.9592	99.9630	0.9656	0.9618	0.00413	66	0.9910	451	0.070	0.9978	99.9014	99.9781	0.0070	0.08	AlfI:99.96,AloI:99.97,BcgI:99.96,FalI:99.97	8068	66	7019	1052	107.87878787878788	ok	99.9592	gamma	99.9250	ok
NZ_CP018237.1	NZ_CP062771.1	99.9646	99.9673	0.9730	0.9679	0.00388	71	0.9904	556	0.070	0.9980	99.9181	99.9794	0.0108	0.24	AlfI:99.96,AloI:99.97,BcgI:99.97,FalI:99.97	8207	71	7043	1051	101.64788732394366	ok	99.9646	gamma	99.9395	ok
NZ_CP018237.1	NZ_CP062774.1	99.9635	99.9668	0.9712	0.9619	0.00391	74	0.9900	585	0.070	0.9980	99.9040	99.9822	0.0033	0.05	AlfI:99.96,AloI:99.97,BcgI:99.97,FalI:99.97	8235	74	7034	1051	97.77027027027027	ok	99.9635	gamma	99.9272	ok
NZ_CP018239.1	NZ_CP018245.1	99.9439	99.9511	0.9709	0.9723	0.00477	50	0.9932	353	0.070	0.9970	99.8679	99.9716	0.0224	0.93	AlfI:99.95,AloI:99.95,BcgI:99.95,FalI:99.97	7905	50	6988	1118	140.72	ok	99.9439	gamma	99.8955	ok
NZ_CP018239.1	NZ_CP018243.1	99.9511	99.9567	0.9560	0.9693	0.00451	44	0.9939	279	0.070	0.9974	99.8806	99.9754	0.0184	0.33	AlfI:99.96,AloI:99.94,BcgI:99.96,FalI:99.95	7760	44	6904	1119	156.6818181818182	ok	99.9511	gamma	99.9070	ok
NZ_CP018239.1	NZ_CP018252.2	99.9578	99.9631	0.9657	0.9699	0.00415	64	0.9912	437	0.070	0.9978	99.8697	99.9860	0.0141	0.65	AlfI:99.96,AloI:99.97,BcgI:99.96,FalI:99.97	7969	64	6959	1052	110.4375	ok	99.9578	gamma	99.8972	ok
NZ_CP018239.1	NZ_CP018247.1	99.9516	99.9568	0.9541	0.9708	0.00450	48	0.9934	313	0.070	0.9974	99.8880	99.9737	0.0329	1.60	AlfI:99.95,AloI:99.94,BcgI:99.97,FalI:99.93	7798	48	6914	1054	144.5625	ok	99.9516	gamma	99.9134	ok
NZ_CP018239.1	NZ_CP018241.1	99.9620	99.9654	0.9613	0.9663	0.00402	42	0.9942	293	0.070	0.9979	99.9050	99.9802	0.0098	0.16	AlfI:99.96,AloI:99.97,BcgI:99.97,FalI:99.96	7805	42	6935	1119	165.33333333333334	ok	99.9620	gamma	99.9283	ok
NZ_CP018239.1	NZ_CP018250.1	99.9496	99.9560	0.9601	0.9717	0.00454	47	0.9935	319	0.070	0.9973	99.8694	99.9773	0.0297	0.54	AlfI:99.96,AloI:99.93,BcgI:99.96,FalI:99.96	7875	47	6945	914	148.17021276595744	ok	99.9496	gamma	99.8970	ok
NZ_CP018239.1	NZ_CP038282.1	99.9639	99.9669	0.9655	0.9784	0.00393	49	0.9933	356	0.070	0.9980	99.9124	99.9803	0.0253	0.76	AlfI:99.96,AloI:99.95,BcgI:99.97,FalI:99.97	7899	49	6959	1053	143.26530612244898	ok	99.9639	gamma	99.9347	ok
NZ_CP018239.1	NZ_CP038284.1	99.9575	99.9620	0.9550	0.9598	0.00422	59	0.9918	352	0.070	0.9977	99.8904	99.9795	0.0207	0.87	AlfI:99.96,AloI:99.95,BcgI:99.97,FalI:99.96	7872	59	6915	1052	118.10169491525424	ok	99.9575	gamma	99.9155	ok
NZ_CP018239.1	NZ_CP038290.1	99.9396	99.9484	0.9593	0.9472	0.00492	42	0.9942	209	0.070	0.9969	99.8526	99.9720	0.0215	0.42	AlfI:99.95,AloI:99.95,BcgI:99.95,FalI:99.93	7779	42	6937	1050	163.11904761904762	ok	99.9396	gamma	99.8820	ok
NZ_CP018239.1	NZ_CP038292.1	99.9493	99.9550	0.9580	0.9651	0.00459	58	0.9920	352	0.070	0.9973	99.8836	99.9726	0.0116	0.23	AlfI:99.95,AloI:99.95,BcgI:99.96,FalI:99.95	7878	58	6935	1051	120.53448275862068	ok	99.9493	gamma	99.9095	ok
NZ_CP018239.1	NZ_CP038300.1	99.9500	99.9560	0.9581	0.9659	0.00454	62	0.9914	391	0.070	0.9973	99.8788	99.9749	0.0135	0.34	AlfI:99.95,AloI:99.95,BcgI:99.96,FalI:99.95	7917	62	6935	1052	113.11290322580645	ok	99.9500	gamma	99.9053	ok
NZ_CP018239.1	NZ_CP038302.1	99.9538	99.9591	0.9567	0.9430	0.00438	61	0.9916	388	0.070	0.9975	99.8809	99.9784	0.0318	1.26	AlfI:99.96,AloI:99.94,BcgI:99.97,FalI:99.95	7905	61	6919	900	114.62295081967213	ok	99.9538	gamma	99.9072	ok
NZ_CP018239.1	NZ_CP038309.1	99.9526	99.9582	0.9549	0.9388	0.00443	47	0.9934	248	0.070	0.9975	99.8785	99.9778	0.0168	0.74	AlfI:99.95,AloI:99.95,BcgI:99.96,FalI:99.96	7831	47	6917	1032	146.19148936170214	ok	99.9526	gamma	99.9050	ok
NZ_CP018239.1	NZ_CP038319.1	99.9782	99.9794	0.9591	0.9814	0.00310	51	0.9930	368	0.070	0.9987	99.9359	99.9901	0.0201	1.91	AlfI:99.97,AloI:99.97,BcgI:99.98,FalI:99.99	7961	51	6932	1054	138.11764705882354	ok	99.9782	gamma	99.9547	ok
NZ_CP018239.1	NZ_CP038333.1	99.9518	99.9573	0.9552	0.9580	0.00448	59	0.9919	400	0.070	0.9974	99.8833	99.9754	0.0150	0.74	AlfI:99.95,AloI:99.95,BcgI:99.96,FalI:99.96	7908	59	6917	1052	118.88135593220339	ok	99.9518	gamma	99.9092	ok
NZ_CP018239.1	NZ_CP038339.1	99.9927	99.9927	0.9894	0.9795	0.00182	37	0.9951	346	inf	0.9996	99.9698	99.9983	0.0107	0.16	AlfI:99.99,AloI:100.00,BcgI:99.99,FalI:100.00	8022	37	7072	1103	192.94594594594594	ok	99.9927	uniform	99.9821	ok
NZ_CP018239.1	NZ_CP038342.1	99.9616	99.9655	0.9662	0.9754	0.00400	54	0.9926	357	0.070	0.9979	99.8913	99.9838	0.0177	0.83	AlfI:99.97,AloI:99.97,BcgI:99.96,FalI:99.98	8036	54	6974	1051	130.0185185185185	ok	99.9616	gamma	99.9162	ok
NZ_CP018239.1	NZ_CP038344.1	99.9476	99.9544	0.9533	0.9690	0.00463	49	0.9932	283	0.070	0.9972	99.8664	99.9760	0.0326	2.53	AlfI:99.93,AloI:99.97,BcgI:99.96,FalI:99.96	7768	49	6912	951	140.75510204081633	ok	99.9476	gamma	99.8943	ok
NZ_CP018239.1	NZ_CP038346.1	99.9604	99.9643	0.9745	0.9542	0.00407	60	0.9918	451	0.070	0.9978	99.8964	99.9809	0.0157	0.30	AlfI:99.96,AloI:99.97,BcgI:99.97,FalI:99.95	8028	60	6997	1053	118.61666666666666	ok	99.9604	gamma	99.9207	ok
NZ_CP018239.1	NZ_CP038349.1	99.9525	99.9583	0.9607	0.9724	0.00442	48	0.9934	334	0.070	0.9975	99.8742	99.9790	0.0340	0.71	AlfI:99.96,AloI:99.94,BcgI:99.96,FalI:99.97	7952	48	6942	1051	145.125	ok	99.9525	gamma	99.9012	ok
NZ_CP018239.1	NZ_CP038351.1	99.9584	99.9628	0.9679	0.9645	0.00416	60	0.9918	409	0.070	0.9977	99.8890	99.9809	0.0256	0.62	AlfI:99.96,AloI:99.95,BcgI:99.96,FalI:99.97	8104	60	6980	1051	117.81666666666666	ok	99.9584	gamma	99.9142	ok
NZ_CP018239.1	NZ_CP038353.1	99.9727	99.9727	0.9754	0.9779	0.00356	46	0.9938	360	inf	0.9983	99.8989	99.9908	0.0109	0.19	AlfI:99.97,AloI:99.98,BcgI:99.97,FalI:99.97	7990	46	7009	1054	153.69565217391303	ok	99.9727	uniform	99.9228	ok
NZ_CP018239.1	NZ_CP038355.1	99.9455	99.9522	0.9582	0.9664	0.00473	57	0.9921	328	0.070	0.9971	99.8741	99.9714	0.0151	0.40	AlfI:99.95,AloI:99.95,BcgI:99.96,FalI:99.94	7850	57	6937	1052	122.26315789473684	ok	99.9455	gamma	99.9011	ok
NZ_CP018239.1	NZ_CP038357.1	99.9566	99.9617	0.9658	0.9695	0.00423	57	0.9922	398	0.070	0.9977	99.8768	99.9825	0.0301	1.13	AlfI:99.96,AloI:99.95,BcgI:99.96,FalI:99.98	8044	57	6958	902	123.2280701754386	ok	99.9566	gamma	99.9035	ok
NZ_CP018239.1	NZ_CP038360.1	99.9707	99.9707	0.9728	0.9741	0.00369	41	0.9944	317	inf	0.9982	99.9033	99.9873	0.0114	0.16	AlfI:99.97,AloI:99.96,BcgI:99.97,FalI:99.97	7910	41	6987	1053	171.1951219512195	ok	99.9707	uniform	99.9267	ok
NZ_CP018239.1	NZ_CP038366.1	99.9449	99.9520	0.9823	0.9742	0.00471	43	0.9942	337	0.070	0.9971	99.8689	99.9724	0.0223	1.33	AlfI:99.95,AloI:99.97,BcgI:99.95,FalI:99.97	7947	43	7040	1050	164.2093023255814	ok	99.9449	gamma	99.8963	ok
NZ_CP018239.1	NZ_CP038372.1	99.9528	99.9585	0.9650	0.9652	0.00440	58	0.9921	420	0.070	0.9975	99.8746	99.9791	0.0321	1.01	AlfI:99.96,AloI:99.94,BcgI:99.96,FalI:99.97	8172	58	6969	1051	121.70689655172414	ok	99.9528	gamma	99.9015	ok
NZ_CP018239.1	NZ_CP038402.1	99.9445	99.9516	0.9573	0.9525	0.00476	51	0.9929	304	0.070	0.9971	99.8691	99.9719	0.0152	0.32	AlfI:99.96,AloI:99.95,BcgI:99.95,FalI:99.94	7795	51	6924	903	135.62745098039215	ok	99.9445	gamma	99.8967	ok
NZ_CP018239.1	NZ_CP038414.1	99.9643	99.9673	0.9623	0.9659	0.00390	59	0.9919	445	0.070	0.9980	99.9099	99.9814	0.0214	0.82	AlfI:99.96,AloI:99.97,BcgI:99.97,FalI:99.95	7981	59	6948	952	119.72881355932203	ok	99.9643	gamma	99.9325	ok
NZ_CP018239.1	NZ_CP038416.1	99.9959	99.9959	0.9894	0.9754	0.00135	38	0.9950	364	inf	0.9997	99.9814	99.9994	0.0056	0.08	AlfI:100.00,AloI:100.00,BcgI:99.99,FalI:100.00	8025	38	7071	1102	188.05263157894737	ok	99.9959	uniform	99.9907	ok
NZ_CP018239.1	NZ_CP039834.1	99.9558	99.9608	0.9668	0.9723	0.00427	51	0.9930	365	0.070	0.9976	99.8817	99.9803	0.0171	0.68	AlfI:99.96,AloI:99.97,BcgI:99.96,FalI:99.97	7949	51	6969	1053	137.86274509803923	ok	99.9558	gamma	99.9078	ok
NZ_CP018239.1	NZ_CP062778.1	99.9291	99.9419	0.9651	0.9610	0.00522	60	0.9917	399	0.070	0.9965	99.8197	99.9720	0.0105	0.15	AlfI:99.94,AloI:99.94,BcgI:99.94,FalI:99.93	7920	60	6952	1050	117.05	ok	99.9291	gamma	99.8522	ok
NZ_CP018239.1	NZ_CP062700.1	99.9285	99.9414	0.9656	0.9653	0.00524	53	0.9927	349	0.070	0.9964	99.8197	99.9714	0.0149	0.25	AlfI:99.94,AloI:99.94,BcgI:99.94,FalI:99.93	7870	53	6952	1050	131.83018867924528	ok	99.9285	gamma	99.8522	ok
NZ_CP018239.1	NZ_CP062702.1	99.9641	99.9671	0.9565	0.9587	0.00393	47	0.9935	333	0.070	0.9980	99.9093	99.9813	0.0101	0.30	AlfI:99.97,AloI:99.97,BcgI:99.96,FalI:99.97	7833	47	6901	952	147.51063829787233	ok	99.9641	gamma	99.9321	ok
NZ_CP018239.1	NZ_CP062705.1	99.9556	99.9613	0.9664	0.9658	0.00425	62	0.9915	433	0.070	0.9976	99.8675	99.9843	0.0182	0.64	AlfI:99.96,AloI:99.97,BcgI:99.96,FalI:99.97	7968	62	6966	1050	113.90322580645162	ok	99.9556	gamma	99.8952	ok
NZ_CP018239.1	NZ_CP062708.1	99.9562	99.9617	0.9664	0.9658	0.00423	62	0.9915	433	0.070	0.9977	99.8698	99.9843	0.0182	0.63	AlfI:99.96,AloI:99.97,BcgI:99.96,FalI:99.97	7968	62	6966	1050	113.91935483870968	ok	99.9562	gamma	99.8973	ok
NZ_CP018239.1	NZ_CP062711.1	99.9562	99.9617	0.9664	0.9720	0.00423	62	0.9915	433	0.070	0.9977	99.8698	99.9843	0.0182	0.63	AlfI:99.96,AloI:99.97,BcgI:99.96,FalI:99.97	7968	62	6966	1050	113.91935483870968	ok	99.9562	gamma	99.8973	ok
NZ_CP018239.1	NZ_CP062713.1	99.9556	99.9613	0.9664	0.9722	0.00425	62	0.9915	433	0.070	0.9976	99.8675	99.9843	0.0182	0.64	AlfI:99.96,AloI:99.97,BcgI:99.96,FalI:99.97	7968	62	6966	1050	113.90322580645162	ok	99.9556	gamma	99.8952	ok
NZ_CP018239.1	NZ_CP062715.1	99.9576	99.9629	0.9619	0.9698	0.00417	64	0.9912	435	0.070	0.9977	99.8692	99.9860	0.0141	0.64	AlfI:99.96,AloI:99.97,BcgI:99.96,FalI:99.97	7946	64	6930	1051	109.90625	ok	99.9576	gamma	99.8967	ok
NZ_CP018239.1	NZ_CP062717.1	99.9585	99.9636	0.9657	0.9700	0.00412	63	0.9914	433	0.070	0.9978	99.8721	99.9860	0.0141	0.61	AlfI:99.96,AloI:99.97,BcgI:99.96,FalI:99.97	7975	63	6959	1051	112.06349206349206	ok	99.9585	gamma	99.8993	ok
NZ_CP018239.1	NZ_CP062719.1	99.9570	99.9622	0.9684	0.9645	0.00420	56	0.9923	387	0.070	0.9977	99.8747	99.9837	0.0152	0.46	AlfI:99.96,AloI:99.96,BcgI:99.96,FalI:99.97	7955	56	6970	1051	125.51785714285714	ok	99.9570	gamma	99.9015	ok
NZ_CP018239.1	NZ_CP062721.1	99.9553	99.9608	0.9684	0.9645	0.00427	56	0.9923	387	0.070	0.9976	99.8723	99.9826	0.0064	0.07	AlfI:99.96,AloI:99.96,BcgI:99.96,FalI:99.97	7955	56	6970	1051	125.5	ok	99.9553	gamma	99.8994	ok
NZ_CP018239.1	NZ_CP062723.1	99.9570	99.9626	0.9657	0.9703	0.00418	63	0.9914	433	0.070	0.9977	99.8650	99.9866	0.0141	0.43	AlfI:99.96,AloI:99.97,BcgI:99.96,FalI:99.97	7972	63	6959	1050	112.03174603174604	ok	99.9570	gamma	99.8929	ok
NZ_CP018239.1	NZ_CP062725.1	99.9577	99.9631	0.9657	0.9702	0.00415	56	0.9923	397	0.070	0.9978	99.8673	99.9866	0.0141	0.65	AlfI:99.96,AloI:99.97,BcgI:99.96,FalI:99.97	7981	56	6959	1050	125.35714285714286	ok	99.9577	gamma	99.8951	ok
NZ_CP018239.1	NZ_CP062727.1	99.9591	99.9641	0.9682	0.9708	0.00409	60	0.9918	427	0.070	0.9978	99.8723	99.9866	0.0141	0.57	AlfI:99.96,AloI:99.97,BcgI:99.96,FalI:99.97	7978	60	6970	1051	117.81666666666666	ok	99.9591	gamma	99.8994	ok
NZ_CP018239.1	NZ_CP062729.1	99.9585	99.9636	0.9657	0.9704	0.00412	63	0.9914	432	0.070	0.9978	99.8721	99.9860	0.0141	0.61	AlfI:99.96,AloI:99.97,BcgI:99.96,FalI:99.97	7974	63	6959	1051	112.07936507936508	ok	99.9585	gamma	99.8993	ok
NZ_CP018239.1	NZ_CP062780.1	99.9578	99.9631	0.9657	0.9698	0.00415	63	0.9914	433	0.070	0.9978	99.8697	99.9860	0.0141	0.65	AlfI:99.96,AloI:99.97,BcgI:99.96,FalI:99.97	7974	63	6959	1051	112.06349206349206	ok	99.9578	gamma	99.8972	ok
NZ_CP018239.1	NZ_CP062731.1	99.9585	99.9636	0.9657	0.9698	0.00412	63	0.9914	433	0.070	0.9978	99.8721	99.9860	0.0141	0.61	AlfI:99.96,AloI:99.97,BcgI:99.96,FalI:99.97	7974	63	6959	1051	112.07936507936508	ok	99.9585	gamma	99.8993	ok
NZ_CP018239.1	NZ_CP062733.1	99.9585	99.9636	0.9657	0.9692	0.00412	62	0.9915	429	0.070	0.9978	99.8721	99.9860	0.0141	0.61	AlfI:99.96,AloI:99.97,BcgI:99.96,FalI:99.97	7973	62	6959	1051	113.83870967741936	ok	99.9585	gamma	99.8993	ok
NZ_CP018239.1	NZ_CP062739.1	99.9585	99.9636	0.9657	0.9693	0.00412	66	0.9912	829	0.070	0.9978	99.8721	99.9860	0.0141	0.61	AlfI:99.96,AloI:99.97,BcgI:99.96,FalI:99.97	8211	66	6959	1051	110.27272727272727	ok	99.9585	gamma	99.8993	ok
NZ_CP018239.1	NZ_CP062736.1	99.9585	99.9636	0.9657	0.9693	0.00412	63	0.9914	433	0.070	0.9978	99.8721	99.9860	0.0141	0.61	AlfI:99.96,AloI:99.97,BcgI:99.96,FalI:99.97	7974	63	6959	1051	112.07936507936508	ok	99.9585	gamma	99.8993	ok
NZ_CP018239.1	NZ_CP062742.1	99.9589	99.9641	0.9683	0.9709	0.00409	60	0.9918	424	0.070	0.9978	99.8699	99.9872	0.0141	0.57	AlfI:99.96,AloI:99.97,BcgI:99.96,FalI:99.97	7980	60	6970	1051	117.76666666666667	ok	99.9589	gamma	99.8973	ok
NZ_CP018239.1	NZ_CP062744.1	99.9578	99.9631	0.9657	0.9699	0.00415	63	0.9914	432	0.070	0.9978	99.8697	99.9860	0.0141	0.65	AlfI:99.96,AloI:99.97,BcgI:99.96,FalI:99.97	7973	63	6959	1051	112.07936507936508	ok	99.9578	gamma	99.8972	ok
NZ_CP018239.1	NZ_CP062746.1	99.9591	99.9640	0.9657	0.9699	0.00410	63	0.9914	432	0.070	0.9978	99.8745	99.9860	0.0127	0.54	AlfI:99.96,AloI:99.97,BcgI:99.96,FalI:99.97	7972	63	6959	1051	112.07936507936508	ok	99.9591	gamma	99.9014	ok
NZ_CP018239.1	NZ_CP062749.1	99.9596	99.9645	0.9684	0.9700	0.00407	52	0.9929	362	0.070	0.9978	99.8723	99.9872	0.0110	0.30	AlfI:99.96,AloI:99.97,BcgI:99.96,FalI:99.97	7920	52	6970	1051	134.6153846153846	ok	99.9596	gamma	99.8994	ok
NZ_CP018239.1	NZ_CP062752.1	99.9574	99.9626	0.9654	0.9693	0.00418	64	0.9912	436	0.070	0.9977	99.8721	99.9849	0.0155	0.72	AlfI:99.96,AloI:99.97,BcgI:99.96,FalI:99.97	7973	64	6959	1051	110.328125	ok	99.9574	gamma	99.8993	ok
NZ_CP018239.1	NZ_CP062755.1	99.9580	99.9631	0.9684	0.9686	0.00414	58	0.9921	414	0.070	0.9978	99.8723	99.9855	0.0141	0.65	AlfI:99.96,AloI:99.97,BcgI:99.96,FalI:99.97	7975	58	6970	1051	121.67241379310344	ok	99.9580	gamma	99.8994	ok
NZ_CP018239.1	NZ_CP062761.1	99.9616	99.9658	0.9643	0.9708	0.00400	60	0.9918	424	0.070	0.9979	99.8836	99.9860	0.0150	0.72	AlfI:99.96,AloI:99.97,BcgI:99.96,FalI:99.98	7953	60	6938	1051	117.28333333333333	ok	99.9616	gamma	99.9095	ok
NZ_CP018239.1	NZ_CP062758.1	99.9560	99.9617	0.9684	0.9704	0.00422	60	0.9918	424	0.070	0.9977	99.8652	99.9855	0.0155	0.81	AlfI:99.96,AloI:99.97,BcgI:99.96,FalI:99.97	7974	60	6970	1051	117.68333333333334	ok	99.9560	gamma	99.8931	ok
NZ_CP018239.1	NZ_CP062763.1	99.9562	99.9616	0.9654	0.9702	0.00424	61	0.9916	425	0.070	0.9977	99.8718	99.9837	0.0208	1.10	AlfI:99.96,AloI:99.97,BcgI:99.96,FalI:99.98	7964	61	6946	1051	115.45901639344262	ok	99.9562	gamma	99.8991	ok
NZ_CP018239.1	NZ_CP062766.1	99.9580	99.9631	0.9683	0.9704	0.00414	55	0.9925	388	0.070	0.9978	99.8723	99.9855	0.0141	0.65	AlfI:99.96,AloI:99.97,BcgI:99.96,FalI:99.97	7987	55	6970	1051	127.76363636363637	ok	99.9580	gamma	99.8994	ok
NZ_CP018239.1	NZ_CP062782.1	99.9583	99.9636	0.9682	0.9631	0.00412	49	0.9933	347	0.070	0.9978	99.8675	99.9872	0.0141	0.61	AlfI:99.96,AloI:99.97,BcgI:99.96,FalI:99.97	7954	49	6970	1051	142.6734693877551	ok	99.9583	gamma	99.8952	ok
NZ_CP018239.1	NZ_CP062769.1	99.9491	99.9560	0.9622	0.9655	0.00454	52	0.9928	325	0.070	0.9973	99.8623	99.9790	0.0279	0.63	AlfI:99.95,AloI:99.94,BcgI:99.96,FalI:99.97	7859	52	6944	1052	134	ok	99.9491	gamma	99.8906	ok
NZ_CP018239.1	NZ_CP062771.1	99.9597	99.9646	0.9682	0.9708	0.00406	56	0.9923	398	0.070	0.9978	99.8747	99.9866	0.0124	0.33	AlfI:99.96,AloI:99.97,BcgI:99.96,FalI:99.97	7957	56	6970	1051	125.71428571428571	ok	99.9597	gamma	99.9015	ok
NZ_CP018239.1	NZ_CP062774.1	99.9541	99.9603	0.9654	0.9641	0.00431	64	0.9912	437	0.070	0.9976	99.8602	99.9849	0.0108	0.23	AlfI:99.96,AloI:99.96,BcgI:99.96,FalI:99.97	7968	64	6959	1051	110.28125	ok	99.9541	gamma	99.8887	ok
NZ_CP018245.1	NZ_CP018243.1	99.9634	99.9634	0.9561	0.9723	0.00414	49	0.9933	364	inf	0.9978	99.8835	99.9831	0.0143	0.41	AlfI:99.96,AloI:99.97,BcgI:99.96,FalI:99.97	7846	49	6930	1118	142.3265306122449	ok	99.9634	uniform	99.9094	ok
NZ_CP018245.1	NZ_CP018252.2	99.9473	99.9545	0.9706	0.9798	0.00459	60	0.9918	449	0.070	0.9972	99.8589	99.9780	0.0157	0.43	AlfI:99.95,AloI:99.97,BcgI:99.95,FalI:99.96	8050	60	7011	1052	118.53333333333333	ok	99.9473	gamma	99.8874	ok
NZ_CP018245.1	NZ_CP018247.1	99.9552	99.9602	0.9559	0.9805	0.00432	43	0.9941	318	0.070	0.9976	99.8836	99.9790	0.0061	0.07	AlfI:99.96,AloI:99.96,BcgI:99.96,FalI:99.96	7848	43	6938	1050	161.7674418604651	ok	99.9552	gamma	99.9095	ok
NZ_CP018245.1	NZ_CP018241.1	99.9661	99.9692	0.9603	0.9654	0.00379	48	0.9934	345	0.070	0.9981	99.9028	99.9855	0.0305	4.29	AlfI:99.96,AloI:99.99,BcgI:99.97,FalI:99.98	7891	48	6950	1118	145.83333333333334	ok	99.9661	gamma	99.9263	ok
NZ_CP018245.1	NZ_CP018250.1	99.9553	99.9604	0.9600	0.9795	0.00430	50	0.9931	349	0.070	0.9976	99.8817	99.9797	0.0276	3.10	AlfI:99.95,AloI:99.98,BcgI:99.96,FalI:99.98	7951	50	6969	914	140.16	ok	99.9553	gamma	99.9078	ok
NZ_CP018245.1	NZ_CP038282.1	99.9537	99.9592	0.9713	0.9848	0.00435	52	0.9930	434	0.070	0.9975	99.8778	99.9792	0.0303	2.57	AlfI:99.95,AloI:99.97,BcgI:99.96,FalI:99.98	8029	52	7014	1049	136.82692307692307	ok	99.9537	gamma	99.9042	ok
NZ_CP018245.1	NZ_CP038284.1	99.9526	99.9588	0.9590	0.9688	0.00439	58	0.9920	403	0.070	0.9975	99.8648	99.9819	0.0071	0.19	AlfI:99.95,AloI:99.96,BcgI:99.96,FalI:99.96	8004	58	6951	1048	121.36206896551724	ok	99.9526	gamma	99.8928	ok
NZ_CP018245.1	NZ_CP038290.1	99.9459	99.9534	0.9642	0.9588	0.00466	49	0.9932	313	0.070	0.9972	99.8582	99.9768	0.0341	0.97	AlfI:99.96,AloI:99.97,BcgI:99.95,FalI:99.93	7894	49	6976	1046	141.73469387755102	ok	99.9459	gamma	99.8869	ok
NZ_CP018245.1	NZ_CP038292.1	99.9472	99.9543	0.9624	0.9756	0.00462	57	0.9922	426	0.070	0.9972	99.8629	99.9768	0.0272	0.87	AlfI:99.95,AloI:99.97,BcgI:99.95,FalI:99.95	8006	57	6973	1047	124.12280701754386	ok	99.9472	gamma	99.8911	ok
NZ_CP018245.1	NZ_CP038300.1	99.9496	99.9562	0.9635	0.9717	0.00452	58	0.9921	440	0.070	0.9973	99.8653	99.9785	0.0207	0.35	AlfI:99.96,AloI:99.97,BcgI:99.96,FalI:99.95	8039	58	6978	1048	122.25862068965517	ok	99.9496	gamma	99.8932	ok
NZ_CP018245.1	NZ_CP038302.1	99.9538	99.9593	0.9596	0.9521	0.00436	59	0.9919	446	0.070	0.9975	99.8744	99.9802	0.0229	0.77	AlfI:99.96,AloI:99.94,BcgI:99.96,FalI:99.95	8025	59	6956	930	119.91525423728814	ok	99.9538	gamma	99.9014	ok
NZ_CP018245.1	NZ_CP038309.1	99.9537	99.9598	0.9587	0.9592	0.00434	50	0.9931	380	0.070	0.9976	99.8648	99.9831	0.0090	0.32	AlfI:99.95,AloI:99.96,BcgI:99.96,FalI:99.96	7992	50	6951	1028	139.4	ok	99.9537	gamma	99.8928	ok
NZ_CP018245.1	NZ_CP038319.1	99.9517	99.9574	0.9561	0.9771	0.00446	56	0.9923	367	0.070	0.9974	99.8790	99.9767	0.0317	2.83	AlfI:99.95,AloI:99.97,BcgI:99.96,FalI:99.98	7994	56	6949	1049	125.80357142857143	ok	99.9517	gamma	99.9055	ok
NZ_CP018245.1	NZ_CP038333.1	99.9525	99.9584	0.9616	0.9669	0.00440	54	0.9926	435	0.070	0.9975	99.8698	99.9802	0.0093	0.33	AlfI:99.95,AloI:99.96,BcgI:99.96,FalI:99.96	8003	54	6964	1048	130.87037037037038	ok	99.9525	gamma	99.8973	ok
NZ_CP018245.1	NZ_CP038339.1	99.9477	99.9537	0.9720	0.9635	0.00463	46	0.9937	332	0.070	0.9972	99.8825	99.9712	0.0162	0.55	AlfI:99.95,AloI:99.96,BcgI:99.96,FalI:99.96	7968	46	7014	1048	152.97826086956522	ok	99.9477	gamma	99.9084	ok
NZ_CP018245.1	NZ_CP038342.1	99.9250	99.9400	0.9698	0.9806	0.00528	56	0.9924	392	0.070	0.9964	99.8001	99.9745	0.0266	0.84	AlfI:99.94,AloI:99.96,BcgI:99.94,FalI:99.95	8144	56	7017	1047	126.16071428571429	ok	99.9250	gamma	99.8343	ok
NZ_CP018245.1	NZ_CP038344.1	99.9364	99.9470	0.9564	0.9778	0.00498	47	0.9935	281	0.070	0.9968	99.8315	99.9755	0.0479	3.99	AlfI:99.93,AloI:99.97,BcgI:99.95,FalI:99.97	7781	47	6948	951	147.12765957446808	ok	99.9364	gamma	99.8629	ok
NZ_CP018245.1	NZ_CP038346.1	99.9502	99.9564	0.9737	0.9522	0.00449	52	0.9930	414	0.070	0.9974	99.8708	99.9775	0.0125	0.31	AlfI:99.96,AloI:99.95,BcgI:99.96,FalI:99.95	8049	52	7017	1049	136.44230769230768	ok	99.9502	gamma	99.8980	ok
NZ_CP018245.1	NZ_CP038349.1	99.9218	99.9375	0.9663	0.9744	0.00540	48	0.9934	317	0.070	0.9962	99.7996	99.9715	0.0201	0.45	AlfI:99.94,AloI:99.96,BcgI:99.93,FalI:99.94	8005	48	7000	1047	145.5625	ok	99.9218	gamma	99.8339	ok
NZ_CP018245.1	NZ_CP038351.1	99.9385	99.9485	0.9733	0.9709	0.00488	60	0.9919	500	0.070	0.9969	99.8334	99.9769	0.0155	0.70	AlfI:99.94,AloI:99.95,BcgI:99.96,FalI:99.94	8260	60	7028	1048	119.51666666666667	ok	99.9385	gamma	99.8645	ok
NZ_CP018245.1	NZ_CP038353.1	99.9350	99.9445	0.9760	0.9777	0.00507	48	0.9935	368	0.070	0.9966	99.8523	99.9671	0.0284	0.93	AlfI:99.94,AloI:99.97,BcgI:99.94,FalI:99.94	8038	48	7032	1049	147.45833333333334	ok	99.9350	gamma	99.8815	ok
NZ_CP018245.1	NZ_CP038355.1	99.9495	99.9557	0.9617	0.9757	0.00454	57	0.9922	406	0.070	0.9973	99.8747	99.9756	0.0150	0.27	AlfI:99.96,AloI:99.95,BcgI:99.96,FalI:99.94	7975	57	6970	1052	123.85964912280701	ok	99.9495	gamma	99.9015	ok
NZ_CP018245.1	NZ_CP038357.1	99.9348	99.9459	0.9664	0.9683	0.00502	61	0.9916	423	0.070	0.9967	99.8278	99.9750	0.0163	0.24	AlfI:99.94,AloI:99.94,BcgI:99.95,FalI:99.95	8150	61	6992	930	115.68852459016394	ok	99.9348	gamma	99.8595	ok
NZ_CP018245.1	NZ_CP038360.1	99.9271	99.9389	0.9679	0.9681	0.00534	47	0.9935	299	0.070	0.9963	99.8371	99.9640	0.0166	0.22	AlfI:99.94,AloI:99.94,BcgI:99.94,FalI:99.93	7922	47	6985	1048	148.40425531914894	ok	99.9271	gamma	99.8679	ok
NZ_CP018245.1	NZ_CP038366.1	99.9701	99.9728	0.9790	0.9773	0.00354	44	0.9941	354	0.070	0.9983	99.9018	99.9902	0.0262	3.52	AlfI:99.97,AloI:99.99,BcgI:99.97,FalI:99.98	8014	44	7044	1048	161.20454545454547	ok	99.9701	gamma	99.9253	ok
NZ_CP018245.1	NZ_CP038372.1	99.9227	99.9385	0.9676	0.9707	0.00535	63	0.9914	448	0.070	0.9963	99.7953	99.9739	0.0359	1.69	AlfI:99.94,AloI:99.97,BcgI:99.93,FalI:99.95	8259	63	7012	1047	112.58730158730158	ok	99.9227	gamma	99.8299	ok
NZ_CP018245.1	NZ_CP038402.1	99.9524	99.9580	0.9589	0.9612	0.00443	60	0.9918	435	0.070	0.9974	99.8792	99.9773	0.0229	0.78	AlfI:99.96,AloI:99.97,BcgI:99.95,FalI:99.95	7969	60	6960	929	117.43333333333334	ok	99.9524	gamma	99.9056	ok
NZ_CP018245.1	NZ_CP038414.1	99.9542	99.9591	0.9663	0.9639	0.00436	50	0.9932	404	0.070	0.9975	99.8892	99.9763	0.0155	0.45	AlfI:99.96,AloI:99.95,BcgI:99.96,FalI:99.96	8065	50	6988	951	141.32	ok	99.9542	gamma	99.9143	ok
NZ_CP018245.1	NZ_CP038416.1	99.9481	99.9541	0.9720	0.9598	0.00461	47	0.9936	350	0.070	0.9972	99.8801	99.9723	0.0162	0.57	AlfI:99.95,AloI:99.96,BcgI:99.96,FalI:99.96	7938	47	7013	1049	149.7872340425532	ok	99.9481	gamma	99.9063	ok
NZ_CP018245.1	NZ_CP039834.1	99.9512	99.9570	0.9736	0.9785	0.00446	52	0.9930	412	0.070	0.9974	99.8779	99.9764	0.0245	1.67	AlfI:99.95,AloI:99.96,BcgI:99.95,FalI:99.98	8078	52	7021	1053	136.8846153846154	ok	99.9512	gamma	99.9043	ok
NZ_CP018245.1	NZ_CP062778.1	99.9371	99.9471	0.9621	0.9604	0.00497	58	0.9921	432	0.070	0.9968	99.8389	99.9738	0.0122	0.23	AlfI:99.95,AloI:99.95,BcgI:99.94,FalI:99.96	8013	58	6960	1046	121.6896551724138	ok	99.9371	gamma	99.8696	ok
NZ_CP018245.1	NZ_CP062700.1	99.9398	99.9490	0.9613	0.9632	0.00489	51	0.9930	375	0.070	0.9969	99.8458	99.9743	0.0082	0.10	AlfI:99.95,AloI:99.95,BcgI:99.95,FalI:99.95	7948	51	6953	1046	137.41176470588235	ok	99.9398	gamma	99.8758	ok
NZ_CP018245.1	NZ_CP062702.1	99.9691	99.9691	0.9579	0.9622	0.00380	52	0.9929	414	inf	0.9981	99.9050	99.9849	0.0174	1.20	AlfI:99.97,AloI:99.98,BcgI:99.96,FalI:99.98	7941	52	6935	951	135.21153846153845	ok	99.9691	uniform	99.9283	ok
NZ_CP018245.1	NZ_CP062705.1	99.9379	99.9485	0.9731	0.9749	0.00489	56	0.9924	430	0.070	0.9969	99.8285	99.9780	0.0149	0.29	AlfI:99.95,AloI:99.96,BcgI:99.95,FalI:99.95	8028	56	7021	1046	126.64285714285714	ok	99.9379	gamma	99.8601	ok
NZ_CP018245.1	NZ_CP062708.1	99.9379	99.9485	0.9731	0.9749	0.00489	56	0.9924	430	0.070	0.9969	99.8285	99.9780	0.0149	0.29	AlfI:99.95,AloI:99.96,BcgI:99.95,FalI:99.95	8028	56	7021	1046	126.64285714285714	ok	99.9379	gamma	99.8601	ok
NZ_CP018245.1	NZ_CP062711.1	99.9379	99.9485	0.9731	0.9812	0.00489	56	0.9924	430	0.070	0.9969	99.8285	99.9780	0.0149	0.29	AlfI:99.95,AloI:99.96,BcgI:99.95,FalI:99.95	8028	56	7021	1046	126.64285714285714	ok	99.9379	gamma	99.8601	ok
NZ_CP018245.1	NZ_CP062713.1	99.9379	99.9485	0.9731	0.9814	0.00489	56	0.9924	430	0.070	0.9969	99.8285	99.9780	0.0149	0.29	AlfI:99.95,AloI:99.96,BcgI:99.95,FalI:99.95	8028	56	7021	1046	126.64285714285714	ok	99.9379	gamma	99.8601	ok
NZ_CP018245.1	NZ_CP062715.1	99.9467	99.9543	0.9672	0.9804	0.00461	58	0.9921	438	0.070	0.9972	99.8536	99.9791	0.0163	0.44	AlfI:99.95,AloI:99.97,BcgI:99.95,FalI:99.96	8044	58	6982	1047	121.93103448275862	ok	99.9467	gamma	99.8827	ok
NZ_CP018245.1	NZ_CP062717.1	99.9450	99.9531	0.9710	0.9803	0.00467	57	0.9922	434	0.070	0.9972	99.8495	99.9786	0.0174	0.55	AlfI:99.95,AloI:99.97,BcgI:99.95,FalI:99.96	8050	57	7012	1047	124.45614035087719	ok	99.9450	gamma	99.8790	ok
NZ_CP018245.1	NZ_CP062719.1	99.9416	99.9508	0.9732	0.9696	0.00478	51	0.9931	394	0.070	0.9970	99.8403	99.9780	0.0239	0.74	AlfI:99.94,AloI:99.97,BcgI:99.95,FalI:99.96	8030	51	7021	1047	138.54901960784315	ok	99.9416	gamma	99.8707	ok
NZ_CP018245.1	NZ_CP062721.1	99.9405	99.9499	0.9732	0.9700	0.00482	53	0.9928	406	0.070	0.9970	99.8403	99.9769	0.0239	0.70	AlfI:99.94,AloI:99.97,BcgI:99.95,FalI:99.95	8030	53	7021	1047	133.47169811320754	ok	99.9405	gamma	99.8707	ok
NZ_CP018245.1	NZ_CP062723.1	99.9470	99.9545	0.9710	0.9806	0.00459	57	0.9922	434	0.070	0.9972	99.8542	99.9792	0.0157	0.33	AlfI:99.95,AloI:99.97,BcgI:99.95,FalI:99.96	8052	57	7012	1050	124.49122807017544	ok	99.9470	gamma	99.8832	ok
NZ_CP018245.1	NZ_CP062725.1	99.9448	99.9531	0.9710	0.9811	0.00467	55	0.9925	412	0.070	0.9972	99.8471	99.9792	0.0174	0.55	AlfI:99.95,AloI:99.97,BcgI:99.95,FalI:99.96	8071	55	7012	1046	128.56363636363636	ok	99.9448	gamma	99.8769	ok
NZ_CP018245.1	NZ_CP062727.1	99.9478	99.9555	0.9732	0.9815	0.00454	53	0.9928	427	0.070	0.9973	99.8497	99.9815	0.0218	0.85	AlfI:99.95,AloI:99.97,BcgI:99.95,FalI:99.96	8047	53	7021	1047	133.9433962264151	ok	99.9478	gamma	99.8792	ok
NZ_CP018245.1	NZ_CP062729.1	99.9478	99.9550	0.9711	0.9809	0.00457	57	0.9922	435	0.070	0.9973	99.8589	99.9786	0.0157	0.40	AlfI:99.95,AloI:99.97,BcgI:99.95,FalI:99.96	8054	57	7012	1051	124.52631578947368	ok	99.9478	gamma	99.8874	ok
NZ_CP018245.1	NZ_CP062780.1	99.9473	99.9545	0.9706	0.9797	0.00459	57	0.9922	434	0.070	0.9972	99.8589	99.9780	0.0157	0.43	AlfI:99.95,AloI:99.97,BcgI:99.95,FalI:99.96	8054	57	7011	1051	124.50877192982456	ok	99.9473	gamma	99.8874	ok
NZ_CP018245.1	NZ_CP062731.1	99.9473	99.9545	0.9706	0.9797	0.00459	57	0.9922	434	0.070	0.9972	99.8589	99.9780	0.0157	0.43	AlfI:99.95,AloI:99.97,BcgI:99.95,FalI:99.96	8054	57	7011	1051	124.50877192982456	ok	99.9473	gamma	99.8874	ok
NZ_CP018245.1	NZ_CP062733.1	99.9478	99.9550	0.9706	0.9792	0.00457	57	0.9922	433	0.070	0.9973	99.8589	99.9786	0.0157	0.40	AlfI:99.95,AloI:99.97,BcgI:99.95,FalI:99.96	8054	57	7011	1051	124.50877192982456	ok	99.9478	gamma	99.8874	ok
NZ_CP018245.1	NZ_CP062739.1	99.9473	99.9545	0.9706	0.9794	0.00459	64	0.9916	879	0.070	0.9972	99.8589	99.9780	0.0157	0.43	AlfI:99.95,AloI:99.97,BcgI:99.95,FalI:99.96	8323	64	7011	1051	114.9375	ok	99.9473	gamma	99.8874	ok
NZ_CP018245.1	NZ_CP062736.1	99.9473	99.9545	0.9706	0.9792	0.00459	57	0.9922	434	0.070	0.9972	99.8589	99.9780	0.0157	0.43	AlfI:99.95,AloI:99.97,BcgI:99.95,FalI:99.96	8054	57	7011	1051	124.50877192982456	ok	99.9473	gamma	99.8874	ok
NZ_CP018245.1	NZ_CP062742.1	99.9464	99.9545	0.9732	0.9815	0.00459	53	0.9928	423	0.070	0.9972	99.8450	99.9815	0.0235	0.96	AlfI:99.95,AloI:99.97,BcgI:99.95,FalI:99.96	8056	53	7021	1047	133.8490566037736	ok	99.9464	gamma	99.8749	ok
NZ_CP018245.1	NZ_CP062744.1	99.9473	99.9545	0.9706	0.9798	0.00459	56	0.9924	425	0.070	0.9972	99.8589	99.9780	0.0157	0.43	AlfI:99.95,AloI:99.97,BcgI:99.95,FalI:99.96	8054	56	7011	1051	126.66071428571429	ok	99.9473	gamma	99.8874	ok
NZ_CP018245.1	NZ_CP062746.1	99.9464	99.9540	0.9710	0.9802	0.00462	56	0.9924	425	0.070	0.9972	99.8542	99.9786	0.0164	0.47	AlfI:99.95,AloI:99.97,BcgI:99.95,FalI:99.96	8050	56	7012	1047	126.60714285714286	ok	99.9464	gamma	99.8832	ok
NZ_CP018245.1	NZ_CP062749.1	99.9445	99.9527	0.9731	0.9809	0.00468	53	0.9928	397	0.070	0.9971	99.8497	99.9780	0.0110	0.30	AlfI:99.95,AloI:99.96,BcgI:99.95,FalI:99.96	7990	53	7021	1047	133.30188679245282	ok	99.9445	gamma	99.8792	ok
NZ_CP018245.1	NZ_CP062752.1	99.9448	99.9531	0.9705	0.9797	0.00467	58	0.9921	435	0.070	0.9971	99.8471	99.9792	0.0184	0.57	AlfI:99.95,AloI:99.97,BcgI:99.95,FalI:99.96	8049	58	7010	1047	122.29310344827586	ok	99.9448	gamma	99.8769	ok
NZ_CP018245.1	NZ_CP062755.1	99.9436	99.9522	0.9730	0.9807	0.00471	55	0.9925	436	0.070	0.9971	99.8450	99.9786	0.0198	0.65	AlfI:99.95,AloI:99.97,BcgI:99.95,FalI:99.96	8041	55	7021	1047	129.12727272727273	ok	99.9436	gamma	99.8749	ok
NZ_CP018245.1	NZ_CP062761.1	99.9489	99.9562	0.9674	0.9767	0.00452	53	0.9928	423	0.070	0.9973	99.8535	99.9814	0.0218	0.78	AlfI:99.96,AloI:99.97,BcgI:99.95,FalI:99.96	8025	53	6980	1047	133.20754716981133	ok	99.9489	gamma	99.8827	ok
NZ_CP018245.1	NZ_CP062758.1	99.9381	99.9485	0.9739	0.9816	0.00489	53	0.9928	413	0.070	0.9969	99.8309	99.9775	0.0162	0.64	AlfI:99.95,AloI:99.96,BcgI:99.95,FalI:99.96	8044	53	7024	1047	133.66037735849056	ok	99.9381	gamma	99.8623	ok
NZ_CP018245.1	NZ_CP062763.1	99.9447	99.9530	0.9698	0.9763	0.00468	57	0.9922	438	0.070	0.9971	99.8468	99.9791	0.0192	0.60	AlfI:99.95,AloI:99.97,BcgI:99.95,FalI:99.96	8039	57	6995	1047	124.19298245614036	ok	99.9447	gamma	99.8766	ok
NZ_CP018245.1	NZ_CP062766.1	99.9431	99.9518	0.9732	0.9813	0.00473	55	0.9925	424	0.070	0.9971	99.8450	99.9780	0.0193	0.68	AlfI:99.95,AloI:99.97,BcgI:99.95,FalI:99.96	8069	55	7021	1047	128.83636363636364	ok	99.9431	gamma	99.8749	ok
NZ_CP018245.1	NZ_CP062782.1	99.9471	99.9550	0.9731	0.9673	0.00457	49	0.9933	368	0.070	0.9973	99.8473	99.9815	0.0228	0.91	AlfI:99.95,AloI:99.97,BcgI:99.95,FalI:99.96	8043	49	7021	1047	143.77551020408163	ok	99.9471	gamma	99.8770	ok
NZ_CP018245.1	NZ_CP062769.1	99.9332	99.9450	0.9652	0.9631	0.00506	49	0.9933	313	0.070	0.9967	99.8231	99.9750	0.0160	0.37	AlfI:99.95,AloI:99.95,BcgI:99.94,FalI:99.96	7917	49	6993	1048	142.42857142857142	ok	99.9332	gamma	99.8552	ok
NZ_CP018245.1	NZ_CP062771.1	99.9500	99.9569	0.9724	0.9813	0.00447	51	0.9931	408	0.070	0.9974	99.8590	99.9809	0.0175	0.74	AlfI:99.95,AloI:99.97,BcgI:99.96,FalI:99.97	8032	51	7015	1047	138.76470588235293	ok	99.9500	gamma	99.8875	ok
NZ_CP018245.1	NZ_CP062774.1	99.9425	99.9517	0.9705	0.9735	0.00474	58	0.9921	434	0.070	0.9971	99.8377	99.9797	0.0072	0.09	AlfI:99.95,AloI:99.96,BcgI:99.95,FalI:99.96	8045	58	7010	1047	122.22413793103448	ok	99.9425	gamma	99.8684	ok
NZ_CP018243.1	NZ_CP018252.2	99.9503	99.9580	0.9679	0.9572	0.00445	50	0.9931	376	0.070	0.9974	99.8423	99.9865	0.0249	1.14	AlfI:99.95,AloI:99.97,BcgI:99.96,FalI:99.97	7877	50	6903	951	138.9	ok	99.9503	gamma	99.8728	ok
NZ_CP018243.1	NZ_CP018247.1	99.9387	99.9486	0.9693	0.9802	0.00492	37	0.9949	286	0.070	0.9969	99.8377	99.9759	0.0213	1.33	AlfI:99.94,AloI:99.95,BcgI:99.96,FalI:99.94	7777	37	6909	930	186.32432432432432	ok	99.9387	gamma	99.8686	ok
NZ_CP018243.1	NZ_CP018241.1	99.9816	99.9824	0.9833	0.9759	0.00286	36	0.9951	314	0.070	0.9989	99.9528	99.9896	0.0129	1.14	AlfI:99.97,AloI:99.99,BcgI:99.99,FalI:99.99	7893	36	6971	1121	194.66666666666666	ok	99.9816	gamma	99.9687	ok
NZ_CP018243.1	NZ_CP018250.1	99.9364	99.9479	0.9761	0.9734	0.00495	40	0.9945	301	0.070	0.9968	99.8194	99.9795	0.0246	0.85	AlfI:99.94,AloI:99.95,BcgI:99.95,FalI:99.96	7838	40	6942	914	173.175	ok	99.9364	gamma	99.8520	ok
NZ_CP018243.1	NZ_CP038282.1	99.9543	99.9597	0.9742	0.9788	0.00434	40	0.9946	347	0.070	0.9976	99.8788	99.9796	0.0402	4.49	AlfI:99.95,AloI:99.95,BcgI:99.96,FalI:99.99	7889	40	6936	952	174.525	ok	99.9543	gamma	99.9053	ok
NZ_CP018243.1	NZ_CP038284.1	99.9533	99.9590	0.9640	0.9590	0.00440	50	0.9931	336	0.070	0.9975	99.8756	99.9794	0.0259	1.45	AlfI:99.95,AloI:99.94,BcgI:99.97,FalI:99.96	7848	50	6889	930	138.64	ok	99.9533	gamma	99.9025	ok
NZ_CP018243.1	NZ_CP038290.1	99.9443	99.9520	0.9679	0.9484	0.00475	41	0.9943	257	0.070	0.9971	99.8615	99.9742	0.0072	0.09	AlfI:99.95,AloI:99.95,BcgI:99.95,FalI:99.96	7795	41	6906	930	167.1951219512195	ok	99.9443	gamma	99.8900	ok
NZ_CP018243.1	NZ_CP038292.1	99.9486	99.9553	0.9677	0.9712	0.00458	48	0.9934	347	0.070	0.9973	99.8688	99.9766	0.0152	0.70	AlfI:99.95,AloI:99.95,BcgI:99.96,FalI:99.96	7848	48	6911	930	144.97916666666666	ok	99.9486	gamma	99.8965	ok
NZ_CP018243.1	NZ_CP038300.1	99.9484	99.9548	0.9677	0.9715	0.00461	49	0.9933	357	0.070	0.9973	99.8736	99.9748	0.0142	0.60	AlfI:99.95,AloI:99.95,BcgI:99.96,FalI:99.96	7885	49	6911	930	142.22448979591837	ok	99.9484	gamma	99.9007	ok
NZ_CP018243.1	NZ_CP038302.1	99.9521	99.9581	0.9666	0.9445	0.00444	50	0.9931	369	0.070	0.9975	99.8734	99.9789	0.0269	1.78	AlfI:99.95,AloI:99.94,BcgI:99.97,FalI:99.96	7880	50	6898	930	139.22	ok	99.9521	gamma	99.9005	ok
NZ_CP018243.1	NZ_CP038309.1	99.9525	99.9585	0.9646	0.9433	0.00442	40	0.9945	309	0.070	0.9975	99.8708	99.9800	0.0279	2.25	AlfI:99.95,AloI:99.94,BcgI:99.97,FalI:99.96	7838	40	6891	930	171.55	ok	99.9525	gamma	99.8983	ok
NZ_CP018243.1	NZ_CP038319.1	99.9491	99.9554	0.9684	0.9723	0.00458	45	0.9938	283	0.070	0.9973	99.8761	99.9748	0.0277	2.12	AlfI:99.94,AloI:99.94,BcgI:99.96,FalI:99.97	7882	45	6918	930	154.04444444444445	ok	99.9491	gamma	99.9029	ok
NZ_CP018243.1	NZ_CP038333.1	99.9534	99.9590	0.9645	0.9589	0.00440	47	0.9935	369	0.070	0.9975	99.8780	99.9789	0.0183	1.15	AlfI:99.95,AloI:99.95,BcgI:99.97,FalI:99.96	7859	47	6890	930	147.89361702127658	ok	99.9534	gamma	99.9047	ok
NZ_CP018243.1	NZ_CP038339.1	99.9571	99.9615	0.9692	0.9530	0.00426	39	0.9946	284	0.070	0.9977	99.8926	99.9783	0.0267	1.89	AlfI:99.95,AloI:99.97,BcgI:99.97,FalI:99.97	7807	39	6907	952	176.7948717948718	ok	99.9571	gamma	99.9175	ok
NZ_CP018243.1	NZ_CP038342.1	99.9421	99.9518	0.9643	0.9629	0.00477	47	0.9935	292	0.070	0.9971	99.8302	99.9818	0.0255	1.10	AlfI:99.94,AloI:99.97,BcgI:99.95,FalI:99.96	7928	47	6898	930	146.4468085106383	ok	99.9421	gamma	99.8619	ok
NZ_CP018243.1	NZ_CP038344.1	99.9359	99.9466	0.9648	0.9685	0.00503	44	0.9939	291	0.070	0.9968	99.8324	99.9747	0.0532	4.67	AlfI:99.92,AloI:99.96,BcgI:99.96,FalI:99.97	7756	44	6890	951	156.11363636363637	ok	99.9359	gamma	99.8639	ok
NZ_CP018243.1	NZ_CP038346.1	99.9507	99.9578	0.9743	0.9498	0.00445	46	0.9937	378	0.070	0.9974	99.8550	99.9831	0.0167	0.91	AlfI:99.95,AloI:99.96,BcgI:99.96,FalI:99.96	7901	46	6935	951	151.65217391304347	ok	99.9507	gamma	99.8841	ok
NZ_CP018243.1	NZ_CP038349.1	99.9380	99.9488	0.9622	0.9630	0.00492	43	0.9940	274	0.070	0.9969	99.8249	99.9793	0.0352	2.14	AlfI:99.94,AloI:99.96,BcgI:99.95,FalI:99.97	7842	43	6878	930	159.06976744186048	ok	99.9380	gamma	99.8572	ok
NZ_CP018243.1	NZ_CP038351.1	99.9497	99.9568	0.9694	0.9609	0.00451	50	0.9931	396	0.070	0.9974	99.8547	99.9819	0.0354	2.41	AlfI:99.94,AloI:99.96,BcgI:99.96,FalI:99.98	8026	50	6922	952	139.62	ok	99.9497	gamma	99.8838	ok
NZ_CP018243.1	NZ_CP038353.1	99.9383	99.9474	0.9744	0.9633	0.00497	43	0.9941	317	0.070	0.9968	99.8525	99.9708	0.0361	2.00	AlfI:99.93,AloI:99.95,BcgI:99.95,FalI:99.97	7880	43	6929	950	161.25581395348837	ok	99.9383	gamma	99.8818	ok
NZ_CP018243.1	NZ_CP038355.1	99.9405	99.9487	0.9673	0.9646	0.00491	50	0.9931	345	0.070	0.9969	99.8616	99.9701	0.0197	0.59	AlfI:99.94,AloI:99.94,BcgI:99.95,FalI:99.95	7842	50	6908	930	139.02	ok	99.9405	gamma	99.8900	ok
NZ_CP018243.1	NZ_CP038357.1	99.9324	99.9454	0.9717	0.9605	0.00507	49	0.9932	336	0.070	0.9967	99.8072	99.9795	0.0206	0.85	AlfI:99.93,AloI:99.95,BcgI:99.95,FalI:99.95	7980	49	6930	930	141.53061224489795	ok	99.9324	gamma	99.8409	ok
NZ_CP018243.1	NZ_CP038360.1	99.9442	99.9512	0.9620	0.9528	0.00481	41	0.9943	274	0.070	0.9970	99.8727	99.9705	0.0174	0.70	AlfI:99.94,AloI:99.95,BcgI:99.96,FalI:99.96	7765	41	6862	952	166.90243902439025	ok	99.9442	gamma	99.9000	ok
NZ_CP018243.1	NZ_CP038366.1	99.9476	99.9551	0.9799	0.9630	0.00458	40	0.9945	334	0.070	0.9973	99.8553	99.9796	0.0483	5.76	AlfI:99.94,AloI:99.96,BcgI:99.96,FalI:99.99	7877	40	6953	951	174.275	ok	99.9476	gamma	99.8844	ok
NZ_CP018243.1	NZ_CP038372.1	99.9357	99.9476	0.9664	0.9497	0.00497	49	0.9932	323	0.070	0.9968	99.8137	99.9806	0.0231	0.89	AlfI:99.94,AloI:99.96,BcgI:99.95,FalI:99.96	8021	49	6905	930	140.79591836734693	ok	99.9357	gamma	99.8469	ok
NZ_CP018243.1	NZ_CP038402.1	99.9478	99.9543	0.9674	0.9589	0.00463	48	0.9934	383	0.070	0.9972	99.8735	99.9742	0.0147	0.17	AlfI:99.95,AloI:99.96,BcgI:99.96,FalI:99.95	7853	48	6906	929	145	ok	99.9478	gamma	99.9006	ok
NZ_CP018243.1	NZ_CP038414.1	99.9410	99.9510	0.9836	0.9771	0.00478	41	0.9944	372	0.070	0.9970	99.8300	99.9808	0.0215	1.22	AlfI:99.94,AloI:99.96,BcgI:99.96,FalI:99.94	7971	41	6987	952	171.390243902439	ok	99.9410	gamma	99.8615	ok
NZ_CP018243.1	NZ_CP038416.1	99.9577	99.9619	0.9692	0.9495	0.00423	40	0.9945	302	0.070	0.9977	99.8950	99.9783	0.0243	1.98	AlfI:99.95,AloI:99.97,BcgI:99.97,FalI:99.97	7794	40	6906	952	172.5	ok	99.9577	gamma	99.9196	ok
NZ_CP018243.1	NZ_CP039834.1	99.9447	99.9532	0.9789	0.9719	0.00468	46	0.9937	378	0.070	0.9972	99.8458	99.9796	0.0313	2.48	AlfI:99.95,AloI:99.97,BcgI:99.95,FalI:99.98	7921	46	6951	951	152.30434782608697	ok	99.9447	gamma	99.8758	ok
NZ_CP018243.1	NZ_CP062778.1	99.9270	99.9411	0.9747	0.9613	0.00526	48	0.9934	361	0.070	0.9964	99.8071	99.9742	0.0090	0.11	AlfI:99.94,AloI:99.93,BcgI:99.94,FalI:99.94	7869	48	6928	826	145.04166666666666	ok	99.9270	gamma	99.8409	ok
NZ_CP018243.1	NZ_CP062700.1	99.9264	99.9407	0.9752	0.9655	0.00528	42	0.9942	307	0.070	0.9964	99.8071	99.9736	0.0090	0.13	AlfI:99.94,AloI:99.93,BcgI:99.94,FalI:99.94	7822	42	6928	826	164.8095238095238	ok	99.9264	gamma	99.8409	ok
NZ_CP018243.1	NZ_CP062702.1	99.9875	99.9875	0.9901	0.9794	0.00239	40	0.9947	419	inf	0.9992	99.9554	99.9954	0.0160	0.32	AlfI:99.98,AloI:100.00,BcgI:99.99,FalI:99.99	8014	40	7014	1084	177.7	ok	99.9875	uniform	99.9708	ok
NZ_CP018243.1	NZ_CP062705.1	99.9420	99.9519	0.9712	0.9581	0.00476	48	0.9934	371	0.070	0.9971	99.8283	99.9824	0.0267	1.23	AlfI:99.94,AloI:99.97,BcgI:99.95,FalI:99.96	7859	48	6918	950	144.66666666666666	ok	99.9420	gamma	99.8601	ok
NZ_CP018243.1	NZ_CP062708.1	99.9420	99.9519	0.9712	0.9581	0.00476	48	0.9934	371	0.070	0.9971	99.8283	99.9824	0.0267	1.23	AlfI:99.94,AloI:99.97,BcgI:99.95,FalI:99.96	7859	48	6918	950	144.66666666666666	ok	99.9420	gamma	99.8601	ok
NZ_CP018243.1	NZ_CP062711.1	99.9420	99.9519	0.9712	0.9642	0.00476	48	0.9934	371	0.070	0.9971	99.8283	99.9824	0.0267	1.23	AlfI:99.94,AloI:99.97,BcgI:99.95,FalI:99.96	7859	48	6918	950	144.66666666666666	ok	99.9420	gamma	99.8601	ok
NZ_CP018243.1	NZ_CP062713.1	99.9420	99.9519	0.9712	0.9644	0.00476	48	0.9934	371	0.070	0.9971	99.8283	99.9824	0.0267	1.23	AlfI:99.94,AloI:99.97,BcgI:99.95,FalI:99.96	7859	48	6918	950	144.66666666666666	ok	99.9420	gamma	99.8601	ok
NZ_CP018243.1	NZ_CP062715.1	99.9501	99.9579	0.9649	0.9597	0.00447	50	0.9931	374	0.070	0.9974	99.8417	99.9864	0.0249	1.13	AlfI:99.95,AloI:99.97,BcgI:99.96,FalI:99.97	7847	50	6878	951	138.3	ok	99.9501	gamma	99.8723	ok
NZ_CP018243.1	NZ_CP062717.1	99.9503	99.9580	0.9688	0.9599	0.00445	49	0.9932	372	0.070	0.9975	99.8424	99.9865	0.0249	1.14	AlfI:99.95,AloI:99.97,BcgI:99.96,FalI:99.97	7880	49	6907	951	141.6734693877551	ok	99.9503	gamma	99.8729	ok
NZ_CP018243.1	NZ_CP062719.1	99.9444	99.9538	0.9717	0.9606	0.00466	46	0.9937	360	0.070	0.9972	99.8284	99.9847	0.0252	1.17	AlfI:99.94,AloI:99.97,BcgI:99.96,FalI:99.96	7858	46	6920	950	150.84782608695653	ok	99.9444	gamma	99.8602	ok
NZ_CP018243.1	NZ_CP062721.1	99.9432	99.9529	0.9717	0.9610	0.00471	48	0.9934	369	0.070	0.9971	99.8284	99.9836	0.0252	0.98	AlfI:99.94,AloI:99.97,BcgI:99.96,FalI:99.96	7858	48	6920	950	144.72916666666666	ok	99.9432	gamma	99.8602	ok
NZ_CP018243.1	NZ_CP062723.1	99.9494	99.9575	0.9683	0.9581	0.00447	49	0.9932	372	0.070	0.9974	99.8376	99.9871	0.0249	0.98	AlfI:99.95,AloI:99.97,BcgI:99.96,FalI:99.96	7880	49	6904	951	141.57142857142858	ok	99.9494	gamma	99.8685	ok
NZ_CP018243.1	NZ_CP062725.1	99.9502	99.9580	0.9688	0.9591	0.00445	47	0.9935	355	0.070	0.9974	99.8400	99.9871	0.0249	1.14	AlfI:99.95,AloI:99.97,BcgI:99.96,FalI:99.97	7887	47	6907	951	147.31914893617022	ok	99.9502	gamma	99.8707	ok
NZ_CP018243.1	NZ_CP062727.1	99.9455	99.9548	0.9718	0.9609	0.00461	46	0.9937	370	0.070	0.9973	99.8284	99.9859	0.0238	1.07	AlfI:99.94,AloI:99.97,BcgI:99.96,FalI:99.96	7870	46	6920	951	151.04347826086956	ok	99.9455	gamma	99.8602	ok
NZ_CP018243.1	NZ_CP062729.1	99.9503	99.9580	0.9683	0.9582	0.00445	49	0.9932	372	0.070	0.9974	99.8424	99.9865	0.0249	1.14	AlfI:99.95,AloI:99.97,BcgI:99.96,FalI:99.97	7882	49	6904	951	141.6122448979592	ok	99.9503	gamma	99.8728	ok
NZ_CP018243.1	NZ_CP062780.1	99.9503	99.9580	0.9679	0.9571	0.00445	49	0.9932	372	0.070	0.9974	99.8423	99.9865	0.0249	1.14	AlfI:99.95,AloI:99.97,BcgI:99.96,FalI:99.97	7882	49	6903	951	141.59183673469389	ok	99.9503	gamma	99.8728	ok
NZ_CP018243.1	NZ_CP062731.1	99.9503	99.9580	0.9679	0.9571	0.00445	49	0.9932	372	0.070	0.9974	99.8423	99.9865	0.0249	1.14	AlfI:99.95,AloI:99.97,BcgI:99.96,FalI:99.97	7882	49	6903	951	141.59183673469389	ok	99.9503	gamma	99.8728	ok
NZ_CP018243.1	NZ_CP062733.1	99.9503	99.9580	0.9679	0.9566	0.00445	49	0.9932	374	0.070	0.9974	99.8423	99.9865	0.0249	1.14	AlfI:99.95,AloI:99.97,BcgI:99.96,FalI:99.97	7881	49	6903	951	141.6122448979592	ok	99.9503	gamma	99.8728	ok
NZ_CP018243.1	NZ_CP062739.1	99.9517	99.9589	0.9655	0.9531	0.00440	55	0.9926	796	0.070	0.9975	99.8470	99.9865	0.0236	1.02	AlfI:99.95,AloI:99.97,BcgI:99.96,FalI:99.97	8108	55	6897	951	130.45454545454547	ok	99.9517	gamma	99.8770	ok
NZ_CP018243.1	NZ_CP062736.1	99.9503	99.9580	0.9679	0.9566	0.00445	49	0.9932	372	0.070	0.9974	99.8423	99.9865	0.0249	1.14	AlfI:99.95,AloI:99.97,BcgI:99.96,FalI:99.97	7882	49	6903	951	141.59183673469389	ok	99.9503	gamma	99.8728	ok
NZ_CP018243.1	NZ_CP062742.1	99.9465	99.9557	0.9718	0.9607	0.00457	46	0.9937	368	0.070	0.9973	99.8260	99.9877	0.0211	0.82	AlfI:99.95,AloI:99.97,BcgI:99.96,FalI:99.96	7892	46	6920	951	151.06521739130434	ok	99.9465	gamma	99.8580	ok
NZ_CP018243.1	NZ_CP062744.1	99.9492	99.9571	0.9679	0.9571	0.00450	49	0.9932	370	0.070	0.9974	99.8423	99.9853	0.0263	1.27	AlfI:99.95,AloI:99.97,BcgI:99.96,FalI:99.97	7881	49	6903	951	141.6122448979592	ok	99.9492	gamma	99.8728	ok
NZ_CP018243.1	NZ_CP062746.1	99.9506	99.9581	0.9688	0.9595	0.00445	49	0.9932	370	0.070	0.9975	99.8472	99.9853	0.0263	1.28	AlfI:99.95,AloI:99.97,BcgI:99.96,FalI:99.97	7881	49	6907	951	141.69387755102042	ok	99.9506	gamma	99.8772	ok
NZ_CP018243.1	NZ_CP062749.1	99.9447	99.9539	0.9717	0.9601	0.00466	48	0.9934	369	0.070	0.9972	99.8332	99.9836	0.0280	1.57	AlfI:99.94,AloI:99.97,BcgI:99.96,FalI:99.97	7858	48	6920	951	144.66666666666666	ok	99.9447	gamma	99.8645	ok
NZ_CP018243.1	NZ_CP062752.1	99.9502	99.9580	0.9685	0.9589	0.00445	50	0.9931	373	0.070	0.9974	99.8400	99.9871	0.0249	1.14	AlfI:99.95,AloI:99.97,BcgI:99.96,FalI:99.97	7881	50	6907	950	138.82	ok	99.9502	gamma	99.8707	ok
NZ_CP018243.1	NZ_CP062755.1	99.9454	99.9543	0.9718	0.9677	0.00464	45	0.9938	364	0.070	0.9972	99.8355	99.9836	0.0297	1.53	AlfI:99.94,AloI:99.95,BcgI:99.96,FalI:99.97	7867	45	6920	951	154.3111111111111	ok	99.9454	gamma	99.8666	ok
NZ_CP018243.1	NZ_CP062761.1	99.9479	99.9565	0.9679	0.9610	0.00453	47	0.9935	372	0.070	0.9974	99.8325	99.9870	0.0211	0.91	AlfI:99.95,AloI:99.97,BcgI:99.96,FalI:99.97	7866	47	6891	951	147.3404255319149	ok	99.9479	gamma	99.8639	ok
NZ_CP018243.1	NZ_CP062758.1	99.9451	99.9543	0.9717	0.9673	0.00464	45	0.9938	362	0.070	0.9972	99.8308	99.9847	0.0270	1.52	AlfI:99.95,AloI:99.97,BcgI:99.95,FalI:99.97	7887	45	6920	951	154.2888888888889	ok	99.9451	gamma	99.8623	ok
NZ_CP018243.1	NZ_CP062763.1	99.9430	99.9528	0.9689	0.9595	0.00472	48	0.9934	371	0.070	0.9971	99.8279	99.9835	0.0211	0.81	AlfI:99.95,AloI:99.96,BcgI:99.95,FalI:99.97	7874	48	6899	951	144.35416666666666	ok	99.9430	gamma	99.8597	ok
NZ_CP018243.1	NZ_CP062766.1	99.9484	99.9567	0.9718	0.9591	0.00451	47	0.9935	360	0.070	0.9974	99.8379	99.9859	0.0262	1.28	AlfI:99.95,AloI:99.97,BcgI:99.96,FalI:99.97	7881	47	6920	951	147.5744680851064	ok	99.9484	gamma	99.8688	ok
NZ_CP018243.1	NZ_CP062782.1	99.9440	99.9538	0.9718	0.9527	0.00466	45	0.9938	351	0.070	0.9972	99.8236	99.9859	0.0252	1.17	AlfI:99.94,AloI:99.97,BcgI:99.96,FalI:99.96	7907	45	6920	951	154.0222222222222	ok	99.9440	gamma	99.8559	ok
NZ_CP018243.1	NZ_CP062769.1	99.9478	99.9561	0.9675	0.9568	0.00455	41	0.9943	277	0.070	0.9973	99.8376	99.9853	0.0248	1.20	AlfI:99.95,AloI:99.97,BcgI:99.96,FalI:99.97	7787	41	6907	951	167.5609756097561	ok	99.9478	gamma	99.8685	ok
NZ_CP018243.1	NZ_CP062771.1	99.9455	99.9548	0.9718	0.9606	0.00461	46	0.9937	368	0.070	0.9973	99.8284	99.9859	0.0194	0.77	AlfI:99.95,AloI:99.96,BcgI:99.96,FalI:99.96	7860	46	6920	951	150.95652173913044	ok	99.9455	gamma	99.8602	ok
NZ_CP018243.1	NZ_CP062774.1	99.9473	99.9561	0.9685	0.9529	0.00455	50	0.9931	375	0.070	0.9973	99.8305	99.9871	0.0153	0.45	AlfI:99.95,AloI:99.96,BcgI:99.96,FalI:99.96	7876	50	6907	950	138.76	ok	99.9473	gamma	99.8621	ok
NZ_CP018252.2	NZ_CP018247.1	99.9457	99.9530	0.9609	0.9787	0.00467	54	0.9926	376	0.070	0.9971	99.8609	99.9757	0.0178	0.35	AlfI:99.95,AloI:99.95,BcgI:99.96,FalI:99.94	7950	54	6995	917	130.3148148148148	ok	99.9457	gamma	99.8893	ok
NZ_CP018252.2	NZ_CP018241.1	99.9576	99.9626	0.9547	0.9678	0.00419	50	0.9931	335	0.070	0.9977	99.8789	99.9831	0.0133	0.38	AlfI:99.96,AloI:99.96,BcgI:99.96,FalI:99.97	7883	50	6943	918	139.26	ok	99.9576	gamma	99.9054	ok
NZ_CP018252.2	NZ_CP018250.1	99.9612	99.9657	0.9625	0.9809	0.00399	58	0.9921	427	0.070	0.9979	99.8778	99.9873	0.0343	1.51	AlfI:99.96,AloI:99.95,BcgI:99.97,FalI:99.98	8053	58	7012	901	122.22413793103448	ok	99.9612	gamma	99.9042	ok
NZ_CP018252.2	NZ_CP038282.1	99.9579	99.9633	0.9639	0.9861	0.00413	56	0.9924	421	0.070	0.9978	99.8680	99.9867	0.0362	1.17	AlfI:99.96,AloI:99.94,BcgI:99.96,FalI:99.98	7998	56	6995	916	126.42857142857143	ok	99.9579	gamma	99.8956	ok
NZ_CP018252.2	NZ_CP038284.1	99.9456	99.9541	0.9660	0.9692	0.00462	67	0.9909	521	0.070	0.9972	99.8425	99.9815	0.0209	0.31	AlfI:99.96,AloI:99.94,BcgI:99.96,FalI:99.96	8144	67	7016	917	106.92537313432835	ok	99.9456	gamma	99.8727	ok
NZ_CP018252.2	NZ_CP038290.1	99.9462	99.9544	0.9630	0.9579	0.00460	57	0.9921	340	0.070	0.9972	99.8445	99.9815	0.0287	1.07	AlfI:99.96,AloI:99.94,BcgI:99.95,FalI:99.93	7987	57	7001	917	122.43859649122807	ok	99.9462	gamma	99.8746	ok
NZ_CP018252.2	NZ_CP038292.1	99.9459	99.9541	0.9657	0.9730	0.00462	62	0.9916	453	0.070	0.9972	99.8472	99.9804	0.0209	0.33	AlfI:99.95,AloI:99.94,BcgI:99.96,FalI:99.96	8086	62	7016	917	114.93548387096774	ok	99.9459	gamma	99.8770	ok
NZ_CP018252.2	NZ_CP038300.1	99.9479	99.9555	0.9657	0.9736	0.00454	67	0.9910	549	0.070	0.9973	99.8519	99.9809	0.0228	0.39	AlfI:99.96,AloI:99.94,BcgI:99.96,FalI:99.96	8173	67	7016	917	107.28358208955224	ok	99.9479	gamma	99.8812	ok
NZ_CP018252.2	NZ_CP038302.1	99.9441	99.9527	0.9675	0.9537	0.00468	69	0.9907	551	0.070	0.9971	99.8426	99.9798	0.0339	0.78	AlfI:99.96,AloI:99.92,BcgI:99.96,FalI:99.95	8173	69	7022	917	104.10144927536231	ok	99.9441	gamma	99.8728	ok
NZ_CP018252.2	NZ_CP038309.1	99.9436	99.9522	0.9653	0.9583	0.00471	60	0.9918	437	0.070	0.9971	99.8448	99.9786	0.0208	0.37	AlfI:99.95,AloI:99.94,BcgI:99.96,FalI:99.96	8102	60	7014	917	117.7	ok	99.9436	gamma	99.8748	ok
NZ_CP018252.2	NZ_CP038319.1	99.9464	99.9540	0.9604	0.9839	0.00463	66	0.9910	467	0.070	0.9972	99.8562	99.9780	0.0322	1.33	AlfI:99.95,AloI:99.94,BcgI:99.95,FalI:99.97	8104	66	6996	917	108.07575757575758	ok	99.9464	gamma	99.8851	ok
NZ_CP018252.2	NZ_CP038333.1	99.9446	99.9527	0.9656	0.9648	0.00468	62	0.9916	465	0.070	0.9971	99.8519	99.9775	0.0143	0.16	AlfI:99.95,AloI:99.94,BcgI:99.95,FalI:99.96	8097	62	7014	917	115.04838709677419	ok	99.9446	gamma	99.8812	ok
NZ_CP018252.2	NZ_CP038339.1	99.9517	99.9578	0.9677	0.9713	0.00442	58	0.9921	397	0.070	0.9974	99.8685	99.9798	0.0212	0.65	AlfI:99.95,AloI:99.95,BcgI:99.96,FalI:99.97	8019	58	7018	917	122.05172413793103	ok	99.9517	gamma	99.8959	ok
NZ_CP018252.2	NZ_CP038342.1	99.9441	99.9533	0.9709	0.9797	0.00465	62	0.9916	434	0.070	0.9972	99.8315	99.9833	0.0197	0.68	AlfI:99.96,AloI:99.94,BcgI:99.95,FalI:99.95	8198	62	7047	917	114.79032258064517	ok	99.9441	gamma	99.8627	ok
NZ_CP018252.2	NZ_CP038344.1	99.9225	99.9375	0.9597	0.9762	0.00540	55	0.9924	331	0.070	0.9962	99.8065	99.9698	0.0501	3.39	AlfI:99.91,AloI:99.94,BcgI:99.95,FalI:99.96	7883	55	6992	916	126.92727272727272	ok	99.9225	gamma	99.8402	ok
NZ_CP018252.2	NZ_CP038346.1	99.9687	99.9715	0.9764	0.9613	0.00362	64	0.9914	577	0.070	0.9983	99.9043	99.9880	0.0234	1.20	AlfI:99.97,AloI:99.96,BcgI:99.98,FalI:99.95	8223	64	7055	917	113.234375	ok	99.9687	gamma	99.9274	ok
NZ_CP018252.2	NZ_CP038349.1	99.9471	99.9552	0.9584	0.9739	0.00457	56	0.9923	362	0.070	0.9973	99.8441	99.9826	0.0169	0.34	AlfI:99.96,AloI:99.95,BcgI:99.95,FalI:99.97	8034	56	6980	917	125.125	ok	99.9471	gamma	99.8742	ok
NZ_CP018252.2	NZ_CP038351.1	99.9380	99.9492	0.9754	0.9724	0.00484	66	0.9911	554	0.070	0.9969	99.8155	99.9822	0.0175	0.37	AlfI:99.95,AloI:99.94,BcgI:99.95,FalI:99.94	8318	66	7065	1050	109.45454545454545	ok	99.9380	gamma	99.8482	ok
NZ_CP018252.2	NZ_CP038353.1	99.9371	99.9473	0.9736	0.9833	0.00493	63	0.9915	460	0.070	0.9968	99.8363	99.9747	0.0043	0.05	AlfI:99.95,AloI:99.95,BcgI:99.95,FalI:99.95	8129	63	7051	916	113.41269841269842	ok	99.9371	gamma	99.8670	ok
NZ_CP018252.2	NZ_CP038355.1	99.9409	99.9495	0.9672	0.9740	0.00484	61	0.9917	443	0.070	0.9969	99.8520	99.9734	0.0247	0.41	AlfI:99.95,AloI:99.93,BcgI:99.95,FalI:99.95	8085	61	7020	1055	116.78688524590164	ok	99.9409	gamma	99.8813	ok
NZ_CP018252.2	NZ_CP038357.1	99.9397	99.9504	0.9712	0.9713	0.00479	67	0.9909	490	0.070	0.9970	99.8195	99.9827	0.0338	0.77	AlfI:99.96,AloI:99.92,BcgI:99.95,FalI:99.94	8211	67	7037	917	106.40298507462687	ok	99.9397	gamma	99.8519	ok
NZ_CP018252.2	NZ_CP038360.1	99.9284	99.9410	0.9676	0.9730	0.00523	60	0.9918	394	0.070	0.9964	99.8237	99.9699	0.0292	0.93	AlfI:99.95,AloI:99.93,BcgI:99.94,FalI:99.92	7988	60	7017	916	117.5	ok	99.9284	gamma	99.8557	ok
NZ_CP018252.2	NZ_CP038366.1	99.9452	99.9525	0.9764	0.9779	0.00468	51	0.9931	394	0.070	0.9971	99.8622	99.9747	0.0347	3.92	AlfI:99.95,AloI:99.96,BcgI:99.95,FalI:99.98	8057	51	7058	917	139.33333333333334	ok	99.9452	gamma	99.8903	ok
NZ_CP018252.2	NZ_CP038372.1	99.9408	99.9509	0.9671	0.9739	0.00477	71	0.9905	604	0.070	0.9970	99.8265	99.9815	0.0186	0.77	AlfI:99.96,AloI:99.94,BcgI:99.95,FalI:99.95	8429	71	7036	917	101.92957746478874	ok	99.9408	gamma	99.8582	ok
NZ_CP018252.2	NZ_CP038402.1	99.9512	99.9580	0.9582	0.9609	0.00443	63	0.9913	453	0.070	0.9974	99.8581	99.9826	0.0289	1.19	AlfI:99.96,AloI:99.94,BcgI:99.96,FalI:99.94	7997	63	6971	920	111.92063492063492	ok	99.9512	gamma	99.8868	ok
NZ_CP018252.2	NZ_CP038414.1	99.9644	99.9677	0.9694	0.9733	0.00386	62	0.9917	566	0.070	0.9980	99.9016	99.9839	0.0162	0.55	AlfI:99.97,AloI:99.96,BcgI:99.97,FalI:99.96	8216	62	7029	916	116.41935483870968	ok	99.9644	gamma	99.9251	ok
NZ_CP018252.2	NZ_CP038416.1	99.9524	99.9583	0.9677	0.9675	0.00439	59	0.9920	415	0.070	0.9975	99.8708	99.9798	0.0168	0.55	AlfI:99.95,AloI:99.95,BcgI:99.96,FalI:99.97	8002	59	7017	917	120.08474576271186	ok	99.9524	gamma	99.8980	ok
NZ_CP018252.2	NZ_CP039834.1	99.9677	99.9705	0.9746	0.9844	0.00368	55	0.9926	451	0.070	0.9982	99.9042	99.9868	0.0257	1.73	AlfI:99.97,AloI:99.96,BcgI:99.97,FalI:99.99	8161	55	7051	1056	130.36363636363637	ok	99.9677	gamma	99.9274	ok
NZ_CP018252.2	NZ_CP062778.1	99.9437	99.9525	0.9612	0.9668	0.00470	67	0.9909	486	0.070	0.9971	99.8419	99.9797	0.0144	0.37	AlfI:99.95,AloI:99.95,BcgI:99.96,FalI:99.94	8089	67	6990	897	106.2089552238806	ok	99.9437	gamma	99.8722	ok
NZ_CP018252.2	NZ_CP062700.1	99.9426	99.9516	0.9617	0.9694	0.00475	58	0.9921	408	0.070	0.9971	99.8419	99.9785	0.0178	0.42	AlfI:99.95,AloI:99.95,BcgI:99.96,FalI:99.94	8015	58	6990	897	121.6896551724138	ok	99.9426	gamma	99.8722	ok
NZ_CP018252.2	NZ_CP062702.1	99.9573	99.9629	0.9543	0.9664	0.00417	51	0.9930	380	0.070	0.9977	99.8644	99.9871	0.0245	1.71	AlfI:99.96,AloI:99.96,BcgI:99.96,FalI:99.98	7947	51	6928	917	136.90196078431373	ok	99.9573	gamma	99.8925	ok
NZ_CP018252.2	NZ_CP062705.1	99.9908	99.9909	0.9844	0.9808	0.00203	59	0.9922	592	0.070	0.9994	99.9838	99.9926	0.0065	0.55	AlfI:99.99,AloI:99.99,BcgI:99.99,FalI:100.00	8305	59	7099	924	124.03389830508475	ok	99.9908	gamma	99.9924	ok
NZ_CP018252.2	NZ_CP062708.1	99.9908	99.9909	0.9844	0.9808	0.00203	59	0.9922	592	0.070	0.9994	99.9815	99.9932	0.0065	0.55	AlfI:99.99,AloI:99.99,BcgI:99.99,FalI:100.00	8305	59	7099	924	124.01694915254237	ok	99.9908	gamma	99.9908	ok
NZ_CP018252.2	NZ_CP062711.1	99.9908	99.9909	0.9844	0.9871	0.00203	59	0.9922	592	0.070	0.9994	99.9815	99.9932	0.0065	0.55	AlfI:99.99,AloI:99.99,BcgI:99.99,FalI:100.00	8305	59	7099	924	124.01694915254237	ok	99.9908	gamma	99.9908	ok
NZ_CP018252.2	NZ_CP062713.1	99.9903	99.9904	0.9844	0.9871	0.00208	59	0.9922	592	0.070	0.9994	99.9791	99.9932	0.0079	0.69	AlfI:99.99,AloI:99.99,BcgI:99.99,FalI:100.00	8305	59	7099	924	124.03389830508475	ok	99.9903	gamma	99.9891	ok
NZ_CP018252.2	NZ_CP062715.1	99.9968	99.9968	0.9810	0.9871	0.00119	60	0.9921	595	inf	0.9998	99.9860	99.9994	0.0039	0.00	AlfI:100.00,AloI:100.00,BcgI:100.00,FalI:100.00	8302	60	7071	924	121.66666666666667	ok	99.9968	uniform	99.9939	ok
NZ_CP018252.2	NZ_CP062717.1	99.9973	99.9973	0.9849	0.9872	0.00110	59	0.9922	593	inf	0.9998	99.9884	99.9994	0.0037	0.06	AlfI:100.00,AloI:100.00,BcgI:100.00,FalI:100.00	8336	59	7100	924	124.16949152542372	ok	99.9973	uniform	99.9954	ok
NZ_CP018252.2	NZ_CP062719.1	99.9918	99.9918	0.9850	0.9803	0.00192	59	0.9922	560	inf	0.9995	99.9768	99.9955	0.0190	0.61	AlfI:99.99,AloI:99.98,BcgI:99.99,FalI:100.00	8284	59	7100	924	123.45762711864407	ok	99.9918	uniform	99.9874	ok
NZ_CP018252.2	NZ_CP062721.1	99.9912	99.9913	0.9850	0.9803	0.00198	60	0.9920	564	0.070	0.9995	99.9791	99.9943	0.0134	0.83	AlfI:99.99,AloI:99.98,BcgI:99.99,FalI:99.99	8284	60	7100	924	121.48333333333333	ok	99.9912	gamma	99.9891	ok
NZ_CP018252.2	NZ_CP062723.1	99.9955	99.9955	0.9868	0.9876	0.00142	59	0.9922	597	inf	0.9997	99.9838	99.9983	0.0065	0.54	AlfI:100.00,AloI:100.00,BcgI:99.99,FalI:100.00	8345	59	7106	1055	124.33898305084746	ok	99.9955	uniform	99.9924	ok
NZ_CP018252.2	NZ_CP062725.1	99.9973	99.9973	0.9849	0.9878	0.00110	56	0.9926	587	inf	0.9998	99.9884	99.9994	0.0037	0.06	AlfI:100.00,AloI:100.00,BcgI:100.00,FalI:100.00	8369	56	7100	924	130.625	ok	99.9973	uniform	99.9954	ok
NZ_CP018252.2	NZ_CP062727.1	99.9964	99.9964	0.9850	0.9878	0.00127	61	0.9919	599	inf	0.9998	99.9861	99.9989	0.0046	0.02	AlfI:100.00,AloI:100.00,BcgI:100.00,FalI:100.00	8312	61	7100	924	120.08196721311475	ok	99.9964	uniform	99.9939	ok
NZ_CP018252.2	NZ_CP062729.1	99.9964	99.9964	0.9869	0.9880	0.00127	59	0.9922	598	inf	0.9998	99.9838	99.9994	0.0056	0.34	AlfI:100.00,AloI:100.00,BcgI:99.99,FalI:100.00	8346	59	7106	1055	124.33898305084746	ok	99.9964	uniform	99.9924	ok
NZ_CP018252.2	NZ_CP062780.1	99.9999	99.9999	0.9868	0.9874	0.21317	58	0.9924	592	inf	1.0000	99.9999	99.9999	0.0000	0.00	AlfI:100.00,AloI:100.00,BcgI:100.00,FalI:100.00	8348	58	7106	1057	126.44827586206897	ok	99.9999	uniform	100.0000	ok
NZ_CP018252.2	NZ_CP062731.1	99.9995	99.9995	0.9868	0.9874	0.00045	58	0.9924	592	inf	1.0000	99.9977	99.9999	0.0008	0.00	AlfI:100.00,AloI:100.00,BcgI:100.00,FalI:100.00	8348	58	7106	1057	126.43103448275862	ok	99.9995	uniform	99.9999	ok
NZ_CP018252.2	NZ_CP062733.1	99.9995	99.9995	0.9868	0.9868	0.00045	59	0.9922	598	inf	1.0000	99.9977	99.9999	0.0008	0.00	AlfI:100.00,AloI:100.00,BcgI:100.00,FalI:100.00	8347	59	7106	1057	124.38983050847457	ok	99.9995	uniform	99.9999	ok
NZ_CP018252.2	NZ_CP062739.1	99.9999	99.9999	0.9868	0.9867	0.21317	64	0.9918	1034	inf	1.0000	99.9999	99.9999	0.0000	0.00	AlfI:100.00,AloI:100.00,BcgI:100.00,FalI:100.00	8590	64	7106	1057	118.515625	ok	99.9999	uniform	100.0000	ok
NZ_CP018252.2	NZ_CP062736.1	99.9995	99.9995	0.9868	0.9868	0.00045	58	0.9924	592	inf	1.0000	99.9977	99.9999	0.0008	0.00	AlfI:100.00,AloI:100.00,BcgI:100.00,FalI:100.00	8348	58	7106	1057	126.43103448275862	ok	99.9995	uniform	99.9999	ok
NZ_CP018252.2	NZ_CP062742.1	99.9950	99.9950	0.9850	0.9878	0.00149	61	0.9919	596	inf	0.9997	99.9791	99.9989	0.0075	0.34	AlfI:100.00,AloI:100.00,BcgI:99.99,FalI:100.00	8339	61	7100	924	120.06557377049181	ok	99.9950	uniform	99.9891	ok
NZ_CP018252.2	NZ_CP062744.1	99.9999	99.9999	0.9868	0.9874	0.21317	59	0.9922	596	inf	1.0000	99.9999	99.9999	0.0000	0.00	AlfI:100.00,AloI:100.00,BcgI:100.00,FalI:100.00	8347	59	7106	1057	124.40677966101696	ok	99.9999	uniform	100.0000	ok
NZ_CP018252.2	NZ_CP062746.1	99.9982	99.9982	0.9849	0.9870	0.00090	60	0.9921	597	inf	0.9999	99.9907	99.9999	0.0026	0.04	AlfI:100.00,AloI:100.00,BcgI:100.00,FalI:100.00	8341	60	7100	924	122.23333333333333	ok	99.9982	uniform	99.9968	ok
NZ_CP018252.2	NZ_CP062749.1	99.9941	99.9941	0.9849	0.9870	0.00163	53	0.9930	527	inf	0.9996	99.9815	99.9972	0.0079	0.12	AlfI:99.99,AloI:99.99,BcgI:99.99,FalI:100.00	8236	53	7100	924	136.9433962264151	ok	99.9941	uniform	99.9908	ok
NZ_CP018252.2	NZ_CP062752.1	99.9941	99.9941	0.9843	0.9864	0.00163	60	0.9921	594	inf	0.9996	99.9815	99.9972	0.0084	0.22	AlfI:99.99,AloI:100.00,BcgI:99.99,FalI:100.00	8341	60	7098	900	122.1	ok	99.9941	uniform	99.9908	ok
NZ_CP018252.2	NZ_CP062755.1	99.9932	99.9932	0.9850	0.9871	0.00175	62	0.9918	605	inf	0.9996	99.9815	99.9960	0.0126	0.14	AlfI:99.99,AloI:99.99,BcgI:99.99,FalI:100.00	8311	62	7100	924	118.24193548387096	ok	99.9932	uniform	99.9908	ok
NZ_CP018252.2	NZ_CP062761.1	99.9927	99.9927	0.9806	0.9872	0.00182	64	0.9915	606	inf	0.9996	99.9721	99.9977	0.0151	0.65	AlfI:99.99,AloI:99.98,BcgI:99.99,FalI:100.00	8308	64	7068	924	114.046875	ok	99.9927	uniform	99.9839	ok
NZ_CP018252.2	NZ_CP062758.1	99.9909	99.9909	0.9850	0.9869	0.00203	62	0.9918	602	inf	0.9994	99.9652	99.9972	0.0122	0.37	AlfI:99.99,AloI:99.99,BcgI:99.99,FalI:100.00	8336	62	7100	921	118.20967741935483	ok	99.9909	uniform	99.9786	ok
NZ_CP018252.2	NZ_CP062763.1	99.9944	99.9945	0.9817	0.9866	0.00157	64	0.9915	602	0.070	0.9997	99.9837	99.9972	0.0084	1.02	AlfI:100.00,AloI:99.99,BcgI:99.99,FalI:100.00	8323	64	7076	924	114.140625	ok	99.9944	gamma	99.9924	ok
NZ_CP018252.2	NZ_CP062766.1	99.9941	99.9941	0.9850	0.9873	0.00163	56	0.9926	593	inf	0.9996	99.9791	99.9977	0.0075	0.02	AlfI:99.99,AloI:100.00,BcgI:99.99,FalI:100.00	8351	56	7100	924	130.64285714285714	ok	99.9941	uniform	99.9891	ok
NZ_CP018252.2	NZ_CP062782.1	99.9945	99.9945	0.9850	0.9800	0.00156	56	0.9926	544	inf	0.9997	99.9791	99.9983	0.0065	0.10	AlfI:99.99,AloI:100.00,BcgI:99.99,FalI:100.00	8315	56	7100	924	129.94642857142858	ok	99.9945	uniform	99.9891	ok
NZ_CP018252.2	NZ_CP062769.1	99.9950	99.9950	0.9758	0.9812	0.00150	55	0.9926	471	inf	0.9997	99.9814	99.9983	0.0063	0.01	AlfI:99.99,AloI:99.99,BcgI:99.99,FalI:100.00	8140	55	7067	924	130.83636363636364	ok	99.9950	uniform	99.9907	ok
NZ_CP018252.2	NZ_CP062771.1	99.9945	99.9945	0.9850	0.9873	0.00156	60	0.9921	583	inf	0.9997	99.9791	99.9983	0.0065	0.04	AlfI:99.99,AloI:99.99,BcgI:99.99,FalI:100.00	8286	60	7100	924	121.73333333333333	ok	99.9945	uniform	99.9891	ok
NZ_CP018252.2	NZ_CP062774.1	99.9927	99.9927	0.9843	0.9802	0.00181	61	0.9919	600	inf	0.9996	99.9745	99.9972	0.0086	0.49	AlfI:99.99,AloI:99.99,BcgI:99.99,FalI:100.00	8336	61	7098	900	120.14754098360656	ok	99.9927	uniform	99.9857	ok
NZ_CP018247.1	NZ_CP018241.1	99.9596	99.9633	0.9699	0.9655	0.00415	36	0.9951	265	0.070	0.9978	99.9044	99.9777	0.0272	1.72	AlfI:99.95,AloI:99.98,BcgI:99.97,FalI:99.96	7754	36	6897	1271	191.41666666666666	ok	99.9596	gamma	99.9279	ok
NZ_CP018247.1	NZ_CP018250.1	99.9554	99.9607	0.9750	0.9809	0.00429	39	0.9947	315	0.070	0.9976	99.8789	99.9808	0.0226	1.62	AlfI:99.95,AloI:99.97,BcgI:99.97,FalI:99.97	7887	39	6940	1548	178.56410256410257	ok	99.9554	gamma	99.9053	ok
NZ_CP018247.1	NZ_CP038282.1	99.9556	99.9601	0.9736	0.9790	0.00432	43	0.9941	328	0.070	0.9976	99.8953	99.9761	0.0197	1.24	AlfI:99.95,AloI:99.97,BcgI:99.97,FalI:99.96	7833	43	6923	1053	162.04651162790697	ok	99.9556	gamma	99.9198	ok
NZ_CP018247.1	NZ_CP038284.1	99.9705	99.9726	0.9858	0.9748	0.00356	45	0.9939	392	0.070	0.9983	99.9199	99.9856	0.0252	3.03	AlfI:99.97,AloI:99.98,BcgI:99.97,FalI:99.99	7993	45	6994	1553	157.57777777777778	ok	99.9705	gamma	99.9411	ok
NZ_CP018247.1	NZ_CP038290.1	99.9698	99.9698	0.9828	0.9631	0.00375	38	0.9948	258	inf	0.9982	99.9056	99.9855	0.0210	1.21	AlfI:99.97,AloI:99.99,BcgI:99.97,FalI:99.97	7866	38	6979	1255	182.73684210526315	ok	99.9698	uniform	99.9287	ok
NZ_CP018247.1	NZ_CP038292.1	99.9733	99.9750	0.9862	0.9798	0.00340	41	0.9945	359	0.070	0.9985	99.9294	99.9862	0.0238	2.49	AlfI:99.97,AloI:99.98,BcgI:99.98,FalI:99.99	7957	41	6996	1554	172.5609756097561	ok	99.9733	gamma	99.9492	ok
NZ_CP018247.1	NZ_CP038300.1	99.9726	99.9745	0.9862	0.9801	0.00343	43	0.9942	404	0.070	0.9985	99.9247	99.9867	0.0252	2.68	AlfI:99.97,AloI:99.98,BcgI:99.98,FalI:99.99	8014	43	6996	1553	165.2325581395349	ok	99.9726	gamma	99.9451	ok
NZ_CP018247.1	NZ_CP038302.1	99.9704	99.9726	0.9849	0.9569	0.00356	47	0.9937	428	0.070	0.9983	99.9175	99.9861	0.0121	0.55	AlfI:99.97,AloI:99.97,BcgI:99.98,FalI:99.98	8017	47	6991	1554	151.25531914893617	ok	99.9704	gamma	99.9390	ok
NZ_CP018247.1	NZ_CP038309.1	99.9740	99.9740	0.9862	0.9651	0.00347	36	0.9952	360	inf	0.9984	99.9176	99.9879	0.0279	3.05	AlfI:99.96,AloI:99.98,BcgI:99.98,FalI:99.99	7990	36	6997	1535	195.30555555555554	ok	99.9740	uniform	99.9391	ok
NZ_CP018247.1	NZ_CP038319.1	99.9500	99.9559	0.9721	0.9813	0.00455	49	0.9933	355	0.070	0.9973	99.8809	99.9743	0.0251	1.41	AlfI:99.94,AloI:99.97,BcgI:99.96,FalI:99.96	7923	49	6921	1054	143.0204081632653	ok	99.9500	gamma	99.9072	ok
NZ_CP018247.1	NZ_CP038333.1	99.9650	99.9680	0.9865	0.9709	0.00385	42	0.9944	387	0.070	0.9981	99.9082	99.9827	0.0361	5.48	AlfI:99.96,AloI:99.99,BcgI:99.97,FalI:99.99	7988	42	6997	1554	168.78571428571428	ok	99.9650	gamma	99.9309	ok
NZ_CP018247.1	NZ_CP038339.1	99.9613	99.9644	0.9727	0.9600	0.00409	45	0.9938	325	0.070	0.9978	99.9166	99.9761	0.0206	1.42	AlfI:99.95,AloI:99.97,BcgI:99.97,FalI:99.96	7825	45	6916	1052	154.6	ok	99.9613	gamma	99.9384	ok
NZ_CP018247.1	NZ_CP038342.1	99.9426	99.9507	0.9729	0.9689	0.00481	48	0.9934	333	0.070	0.9970	99.8571	99.9737	0.0119	0.20	AlfI:99.95,AloI:99.95,BcgI:99.95,FalI:99.94	7990	48	6924	1051	144.95833333333334	ok	99.9426	gamma	99.8860	ok
NZ_CP018247.1	NZ_CP038344.1	99.9327	99.9435	0.9714	0.9736	0.00515	43	0.9941	289	0.070	0.9966	99.8380	99.9695	0.0586	6.03	AlfI:99.91,AloI:99.97,BcgI:99.96,FalI:99.97	7773	43	6922	928	160.67441860465115	ok	99.9327	gamma	99.8688	ok
NZ_CP018247.1	NZ_CP038346.1	99.9615	99.9652	0.9879	0.9579	0.00401	45	0.9939	424	0.070	0.9979	99.8988	99.9815	0.0158	0.97	AlfI:99.96,AloI:99.97,BcgI:99.97,FalI:99.97	8022	45	7001	1053	157.8	ok	99.9615	gamma	99.9228	ok
NZ_CP018247.1	NZ_CP038349.1	99.9474	99.9537	0.9642	0.9647	0.00467	44	0.9939	295	0.070	0.9972	99.8779	99.9724	0.0110	0.22	AlfI:99.95,AloI:99.95,BcgI:99.96,FalI:99.96	7877	44	6883	1249	156.52272727272728	ok	99.9474	gamma	99.9045	ok
NZ_CP018247.1	NZ_CP038351.1	99.9452	99.9528	0.9783	0.9638	0.00470	50	0.9932	426	0.070	0.9971	99.8578	99.9761	0.0173	1.01	AlfI:99.94,AloI:99.95,BcgI:99.96,FalI:99.95	8083	50	6956	1484	140.86	ok	99.9452	gamma	99.8865	ok
NZ_CP018247.1	NZ_CP038353.1	99.9506	99.9560	0.9775	0.9684	0.00453	48	0.9934	353	0.070	0.9973	99.8884	99.9726	0.0301	1.66	AlfI:99.94,AloI:99.97,BcgI:99.96,FalI:99.95	7909	48	6942	1053	145.8125	ok	99.9506	gamma	99.9137	ok
NZ_CP018247.1	NZ_CP038355.1	99.9716	99.9736	0.9862	0.9804	0.00350	42	0.9943	365	0.070	0.9984	99.9247	99.9856	0.0195	1.37	AlfI:99.97,AloI:99.98,BcgI:99.97,FalI:99.99	7953	42	6997	1554	168.5	ok	99.9716	gamma	99.9452	ok
NZ_CP018247.1	NZ_CP038357.1	99.9422	99.9502	0.9723	0.9603	0.00484	51	0.9930	373	0.070	0.9970	99.8594	99.9725	0.0217	0.54	AlfI:99.95,AloI:99.93,BcgI:99.96,FalI:99.95	7997	51	6917	1478	136.50980392156862	ok	99.9422	gamma	99.8880	ok
NZ_CP018247.1	NZ_CP038360.1	99.9533	99.9571	0.9680	0.9593	0.00449	46	0.9936	316	0.070	0.9974	99.9162	99.9672	0.0183	0.93	AlfI:99.95,AloI:99.95,BcgI:99.96,FalI:99.95	7798	46	6882	1052	150.32608695652175	ok	99.9533	gamma	99.9381	ok
NZ_CP018247.1	NZ_CP038366.1	99.9545	99.9594	0.9807	0.9702	0.00435	36	0.9951	303	0.070	0.9975	99.8887	99.9768	0.0338	2.03	AlfI:99.95,AloI:99.98,BcgI:99.96,FalI:99.96	7866	36	6961	1050	193.69444444444446	ok	99.9545	gamma	99.9140	ok
NZ_CP018247.1	NZ_CP038372.1	99.9388	99.9478	0.9712	0.9596	0.00495	52	0.9929	402	0.070	0.9968	99.8500	99.9719	0.0054	0.08	AlfI:99.94,AloI:99.95,BcgI:99.95,FalI:99.95	8129	52	6925	1477	134.75	ok	99.9388	gamma	99.8796	ok
NZ_CP018247.1	NZ_CP038402.1	99.9740	99.9740	0.9806	0.9680	0.00348	46	0.9937	371	inf	0.9984	99.9244	99.9861	0.0137	0.63	AlfI:99.97,AloI:99.98,BcgI:99.97,FalI:99.98	7898	46	6969	1255	152.69565217391303	ok	99.9740	uniform	99.9449	ok
NZ_CP018247.1	NZ_CP038414.1	99.9563	99.9610	0.9878	0.9771	0.00425	42	0.9944	419	0.070	0.9976	99.8870	99.9792	0.0179	1.09	AlfI:99.95,AloI:99.97,BcgI:99.97,FalI:99.97	8025	42	7001	1545	168.97619047619048	ok	99.9563	gamma	99.9124	ok
NZ_CP018247.1	NZ_CP038416.1	99.9603	99.9634	0.9732	0.9570	0.00414	46	0.9937	343	0.070	0.9978	99.9167	99.9749	0.0206	1.40	AlfI:99.95,AloI:99.97,BcgI:99.97,FalI:99.96	7828	46	6918	1053	151.41304347826087	ok	99.9603	gamma	99.9384	ok
NZ_CP018247.1	NZ_CP039834.1	99.9579	99.9622	0.9794	0.9787	0.00420	43	0.9942	359	0.070	0.9977	99.8934	99.9791	0.0171	0.89	AlfI:99.95,AloI:99.97,BcgI:99.97,FalI:99.97	7940	43	6957	1547	163.37209302325581	ok	99.9579	gamma	99.9181	ok
NZ_CP018247.1	NZ_CP062778.1	99.9790	99.9801	0.9890	0.9827	0.00303	45	0.9940	402	0.070	0.9988	99.9412	99.9896	0.0241	4.46	AlfI:99.97,AloI:99.99,BcgI:99.98,FalI:100.00	8006	45	7002	1556	158	ok	99.9790	gamma	99.9591	ok
NZ_CP018247.1	NZ_CP062700.1	99.9780	99.9792	0.9894	0.9868	0.00310	39	0.9948	354	0.070	0.9987	99.9412	99.9885	0.0219	2.82	AlfI:99.97,AloI:99.99,BcgI:99.98,FalI:99.99	7952	39	7002	1556	181.30769230769232	ok	99.9780	gamma	99.9591	ok
NZ_CP018247.1	NZ_CP062702.1	99.9560	99.9609	0.9697	0.9640	0.00429	39	0.9946	306	0.070	0.9976	99.8852	99.9795	0.0113	0.26	AlfI:99.96,AloI:99.97,BcgI:99.96,FalI:99.96	7805	39	6892	1270	177.07692307692307	ok	99.9560	gamma	99.9110	ok
NZ_CP018247.1	NZ_CP062705.1	99.9508	99.9574	0.9784	0.9644	0.00446	49	0.9933	416	0.070	0.9974	99.8624	99.9808	0.0274	1.31	AlfI:99.95,AloI:99.97,BcgI:99.96,FalI:99.96	7952	49	6951	1050	143.59183673469389	ok	99.9508	gamma	99.8907	ok
NZ_CP018247.1	NZ_CP062708.1	99.9527	99.9588	0.9779	0.9639	0.00439	49	0.9933	416	0.070	0.9975	99.8671	99.9814	0.0274	1.57	AlfI:99.95,AloI:99.97,BcgI:99.97,FalI:99.96	7952	49	6948	1050	143.57142857142858	ok	99.9527	gamma	99.8949	ok
NZ_CP018247.1	NZ_CP062711.1	99.9527	99.9588	0.9779	0.9701	0.00439	49	0.9933	416	0.070	0.9975	99.8671	99.9814	0.0274	1.57	AlfI:99.95,AloI:99.97,BcgI:99.97,FalI:99.96	7952	49	6948	1050	143.57142857142858	ok	99.9527	gamma	99.8949	ok
NZ_CP018247.1	NZ_CP062713.1	99.9513	99.9579	0.9784	0.9708	0.00444	49	0.9933	416	0.070	0.9974	99.8624	99.9814	0.0274	1.39	AlfI:99.95,AloI:99.97,BcgI:99.96,FalI:99.96	7952	49	6951	1050	143.59183673469389	ok	99.9513	gamma	99.8907	ok
NZ_CP018247.1	NZ_CP062715.1	99.9558	99.9610	0.9724	0.9679	0.00428	51	0.9930	418	0.070	0.9976	99.8783	99.9813	0.0219	0.93	AlfI:99.95,AloI:99.97,BcgI:99.97,FalI:99.96	7928	51	6911	1051	137.33333333333334	ok	99.9558	gamma	99.9049	ok
NZ_CP018247.1	NZ_CP062717.1	99.9560	99.9611	0.9761	0.9676	0.00426	50	0.9932	416	0.070	0.9976	99.8788	99.9813	0.0232	1.15	AlfI:99.95,AloI:99.97,BcgI:99.97,FalI:99.96	7957	50	6939	1051	140.58	ok	99.9560	gamma	99.9053	ok
NZ_CP018247.1	NZ_CP062719.1	99.9495	99.9560	0.9788	0.9608	0.00453	44	0.9940	371	0.070	0.9973	99.8695	99.9773	0.0226	1.53	AlfI:99.94,AloI:99.95,BcgI:99.96,FalI:99.96	7945	44	6950	1051	159.0681818181818	ok	99.9495	gamma	99.8970	ok
NZ_CP018247.1	NZ_CP062721.1	99.9471	99.9542	0.9793	0.9613	0.00463	44	0.9940	371	0.070	0.9972	99.8648	99.9761	0.0206	1.27	AlfI:99.94,AloI:99.95,BcgI:99.96,FalI:99.95	7945	44	6953	1051	159.0909090909091	ok	99.9471	gamma	99.8928	ok
NZ_CP018247.1	NZ_CP062723.1	99.9533	99.9593	0.9766	0.9681	0.00437	50	0.9932	416	0.070	0.9975	99.8694	99.9813	0.0232	0.98	AlfI:99.95,AloI:99.97,BcgI:99.96,FalI:99.96	7953	50	6942	1050	140.56	ok	99.9533	gamma	99.8969	ok
NZ_CP018247.1	NZ_CP062725.1	99.9545	99.9602	0.9766	0.9688	0.00432	47	0.9936	403	0.070	0.9976	99.8718	99.9819	0.0232	1.00	AlfI:99.95,AloI:99.97,BcgI:99.96,FalI:99.96	7973	47	6942	1050	149.2340425531915	ok	99.9545	gamma	99.8990	ok
NZ_CP018247.1	NZ_CP062727.1	99.9579	99.9626	0.9792	0.9765	0.00418	47	0.9936	410	0.070	0.9977	99.8838	99.9820	0.0190	0.92	AlfI:99.95,AloI:99.97,BcgI:99.97,FalI:99.96	7959	47	6951	1051	149.72340425531914	ok	99.9579	gamma	99.9097	ok
NZ_CP018247.1	NZ_CP062729.1	99.9560	99.9611	0.9760	0.9680	0.00426	51	0.9930	420	0.070	0.9976	99.8788	99.9813	0.0232	1.15	AlfI:99.95,AloI:99.97,BcgI:99.97,FalI:99.96	7955	51	6939	1051	137.90196078431373	ok	99.9560	gamma	99.9053	ok
NZ_CP018247.1	NZ_CP062780.1	99.9547	99.9602	0.9761	0.9675	0.00432	50	0.9932	416	0.070	0.9976	99.8741	99.9813	0.0232	1.00	AlfI:99.95,AloI:99.97,BcgI:99.96,FalI:99.96	7955	50	6941	1051	140.58	ok	99.9547	gamma	99.9011	ok
NZ_CP018247.1	NZ_CP062731.1	99.9560	99.9611	0.9756	0.9670	0.00427	50	0.9932	416	0.070	0.9976	99.8788	99.9813	0.0232	1.15	AlfI:99.95,AloI:99.97,BcgI:99.97,FalI:99.96	7955	50	6938	1051	140.56	ok	99.9560	gamma	99.9053	ok
NZ_CP018247.1	NZ_CP062733.1	99.9560	99.9611	0.9757	0.9664	0.00427	51	0.9930	420	0.070	0.9976	99.8788	99.9813	0.0232	1.15	AlfI:99.95,AloI:99.97,BcgI:99.97,FalI:99.96	7954	51	6938	1051	137.90196078431373	ok	99.9560	gamma	99.9053	ok
NZ_CP018247.1	NZ_CP062739.1	99.9547	99.9602	0.9761	0.9644	0.00432	55	0.9927	809	0.070	0.9976	99.8741	99.9813	0.0232	1.00	AlfI:99.95,AloI:99.97,BcgI:99.96,FalI:99.96	8182	55	6941	1051	131.8181818181818	ok	99.9547	gamma	99.9011	ok
NZ_CP018247.1	NZ_CP062736.1	99.9560	99.9611	0.9756	0.9664	0.00427	50	0.9932	416	0.070	0.9976	99.8788	99.9813	0.0232	1.15	AlfI:99.95,AloI:99.97,BcgI:99.97,FalI:99.96	7955	50	6938	1051	140.56	ok	99.9560	gamma	99.9053	ok
NZ_CP018247.1	NZ_CP062742.1	99.9559	99.9612	0.9792	0.9763	0.00426	47	0.9936	409	0.070	0.9976	99.8767	99.9820	0.0218	1.08	AlfI:99.95,AloI:99.97,BcgI:99.97,FalI:99.96	7961	47	6951	1051	149.6595744680851	ok	99.9559	gamma	99.9034	ok
NZ_CP018247.1	NZ_CP062744.1	99.9547	99.9602	0.9762	0.9667	0.00432	50	0.9932	413	0.070	0.9976	99.8741	99.9813	0.0232	1.00	AlfI:99.95,AloI:99.97,BcgI:99.96,FalI:99.96	7954	50	6941	1051	140.58	ok	99.9547	gamma	99.9011	ok
NZ_CP018247.1	NZ_CP062746.1	99.9547	99.9602	0.9766	0.9675	0.00432	51	0.9930	419	0.070	0.9976	99.8741	99.9813	0.0232	1.00	AlfI:99.95,AloI:99.97,BcgI:99.96,FalI:99.96	7954	51	6942	1051	137.94117647058823	ok	99.9547	gamma	99.9011	ok
NZ_CP018247.1	NZ_CP062749.1	99.9539	99.9598	0.9793	0.9686	0.00433	43	0.9941	361	0.070	0.9976	99.8696	99.9819	0.0180	0.97	AlfI:99.95,AloI:99.97,BcgI:99.97,FalI:99.96	7903	43	6953	1051	162.48837209302326	ok	99.9539	gamma	99.8971	ok
NZ_CP018247.1	NZ_CP062752.1	99.9548	99.9602	0.9758	0.9667	0.00432	51	0.9930	417	0.070	0.9976	99.8765	99.9808	0.0232	1.00	AlfI:99.95,AloI:99.97,BcgI:99.96,FalI:99.96	7954	51	6939	1051	137.80392156862746	ok	99.9548	gamma	99.9032	ok
NZ_CP018247.1	NZ_CP062755.1	99.9537	99.9593	0.9793	0.9683	0.00436	49	0.9933	419	0.070	0.9975	99.8743	99.9802	0.0311	1.67	AlfI:99.95,AloI:99.98,BcgI:99.96,FalI:99.96	7958	49	6953	1051	143.71428571428572	ok	99.9537	gamma	99.9013	ok
NZ_CP018247.1	NZ_CP062761.1	99.9566	99.9615	0.9746	0.9684	0.00425	49	0.9933	417	0.070	0.9977	99.8833	99.9807	0.0159	0.90	AlfI:99.95,AloI:99.97,BcgI:99.97,FalI:99.96	7935	49	6919	1051	143.12244897959184	ok	99.9566	gamma	99.9093	ok
NZ_CP018247.1	NZ_CP062758.1	99.9534	99.9593	0.9788	0.9675	0.00436	49	0.9933	419	0.070	0.9975	99.8695	99.9814	0.0246	1.07	AlfI:99.95,AloI:99.97,BcgI:99.96,FalI:99.96	7961	49	6950	1051	143.6530612244898	ok	99.9534	gamma	99.8970	ok
NZ_CP018247.1	NZ_CP062763.1	99.9540	99.9592	0.9758	0.9671	0.00437	50	0.9932	414	0.070	0.9975	99.8834	99.9778	0.0138	0.35	AlfI:99.95,AloI:99.97,BcgI:99.96,FalI:99.96	7945	50	6927	1051	140.34	ok	99.9540	gamma	99.9094	ok
NZ_CP018247.1	NZ_CP062766.1	99.9561	99.9612	0.9787	0.9680	0.00426	46	0.9937	397	0.070	0.9976	99.8790	99.9814	0.0232	1.15	AlfI:99.95,AloI:99.97,BcgI:99.97,FalI:99.96	7983	46	6950	1051	152.6304347826087	ok	99.9561	gamma	99.9055	ok
NZ_CP018247.1	NZ_CP062782.1	99.9545	99.9603	0.9792	0.9620	0.00431	42	0.9943	356	0.070	0.9976	99.8696	99.9825	0.0218	0.81	AlfI:99.95,AloI:99.97,BcgI:99.96,FalI:99.96	7938	42	6953	1051	166.35714285714286	ok	99.9545	gamma	99.8971	ok
NZ_CP018247.1	NZ_CP062769.1	99.9463	99.9540	0.9758	0.9672	0.00464	42	0.9942	315	0.070	0.9972	99.8527	99.9790	0.0135	0.56	AlfI:99.95,AloI:99.95,BcgI:99.96,FalI:99.95	7865	42	6939	1053	165.38095238095238	ok	99.9463	gamma	99.8820	ok
NZ_CP018247.1	NZ_CP062771.1	99.9550	99.9603	0.9792	0.9761	0.00431	44	0.9940	393	0.070	0.9976	99.8791	99.9802	0.0166	0.98	AlfI:99.95,AloI:99.97,BcgI:99.97,FalI:99.96	7948	44	6951	1051	159.47727272727272	ok	99.9550	gamma	99.9055	ok
NZ_CP018247.1	NZ_CP062774.1	99.9508	99.9574	0.9763	0.9611	0.00447	52	0.9929	421	0.070	0.9974	99.8622	99.9807	0.0114	0.43	AlfI:99.95,AloI:99.96,BcgI:99.96,FalI:99.96	7949	52	6942	1051	135.19230769230768	ok	99.9508	gamma	99.8905	ok
NZ_CP018241.1	NZ_CP018250.1	99.9539	99.9597	0.9621	0.9706	0.00434	41	0.9944	299	0.070	0.9976	99.8693	99.9819	0.0188	0.66	AlfI:99.95,AloI:99.96,BcgI:99.96,FalI:99.97	7843	41	6939	1269	169.26829268292684	ok	99.9539	gamma	99.8969	ok
NZ_CP018241.1	NZ_CP038282.1	99.9617	99.9654	0.9659	0.9773	0.00402	39	0.9947	330	0.070	0.9979	99.8981	99.9820	0.0379	5.37	AlfI:99.95,AloI:99.95,BcgI:99.97,FalI:99.99	7915	39	6951	952	179.28205128205127	ok	99.9617	gamma	99.9222	ok
NZ_CP018241.1	NZ_CP038284.1	99.9588	99.9634	0.9589	0.9669	0.00414	48	0.9934	337	0.070	0.9978	99.8833	99.9830	0.0233	1.55	AlfI:99.95,AloI:99.95,BcgI:99.97,FalI:99.97	7878	48	6922	1269	145.04166666666666	ok	99.9588	gamma	99.9093	ok
NZ_CP018241.1	NZ_CP038290.1	99.9507	99.9569	0.9628	0.9551	0.00449	39	0.9946	256	0.070	0.9974	99.8717	99.9778	0.0068	0.13	AlfI:99.95,AloI:99.95,BcgI:99.96,FalI:99.96	7811	39	6939	1255	176.56410256410257	ok	99.9507	gamma	99.8990	ok
NZ_CP018241.1	NZ_CP038292.1	99.9549	99.9602	0.9625	0.9739	0.00431	47	0.9936	353	0.070	0.9976	99.8790	99.9802	0.0139	0.65	AlfI:99.95,AloI:99.96,BcgI:99.97,FalI:99.96	7881	47	6944	1269	148.74468085106383	ok	99.9549	gamma	99.9054	ok
NZ_CP018241.1	NZ_CP038300.1	99.9528	99.9583	0.9625	0.9740	0.00441	48	0.9934	364	0.070	0.9975	99.8790	99.9779	0.0124	0.50	AlfI:99.95,AloI:99.96,BcgI:99.96,FalI:99.96	7893	48	6944	1269	145.77083333333334	ok	99.9528	gamma	99.9054	ok
NZ_CP018241.1	NZ_CP038302.1	99.9561	99.9611	0.9608	0.9515	0.00427	49	0.9933	388	0.070	0.9976	99.8834	99.9801	0.0287	1.64	AlfI:99.95,AloI:99.94,BcgI:99.97,FalI:99.96	7901	49	6927	1269	142.77551020408163	ok	99.9561	gamma	99.9094	ok
NZ_CP018241.1	NZ_CP038309.1	99.9597	99.9643	0.9596	0.9546	0.00409	39	0.9946	260	0.070	0.9978	99.8810	99.9848	0.0272	2.68	AlfI:99.95,AloI:99.95,BcgI:99.98,FalI:99.97	7841	39	6924	1268	176.28205128205127	ok	99.9597	gamma	99.9072	ok
NZ_CP018241.1	NZ_CP038319.1	99.9530	99.9583	0.9585	0.9722	0.00442	48	0.9934	295	0.070	0.9975	99.8859	99.9761	0.0271	1.52	AlfI:99.95,AloI:99.95,BcgI:99.96,FalI:99.97	7886	48	6934	920	145.14583333333334	ok	99.9530	gamma	99.9116	ok
NZ_CP018241.1	NZ_CP038333.1	99.9584	99.9629	0.9594	0.9623	0.00417	45	0.9938	371	0.070	0.9977	99.8857	99.9819	0.0187	1.39	AlfI:99.95,AloI:99.95,BcgI:99.97,FalI:99.97	7877	45	6923	1269	155.0888888888889	ok	99.9584	gamma	99.9114	ok
NZ_CP018241.1	NZ_CP038339.1	99.9641	99.9669	0.9654	0.9577	0.00393	38	0.9948	298	0.070	0.9980	99.9170	99.9791	0.0384	3.00	AlfI:99.96,AloI:99.95,BcgI:99.97,FalI:99.99	7877	38	6949	952	183.23684210526315	ok	99.9641	gamma	99.9387	ok
NZ_CP018241.1	NZ_CP038342.1	99.9550	99.9610	0.9586	0.9657	0.00428	42	0.9942	286	0.070	0.9976	99.8619	99.9854	0.0297	1.51	AlfI:99.95,AloI:99.95,BcgI:99.96,FalI:99.98	7980	42	6924	920	164.83333333333334	ok	99.9550	gamma	99.8903	ok
NZ_CP018241.1	NZ_CP038344.1	99.9500	99.9566	0.9516	0.9655	0.00453	46	0.9936	282	0.070	0.9974	99.8636	99.9794	0.0501	5.10	AlfI:99.93,AloI:99.97,BcgI:99.97,FalI:99.98	7740	46	6891	951	149.45652173913044	ok	99.9500	gamma	99.8919	ok
NZ_CP018241.1	NZ_CP038346.1	99.9588	99.9635	0.9646	0.9497	0.00413	45	0.9938	363	0.070	0.9978	99.8814	99.9837	0.0223	1.10	AlfI:99.96,AloI:99.95,BcgI:99.97,FalI:99.96	7901	45	6949	951	155.3111111111111	ok	99.9588	gamma	99.9076	ok
NZ_CP018241.1	NZ_CP038349.1	99.9577	99.9627	0.9516	0.9630	0.00419	39	0.9946	275	0.070	0.9977	99.8756	99.9841	0.0382	5.76	AlfI:99.95,AloI:99.96,BcgI:99.96,FalI:99.99	7901	39	6891	1249	176.4102564102564	ok	99.9577	gamma	99.9025	ok
NZ_CP018241.1	NZ_CP038351.1	99.9582	99.9630	0.9608	0.9559	0.00416	48	0.9934	376	0.070	0.9977	99.8788	99.9837	0.0406	3.07	AlfI:99.95,AloI:99.94,BcgI:99.97,FalI:99.98	8044	48	6933	1263	145.70833333333334	ok	99.9582	gamma	99.9053	ok
NZ_CP018241.1	NZ_CP038353.1	99.9498	99.9555	0.9641	0.9630	0.00456	45	0.9938	312	0.070	0.9973	99.8836	99.9732	0.0299	1.63	AlfI:99.94,AloI:99.95,BcgI:99.96,FalI:99.97	7886	45	6940	950	154.55555555555554	ok	99.9498	gamma	99.9095	ok
NZ_CP018241.1	NZ_CP038355.1	99.9487	99.9550	0.9622	0.9727	0.00459	48	0.9934	348	0.070	0.9973	99.8741	99.9749	0.0191	0.62	AlfI:99.95,AloI:99.94,BcgI:99.96,FalI:99.96	7854	48	6941	1268	145.39583333333334	ok	99.9487	gamma	99.9011	ok
NZ_CP018241.1	NZ_CP038357.1	99.9454	99.9537	0.9687	0.9693	0.00465	44	0.9940	342	0.070	0.9972	99.8438	99.9808	0.0359	1.44	AlfI:99.95,AloI:99.93,BcgI:99.96,FalI:99.97	8045	44	6967	1263	158.75	ok	99.9454	gamma	99.8740	ok
NZ_CP018241.1	NZ_CP038360.1	99.9519	99.9567	0.9582	0.9584	0.00451	40	0.9945	275	0.070	0.9974	99.8974	99.9713	0.0448	1.69	AlfI:99.95,AloI:99.93,BcgI:99.96,FalI:99.97	7825	40	6903	952	172.375	ok	99.9519	gamma	99.9217	ok
NZ_CP018241.1	NZ_CP038366.1	99.9669	99.9669	0.9712	0.9641	0.00392	39	0.9947	332	inf	0.9980	99.8913	99.9855	0.0405	5.34	AlfI:99.95,AloI:99.97,BcgI:99.97,FalI:99.99	7907	39	6971	951	179.56410256410257	ok	99.9669	uniform	99.9162	ok
NZ_CP018241.1	NZ_CP038372.1	99.9552	99.9609	0.9552	0.9499	0.00429	43	0.9941	312	0.070	0.9976	99.8664	99.9842	0.0299	1.38	AlfI:99.95,AloI:99.95,BcgI:99.96,FalI:99.98	8060	43	6912	1264	161.13953488372093	ok	99.9552	gamma	99.8944	ok
NZ_CP018241.1	NZ_CP038402.1	99.9541	99.9593	0.9623	0.9595	0.00437	48	0.9934	382	0.070	0.9975	99.8836	99.9778	0.0164	0.25	AlfI:99.96,AloI:99.97,BcgI:99.96,FalI:99.95	7899	48	6939	1255	145.58333333333334	ok	99.9541	gamma	99.9095	ok
NZ_CP018241.1	NZ_CP038414.1	99.9531	99.9591	0.9745	0.9793	0.00436	42	0.9943	380	0.070	0.9975	99.8682	99.9815	0.0191	1.31	AlfI:99.95,AloI:99.95,BcgI:99.97,FalI:99.95	8012	42	7002	1267	168.02380952380952	ok	99.9531	gamma	99.8957	ok
NZ_CP018241.1	NZ_CP038416.1	99.9647	99.9673	0.9654	0.9543	0.00390	39	0.9947	316	0.070	0.9980	99.9194	99.9791	0.0340	2.21	AlfI:99.96,AloI:99.95,BcgI:99.97,FalI:99.98	7839	39	6948	952	178.53846153846155	ok	99.9647	gamma	99.9407	ok
NZ_CP018241.1	NZ_CP039834.1	99.9538	99.9594	0.9688	0.9719	0.00435	46	0.9937	367	0.070	0.9975	99.8746	99.9802	0.0276	2.25	AlfI:99.96,AloI:99.95,BcgI:99.96,FalI:99.98	7954	46	6964	1268	152.7391304347826	ok	99.9538	gamma	99.9015	ok
NZ_CP018241.1	NZ_CP062778.1	99.9363	99.9474	0.9652	0.9581	0.00497	49	0.9933	356	0.070	0.9968	99.8242	99.9778	0.0075	0.06	AlfI:99.95,AloI:99.94,BcgI:99.95,FalI:99.95	7896	49	6944	1269	142.44897959183675	ok	99.9363	gamma	99.8564	ok
NZ_CP018241.1	NZ_CP062700.1	99.9358	99.9470	0.9657	0.9627	0.00499	43	0.9941	315	0.070	0.9968	99.8242	99.9772	0.0075	0.09	AlfI:99.95,AloI:99.94,BcgI:99.95,FalI:99.94	7856	43	6944	1269	161.5581395348837	ok	99.9358	gamma	99.8564	ok
NZ_CP018241.1	NZ_CP062702.1	99.9879	99.9879	0.9704	0.9725	0.00236	41	0.9945	402	inf	0.9993	99.9622	99.9942	0.0132	1.41	AlfI:99.98,AloI:99.99,BcgI:99.99,FalI:100.00	7972	41	6967	1514	172.3170731707317	ok	99.9879	uniform	99.9763	ok
NZ_CP018241.1	NZ_CP062705.1	99.9528	99.9592	0.9624	0.9591	0.00437	47	0.9935	352	0.070	0.9975	99.8599	99.9837	0.0245	1.25	AlfI:99.95,AloI:99.95,BcgI:99.96,FalI:99.97	7863	47	6941	950	148.17021276595744	ok	99.9528	gamma	99.8884	ok
NZ_CP018241.1	NZ_CP062708.1	99.9528	99.9592	0.9624	0.9591	0.00437	47	0.9935	352	0.070	0.9975	99.8599	99.9837	0.0245	1.25	AlfI:99.95,AloI:99.95,BcgI:99.96,FalI:99.97	7863	47	6941	950	148.17021276595744	ok	99.9528	gamma	99.8884	ok
NZ_CP018241.1	NZ_CP062711.1	99.9528	99.9592	0.9624	0.9653	0.00437	47	0.9935	352	0.070	0.9975	99.8599	99.9837	0.0245	1.25	AlfI:99.95,AloI:99.95,BcgI:99.96,FalI:99.97	7863	47	6941	950	148.17021276595744	ok	99.9528	gamma	99.8884	ok
NZ_CP018241.1	NZ_CP062713.1	99.9528	99.9592	0.9624	0.9655	0.00437	47	0.9935	352	0.070	0.9975	99.8599	99.9837	0.0245	1.25	AlfI:99.95,AloI:99.95,BcgI:99.96,FalI:99.97	7863	47	6941	950	148.17021276595744	ok	99.9528	gamma	99.8884	ok
NZ_CP018241.1	NZ_CP062715.1	99.9606	99.9651	0.9559	0.9647	0.00405	49	0.9932	357	0.070	0.9979	99.8782	99.9865	0.0238	1.47	AlfI:99.96,AloI:99.96,BcgI:99.97,FalI:99.98	7875	49	6901	951	141.6122448979592	ok	99.9606	gamma	99.9048	ok
NZ_CP018241.1	NZ_CP062717.1	99.9607	99.9653	0.9598	0.9649	0.00403	48	0.9934	355	0.070	0.9979	99.8787	99.9866	0.0237	1.47	AlfI:99.96,AloI:99.96,BcgI:99.97,FalI:99.98	7883	48	6930	951	145.0625	ok	99.9607	gamma	99.9052	ok
NZ_CP018241.1	NZ_CP062719.1	99.9567	99.9621	0.9624	0.9539	0.00421	46	0.9937	343	0.070	0.9977	99.8718	99.9842	0.0261	1.59	AlfI:99.95,AloI:99.95,BcgI:99.97,FalI:99.98	7870	46	6941	950	151.32608695652175	ok	99.9567	gamma	99.8990	ok
NZ_CP018241.1	NZ_CP062721.1	99.9556	99.9611	0.9624	0.9543	0.00427	47	0.9935	348	0.070	0.9976	99.8718	99.9831	0.0173	0.93	AlfI:99.95,AloI:99.95,BcgI:99.97,FalI:99.97	7870	47	6941	950	148.19148936170214	ok	99.9556	gamma	99.8990	ok
NZ_CP018241.1	NZ_CP062723.1	99.9600	99.9648	0.9593	0.9629	0.00406	48	0.9934	355	0.070	0.9979	99.8739	99.9871	0.0193	0.84	AlfI:99.96,AloI:99.96,BcgI:99.97,FalI:99.98	7886	48	6927	951	144.95833333333334	ok	99.9600	gamma	99.9009	ok
NZ_CP018241.1	NZ_CP062725.1	99.9606	99.9653	0.9598	0.9641	0.00403	46	0.9937	341	0.070	0.9979	99.8763	99.9871	0.0237	1.47	AlfI:99.96,AloI:99.96,BcgI:99.97,FalI:99.98	7899	46	6930	951	151.04347826086956	ok	99.9606	gamma	99.9031	ok
NZ_CP018241.1	NZ_CP062727.1	99.9608	99.9653	0.9625	0.9661	0.00403	45	0.9938	354	0.070	0.9979	99.8789	99.9866	0.0250	1.60	AlfI:99.96,AloI:99.96,BcgI:99.97,FalI:99.98	7877	45	6941	951	154.88888888888889	ok	99.9608	gamma	99.9054	ok
NZ_CP018241.1	NZ_CP062729.1	99.9594	99.9643	0.9594	0.9590	0.00409	48	0.9934	356	0.070	0.9978	99.8739	99.9866	0.0207	0.96	AlfI:99.96,AloI:99.96,BcgI:99.97,FalI:99.98	7888	48	6927	951	145	ok	99.9594	gamma	99.9009	ok
NZ_CP018241.1	NZ_CP062780.1	99.9607	99.9653	0.9588	0.9622	0.00404	48	0.9934	355	0.070	0.9979	99.8786	99.9866	0.0237	1.47	AlfI:99.96,AloI:99.96,BcgI:99.97,FalI:99.98	7888	48	6926	951	144.97916666666666	ok	99.9607	gamma	99.9052	ok
NZ_CP018241.1	NZ_CP062731.1	99.9607	99.9653	0.9588	0.9622	0.00404	48	0.9934	355	0.070	0.9979	99.8786	99.9866	0.0237	1.47	AlfI:99.96,AloI:99.96,BcgI:99.97,FalI:99.98	7888	48	6926	951	144.97916666666666	ok	99.9607	gamma	99.9052	ok
NZ_CP018241.1	NZ_CP062733.1	99.9594	99.9643	0.9588	0.9572	0.00409	48	0.9934	357	0.070	0.9978	99.8739	99.9866	0.0207	0.96	AlfI:99.96,AloI:99.96,BcgI:99.97,FalI:99.98	7887	48	6926	951	145	ok	99.9594	gamma	99.9009	ok
NZ_CP018241.1	NZ_CP062739.1	99.9594	99.9643	0.9588	0.9582	0.00409	53	0.9929	781	0.070	0.9978	99.8739	99.9866	0.0207	0.96	AlfI:99.96,AloI:99.96,BcgI:99.97,FalI:99.98	8110	53	6926	951	135.77358490566039	ok	99.9594	gamma	99.9009	ok
NZ_CP018241.1	NZ_CP062736.1	99.9607	99.9653	0.9588	0.9616	0.00404	48	0.9934	355	0.070	0.9979	99.8786	99.9866	0.0237	1.47	AlfI:99.96,AloI:99.96,BcgI:99.97,FalI:99.98	7888	48	6926	951	144.97916666666666	ok	99.9607	gamma	99.9052	ok
NZ_CP018241.1	NZ_CP062742.1	99.9610	99.9658	0.9625	0.9658	0.00400	45	0.9938	351	0.070	0.9979	99.8718	99.9889	0.0236	1.46	AlfI:99.96,AloI:99.96,BcgI:99.97,FalI:99.98	7898	45	6941	951	154.9111111111111	ok	99.9610	gamma	99.8990	ok
NZ_CP018241.1	NZ_CP062744.1	99.9594	99.9643	0.9588	0.9575	0.00409	48	0.9934	355	0.070	0.9978	99.8739	99.9866	0.0207	0.96	AlfI:99.96,AloI:99.96,BcgI:99.97,FalI:99.98	7887	48	6926	951	145	ok	99.9594	gamma	99.9009	ok
NZ_CP018241.1	NZ_CP062746.1	99.9601	99.9648	0.9598	0.9603	0.00406	48	0.9934	355	0.070	0.9979	99.8763	99.9866	0.0207	0.98	AlfI:99.96,AloI:99.96,BcgI:99.97,FalI:99.98	7887	48	6930	951	145.08333333333334	ok	99.9601	gamma	99.9031	ok
NZ_CP018241.1	NZ_CP062749.1	99.9586	99.9635	0.9624	0.9652	0.00413	47	0.9935	353	0.070	0.9978	99.8765	99.9848	0.0278	2.01	AlfI:99.95,AloI:99.95,BcgI:99.97,FalI:99.98	7871	47	6941	951	148.2340425531915	ok	99.9586	gamma	99.9033	ok
NZ_CP018241.1	NZ_CP062752.1	99.9606	99.9653	0.9594	0.9640	0.00403	49	0.9932	356	0.070	0.9979	99.8763	99.9871	0.0237	1.47	AlfI:99.96,AloI:99.96,BcgI:99.97,FalI:99.98	7887	49	6930	950	142.08163265306123	ok	99.9606	gamma	99.9031	ok
NZ_CP018241.1	NZ_CP062755.1	99.9582	99.9635	0.9624	0.9606	0.00414	45	0.9938	353	0.070	0.9978	99.8694	99.9866	0.0234	1.21	AlfI:99.95,AloI:99.96,BcgI:99.97,FalI:99.98	7873	45	6941	951	154.82222222222222	ok	99.9582	gamma	99.8969	ok
NZ_CP018241.1	NZ_CP062761.1	99.9611	99.9657	0.9583	0.9614	0.00402	46	0.9937	356	0.070	0.9979	99.8783	99.9871	0.0237	1.46	AlfI:99.96,AloI:99.96,BcgI:99.97,FalI:99.98	7872	46	6909	951	150.93478260869566	ok	99.9611	gamma	99.9049	ok
NZ_CP018241.1	NZ_CP062758.1	99.9541	99.9606	0.9629	0.9618	0.00429	45	0.9938	349	0.070	0.9976	99.8552	99.9866	0.0248	1.35	AlfI:99.95,AloI:99.95,BcgI:99.96,FalI:99.98	7891	45	6943	951	154.82222222222222	ok	99.9541	gamma	99.8842	ok
NZ_CP018241.1	NZ_CP062763.1	99.9572	99.9624	0.9593	0.9599	0.00420	47	0.9935	354	0.070	0.9977	99.8737	99.9842	0.0277	1.75	AlfI:99.96,AloI:99.95,BcgI:99.96,FalI:99.98	7880	47	6917	951	147.80851063829786	ok	99.9572	gamma	99.9008	ok
NZ_CP018241.1	NZ_CP062766.1	99.9590	99.9639	0.9625	0.9602	0.00411	46	0.9937	346	0.070	0.9978	99.8742	99.9860	0.0206	0.94	AlfI:99.96,AloI:99.96,BcgI:99.97,FalI:99.98	7893	46	6941	951	151.30434782608697	ok	99.9590	gamma	99.9011	ok
NZ_CP018241.1	NZ_CP062782.1	99.9582	99.9635	0.9625	0.9534	0.00414	44	0.9940	339	0.070	0.9978	99.8694	99.9866	0.0234	1.21	AlfI:99.95,AloI:99.96,BcgI:99.97,FalI:99.98	7918	44	6941	951	158.11363636363637	ok	99.9582	gamma	99.8969	ok
NZ_CP018241.1	NZ_CP062769.1	99.9546	99.9605	0.9547	0.9550	0.00431	41	0.9943	256	0.070	0.9976	99.8664	99.9836	0.0299	1.17	AlfI:99.96,AloI:99.95,BcgI:99.96,FalI:99.98	7760	41	6911	951	167.5121951219512	ok	99.9546	gamma	99.8943	ok
NZ_CP018241.1	NZ_CP062771.1	99.9603	99.9649	0.9625	0.9657	0.00405	45	0.9938	351	0.070	0.9979	99.8789	99.9860	0.0275	1.73	AlfI:99.96,AloI:99.95,BcgI:99.97,FalI:99.98	7872	45	6941	951	154.8	ok	99.9603	gamma	99.9054	ok
NZ_CP018241.1	NZ_CP062774.1	99.9567	99.9624	0.9594	0.9536	0.00420	49	0.9932	358	0.070	0.9977	99.8620	99.9871	0.0253	0.79	AlfI:99.96,AloI:99.95,BcgI:99.97,FalI:99.97	7882	49	6930	950	142.0204081632653	ok	99.9567	gamma	99.8904	ok
NZ_CP018250.1	NZ_CP038282.1	99.9597	99.9636	0.9703	0.9852	0.00412	46	0.9937	336	0.070	0.9978	99.8981	99.9797	0.0051	0.04	AlfI:99.96,AloI:99.97,BcgI:99.96,FalI:99.96	7937	46	6955	945	152.17391304347825	ok	99.9597	gamma	99.9222	ok
NZ_CP018250.1	NZ_CP038284.1	99.9529	99.9589	0.9701	0.9716	0.00438	58	0.9921	413	0.070	0.9975	99.8675	99.9814	0.0113	0.34	AlfI:99.95,AloI:99.96,BcgI:99.96,FalI:99.95	8009	58	6968	1340	121.6896551724138	ok	99.9529	gamma	99.8952	ok
NZ_CP018250.1	NZ_CP038290.1	99.9378	99.9473	0.9727	0.9617	0.00495	51	0.9930	297	0.070	0.9968	99.8465	99.9721	0.0462	1.90	AlfI:99.96,AloI:99.97,BcgI:99.94,FalI:99.92	7895	51	6983	1255	136.37254901960785	ok	99.9378	gamma	99.8764	ok
NZ_CP018250.1	NZ_CP038292.1	99.9506	99.9567	0.9737	0.9706	0.00449	56	0.9923	364	0.070	0.9974	99.8726	99.9774	0.0205	0.63	AlfI:99.95,AloI:99.97,BcgI:99.96,FalI:99.96	7982	56	6987	1341	125.91071428571429	ok	99.9506	gamma	99.8997	ok
NZ_CP018250.1	NZ_CP038300.1	99.9529	99.9586	0.9737	0.9712	0.00439	59	0.9920	447	0.070	0.9975	99.8749	99.9791	0.0191	0.55	AlfI:99.95,AloI:99.97,BcgI:99.96,FalI:99.96	8042	59	6987	1341	120.35593220338983	ok	99.9529	gamma	99.9018	ok
NZ_CP018250.1	NZ_CP038302.1	99.9539	99.9594	0.9695	0.9498	0.00435	60	0.9918	456	0.070	0.9975	99.8769	99.9797	0.0186	0.83	AlfI:99.96,AloI:99.95,BcgI:99.97,FalI:99.95	8024	60	6964	1341	118.06666666666666	ok	99.9539	gamma	99.9036	ok
NZ_CP018250.1	NZ_CP038309.1	99.9490	99.9557	0.9707	0.9614	0.00455	50	0.9931	353	0.070	0.9973	99.8652	99.9779	0.0133	0.60	AlfI:99.95,AloI:99.96,BcgI:99.96,FalI:99.95	7994	50	6971	1340	139.68	ok	99.9490	gamma	99.8931	ok
NZ_CP018250.1	NZ_CP038319.1	99.9707	99.9724	0.9631	0.9764	0.00359	57	0.9922	383	0.070	0.9983	99.9358	99.9814	0.0137	0.81	AlfI:99.96,AloI:99.97,BcgI:99.98,FalI:99.98	8012	57	6929	904	123.66666666666667	ok	99.9707	gamma	99.9547	ok
NZ_CP018250.1	NZ_CP038333.1	99.9482	99.9551	0.9692	0.9692	0.00458	56	0.9923	408	0.070	0.9973	99.8626	99.9779	0.0182	0.49	AlfI:99.95,AloI:99.97,BcgI:99.96,FalI:99.95	7981	56	6961	1341	126.01785714285714	ok	99.9482	gamma	99.8908	ok
NZ_CP018250.1	NZ_CP038339.1	99.9610	99.9641	0.9689	0.9592	0.00409	51	0.9930	342	0.070	0.9978	99.9148	99.9762	0.0049	0.06	AlfI:99.97,AloI:99.97,BcgI:99.96,FalI:99.96	7934	51	6958	945	137.41176470588235	ok	99.9610	gamma	99.9367	ok
NZ_CP018250.1	NZ_CP038342.1	99.9528	99.9589	0.9699	0.9660	0.00438	56	0.9923	333	0.070	0.9975	99.8651	99.9820	0.0141	0.50	AlfI:99.97,AloI:99.96,BcgI:99.96,FalI:99.95	8078	56	6965	902	124.875	ok	99.9528	gamma	99.8930	ok
NZ_CP018250.1	NZ_CP038344.1	99.9480	99.9545	0.9610	0.9690	0.00462	52	0.9928	293	0.070	0.9972	99.8714	99.9749	0.0416	3.45	AlfI:99.93,AloI:99.97,BcgI:99.96,FalI:99.97	7809	52	6924	945	133.09615384615384	ok	99.9480	gamma	99.8988	ok
NZ_CP018250.1	NZ_CP038346.1	99.9780	99.9791	0.9718	0.9474	0.00311	58	0.9921	469	0.070	0.9987	99.9457	99.9873	0.0176	0.70	AlfI:99.98,AloI:99.97,BcgI:99.98,FalI:99.97	8063	58	6970	945	122.62068965517241	ok	99.9780	gamma	99.9629	ok
NZ_CP018250.1	NZ_CP038349.1	99.9649	99.9680	0.9596	0.9626	0.00387	53	0.9926	308	0.070	0.9981	99.9022	99.9842	0.0158	0.58	AlfI:99.97,AloI:99.98,BcgI:99.96,FalI:99.96	7946	53	6906	1249	130.58490566037736	ok	99.9649	gamma	99.9259	ok
NZ_CP018250.1	NZ_CP038351.1	99.9685	99.9711	0.9692	0.9569	0.00367	58	0.9921	437	0.070	0.9982	99.9078	99.9867	0.0046	0.04	AlfI:99.97,AloI:99.97,BcgI:99.97,FalI:99.97	8167	58	6966	1336	122.03448275862068	ok	99.9685	gamma	99.9306	ok
NZ_CP018250.1	NZ_CP038353.1	99.9533	99.9577	0.9740	0.9669	0.00443	56	0.9923	381	0.070	0.9974	99.9009	99.9716	0.0190	0.54	AlfI:99.95,AloI:99.97,BcgI:99.96,FalI:99.96	7996	56	6983	944	125.96428571428571	ok	99.9533	gamma	99.9246	ok
NZ_CP018250.1	NZ_CP038355.1	99.9382	99.9475	0.9773	0.9757	0.00494	54	0.9926	355	0.070	0.9968	99.8492	99.9716	0.0154	0.28	AlfI:99.94,AloI:99.95,BcgI:99.95,FalI:99.94	7963	54	7000	1375	130.5	ok	99.9382	gamma	99.8788	ok
NZ_CP018250.1	NZ_CP038357.1	99.9494	99.9560	0.9686	0.9593	0.00454	59	0.9919	391	0.070	0.9973	99.8647	99.9784	0.0099	0.08	AlfI:99.96,AloI:99.95,BcgI:99.96,FalI:99.96	8083	59	6948	1336	118.79661016949153	ok	99.9494	gamma	99.8928	ok
NZ_CP018250.1	NZ_CP038360.1	99.9399	99.9476	0.9664	0.9574	0.00495	54	0.9925	331	0.070	0.9968	99.8717	99.9662	0.0169	0.33	AlfI:99.95,AloI:99.94,BcgI:99.95,FalI:99.93	7890	54	6942	945	128.96296296296296	ok	99.9399	gamma	99.8990	ok
NZ_CP018250.1	NZ_CP038366.1	99.9495	99.9550	0.9769	0.9633	0.00457	45	0.9939	326	0.070	0.9973	99.8869	99.9717	0.0311	2.77	AlfI:99.95,AloI:99.98,BcgI:99.95,FalI:99.97	7963	45	6996	945	156.13333333333333	ok	99.9495	gamma	99.9123	ok
NZ_CP018250.1	NZ_CP038372.1	99.9512	99.9575	0.9701	0.9573	0.00445	64	0.9913	475	0.070	0.9974	99.8651	99.9802	0.0126	0.49	AlfI:99.96,AloI:99.96,BcgI:99.95,FalI:99.95	8272	64	6969	1335	110.953125	ok	99.9512	gamma	99.8931	ok
NZ_CP018250.1	NZ_CP038402.1	99.9497	99.9560	0.9685	0.9693	0.00453	51	0.9930	348	0.070	0.9973	99.8719	99.9767	0.0465	1.74	AlfI:99.96,AloI:99.97,BcgI:99.96,FalI:99.92	7908	51	6951	1255	136.88235294117646	ok	99.9497	gamma	99.8992	ok
NZ_CP018250.1	NZ_CP038414.1	99.9719	99.9735	0.9722	0.9678	0.00351	54	0.9927	474	0.070	0.9984	99.9386	99.9821	0.0171	0.65	AlfI:99.97,AloI:99.97,BcgI:99.98,FalI:99.96	8092	54	6970	1346	131.83333333333334	ok	99.9719	gamma	99.9570	ok
NZ_CP018250.1	NZ_CP038416.1	99.9608	99.9641	0.9689	0.9557	0.00409	52	0.9929	360	0.070	0.9978	99.9100	99.9774	0.0069	0.07	AlfI:99.97,AloI:99.97,BcgI:99.96,FalI:99.96	7905	52	6957	945	134.78846153846155	ok	99.9608	gamma	99.9326	ok
NZ_CP018250.1	NZ_CP039834.1	99.9846	99.9852	0.9825	0.9781	0.00261	47	0.9937	368	0.070	0.9991	99.9554	99.9925	0.0174	0.71	AlfI:99.99,AloI:99.97,BcgI:99.98,FalI:99.99	8085	47	7016	1531	151.14893617021278	ok	99.9846	gamma	99.9708	ok
NZ_CP018250.1	NZ_CP062778.1	99.9329	99.9444	0.9727	0.9669	0.00510	57	0.9922	391	0.070	0.9966	99.8273	99.9732	0.0156	0.23	AlfI:99.95,AloI:99.95,BcgI:99.94,FalI:99.94	7991	57	6973	1341	123.50877192982456	ok	99.9329	gamma	99.8591	ok
NZ_CP018250.1	NZ_CP062700.1	99.9323	99.9439	0.9727	0.9708	0.00512	52	0.9929	336	0.070	0.9966	99.8273	99.9726	0.0200	0.31	AlfI:99.95,AloI:99.95,BcgI:99.94,FalI:99.93	7939	52	6973	1341	134.69230769230768	ok	99.9323	gamma	99.8591	ok
NZ_CP018250.1	NZ_CP062702.1	99.9647	99.9647	0.9638	0.9661	0.00407	48	0.9934	374	inf	0.9979	99.8950	99.9819	0.0139	0.49	AlfI:99.97,AloI:99.97,BcgI:99.96,FalI:99.97	7893	48	6904	1268	145.1875	ok	99.9647	uniform	99.9196	ok
NZ_CP018250.1	NZ_CP062705.1	99.9700	99.9725	0.9697	0.9615	0.00358	62	0.9915	483	0.070	0.9983	99.9100	99.9878	0.0125	0.58	AlfI:99.97,AloI:99.97,BcgI:99.98,FalI:99.98	8031	62	6960	945	114.53225806451613	ok	99.9700	gamma	99.9326	ok
NZ_CP018250.1	NZ_CP062708.1	99.9706	99.9730	0.9697	0.9615	0.00355	62	0.9915	483	0.070	0.9984	99.9124	99.9878	0.0125	0.66	AlfI:99.97,AloI:99.97,BcgI:99.98,FalI:99.98	8031	62	6960	945	114.54838709677419	ok	99.9706	gamma	99.9347	ok
NZ_CP018250.1	NZ_CP062711.1	99.9706	99.9730	0.9697	0.9677	0.00355	62	0.9915	483	0.070	0.9984	99.9124	99.9878	0.0125	0.66	AlfI:99.97,AloI:99.97,BcgI:99.98,FalI:99.98	8031	62	6960	945	114.54838709677419	ok	99.9706	gamma	99.9347	ok
NZ_CP018250.1	NZ_CP062713.1	99.9700	99.9725	0.9697	0.9679	0.00358	62	0.9915	483	0.070	0.9983	99.9100	99.9878	0.0125	0.58	AlfI:99.97,AloI:99.97,BcgI:99.98,FalI:99.98	8031	62	6960	945	114.53225806451613	ok	99.9700	gamma	99.9326	ok
NZ_CP018250.1	NZ_CP062715.1	99.9742	99.9762	0.9670	0.9701	0.00334	62	0.9915	484	0.070	0.9986	99.9169	99.9907	0.0064	0.11	AlfI:99.97,AloI:99.98,BcgI:99.98,FalI:99.98	8045	62	6935	946	114.24193548387096	ok	99.9742	gamma	99.9385	ok
NZ_CP018250.1	NZ_CP062717.1	99.9749	99.9767	0.9709	0.9703	0.00329	61	0.9917	482	0.070	0.9986	99.9196	99.9907	0.0064	0.13	AlfI:99.97,AloI:99.98,BcgI:99.98,FalI:99.98	8057	61	6964	946	116.54098360655738	ok	99.9749	gamma	99.9408	ok
NZ_CP018250.1	NZ_CP062719.1	99.9729	99.9749	0.9706	0.9589	0.00342	58	0.9921	449	0.070	0.9985	99.9219	99.9878	0.0091	0.24	AlfI:99.97,AloI:99.98,BcgI:99.98,FalI:99.98	8030	58	6962	945	122.05172413793103	ok	99.9729	gamma	99.9428	ok
NZ_CP018250.1	NZ_CP062721.1	99.9713	99.9735	0.9706	0.9589	0.00351	58	0.9921	449	0.070	0.9984	99.9196	99.9867	0.0109	0.23	AlfI:99.97,AloI:99.98,BcgI:99.97,FalI:99.97	8030	58	6962	945	122.03448275862068	ok	99.9713	gamma	99.9408	ok
NZ_CP018250.1	NZ_CP062723.1	99.9737	99.9758	0.9704	0.9683	0.00336	61	0.9917	482	0.070	0.9985	99.9124	99.9913	0.0066	0.11	AlfI:99.97,AloI:99.98,BcgI:99.98,FalI:99.97	8056	61	6961	946	116.44262295081967	ok	99.9737	gamma	99.9347	ok
NZ_CP018250.1	NZ_CP062725.1	99.9743	99.9763	0.9709	0.9710	0.00332	59	0.9920	494	0.070	0.9986	99.9172	99.9907	0.0064	0.11	AlfI:99.97,AloI:99.98,BcgI:99.98,FalI:99.98	8106	59	6964	946	120.59322033898304	ok	99.9743	gamma	99.9388	ok
NZ_CP018250.1	NZ_CP062727.1	99.9760	99.9777	0.9707	0.9675	0.00322	60	0.9918	480	0.070	0.9986	99.9243	99.9907	0.0064	0.21	AlfI:99.97,AloI:99.98,BcgI:99.98,FalI:99.98	8040	60	6962	946	118.45	ok	99.9760	gamma	99.9449	ok
NZ_CP018250.1	NZ_CP062729.1	99.9749	99.9767	0.9704	0.9686	0.00329	61	0.9917	482	0.070	0.9986	99.9195	99.9907	0.0064	0.13	AlfI:99.97,AloI:99.98,BcgI:99.98,FalI:99.98	8058	61	6961	946	116.49180327868852	ok	99.9749	gamma	99.9408	ok
NZ_CP018250.1	NZ_CP062780.1	99.9743	99.9762	0.9697	0.9673	0.00333	61	0.9917	482	0.070	0.9986	99.9172	99.9907	0.0064	0.11	AlfI:99.97,AloI:99.98,BcgI:99.98,FalI:99.98	8058	61	6960	946	116.45901639344262	ok	99.9743	gamma	99.9388	ok
NZ_CP018250.1	NZ_CP062731.1	99.9749	99.9767	0.9697	0.9673	0.00329	61	0.9917	482	0.070	0.9986	99.9195	99.9907	0.0064	0.13	AlfI:99.97,AloI:99.98,BcgI:99.98,FalI:99.98	8058	61	6960	946	116.47540983606558	ok	99.9749	gamma	99.9408	ok
NZ_CP018250.1	NZ_CP062733.1	99.9749	99.9767	0.9697	0.9667	0.00329	61	0.9917	482	0.070	0.9986	99.9195	99.9907	0.0064	0.13	AlfI:99.97,AloI:99.98,BcgI:99.98,FalI:99.98	8057	61	6960	946	116.49180327868852	ok	99.9749	gamma	99.9408	ok
NZ_CP018250.1	NZ_CP062739.1	99.9743	99.9762	0.9697	0.9666	0.00333	65	0.9914	901	0.070	0.9986	99.9172	99.9907	0.0064	0.11	AlfI:99.97,AloI:99.98,BcgI:99.98,FalI:99.98	8292	65	6960	946	112.87692307692308	ok	99.9743	gamma	99.9388	ok
NZ_CP018250.1	NZ_CP062736.1	99.9749	99.9767	0.9697	0.9667	0.00329	61	0.9917	482	0.070	0.9986	99.9195	99.9907	0.0064	0.13	AlfI:99.97,AloI:99.98,BcgI:99.98,FalI:99.98	8058	61	6960	946	116.47540983606558	ok	99.9749	gamma	99.9408	ok
NZ_CP018250.1	NZ_CP062742.1	99.9771	99.9786	0.9707	0.9673	0.00316	60	0.9918	477	0.070	0.9987	99.9267	99.9913	0.0086	0.35	AlfI:99.97,AloI:99.98,BcgI:99.98,FalI:99.98	8059	60	6962	946	118.46666666666667	ok	99.9771	gamma	99.9469	ok
NZ_CP018250.1	NZ_CP062744.1	99.9743	99.9762	0.9697	0.9673	0.00333	61	0.9917	481	0.070	0.9986	99.9172	99.9907	0.0064	0.11	AlfI:99.97,AloI:99.98,BcgI:99.98,FalI:99.98	8057	61	6960	946	116.47540983606558	ok	99.9743	gamma	99.9388	ok
NZ_CP018250.1	NZ_CP062746.1	99.9743	99.9763	0.9709	0.9700	0.00332	61	0.9917	481	0.070	0.9986	99.9172	99.9907	0.0064	0.11	AlfI:99.97,AloI:99.98,BcgI:99.98,FalI:99.98	8057	61	6964	946	116.54098360655738	ok	99.9743	gamma	99.9388	ok
NZ_CP018250.1	NZ_CP062749.1	99.9728	99.9749	0.9706	0.9666	0.00342	57	0.9922	438	0.070	0.9985	99.9196	99.9884	0.0127	0.51	AlfI:99.97,AloI:99.97,BcgI:99.98,FalI:99.98	7991	57	6962	946	123.89473684210526	ok	99.9728	gamma	99.9408	ok
NZ_CP018250.1	NZ_CP062752.1	99.9738	99.9758	0.9719	0.9709	0.00335	60	0.9918	481	0.070	0.9985	99.9172	99.9901	0.0064	0.11	AlfI:99.97,AloI:99.98,BcgI:99.98,FalI:99.98	8057	60	6966	1106	118.46666666666667	ok	99.9738	gamma	99.9388	ok
NZ_CP018250.1	NZ_CP062755.1	99.9733	99.9753	0.9706	0.9667	0.00339	60	0.9918	479	0.070	0.9985	99.9172	99.9896	0.0078	0.16	AlfI:99.97,AloI:99.98,BcgI:99.98,FalI:99.98	8037	60	6962	946	118.4	ok	99.9733	gamma	99.9388	ok
NZ_CP018250.1	NZ_CP062761.1	99.9776	99.9790	0.9668	0.9673	0.00313	61	0.9917	481	0.070	0.9987	99.9311	99.9907	0.0116	0.50	AlfI:99.98,AloI:99.98,BcgI:99.98,FalI:99.99	8030	61	6933	946	116.11475409836065	ok	99.9776	gamma	99.9507	ok
NZ_CP018250.1	NZ_CP062758.1	99.9721	99.9744	0.9706	0.9661	0.00345	60	0.9918	475	0.070	0.9984	99.9124	99.9896	0.0056	0.08	AlfI:99.97,AloI:99.97,BcgI:99.97,FalI:99.98	8050	60	6962	946	118.33333333333333	ok	99.9721	gamma	99.9347	ok
NZ_CP018250.1	NZ_CP062763.1	99.9735	99.9753	0.9678	0.9658	0.00340	62	0.9915	478	0.070	0.9985	99.9264	99.9872	0.0140	0.83	AlfI:99.98,AloI:99.97,BcgI:99.97,FalI:99.99	8041	62	6941	946	114.30645161290323	ok	99.9735	gamma	99.9467	ok
NZ_CP018250.1	NZ_CP062766.1	99.9751	99.9767	0.9706	0.9637	0.00329	60	0.9918	490	0.070	0.9986	99.9267	99.9890	0.0100	0.35	AlfI:99.97,AloI:99.98,BcgI:99.98,FalI:99.98	8090	60	6962	946	118.55	ok	99.9751	gamma	99.9469	ok
NZ_CP018250.1	NZ_CP062782.1	99.9743	99.9762	0.9706	0.9606	0.00332	54	0.9926	445	0.070	0.9986	99.9172	99.9907	0.0114	0.46	AlfI:99.97,AloI:99.98,BcgI:99.98,FalI:99.98	8063	54	6962	946	130.9814814814815	ok	99.9743	gamma	99.9388	ok
NZ_CP018250.1	NZ_CP062769.1	99.9750	99.9767	0.9669	0.9652	0.00330	54	0.9926	379	0.070	0.9986	99.9265	99.9890	0.0072	0.21	AlfI:99.98,AloI:99.98,BcgI:99.98,FalI:99.98	7944	54	6946	946	129.9814814814815	ok	99.9750	gamma	99.9468	ok
NZ_CP018250.1	NZ_CP062771.1	99.9750	99.9767	0.9707	0.9672	0.00329	60	0.9918	475	0.070	0.9986	99.9243	99.9896	0.0100	0.38	AlfI:99.97,AloI:99.97,BcgI:99.98,FalI:99.98	8034	60	6962	946	118.36666666666666	ok	99.9750	gamma	99.9449	ok
NZ_CP018250.1	NZ_CP062774.1	99.9709	99.9735	0.9719	0.9648	0.00351	60	0.9918	481	0.070	0.9984	99.9054	99.9901	0.0068	0.07	AlfI:99.97,AloI:99.97,BcgI:99.97,FalI:99.97	8052	60	6966	1106	118.4	ok	99.9709	gamma	99.9286	ok
NZ_CP038282.1	NZ_CP038284.1	99.9454	99.9530	0.9673	0.9658	0.00467	61	0.9917	421	0.070	0.9971	99.8563	99.9768	0.0220	0.52	AlfI:99.96,AloI:99.95,BcgI:99.96,FalI:99.93	7998	61	6998	1054	116.32786885245902	ok	99.9454	gamma	99.8851	ok
NZ_CP038282.1	NZ_CP038290.1	99.9314	99.9432	0.9766	0.9700	0.00512	47	0.9936	320	0.070	0.9965	99.8293	99.9712	0.0204	0.88	AlfI:99.95,AloI:99.96,BcgI:99.94,FalI:99.93	7938	47	7053	1052	149.17021276595744	ok	99.9314	gamma	99.8607	ok
NZ_CP038282.1	NZ_CP038292.1	99.9289	99.9406	0.9680	0.9724	0.00525	60	0.9919	447	0.070	0.9964	99.8356	99.9665	0.0372	1.12	AlfI:99.95,AloI:99.95,BcgI:99.94,FalI:99.91	8021	60	7021	1053	118.81666666666666	ok	99.9289	gamma	99.8664	ok
NZ_CP038282.1	NZ_CP038300.1	99.9328	99.9430	0.9680	0.9734	0.00514	63	0.9914	452	0.070	0.9965	99.8473	99.9665	0.0328	0.85	AlfI:99.95,AloI:99.95,BcgI:99.94,FalI:99.92	8015	63	7021	1054	113.19047619047619	ok	99.9328	gamma	99.8770	ok
NZ_CP038282.1	NZ_CP038302.1	99.9471	99.9540	0.9670	0.9471	0.00462	64	0.9913	457	0.070	0.9972	99.8657	99.9757	0.0305	1.21	AlfI:99.96,AloI:99.94,BcgI:99.96,FalI:99.93	7999	64	6996	929	111.09375	ok	99.9471	gamma	99.8935	ok
NZ_CP038282.1	NZ_CP038309.1	99.9517	99.9577	0.9659	0.9627	0.00443	53	0.9928	444	0.070	0.9974	99.8704	99.9792	0.0244	0.79	AlfI:99.96,AloI:99.95,BcgI:99.96,FalI:99.94	8011	53	6997	1034	133.0943396226415	ok	99.9517	gamma	99.8977	ok
NZ_CP038282.1	NZ_CP038319.1	99.9546	99.9594	0.9580	0.9809	0.00435	56	0.9924	369	0.070	0.9975	99.8911	99.9762	0.0101	0.17	AlfI:99.96,AloI:99.95,BcgI:99.96,FalI:99.96	7973	56	6961	1055	126.14285714285714	ok	99.9546	gamma	99.9161	ok
NZ_CP038282.1	NZ_CP038333.1	99.9444	99.9522	0.9685	0.9630	0.00471	54	0.9927	422	0.070	0.9971	99.8588	99.9751	0.0218	0.46	AlfI:99.96,AloI:99.96,BcgI:99.95,FalI:99.93	8016	54	7004	1054	131.5	ok	99.9444	gamma	99.8873	ok
NZ_CP038282.1	NZ_CP038339.1	99.9494	99.9555	0.9683	0.9617	0.00454	50	0.9932	344	0.070	0.9973	99.8755	99.9752	0.0140	0.63	AlfI:99.95,AloI:99.96,BcgI:99.96,FalI:99.96	7945	50	7017	1183	141.06	ok	99.9494	gamma	99.9022	ok
NZ_CP038282.1	NZ_CP038342.1	99.9374	99.9475	0.9668	0.9716	0.00494	55	0.9925	391	0.070	0.9968	99.8376	99.9745	0.0112	0.28	AlfI:99.95,AloI:99.94,BcgI:99.94,FalI:99.95	8113	55	7007	1053	128.4909090909091	ok	99.9374	gamma	99.8683	ok
NZ_CP038282.1	NZ_CP038344.1	99.9414	99.9495	0.9565	0.9747	0.00486	48	0.9934	308	0.070	0.9969	99.8601	99.9714	0.0282	1.34	AlfI:99.94,AloI:99.95,BcgI:99.96,FalI:99.96	7823	48	6954	1137	145.08333333333334	ok	99.9414	gamma	99.8886	ok
NZ_CP038282.1	NZ_CP038346.1	99.9589	99.9633	0.9663	0.9508	0.00413	56	0.9924	441	0.070	0.9978	99.8893	99.9815	0.0340	1.55	AlfI:99.97,AloI:99.95,BcgI:99.97,FalI:99.93	8003	56	6995	1137	126.83928571428571	ok	99.9589	gamma	99.9144	ok
NZ_CP038282.1	NZ_CP038349.1	99.9355	99.9463	0.9589	0.9742	0.00501	50	0.9931	338	0.070	0.9967	99.8344	99.9738	0.0361	1.06	AlfI:99.95,AloI:99.93,BcgI:99.94,FalI:99.97	8000	50	6972	1053	139.88	ok	99.9355	gamma	99.8655	ok
NZ_CP038282.1	NZ_CP038351.1	99.9365	99.9467	0.9723	0.9723	0.00497	59	0.9920	492	0.070	0.9968	99.8380	99.9734	0.0280	0.58	AlfI:99.95,AloI:99.92,BcgI:99.95,FalI:99.94	8209	59	7025	1180	121.30508474576271	ok	99.9365	gamma	99.8686	ok
NZ_CP038282.1	NZ_CP038353.1	99.9409	99.9487	0.9724	0.9751	0.00487	59	0.9920	413	0.070	0.9969	99.8663	99.9689	0.0157	0.21	AlfI:99.95,AloI:99.96,BcgI:99.95,FalI:99.94	8015	59	7031	1182	120.62711864406779	ok	99.9409	gamma	99.8940	ok
NZ_CP038282.1	NZ_CP038355.1	99.9234	99.9360	0.9683	0.9735	0.00545	60	0.9918	418	0.070	0.9961	99.8356	99.9607	0.0316	0.80	AlfI:99.94,AloI:99.94,BcgI:99.93,FalI:99.91	7971	60	7024	1054	118.41666666666667	ok	99.9234	gamma	99.8665	ok
NZ_CP038282.1	NZ_CP038357.1	99.9255	99.9398	0.9665	0.9642	0.00530	58	0.9921	430	0.070	0.9963	99.8089	99.9721	0.0368	0.72	AlfI:99.95,AloI:99.91,BcgI:99.94,FalI:99.94	8114	58	6994	982	121.77586206896552	ok	99.9255	gamma	99.8424	ok
NZ_CP038282.1	NZ_CP038360.1	99.9300	99.9405	0.9665	0.9654	0.00526	54	0.9926	342	0.070	0.9964	99.8493	99.9629	0.0444	1.89	AlfI:99.95,AloI:99.92,BcgI:99.94,FalI:99.91	7911	54	7002	1182	129.90740740740742	ok	99.9300	gamma	99.8788	ok
NZ_CP038282.1	NZ_CP038366.1	99.9485	99.9548	0.9749	0.9691	0.00457	48	0.9935	363	0.070	0.9973	99.8736	99.9747	0.0261	1.03	AlfI:99.95,AloI:99.97,BcgI:99.96,FalI:99.96	7989	48	7045	1181	147.70833333333334	ok	99.9485	gamma	99.9005	ok
NZ_CP038282.1	NZ_CP038372.1	99.9405	99.9495	0.9566	0.9589	0.00485	58	0.9921	415	0.070	0.9969	99.8462	99.9750	0.0127	0.25	AlfI:99.95,AloI:99.94,BcgI:99.95,FalI:99.95	8154	58	6968	1053	121.5	ok	99.9405	gamma	99.8761	ok
NZ_CP038282.1	NZ_CP038402.1	99.9315	99.9430	0.9691	0.9643	0.00514	63	0.9915	492	0.070	0.9965	99.8333	99.9700	0.0168	0.76	AlfI:99.95,AloI:99.95,BcgI:99.94,FalI:99.94	8017	63	7026	928	113.3015873015873	ok	99.9315	gamma	99.8644	ok
NZ_CP038282.1	NZ_CP038414.1	99.9551	99.9601	0.9663	0.9715	0.00431	55	0.9925	449	0.070	0.9976	99.8869	99.9780	0.0360	1.47	AlfI:99.96,AloI:99.95,BcgI:99.97,FalI:99.93	8032	55	6995	1138	129.23636363636365	ok	99.9551	gamma	99.9123	ok
NZ_CP038282.1	NZ_CP038416.1	99.9428	99.9509	0.9693	0.9582	0.00477	50	0.9932	361	0.070	0.9970	99.8568	99.9740	0.0110	0.24	AlfI:99.95,AloI:99.96,BcgI:99.95,FalI:99.96	7920	50	7023	1182	141.1	ok	99.9428	gamma	99.8855	ok
NZ_CP038282.1	NZ_CP039834.1	99.9318	99.9433	0.9783	0.9812	0.00511	55	0.9926	430	0.070	0.9966	99.8319	99.9707	0.0211	1.21	AlfI:99.96,AloI:99.95,BcgI:99.93,FalI:99.94	8061	55	7064	1182	130.0909090909091	ok	99.9318	gamma	99.8630	ok
NZ_CP038282.1	NZ_CP062778.1	99.9214	99.9361	0.9756	0.9692	0.00544	61	0.9917	442	0.070	0.9961	99.8126	99.9665	0.0290	1.78	AlfI:99.95,AloI:99.95,BcgI:99.93,FalI:99.93	8038	61	7042	1052	116.91803278688525	ok	99.9214	gamma	99.8456	ok
NZ_CP038282.1	NZ_CP062700.1	99.9208	99.9356	0.9761	0.9736	0.00546	54	0.9927	381	0.070	0.9961	99.8126	99.9660	0.0334	1.89	AlfI:99.95,AloI:99.95,BcgI:99.93,FalI:99.92	7979	54	7042	1052	131.1851851851852	ok	99.9208	gamma	99.8456	ok
NZ_CP038282.1	NZ_CP062702.1	99.9497	99.9558	0.9676	0.9669	0.00453	51	0.9931	466	0.070	0.9973	99.8749	99.9757	0.0157	0.87	AlfI:99.96,AloI:99.95,BcgI:99.95,FalI:99.96	7993	51	6984	1392	139.19607843137254	ok	99.9497	gamma	99.9017	ok
NZ_CP038282.1	NZ_CP062705.1	99.9486	99.9562	0.9650	0.9658	0.00451	57	0.9922	447	0.070	0.9973	99.8490	99.9826	0.0155	0.36	AlfI:99.96,AloI:99.95,BcgI:99.96,FalI:99.94	7975	57	6989	1180	124.2280701754386	ok	99.9486	gamma	99.8786	ok
NZ_CP038282.1	NZ_CP062708.1	99.9493	99.9567	0.9650	0.9658	0.00449	57	0.9922	447	0.070	0.9974	99.8514	99.9826	0.0159	0.39	AlfI:99.96,AloI:99.95,BcgI:99.96,FalI:99.94	7975	57	6989	1181	124.24561403508773	ok	99.9493	gamma	99.8807	ok
NZ_CP038282.1	NZ_CP062711.1	99.9493	99.9567	0.9650	0.9720	0.00449	57	0.9922	447	0.070	0.9974	99.8514	99.9826	0.0159	0.39	AlfI:99.96,AloI:99.95,BcgI:99.96,FalI:99.94	7975	57	6989	1181	124.24561403508773	ok	99.9493	gamma	99.8807	ok
NZ_CP038282.1	NZ_CP062713.1	99.9486	99.9562	0.9650	0.9722	0.00451	57	0.9922	447	0.070	0.9973	99.8490	99.9826	0.0155	0.36	AlfI:99.96,AloI:99.95,BcgI:99.96,FalI:99.94	7975	57	6989	1180	124.2280701754386	ok	99.9486	gamma	99.8786	ok
NZ_CP038282.1	NZ_CP062715.1	99.9480	99.9557	0.9686	0.9733	0.00454	59	0.9919	449	0.070	0.9973	99.8490	99.9820	0.0121	0.21	AlfI:99.96,AloI:99.95,BcgI:99.95,FalI:99.95	8005	59	6988	1181	120.03389830508475	ok	99.9480	gamma	99.8786	ok
NZ_CP038282.1	NZ_CP062717.1	99.9490	99.9564	0.9724	0.9734	0.00450	58	0.9921	445	0.070	0.9974	99.8519	99.9821	0.0119	0.19	AlfI:99.96,AloI:99.95,BcgI:99.96,FalI:99.95	8016	58	7017	1182	122.51724137931035	ok	99.9490	gamma	99.8812	ok
NZ_CP038282.1	NZ_CP062719.1	99.9464	99.9545	0.9724	0.9682	0.00459	57	0.9922	431	0.070	0.9972	99.8472	99.9809	0.0219	0.43	AlfI:99.96,AloI:99.94,BcgI:99.96,FalI:99.95	7987	57	7017	1181	124.3859649122807	ok	99.9464	gamma	99.8770	ok
NZ_CP038282.1	NZ_CP062721.1	99.9446	99.9531	0.9724	0.9682	0.00466	57	0.9922	431	0.070	0.9972	99.8449	99.9798	0.0219	0.64	AlfI:99.96,AloI:99.94,BcgI:99.96,FalI:99.94	7987	57	7017	1180	124.36842105263158	ok	99.9446	gamma	99.8748	ok
NZ_CP038282.1	NZ_CP062723.1	99.9528	99.9595	0.9659	0.9735	0.00434	58	0.9921	448	0.070	0.9975	99.8538	99.9855	0.0167	0.49	AlfI:99.96,AloI:99.95,BcgI:99.96,FalI:99.95	7992	58	6991	1181	122.15517241379311	ok	99.9528	gamma	99.8829	ok
NZ_CP038282.1	NZ_CP062725.1	99.9472	99.9554	0.9724	0.9741	0.00455	58	0.9921	432	0.070	0.9973	99.8425	99.9832	0.0146	0.54	AlfI:99.96,AloI:99.95,BcgI:99.95,FalI:99.95	8013	58	7017	1181	122.22413793103448	ok	99.9472	gamma	99.8727	ok
NZ_CP038282.1	NZ_CP062727.1	99.9557	99.9614	0.9659	0.9740	0.00424	56	0.9924	449	0.070	0.9977	99.8679	99.9844	0.0123	0.25	AlfI:99.96,AloI:99.96,BcgI:99.96,FalI:99.95	7983	56	6991	1182	126.57142857142857	ok	99.9557	gamma	99.8955	ok
NZ_CP038282.1	NZ_CP062729.1	99.9543	99.9604	0.9659	0.9740	0.00429	57	0.9922	445	0.070	0.9976	99.8609	99.9849	0.0159	0.36	AlfI:99.96,AloI:99.95,BcgI:99.96,FalI:99.95	7994	57	6991	1182	124.28070175438596	ok	99.9543	gamma	99.8892	ok
NZ_CP038282.1	NZ_CP062780.1	99.9536	99.9600	0.9654	0.9728	0.00432	57	0.9922	444	0.070	0.9976	99.8585	99.9849	0.0159	0.36	AlfI:99.96,AloI:99.95,BcgI:99.96,FalI:99.95	7994	57	6990	1181	124.24561403508773	ok	99.9536	gamma	99.8871	ok
NZ_CP038282.1	NZ_CP062731.1	99.9542	99.9604	0.9654	0.9728	0.00429	57	0.9922	444	0.070	0.9976	99.8608	99.9849	0.0159	0.36	AlfI:99.96,AloI:99.95,BcgI:99.96,FalI:99.95	7994	57	6990	1182	124.26315789473684	ok	99.9542	gamma	99.8892	ok
NZ_CP038282.1	NZ_CP062733.1	99.9542	99.9604	0.9654	0.9723	0.00429	57	0.9922	445	0.070	0.9976	99.8608	99.9849	0.0159	0.36	AlfI:99.96,AloI:99.95,BcgI:99.96,FalI:99.95	7995	57	6990	1182	124.24561403508773	ok	99.9542	gamma	99.8892	ok
NZ_CP038282.1	NZ_CP062739.1	99.9536	99.9600	0.9654	0.9726	0.00432	65	0.9914	898	0.070	0.9976	99.8585	99.9849	0.0159	0.36	AlfI:99.96,AloI:99.95,BcgI:99.96,FalI:99.95	8264	65	6990	1181	113.04615384615384	ok	99.9536	gamma	99.8871	ok
NZ_CP038282.1	NZ_CP062736.1	99.9542	99.9604	0.9654	0.9723	0.00429	57	0.9922	444	0.070	0.9976	99.8608	99.9849	0.0159	0.36	AlfI:99.96,AloI:99.95,BcgI:99.96,FalI:99.95	7994	57	6990	1182	124.26315789473684	ok	99.9542	gamma	99.8892	ok
NZ_CP038282.1	NZ_CP062742.1	99.9560	99.9618	0.9659	0.9738	0.00421	56	0.9924	448	0.070	0.9977	99.8632	99.9861	0.0150	0.41	AlfI:99.97,AloI:99.96,BcgI:99.96,FalI:99.95	7995	56	6991	1182	126.55357142857143	ok	99.9560	gamma	99.8913	ok
NZ_CP038282.1	NZ_CP062744.1	99.9536	99.9600	0.9654	0.9729	0.00432	58	0.9921	452	0.070	0.9976	99.8585	99.9849	0.0159	0.36	AlfI:99.96,AloI:99.95,BcgI:99.96,FalI:99.95	7995	58	6990	1181	122.15517241379311	ok	99.9536	gamma	99.8871	ok
NZ_CP038282.1	NZ_CP062746.1	99.9536	99.9600	0.9659	0.9731	0.00431	58	0.9921	452	0.070	0.9976	99.8585	99.9849	0.0159	0.36	AlfI:99.96,AloI:99.95,BcgI:99.96,FalI:99.95	7995	58	6991	1181	122.17241379310344	ok	99.9536	gamma	99.8871	ok
NZ_CP038282.1	NZ_CP062749.1	99.9527	99.9591	0.9659	0.9733	0.00436	56	0.9924	423	0.070	0.9975	99.8632	99.9826	0.0132	0.24	AlfI:99.96,AloI:99.95,BcgI:99.96,FalI:99.95	7957	56	6991	1181	126.14285714285714	ok	99.9527	gamma	99.8913	ok
NZ_CP038282.1	NZ_CP062752.1	99.9541	99.9604	0.9655	0.9725	0.00429	58	0.9921	445	0.070	0.9976	99.8585	99.9855	0.0159	0.36	AlfI:99.96,AloI:99.95,BcgI:99.96,FalI:99.95	7993	58	6991	1182	122.12068965517241	ok	99.9541	gamma	99.8871	ok
NZ_CP038282.1	NZ_CP062755.1	99.9532	99.9595	0.9658	0.9731	0.00434	54	0.9927	433	0.070	0.9975	99.8609	99.9838	0.0109	0.19	AlfI:99.96,AloI:99.96,BcgI:99.96,FalI:99.95	7982	54	6991	1181	131.05555555555554	ok	99.9532	gamma	99.8892	ok
NZ_CP038282.1	NZ_CP062761.1	99.9489	99.9562	0.9682	0.9696	0.00452	59	0.9920	459	0.070	0.9973	99.8560	99.9809	0.0213	0.58	AlfI:99.96,AloI:99.94,BcgI:99.96,FalI:99.95	7995	59	6985	1182	120.13559322033899	ok	99.9489	gamma	99.8849	ok
NZ_CP038282.1	NZ_CP062758.1	99.9511	99.9581	0.9657	0.9728	0.00442	56	0.9924	446	0.070	0.9975	99.8538	99.9838	0.0159	0.44	AlfI:99.96,AloI:99.95,BcgI:99.96,FalI:99.95	7991	56	6991	1182	126.5	ok	99.9511	gamma	99.8829	ok
NZ_CP038282.1	NZ_CP062763.1	99.9520	99.9584	0.9627	0.9676	0.00440	56	0.9923	435	0.070	0.9975	99.8627	99.9820	0.0189	0.78	AlfI:99.97,AloI:99.95,BcgI:99.96,FalI:99.95	7982	56	6967	1182	125.98214285714286	ok	99.9520	gamma	99.8910	ok
NZ_CP038282.1	NZ_CP062766.1	99.9557	99.9614	0.9659	0.9736	0.00424	57	0.9922	433	0.070	0.9977	99.8679	99.9844	0.0150	0.44	AlfI:99.97,AloI:99.96,BcgI:99.96,FalI:99.95	7990	57	6991	1182	124.08771929824562	ok	99.9557	gamma	99.8955	ok
NZ_CP038282.1	NZ_CP062782.1	99.9490	99.9564	0.9727	0.9657	0.00449	55	0.9925	462	0.070	0.9974	99.8520	99.9821	0.0109	0.15	AlfI:99.96,AloI:99.96,BcgI:99.96,FalI:99.95	8064	55	7020	1181	129.25454545454545	ok	99.9490	gamma	99.8812	ok
NZ_CP038282.1	NZ_CP062769.1	99.9420	99.9515	0.9649	0.9696	0.00475	49	0.9933	324	0.070	0.9971	99.8348	99.9803	0.0214	1.15	AlfI:99.96,AloI:99.94,BcgI:99.95,FalI:99.95	7881	49	6989	1182	142.59183673469389	ok	99.9420	gamma	99.8658	ok
NZ_CP038282.1	NZ_CP062771.1	99.9552	99.9611	0.9724	0.9736	0.00425	57	0.9923	444	0.070	0.9976	99.8661	99.9844	0.0173	0.44	AlfI:99.97,AloI:99.95,BcgI:99.96,FalI:99.95	7992	57	7017	1182	124.66666666666667	ok	99.9552	gamma	99.8938	ok
NZ_CP038282.1	NZ_CP062774.1	99.9507	99.9581	0.9655	0.9664	0.00442	58	0.9921	446	0.070	0.9975	99.8467	99.9855	0.0290	0.83	AlfI:99.96,AloI:99.94,BcgI:99.96,FalI:99.95	7990	58	6991	1181	122.01724137931035	ok	99.9507	gamma	99.8765	ok
NZ_CP038284.1	NZ_CP038290.1	99.9755	99.9772	0.9840	0.9865	0.00322	50	0.9932	335	0.070	0.9986	99.9235	99.9903	0.0235	2.38	AlfI:99.98,AloI:99.99,BcgI:99.97,FalI:99.97	8096	50	7108	1256	142.2	ok	99.9755	gamma	99.9440	ok
NZ_CP038284.1	NZ_CP038292.1	99.9835	99.9835	0.9766	0.9884	0.00274	54	0.9928	477	inf	0.9990	99.9442	99.9932	0.0158	2.92	AlfI:99.98,AloI:99.99,BcgI:99.98,FalI:100.00	8200	54	7084	1558	134.24074074074073	ok	99.9835	uniform	99.9615	ok
NZ_CP038284.1	NZ_CP038300.1	99.9808	99.9808	0.9770	0.9883	0.00296	59	0.9922	564	inf	0.9988	99.9326	99.9926	0.0228	1.71	AlfI:99.98,AloI:99.99,BcgI:99.98,FalI:100.00	8250	59	7082	1557	123.7457627118644	ok	99.9808	uniform	99.9518	ok
NZ_CP038284.1	NZ_CP038302.1	99.9804	99.9804	0.9830	0.9658	0.00299	64	0.9915	583	inf	0.9988	99.9282	99.9932	0.0142	1.33	AlfI:99.98,AloI:99.99,BcgI:99.98,FalI:99.99	8288	64	7106	1558	114.5625	ok	99.9804	uniform	99.9480	ok
NZ_CP038284.1	NZ_CP038309.1	99.9774	99.9786	0.9828	0.9799	0.00312	50	0.9933	480	0.070	0.9987	99.9398	99.9881	0.0252	0.52	AlfI:99.97,AloI:99.99,BcgI:99.98,FalI:100.00	8259	50	7107	1536	144.28	ok	99.9774	gamma	99.9578	ok
NZ_CP038284.1	NZ_CP038319.1	99.9510	99.9566	0.9532	0.9839	0.00450	63	0.9914	436	0.070	0.9974	99.8840	99.9744	0.0221	1.04	AlfI:99.95,AloI:99.97,BcgI:99.96,FalI:99.96	8051	63	6964	1054	112.63492063492063	ok	99.9510	gamma	99.9098	ok
NZ_CP038284.1	NZ_CP038333.1	99.9755	99.9767	0.9786	0.9730	0.00326	55	0.9927	468	0.070	0.9986	99.9442	99.9846	0.0304	2.89	AlfI:99.98,AloI:99.99,BcgI:99.97,FalI:100.00	8182	55	7083	1558	131.5090909090909	ok	99.9755	gamma	99.9615	ok
NZ_CP038284.1	NZ_CP038339.1	99.9531	99.9580	0.9542	0.9633	0.00442	56	0.9923	355	0.070	0.9975	99.8912	99.9745	0.0225	1.69	AlfI:99.95,AloI:99.95,BcgI:99.97,FalI:99.96	7935	56	6966	1053	125.21428571428571	ok	99.9531	gamma	99.9161	ok
NZ_CP038284.1	NZ_CP038342.1	99.9304	99.9420	0.9659	0.9724	0.00519	61	0.9917	420	0.070	0.9965	99.8308	99.9694	0.0070	0.09	AlfI:99.95,AloI:99.94,BcgI:99.94,FalI:99.94	8168	61	7021	1052	116.24590163934427	ok	99.9304	gamma	99.8622	ok
NZ_CP038284.1	NZ_CP038344.1	99.9296	99.9402	0.9527	0.9754	0.00529	58	0.9920	361	0.070	0.9964	99.8484	99.9627	0.0709	7.98	AlfI:99.91,AloI:99.97,BcgI:99.95,FalI:99.98	7852	58	6963	929	120.55172413793103	ok	99.9296	gamma	99.8781	ok
NZ_CP038284.1	NZ_CP038346.1	99.9563	99.9613	0.9713	0.9614	0.00422	60	0.9920	549	0.070	0.9976	99.8808	99.9811	0.0184	0.65	AlfI:99.96,AloI:99.96,BcgI:99.96,FalI:99.97	8151	60	7053	1054	120.33333333333333	ok	99.9563	gamma	99.9069	ok
NZ_CP038284.1	NZ_CP038349.1	99.9404	99.9485	0.9516	0.9723	0.00491	55	0.9924	357	0.070	0.9969	99.8624	99.9697	0.0107	0.15	AlfI:99.95,AloI:99.95,BcgI:99.95,FalI:99.96	7996	55	6949	1249	126.96363636363637	ok	99.9404	gamma	99.8907	ok
NZ_CP038284.1	NZ_CP038351.1	99.9534	99.9587	0.9626	0.9715	0.00437	68	0.9908	536	0.070	0.9975	99.8800	99.9781	0.0135	0.72	AlfI:99.95,AloI:99.95,BcgI:99.97,FalI:99.95	8268	68	7008	1483	105.66176470588235	ok	99.9534	gamma	99.9062	ok
NZ_CP038284.1	NZ_CP038353.1	99.9462	99.9526	0.9593	0.9729	0.00470	62	0.9915	435	0.070	0.9971	99.8797	99.9705	0.0275	1.25	AlfI:99.94,AloI:99.97,BcgI:99.96,FalI:99.96	8025	62	6987	1054	114.2741935483871	ok	99.9462	gamma	99.9060	ok
NZ_CP038284.1	NZ_CP038355.1	99.9817	99.9822	0.9762	0.9890	0.00285	55	0.9927	492	0.070	0.9989	99.9698	99.9852	0.0177	2.92	AlfI:99.98,AloI:99.98,BcgI:99.98,FalI:100.00	8185	55	7080	1556	131.98181818181817	ok	99.9817	gamma	99.9821	ok
NZ_CP038284.1	NZ_CP038357.1	99.9338	99.9437	0.9607	0.9628	0.00512	67	0.9908	470	0.070	0.9966	99.8490	99.9670	0.0183	0.26	AlfI:99.94,AloI:99.93,BcgI:99.95,FalI:99.94	8173	67	6992	1477	105.86567164179104	ok	99.9338	gamma	99.8786	ok
NZ_CP038284.1	NZ_CP038360.1	99.9426	99.9490	0.9508	0.9631	0.00489	57	0.9921	372	0.070	0.9969	99.8883	99.9639	0.0231	1.13	AlfI:99.94,AloI:99.94,BcgI:99.96,FalI:99.94	7918	57	6937	1053	122.57894736842105	ok	99.9426	gamma	99.9137	ok
NZ_CP038284.1	NZ_CP038366.1	99.9512	99.9564	0.9636	0.9686	0.00449	50	0.9932	377	0.070	0.9974	99.8895	99.9729	0.0390	3.71	AlfI:99.94,AloI:99.98,BcgI:99.96,FalI:99.98	7975	50	7008	1051	141.18	ok	99.9512	gamma	99.9146	ok
NZ_CP038284.1	NZ_CP038372.1	99.9173	99.9334	0.9607	0.9646	0.00557	69	0.9907	563	0.070	0.9960	99.8044	99.9652	0.0163	0.13	AlfI:99.93,AloI:99.94,BcgI:99.93,FalI:99.93	8329	69	7003	1475	103.92753623188406	ok	99.9173	gamma	99.8383	ok
NZ_CP038284.1	NZ_CP038402.1	99.9844	99.9844	0.9685	0.9772	0.00268	60	0.9919	478	inf	0.9990	99.9532	99.9920	0.0119	1.15	AlfI:99.98,AloI:99.99,BcgI:99.98,FalI:99.99	8106	60	7038	1256	119.61666666666666	ok	99.9844	uniform	99.9690	ok
NZ_CP038284.1	NZ_CP038414.1	99.9568	99.9613	0.9686	0.9798	0.00422	59	0.9921	551	0.070	0.9976	99.8924	99.9782	0.0167	0.70	AlfI:99.95,AloI:99.96,BcgI:99.97,FalI:99.97	8193	59	7044	1543	122.37288135593221	ok	99.9568	gamma	99.9171	ok
NZ_CP038284.1	NZ_CP038416.1	99.9537	99.9585	0.9540	0.9596	0.00440	57	0.9922	373	0.070	0.9975	99.8935	99.9745	0.0245	2.18	AlfI:99.95,AloI:99.95,BcgI:99.97,FalI:99.95	7898	57	6964	1054	123.03508771929825	ok	99.9537	gamma	99.9182	ok
NZ_CP038284.1	NZ_CP039834.1	99.9507	99.9560	0.9659	0.9820	0.00451	58	0.9922	462	0.070	0.9973	99.8873	99.9729	0.0244	1.27	AlfI:99.95,AloI:99.97,BcgI:99.95,FalI:99.97	8107	58	7020	1545	123.20689655172414	ok	99.9507	gamma	99.9126	ok
NZ_CP038284.1	NZ_CP062778.1	99.9672	99.9702	0.9779	0.9851	0.00369	64	0.9914	502	0.070	0.9982	99.9023	99.9869	0.0311	8.04	AlfI:99.97,AloI:99.98,BcgI:99.96,FalI:100.00	8178	64	7081	1557	113.109375	ok	99.9672	gamma	99.9257	ok
NZ_CP038284.1	NZ_CP062700.1	99.9667	99.9697	0.9783	0.9897	0.00372	54	0.9928	427	0.070	0.9982	99.9023	99.9863	0.0268	4.02	AlfI:99.97,AloI:99.98,BcgI:99.96,FalI:99.99	8105	54	7081	1557	133	ok	99.9667	gamma	99.9257	ok
NZ_CP038284.1	NZ_CP062702.1	99.9564	99.9611	0.9517	0.9672	0.00427	55	0.9924	405	0.070	0.9976	99.8882	99.9790	0.0192	0.93	AlfI:99.96,AloI:99.97,BcgI:99.96,FalI:99.97	7909	55	6930	1270	127.4	ok	99.9564	gamma	99.9136	ok
NZ_CP038284.1	NZ_CP062705.1	99.9505	99.9572	0.9603	0.9681	0.00446	64	0.9913	551	0.070	0.9974	99.8609	99.9809	0.0286	1.45	AlfI:99.95,AloI:99.97,BcgI:99.96,FalI:99.96	8112	64	6995	1052	111.984375	ok	99.9505	gamma	99.8893	ok
NZ_CP038284.1	NZ_CP062708.1	99.9498	99.9568	0.9605	0.9683	0.00448	64	0.9913	551	0.070	0.9974	99.8586	99.9809	0.0286	1.38	AlfI:99.95,AloI:99.97,BcgI:99.96,FalI:99.96	8112	64	6997	1052	112	ok	99.9498	gamma	99.8872	ok
NZ_CP038284.1	NZ_CP062711.1	99.9498	99.9568	0.9605	0.9745	0.00448	64	0.9913	551	0.070	0.9974	99.8586	99.9809	0.0286	1.38	AlfI:99.95,AloI:99.97,BcgI:99.96,FalI:99.96	8112	64	6997	1052	112	ok	99.9498	gamma	99.8872	ok
NZ_CP038284.1	NZ_CP062713.1	99.9505	99.9572	0.9603	0.9745	0.00446	64	0.9913	551	0.070	0.9974	99.8609	99.9809	0.0286	1.45	AlfI:99.95,AloI:99.97,BcgI:99.96,FalI:99.96	8112	64	6995	1052	111.984375	ok	99.9505	gamma	99.8893	ok
NZ_CP038284.1	NZ_CP062715.1	99.9471	99.9545	0.9659	0.9754	0.00460	66	0.9911	551	0.070	0.9972	99.8587	99.9780	0.0272	1.22	AlfI:99.95,AloI:99.97,BcgI:99.95,FalI:99.97	8153	66	7001	1053	108.66666666666667	ok	99.9471	gamma	99.8873	ok
NZ_CP038284.1	NZ_CP062717.1	99.9509	99.9574	0.9678	0.9757	0.00444	65	0.9912	548	0.070	0.9974	99.8639	99.9804	0.0258	1.08	AlfI:99.95,AloI:99.97,BcgI:99.96,FalI:99.97	8161	65	7024	1053	110.67692307692307	ok	99.9509	gamma	99.8918	ok
NZ_CP038284.1	NZ_CP062719.1	99.9488	99.9556	0.9680	0.9733	0.00453	62	0.9916	521	0.070	0.9973	99.8662	99.9775	0.0111	0.29	AlfI:99.95,AloI:99.95,BcgI:99.96,FalI:99.96	8131	62	7026	1053	115.58064516129032	ok	99.9488	gamma	99.8940	ok
NZ_CP038284.1	NZ_CP062721.1	99.9484	99.9551	0.9678	0.9732	0.00456	62	0.9916	521	0.070	0.9973	99.8686	99.9764	0.0097	0.32	AlfI:99.95,AloI:99.95,BcgI:99.96,FalI:99.95	8131	62	7024	1053	115.56451612903226	ok	99.9484	gamma	99.8960	ok
NZ_CP038284.1	NZ_CP062723.1	99.9551	99.9610	0.9612	0.9756	0.00426	65	0.9912	551	0.070	0.9976	99.8657	99.9844	0.0296	1.60	AlfI:99.95,AloI:99.98,BcgI:99.97,FalI:99.96	8138	65	6997	1052	110.33846153846154	ok	99.9551	gamma	99.8935	ok
NZ_CP038284.1	NZ_CP062725.1	99.9504	99.9574	0.9678	0.9761	0.00444	66	0.9911	557	0.070	0.9974	99.8568	99.9821	0.0244	0.97	AlfI:99.95,AloI:99.97,BcgI:99.96,FalI:99.97	8197	66	7024	1052	109.0909090909091	ok	99.9504	gamma	99.8855	ok
NZ_CP038284.1	NZ_CP062727.1	99.9576	99.9624	0.9615	0.9763	0.00418	63	0.9915	547	0.070	0.9977	99.8822	99.9821	0.0254	1.16	AlfI:99.96,AloI:99.98,BcgI:99.96,FalI:99.97	8114	63	6999	1053	113.7936507936508	ok	99.9576	gamma	99.9082	ok
NZ_CP038284.1	NZ_CP062729.1	99.9563	99.9615	0.9615	0.9763	0.00423	64	0.9914	548	0.070	0.9977	99.8775	99.9821	0.0268	1.28	AlfI:99.95,AloI:99.98,BcgI:99.96,FalI:99.97	8140	64	6999	1053	112.046875	ok	99.9563	gamma	99.9040	ok
NZ_CP038284.1	NZ_CP062780.1	99.9559	99.9614	0.9612	0.9754	0.00423	64	0.9914	547	0.070	0.9977	99.8704	99.9838	0.0296	1.59	AlfI:99.95,AloI:99.98,BcgI:99.97,FalI:99.97	8140	64	6997	1053	112.03125	ok	99.9559	gamma	99.8977	ok
NZ_CP038284.1	NZ_CP062731.1	99.9552	99.9610	0.9614	0.9756	0.00426	64	0.9914	547	0.070	0.9976	99.8681	99.9838	0.0296	1.57	AlfI:99.95,AloI:99.98,BcgI:99.96,FalI:99.97	8140	64	6999	1053	112.046875	ok	99.9552	gamma	99.8957	ok
NZ_CP038284.1	NZ_CP062733.1	99.9524	99.9587	0.9619	0.9756	0.00438	64	0.9914	548	0.070	0.9975	99.8658	99.9815	0.0323	1.80	AlfI:99.95,AloI:99.98,BcgI:99.96,FalI:99.96	8144	64	7003	1053	112.03125	ok	99.9524	gamma	99.8936	ok
NZ_CP038284.1	NZ_CP062739.1	99.9531	99.9591	0.9617	0.9757	0.00436	72	0.9906	986	0.070	0.9975	99.8681	99.9815	0.0323	1.82	AlfI:99.95,AloI:99.98,BcgI:99.96,FalI:99.96	8405	72	7001	1053	103.15277777777777	ok	99.9531	gamma	99.8957	ok
NZ_CP038284.1	NZ_CP062736.1	99.9524	99.9587	0.9618	0.9756	0.00438	64	0.9914	547	0.070	0.9975	99.8658	99.9815	0.0323	1.80	AlfI:99.95,AloI:99.98,BcgI:99.96,FalI:99.96	8143	64	7003	1053	112.046875	ok	99.9524	gamma	99.8936	ok
NZ_CP038284.1	NZ_CP062742.1	99.9573	99.9624	0.9615	0.9761	0.00418	63	0.9915	548	0.070	0.9977	99.8775	99.9832	0.0241	1.06	AlfI:99.96,AloI:99.98,BcgI:99.96,FalI:99.97	8137	63	6999	1053	113.80952380952381	ok	99.9573	gamma	99.9040	ok
NZ_CP038284.1	NZ_CP062744.1	99.9559	99.9614	0.9612	0.9754	0.00423	65	0.9912	555	0.070	0.9977	99.8704	99.9838	0.0296	1.59	AlfI:99.95,AloI:99.98,BcgI:99.97,FalI:99.97	8141	65	6997	1053	110.35384615384615	ok	99.9559	gamma	99.8977	ok
NZ_CP038284.1	NZ_CP062746.1	99.9531	99.9591	0.9616	0.9755	0.00436	65	0.9912	555	0.070	0.9975	99.8681	99.9815	0.0323	1.82	AlfI:99.95,AloI:99.98,BcgI:99.96,FalI:99.96	8144	65	7001	1053	110.35384615384615	ok	99.9531	gamma	99.8957	ok
NZ_CP038284.1	NZ_CP062749.1	99.9515	99.9577	0.9616	0.9761	0.00443	61	0.9917	506	0.070	0.9974	99.8681	99.9798	0.0272	1.22	AlfI:99.95,AloI:99.97,BcgI:99.96,FalI:99.96	8057	61	7001	1053	116.8360655737705	ok	99.9515	gamma	99.8957	ok
NZ_CP038284.1	NZ_CP062752.1	99.9512	99.9577	0.9613	0.9754	0.00443	65	0.9912	548	0.070	0.9974	99.8634	99.9809	0.0323	1.78	AlfI:99.95,AloI:99.98,BcgI:99.96,FalI:99.96	8142	65	7001	1053	110.3076923076923	ok	99.9512	gamma	99.8915	ok
NZ_CP038284.1	NZ_CP062755.1	99.9522	99.9582	0.9617	0.9742	0.00440	61	0.9918	535	0.070	0.9975	99.8705	99.9798	0.0323	1.84	AlfI:99.95,AloI:99.98,BcgI:99.96,FalI:99.96	8120	61	7001	1053	117.39344262295081	ok	99.9522	gamma	99.8978	ok
NZ_CP038284.1	NZ_CP062761.1	99.9514	99.9577	0.9639	0.9741	0.00443	66	0.9911	563	0.070	0.9974	99.8680	99.9797	0.0086	0.24	AlfI:99.95,AloI:99.96,BcgI:99.96,FalI:99.96	8141	66	6994	1053	108.72727272727273	ok	99.9514	gamma	99.8956	ok
NZ_CP038284.1	NZ_CP062758.1	99.9512	99.9577	0.9617	0.9757	0.00443	63	0.9915	555	0.070	0.9974	99.8634	99.9809	0.0244	0.90	AlfI:99.95,AloI:99.97,BcgI:99.96,FalI:99.96	8144	63	7003	1053	113.88888888888889	ok	99.9512	gamma	99.8915	ok
NZ_CP038284.1	NZ_CP062763.1	99.9496	99.9562	0.9587	0.9732	0.00452	64	0.9913	546	0.070	0.9973	99.8653	99.9785	0.0231	0.78	AlfI:99.95,AloI:99.97,BcgI:99.96,FalI:99.96	8128	64	6979	1053	111.640625	ok	99.9496	gamma	99.8932	ok
NZ_CP038284.1	NZ_CP062766.1	99.9538	99.9592	0.9615	0.9727	0.00435	66	0.9911	562	0.070	0.9975	99.8800	99.9786	0.0281	1.40	AlfI:99.95,AloI:99.98,BcgI:99.96,FalI:99.96	8168	66	7003	1053	108.83333333333333	ok	99.9538	gamma	99.9062	ok
NZ_CP038284.1	NZ_CP062782.1	99.9487	99.9551	0.9684	0.9694	0.00455	63	0.9915	558	0.070	0.9973	99.8710	99.9758	0.0243	0.84	AlfI:99.95,AloI:99.97,BcgI:99.96,FalI:99.96	8192	63	7028	1053	114.15873015873017	ok	99.9487	gamma	99.8982	ok
NZ_CP038284.1	NZ_CP062769.1	99.9514	99.9572	0.9589	0.9748	0.00446	56	0.9923	417	0.070	0.9974	99.8773	99.9768	0.0044	0.05	AlfI:99.96,AloI:99.96,BcgI:99.96,FalI:99.96	7977	56	6988	1053	126.05357142857143	ok	99.9514	gamma	99.9039	ok
NZ_CP038284.1	NZ_CP062771.1	99.9515	99.9574	0.9684	0.9765	0.00443	64	0.9914	550	0.070	0.9974	99.8733	99.9781	0.0151	0.32	AlfI:99.95,AloI:99.97,BcgI:99.96,FalI:99.96	8136	64	7028	1053	112.34375	ok	99.9515	gamma	99.9003	ok
NZ_CP038284.1	NZ_CP062774.1	99.9492	99.9563	0.9611	0.9691	0.00451	65	0.9912	549	0.070	0.9973	99.8563	99.9809	0.0193	0.63	AlfI:99.95,AloI:99.97,BcgI:99.96,FalI:99.96	8139	65	6999	1053	110.21538461538462	ok	99.9492	gamma	99.8851	ok
NZ_CP038290.1	NZ_CP038292.1	99.9704	99.9725	0.9679	0.9845	0.00355	48	0.9935	301	0.070	0.9983	99.9232	99.9846	0.0261	3.34	AlfI:99.97,AloI:99.99,BcgI:99.97,FalI:99.97	8034	48	7078	1290	147.22916666666666	ok	99.9704	gamma	99.9438	ok
NZ_CP038290.1	NZ_CP038300.1	99.9719	99.9739	0.9666	0.9837	0.00346	54	0.9927	357	0.070	0.9984	99.9255	99.9857	0.0242	2.95	AlfI:99.98,AloI:99.99,BcgI:99.97,FalI:99.97	8086	54	7072	1290	131.57407407407408	ok	99.9719	gamma	99.9457	ok
NZ_CP038290.1	NZ_CP038302.1	99.9751	99.9767	0.9729	0.9596	0.00326	54	0.9927	359	0.070	0.9986	99.9280	99.9886	0.0057	0.10	AlfI:99.98,AloI:99.98,BcgI:99.98,FalI:99.98	8103	54	7091	1290	131.59259259259258	ok	99.9751	gamma	99.9479	ok
NZ_CP038290.1	NZ_CP038309.1	99.9762	99.9776	0.9736	0.9777	0.00319	55	0.9926	448	0.070	0.9986	99.9327	99.9886	0.0203	2.13	AlfI:99.97,AloI:99.99,BcgI:99.98,FalI:99.98	8151	55	7096	1292	129.98181818181817	ok	99.9762	gamma	99.9519	ok
NZ_CP038290.1	NZ_CP038319.1	99.9476	99.9537	0.9425	0.9729	0.00465	54	0.9925	244	0.070	0.9972	99.8814	99.9715	0.0223	0.78	AlfI:99.95,AloI:99.97,BcgI:99.96,FalI:99.95	7885	54	6949	1052	127.96296296296296	ok	99.9476	gamma	99.9076	ok
NZ_CP038290.1	NZ_CP038333.1	99.9682	99.9707	0.9694	0.9717	0.00366	50	0.9932	334	0.070	0.9982	99.9162	99.9840	0.0353	1.02	AlfI:99.97,AloI:100.00,BcgI:99.96,FalI:99.98	8032	50	7077	1288	141.54	ok	99.9682	gamma	99.9378	ok
NZ_CP038290.1	NZ_CP038339.1	99.9498	99.9546	0.9435	0.9532	0.00460	46	0.9936	229	0.070	0.9972	99.9003	99.9680	0.0168	0.34	AlfI:99.95,AloI:99.94,BcgI:99.96,FalI:99.95	7820	46	6939	1051	149.7826086956522	ok	99.9498	gamma	99.9241	ok
NZ_CP038290.1	NZ_CP038342.1	99.9393	99.9482	0.9491	0.9643	0.00492	56	0.9922	275	0.070	0.9969	99.8533	99.9715	0.0090	0.07	AlfI:99.95,AloI:99.94,BcgI:99.95,FalI:99.95	8015	56	6968	1050	123.69642857142857	ok	99.9393	gamma	99.8825	ok
NZ_CP038290.1	NZ_CP038344.1	99.9405	99.9483	0.9339	0.9704	0.00493	39	0.9946	171	0.070	0.9969	99.8665	99.9684	0.0363	2.54	AlfI:99.93,AloI:99.96,BcgI:99.96,FalI:99.96	7759	39	6915	929	174.66666666666666	ok	99.9405	gamma	99.8944	ok
NZ_CP038290.1	NZ_CP038346.1	99.9563	99.9608	0.9600	0.9568	0.00426	56	0.9923	358	0.070	0.9976	99.8946	99.9770	0.0098	0.08	AlfI:99.96,AloI:99.96,BcgI:99.96,FalI:99.97	7982	56	7032	1052	125.5	ok	99.9563	gamma	99.9190	ok
NZ_CP038290.1	NZ_CP038349.1	99.9460	99.9525	0.9379	0.9699	0.00472	51	0.9929	249	0.070	0.9971	99.8761	99.9713	0.0075	0.10	AlfI:99.95,AloI:99.95,BcgI:99.96,FalI:99.95	7891	51	6917	1050	134.7058823529412	ok	99.9460	gamma	99.9029	ok
NZ_CP038290.1	NZ_CP038351.1	99.9486	99.9546	0.9574	0.9666	0.00459	60	0.9917	375	0.070	0.9972	99.8801	99.9729	0.0169	0.53	AlfI:99.95,AloI:99.95,BcgI:99.96,FalI:99.97	8127	60	7011	1050	117.1	ok	99.9486	gamma	99.9063	ok
NZ_CP038290.1	NZ_CP038353.1	99.9304	99.9405	0.9556	0.9703	0.00526	57	0.9921	313	0.070	0.9964	99.8540	99.9618	0.0203	0.27	AlfI:99.94,AloI:99.95,BcgI:99.94,FalI:99.93	7928	57	7003	1052	122.42105263157895	ok	99.9304	gamma	99.8831	ok
NZ_CP038290.1	NZ_CP038355.1	99.9694	99.9712	0.9697	0.9872	0.00363	49	0.9934	297	0.070	0.9982	99.9349	99.9801	0.0152	0.94	AlfI:99.98,AloI:99.98,BcgI:99.97,FalI:99.97	8035	49	7087	1292	144.28571428571428	ok	99.9694	gamma	99.9538	ok
NZ_CP038290.1	NZ_CP038357.1	99.9296	99.9411	0.9514	0.9586	0.00524	53	0.9926	284	0.070	0.9964	99.8367	99.9668	0.0253	0.31	AlfI:99.94,AloI:99.92,BcgI:99.94,FalI:99.95	8016	53	6969	930	130.43396226415095	ok	99.9296	gamma	99.8676	ok
NZ_CP038290.1	NZ_CP038360.1	99.9312	99.9404	0.9420	0.9609	0.00529	49	0.9932	255	0.070	0.9964	99.8667	99.9585	0.0261	0.81	AlfI:99.95,AloI:99.92,BcgI:99.94,FalI:99.92	7798	49	6924	1051	140.3265306122449	ok	99.9312	gamma	99.8945	ok
NZ_CP038290.1	NZ_CP038366.1	99.9431	99.9499	0.9575	0.9638	0.00482	46	0.9937	270	0.070	0.9970	99.8777	99.9677	0.0282	1.48	AlfI:99.95,AloI:99.97,BcgI:99.95,FalI:99.96	7889	46	7010	1049	151.1086956521739	ok	99.9431	gamma	99.9042	ok
NZ_CP038290.1	NZ_CP038372.1	99.9422	99.9499	0.9406	0.9594	0.00484	55	0.9924	331	0.070	0.9970	99.8648	99.9709	0.0091	0.09	AlfI:99.95,AloI:99.95,BcgI:99.95,FalI:99.94	8135	55	6949	1050	126.54545454545455	ok	99.9422	gamma	99.8928	ok
NZ_CP038290.1	NZ_CP038402.1	99.9895	99.9895	0.9712	0.9753	0.00218	48	0.9935	340	inf	0.9994	99.9721	99.9938	0.0070	0.46	AlfI:99.99,AloI:99.99,BcgI:99.99,FalI:99.99	8058	48	7089	1292	147.6875	ok	99.9895	uniform	99.9839	ok
NZ_CP038290.1	NZ_CP038414.1	99.9577	99.9616	0.9578	0.9754	0.00421	56	0.9923	368	0.070	0.9977	99.9038	99.9758	0.0102	0.26	AlfI:99.96,AloI:99.96,BcgI:99.97,FalI:99.96	8004	56	7021	929	125.60714285714286	ok	99.9577	gamma	99.9271	ok
NZ_CP038290.1	NZ_CP038416.1	99.9504	99.9551	0.9433	0.9496	0.00458	47	0.9935	247	0.070	0.9973	99.9026	99.9680	0.0188	0.59	AlfI:99.95,AloI:99.94,BcgI:99.96,FalI:99.94	7807	47	6936	1052	146.68085106382978	ok	99.9504	gamma	99.9262	ok
NZ_CP038290.1	NZ_CP039834.1	99.9465	99.9524	0.9598	0.9732	0.00469	53	0.9927	307	0.070	0.9971	99.8874	99.9683	0.0162	0.74	AlfI:99.96,AloI:99.96,BcgI:99.95,FalI:99.96	7954	53	7023	1052	131.96226415094338	ok	99.9465	gamma	99.9127	ok
NZ_CP038290.1	NZ_CP062778.1	99.9659	99.9688	0.9708	0.9743	0.00378	50	0.9932	296	0.070	0.9981	99.9069	99.9840	0.0150	0.79	AlfI:99.97,AloI:99.98,BcgI:99.97,FalI:99.98	8019	50	7076	1289	140.96	ok	99.9659	gamma	99.9297	ok
NZ_CP038290.1	NZ_CP062700.1	99.9670	99.9697	0.9709	0.9818	0.00372	46	0.9937	265	0.070	0.9982	99.9115	99.9840	0.0131	0.42	AlfI:99.97,AloI:99.98,BcgI:99.97,FalI:99.97	7973	46	7073	1289	152.84782608695653	ok	99.9670	gamma	99.9337	ok
NZ_CP038290.1	NZ_CP062702.1	99.9565	99.9606	0.9444	0.9608	0.00429	48	0.9933	321	0.070	0.9976	99.9024	99.9749	0.0192	1.08	AlfI:99.97,AloI:99.95,BcgI:99.95,FalI:99.97	7877	48	6923	930	143.95833333333334	ok	99.9565	gamma	99.9261	ok
NZ_CP038290.1	NZ_CP062705.1	99.9517	99.9576	0.9498	0.9642	0.00445	60	0.9917	374	0.070	0.9974	99.8770	99.9773	0.0158	0.56	AlfI:99.95,AloI:99.95,BcgI:99.96,FalI:99.95	7958	60	6968	1050	116.41666666666667	ok	99.9517	gamma	99.9036	ok
NZ_CP038290.1	NZ_CP062708.1	99.9510	99.9571	0.9499	0.9644	0.00447	60	0.9917	374	0.070	0.9974	99.8747	99.9774	0.0148	0.47	AlfI:99.95,AloI:99.95,BcgI:99.96,FalI:99.95	7958	60	6970	1050	116.43333333333334	ok	99.9510	gamma	99.9015	ok
NZ_CP038290.1	NZ_CP062711.1	99.9510	99.9571	0.9499	0.9705	0.00447	60	0.9917	374	0.070	0.9974	99.8747	99.9774	0.0148	0.47	AlfI:99.95,AloI:99.95,BcgI:99.96,FalI:99.95	7958	60	6970	1050	116.43333333333334	ok	99.9510	gamma	99.9015	ok
NZ_CP038290.1	NZ_CP062713.1	99.9517	99.9576	0.9498	0.9706	0.00445	60	0.9917	374	0.070	0.9974	99.8770	99.9773	0.0158	0.56	AlfI:99.95,AloI:99.95,BcgI:99.96,FalI:99.95	7958	60	6968	1050	116.41666666666667	ok	99.9517	gamma	99.9036	ok
NZ_CP038290.1	NZ_CP062715.1	99.9495	99.9557	0.9551	0.9723	0.00454	61	0.9915	371	0.070	0.9973	99.8746	99.9756	0.0088	0.15	AlfI:99.95,AloI:99.96,BcgI:99.96,FalI:99.96	7971	61	6970	1051	114.47540983606558	ok	99.9495	gamma	99.9015	ok
NZ_CP038290.1	NZ_CP062717.1	99.9518	99.9577	0.9570	0.9726	0.00443	60	0.9917	367	0.070	0.9974	99.8751	99.9780	0.0088	0.25	AlfI:99.95,AloI:99.96,BcgI:99.96,FalI:99.96	8004	60	6995	1051	116.8	ok	99.9518	gamma	99.9019	ok
NZ_CP038290.1	NZ_CP062719.1	99.9490	99.9554	0.9550	0.9704	0.00455	58	0.9920	355	0.070	0.9973	99.8727	99.9757	0.0105	0.19	AlfI:99.95,AloI:99.95,BcgI:99.96,FalI:99.96	7982	58	6993	1051	120.58620689655173	ok	99.9490	gamma	99.8998	ok
NZ_CP038290.1	NZ_CP062721.1	99.9485	99.9549	0.9548	0.9702	0.00458	58	0.9920	355	0.070	0.9973	99.8750	99.9745	0.0118	0.33	AlfI:99.95,AloI:99.95,BcgI:99.96,FalI:99.95	7982	58	6991	1051	120.56896551724138	ok	99.9485	gamma	99.9018	ok
NZ_CP038290.1	NZ_CP062723.1	99.9556	99.9608	0.9504	0.9725	0.00427	60	0.9917	370	0.070	0.9976	99.8794	99.9808	0.0089	0.33	AlfI:99.96,AloI:99.96,BcgI:99.97,FalI:99.96	7983	60	6969	1050	116.46666666666667	ok	99.9556	gamma	99.9057	ok
NZ_CP038290.1	NZ_CP062725.1	99.9510	99.9572	0.9571	0.9731	0.00446	61	0.9916	374	0.070	0.9974	99.8704	99.9786	0.0061	0.07	AlfI:99.95,AloI:99.96,BcgI:99.96,FalI:99.96	8033	61	6995	1050	114.9672131147541	ok	99.9510	gamma	99.8977	ok
NZ_CP038290.1	NZ_CP062727.1	99.9576	99.9623	0.9503	0.9731	0.00419	59	0.9918	375	0.070	0.9977	99.8865	99.9809	0.0061	0.15	AlfI:99.96,AloI:99.96,BcgI:99.97,FalI:99.96	7962	59	6970	1051	118.52542372881356	ok	99.9576	gamma	99.9120	ok
NZ_CP038290.1	NZ_CP062729.1	99.9557	99.9608	0.9506	0.9731	0.00427	59	0.9918	366	0.070	0.9976	99.8818	99.9803	0.0079	0.22	AlfI:99.96,AloI:99.96,BcgI:99.96,FalI:99.96	7985	59	6971	1051	118.42372881355932	ok	99.9557	gamma	99.9078	ok
NZ_CP038290.1	NZ_CP062780.1	99.9564	99.9613	0.9497	0.9715	0.00425	59	0.9918	366	0.070	0.9976	99.8841	99.9803	0.0088	0.28	AlfI:99.96,AloI:99.96,BcgI:99.97,FalI:99.96	7985	59	6968	1051	118.38983050847457	ok	99.9564	gamma	99.9099	ok
NZ_CP038290.1	NZ_CP062731.1	99.9557	99.9608	0.9498	0.9717	0.00427	59	0.9918	366	0.070	0.9976	99.8818	99.9803	0.0079	0.22	AlfI:99.96,AloI:99.96,BcgI:99.96,FalI:99.96	7985	59	6970	1051	118.40677966101696	ok	99.9557	gamma	99.9078	ok
NZ_CP038290.1	NZ_CP062733.1	99.9557	99.9608	0.9498	0.9712	0.00427	61	0.9916	380	0.070	0.9976	99.8818	99.9803	0.0079	0.22	AlfI:99.96,AloI:99.96,BcgI:99.96,FalI:99.96	7984	61	6970	1051	114.67213114754098	ok	99.9557	gamma	99.9078	ok
NZ_CP038290.1	NZ_CP062739.1	99.9564	99.9613	0.9497	0.9714	0.00425	66	0.9911	784	0.070	0.9976	99.8841	99.9803	0.0088	0.28	AlfI:99.96,AloI:99.96,BcgI:99.97,FalI:99.96	8221	66	6968	1051	109.36363636363636	ok	99.9564	gamma	99.9099	ok
NZ_CP038290.1	NZ_CP062736.1	99.9557	99.9608	0.9498	0.9712	0.00427	59	0.9918	366	0.070	0.9976	99.8818	99.9803	0.0079	0.22	AlfI:99.96,AloI:99.96,BcgI:99.96,FalI:99.96	7985	59	6970	1051	118.40677966101696	ok	99.9557	gamma	99.9078	ok
NZ_CP038290.1	NZ_CP062742.1	99.9575	99.9622	0.9474	0.9716	0.00420	58	0.9920	366	0.070	0.9977	99.8864	99.9808	0.0112	0.25	AlfI:99.96,AloI:99.97,BcgI:99.97,FalI:99.96	7984	58	6962	1051	120.43103448275862	ok	99.9575	gamma	99.9119	ok
NZ_CP038290.1	NZ_CP062744.1	99.9590	99.9632	0.9490	0.9711	0.00414	61	0.9916	378	0.070	0.9978	99.8959	99.9797	0.0099	0.30	AlfI:99.96,AloI:99.97,BcgI:99.97,FalI:99.96	7984	61	6964	1051	114.63934426229508	ok	99.9590	gamma	99.9203	ok
NZ_CP038290.1	NZ_CP062746.1	99.9564	99.9613	0.9505	0.9718	0.00425	61	0.9916	380	0.070	0.9976	99.8841	99.9803	0.0088	0.28	AlfI:99.96,AloI:99.96,BcgI:99.97,FalI:99.96	7984	61	6969	1051	114.67213114754098	ok	99.9564	gamma	99.9099	ok
NZ_CP038290.1	NZ_CP062749.1	99.9555	99.9604	0.9504	0.9716	0.00430	57	0.9921	348	0.070	0.9976	99.8889	99.9779	0.0096	0.24	AlfI:99.96,AloI:99.95,BcgI:99.96,FalI:99.96	7942	57	6969	1051	122.21052631578948	ok	99.9555	gamma	99.9141	ok
NZ_CP038290.1	NZ_CP062752.1	99.9545	99.9599	0.9501	0.9717	0.00432	60	0.9917	367	0.070	0.9976	99.8794	99.9797	0.0059	0.12	AlfI:99.96,AloI:99.96,BcgI:99.96,FalI:99.96	7984	60	6969	1051	116.43333333333334	ok	99.9545	gamma	99.9057	ok
NZ_CP038290.1	NZ_CP062755.1	99.9560	99.9608	0.9501	0.9721	0.00427	61	0.9916	386	0.070	0.9976	99.8865	99.9791	0.0078	0.22	AlfI:99.96,AloI:99.96,BcgI:99.96,FalI:99.96	7961	61	6968	1051	114.72131147540983	ok	99.9560	gamma	99.9120	ok
NZ_CP038290.1	NZ_CP062761.1	99.9535	99.9585	0.9530	0.9711	0.00440	62	0.9914	387	0.070	0.9975	99.8911	99.9750	0.0136	0.25	AlfI:99.96,AloI:99.95,BcgI:99.96,FalI:99.95	7986	62	6963	1051	112.85483870967742	ok	99.9535	gamma	99.9161	ok
NZ_CP038290.1	NZ_CP062758.1	99.9527	99.9585	0.9505	0.9720	0.00440	60	0.9917	382	0.070	0.9975	99.8747	99.9791	0.0132	0.21	AlfI:99.96,AloI:99.95,BcgI:99.96,FalI:99.96	7984	60	6971	1051	116.56666666666666	ok	99.9527	gamma	99.9016	ok
NZ_CP038290.1	NZ_CP062763.1	99.9538	99.9588	0.9474	0.9698	0.00439	60	0.9917	372	0.070	0.9975	99.8885	99.9761	0.0060	0.05	AlfI:99.96,AloI:99.95,BcgI:99.96,FalI:99.96	7969	60	6945	1051	116.13333333333334	ok	99.9538	gamma	99.9138	ok
NZ_CP038290.1	NZ_CP062766.1	99.9556	99.9604	0.9506	0.9723	0.00429	60	0.9917	379	0.070	0.9976	99.8889	99.9780	0.0069	0.15	AlfI:99.96,AloI:99.96,BcgI:99.96,FalI:99.96	8004	60	6971	1051	116.63333333333334	ok	99.9556	gamma	99.9141	ok
NZ_CP038290.1	NZ_CP062782.1	99.9511	99.9572	0.9537	0.9658	0.00446	58	0.9920	411	0.070	0.9974	99.8726	99.9780	0.0153	0.33	AlfI:99.95,AloI:99.97,BcgI:99.96,FalI:99.96	8066	58	6990	1051	121.27586206896552	ok	99.9511	gamma	99.8997	ok
NZ_CP038290.1	NZ_CP062769.1	99.9480	99.9547	0.9493	0.9724	0.00460	51	0.9929	271	0.070	0.9972	99.8698	99.9756	0.0043	0.03	AlfI:99.96,AloI:99.95,BcgI:99.95,FalI:99.95	7846	51	6964	1051	135.54901960784315	ok	99.9480	gamma	99.8972	ok
NZ_CP038290.1	NZ_CP062771.1	99.9556	99.9605	0.9570	0.9727	0.00428	59	0.9919	373	0.070	0.9976	99.8869	99.9786	0.0098	0.25	AlfI:99.96,AloI:99.95,BcgI:99.96,FalI:99.96	7986	59	6995	1051	118.86440677966101	ok	99.9556	gamma	99.9123	ok
NZ_CP038290.1	NZ_CP062774.1	99.9531	99.9589	0.9499	0.9654	0.00438	62	0.9914	381	0.070	0.9975	99.8722	99.9802	0.0143	0.26	AlfI:99.96,AloI:99.95,BcgI:99.96,FalI:99.96	7979	62	6967	1051	112.74193548387096	ok	99.9531	gamma	99.8994	ok
NZ_CP038292.1	NZ_CP038300.1	99.9888	99.9891	0.9891	0.9893	0.00223	52	0.9932	543	0.070	0.9993	99.9675	99.9943	0.0141	0.42	AlfI:99.99,AloI:99.99,BcgI:99.99,FalI:100.00	8246	52	7092	1558	140.75	ok	99.9888	gamma	99.9804	ok
NZ_CP038292.1	NZ_CP038302.1	99.9827	99.9835	0.9802	0.9666	0.00275	55	0.9927	546	0.070	0.9990	99.9510	99.9914	0.0298	1.14	AlfI:99.98,AloI:99.96,BcgI:99.98,FalI:99.99	8209	55	7054	1559	132.2	ok	99.9827	gamma	99.9672	ok
NZ_CP038292.1	NZ_CP038309.1	99.9857	99.9862	0.9810	0.9746	0.00251	43	0.9943	431	0.070	0.9992	99.9580	99.9932	0.0111	1.49	AlfI:99.99,AloI:99.99,BcgI:99.98,FalI:100.00	8167	43	7057	1537	166.2325581395349	ok	99.9857	gamma	99.9729	ok
NZ_CP038292.1	NZ_CP038319.1	99.9567	99.9607	0.9583	0.9840	0.00428	62	0.9915	443	0.070	0.9976	99.9027	99.9750	0.0171	1.07	AlfI:99.95,AloI:99.95,BcgI:99.97,FalI:99.96	8026	62	6941	934	114.53225806451613	ok	99.9567	gamma	99.9262	ok
NZ_CP038292.1	NZ_CP038333.1	99.9833	99.9839	0.9761	0.9733	0.00272	50	0.9933	472	0.070	0.9990	99.9579	99.9903	0.0191	0.02	AlfI:99.98,AloI:99.98,BcgI:99.98,FalI:100.00	8144	50	7034	1560	144.1	ok	99.9833	gamma	99.9728	ok
NZ_CP038292.1	NZ_CP038339.1	99.9502	99.9553	0.9635	0.9634	0.00456	54	0.9926	369	0.070	0.9973	99.8959	99.9698	0.0202	0.77	AlfI:99.95,AloI:99.94,BcgI:99.96,FalI:99.95	7935	54	6967	933	130.16666666666666	ok	99.9502	gamma	99.9203	ok
NZ_CP038292.1	NZ_CP038342.1	99.9358	99.9463	0.9643	0.9724	0.00501	60	0.9918	413	0.070	0.9967	99.8344	99.9738	0.0058	0.02	AlfI:99.95,AloI:99.95,BcgI:99.95,FalI:99.94	8100	60	6972	986	117.51666666666667	ok	99.9358	gamma	99.8655	ok
NZ_CP038292.1	NZ_CP038344.1	99.9353	99.9447	0.9567	0.9762	0.00509	54	0.9925	354	0.070	0.9966	99.8527	99.9673	0.0634	7.09	AlfI:99.91,AloI:99.97,BcgI:99.96,FalI:99.97	7831	54	6941	929	129.25925925925927	ok	99.9353	gamma	99.8820	ok
NZ_CP038292.1	NZ_CP038346.1	99.9620	99.9658	0.9752	0.9617	0.00397	58	0.9922	511	0.070	0.9979	99.8945	99.9833	0.0250	1.26	AlfI:99.96,AloI:99.95,BcgI:99.97,FalI:99.97	8089	58	7029	934	123.86206896551724	ok	99.9620	gamma	99.9190	ok
NZ_CP038292.1	NZ_CP038349.1	99.9363	99.9459	0.9544	0.9662	0.00504	53	0.9927	357	0.070	0.9967	99.8476	99.9701	0.0134	0.30	AlfI:99.94,AloI:99.95,BcgI:99.95,FalI:99.96	7967	53	6925	1249	131.37735849056602	ok	99.9363	gamma	99.8775	ok
NZ_CP038292.1	NZ_CP038351.1	99.9551	99.9604	0.9636	0.9673	0.00430	64	0.9913	536	0.070	0.9976	99.8770	99.9808	0.0188	0.80	AlfI:99.96,AloI:99.95,BcgI:99.97,FalI:99.95	8202	64	6969	1484	111.734375	ok	99.9551	gamma	99.9036	ok
NZ_CP038292.1	NZ_CP038353.1	99.9473	99.9526	0.9659	0.9730	0.00470	62	0.9916	460	0.070	0.9971	99.8985	99.9658	0.0139	0.21	AlfI:99.95,AloI:99.96,BcgI:99.95,FalI:99.95	8025	62	6980	934	114.69354838709677	ok	99.9473	gamma	99.9225	ok
NZ_CP038292.1	NZ_CP038355.1	99.9801	99.9808	0.9865	0.9902	0.00296	49	0.9935	475	0.070	0.9988	99.9559	99.9869	0.0340	3.80	AlfI:99.99,AloI:99.96,BcgI:99.98,FalI:100.00	8168	49	7084	1557	148.12244897959184	ok	99.9801	gamma	99.9711	ok
NZ_CP038292.1	NZ_CP038357.1	99.9342	99.9443	0.9631	0.9653	0.00510	63	0.9913	450	0.070	0.9966	99.8435	99.9691	0.0200	0.31	AlfI:99.94,AloI:99.93,BcgI:99.95,FalI:99.94	8106	63	6957	1478	111.92063492063492	ok	99.9342	gamma	99.8738	ok
NZ_CP038292.1	NZ_CP038360.1	99.9401	99.9466	0.9582	0.9639	0.00500	57	0.9921	378	0.070	0.9968	99.8907	99.9604	0.0227	0.75	AlfI:99.95,AloI:99.93,BcgI:99.95,FalI:99.93	7905	57	6936	933	122.80701754385964	ok	99.9401	gamma	99.9158	ok
NZ_CP038292.1	NZ_CP038366.1	99.9492	99.9550	0.9714	0.9698	0.00456	48	0.9935	380	0.070	0.9973	99.8824	99.9729	0.0240	1.17	AlfI:99.95,AloI:99.97,BcgI:99.96,FalI:99.97	7962	48	7008	934	147.27083333333334	ok	99.9492	gamma	99.9083	ok
NZ_CP038292.1	NZ_CP038372.1	99.9310	99.9430	0.9634	0.9658	0.00516	64	0.9913	492	0.070	0.9965	99.8249	99.9720	0.0098	0.06	AlfI:99.94,AloI:99.95,BcgI:99.94,FalI:99.94	8237	64	6971	1476	110.96875	ok	99.9310	gamma	99.8569	ok
NZ_CP038292.1	NZ_CP038402.1	99.9788	99.9798	0.9791	0.9781	0.00304	55	0.9926	480	0.070	0.9988	99.9463	99.9880	0.0296	2.87	AlfI:99.99,AloI:100.00,BcgI:99.97,FalI:99.98	8104	55	7052	1439	130.74545454545455	ok	99.9788	gamma	99.9633	ok
NZ_CP038292.1	NZ_CP038414.1	99.9621	99.9621	0.9748	0.9806	0.00419	55	0.9926	505	inf	0.9977	99.8851	99.9810	0.0235	2.23	AlfI:99.95,AloI:99.95,BcgI:99.97,FalI:99.97	8124	55	7026	1544	130.54545454545453	ok	99.9621	uniform	99.9107	ok
NZ_CP038292.1	NZ_CP038416.1	99.9493	99.9548	0.9639	0.9604	0.00459	55	0.9925	387	0.070	0.9973	99.8889	99.9710	0.0202	0.90	AlfI:99.95,AloI:99.94,BcgI:99.96,FalI:99.94	7906	55	6969	934	127.81818181818181	ok	99.9493	gamma	99.9141	ok
NZ_CP038292.1	NZ_CP039834.1	99.9495	99.9556	0.9738	0.9835	0.00454	57	0.9923	459	0.070	0.9973	99.8779	99.9746	0.0184	0.58	AlfI:99.95,AloI:99.96,BcgI:99.96,FalI:99.97	8083	57	7019	1546	125.45614035087719	ok	99.9495	gamma	99.9043	ok
NZ_CP038292.1	NZ_CP062778.1	99.9672	99.9701	0.9799	0.9858	0.00371	60	0.9920	510	0.070	0.9982	99.9066	99.9857	0.0197	1.69	AlfI:99.97,AloI:99.97,BcgI:99.97,FalI:99.99	8153	60	7055	1559	120.63333333333334	ok	99.9672	gamma	99.9295	ok
NZ_CP038292.1	NZ_CP062700.1	99.9662	99.9692	0.9804	0.9899	0.00376	51	0.9932	439	0.070	0.9981	99.9066	99.9845	0.0163	0.88	AlfI:99.97,AloI:99.97,BcgI:99.97,FalI:99.98	8082	51	7055	1559	140.7843137254902	ok	99.9662	gamma	99.9295	ok
NZ_CP038292.1	NZ_CP062702.1	99.9516	99.9574	0.9621	0.9685	0.00446	55	0.9925	454	0.070	0.9974	99.8766	99.9773	0.0165	0.26	AlfI:99.96,AloI:99.97,BcgI:99.96,FalI:99.95	7932	55	6946	1270	128.27272727272728	ok	99.9516	gamma	99.9033	ok
NZ_CP038292.1	NZ_CP062705.1	99.9510	99.9576	0.9658	0.9688	0.00445	60	0.9919	502	0.070	0.9974	99.8629	99.9808	0.0193	1.22	AlfI:99.95,AloI:99.95,BcgI:99.97,FalI:99.96	8053	60	6976	932	118.75	ok	99.9510	gamma	99.8911	ok
NZ_CP038292.1	NZ_CP062708.1	99.9529	99.9590	0.9653	0.9683	0.00437	60	0.9919	502	0.070	0.9975	99.8676	99.9814	0.0222	1.71	AlfI:99.95,AloI:99.95,BcgI:99.97,FalI:99.96	8053	60	6973	932	118.73333333333333	ok	99.9529	gamma	99.8953	ok
NZ_CP038292.1	NZ_CP062711.1	99.9529	99.9590	0.9653	0.9745	0.00437	60	0.9919	502	0.070	0.9975	99.8676	99.9814	0.0222	1.71	AlfI:99.95,AloI:99.95,BcgI:99.97,FalI:99.96	8053	60	6973	932	118.73333333333333	ok	99.9529	gamma	99.8953	ok
NZ_CP038292.1	NZ_CP062713.1	99.9515	99.9580	0.9658	0.9752	0.00442	60	0.9919	502	0.070	0.9975	99.8629	99.9814	0.0203	1.38	AlfI:99.95,AloI:99.95,BcgI:99.97,FalI:99.96	8053	60	6976	932	118.75	ok	99.9515	gamma	99.8911	ok
NZ_CP038292.1	NZ_CP062715.1	99.9563	99.9617	0.9633	0.9761	0.00423	62	0.9916	516	0.070	0.9977	99.8743	99.9831	0.0135	0.64	AlfI:99.95,AloI:99.96,BcgI:99.97,FalI:99.96	8069	62	6952	933	114.7741935483871	ok	99.9563	gamma	99.9013	ok
NZ_CP038292.1	NZ_CP062717.1	99.9614	99.9655	0.9662	0.9758	0.00400	61	0.9917	510	0.070	0.9979	99.8890	99.9843	0.0165	1.12	AlfI:99.96,AloI:99.96,BcgI:99.97,FalI:99.96	8081	61	6975	933	116.98360655737704	ok	99.9614	gamma	99.9142	ok
NZ_CP038292.1	NZ_CP062719.1	99.9561	99.9613	0.9663	0.9665	0.00424	56	0.9924	474	0.070	0.9976	99.8771	99.9820	0.0214	1.69	AlfI:99.95,AloI:99.95,BcgI:99.97,FalI:99.96	8050	56	6975	933	126.75	ok	99.9561	gamma	99.9037	ok
NZ_CP038292.1	NZ_CP062721.1	99.9537	99.9595	0.9667	0.9670	0.00434	56	0.9924	474	0.070	0.9975	99.8724	99.9809	0.0194	1.51	AlfI:99.95,AloI:99.95,BcgI:99.97,FalI:99.95	8050	56	6978	933	126.76785714285714	ok	99.9537	gamma	99.8996	ok
NZ_CP038292.1	NZ_CP062723.1	99.9589	99.9637	0.9667	0.9763	0.00411	62	0.9916	514	0.070	0.9978	99.8795	99.9843	0.0136	0.75	AlfI:99.96,AloI:99.96,BcgI:99.97,FalI:99.96	8080	62	6978	932	115.14516129032258	ok	99.9589	gamma	99.9059	ok
NZ_CP038292.1	NZ_CP062725.1	99.9601	99.9646	0.9667	0.9769	0.00406	59	0.9920	498	0.070	0.9978	99.8819	99.9849	0.0145	0.83	AlfI:99.96,AloI:99.96,BcgI:99.97,FalI:99.96	8101	59	6978	932	120.72881355932203	ok	99.9601	gamma	99.9079	ok
NZ_CP038292.1	NZ_CP062727.1	99.9614	99.9655	0.9663	0.9764	0.00400	60	0.9919	517	0.070	0.9979	99.8890	99.9843	0.0164	1.11	AlfI:99.96,AloI:99.96,BcgI:99.97,FalI:99.96	8067	60	6975	933	119	ok	99.9614	gamma	99.9142	ok
NZ_CP038292.1	NZ_CP062729.1	99.9595	99.9641	0.9663	0.9763	0.00409	61	0.9917	510	0.070	0.9978	99.8819	99.9843	0.0182	1.26	AlfI:99.95,AloI:99.96,BcgI:99.97,FalI:99.96	8082	61	6975	933	116.98360655737704	ok	99.9595	gamma	99.9079	ok
NZ_CP038292.1	NZ_CP062780.1	99.9602	99.9646	0.9662	0.9757	0.00406	61	0.9917	510	0.070	0.9978	99.8843	99.9843	0.0145	0.83	AlfI:99.96,AloI:99.96,BcgI:99.97,FalI:99.96	8083	61	6977	933	116.98360655737704	ok	99.9602	gamma	99.9100	ok
NZ_CP038292.1	NZ_CP062731.1	99.9614	99.9655	0.9657	0.9752	0.00400	61	0.9917	510	0.070	0.9979	99.8889	99.9843	0.0165	1.11	AlfI:99.96,AloI:99.96,BcgI:99.97,FalI:99.96	8083	61	6974	933	116.9672131147541	ok	99.9614	gamma	99.9142	ok
NZ_CP038292.1	NZ_CP062733.1	99.9600	99.9642	0.9664	0.9752	0.00408	61	0.9917	510	0.070	0.9978	99.8914	99.9820	0.0158	0.96	AlfI:99.96,AloI:99.96,BcgI:99.97,FalI:99.96	8086	61	6977	933	116.9672131147541	ok	99.9600	gamma	99.9163	ok
NZ_CP038292.1	NZ_CP062739.1	99.9587	99.9632	0.9668	0.9760	0.00413	69	0.9909	947	0.070	0.9978	99.8867	99.9820	0.0139	0.72	AlfI:99.96,AloI:99.96,BcgI:99.97,FalI:99.96	8352	69	6980	933	107.14492753623189	ok	99.9587	gamma	99.9121	ok
NZ_CP038292.1	NZ_CP062736.1	99.9599	99.9642	0.9663	0.9752	0.00408	61	0.9917	510	0.070	0.9978	99.8890	99.9826	0.0182	1.25	AlfI:99.95,AloI:99.96,BcgI:99.97,FalI:99.96	8086	61	6977	933	116.9672131147541	ok	99.9599	gamma	99.9142	ok
NZ_CP038292.1	NZ_CP062742.1	99.9606	99.9651	0.9663	0.9761	0.00403	60	0.9919	515	0.070	0.9979	99.8819	99.9855	0.0155	0.96	AlfI:99.96,AloI:99.96,BcgI:99.97,FalI:99.96	8082	60	6975	933	118.96666666666667	ok	99.9606	gamma	99.9079	ok
NZ_CP038292.1	NZ_CP062744.1	99.9602	99.9646	0.9662	0.9757	0.00406	62	0.9916	518	0.070	0.9978	99.8843	99.9843	0.0145	0.83	AlfI:99.96,AloI:99.96,BcgI:99.97,FalI:99.96	8083	62	6977	933	115.16129032258064	ok	99.9602	gamma	99.9100	ok
NZ_CP038292.1	NZ_CP062746.1	99.9586	99.9632	0.9672	0.9763	0.00413	62	0.9916	518	0.070	0.9978	99.8843	99.9826	0.0163	0.97	AlfI:99.95,AloI:99.96,BcgI:99.97,FalI:99.96	8085	62	6981	933	115.1774193548387	ok	99.9586	gamma	99.9101	ok
NZ_CP038292.1	NZ_CP062749.1	99.9570	99.9618	0.9672	0.9768	0.00421	57	0.9922	467	0.070	0.9977	99.8843	99.9809	0.0166	1.06	AlfI:99.95,AloI:99.95,BcgI:99.97,FalI:99.96	8006	57	6981	933	124.43859649122807	ok	99.9570	gamma	99.9101	ok
NZ_CP038292.1	NZ_CP062752.1	99.9598	99.9642	0.9664	0.9755	0.00408	62	0.9916	511	0.070	0.9978	99.8866	99.9832	0.0182	1.26	AlfI:99.95,AloI:99.96,BcgI:99.97,FalI:99.96	8084	62	6978	933	115.08064516129032	ok	99.9598	gamma	99.9121	ok
NZ_CP038292.1	NZ_CP062755.1	99.9565	99.9614	0.9673	0.9747	0.00424	58	0.9921	499	0.070	0.9977	99.8843	99.9803	0.0133	0.63	AlfI:99.95,AloI:99.96,BcgI:99.97,FalI:99.96	8067	58	6981	933	122.89655172413794	ok	99.9565	gamma	99.9101	ok
NZ_CP038292.1	NZ_CP062761.1	99.9630	99.9668	0.9621	0.9739	0.00394	62	0.9916	527	0.070	0.9980	99.8932	99.9849	0.0147	0.99	AlfI:99.96,AloI:99.96,BcgI:99.97,FalI:99.96	8057	62	6943	933	114.79032258064517	ok	99.9630	gamma	99.9179	ok
NZ_CP038292.1	NZ_CP062758.1	99.9574	99.9623	0.9667	0.9758	0.00419	60	0.9919	512	0.070	0.9977	99.8819	99.9820	0.0153	0.93	AlfI:99.95,AloI:99.95,BcgI:99.97,FalI:99.96	8080	60	6978	933	118.9	ok	99.9574	gamma	99.9079	ok
NZ_CP038292.1	NZ_CP062763.1	99.9572	99.9617	0.9637	0.9731	0.00423	61	0.9917	510	0.070	0.9977	99.8910	99.9791	0.0104	0.28	AlfI:99.96,AloI:99.95,BcgI:99.96,FalI:99.96	8070	61	6954	933	116.57377049180327	ok	99.9572	gamma	99.9160	ok
NZ_CP038292.1	NZ_CP062766.1	99.9587	99.9632	0.9669	0.9766	0.00414	59	0.9920	498	0.070	0.9978	99.8866	99.9820	0.0163	0.97	AlfI:99.95,AloI:99.96,BcgI:99.97,FalI:99.96	8096	59	6978	933	120.72881355932203	ok	99.9587	gamma	99.9121	ok
NZ_CP038292.1	NZ_CP062782.1	99.9528	99.9590	0.9685	0.9644	0.00437	54	0.9927	457	0.070	0.9975	99.8631	99.9826	0.0158	0.66	AlfI:99.95,AloI:99.97,BcgI:99.96,FalI:99.95	8062	54	6986	933	131.2037037037037	ok	99.9528	gamma	99.8912	ok
NZ_CP038292.1	NZ_CP062769.1	99.9580	99.9626	0.9572	0.9679	0.00418	52	0.9929	374	0.070	0.9977	99.8884	99.9808	0.0124	0.34	AlfI:99.96,AloI:99.95,BcgI:99.97,FalI:99.96	7906	52	6939	933	134.55769230769232	ok	99.9580	gamma	99.9137	ok
NZ_CP038292.1	NZ_CP062771.1	99.9581	99.9628	0.9669	0.9765	0.00416	57	0.9923	499	0.070	0.9977	99.8843	99.9820	0.0186	1.35	AlfI:99.95,AloI:99.95,BcgI:99.97,FalI:99.96	8056	57	6978	933	124.87719298245614	ok	99.9581	gamma	99.9100	ok
NZ_CP038292.1	NZ_CP062774.1	99.9561	99.9614	0.9670	0.9698	0.00424	62	0.9916	511	0.070	0.9977	99.8749	99.9826	0.0197	0.84	AlfI:99.96,AloI:99.95,BcgI:99.97,FalI:99.96	8080	62	6981	933	115.03225806451613	ok	99.9561	gamma	99.9017	ok
NZ_CP038300.1	NZ_CP038302.1	99.9863	99.9863	0.9805	0.9694	0.00250	60	0.9921	619	inf	0.9992	99.9559	99.9938	0.0130	0.33	AlfI:99.99,AloI:99.97,BcgI:99.99,FalI:99.99	8304	60	7093	1558	122.61666666666666	ok	99.9863	uniform	99.9711	ok
NZ_CP038300.1	NZ_CP038309.1	99.9822	99.9822	0.9783	0.9745	0.00285	52	0.9931	483	inf	0.9989	99.9466	99.9909	0.0158	2.88	AlfI:99.98,AloI:99.99,BcgI:99.98,FalI:100.00	8214	52	7086	1536	138.51923076923077	ok	99.9822	uniform	99.9635	ok
NZ_CP038300.1	NZ_CP038319.1	99.9552	99.9599	0.9551	0.9840	0.00432	68	0.9908	485	0.070	0.9976	99.8912	99.9768	0.0234	1.77	AlfI:99.95,AloI:99.96,BcgI:99.97,FalI:99.96	8068	68	6968	935	105.04411764705883	ok	99.9552	gamma	99.9162	ok
NZ_CP038300.1	NZ_CP038333.1	99.9755	99.9766	0.9753	0.9760	0.00327	55	0.9927	504	0.070	0.9986	99.9465	99.9840	0.0182	2.28	AlfI:99.97,AloI:99.99,BcgI:99.97,FalI:99.99	8190	55	7071	1558	131.8	ok	99.9755	gamma	99.9634	ok
NZ_CP038300.1	NZ_CP038339.1	99.9459	99.9526	0.9603	0.9634	0.00469	59	0.9919	384	0.070	0.9971	99.8751	99.9716	0.0203	1.36	AlfI:99.94,AloI:99.94,BcgI:99.96,FalI:99.95	7953	59	6994	934	119.59322033898304	ok	99.9459	gamma	99.9019	ok
NZ_CP038300.1	NZ_CP038342.1	99.9315	99.9433	0.9636	0.9754	0.00513	64	0.9913	441	0.070	0.9966	99.8258	99.9722	0.0101	0.06	AlfI:99.94,AloI:99.95,BcgI:99.94,FalI:99.94	8142	64	7009	986	110.90625	ok	99.9315	gamma	99.8577	ok
NZ_CP038300.1	NZ_CP038344.1	99.9304	99.9412	0.9547	0.9762	0.00524	55	0.9924	341	0.070	0.9964	99.8439	99.9651	0.0719	8.31	AlfI:99.90,AloI:99.97,BcgI:99.96,FalI:99.97	7859	55	6971	929	126.98181818181818	ok	99.9304	gamma	99.8740	ok
NZ_CP038300.1	NZ_CP038346.1	99.9610	99.9651	0.9756	0.9657	0.00400	63	0.9916	584	0.070	0.9979	99.8904	99.9834	0.0168	1.23	AlfI:99.96,AloI:99.96,BcgI:99.97,FalI:99.97	8185	63	7068	935	115.38095238095238	ok	99.9610	gamma	99.9153	ok
NZ_CP038300.1	NZ_CP038349.1	99.9339	99.9447	0.9517	0.9693	0.00509	56	0.9923	366	0.070	0.9966	99.8362	99.9714	0.0134	0.23	AlfI:99.94,AloI:99.95,BcgI:99.94,FalI:99.95	7961	56	6947	1249	124.58928571428571	ok	99.9339	gamma	99.8672	ok
NZ_CP038300.1	NZ_CP038351.1	99.9505	99.9568	0.9632	0.9703	0.00447	67	0.9910	562	0.070	0.9974	99.8659	99.9792	0.0169	0.86	AlfI:99.95,AloI:99.95,BcgI:99.96,FalI:99.95	8258	67	7007	1484	107.43283582089552	ok	99.9505	gamma	99.8937	ok
NZ_CP038300.1	NZ_CP038353.1	99.9454	99.9518	0.9637	0.9741	0.00472	67	0.9909	481	0.070	0.9971	99.8801	99.9694	0.0155	0.43	AlfI:99.95,AloI:99.96,BcgI:99.96,FalI:99.95	8069	67	7014	935	106.6268656716418	ok	99.9454	gamma	99.9063	ok
NZ_CP038300.1	NZ_CP038355.1	99.9786	99.9795	0.9838	0.9902	0.00305	55	0.9927	506	0.070	0.9988	99.9491	99.9870	0.0169	1.33	AlfI:99.98,AloI:99.97,BcgI:99.98,FalI:99.99	8225	55	7113	1556	132.70909090909092	ok	99.9786	gamma	99.9655	ok
NZ_CP038300.1	NZ_CP038357.1	99.9325	99.9432	0.9618	0.9677	0.00514	68	0.9907	489	0.070	0.9965	99.8396	99.9687	0.0180	0.34	AlfI:99.94,AloI:99.93,BcgI:99.95,FalI:99.93	8146	68	6991	1478	104.45588235294117	ok	99.9325	gamma	99.8701	ok
NZ_CP038300.1	NZ_CP038360.1	99.9375	99.9454	0.9550	0.9638	0.00505	62	0.9915	390	0.070	0.9967	99.8745	99.9628	0.0248	0.98	AlfI:99.94,AloI:99.93,BcgI:99.95,FalI:99.93	7926	62	6963	934	113.37096774193549	ok	99.9375	gamma	99.9014	ok
NZ_CP038300.1	NZ_CP038366.1	99.9452	99.9515	0.9687	0.9698	0.00473	52	0.9930	406	0.070	0.9971	99.8829	99.9684	0.0389	2.87	AlfI:99.94,AloI:99.98,BcgI:99.95,FalI:99.97	8005	52	7036	935	136.55769230769232	ok	99.9452	gamma	99.9087	ok
NZ_CP038300.1	NZ_CP038372.1	99.9206	99.9362	0.9640	0.9724	0.00545	70	0.9906	591	0.070	0.9961	99.8023	99.9693	0.0085	0.14	AlfI:99.94,AloI:99.94,BcgI:99.93,FalI:99.93	8333	70	7011	1476	102.87142857142857	ok	99.9206	gamma	99.8363	ok
NZ_CP038300.1	NZ_CP038402.1	99.9768	99.9780	0.9749	0.9781	0.00317	60	0.9920	490	0.070	0.9987	99.9395	99.9875	0.0286	1.15	AlfI:99.98,AloI:100.00,BcgI:99.97,FalI:99.97	8120	60	7075	1439	120.18333333333334	ok	99.9768	gamma	99.9576	ok
NZ_CP038300.1	NZ_CP038414.1	99.9632	99.9632	0.9742	0.9799	0.00411	61	0.9919	575	inf	0.9978	99.8856	99.9822	0.0252	2.62	AlfI:99.95,AloI:99.95,BcgI:99.97,FalI:99.97	8194	61	7061	1543	118.98360655737704	ok	99.9632	uniform	99.9111	ok
NZ_CP038300.1	NZ_CP038416.1	99.9442	99.9512	0.9608	0.9613	0.00476	60	0.9918	404	0.070	0.9970	99.8728	99.9705	0.0184	1.18	AlfI:99.94,AloI:99.94,BcgI:99.96,FalI:99.94	7944	60	6996	935	117.73333333333333	ok	99.9442	gamma	99.8998	ok
NZ_CP038300.1	NZ_CP039834.1	99.9436	99.9511	0.9737	0.9867	0.00474	59	0.9921	486	0.070	0.9970	99.8645	99.9724	0.0128	0.23	AlfI:99.95,AloI:99.96,BcgI:99.95,FalI:99.96	8129	59	7056	1546	121.91525423728814	ok	99.9436	gamma	99.8923	ok
NZ_CP038300.1	NZ_CP062778.1	99.9650	99.9679	0.9773	0.9858	0.00383	65	0.9913	526	0.070	0.9981	99.9093	99.9823	0.0181	1.50	AlfI:99.97,AloI:99.98,BcgI:99.96,FalI:99.98	8170	65	7084	1557	111.72307692307692	ok	99.9650	gamma	99.9318	ok
NZ_CP038300.1	NZ_CP062700.1	99.9640	99.9670	0.9778	0.9900	0.00388	55	0.9926	446	0.070	0.9980	99.9093	99.9812	0.0170	1.07	AlfI:99.97,AloI:99.98,BcgI:99.96,FalI:99.98	8100	55	7084	1557	130.98181818181817	ok	99.9640	gamma	99.9318	ok
NZ_CP038300.1	NZ_CP062702.1	99.9504	99.9562	0.9579	0.9685	0.00452	60	0.9918	471	0.070	0.9973	99.8817	99.9744	0.0383	1.76	AlfI:99.96,AloI:99.98,BcgI:99.96,FalI:99.94	7968	60	6965	1270	117.98333333333333	ok	99.9504	gamma	99.9078	ok
NZ_CP038300.1	NZ_CP062705.1	99.9515	99.9578	0.9640	0.9694	0.00443	69	0.9907	578	0.070	0.9974	99.8682	99.9798	0.0247	2.12	AlfI:99.94,AloI:99.95,BcgI:99.97,FalI:99.95	8137	69	7007	933	104.3623188405797	ok	99.9515	gamma	99.8958	ok
NZ_CP038300.1	NZ_CP062708.1	99.9534	99.9592	0.9635	0.9689	0.00435	69	0.9907	578	0.070	0.9975	99.8729	99.9803	0.0276	2.79	AlfI:99.94,AloI:99.95,BcgI:99.97,FalI:99.95	8137	69	7004	933	104.34782608695652	ok	99.9534	gamma	99.8999	ok
NZ_CP038300.1	NZ_CP062711.1	99.9534	99.9592	0.9635	0.9751	0.00435	69	0.9907	578	0.070	0.9975	99.8729	99.9803	0.0276	2.79	AlfI:99.94,AloI:99.95,BcgI:99.97,FalI:99.95	8137	69	7004	933	104.34782608695652	ok	99.9534	gamma	99.8999	ok
NZ_CP038300.1	NZ_CP062713.1	99.9520	99.9582	0.9640	0.9758	0.00440	69	0.9907	578	0.070	0.9975	99.8682	99.9804	0.0257	2.33	AlfI:99.94,AloI:99.95,BcgI:99.97,FalI:99.95	8137	69	7007	933	104.3623188405797	ok	99.9520	gamma	99.8958	ok
NZ_CP038300.1	NZ_CP062715.1	99.9567	99.9618	0.9611	0.9761	0.00421	73	0.9901	599	0.070	0.9977	99.8772	99.9826	0.0231	1.43	AlfI:99.95,AloI:99.97,BcgI:99.97,FalI:99.96	8135	73	6982	934	98.61643835616438	ok	99.9567	gamma	99.9038	ok
NZ_CP038300.1	NZ_CP062717.1	99.9606	99.9648	0.9640	0.9758	0.00404	72	0.9903	595	0.070	0.9979	99.8894	99.9833	0.0213	1.79	AlfI:99.95,AloI:99.97,BcgI:99.97,FalI:99.96	8167	72	7005	934	100.30555555555556	ok	99.9606	gamma	99.9145	ok
NZ_CP038300.1	NZ_CP062719.1	99.9562	99.9615	0.9640	0.9665	0.00423	64	0.9913	544	0.070	0.9977	99.8753	99.9827	0.0282	2.87	AlfI:99.95,AloI:99.96,BcgI:99.97,FalI:99.96	8131	64	7005	934	111.984375	ok	99.9562	gamma	99.9020	ok
NZ_CP038300.1	NZ_CP062721.1	99.9538	99.9596	0.9644	0.9670	0.00433	64	0.9913	544	0.070	0.9975	99.8706	99.9815	0.0262	2.69	AlfI:99.95,AloI:99.96,BcgI:99.97,FalI:99.95	8131	64	7008	934	112	ok	99.9538	gamma	99.8979	ok
NZ_CP038300.1	NZ_CP062723.1	99.9581	99.9629	0.9645	0.9763	0.00415	71	0.9904	591	0.070	0.9977	99.8800	99.9833	0.0184	1.38	AlfI:99.95,AloI:99.97,BcgI:99.97,FalI:99.96	8166	71	7008	933	101.64788732394366	ok	99.9581	gamma	99.9063	ok
NZ_CP038300.1	NZ_CP062725.1	99.9557	99.9611	0.9670	0.9769	0.00424	67	0.9910	580	0.070	0.9976	99.8755	99.9821	0.0179	1.19	AlfI:99.95,AloI:99.96,BcgI:99.97,FalI:99.96	8203	67	7016	933	107.61194029850746	ok	99.9557	gamma	99.9022	ok
NZ_CP038300.1	NZ_CP062727.1	99.9630	99.9666	0.9641	0.9764	0.00393	69	0.9907	598	0.070	0.9980	99.8965	99.9838	0.0192	1.74	AlfI:99.96,AloI:99.96,BcgI:99.98,FalI:99.96	8155	69	7005	934	104.6376811594203	ok	99.9630	gamma	99.9207	ok
NZ_CP038300.1	NZ_CP062729.1	99.9596	99.9643	0.9641	0.9763	0.00407	70	0.9906	589	0.070	0.9978	99.8800	99.9850	0.0251	2.37	AlfI:99.95,AloI:99.97,BcgI:99.97,FalI:99.96	8168	70	7005	934	103.05714285714286	ok	99.9596	gamma	99.9062	ok
NZ_CP038300.1	NZ_CP062780.1	99.9593	99.9638	0.9640	0.9757	0.00409	70	0.9906	587	0.070	0.9978	99.8847	99.9833	0.0194	1.43	AlfI:99.95,AloI:99.97,BcgI:99.97,FalI:99.96	8169	70	7007	934	103.05714285714286	ok	99.9593	gamma	99.9104	ok
NZ_CP038300.1	NZ_CP062731.1	99.9606	99.9648	0.9635	0.9752	0.00404	70	0.9906	587	0.070	0.9979	99.8894	99.9833	0.0213	1.79	AlfI:99.95,AloI:99.97,BcgI:99.97,FalI:99.96	8169	70	7004	934	103.04285714285714	ok	99.9606	gamma	99.9145	ok
NZ_CP038300.1	NZ_CP062733.1	99.9599	99.9643	0.9636	0.9746	0.00407	70	0.9906	588	0.070	0.9978	99.8871	99.9833	0.0237	2.23	AlfI:99.95,AloI:99.96,BcgI:99.97,FalI:99.96	8170	70	7004	934	103.02857142857142	ok	99.9599	gamma	99.9124	ok
NZ_CP038300.1	NZ_CP062739.1	99.9593	99.9638	0.9641	0.9755	0.00409	78	0.9898	1024	0.070	0.9978	99.8847	99.9833	0.0194	1.43	AlfI:99.95,AloI:99.97,BcgI:99.97,FalI:99.96	8436	78	7007	934	95.75641025641026	ok	99.9593	gamma	99.9104	ok
NZ_CP038300.1	NZ_CP062736.1	99.9606	99.9648	0.9635	0.9746	0.00404	70	0.9906	587	0.070	0.9979	99.8894	99.9833	0.0213	1.79	AlfI:99.95,AloI:99.97,BcgI:99.97,FalI:99.96	8169	70	7004	934	103.04285714285714	ok	99.9606	gamma	99.9145	ok
NZ_CP038300.1	NZ_CP062742.1	99.9635	99.9671	0.9641	0.9761	0.00390	69	0.9907	592	0.070	0.9980	99.8965	99.9844	0.0192	1.66	AlfI:99.96,AloI:99.97,BcgI:99.98,FalI:99.96	8169	69	7005	934	104.56521739130434	ok	99.9635	gamma	99.9207	ok
NZ_CP038300.1	NZ_CP062744.1	99.9583	99.9634	0.9640	0.9757	0.00412	71	0.9904	596	0.070	0.9978	99.8753	99.9850	0.0231	1.96	AlfI:99.95,AloI:99.97,BcgI:99.97,FalI:99.96	8170	71	7007	934	101.64788732394366	ok	99.9583	gamma	99.9021	ok
NZ_CP038300.1	NZ_CP062746.1	99.9583	99.9634	0.9645	0.9757	0.00412	71	0.9904	596	0.070	0.9978	99.8753	99.9850	0.0231	1.96	AlfI:99.95,AloI:99.97,BcgI:99.97,FalI:99.96	8169	71	7008	934	101.66197183098592	ok	99.9583	gamma	99.9021	ok
NZ_CP038300.1	NZ_CP062749.1	99.9571	99.9620	0.9645	0.9762	0.00420	64	0.9913	526	0.070	0.9977	99.8824	99.9815	0.0211	1.60	AlfI:99.95,AloI:99.96,BcgI:99.97,FalI:99.96	8078	64	7008	934	111.78125	ok	99.9571	gamma	99.9083	ok
NZ_CP038300.1	NZ_CP062752.1	99.9594	99.9638	0.9637	0.9749	0.00409	71	0.9904	588	0.070	0.9978	99.8871	99.9827	0.0194	1.43	AlfI:99.95,AloI:99.97,BcgI:99.97,FalI:99.96	8167	71	7005	934	101.59154929577464	ok	99.9594	gamma	99.9125	ok
NZ_CP038300.1	NZ_CP062755.1	99.9577	99.9625	0.9645	0.9760	0.00417	65	0.9912	566	0.070	0.9977	99.8848	99.9815	0.0198	1.44	AlfI:99.95,AloI:99.96,BcgI:99.97,FalI:99.96	8150	65	7008	934	110.73846153846154	ok	99.9577	gamma	99.9104	ok
NZ_CP038300.1	NZ_CP062761.1	99.9622	99.9660	0.9598	0.9739	0.00398	71	0.9904	604	0.070	0.9979	99.8937	99.9838	0.0196	1.63	AlfI:99.96,AloI:99.97,BcgI:99.97,FalI:99.96	8146	71	6973	934	101.35211267605634	ok	99.9622	gamma	99.9183	ok
NZ_CP038300.1	NZ_CP062758.1	99.9566	99.9619	0.9639	0.9752	0.00420	69	0.9907	585	0.070	0.9977	99.8729	99.9838	0.0212	1.60	AlfI:99.95,AloI:99.96,BcgI:99.97,FalI:99.96	8161	69	7005	934	104.4927536231884	ok	99.9566	gamma	99.8999	ok
NZ_CP038300.1	NZ_CP062763.1	99.9572	99.9618	0.9609	0.9725	0.00421	70	0.9905	586	0.070	0.9977	99.8867	99.9803	0.0152	0.94	AlfI:99.95,AloI:99.95,BcgI:99.97,FalI:99.96	8154	70	6981	934	102.68571428571428	ok	99.9572	gamma	99.9122	ok
NZ_CP038300.1	NZ_CP062766.1	99.9604	99.9648	0.9641	0.9760	0.00404	67	0.9910	579	0.070	0.9979	99.8847	99.9844	0.0213	1.79	AlfI:99.95,AloI:99.97,BcgI:99.97,FalI:99.96	8188	67	7005	934	107.50746268656717	ok	99.9604	gamma	99.9104	ok
NZ_CP038300.1	NZ_CP062782.1	99.9501	99.9574	0.9681	0.9706	0.00444	61	0.9918	531	0.070	0.9974	99.8520	99.9833	0.0257	2.36	AlfI:99.94,AloI:99.96,BcgI:99.97,FalI:99.94	8153	61	7021	934	117.47540983606558	ok	99.9501	gamma	99.8813	ok
NZ_CP038300.1	NZ_CP062769.1	99.9581	99.9627	0.9540	0.9679	0.00417	60	0.9918	441	0.070	0.9977	99.8864	99.9814	0.0155	0.95	AlfI:99.96,AloI:99.95,BcgI:99.97,FalI:99.96	7981	60	6966	934	117.73333333333333	ok	99.9581	gamma	99.9120	ok
NZ_CP038300.1	NZ_CP062771.1	99.9607	99.9648	0.9641	0.9759	0.00404	66	0.9911	571	0.070	0.9979	99.8918	99.9827	0.0199	1.66	AlfI:99.95,AloI:99.96,BcgI:99.97,FalI:99.96	8134	66	7005	934	108.96969696969697	ok	99.9607	gamma	99.9166	ok
NZ_CP038300.1	NZ_CP062774.1	99.9549	99.9606	0.9642	0.9692	0.00428	71	0.9904	589	0.070	0.9976	99.8706	99.9827	0.0218	1.57	AlfI:99.95,AloI:99.95,BcgI:99.97,FalI:99.96	8164	71	7008	934	101.53521126760563	ok	99.9549	gamma	99.8979	ok
NZ_CP038302.1	NZ_CP038309.1	99.9697	99.9719	0.9673	0.9865	0.00357	58	0.9924	517	0.070	0.9983	99.9216	99.9842	0.0324	1.66	AlfI:99.97,AloI:99.96,BcgI:99.98,FalI:99.95	8287	58	7147	930	125.17241379310344	ok	99.9697	gamma	99.9424	ok
NZ_CP038302.1	NZ_CP038319.1	99.9490	99.9548	0.9332	0.9828	0.00458	70	0.9905	471	0.070	0.9973	99.8843	99.9722	0.0235	1.92	AlfI:99.94,AloI:99.95,BcgI:99.97,FalI:99.94	8074	70	6978	930	101.9	ok	99.9490	gamma	99.9100	ok
NZ_CP038302.1	NZ_CP038333.1	99.9683	99.9703	0.9580	0.9748	0.00368	60	0.9920	493	0.070	0.9982	99.9304	99.9801	0.0169	0.36	AlfI:99.97,AloI:99.96,BcgI:99.97,FalI:99.98	8216	60	7103	930	121	ok	99.9683	gamma	99.9499	ok
NZ_CP038302.1	NZ_CP038339.1	99.9484	99.9544	0.9350	0.9624	0.00460	61	0.9916	373	0.070	0.9972	99.8820	99.9722	0.0426	4.64	AlfI:99.94,AloI:99.93,BcgI:99.97,FalI:99.93	7945	61	6983	930	115.34426229508196	ok	99.9484	gamma	99.9080	ok
NZ_CP038302.1	NZ_CP038342.1	99.9241	99.9379	0.9450	0.9736	0.00536	67	0.9908	430	0.070	0.9962	99.8172	99.9677	0.0266	0.90	AlfI:99.94,AloI:99.92,BcgI:99.94,FalI:99.92	8166	67	7038	930	106.01492537313433	ok	99.9241	gamma	99.8498	ok
NZ_CP038302.1	NZ_CP038344.1	99.9259	99.9375	0.9310	0.9739	0.00540	63	0.9913	365	0.070	0.9962	99.8440	99.9605	0.0588	6.61	AlfI:99.90,AloI:99.94,BcgI:99.96,FalI:99.96	7867	63	6976	929	111.01587301587301	ok	99.9259	gamma	99.8741	ok
NZ_CP038302.1	NZ_CP038346.1	99.9547	99.9600	0.9515	0.9624	0.00428	66	0.9912	565	0.070	0.9976	99.8788	99.9800	0.0320	1.36	AlfI:99.95,AloI:99.94,BcgI:99.97,FalI:99.96	8184	66	7073	930	109.8030303030303	ok	99.9547	gamma	99.9051	ok
NZ_CP038302.1	NZ_CP038349.1	99.9306	99.9420	0.9326	0.9742	0.00520	59	0.9918	358	0.070	0.9965	99.8367	99.9680	0.0251	0.52	AlfI:99.94,AloI:99.92,BcgI:99.95,FalI:99.93	7987	59	6969	930	118.40677966101696	ok	99.9306	gamma	99.8676	ok
NZ_CP038302.1	NZ_CP038351.1	99.9469	99.9538	0.9437	0.9715	0.00462	73	0.9902	558	0.070	0.9972	99.8664	99.9753	0.0336	1.52	AlfI:99.95,AloI:99.93,BcgI:99.96,FalI:99.93	8288	73	7036	930	98.86301369863014	ok	99.9469	gamma	99.8941	ok
NZ_CP038302.1	NZ_CP038353.1	99.9465	99.9526	0.9370	0.9727	0.00469	70	0.9904	471	0.070	0.9971	99.8846	99.9694	0.0299	1.99	AlfI:99.94,AloI:99.95,BcgI:99.96,FalI:99.93	8056	70	6996	929	101.64285714285714	ok	99.9465	gamma	99.9103	ok
NZ_CP038302.1	NZ_CP038355.1	99.9756	99.9767	0.9564	0.9886	0.00325	61	0.9919	513	0.070	0.9986	99.9490	99.9835	0.0236	0.62	AlfI:99.98,AloI:99.96,BcgI:99.98,FalI:99.98	8209	61	7100	930	119.36065573770492	ok	99.9756	gamma	99.9655	ok
NZ_CP038302.1	NZ_CP038357.1	99.9248	99.9382	0.9429	0.9656	0.00535	71	0.9903	493	0.070	0.9962	99.8214	99.9670	0.0336	0.81	AlfI:99.94,AloI:99.91,BcgI:99.94,FalI:99.93	8178	71	7019	930	100.29577464788733	ok	99.9248	gamma	99.8536	ok
NZ_CP038302.1	NZ_CP038360.1	99.9374	99.9453	0.9291	0.9628	0.00506	64	0.9911	379	0.070	0.9967	99.8743	99.9627	0.0519	3.50	AlfI:99.94,AloI:99.91,BcgI:99.96,FalI:99.92	7913	64	6951	929	109.390625	ok	99.9374	gamma	99.9013	ok
NZ_CP038302.1	NZ_CP038366.1	99.9453	99.9515	0.9453	0.9720	0.00473	59	0.9921	412	0.070	0.9971	99.8853	99.9678	0.0258	1.48	AlfI:99.94,AloI:99.96,BcgI:99.96,FalI:99.94	8011	59	7042	930	120.45762711864407	ok	99.9453	gamma	99.9109	ok
NZ_CP038302.1	NZ_CP038372.1	99.9168	99.9335	0.9389	0.9701	0.00556	77	0.9896	585	0.070	0.9960	99.8000	99.9664	0.0321	0.85	AlfI:99.94,AloI:99.91,BcgI:99.94,FalI:99.92	8326	77	7013	930	93.31168831168831	ok	99.9168	gamma	99.8342	ok
NZ_CP038302.1	NZ_CP038402.1	99.9791	99.9791	0.9593	0.9858	0.00309	63	0.9916	502	inf	0.9987	99.9329	99.9904	0.0064	0.12	AlfI:99.98,AloI:99.97,BcgI:99.98,FalI:99.98	8177	63	7119	964	115.19047619047619	ok	99.9791	uniform	99.9520	ok
NZ_CP038302.1	NZ_CP038414.1	99.9535	99.9591	0.9505	0.9786	0.00434	64	0.9915	580	0.070	0.9975	99.8764	99.9794	0.0257	1.51	AlfI:99.95,AloI:99.94,BcgI:99.97,FalI:99.96	8210	64	7068	929	113.375	ok	99.9535	gamma	99.9029	ok
NZ_CP038302.1	NZ_CP038416.1	99.9470	99.9535	0.9355	0.9594	0.00465	62	0.9915	391	0.070	0.9972	99.8773	99.9722	0.0417	4.57	AlfI:99.94,AloI:99.93,BcgI:99.97,FalI:99.93	7932	62	6985	930	113.58064516129032	ok	99.9470	gamma	99.9039	ok
NZ_CP038302.1	NZ_CP039834.1	99.9461	99.9529	0.9483	0.9847	0.00466	63	0.9915	485	0.070	0.9971	99.8713	99.9730	0.0153	0.36	AlfI:99.95,AloI:99.94,BcgI:99.96,FalI:99.95	8116	63	7047	930	113.92063492063492	ok	99.9461	gamma	99.8985	ok
NZ_CP038302.1	NZ_CP062778.1	99.9683	99.9708	0.9578	0.9829	0.00365	70	0.9906	523	0.070	0.9982	99.9164	99.9841	0.0171	0.55	AlfI:99.97,AloI:99.96,BcgI:99.97,FalI:99.98	8186	70	7097	899	103.82857142857142	ok	99.9683	gamma	99.9379	ok
NZ_CP038302.1	NZ_CP062700.1	99.9673	99.9698	0.9582	0.9874	0.00371	60	0.9920	452	0.070	0.9982	99.9164	99.9829	0.0128	0.32	AlfI:99.97,AloI:99.96,BcgI:99.97,FalI:99.97	8116	60	7097	899	120.18333333333334	ok	99.9673	gamma	99.9379	ok
NZ_CP038302.1	NZ_CP062702.1	99.9499	99.9565	0.9322	0.9687	0.00451	60	0.9918	433	0.070	0.9974	99.8648	99.9790	0.0124	0.31	AlfI:99.95,AloI:99.95,BcgI:99.96,FalI:99.96	7938	60	6950	930	117.26666666666667	ok	99.9499	gamma	99.8928	ok
NZ_CP038302.1	NZ_CP062705.1	99.9402	99.9491	0.9433	0.9724	0.00486	75	0.9900	566	0.070	0.9969	99.8522	99.9729	0.0561	3.93	AlfI:99.94,AloI:99.93,BcgI:99.97,FalI:99.91	8147	75	7029	917	95.96	ok	99.9402	gamma	99.8814	ok
NZ_CP038302.1	NZ_CP062708.1	99.9435	99.9514	0.9428	0.9719	0.00474	75	0.9900	566	0.070	0.9970	99.8616	99.9735	0.0588	4.41	AlfI:99.95,AloI:99.93,BcgI:99.97,FalI:99.91	8149	75	7026	917	95.97333333333333	ok	99.9435	gamma	99.8898	ok
NZ_CP038302.1	NZ_CP062711.1	99.9494	99.9559	0.9385	0.9734	0.00452	73	0.9901	566	0.070	0.9973	99.8706	99.9769	0.0356	3.14	AlfI:99.95,AloI:99.94,BcgI:99.97,FalI:99.93	8130	73	7005	917	98.36986301369863	ok	99.9494	gamma	99.8978	ok
NZ_CP038302.1	NZ_CP062713.1	99.9481	99.9550	0.9390	0.9741	0.00457	73	0.9901	566	0.070	0.9973	99.8659	99.9769	0.0337	2.66	AlfI:99.95,AloI:99.94,BcgI:99.97,FalI:99.93	8130	73	7008	917	98.38356164383562	ok	99.9481	gamma	99.8937	ok
NZ_CP038302.1	NZ_CP062715.1	99.9462	99.9536	0.9441	0.9744	0.00464	75	0.9898	573	0.070	0.9972	99.8613	99.9763	0.0182	0.90	AlfI:99.95,AloI:99.95,BcgI:99.96,FalI:99.94	8152	75	7013	917	95.85333333333334	ok	99.9462	gamma	99.8896	ok
NZ_CP038302.1	NZ_CP062717.1	99.9530	99.9584	0.9452	0.9741	0.00438	74	0.9900	570	0.070	0.9975	99.8828	99.9770	0.0248	1.63	AlfI:99.95,AloI:99.95,BcgI:99.97,FalI:99.94	8185	74	7031	917	97.45945945945945	ok	99.9530	gamma	99.9086	ok
NZ_CP038302.1	NZ_CP062719.1	99.9483	99.9552	0.9455	0.9715	0.00455	71	0.9904	546	0.070	0.9973	99.8664	99.9770	0.0392	2.74	AlfI:99.95,AloI:99.93,BcgI:99.97,FalI:99.94	8156	71	7033	917	101.1830985915493	ok	99.9483	gamma	99.8941	ok
NZ_CP038302.1	NZ_CP062721.1	99.9458	99.9533	0.9459	0.9718	0.00464	71	0.9904	546	0.070	0.9972	99.8617	99.9758	0.0372	2.69	AlfI:99.95,AloI:99.93,BcgI:99.97,FalI:99.93	8156	71	7036	917	101.19718309859155	ok	99.9458	gamma	99.8899	ok
NZ_CP038302.1	NZ_CP062723.1	99.9542	99.9597	0.9415	0.9751	0.00432	74	0.9900	573	0.070	0.9976	99.8778	99.9798	0.0302	1.64	AlfI:99.95,AloI:99.95,BcgI:99.97,FalI:99.94	8167	74	7016	917	97.28378378378379	ok	99.9542	gamma	99.9043	ok
NZ_CP038302.1	NZ_CP062725.1	99.9465	99.9538	0.9484	0.9752	0.00462	75	0.9899	581	0.070	0.9972	99.8619	99.9764	0.0212	0.80	AlfI:99.95,AloI:99.94,BcgI:99.96,FalI:99.94	8231	75	7044	917	96.34666666666666	ok	99.9465	gamma	99.8901	ok
NZ_CP038302.1	NZ_CP062727.1	99.9592	99.9634	0.9391	0.9747	0.00412	72	0.9903	577	0.070	0.9978	99.8942	99.9804	0.0307	2.21	AlfI:99.96,AloI:99.95,BcgI:99.97,FalI:99.94	8144	72	7006	917	99.90277777777777	ok	99.9592	gamma	99.9187	ok
NZ_CP038302.1	NZ_CP062729.1	99.9558	99.9611	0.9411	0.9751	0.00425	73	0.9901	571	0.070	0.9976	99.8778	99.9815	0.0297	2.52	AlfI:99.95,AloI:99.95,BcgI:99.97,FalI:99.94	8169	73	7013	917	98.57534246575342	ok	99.9558	gamma	99.9042	ok
NZ_CP038302.1	NZ_CP062780.1	99.9550	99.9602	0.9408	0.9742	0.00429	73	0.9901	569	0.070	0.9976	99.8825	99.9792	0.0258	1.44	AlfI:99.95,AloI:99.95,BcgI:99.97,FalI:99.94	8169	73	7015	917	98.57534246575342	ok	99.9550	gamma	99.9084	ok
NZ_CP038302.1	NZ_CP062731.1	99.9563	99.9611	0.9403	0.9737	0.00424	73	0.9901	569	0.070	0.9976	99.8872	99.9792	0.0277	1.80	AlfI:99.95,AloI:99.95,BcgI:99.97,FalI:99.94	8169	73	7012	917	98.56164383561644	ok	99.9563	gamma	99.9125	ok
NZ_CP038302.1	NZ_CP062733.1	99.9556	99.9606	0.9403	0.9731	0.00427	73	0.9901	571	0.070	0.9976	99.8848	99.9792	0.0287	2.29	AlfI:99.95,AloI:99.95,BcgI:99.97,FalI:99.94	8170	73	7012	917	98.54794520547945	ok	99.9556	gamma	99.9105	ok
NZ_CP038302.1	NZ_CP062739.1	99.9550	99.9602	0.9408	0.9740	0.00429	81	0.9894	1007	0.070	0.9976	99.8825	99.9792	0.0258	1.44	AlfI:99.95,AloI:99.95,BcgI:99.97,FalI:99.94	8430	81	7015	917	92	ok	99.9550	gamma	99.9084	ok
NZ_CP038302.1	NZ_CP062736.1	99.9563	99.9611	0.9403	0.9731	0.00424	73	0.9901	569	0.070	0.9976	99.8872	99.9792	0.0277	1.80	AlfI:99.95,AloI:99.95,BcgI:99.97,FalI:99.94	8169	73	7012	917	98.56164383561644	ok	99.9563	gamma	99.9125	ok
NZ_CP038302.1	NZ_CP062742.1	99.9578	99.9624	0.9391	0.9744	0.00417	72	0.9903	573	0.070	0.9977	99.8871	99.9809	0.0287	1.75	AlfI:99.96,AloI:99.95,BcgI:99.97,FalI:99.94	8164	72	7006	917	99.875	ok	99.9578	gamma	99.9125	ok
NZ_CP038302.1	NZ_CP062744.1	99.9539	99.9597	0.9408	0.9742	0.00432	74	0.9900	578	0.070	0.9976	99.8731	99.9810	0.0268	1.87	AlfI:99.95,AloI:99.95,BcgI:99.97,FalI:99.94	8170	74	7015	917	97.28378378378379	ok	99.9539	gamma	99.9001	ok
NZ_CP038302.1	NZ_CP062746.1	99.9544	99.9601	0.9395	0.9740	0.00430	74	0.9900	578	0.070	0.9976	99.8730	99.9815	0.0278	2.07	AlfI:99.95,AloI:99.95,BcgI:99.97,FalI:99.94	8165	74	7009	917	97.20270270270271	ok	99.9544	gamma	99.9000	ok
NZ_CP038302.1	NZ_CP062749.1	99.9532	99.9587	0.9394	0.9744	0.00437	70	0.9905	527	0.070	0.9975	99.8801	99.9781	0.0258	1.80	AlfI:99.95,AloI:99.95,BcgI:99.97,FalI:99.94	8079	70	7009	917	102.11428571428571	ok	99.9532	gamma	99.9063	ok
NZ_CP038302.1	NZ_CP062752.1	99.9556	99.9606	0.9384	0.9732	0.00427	74	0.9900	570	0.070	0.9976	99.8847	99.9792	0.0268	1.61	AlfI:99.95,AloI:99.95,BcgI:99.97,FalI:99.94	8163	74	7004	901	97.13513513513513	ok	99.9556	gamma	99.9104	ok
NZ_CP038302.1	NZ_CP062755.1	99.9539	99.9592	0.9395	0.9743	0.00435	69	0.9907	553	0.070	0.9975	99.8824	99.9781	0.0258	1.68	AlfI:99.95,AloI:99.95,BcgI:99.97,FalI:99.94	8141	69	7009	917	104.01449275362319	ok	99.9539	gamma	99.9083	ok
NZ_CP038302.1	NZ_CP062761.1	99.9505	99.9564	0.9414	0.9722	0.00450	75	0.9899	588	0.070	0.9973	99.8799	99.9751	0.0301	1.48	AlfI:99.95,AloI:99.94,BcgI:99.97,FalI:99.94	8167	75	7001	917	95.94666666666667	ok	99.9505	gamma	99.9062	ok
NZ_CP038302.1	NZ_CP062758.1	99.9526	99.9587	0.9389	0.9734	0.00438	72	0.9903	569	0.070	0.9975	99.8706	99.9804	0.0258	1.79	AlfI:99.95,AloI:99.95,BcgI:99.97,FalI:99.94	8158	72	7006	914	99.81944444444444	ok	99.9526	gamma	99.8979	ok
NZ_CP038302.1	NZ_CP062763.1	99.9533	99.9586	0.9359	0.9708	0.00439	73	0.9901	569	0.070	0.9975	99.8843	99.9768	0.0255	1.33	AlfI:99.96,AloI:99.94,BcgI:99.97,FalI:99.94	8149	73	6982	917	98.12328767123287	ok	99.9533	gamma	99.9101	ok
NZ_CP038302.1	NZ_CP062766.1	99.9565	99.9615	0.9391	0.9738	0.00422	74	0.9900	580	0.070	0.9977	99.8824	99.9809	0.0287	2.00	AlfI:99.95,AloI:99.95,BcgI:99.97,FalI:99.94	8189	74	7006	917	97.25675675675676	ok	99.9565	gamma	99.9083	ok
NZ_CP038302.1	NZ_CP062782.1	99.9354	99.9461	0.9559	0.9755	0.00498	73	0.9903	587	0.070	0.9967	99.8345	99.9736	0.0768	4.23	AlfI:99.94,AloI:99.94,BcgI:99.96,FalI:99.88	8244	73	7076	917	99.1917808219178	ok	99.9354	gamma	99.8654	ok
NZ_CP038302.1	NZ_CP062769.1	99.9503	99.9563	0.9355	0.9726	0.00450	65	0.9911	432	0.070	0.9973	99.8774	99.9757	0.0274	0.89	AlfI:99.96,AloI:99.93,BcgI:99.96,FalI:99.94	7998	65	6992	917	108.75384615384615	ok	99.9503	gamma	99.9039	ok
NZ_CP038302.1	NZ_CP062771.1	99.9547	99.9598	0.9453	0.9742	0.00431	73	0.9901	573	0.070	0.9976	99.8851	99.9781	0.0272	1.65	AlfI:99.96,AloI:99.94,BcgI:99.97,FalI:99.94	8158	73	7031	917	98.75342465753425	ok	99.9547	gamma	99.9107	ok
NZ_CP038302.1	NZ_CP062774.1	99.9466	99.9537	0.9433	0.9723	0.00463	76	0.9899	572	0.070	0.9972	99.8663	99.9752	0.0490	3.38	AlfI:99.95,AloI:99.92,BcgI:99.97,FalI:99.92	8182	76	7028	901	94.78947368421052	ok	99.9466	gamma	99.8940	ok
NZ_CP038309.1	NZ_CP038319.1	99.9542	99.9590	0.9392	0.9844	0.00436	52	0.9928	274	0.070	0.9975	99.8914	99.9757	0.0378	2.71	AlfI:99.94,AloI:99.98,BcgI:99.97,FalI:99.97	8002	52	6978	1034	134.1153846153846	ok	99.9542	gamma	99.9163	ok
NZ_CP038309.1	NZ_CP038333.1	99.9744	99.9755	0.9719	0.9722	0.00333	46	0.9939	332	0.070	0.9985	99.9515	99.9814	0.0305	6.26	AlfI:99.97,AloI:100.00,BcgI:99.97,FalI:100.00	8181	46	7133	1537	155.7826086956522	ok	99.9744	gamma	99.9675	ok
NZ_CP038309.1	NZ_CP038339.1	99.9568	99.9606	0.9290	0.9609	0.00429	48	0.9933	266	0.070	0.9976	99.9072	99.9737	0.0314	3.30	AlfI:99.94,AloI:99.97,BcgI:99.97,FalI:99.96	7892	48	6922	1033	144.04166666666666	ok	99.9568	gamma	99.9302	ok
NZ_CP038309.1	NZ_CP038342.1	99.9260	99.9388	0.9491	0.9665	0.00533	53	0.9927	268	0.070	0.9963	99.8262	99.9665	0.0158	0.36	AlfI:99.93,AloI:99.93,BcgI:99.94,FalI:99.93	8140	53	7025	1032	131.64150943396226	ok	99.9260	gamma	99.8580	ok
NZ_CP038309.1	NZ_CP038344.1	99.9510	99.9556	0.9289	0.9685	0.00456	44	0.9939	217	0.070	0.9973	99.9026	99.9686	0.0567	6.65	AlfI:99.93,AloI:99.96,BcgI:99.97,FalI:99.98	7811	44	6939	929	156.4318181818182	ok	99.9510	gamma	99.9262	ok
NZ_CP038309.1	NZ_CP038346.1	99.9589	99.9628	0.9547	0.9590	0.00414	58	0.9921	405	0.070	0.9977	99.9020	99.9777	0.0268	1.80	AlfI:99.95,AloI:99.96,BcgI:99.97,FalI:99.98	8098	58	7061	1034	122.70689655172414	ok	99.9589	gamma	99.9255	ok
NZ_CP038309.1	NZ_CP038349.1	99.9390	99.9472	0.9354	0.9695	0.00497	49	0.9932	236	0.070	0.9968	99.8649	99.9674	0.0162	0.55	AlfI:99.94,AloI:99.95,BcgI:99.95,FalI:99.95	7982	49	6956	1248	140.9591836734694	ok	99.9390	gamma	99.8929	ok
NZ_CP038309.1	NZ_CP038351.1	99.9492	99.9548	0.9529	0.9695	0.00456	62	0.9916	415	0.070	0.9973	99.8854	99.9719	0.0229	1.50	AlfI:99.94,AloI:99.94,BcgI:99.96,FalI:99.95	8263	62	7047	1482	114.61290322580645	ok	99.9492	gamma	99.9109	ok
NZ_CP038309.1	NZ_CP038353.1	99.9540	99.9583	0.9437	0.9720	0.00440	56	0.9923	341	0.070	0.9975	99.9035	99.9717	0.0298	1.75	AlfI:99.94,AloI:99.97,BcgI:99.97,FalI:99.96	8008	56	6999	1034	125.28571428571429	ok	99.9540	gamma	99.9269	ok
NZ_CP038309.1	NZ_CP038355.1	99.9918	99.9918	0.9649	0.9878	0.00192	43	0.9943	324	inf	0.9995	99.9792	99.9949	0.0085	0.50	AlfI:99.99,AloI:99.99,BcgI:99.99,FalI:100.00	8141	43	7109	1537	166.13953488372093	ok	99.9918	uniform	99.9891	ok
NZ_CP038309.1	NZ_CP038357.1	99.9366	99.9459	0.9415	0.9580	0.00502	53	0.9927	297	0.070	0.9967	99.8511	99.9692	0.0192	0.77	AlfI:99.94,AloI:99.93,BcgI:99.95,FalI:99.94	8143	53	6980	1476	131.35849056603774	ok	99.9366	gamma	99.8805	ok
NZ_CP038309.1	NZ_CP038360.1	99.9456	99.9511	0.9270	0.9622	0.00479	50	0.9930	276	0.070	0.9970	99.8974	99.9643	0.0315	2.60	AlfI:99.94,AloI:99.94,BcgI:99.96,FalI:99.93	7877	50	6906	1033	137.84	ok	99.9456	gamma	99.9217	ok
NZ_CP038309.1	NZ_CP038366.1	99.9646	99.9673	0.9505	0.9690	0.00388	47	0.9937	274	0.070	0.9980	99.9204	99.9788	0.0318	3.12	AlfI:99.96,AloI:99.99,BcgI:99.97,FalI:99.98	7968	47	7034	1031	149	ok	99.9646	gamma	99.9414	ok
NZ_CP038309.1	NZ_CP038372.1	99.9327	99.9434	0.9339	0.9602	0.00514	55	0.9924	348	0.070	0.9966	99.8389	99.9691	0.0204	0.40	AlfI:99.94,AloI:99.93,BcgI:99.95,FalI:99.94	8244	55	6962	1474	126.92727272727272	ok	99.9327	gamma	99.8696	ok
NZ_CP038309.1	NZ_CP038402.1	99.9863	99.9863	0.9594	0.9764	0.00250	54	0.9927	430	inf	0.9992	99.9628	99.9920	0.0109	0.82	AlfI:99.98,AloI:99.99,BcgI:99.99,FalI:99.99	8130	54	7081	1441	132.53703703703704	ok	99.9863	uniform	99.9767	ok
NZ_CP038309.1	NZ_CP038414.1	99.9591	99.9627	0.9510	0.9773	0.00414	54	0.9927	396	0.070	0.9977	99.9065	99.9765	0.0267	2.43	AlfI:99.95,AloI:99.96,BcgI:99.97,FalI:99.97	8140	54	7048	1513	131.57407407407408	ok	99.9591	gamma	99.9294	ok
NZ_CP038309.1	NZ_CP038416.1	99.9574	99.9611	0.9288	0.9572	0.00427	49	0.9932	284	0.070	0.9976	99.9095	99.9737	0.0333	3.99	AlfI:99.94,AloI:99.97,BcgI:99.98,FalI:99.95	7858	49	6919	1034	141.14285714285714	ok	99.9574	gamma	99.9322	ok
NZ_CP038309.1	NZ_CP039834.1	99.9579	99.9617	0.9487	0.9745	0.00421	52	0.9929	312	0.070	0.9977	99.9062	99.9753	0.0297	1.95	AlfI:99.95,AloI:99.97,BcgI:99.97,FalI:99.98	8061	52	7026	1513	135.26923076923077	ok	99.9579	gamma	99.9292	ok
NZ_CP038309.1	NZ_CP062778.1	99.9701	99.9723	0.9716	0.9838	0.00355	50	0.9933	331	0.070	0.9983	99.9214	99.9847	0.0248	3.83	AlfI:99.97,AloI:99.99,BcgI:99.97,FalI:99.99	8171	50	7130	1536	142.78	ok	99.9701	gamma	99.9422	ok
NZ_CP038309.1	NZ_CP062700.1	99.9696	99.9718	0.9721	0.9882	0.00358	44	0.9941	282	0.070	0.9983	99.9214	99.9841	0.0206	2.40	AlfI:99.97,AloI:99.99,BcgI:99.97,FalI:99.99	8111	44	7130	1536	161.5909090909091	ok	99.9696	gamma	99.9422	ok
NZ_CP038309.1	NZ_CP062702.1	99.9683	99.9701	0.9344	0.9611	0.00374	55	0.9924	313	0.070	0.9982	99.9383	99.9779	0.0168	0.51	AlfI:99.97,AloI:99.96,BcgI:99.97,FalI:99.98	7888	55	6934	1269	126.0909090909091	ok	99.9683	gamma	99.9567	ok
NZ_CP038309.1	NZ_CP062705.1	99.9538	99.9593	0.9490	0.9689	0.00434	60	0.9919	400	0.070	0.9975	99.8780	99.9793	0.0352	4.12	AlfI:99.95,AloI:99.95,BcgI:99.97,FalI:99.94	8087	60	7024	1032	117.8	ok	99.9538	gamma	99.9044	ok
NZ_CP038309.1	NZ_CP062708.1	99.9555	99.9607	0.9491	0.9691	0.00426	60	0.9919	400	0.070	0.9976	99.8804	99.9804	0.0256	3.04	AlfI:99.95,AloI:99.95,BcgI:99.97,FalI:99.95	8089	60	7026	1032	117.85	ok	99.9555	gamma	99.9065	ok
NZ_CP038309.1	NZ_CP062711.1	99.9583	99.9629	0.9445	0.9710	0.00415	58	0.9921	400	0.070	0.9977	99.8847	99.9821	0.0241	2.30	AlfI:99.95,AloI:99.96,BcgI:99.97,FalI:99.96	8069	58	7007	1032	121.62068965517241	ok	99.9583	gamma	99.9104	ok
NZ_CP038309.1	NZ_CP062713.1	99.9589	99.9634	0.9443	0.9710	0.00412	58	0.9921	400	0.070	0.9978	99.8871	99.9821	0.0250	2.53	AlfI:99.95,AloI:99.96,BcgI:99.97,FalI:99.96	8069	58	7005	1032	121.60344827586206	ok	99.9589	gamma	99.9125	ok
NZ_CP038309.1	NZ_CP062715.1	99.9456	99.9524	0.9557	0.9721	0.00469	63	0.9914	418	0.070	0.9971	99.8735	99.9718	0.0300	1.63	AlfI:99.94,AloI:99.97,BcgI:99.96,FalI:99.96	8134	63	7036	1033	112.53968253968254	ok	99.9456	gamma	99.9004	ok
NZ_CP038309.1	NZ_CP062717.1	99.9493	99.9553	0.9571	0.9724	0.00453	62	0.9916	414	0.070	0.9973	99.8785	99.9742	0.0286	1.92	AlfI:99.94,AloI:99.97,BcgI:99.96,FalI:99.96	8141	62	7058	1033	114.70967741935483	ok	99.9493	gamma	99.9048	ok
NZ_CP038309.1	NZ_CP062719.1	99.9460	99.9530	0.9585	0.9710	0.00465	59	0.9920	399	0.070	0.9971	99.8693	99.9736	0.0258	1.92	AlfI:99.94,AloI:99.95,BcgI:99.96,FalI:99.96	8125	59	7062	1033	120.37288135593221	ok	99.9460	gamma	99.8966	ok
NZ_CP038309.1	NZ_CP062721.1	99.9456	99.9526	0.9584	0.9708	0.00467	59	0.9920	399	0.070	0.9971	99.8716	99.9725	0.0267	2.17	AlfI:99.94,AloI:99.95,BcgI:99.96,FalI:99.95	8125	59	7060	1033	120.35593220338983	ok	99.9456	gamma	99.8986	ok
NZ_CP038309.1	NZ_CP062723.1	99.9591	99.9634	0.9448	0.9733	0.00412	62	0.9915	420	0.070	0.9978	99.8918	99.9810	0.0254	2.34	AlfI:99.95,AloI:99.97,BcgI:99.97,FalI:99.96	8095	62	7006	1032	114.09677419354838	ok	99.9591	gamma	99.9166	ok
NZ_CP038309.1	NZ_CP062725.1	99.9483	99.9549	0.9577	0.9738	0.00456	63	0.9914	421	0.070	0.9973	99.8715	99.9753	0.0245	1.10	AlfI:99.94,AloI:99.97,BcgI:99.96,FalI:99.96	8176	63	7059	1032	112.95238095238095	ok	99.9483	gamma	99.8986	ok
NZ_CP038309.1	NZ_CP062727.1	99.9644	99.9676	0.9445	0.9736	0.00387	59	0.9919	416	0.070	0.9980	99.9060	99.9827	0.0145	0.91	AlfI:99.96,AloI:99.97,BcgI:99.97,FalI:99.97	8084	59	7008	1033	119.91525423728814	ok	99.9644	gamma	99.9290	ok
NZ_CP038309.1	NZ_CP062729.1	99.9593	99.9634	0.9449	0.9738	0.00412	60	0.9918	412	0.070	0.9978	99.8942	99.9804	0.0245	2.09	AlfI:99.95,AloI:99.97,BcgI:99.97,FalI:99.97	8098	60	7008	1033	117.81666666666666	ok	99.9593	gamma	99.9187	ok
NZ_CP038309.1	NZ_CP062780.1	99.9599	99.9638	0.9444	0.9726	0.00409	60	0.9918	412	0.070	0.9978	99.8965	99.9804	0.0254	2.28	AlfI:99.95,AloI:99.97,BcgI:99.97,FalI:99.97	8098	60	7005	1033	117.78333333333333	ok	99.9599	gamma	99.9207	ok
NZ_CP038309.1	NZ_CP062731.1	99.9592	99.9634	0.9445	0.9728	0.00412	60	0.9918	412	0.070	0.9978	99.8942	99.9804	0.0245	2.09	AlfI:99.95,AloI:99.97,BcgI:99.97,FalI:99.97	8098	60	7007	1033	117.8	ok	99.9592	gamma	99.9187	ok
NZ_CP038309.1	NZ_CP062733.1	99.9599	99.9639	0.9446	0.9720	0.00409	59	0.9919	409	0.070	0.9978	99.8965	99.9804	0.0243	1.85	AlfI:99.95,AloI:99.97,BcgI:99.97,FalI:99.97	8099	59	7007	1033	119.71186440677967	ok	99.9599	gamma	99.9208	ok
NZ_CP038309.1	NZ_CP062739.1	99.9599	99.9638	0.9444	0.9723	0.00409	65	0.9914	817	0.070	0.9978	99.8965	99.9804	0.0254	2.28	AlfI:99.95,AloI:99.97,BcgI:99.97,FalI:99.97	8346	65	7005	1033	112.18461538461538	ok	99.9599	gamma	99.9207	ok
NZ_CP038309.1	NZ_CP062736.1	99.9592	99.9634	0.9445	0.9722	0.00412	60	0.9918	412	0.070	0.9978	99.8942	99.9804	0.0245	2.09	AlfI:99.95,AloI:99.97,BcgI:99.97,FalI:99.97	8098	60	7007	1033	117.8	ok	99.9592	gamma	99.9187	ok
NZ_CP038309.1	NZ_CP062742.1	99.9603	99.9643	0.9448	0.9735	0.00406	59	0.9919	414	0.070	0.9978	99.8942	99.9815	0.0217	1.71	AlfI:99.95,AloI:99.97,BcgI:99.97,FalI:99.97	8098	59	7008	1033	119.84745762711864	ok	99.9603	gamma	99.9187	ok
NZ_CP038309.1	NZ_CP062744.1	99.9599	99.9638	0.9444	0.9726	0.00409	61	0.9917	419	0.070	0.9978	99.8965	99.9804	0.0254	2.28	AlfI:99.95,AloI:99.97,BcgI:99.97,FalI:99.97	8099	61	7005	1033	115.90163934426229	ok	99.9599	gamma	99.9207	ok
NZ_CP038309.1	NZ_CP062746.1	99.9599	99.9639	0.9448	0.9726	0.00409	61	0.9917	419	0.070	0.9978	99.8965	99.9804	0.0254	2.28	AlfI:99.95,AloI:99.97,BcgI:99.97,FalI:99.97	8099	61	7006	1033	115.91803278688525	ok	99.9599	gamma	99.9208	ok
NZ_CP038309.1	NZ_CP062749.1	99.9615	99.9652	0.9445	0.9732	0.00401	59	0.9919	390	0.070	0.9979	99.8988	99.9815	0.0213	1.71	AlfI:99.95,AloI:99.97,BcgI:99.97,FalI:99.97	8020	59	7004	1033	119.32203389830508	ok	99.9615	gamma	99.9228	ok
NZ_CP038309.1	NZ_CP062752.1	99.9586	99.9629	0.9444	0.9725	0.00414	61	0.9917	413	0.070	0.9977	99.8918	99.9804	0.0235	1.91	AlfI:99.95,AloI:99.97,BcgI:99.97,FalI:99.97	8097	61	7006	1033	115.8688524590164	ok	99.9586	gamma	99.9166	ok
NZ_CP038309.1	NZ_CP062755.1	99.9573	99.9615	0.9447	0.9708	0.00422	57	0.9922	402	0.070	0.9977	99.8965	99.9775	0.0239	1.95	AlfI:99.95,AloI:99.97,BcgI:99.97,FalI:99.96	8080	57	7005	1033	123.84210526315789	ok	99.9573	gamma	99.9207	ok
NZ_CP038309.1	NZ_CP062761.1	99.9517	99.9570	0.9538	0.9715	0.00445	64	0.9913	432	0.070	0.9974	99.8874	99.9741	0.0163	0.87	AlfI:99.95,AloI:99.95,BcgI:99.96,FalI:99.96	8124	64	7029	1033	110.984375	ok	99.9517	gamma	99.9127	ok
NZ_CP038309.1	NZ_CP062758.1	99.9563	99.9611	0.9450	0.9729	0.00425	59	0.9919	411	0.070	0.9976	99.8871	99.9792	0.0206	1.43	AlfI:99.95,AloI:99.96,BcgI:99.97,FalI:99.97	8093	59	7008	1033	119.77966101694915	ok	99.9563	gamma	99.9125	ok
NZ_CP038309.1	NZ_CP062763.1	99.9560	99.9605	0.9420	0.9699	0.00428	59	0.9919	407	0.070	0.9976	99.8938	99.9768	0.0151	0.79	AlfI:99.95,AloI:99.96,BcgI:99.97,FalI:99.97	8083	59	6984	1033	119.30508474576271	ok	99.9560	gamma	99.9184	ok
NZ_CP038309.1	NZ_CP062766.1	99.9600	99.9639	0.9449	0.9735	0.00409	61	0.9917	419	0.070	0.9978	99.8989	99.9798	0.0208	1.55	AlfI:99.95,AloI:99.97,BcgI:99.97,FalI:99.97	8125	61	7008	1033	116	ok	99.9600	gamma	99.9228	ok
NZ_CP038309.1	NZ_CP062782.1	99.9581	99.9624	0.9623	0.9706	0.00415	65	0.9914	505	0.070	0.9977	99.8929	99.9794	0.0110	0.44	AlfI:99.96,AloI:99.97,BcgI:99.97,FalI:99.96	8242	65	7079	1033	110.70769230769231	ok	99.9581	gamma	99.9175	ok
NZ_CP038309.1	NZ_CP062769.1	99.9455	99.9523	0.9492	0.9724	0.00470	54	0.9926	309	0.070	0.9971	99.8732	99.9718	0.0152	0.37	AlfI:99.95,AloI:99.96,BcgI:99.95,FalI:99.96	7982	54	7024	1033	129.83333333333334	ok	99.9455	gamma	99.9002	ok
NZ_CP038309.1	NZ_CP062771.1	99.9562	99.9609	0.9575	0.9733	0.00424	61	0.9917	420	0.070	0.9976	99.8903	99.9782	0.0253	2.15	AlfI:99.95,AloI:99.96,BcgI:99.97,FalI:99.96	8127	61	7059	1033	116.70491803278688	ok	99.9562	gamma	99.9152	ok
NZ_CP038309.1	NZ_CP062774.1	99.9541	99.9593	0.9489	0.9702	0.00434	62	0.9917	410	0.070	0.9975	99.8827	99.9781	0.0216	1.94	AlfI:99.95,AloI:99.95,BcgI:99.97,FalI:99.95	8116	62	7023	1033	114.11290322580645	ok	99.9541	gamma	99.9085	ok
NZ_CP038319.1	NZ_CP038333.1	99.9348	99.9458	0.9692	0.9648	0.00503	65	0.9911	479	0.070	0.9967	99.8319	99.9738	0.0255	0.80	AlfI:99.94,AloI:99.97,BcgI:99.95,FalI:99.94	8050	65	6967	1054	109.43076923076923	ok	99.9348	gamma	99.8633	ok
NZ_CP038319.1	NZ_CP038339.1	99.9661	99.9694	0.9737	0.9647	0.00377	52	0.9929	390	0.070	0.9981	99.8987	99.9867	0.0176	0.93	AlfI:99.96,AloI:99.97,BcgI:99.97,FalI:99.98	8003	52	6991	1055	136.17307692307693	ok	99.9661	gamma	99.9226	ok
NZ_CP038319.1	NZ_CP038342.1	99.9325	99.9439	0.9667	0.9644	0.00512	66	0.9909	410	0.070	0.9966	99.8297	99.9721	0.0178	0.58	AlfI:99.95,AloI:99.95,BcgI:99.94,FalI:99.96	8119	66	6974	1053	106.9090909090909	ok	99.9325	gamma	99.8613	ok
NZ_CP038319.1	NZ_CP038344.1	99.9216	99.9354	0.9657	0.9746	0.00550	56	0.9923	351	0.070	0.9961	99.8246	99.9627	0.0493	3.45	AlfI:99.91,AloI:99.95,BcgI:99.94,FalI:99.96	7876	56	6960	929	124.69642857142857	ok	99.9216	gamma	99.8567	ok
NZ_CP038319.1	NZ_CP038346.1	99.9526	99.9582	0.9736	0.9494	0.00441	71	0.9904	549	0.070	0.9975	99.8797	99.9774	0.0061	0.12	AlfI:99.96,AloI:99.96,BcgI:99.96,FalI:99.96	8116	71	6990	1055	101.11267605633803	ok	99.9526	gamma	99.9060	ok
NZ_CP038319.1	NZ_CP038349.1	99.9331	99.9440	0.9588	0.9651	0.00513	56	0.9922	364	0.070	0.9966	99.8379	99.9701	0.0186	0.26	AlfI:99.94,AloI:99.93,BcgI:99.95,FalI:99.95	7987	56	6917	1053	124.42857142857143	ok	99.9331	gamma	99.8687	ok
NZ_CP038319.1	NZ_CP038351.1	99.9432	99.9511	0.9710	0.9610	0.00477	68	0.9908	503	0.070	0.9970	99.8584	99.9739	0.0276	0.90	AlfI:99.95,AloI:99.94,BcgI:99.95,FalI:99.97	8227	68	6985	1053	105.1029411764706	ok	99.9432	gamma	99.8870	ok
NZ_CP038319.1	NZ_CP038353.1	99.9602	99.9647	0.9733	0.9748	0.00405	57	0.9923	446	0.070	0.9979	99.8821	99.9850	0.0176	0.90	AlfI:99.96,AloI:99.97,BcgI:99.96,FalI:99.98	8061	57	6989	1056	124.85964912280701	ok	99.9602	gamma	99.9081	ok
NZ_CP038319.1	NZ_CP038355.1	99.9359	99.9467	0.9690	0.9727	0.00499	65	0.9911	435	0.070	0.9968	99.8319	99.9750	0.0234	0.38	AlfI:99.95,AloI:99.96,BcgI:99.95,FalI:99.94	7983	65	6967	1054	108.87692307692308	ok	99.9359	gamma	99.8633	ok
NZ_CP038319.1	NZ_CP038357.1	99.9278	99.9412	0.9697	0.9660	0.00524	69	0.9905	457	0.070	0.9964	99.8157	99.9721	0.0189	0.47	AlfI:99.94,AloI:99.94,BcgI:99.94,FalI:99.96	8153	69	6983	930	102.7536231884058	ok	99.9278	gamma	99.8486	ok
NZ_CP038319.1	NZ_CP038360.1	99.9468	99.9541	0.9658	0.9651	0.00463	53	0.9927	360	0.070	0.9972	99.8600	99.9773	0.0149	0.18	AlfI:99.95,AloI:99.94,BcgI:99.96,FalI:99.96	7936	53	6949	1055	132.1320754716981	ok	99.9468	gamma	99.8885	ok
NZ_CP038319.1	NZ_CP038366.1	99.9414	99.9497	0.9737	0.9675	0.00483	55	0.9925	401	0.070	0.9969	99.8561	99.9728	0.0406	4.09	AlfI:99.94,AloI:99.98,BcgI:99.95,FalI:99.97	7978	55	6992	1052	128.5090909090909	ok	99.9414	gamma	99.8850	ok
NZ_CP038319.1	NZ_CP038372.1	99.9219	99.9364	0.9667	0.9598	0.00545	75	0.9898	540	0.070	0.9961	99.8155	99.9662	0.0184	0.24	AlfI:99.94,AloI:99.93,BcgI:99.93,FalI:99.95	8306	75	6973	1053	95.34666666666666	ok	99.9219	gamma	99.8483	ok
NZ_CP038319.1	NZ_CP038402.1	99.9393	99.9488	0.9636	0.9607	0.00490	62	0.9914	401	0.070	0.9969	99.8430	99.9748	0.0281	0.60	AlfI:99.95,AloI:99.96,BcgI:99.95,FalI:99.93	7917	62	6932	929	112.91935483870968	ok	99.9393	gamma	99.8733	ok
NZ_CP038319.1	NZ_CP038414.1	99.9464	99.9537	0.9773	0.9739	0.00463	68	0.9908	554	0.070	0.9972	99.8637	99.9758	0.0103	0.13	AlfI:99.95,AloI:99.96,BcgI:99.95,FalI:99.95	8165	68	7018	929	106.05882352941177	ok	99.9464	gamma	99.8917	ok
NZ_CP038319.1	NZ_CP038416.1	99.9655	99.9689	0.9737	0.9612	0.00380	53	0.9928	408	0.070	0.9981	99.8963	99.9867	0.0137	0.75	AlfI:99.96,AloI:99.97,BcgI:99.97,FalI:99.97	7983	53	6990	1056	133.64150943396226	ok	99.9655	gamma	99.9206	ok
NZ_CP038319.1	NZ_CP039834.1	99.9514	99.9577	0.9744	0.9801	0.00444	61	0.9917	459	0.070	0.9974	99.8679	99.9797	0.0244	1.66	AlfI:99.96,AloI:99.97,BcgI:99.95,FalI:99.98	8077	61	6991	1055	116.93442622950819	ok	99.9514	gamma	99.8955	ok
NZ_CP038319.1	NZ_CP062778.1	99.9183	99.9363	0.9714	0.9661	0.00546	72	0.9902	507	0.070	0.9961	99.7823	99.9743	0.0172	0.25	AlfI:99.93,AloI:99.94,BcgI:99.94,FalI:99.92	8063	72	6974	1052	99.04166666666667	ok	99.9183	gamma	99.8181	ok
NZ_CP038319.1	NZ_CP062700.1	99.9177	99.9358	0.9719	0.9704	0.00548	63	0.9914	434	0.070	0.9961	99.7823	99.9737	0.0217	0.36	AlfI:99.93,AloI:99.94,BcgI:99.94,FalI:99.92	7987	63	6974	1052	112.23809523809524	ok	99.9177	gamma	99.8181	ok
NZ_CP038319.1	NZ_CP062702.1	99.9544	99.9596	0.9620	0.9688	0.00435	57	0.9921	391	0.070	0.9975	99.8833	99.9784	0.0073	0.13	AlfI:99.96,AloI:99.96,BcgI:99.96,FalI:99.96	7923	57	6919	930	122.89473684210526	ok	99.9544	gamma	99.9093	ok
NZ_CP038319.1	NZ_CP062705.1	99.9383	99.9491	0.9720	0.9618	0.00487	73	0.9901	553	0.070	0.9969	99.8252	99.9797	0.0158	0.51	AlfI:99.95,AloI:99.96,BcgI:99.95,FalI:99.96	8081	73	6983	1052	98.06849315068493	ok	99.9383	gamma	99.8571	ok
NZ_CP038319.1	NZ_CP062708.1	99.9391	99.9496	0.9720	0.9618	0.00485	73	0.9901	553	0.070	0.9969	99.8275	99.9797	0.0158	0.48	AlfI:99.95,AloI:99.96,BcgI:99.95,FalI:99.96	8081	73	6983	1052	98.08219178082192	ok	99.9391	gamma	99.8593	ok
NZ_CP038319.1	NZ_CP062711.1	99.9391	99.9496	0.9720	0.9680	0.00485	73	0.9901	553	0.070	0.9969	99.8275	99.9797	0.0158	0.48	AlfI:99.95,AloI:99.96,BcgI:99.95,FalI:99.96	8081	73	6983	1052	98.08219178082192	ok	99.9391	gamma	99.8593	ok
NZ_CP038319.1	NZ_CP062713.1	99.9383	99.9491	0.9720	0.9682	0.00487	73	0.9901	553	0.070	0.9969	99.8252	99.9797	0.0158	0.51	AlfI:99.95,AloI:99.96,BcgI:99.95,FalI:99.96	8081	73	6983	1052	98.06849315068493	ok	99.9383	gamma	99.8571	ok
NZ_CP038319.1	NZ_CP062715.1	99.9480	99.9559	0.9673	0.9698	0.00454	74	0.9899	557	0.070	0.9973	99.8456	99.9831	0.0215	0.86	AlfI:99.95,AloI:99.97,BcgI:99.95,FalI:99.96	8084	74	6945	1053	96.44594594594595	ok	99.9480	gamma	99.8757	ok
NZ_CP038319.1	NZ_CP062717.1	99.9490	99.9566	0.9712	0.9700	0.00450	73	0.9901	557	0.070	0.9974	99.8487	99.9831	0.0205	0.81	AlfI:99.95,AloI:99.97,BcgI:99.95,FalI:99.96	8099	73	6974	1053	98.12328767123287	ok	99.9490	gamma	99.8783	ok
NZ_CP038319.1	NZ_CP062719.1	99.9413	99.9506	0.9728	0.9620	0.00480	66	0.9910	511	0.070	0.9970	99.8418	99.9774	0.0195	0.57	AlfI:99.95,AloI:99.95,BcgI:99.95,FalI:99.96	8068	66	6985	1053	107.89393939393939	ok	99.9413	gamma	99.8721	ok
NZ_CP038319.1	NZ_CP062721.1	99.9394	99.9492	0.9728	0.9620	0.00487	66	0.9910	511	0.070	0.9969	99.8394	99.9762	0.0107	0.18	AlfI:99.95,AloI:99.95,BcgI:99.95,FalI:99.96	8068	66	6985	1053	107.87878787878788	ok	99.9394	gamma	99.8700	ok
NZ_CP038319.1	NZ_CP062723.1	99.9468	99.9552	0.9712	0.9711	0.00457	75	0.9898	564	0.070	0.9973	99.8415	99.9831	0.0225	0.82	AlfI:99.95,AloI:99.97,BcgI:99.95,FalI:99.96	8098	75	6974	1052	95.58666666666667	ok	99.9468	gamma	99.8719	ok
NZ_CP038319.1	NZ_CP062725.1	99.9475	99.9557	0.9712	0.9717	0.00455	71	0.9904	551	0.070	0.9973	99.8439	99.9831	0.0225	0.94	AlfI:99.95,AloI:99.97,BcgI:99.95,FalI:99.96	8129	71	6974	1052	100.77464788732394	ok	99.9475	gamma	99.8741	ok
NZ_CP038319.1	NZ_CP062727.1	99.9464	99.9548	0.9727	0.9695	0.00459	71	0.9904	557	0.070	0.9973	99.8418	99.9826	0.0154	0.54	AlfI:99.95,AloI:99.97,BcgI:99.95,FalI:99.96	8094	71	6985	1053	100.97183098591549	ok	99.9464	gamma	99.8721	ok
NZ_CP038319.1	NZ_CP062729.1	99.9484	99.9561	0.9711	0.9704	0.00452	73	0.9901	557	0.070	0.9973	99.8487	99.9826	0.0215	0.87	AlfI:99.95,AloI:99.97,BcgI:99.95,FalI:99.96	8100	73	6974	1053	98.12328767123287	ok	99.9484	gamma	99.8783	ok
NZ_CP038319.1	NZ_CP062780.1	99.9477	99.9557	0.9712	0.9698	0.00455	73	0.9901	557	0.070	0.9973	99.8463	99.9826	0.0225	0.94	AlfI:99.95,AloI:99.97,BcgI:99.95,FalI:99.96	8100	73	6974	1053	98.10958904109589	ok	99.9477	gamma	99.8762	ok
NZ_CP038319.1	NZ_CP062731.1	99.9484	99.9561	0.9712	0.9698	0.00452	73	0.9901	557	0.070	0.9973	99.8487	99.9826	0.0215	0.87	AlfI:99.95,AloI:99.97,BcgI:99.95,FalI:99.96	8100	73	6974	1053	98.12328767123287	ok	99.9484	gamma	99.8783	ok
NZ_CP038319.1	NZ_CP062733.1	99.9484	99.9561	0.9712	0.9693	0.00452	71	0.9904	550	0.070	0.9973	99.8487	99.9826	0.0215	0.87	AlfI:99.95,AloI:99.97,BcgI:99.95,FalI:99.96	8101	71	6974	1053	100.7605633802817	ok	99.9484	gamma	99.8783	ok
NZ_CP038319.1	NZ_CP062739.1	99.9497	99.9571	0.9712	0.9691	0.00447	78	0.9897	986	0.070	0.9974	99.8510	99.9831	0.0280	1.63	AlfI:99.96,AloI:99.98,BcgI:99.95,FalI:99.96	8356	78	6974	1053	94.93589743589743	ok	99.9497	gamma	99.8805	ok
NZ_CP038319.1	NZ_CP062736.1	99.9484	99.9561	0.9712	0.9692	0.00452	73	0.9901	557	0.070	0.9973	99.8487	99.9826	0.0215	0.87	AlfI:99.95,AloI:99.97,BcgI:99.95,FalI:99.96	8100	73	6974	1053	98.12328767123287	ok	99.9484	gamma	99.8783	ok
NZ_CP038319.1	NZ_CP062742.1	99.9449	99.9538	0.9727	0.9693	0.00464	71	0.9904	552	0.070	0.9972	99.8371	99.9826	0.0181	0.65	AlfI:99.95,AloI:99.97,BcgI:99.95,FalI:99.96	8104	71	6985	1053	100.92957746478874	ok	99.9449	gamma	99.8679	ok
NZ_CP038319.1	NZ_CP062744.1	99.9477	99.9557	0.9712	0.9698	0.00455	73	0.9901	557	0.070	0.9973	99.8463	99.9826	0.0225	0.94	AlfI:99.95,AloI:99.97,BcgI:99.95,FalI:99.96	8101	73	6974	1053	98.0958904109589	ok	99.9477	gamma	99.8762	ok
NZ_CP038319.1	NZ_CP062746.1	99.9477	99.9557	0.9712	0.9696	0.00455	73	0.9901	557	0.070	0.9973	99.8463	99.9826	0.0225	0.94	AlfI:99.95,AloI:99.97,BcgI:99.95,FalI:99.96	8100	73	6974	1053	98.0958904109589	ok	99.9477	gamma	99.8762	ok
NZ_CP038319.1	NZ_CP062749.1	99.9443	99.9534	0.9728	0.9690	0.00466	66	0.9910	491	0.070	0.9972	99.8371	99.9820	0.0143	0.42	AlfI:99.95,AloI:99.96,BcgI:99.95,FalI:99.96	8020	66	6985	1053	107.5909090909091	ok	99.9443	gamma	99.8679	ok
NZ_CP038319.1	NZ_CP062752.1	99.9483	99.9561	0.9709	0.9702	0.00452	75	0.9898	561	0.070	0.9973	99.8463	99.9831	0.0215	0.87	AlfI:99.95,AloI:99.97,BcgI:99.95,FalI:99.96	8098	75	6974	1053	95.56	ok	99.9483	gamma	99.8762	ok
NZ_CP038319.1	NZ_CP062755.1	99.9423	99.9515	0.9729	0.9687	0.00475	70	0.9905	550	0.070	0.9971	99.8394	99.9791	0.0195	0.88	AlfI:99.95,AloI:99.97,BcgI:99.95,FalI:99.96	8091	70	6985	1053	102.28571428571429	ok	99.9423	gamma	99.8700	ok
NZ_CP038319.1	NZ_CP062761.1	99.9452	99.9537	0.9687	0.9692	0.00466	72	0.9902	556	0.070	0.9972	99.8458	99.9802	0.0185	0.72	AlfI:99.95,AloI:99.96,BcgI:99.95,FalI:99.97	8078	72	6953	1053	99.15277777777777	ok	99.9452	gamma	99.8758	ok
NZ_CP038319.1	NZ_CP062758.1	99.9404	99.9506	0.9728	0.9683	0.00480	71	0.9904	549	0.070	0.9970	99.8300	99.9802	0.0182	0.67	AlfI:99.95,AloI:99.96,BcgI:99.95,FalI:99.96	8097	71	6985	1053	100.84507042253522	ok	99.9404	gamma	99.8615	ok
NZ_CP038319.1	NZ_CP062763.1	99.9415	99.9509	0.9699	0.9687	0.00479	71	0.9903	550	0.070	0.9970	99.8389	99.9784	0.0235	1.08	AlfI:99.95,AloI:99.96,BcgI:99.95,FalI:99.97	8090	71	6961	1053	100.50704225352112	ok	99.9415	gamma	99.8696	ok
NZ_CP038319.1	NZ_CP062766.1	99.9414	99.9511	0.9732	0.9688	0.00478	70	0.9905	544	0.070	0.9970	99.8348	99.9797	0.0195	0.67	AlfI:99.95,AloI:99.97,BcgI:99.95,FalI:99.96	8128	70	6988	1053	102.21428571428571	ok	99.9414	gamma	99.8658	ok
NZ_CP038319.1	NZ_CP062782.1	99.9475	99.9557	0.9727	0.9627	0.00454	63	0.9914	479	0.070	0.9973	99.8418	99.9837	0.0140	0.45	AlfI:99.95,AloI:99.97,BcgI:99.95,FalI:99.96	8090	63	6985	1053	112.65079365079364	ok	99.9475	gamma	99.8721	ok
NZ_CP038319.1	NZ_CP062769.1	99.9352	99.9462	0.9669	0.9647	0.00502	62	0.9915	421	0.070	0.9967	99.8317	99.9743	0.0254	0.50	AlfI:99.94,AloI:99.93,BcgI:99.95,FalI:99.96	7967	62	6958	1055	113.59677419354838	ok	99.9352	gamma	99.8631	ok
NZ_CP038319.1	NZ_CP062771.1	99.9439	99.9529	0.9727	0.9693	0.00468	68	0.9908	531	0.070	0.9971	99.8394	99.9808	0.0168	0.50	AlfI:99.95,AloI:99.96,BcgI:99.95,FalI:99.96	8071	68	6985	1053	105.01470588235294	ok	99.9439	gamma	99.8700	ok
NZ_CP038319.1	NZ_CP062774.1	99.9447	99.9538	0.9709	0.9629	0.00465	72	0.9902	551	0.070	0.9972	99.8344	99.9831	0.0103	0.23	AlfI:99.95,AloI:99.96,BcgI:99.95,FalI:99.96	8095	72	6974	1053	99.27777777777777	ok	99.9447	gamma	99.8655	ok
NZ_CP038333.1	NZ_CP038339.1	99.9438	99.9508	0.9578	0.9701	0.00478	57	0.9924	386	0.070	0.9970	99.8729	99.9699	0.0291	2.53	AlfI:99.94,AloI:99.95,BcgI:99.96,FalI:99.94	7978	57	7002	1053	123.98245614035088	ok	99.9438	gamma	99.8999	ok
NZ_CP038333.1	NZ_CP038342.1	99.9205	99.9358	0.9573	0.9710	0.00547	60	0.9918	418	0.070	0.9961	99.8069	99.9675	0.0115	0.30	AlfI:99.93,AloI:99.94,BcgI:99.94,FalI:99.93	8146	60	7007	1052	117.96666666666667	ok	99.9205	gamma	99.8405	ok
NZ_CP038333.1	NZ_CP038344.1	99.9354	99.9448	0.9458	0.9748	0.00508	56	0.9923	352	0.070	0.9966	99.8529	99.9673	0.0684	7.61	AlfI:99.91,AloI:99.96,BcgI:99.96,FalI:99.98	7850	56	6951	929	124.80357142857143	ok	99.9354	gamma	99.8822	ok
NZ_CP038333.1	NZ_CP038346.1	99.9551	99.9603	0.9644	0.9633	0.00428	57	0.9923	503	0.070	0.9976	99.8783	99.9805	0.0209	1.59	AlfI:99.95,AloI:99.95,BcgI:99.97,FalI:99.97	8126	57	7044	1054	126.0701754385965	ok	99.9551	gamma	99.9047	ok
NZ_CP038333.1	NZ_CP038349.1	99.9310	99.9415	0.9468	0.9727	0.00523	55	0.9924	382	0.070	0.9964	99.8459	99.9650	0.0123	0.36	AlfI:99.93,AloI:99.94,BcgI:99.95,FalI:99.94	8023	55	6954	1052	127.38181818181818	ok	99.9310	gamma	99.8759	ok
NZ_CP038333.1	NZ_CP038351.1	99.9433	99.9508	0.9581	0.9707	0.00478	64	0.9913	527	0.070	0.9970	99.8612	99.9728	0.0219	1.29	AlfI:99.94,AloI:99.94,BcgI:99.96,FalI:99.94	8245	64	7009	1052	112.015625	ok	99.9433	gamma	99.8895	ok
NZ_CP038333.1	NZ_CP038353.1	99.9401	99.9479	0.9545	0.9733	0.00492	60	0.9918	442	0.070	0.9968	99.8679	99.9675	0.0229	1.35	AlfI:99.93,AloI:99.95,BcgI:99.96,FalI:99.96	8049	60	6986	1054	118.26666666666667	ok	99.9401	gamma	99.8955	ok
NZ_CP038333.1	NZ_CP038355.1	99.9816	99.9816	0.9642	0.9846	0.00290	53	0.9929	449	inf	0.9989	99.9556	99.9880	0.0213	2.99	AlfI:99.98,AloI:99.97,BcgI:99.98,FalI:100.00	8118	53	7044	1438	135.73584905660377	ok	99.9816	uniform	99.9709	ok
NZ_CP038333.1	NZ_CP038357.1	99.9322	99.9431	0.9534	0.9616	0.00515	63	0.9914	457	0.070	0.9965	99.8370	99.9692	0.0314	1.39	AlfI:99.94,AloI:99.92,BcgI:99.95,FalI:99.93	8151	63	6980	930	112.33333333333333	ok	99.9322	gamma	99.8678	ok
NZ_CP038333.1	NZ_CP038360.1	99.9292	99.9389	0.9553	0.9726	0.00534	58	0.9922	375	0.070	0.9963	99.8629	99.9576	0.0488	2.45	AlfI:99.94,AloI:99.90,BcgI:99.95,FalI:99.91	7952	58	6973	1053	121.15517241379311	ok	99.9292	gamma	99.8911	ok
NZ_CP038333.1	NZ_CP038366.1	99.9573	99.9615	0.9551	0.9677	0.00423	47	0.9936	367	0.070	0.9977	99.8986	99.9769	0.0367	3.36	AlfI:99.94,AloI:99.97,BcgI:99.97,FalI:99.98	7966	47	6990	1051	149.93617021276594	ok	99.9573	gamma	99.9226	ok
NZ_CP038333.1	NZ_CP038372.1	99.9261	99.9392	0.9483	0.9652	0.00533	68	0.9908	538	0.070	0.9963	99.8203	99.9686	0.0107	0.29	AlfI:99.93,AloI:99.94,BcgI:99.94,FalI:99.94	8277	68	6975	1052	105	ok	99.9261	gamma	99.8527	ok
NZ_CP038333.1	NZ_CP038402.1	99.9820	99.9820	0.9588	0.9731	0.00288	56	0.9924	453	inf	0.9989	99.9531	99.9891	0.0106	0.77	AlfI:99.98,AloI:99.98,BcgI:99.98,FalI:99.99	8044	56	7016	1437	127.35714285714286	ok	99.9820	uniform	99.9689	ok
NZ_CP038333.1	NZ_CP038414.1	99.9566	99.9566	0.9633	0.9774	0.00447	56	0.9925	499	inf	0.9974	99.8759	99.9764	0.0258	2.07	AlfI:99.94,AloI:99.96,BcgI:99.97,FalI:99.97	8147	56	7040	929	128.30357142857142	ok	99.9566	uniform	99.9025	ok
NZ_CP038333.1	NZ_CP038416.1	99.9500	99.9552	0.9499	0.9598	0.00457	56	0.9923	406	0.070	0.9973	99.8911	99.9710	0.0304	2.95	AlfI:99.94,AloI:99.95,BcgI:99.97,FalI:99.95	7934	56	6961	1054	125.73214285714286	ok	99.9500	gamma	99.9161	ok
NZ_CP038333.1	NZ_CP039834.1	99.9541	99.9592	0.9574	0.9809	0.00435	54	0.9927	434	0.070	0.9975	99.8847	99.9775	0.0223	1.62	AlfI:99.95,AloI:99.95,BcgI:99.97,FalI:99.97	8072	54	7005	1054	131.90740740740742	ok	99.9541	gamma	99.9104	ok
NZ_CP038333.1	NZ_CP062778.1	99.9701	99.9701	0.9687	0.9846	0.00371	62	0.9917	508	inf	0.9982	99.9019	99.9868	0.0192	1.01	AlfI:99.96,AloI:99.97,BcgI:99.97,FalI:99.98	8160	62	7053	1434	116.5	ok	99.9701	uniform	99.9254	ok
NZ_CP038333.1	NZ_CP062700.1	99.9696	99.9696	0.9685	0.9878	0.00374	52	0.9930	430	inf	0.9982	99.9018	99.9862	0.0148	0.58	AlfI:99.96,AloI:99.97,BcgI:99.97,FalI:99.98	8083	52	7048	1434	137.65384615384616	ok	99.9696	uniform	99.9253	ok
NZ_CP038333.1	NZ_CP062702.1	99.9620	99.9653	0.9454	0.9657	0.00403	52	0.9929	389	0.070	0.9979	99.9073	99.9796	0.0142	0.54	AlfI:99.96,AloI:99.96,BcgI:99.97,FalI:99.97	7921	52	6927	930	134.69230769230768	ok	99.9620	gamma	99.9302	ok
NZ_CP038333.1	NZ_CP062705.1	99.9512	99.9572	0.9548	0.9654	0.00446	62	0.9916	505	0.070	0.9974	99.8727	99.9780	0.0196	1.21	AlfI:99.95,AloI:99.96,BcgI:99.97,FalI:99.96	8062	62	6990	1051	114.98387096774194	ok	99.9512	gamma	99.8997	ok
NZ_CP038333.1	NZ_CP062708.1	99.9505	99.9568	0.9550	0.9656	0.00448	62	0.9916	505	0.070	0.9974	99.8703	99.9780	0.0186	1.08	AlfI:99.95,AloI:99.96,BcgI:99.96,FalI:99.96	8062	62	6992	1051	115	ok	99.9505	gamma	99.8977	ok
NZ_CP038333.1	NZ_CP062711.1	99.9505	99.9568	0.9550	0.9718	0.00448	62	0.9916	505	0.070	0.9974	99.8703	99.9780	0.0186	1.08	AlfI:99.95,AloI:99.96,BcgI:99.96,FalI:99.96	8062	62	6992	1051	115	ok	99.9505	gamma	99.8977	ok
NZ_CP038333.1	NZ_CP062713.1	99.9512	99.9572	0.9548	0.9718	0.00446	62	0.9916	505	0.070	0.9974	99.8727	99.9780	0.0196	1.21	AlfI:99.95,AloI:99.96,BcgI:99.97,FalI:99.96	8062	62	6990	1051	114.98387096774194	ok	99.9512	gamma	99.8997	ok
NZ_CP038333.1	NZ_CP062715.1	99.9526	99.9581	0.9565	0.9739	0.00441	65	0.9912	515	0.070	0.9975	99.8796	99.9774	0.0209	1.04	AlfI:99.95,AloI:99.97,BcgI:99.96,FalI:99.96	8080	65	6981	1052	109.72307692307692	ok	99.9526	gamma	99.9059	ok
NZ_CP038333.1	NZ_CP062717.1	99.9522	99.9578	0.9605	0.9742	0.00442	64	0.9913	512	0.070	0.9974	99.8778	99.9775	0.0209	0.98	AlfI:99.95,AloI:99.97,BcgI:99.96,FalI:99.97	8113	64	7012	1052	111.859375	ok	99.9522	gamma	99.9042	ok
NZ_CP038333.1	NZ_CP062719.1	99.9460	99.9532	0.9620	0.9715	0.00465	60	0.9919	475	0.070	0.9972	99.8638	99.9752	0.0186	1.08	AlfI:99.94,AloI:99.96,BcgI:99.96,FalI:99.95	8086	60	7021	1052	118.85	ok	99.9460	gamma	99.8918	ok
NZ_CP038333.1	NZ_CP062721.1	99.9463	99.9532	0.9618	0.9713	0.00465	60	0.9919	475	0.070	0.9972	99.8685	99.9740	0.0234	1.33	AlfI:99.94,AloI:99.96,BcgI:99.96,FalI:99.94	8086	60	7019	1052	118.81666666666666	ok	99.9463	gamma	99.8960	ok
NZ_CP038333.1	NZ_CP062723.1	99.9557	99.9610	0.9553	0.9741	0.00426	64	0.9913	515	0.070	0.9976	99.8774	99.9815	0.0184	1.19	AlfI:99.95,AloI:99.97,BcgI:99.97,FalI:99.96	8093	64	6991	1051	111.59375	ok	99.9557	gamma	99.9039	ok
NZ_CP038333.1	NZ_CP062725.1	99.9499	99.9569	0.9618	0.9747	0.00447	66	0.9911	515	0.070	0.9974	99.8567	99.9815	0.0209	1.04	AlfI:99.95,AloI:99.97,BcgI:99.96,FalI:99.95	8140	66	7019	1051	108.46969696969697	ok	99.9499	gamma	99.8855	ok
NZ_CP038333.1	NZ_CP062727.1	99.9578	99.9624	0.9553	0.9746	0.00418	60	0.9919	500	0.070	0.9977	99.8869	99.9809	0.0156	0.89	AlfI:99.95,AloI:99.97,BcgI:99.97,FalI:99.96	8074	60	6993	1052	118.93333333333334	ok	99.9578	gamma	99.9123	ok
NZ_CP038333.1	NZ_CP062729.1	99.9553	99.9605	0.9554	0.9746	0.00428	63	0.9915	510	0.070	0.9976	99.8798	99.9803	0.0182	0.99	AlfI:99.95,AloI:99.97,BcgI:99.97,FalI:99.96	8095	63	6993	1052	113.34920634920636	ok	99.9553	gamma	99.9061	ok
NZ_CP038333.1	NZ_CP062780.1	99.9560	99.9610	0.9553	0.9739	0.00426	63	0.9915	511	0.070	0.9976	99.8821	99.9803	0.0182	1.08	AlfI:99.95,AloI:99.97,BcgI:99.97,FalI:99.96	8095	63	6991	1052	113.33333333333333	ok	99.9560	gamma	99.9081	ok
NZ_CP038333.1	NZ_CP062731.1	99.9553	99.9605	0.9555	0.9741	0.00428	63	0.9915	511	0.070	0.9976	99.8798	99.9803	0.0182	0.99	AlfI:99.95,AloI:99.97,BcgI:99.97,FalI:99.96	8095	63	6993	1052	113.34920634920636	ok	99.9553	gamma	99.9061	ok
NZ_CP038333.1	NZ_CP062733.1	99.9553	99.9605	0.9555	0.9735	0.00428	63	0.9915	511	0.070	0.9976	99.8798	99.9803	0.0182	0.99	AlfI:99.95,AloI:99.97,BcgI:99.97,FalI:99.96	8094	63	6993	1052	113.36507936507937	ok	99.9553	gamma	99.9061	ok
NZ_CP038333.1	NZ_CP062739.1	99.9560	99.9610	0.9553	0.9735	0.00426	71	0.9907	949	0.070	0.9976	99.8821	99.9803	0.0182	1.08	AlfI:99.95,AloI:99.97,BcgI:99.97,FalI:99.96	8357	71	6991	1052	104.1830985915493	ok	99.9560	gamma	99.9081	ok
NZ_CP038333.1	NZ_CP062736.1	99.9553	99.9605	0.9555	0.9735	0.00428	63	0.9915	511	0.070	0.9976	99.8798	99.9803	0.0182	0.99	AlfI:99.95,AloI:99.97,BcgI:99.97,FalI:99.96	8095	63	6993	1052	113.34920634920636	ok	99.9553	gamma	99.9061	ok
NZ_CP038333.1	NZ_CP062742.1	99.9569	99.9619	0.9553	0.9743	0.00421	60	0.9919	497	0.070	0.9977	99.8798	99.9821	0.0155	0.80	AlfI:99.95,AloI:99.97,BcgI:99.97,FalI:99.96	8095	60	6993	1052	118.91666666666667	ok	99.9569	gamma	99.9061	ok
NZ_CP038333.1	NZ_CP062744.1	99.9570	99.9619	0.9553	0.9739	0.00421	62	0.9916	502	0.070	0.9977	99.8821	99.9815	0.0170	1.04	AlfI:99.95,AloI:99.97,BcgI:99.97,FalI:99.96	8094	62	6991	1052	115.11290322580645	ok	99.9570	gamma	99.9081	ok
NZ_CP038333.1	NZ_CP062746.1	99.9570	99.9619	0.9553	0.9734	0.00421	62	0.9916	502	0.070	0.9977	99.8821	99.9815	0.0170	1.04	AlfI:99.95,AloI:99.97,BcgI:99.97,FalI:99.96	8094	62	6991	1052	115.11290322580645	ok	99.9570	gamma	99.9081	ok
NZ_CP038333.1	NZ_CP062749.1	99.9556	99.9605	0.9553	0.9740	0.00428	61	0.9917	474	0.070	0.9976	99.8845	99.9792	0.0197	1.30	AlfI:99.95,AloI:99.96,BcgI:99.97,FalI:99.96	8017	61	6991	1052	116.44262295081967	ok	99.9556	gamma	99.9102	ok
NZ_CP038333.1	NZ_CP062752.1	99.9557	99.9609	0.9550	0.9733	0.00426	64	0.9913	512	0.070	0.9976	99.8774	99.9815	0.0182	1.08	AlfI:99.95,AloI:99.97,BcgI:99.97,FalI:99.96	8094	64	6991	1052	111.5625	ok	99.9557	gamma	99.9039	ok
NZ_CP038333.1	NZ_CP062755.1	99.9556	99.9605	0.9553	0.9738	0.00428	62	0.9916	514	0.070	0.9976	99.8845	99.9792	0.0182	0.99	AlfI:99.95,AloI:99.97,BcgI:99.97,FalI:99.96	8071	62	6991	1052	115.16129032258064	ok	99.9556	gamma	99.9102	ok
NZ_CP038333.1	NZ_CP062761.1	99.9478	99.9548	0.9572	0.9723	0.00459	63	0.9914	510	0.070	0.9973	99.8631	99.9774	0.0155	0.85	AlfI:99.95,AloI:99.95,BcgI:99.96,FalI:99.95	8086	63	6984	1052	113.17460317460318	ok	99.9478	gamma	99.8912	ok
NZ_CP038333.1	NZ_CP062758.1	99.9528	99.9586	0.9555	0.9737	0.00438	60	0.9919	497	0.070	0.9975	99.8727	99.9797	0.0154	0.67	AlfI:99.95,AloI:99.96,BcgI:99.96,FalI:99.96	8091	60	6993	1052	118.86666666666666	ok	99.9528	gamma	99.8998	ok
NZ_CP038333.1	NZ_CP062763.1	99.9525	99.9580	0.9525	0.9716	0.00442	65	0.9912	526	0.070	0.9975	99.8794	99.9774	0.0126	0.32	AlfI:99.95,AloI:99.96,BcgI:99.96,FalI:99.96	8078	65	6969	1052	109.61538461538461	ok	99.9525	gamma	99.9057	ok
NZ_CP038333.1	NZ_CP062766.1	99.9566	99.9614	0.9554	0.9743	0.00423	65	0.9912	523	0.070	0.9977	99.8845	99.9803	0.0155	0.72	AlfI:99.95,AloI:99.97,BcgI:99.97,FalI:99.96	8108	65	6993	1052	109.98461538461538	ok	99.9566	gamma	99.9102	ok
NZ_CP038333.1	NZ_CP062782.1	99.9517	99.9574	0.9619	0.9667	0.00444	59	0.9920	500	0.070	0.9974	99.8779	99.9769	0.0181	0.60	AlfI:99.95,AloI:99.97,BcgI:99.96,FalI:99.96	8148	59	7022	1052	121.1864406779661	ok	99.9517	gamma	99.9044	ok
NZ_CP038333.1	NZ_CP062769.1	99.9451	99.9530	0.9537	0.9729	0.00468	55	0.9925	371	0.070	0.9971	99.8537	99.9774	0.0137	0.33	AlfI:99.95,AloI:99.96,BcgI:99.96,FalI:99.95	7949	55	6990	1053	127.72727272727273	ok	99.9451	gamma	99.8829	ok
NZ_CP038333.1	NZ_CP062771.1	99.9506	99.9569	0.9618	0.9742	0.00446	61	0.9917	498	0.070	0.9974	99.8685	99.9787	0.0150	0.79	AlfI:99.95,AloI:99.96,BcgI:99.96,FalI:99.95	8088	61	7021	1052	117.24590163934427	ok	99.9506	gamma	99.8960	ok
NZ_CP038333.1	NZ_CP062774.1	99.9538	99.9595	0.9548	0.9670	0.00434	64	0.9913	512	0.070	0.9975	99.8703	99.9815	0.0174	1.05	AlfI:99.95,AloI:99.95,BcgI:99.97,FalI:99.96	8089	64	6989	1052	111.5	ok	99.9538	gamma	99.8976	ok
NZ_CP038339.1	NZ_CP038342.1	99.9670	99.9698	0.9563	0.9758	0.00375	55	0.9925	367	0.070	0.9982	99.9102	99.9844	0.0130	0.61	AlfI:99.97,AloI:99.97,BcgI:99.97,FalI:99.98	8088	55	6973	1052	128.16363636363636	ok	99.9670	gamma	99.9328	ok
NZ_CP038339.1	NZ_CP038344.1	99.9480	99.9544	0.9443	0.9695	0.00463	50	0.9931	295	0.070	0.9972	99.8713	99.9748	0.0339	2.85	AlfI:99.93,AloI:99.97,BcgI:99.96,FalI:99.96	7783	50	6918	1368	138.32	ok	99.9480	gamma	99.8987	ok
NZ_CP038339.1	NZ_CP038346.1	99.9653	99.9680	0.9648	0.9546	0.00385	61	0.9917	466	0.070	0.9981	99.9153	99.9810	0.0179	0.47	AlfI:99.97,AloI:99.97,BcgI:99.97,FalI:99.95	8050	61	6998	1370	117.09836065573771	ok	99.9653	gamma	99.9371	ok
NZ_CP038339.1	NZ_CP038349.1	99.9583	99.9626	0.9509	0.9728	0.00418	48	0.9934	336	0.070	0.9977	99.8932	99.9796	0.0341	0.72	AlfI:99.96,AloI:99.94,BcgI:99.96,FalI:99.97	7994	48	6941	1052	145.5625	ok	99.9583	gamma	99.9179	ok
NZ_CP038339.1	NZ_CP038351.1	99.9639	99.9670	0.9583	0.9650	0.00391	61	0.9917	430	0.070	0.9980	99.9080	99.9815	0.0257	0.54	AlfI:99.97,AloI:99.95,BcgI:99.97,FalI:99.97	8150	61	6982	1413	116.42622950819673	ok	99.9639	gamma	99.9308	ok
NZ_CP038339.1	NZ_CP038353.1	99.9787	99.9787	0.9653	0.9787	0.00314	48	0.9935	383	inf	0.9987	99.9224	99.9925	0.0173	0.48	AlfI:99.98,AloI:99.99,BcgI:99.98,FalI:99.97	8029	48	7006	1415	147.95833333333334	ok	99.9787	uniform	99.9432	ok
NZ_CP038339.1	NZ_CP038355.1	99.9522	99.9570	0.9486	0.9669	0.00449	58	0.9920	348	0.070	0.9974	99.8955	99.9720	0.0188	0.44	AlfI:99.96,AloI:99.95,BcgI:99.96,FalI:99.94	7890	58	6938	1053	120.6896551724138	ok	99.9522	gamma	99.9200	ok
NZ_CP038339.1	NZ_CP038357.1	99.9616	99.9655	0.9562	0.9700	0.00401	58	0.9921	410	0.070	0.9979	99.8934	99.9832	0.0237	0.83	AlfI:99.97,AloI:99.95,BcgI:99.96,FalI:99.98	8098	58	6959	983	121.60344827586206	ok	99.9616	gamma	99.9181	ok
NZ_CP038339.1	NZ_CP038360.1	99.9694	99.9718	0.9707	0.9827	0.00361	43	0.9943	324	0.070	0.9983	99.9155	99.9856	0.0205	0.92	AlfI:99.98,AloI:99.96,BcgI:99.97,FalI:99.96	7999	43	7021	1416	164.53488372093022	ok	99.9694	gamma	99.9373	ok
NZ_CP038339.1	NZ_CP038366.1	99.9504	99.9557	0.9725	0.9746	0.00452	45	0.9939	356	0.070	0.9973	99.8876	99.9724	0.0177	0.84	AlfI:99.95,AloI:99.97,BcgI:99.95,FalI:99.97	7988	45	7041	1413	157.6888888888889	ok	99.9504	gamma	99.9129	ok
NZ_CP038339.1	NZ_CP038372.1	99.9591	99.9632	0.9552	0.9657	0.00414	58	0.9921	428	0.070	0.9978	99.8936	99.9803	0.0321	0.98	AlfI:99.97,AloI:99.94,BcgI:99.96,FalI:99.97	8224	58	6968	1052	122.13793103448276	ok	99.9591	gamma	99.9182	ok
NZ_CP038339.1	NZ_CP038402.1	99.9489	99.9545	0.9482	0.9530	0.00461	54	0.9925	327	0.070	0.9972	99.8859	99.9714	0.0205	0.71	AlfI:99.96,AloI:99.95,BcgI:99.95,FalI:99.94	7852	54	6930	904	128.7962962962963	ok	99.9489	gamma	99.9115	ok
NZ_CP038339.1	NZ_CP038414.1	99.9674	99.9697	0.9527	0.9663	0.00376	60	0.9918	462	0.070	0.9982	99.9242	99.9808	0.0232	0.86	AlfI:99.97,AloI:99.97,BcgI:99.97,FalI:99.95	8048	60	6949	1371	118.33333333333333	ok	99.9674	gamma	99.9448	ok
NZ_CP038339.1	NZ_CP038416.1	99.9959	99.9959	0.9795	0.9759	0.00135	38	0.9950	371	inf	0.9997	99.9837	99.9989	0.0053	0.08	AlfI:99.99,AloI:100.00,BcgI:100.00,FalI:100.00	8041	38	7072	1416	188.47368421052633	ok	99.9959	uniform	99.9924	ok
NZ_CP038339.1	NZ_CP039834.1	99.9610	99.9646	0.9571	0.9727	0.00406	51	0.9931	378	0.070	0.9978	99.9007	99.9803	0.0133	0.45	AlfI:99.97,AloI:99.97,BcgI:99.96,FalI:99.97	8012	51	6970	1414	138.47058823529412	ok	99.9610	gamma	99.9245	ok
NZ_CP038339.1	NZ_CP062778.1	99.9354	99.9457	0.9555	0.9615	0.00504	61	0.9916	412	0.070	0.9967	99.8387	99.9720	0.0155	0.33	AlfI:99.95,AloI:99.94,BcgI:99.95,FalI:99.93	7978	61	6953	1051	115.65573770491804	ok	99.9354	gamma	99.8694	ok
NZ_CP038339.1	NZ_CP062700.1	99.9348	99.9452	0.9560	0.9658	0.00506	54	0.9926	365	0.070	0.9967	99.8387	99.9714	0.0200	0.46	AlfI:99.95,AloI:99.94,BcgI:99.95,FalI:99.93	7928	54	6953	1051	129.9814814814815	ok	99.9348	gamma	99.8694	ok
NZ_CP038339.1	NZ_CP062702.1	99.9672	99.9695	0.9476	0.9595	0.00378	50	0.9931	366	0.070	0.9981	99.9213	99.9813	0.0082	0.29	AlfI:99.97,AloI:99.97,BcgI:99.97,FalI:99.97	7874	50	6909	1371	139.5	ok	99.9672	gamma	99.9424	ok
NZ_CP038339.1	NZ_CP062705.1	99.9613	99.9655	0.9565	0.9663	0.00401	63	0.9914	451	0.070	0.9979	99.8864	99.9849	0.0141	0.39	AlfI:99.96,AloI:99.97,BcgI:99.97,FalI:99.97	7989	63	6965	1412	112.53968253968254	ok	99.9613	gamma	99.9120	ok
NZ_CP038339.1	NZ_CP062708.1	99.9620	99.9660	0.9565	0.9663	0.00398	63	0.9914	451	0.070	0.9979	99.8888	99.9849	0.0141	0.42	AlfI:99.96,AloI:99.97,BcgI:99.97,FalI:99.97	7989	63	6965	1413	112.55555555555556	ok	99.9620	gamma	99.9140	ok
NZ_CP038339.1	NZ_CP062711.1	99.9620	99.9660	0.9565	0.9725	0.00398	63	0.9914	451	0.070	0.9979	99.8888	99.9849	0.0141	0.42	AlfI:99.96,AloI:99.97,BcgI:99.97,FalI:99.97	7989	63	6965	1413	112.55555555555556	ok	99.9620	gamma	99.9140	ok
NZ_CP038339.1	NZ_CP062713.1	99.9613	99.9655	0.9565	0.9727	0.00401	63	0.9914	451	0.070	0.9979	99.8864	99.9849	0.0141	0.39	AlfI:99.96,AloI:99.97,BcgI:99.97,FalI:99.97	7989	63	6965	1412	112.53968253968254	ok	99.9613	gamma	99.9120	ok
NZ_CP038339.1	NZ_CP062715.1	99.9646	99.9681	0.9521	0.9703	0.00386	65	0.9911	452	0.070	0.9981	99.8930	99.9866	0.0071	0.18	AlfI:99.97,AloI:99.97,BcgI:99.97,FalI:99.97	8004	65	6929	1413	108.72307692307692	ok	99.9646	gamma	99.9178	ok
NZ_CP038339.1	NZ_CP062717.1	99.9653	99.9687	0.9559	0.9704	0.00382	64	0.9913	449	0.070	0.9981	99.8958	99.9866	0.0071	0.16	AlfI:99.97,AloI:99.97,BcgI:99.97,FalI:99.97	8012	64	6958	1414	110.796875	ok	99.9653	gamma	99.9202	ok
NZ_CP038339.1	NZ_CP062719.1	99.9639	99.9674	0.9585	0.9640	0.00390	56	0.9923	401	0.070	0.9980	99.8983	99.9843	0.0127	0.20	AlfI:99.97,AloI:99.96,BcgI:99.97,FalI:99.97	7976	56	6969	1413	125.91071428571429	ok	99.9639	gamma	99.9224	ok
NZ_CP038339.1	NZ_CP062721.1	99.9622	99.9660	0.9585	0.9640	0.00398	56	0.9923	401	0.070	0.9979	99.8960	99.9832	0.0059	0.05	AlfI:99.97,AloI:99.96,BcgI:99.97,FalI:99.97	7976	56	6969	1412	125.89285714285714	ok	99.9622	gamma	99.9203	ok
NZ_CP038339.1	NZ_CP062723.1	99.9640	99.9678	0.9559	0.9718	0.00388	65	0.9911	452	0.070	0.9980	99.8887	99.9872	0.0071	0.10	AlfI:99.97,AloI:99.97,BcgI:99.97,FalI:99.97	8013	65	6958	1413	109.12307692307692	ok	99.9640	gamma	99.9140	ok
NZ_CP038339.1	NZ_CP062725.1	99.9646	99.9683	0.9559	0.9723	0.00385	58	0.9921	415	0.070	0.9981	99.8911	99.9872	0.0071	0.19	AlfI:99.97,AloI:99.97,BcgI:99.97,FalI:99.97	8022	58	6958	1413	121.63793103448276	ok	99.9646	gamma	99.9160	ok
NZ_CP038339.1	NZ_CP062727.1	99.9659	99.9692	0.9584	0.9713	0.00378	61	0.9917	446	0.070	0.9981	99.8960	99.9872	0.0071	0.15	AlfI:99.97,AloI:99.97,BcgI:99.97,FalI:99.97	7999	61	6969	1414	116.32786885245902	ok	99.9659	gamma	99.9203	ok
NZ_CP038339.1	NZ_CP062729.1	99.9653	99.9687	0.9558	0.9709	0.00382	64	0.9913	449	0.070	0.9981	99.8958	99.9866	0.0071	0.16	AlfI:99.97,AloI:99.97,BcgI:99.97,FalI:99.97	8015	64	6958	1414	110.796875	ok	99.9653	gamma	99.9202	ok
NZ_CP038339.1	NZ_CP062780.1	99.9647	99.9683	0.9559	0.9703	0.00385	64	0.9913	449	0.070	0.9981	99.8934	99.9866	0.0071	0.19	AlfI:99.97,AloI:99.97,BcgI:99.97,FalI:99.97	8015	64	6958	1413	110.78125	ok	99.9647	gamma	99.9181	ok
NZ_CP038339.1	NZ_CP062731.1	99.9653	99.9687	0.9559	0.9703	0.00382	64	0.9913	449	0.070	0.9981	99.8958	99.9866	0.0071	0.16	AlfI:99.97,AloI:99.97,BcgI:99.97,FalI:99.97	8015	64	6958	1414	110.796875	ok	99.9653	gamma	99.9202	ok
NZ_CP038339.1	NZ_CP062733.1	99.9653	99.9687	0.9559	0.9697	0.00382	63	0.9914	446	0.070	0.9981	99.8958	99.9866	0.0071	0.16	AlfI:99.97,AloI:99.97,BcgI:99.97,FalI:99.97	8016	63	6958	1414	112.47619047619048	ok	99.9653	gamma	99.9202	ok
NZ_CP038339.1	NZ_CP062739.1	99.9665	99.9697	0.9559	0.9698	0.00376	67	0.9911	861	0.070	0.9982	99.8982	99.9872	0.0125	0.40	AlfI:99.97,AloI:99.98,BcgI:99.97,FalI:99.97	8241	67	6958	1413	109.14925373134328	ok	99.9665	gamma	99.9223	ok
NZ_CP038339.1	NZ_CP062736.1	99.9653	99.9687	0.9559	0.9697	0.00382	64	0.9913	449	0.070	0.9981	99.8958	99.9866	0.0071	0.16	AlfI:99.97,AloI:99.97,BcgI:99.97,FalI:99.97	8015	64	6958	1414	110.796875	ok	99.9653	gamma	99.9202	ok
NZ_CP038339.1	NZ_CP062742.1	99.9658	99.9692	0.9584	0.9714	0.00378	61	0.9917	443	0.070	0.9981	99.8936	99.9878	0.0071	0.15	AlfI:99.97,AloI:99.97,BcgI:99.97,FalI:99.97	8021	61	6969	1414	116.34426229508196	ok	99.9658	gamma	99.9183	ok
NZ_CP038339.1	NZ_CP062744.1	99.9647	99.9683	0.9559	0.9703	0.00385	64	0.9913	449	0.070	0.9981	99.8934	99.9866	0.0071	0.19	AlfI:99.97,AloI:99.97,BcgI:99.97,FalI:99.97	8016	64	6958	1413	110.765625	ok	99.9647	gamma	99.9181	ok
NZ_CP038339.1	NZ_CP062746.1	99.9660	99.9692	0.9559	0.9703	0.00379	64	0.9913	449	0.070	0.9981	99.8982	99.9866	0.0060	0.13	AlfI:99.97,AloI:99.97,BcgI:99.97,FalI:99.97	8015	64	6958	1413	110.765625	ok	99.9660	gamma	99.9223	ok
NZ_CP038339.1	NZ_CP062749.1	99.9664	99.9697	0.9585	0.9704	0.00375	53	0.9927	379	0.070	0.9982	99.8960	99.9878	0.0063	0.06	AlfI:99.97,AloI:99.97,BcgI:99.97,FalI:99.97	7941	53	6969	1413	132.58490566037736	ok	99.9664	gamma	99.9203	ok
NZ_CP038339.1	NZ_CP062752.1	99.9643	99.9678	0.9556	0.9708	0.00388	66	0.9910	455	0.070	0.9980	99.8958	99.9855	0.0085	0.23	AlfI:99.97,AloI:99.97,BcgI:99.97,FalI:99.97	8014	66	6958	1413	107.51515151515152	ok	99.9643	gamma	99.9202	ok
NZ_CP038339.1	NZ_CP062755.1	99.9649	99.9683	0.9585	0.9691	0.00384	59	0.9920	432	0.070	0.9981	99.8960	99.9861	0.0071	0.19	AlfI:99.97,AloI:99.97,BcgI:99.97,FalI:99.97	7997	59	6969	1413	120.05084745762711	ok	99.9649	gamma	99.9203	ok
NZ_CP038339.1	NZ_CP062761.1	99.9678	99.9705	0.9545	0.9713	0.00371	61	0.9916	443	0.070	0.9982	99.9074	99.9860	0.0102	0.30	AlfI:99.97,AloI:99.97,BcgI:99.97,FalI:99.98	7995	61	6937	1414	115.8360655737705	ok	99.9678	gamma	99.9303	ok
NZ_CP038339.1	NZ_CP062758.1	99.9630	99.9669	0.9585	0.9708	0.00393	61	0.9917	442	0.070	0.9980	99.8889	99.9861	0.0089	0.29	AlfI:99.97,AloI:99.97,BcgI:99.97,FalI:99.97	8015	61	6969	1414	116.26229508196721	ok	99.9630	gamma	99.9141	ok
NZ_CP038339.1	NZ_CP062763.1	99.9632	99.9668	0.9556	0.9710	0.00394	63	0.9914	453	0.070	0.9980	99.8956	99.9843	0.0150	0.58	AlfI:99.97,AloI:99.97,BcgI:99.96,FalI:99.98	8007	63	6945	1414	112.3015873015873	ok	99.9632	gamma	99.9201	ok
NZ_CP038339.1	NZ_CP062766.1	99.9649	99.9683	0.9584	0.9709	0.00384	56	0.9923	405	0.070	0.9981	99.8960	99.9861	0.0071	0.19	AlfI:99.97,AloI:99.97,BcgI:99.97,FalI:99.97	8008	56	6969	1414	125.96428571428571	ok	99.9649	gamma	99.9203	ok
NZ_CP038339.1	NZ_CP062782.1	99.9652	99.9688	0.9584	0.9636	0.00381	50	0.9932	367	0.070	0.9981	99.8912	99.9878	0.0071	0.16	AlfI:99.97,AloI:99.97,BcgI:99.97,FalI:99.97	7995	50	6969	1414	140.42	ok	99.9652	gamma	99.9162	ok
NZ_CP038339.1	NZ_CP062769.1	99.9564	99.9612	0.9524	0.9659	0.00426	53	0.9927	337	0.070	0.9976	99.8861	99.9796	0.0280	0.51	AlfI:99.96,AloI:99.94,BcgI:99.96,FalI:99.97	7877	53	6943	1414	131.9245283018868	ok	99.9564	gamma	99.9117	ok
NZ_CP038339.1	NZ_CP062771.1	99.9665	99.9697	0.9584	0.9713	0.00375	57	0.9922	417	0.070	0.9982	99.8983	99.9872	0.0063	0.07	AlfI:99.97,AloI:99.97,BcgI:99.97,FalI:99.97	7978	57	6969	1414	123.98245614035088	ok	99.9665	gamma	99.9224	ok
NZ_CP038339.1	NZ_CP062774.1	99.9612	99.9654	0.9556	0.9636	0.00402	64	0.9912	449	0.070	0.9979	99.8839	99.9855	0.0085	0.07	AlfI:99.97,AloI:99.96,BcgI:99.97,FalI:99.97	8011	64	6958	1412	110.640625	ok	99.9612	gamma	99.9098	ok
NZ_CP038342.1	NZ_CP038344.1	99.9321	99.9433	0.9576	0.9738	0.00515	49	0.9932	304	0.070	0.9966	99.8339	99.9702	0.0444	2.87	AlfI:99.93,AloI:99.97,BcgI:99.94,FalI:99.96	7928	49	6950	1082	141.42857142857142	ok	99.9321	gamma	99.8651	ok
NZ_CP038342.1	NZ_CP038346.1	99.9610	99.9648	0.9719	0.9549	0.00404	53	0.9928	455	0.070	0.9979	99.8966	99.9815	0.0309	1.44	AlfI:99.97,AloI:99.97,BcgI:99.96,FalI:99.94	8208	53	7010	1084	134.45283018867926	ok	99.9610	gamma	99.9208	ok
NZ_CP038342.1	NZ_CP038349.1	99.9869	99.9872	0.9798	0.9899	0.00242	40	0.9947	346	0.070	0.9992	99.9743	99.9903	0.0225	0.98	AlfI:99.99,AloI:99.97,BcgI:99.99,FalI:99.98	8266	40	7052	1131	177.85	ok	99.9869	gamma	99.9856	ok
NZ_CP038342.1	NZ_CP038351.1	99.9772	99.9785	0.9834	0.9836	0.00314	57	0.9924	511	0.070	0.9987	99.9371	99.9886	0.0110	0.84	AlfI:99.98,AloI:99.99,BcgI:99.98,FalI:99.99	8476	57	7070	1131	127.2280701754386	ok	99.9772	gamma	99.9556	ok
NZ_CP038342.1	NZ_CP038353.1	99.9377	99.9466	0.9698	0.9800	0.00498	58	0.9921	400	0.070	0.9968	99.8564	99.9688	0.0310	1.46	AlfI:99.96,AloI:99.96,BcgI:99.94,FalI:99.93	8136	58	7005	1128	121.96551724137932	ok	99.9377	gamma	99.8852	ok
NZ_CP038342.1	NZ_CP038355.1	99.9356	99.9453	0.9607	0.9784	0.00506	58	0.9920	410	0.070	0.9967	99.8483	99.9691	0.0212	0.72	AlfI:99.95,AloI:99.95,BcgI:99.94,FalI:99.93	8076	58	6959	1052	121.34482758620689	ok	99.9356	gamma	99.8781	ok
NZ_CP038342.1	NZ_CP038357.1	99.9853	99.9858	0.9862	0.9811	0.00255	50	0.9933	479	0.070	0.9991	99.9581	99.9926	0.0129	1.72	AlfI:99.99,AloI:99.99,BcgI:99.98,FalI:100.00	8442	50	7065	1131	144.4	ok	99.9853	gamma	99.9729	ok
NZ_CP038342.1	NZ_CP038360.1	99.9395	99.9473	0.9651	0.9733	0.00496	50	0.9931	342	0.070	0.9968	99.8700	99.9663	0.0303	1.44	AlfI:99.96,AloI:99.94,BcgI:99.94,FalI:99.93	8062	50	6973	1128	140.1	ok	99.9395	gamma	99.8974	ok
NZ_CP038342.1	NZ_CP038366.1	99.9397	99.9485	0.9720	0.9727	0.00489	49	0.9933	362	0.070	0.9969	99.8541	99.9717	0.0347	2.80	AlfI:99.95,AloI:99.97,BcgI:99.94,FalI:99.97	8087	49	7009	1127	143.81632653061226	ok	99.9397	gamma	99.8832	ok
NZ_CP038342.1	NZ_CP038372.1	99.9959	99.9959	0.9798	0.9854	0.00135	51	0.9932	522	inf	0.9997	99.9860	99.9983	0.0084	0.39	AlfI:100.00,AloI:100.00,BcgI:100.00,FalI:99.99	8542	51	7058	1132	142.27450980392157	ok	99.9959	uniform	99.9939	ok
NZ_CP038342.1	NZ_CP038402.1	99.9393	99.9485	0.9583	0.9625	0.00491	62	0.9914	407	0.070	0.9969	99.8481	99.9732	0.0326	1.90	AlfI:99.96,AloI:99.96,BcgI:99.94,FalI:99.93	8037	62	6949	929	112.90322580645162	ok	99.9393	gamma	99.8779	ok
NZ_CP038342.1	NZ_CP038414.1	99.9586	99.9624	0.9669	0.9670	0.00418	55	0.9926	479	0.070	0.9977	99.9034	99.9769	0.0227	0.81	AlfI:99.97,AloI:99.96,BcgI:99.96,FalI:99.95	8228	55	6990	1085	129.52727272727273	ok	99.9586	gamma	99.9268	ok
NZ_CP038342.1	NZ_CP038416.1	99.9592	99.9633	0.9693	0.9676	0.00413	48	0.9935	363	0.070	0.9978	99.8940	99.9803	0.0037	0.03	AlfI:99.96,AloI:99.96,BcgI:99.96,FalI:99.97	8054	48	6992	1128	146.64583333333334	ok	99.9592	gamma	99.9185	ok
NZ_CP038342.1	NZ_CP039834.1	99.9582	99.9628	0.9699	0.9819	0.00415	49	0.9934	396	0.070	0.9977	99.8846	99.9821	0.0276	2.25	AlfI:99.97,AloI:99.96,BcgI:99.96,FalI:99.98	8196	49	6996	1129	144.73469387755102	ok	99.9582	gamma	99.9103	ok
NZ_CP038342.1	NZ_CP062778.1	99.9352	99.9454	0.9663	0.9694	0.00505	59	0.9919	430	0.070	0.9967	99.8416	99.9709	0.0134	0.51	AlfI:99.95,AloI:99.94,BcgI:99.94,FalI:99.95	8137	59	6974	1050	119.72881355932203	ok	99.9352	gamma	99.8719	ok
NZ_CP038342.1	NZ_CP062700.1	99.9346	99.9449	0.9663	0.9738	0.00507	53	0.9927	375	0.070	0.9967	99.8415	99.9703	0.0191	1.02	AlfI:99.96,AloI:99.95,BcgI:99.94,FalI:99.94	8071	53	6970	1050	132.41509433962264	ok	99.9346	gamma	99.8719	ok
NZ_CP038342.1	NZ_CP062702.1	99.9545	99.9595	0.9538	0.9600	0.00436	53	0.9927	355	0.070	0.9975	99.8854	99.9777	0.0242	1.72	AlfI:99.97,AloI:99.97,BcgI:99.95,FalI:99.97	7981	53	6904	1084	131.11320754716982	ok	99.9545	gamma	99.9112	ok
NZ_CP038342.1	NZ_CP062705.1	99.9560	99.9615	0.9709	0.9711	0.00423	56	0.9924	469	0.070	0.9977	99.8729	99.9832	0.0177	0.60	AlfI:99.96,AloI:99.97,BcgI:99.96,FalI:99.97	8178	56	7003	1127	127.05357142857143	ok	99.9560	gamma	99.8999	ok
NZ_CP038342.1	NZ_CP062708.1	99.9567	99.9619	0.9709	0.9711	0.00420	56	0.9924	469	0.070	0.9977	99.8752	99.9832	0.0167	0.52	AlfI:99.96,AloI:99.97,BcgI:99.96,FalI:99.97	8178	56	7003	1128	127.07142857142857	ok	99.9567	gamma	99.9020	ok
NZ_CP038342.1	NZ_CP062711.1	99.9567	99.9619	0.9709	0.9773	0.00420	56	0.9924	469	0.070	0.9977	99.8752	99.9832	0.0167	0.52	AlfI:99.96,AloI:99.97,BcgI:99.96,FalI:99.97	8178	56	7003	1128	127.07142857142857	ok	99.9567	gamma	99.9020	ok
NZ_CP038342.1	NZ_CP062713.1	99.9560	99.9615	0.9709	0.9775	0.00423	56	0.9924	469	0.070	0.9977	99.8729	99.9832	0.0177	0.60	AlfI:99.96,AloI:99.97,BcgI:99.96,FalI:99.97	8178	56	7003	1127	127.05357142857143	ok	99.9560	gamma	99.8999	ok
NZ_CP038342.1	NZ_CP062715.1	99.9546	99.9600	0.9714	0.9773	0.00431	59	0.9920	472	0.070	0.9976	99.8774	99.9803	0.0222	1.36	AlfI:99.97,AloI:99.96,BcgI:99.95,FalI:99.97	8209	59	6989	1128	120.50847457627118	ok	99.9546	gamma	99.9039	ok
NZ_CP038342.1	NZ_CP062717.1	99.9555	99.9606	0.9753	0.9775	0.00427	58	0.9921	469	0.070	0.9976	99.8802	99.9804	0.0212	1.24	AlfI:99.97,AloI:99.96,BcgI:99.95,FalI:99.97	8216	58	7018	1129	123	ok	99.9555	gamma	99.9064	ok
NZ_CP038342.1	NZ_CP062719.1	99.9524	99.9584	0.9781	0.9752	0.00439	55	0.9925	444	0.070	0.9975	99.8710	99.9798	0.0178	0.87	AlfI:99.96,AloI:99.96,BcgI:99.95,FalI:99.97	8189	55	7031	1128	129.38181818181818	ok	99.9524	gamma	99.8982	ok
NZ_CP038342.1	NZ_CP062721.1	99.9506	99.9570	0.9781	0.9753	0.00446	55	0.9925	444	0.070	0.9974	99.8687	99.9787	0.0135	0.66	AlfI:99.96,AloI:99.96,BcgI:99.95,FalI:99.96	8189	55	7031	1127	129.36363636363637	ok	99.9506	gamma	99.8961	ok
NZ_CP038342.1	NZ_CP062723.1	99.9578	99.9628	0.9688	0.9774	0.00416	57	0.9923	468	0.070	0.9977	99.8774	99.9838	0.0143	0.93	AlfI:99.97,AloI:99.97,BcgI:99.96,FalI:99.97	8192	57	6993	1128	124.70175438596492	ok	99.9578	gamma	99.9040	ok
NZ_CP038342.1	NZ_CP062725.1	99.9532	99.9592	0.9755	0.9779	0.00434	57	0.9923	466	0.070	0.9975	99.8685	99.9815	0.0251	1.91	AlfI:99.97,AloI:99.96,BcgI:99.95,FalI:99.97	8239	57	7020	1128	124.98245614035088	ok	99.9532	gamma	99.8960	ok
NZ_CP038342.1	NZ_CP062727.1	99.9603	99.9647	0.9715	0.9781	0.00404	55	0.9926	469	0.070	0.9979	99.8847	99.9844	0.0164	1.01	AlfI:99.97,AloI:99.97,BcgI:99.96,FalI:99.97	8182	55	7004	1129	129.43636363636364	ok	99.9603	gamma	99.9104	ok
NZ_CP038342.1	NZ_CP062729.1	99.9592	99.9638	0.9689	0.9776	0.00410	57	0.9923	467	0.070	0.9978	99.8845	99.9832	0.0174	1.01	AlfI:99.97,AloI:99.97,BcgI:99.96,FalI:99.97	8194	57	6993	1129	124.75438596491227	ok	99.9592	gamma	99.9102	ok
NZ_CP038342.1	NZ_CP062780.1	99.9586	99.9633	0.9688	0.9774	0.00413	57	0.9923	468	0.070	0.9978	99.8822	99.9832	0.0184	1.13	AlfI:99.97,AloI:99.97,BcgI:99.96,FalI:99.97	8194	57	6993	1128	124.73684210526316	ok	99.9586	gamma	99.9081	ok
NZ_CP038342.1	NZ_CP062731.1	99.9592	99.9638	0.9688	0.9774	0.00410	57	0.9923	468	0.070	0.9978	99.8845	99.9832	0.0174	1.01	AlfI:99.97,AloI:99.97,BcgI:99.96,FalI:99.97	8194	57	6993	1129	124.75438596491227	ok	99.9592	gamma	99.9102	ok
NZ_CP038342.1	NZ_CP062733.1	99.9597	99.9642	0.9688	0.9768	0.00408	57	0.9923	469	0.070	0.9978	99.8845	99.9838	0.0164	0.89	AlfI:99.97,AloI:99.97,BcgI:99.96,FalI:99.97	8195	57	6993	1129	124.73684210526316	ok	99.9597	gamma	99.9102	ok
NZ_CP038342.1	NZ_CP062739.1	99.9599	99.9642	0.9688	0.9771	0.00408	64	0.9916	911	0.070	0.9978	99.8869	99.9832	0.0186	1.40	AlfI:99.97,AloI:99.97,BcgI:99.96,FalI:99.97	8457	64	6993	1128	115.109375	ok	99.9599	gamma	99.9123	ok
NZ_CP038342.1	NZ_CP062736.1	99.9592	99.9638	0.9688	0.9768	0.00410	57	0.9923	468	0.070	0.9978	99.8845	99.9832	0.0174	1.01	AlfI:99.97,AloI:99.97,BcgI:99.96,FalI:99.97	8194	57	6993	1129	124.75438596491227	ok	99.9592	gamma	99.9102	ok
NZ_CP038342.1	NZ_CP062742.1	99.9590	99.9638	0.9715	0.9781	0.00410	55	0.9926	464	0.070	0.9978	99.8800	99.9844	0.0174	1.01	AlfI:99.97,AloI:99.97,BcgI:99.96,FalI:99.97	8199	55	7004	1129	129.43636363636364	ok	99.9590	gamma	99.9062	ok
NZ_CP038342.1	NZ_CP062744.1	99.9591	99.9638	0.9688	0.9774	0.00410	58	0.9921	475	0.070	0.9978	99.8822	99.9838	0.0186	1.28	AlfI:99.97,AloI:99.97,BcgI:99.96,FalI:99.97	8195	58	6993	1128	122.63793103448276	ok	99.9591	gamma	99.9081	ok
NZ_CP038342.1	NZ_CP062746.1	99.9598	99.9642	0.9688	0.9770	0.00408	58	0.9921	476	0.070	0.9978	99.8869	99.9832	0.0174	1.13	AlfI:99.97,AloI:99.97,BcgI:99.96,FalI:99.97	8195	58	6993	1128	122.63793103448276	ok	99.9598	gamma	99.9123	ok
NZ_CP038342.1	NZ_CP062749.1	99.9579	99.9629	0.9715	0.9776	0.00415	53	0.9928	423	0.070	0.9977	99.8776	99.9838	0.0174	0.83	AlfI:99.97,AloI:99.97,BcgI:99.96,FalI:99.97	8121	53	7004	1128	133.45283018867926	ok	99.9579	gamma	99.9041	ok
NZ_CP038342.1	NZ_CP062752.1	99.9570	99.9619	0.9683	0.9764	0.00421	58	0.9921	469	0.070	0.9977	99.8821	99.9815	0.0203	1.27	AlfI:99.97,AloI:99.97,BcgI:99.95,FalI:99.97	8194	58	6991	1129	122.58620689655173	ok	99.9570	gamma	99.9081	ok
NZ_CP038342.1	NZ_CP062755.1	99.9592	99.9638	0.9715	0.9754	0.00410	53	0.9928	456	0.070	0.9978	99.8823	99.9838	0.0176	0.98	AlfI:99.97,AloI:99.97,BcgI:99.96,FalI:99.97	8183	53	7004	1128	134.1509433962264	ok	99.9592	gamma	99.9083	ok
NZ_CP038342.1	NZ_CP062761.1	99.9582	99.9629	0.9741	0.9759	0.00415	57	0.9923	478	0.070	0.9977	99.8846	99.9821	0.0203	1.50	AlfI:99.97,AloI:99.97,BcgI:99.95,FalI:99.97	8201	57	6999	1129	124.89473684210526	ok	99.9582	gamma	99.9103	ok
NZ_CP038342.1	NZ_CP062758.1	99.9573	99.9624	0.9713	0.9774	0.00418	55	0.9926	471	0.070	0.9977	99.8776	99.9832	0.0215	1.71	AlfI:99.97,AloI:99.97,BcgI:99.95,FalI:99.97	8199	55	7004	1129	129.45454545454547	ok	99.9573	gamma	99.9041	ok
NZ_CP038342.1	NZ_CP062763.1	99.9568	99.9618	0.9683	0.9745	0.00421	55	0.9925	458	0.070	0.9977	99.8796	99.9820	0.0203	1.37	AlfI:99.97,AloI:99.96,BcgI:99.95,FalI:99.97	8186	55	6980	1129	128.8909090909091	ok	99.9568	gamma	99.9059	ok
NZ_CP038342.1	NZ_CP062766.1	99.9588	99.9634	0.9715	0.9782	0.00412	55	0.9925	458	0.070	0.9978	99.8847	99.9827	0.0184	1.13	AlfI:99.97,AloI:99.97,BcgI:99.96,FalI:99.97	8208	55	7004	1129	129.25454545454545	ok	99.9588	gamma	99.9104	ok
NZ_CP038342.1	NZ_CP062782.1	99.9533	99.9593	0.9780	0.9706	0.00434	53	0.9928	473	0.070	0.9975	99.8687	99.9816	0.0198	1.40	AlfI:99.97,AloI:99.97,BcgI:99.95,FalI:99.97	8244	53	7030	1128	134.56603773584905	ok	99.9533	gamma	99.8961	ok
NZ_CP038342.1	NZ_CP062769.1	99.9478	99.9550	0.9718	0.9778	0.00457	51	0.9930	362	0.070	0.9973	99.8611	99.9780	0.0266	2.64	AlfI:99.97,AloI:99.95,BcgI:99.94,FalI:99.97	8085	51	7006	1129	138	ok	99.9478	gamma	99.8894	ok
NZ_CP038342.1	NZ_CP062771.1	99.9553	99.9607	0.9780	0.9779	0.00426	56	0.9924	463	0.070	0.9976	99.8757	99.9816	0.0212	1.43	AlfI:99.97,AloI:99.96,BcgI:99.95,FalI:99.97	8189	56	7029	1129	127.35714285714286	ok	99.9553	gamma	99.9024	ok
NZ_CP038342.1	NZ_CP062774.1	99.9542	99.9600	0.9682	0.9703	0.00431	58	0.9921	470	0.070	0.9976	99.8703	99.9820	0.0170	1.16	AlfI:99.97,AloI:99.95,BcgI:99.95,FalI:99.97	8191	58	6991	1128	122.48275862068965	ok	99.9542	gamma	99.8976	ok
NZ_CP038344.1	NZ_CP038346.1	99.9384	99.9481	0.9775	0.9529	0.00493	51	0.9930	401	0.070	0.9968	99.8413	99.9744	0.0393	2.81	AlfI:99.93,AloI:99.97,BcgI:99.95,FalI:99.97	7895	51	6962	1367	137.62745098039215	ok	99.9384	gamma	99.8717	ok
NZ_CP038344.1	NZ_CP038349.1	99.9308	99.9429	0.9652	0.9655	0.00519	46	0.9936	296	0.070	0.9965	99.8256	99.9718	0.0441	3.78	AlfI:99.93,AloI:99.97,BcgI:99.94,FalI:99.97	7854	46	6905	1236	149.67391304347825	ok	99.9308	gamma	99.8577	ok
NZ_CP038344.1	NZ_CP038351.1	99.9346	99.9451	0.9717	0.9579	0.00507	57	0.9921	393	0.070	0.9967	99.8384	99.9714	0.0583	6.49	AlfI:99.92,AloI:99.96,BcgI:99.95,FalI:99.98	7991	57	6941	1366	122.82456140350877	ok	99.9346	gamma	99.8692	ok
NZ_CP038344.1	NZ_CP038353.1	99.9291	99.9404	0.9736	0.9736	0.00529	53	0.9927	345	0.070	0.9964	99.8408	99.9649	0.0568	5.23	AlfI:99.92,AloI:99.97,BcgI:99.95,FalI:99.97	7836	53	6941	1367	131.50943396226415	ok	99.9291	gamma	99.8713	ok
NZ_CP038344.1	NZ_CP038355.1	99.9319	99.9427	0.9701	0.9723	0.00519	55	0.9924	366	0.070	0.9965	99.8406	99.9678	0.0447	3.07	AlfI:99.92,AloI:99.96,BcgI:99.95,FalI:99.97	7809	55	6931	1500	126.83636363636364	ok	99.9319	gamma	99.8711	ok
NZ_CP038344.1	NZ_CP038357.1	99.9363	99.9467	0.9669	0.9590	0.00501	57	0.9921	387	0.070	0.9968	99.8352	99.9742	0.0470	4.25	AlfI:99.93,AloI:99.97,BcgI:99.95,FalI:99.98	7932	57	6906	1237	121.85964912280701	ok	99.9363	gamma	99.8664	ok
NZ_CP038344.1	NZ_CP038360.1	99.9287	99.9400	0.9651	0.9640	0.00532	49	0.9932	293	0.070	0.9964	99.8421	99.9641	0.0330	1.82	AlfI:99.92,AloI:99.95,BcgI:99.95,FalI:99.96	7737	49	6892	1368	140.55102040816325	ok	99.9287	gamma	99.8726	ok
NZ_CP038344.1	NZ_CP038366.1	99.9339	99.9447	0.9759	0.9671	0.00509	46	0.9937	332	0.070	0.9966	99.8363	99.9714	0.0582	7.43	AlfI:99.92,AloI:99.97,BcgI:99.95,FalI:99.98	7814	46	6954	1368	151.47826086956522	ok	99.9339	gamma	99.8673	ok
NZ_CP038344.1	NZ_CP038372.1	99.9291	99.9420	0.9671	0.9598	0.00522	54	0.9925	401	0.070	0.9965	99.8164	99.9730	0.0618	9.96	AlfI:99.93,AloI:99.99,BcgI:99.94,FalI:99.98	8041	54	6921	1237	129.14814814814815	ok	99.9291	gamma	99.8494	ok
NZ_CP038344.1	NZ_CP038402.1	99.9406	99.9491	0.9666	0.9560	0.00489	56	0.9922	361	0.070	0.9969	99.8544	99.9724	0.0410	3.01	AlfI:99.93,AloI:99.97,BcgI:99.95,FalI:99.97	7794	56	6909	1238	123.82142857142857	ok	99.9406	gamma	99.8836	ok
NZ_CP038344.1	NZ_CP038414.1	99.9342	99.9448	0.9774	0.9713	0.00508	49	0.9933	402	0.070	0.9966	99.8389	99.9709	0.0405	2.67	AlfI:99.93,AloI:99.97,BcgI:99.95,FalI:99.96	7898	49	6962	1495	143.22448979591837	ok	99.9342	gamma	99.8696	ok
NZ_CP038344.1	NZ_CP038416.1	99.9389	99.9479	0.9715	0.9612	0.00495	47	0.9935	312	0.070	0.9968	99.8524	99.9713	0.0528	4.76	AlfI:99.92,AloI:99.97,BcgI:99.96,FalI:99.97	7786	47	6928	1368	147.51063829787233	ok	99.9389	gamma	99.8818	ok
NZ_CP038344.1	NZ_CP039834.1	99.9360	99.9466	0.9761	0.9790	0.00500	52	0.9929	367	0.070	0.9968	99.8340	99.9743	0.0541	5.89	AlfI:99.93,AloI:99.96,BcgI:99.95,FalI:99.98	7867	52	6955	1495	134.73076923076923	ok	99.9360	gamma	99.8652	ok
NZ_CP038344.1	NZ_CP062778.1	99.9297	99.9417	0.9707	0.9650	0.00523	57	0.9921	397	0.070	0.9965	99.8286	99.9695	0.0406	2.33	AlfI:99.93,AloI:99.95,BcgI:99.94,FalI:99.97	7839	57	6929	1499	122.59649122807018	ok	99.9297	gamma	99.8603	ok
NZ_CP038344.1	NZ_CP062700.1	99.9293	99.9412	0.9712	0.9690	0.00526	50	0.9931	341	0.070	0.9964	99.8310	99.9684	0.0389	2.11	AlfI:99.93,AloI:99.95,BcgI:99.95,FalI:99.96	7787	50	6929	1499	138.82	ok	99.9293	gamma	99.8625	ok
NZ_CP038344.1	NZ_CP062702.1	99.9465	99.9541	0.9637	0.9618	0.00466	51	0.9929	350	0.070	0.9972	99.8561	99.9782	0.0466	8.12	AlfI:99.94,AloI:99.99,BcgI:99.95,FalI:99.99	7772	51	6875	1368	135.49019607843138	ok	99.9465	gamma	99.8852	ok
NZ_CP038344.1	NZ_CP062705.1	99.9281	99.9417	0.9735	0.9651	0.00523	55	0.9924	410	0.070	0.9965	99.8122	99.9736	0.0466	3.73	AlfI:99.92,AloI:99.97,BcgI:99.95,FalI:99.97	7876	55	6939	1367	127.30909090909091	ok	99.9281	gamma	99.8454	ok
NZ_CP038344.1	NZ_CP062708.1	99.9281	99.9417	0.9735	0.9651	0.00523	55	0.9924	410	0.070	0.9965	99.8122	99.9736	0.0466	3.73	AlfI:99.92,AloI:99.97,BcgI:99.95,FalI:99.97	7876	55	6939	1367	127.30909090909091	ok	99.9281	gamma	99.8454	ok
NZ_CP038344.1	NZ_CP062711.1	99.9281	99.9417	0.9735	0.9713	0.00523	55	0.9924	410	0.070	0.9965	99.8122	99.9736	0.0466	3.73	AlfI:99.92,AloI:99.97,BcgI:99.95,FalI:99.97	7876	55	6939	1367	127.30909090909091	ok	99.9281	gamma	99.8454	ok
NZ_CP038344.1	NZ_CP062713.1	99.9281	99.9417	0.9735	0.9715	0.00523	55	0.9924	410	0.070	0.9965	99.8122	99.9736	0.0466	3.73	AlfI:99.92,AloI:99.97,BcgI:99.95,FalI:99.97	7876	55	6939	1367	127.30909090909091	ok	99.9281	gamma	99.8454	ok
NZ_CP038344.1	NZ_CP062715.1	99.9350	99.9462	0.9690	0.9709	0.00504	57	0.9921	412	0.070	0.9967	99.8280	99.9753	0.0456	3.32	AlfI:99.93,AloI:99.96,BcgI:99.95,FalI:99.97	7856	57	6904	1368	122.40350877192982	ok	99.9350	gamma	99.8598	ok
NZ_CP038344.1	NZ_CP062717.1	99.9326	99.9445	0.9729	0.9711	0.00511	56	0.9923	410	0.070	0.9966	99.8239	99.9742	0.0483	3.70	AlfI:99.93,AloI:99.96,BcgI:99.95,FalI:99.97	7882	56	6932	1368	125	ok	99.9326	gamma	99.8561	ok
NZ_CP038344.1	NZ_CP062719.1	99.9323	99.9441	0.9742	0.9645	0.00512	52	0.9928	383	0.070	0.9966	99.8264	99.9731	0.0568	5.33	AlfI:99.92,AloI:99.96,BcgI:99.95,FalI:99.98	7876	52	6937	1042	134.26923076923077	ok	99.9323	gamma	99.8584	ok
NZ_CP038344.1	NZ_CP062721.1	99.9311	99.9431	0.9742	0.9646	0.00517	52	0.9928	383	0.070	0.9965	99.8264	99.9719	0.0480	3.55	AlfI:99.92,AloI:99.96,BcgI:99.95,FalI:99.97	7876	52	6937	1042	134.26923076923077	ok	99.9311	gamma	99.8584	ok
NZ_CP038344.1	NZ_CP062723.1	99.9334	99.9450	0.9729	0.9711	0.00508	55	0.9924	406	0.070	0.9967	99.8263	99.9742	0.0469	3.52	AlfI:99.93,AloI:99.96,BcgI:99.95,FalI:99.97	7879	55	6932	1368	127.14545454545454	ok	99.9334	gamma	99.8582	ok
NZ_CP038344.1	NZ_CP062725.1	99.9334	99.9450	0.9729	0.9717	0.00508	55	0.9924	408	0.070	0.9967	99.8263	99.9742	0.0469	3.52	AlfI:99.93,AloI:99.96,BcgI:99.95,FalI:99.97	7900	55	6932	1368	127.16363636363636	ok	99.9334	gamma	99.8582	ok
NZ_CP038344.1	NZ_CP062727.1	99.9321	99.9446	0.9752	0.9721	0.00510	53	0.9927	407	0.070	0.9966	99.8170	99.9760	0.0510	4.39	AlfI:99.92,AloI:99.97,BcgI:99.95,FalI:99.97	7882	53	6943	1368	132.16981132075472	ok	99.9321	gamma	99.8498	ok
NZ_CP038344.1	NZ_CP062729.1	99.9326	99.9445	0.9729	0.9715	0.00511	55	0.9924	406	0.070	0.9966	99.8239	99.9742	0.0483	3.70	AlfI:99.93,AloI:99.96,BcgI:99.95,FalI:99.97	7880	55	6932	1368	127.2	ok	99.9326	gamma	99.8561	ok
NZ_CP038344.1	NZ_CP062780.1	99.9326	99.9445	0.9721	0.9702	0.00511	56	0.9923	410	0.070	0.9966	99.8239	99.9742	0.0483	3.70	AlfI:99.93,AloI:99.96,BcgI:99.95,FalI:99.97	7880	56	6931	1368	124.98214285714286	ok	99.9326	gamma	99.8561	ok
NZ_CP038344.1	NZ_CP062731.1	99.9326	99.9445	0.9721	0.9702	0.00511	56	0.9923	410	0.070	0.9966	99.8239	99.9742	0.0483	3.70	AlfI:99.93,AloI:99.96,BcgI:99.95,FalI:99.97	7880	56	6931	1368	124.98214285714286	ok	99.9326	gamma	99.8561	ok
NZ_CP038344.1	NZ_CP062733.1	99.9337	99.9454	0.9721	0.9696	0.00506	55	0.9924	406	0.070	0.9967	99.8239	99.9754	0.0483	3.70	AlfI:99.93,AloI:99.96,BcgI:99.95,FalI:99.97	7880	55	6931	1368	127.18181818181819	ok	99.9337	gamma	99.8561	ok
NZ_CP038344.1	NZ_CP062739.1	99.9334	99.9450	0.9721	0.9698	0.00508	63	0.9916	836	0.070	0.9967	99.8263	99.9742	0.0469	3.85	AlfI:99.93,AloI:99.97,BcgI:99.95,FalI:99.97	8122	63	6931	1368	114.93650793650794	ok	99.9334	gamma	99.8582	ok
NZ_CP038344.1	NZ_CP062736.1	99.9326	99.9445	0.9721	0.9696	0.00511	56	0.9923	410	0.070	0.9966	99.8239	99.9742	0.0483	3.70	AlfI:99.93,AloI:99.96,BcgI:99.95,FalI:99.97	7880	56	6931	1368	124.98214285714286	ok	99.9326	gamma	99.8561	ok
NZ_CP038344.1	NZ_CP062742.1	99.9324	99.9450	0.9752	0.9719	0.00508	53	0.9927	407	0.070	0.9967	99.8146	99.9772	0.0510	4.39	AlfI:99.92,AloI:99.97,BcgI:99.95,FalI:99.97	7886	53	6943	1368	132.11320754716982	ok	99.9324	gamma	99.8477	ok
NZ_CP038344.1	NZ_CP062744.1	99.9326	99.9445	0.9721	0.9702	0.00511	55	0.9924	406	0.070	0.9966	99.8239	99.9742	0.0483	3.70	AlfI:99.93,AloI:99.96,BcgI:99.95,FalI:99.97	7880	55	6931	1368	127.18181818181819	ok	99.9326	gamma	99.8561	ok
NZ_CP038344.1	NZ_CP062746.1	99.9326	99.9445	0.9729	0.9707	0.00511	55	0.9924	406	0.070	0.9966	99.8239	99.9742	0.0483	3.70	AlfI:99.93,AloI:99.96,BcgI:99.95,FalI:99.97	7880	55	6932	1368	127.2	ok	99.9326	gamma	99.8561	ok
NZ_CP038344.1	NZ_CP062749.1	99.9291	99.9422	0.9752	0.9715	0.00521	53	0.9927	390	0.070	0.9965	99.8170	99.9731	0.0509	3.92	AlfI:99.92,AloI:99.95,BcgI:99.95,FalI:99.97	7869	53	6943	1368	131.8679245283019	ok	99.9291	gamma	99.8498	ok
NZ_CP038344.1	NZ_CP062752.1	99.9306	99.9431	0.9723	0.9701	0.00517	57	0.9921	411	0.070	0.9965	99.8215	99.9730	0.0483	3.75	AlfI:99.93,AloI:99.96,BcgI:99.95,FalI:99.97	7879	57	6930	1367	122.78947368421052	ok	99.9306	gamma	99.8539	ok
NZ_CP038344.1	NZ_CP062755.1	99.9318	99.9441	0.9752	0.9712	0.00512	52	0.9929	402	0.070	0.9966	99.8194	99.9748	0.0579	6.26	AlfI:99.92,AloI:99.98,BcgI:99.95,FalI:99.97	7882	52	6943	1368	134.59615384615384	ok	99.9318	gamma	99.8520	ok
NZ_CP038344.1	NZ_CP062761.1	99.9372	99.9481	0.9710	0.9715	0.00494	53	0.9927	406	0.070	0.9968	99.8258	99.9783	0.0538	6.10	AlfI:99.93,AloI:99.98,BcgI:99.95,FalI:99.98	7863	53	6912	1368	131.66037735849056	ok	99.9372	gamma	99.8578	ok
NZ_CP038344.1	NZ_CP062758.1	99.9293	99.9427	0.9752	0.9710	0.00519	52	0.9929	404	0.070	0.9965	99.8123	99.9748	0.0514	5.18	AlfI:99.92,AloI:99.97,BcgI:99.95,FalI:99.97	7884	52	6943	1368	134.59615384615384	ok	99.9293	gamma	99.8455	ok
NZ_CP038344.1	NZ_CP062763.1	99.9328	99.9449	0.9721	0.9703	0.00509	55	0.9924	409	0.070	0.9967	99.8212	99.9754	0.0514	4.58	AlfI:99.93,AloI:99.96,BcgI:99.95,FalI:99.98	7870	55	6920	1368	126.98181818181818	ok	99.9328	gamma	99.8537	ok
NZ_CP038344.1	NZ_CP062766.1	99.9300	99.9427	0.9752	0.9717	0.00519	54	0.9926	407	0.070	0.9965	99.8194	99.9731	0.0496	3.92	AlfI:99.92,AloI:99.96,BcgI:99.95,FalI:99.97	7910	54	6943	1368	129.72222222222223	ok	99.9300	gamma	99.8520	ok
NZ_CP038344.1	NZ_CP062782.1	99.9313	99.9441	0.9752	0.9581	0.00512	51	0.9930	387	0.070	0.9966	99.8146	99.9760	0.0510	4.40	AlfI:99.92,AloI:99.97,BcgI:99.95,FalI:99.97	7903	51	6943	1368	136.98039215686273	ok	99.9313	gamma	99.8477	ok
NZ_CP038344.1	NZ_CP062769.1	99.9290	99.9420	0.9685	0.9665	0.00523	47	0.9935	306	0.070	0.9965	99.8187	99.9724	0.0482	3.79	AlfI:99.93,AloI:99.96,BcgI:99.94,FalI:99.97	7774	47	6915	1368	146.93617021276594	ok	99.9290	gamma	99.8514	ok
NZ_CP038344.1	NZ_CP062771.1	99.9301	99.9432	0.9752	0.9717	0.00517	51	0.9930	397	0.070	0.9965	99.8146	99.9748	0.0524	4.27	AlfI:99.92,AloI:99.96,BcgI:99.95,FalI:99.97	7879	51	6943	1368	137.09803921568627	ok	99.9301	gamma	99.8477	ok
NZ_CP038344.1	NZ_CP062774.1	99.9286	99.9421	0.9723	0.9640	0.00522	56	0.9923	407	0.070	0.9965	99.8119	99.9742	0.0439	2.70	AlfI:99.93,AloI:99.95,BcgI:99.95,FalI:99.97	7875	56	6930	1367	124.83928571428571	ok	99.9286	gamma	99.8452	ok
NZ_CP038346.1	NZ_CP038349.1	99.9379	99.9484	0.9434	0.9776	0.00489	53	0.9929	373	0.070	0.9969	99.8306	99.9774	0.0378	0.96	AlfI:99.95,AloI:99.97,BcgI:99.95,FalI:99.93	8046	53	7013	1053	132.9056603773585	ok	99.9379	gamma	99.8620	ok
NZ_CP038346.1	NZ_CP038351.1	99.9492	99.9564	0.9573	0.9727	0.00447	69	0.9909	553	0.070	0.9974	99.8558	99.9811	0.0131	0.31	AlfI:99.95,AloI:99.96,BcgI:99.96,FalI:99.95	8335	69	7092	1369	105.27536231884058	ok	99.9492	gamma	99.8845	ok
NZ_CP038346.1	NZ_CP038353.1	99.9400	99.9493	0.9544	0.9819	0.00483	63	0.9916	465	0.070	0.9969	99.8437	99.9753	0.0519	5.39	AlfI:99.94,AloI:99.99,BcgI:99.95,FalI:99.94	8113	63	7070	1368	113.85714285714286	ok	99.9400	gamma	99.8737	ok
NZ_CP038346.1	NZ_CP038355.1	99.9345	99.9452	0.9508	0.9813	0.00502	62	0.9918	468	0.070	0.9967	99.8367	99.9719	0.0216	0.73	AlfI:99.94,AloI:99.96,BcgI:99.94,FalI:99.96	8089	62	7072	1054	115.95161290322581	ok	99.9345	gamma	99.8674	ok
NZ_CP038346.1	NZ_CP038357.1	99.9415	99.9510	0.9500	0.9708	0.00476	67	0.9911	500	0.070	0.9970	99.8361	99.9793	0.0332	0.75	AlfI:99.95,AloI:99.97,BcgI:99.95,FalI:99.93	8211	67	7044	939	106.82089552238806	ok	99.9415	gamma	99.8669	ok
NZ_CP038346.1	NZ_CP038360.1	99.9329	99.9435	0.9479	0.9721	0.00511	57	0.9924	395	0.070	0.9966	99.8428	99.9683	0.0554	1.85	AlfI:99.94,AloI:99.97,BcgI:99.95,FalI:99.91	7992	57	7029	1370	124.15789473684211	ok	99.9329	gamma	99.8729	ok
NZ_CP038346.1	NZ_CP038366.1	99.9224	99.9368	0.9659	0.9815	0.00538	47	0.9939	401	0.070	0.9962	99.8169	99.9663	0.0432	2.86	AlfI:99.93,AloI:99.97,BcgI:99.93,FalI:99.94	8085	47	7119	1368	152.29787234042553	ok	99.9224	gamma	99.8493	ok
NZ_CP038346.1	NZ_CP038372.1	99.9377	99.9483	0.9520	0.9769	0.00488	68	0.9910	602	0.070	0.9969	99.8294	99.9776	0.0329	1.05	AlfI:99.95,AloI:99.97,BcgI:99.94,FalI:99.93	8417	68	7060	1053	106.75	ok	99.9377	gamma	99.8608	ok
NZ_CP038346.1	NZ_CP038402.1	99.9432	99.9519	0.9434	0.9673	0.00472	64	0.9914	437	0.070	0.9971	99.8476	99.9775	0.0078	0.07	AlfI:99.95,AloI:99.95,BcgI:99.95,FalI:99.96	7992	64	7036	905	110.984375	ok	99.9432	gamma	99.8773	ok
NZ_CP038346.1	NZ_CP038414.1	99.9793	99.9804	0.9637	0.9823	0.00298	60	0.9922	598	0.070	0.9988	99.9376	99.9909	0.0203	2.52	AlfI:99.97,AloI:99.99,BcgI:99.98,FalI:99.99	8295	60	7123	1445	122.41666666666667	ok	99.9793	gamma	99.9559	ok
NZ_CP038346.1	NZ_CP038416.1	99.9337	99.9436	0.9700	0.9851	0.00507	58	0.9924	448	0.070	0.9966	99.8502	99.9666	0.0602	2.05	AlfI:99.94,AloI:99.96,BcgI:99.95,FalI:99.90	8135	58	7153	1370	124.75862068965517	ok	99.9337	gamma	99.8793	ok
NZ_CP038346.1	NZ_CP039834.1	99.9560	99.9614	0.9555	0.9882	0.00421	53	0.9931	472	0.070	0.9977	99.8742	99.9828	0.0174	0.48	AlfI:99.96,AloI:99.97,BcgI:99.96,FalI:99.97	8164	53	7074	1370	135.9245283018868	ok	99.9560	gamma	99.9009	ok
NZ_CP038346.1	NZ_CP062778.1	99.9233	99.9396	0.9556	0.9827	0.00528	61	0.9919	485	0.070	0.9963	99.7903	99.9765	0.0167	0.45	AlfI:99.93,AloI:99.94,BcgI:99.94,FalI:99.95	8126	61	7083	1052	117.93442622950819	ok	99.9233	gamma	99.8252	ok
NZ_CP038346.1	NZ_CP062700.1	99.9221	99.9387	0.9561	0.9872	0.00532	53	0.9930	412	0.070	0.9963	99.7903	99.9753	0.0124	0.33	AlfI:99.93,AloI:99.94,BcgI:99.94,FalI:99.94	8056	53	7083	1052	134.77358490566039	ok	99.9221	gamma	99.8252	ok
NZ_CP038346.1	NZ_CP062702.1	99.9403	99.9501	0.9411	0.9676	0.00482	55	0.9926	407	0.070	0.9970	99.8372	99.9779	0.0286	1.28	AlfI:99.95,AloI:99.97,BcgI:99.95,FalI:99.96	7958	55	6989	1369	128.1090909090909	ok	99.9403	gamma	99.8680	ok
NZ_CP038346.1	NZ_CP062705.1	99.9506	99.9577	0.9574	0.9752	0.00441	66	0.9913	599	0.070	0.9974	99.8533	99.9834	0.0538	8.22	AlfI:99.95,AloI:99.99,BcgI:99.96,FalI:99.94	8220	66	7081	1369	110.28787878787878	ok	99.9506	gamma	99.8823	ok
NZ_CP038346.1	NZ_CP062708.1	99.9524	99.9591	0.9570	0.9747	0.00434	66	0.9913	599	0.070	0.9975	99.8579	99.9840	0.0538	7.88	AlfI:99.95,AloI:99.99,BcgI:99.96,FalI:99.94	8220	66	7078	1369	110.27272727272727	ok	99.9524	gamma	99.8864	ok
NZ_CP038346.1	NZ_CP062711.1	99.9524	99.9591	0.9570	0.9810	0.00434	66	0.9913	599	0.070	0.9975	99.8579	99.9840	0.0538	7.88	AlfI:99.95,AloI:99.99,BcgI:99.96,FalI:99.94	8220	66	7078	1369	110.27272727272727	ok	99.9524	gamma	99.8864	ok
NZ_CP038346.1	NZ_CP062713.1	99.9511	99.9582	0.9574	0.9817	0.00438	66	0.9913	599	0.070	0.9975	99.8533	99.9840	0.0538	8.10	AlfI:99.95,AloI:99.99,BcgI:99.96,FalI:99.94	8220	66	7081	1369	110.28787878787878	ok	99.9511	gamma	99.8823	ok
NZ_CP038346.1	NZ_CP062715.1	99.9530	99.9598	0.9527	0.9803	0.00431	68	0.9910	599	0.070	0.9976	99.8525	99.9862	0.0432	3.04	AlfI:99.96,AloI:99.99,BcgI:99.96,FalI:99.94	8192	68	7045	1370	106.55882352941177	ok	99.9530	gamma	99.8816	ok
NZ_CP038346.1	NZ_CP062717.1	99.9545	99.9609	0.9559	0.9800	0.00424	67	0.9912	597	0.070	0.9976	99.8577	99.9862	0.0430	3.00	AlfI:99.96,AloI:99.99,BcgI:99.96,FalI:99.94	8221	67	7071	1370	108.5223880597015	ok	99.9545	gamma	99.8863	ok
NZ_CP038346.1	NZ_CP062719.1	99.9524	99.9591	0.9576	0.9726	0.00434	62	0.9918	553	0.070	0.9975	99.8578	99.9840	0.0366	1.87	AlfI:99.95,AloI:99.98,BcgI:99.96,FalI:99.94	8200	62	7076	1053	116.70967741935483	ok	99.9524	gamma	99.8864	ok
NZ_CP038346.1	NZ_CP062721.1	99.9499	99.9572	0.9580	0.9731	0.00443	62	0.9918	553	0.070	0.9974	99.8532	99.9828	0.0452	2.19	AlfI:99.95,AloI:99.98,BcgI:99.96,FalI:99.94	8200	62	7079	1053	116.7258064516129	ok	99.9499	gamma	99.8822	ok
NZ_CP038346.1	NZ_CP062723.1	99.9513	99.9586	0.9564	0.9808	0.00436	68	0.9911	601	0.070	0.9975	99.8485	99.9857	0.0474	3.36	AlfI:99.96,AloI:99.99,BcgI:99.96,FalI:99.94	8217	68	7074	1370	106.97058823529412	ok	99.9513	gamma	99.8779	ok
NZ_CP038346.1	NZ_CP062725.1	99.9499	99.9577	0.9590	0.9813	0.00441	63	0.9917	586	0.070	0.9974	99.8440	99.9857	0.0408	1.80	AlfI:99.96,AloI:99.98,BcgI:99.96,FalI:99.94	8256	63	7082	1370	115.25396825396825	ok	99.9499	gamma	99.8739	ok
NZ_CP038346.1	NZ_CP062727.1	99.9534	99.9600	0.9586	0.9812	0.00428	64	0.9916	588	0.070	0.9976	99.8556	99.9857	0.0430	3.14	AlfI:99.96,AloI:99.99,BcgI:99.96,FalI:99.94	8219	64	7082	1370	113.65625	ok	99.9534	gamma	99.8844	ok
NZ_CP038346.1	NZ_CP062729.1	99.9540	99.9604	0.9560	0.9806	0.00427	67	0.9912	598	0.070	0.9976	99.8577	99.9857	0.0430	3.02	AlfI:99.96,AloI:99.99,BcgI:99.96,FalI:99.94	8219	67	7071	1370	108.5223880597015	ok	99.9540	gamma	99.8863	ok
NZ_CP038346.1	NZ_CP062780.1	99.9526	99.9595	0.9560	0.9799	0.00431	67	0.9912	597	0.070	0.9975	99.8531	99.9857	0.0430	3.11	AlfI:99.96,AloI:99.99,BcgI:99.96,FalI:99.94	8219	67	7073	1370	108.5223880597015	ok	99.9526	gamma	99.8821	ok
NZ_CP038346.1	NZ_CP062731.1	99.9540	99.9604	0.9555	0.9794	0.00427	67	0.9912	597	0.070	0.9976	99.8577	99.9857	0.0430	3.03	AlfI:99.96,AloI:99.99,BcgI:99.96,FalI:99.94	8219	67	7070	1370	108.50746268656717	ok	99.9540	gamma	99.8863	ok
NZ_CP038346.1	NZ_CP062733.1	99.9540	99.9604	0.9555	0.9789	0.00427	67	0.9912	598	0.070	0.9976	99.8577	99.9857	0.0430	3.03	AlfI:99.96,AloI:99.99,BcgI:99.96,FalI:99.94	8220	67	7070	1370	108.49253731343283	ok	99.9540	gamma	99.8863	ok
NZ_CP038346.1	NZ_CP062739.1	99.9539	99.9604	0.9537	0.9775	0.00427	74	0.9906	1041	0.070	0.9976	99.8577	99.9857	0.0430	2.95	AlfI:99.96,AloI:99.99,BcgI:99.96,FalI:99.94	8485	74	7067	1370	101.72972972972973	ok	99.9539	gamma	99.8862	ok
NZ_CP038346.1	NZ_CP062736.1	99.9540	99.9604	0.9555	0.9788	0.00427	67	0.9912	597	0.070	0.9976	99.8577	99.9857	0.0430	3.03	AlfI:99.96,AloI:99.99,BcgI:99.96,FalI:99.94	8219	67	7070	1370	108.50746268656717	ok	99.9540	gamma	99.8863	ok
NZ_CP038346.1	NZ_CP062742.1	99.9538	99.9605	0.9586	0.9812	0.00426	64	0.9916	586	0.070	0.9976	99.8533	99.9868	0.0430	3.03	AlfI:99.96,AloI:99.99,BcgI:99.96,FalI:99.94	8223	64	7082	1370	113.640625	ok	99.9538	gamma	99.8823	ok
NZ_CP038346.1	NZ_CP062744.1	99.9526	99.9595	0.9560	0.9799	0.00431	67	0.9912	597	0.070	0.9975	99.8531	99.9857	0.0430	3.11	AlfI:99.96,AloI:99.99,BcgI:99.96,FalI:99.94	8220	67	7073	1370	108.50746268656717	ok	99.9526	gamma	99.8821	ok
NZ_CP038346.1	NZ_CP062746.1	99.9540	99.9604	0.9564	0.9804	0.00426	67	0.9912	597	0.070	0.9976	99.8578	99.9857	0.0430	2.96	AlfI:99.96,AloI:99.99,BcgI:99.96,FalI:99.94	8220	67	7074	1370	108.5223880597015	ok	99.9540	gamma	99.8863	ok
NZ_CP038346.1	NZ_CP062749.1	99.9504	99.9577	0.9590	0.9814	0.00441	59	0.9922	528	0.070	0.9974	99.8510	99.9840	0.0366	1.70	AlfI:99.95,AloI:99.98,BcgI:99.96,FalI:99.94	8152	59	7085	1370	122.27118644067797	ok	99.9504	gamma	99.8802	ok
NZ_CP038346.1	NZ_CP062752.1	99.9517	99.9586	0.9554	0.9794	0.00437	68	0.9911	598	0.070	0.9975	99.8554	99.9839	0.0430	3.26	AlfI:99.96,AloI:99.99,BcgI:99.96,FalI:99.94	8218	68	7069	1369	106.91176470588235	ok	99.9517	gamma	99.8842	ok
NZ_CP038346.1	NZ_CP062755.1	99.9521	99.9587	0.9590	0.9810	0.00435	62	0.9919	586	0.070	0.9975	99.8604	99.9828	0.0430	3.26	AlfI:99.96,AloI:99.99,BcgI:99.96,FalI:99.94	8223	62	7085	1370	117.2258064516129	ok	99.9521	gamma	99.8886	ok
NZ_CP038346.1	NZ_CP062761.1	99.9550	99.9612	0.9544	0.9808	0.00423	66	0.9913	604	0.070	0.9976	99.8597	99.9862	0.0388	2.78	AlfI:99.96,AloI:99.99,BcgI:99.96,FalI:99.95	8202	66	7050	1370	109.93939393939394	ok	99.9550	gamma	99.8880	ok
NZ_CP038346.1	NZ_CP062758.1	99.9508	99.9582	0.9584	0.9801	0.00438	64	0.9916	594	0.070	0.9975	99.8486	99.9851	0.0494	7.84	AlfI:99.96,AloI:99.99,BcgI:99.96,FalI:99.94	8225	64	7082	1370	113.6875	ok	99.9508	gamma	99.8781	ok
NZ_CP038346.1	NZ_CP062763.1	99.9540	99.9604	0.9555	0.9793	0.00427	67	0.9912	601	0.070	0.9976	99.8598	99.9851	0.0323	1.26	AlfI:99.96,AloI:99.98,BcgI:99.96,FalI:99.95	8212	67	7058	1370	108.31343283582089	ok	99.9540	gamma	99.8882	ok
NZ_CP038346.1	NZ_CP062766.1	99.9530	99.9596	0.9586	0.9810	0.00431	62	0.9919	578	0.070	0.9975	99.8580	99.9846	0.0430	3.17	AlfI:99.96,AloI:99.99,BcgI:99.96,FalI:99.94	8256	62	7082	1370	117.11290322580645	ok	99.9530	gamma	99.8865	ok
NZ_CP038346.1	NZ_CP062782.1	99.9493	99.9573	0.9617	0.9746	0.00443	57	0.9925	525	0.070	0.9974	99.8419	99.9857	0.0407	1.88	AlfI:99.95,AloI:99.98,BcgI:99.96,FalI:99.94	8206	57	7093	1370	126.6140350877193	ok	99.9493	gamma	99.8720	ok
NZ_CP038346.1	NZ_CP062769.1	99.9560	99.9617	0.9499	0.9746	0.00420	57	0.9924	463	0.070	0.9977	99.8667	99.9851	0.0389	2.62	AlfI:99.96,AloI:99.99,BcgI:99.96,FalI:99.95	8078	57	7049	1370	125.3859649122807	ok	99.9560	gamma	99.8943	ok
NZ_CP038346.1	NZ_CP062771.1	99.9528	99.9596	0.9586	0.9811	0.00431	63	0.9917	576	0.070	0.9975	99.8556	99.9851	0.0366	1.63	AlfI:99.96,AloI:99.98,BcgI:99.96,FalI:99.94	8203	63	7082	1370	115.22222222222223	ok	99.9528	gamma	99.8844	ok
NZ_CP038346.1	NZ_CP062774.1	99.9475	99.9558	0.9559	0.9737	0.00451	68	0.9911	599	0.070	0.9973	99.8414	99.9839	0.0344	0.99	AlfI:99.96,AloI:99.97,BcgI:99.96,FalI:99.94	8215	68	7072	1369	106.8529411764706	ok	99.9475	gamma	99.8716	ok
NZ_CP038349.1	NZ_CP038351.1	99.9749	99.9764	0.9832	0.9706	0.00331	50	0.9932	406	0.070	0.9986	99.9364	99.9862	0.0131	1.19	AlfI:99.97,AloI:99.99,BcgI:99.97,FalI:99.99	8278	50	6990	1409	142.18	ok	99.9749	gamma	99.9551	ok
NZ_CP038349.1	NZ_CP038353.1	99.9469	99.9536	0.9712	0.9685	0.00467	49	0.9933	334	0.070	0.9972	99.8716	99.9737	0.0351	2.39	AlfI:99.96,AloI:99.98,BcgI:99.95,FalI:99.95	8011	49	6931	1403	142.40816326530611	ok	99.9469	gamma	99.8989	ok
NZ_CP038349.1	NZ_CP038355.1	99.9481	99.9542	0.9611	0.9680	0.00465	49	0.9932	335	0.070	0.9972	99.8802	99.9724	0.0107	0.19	AlfI:99.96,AloI:99.95,BcgI:99.95,FalI:99.96	7926	49	6880	1052	141.46938775510205	ok	99.9481	gamma	99.9066	ok
NZ_CP038349.1	NZ_CP038357.1	99.9825	99.9833	0.9862	0.9695	0.00278	45	0.9939	395	0.070	0.9990	99.9482	99.9919	0.0159	2.46	AlfI:99.98,AloI:99.99,BcgI:99.98,FalI:100.00	8259	45	6985	1409	157.6	ok	99.9825	gamma	99.9649	ok
NZ_CP038349.1	NZ_CP038360.1	99.9468	99.9529	0.9665	0.9622	0.00471	44	0.9939	298	0.070	0.9971	99.8829	99.9701	0.0127	0.40	AlfI:99.96,AloI:99.96,BcgI:99.95,FalI:99.95	7948	44	6899	1405	157.36363636363637	ok	99.9468	gamma	99.9090	ok
NZ_CP038349.1	NZ_CP038366.1	99.9480	99.9546	0.9748	0.9715	0.00461	40	0.9945	310	0.070	0.9972	99.8718	99.9749	0.0351	4.81	AlfI:99.95,AloI:99.98,BcgI:99.95,FalI:99.98	7971	40	6941	1404	174.125	ok	99.9480	gamma	99.8990	ok
NZ_CP038349.1	NZ_CP038372.1	99.9861	99.9861	0.9837	0.9779	0.00253	41	0.9945	395	inf	0.9992	99.9600	99.9925	0.0070	0.14	AlfI:99.99,AloI:99.98,BcgI:99.99,FalI:99.99	8346	41	6992	1408	173.29268292682926	ok	99.9861	uniform	99.9745	ok
NZ_CP038349.1	NZ_CP038402.1	99.9527	99.9580	0.9596	0.9474	0.00445	54	0.9925	349	0.070	0.9974	99.8850	99.9759	0.0165	0.57	AlfI:99.96,AloI:99.97,BcgI:99.95,FalI:99.95	7912	54	6879	929	128.07407407407408	ok	99.9527	gamma	99.9109	ok
NZ_CP038349.1	NZ_CP038414.1	99.9585	99.9625	0.9701	0.9621	0.00419	44	0.9940	377	0.070	0.9977	99.8977	99.9784	0.0359	1.09	AlfI:99.97,AloI:99.97,BcgI:99.96,FalI:99.94	8065	44	6927	1399	159.1590909090909	ok	99.9585	gamma	99.9219	ok
NZ_CP038349.1	NZ_CP038416.1	99.9611	99.9649	0.9727	0.9597	0.00405	43	0.9941	336	0.070	0.9979	99.8978	99.9813	0.0192	0.77	AlfI:99.96,AloI:99.98,BcgI:99.96,FalI:99.97	7969	43	6933	1405	162.3953488372093	ok	99.9611	gamma	99.9220	ok
NZ_CP038349.1	NZ_CP039834.1	99.9623	99.9658	0.9718	0.9717	0.00400	43	0.9941	342	0.070	0.9979	99.9026	99.9813	0.0224	1.54	AlfI:99.97,AloI:99.96,BcgI:99.96,FalI:99.98	8051	43	6932	1406	162.88372093023256	ok	99.9623	gamma	99.9261	ok
NZ_CP038349.1	NZ_CP062778.1	99.9327	99.9444	0.9703	0.9609	0.00512	50	0.9931	371	0.070	0.9966	99.8258	99.9736	0.0075	0.13	AlfI:99.95,AloI:99.94,BcgI:99.94,FalI:99.94	8023	50	6913	1050	139.58	ok	99.9327	gamma	99.8579	ok
NZ_CP038349.1	NZ_CP062700.1	99.9309	99.9429	0.9703	0.9657	0.00519	45	0.9938	322	0.070	0.9965	99.8257	99.9718	0.0110	0.23	AlfI:99.95,AloI:99.94,BcgI:99.94,FalI:99.94	7964	45	6910	1050	154.2	ok	99.9309	gamma	99.8578	ok
NZ_CP038349.1	NZ_CP062702.1	99.9593	99.9635	0.9588	0.9544	0.00416	44	0.9939	312	0.070	0.9978	99.8918	99.9811	0.0379	6.02	AlfI:99.97,AloI:99.99,BcgI:99.96,FalI:99.97	7887	44	6852	1360	156.4090909090909	ok	99.9593	gamma	99.9169	ok
NZ_CP038349.1	NZ_CP062705.1	99.9586	99.9634	0.9736	0.9700	0.00414	45	0.9938	364	0.070	0.9978	99.8788	99.9842	0.0214	1.19	AlfI:99.96,AloI:99.98,BcgI:99.96,FalI:99.97	8018	45	6935	1404	155.4	ok	99.9586	gamma	99.9053	ok
NZ_CP038349.1	NZ_CP062708.1	99.9585	99.9634	0.9736	0.9700	0.00414	45	0.9938	364	0.070	0.9978	99.8764	99.9848	0.0214	1.19	AlfI:99.96,AloI:99.98,BcgI:99.96,FalI:99.97	8018	45	6935	1403	155.37777777777777	ok	99.9585	gamma	99.9032	ok
NZ_CP038349.1	NZ_CP062711.1	99.9585	99.9634	0.9736	0.9762	0.00414	45	0.9938	364	0.070	0.9978	99.8764	99.9848	0.0214	1.19	AlfI:99.96,AloI:99.98,BcgI:99.96,FalI:99.97	8018	45	6935	1403	155.37777777777777	ok	99.9585	gamma	99.9032	ok
NZ_CP038349.1	NZ_CP062713.1	99.9591	99.9639	0.9736	0.9765	0.00411	45	0.9938	364	0.070	0.9978	99.8788	99.9848	0.0204	1.10	AlfI:99.96,AloI:99.98,BcgI:99.96,FalI:99.97	8018	45	6935	1404	155.4	ok	99.9591	gamma	99.9053	ok
NZ_CP038349.1	NZ_CP062715.1	99.9580	99.9629	0.9742	0.9720	0.00417	50	0.9931	375	0.070	0.9977	99.8785	99.9836	0.0232	1.75	AlfI:99.96,AloI:99.98,BcgI:99.96,FalI:99.98	8042	50	6921	1405	139.86	ok	99.9580	gamma	99.9051	ok
NZ_CP038349.1	NZ_CP062717.1	99.9575	99.9626	0.9781	0.9722	0.00418	49	0.9933	373	0.070	0.9977	99.8767	99.9837	0.0241	1.88	AlfI:99.96,AloI:99.98,BcgI:99.96,FalI:99.98	8053	49	6950	1404	143.20408163265307	ok	99.9575	gamma	99.9034	ok
NZ_CP038349.1	NZ_CP062719.1	99.9570	99.9622	0.9809	0.9719	0.00420	44	0.9940	341	0.070	0.9977	99.8745	99.9837	0.0326	3.36	AlfI:99.96,AloI:99.99,BcgI:99.95,FalI:99.98	8035	44	6963	1403	159.04545454545453	ok	99.9570	gamma	99.9014	ok
NZ_CP038349.1	NZ_CP062721.1	99.9565	99.9617	0.9809	0.9719	0.00423	44	0.9940	341	0.070	0.9977	99.8769	99.9826	0.0316	2.72	AlfI:99.96,AloI:99.99,BcgI:99.96,FalI:99.97	8035	44	6963	1404	159.0681818181818	ok	99.9565	gamma	99.9035	ok
NZ_CP038349.1	NZ_CP062723.1	99.9607	99.9653	0.9715	0.9720	0.00404	48	0.9934	372	0.070	0.9979	99.8786	99.9866	0.0269	2.12	AlfI:99.97,AloI:99.99,BcgI:99.96,FalI:99.97	8028	48	6925	1405	145.6875	ok	99.9607	gamma	99.9051	ok
NZ_CP038349.1	NZ_CP062725.1	99.9566	99.9621	0.9783	0.9726	0.00421	47	0.9936	353	0.070	0.9977	99.8696	99.9849	0.0261	2.11	AlfI:99.96,AloI:99.98,BcgI:99.95,FalI:99.98	8059	47	6952	1405	148.85106382978722	ok	99.9566	gamma	99.8971	ok
NZ_CP038349.1	NZ_CP062727.1	99.9619	99.9663	0.9742	0.9729	0.00397	43	0.9941	357	0.070	0.9979	99.8812	99.9872	0.0259	2.23	AlfI:99.97,AloI:99.99,BcgI:99.96,FalI:99.98	8023	43	6936	1404	162.58139534883722	ok	99.9619	gamma	99.9074	ok
NZ_CP038349.1	NZ_CP062729.1	99.9613	99.9657	0.9715	0.9723	0.00401	48	0.9934	372	0.070	0.9979	99.8810	99.9866	0.0269	2.36	AlfI:99.97,AloI:99.99,BcgI:99.96,FalI:99.98	8030	48	6925	1404	145.70833333333334	ok	99.9613	gamma	99.9072	ok
NZ_CP038349.1	NZ_CP062780.1	99.9620	99.9662	0.9715	0.9720	0.00398	48	0.9934	372	0.070	0.9979	99.8834	99.9866	0.0260	2.23	AlfI:99.97,AloI:99.99,BcgI:99.96,FalI:99.98	8030	48	6925	1405	145.72916666666666	ok	99.9620	gamma	99.9093	ok
NZ_CP038349.1	NZ_CP062731.1	99.9613	99.9657	0.9715	0.9720	0.00401	48	0.9934	372	0.070	0.9979	99.8810	99.9866	0.0269	2.36	AlfI:99.97,AloI:99.99,BcgI:99.96,FalI:99.98	8030	48	6925	1404	145.70833333333334	ok	99.9613	gamma	99.9072	ok
NZ_CP038349.1	NZ_CP062733.1	99.9608	99.9653	0.9715	0.9714	0.00404	48	0.9934	373	0.070	0.9979	99.8810	99.9860	0.0279	2.49	AlfI:99.97,AloI:99.99,BcgI:99.96,FalI:99.98	8031	48	6925	1404	145.6875	ok	99.9608	gamma	99.9072	ok
NZ_CP038349.1	NZ_CP062739.1	99.9614	99.9657	0.9711	0.9715	0.00401	54	0.9928	791	0.070	0.9979	99.8833	99.9860	0.0269	2.35	AlfI:99.97,AloI:99.99,BcgI:99.96,FalI:99.98	8259	54	6923	1405	133.90740740740742	ok	99.9614	gamma	99.9093	ok
NZ_CP038349.1	NZ_CP062736.1	99.9613	99.9657	0.9715	0.9714	0.00401	48	0.9934	372	0.070	0.9979	99.8810	99.9866	0.0269	2.36	AlfI:99.97,AloI:99.99,BcgI:99.96,FalI:99.98	8030	48	6925	1404	145.70833333333334	ok	99.9613	gamma	99.9072	ok
NZ_CP038349.1	NZ_CP062742.1	99.9612	99.9658	0.9742	0.9729	0.00400	44	0.9940	359	0.070	0.9979	99.8764	99.9877	0.0269	2.36	AlfI:99.97,AloI:99.99,BcgI:99.96,FalI:99.98	8035	44	6936	1404	158.95454545454547	ok	99.9612	gamma	99.9032	ok
NZ_CP038349.1	NZ_CP062744.1	99.9620	99.9662	0.9715	0.9720	0.00398	48	0.9934	372	0.070	0.9979	99.8834	99.9866	0.0260	2.23	AlfI:99.97,AloI:99.99,BcgI:99.96,FalI:99.98	8031	48	6925	1405	145.70833333333334	ok	99.9620	gamma	99.9093	ok
NZ_CP038349.1	NZ_CP062746.1	99.9632	99.9672	0.9715	0.9716	0.00392	48	0.9934	372	0.070	0.9980	99.8881	99.9866	0.0250	2.03	AlfI:99.97,AloI:99.99,BcgI:99.96,FalI:99.98	8031	48	6925	1405	145.70833333333334	ok	99.9632	gamma	99.9135	ok
NZ_CP038349.1	NZ_CP062749.1	99.9608	99.9653	0.9742	0.9719	0.00403	44	0.9940	339	0.070	0.9979	99.8812	99.9860	0.0195	1.29	AlfI:99.96,AloI:99.98,BcgI:99.96,FalI:99.98	7980	44	6936	1405	158.4090909090909	ok	99.9608	gamma	99.9074	ok
NZ_CP038349.1	NZ_CP062752.1	99.9590	99.9638	0.9709	0.9711	0.00412	49	0.9933	373	0.070	0.9978	99.8786	99.9848	0.0299	2.85	AlfI:99.96,AloI:99.99,BcgI:99.96,FalI:99.98	8030	49	6923	1403	142.71428571428572	ok	99.9590	gamma	99.9051	ok
NZ_CP038349.1	NZ_CP062755.1	99.9616	99.9658	0.9742	0.9721	0.00400	44	0.9940	364	0.070	0.9979	99.8859	99.9854	0.0194	1.24	AlfI:99.97,AloI:99.98,BcgI:99.96,FalI:99.98	8024	44	6936	1405	159	ok	99.9616	gamma	99.9116	ok
NZ_CP038349.1	NZ_CP062761.1	99.9594	99.9639	0.9771	0.9728	0.00411	46	0.9937	369	0.070	0.9978	99.8835	99.9837	0.0242	1.81	AlfI:99.97,AloI:99.98,BcgI:99.96,FalI:99.98	8038	46	6934	1404	152.1086956521739	ok	99.9594	gamma	99.9095	ok
NZ_CP038349.1	NZ_CP062758.1	99.9571	99.9625	0.9741	0.9721	0.00419	45	0.9939	367	0.070	0.9977	99.8717	99.9848	0.0253	1.99	AlfI:99.96,AloI:99.98,BcgI:99.96,FalI:99.98	8034	45	6936	1404	155.51111111111112	ok	99.9571	gamma	99.8989	ok
NZ_CP038349.1	NZ_CP062763.1	99.9591	99.9638	0.9714	0.9713	0.00412	45	0.9938	360	0.070	0.9978	99.8808	99.9842	0.0273	2.58	AlfI:99.97,AloI:99.98,BcgI:99.96,FalI:99.98	8022	45	6915	1404	154.9111111111111	ok	99.9591	gamma	99.9071	ok
NZ_CP038349.1	NZ_CP062766.1	99.9609	99.9653	0.9742	0.9729	0.00403	45	0.9938	352	0.070	0.9979	99.8812	99.9860	0.0279	2.49	AlfI:99.97,AloI:99.99,BcgI:99.96,FalI:99.98	8036	45	6936	1404	155.17777777777778	ok	99.9609	gamma	99.9074	ok
NZ_CP038349.1	NZ_CP062782.1	99.9569	99.9622	0.9811	0.9658	0.00420	45	0.9939	383	0.070	0.9977	99.8745	99.9837	0.0251	1.58	AlfI:99.96,AloI:99.98,BcgI:99.96,FalI:99.97	8081	45	6963	1405	156.11111111111111	ok	99.9569	gamma	99.9014	ok
NZ_CP038349.1	NZ_CP062769.1	99.9519	99.9583	0.9771	0.9698	0.00441	44	0.9939	279	0.070	0.9975	99.8624	99.9819	0.0349	3.58	AlfI:99.97,AloI:99.98,BcgI:99.95,FalI:99.98	7941	44	6950	1404	157.79545454545453	ok	99.9519	gamma	99.8907	ok
NZ_CP038349.1	NZ_CP062771.1	99.9573	99.9626	0.9808	0.9727	0.00418	44	0.9940	355	0.070	0.9977	99.8721	99.9849	0.0219	1.37	AlfI:99.96,AloI:99.97,BcgI:99.96,FalI:99.98	8035	44	6961	1404	159.27272727272728	ok	99.9573	gamma	99.8993	ok
NZ_CP038349.1	NZ_CP062774.1	99.9566	99.9620	0.9709	0.9649	0.00423	49	0.9933	374	0.070	0.9977	99.8714	99.9842	0.0178	0.95	AlfI:99.96,AloI:99.97,BcgI:99.96,FalI:99.97	8027	49	6923	1404	142.6326530612245	ok	99.9566	gamma	99.8988	ok
NZ_CP038351.1	NZ_CP038353.1	99.9275	99.9392	0.9690	0.9845	0.00529	63	0.9915	485	0.070	0.9963	99.8390	99.9638	0.0036	0.01	AlfI:99.94,AloI:99.94,BcgI:99.94,FalI:99.94	8251	63	7070	1411	114.07936507936508	ok	99.9275	gamma	99.8695	ok
NZ_CP038351.1	NZ_CP038355.1	99.9270	99.9396	0.9557	0.9697	0.00530	65	0.9912	479	0.070	0.9963	99.8282	99.9670	0.0055	0.04	AlfI:99.94,AloI:99.94,BcgI:99.94,FalI:99.94	8179	65	7009	930	109.78461538461538	ok	99.9270	gamma	99.8598	ok
NZ_CP038351.1	NZ_CP038357.1	99.9506	99.9579	0.9776	0.9792	0.00439	61	0.9919	534	0.070	0.9974	99.8515	99.9840	0.0274	1.44	AlfI:99.95,AloI:99.96,BcgI:99.96,FalI:99.97	8488	61	7109	1005	119.0327868852459	ok	99.9506	gamma	99.8806	ok
NZ_CP038351.1	NZ_CP038360.1	99.9178	99.9332	0.9623	0.9750	0.00556	56	0.9924	379	0.070	0.9959	99.8147	99.9624	0.0265	0.64	AlfI:99.93,AloI:99.92,BcgI:99.94,FalI:99.91	8122	56	7033	1414	126.19642857142857	ok	99.9178	gamma	99.8475	ok
NZ_CP038351.1	NZ_CP038366.1	99.9364	99.9457	0.9701	0.9774	0.00500	55	0.9926	427	0.070	0.9967	99.8531	99.9685	0.0379	2.93	AlfI:99.94,AloI:99.96,BcgI:99.94,FalI:99.97	8199	55	7072	1410	129.87272727272727	ok	99.9364	gamma	99.8821	ok
NZ_CP038351.1	NZ_CP038372.1	99.9468	99.9550	0.9691	0.9806	0.00455	65	0.9913	583	0.070	0.9973	99.8441	99.9823	0.0304	2.12	AlfI:99.95,AloI:99.98,BcgI:99.95,FalI:99.97	8593	65	7088	1003	112.07692307692308	ok	99.9468	gamma	99.8740	ok
NZ_CP038351.1	NZ_CP038402.1	99.9306	99.9427	0.9535	0.9631	0.00516	67	0.9908	495	0.070	0.9965	99.8256	99.9716	0.0272	0.70	AlfI:99.95,AloI:99.96,BcgI:99.94,FalI:99.93	8148	67	7001	929	106.04477611940298	ok	99.9306	gamma	99.8575	ok
NZ_CP038351.1	NZ_CP038414.1	99.9420	99.9502	0.9656	0.9782	0.00479	58	0.9922	532	0.070	0.9970	99.8574	99.9730	0.0265	0.82	AlfI:99.95,AloI:99.95,BcgI:99.96,FalI:99.93	8325	58	7055	1408	124.36206896551724	ok	99.9420	gamma	99.8860	ok
NZ_CP038351.1	NZ_CP038416.1	99.9431	99.9510	0.9642	0.9693	0.00476	55	0.9925	404	0.070	0.9970	99.8595	99.9735	0.0186	1.07	AlfI:99.94,AloI:99.94,BcgI:99.96,FalI:99.96	8129	55	7039	1414	129.05454545454546	ok	99.9431	gamma	99.8879	ok
NZ_CP038351.1	NZ_CP039834.1	99.9499	99.9567	0.9672	0.9861	0.00447	56	0.9925	473	0.070	0.9974	99.8621	99.9799	0.0301	2.90	AlfI:99.95,AloI:99.96,BcgI:99.95,FalI:99.98	8299	56	7055	1414	128.46428571428572	ok	99.9499	gamma	99.8902	ok
NZ_CP038351.1	NZ_CP062778.1	99.9173	99.9341	0.9643	0.9726	0.00552	68	0.9908	509	0.070	0.9960	99.7984	99.9676	0.0142	0.15	AlfI:99.93,AloI:99.93,BcgI:99.93,FalI:99.94	8243	68	7038	897	105.42647058823529	ok	99.9173	gamma	99.8326	ok
NZ_CP038351.1	NZ_CP062700.1	99.9152	99.9323	0.9644	0.9766	0.00560	61	0.9917	439	0.070	0.9959	99.8006	99.9647	0.0099	0.08	AlfI:99.93,AloI:99.93,BcgI:99.93,FalI:99.94	8167	61	7034	897	116.59016393442623	ok	99.9152	gamma	99.8347	ok
NZ_CP038351.1	NZ_CP062702.1	99.9459	99.9532	0.9508	0.9656	0.00468	59	0.9919	432	0.070	0.9972	99.8625	99.9755	0.0369	3.82	AlfI:99.95,AloI:99.97,BcgI:99.95,FalI:99.98	8088	59	6955	1369	119.44067796610169	ok	99.9459	gamma	99.8908	ok
NZ_CP038351.1	NZ_CP062705.1	99.9401	99.9497	0.9668	0.9737	0.00481	67	0.9910	574	0.070	0.9969	99.8389	99.9770	0.0128	0.28	AlfI:99.94,AloI:99.96,BcgI:99.95,FalI:99.96	8305	67	7063	1412	108.02985074626865	ok	99.9401	gamma	99.8693	ok
NZ_CP038351.1	NZ_CP062708.1	99.9399	99.9497	0.9668	0.9737	0.00481	67	0.9910	574	0.070	0.9969	99.8365	99.9776	0.0128	0.28	AlfI:99.94,AloI:99.96,BcgI:99.95,FalI:99.96	8305	67	7063	1411	108.01492537313433	ok	99.9399	gamma	99.8672	ok
NZ_CP038351.1	NZ_CP062711.1	99.9399	99.9497	0.9668	0.9799	0.00481	67	0.9910	574	0.070	0.9969	99.8365	99.9776	0.0128	0.28	AlfI:99.94,AloI:99.96,BcgI:99.95,FalI:99.96	8305	67	7063	1411	108.01492537313433	ok	99.9399	gamma	99.8672	ok
NZ_CP038351.1	NZ_CP062713.1	99.9407	99.9502	0.9668	0.9801	0.00479	67	0.9910	574	0.070	0.9970	99.8389	99.9776	0.0128	0.29	AlfI:99.94,AloI:99.96,BcgI:99.95,FalI:99.96	8305	67	7063	1412	108.02985074626865	ok	99.9407	gamma	99.8693	ok
NZ_CP038351.1	NZ_CP062715.1	99.9465	99.9543	0.9668	0.9800	0.00460	69	0.9907	574	0.070	0.9972	99.8525	99.9793	0.0175	0.69	AlfI:99.95,AloI:99.97,BcgI:99.95,FalI:99.97	8327	69	7045	1413	104.78260869565217	ok	99.9465	gamma	99.8817	ok
NZ_CP038351.1	NZ_CP062717.1	99.9441	99.9526	0.9708	0.9795	0.00467	68	0.9909	570	0.070	0.9971	99.8462	99.9788	0.0195	0.88	AlfI:99.95,AloI:99.97,BcgI:99.95,FalI:99.97	8337	68	7076	1412	106.63235294117646	ok	99.9441	gamma	99.8759	ok
NZ_CP038351.1	NZ_CP062719.1	99.9360	99.9472	0.9749	0.9785	0.00493	61	0.9918	528	0.070	0.9968	99.8256	99.9771	0.0188	0.81	AlfI:99.95,AloI:99.96,BcgI:99.94,FalI:99.96	8318	61	7094	1411	118.32786885245902	ok	99.9360	gamma	99.8573	ok
NZ_CP038351.1	NZ_CP062721.1	99.9371	99.9476	0.9749	0.9785	0.00490	61	0.9918	528	0.070	0.9968	99.8326	99.9760	0.0169	0.36	AlfI:99.95,AloI:99.96,BcgI:99.94,FalI:99.95	8318	61	7094	1412	118.34426229508196	ok	99.9371	gamma	99.8636	ok
NZ_CP038351.1	NZ_CP062723.1	99.9473	99.9552	0.9650	0.9788	0.00455	66	0.9911	565	0.070	0.9973	99.8480	99.9816	0.0223	0.87	AlfI:99.95,AloI:99.97,BcgI:99.95,FalI:99.96	8312	66	7052	1413	109.45454545454545	ok	99.9473	gamma	99.8776	ok
NZ_CP038351.1	NZ_CP062725.1	99.9431	99.9521	0.9710	0.9803	0.00469	65	0.9913	554	0.070	0.9971	99.8392	99.9799	0.0214	1.01	AlfI:99.95,AloI:99.97,BcgI:99.95,FalI:99.97	8359	65	7078	1413	111.24615384615385	ok	99.9431	gamma	99.8696	ok
NZ_CP038351.1	NZ_CP062727.1	99.9448	99.9535	0.9682	0.9813	0.00463	65	0.9913	575	0.070	0.9972	99.8413	99.9811	0.0246	1.32	AlfI:99.95,AloI:99.97,BcgI:99.95,FalI:99.97	8313	65	7067	1412	111.4	ok	99.9448	gamma	99.8715	ok
NZ_CP038351.1	NZ_CP062729.1	99.9471	99.9548	0.9650	0.9789	0.00457	66	0.9911	565	0.070	0.9973	99.8527	99.9799	0.0178	0.68	AlfI:99.96,AloI:99.97,BcgI:99.95,FalI:99.97	8314	66	7052	1412	109.46969696969697	ok	99.9471	gamma	99.8818	ok
NZ_CP038351.1	NZ_CP062780.1	99.9487	99.9561	0.9646	0.9779	0.00450	67	0.9910	569	0.070	0.9973	99.8527	99.9816	0.0213	0.95	AlfI:99.95,AloI:99.97,BcgI:99.95,FalI:99.97	8314	67	7051	1413	107.8955223880597	ok	99.9487	gamma	99.8818	ok
NZ_CP038351.1	NZ_CP062731.1	99.9480	99.9557	0.9646	0.9779	0.00452	67	0.9910	569	0.070	0.9973	99.8503	99.9816	0.0223	1.01	AlfI:99.95,AloI:99.97,BcgI:99.95,FalI:99.97	8314	67	7051	1412	107.88059701492537	ok	99.9480	gamma	99.8797	ok
NZ_CP038351.1	NZ_CP062733.1	99.9482	99.9557	0.9646	0.9773	0.00452	66	0.9911	566	0.070	0.9973	99.8527	99.9810	0.0159	0.56	AlfI:99.96,AloI:99.97,BcgI:99.95,FalI:99.97	8315	66	7051	1412	109.43939393939394	ok	99.9482	gamma	99.8818	ok
NZ_CP038351.1	NZ_CP062739.1	99.9483	99.9557	0.9646	0.9776	0.00452	75	0.9903	1021	0.070	0.9973	99.8550	99.9805	0.0158	0.55	AlfI:99.96,AloI:99.97,BcgI:99.95,FalI:99.97	8597	75	7051	1413	99.96	ok	99.9483	gamma	99.8839	ok
NZ_CP038351.1	NZ_CP062736.1	99.9480	99.9557	0.9646	0.9773	0.00452	67	0.9910	569	0.070	0.9973	99.8503	99.9816	0.0223	1.01	AlfI:99.95,AloI:99.97,BcgI:99.95,FalI:99.97	8314	67	7051	1412	107.88059701492537	ok	99.9480	gamma	99.8797	ok
NZ_CP038351.1	NZ_CP062742.1	99.9442	99.9534	0.9682	0.9813	0.00463	65	0.9913	570	0.070	0.9972	99.8343	99.9828	0.0246	1.32	AlfI:99.95,AloI:99.97,BcgI:99.95,FalI:99.97	8318	65	7067	1412	111.33846153846154	ok	99.9442	gamma	99.8652	ok
NZ_CP038351.1	NZ_CP062744.1	99.9489	99.9562	0.9646	0.9779	0.00450	67	0.9910	572	0.070	0.9973	99.8550	99.9810	0.0223	0.97	AlfI:99.96,AloI:99.97,BcgI:99.95,FalI:99.97	8315	67	7051	1413	107.88059701492537	ok	99.9489	gamma	99.8839	ok
NZ_CP038351.1	NZ_CP062746.1	99.9497	99.9566	0.9644	0.9795	0.00447	67	0.9910	573	0.070	0.9974	99.8597	99.9805	0.0149	0.48	AlfI:99.96,AloI:99.97,BcgI:99.95,FalI:99.97	8314	67	7051	1413	107.88059701492537	ok	99.9497	gamma	99.8881	ok
NZ_CP038351.1	NZ_CP062749.1	99.9443	99.9530	0.9673	0.9801	0.00465	60	0.9919	508	0.070	0.9971	99.8436	99.9799	0.0196	0.84	AlfI:99.95,AloI:99.97,BcgI:99.95,FalI:99.97	8244	60	7064	1413	119.65	ok	99.9443	gamma	99.8736	ok
NZ_CP038351.1	NZ_CP062752.1	99.9456	99.9538	0.9639	0.9789	0.00462	68	0.9909	570	0.070	0.9972	99.8479	99.9799	0.0252	1.28	AlfI:99.95,AloI:99.97,BcgI:99.95,FalI:99.97	8313	68	7049	1411	106.27941176470588	ok	99.9456	gamma	99.8775	ok
NZ_CP038351.1	NZ_CP062755.1	99.9427	99.9516	0.9683	0.9808	0.00472	62	0.9917	554	0.070	0.9971	99.8436	99.9782	0.0173	0.52	AlfI:99.95,AloI:99.96,BcgI:99.95,FalI:99.97	8312	62	7067	1413	116.58064516129032	ok	99.9427	gamma	99.8736	ok
NZ_CP038351.1	NZ_CP062761.1	99.9418	99.9511	0.9706	0.9792	0.00475	66	0.9912	577	0.070	0.9970	99.8388	99.9787	0.0214	0.79	AlfI:99.95,AloI:99.97,BcgI:99.95,FalI:99.96	8321	66	7060	1412	109.60606060606061	ok	99.9418	gamma	99.8693	ok
NZ_CP038351.1	NZ_CP062758.1	99.9403	99.9502	0.9683	0.9808	0.00479	64	0.9914	568	0.070	0.9970	99.8343	99.9787	0.0184	0.63	AlfI:99.95,AloI:99.96,BcgI:99.95,FalI:99.97	8316	64	7067	1412	112.984375	ok	99.9403	gamma	99.8652	ok
NZ_CP038351.1	NZ_CP062763.1	99.9440	99.9528	0.9651	0.9778	0.00467	65	0.9913	561	0.070	0.9971	99.8407	99.9804	0.0174	0.60	AlfI:99.95,AloI:99.96,BcgI:99.95,FalI:99.97	8305	65	7041	1412	110.8923076923077	ok	99.9440	gamma	99.8710	ok
NZ_CP038351.1	NZ_CP062766.1	99.9452	99.9534	0.9673	0.9804	0.00463	62	0.9917	543	0.070	0.9972	99.8482	99.9793	0.0197	0.84	AlfI:99.95,AloI:99.97,BcgI:99.95,FalI:99.97	8337	62	7064	1412	116.3225806451613	ok	99.9452	gamma	99.8778	ok
NZ_CP038351.1	NZ_CP062782.1	99.9399	99.9499	0.9747	0.9741	0.00480	59	0.9921	555	0.070	0.9970	99.8326	99.9788	0.0223	0.91	AlfI:99.95,AloI:99.97,BcgI:99.95,FalI:99.96	8361	59	7093	1413	122.55932203389831	ok	99.9399	gamma	99.8636	ok
NZ_CP038351.1	NZ_CP062769.1	99.9373	99.9479	0.9666	0.9810	0.00490	57	0.9923	439	0.070	0.9968	99.8318	99.9764	0.0208	0.95	AlfI:99.95,AloI:99.96,BcgI:99.94,FalI:99.96	8199	57	7061	1412	125.08771929824562	ok	99.9373	gamma	99.8630	ok
NZ_CP038351.1	NZ_CP062771.1	99.9408	99.9508	0.9746	0.9811	0.00475	63	0.9916	554	0.070	0.9970	99.8302	99.9805	0.0183	0.76	AlfI:99.95,AloI:99.96,BcgI:99.95,FalI:99.97	8319	63	7092	1412	114.9047619047619	ok	99.9408	gamma	99.8615	ok
NZ_CP038351.1	NZ_CP062774.1	99.9437	99.9524	0.9639	0.9727	0.00469	67	0.9910	567	0.070	0.9971	99.8432	99.9793	0.0122	0.25	AlfI:99.95,AloI:99.95,BcgI:99.95,FalI:99.96	8310	67	7049	1412	107.74626865671642	ok	99.9437	gamma	99.8733	ok
NZ_CP038353.1	NZ_CP038355.1	99.9372	99.9455	0.9680	0.9740	0.00503	59	0.9919	408	0.070	0.9967	99.8655	99.9652	0.0313	0.63	AlfI:99.94,AloI:99.96,BcgI:99.95,FalI:99.93	8000	59	6987	1054	120	ok	99.9372	gamma	99.8934	ok
NZ_CP038353.1	NZ_CP038357.1	99.9335	99.9442	0.9721	0.9755	0.00510	63	0.9914	449	0.070	0.9966	99.8374	99.9704	0.0174	0.85	AlfI:99.95,AloI:99.95,BcgI:99.94,FalI:99.94	8149	63	7001	982	112.55555555555556	ok	99.9335	gamma	99.8682	ok
NZ_CP038353.1	NZ_CP038360.1	99.9825	99.9825	0.9810	0.9778	0.00284	42	0.9944	337	inf	0.9989	99.9415	99.9926	0.0254	1.40	AlfI:99.99,AloI:99.96,BcgI:99.99,FalI:99.97	8020	42	7035	1415	168.88095238095238	ok	99.9825	uniform	99.9593	ok
NZ_CP038353.1	NZ_CP038366.1	99.9421	99.9488	0.9827	0.9785	0.00486	48	0.9935	378	0.070	0.9969	99.8807	99.9655	0.0379	3.29	AlfI:99.94,AloI:99.98,BcgI:99.94,FalI:99.97	8034	48	7046	1412	148.125	ok	99.9421	gamma	99.9068	ok
NZ_CP038353.1	NZ_CP038372.1	99.9335	99.9437	0.9680	0.9711	0.00512	62	0.9916	484	0.070	0.9966	99.8445	99.9681	0.0426	3.45	AlfI:99.96,AloI:99.97,BcgI:99.93,FalI:99.93	8294	62	6999	1053	114.93548387096774	ok	99.9335	gamma	99.8745	ok
NZ_CP038353.1	NZ_CP038402.1	99.9309	99.9413	0.9690	0.9645	0.00523	56	0.9923	407	0.070	0.9964	99.8490	99.9640	0.0291	0.86	AlfI:99.95,AloI:99.95,BcgI:99.94,FalI:99.93	7946	56	6989	928	125.73214285714286	ok	99.9309	gamma	99.8786	ok
NZ_CP038353.1	NZ_CP038414.1	99.9606	99.9633	0.9677	0.9725	0.00413	59	0.9920	475	0.070	0.9978	99.9269	99.9723	0.0309	0.84	AlfI:99.96,AloI:99.97,BcgI:99.97,FalI:99.94	8110	59	6980	1369	120.89830508474576	ok	99.9606	gamma	99.9470	ok
NZ_CP038353.1	NZ_CP038416.1	99.9693	99.9719	0.9801	0.9717	0.00360	44	0.9941	372	0.070	0.9983	99.9087	99.9874	0.0109	0.25	AlfI:99.97,AloI:99.98,BcgI:99.97,FalI:99.97	8011	44	7035	1414	161.47727272727272	ok	99.9693	gamma	99.9313	ok
NZ_CP038353.1	NZ_CP039834.1	99.9507	99.9560	0.9742	0.9823	0.00451	53	0.9928	408	0.070	0.9973	99.8895	99.9723	0.0158	0.52	AlfI:99.96,AloI:99.97,BcgI:99.95,FalI:99.97	8084	53	7010	1413	134.28301886792454	ok	99.9507	gamma	99.9146	ok
NZ_CP038353.1	NZ_CP062778.1	99.9218	99.9361	0.9724	0.9680	0.00545	62	0.9916	450	0.070	0.9961	99.8160	99.9657	0.0272	0.38	AlfI:99.94,AloI:99.95,BcgI:99.94,FalI:99.92	8054	62	6995	1052	114.74193548387096	ok	99.9218	gamma	99.8488	ok
NZ_CP038353.1	NZ_CP062700.1	99.9212	99.9357	0.9729	0.9723	0.00547	55	0.9925	397	0.070	0.9961	99.8160	99.9652	0.0317	0.51	AlfI:99.94,AloI:99.95,BcgI:99.94,FalI:99.92	7993	55	6995	1052	128.54545454545453	ok	99.9212	gamma	99.8488	ok
NZ_CP038353.1	NZ_CP062702.1	99.9555	99.9597	0.9617	0.9666	0.00434	53	0.9927	404	0.070	0.9976	99.9001	99.9743	0.0128	0.40	AlfI:99.96,AloI:99.97,BcgI:99.96,FalI:99.97	7954	53	6929	1369	132.39622641509433	ok	99.9555	gamma	99.9240	ok
NZ_CP038353.1	NZ_CP062705.1	99.9447	99.9527	0.9752	0.9760	0.00468	63	0.9915	503	0.070	0.9971	99.8542	99.9769	0.0324	2.04	AlfI:99.95,AloI:99.98,BcgI:99.95,FalI:99.95	8094	63	7014	1411	113.66666666666667	ok	99.9447	gamma	99.8832	ok
NZ_CP038353.1	NZ_CP062708.1	99.9454	99.9531	0.9752	0.9760	0.00466	63	0.9915	503	0.070	0.9972	99.8566	99.9769	0.0324	1.97	AlfI:99.95,AloI:99.98,BcgI:99.95,FalI:99.95	8094	63	7014	1412	113.68253968253968	ok	99.9454	gamma	99.8854	ok
NZ_CP038353.1	NZ_CP062711.1	99.9454	99.9531	0.9752	0.9823	0.00466	63	0.9915	503	0.070	0.9972	99.8566	99.9769	0.0324	1.97	AlfI:99.95,AloI:99.98,BcgI:99.95,FalI:99.95	8094	63	7014	1412	113.68253968253968	ok	99.9454	gamma	99.8854	ok
NZ_CP038353.1	NZ_CP062713.1	99.9447	99.9527	0.9752	0.9825	0.00468	63	0.9915	503	0.070	0.9971	99.8542	99.9769	0.0324	2.04	AlfI:99.95,AloI:99.98,BcgI:99.95,FalI:99.95	8094	63	7014	1411	113.66666666666667	ok	99.9447	gamma	99.8832	ok
NZ_CP038353.1	NZ_CP062715.1	99.9507	99.9571	0.9694	0.9789	0.00447	65	0.9912	509	0.070	0.9974	99.8676	99.9791	0.0281	1.51	AlfI:99.96,AloI:99.98,BcgI:99.95,FalI:99.95	8088	65	6974	1412	109.73846153846154	ok	99.9507	gamma	99.8953	ok
NZ_CP038353.1	NZ_CP062717.1	99.9503	99.9568	0.9731	0.9790	0.00448	64	0.9913	506	0.070	0.9974	99.8658	99.9792	0.0280	1.53	AlfI:99.96,AloI:99.98,BcgI:99.95,FalI:99.95	8122	64	7004	1413	111.859375	ok	99.9503	gamma	99.8936	ok
NZ_CP038353.1	NZ_CP062719.1	99.9482	99.9550	0.9758	0.9731	0.00457	56	0.9924	457	0.070	0.9973	99.8660	99.9769	0.0151	0.31	AlfI:99.96,AloI:99.97,BcgI:99.95,FalI:99.95	8081	56	7015	1412	127.14285714285714	ok	99.9482	gamma	99.8938	ok
NZ_CP038353.1	NZ_CP062721.1	99.9464	99.9536	0.9758	0.9731	0.00464	56	0.9924	457	0.070	0.9972	99.8637	99.9757	0.0237	0.50	AlfI:99.96,AloI:99.97,BcgI:99.95,FalI:99.94	8081	56	7015	1411	127.125	ok	99.9464	gamma	99.8917	ok
NZ_CP038353.1	NZ_CP062723.1	99.9488	99.9559	0.9731	0.9803	0.00453	66	0.9911	513	0.070	0.9973	99.8587	99.9797	0.0324	1.70	AlfI:99.96,AloI:99.98,BcgI:99.95,FalI:99.95	8123	66	7004	1412	108.54545454545455	ok	99.9488	gamma	99.8873	ok
NZ_CP038353.1	NZ_CP062725.1	99.9494	99.9563	0.9731	0.9808	0.00450	57	0.9923	474	0.070	0.9973	99.8611	99.9798	0.0280	1.60	AlfI:99.96,AloI:99.98,BcgI:99.95,FalI:99.95	8140	57	7004	1412	124.96491228070175	ok	99.9494	gamma	99.8894	ok
NZ_CP038353.1	NZ_CP062727.1	99.9516	99.9578	0.9756	0.9805	0.00442	61	0.9918	504	0.070	0.9974	99.8684	99.9798	0.0215	0.68	AlfI:99.96,AloI:99.97,BcgI:99.95,FalI:99.95	8106	61	7015	1413	117.50819672131148	ok	99.9516	gamma	99.8959	ok
NZ_CP038353.1	NZ_CP062729.1	99.9503	99.9568	0.9731	0.9794	0.00448	64	0.9913	506	0.070	0.9974	99.8658	99.9792	0.0280	1.53	AlfI:99.96,AloI:99.98,BcgI:99.95,FalI:99.95	8125	64	7004	1413	111.859375	ok	99.9503	gamma	99.8936	ok
NZ_CP038353.1	NZ_CP062780.1	99.9496	99.9563	0.9731	0.9789	0.00450	64	0.9913	506	0.070	0.9973	99.8635	99.9792	0.0280	1.60	AlfI:99.96,AloI:99.98,BcgI:99.95,FalI:99.95	8125	64	7004	1412	111.84375	ok	99.9496	gamma	99.8915	ok
NZ_CP038353.1	NZ_CP062731.1	99.9503	99.9568	0.9731	0.9789	0.00448	64	0.9913	506	0.070	0.9974	99.8658	99.9792	0.0280	1.53	AlfI:99.96,AloI:99.98,BcgI:99.95,FalI:99.95	8125	64	7004	1413	111.859375	ok	99.9503	gamma	99.8936	ok
NZ_CP038353.1	NZ_CP062733.1	99.9490	99.9559	0.9732	0.9783	0.00453	64	0.9913	507	0.070	0.9973	99.8635	99.9786	0.0215	0.70	AlfI:99.96,AloI:99.97,BcgI:99.95,FalI:99.95	8126	64	7004	1413	111.84375	ok	99.9490	gamma	99.8915	ok
NZ_CP038353.1	NZ_CP062739.1	99.9515	99.9577	0.9731	0.9769	0.00443	69	0.9909	910	0.070	0.9974	99.8682	99.9798	0.0345	3.22	AlfI:99.96,AloI:99.99,BcgI:99.95,FalI:99.95	8347	69	7004	1412	107.02898550724638	ok	99.9515	gamma	99.8957	ok
NZ_CP038353.1	NZ_CP062736.1	99.9503	99.9568	0.9731	0.9783	0.00448	64	0.9913	506	0.070	0.9974	99.8658	99.9792	0.0280	1.53	AlfI:99.96,AloI:99.98,BcgI:99.95,FalI:99.95	8125	64	7004	1413	111.859375	ok	99.9503	gamma	99.8936	ok
NZ_CP038353.1	NZ_CP062742.1	99.9508	99.9573	0.9756	0.9805	0.00445	61	0.9918	500	0.070	0.9974	99.8637	99.9804	0.0280	1.46	AlfI:99.96,AloI:99.98,BcgI:99.95,FalI:99.95	8132	61	7015	1413	117.45901639344262	ok	99.9508	gamma	99.8917	ok
NZ_CP038353.1	NZ_CP062744.1	99.9496	99.9563	0.9732	0.9789	0.00450	64	0.9913	506	0.070	0.9973	99.8635	99.9792	0.0280	1.60	AlfI:99.96,AloI:99.98,BcgI:99.95,FalI:99.95	8126	64	7004	1412	111.828125	ok	99.9496	gamma	99.8915	ok
NZ_CP038353.1	NZ_CP062746.1	99.9496	99.9563	0.9732	0.9789	0.00450	64	0.9913	506	0.070	0.9973	99.8635	99.9792	0.0280	1.60	AlfI:99.96,AloI:99.98,BcgI:99.95,FalI:99.95	8126	64	7004	1412	111.8125	ok	99.9496	gamma	99.8915	ok
NZ_CP038353.1	NZ_CP062749.1	99.9507	99.9573	0.9758	0.9790	0.00445	53	0.9928	435	0.070	0.9974	99.8637	99.9804	0.0215	0.85	AlfI:99.96,AloI:99.97,BcgI:99.95,FalI:99.95	8040	53	7015	1412	133.8490566037736	ok	99.9507	gamma	99.8917	ok
NZ_CP038353.1	NZ_CP062752.1	99.9480	99.9549	0.9728	0.9794	0.00457	66	0.9911	510	0.070	0.9973	99.8635	99.9774	0.0298	1.78	AlfI:99.96,AloI:99.98,BcgI:99.95,FalI:99.95	8124	66	7004	1412	108.51515151515152	ok	99.9480	gamma	99.8915	ok
NZ_CP038353.1	NZ_CP062755.1	99.9500	99.9564	0.9758	0.9799	0.00449	60	0.9919	498	0.070	0.9974	99.8684	99.9781	0.0352	3.50	AlfI:99.96,AloI:99.99,BcgI:99.95,FalI:99.95	8104	60	7015	1412	119.31666666666666	ok	99.9500	gamma	99.8959	ok
NZ_CP038353.1	NZ_CP062761.1	99.9553	99.9604	0.9715	0.9804	0.00429	62	0.9916	504	0.070	0.9976	99.8819	99.9797	0.0240	1.19	AlfI:99.96,AloI:99.98,BcgI:99.96,FalI:99.96	8106	62	6981	1413	115.12903225806451	ok	99.9553	gamma	99.9080	ok
NZ_CP038353.1	NZ_CP062758.1	99.9491	99.9559	0.9750	0.9793	0.00452	61	0.9918	498	0.070	0.9973	99.8636	99.9786	0.0288	1.69	AlfI:99.96,AloI:99.98,BcgI:99.95,FalI:99.95	8127	61	7012	1413	117.39344262295081	ok	99.9491	gamma	99.8916	ok
NZ_CP038353.1	NZ_CP062763.1	99.9489	99.9553	0.9727	0.9800	0.00456	64	0.9913	513	0.070	0.9973	99.8703	99.9762	0.0252	1.08	AlfI:99.96,AloI:99.97,BcgI:99.95,FalI:99.96	8118	64	6989	1413	111.671875	ok	99.9489	gamma	99.8976	ok
NZ_CP038353.1	NZ_CP062766.1	99.9498	99.9564	0.9757	0.9792	0.00449	55	0.9926	463	0.070	0.9974	99.8660	99.9786	0.0280	1.60	AlfI:99.96,AloI:99.98,BcgI:99.95,FalI:99.95	8123	55	7015	1413	129.52727272727273	ok	99.9498	gamma	99.8938	ok
NZ_CP038353.1	NZ_CP062782.1	99.9520	99.9583	0.9756	0.9727	0.00440	52	0.9930	433	0.070	0.9975	99.8660	99.9809	0.0280	1.53	AlfI:99.96,AloI:99.98,BcgI:99.95,FalI:99.95	8108	52	7015	1413	136.53846153846155	ok	99.9520	gamma	99.8938	ok
NZ_CP038353.1	NZ_CP062769.1	99.9475	99.9543	0.9673	0.9746	0.00461	51	0.9930	381	0.070	0.9972	99.8677	99.9756	0.0234	0.86	AlfI:99.96,AloI:99.97,BcgI:99.95,FalI:99.95	7976	51	6981	1413	138.15686274509804	ok	99.9475	gamma	99.8954	ok
NZ_CP038353.1	NZ_CP062771.1	99.9513	99.9578	0.9756	0.9804	0.00442	57	0.9923	478	0.070	0.9974	99.8637	99.9809	0.0215	0.61	AlfI:99.96,AloI:99.97,BcgI:99.96,FalI:99.95	8083	57	7015	1413	125.21052631578948	ok	99.9513	gamma	99.8917	ok
NZ_CP038353.1	NZ_CP062774.1	99.9432	99.9517	0.9728	0.9722	0.00474	65	0.9912	508	0.070	0.9971	99.8493	99.9768	0.0129	0.24	AlfI:99.95,AloI:99.96,BcgI:99.95,FalI:99.95	8121	65	7004	1411	110.01538461538462	ok	99.9432	gamma	99.8788	ok
NZ_CP038355.1	NZ_CP038357.1	99.9375	99.9466	0.9519	0.9598	0.00500	66	0.9909	449	0.070	0.9968	99.8527	99.9696	0.0126	0.22	AlfI:99.95,AloI:99.94,BcgI:99.95,FalI:99.94	8079	66	6940	1335	106.54545454545455	ok	99.9375	gamma	99.8820	ok
NZ_CP038355.1	NZ_CP038360.1	99.9296	99.9396	0.9543	0.9617	0.00532	59	0.9918	360	0.070	0.9963	99.8599	99.9592	0.0237	0.62	AlfI:99.93,AloI:99.95,BcgI:99.95,FalI:99.92	7869	59	6944	934	118.30508474576271	ok	99.9296	gamma	99.8885	ok
NZ_CP038355.1	NZ_CP038366.1	99.9433	99.9508	0.9666	0.9666	0.00477	55	0.9925	390	0.070	0.9970	99.8660	99.9717	0.0328	1.82	AlfI:99.94,AloI:99.97,BcgI:99.95,FalI:99.97	7942	55	7012	935	128.56363636363636	ok	99.9433	gamma	99.8938	ok
NZ_CP038355.1	NZ_CP038372.1	99.9201	99.9354	0.9572	0.9634	0.00550	66	0.9910	487	0.070	0.9961	99.8083	99.9668	0.0033	0.01	AlfI:99.94,AloI:99.93,BcgI:99.93,FalI:99.94	8215	66	6970	1333	107.3030303030303	ok	99.9201	gamma	99.8418	ok
NZ_CP038355.1	NZ_CP038402.1	99.9711	99.9729	0.9732	0.9753	0.00353	61	0.9918	483	0.070	0.9984	99.9346	99.9823	0.0154	1.34	AlfI:99.98,AloI:99.98,BcgI:99.97,FalI:99.98	8075	61	7054	1255	117.77049180327869	ok	99.9711	gamma	99.9535	ok
NZ_CP038355.1	NZ_CP038414.1	99.9564	99.9607	0.9658	0.9769	0.00426	60	0.9919	519	0.070	0.9976	99.8967	99.9764	0.0244	1.15	AlfI:99.95,AloI:99.97,BcgI:99.97,FalI:99.97	8110	60	7017	1341	119.68333333333334	ok	99.9564	gamma	99.9209	ok
NZ_CP038355.1	NZ_CP038416.1	99.9413	99.9492	0.9583	0.9582	0.00487	58	0.9920	365	0.070	0.9969	99.8652	99.9698	0.0306	1.72	AlfI:99.94,AloI:99.97,BcgI:99.96,FalI:99.94	7877	58	6971	935	120.84482758620689	ok	99.9413	gamma	99.8931	ok
NZ_CP038355.1	NZ_CP039834.1	99.9454	99.9524	0.9718	0.9800	0.00469	60	0.9919	455	0.070	0.9971	99.8710	99.9724	0.0166	0.54	AlfI:99.95,AloI:99.96,BcgI:99.95,FalI:99.97	8063	60	7029	1551	119.2	ok	99.9454	gamma	99.8982	ok
NZ_CP038355.1	NZ_CP062778.1	99.9598	99.9641	0.9761	0.9829	0.00406	65	0.9913	490	0.070	0.9978	99.8880	99.9828	0.0250	1.95	AlfI:99.97,AloI:99.97,BcgI:99.96,FalI:99.98	8102	65	7063	1346	110.8923076923077	ok	99.9598	gamma	99.9132	ok
NZ_CP038355.1	NZ_CP062700.1	99.9593	99.9637	0.9765	0.9874	0.00409	56	0.9925	431	0.070	0.9978	99.8880	99.9822	0.0206	1.25	AlfI:99.97,AloI:99.97,BcgI:99.96,FalI:99.98	8036	56	7063	1346	127.82142857142857	ok	99.9593	gamma	99.9132	ok
NZ_CP038355.1	NZ_CP062702.1	99.9477	99.9537	0.9554	0.9645	0.00465	61	0.9916	449	0.070	0.9972	99.8837	99.9709	0.0111	0.24	AlfI:99.96,AloI:99.96,BcgI:99.95,FalI:99.96	7923	61	6943	1269	115.42622950819673	ok	99.9477	gamma	99.9096	ok
NZ_CP038355.1	NZ_CP062705.1	99.9514	99.9576	0.9604	0.9664	0.00444	65	0.9912	514	0.070	0.9974	99.8700	99.9791	0.0259	1.24	AlfI:99.95,AloI:99.97,BcgI:99.96,FalI:99.95	8047	65	6977	933	109.66153846153846	ok	99.9514	gamma	99.8974	ok
NZ_CP038355.1	NZ_CP062708.1	99.9508	99.9571	0.9606	0.9666	0.00447	65	0.9912	514	0.070	0.9974	99.8677	99.9791	0.0259	1.18	AlfI:99.95,AloI:99.97,BcgI:99.96,FalI:99.95	8047	65	6979	933	109.67692307692307	ok	99.9508	gamma	99.8954	ok
NZ_CP038355.1	NZ_CP062711.1	99.9508	99.9571	0.9606	0.9728	0.00447	65	0.9912	514	0.070	0.9974	99.8677	99.9791	0.0259	1.18	AlfI:99.95,AloI:99.97,BcgI:99.96,FalI:99.95	8047	65	6979	933	109.67692307692307	ok	99.9508	gamma	99.8954	ok
NZ_CP038355.1	NZ_CP062713.1	99.9514	99.9576	0.9604	0.9728	0.00444	65	0.9912	514	0.070	0.9974	99.8700	99.9791	0.0259	1.24	AlfI:99.95,AloI:99.97,BcgI:99.96,FalI:99.95	8047	65	6977	933	109.66153846153846	ok	99.9514	gamma	99.8974	ok
NZ_CP038355.1	NZ_CP062715.1	99.9492	99.9556	0.9586	0.9653	0.00455	66	0.9910	516	0.070	0.9973	99.8720	99.9761	0.0180	0.46	AlfI:99.95,AloI:99.97,BcgI:99.96,FalI:99.96	8042	66	6956	934	107.68181818181819	ok	99.9492	gamma	99.8992	ok
NZ_CP038355.1	NZ_CP062717.1	99.9529	99.9586	0.9605	0.9657	0.00439	65	0.9912	512	0.070	0.9975	99.8772	99.9785	0.0167	0.53	AlfI:99.95,AloI:99.97,BcgI:99.96,FalI:99.96	8075	65	6979	934	109.72307692307692	ok	99.9529	gamma	99.9038	ok
NZ_CP038355.1	NZ_CP062719.1	99.9462	99.9534	0.9610	0.9642	0.00466	63	0.9914	493	0.070	0.9972	99.8654	99.9751	0.0160	0.79	AlfI:99.94,AloI:99.95,BcgI:99.96,FalI:99.96	8045	63	6980	934	112.84126984126983	ok	99.9462	gamma	99.8933	ok
NZ_CP038355.1	NZ_CP062721.1	99.9458	99.9529	0.9609	0.9640	0.00468	63	0.9914	493	0.070	0.9971	99.8677	99.9739	0.0170	0.97	AlfI:99.94,AloI:99.95,BcgI:99.96,FalI:99.95	8045	63	6978	934	112.82539682539682	ok	99.9458	gamma	99.8953	ok
NZ_CP038355.1	NZ_CP062723.1	99.9554	99.9604	0.9609	0.9733	0.00429	66	0.9910	516	0.070	0.9976	99.8843	99.9791	0.0153	0.75	AlfI:99.95,AloI:99.97,BcgI:99.97,FalI:99.96	8079	66	6978	937	108.15151515151516	ok	99.9554	gamma	99.9100	ok
NZ_CP038355.1	NZ_CP062725.1	99.9534	99.9590	0.9609	0.9739	0.00437	63	0.9914	497	0.070	0.9975	99.8772	99.9791	0.0167	0.59	AlfI:99.95,AloI:99.97,BcgI:99.96,FalI:99.96	8102	63	6978	933	112.93650793650794	ok	99.9534	gamma	99.9038	ok
NZ_CP038355.1	NZ_CP062727.1	99.9549	99.9604	0.9608	0.9738	0.00429	64	0.9913	514	0.070	0.9976	99.8748	99.9814	0.0139	0.44	AlfI:99.95,AloI:99.97,BcgI:99.96,FalI:99.96	8053	64	6980	934	111.453125	ok	99.9549	gamma	99.9017	ok
NZ_CP038355.1	NZ_CP062729.1	99.9545	99.9600	0.9610	0.9739	0.00432	65	0.9912	513	0.070	0.9976	99.8772	99.9803	0.0181	0.96	AlfI:99.95,AloI:99.97,BcgI:99.97,FalI:99.96	8081	65	6980	938	109.8	ok	99.9545	gamma	99.9038	ok
NZ_CP038355.1	NZ_CP062780.1	99.9557	99.9604	0.9604	0.9726	0.00429	65	0.9912	512	0.070	0.9976	99.8890	99.9780	0.0153	0.61	AlfI:99.95,AloI:99.97,BcgI:99.97,FalI:99.96	8081	65	6977	938	109.76923076923077	ok	99.9557	gamma	99.9142	ok
NZ_CP038355.1	NZ_CP062731.1	99.9550	99.9600	0.9606	0.9728	0.00431	65	0.9912	512	0.070	0.9976	99.8866	99.9780	0.0153	0.54	AlfI:99.95,AloI:99.97,BcgI:99.96,FalI:99.96	8081	65	6979	938	109.78461538461538	ok	99.9550	gamma	99.9121	ok
NZ_CP038355.1	NZ_CP062733.1	99.9550	99.9600	0.9606	0.9723	0.00431	65	0.9912	513	0.070	0.9976	99.8866	99.9780	0.0153	0.54	AlfI:99.95,AloI:99.97,BcgI:99.96,FalI:99.96	8082	65	6979	938	109.76923076923077	ok	99.9550	gamma	99.9121	ok
NZ_CP038355.1	NZ_CP062739.1	99.9574	99.9618	0.9604	0.9725	0.00421	73	0.9904	953	0.070	0.9977	99.8913	99.9791	0.0217	1.01	AlfI:99.95,AloI:99.97,BcgI:99.97,FalI:99.96	8342	73	6977	938	101.27397260273973	ok	99.9574	gamma	99.9163	ok
NZ_CP038355.1	NZ_CP062736.1	99.9550	99.9600	0.9606	0.9723	0.00431	65	0.9912	512	0.070	0.9976	99.8866	99.9780	0.0153	0.54	AlfI:99.95,AloI:99.97,BcgI:99.96,FalI:99.96	8081	65	6979	938	109.78461538461538	ok	99.9550	gamma	99.9121	ok
NZ_CP038355.1	NZ_CP062742.1	99.9529	99.9590	0.9608	0.9736	0.00437	64	0.9913	514	0.070	0.9975	99.8677	99.9814	0.0167	0.59	AlfI:99.95,AloI:99.97,BcgI:99.96,FalI:99.96	8075	64	6980	934	111.453125	ok	99.9529	gamma	99.8954	ok
NZ_CP038355.1	NZ_CP062744.1	99.9557	99.9604	0.9604	0.9727	0.00429	66	0.9910	520	0.070	0.9976	99.8890	99.9780	0.0153	0.61	AlfI:99.95,AloI:99.97,BcgI:99.97,FalI:99.96	8082	66	6977	938	108.15151515151516	ok	99.9557	gamma	99.9142	ok
NZ_CP038355.1	NZ_CP062746.1	99.9536	99.9590	0.9609	0.9727	0.00437	66	0.9910	520	0.070	0.9975	99.8795	99.9785	0.0167	0.59	AlfI:99.95,AloI:99.97,BcgI:99.96,FalI:99.96	8078	66	6978	934	108.10606060606061	ok	99.9536	gamma	99.9058	ok
NZ_CP038355.1	NZ_CP062749.1	99.9541	99.9595	0.9609	0.9732	0.00434	64	0.9913	481	0.070	0.9975	99.8795	99.9791	0.0117	0.46	AlfI:99.95,AloI:99.96,BcgI:99.96,FalI:99.96	7998	64	6978	934	110.921875	ok	99.9541	gamma	99.9058	ok
NZ_CP038355.1	NZ_CP062752.1	99.9527	99.9585	0.9605	0.9725	0.00439	66	0.9910	513	0.070	0.9975	99.8748	99.9791	0.0167	0.53	AlfI:99.95,AloI:99.97,BcgI:99.96,FalI:99.96	8076	66	6978	934	108.06060606060606	ok	99.9527	gamma	99.9017	ok
NZ_CP038355.1	NZ_CP062755.1	99.9556	99.9604	0.9609	0.9730	0.00429	63	0.9914	505	0.070	0.9976	99.8866	99.9786	0.0282	1.41	AlfI:99.95,AloI:99.98,BcgI:99.96,FalI:99.96	8054	63	6978	934	113.12698412698413	ok	99.9556	gamma	99.9121	ok
NZ_CP038355.1	NZ_CP062761.1	99.9545	99.9598	0.9569	0.9715	0.00434	66	0.9910	527	0.070	0.9976	99.8814	99.9790	0.0139	0.38	AlfI:99.95,AloI:99.97,BcgI:99.96,FalI:99.96	8053	66	6948	934	107.77272727272727	ok	99.9545	gamma	99.9075	ok
NZ_CP038355.1	NZ_CP062758.1	99.9522	99.9581	0.9611	0.9729	0.00442	64	0.9913	516	0.070	0.9975	99.8748	99.9785	0.0217	0.69	AlfI:99.95,AloI:99.97,BcgI:99.96,FalI:99.96	8076	64	6980	934	111.484375	ok	99.9522	gamma	99.9017	ok
NZ_CP038355.1	NZ_CP062763.1	99.9501	99.9561	0.9580	0.9702	0.00453	65	0.9911	511	0.070	0.9973	99.8768	99.9756	0.0074	0.10	AlfI:99.95,AloI:99.96,BcgI:99.96,FalI:99.96	8063	65	6956	934	109.33846153846154	ok	99.9501	gamma	99.9034	ok
NZ_CP038355.1	NZ_CP062766.1	99.9526	99.9586	0.9610	0.9735	0.00439	63	0.9914	498	0.070	0.9975	99.8725	99.9797	0.0167	0.53	AlfI:99.95,AloI:99.97,BcgI:99.96,FalI:99.96	8089	63	6980	934	112.96825396825396	ok	99.9526	gamma	99.8996	ok
NZ_CP038355.1	NZ_CP062782.1	99.9535	99.9595	0.9606	0.9598	0.00434	60	0.9918	451	0.070	0.9975	99.8701	99.9814	0.0153	0.48	AlfI:99.95,AloI:99.97,BcgI:99.96,FalI:99.96	8056	60	6978	934	117.91666666666667	ok	99.9535	gamma	99.8974	ok
NZ_CP038355.1	NZ_CP062769.1	99.9537	99.9588	0.9517	0.9654	0.00439	56	0.9923	379	0.070	0.9975	99.8860	99.9767	0.0124	0.25	AlfI:99.95,AloI:99.97,BcgI:99.96,FalI:99.96	7898	56	6942	934	124.92857142857143	ok	99.9537	gamma	99.9117	ok
NZ_CP038355.1	NZ_CP062771.1	99.9519	99.9581	0.9608	0.9734	0.00442	64	0.9913	515	0.070	0.9975	99.8701	99.9797	0.0134	0.59	AlfI:99.95,AloI:99.96,BcgI:99.96,FalI:99.96	8048	64	6980	934	111.390625	ok	99.9519	gamma	99.8975	ok
NZ_CP038355.1	NZ_CP062774.1	99.9507	99.9571	0.9603	0.9662	0.00447	66	0.9910	514	0.070	0.9974	99.8677	99.9791	0.0111	0.41	AlfI:99.95,AloI:99.95,BcgI:99.96,FalI:99.96	8073	66	6976	934	107.96969696969697	ok	99.9507	gamma	99.8953	ok
NZ_CP038357.1	NZ_CP038360.1	99.9325	99.9423	0.9620	0.9749	0.00518	54	0.9926	360	0.070	0.9965	99.8561	99.9635	0.0218	0.73	AlfI:99.95,AloI:99.94,BcgI:99.94,FalI:99.93	8080	54	6988	1405	130.11111111111111	ok	99.9325	gamma	99.8849	ok
NZ_CP038357.1	NZ_CP038366.1	99.9418	99.9493	0.9635	0.9728	0.00485	53	0.9928	370	0.070	0.9969	99.8681	99.9693	0.0333	2.86	AlfI:99.95,AloI:99.95,BcgI:99.94,FalI:99.98	8088	53	6997	1404	132.9433962264151	ok	99.9418	gamma	99.8956	ok
NZ_CP038357.1	NZ_CP038372.1	99.9749	99.9765	0.9705	0.9809	0.00328	55	0.9927	530	0.070	0.9986	99.9275	99.9885	0.0078	0.42	AlfI:99.98,AloI:99.97,BcgI:99.97,FalI:99.98	8537	55	7045	1408	131.6727272727273	ok	99.9749	gamma	99.9475	ok
NZ_CP038357.1	NZ_CP038402.1	99.9419	99.9503	0.9495	0.9555	0.00483	64	0.9912	427	0.070	0.9970	99.8551	99.9737	0.0296	0.89	AlfI:99.96,AloI:99.95,BcgI:99.95,FalI:99.93	8056	64	6941	911	109.53125	ok	99.9419	gamma	99.8842	ok
NZ_CP038357.1	NZ_CP038414.1	99.9562	99.9608	0.9673	0.9802	0.00426	59	0.9921	526	0.070	0.9976	99.8922	99.9776	0.0313	1.00	AlfI:99.97,AloI:99.96,BcgI:99.96,FalI:99.93	8294	59	7034	1399	122	ok	99.9562	gamma	99.9170	ok
NZ_CP038357.1	NZ_CP038416.1	99.9549	99.9596	0.9635	0.9689	0.00433	52	0.9929	375	0.070	0.9975	99.8916	99.9763	0.0100	0.09	AlfI:99.96,AloI:99.96,BcgI:99.96,FalI:99.97	8064	52	6993	1405	135.55769230769232	ok	99.9549	gamma	99.9165	ok
NZ_CP038357.1	NZ_CP039834.1	99.9585	99.9628	0.9616	0.9800	0.00415	57	0.9924	412	0.070	0.9977	99.8916	99.9803	0.0510	3.49	AlfI:99.96,AloI:99.94,BcgI:99.96,FalI:99.99	8205	57	6990	1406	124.56140350877193	ok	99.9585	gamma	99.9164	ok
NZ_CP038357.1	NZ_CP062778.1	99.9338	99.9439	0.9586	0.9691	0.00512	66	0.9909	452	0.070	0.9966	99.8461	99.9680	0.0421	0.82	AlfI:99.95,AloI:99.91,BcgI:99.94,FalI:99.95	8144	66	6967	901	107.16666666666667	ok	99.9338	gamma	99.8761	ok
NZ_CP038357.1	NZ_CP062700.1	99.9340	99.9439	0.9586	0.9735	0.00512	60	0.9917	393	0.070	0.9966	99.8484	99.9674	0.0205	0.34	AlfI:99.95,AloI:99.93,BcgI:99.94,FalI:99.95	8078	60	6963	901	117.11666666666666	ok	99.9340	gamma	99.8781	ok
NZ_CP038357.1	NZ_CP062702.1	99.9468	99.9540	0.9512	0.9692	0.00464	54	0.9925	358	0.070	0.9972	99.8621	99.9766	0.0208	0.81	AlfI:99.96,AloI:99.95,BcgI:99.95,FalI:99.97	8019	54	6933	1360	129.1851851851852	ok	99.9468	gamma	99.8904	ok
NZ_CP038357.1	NZ_CP062705.1	99.9561	99.9614	0.9627	0.9715	0.00423	64	0.9913	497	0.070	0.9977	99.8752	99.9826	0.0090	0.14	AlfI:99.96,AloI:99.97,BcgI:99.96,FalI:99.97	8193	64	6998	1404	111.453125	ok	99.9561	gamma	99.9019	ok
NZ_CP038357.1	NZ_CP062708.1	99.9560	99.9614	0.9627	0.9715	0.00423	64	0.9913	497	0.070	0.9977	99.8728	99.9832	0.0090	0.14	AlfI:99.96,AloI:99.97,BcgI:99.96,FalI:99.97	8193	64	6998	1403	111.4375	ok	99.9560	gamma	99.8998	ok
NZ_CP038357.1	NZ_CP062711.1	99.9560	99.9614	0.9627	0.9778	0.00423	64	0.9913	497	0.070	0.9977	99.8728	99.9832	0.0090	0.14	AlfI:99.96,AloI:99.97,BcgI:99.96,FalI:99.97	8193	64	6998	1403	111.4375	ok	99.9560	gamma	99.8998	ok
NZ_CP038357.1	NZ_CP062713.1	99.9567	99.9619	0.9627	0.9780	0.00421	64	0.9913	497	0.070	0.9977	99.8752	99.9832	0.0090	0.14	AlfI:99.96,AloI:99.97,BcgI:99.96,FalI:99.97	8193	64	6998	1404	111.453125	ok	99.9567	gamma	99.9019	ok
NZ_CP038357.1	NZ_CP062715.1	99.9552	99.9604	0.9632	0.9774	0.00429	67	0.9909	496	0.070	0.9976	99.8796	99.9803	0.0258	0.71	AlfI:99.96,AloI:99.95,BcgI:99.96,FalI:99.97	8220	67	6982	1405	106.34328358208955	ok	99.9552	gamma	99.9059	ok
NZ_CP038357.1	NZ_CP062717.1	99.9547	99.9601	0.9670	0.9775	0.00430	66	0.9910	493	0.070	0.9976	99.8777	99.9804	0.0255	0.76	AlfI:99.96,AloI:99.95,BcgI:99.96,FalI:99.97	8227	66	7011	1404	108.28787878787878	ok	99.9547	gamma	99.9042	ok
NZ_CP038357.1	NZ_CP062719.1	99.9534	99.9593	0.9699	0.9757	0.00434	63	0.9914	470	0.070	0.9975	99.8709	99.9810	0.0148	0.36	AlfI:99.96,AloI:99.96,BcgI:99.96,FalI:99.97	8202	63	7024	1403	113.14285714285714	ok	99.9534	gamma	99.8981	ok
NZ_CP038357.1	NZ_CP062721.1	99.9530	99.9588	0.9699	0.9757	0.00437	63	0.9914	470	0.070	0.9975	99.8733	99.9798	0.0061	0.05	AlfI:99.96,AloI:99.96,BcgI:99.96,FalI:99.96	8202	63	7024	1404	113.15873015873017	ok	99.9530	gamma	99.9002	ok
NZ_CP038357.1	NZ_CP062723.1	99.9579	99.9628	0.9601	0.9758	0.00416	66	0.9910	497	0.070	0.9977	99.8797	99.9832	0.0146	0.22	AlfI:99.96,AloI:99.95,BcgI:99.96,FalI:99.97	8205	66	6985	1405	107.98484848484848	ok	99.9579	gamma	99.9059	ok
NZ_CP038357.1	NZ_CP062725.1	99.9557	99.9611	0.9673	0.9784	0.00425	62	0.9916	473	0.070	0.9976	99.8754	99.9821	0.0256	0.82	AlfI:99.96,AloI:99.95,BcgI:99.96,FalI:99.97	8248	62	7013	1405	114.91935483870968	ok	99.9557	gamma	99.9021	ok
NZ_CP038357.1	NZ_CP062727.1	99.9591	99.9638	0.9632	0.9785	0.00410	63	0.9914	494	0.070	0.9978	99.8823	99.9838	0.0190	0.41	AlfI:99.96,AloI:99.96,BcgI:99.96,FalI:99.97	8197	63	6999	1404	113.23809523809524	ok	99.9591	gamma	99.9082	ok
NZ_CP038357.1	NZ_CP062729.1	99.9591	99.9637	0.9601	0.9758	0.00411	66	0.9910	498	0.070	0.9978	99.8844	99.9832	0.0254	0.58	AlfI:99.97,AloI:99.95,BcgI:99.96,FalI:99.97	8207	66	6985	1404	108	ok	99.9591	gamma	99.9101	ok
NZ_CP038357.1	NZ_CP062780.1	99.9591	99.9637	0.9597	0.9748	0.00411	65	0.9912	492	0.070	0.9978	99.8844	99.9832	0.0190	0.41	AlfI:99.96,AloI:99.95,BcgI:99.96,FalI:99.97	8207	65	6984	1405	109.58461538461539	ok	99.9591	gamma	99.9101	ok
NZ_CP038357.1	NZ_CP062731.1	99.9585	99.9632	0.9597	0.9748	0.00413	65	0.9912	492	0.070	0.9978	99.8820	99.9832	0.0190	0.45	AlfI:99.96,AloI:99.95,BcgI:99.96,FalI:99.97	8207	65	6984	1404	109.56923076923077	ok	99.9585	gamma	99.9080	ok
NZ_CP038357.1	NZ_CP062733.1	99.9592	99.9637	0.9603	0.9748	0.00410	67	0.9910	499	0.070	0.9978	99.8845	99.9832	0.0253	0.58	AlfI:99.97,AloI:99.95,BcgI:99.96,FalI:99.97	8213	67	6989	1404	106.43283582089552	ok	99.9592	gamma	99.9102	ok
NZ_CP038357.1	NZ_CP062739.1	99.9598	99.9642	0.9603	0.9751	0.00408	73	0.9905	935	0.070	0.9978	99.8868	99.9832	0.0126	0.38	AlfI:99.97,AloI:99.96,BcgI:99.96,FalI:99.97	8476	73	6989	1405	101.15068493150685	ok	99.9598	gamma	99.9123	ok
NZ_CP038357.1	NZ_CP062736.1	99.9585	99.9633	0.9603	0.9748	0.00413	66	0.9912	492	0.070	0.9978	99.8821	99.9832	0.0189	0.45	AlfI:99.96,AloI:99.96,BcgI:99.96,FalI:99.97	8212	66	6989	1404	107.98484848484848	ok	99.9585	gamma	99.9081	ok
NZ_CP038357.1	NZ_CP062742.1	99.9584	99.9633	0.9632	0.9786	0.00413	63	0.9914	492	0.070	0.9978	99.8775	99.9844	0.0190	0.45	AlfI:99.96,AloI:99.96,BcgI:99.96,FalI:99.97	8215	63	6999	1404	113.26984126984127	ok	99.9584	gamma	99.9040	ok
NZ_CP038357.1	NZ_CP062744.1	99.9603	99.9646	0.9597	0.9748	0.00405	67	0.9909	505	0.070	0.9979	99.8867	99.9838	0.0190	0.38	AlfI:99.97,AloI:99.95,BcgI:99.96,FalI:99.97	8208	67	6984	1405	106.43283582089552	ok	99.9603	gamma	99.9122	ok
NZ_CP038357.1	NZ_CP062746.1	99.9611	99.9652	0.9612	0.9780	0.00402	68	0.9909	506	0.070	0.9979	99.8916	99.9832	0.0254	0.53	AlfI:99.97,AloI:99.95,BcgI:99.96,FalI:99.97	8213	68	6993	1405	105	ok	99.9611	gamma	99.9165	ok
NZ_CP038357.1	NZ_CP062749.1	99.9581	99.9629	0.9638	0.9786	0.00415	59	0.9921	432	0.070	0.9977	99.8823	99.9827	0.0253	0.57	AlfI:99.96,AloI:99.95,BcgI:99.96,FalI:99.97	8141	59	7004	1405	120.01694915254237	ok	99.9581	gamma	99.9083	ok
NZ_CP038357.1	NZ_CP062752.1	99.9563	99.9614	0.9607	0.9775	0.00423	67	0.9910	493	0.070	0.9977	99.8798	99.9815	0.0190	0.60	AlfI:99.96,AloI:99.96,BcgI:99.96,FalI:99.97	8212	67	6991	1403	106.41791044776119	ok	99.9563	gamma	99.9060	ok
NZ_CP038357.1	NZ_CP062755.1	99.9605	99.9648	0.9639	0.9784	0.00404	63	0.9916	486	0.070	0.9979	99.8894	99.9832	0.0189	0.45	AlfI:99.97,AloI:99.96,BcgI:99.96,FalI:99.97	8203	63	7004	1405	113.28571428571429	ok	99.9605	gamma	99.9145	ok
NZ_CP038357.1	NZ_CP062761.1	99.9558	99.9610	0.9658	0.9764	0.00426	66	0.9910	507	0.070	0.9976	99.8798	99.9809	0.0141	0.57	AlfI:99.97,AloI:99.96,BcgI:99.96,FalI:99.97	8214	66	6992	1404	108.13636363636364	ok	99.9558	gamma	99.9060	ok
NZ_CP038357.1	NZ_CP062758.1	99.9556	99.9610	0.9638	0.9785	0.00425	65	0.9913	502	0.070	0.9976	99.8753	99.9821	0.0189	0.91	AlfI:99.97,AloI:99.96,BcgI:99.96,FalI:99.97	8218	65	7004	1404	109.93846153846154	ok	99.9556	gamma	99.9020	ok
NZ_CP038357.1	NZ_CP062763.1	99.9550	99.9604	0.9608	0.9756	0.00429	64	0.9914	482	0.070	0.9976	99.8772	99.9809	0.0255	0.88	AlfI:99.96,AloI:99.95,BcgI:99.96,FalI:99.97	8206	64	6980	1404	111.078125	ok	99.9550	gamma	99.9038	ok
NZ_CP038357.1	NZ_CP062766.1	99.9587	99.9633	0.9638	0.9792	0.00412	62	0.9917	472	0.070	0.9978	99.8847	99.9827	0.0253	0.62	AlfI:99.97,AloI:99.95,BcgI:99.96,FalI:99.97	8223	62	7004	1404	114.80645161290323	ok	99.9587	gamma	99.9104	ok
NZ_CP038357.1	NZ_CP062782.1	99.9541	99.9597	0.9703	0.9708	0.00431	61	0.9919	490	0.070	0.9976	99.8733	99.9810	0.0255	0.83	AlfI:99.96,AloI:99.95,BcgI:99.96,FalI:99.97	8255	61	7028	1405	117.14754098360656	ok	99.9541	gamma	99.9003	ok
NZ_CP038357.1	NZ_CP062769.1	99.9508	99.9572	0.9624	0.9770	0.00446	57	0.9922	382	0.070	0.9974	99.8657	99.9797	0.0278	1.35	AlfI:99.97,AloI:99.94,BcgI:99.95,FalI:99.97	8100	57	6997	1404	123.59649122807018	ok	99.9508	gamma	99.8935	ok
NZ_CP038357.1	NZ_CP062771.1	99.9546	99.9602	0.9702	0.9789	0.00429	64	0.9915	481	0.070	0.9976	99.8733	99.9816	0.0318	0.95	AlfI:99.96,AloI:99.94,BcgI:99.96,FalI:99.97	8207	64	7027	1404	111.625	ok	99.9546	gamma	99.9003	ok
NZ_CP038357.1	NZ_CP062774.1	99.9550	99.9605	0.9606	0.9713	0.00429	68	0.9909	500	0.070	0.9976	99.8750	99.9815	0.0340	0.80	AlfI:99.96,AloI:99.94,BcgI:99.96,FalI:99.97	8209	68	6991	1404	104.86764705882354	ok	99.9550	gamma	99.9018	ok
NZ_CP038360.1	NZ_CP038366.1	99.9403	99.9474	0.9723	0.9738	0.00495	43	0.9941	321	0.070	0.9968	99.8795	99.9640	0.0213	0.80	AlfI:99.94,AloI:99.95,BcgI:99.95,FalI:99.96	7915	43	6977	1414	162.86046511627907	ok	99.9403	gamma	99.9058	ok
NZ_CP038360.1	NZ_CP038372.1	99.9443	99.9513	0.9603	0.9697	0.00478	54	0.9926	442	0.070	0.9970	99.8717	99.9708	0.0201	1.26	AlfI:99.96,AloI:99.95,BcgI:99.94,FalI:99.95	8200	54	6937	1052	130.64814814814815	ok	99.9443	gamma	99.8989	ok
NZ_CP038360.1	NZ_CP038402.1	99.9321	99.9417	0.9581	0.9567	0.00524	50	0.9931	322	0.070	0.9965	99.8593	99.9619	0.0249	1.01	AlfI:99.95,AloI:99.93,BcgI:99.94,FalI:99.93	7829	50	6916	928	138.52	ok	99.9321	gamma	99.8880	ok
NZ_CP038360.1	NZ_CP038414.1	99.9591	99.9620	0.9586	0.9685	0.00422	54	0.9926	434	0.070	0.9977	99.9262	99.9708	0.0237	0.74	AlfI:99.96,AloI:99.95,BcgI:99.97,FalI:99.94	8013	54	6915	1371	130.42592592592592	ok	99.9591	gamma	99.9465	ok
NZ_CP038360.1	NZ_CP038416.1	99.9740	99.9740	0.9756	0.9723	0.00347	37	0.9950	338	inf	0.9984	99.9175	99.9879	0.0151	0.40	AlfI:99.97,AloI:99.97,BcgI:99.97,FalI:99.98	7929	37	6992	1417	190.3783783783784	ok	99.9740	uniform	99.9390	ok
NZ_CP038360.1	NZ_CP039834.1	99.9513	99.9561	0.9643	0.9762	0.00453	48	0.9934	349	0.070	0.9973	99.9003	99.9697	0.0169	0.55	AlfI:99.96,AloI:99.95,BcgI:99.95,FalI:99.96	7974	48	6942	1415	146.02083333333334	ok	99.9513	gamma	99.9242	ok
NZ_CP038360.1	NZ_CP062778.1	99.9234	99.9365	0.9622	0.9626	0.00546	57	0.9921	386	0.070	0.9961	99.8285	99.9631	0.0207	0.43	AlfI:99.94,AloI:99.92,BcgI:99.94,FalI:99.92	7939	57	6926	1051	122.89473684210526	ok	99.9234	gamma	99.8603	ok
NZ_CP038360.1	NZ_CP062700.1	99.9222	99.9356	0.9627	0.9673	0.00550	51	0.9930	346	0.070	0.9961	99.8285	99.9619	0.0225	0.54	AlfI:99.94,AloI:99.92,BcgI:99.94,FalI:99.92	7889	51	6926	1051	136.7058823529412	ok	99.9222	gamma	99.8603	ok
NZ_CP038360.1	NZ_CP062702.1	99.9559	99.9598	0.9516	0.9598	0.00436	48	0.9933	339	0.070	0.9976	99.9064	99.9729	0.0143	0.26	AlfI:99.96,AloI:99.95,BcgI:99.96,FalI:99.97	7828	48	6864	1371	144	ok	99.9559	gamma	99.9296	ok
NZ_CP038360.1	NZ_CP062705.1	99.9462	99.9532	0.9637	0.9700	0.00468	59	0.9919	450	0.070	0.9972	99.8694	99.9737	0.0095	0.11	AlfI:99.95,AloI:99.96,BcgI:99.95,FalI:99.95	7962	59	6941	1413	119.64406779661017	ok	99.9462	gamma	99.8969	ok
NZ_CP038360.1	NZ_CP062708.1	99.9461	99.9531	0.9637	0.9700	0.00468	59	0.9919	450	0.070	0.9972	99.8670	99.9743	0.0095	0.11	AlfI:99.95,AloI:99.96,BcgI:99.95,FalI:99.95	7962	59	6941	1412	119.62711864406779	ok	99.9461	gamma	99.8948	ok
NZ_CP038360.1	NZ_CP062711.1	99.9461	99.9531	0.9637	0.9762	0.00468	59	0.9919	450	0.070	0.9972	99.8670	99.9743	0.0095	0.11	AlfI:99.95,AloI:99.96,BcgI:99.95,FalI:99.95	7962	59	6941	1412	119.62711864406779	ok	99.9461	gamma	99.8948	ok
NZ_CP038360.1	NZ_CP062713.1	99.9468	99.9536	0.9637	0.9764	0.00466	59	0.9919	450	0.070	0.9972	99.8694	99.9743	0.0091	0.09	AlfI:99.95,AloI:99.96,BcgI:99.95,FalI:99.95	7962	59	6941	1413	119.64406779661017	ok	99.9468	gamma	99.8969	ok
NZ_CP038360.1	NZ_CP062715.1	99.9516	99.9573	0.9628	0.9742	0.00447	59	0.9919	446	0.070	0.9974	99.8788	99.9767	0.0070	0.18	AlfI:99.96,AloI:99.96,BcgI:99.95,FalI:99.96	8001	59	6934	1414	119.59322033898304	ok	99.9516	gamma	99.9052	ok
NZ_CP038360.1	NZ_CP062717.1	99.9509	99.9569	0.9625	0.9743	0.00450	59	0.9919	444	0.070	0.9974	99.8764	99.9766	0.0080	0.23	AlfI:99.96,AloI:99.96,BcgI:99.95,FalI:99.96	7982	59	6933	1413	119.49152542372882	ok	99.9509	gamma	99.9031	ok
NZ_CP038360.1	NZ_CP062719.1	99.9468	99.9536	0.9651	0.9684	0.00466	51	0.9930	395	0.070	0.9972	99.8694	99.9743	0.0094	0.15	AlfI:99.96,AloI:99.95,BcgI:99.95,FalI:99.96	7945	51	6944	1412	137.47058823529412	ok	99.9468	gamma	99.8969	ok
NZ_CP038360.1	NZ_CP062721.1	99.9463	99.9532	0.9651	0.9684	0.00468	51	0.9930	395	0.070	0.9972	99.8718	99.9732	0.0097	0.17	AlfI:99.96,AloI:99.95,BcgI:99.95,FalI:99.95	7945	51	6944	1413	137.49019607843138	ok	99.9463	gamma	99.8991	ok
NZ_CP038360.1	NZ_CP062723.1	99.9516	99.9573	0.9625	0.9756	0.00447	60	0.9918	447	0.070	0.9974	99.8787	99.9767	0.0109	0.32	AlfI:99.96,AloI:99.96,BcgI:99.95,FalI:99.95	7982	60	6933	1414	117.51666666666667	ok	99.9516	gamma	99.9052	ok
NZ_CP038360.1	NZ_CP062725.1	99.9528	99.9583	0.9625	0.9761	0.00442	52	0.9929	412	0.070	0.9975	99.8811	99.9772	0.0074	0.21	AlfI:99.96,AloI:99.96,BcgI:99.96,FalI:99.96	7992	52	6933	1414	134.8846153846154	ok	99.9528	gamma	99.9073	ok
NZ_CP038360.1	NZ_CP062727.1	99.9510	99.9569	0.9649	0.9758	0.00449	56	0.9923	438	0.070	0.9974	99.8766	99.9767	0.0070	0.18	AlfI:99.96,AloI:99.95,BcgI:99.95,FalI:99.96	7967	56	6944	1413	126	ok	99.9510	gamma	99.9033	ok
NZ_CP038360.1	NZ_CP062729.1	99.9509	99.9569	0.9624	0.9747	0.00450	59	0.9919	444	0.070	0.9974	99.8764	99.9766	0.0080	0.23	AlfI:99.96,AloI:99.96,BcgI:99.95,FalI:99.96	7984	59	6933	1413	119.49152542372882	ok	99.9509	gamma	99.9031	ok
NZ_CP038360.1	NZ_CP062780.1	99.9516	99.9573	0.9625	0.9741	0.00447	59	0.9919	444	0.070	0.9974	99.8787	99.9766	0.0070	0.18	AlfI:99.96,AloI:99.96,BcgI:99.95,FalI:99.96	7984	59	6933	1414	119.50847457627118	ok	99.9516	gamma	99.9052	ok
NZ_CP038360.1	NZ_CP062731.1	99.9509	99.9569	0.9625	0.9741	0.00450	59	0.9919	444	0.070	0.9974	99.8764	99.9766	0.0080	0.23	AlfI:99.96,AloI:99.96,BcgI:99.95,FalI:99.96	7984	59	6933	1413	119.49152542372882	ok	99.9509	gamma	99.9031	ok
NZ_CP038360.1	NZ_CP062733.1	99.9497	99.9559	0.9625	0.9736	0.00454	59	0.9919	445	0.070	0.9973	99.8740	99.9761	0.0066	0.15	AlfI:99.96,AloI:99.95,BcgI:99.95,FalI:99.96	7985	59	6933	1413	119.47457627118644	ok	99.9497	gamma	99.9010	ok
NZ_CP038360.1	NZ_CP062739.1	99.9535	99.9588	0.9624	0.9723	0.00439	63	0.9916	843	0.070	0.9975	99.8835	99.9772	0.0121	0.32	AlfI:99.96,AloI:99.97,BcgI:99.96,FalI:99.96	8206	63	6933	1414	115.44444444444444	ok	99.9535	gamma	99.9094	ok
NZ_CP038360.1	NZ_CP062736.1	99.9509	99.9569	0.9625	0.9735	0.00450	59	0.9919	444	0.070	0.9974	99.8764	99.9766	0.0080	0.23	AlfI:99.96,AloI:99.96,BcgI:99.95,FalI:99.96	7984	59	6933	1413	119.49152542372882	ok	99.9509	gamma	99.9031	ok
NZ_CP038360.1	NZ_CP062742.1	99.9507	99.9569	0.9650	0.9758	0.00449	56	0.9923	437	0.070	0.9974	99.8718	99.9778	0.0080	0.24	AlfI:99.96,AloI:99.96,BcgI:99.95,FalI:99.96	7990	56	6944	1413	125.98214285714286	ok	99.9507	gamma	99.8991	ok
NZ_CP038360.1	NZ_CP062744.1	99.9516	99.9573	0.9625	0.9741	0.00447	59	0.9919	444	0.070	0.9974	99.8787	99.9766	0.0070	0.18	AlfI:99.96,AloI:99.96,BcgI:99.95,FalI:99.96	7985	59	6933	1414	119.49152542372882	ok	99.9516	gamma	99.9052	ok
NZ_CP038360.1	NZ_CP062746.1	99.9516	99.9573	0.9625	0.9742	0.00447	59	0.9919	444	0.070	0.9974	99.8787	99.9766	0.0070	0.18	AlfI:99.96,AloI:99.96,BcgI:99.95,FalI:99.96	7985	59	6933	1414	119.47457627118644	ok	99.9516	gamma	99.9052	ok
NZ_CP038360.1	NZ_CP062749.1	99.9527	99.9583	0.9652	0.9743	0.00441	48	0.9934	372	0.070	0.9975	99.8789	99.9779	0.0098	0.32	AlfI:99.96,AloI:99.95,BcgI:99.96,FalI:99.96	7909	48	6944	1414	145.5625	ok	99.9527	gamma	99.9054	ok
NZ_CP038360.1	NZ_CP062752.1	99.9486	99.9550	0.9622	0.9746	0.00459	61	0.9916	448	0.070	0.9973	99.8740	99.9749	0.0104	0.34	AlfI:99.96,AloI:99.96,BcgI:99.95,FalI:99.96	7983	61	6933	1412	115.62295081967213	ok	99.9486	gamma	99.9010	ok
NZ_CP038360.1	NZ_CP062755.1	99.9524	99.9579	0.9652	0.9750	0.00444	55	0.9925	437	0.070	0.9974	99.8813	99.9767	0.0060	0.14	AlfI:99.96,AloI:99.96,BcgI:99.96,FalI:99.96	7968	55	6944	1414	128.21818181818182	ok	99.9524	gamma	99.9075	ok
NZ_CP038360.1	NZ_CP062761.1	99.9529	99.9583	0.9650	0.9758	0.00442	55	0.9925	437	0.070	0.9975	99.8813	99.9773	0.0085	0.27	AlfI:99.96,AloI:99.96,BcgI:99.95,FalI:99.96	7992	55	6941	1413	128.23636363636365	ok	99.9529	gamma	99.9074	ok
NZ_CP038360.1	NZ_CP062758.1	99.9484	99.9550	0.9651	0.9752	0.00459	56	0.9923	441	0.070	0.9973	99.8694	99.9761	0.0105	0.34	AlfI:99.96,AloI:99.96,BcgI:99.95,FalI:99.96	7990	56	6944	1413	126	ok	99.9484	gamma	99.8969	ok
NZ_CP038360.1	NZ_CP062763.1	99.9517	99.9574	0.9650	0.9756	0.00447	57	0.9922	449	0.070	0.9974	99.8789	99.9767	0.0094	0.34	AlfI:99.96,AloI:99.95,BcgI:99.95,FalI:99.96	7994	57	6941	1413	123.84210526315789	ok	99.9517	gamma	99.9053	ok
NZ_CP038360.1	NZ_CP062766.1	99.9505	99.9565	0.9651	0.9747	0.00451	50	0.9932	401	0.070	0.9974	99.8766	99.9761	0.0090	0.29	AlfI:99.96,AloI:99.96,BcgI:99.95,FalI:99.96	7980	50	6944	1413	140.3	ok	99.9505	gamma	99.9033	ok
NZ_CP038360.1	NZ_CP062782.1	99.9528	99.9583	0.9650	0.9680	0.00441	47	0.9936	375	0.070	0.9975	99.8789	99.9779	0.0074	0.21	AlfI:99.96,AloI:99.96,BcgI:99.96,FalI:99.96	7963	47	6944	1415	148.85106382978722	ok	99.9528	gamma	99.9054	ok
NZ_CP038360.1	NZ_CP062769.1	99.9482	99.9544	0.9566	0.9698	0.00463	47	0.9935	333	0.070	0.9972	99.8783	99.9731	0.0097	0.31	AlfI:99.96,AloI:99.95,BcgI:99.95,FalI:99.96	7851	47	6910	1413	147.87234042553192	ok	99.9482	gamma	99.9049	ok
NZ_CP038360.1	NZ_CP062771.1	99.9519	99.9579	0.9650	0.9757	0.00444	52	0.9929	414	0.070	0.9974	99.8742	99.9784	0.0084	0.22	AlfI:99.96,AloI:99.95,BcgI:99.96,FalI:99.96	7946	52	6944	1413	135.1346153846154	ok	99.9519	gamma	99.9012	ok
NZ_CP038360.1	NZ_CP062774.1	99.9453	99.9526	0.9622	0.9674	0.00471	60	0.9918	446	0.070	0.9971	99.8644	99.9743	0.0175	0.35	AlfI:99.96,AloI:99.94,BcgI:99.95,FalI:99.95	7980	60	6933	1413	117.4	ok	99.9453	gamma	99.8925	ok
NZ_CP038366.1	NZ_CP038372.1	99.9244	99.9391	0.9596	0.9722	0.00532	59	0.9920	479	0.070	0.9963	99.8048	99.9722	0.0110	0.13	AlfI:99.94,AloI:99.95,BcgI:99.94,FalI:99.94	8235	59	7016	1050	120.7457627118644	ok	99.9244	gamma	99.8386	ok
NZ_CP038366.1	NZ_CP038402.1	99.9477	99.9544	0.9551	0.9634	0.00461	58	0.9921	424	0.070	0.9972	99.8701	99.9751	0.0100	0.24	AlfI:99.96,AloI:99.95,BcgI:99.95,FalI:99.96	7931	58	6980	905	121.56896551724138	ok	99.9477	gamma	99.8975	ok
NZ_CP038366.1	NZ_CP038414.1	99.9538	99.9588	0.9629	0.9754	0.00437	49	0.9934	444	0.070	0.9975	99.8873	99.9764	0.0111	0.36	AlfI:99.96,AloI:99.96,BcgI:99.96,FalI:99.95	8061	49	7016	1369	145.28571428571428	ok	99.9538	gamma	99.9126	ok
NZ_CP038366.1	NZ_CP038416.1	99.9425	99.9499	0.9751	0.9728	0.00480	46	0.9938	374	0.070	0.9970	99.8672	99.9702	0.0213	0.90	AlfI:99.94,AloI:99.96,BcgI:99.96,FalI:99.94	7968	46	7074	1414	154.54347826086956	ok	99.9425	gamma	99.8947	ok
NZ_CP038366.1	NZ_CP039834.1	99.9483	99.9547	0.9670	0.9841	0.00457	46	0.9938	386	0.070	0.9973	99.8712	99.9753	0.0231	1.49	AlfI:99.95,AloI:99.97,BcgI:99.95,FalI:99.97	8054	46	7040	1414	154.69565217391303	ok	99.9483	gamma	99.8983	ok
NZ_CP038366.1	NZ_CP062778.1	99.9336	99.9447	0.9629	0.9690	0.00507	54	0.9927	413	0.070	0.9966	99.8307	99.9728	0.0090	0.12	AlfI:99.94,AloI:99.95,BcgI:99.94,FalI:99.95	8000	54	7013	1049	131.27777777777777	ok	99.9336	gamma	99.8620	ok
NZ_CP038366.1	NZ_CP062700.1	99.9324	99.9438	0.9634	0.9733	0.00511	46	0.9938	354	0.070	0.9966	99.8307	99.9716	0.0062	0.06	AlfI:99.94,AloI:99.95,BcgI:99.94,FalI:99.95	7946	46	7013	1049	153.1086956521739	ok	99.9324	gamma	99.8620	ok
NZ_CP038366.1	NZ_CP062702.1	99.9665	99.9665	0.9571	0.9677	0.00395	50	0.9932	427	inf	0.9980	99.8912	99.9849	0.0159	0.73	AlfI:99.97,AloI:99.97,BcgI:99.96,FalI:99.98	7965	50	6970	1370	141.3	ok	99.9665	uniform	99.9162	ok
NZ_CP038366.1	NZ_CP062705.1	99.9418	99.9506	0.9708	0.9792	0.00478	52	0.9931	448	0.070	0.9970	99.8457	99.9764	0.0231	0.55	AlfI:99.95,AloI:99.97,BcgI:99.95,FalI:99.94	8055	52	7053	1412	137.19230769230768	ok	99.9418	gamma	99.8755	ok
NZ_CP038366.1	NZ_CP062708.1	99.9442	99.9525	0.9714	0.9797	0.00468	53	0.9930	448	0.070	0.9971	99.8481	99.9782	0.0170	0.41	AlfI:99.95,AloI:99.97,BcgI:99.95,FalI:99.95	8057	53	7057	1411	134.69811320754718	ok	99.9442	gamma	99.8777	ok
NZ_CP038366.1	NZ_CP062711.1	99.9459	99.9537	0.9676	0.9823	0.00463	51	0.9931	448	0.070	0.9972	99.8524	99.9787	0.0169	0.50	AlfI:99.95,AloI:99.97,BcgI:99.95,FalI:99.96	8037	51	7036	1411	139.6078431372549	ok	99.9459	gamma	99.8815	ok
NZ_CP038366.1	NZ_CP062713.1	99.9467	99.9542	0.9676	0.9825	0.00460	51	0.9931	448	0.070	0.9972	99.8547	99.9787	0.0169	0.47	AlfI:99.95,AloI:99.97,BcgI:99.95,FalI:99.96	8037	51	7036	1412	139.62745098039215	ok	99.9467	gamma	99.8836	ok
NZ_CP038366.1	NZ_CP062715.1	99.9534	99.9591	0.9615	0.9820	0.00436	54	0.9927	458	0.070	0.9975	99.8727	99.9803	0.0192	0.84	AlfI:99.95,AloI:99.97,BcgI:99.96,FalI:99.97	8037	54	6995	1413	131.44444444444446	ok	99.9534	gamma	99.8998	ok
NZ_CP038366.1	NZ_CP062717.1	99.9516	99.9579	0.9655	0.9822	0.00442	53	0.9928	456	0.070	0.9974	99.8663	99.9804	0.0206	1.02	AlfI:99.95,AloI:99.97,BcgI:99.96,FalI:99.97	8053	53	7026	1412	134.39622641509433	ok	99.9516	gamma	99.8940	ok
NZ_CP038366.1	NZ_CP062719.1	99.9436	99.9519	0.9681	0.9735	0.00472	49	0.9934	430	0.070	0.9971	99.8500	99.9769	0.0216	0.72	AlfI:99.94,AloI:99.96,BcgI:99.95,FalI:99.97	8029	49	7037	1411	145	ok	99.9436	gamma	99.8794	ok
NZ_CP038366.1	NZ_CP062721.1	99.9432	99.9514	0.9681	0.9735	0.00474	49	0.9934	430	0.070	0.9970	99.8524	99.9758	0.0130	0.39	AlfI:99.94,AloI:99.96,BcgI:99.95,FalI:99.96	8029	49	7037	1412	145.0204081632653	ok	99.9432	gamma	99.8815	ok
NZ_CP038366.1	NZ_CP062723.1	99.9510	99.9574	0.9655	0.9825	0.00444	53	0.9928	456	0.070	0.9974	99.8639	99.9804	0.0206	0.80	AlfI:99.95,AloI:99.97,BcgI:99.96,FalI:99.97	8051	53	7026	1413	134.37735849056602	ok	99.9510	gamma	99.8919	ok
NZ_CP038366.1	NZ_CP062725.1	99.9522	99.9583	0.9655	0.9830	0.00439	51	0.9931	446	0.070	0.9975	99.8663	99.9810	0.0206	0.97	AlfI:99.95,AloI:99.97,BcgI:99.96,FalI:99.97	8075	51	7026	1413	139.45098039215685	ok	99.9522	gamma	99.8940	ok
NZ_CP038366.1	NZ_CP062727.1	99.9535	99.9593	0.9679	0.9830	0.00433	50	0.9933	452	0.070	0.9975	99.8688	99.9816	0.0178	0.83	AlfI:99.96,AloI:99.97,BcgI:99.96,FalI:99.97	8049	50	7037	1412	142.6	ok	99.9535	gamma	99.8962	ok
NZ_CP038366.1	NZ_CP062729.1	99.9516	99.9579	0.9654	0.9826	0.00442	52	0.9930	452	0.070	0.9974	99.8663	99.9804	0.0206	1.02	AlfI:99.95,AloI:99.97,BcgI:99.96,FalI:99.97	8053	52	7026	1412	136.90384615384616	ok	99.9516	gamma	99.8940	ok
NZ_CP038366.1	NZ_CP062780.1	99.9523	99.9583	0.9651	0.9816	0.00439	53	0.9928	456	0.070	0.9975	99.8686	99.9804	0.0206	0.97	AlfI:99.95,AloI:99.97,BcgI:99.96,FalI:99.97	8053	53	7025	1413	134.39622641509433	ok	99.9523	gamma	99.8960	ok
NZ_CP038366.1	NZ_CP062731.1	99.9516	99.9579	0.9651	0.9816	0.00442	53	0.9928	456	0.070	0.9974	99.8662	99.9804	0.0206	1.02	AlfI:99.95,AloI:99.97,BcgI:99.96,FalI:99.97	8053	53	7025	1412	134.37735849056602	ok	99.9516	gamma	99.8939	ok
NZ_CP038366.1	NZ_CP062733.1	99.9516	99.9579	0.9651	0.9811	0.00442	52	0.9930	453	0.070	0.9974	99.8662	99.9804	0.0206	1.02	AlfI:99.95,AloI:99.97,BcgI:99.96,FalI:99.97	8054	52	7025	1412	136.8653846153846	ok	99.9516	gamma	99.8939	ok
NZ_CP038366.1	NZ_CP062739.1	99.9523	99.9583	0.9650	0.9811	0.00439	59	0.9923	887	0.070	0.9975	99.8686	99.9804	0.0206	0.97	AlfI:99.95,AloI:99.97,BcgI:99.96,FalI:99.97	8289	59	7025	1413	124.84745762711864	ok	99.9523	gamma	99.8960	ok
NZ_CP038366.1	NZ_CP062736.1	99.9516	99.9579	0.9651	0.9811	0.00442	53	0.9928	456	0.070	0.9974	99.8662	99.9804	0.0206	1.02	AlfI:99.95,AloI:99.97,BcgI:99.96,FalI:99.97	8053	53	7025	1412	134.37735849056602	ok	99.9516	gamma	99.8939	ok
NZ_CP038366.1	NZ_CP062742.1	99.9514	99.9579	0.9679	0.9831	0.00441	50	0.9933	450	0.070	0.9974	99.8618	99.9816	0.0206	1.02	AlfI:99.95,AloI:99.97,BcgI:99.96,FalI:99.97	8060	50	7037	1412	142.58	ok	99.9514	gamma	99.8899	ok
NZ_CP038366.1	NZ_CP062744.1	99.9523	99.9583	0.9651	0.9816	0.00439	52	0.9930	452	0.070	0.9975	99.8686	99.9804	0.0206	0.97	AlfI:99.95,AloI:99.97,BcgI:99.96,FalI:99.97	8054	52	7025	1413	136.8846153846154	ok	99.9523	gamma	99.8960	ok
NZ_CP038366.1	NZ_CP062746.1	99.9536	99.9593	0.9655	0.9821	0.00434	52	0.9930	452	0.070	0.9975	99.8733	99.9804	0.0192	0.84	AlfI:99.96,AloI:99.97,BcgI:99.96,FalI:99.97	8054	52	7026	1413	136.90384615384616	ok	99.9536	gamma	99.9002	ok
NZ_CP038366.1	NZ_CP062749.1	99.9512	99.9575	0.9681	0.9827	0.00443	52	0.9930	444	0.070	0.9974	99.8665	99.9799	0.0163	0.67	AlfI:99.95,AloI:99.97,BcgI:99.96,FalI:99.97	8024	52	7037	1413	136.90384615384616	ok	99.9512	gamma	99.8941	ok
NZ_CP038366.1	NZ_CP062752.1	99.9515	99.9579	0.9652	0.9816	0.00442	54	0.9927	457	0.070	0.9974	99.8639	99.9810	0.0195	1.01	AlfI:99.95,AloI:99.97,BcgI:99.95,FalI:99.97	8052	54	7026	1411	131.88888888888889	ok	99.9515	gamma	99.8919	ok
NZ_CP038366.1	NZ_CP062755.1	99.9508	99.9570	0.9682	0.9827	0.00446	49	0.9934	446	0.070	0.9974	99.8688	99.9787	0.0219	1.15	AlfI:99.95,AloI:99.97,BcgI:99.95,FalI:99.97	8047	49	7037	1413	145.3673469387755	ok	99.9508	gamma	99.8962	ok
NZ_CP038366.1	NZ_CP062761.1	99.9502	99.9568	0.9638	0.9811	0.00448	51	0.9931	458	0.070	0.9974	99.8634	99.9797	0.0177	0.57	AlfI:99.95,AloI:99.96,BcgI:99.96,FalI:99.97	8036	51	7003	1412	139.27450980392157	ok	99.9502	gamma	99.8915	ok
NZ_CP038366.1	NZ_CP062758.1	99.9457	99.9537	0.9672	0.9819	0.00463	49	0.9934	442	0.070	0.9972	99.8500	99.9792	0.0204	1.11	AlfI:99.95,AloI:99.97,BcgI:99.95,FalI:99.97	8054	49	7036	1412	145.30612244897958	ok	99.9457	gamma	99.8794	ok
NZ_CP038366.1	NZ_CP062763.1	99.9499	99.9564	0.9649	0.9797	0.00450	53	0.9928	462	0.070	0.9974	99.8660	99.9786	0.0171	0.76	AlfI:99.95,AloI:99.97,BcgI:99.95,FalI:99.97	8046	53	7011	1412	134.1320754716981	ok	99.9499	gamma	99.8937	ok
NZ_CP038366.1	NZ_CP062766.1	99.9498	99.9565	0.9680	0.9830	0.00448	50	0.9933	445	0.070	0.9974	99.8618	99.9798	0.0220	1.21	AlfI:99.95,AloI:99.97,BcgI:99.95,FalI:99.97	8075	50	7037	1412	142.4	ok	99.9498	gamma	99.8899	ok
NZ_CP038366.1	NZ_CP062782.1	99.9509	99.9576	0.9735	0.9811	0.00442	48	0.9937	426	0.070	0.9974	99.8599	99.9816	0.0206	0.83	AlfI:99.95,AloI:99.97,BcgI:99.96,FalI:99.97	8102	48	7061	1413	148.5	ok	99.9509	gamma	99.8882	ok
NZ_CP038366.1	NZ_CP062769.1	99.9424	99.9512	0.9606	0.9751	0.00476	44	0.9940	338	0.070	0.9970	99.8447	99.9774	0.0178	0.67	AlfI:99.95,AloI:99.96,BcgI:99.95,FalI:99.97	7922	44	7009	1412	159.4090909090909	ok	99.9424	gamma	99.8747	ok
NZ_CP038366.1	NZ_CP062771.1	99.9505	99.9570	0.9679	0.9828	0.00446	50	0.9933	445	0.070	0.9974	99.8641	99.9798	0.0176	0.74	AlfI:99.95,AloI:99.97,BcgI:99.96,FalI:99.97	8032	50	7037	1412	142.38	ok	99.9505	gamma	99.8920	ok
NZ_CP038366.1	NZ_CP062774.1	99.9485	99.9557	0.9690	0.9791	0.00452	55	0.9927	454	0.070	0.9973	99.8573	99.9799	0.0081	0.15	AlfI:99.96,AloI:99.96,BcgI:99.95,FalI:99.96	8071	55	7047	1412	129.72727272727272	ok	99.9485	gamma	99.8859	ok
NZ_CP038372.1	NZ_CP038402.1	99.9221	99.9365	0.9462	0.9544	0.00544	67	0.9907	401	0.070	0.9961	99.8157	99.9663	0.0316	2.32	AlfI:99.95,AloI:99.95,BcgI:99.92,FalI:99.93	8106	67	6984	929	104.59701492537313	ok	99.9221	gamma	99.8486	ok
NZ_CP038372.1	NZ_CP038414.1	99.9261	99.9384	0.9666	0.9644	0.00532	66	0.9912	601	0.070	0.9963	99.8325	99.9645	0.0352	1.79	AlfI:99.95,AloI:99.95,BcgI:99.93,FalI:99.92	8422	66	7089	1362	109.83333333333333	ok	99.9261	gamma	99.8635	ok
NZ_CP038372.1	NZ_CP038416.1	99.9351	99.9452	0.9607	0.9661	0.00502	61	0.9917	414	0.070	0.9967	99.8437	99.9702	0.0163	0.62	AlfI:99.95,AloI:99.96,BcgI:99.94,FalI:99.94	8190	61	7069	1405	116.67213114754098	ok	99.9351	gamma	99.8737	ok
NZ_CP038372.1	NZ_CP039834.1	99.9284	99.9411	0.9665	0.9774	0.00520	59	0.9920	447	0.070	0.9964	99.8231	99.9702	0.0257	1.30	AlfI:99.95,AloI:99.94,BcgI:99.93,FalI:99.96	8364	59	7087	1405	121.52542372881356	ok	99.9284	gamma	99.8550	ok
NZ_CP038372.1	NZ_CP062778.1	99.9001	99.9223	0.9603	0.9646	0.00600	71	0.9903	490	0.070	0.9953	99.7780	99.9579	0.0185	0.47	AlfI:99.93,AloI:99.93,BcgI:99.92,FalI:99.91	8314	71	7062	1050	100.71830985915493	ok	99.9001	gamma	99.8139	ok
NZ_CP038372.1	NZ_CP062700.1	99.9039	99.9247	0.9530	0.9638	0.00592	64	0.9912	422	0.070	0.9954	99.7838	99.9594	0.0284	0.93	AlfI:99.94,AloI:99.93,BcgI:99.92,FalI:99.91	8203	64	7024	1050	110.4375	ok	99.9039	gamma	99.8194	ok
NZ_CP038372.1	NZ_CP062702.1	99.9404	99.9496	0.9377	0.9553	0.00487	56	0.9922	364	0.070	0.9969	99.8426	99.9760	0.0390	3.11	AlfI:99.96,AloI:99.97,BcgI:99.94,FalI:99.96	8082	56	6915	1361	124.14285714285714	ok	99.9404	gamma	99.8730	ok
NZ_CP038372.1	NZ_CP062705.1	99.9259	99.9399	0.9708	0.9664	0.00525	72	0.9904	615	0.070	0.9964	99.8121	99.9714	0.0524	5.01	AlfI:99.95,AloI:99.98,BcgI:99.93,FalI:99.94	8412	72	7113	1403	100.88888888888889	ok	99.9259	gamma	99.8450	ok
NZ_CP038372.1	NZ_CP062708.1	99.9267	99.9404	0.9708	0.9664	0.00523	72	0.9904	615	0.070	0.9964	99.8144	99.9714	0.0514	4.86	AlfI:99.95,AloI:99.98,BcgI:99.93,FalI:99.94	8412	72	7113	1404	100.90277777777777	ok	99.9267	gamma	99.8471	ok
NZ_CP038372.1	NZ_CP062711.1	99.9267	99.9404	0.9708	0.9726	0.00523	72	0.9904	615	0.070	0.9964	99.8144	99.9714	0.0514	4.86	AlfI:99.95,AloI:99.98,BcgI:99.93,FalI:99.94	8412	72	7113	1404	100.90277777777777	ok	99.9267	gamma	99.8471	ok
NZ_CP038372.1	NZ_CP062713.1	99.9259	99.9399	0.9708	0.9728	0.00525	72	0.9904	615	0.070	0.9964	99.8121	99.9714	0.0524	5.01	AlfI:99.95,AloI:99.98,BcgI:99.93,FalI:99.94	8412	72	7113	1403	100.88888888888889	ok	99.9259	gamma	99.8450	ok
NZ_CP038372.1	NZ_CP062715.1	99.9232	99.9382	0.9649	0.9706	0.00534	74	0.9900	616	0.070	0.9962	99.8064	99.9707	0.0574	5.63	AlfI:99.95,AloI:99.98,BcgI:99.92,FalI:99.94	8417	74	7074	1404	97.77027027027027	ok	99.9232	gamma	99.8399	ok
NZ_CP038372.1	NZ_CP062717.1	99.9244	99.9389	0.9687	0.9708	0.00530	73	0.9902	614	0.070	0.9963	99.8095	99.9708	0.0562	5.49	AlfI:99.95,AloI:99.98,BcgI:99.92,FalI:99.94	8424	73	7103	1405	99.45205479452055	ok	99.9244	gamma	99.8427	ok
NZ_CP038372.1	NZ_CP062719.1	99.9209	99.9362	0.9711	0.9640	0.00541	68	0.9909	572	0.070	0.9961	99.8075	99.9680	0.0380	2.04	AlfI:99.95,AloI:99.96,BcgI:99.92,FalI:99.94	8386	68	7114	1404	106.30882352941177	ok	99.9209	gamma	99.8408	ok
NZ_CP038372.1	NZ_CP062721.1	99.9189	99.9349	0.9711	0.9640	0.00547	68	0.9909	572	0.070	0.9960	99.8052	99.9668	0.0390	2.11	AlfI:99.95,AloI:99.96,BcgI:99.92,FalI:99.94	8386	68	7114	1403	106.29411764705883	ok	99.9189	gamma	99.8387	ok
NZ_CP038372.1	NZ_CP062723.1	99.9231	99.9384	0.9687	0.9711	0.00532	73	0.9902	614	0.070	0.9963	99.8025	99.9719	0.0563	5.54	AlfI:99.95,AloI:99.98,BcgI:99.92,FalI:99.94	8423	73	7103	1404	99.41095890410959	ok	99.9231	gamma	99.8363	ok
NZ_CP038372.1	NZ_CP062725.1	99.9182	99.9352	0.9715	0.9717	0.00545	75	0.9900	669	0.070	0.9961	99.7935	99.9702	0.0528	4.03	AlfI:99.94,AloI:99.97,BcgI:99.92,FalI:99.94	8508	75	7112	1404	97.48	ok	99.9182	gamma	99.8280	ok
NZ_CP038372.1	NZ_CP062727.1	99.9249	99.9395	0.9712	0.9716	0.00527	70	0.9906	609	0.070	0.9963	99.8075	99.9720	0.0479	3.46	AlfI:99.95,AloI:99.97,BcgI:99.93,FalI:99.94	8413	70	7114	1405	103.78571428571429	ok	99.9249	gamma	99.8408	ok
NZ_CP038372.1	NZ_CP062729.1	99.9250	99.9394	0.9686	0.9711	0.00528	73	0.9902	614	0.070	0.9963	99.8095	99.9714	0.0553	5.33	AlfI:99.95,AloI:99.98,BcgI:99.93,FalI:99.94	8425	73	7103	1405	99.45205479452055	ok	99.9250	gamma	99.8427	ok
NZ_CP038372.1	NZ_CP062780.1	99.9241	99.9389	0.9683	0.9702	0.00530	73	0.9902	614	0.070	0.9963	99.8072	99.9714	0.0563	5.50	AlfI:99.95,AloI:99.98,BcgI:99.92,FalI:99.94	8425	73	7102	1404	99.42465753424658	ok	99.9241	gamma	99.8405	ok
NZ_CP038372.1	NZ_CP062731.1	99.9250	99.9394	0.9683	0.9702	0.00528	73	0.9902	614	0.070	0.9963	99.8095	99.9714	0.0553	5.33	AlfI:99.95,AloI:99.98,BcgI:99.93,FalI:99.94	8425	73	7102	1405	99.43835616438356	ok	99.9250	gamma	99.8426	ok
NZ_CP038372.1	NZ_CP062733.1	99.9250	99.9394	0.9683	0.9697	0.00528	73	0.9902	615	0.070	0.9963	99.8095	99.9714	0.0553	5.33	AlfI:99.95,AloI:99.98,BcgI:99.93,FalI:99.94	8426	73	7102	1405	99.42465753424658	ok	99.9250	gamma	99.8426	ok
NZ_CP038372.1	NZ_CP062739.1	99.9285	99.9412	0.9659	0.9700	0.00520	80	0.9896	1047	0.070	0.9964	99.8233	99.9702	0.0543	5.20	AlfI:99.95,AloI:99.98,BcgI:99.93,FalI:99.95	8670	80	7095	1404	93.8125	ok	99.9285	gamma	99.8552	ok
NZ_CP038372.1	NZ_CP062736.1	99.9250	99.9394	0.9683	0.9696	0.00528	73	0.9902	614	0.070	0.9963	99.8095	99.9714	0.0553	5.33	AlfI:99.95,AloI:99.98,BcgI:99.93,FalI:99.94	8425	73	7102	1405	99.43835616438356	ok	99.9250	gamma	99.8426	ok
NZ_CP038372.1	NZ_CP062742.1	99.9235	99.9385	0.9712	0.9716	0.00531	70	0.9906	605	0.070	0.9963	99.8052	99.9714	0.0489	3.62	AlfI:99.95,AloI:99.97,BcgI:99.93,FalI:99.94	8431	70	7114	1405	103.8	ok	99.9235	gamma	99.8387	ok
NZ_CP038372.1	NZ_CP062744.1	99.9241	99.9389	0.9683	0.9702	0.00530	72	0.9903	609	0.070	0.9963	99.8072	99.9714	0.0563	5.50	AlfI:99.95,AloI:99.98,BcgI:99.92,FalI:99.94	8426	72	7102	1404	100.72222222222223	ok	99.9241	gamma	99.8405	ok
NZ_CP038372.1	NZ_CP062746.1	99.9258	99.9398	0.9687	0.9707	0.00526	73	0.9902	614	0.070	0.9963	99.8118	99.9714	0.0553	5.36	AlfI:99.95,AloI:99.98,BcgI:99.93,FalI:99.94	8426	73	7103	1404	99.42465753424658	ok	99.9258	gamma	99.8448	ok
NZ_CP038372.1	NZ_CP062749.1	99.9217	99.9371	0.9713	0.9713	0.00537	64	0.9914	537	0.070	0.9962	99.8052	99.9697	0.0509	3.85	AlfI:99.95,AloI:99.97,BcgI:99.92,FalI:99.94	8326	64	7114	1404	112.359375	ok	99.9217	gamma	99.8387	ok
NZ_CP038372.1	NZ_CP062752.1	99.9224	99.9375	0.9682	0.9701	0.00536	74	0.9901	615	0.070	0.9962	99.8071	99.9697	0.0582	5.81	AlfI:99.95,AloI:99.98,BcgI:99.92,FalI:99.94	8425	74	7101	1404	98.0945945945946	ok	99.9224	gamma	99.8405	ok
NZ_CP038372.1	NZ_CP062755.1	99.9254	99.9395	0.9714	0.9710	0.00527	70	0.9906	610	0.070	0.9963	99.8121	99.9709	0.0498	3.91	AlfI:99.95,AloI:99.97,BcgI:99.92,FalI:99.94	8414	70	7114	1404	103.77142857142857	ok	99.9254	gamma	99.8450	ok
NZ_CP038372.1	NZ_CP062761.1	99.9327	99.9442	0.9648	0.9724	0.00507	71	0.9905	612	0.070	0.9966	99.8296	99.9724	0.0569	7.35	AlfI:99.96,AloI:99.99,BcgI:99.93,FalI:99.94	8393	71	7069	1405	101.85915492957747	ok	99.9327	gamma	99.8610	ok
NZ_CP038372.1	NZ_CP062758.1	99.9216	99.9371	0.9712	0.9711	0.00537	70	0.9906	610	0.070	0.9962	99.8028	99.9703	0.0537	4.45	AlfI:99.95,AloI:99.97,BcgI:99.92,FalI:99.94	8430	70	7114	1405	103.8	ok	99.9216	gamma	99.8366	ok
NZ_CP038372.1	NZ_CP062763.1	99.9223	99.9370	0.9690	0.9717	0.00538	72	0.9903	613	0.070	0.9962	99.8117	99.9679	0.0398	2.76	AlfI:99.95,AloI:99.96,BcgI:99.92,FalI:99.94	8418	72	7096	1405	100.69444444444444	ok	99.9223	gamma	99.8446	ok
NZ_CP038372.1	NZ_CP062766.1	99.9235	99.9382	0.9744	0.9722	0.00532	72	0.9905	693	0.070	0.9962	99.8102	99.9698	0.0560	5.51	AlfI:99.95,AloI:99.98,BcgI:99.92,FalI:99.94	8522	72	7127	1405	102	ok	99.9235	gamma	99.8432	ok
NZ_CP038372.1	NZ_CP062782.1	99.9177	99.9349	0.9737	0.9644	0.00546	65	0.9913	587	0.070	0.9960	99.7938	99.9697	0.0454	2.75	AlfI:99.94,AloI:99.97,BcgI:99.92,FalI:99.94	8456	65	7122	1404	111.58461538461539	ok	99.9177	gamma	99.8283	ok
NZ_CP038372.1	NZ_CP062769.1	99.9222	99.9366	0.9661	0.9712	0.00540	63	0.9915	486	0.070	0.9961	99.8163	99.9662	0.0410	2.95	AlfI:99.95,AloI:99.96,BcgI:99.92,FalI:99.94	8275	63	7097	1405	113.65079365079364	ok	99.9222	gamma	99.8489	ok
NZ_CP038372.1	NZ_CP062771.1	99.9217	99.9371	0.9712	0.9715	0.00537	67	0.9910	582	0.070	0.9962	99.8052	99.9697	0.0435	2.63	AlfI:99.95,AloI:99.97,BcgI:99.92,FalI:99.94	8388	67	7114	1405	108	ok	99.9217	gamma	99.8387	ok
NZ_CP038372.1	NZ_CP062774.1	99.9184	99.9352	0.9682	0.9640	0.00546	74	0.9901	616	0.070	0.9961	99.7955	99.9696	0.0473	3.15	AlfI:99.95,AloI:99.97,BcgI:99.92,FalI:99.94	8422	74	7101	1403	98.01351351351352	ok	99.9184	gamma	99.8299	ok
NZ_CP038402.1	NZ_CP038414.1	99.9558	99.9598	0.9540	0.9762	0.00431	64	0.9913	446	0.070	0.9976	99.9062	99.9730	0.0123	0.37	AlfI:99.96,AloI:99.96,BcgI:99.96,FalI:99.95	8053	64	7026	1255	111.203125	ok	99.9558	gamma	99.9292	ok
NZ_CP038402.1	NZ_CP038416.1	99.9403	99.9469	0.9443	0.9547	0.00497	60	0.9917	326	0.070	0.9968	99.8889	99.9611	0.0261	1.03	AlfI:99.94,AloI:99.94,BcgI:99.96,FalI:99.93	7818	60	6969	919	116.11666666666666	ok	99.9403	gamma	99.9141	ok
NZ_CP038402.1	NZ_CP039834.1	99.9426	99.9491	0.9556	0.9715	0.00485	67	0.9908	414	0.070	0.9969	99.8851	99.9649	0.0088	0.24	AlfI:99.95,AloI:99.95,BcgI:99.95,FalI:99.95	8014	67	7027	1256	105.91044776119404	ok	99.9426	gamma	99.9107	ok
NZ_CP038402.1	NZ_CP062778.1	99.9661	99.9688	0.9629	0.9799	0.00378	65	0.9912	414	0.070	0.9981	99.9162	99.9817	0.0048	0.05	AlfI:99.97,AloI:99.97,BcgI:99.97,FalI:99.97	8072	65	7074	1255	110.13846153846154	ok	99.9661	gamma	99.9377	ok
NZ_CP038402.1	NZ_CP062700.1	99.9661	99.9688	0.9633	0.9844	0.00378	57	0.9923	357	0.070	0.9981	99.9162	99.9817	0.0091	0.14	AlfI:99.97,AloI:99.97,BcgI:99.97,FalI:99.96	8015	57	7074	1255	124.82456140350877	ok	99.9661	gamma	99.9377	ok
NZ_CP038402.1	NZ_CP062702.1	99.9503	99.9556	0.9449	0.9641	0.00455	62	0.9915	442	0.070	0.9973	99.8886	99.9721	0.0093	0.32	AlfI:99.96,AloI:99.96,BcgI:99.95,FalI:99.96	7935	62	6955	1256	113.5	ok	99.9503	gamma	99.9139	ok
NZ_CP038402.1	NZ_CP062705.1	99.9381	99.9479	0.9498	0.9678	0.00492	66	0.9909	432	0.070	0.9968	99.8421	99.9739	0.0487	2.67	AlfI:99.94,AloI:99.94,BcgI:99.96,FalI:99.91	7966	66	6998	920	106.89393939393939	ok	99.9381	gamma	99.8724	ok
NZ_CP038402.1	NZ_CP062708.1	99.9373	99.9474	0.9500	0.9680	0.00494	66	0.9909	432	0.070	0.9968	99.8398	99.9739	0.0477	2.50	AlfI:99.94,AloI:99.94,BcgI:99.96,FalI:99.91	7966	66	7000	920	106.9090909090909	ok	99.9373	gamma	99.8703	ok
NZ_CP038402.1	NZ_CP062711.1	99.9373	99.9474	0.9500	0.9742	0.00494	66	0.9909	432	0.070	0.9968	99.8398	99.9739	0.0477	2.50	AlfI:99.94,AloI:99.94,BcgI:99.96,FalI:99.91	7966	66	7000	920	106.9090909090909	ok	99.9373	gamma	99.8703	ok
NZ_CP038402.1	NZ_CP062713.1	99.9381	99.9479	0.9498	0.9742	0.00492	66	0.9909	432	0.070	0.9968	99.8421	99.9739	0.0487	2.67	AlfI:99.94,AloI:99.94,BcgI:99.96,FalI:99.91	7966	66	6998	920	106.89393939393939	ok	99.9381	gamma	99.8724	ok
NZ_CP038402.1	NZ_CP062715.1	99.9467	99.9542	0.9466	0.9749	0.00462	66	0.9909	436	0.070	0.9972	99.8579	99.9779	0.0410	1.56	AlfI:99.95,AloI:99.95,BcgI:99.96,FalI:99.92	7974	66	6964	920	106.56060606060606	ok	99.9467	gamma	99.8867	ok
NZ_CP038402.1	NZ_CP062717.1	99.9445	99.9526	0.9505	0.9752	0.00469	67	0.9908	435	0.070	0.9971	99.8540	99.9768	0.0398	1.56	AlfI:99.95,AloI:99.95,BcgI:99.96,FalI:99.92	7992	67	7001	920	105.44776119402985	ok	99.9445	gamma	99.8830	ok
NZ_CP038402.1	NZ_CP062719.1	99.9427	99.9512	0.9501	0.9689	0.00476	65	0.9911	422	0.070	0.9970	99.8516	99.9757	0.0452	2.14	AlfI:99.95,AloI:99.94,BcgI:99.96,FalI:99.92	7969	65	7001	920	108.43076923076923	ok	99.9427	gamma	99.8809	ok
NZ_CP038402.1	NZ_CP062721.1	99.9423	99.9507	0.9499	0.9687	0.00479	65	0.9911	422	0.070	0.9970	99.8539	99.9745	0.0549	2.79	AlfI:99.95,AloI:99.94,BcgI:99.96,FalI:99.91	7969	65	6999	920	108.41538461538461	ok	99.9423	gamma	99.8830	ok
NZ_CP038402.1	NZ_CP062723.1	99.9443	99.9525	0.9498	0.9733	0.00470	68	0.9907	439	0.070	0.9971	99.8515	99.9774	0.0453	1.92	AlfI:99.95,AloI:99.95,BcgI:99.96,FalI:99.92	7991	68	6996	920	103.86764705882354	ok	99.9443	gamma	99.8808	ok
NZ_CP038402.1	NZ_CP062725.1	99.9450	99.9530	0.9503	0.9756	0.00467	67	0.9908	426	0.070	0.9971	99.8539	99.9774	0.0408	1.68	AlfI:99.95,AloI:99.95,BcgI:99.96,FalI:99.92	8003	67	6999	920	105.28358208955224	ok	99.9450	gamma	99.8830	ok
NZ_CP038402.1	NZ_CP062727.1	99.9456	99.9531	0.9501	0.9739	0.00467	67	0.9908	443	0.070	0.9971	99.8611	99.9757	0.0418	1.93	AlfI:99.95,AloI:99.94,BcgI:99.96,FalI:99.92	7978	67	7001	920	105.50746268656717	ok	99.9456	gamma	99.8894	ok
NZ_CP038402.1	NZ_CP062729.1	99.9438	99.9521	0.9498	0.9717	0.00472	68	0.9907	437	0.070	0.9971	99.8516	99.9768	0.0409	1.85	AlfI:99.95,AloI:99.94,BcgI:99.96,FalI:99.92	7993	68	6998	920	103.8529411764706	ok	99.9438	gamma	99.8809	ok
NZ_CP038402.1	NZ_CP062780.1	99.9452	99.9530	0.9491	0.9720	0.00467	67	0.9908	435	0.070	0.9971	99.8562	99.9768	0.0408	1.68	AlfI:99.95,AloI:99.95,BcgI:99.96,FalI:99.92	7993	67	6995	920	105.3731343283582	ok	99.9452	gamma	99.8851	ok
NZ_CP038402.1	NZ_CP062731.1	99.9445	99.9526	0.9493	0.9722	0.00470	67	0.9908	435	0.070	0.9971	99.8539	99.9768	0.0399	1.56	AlfI:99.95,AloI:99.95,BcgI:99.96,FalI:99.92	7993	67	6997	920	105.38805970149254	ok	99.9445	gamma	99.8830	ok
NZ_CP038402.1	NZ_CP062733.1	99.9439	99.9521	0.9493	0.9717	0.00472	66	0.9909	430	0.070	0.9971	99.8539	99.9762	0.0409	1.85	AlfI:99.95,AloI:99.94,BcgI:99.96,FalI:99.92	7994	66	6997	920	106.9090909090909	ok	99.9439	gamma	99.8830	ok
NZ_CP038402.1	NZ_CP062739.1	99.9452	99.9530	0.9491	0.9719	0.00467	76	0.9899	868	0.070	0.9971	99.8562	99.9768	0.0408	1.68	AlfI:99.95,AloI:99.95,BcgI:99.96,FalI:99.92	8247	76	6995	920	96.19736842105263	ok	99.9452	gamma	99.8851	ok
NZ_CP038402.1	NZ_CP062736.1	99.9445	99.9526	0.9493	0.9716	0.00470	67	0.9908	435	0.070	0.9971	99.8539	99.9768	0.0399	1.56	AlfI:99.95,AloI:99.95,BcgI:99.96,FalI:99.92	7993	67	6997	920	105.38805970149254	ok	99.9445	gamma	99.8830	ok
NZ_CP038402.1	NZ_CP062742.1	99.9463	99.9540	0.9503	0.9736	0.00462	67	0.9908	438	0.070	0.9972	99.8563	99.9780	0.0408	1.59	AlfI:99.95,AloI:99.95,BcgI:99.96,FalI:99.92	7993	67	7001	920	105.4776119402985	ok	99.9463	gamma	99.8852	ok
NZ_CP038402.1	NZ_CP062744.1	99.9474	99.9544	0.9484	0.9716	0.00460	67	0.9908	434	0.070	0.9972	99.8656	99.9762	0.0384	1.74	AlfI:99.95,AloI:99.95,BcgI:99.96,FalI:99.93	7994	67	6991	920	105.34328358208955	ok	99.9474	gamma	99.8934	ok
NZ_CP038402.1	NZ_CP062746.1	99.9445	99.9526	0.9503	0.9745	0.00469	68	0.9907	443	0.070	0.9971	99.8539	99.9768	0.0417	2.00	AlfI:99.95,AloI:99.94,BcgI:99.96,FalI:99.92	7994	68	6999	920	103.92647058823529	ok	99.9445	gamma	99.8830	ok
NZ_CP038402.1	NZ_CP062749.1	99.9425	99.9507	0.9503	0.9750	0.00479	66	0.9909	421	0.070	0.9970	99.8563	99.9739	0.0388	1.63	AlfI:99.95,AloI:99.94,BcgI:99.96,FalI:99.92	7962	66	6999	920	106.78787878787878	ok	99.9425	gamma	99.8851	ok
NZ_CP038402.1	NZ_CP062752.1	99.9432	99.9516	0.9499	0.9743	0.00474	68	0.9907	436	0.070	0.9971	99.8516	99.9762	0.0378	1.33	AlfI:99.95,AloI:99.95,BcgI:99.96,FalI:99.92	7992	68	6999	904	103.88235294117646	ok	99.9432	gamma	99.8809	ok
NZ_CP038402.1	NZ_CP062755.1	99.9444	99.9521	0.9503	0.9748	0.00472	64	0.9912	426	0.070	0.9971	99.8610	99.9745	0.0398	1.66	AlfI:99.95,AloI:99.94,BcgI:99.96,FalI:99.92	7975	64	6999	920	110.25	ok	99.9444	gamma	99.8894	ok
NZ_CP038402.1	NZ_CP062761.1	99.9528	99.9589	0.9444	0.9755	0.00438	66	0.9909	447	0.070	0.9975	99.8697	99.9808	0.0458	1.93	AlfI:99.96,AloI:99.95,BcgI:99.97,FalI:99.92	7958	66	6957	920	106.60606060606061	ok	99.9528	gamma	99.8971	ok
NZ_CP038402.1	NZ_CP062758.1	99.9412	99.9502	0.9505	0.9747	0.00481	66	0.9909	440	0.070	0.9970	99.8469	99.9757	0.0369	1.45	AlfI:99.95,AloI:99.94,BcgI:99.96,FalI:99.92	7989	66	7001	917	107.04545454545455	ok	99.9412	gamma	99.8767	ok
NZ_CP038402.1	NZ_CP062763.1	99.9237	99.9368	0.9521	0.9752	0.00542	63	0.9914	425	0.070	0.9962	99.8284	99.9635	0.0418	1.37	AlfI:99.94,AloI:99.93,BcgI:99.95,FalI:99.90	8003	63	7016	920	112.0952380952381	ok	99.9237	gamma	99.8600	ok
NZ_CP038402.1	NZ_CP062766.1	99.9447	99.9526	0.9502	0.9735	0.00469	68	0.9906	429	0.070	0.9971	99.8563	99.9763	0.0398	1.62	AlfI:99.95,AloI:99.94,BcgI:99.96,FalI:99.92	7996	68	7001	920	103.76470588235294	ok	99.9447	gamma	99.8852	ok
NZ_CP038402.1	NZ_CP062782.1	99.9441	99.9521	0.9494	0.9658	0.00472	60	0.9917	386	0.070	0.9971	99.8563	99.9757	0.0407	1.84	AlfI:99.95,AloI:99.94,BcgI:99.96,FalI:99.92	8004	60	6998	920	117	ok	99.9441	gamma	99.8851	ok
NZ_CP038402.1	NZ_CP062769.1	99.9426	99.9510	0.9431	0.9640	0.00478	59	0.9918	313	0.070	0.9970	99.8533	99.9750	0.0425	1.76	AlfI:99.95,AloI:99.94,BcgI:99.96,FalI:99.92	7833	59	6970	920	117.71186440677967	ok	99.9426	gamma	99.8825	ok
NZ_CP038402.1	NZ_CP062771.1	99.9447	99.9526	0.9502	0.9735	0.00469	67	0.9908	442	0.070	0.9971	99.8563	99.9763	0.0398	1.62	AlfI:99.95,AloI:99.94,BcgI:99.96,FalI:99.92	7972	67	7001	920	105.44776119402985	ok	99.9447	gamma	99.8852	ok
NZ_CP038402.1	NZ_CP062774.1	99.9411	99.9502	0.9498	0.9680	0.00481	68	0.9906	439	0.070	0.9970	99.8445	99.9762	0.0389	1.89	AlfI:99.95,AloI:99.93,BcgI:99.96,FalI:99.92	7989	68	6997	904	103.79411764705883	ok	99.9411	gamma	99.8745	ok
NZ_CP038414.1	NZ_CP038416.1	99.9515	99.9574	0.9624	0.9606	0.00444	57	0.9923	426	0.070	0.9974	99.8756	99.9775	0.0421	2.35	AlfI:99.95,AloI:99.98,BcgI:99.96,FalI:99.94	8006	57	7022	1371	124.6140350877193	ok	99.9515	gamma	99.9023	ok
NZ_CP038414.1	NZ_CP039834.1	99.9608	99.9646	0.9729	0.9852	0.00403	52	0.9931	461	0.070	0.9978	99.8974	99.9811	0.0070	0.12	AlfI:99.96,AloI:99.97,BcgI:99.97,FalI:99.96	8206	52	7065	1371	138.51923076923077	ok	99.9608	gamma	99.9214	ok
NZ_CP038414.1	NZ_CP062778.1	99.9303	99.9437	0.9719	0.9812	0.00510	60	0.9919	479	0.070	0.9966	99.8086	99.9770	0.0116	0.35	AlfI:99.94,AloI:99.94,BcgI:99.95,FalI:99.95	8168	60	7069	1051	119.9	ok	99.9303	gamma	99.8419	ok
NZ_CP038414.1	NZ_CP062700.1	99.9292	99.9428	0.9723	0.9853	0.00514	52	0.9930	402	0.070	0.9965	99.8086	99.9759	0.0106	0.28	AlfI:99.94,AloI:99.94,BcgI:99.95,FalI:99.94	8100	52	7069	1051	137.30769230769232	ok	99.9292	gamma	99.8419	ok
NZ_CP038414.1	NZ_CP062702.1	99.9483	99.9559	0.9611	0.9745	0.00453	51	0.9931	406	0.070	0.9973	99.8541	99.9809	0.0141	0.26	AlfI:99.95,AloI:99.97,BcgI:99.96,FalI:99.96	8019	51	7006	1370	138.84313725490196	ok	99.9483	gamma	99.8831	ok
NZ_CP038414.1	NZ_CP062705.1	99.9592	99.9636	0.9695	0.9696	0.00409	64	0.9914	579	0.070	0.9978	99.8878	99.9822	0.0455	6.14	AlfI:99.96,AloI:99.99,BcgI:99.97,FalI:99.95	8191	64	7048	1370	113.234375	ok	99.9592	gamma	99.9130	ok
NZ_CP038414.1	NZ_CP062708.1	99.9609	99.9650	0.9690	0.9692	0.00402	64	0.9914	579	0.070	0.9979	99.8924	99.9828	0.0455	5.87	AlfI:99.96,AloI:99.99,BcgI:99.97,FalI:99.95	8191	64	7045	1370	113.21875	ok	99.9609	gamma	99.9171	ok
NZ_CP038414.1	NZ_CP062711.1	99.9609	99.9650	0.9690	0.9754	0.00402	64	0.9914	579	0.070	0.9979	99.8924	99.9828	0.0455	5.87	AlfI:99.96,AloI:99.99,BcgI:99.97,FalI:99.95	8191	64	7045	1370	113.21875	ok	99.9609	gamma	99.9171	ok
NZ_CP038414.1	NZ_CP062713.1	99.9597	99.9641	0.9695	0.9761	0.00407	64	0.9914	579	0.070	0.9978	99.8878	99.9828	0.0455	6.04	AlfI:99.96,AloI:99.99,BcgI:99.97,FalI:99.95	8191	64	7048	1370	113.234375	ok	99.9597	gamma	99.9130	ok
NZ_CP038414.1	NZ_CP062715.1	99.9656	99.9690	0.9629	0.9732	0.00379	67	0.9910	579	0.070	0.9981	99.8989	99.9862	0.0349	1.79	AlfI:99.97,AloI:99.99,BcgI:99.97,FalI:99.95	8200	67	7006	1371	107.71641791044776	ok	99.9656	gamma	99.9228	ok
NZ_CP038414.1	NZ_CP062717.1	99.9658	99.9691	0.9664	0.9728	0.00378	66	0.9912	577	0.070	0.9981	99.8993	99.9862	0.0348	1.93	AlfI:99.96,AloI:99.99,BcgI:99.97,FalI:99.95	8209	66	7034	1371	109.71212121212122	ok	99.9658	gamma	99.9231	ok
NZ_CP038414.1	NZ_CP062719.1	99.9625	99.9664	0.9689	0.9679	0.00394	60	0.9920	531	0.070	0.9980	99.8947	99.9839	0.0176	0.97	AlfI:99.96,AloI:99.97,BcgI:99.97,FalI:99.96	8175	60	7045	1370	120.11666666666666	ok	99.9625	gamma	99.9191	ok
NZ_CP038414.1	NZ_CP062721.1	99.9602	99.9645	0.9694	0.9684	0.00404	60	0.9920	531	0.070	0.9978	99.8901	99.9828	0.0262	1.09	AlfI:99.96,AloI:99.97,BcgI:99.97,FalI:99.95	8175	60	7048	1370	120.13333333333334	ok	99.9602	gamma	99.9151	ok
NZ_CP038414.1	NZ_CP062723.1	99.9628	99.9668	0.9664	0.9713	0.00392	67	0.9910	581	0.070	0.9980	99.8899	99.9856	0.0392	2.11	AlfI:99.96,AloI:99.99,BcgI:99.97,FalI:99.95	8210	67	7034	1371	108.07462686567165	ok	99.9628	gamma	99.9149	ok
NZ_CP038414.1	NZ_CP062725.1	99.9606	99.9650	0.9695	0.9740	0.00402	61	0.9918	565	0.070	0.9979	99.8854	99.9845	0.0326	1.12	AlfI:99.96,AloI:99.98,BcgI:99.97,FalI:99.95	8248	61	7045	1371	118.52459016393442	ok	99.9606	gamma	99.9109	ok
NZ_CP038414.1	NZ_CP062727.1	99.9635	99.9673	0.9691	0.9739	0.00388	63	0.9916	568	0.070	0.9980	99.8924	99.9857	0.0283	1.25	AlfI:99.96,AloI:99.98,BcgI:99.97,FalI:99.95	8189	63	7045	1371	114.93650793650794	ok	99.9635	gamma	99.9171	ok
NZ_CP038414.1	NZ_CP062729.1	99.9658	99.9691	0.9660	0.9712	0.00378	66	0.9912	577	0.070	0.9981	99.8992	99.9862	0.0348	1.94	AlfI:99.96,AloI:99.99,BcgI:99.97,FalI:99.95	8212	66	7031	1371	109.66666666666667	ok	99.9658	gamma	99.9231	ok
NZ_CP038414.1	NZ_CP062780.1	99.9646	99.9681	0.9660	0.9706	0.00383	66	0.9912	577	0.070	0.9981	99.8946	99.9862	0.0348	1.89	AlfI:99.96,AloI:99.99,BcgI:99.97,FalI:99.95	8212	66	7033	1371	109.66666666666667	ok	99.9646	gamma	99.9190	ok
NZ_CP038414.1	NZ_CP062731.1	99.9658	99.9691	0.9655	0.9701	0.00378	66	0.9912	577	0.070	0.9981	99.8992	99.9862	0.0348	1.94	AlfI:99.96,AloI:99.99,BcgI:99.97,FalI:99.95	8212	66	7030	1371	109.65151515151516	ok	99.9658	gamma	99.9231	ok
NZ_CP038414.1	NZ_CP062733.1	99.9663	99.9695	0.9655	0.9695	0.00375	66	0.9912	577	0.070	0.9981	99.8992	99.9868	0.0348	1.98	AlfI:99.96,AloI:99.99,BcgI:99.97,FalI:99.95	8213	66	7030	1371	109.63636363636364	ok	99.9663	gamma	99.9231	ok
NZ_CP038414.1	NZ_CP062739.1	99.9646	99.9681	0.9660	0.9705	0.00383	72	0.9907	1018	0.070	0.9981	99.8946	99.9862	0.0348	1.89	AlfI:99.96,AloI:99.99,BcgI:99.97,FalI:99.95	8452	72	7033	1371	104.02777777777777	ok	99.9646	gamma	99.9190	ok
NZ_CP038414.1	NZ_CP062736.1	99.9658	99.9691	0.9655	0.9695	0.00378	66	0.9912	577	0.070	0.9981	99.8992	99.9862	0.0348	1.94	AlfI:99.96,AloI:99.99,BcgI:99.97,FalI:99.95	8212	66	7030	1371	109.65151515151516	ok	99.9658	gamma	99.9231	ok
NZ_CP038414.1	NZ_CP062742.1	99.9644	99.9682	0.9691	0.9737	0.00383	63	0.9916	566	0.070	0.9981	99.8901	99.9874	0.0283	1.23	AlfI:99.96,AloI:99.98,BcgI:99.97,FalI:99.95	8218	63	7045	1371	114.98412698412699	ok	99.9644	gamma	99.9150	ok
NZ_CP038414.1	NZ_CP062744.1	99.9646	99.9681	0.9660	0.9706	0.00383	66	0.9912	577	0.070	0.9981	99.8946	99.9862	0.0348	1.89	AlfI:99.96,AloI:99.99,BcgI:99.97,FalI:99.95	8213	66	7033	1371	109.65151515151516	ok	99.9646	gamma	99.9190	ok
NZ_CP038414.1	NZ_CP062746.1	99.9658	99.9691	0.9669	0.9730	0.00377	66	0.9912	577	0.070	0.9981	99.8993	99.9862	0.0348	1.80	AlfI:99.97,AloI:99.99,BcgI:99.97,FalI:99.95	8213	66	7037	1371	109.71212121212122	ok	99.9658	gamma	99.9232	ok
NZ_CP038414.1	NZ_CP062749.1	99.9619	99.9659	0.9695	0.9740	0.00396	57	0.9923	505	0.070	0.9979	99.8924	99.9839	0.0283	1.07	AlfI:99.96,AloI:99.98,BcgI:99.97,FalI:99.95	8126	57	7048	1371	125.94736842105263	ok	99.9619	gamma	99.9171	ok
NZ_CP038414.1	NZ_CP062752.1	99.9641	99.9677	0.9659	0.9719	0.00386	67	0.9910	578	0.070	0.9980	99.8969	99.9851	0.0348	1.89	AlfI:99.96,AloI:99.99,BcgI:99.97,FalI:99.95	8211	67	7032	1370	108.05970149253731	ok	99.9641	gamma	99.9210	ok
NZ_CP038414.1	NZ_CP062755.1	99.9619	99.9659	0.9696	0.9736	0.00396	61	0.9918	564	0.070	0.9979	99.8924	99.9839	0.0283	0.96	AlfI:99.96,AloI:99.98,BcgI:99.97,FalI:99.95	8193	61	7048	1371	118.63934426229508	ok	99.9619	gamma	99.9171	ok
NZ_CP038414.1	NZ_CP062761.1	99.9669	99.9699	0.9647	0.9735	0.00373	65	0.9913	583	0.070	0.9982	99.9036	99.9862	0.0240	0.91	AlfI:99.97,AloI:99.98,BcgI:99.97,FalI:99.96	8197	65	7011	1371	111.16923076923077	ok	99.9669	gamma	99.9270	ok
NZ_CP038414.1	NZ_CP062758.1	99.9623	99.9664	0.9698	0.9739	0.00394	63	0.9916	577	0.070	0.9980	99.8878	99.9857	0.0348	2.00	AlfI:99.96,AloI:99.99,BcgI:99.97,FalI:99.95	8221	63	7048	1371	115.07936507936508	ok	99.9623	gamma	99.9130	ok
NZ_CP038414.1	NZ_CP062763.1	99.9631	99.9667	0.9658	0.9721	0.00392	66	0.9911	580	0.070	0.9980	99.8991	99.9833	0.0176	0.32	AlfI:99.97,AloI:99.97,BcgI:99.97,FalI:99.96	8206	66	7019	1371	109.5	ok	99.9631	gamma	99.9230	ok
NZ_CP038414.1	NZ_CP062766.1	99.9648	99.9682	0.9691	0.9736	0.00383	60	0.9920	556	0.070	0.9981	99.8994	99.9851	0.0348	1.89	AlfI:99.96,AloI:99.99,BcgI:99.97,FalI:99.95	8227	60	7045	1371	120.45	ok	99.9648	gamma	99.9232	ok
NZ_CP038414.1	NZ_CP062782.1	99.9549	99.9608	0.9722	0.9605	0.00425	58	0.9922	511	0.070	0.9976	99.8668	99.9839	0.0262	0.96	AlfI:99.96,AloI:99.97,BcgI:99.97,FalI:99.95	8201	58	7056	1371	124.03448275862068	ok	99.9549	gamma	99.8944	ok
NZ_CP038414.1	NZ_CP062769.1	99.9646	99.9681	0.9604	0.9671	0.00384	56	0.9924	446	0.070	0.9981	99.8966	99.9856	0.0241	0.64	AlfI:99.97,AloI:99.98,BcgI:99.97,FalI:99.96	8050	56	7014	1371	127.10714285714286	ok	99.9646	gamma	99.9208	ok
NZ_CP038414.1	NZ_CP062771.1	99.9630	99.9668	0.9691	0.9735	0.00391	62	0.9917	560	0.070	0.9980	99.8924	99.9851	0.0219	0.92	AlfI:99.96,AloI:99.97,BcgI:99.97,FalI:99.95	8178	62	7045	1371	116.61290322580645	ok	99.9630	gamma	99.9171	ok
NZ_CP038414.1	NZ_CP062774.1	99.9610	99.9654	0.9664	0.9663	0.00400	67	0.9910	578	0.070	0.9979	99.8829	99.9856	0.0263	0.68	AlfI:99.96,AloI:99.97,BcgI:99.97,FalI:99.95	8208	67	7035	1370	108	ok	99.9610	gamma	99.9087	ok
NZ_CP038416.1	NZ_CP039834.1	99.9487	99.9554	0.9551	0.9728	0.00455	51	0.9932	377	0.070	0.9973	99.8680	99.9768	0.0157	0.52	AlfI:99.95,AloI:99.97,BcgI:99.95,FalI:99.97	7974	51	6993	1415	138.50980392156862	ok	99.9487	gamma	99.8956	ok
NZ_CP038416.1	NZ_CP062778.1	99.9191	99.9350	0.9540	0.9621	0.00551	61	0.9918	411	0.070	0.9961	99.8037	99.9674	0.0124	0.13	AlfI:99.94,AloI:99.94,BcgI:99.94,FalI:99.92	7944	61	6978	1052	115.70491803278688	ok	99.9191	gamma	99.8377	ok
NZ_CP038416.1	NZ_CP062700.1	99.9179	99.9341	0.9544	0.9664	0.00555	54	0.9927	364	0.070	0.9960	99.8037	99.9662	0.0159	0.21	AlfI:99.94,AloI:99.94,BcgI:99.94,FalI:99.92	7894	54	6978	1052	130.03703703703704	ok	99.9179	gamma	99.8377	ok
NZ_CP038416.1	NZ_CP062702.1	99.9550	99.9597	0.9457	0.9596	0.00434	50	0.9933	365	0.070	0.9976	99.8906	99.9767	0.0178	0.54	AlfI:99.96,AloI:99.97,BcgI:99.96,FalI:99.96	7861	50	6932	1371	139.62	ok	99.9550	gamma	99.9157	ok
NZ_CP038416.1	NZ_CP062705.1	99.9493	99.9562	0.9543	0.9663	0.00451	63	0.9915	450	0.070	0.9973	99.8608	99.9797	0.0251	0.91	AlfI:99.95,AloI:99.97,BcgI:99.96,FalI:99.96	7992	63	6986	1413	112.6984126984127	ok	99.9493	gamma	99.8891	ok
NZ_CP038416.1	NZ_CP062708.1	99.9492	99.9562	0.9543	0.9663	0.00451	63	0.9915	450	0.070	0.9973	99.8584	99.9803	0.0251	0.91	AlfI:99.95,AloI:99.97,BcgI:99.96,FalI:99.96	7992	63	6986	1412	112.68253968253968	ok	99.9492	gamma	99.8870	ok
NZ_CP038416.1	NZ_CP062711.1	99.9492	99.9562	0.9543	0.9725	0.00451	63	0.9915	450	0.070	0.9973	99.8584	99.9803	0.0251	0.91	AlfI:99.95,AloI:99.97,BcgI:99.96,FalI:99.96	7992	63	6986	1412	112.68253968253968	ok	99.9492	gamma	99.8870	ok
NZ_CP038416.1	NZ_CP062713.1	99.9499	99.9567	0.9543	0.9728	0.00449	63	0.9915	450	0.070	0.9974	99.8608	99.9803	0.0251	0.92	AlfI:99.95,AloI:99.97,BcgI:99.96,FalI:99.96	7992	63	6986	1413	112.6984126984127	ok	99.9499	gamma	99.8891	ok
NZ_CP038416.1	NZ_CP062715.1	99.9532	99.9593	0.9499	0.9703	0.00436	65	0.9912	451	0.070	0.9975	99.8672	99.9819	0.0181	0.56	AlfI:99.96,AloI:99.97,BcgI:99.96,FalI:99.97	7970	65	6950	1414	108.78461538461538	ok	99.9532	gamma	99.8949	ok
NZ_CP038416.1	NZ_CP062717.1	99.9528	99.9590	0.9536	0.9705	0.00437	64	0.9914	448	0.070	0.9975	99.8653	99.9820	0.0182	0.60	AlfI:99.96,AloI:99.97,BcgI:99.96,FalI:99.97	7999	64	6979	1413	110.859375	ok	99.9528	gamma	99.8932	ok
NZ_CP038416.1	NZ_CP062719.1	99.9514	99.9577	0.9563	0.9640	0.00444	56	0.9925	400	0.070	0.9974	99.8679	99.9797	0.0106	0.19	AlfI:99.95,AloI:99.96,BcgI:99.96,FalI:99.97	7979	56	6990	1412	126.05357142857143	ok	99.9514	gamma	99.8955	ok
NZ_CP038416.1	NZ_CP062721.1	99.9510	99.9572	0.9563	0.9640	0.00446	56	0.9925	400	0.070	0.9974	99.8703	99.9786	0.0065	0.07	AlfI:99.95,AloI:99.96,BcgI:99.96,FalI:99.96	7979	56	6990	1413	126.07142857142857	ok	99.9510	gamma	99.8976	ok
NZ_CP038416.1	NZ_CP062723.1	99.9521	99.9585	0.9536	0.9718	0.00440	65	0.9913	451	0.070	0.9975	99.8630	99.9820	0.0182	0.53	AlfI:99.96,AloI:99.97,BcgI:99.96,FalI:99.96	7996	65	6979	1414	109.23076923076923	ok	99.9521	gamma	99.8911	ok
NZ_CP038416.1	NZ_CP062725.1	99.9533	99.9595	0.9536	0.9724	0.00435	58	0.9922	414	0.070	0.9975	99.8653	99.9826	0.0182	0.56	AlfI:99.96,AloI:99.97,BcgI:99.96,FalI:99.97	8005	58	6979	1414	121.75862068965517	ok	99.9533	gamma	99.8932	ok
NZ_CP038416.1	NZ_CP062727.1	99.9534	99.9595	0.9561	0.9714	0.00434	61	0.9918	445	0.070	0.9975	99.8656	99.9826	0.0181	0.56	AlfI:99.96,AloI:99.97,BcgI:99.96,FalI:99.97	8002	61	6990	1413	116.45901639344262	ok	99.9534	gamma	99.8934	ok
NZ_CP038416.1	NZ_CP062729.1	99.9528	99.9590	0.9536	0.9709	0.00437	64	0.9914	448	0.070	0.9975	99.8653	99.9820	0.0182	0.60	AlfI:99.96,AloI:99.97,BcgI:99.96,FalI:99.97	7998	64	6979	1413	110.875	ok	99.9528	gamma	99.8932	ok
NZ_CP038416.1	NZ_CP062780.1	99.9535	99.9595	0.9536	0.9703	0.00435	64	0.9914	448	0.070	0.9975	99.8677	99.9820	0.0182	0.56	AlfI:99.96,AloI:99.97,BcgI:99.96,FalI:99.97	7998	64	6979	1414	110.890625	ok	99.9535	gamma	99.8954	ok
NZ_CP038416.1	NZ_CP062731.1	99.9528	99.9590	0.9536	0.9703	0.00437	64	0.9914	448	0.070	0.9975	99.8653	99.9820	0.0182	0.60	AlfI:99.96,AloI:99.97,BcgI:99.96,FalI:99.97	7998	64	6979	1413	110.875	ok	99.9528	gamma	99.8932	ok
NZ_CP038416.1	NZ_CP062733.1	99.9528	99.9590	0.9537	0.9697	0.00437	63	0.9915	445	0.070	0.9975	99.8653	99.9820	0.0182	0.60	AlfI:99.96,AloI:99.97,BcgI:99.96,FalI:99.97	7999	63	6979	1413	112.55555555555556	ok	99.9528	gamma	99.8932	ok
NZ_CP038416.1	NZ_CP062739.1	99.9554	99.9609	0.9536	0.9699	0.00427	67	0.9913	858	0.070	0.9976	99.8724	99.9826	0.0232	1.11	AlfI:99.96,AloI:99.98,BcgI:99.96,FalI:99.97	8243	67	6979	1414	109.28358208955224	ok	99.9554	gamma	99.8996	ok
NZ_CP038416.1	NZ_CP062736.1	99.9528	99.9590	0.9536	0.9698	0.00437	64	0.9914	448	0.070	0.9975	99.8653	99.9820	0.0182	0.60	AlfI:99.96,AloI:99.97,BcgI:99.96,FalI:99.97	7998	64	6979	1413	110.875	ok	99.9528	gamma	99.8932	ok
NZ_CP038416.1	NZ_CP062742.1	99.9533	99.9595	0.9561	0.9714	0.00434	61	0.9918	442	0.070	0.9975	99.8632	99.9832	0.0181	0.56	AlfI:99.96,AloI:99.97,BcgI:99.96,FalI:99.97	8004	61	6990	1413	116.40983606557377	ok	99.9533	gamma	99.8913	ok
NZ_CP038416.1	NZ_CP062744.1	99.9535	99.9595	0.9537	0.9704	0.00435	64	0.9914	448	0.070	0.9975	99.8677	99.9820	0.0182	0.56	AlfI:99.96,AloI:99.97,BcgI:99.96,FalI:99.97	7999	64	6979	1414	110.875	ok	99.9535	gamma	99.8954	ok
NZ_CP038416.1	NZ_CP062746.1	99.9548	99.9604	0.9537	0.9704	0.00429	64	0.9914	448	0.070	0.9976	99.8724	99.9820	0.0168	0.48	AlfI:99.96,AloI:99.97,BcgI:99.96,FalI:99.97	7998	64	6979	1414	110.875	ok	99.9548	gamma	99.8996	ok
NZ_CP038416.1	NZ_CP062749.1	99.9553	99.9609	0.9563	0.9705	0.00426	53	0.9929	378	0.070	0.9976	99.8703	99.9832	0.0089	0.14	AlfI:99.96,AloI:99.97,BcgI:99.96,FalI:99.97	7944	53	6990	1414	132.77358490566039	ok	99.9553	gamma	99.8976	ok
NZ_CP038416.1	NZ_CP062752.1	99.9517	99.9581	0.9533	0.9709	0.00442	66	0.9911	454	0.070	0.9975	99.8653	99.9808	0.0195	0.69	AlfI:99.95,AloI:99.97,BcgI:99.96,FalI:99.97	7997	66	6979	1412	107.5909090909091	ok	99.9517	gamma	99.8932	ok
NZ_CP038416.1	NZ_CP062755.1	99.9537	99.9595	0.9562	0.9692	0.00434	59	0.9921	431	0.070	0.9975	99.8703	99.9815	0.0181	0.56	AlfI:99.96,AloI:99.97,BcgI:99.96,FalI:99.97	8000	59	6990	1414	120.22033898305085	ok	99.9537	gamma	99.8976	ok
NZ_CP038416.1	NZ_CP062761.1	99.9554	99.9608	0.9522	0.9714	0.00428	61	0.9918	442	0.070	0.9976	99.8768	99.9814	0.0166	0.62	AlfI:99.96,AloI:99.97,BcgI:99.96,FalI:99.97	7978	61	6958	1413	115.91803278688525	ok	99.9554	gamma	99.9035	ok
NZ_CP038416.1	NZ_CP062758.1	99.9503	99.9572	0.9562	0.9709	0.00446	61	0.9918	441	0.070	0.9974	99.8585	99.9814	0.0195	0.78	AlfI:99.95,AloI:99.97,BcgI:99.95,FalI:99.97	7998	61	6990	1413	116.32786885245902	ok	99.9503	gamma	99.8871	ok
NZ_CP038416.1	NZ_CP062763.1	99.9505	99.9570	0.9533	0.9711	0.00448	63	0.9915	452	0.070	0.9974	99.8651	99.9796	0.0169	0.69	AlfI:99.96,AloI:99.97,BcgI:99.95,FalI:99.97	7990	63	6966	1413	112.38095238095238	ok	99.9505	gamma	99.8930	ok
NZ_CP038416.1	NZ_CP062766.1	99.9523	99.9586	0.9562	0.9710	0.00439	56	0.9925	404	0.070	0.9975	99.8656	99.9815	0.0181	0.63	AlfI:99.96,AloI:99.97,BcgI:99.96,FalI:99.97	8011	56	6990	1413	126.10714285714286	ok	99.9523	gamma	99.8934	ok
NZ_CP038416.1	NZ_CP062782.1	99.9540	99.9600	0.9561	0.9636	0.00431	50	0.9933	366	0.070	0.9976	99.8656	99.9832	0.0181	0.54	AlfI:99.96,AloI:99.97,BcgI:99.96,FalI:99.97	7978	50	6990	1415	140.56	ok	99.9540	gamma	99.8934	ok
NZ_CP038416.1	NZ_CP062769.1	99.9433	99.9514	0.9502	0.9660	0.00476	53	0.9929	336	0.070	0.9970	99.8556	99.9750	0.0193	0.26	AlfI:99.95,AloI:99.94,BcgI:99.95,FalI:99.96	7880	53	6964	1413	132.0754716981132	ok	99.9433	gamma	99.8845	ok
NZ_CP038416.1	NZ_CP062771.1	99.9541	99.9600	0.9561	0.9713	0.00431	57	0.9924	416	0.070	0.9976	99.8679	99.9826	0.0103	0.19	AlfI:99.96,AloI:99.97,BcgI:99.96,FalI:99.97	7981	57	6990	1413	124.12280701754386	ok	99.9541	gamma	99.8955	ok
NZ_CP038416.1	NZ_CP062774.1	99.9497	99.9566	0.9533	0.9636	0.00449	64	0.9914	448	0.070	0.9974	99.8582	99.9808	0.0064	0.08	AlfI:99.95,AloI:99.96,BcgI:99.96,FalI:99.96	7994	64	6979	1413	110.75	ok	99.9497	gamma	99.8869	ok
NZ_CP039834.1	NZ_CP062778.1	99.9211	99.9369	0.9761	0.9700	0.00541	56	0.9924	474	0.070	0.9962	99.8006	99.9705	0.0203	0.40	AlfI:99.94,AloI:99.95,BcgI:99.93,FalI:99.93	8112	56	7034	1343	127.69642857142857	ok	99.9211	gamma	99.8347	ok
NZ_CP039834.1	NZ_CP062700.1	99.9199	99.9360	0.9765	0.9747	0.00545	48	0.9935	397	0.070	0.9961	99.8006	99.9694	0.0247	0.48	AlfI:99.94,AloI:99.95,BcgI:99.93,FalI:99.93	8043	48	7034	1343	147.79166666666666	ok	99.9199	gamma	99.8347	ok
NZ_CP039834.1	NZ_CP062702.1	99.9551	99.9599	0.9651	0.9690	0.00432	53	0.9928	469	0.070	0.9976	99.8889	99.9774	0.0189	0.77	AlfI:99.96,AloI:99.97,BcgI:99.96,FalI:99.97	8012	53	6970	1370	133.8679245283019	ok	99.9551	gamma	99.9141	ok
NZ_CP039834.1	NZ_CP062705.1	99.9611	99.9653	0.9738	0.9722	0.00400	55	0.9926	506	0.070	0.9979	99.8874	99.9845	0.0149	0.60	AlfI:99.96,AloI:99.97,BcgI:99.97,FalI:99.97	8123	55	7026	1414	130.43636363636364	ok	99.9611	gamma	99.9127	ok
NZ_CP039834.1	NZ_CP062708.1	99.9610	99.9653	0.9738	0.9722	0.00400	55	0.9926	506	0.070	0.9979	99.8850	99.9850	0.0149	0.60	AlfI:99.96,AloI:99.97,BcgI:99.97,FalI:99.97	8123	55	7026	1413	130.4181818181818	ok	99.9610	gamma	99.9106	ok
NZ_CP039834.1	NZ_CP062711.1	99.9610	99.9653	0.9738	0.9784	0.00400	55	0.9926	506	0.070	0.9979	99.8850	99.9850	0.0149	0.60	AlfI:99.96,AloI:99.97,BcgI:99.97,FalI:99.97	8123	55	7026	1413	130.4181818181818	ok	99.9610	gamma	99.9106	ok
NZ_CP039834.1	NZ_CP062713.1	99.9617	99.9658	0.9738	0.9786	0.00398	55	0.9926	506	0.070	0.9979	99.8874	99.9850	0.0149	0.61	AlfI:99.96,AloI:99.97,BcgI:99.97,FalI:99.97	8123	55	7026	1414	130.43636363636364	ok	99.9617	gamma	99.9127	ok
NZ_CP039834.1	NZ_CP062715.1	99.9683	99.9712	0.9708	0.9799	0.00365	56	0.9924	505	0.070	0.9983	99.9011	99.9885	0.0223	1.71	AlfI:99.96,AloI:99.99,BcgI:99.97,FalI:99.98	8142	56	6999	1415	127.75	ok	99.9683	gamma	99.9248	ok
NZ_CP039834.1	NZ_CP062717.1	99.9679	99.9709	0.9746	0.9800	0.00366	55	0.9926	503	0.070	0.9982	99.8992	99.9885	0.0223	1.79	AlfI:99.96,AloI:99.99,BcgI:99.97,FalI:99.98	8150	55	7028	1414	130.4909090909091	ok	99.9679	gamma	99.9231	ok
NZ_CP039834.1	NZ_CP062719.1	99.9617	99.9658	0.9746	0.9705	0.00397	54	0.9927	489	0.070	0.9979	99.8874	99.9850	0.0204	0.96	AlfI:99.96,AloI:99.97,BcgI:99.97,FalI:99.98	8115	54	7028	1413	132.55555555555554	ok	99.9617	gamma	99.9127	ok
NZ_CP039834.1	NZ_CP062721.1	99.9612	99.9653	0.9746	0.9705	0.00400	53	0.9929	481	0.070	0.9979	99.8898	99.9839	0.0118	0.53	AlfI:99.96,AloI:99.97,BcgI:99.97,FalI:99.97	8115	53	7028	1414	135	ok	99.9612	gamma	99.9148	ok
NZ_CP039834.1	NZ_CP062723.1	99.9702	99.9728	0.9747	0.9797	0.00354	56	0.9925	509	0.070	0.9983	99.9086	99.9885	0.0209	1.20	AlfI:99.97,AloI:99.99,BcgI:99.97,FalI:99.98	8155	56	7028	1415	128.32142857142858	ok	99.9702	gamma	99.9312	ok
NZ_CP039834.1	NZ_CP062725.1	99.9684	99.9714	0.9746	0.9802	0.00364	55	0.9926	506	0.070	0.9983	99.8992	99.9891	0.0223	1.73	AlfI:99.96,AloI:99.99,BcgI:99.97,FalI:99.98	8184	55	7028	1415	130.47272727272727	ok	99.9684	gamma	99.9231	ok
NZ_CP039834.1	NZ_CP062727.1	99.9690	99.9718	0.9744	0.9800	0.00361	53	0.9929	499	0.070	0.9983	99.9015	99.9891	0.0195	1.53	AlfI:99.97,AloI:99.99,BcgI:99.97,FalI:99.98	8129	53	7028	1414	135.35849056603774	ok	99.9690	gamma	99.9251	ok
NZ_CP039834.1	NZ_CP062729.1	99.9702	99.9728	0.9746	0.9801	0.00354	55	0.9926	504	0.070	0.9983	99.9086	99.9885	0.0209	1.48	AlfI:99.97,AloI:99.99,BcgI:99.97,FalI:99.98	8156	55	7028	1414	130.56363636363636	ok	99.9702	gamma	99.9312	ok
NZ_CP039834.1	NZ_CP062780.1	99.9709	99.9732	0.9746	0.9799	0.00351	55	0.9926	503	0.070	0.9984	99.9133	99.9879	0.0209	1.44	AlfI:99.97,AloI:99.99,BcgI:99.97,FalI:99.98	8157	55	7028	1415	130.6	ok	99.9709	gamma	99.9353	ok
NZ_CP039834.1	NZ_CP062731.1	99.9703	99.9728	0.9746	0.9799	0.00354	55	0.9926	503	0.070	0.9983	99.9109	99.9879	0.0209	1.47	AlfI:99.97,AloI:99.99,BcgI:99.97,FalI:99.98	8157	55	7028	1414	130.5818181818182	ok	99.9703	gamma	99.9333	ok
NZ_CP039834.1	NZ_CP062733.1	99.9703	99.9728	0.9752	0.9800	0.00354	56	0.9926	504	0.070	0.9983	99.9110	99.9879	0.0209	1.48	AlfI:99.97,AloI:99.99,BcgI:99.97,FalI:99.98	8163	56	7033	1414	128.32142857142858	ok	99.9703	gamma	99.9333	ok
NZ_CP039834.1	NZ_CP062739.1	99.9709	99.9732	0.9751	0.9800	0.00351	63	0.9919	950	0.070	0.9984	99.9133	99.9879	0.0209	1.44	AlfI:99.97,AloI:99.99,BcgI:99.97,FalI:99.98	8407	63	7033	1415	118.15873015873017	ok	99.9709	gamma	99.9354	ok
NZ_CP039834.1	NZ_CP062736.1	99.9703	99.9728	0.9752	0.9799	0.00354	56	0.9926	503	0.070	0.9983	99.9110	99.9879	0.0209	1.48	AlfI:99.97,AloI:99.99,BcgI:99.97,FalI:99.98	8162	56	7033	1414	128.33928571428572	ok	99.9703	gamma	99.9333	ok
NZ_CP039834.1	NZ_CP062742.1	99.9689	99.9718	0.9745	0.9797	0.00361	53	0.9929	497	0.070	0.9983	99.8992	99.9896	0.0195	1.53	AlfI:99.97,AloI:99.99,BcgI:99.97,FalI:99.98	8151	53	7028	1414	135.35849056603774	ok	99.9689	gamma	99.9231	ok
NZ_CP039834.1	NZ_CP062744.1	99.9709	99.9732	0.9747	0.9799	0.00351	55	0.9926	503	0.070	0.9984	99.9133	99.9879	0.0209	1.44	AlfI:99.97,AloI:99.99,BcgI:99.97,FalI:99.98	8158	55	7028	1415	130.5818181818182	ok	99.9709	gamma	99.9353	ok
NZ_CP039834.1	NZ_CP062746.1	99.9685	99.9714	0.9752	0.9799	0.00363	56	0.9926	503	0.070	0.9983	99.9016	99.9885	0.0223	1.73	AlfI:99.96,AloI:99.99,BcgI:99.97,FalI:99.98	8158	56	7033	1415	128.25	ok	99.9685	gamma	99.9252	ok
NZ_CP039834.1	NZ_CP062749.1	99.9651	99.9686	0.9753	0.9797	0.00381	53	0.9930	461	0.070	0.9981	99.8946	99.9868	0.0206	1.47	AlfI:99.96,AloI:99.98,BcgI:99.97,FalI:99.98	8077	53	7033	1415	134.75471698113208	ok	99.9651	gamma	99.9190	ok
NZ_CP039834.1	NZ_CP062752.1	99.9668	99.9700	0.9747	0.9793	0.00372	58	0.9923	510	0.070	0.9982	99.8969	99.9879	0.0223	1.95	AlfI:99.96,AloI:99.99,BcgI:99.97,FalI:99.98	8156	58	7031	1413	123.89655172413794	ok	99.9668	gamma	99.9210	ok
NZ_CP039834.1	NZ_CP062755.1	99.9652	99.9686	0.9752	0.9799	0.00381	53	0.9930	497	0.070	0.9981	99.8969	99.9862	0.0206	1.47	AlfI:99.96,AloI:99.98,BcgI:99.97,FalI:99.98	8134	53	7033	1415	135.37735849056602	ok	99.9652	gamma	99.9211	ok
NZ_CP039834.1	NZ_CP062761.1	99.9678	99.9708	0.9704	0.9777	0.00368	54	0.9927	506	0.070	0.9982	99.9010	99.9879	0.0166	0.78	AlfI:99.97,AloI:99.97,BcgI:99.97,FalI:99.98	8128	54	6994	1414	132.37037037037038	ok	99.9678	gamma	99.9247	ok
NZ_CP039834.1	NZ_CP062758.1	99.9644	99.9681	0.9752	0.9797	0.00383	54	0.9929	499	0.070	0.9981	99.8899	99.9873	0.0179	1.45	AlfI:99.96,AloI:99.98,BcgI:99.97,FalI:99.98	8154	54	7033	1414	132.92592592592592	ok	99.9644	gamma	99.9149	ok
NZ_CP039834.1	NZ_CP062763.1	99.9664	99.9694	0.9720	0.9768	0.00376	58	0.9923	517	0.070	0.9981	99.9036	99.9856	0.0175	1.22	AlfI:99.97,AloI:99.98,BcgI:99.97,FalI:99.98	8143	58	7007	1414	123.53448275862068	ok	99.9664	gamma	99.9269	ok
NZ_CP039834.1	NZ_CP062766.1	99.9686	99.9714	0.9751	0.9802	0.00363	55	0.9927	496	0.070	0.9983	99.9039	99.9879	0.0195	1.61	AlfI:99.97,AloI:99.99,BcgI:99.97,FalI:99.98	8168	55	7033	1414	130.4181818181818	ok	99.9686	gamma	99.9272	ok
NZ_CP039834.1	NZ_CP062782.1	99.9678	99.9709	0.9751	0.9731	0.00366	50	0.9934	452	0.070	0.9982	99.8969	99.9891	0.0209	1.74	AlfI:99.97,AloI:99.99,BcgI:99.97,FalI:99.98	8148	50	7033	1415	142.74	ok	99.9678	gamma	99.9211	ok
NZ_CP039834.1	NZ_CP062769.1	99.9633	99.9671	0.9669	0.9711	0.00391	46	0.9938	371	0.070	0.9980	99.8917	99.9856	0.0141	0.62	AlfI:99.97,AloI:99.97,BcgI:99.96,FalI:99.98	7987	46	6998	1414	153.19565217391303	ok	99.9633	gamma	99.9165	ok
NZ_CP039834.1	NZ_CP062771.1	99.9680	99.9709	0.9750	0.9801	0.00366	54	0.9929	494	0.070	0.9982	99.9016	99.9879	0.0165	1.01	AlfI:99.97,AloI:99.98,BcgI:99.97,FalI:99.98	8123	54	7033	1414	132.7962962962963	ok	99.9680	gamma	99.9252	ok
NZ_CP039834.1	NZ_CP062774.1	99.9650	99.9686	0.9746	0.9732	0.00381	58	0.9923	511	0.070	0.9981	99.8898	99.9879	0.0136	0.50	AlfI:99.96,AloI:99.97,BcgI:99.97,FalI:99.98	8153	58	7031	1414	123.82758620689656	ok	99.9650	gamma	99.9148	ok
NZ_CP062778.1	NZ_CP062700.1	99.9917	99.9918	0.9864	0.9905	0.00192	46	0.9940	454	0.070	0.9995	99.9861	99.9932	0.0052	0.36	AlfI:99.99,AloI:99.99,BcgI:99.99,FalI:100.00	8207	46	7118	1599	158.2391304347826	ok	99.9917	gamma	99.9940	ok
NZ_CP062778.1	NZ_CP062702.1	99.9364	99.9461	0.9562	0.9668	0.00502	53	0.9928	444	0.070	0.9967	99.8458	99.9708	0.0092	0.15	AlfI:99.95,AloI:99.94,BcgI:99.94,FalI:99.95	7958	53	6951	1270	132.9433962264151	ok	99.9364	gamma	99.8758	ok
NZ_CP062778.1	NZ_CP062705.1	99.9411	99.9497	0.9580	0.9666	0.00484	63	0.9914	511	0.070	0.9969	99.8536	99.9733	0.0123	0.35	AlfI:99.94,AloI:99.95,BcgI:99.95,FalI:99.95	8064	63	6983	1049	113.2063492063492	ok	99.9411	gamma	99.8827	ok
NZ_CP062778.1	NZ_CP062708.1	99.9431	99.9511	0.9575	0.9661	0.00477	63	0.9914	511	0.070	0.9970	99.8583	99.9739	0.0137	0.53	AlfI:99.94,AloI:99.95,BcgI:99.96,FalI:99.95	8064	63	6980	1049	113.19047619047619	ok	99.9431	gamma	99.8869	ok
NZ_CP062778.1	NZ_CP062711.1	99.9431	99.9511	0.9575	0.9723	0.00477	63	0.9914	511	0.070	0.9970	99.8583	99.9739	0.0137	0.53	AlfI:99.94,AloI:99.95,BcgI:99.96,FalI:99.95	8064	63	6980	1049	113.19047619047619	ok	99.9431	gamma	99.8869	ok
NZ_CP062778.1	NZ_CP062713.1	99.9417	99.9501	0.9580	0.9730	0.00482	63	0.9914	511	0.070	0.9970	99.8536	99.9739	0.0123	0.40	AlfI:99.94,AloI:99.95,BcgI:99.95,FalI:99.95	8064	63	6983	1049	113.2063492063492	ok	99.9417	gamma	99.8827	ok
NZ_CP062778.1	NZ_CP062715.1	99.9439	99.9515	0.9585	0.9731	0.00476	66	0.9910	513	0.070	0.9971	99.8628	99.9733	0.0158	0.45	AlfI:99.95,AloI:99.96,BcgI:99.95,FalI:99.96	8099	66	6971	1050	107.98484848484848	ok	99.9439	gamma	99.8910	ok
NZ_CP062778.1	NZ_CP062717.1	99.9455	99.9526	0.9618	0.9728	0.00469	65	0.9912	511	0.070	0.9971	99.8681	99.9734	0.0158	0.48	AlfI:99.95,AloI:99.96,BcgI:99.95,FalI:99.96	8106	65	6997	1050	110	ok	99.9455	gamma	99.8956	ok
NZ_CP062778.1	NZ_CP062719.1	99.9333	99.9443	0.9665	0.9701	0.00508	58	0.9921	464	0.070	0.9966	99.8355	99.9711	0.0151	0.62	AlfI:99.94,AloI:99.94,BcgI:99.95,FalI:99.95	8075	58	7017	1050	122.60344827586206	ok	99.9333	gamma	99.8664	ok
NZ_CP062778.1	NZ_CP062721.1	99.9306	99.9424	0.9670	0.9706	0.00517	58	0.9921	464	0.070	0.9965	99.8308	99.9699	0.0132	0.48	AlfI:99.94,AloI:99.94,BcgI:99.95,FalI:99.94	8075	58	7020	1050	122.62068965517241	ok	99.9306	gamma	99.8622	ok
NZ_CP062778.1	NZ_CP062723.1	99.9475	99.9543	0.9558	0.9729	0.00461	63	0.9914	506	0.070	0.9972	99.8676	99.9756	0.0105	0.14	AlfI:99.95,AloI:99.96,BcgI:99.96,FalI:99.96	8083	63	6973	1049	113.04761904761905	ok	99.9475	gamma	99.8953	ok
NZ_CP062778.1	NZ_CP062725.1	99.9451	99.9526	0.9625	0.9735	0.00469	66	0.9910	503	0.070	0.9971	99.8610	99.9751	0.0117	0.27	AlfI:99.95,AloI:99.96,BcgI:99.95,FalI:99.96	8124	66	7000	1049	108.21212121212122	ok	99.9451	gamma	99.8894	ok
NZ_CP062778.1	NZ_CP062727.1	99.9482	99.9549	0.9600	0.9754	0.00458	62	0.9916	509	0.070	0.9973	99.8679	99.9762	0.0096	0.31	AlfI:99.95,AloI:99.95,BcgI:99.96,FalI:99.95	8075	62	6990	1050	115.12903225806451	ok	99.9482	gamma	99.8955	ok
NZ_CP062778.1	NZ_CP062729.1	99.9515	99.9571	0.9554	0.9730	0.00447	63	0.9914	506	0.070	0.9974	99.8818	99.9756	0.0091	0.20	AlfI:99.95,AloI:99.96,BcgI:99.96,FalI:99.96	8085	63	6970	1050	113.06349206349206	ok	99.9515	gamma	99.9078	ok
NZ_CP062778.1	NZ_CP062780.1	99.9488	99.9552	0.9558	0.9732	0.00457	64	0.9913	510	0.070	0.9973	99.8723	99.9756	0.0105	0.20	AlfI:99.95,AloI:99.96,BcgI:99.96,FalI:99.96	8085	64	6973	1050	111.375	ok	99.9488	gamma	99.8995	ok
NZ_CP062778.1	NZ_CP062731.1	99.9502	99.9562	0.9553	0.9727	0.00452	64	0.9913	510	0.070	0.9973	99.8770	99.9756	0.0105	0.24	AlfI:99.95,AloI:99.96,BcgI:99.96,FalI:99.96	8085	64	6970	1050	111.359375	ok	99.9502	gamma	99.9036	ok
NZ_CP062778.1	NZ_CP062733.1	99.9502	99.9562	0.9553	0.9721	0.00452	63	0.9914	507	0.070	0.9973	99.8770	99.9756	0.0105	0.24	AlfI:99.95,AloI:99.96,BcgI:99.96,FalI:99.96	8086	63	6970	1050	113.04761904761905	ok	99.9502	gamma	99.9036	ok
NZ_CP062778.1	NZ_CP062739.1	99.9543	99.9594	0.9535	0.9699	0.00435	71	0.9906	915	0.070	0.9975	99.8840	99.9779	0.0095	0.31	AlfI:99.95,AloI:99.96,BcgI:99.96,FalI:99.96	8311	71	6963	1050	103.6056338028169	ok	99.9543	gamma	99.9098	ok
NZ_CP062778.1	NZ_CP062736.1	99.9502	99.9562	0.9553	0.9721	0.00452	64	0.9913	510	0.070	0.9973	99.8770	99.9756	0.0105	0.24	AlfI:99.95,AloI:99.96,BcgI:99.96,FalI:99.96	8085	64	6970	1050	111.359375	ok	99.9502	gamma	99.9036	ok
NZ_CP062778.1	NZ_CP062742.1	99.9466	99.9539	0.9600	0.9752	0.00463	62	0.9916	507	0.070	0.9972	99.8608	99.9768	0.0100	0.31	AlfI:99.95,AloI:99.95,BcgI:99.96,FalI:99.95	8091	62	6990	1050	115.11290322580645	ok	99.9466	gamma	99.8892	ok
NZ_CP062778.1	NZ_CP062744.1	99.9488	99.9552	0.9558	0.9732	0.00457	63	0.9914	506	0.070	0.9973	99.8723	99.9756	0.0105	0.20	AlfI:99.95,AloI:99.96,BcgI:99.96,FalI:99.96	8086	63	6973	1050	113.06349206349206	ok	99.9488	gamma	99.8995	ok
NZ_CP062778.1	NZ_CP062746.1	99.9488	99.9552	0.9558	0.9723	0.00457	63	0.9914	506	0.070	0.9973	99.8723	99.9756	0.0105	0.20	AlfI:99.95,AloI:99.96,BcgI:99.96,FalI:99.96	8085	63	6973	1050	113.06349206349206	ok	99.9488	gamma	99.8995	ok
NZ_CP062778.1	NZ_CP062749.1	99.9458	99.9530	0.9584	0.9734	0.00468	59	0.9920	456	0.070	0.9971	99.8655	99.9745	0.0150	0.45	AlfI:99.95,AloI:99.95,BcgI:99.96,FalI:99.96	8004	59	6984	1050	120.0677966101695	ok	99.9458	gamma	99.8933	ok
NZ_CP062778.1	NZ_CP062752.1	99.9500	99.9562	0.9548	0.9715	0.00452	66	0.9910	518	0.070	0.9973	99.8746	99.9762	0.0105	0.24	AlfI:99.95,AloI:99.96,BcgI:99.96,FalI:99.96	8085	66	6968	1050	108.06060606060606	ok	99.9500	gamma	99.9015	ok
NZ_CP062778.1	NZ_CP062755.1	99.9447	99.9525	0.9603	0.9750	0.00470	61	0.9917	501	0.070	0.9971	99.8562	99.9762	0.0210	0.54	AlfI:99.95,AloI:99.97,BcgI:99.95,FalI:99.95	8072	61	6993	1050	116.88524590163935	ok	99.9447	gamma	99.8850	ok
NZ_CP062778.1	NZ_CP062761.1	99.9385	99.9478	0.9620	0.9708	0.00493	62	0.9916	510	0.070	0.9968	99.8488	99.9721	0.0089	0.21	AlfI:99.94,AloI:99.95,BcgI:99.95,FalI:99.95	8084	62	6980	1050	114.90322580645162	ok	99.9385	gamma	99.8784	ok
NZ_CP062778.1	NZ_CP062758.1	99.9408	99.9497	0.9599	0.9743	0.00484	61	0.9917	503	0.070	0.9969	99.8490	99.9745	0.0093	0.25	AlfI:99.94,AloI:99.95,BcgI:99.95,FalI:99.95	8089	61	6990	1050	116.91803278688525	ok	99.9408	gamma	99.8786	ok
NZ_CP062778.1	NZ_CP062763.1	99.9412	99.9496	0.9568	0.9696	0.00485	65	0.9911	519	0.070	0.9969	99.8556	99.9727	0.0049	0.07	AlfI:99.95,AloI:99.95,BcgI:99.95,FalI:99.95	8076	65	6966	1050	109.49230769230769	ok	99.9412	gamma	99.8846	ok
NZ_CP062778.1	NZ_CP062766.1	99.9509	99.9568	0.9613	0.9720	0.00448	61	0.9917	502	0.070	0.9974	99.8775	99.9763	0.0077	0.11	AlfI:99.95,AloI:99.96,BcgI:99.96,FalI:99.96	8114	61	6994	1050	116.9672131147541	ok	99.9509	gamma	99.9040	ok
NZ_CP062778.1	NZ_CP062782.1	99.9415	99.9499	0.9670	0.9686	0.00482	59	0.9920	501	0.070	0.9970	99.8544	99.9734	0.0107	0.28	AlfI:99.94,AloI:99.95,BcgI:99.95,FalI:99.95	8129	59	7020	1050	121.03389830508475	ok	99.9415	gamma	99.8834	ok
NZ_CP062778.1	NZ_CP062769.1	99.9373	99.9473	0.9588	0.9720	0.00495	55	0.9925	382	0.070	0.9968	99.8394	99.9739	0.0164	0.29	AlfI:99.94,AloI:99.94,BcgI:99.95,FalI:99.95	7956	55	6985	1051	127.78181818181818	ok	99.9373	gamma	99.8700	ok
NZ_CP062778.1	NZ_CP062771.1	99.9420	99.9504	0.9665	0.9750	0.00480	60	0.9919	488	0.070	0.9970	99.8543	99.9740	0.0104	0.31	AlfI:99.94,AloI:99.95,BcgI:99.95,FalI:99.95	8080	60	7017	1050	118.93333333333334	ok	99.9420	gamma	99.8833	ok
NZ_CP062778.1	NZ_CP062774.1	99.9459	99.9533	0.9552	0.9658	0.00466	65	0.9912	515	0.070	0.9972	99.8605	99.9762	0.0077	0.10	AlfI:99.95,AloI:99.95,BcgI:99.96,FalI:99.96	8082	65	6971	1050	109.6	ok	99.9459	gamma	99.8889	ok
NZ_CP062700.1	NZ_CP062702.1	99.9435	99.9516	0.9604	0.9673	0.00477	46	0.9937	403	0.070	0.9971	99.8548	99.9754	0.0096	0.20	AlfI:99.96,AloI:99.95,BcgI:99.95,FalI:99.95	7905	46	6927	1270	152.19565217391303	ok	99.9435	gamma	99.8839	ok
NZ_CP062700.1	NZ_CP062705.1	99.9475	99.9546	0.9620	0.9670	0.00460	54	0.9926	462	0.070	0.9972	99.8625	99.9773	0.0204	0.71	AlfI:99.95,AloI:99.97,BcgI:99.96,FalI:99.95	7990	54	6954	1049	131	ok	99.9475	gamma	99.8907	ok
NZ_CP062700.1	NZ_CP062708.1	99.9489	99.9556	0.9615	0.9665	0.00456	54	0.9926	462	0.070	0.9973	99.8672	99.9773	0.0204	0.85	AlfI:99.95,AloI:99.97,BcgI:99.96,FalI:99.95	7990	54	6951	1049	130.9814814814815	ok	99.9489	gamma	99.8949	ok
NZ_CP062700.1	NZ_CP062711.1	99.9489	99.9556	0.9615	0.9727	0.00456	54	0.9926	462	0.070	0.9973	99.8672	99.9773	0.0204	0.85	AlfI:99.95,AloI:99.97,BcgI:99.96,FalI:99.95	7990	54	6951	1049	130.9814814814815	ok	99.9489	gamma	99.8949	ok
NZ_CP062700.1	NZ_CP062713.1	99.9470	99.9542	0.9620	0.9735	0.00463	54	0.9926	462	0.070	0.9972	99.8625	99.9767	0.0204	0.66	AlfI:99.95,AloI:99.97,BcgI:99.96,FalI:99.95	7990	54	6954	1049	131	ok	99.9470	gamma	99.8907	ok
NZ_CP062700.1	NZ_CP062715.1	99.9502	99.9565	0.9626	0.9736	0.00451	57	0.9922	466	0.070	0.9974	99.8718	99.9773	0.0219	0.67	AlfI:99.95,AloI:99.97,BcgI:99.96,FalI:99.96	8025	57	6942	1050	124.03508771929825	ok	99.9502	gamma	99.8990	ok
NZ_CP062700.1	NZ_CP062717.1	99.9523	99.9580	0.9659	0.9733	0.00442	56	0.9924	464	0.070	0.9974	99.8770	99.9779	0.0219	0.71	AlfI:99.95,AloI:99.97,BcgI:99.96,FalI:99.96	8032	56	6968	1050	126.66071428571429	ok	99.9523	gamma	99.9036	ok
NZ_CP062700.1	NZ_CP062719.1	99.9405	99.9497	0.9706	0.9705	0.00484	49	0.9933	417	0.070	0.9969	99.8442	99.9756	0.0139	0.63	AlfI:99.94,AloI:99.95,BcgI:99.96,FalI:99.94	8001	49	6988	1050	143.9591836734694	ok	99.9405	gamma	99.8743	ok
NZ_CP062700.1	NZ_CP062721.1	99.9373	99.9474	0.9711	0.9710	0.00495	49	0.9933	417	0.070	0.9968	99.8396	99.9739	0.0193	0.57	AlfI:99.94,AloI:99.95,BcgI:99.95,FalI:99.93	8001	49	6991	1050	143.9795918367347	ok	99.9373	gamma	99.8701	ok
NZ_CP062700.1	NZ_CP062723.1	99.9548	99.9602	0.9598	0.9734	0.00431	54	0.9926	459	0.070	0.9976	99.8766	99.9808	0.0225	0.55	AlfI:99.96,AloI:99.97,BcgI:99.96,FalI:99.95	8009	54	6944	1049	130.83333333333334	ok	99.9548	gamma	99.9033	ok
NZ_CP062700.1	NZ_CP062725.1	99.9514	99.9576	0.9666	0.9740	0.00445	56	0.9924	451	0.070	0.9974	99.8699	99.9791	0.0178	0.54	AlfI:99.96,AloI:99.97,BcgI:99.96,FalI:99.96	8043	56	6971	1049	126.42857142857143	ok	99.9514	gamma	99.8973	ok
NZ_CP062700.1	NZ_CP062727.1	99.9544	99.9599	0.9640	0.9759	0.00433	53	0.9928	462	0.070	0.9976	99.8769	99.9802	0.0202	0.70	AlfI:99.95,AloI:99.97,BcgI:99.97,FalI:99.95	8001	53	6961	1050	133.60377358490567	ok	99.9544	gamma	99.9035	ok
NZ_CP062700.1	NZ_CP062729.1	99.9582	99.9626	0.9594	0.9734	0.00418	54	0.9926	459	0.070	0.9977	99.8908	99.9802	0.0180	0.46	AlfI:99.96,AloI:99.97,BcgI:99.96,FalI:99.96	8011	54	6941	1050	130.85185185185185	ok	99.9582	gamma	99.9158	ok
NZ_CP062700.1	NZ_CP062780.1	99.9551	99.9602	0.9598	0.9736	0.00431	55	0.9925	463	0.070	0.9976	99.8813	99.9796	0.0180	0.44	AlfI:99.96,AloI:99.97,BcgI:99.96,FalI:99.96	8011	55	6944	1050	128.56363636363636	ok	99.9551	gamma	99.9075	ok
NZ_CP062700.1	NZ_CP062731.1	99.9569	99.9616	0.9593	0.9731	0.00424	55	0.9925	463	0.070	0.9977	99.8860	99.9802	0.0180	0.50	AlfI:99.96,AloI:99.97,BcgI:99.96,FalI:99.96	8011	55	6941	1050	128.54545454545453	ok	99.9569	gamma	99.9116	ok
NZ_CP062700.1	NZ_CP062733.1	99.9569	99.9616	0.9594	0.9726	0.00424	54	0.9926	460	0.070	0.9977	99.8860	99.9802	0.0180	0.50	AlfI:99.96,AloI:99.97,BcgI:99.96,FalI:99.96	8012	54	6941	1050	130.83333333333334	ok	99.9569	gamma	99.9116	ok
NZ_CP062700.1	NZ_CP062739.1	99.9604	99.9644	0.9575	0.9703	0.00408	61	0.9919	861	0.070	0.9978	99.8931	99.9819	0.0180	0.52	AlfI:99.96,AloI:99.97,BcgI:99.97,FalI:99.96	8228	61	6934	1050	119.54098360655738	ok	99.9604	gamma	99.9178	ok
NZ_CP062700.1	NZ_CP062736.1	99.9569	99.9616	0.9593	0.9726	0.00424	55	0.9925	463	0.070	0.9977	99.8860	99.9802	0.0180	0.50	AlfI:99.96,AloI:99.97,BcgI:99.96,FalI:99.96	8011	55	6941	1050	128.54545454545453	ok	99.9569	gamma	99.9116	ok
NZ_CP062700.1	NZ_CP062742.1	99.9535	99.9594	0.9640	0.9757	0.00435	53	0.9928	460	0.070	0.9975	99.8697	99.9814	0.0202	0.62	AlfI:99.95,AloI:99.97,BcgI:99.96,FalI:99.95	8017	53	6961	1050	133.58490566037736	ok	99.9535	gamma	99.8972	ok
NZ_CP062700.1	NZ_CP062744.1	99.9551	99.9602	0.9598	0.9736	0.00431	54	0.9926	459	0.070	0.9976	99.8813	99.9796	0.0180	0.44	AlfI:99.96,AloI:99.97,BcgI:99.96,FalI:99.96	8012	54	6944	1050	130.85185185185185	ok	99.9551	gamma	99.9075	ok
NZ_CP062700.1	NZ_CP062746.1	99.9551	99.9602	0.9598	0.9728	0.00431	54	0.9926	459	0.070	0.9976	99.8813	99.9796	0.0180	0.44	AlfI:99.96,AloI:99.97,BcgI:99.96,FalI:99.96	8011	54	6944	1050	130.85185185185185	ok	99.9551	gamma	99.9075	ok
NZ_CP062700.1	NZ_CP062749.1	99.9522	99.9579	0.9625	0.9738	0.00443	50	0.9932	414	0.070	0.9974	99.8768	99.9779	0.0140	0.29	AlfI:99.95,AloI:99.97,BcgI:99.96,FalI:99.96	7938	50	6955	1050	140.62	ok	99.9522	gamma	99.9034	ok
NZ_CP062700.1	NZ_CP062752.1	99.9567	99.9616	0.9588	0.9720	0.00424	56	0.9924	464	0.070	0.9977	99.8836	99.9808	0.0180	0.50	AlfI:99.96,AloI:99.97,BcgI:99.96,FalI:99.96	8009	56	6939	1050	126.23214285714286	ok	99.9567	gamma	99.9095	ok
NZ_CP062700.1	NZ_CP062755.1	99.9508	99.9571	0.9644	0.9755	0.00448	52	0.9929	455	0.070	0.9974	99.8698	99.9785	0.0267	0.79	AlfI:99.95,AloI:99.97,BcgI:99.96,FalI:99.95	7999	52	6964	1050	136.03846153846155	ok	99.9508	gamma	99.8972	ok
NZ_CP062700.1	NZ_CP062761.1	99.9456	99.9532	0.9663	0.9712	0.00468	54	0.9926	464	0.070	0.9972	99.8578	99.9767	0.0178	0.42	AlfI:99.95,AloI:99.96,BcgI:99.96,FalI:99.94	8015	54	6956	1050	130.96296296296296	ok	99.9456	gamma	99.8865	ok
NZ_CP062700.1	NZ_CP062758.1	99.9478	99.9551	0.9639	0.9747	0.00458	52	0.9929	455	0.070	0.9973	99.8579	99.9790	0.0137	0.36	AlfI:99.95,AloI:99.96,BcgI:99.96,FalI:99.95	8014	52	6961	1050	136.03846153846155	ok	99.9478	gamma	99.8866	ok
NZ_CP062700.1	NZ_CP062763.1	99.9482	99.9550	0.9609	0.9699	0.00459	56	0.9923	472	0.070	0.9973	99.8645	99.9772	0.0137	0.18	AlfI:99.95,AloI:99.96,BcgI:99.96,FalI:99.95	8002	56	6937	1050	126.07142857142857	ok	99.9482	gamma	99.8926	ok
NZ_CP062700.1	NZ_CP062766.1	99.9583	99.9626	0.9621	0.9734	0.00418	53	0.9928	446	0.070	0.9977	99.8910	99.9802	0.0180	0.46	AlfI:99.96,AloI:99.97,BcgI:99.97,FalI:99.96	8018	53	6952	1050	133.22641509433961	ok	99.9583	gamma	99.9160	ok
NZ_CP062700.1	NZ_CP062782.1	99.9474	99.9544	0.9711	0.9691	0.00460	50	0.9932	459	0.070	0.9972	99.8632	99.9768	0.0243	0.68	AlfI:99.95,AloI:99.97,BcgI:99.96,FalI:99.94	8055	50	6991	1050	141.76	ok	99.9474	gamma	99.8913	ok
NZ_CP062700.1	NZ_CP062769.1	99.9444	99.9527	0.9629	0.9724	0.00470	47	0.9936	343	0.070	0.9971	99.8483	99.9784	0.0144	0.34	AlfI:99.95,AloI:99.95,BcgI:99.96,FalI:99.94	7890	47	6956	1051	148.51063829787233	ok	99.9444	gamma	99.8780	ok
NZ_CP062700.1	NZ_CP062771.1	99.9489	99.9558	0.9706	0.9755	0.00453	51	0.9931	441	0.070	0.9973	99.8631	99.9786	0.0135	0.43	AlfI:99.95,AloI:99.96,BcgI:99.96,FalI:99.95	8006	51	6988	1050	138.80392156862746	ok	99.9489	gamma	99.8913	ok
NZ_CP062700.1	NZ_CP062774.1	99.9523	99.9583	0.9593	0.9663	0.00442	55	0.9925	461	0.070	0.9975	99.8694	99.9802	0.0093	0.11	AlfI:99.96,AloI:99.96,BcgI:99.96,FalI:99.95	8006	55	6942	1050	128.38181818181818	ok	99.9523	gamma	99.8969	ok
NZ_CP062702.1	NZ_CP062705.1	99.9391	99.9502	0.9538	0.9573	0.00483	55	0.9926	413	0.070	0.9970	99.8172	99.9830	0.0294	1.47	AlfI:99.94,AloI:99.97,BcgI:99.95,FalI:99.96	7916	55	6947	1175	127.34545454545454	ok	99.9391	gamma	99.8500	ok
NZ_CP062702.1	NZ_CP062708.1	99.9391	99.9502	0.9538	0.9573	0.00483	55	0.9926	413	0.070	0.9970	99.8172	99.9830	0.0294	1.47	AlfI:99.94,AloI:99.97,BcgI:99.95,FalI:99.96	7916	55	6947	1175	127.34545454545454	ok	99.9391	gamma	99.8500	ok
NZ_CP062702.1	NZ_CP062711.1	99.9391	99.9502	0.9538	0.9634	0.00483	55	0.9926	413	0.070	0.9970	99.8172	99.9830	0.0294	1.47	AlfI:99.94,AloI:99.97,BcgI:99.95,FalI:99.96	7916	55	6947	1175	127.34545454545454	ok	99.9391	gamma	99.8500	ok
NZ_CP062702.1	NZ_CP062713.1	99.9391	99.9502	0.9538	0.9637	0.00483	55	0.9926	413	0.070	0.9970	99.8172	99.9830	0.0294	1.47	AlfI:99.94,AloI:99.97,BcgI:99.95,FalI:99.96	7916	55	6947	1175	127.34545454545454	ok	99.9391	gamma	99.8500	ok
NZ_CP062702.1	NZ_CP062715.1	99.9503	99.9581	0.9491	0.9632	0.00444	57	0.9923	416	0.070	0.9975	99.8401	99.9871	0.0234	1.37	AlfI:99.95,AloI:99.97,BcgI:99.96,FalI:99.97	7908	57	6912	1176	122.43859649122807	ok	99.9503	gamma	99.8708	ok
NZ_CP062702.1	NZ_CP062717.1	99.9505	99.9582	0.9529	0.9634	0.00443	56	0.9924	414	0.070	0.9975	99.8408	99.9871	0.0234	1.38	AlfI:99.95,AloI:99.97,BcgI:99.96,FalI:99.97	7941	56	6941	1176	125.10714285714286	ok	99.9505	gamma	99.8713	ok
NZ_CP062702.1	NZ_CP062719.1	99.9454	99.9545	0.9543	0.9522	0.00462	54	0.9927	404	0.070	0.9972	99.8315	99.9848	0.0264	1.42	AlfI:99.94,AloI:99.97,BcgI:99.96,FalI:99.97	7916	54	6949	1175	129.62962962962962	ok	99.9454	gamma	99.8629	ok
NZ_CP062702.1	NZ_CP062721.1	99.9442	99.9536	0.9543	0.9522	0.00466	54	0.9927	404	0.070	0.9972	99.8315	99.9836	0.0252	1.03	AlfI:99.94,AloI:99.97,BcgI:99.96,FalI:99.96	7916	54	6949	1175	129.62962962962962	ok	99.9442	gamma	99.8629	ok
NZ_CP062702.1	NZ_CP062723.1	99.9496	99.9577	0.9524	0.9613	0.00445	58	0.9921	423	0.070	0.9974	99.8360	99.9877	0.0234	1.05	AlfI:99.95,AloI:99.97,BcgI:99.96,FalI:99.97	7941	58	6938	1176	120.84482758620689	ok	99.9496	gamma	99.8670	ok
NZ_CP062702.1	NZ_CP062725.1	99.9503	99.9582	0.9529	0.9626	0.00443	54	0.9927	402	0.070	0.9975	99.8384	99.9877	0.0234	1.38	AlfI:99.95,AloI:99.97,BcgI:99.96,FalI:99.97	7959	54	6941	1176	129.4814814814815	ok	99.9503	gamma	99.8692	ok
NZ_CP062702.1	NZ_CP062727.1	99.9486	99.9569	0.9544	0.9645	0.00450	53	0.9929	413	0.070	0.9974	99.8362	99.9866	0.0275	1.76	AlfI:99.95,AloI:99.97,BcgI:99.96,FalI:99.97	7929	53	6949	1176	132.26415094339623	ok	99.9486	gamma	99.8672	ok
NZ_CP062702.1	NZ_CP062729.1	99.9505	99.9582	0.9525	0.9617	0.00443	56	0.9924	415	0.070	0.9975	99.8408	99.9871	0.0234	1.38	AlfI:99.95,AloI:99.97,BcgI:99.96,FalI:99.97	7943	56	6938	1176	125.05357142857143	ok	99.9505	gamma	99.8713	ok
NZ_CP062702.1	NZ_CP062780.1	99.9505	99.9582	0.9520	0.9606	0.00443	56	0.9924	414	0.070	0.9975	99.8407	99.9871	0.0234	1.38	AlfI:99.95,AloI:99.97,BcgI:99.96,FalI:99.97	7943	56	6937	1176	125.03571428571429	ok	99.9505	gamma	99.8713	ok
NZ_CP062702.1	NZ_CP062731.1	99.9505	99.9582	0.9520	0.9606	0.00443	56	0.9924	414	0.070	0.9975	99.8407	99.9871	0.0234	1.38	AlfI:99.95,AloI:99.97,BcgI:99.96,FalI:99.97	7943	56	6937	1176	125.03571428571429	ok	99.9505	gamma	99.8713	ok
NZ_CP062702.1	NZ_CP062733.1	99.9505	99.9582	0.9520	0.9600	0.00443	56	0.9924	416	0.070	0.9975	99.8407	99.9871	0.0234	1.38	AlfI:99.95,AloI:99.97,BcgI:99.96,FalI:99.97	7944	56	6937	1176	125.01785714285714	ok	99.9505	gamma	99.8713	ok
NZ_CP062702.1	NZ_CP062739.1	99.9505	99.9582	0.9520	0.9609	0.00443	63	0.9917	853	0.070	0.9975	99.8407	99.9871	0.0234	1.38	AlfI:99.95,AloI:99.97,BcgI:99.96,FalI:99.97	8174	63	6937	1176	115.0952380952381	ok	99.9505	gamma	99.8713	ok
NZ_CP062702.1	NZ_CP062736.1	99.9505	99.9582	0.9520	0.9600	0.00443	56	0.9924	414	0.070	0.9975	99.8407	99.9871	0.0234	1.38	AlfI:99.95,AloI:99.97,BcgI:99.96,FalI:99.97	7943	56	6937	1176	125.03571428571429	ok	99.9505	gamma	99.8713	ok
NZ_CP062702.1	NZ_CP062742.1	99.9524	99.9597	0.9544	0.9643	0.00434	53	0.9929	410	0.070	0.9976	99.8434	99.9883	0.0220	1.20	AlfI:99.95,AloI:99.97,BcgI:99.96,FalI:99.97	7950	53	6949	1176	132.22641509433961	ok	99.9524	gamma	99.8736	ok
NZ_CP062702.1	NZ_CP062744.1	99.9505	99.9582	0.9520	0.9606	0.00443	56	0.9924	414	0.070	0.9975	99.8407	99.9871	0.0234	1.38	AlfI:99.95,AloI:99.97,BcgI:99.96,FalI:99.97	7944	56	6937	1176	125.01785714285714	ok	99.9505	gamma	99.8713	ok
NZ_CP062702.1	NZ_CP062746.1	99.9519	99.9592	0.9529	0.9630	0.00437	56	0.9924	414	0.070	0.9975	99.8456	99.9871	0.0220	1.23	AlfI:99.95,AloI:99.97,BcgI:99.96,FalI:99.97	7944	56	6941	1176	125.08928571428571	ok	99.9519	gamma	99.8756	ok
NZ_CP062702.1	NZ_CP062749.1	99.9456	99.9545	0.9543	0.9636	0.00462	55	0.9926	411	0.070	0.9972	99.8339	99.9842	0.0308	1.84	AlfI:99.94,AloI:99.97,BcgI:99.96,FalI:99.97	7916	55	6949	1176	127.36363636363636	ok	99.9456	gamma	99.8651	ok
NZ_CP062702.1	NZ_CP062752.1	99.9503	99.9582	0.9526	0.9624	0.00443	57	0.9923	415	0.070	0.9975	99.8384	99.9877	0.0234	1.38	AlfI:99.95,AloI:99.97,BcgI:99.96,FalI:99.97	7942	57	6941	1176	122.89473684210526	ok	99.9503	gamma	99.8692	ok
NZ_CP062702.1	NZ_CP062755.1	99.9454	99.9545	0.9543	0.9636	0.00462	53	0.9929	411	0.070	0.9972	99.8315	99.9848	0.0281	1.41	AlfI:99.95,AloI:99.96,BcgI:99.96,FalI:99.97	7926	53	6949	1176	132.18867924528303	ok	99.9454	gamma	99.8629	ok
NZ_CP062702.1	NZ_CP062761.1	99.9509	99.9586	0.9502	0.9602	0.00442	56	0.9924	424	0.070	0.9975	99.8403	99.9877	0.0234	1.33	AlfI:99.95,AloI:99.97,BcgI:99.96,FalI:99.97	7925	56	6917	1176	124.82142857142857	ok	99.9509	gamma	99.8709	ok
NZ_CP062702.1	NZ_CP062758.1	99.9452	99.9545	0.9542	0.9632	0.00462	53	0.9929	407	0.070	0.9972	99.8291	99.9854	0.0254	1.45	AlfI:99.95,AloI:99.97,BcgI:99.95,FalI:99.97	7944	53	6949	1176	132.18867924528303	ok	99.9452	gamma	99.8608	ok
NZ_CP062702.1	NZ_CP062763.1	99.9461	99.9548	0.9512	0.9584	0.00461	56	0.9924	421	0.070	0.9973	99.8357	99.9842	0.0227	1.32	AlfI:99.95,AloI:99.97,BcgI:99.95,FalI:99.97	7934	56	6925	1176	124.80357142857143	ok	99.9461	gamma	99.8667	ok
NZ_CP062702.1	NZ_CP062766.1	99.9486	99.9569	0.9544	0.9627	0.00450	54	0.9927	407	0.070	0.9974	99.8362	99.9866	0.0247	1.58	AlfI:99.95,AloI:99.97,BcgI:99.96,FalI:99.97	7951	54	6949	1176	129.64814814814815	ok	99.9486	gamma	99.8672	ok
NZ_CP062702.1	NZ_CP062782.1	99.9486	99.9569	0.9544	0.9562	0.00450	52	0.9930	396	0.070	0.9974	99.8362	99.9866	0.0275	1.76	AlfI:99.95,AloI:99.97,BcgI:99.96,FalI:99.97	7975	52	6949	1176	134.51923076923077	ok	99.9486	gamma	99.8672	ok
NZ_CP062702.1	NZ_CP062769.1	99.9400	99.9510	0.9468	0.9534	0.00480	48	0.9935	300	0.070	0.9970	99.8165	99.9842	0.0223	1.00	AlfI:99.95,AloI:99.96,BcgI:99.95,FalI:99.97	7801	48	6921	1176	143.66666666666666	ok	99.9400	gamma	99.8494	ok
NZ_CP062702.1	NZ_CP062771.1	99.9493	99.9573	0.9544	0.9642	0.00447	53	0.9929	410	0.070	0.9974	99.8386	99.9866	0.0253	1.28	AlfI:99.95,AloI:99.97,BcgI:99.96,FalI:99.97	7918	53	6949	1176	132.16981132075472	ok	99.9493	gamma	99.8694	ok
NZ_CP062702.1	NZ_CP062774.1	99.9475	99.9563	0.9526	0.9563	0.00453	57	0.9923	417	0.070	0.9973	99.8289	99.9877	0.0182	0.57	AlfI:99.95,AloI:99.96,BcgI:99.96,FalI:99.97	7939	57	6941	1176	122.80701754385964	ok	99.9475	gamma	99.8606	ok
NZ_CP062705.1	NZ_CP062708.1	99.9977	99.9977	0.9888	0.9888	0.00099	58	0.9925	607	0.070	0.9999	99.9931	99.9989	0.0081	0.70	AlfI:100.00,AloI:100.00,BcgI:100.00,FalI:99.99	8335	58	7149	1052	127.15517241379311	ok	99.9977	gamma	99.9981	ok
NZ_CP062705.1	NZ_CP062711.1	99.9995	99.9995	0.9826	0.9889	0.00045	57	0.9925	607	inf	1.0000	99.9977	99.9999	0.0008	0.00	AlfI:100.00,AloI:100.00,BcgI:100.00,FalI:100.00	8313	57	7125	1052	129	ok	99.9995	uniform	99.9999	ok
NZ_CP062705.1	NZ_CP062713.1	99.9986	99.9986	0.9826	0.9889	0.00077	57	0.9925	607	inf	0.9999	99.9954	99.9994	0.0018	0.03	AlfI:100.00,AloI:100.00,BcgI:100.00,FalI:100.00	8313	57	7125	1052	129.01754385964912	ok	99.9986	uniform	99.9992	ok
NZ_CP062705.1	NZ_CP062715.1	99.9848	99.9854	0.9755	0.9874	0.00258	60	0.9921	603	0.070	0.9991	99.9582	99.9920	0.0097	0.59	AlfI:99.98,AloI:99.99,BcgI:99.98,FalI:99.99	8271	60	7082	1052	121.81666666666666	ok	99.9848	gamma	99.9730	ok
NZ_CP062705.1	NZ_CP062717.1	99.9859	99.9863	0.9793	0.9875	0.00249	59	0.9922	601	0.070	0.9992	99.9607	99.9926	0.0084	0.46	AlfI:99.99,AloI:99.99,BcgI:99.99,FalI:99.99	8300	59	7111	1052	124.30508474576271	ok	99.9859	gamma	99.9749	ok
NZ_CP062705.1	NZ_CP062719.1	99.9815	99.9823	0.9821	0.9811	0.00284	56	0.9926	559	0.070	0.9989	99.9538	99.9892	0.0128	0.58	AlfI:99.98,AloI:99.97,BcgI:99.98,FalI:99.99	8277	56	7122	1052	130.35714285714286	ok	99.9815	gamma	99.9694	ok
NZ_CP062705.1	NZ_CP062721.1	99.9806	99.9814	0.9821	0.9811	0.00291	56	0.9926	559	0.070	0.9989	99.9561	99.9876	0.0103	0.48	AlfI:99.98,AloI:99.97,BcgI:99.98,FalI:99.98	8277	56	7122	1052	130.375	ok	99.9806	gamma	99.9712	ok
NZ_CP062705.1	NZ_CP062723.1	99.9873	99.9877	0.9793	0.9877	0.00236	60	0.9921	605	0.070	0.9993	99.9630	99.9938	0.0104	0.42	AlfI:99.99,AloI:99.99,BcgI:99.99,FalI:99.98	8299	60	7111	1051	122.3	ok	99.9873	gamma	99.9768	ok
NZ_CP062705.1	NZ_CP062725.1	99.9874	99.9877	0.9793	0.9881	0.00236	57	0.9925	599	0.070	0.9993	99.9653	99.9932	0.0070	0.31	AlfI:99.99,AloI:99.99,BcgI:99.99,FalI:99.99	8328	57	7111	1051	128.5438596491228	ok	99.9874	gamma	99.9786	ok
NZ_CP062705.1	NZ_CP062727.1	99.9868	99.9873	0.9821	0.9886	0.00240	60	0.9921	602	0.070	0.9992	99.9584	99.9943	0.0070	0.34	AlfI:99.99,AloI:99.99,BcgI:99.99,FalI:99.99	8303	60	7122	1052	122.41666666666667	ok	99.9868	gamma	99.9731	ok
NZ_CP062705.1	NZ_CP062729.1	99.9864	99.9868	0.9795	0.9881	0.00245	59	0.9922	601	0.070	0.9992	99.9607	99.9932	0.0084	0.41	AlfI:99.99,AloI:99.99,BcgI:99.99,FalI:99.99	8301	59	7111	1052	124.32203389830508	ok	99.9864	gamma	99.9749	ok
NZ_CP062705.1	NZ_CP062780.1	99.9874	99.9877	0.9788	0.9870	0.00236	59	0.9922	601	0.070	0.9993	99.9676	99.9926	0.0070	0.31	AlfI:99.99,AloI:99.99,BcgI:99.99,FalI:99.99	8301	59	7110	1052	124.30508474576271	ok	99.9874	gamma	99.9804	ok
NZ_CP062705.1	NZ_CP062731.1	99.9874	99.9877	0.9788	0.9870	0.00236	59	0.9922	601	0.070	0.9993	99.9653	99.9932	0.0070	0.31	AlfI:99.99,AloI:99.99,BcgI:99.99,FalI:99.99	8301	59	7110	1052	124.28813559322033	ok	99.9874	gamma	99.9786	ok
NZ_CP062705.1	NZ_CP062733.1	99.9874	99.9877	0.9789	0.9865	0.00236	59	0.9922	602	0.070	0.9993	99.9653	99.9932	0.0070	0.31	AlfI:99.99,AloI:99.99,BcgI:99.99,FalI:99.99	8302	59	7110	1052	124.27118644067797	ok	99.9874	gamma	99.9786	ok
NZ_CP062705.1	NZ_CP062739.1	99.9874	99.9877	0.9789	0.9864	0.00236	64	0.9918	1040	0.070	0.9993	99.9676	99.9926	0.0070	0.31	AlfI:99.99,AloI:99.99,BcgI:99.99,FalI:99.99	8570	64	7110	1052	118.546875	ok	99.9874	gamma	99.9804	ok
NZ_CP062705.1	NZ_CP062736.1	99.9874	99.9877	0.9788	0.9864	0.00236	59	0.9922	601	0.070	0.9993	99.9653	99.9932	0.0070	0.31	AlfI:99.99,AloI:99.99,BcgI:99.99,FalI:99.99	8301	59	7110	1052	124.28813559322033	ok	99.9874	gamma	99.9786	ok
NZ_CP062705.1	NZ_CP062742.1	99.9859	99.9864	0.9821	0.9886	0.00249	60	0.9921	603	0.070	0.9992	99.9584	99.9932	0.0088	0.72	AlfI:99.99,AloI:99.99,BcgI:99.98,FalI:99.99	8309	60	7122	1052	122.4	ok	99.9859	gamma	99.9731	ok
NZ_CP062705.1	NZ_CP062744.1	99.9855	99.9859	0.9788	0.9870	0.00253	59	0.9922	601	0.070	0.9991	99.9653	99.9909	0.0097	0.54	AlfI:99.98,AloI:99.99,BcgI:99.99,FalI:99.99	8302	59	7110	1052	124.28813559322033	ok	99.9855	gamma	99.9786	ok
NZ_CP062705.1	NZ_CP062746.1	99.9855	99.9859	0.9793	0.9873	0.00253	59	0.9922	601	0.070	0.9991	99.9653	99.9909	0.0097	0.54	AlfI:99.98,AloI:99.99,BcgI:99.99,FalI:99.99	8302	59	7111	1052	124.32203389830508	ok	99.9855	gamma	99.9786	ok
NZ_CP062705.1	NZ_CP062749.1	99.9864	99.9868	0.9819	0.9879	0.00244	52	0.9931	540	0.070	0.9992	99.9607	99.9932	0.0077	0.36	AlfI:99.98,AloI:99.99,BcgI:99.99,FalI:99.99	8234	52	7122	1052	140.09615384615384	ok	99.9864	gamma	99.9750	ok
NZ_CP062705.1	NZ_CP062752.1	99.9858	99.9863	0.9787	0.9867	0.00249	60	0.9921	602	0.070	0.9992	99.9583	99.9932	0.0088	0.48	AlfI:99.99,AloI:99.99,BcgI:99.98,FalI:99.99	8300	60	7109	1052	122.23333333333333	ok	99.9858	gamma	99.9731	ok
NZ_CP062705.1	NZ_CP062755.1	99.9855	99.9859	0.9820	0.9880	0.00253	62	0.9918	616	0.070	0.9991	99.9653	99.9910	0.0088	0.52	AlfI:99.99,AloI:99.99,BcgI:99.98,FalI:99.99	8305	62	7122	1052	118.62903225806451	ok	99.9855	gamma	99.9786	ok
NZ_CP062705.1	NZ_CP062761.1	99.9853	99.9858	0.9778	0.9881	0.00254	63	0.9917	618	0.070	0.9991	99.9536	99.9937	0.0069	0.20	AlfI:99.99,AloI:99.98,BcgI:99.99,FalI:99.98	8280	63	7090	1052	116.2063492063492	ok	99.9853	gamma	99.9692	ok
NZ_CP062705.1	NZ_CP062758.1	99.9843	99.9850	0.9805	0.9865	0.00261	61	0.9920	612	0.070	0.9991	99.9514	99.9932	0.0169	0.10	AlfI:99.98,AloI:100.00,BcgI:99.98,FalI:99.99	8307	61	7118	1052	120.45901639344262	ok	99.9843	gamma	99.9675	ok
NZ_CP062705.1	NZ_CP062763.1	99.9804	99.9813	0.9789	0.9874	0.00292	64	0.9915	621	0.070	0.9989	99.9443	99.9903	0.0095	0.24	AlfI:99.98,AloI:99.97,BcgI:99.98,FalI:99.98	8296	64	7098	1052	114.5	ok	99.9804	gamma	99.9616	ok
NZ_CP062705.1	NZ_CP062766.1	99.9849	99.9855	0.9821	0.9881	0.00257	54	0.9929	599	0.070	0.9991	99.9584	99.9921	0.0110	0.95	AlfI:99.98,AloI:99.99,BcgI:99.98,FalI:99.99	8350	54	7122	1052	135.88888888888889	ok	99.9849	gamma	99.9731	ok
NZ_CP062705.1	NZ_CP062782.1	99.9829	99.9837	0.9882	0.9874	0.00272	55	0.9929	539	0.070	0.9990	99.9493	99.9921	0.0199	1.15	AlfI:99.99,AloI:99.97,BcgI:99.99,FalI:99.97	8302	55	7146	1052	132.8181818181818	ok	99.9829	gamma	99.9657	ok
NZ_CP062705.1	NZ_CP062769.1	99.9864	99.9868	0.9725	0.9820	0.00245	53	0.9929	481	0.070	0.9992	99.9675	99.9915	0.0063	0.25	AlfI:99.99,AloI:99.99,BcgI:99.99,FalI:99.99	8137	53	7086	1052	136.18867924528303	ok	99.9864	gamma	99.9803	ok
NZ_CP062705.1	NZ_CP062771.1	99.9854	99.9859	0.9821	0.9881	0.00253	58	0.9924	586	0.070	0.9991	99.9584	99.9926	0.0077	0.37	AlfI:99.98,AloI:99.99,BcgI:99.99,FalI:99.99	8282	58	7122	1052	126.29310344827586	ok	99.9854	gamma	99.9731	ok
NZ_CP062705.1	NZ_CP062774.1	99.9794	99.9805	0.9849	0.9866	0.00298	61	0.9921	603	0.070	0.9988	99.9377	99.9910	0.0213	1.00	AlfI:99.98,AloI:99.97,BcgI:99.98,FalI:99.96	8315	61	7133	1052	120.45901639344262	ok	99.9794	gamma	99.9560	ok
NZ_CP062708.1	NZ_CP062711.1	99.9999	99.9999	0.9826	0.9889	0.21288	57	0.9925	607	inf	1.0000	99.9999	99.9999	0.0000	0.00	AlfI:100.00,AloI:100.00,BcgI:100.00,FalI:100.00	8313	57	7125	1052	129.01754385964912	ok	99.9999	uniform	100.0000	ok
NZ_CP062708.1	NZ_CP062713.1	99.9986	99.9986	0.9826	0.9889	0.00077	57	0.9925	607	inf	0.9999	99.9931	99.9999	0.0018	0.03	AlfI:100.00,AloI:100.00,BcgI:100.00,FalI:100.00	8313	57	7125	1052	129	ok	99.9986	uniform	99.9981	ok
NZ_CP062708.1	NZ_CP062715.1	99.9848	99.9854	0.9755	0.9874	0.00258	60	0.9921	603	0.070	0.9991	99.9558	99.9926	0.0097	0.59	AlfI:99.98,AloI:99.99,BcgI:99.98,FalI:99.99	8271	60	7082	1052	121.8	ok	99.9848	gamma	99.9711	ok
NZ_CP062708.1	NZ_CP062717.1	99.9864	99.9868	0.9793	0.9875	0.00245	59	0.9922	601	0.070	0.9992	99.9630	99.9926	0.0084	0.41	AlfI:99.99,AloI:99.99,BcgI:99.99,FalI:99.99	8300	59	7111	1052	124.32203389830508	ok	99.9864	gamma	99.9768	ok
NZ_CP062708.1	NZ_CP062719.1	99.9820	99.9827	0.9821	0.9811	0.00280	56	0.9926	559	0.070	0.9990	99.9561	99.9893	0.0128	0.68	AlfI:99.98,AloI:99.97,BcgI:99.99,FalI:99.99	8277	56	7122	1052	130.375	ok	99.9820	gamma	99.9712	ok
NZ_CP062708.1	NZ_CP062721.1	99.9806	99.9814	0.9821	0.9811	0.00291	56	0.9926	559	0.070	0.9989	99.9538	99.9881	0.0103	0.48	AlfI:99.98,AloI:99.97,BcgI:99.98,FalI:99.98	8277	56	7122	1052	130.35714285714286	ok	99.9806	gamma	99.9694	ok
NZ_CP062708.1	NZ_CP062723.1	99.9868	99.9873	0.9793	0.9877	0.00240	60	0.9921	605	0.070	0.9992	99.9607	99.9938	0.0104	0.41	AlfI:99.99,AloI:99.99,BcgI:99.99,FalI:99.98	8299	60	7111	1051	122.28333333333333	ok	99.9868	gamma	99.9749	ok
NZ_CP062708.1	NZ_CP062725.1	99.9873	99.9877	0.9793	0.9881	0.00236	57	0.9925	599	0.070	0.9993	99.9630	99.9938	0.0070	0.31	AlfI:99.99,AloI:99.99,BcgI:99.99,FalI:99.99	8328	57	7111	1051	128.52631578947367	ok	99.9873	gamma	99.9768	ok
NZ_CP062708.1	NZ_CP062727.1	99.9873	99.9877	0.9821	0.9886	0.00236	60	0.9921	602	0.070	0.9993	99.9607	99.9943	0.0070	0.31	AlfI:99.99,AloI:99.99,BcgI:99.99,FalI:99.99	8303	60	7122	1052	122.43333333333334	ok	99.9873	gamma	99.9750	ok
NZ_CP062708.1	NZ_CP062729.1	99.9869	99.9873	0.9795	0.9881	0.00240	59	0.9922	601	0.070	0.9992	99.9630	99.9932	0.0084	0.39	AlfI:99.99,AloI:99.99,BcgI:99.99,FalI:99.99	8301	59	7111	1052	124.33898305084746	ok	99.9869	gamma	99.9768	ok
NZ_CP062708.1	NZ_CP062780.1	99.9874	99.9877	0.9788	0.9870	0.00236	59	0.9922	601	0.070	0.9993	99.9653	99.9932	0.0070	0.31	AlfI:99.99,AloI:99.99,BcgI:99.99,FalI:99.99	8301	59	7110	1052	124.28813559322033	ok	99.9874	gamma	99.9786	ok
NZ_CP062708.1	NZ_CP062731.1	99.9878	99.9882	0.9789	0.9870	0.00232	59	0.9922	601	0.070	0.9993	99.9676	99.9932	0.0070	0.30	AlfI:99.99,AloI:99.99,BcgI:99.99,FalI:99.99	8301	59	7110	1052	124.30508474576271	ok	99.9878	gamma	99.9804	ok
NZ_CP062708.1	NZ_CP062733.1	99.9878	99.9882	0.9789	0.9865	0.00232	59	0.9922	602	0.070	0.9993	99.9676	99.9932	0.0070	0.30	AlfI:99.99,AloI:99.99,BcgI:99.99,FalI:99.99	8302	59	7110	1052	124.28813559322033	ok	99.9878	gamma	99.9804	ok
NZ_CP062708.1	NZ_CP062739.1	99.9874	99.9877	0.9789	0.9864	0.00236	64	0.9918	1040	0.070	0.9993	99.9653	99.9932	0.0070	0.31	AlfI:99.99,AloI:99.99,BcgI:99.99,FalI:99.99	8570	64	7110	1052	118.53125	ok	99.9874	gamma	99.9786	ok
NZ_CP062708.1	NZ_CP062736.1	99.9878	99.9882	0.9789	0.9864	0.00232	59	0.9922	601	0.070	0.9993	99.9676	99.9932	0.0070	0.30	AlfI:99.99,AloI:99.99,BcgI:99.99,FalI:99.99	8301	59	7110	1052	124.30508474576271	ok	99.9878	gamma	99.9804	ok
NZ_CP062708.1	NZ_CP062742.1	99.9864	99.9868	0.9821	0.9886	0.00244	60	0.9921	603	0.070	0.9992	99.9607	99.9932	0.0084	0.63	AlfI:99.99,AloI:99.99,BcgI:99.99,FalI:99.99	8309	60	7122	1052	122.41666666666667	ok	99.9864	gamma	99.9750	ok
NZ_CP062708.1	NZ_CP062744.1	99.9854	99.9859	0.9788	0.9870	0.00253	59	0.9922	601	0.070	0.9991	99.9630	99.9915	0.0097	0.54	AlfI:99.98,AloI:99.99,BcgI:99.99,FalI:99.99	8302	59	7110	1052	124.27118644067797	ok	99.9854	gamma	99.9768	ok
NZ_CP062708.1	NZ_CP062746.1	99.9854	99.9859	0.9793	0.9873	0.00253	59	0.9922	601	0.070	0.9991	99.9630	99.9915	0.0097	0.54	AlfI:99.98,AloI:99.99,BcgI:99.99,FalI:99.99	8302	59	7111	1052	124.30508474576271	ok	99.9854	gamma	99.9768	ok
NZ_CP062708.1	NZ_CP062749.1	99.9863	99.9868	0.9819	0.9879	0.00244	52	0.9931	540	0.070	0.9992	99.9584	99.9938	0.0077	0.36	AlfI:99.98,AloI:99.99,BcgI:99.99,FalI:99.99	8234	52	7122	1052	140.07692307692307	ok	99.9863	gamma	99.9731	ok
NZ_CP062708.1	NZ_CP062752.1	99.9863	99.9868	0.9787	0.9867	0.00245	60	0.9921	602	0.070	0.9992	99.9606	99.9932	0.0078	0.40	AlfI:99.99,AloI:99.99,BcgI:99.99,FalI:99.99	8300	60	7109	1052	122.25	ok	99.9863	gamma	99.9749	ok
NZ_CP062708.1	NZ_CP062755.1	99.9855	99.9859	0.9820	0.9880	0.00253	62	0.9918	616	0.070	0.9991	99.9630	99.9915	0.0088	0.52	AlfI:99.99,AloI:99.99,BcgI:99.98,FalI:99.99	8305	62	7122	1052	118.61290322580645	ok	99.9855	gamma	99.9768	ok
NZ_CP062708.1	NZ_CP062761.1	99.9858	99.9863	0.9778	0.9881	0.00250	63	0.9917	618	0.070	0.9992	99.9559	99.9937	0.0079	0.30	AlfI:99.99,AloI:99.98,BcgI:99.99,FalI:99.98	8280	63	7090	1052	116.22222222222223	ok	99.9858	gamma	99.9711	ok
NZ_CP062708.1	NZ_CP062758.1	99.9849	99.9854	0.9805	0.9865	0.00257	61	0.9920	612	0.070	0.9991	99.9538	99.9932	0.0160	0.07	AlfI:99.98,AloI:100.00,BcgI:99.98,FalI:99.99	8307	61	7118	1052	120.47540983606558	ok	99.9849	gamma	99.9693	ok
NZ_CP062708.1	NZ_CP062763.1	99.9809	99.9818	0.9789	0.9874	0.00288	64	0.9915	621	0.070	0.9989	99.9467	99.9903	0.0095	0.20	AlfI:99.98,AloI:99.97,BcgI:99.98,FalI:99.98	8296	64	7098	1052	114.515625	ok	99.9809	gamma	99.9635	ok
NZ_CP062708.1	NZ_CP062766.1	99.9854	99.9859	0.9821	0.9881	0.00253	54	0.9929	599	0.070	0.9991	99.9607	99.9921	0.0110	0.89	AlfI:99.98,AloI:99.99,BcgI:99.99,FalI:99.99	8350	54	7122	1052	135.90740740740742	ok	99.9854	gamma	99.9750	ok
NZ_CP062708.1	NZ_CP062782.1	99.9849	99.9855	0.9882	0.9874	0.00256	55	0.9929	539	0.070	0.9991	99.9516	99.9938	0.0146	0.89	AlfI:99.99,AloI:99.97,BcgI:99.99,FalI:99.98	8304	55	7146	1052	132.83636363636364	ok	99.9849	gamma	99.9676	ok
NZ_CP062708.1	NZ_CP062769.1	99.9869	99.9872	0.9725	0.9820	0.00241	53	0.9929	481	0.070	0.9992	99.9698	99.9915	0.0063	0.25	AlfI:99.99,AloI:99.99,BcgI:99.99,FalI:99.99	8137	53	7086	1052	136.20754716981133	ok	99.9869	gamma	99.9821	ok
NZ_CP062708.1	NZ_CP062771.1	99.9859	99.9864	0.9821	0.9881	0.00249	58	0.9924	586	0.070	0.9992	99.9607	99.9926	0.0077	0.35	AlfI:99.98,AloI:99.99,BcgI:99.99,FalI:99.99	8282	58	7122	1052	126.3103448275862	ok	99.9859	gamma	99.9750	ok
NZ_CP062708.1	NZ_CP062774.1	99.9813	99.9823	0.9849	0.9866	0.00283	61	0.9921	603	0.070	0.9989	99.9400	99.9926	0.0156	0.78	AlfI:99.99,AloI:99.97,BcgI:99.98,FalI:99.97	8317	61	7133	1052	120.47540983606558	ok	99.9813	gamma	99.9579	ok
NZ_CP062711.1	NZ_CP062713.1	99.9986	99.9986	0.9889	0.9889	0.00077	57	0.9925	607	inf	0.9999	99.9931	99.9999	0.0018	0.03	AlfI:100.00,AloI:100.00,BcgI:100.00,FalI:100.00	8313	57	7125	1052	129	ok	99.9986	uniform	99.9981	ok
NZ_CP062711.1	NZ_CP062715.1	99.9848	99.9854	0.9817	0.9874	0.00258	60	0.9921	603	0.070	0.9991	99.9558	99.9926	0.0097	0.59	AlfI:99.98,AloI:99.99,BcgI:99.98,FalI:99.99	8271	60	7082	1052	121.8	ok	99.9848	gamma	99.9711	ok
NZ_CP062711.1	NZ_CP062717.1	99.9864	99.9868	0.9856	0.9875	0.00245	59	0.9922	601	0.070	0.9992	99.9630	99.9926	0.0084	0.41	AlfI:99.99,AloI:99.99,BcgI:99.99,FalI:99.99	8300	59	7111	1052	124.32203389830508	ok	99.9864	gamma	99.9768	ok
NZ_CP062711.1	NZ_CP062719.1	99.9820	99.9827	0.9883	0.9811	0.00280	56	0.9926	559	0.070	0.9990	99.9561	99.9893	0.0128	0.68	AlfI:99.98,AloI:99.97,BcgI:99.99,FalI:99.99	8277	56	7122	1052	130.375	ok	99.9820	gamma	99.9712	ok
NZ_CP062711.1	NZ_CP062721.1	99.9806	99.9814	0.9883	0.9811	0.00291	56	0.9926	559	0.070	0.9989	99.9538	99.9881	0.0103	0.48	AlfI:99.98,AloI:99.97,BcgI:99.98,FalI:99.98	8277	56	7122	1052	130.35714285714286	ok	99.9806	gamma	99.9694	ok
NZ_CP062711.1	NZ_CP062723.1	99.9868	99.9873	0.9856	0.9877	0.00240	60	0.9921	605	0.070	0.9992	99.9607	99.9938	0.0104	0.41	AlfI:99.99,AloI:99.99,BcgI:99.99,FalI:99.98	8299	60	7111	1051	122.28333333333333	ok	99.9868	gamma	99.9749	ok
NZ_CP062711.1	NZ_CP062725.1	99.9873	99.9877	0.9856	0.9881	0.00236	57	0.9925	599	0.070	0.9993	99.9630	99.9938	0.0070	0.31	AlfI:99.99,AloI:99.99,BcgI:99.99,FalI:99.99	8328	57	7111	1051	128.52631578947367	ok	99.9873	gamma	99.9768	ok
NZ_CP062711.1	NZ_CP062727.1	99.9873	99.9877	0.9884	0.9886	0.00236	60	0.9921	602	0.070	0.9993	99.9607	99.9943	0.0070	0.31	AlfI:99.99,AloI:99.99,BcgI:99.99,FalI:99.99	8303	60	7122	1052	122.43333333333334	ok	99.9873	gamma	99.9750	ok
NZ_CP062711.1	NZ_CP062729.1	99.9869	99.9873	0.9858	0.9881	0.00240	59	0.9922	601	0.070	0.9992	99.9630	99.9932	0.0084	0.39	AlfI:99.99,AloI:99.99,BcgI:99.99,FalI:99.99	8301	59	7111	1052	124.33898305084746	ok	99.9869	gamma	99.9768	ok
NZ_CP062711.1	NZ_CP062780.1	99.9874	99.9877	0.9851	0.9870	0.00236	59	0.9922	601	0.070	0.9993	99.9653	99.9932	0.0070	0.31	AlfI:99.99,AloI:99.99,BcgI:99.99,FalI:99.99	8301	59	7110	1052	124.28813559322033	ok	99.9874	gamma	99.9786	ok
NZ_CP062711.1	NZ_CP062731.1	99.9878	99.9882	0.9851	0.9870	0.00232	59	0.9922	601	0.070	0.9993	99.9676	99.9932	0.0070	0.30	AlfI:99.99,AloI:99.99,BcgI:99.99,FalI:99.99	8301	59	7110	1052	124.30508474576271	ok	99.9878	gamma	99.9804	ok
NZ_CP062711.1	NZ_CP062733.1	99.9878	99.9882	0.9851	0.9865	0.00232	59	0.9922	602	0.070	0.9993	99.9676	99.9932	0.0070	0.30	AlfI:99.99,AloI:99.99,BcgI:99.99,FalI:99.99	8302	59	7110	1052	124.28813559322033	ok	99.9878	gamma	99.9804	ok
NZ_CP062711.1	NZ_CP062739.1	99.9874	99.9877	0.9851	0.9864	0.00236	64	0.9918	1040	0.070	0.9993	99.9653	99.9932	0.0070	0.31	AlfI:99.99,AloI:99.99,BcgI:99.99,FalI:99.99	8570	64	7110	1052	118.53125	ok	99.9874	gamma	99.9786	ok
NZ_CP062711.1	NZ_CP062736.1	99.9878	99.9882	0.9851	0.9864	0.00232	59	0.9922	601	0.070	0.9993	99.9676	99.9932	0.0070	0.30	AlfI:99.99,AloI:99.99,BcgI:99.99,FalI:99.99	8301	59	7110	1052	124.30508474576271	ok	99.9878	gamma	99.9804	ok
NZ_CP062711.1	NZ_CP062742.1	99.9864	99.9868	0.9884	0.9886	0.00244	60	0.9921	603	0.070	0.9992	99.9607	99.9932	0.0084	0.63	AlfI:99.99,AloI:99.99,BcgI:99.99,FalI:99.99	8309	60	7122	1052	122.41666666666667	ok	99.9864	gamma	99.9750	ok
NZ_CP062711.1	NZ_CP062744.1	99.9854	99.9859	0.9851	0.9870	0.00253	59	0.9922	601	0.070	0.9991	99.9630	99.9915	0.0097	0.54	AlfI:99.98,AloI:99.99,BcgI:99.99,FalI:99.99	8302	59	7110	1052	124.27118644067797	ok	99.9854	gamma	99.9768	ok
NZ_CP062711.1	NZ_CP062746.1	99.9854	99.9859	0.9856	0.9873	0.00253	59	0.9922	601	0.070	0.9991	99.9630	99.9915	0.0097	0.54	AlfI:99.98,AloI:99.99,BcgI:99.99,FalI:99.99	8302	59	7111	1052	124.30508474576271	ok	99.9854	gamma	99.9768	ok
NZ_CP062711.1	NZ_CP062749.1	99.9863	99.9868	0.9882	0.9879	0.00244	52	0.9931	540	0.070	0.9992	99.9584	99.9938	0.0077	0.36	AlfI:99.98,AloI:99.99,BcgI:99.99,FalI:99.99	8234	52	7122	1052	140.07692307692307	ok	99.9863	gamma	99.9731	ok
NZ_CP062711.1	NZ_CP062752.1	99.9863	99.9868	0.9850	0.9867	0.00245	60	0.9921	602	0.070	0.9992	99.9606	99.9932	0.0078	0.40	AlfI:99.99,AloI:99.99,BcgI:99.99,FalI:99.99	8300	60	7109	1052	122.25	ok	99.9863	gamma	99.9749	ok
NZ_CP062711.1	NZ_CP062755.1	99.9855	99.9859	0.9883	0.9880	0.00253	62	0.9918	616	0.070	0.9991	99.9630	99.9915	0.0088	0.52	AlfI:99.99,AloI:99.99,BcgI:99.98,FalI:99.99	8305	62	7122	1052	118.61290322580645	ok	99.9855	gamma	99.9768	ok
NZ_CP062711.1	NZ_CP062761.1	99.9858	99.9863	0.9840	0.9881	0.00250	63	0.9917	618	0.070	0.9992	99.9559	99.9937	0.0079	0.30	AlfI:99.99,AloI:99.98,BcgI:99.99,FalI:99.98	8280	63	7090	1052	116.22222222222223	ok	99.9858	gamma	99.9711	ok
NZ_CP062711.1	NZ_CP062758.1	99.9849	99.9854	0.9867	0.9865	0.00257	61	0.9920	612	0.070	0.9991	99.9538	99.9932	0.0160	0.07	AlfI:99.98,AloI:100.00,BcgI:99.98,FalI:99.99	8307	61	7118	1052	120.47540983606558	ok	99.9849	gamma	99.9693	ok
NZ_CP062711.1	NZ_CP062763.1	99.9809	99.9818	0.9851	0.9874	0.00288	64	0.9915	621	0.070	0.9989	99.9467	99.9903	0.0095	0.20	AlfI:99.98,AloI:99.97,BcgI:99.98,FalI:99.98	8296	64	7098	1052	114.515625	ok	99.9809	gamma	99.9635	ok
NZ_CP062711.1	NZ_CP062766.1	99.9854	99.9859	0.9884	0.9881	0.00253	54	0.9929	599	0.070	0.9991	99.9607	99.9921	0.0110	0.89	AlfI:99.98,AloI:99.99,BcgI:99.99,FalI:99.99	8350	54	7122	1052	135.90740740740742	ok	99.9854	gamma	99.9750	ok
NZ_CP062711.1	NZ_CP062782.1	99.9886	99.9886	0.9884	0.9809	0.00227	54	0.9929	539	inf	0.9993	99.9607	99.9955	0.0069	0.38	AlfI:99.99,AloI:99.99,BcgI:99.99,FalI:99.99	8284	54	7122	1052	134.92592592592592	ok	99.9886	uniform	99.9750	ok
NZ_CP062711.1	NZ_CP062769.1	99.9869	99.9872	0.9787	0.9820	0.00241	53	0.9929	481	0.070	0.9992	99.9698	99.9915	0.0063	0.25	AlfI:99.99,AloI:99.99,BcgI:99.99,FalI:99.99	8137	53	7086	1052	136.20754716981133	ok	99.9869	gamma	99.9821	ok
NZ_CP062711.1	NZ_CP062771.1	99.9859	99.9864	0.9884	0.9881	0.00249	58	0.9924	586	0.070	0.9992	99.9607	99.9926	0.0077	0.35	AlfI:99.98,AloI:99.99,BcgI:99.99,FalI:99.99	8282	58	7122	1052	126.3103448275862	ok	99.9859	gamma	99.9750	ok
NZ_CP062711.1	NZ_CP062774.1	99.9838	99.9845	0.9850	0.9805	0.00265	60	0.9921	603	0.070	0.9991	99.9491	99.9932	0.0057	0.13	AlfI:99.99,AloI:99.98,BcgI:99.98,FalI:99.98	8297	60	7109	1052	122.15	ok	99.9838	gamma	99.9655	ok
NZ_CP062713.1	NZ_CP062715.1	99.9853	99.9858	0.9817	0.9874	0.00254	60	0.9921	603	0.070	0.9991	99.9582	99.9926	0.0098	0.54	AlfI:99.98,AloI:99.99,BcgI:99.99,FalI:99.99	8271	60	7080	1052	121.81666666666666	ok	99.9853	gamma	99.9730	ok
NZ_CP062713.1	NZ_CP062717.1	99.9859	99.9863	0.9856	0.9875	0.00249	59	0.9922	601	0.070	0.9992	99.9606	99.9926	0.0084	0.46	AlfI:99.99,AloI:99.99,BcgI:99.99,FalI:99.99	8300	59	7109	1052	124.30508474576271	ok	99.9859	gamma	99.9749	ok
NZ_CP062713.1	NZ_CP062719.1	99.9815	99.9823	0.9883	0.9811	0.00284	56	0.9926	559	0.070	0.9989	99.9538	99.9892	0.0128	0.58	AlfI:99.98,AloI:99.97,BcgI:99.98,FalI:99.99	8277	56	7120	1052	130.35714285714286	ok	99.9815	gamma	99.9694	ok
NZ_CP062713.1	NZ_CP062721.1	99.9811	99.9818	0.9883	0.9811	0.00287	56	0.9926	559	0.070	0.9989	99.9561	99.9881	0.0112	0.63	AlfI:99.98,AloI:99.97,BcgI:99.99,FalI:99.98	8277	56	7120	1052	130.375	ok	99.9811	gamma	99.9712	ok
NZ_CP062713.1	NZ_CP062723.1	99.9869	99.9873	0.9856	0.9877	0.00240	60	0.9921	605	0.070	0.9992	99.9630	99.9932	0.0104	0.41	AlfI:99.99,AloI:99.99,BcgI:99.99,FalI:99.98	8299	60	7109	1051	122.3	ok	99.9869	gamma	99.9768	ok
NZ_CP062713.1	NZ_CP062725.1	99.9878	99.9882	0.9856	0.9881	0.00232	57	0.9925	599	0.070	0.9993	99.9653	99.9938	0.0070	0.30	AlfI:99.99,AloI:99.99,BcgI:99.99,FalI:99.99	8328	57	7109	1051	128.5438596491228	ok	99.9878	gamma	99.9786	ok
NZ_CP062713.1	NZ_CP062727.1	99.9868	99.9873	0.9884	0.9886	0.00240	60	0.9921	602	0.070	0.9992	99.9584	99.9943	0.0070	0.34	AlfI:99.99,AloI:99.99,BcgI:99.99,FalI:99.99	8303	60	7120	1052	122.41666666666667	ok	99.9868	gamma	99.9731	ok
NZ_CP062713.1	NZ_CP062729.1	99.9863	99.9868	0.9858	0.9881	0.00245	59	0.9922	601	0.070	0.9992	99.9606	99.9932	0.0084	0.41	AlfI:99.99,AloI:99.99,BcgI:99.99,FalI:99.99	8301	59	7109	1052	124.32203389830508	ok	99.9863	gamma	99.9749	ok
NZ_CP062713.1	NZ_CP062780.1	99.9878	99.9882	0.9851	0.9870	0.00232	59	0.9922	601	0.070	0.9993	99.9676	99.9932	0.0070	0.30	AlfI:99.99,AloI:99.99,BcgI:99.99,FalI:99.99	8301	59	7108	1052	124.30508474576271	ok	99.9878	gamma	99.9804	ok
NZ_CP062713.1	NZ_CP062731.1	99.9873	99.9877	0.9851	0.9870	0.00236	59	0.9922	601	0.070	0.9993	99.9653	99.9932	0.0070	0.31	AlfI:99.99,AloI:99.99,BcgI:99.99,FalI:99.99	8301	59	7108	1052	124.28813559322033	ok	99.9873	gamma	99.9786	ok
NZ_CP062713.1	NZ_CP062733.1	99.9873	99.9877	0.9851	0.9865	0.00236	59	0.9922	602	0.070	0.9993	99.9653	99.9932	0.0070	0.31	AlfI:99.99,AloI:99.99,BcgI:99.99,FalI:99.99	8302	59	7108	1052	124.27118644067797	ok	99.9873	gamma	99.9786	ok
NZ_CP062713.1	NZ_CP062739.1	99.9878	99.9882	0.9851	0.9864	0.00232	64	0.9918	1040	0.070	0.9993	99.9676	99.9932	0.0070	0.30	AlfI:99.99,AloI:99.99,BcgI:99.99,FalI:99.99	8570	64	7108	1052	118.546875	ok	99.9878	gamma	99.9804	ok
NZ_CP062713.1	NZ_CP062736.1	99.9873	99.9877	0.9851	0.9864	0.00236	59	0.9922	601	0.070	0.9993	99.9653	99.9932	0.0070	0.31	AlfI:99.99,AloI:99.99,BcgI:99.99,FalI:99.99	8301	59	7108	1052	124.28813559322033	ok	99.9873	gamma	99.9786	ok
NZ_CP062713.1	NZ_CP062742.1	99.9859	99.9864	0.9884	0.9886	0.00249	60	0.9921	603	0.070	0.9992	99.9584	99.9932	0.0088	0.72	AlfI:99.99,AloI:99.99,BcgI:99.98,FalI:99.99	8309	60	7120	1052	122.4	ok	99.9859	gamma	99.9731	ok
NZ_CP062713.1	NZ_CP062744.1	99.9859	99.9863	0.9851	0.9870	0.00249	59	0.9922	601	0.070	0.9992	99.9653	99.9915	0.0097	0.52	AlfI:99.98,AloI:99.99,BcgI:99.99,FalI:99.99	8302	59	7108	1052	124.28813559322033	ok	99.9859	gamma	99.9786	ok
NZ_CP062713.1	NZ_CP062746.1	99.9859	99.9863	0.9856	0.9873	0.00249	59	0.9922	601	0.070	0.9992	99.9653	99.9915	0.0097	0.52	AlfI:99.98,AloI:99.99,BcgI:99.99,FalI:99.99	8302	59	7109	1052	124.32203389830508	ok	99.9859	gamma	99.9786	ok
NZ_CP062713.1	NZ_CP062749.1	99.9868	99.9873	0.9882	0.9879	0.00240	52	0.9931	540	0.070	0.9992	99.9607	99.9938	0.0077	0.40	AlfI:99.98,AloI:99.99,BcgI:99.99,FalI:99.99	8234	52	7120	1052	140.09615384615384	ok	99.9868	gamma	99.9750	ok
NZ_CP062713.1	NZ_CP062752.1	99.9858	99.9863	0.9850	0.9867	0.00249	60	0.9921	602	0.070	0.9992	99.9583	99.9932	0.0088	0.48	AlfI:99.99,AloI:99.99,BcgI:99.98,FalI:99.99	8300	60	7107	1052	122.23333333333333	ok	99.9858	gamma	99.9731	ok
NZ_CP062713.1	NZ_CP062755.1	99.9860	99.9864	0.9883	0.9880	0.00249	62	0.9918	616	0.070	0.9992	99.9653	99.9915	0.0084	0.46	AlfI:99.99,AloI:99.99,BcgI:99.99,FalI:99.99	8305	62	7120	1052	118.62903225806451	ok	99.9860	gamma	99.9786	ok
NZ_CP062713.1	NZ_CP062761.1	99.9853	99.9858	0.9840	0.9881	0.00254	63	0.9917	618	0.070	0.9991	99.9536	99.9937	0.0069	0.20	AlfI:99.99,AloI:99.98,BcgI:99.99,FalI:99.98	8280	63	7088	1052	116.2063492063492	ok	99.9853	gamma	99.9692	ok
NZ_CP062713.1	NZ_CP062758.1	99.9843	99.9850	0.9867	0.9865	0.00261	61	0.9920	612	0.070	0.9991	99.9514	99.9932	0.0169	0.10	AlfI:99.98,AloI:100.00,BcgI:99.98,FalI:99.99	8307	61	7116	1052	120.45901639344262	ok	99.9843	gamma	99.9674	ok
NZ_CP062713.1	NZ_CP062763.1	99.9814	99.9822	0.9851	0.9874	0.00285	64	0.9915	621	0.070	0.9989	99.9490	99.9903	0.0109	0.30	AlfI:99.99,AloI:99.97,BcgI:99.98,FalI:99.98	8296	64	7096	1052	114.515625	ok	99.9814	gamma	99.9654	ok
NZ_CP062713.1	NZ_CP062766.1	99.9859	99.9864	0.9884	0.9881	0.00249	54	0.9929	599	0.070	0.9992	99.9630	99.9921	0.0097	0.75	AlfI:99.98,AloI:99.99,BcgI:99.99,FalI:99.99	8350	54	7120	1052	135.88888888888889	ok	99.9859	gamma	99.9768	ok
NZ_CP062713.1	NZ_CP062782.1	99.9891	99.9891	0.9884	0.9809	0.00222	54	0.9929	539	inf	0.9993	99.9630	99.9955	0.0059	0.28	AlfI:99.99,AloI:99.99,BcgI:99.99,FalI:99.99	8284	54	7120	1052	134.94444444444446	ok	99.9891	uniform	99.9768	ok
NZ_CP062713.1	NZ_CP062769.1	99.9864	99.9868	0.9787	0.9820	0.00246	53	0.9929	481	0.070	0.9992	99.9675	99.9915	0.0064	0.25	AlfI:99.99,AloI:99.99,BcgI:99.99,FalI:99.99	8137	53	7084	1052	136.18867924528303	ok	99.9864	gamma	99.9803	ok
NZ_CP062713.1	NZ_CP062771.1	99.9864	99.9868	0.9884	0.9881	0.00244	58	0.9924	586	0.070	0.9992	99.9630	99.9926	0.0063	0.25	AlfI:99.99,AloI:99.99,BcgI:99.99,FalI:99.99	8282	58	7120	1052	126.29310344827586	ok	99.9864	gamma	99.9768	ok
NZ_CP062713.1	NZ_CP062774.1	99.9843	99.9850	0.9850	0.9805	0.00261	60	0.9921	603	0.070	0.9991	99.9514	99.9932	0.0057	0.11	AlfI:99.99,AloI:99.98,BcgI:99.98,FalI:99.98	8297	60	7107	1052	122.16666666666667	ok	99.9843	gamma	99.9674	ok
NZ_CP062715.1	NZ_CP062717.1	99.9995	99.9995	0.9867	0.9868	0.00045	61	0.9920	610	inf	1.0000	99.9977	99.9999	0.0008	0.00	AlfI:100.00,AloI:100.00,BcgI:100.00,FalI:100.00	8328	61	7102	1053	120.59016393442623	ok	99.9995	uniform	99.9999	ok
NZ_CP062715.1	NZ_CP062719.1	99.9828	99.9836	0.9860	0.9864	0.00273	62	0.9918	576	0.070	0.9990	99.9467	99.9926	0.0342	2.74	AlfI:99.98,AloI:99.96,BcgI:99.98,FalI:100.00	8271	62	7102	1053	117.69354838709677	ok	99.9828	gamma	99.9636	ok
NZ_CP062715.1	NZ_CP062721.1	99.9823	99.9831	0.9860	0.9864	0.00277	62	0.9918	576	0.070	0.9990	99.9490	99.9915	0.0258	0.77	AlfI:99.98,AloI:99.96,BcgI:99.98,FalI:99.99	8271	62	7102	1053	117.70967741935483	ok	99.9823	gamma	99.9655	ok
NZ_CP062715.1	NZ_CP062723.1	99.9959	99.9959	0.9791	0.9869	0.00135	63	0.9917	615	inf	0.9997	99.9860	99.9983	0.0056	0.34	AlfI:100.00,AloI:100.00,BcgI:99.99,FalI:100.00	8296	63	7068	1052	116.26984126984127	ok	99.9959	uniform	99.9939	ok
NZ_CP062715.1	NZ_CP062725.1	99.9892	99.9895	0.9858	0.9873	0.00218	61	0.9920	611	0.070	0.9994	99.9606	99.9966	0.0150	1.07	AlfI:99.99,AloI:99.98,BcgI:99.99,FalI:100.00	8347	61	7102	1052	120.27868852459017	ok	99.9892	gamma	99.9749	ok
NZ_CP062715.1	NZ_CP062727.1	99.9959	99.9959	0.9793	0.9873	0.00135	64	0.9915	615	inf	0.9997	99.9860	99.9983	0.0056	0.09	AlfI:100.00,AloI:100.00,BcgI:99.99,FalI:100.00	8278	64	7068	1053	114.40625	ok	99.9959	uniform	99.9939	ok
NZ_CP062715.1	NZ_CP062729.1	99.9973	99.9973	0.9793	0.9873	0.00110	62	0.9918	611	inf	0.9998	99.9884	99.9994	0.0037	0.06	AlfI:100.00,AloI:100.00,BcgI:100.00,FalI:100.00	8298	62	7068	1053	118.09677419354838	ok	99.9973	uniform	99.9954	ok
NZ_CP062715.1	NZ_CP062780.1	99.9986	99.9986	0.9786	0.9863	0.00078	62	0.9918	611	inf	0.9999	99.9953	99.9994	0.0018	0.03	AlfI:100.00,AloI:100.00,BcgI:100.00,FalI:100.00	8298	62	7067	1053	118.09677419354838	ok	99.9986	uniform	99.9992	ok
NZ_CP062715.1	NZ_CP062731.1	99.9982	99.9982	0.9786	0.9863	0.00090	62	0.9918	611	inf	0.9999	99.9930	99.9994	0.0028	0.17	AlfI:100.00,AloI:100.00,BcgI:100.00,FalI:100.00	8298	62	7067	1053	118.08064516129032	ok	99.9982	uniform	99.9981	ok
NZ_CP062715.1	NZ_CP062733.1	99.9982	99.9982	0.9787	0.9857	0.00090	62	0.9918	612	inf	0.9999	99.9930	99.9994	0.0028	0.17	AlfI:100.00,AloI:100.00,BcgI:100.00,FalI:100.00	8299	62	7067	1053	118.06451612903226	ok	99.9982	uniform	99.9981	ok
NZ_CP062715.1	NZ_CP062739.1	99.9986	99.9986	0.9787	0.9857	0.00078	67	0.9914	1051	inf	0.9999	99.9953	99.9994	0.0018	0.03	AlfI:100.00,AloI:100.00,BcgI:100.00,FalI:100.00	8550	67	7067	1053	113.01492537313433	ok	99.9986	uniform	99.9992	ok
NZ_CP062715.1	NZ_CP062736.1	99.9982	99.9982	0.9786	0.9857	0.00090	62	0.9918	611	inf	0.9999	99.9930	99.9994	0.0028	0.17	AlfI:100.00,AloI:100.00,BcgI:100.00,FalI:100.00	8298	62	7067	1053	118.08064516129032	ok	99.9982	uniform	99.9981	ok
NZ_CP062715.1	NZ_CP062742.1	99.9945	99.9945	0.9793	0.9873	0.00157	64	0.9915	613	inf	0.9997	99.9791	99.9983	0.0085	0.51	AlfI:100.00,AloI:100.00,BcgI:99.99,FalI:100.00	8295	64	7068	1053	114.359375	ok	99.9945	uniform	99.9891	ok
NZ_CP062715.1	NZ_CP062744.1	99.9986	99.9986	0.9787	0.9863	0.00078	62	0.9918	611	inf	0.9999	99.9953	99.9994	0.0018	0.03	AlfI:100.00,AloI:100.00,BcgI:100.00,FalI:100.00	8299	62	7067	1053	118.08064516129032	ok	99.9986	uniform	99.9992	ok
NZ_CP062715.1	NZ_CP062746.1	99.9977	99.9977	0.9791	0.9866	0.00101	62	0.9918	611	inf	0.9999	99.9907	99.9994	0.0028	0.00	AlfI:100.00,AloI:100.00,BcgI:100.00,FalI:100.00	8299	62	7068	1053	118.09677419354838	ok	99.9977	uniform	99.9968	ok
NZ_CP062715.1	NZ_CP062749.1	99.9936	99.9936	0.9791	0.9866	0.00170	56	0.9926	546	inf	0.9996	99.9814	99.9966	0.0080	0.04	AlfI:99.99,AloI:99.99,BcgI:99.99,FalI:100.00	8202	56	7068	1053	129.55357142857142	ok	99.9936	uniform	99.9907	ok
NZ_CP062715.1	NZ_CP062752.1	99.9936	99.9936	0.9785	0.9860	0.00170	63	0.9917	612	inf	0.9996	99.9814	99.9966	0.0094	0.35	AlfI:99.99,AloI:100.00,BcgI:99.99,FalI:100.00	8297	63	7066	1053	116.2063492063492	ok	99.9936	uniform	99.9907	ok
NZ_CP062715.1	NZ_CP062755.1	99.9927	99.9927	0.9792	0.9867	0.00182	63	0.9917	613	inf	0.9996	99.9814	99.9954	0.0127	0.17	AlfI:99.99,AloI:99.99,BcgI:99.99,FalI:100.00	8278	63	7068	1053	116.15873015873017	ok	99.9927	uniform	99.9907	ok
NZ_CP062715.1	NZ_CP062761.1	99.9823	99.9831	0.9854	0.9869	0.00277	66	0.9913	618	0.070	0.9990	99.9443	99.9926	0.0278	1.49	AlfI:99.99,AloI:99.96,BcgI:99.98,FalI:99.99	8314	66	7099	1053	111.16666666666667	ok	99.9823	gamma	99.9616	ok
NZ_CP062715.1	NZ_CP062758.1	99.9904	99.9904	0.9792	0.9864	0.00209	64	0.9915	614	inf	0.9994	99.9651	99.9966	0.0132	0.51	AlfI:99.99,AloI:99.99,BcgI:99.99,FalI:100.00	8292	64	7068	1053	114.359375	ok	99.9904	uniform	99.9785	ok
NZ_CP062715.1	NZ_CP062763.1	99.9963	99.9963	0.9787	0.9862	0.00127	66	0.9913	626	inf	0.9998	99.9860	99.9989	0.0063	0.24	AlfI:100.00,AloI:99.99,BcgI:100.00,FalI:100.00	8298	66	7065	1053	110.95454545454545	ok	99.9963	uniform	99.9939	ok
NZ_CP062715.1	NZ_CP062766.1	99.9936	99.9936	0.9793	0.9868	0.00170	59	0.9922	610	inf	0.9996	99.9791	99.9972	0.0085	0.07	AlfI:99.99,AloI:100.00,BcgI:99.99,FalI:100.00	8317	59	7068	1053	123.94915254237289	ok	99.9936	uniform	99.9891	ok
NZ_CP062715.1	NZ_CP062782.1	99.9868	99.9868	0.9860	0.9796	0.00245	60	0.9921	620	inf	0.9992	99.9536	99.9949	0.0111	0.99	AlfI:99.99,AloI:99.98,BcgI:99.98,FalI:99.99	8341	60	7102	1053	122.16666666666667	ok	99.9868	uniform	99.9693	ok
NZ_CP062715.1	NZ_CP062769.1	99.9872	99.9876	0.9768	0.9874	0.00237	58	0.9922	490	0.070	0.9992	99.9581	99.9949	0.0216	1.60	AlfI:99.99,AloI:99.97,BcgI:99.99,FalI:100.00	8128	58	7069	1053	124.32758620689656	ok	99.9872	gamma	99.9729	ok
NZ_CP062715.1	NZ_CP062771.1	99.9857	99.9863	0.9860	0.9863	0.00249	65	0.9914	601	0.070	0.9992	99.9513	99.9949	0.0214	1.91	AlfI:99.99,AloI:99.97,BcgI:99.98,FalI:100.00	8274	65	7102	1053	112.66153846153846	ok	99.9857	gamma	99.9674	ok
NZ_CP062715.1	NZ_CP062774.1	99.9922	99.9922	0.9786	0.9798	0.00188	63	0.9917	613	inf	0.9995	99.9744	99.9966	0.0086	0.64	AlfI:99.99,AloI:99.99,BcgI:99.99,FalI:100.00	8294	63	7066	1053	116.14285714285714	ok	99.9922	uniform	99.9856	ok
NZ_CP062717.1	NZ_CP062719.1	99.9834	99.9841	0.9860	0.9864	0.00268	62	0.9918	575	0.070	0.9990	99.9492	99.9927	0.0340	2.62	AlfI:99.98,AloI:99.96,BcgI:99.98,FalI:100.00	8300	62	7133	1053	118.12903225806451	ok	99.9834	gamma	99.9656	ok
NZ_CP062717.1	NZ_CP062721.1	99.9819	99.9827	0.9860	0.9864	0.00280	62	0.9918	575	0.070	0.9990	99.9469	99.9915	0.0256	0.75	AlfI:99.98,AloI:99.96,BcgI:99.98,FalI:99.99	8300	62	7133	1053	118.11290322580645	ok	99.9819	gamma	99.9637	ok
NZ_CP062717.1	NZ_CP062723.1	99.9959	99.9959	0.9792	0.9869	0.00135	63	0.9917	614	inf	0.9998	99.9838	99.9989	0.0056	0.34	AlfI:100.00,AloI:100.00,BcgI:99.99,FalI:100.00	8330	63	7099	1052	116.68253968253968	ok	99.9959	uniform	99.9924	ok
NZ_CP062717.1	NZ_CP062725.1	99.9887	99.9891	0.9859	0.9873	0.00222	61	0.9920	610	0.070	0.9993	99.9585	99.9966	0.0149	1.24	AlfI:99.99,AloI:99.98,BcgI:99.99,FalI:100.00	8381	61	7133	1052	120.70491803278688	ok	99.9887	gamma	99.9732	ok
NZ_CP062717.1	NZ_CP062727.1	99.9964	99.9964	0.9793	0.9873	0.00127	64	0.9916	614	inf	0.9998	99.9884	99.9983	0.0046	0.02	AlfI:100.00,AloI:100.00,BcgI:100.00,FalI:100.00	8307	64	7099	1053	114.828125	ok	99.9964	uniform	99.9954	ok
NZ_CP062717.1	NZ_CP062729.1	99.9977	99.9977	0.9793	0.9873	0.00100	62	0.9918	610	inf	0.9999	99.9907	99.9994	0.0027	0.00	AlfI:100.00,AloI:100.00,BcgI:100.00,FalI:100.00	8332	62	7099	1053	118.54838709677419	ok	99.9977	uniform	99.9968	ok
NZ_CP062717.1	NZ_CP062780.1	99.9982	99.9982	0.9787	0.9863	0.00090	62	0.9918	610	inf	0.9999	99.9930	99.9994	0.0027	0.17	AlfI:100.00,AloI:100.00,BcgI:100.00,FalI:100.00	8332	62	7098	1053	118.51612903225806	ok	99.9982	uniform	99.9981	ok
NZ_CP062717.1	NZ_CP062731.1	99.9986	99.9986	0.9787	0.9863	0.00078	62	0.9918	610	inf	0.9999	99.9954	99.9994	0.0018	0.03	AlfI:100.00,AloI:100.00,BcgI:100.00,FalI:100.00	8332	62	7098	1053	118.53225806451613	ok	99.9986	uniform	99.9992	ok
NZ_CP062717.1	NZ_CP062733.1	99.9986	99.9986	0.9788	0.9857	0.00078	62	0.9918	611	inf	0.9999	99.9954	99.9994	0.0018	0.03	AlfI:100.00,AloI:100.00,BcgI:100.00,FalI:100.00	8333	62	7098	1053	118.51612903225806	ok	99.9986	uniform	99.9992	ok
NZ_CP062717.1	NZ_CP062739.1	99.9982	99.9982	0.9787	0.9857	0.00090	67	0.9914	1047	inf	0.9999	99.9930	99.9994	0.0027	0.17	AlfI:100.00,AloI:100.00,BcgI:100.00,FalI:100.00	8579	67	7098	1053	113.35820895522389	ok	99.9982	uniform	99.9981	ok
NZ_CP062717.1	NZ_CP062736.1	99.9986	99.9986	0.9787	0.9857	0.00078	62	0.9918	610	inf	0.9999	99.9954	99.9994	0.0018	0.03	AlfI:100.00,AloI:100.00,BcgI:100.00,FalI:100.00	8332	62	7098	1053	118.53225806451613	ok	99.9986	uniform	99.9992	ok
NZ_CP062717.1	NZ_CP062742.1	99.9950	99.9950	0.9793	0.9873	0.00149	64	0.9916	612	inf	0.9997	99.9815	99.9983	0.0075	0.34	AlfI:100.00,AloI:100.00,BcgI:99.99,FalI:100.00	8329	64	7099	1053	114.796875	ok	99.9950	uniform	99.9908	ok
NZ_CP062717.1	NZ_CP062744.1	99.9982	99.9982	0.9787	0.9863	0.00090	62	0.9918	610	inf	0.9999	99.9930	99.9994	0.0027	0.17	AlfI:100.00,AloI:100.00,BcgI:100.00,FalI:100.00	8333	62	7098	1053	118.5	ok	99.9982	uniform	99.9981	ok
NZ_CP062717.1	NZ_CP062746.1	99.9973	99.9973	0.9792	0.9866	0.00110	62	0.9918	610	inf	0.9998	99.9884	99.9994	0.0037	0.06	AlfI:100.00,AloI:100.00,BcgI:100.00,FalI:100.00	8333	62	7099	1053	118.51612903225806	ok	99.9973	uniform	99.9954	ok
NZ_CP062717.1	NZ_CP062749.1	99.9932	99.9932	0.9792	0.9866	0.00175	56	0.9926	545	inf	0.9996	99.9791	99.9966	0.0080	0.02	AlfI:99.99,AloI:99.99,BcgI:99.99,FalI:100.00	8231	56	7099	1053	130	ok	99.9932	uniform	99.9891	ok
NZ_CP062717.1	NZ_CP062752.1	99.9941	99.9941	0.9786	0.9860	0.00163	63	0.9917	611	inf	0.9996	99.9838	99.9966	0.0084	0.22	AlfI:99.99,AloI:100.00,BcgI:99.99,FalI:100.00	8331	63	7097	1053	116.65079365079364	ok	99.9941	uniform	99.9924	ok
NZ_CP062717.1	NZ_CP062755.1	99.9923	99.9923	0.9793	0.9867	0.00187	63	0.9917	612	inf	0.9995	99.9791	99.9955	0.0126	0.23	AlfI:99.99,AloI:99.99,BcgI:99.99,FalI:100.00	8307	63	7099	1053	116.55555555555556	ok	99.9923	uniform	99.9891	ok
NZ_CP062717.1	NZ_CP062761.1	99.9828	99.9836	0.9817	0.9868	0.00273	67	0.9911	618	0.070	0.9990	99.9467	99.9926	0.0278	1.36	AlfI:99.99,AloI:99.96,BcgI:99.98,FalI:99.99	8321	67	7101	1053	109.50746268656717	ok	99.9828	gamma	99.9636	ok
NZ_CP062717.1	NZ_CP062758.1	99.9909	99.9909	0.9793	0.9864	0.00203	64	0.9916	613	inf	0.9994	99.9675	99.9966	0.0122	0.37	AlfI:99.99,AloI:99.99,BcgI:99.99,FalI:100.00	8326	64	7099	1053	114.796875	ok	99.9909	uniform	99.9804	ok
NZ_CP062717.1	NZ_CP062763.1	99.9945	99.9945	0.9760	0.9862	0.00157	68	0.9910	627	0.070	0.9997	99.9861	99.9966	0.0084	1.02	AlfI:100.00,AloI:99.99,BcgI:99.99,FalI:100.00	8315	68	7075	1053	107.79411764705883	ok	99.9945	gamma	99.9939	ok
NZ_CP062717.1	NZ_CP062766.1	99.9941	99.9941	0.9793	0.9869	0.00163	59	0.9922	609	inf	0.9996	99.9815	99.9972	0.0075	0.02	AlfI:99.99,AloI:100.00,BcgI:99.99,FalI:100.00	8346	59	7099	1053	124.40677966101696	ok	99.9941	uniform	99.9908	ok
NZ_CP062717.1	NZ_CP062782.1	99.9864	99.9864	0.9861	0.9796	0.00248	60	0.9921	619	inf	0.9992	99.9515	99.9949	0.0110	1.15	AlfI:99.99,AloI:99.98,BcgI:99.98,FalI:99.99	8375	60	7133	1053	122.6	ok	99.9864	uniform	99.9675	ok
NZ_CP062717.1	NZ_CP062769.1	99.9872	99.9877	0.9768	0.9874	0.00236	58	0.9923	488	0.070	0.9993	99.9560	99.9955	0.0214	1.44	AlfI:99.99,AloI:99.97,BcgI:99.99,FalI:100.00	8157	58	7100	1053	124.79310344827586	ok	99.9872	gamma	99.9712	ok
NZ_CP062717.1	NZ_CP062771.1	99.9863	99.9868	0.9860	0.9863	0.00244	65	0.9914	600	0.070	0.9992	99.9538	99.9949	0.0213	1.73	AlfI:99.99,AloI:99.97,BcgI:99.98,FalI:100.00	8303	65	7133	1053	113.07692307692308	ok	99.9863	gamma	99.9694	ok
NZ_CP062717.1	NZ_CP062774.1	99.9918	99.9918	0.9786	0.9798	0.00193	63	0.9917	612	inf	0.9995	99.9722	99.9966	0.0086	0.81	AlfI:99.99,AloI:99.99,BcgI:99.99,FalI:100.00	8328	63	7097	1053	116.55555555555556	ok	99.9918	uniform	99.9839	ok
NZ_CP062719.1	NZ_CP062721.1	99.9986	99.9986	0.9881	0.9881	0.00077	56	0.9926	564	0.070	0.9999	99.9977	99.9989	0.0082	0.52	AlfI:100.00,AloI:100.00,BcgI:100.00,FalI:99.99	8311	56	7141	1053	131.01785714285714	ok	99.9986	gamma	99.9999	ok
NZ_CP062719.1	NZ_CP062723.1	99.9918	99.9918	0.9783	0.9876	0.00192	64	0.9915	595	inf	0.9995	99.9815	99.9943	0.0085	0.37	AlfI:99.99,AloI:99.99,BcgI:99.99,FalI:100.00	8278	64	7100	1052	114.453125	ok	99.9918	uniform	99.9908	ok
NZ_CP062719.1	NZ_CP062725.1	99.9879	99.9882	0.9849	0.9880	0.00231	63	0.9917	610	0.070	0.9993	99.9723	99.9921	0.0150	0.22	AlfI:99.99,AloI:99.99,BcgI:99.98,FalI:100.00	8355	63	7127	1052	116.7936507936508	ok	99.9879	gamma	99.9840	ok
NZ_CP062719.1	NZ_CP062727.1	99.9905	99.9905	0.9810	0.9884	0.00208	58	0.9924	581	inf	0.9994	99.9769	99.9938	0.0190	0.41	AlfI:99.99,AloI:99.98,BcgI:99.99,FalI:100.00	8284	58	7111	1053	126.27586206896552	ok	99.9905	uniform	99.9874	ok
NZ_CP062719.1	NZ_CP062729.1	99.9936	99.9936	0.9783	0.9878	0.00169	63	0.9917	591	inf	0.9996	99.9884	99.9949	0.0126	0.27	AlfI:99.99,AloI:99.99,BcgI:99.99,FalI:100.00	8280	63	7100	1053	116.25396825396825	ok	99.9936	uniform	99.9954	ok
NZ_CP062719.1	NZ_CP062780.1	99.9923	99.9923	0.9779	0.9870	0.00187	63	0.9917	591	inf	0.9995	99.9815	99.9949	0.0126	0.13	AlfI:99.99,AloI:99.99,BcgI:99.99,FalI:100.00	8280	63	7099	1053	116.19047619047619	ok	99.9923	uniform	99.9908	ok
NZ_CP062719.1	NZ_CP062731.1	99.9927	99.9927	0.9779	0.9870	0.00181	63	0.9917	591	inf	0.9996	99.9838	99.9949	0.0126	0.24	AlfI:99.99,AloI:99.99,BcgI:99.99,FalI:100.00	8280	63	7099	1053	116.2063492063492	ok	99.9927	uniform	99.9924	ok
NZ_CP062719.1	NZ_CP062733.1	99.9932	99.9932	0.9779	0.9864	0.00175	63	0.9917	591	inf	0.9996	99.9838	99.9955	0.0126	0.40	AlfI:99.99,AloI:99.99,BcgI:99.99,FalI:100.00	8281	63	7099	1053	116.19047619047619	ok	99.9932	uniform	99.9924	ok
NZ_CP062719.1	NZ_CP062739.1	99.9923	99.9923	0.9779	0.9863	0.00187	70	0.9910	1035	inf	0.9995	99.9815	99.9949	0.0126	0.13	AlfI:99.99,AloI:99.99,BcgI:99.99,FalI:100.00	8547	70	7099	1053	108.24285714285715	ok	99.9923	uniform	99.9908	ok
NZ_CP062719.1	NZ_CP062736.1	99.9927	99.9927	0.9779	0.9864	0.00181	63	0.9917	591	inf	0.9996	99.9838	99.9949	0.0126	0.24	AlfI:99.99,AloI:99.99,BcgI:99.99,FalI:100.00	8280	63	7099	1053	116.2063492063492	ok	99.9927	uniform	99.9924	ok
NZ_CP062719.1	NZ_CP062742.1	99.9914	99.9914	0.9810	0.9884	0.00198	59	0.9922	581	inf	0.9995	99.9769	99.9949	0.0190	0.44	AlfI:99.99,AloI:99.98,BcgI:99.99,FalI:100.00	8286	59	7111	1053	124.11864406779661	ok	99.9914	uniform	99.9874	ok
NZ_CP062719.1	NZ_CP062744.1	99.9923	99.9923	0.9779	0.9870	0.00187	63	0.9917	591	inf	0.9995	99.9815	99.9949	0.0126	0.13	AlfI:99.99,AloI:99.99,BcgI:99.99,FalI:100.00	8281	63	7099	1053	116.17460317460318	ok	99.9923	uniform	99.9908	ok
NZ_CP062719.1	NZ_CP062746.1	99.9932	99.9932	0.9783	0.9873	0.00175	63	0.9917	591	inf	0.9996	99.9861	99.9949	0.0126	0.16	AlfI:99.99,AloI:99.99,BcgI:99.99,FalI:100.00	8281	63	7100	1053	116.22222222222223	ok	99.9932	uniform	99.9939	ok
NZ_CP062719.1	NZ_CP062749.1	99.9914	99.9914	0.9809	0.9878	0.00198	57	0.9925	546	inf	0.9995	99.9792	99.9943	0.0106	0.12	AlfI:99.99,AloI:99.99,BcgI:99.99,FalI:100.00	8234	57	7110	1053	127.87719298245614	ok	99.9914	uniform	99.9891	ok
NZ_CP062719.1	NZ_CP062752.1	99.9900	99.9900	0.9778	0.9867	0.00213	64	0.9915	592	inf	0.9994	99.9815	99.9921	0.0126	0.02	AlfI:99.99,AloI:99.99,BcgI:99.99,FalI:100.00	8279	64	7098	1053	114.421875	ok	99.9900	uniform	99.9908	ok
NZ_CP062719.1	NZ_CP062755.1	99.9873	99.9873	0.9810	0.9878	0.00240	58	0.9923	580	inf	0.9992	99.9722	99.9909	0.0317	0.59	AlfI:99.99,AloI:99.97,BcgI:99.99,FalI:100.00	8284	58	7111	1053	126.24137931034483	ok	99.9873	uniform	99.9840	ok
NZ_CP062719.1	NZ_CP062761.1	99.9863	99.9863	0.9835	0.9879	0.00249	62	0.9918	589	inf	0.9992	99.9653	99.9915	0.0237	0.80	AlfI:99.99,AloI:99.97,BcgI:99.99,FalI:99.99	8281	62	7107	1053	118.01612903225806	ok	99.9863	uniform	99.9786	ok
NZ_CP062719.1	NZ_CP062758.1	99.9859	99.9859	0.9809	0.9875	0.00253	60	0.9921	588	inf	0.9991	99.9607	99.9921	0.0253	0.22	AlfI:99.99,AloI:99.97,BcgI:99.98,FalI:100.00	8283	60	7111	1053	122.11666666666666	ok	99.9859	uniform	99.9749	ok
NZ_CP062719.1	NZ_CP062763.1	99.9883	99.9886	0.9777	0.9873	0.00228	62	0.9918	592	0.070	0.9993	99.9745	99.9921	0.0255	0.41	AlfI:99.99,AloI:99.97,BcgI:99.99,FalI:100.00	8272	62	7087	1053	117.79032258064517	ok	99.9883	gamma	99.9857	ok
NZ_CP062719.1	NZ_CP062766.1	99.9909	99.9909	0.9808	0.9879	0.00203	60	0.9921	608	inf	0.9994	99.9838	99.9926	0.0126	0.05	AlfI:99.99,AloI:99.99,BcgI:99.99,FalI:100.00	8348	60	7110	1053	122.45	ok	99.9909	uniform	99.9924	ok
NZ_CP062719.1	NZ_CP062782.1	99.9878	99.9878	0.9875	0.9804	0.00235	58	0.9924	605	inf	0.9993	99.9746	99.9910	0.0107	0.34	AlfI:99.99,AloI:99.98,BcgI:99.99,FalI:99.99	8354	58	7138	1053	126.79310344827586	ok	99.9878	uniform	99.9858	ok
NZ_CP062719.1	NZ_CP062769.1	99.9869	99.9873	0.9785	0.9887	0.00240	57	0.9924	466	0.070	0.9992	99.9699	99.9915	0.0160	0.18	AlfI:99.99,AloI:99.99,BcgI:99.98,FalI:100.00	8140	57	7106	1053	126.85964912280701	ok	99.9869	gamma	99.9822	ok
NZ_CP062719.1	NZ_CP062771.1	99.9900	99.9900	0.9874	0.9879	0.00212	61	0.9920	592	inf	0.9994	99.9723	99.9944	0.0126	0.02	AlfI:99.99,AloI:99.99,BcgI:99.99,FalI:100.00	8308	61	7137	1053	120.59016393442623	ok	99.9900	uniform	99.9840	ok
NZ_CP062719.1	NZ_CP062774.1	99.9882	99.9882	0.9778	0.9805	0.00232	64	0.9915	592	inf	0.9993	99.9699	99.9926	0.0213	1.31	AlfI:99.99,AloI:99.97,BcgI:99.99,FalI:100.00	8276	64	7098	1053	114.328125	ok	99.9882	uniform	99.9822	ok
NZ_CP062721.1	NZ_CP062723.1	99.9898	99.9900	0.9783	0.9876	0.00213	64	0.9915	595	0.070	0.9994	99.9792	99.9926	0.0033	0.09	AlfI:99.99,AloI:99.99,BcgI:99.99,FalI:99.99	8277	64	7102	1052	114.453125	ok	99.9898	gamma	99.9891	ok
NZ_CP062721.1	NZ_CP062725.1	99.9865	99.9868	0.9849	0.9880	0.00244	63	0.9917	610	0.070	0.9992	99.9700	99.9910	0.0067	0.32	AlfI:99.99,AloI:99.99,BcgI:99.98,FalI:99.99	8355	63	7129	1052	116.80952380952381	ok	99.9865	gamma	99.9823	ok
NZ_CP062721.1	NZ_CP062727.1	99.9879	99.9882	0.9810	0.9884	0.00231	58	0.9924	581	0.070	0.9993	99.9699	99.9926	0.0107	0.36	AlfI:99.99,AloI:99.98,BcgI:99.99,FalI:99.99	8284	58	7113	1053	126.25862068965517	ok	99.9879	gamma	99.9822	ok
NZ_CP062721.1	NZ_CP062729.1	99.9912	99.9914	0.9783	0.9878	0.00198	63	0.9917	591	0.070	0.9995	99.9815	99.9938	0.0052	0.14	AlfI:99.99,AloI:99.99,BcgI:99.99,FalI:99.99	8280	63	7102	1053	116.23809523809524	ok	99.9912	gamma	99.9908	ok
NZ_CP062721.1	NZ_CP062780.1	99.9907	99.9909	0.9779	0.9870	0.00203	63	0.9917	591	0.070	0.9994	99.9792	99.9938	0.0052	0.22	AlfI:99.99,AloI:99.99,BcgI:99.99,FalI:99.99	8280	63	7101	1053	116.2063492063492	ok	99.9907	gamma	99.9891	ok
NZ_CP062721.1	NZ_CP062731.1	99.9902	99.9904	0.9779	0.9870	0.00208	63	0.9917	591	0.070	0.9994	99.9768	99.9938	0.0043	0.13	AlfI:99.99,AloI:99.99,BcgI:99.99,FalI:99.99	8280	63	7101	1053	116.19047619047619	ok	99.9902	gamma	99.9874	ok
NZ_CP062721.1	NZ_CP062733.1	99.9907	99.9909	0.9779	0.9864	0.00203	63	0.9917	591	0.070	0.9994	99.9768	99.9943	0.0052	0.22	AlfI:99.99,AloI:99.99,BcgI:99.99,FalI:99.99	8281	63	7101	1053	116.17460317460318	ok	99.9907	gamma	99.9874	ok
NZ_CP062721.1	NZ_CP062739.1	99.9907	99.9909	0.9779	0.9863	0.00203	70	0.9910	1035	0.070	0.9994	99.9792	99.9938	0.0052	0.22	AlfI:99.99,AloI:99.99,BcgI:99.99,FalI:99.99	8547	70	7101	1053	108.25714285714285	ok	99.9907	gamma	99.9891	ok
NZ_CP062721.1	NZ_CP062736.1	99.9902	99.9904	0.9779	0.9864	0.00208	63	0.9917	591	0.070	0.9994	99.9768	99.9938	0.0043	0.13	AlfI:99.99,AloI:99.99,BcgI:99.99,FalI:99.99	8280	63	7101	1053	116.19047619047619	ok	99.9902	gamma	99.9874	ok
NZ_CP062721.1	NZ_CP062742.1	99.9888	99.9891	0.9810	0.9884	0.00222	59	0.9922	581	0.070	0.9993	99.9699	99.9938	0.0107	0.33	AlfI:99.99,AloI:99.98,BcgI:99.99,FalI:99.99	8286	59	7113	1053	124.10169491525424	ok	99.9888	gamma	99.9822	ok
NZ_CP062721.1	NZ_CP062744.1	99.9907	99.9909	0.9779	0.9870	0.00203	63	0.9917	591	0.070	0.9994	99.9792	99.9938	0.0052	0.22	AlfI:99.99,AloI:99.99,BcgI:99.99,FalI:99.99	8281	63	7101	1053	116.19047619047619	ok	99.9907	gamma	99.9891	ok
NZ_CP062721.1	NZ_CP062746.1	99.9917	99.9918	0.9783	0.9873	0.00192	63	0.9917	591	0.070	0.9995	99.9838	99.9938	0.0061	0.25	AlfI:99.99,AloI:99.99,BcgI:99.99,FalI:99.99	8281	63	7102	1053	116.23809523809524	ok	99.9917	gamma	99.9924	ok
NZ_CP062721.1	NZ_CP062749.1	99.9898	99.9900	0.9809	0.9878	0.00213	57	0.9925	546	0.070	0.9994	99.9769	99.9932	0.0057	0.23	AlfI:99.99,AloI:99.99,BcgI:99.99,FalI:99.99	8234	57	7112	1053	127.89473684210526	ok	99.9898	gamma	99.9875	ok
NZ_CP062721.1	NZ_CP062752.1	99.9874	99.9877	0.9778	0.9867	0.00236	64	0.9915	592	0.070	0.9993	99.9745	99.9909	0.0049	0.17	AlfI:99.99,AloI:99.99,BcgI:99.99,FalI:99.99	8279	64	7100	1053	114.40625	ok	99.9874	gamma	99.9857	ok
NZ_CP062721.1	NZ_CP062755.1	99.9855	99.9859	0.9810	0.9878	0.00253	58	0.9924	580	0.070	0.9991	99.9699	99.9898	0.0234	0.85	AlfI:99.99,AloI:99.97,BcgI:99.99,FalI:99.99	8284	58	7113	1053	126.25862068965517	ok	99.9855	gamma	99.9822	ok
NZ_CP062721.1	NZ_CP062761.1	99.9835	99.9841	0.9835	0.9879	0.00269	62	0.9918	589	0.070	0.9990	99.9583	99.9904	0.0179	0.50	AlfI:99.99,AloI:99.97,BcgI:99.99,FalI:99.98	8280	62	7109	1053	117.98387096774194	ok	99.9835	gamma	99.9731	ok
NZ_CP062721.1	NZ_CP062758.1	99.9829	99.9836	0.9809	0.9875	0.00273	60	0.9921	588	0.070	0.9990	99.9537	99.9909	0.0170	0.74	AlfI:99.98,AloI:99.97,BcgI:99.98,FalI:99.99	8283	60	7113	1053	122.1	ok	99.9829	gamma	99.9693	ok
NZ_CP062721.1	NZ_CP062763.1	99.9859	99.9863	0.9777	0.9872	0.00250	62	0.9918	592	0.070	0.9992	99.9675	99.9909	0.0172	0.57	AlfI:99.99,AloI:99.97,BcgI:99.99,FalI:99.99	8272	62	7089	1053	117.7741935483871	ok	99.9859	gamma	99.9804	ok
NZ_CP062721.1	NZ_CP062766.1	99.9884	99.9886	0.9808	0.9879	0.00227	60	0.9921	608	0.070	0.9993	99.9769	99.9915	0.0043	0.10	AlfI:99.99,AloI:99.99,BcgI:99.99,FalI:99.99	8348	60	7112	1053	122.43333333333334	ok	99.9884	gamma	99.9875	ok
NZ_CP062721.1	NZ_CP062782.1	99.9861	99.9864	0.9875	0.9804	0.00248	58	0.9924	605	0.070	0.9992	99.9723	99.9899	0.0070	0.18	AlfI:99.99,AloI:99.98,BcgI:99.99,FalI:99.98	8354	58	7140	1053	126.8103448275862	ok	99.9861	gamma	99.9840	ok
NZ_CP062721.1	NZ_CP062769.1	99.9845	99.9850	0.9785	0.9887	0.00261	57	0.9924	466	0.070	0.9991	99.9630	99.9904	0.0096	0.62	AlfI:99.99,AloI:99.99,BcgI:99.98,FalI:99.99	8140	57	7108	1053	126.84210526315789	ok	99.9845	gamma	99.9768	ok
NZ_CP062721.1	NZ_CP062771.1	99.9874	99.9878	0.9874	0.9879	0.00235	61	0.9920	592	0.070	0.9993	99.9654	99.9932	0.0048	0.17	AlfI:99.99,AloI:99.99,BcgI:99.99,FalI:99.99	8308	61	7139	1053	120.57377049180327	ok	99.9874	gamma	99.9787	ok
NZ_CP062721.1	NZ_CP062774.1	99.9864	99.9868	0.9778	0.9805	0.00245	64	0.9915	592	0.070	0.9992	99.9676	99.9915	0.0134	0.35	AlfI:99.99,AloI:99.97,BcgI:99.99,FalI:99.99	8276	64	7100	1053	114.34375	ok	99.9864	gamma	99.9804	ok
NZ_CP062723.1	NZ_CP062725.1	99.9959	99.9959	0.9874	0.9878	0.00134	60	0.9921	612	inf	0.9998	99.9815	99.9994	0.0056	0.34	AlfI:100.00,AloI:100.00,BcgI:99.99,FalI:100.00	8364	60	7109	1052	122.43333333333334	ok	99.9959	uniform	99.9908	ok
NZ_CP062723.1	NZ_CP062727.1	99.9923	99.9923	0.9876	0.9882	0.00187	64	0.9916	617	inf	0.9995	99.9630	99.9994	0.0094	0.36	AlfI:99.99,AloI:100.00,BcgI:99.99,FalI:100.00	8306	64	7109	1052	114.84375	ok	99.9923	uniform	99.9768	ok
NZ_CP062723.1	NZ_CP062729.1	99.9945	99.9945	0.9876	0.9882	0.00156	62	0.9918	613	inf	0.9997	99.9745	99.9994	0.0065	0.09	AlfI:99.99,AloI:100.00,BcgI:99.99,FalI:100.00	8340	62	7109	1056	118.64516129032258	ok	99.9945	uniform	99.9857	ok
NZ_CP062723.1	NZ_CP062780.1	99.9945	99.9945	0.9870	0.9872	0.00156	62	0.9918	613	inf	0.9997	99.9792	99.9983	0.0065	0.09	AlfI:99.99,AloI:100.00,BcgI:99.99,FalI:100.00	8341	62	7108	1057	118.66129032258064	ok	99.9945	uniform	99.9891	ok
NZ_CP062723.1	NZ_CP062731.1	99.9945	99.9945	0.9870	0.9872	0.00156	62	0.9918	613	inf	0.9997	99.9769	99.9989	0.0065	0.09	AlfI:99.99,AloI:100.00,BcgI:99.99,FalI:100.00	8341	62	7108	1057	118.64516129032258	ok	99.9945	uniform	99.9874	ok
NZ_CP062723.1	NZ_CP062733.1	99.9945	99.9945	0.9870	0.9866	0.00156	62	0.9918	614	inf	0.9997	99.9769	99.9989	0.0065	0.09	AlfI:99.99,AloI:100.00,BcgI:99.99,FalI:100.00	8342	62	7108	1057	118.62903225806451	ok	99.9945	uniform	99.9874	ok
NZ_CP062723.1	NZ_CP062739.1	99.9945	99.9945	0.9870	0.9865	0.00156	67	0.9914	1050	inf	0.9997	99.9792	99.9983	0.0065	0.09	AlfI:99.99,AloI:100.00,BcgI:99.99,FalI:100.00	8583	67	7108	1057	113.4776119402985	ok	99.9945	uniform	99.9891	ok
NZ_CP062723.1	NZ_CP062736.1	99.9945	99.9945	0.9870	0.9866	0.00156	62	0.9918	613	inf	0.9997	99.9769	99.9989	0.0065	0.09	AlfI:99.99,AloI:100.00,BcgI:99.99,FalI:100.00	8341	62	7108	1057	118.64516129032258	ok	99.9945	uniform	99.9874	ok
NZ_CP062723.1	NZ_CP062742.1	99.9918	99.9918	0.9876	0.9883	0.00192	64	0.9916	615	inf	0.9995	99.9606	99.9994	0.0113	0.69	AlfI:99.99,AloI:100.00,BcgI:99.99,FalI:100.00	8333	64	7109	1052	114.828125	ok	99.9918	uniform	99.9749	ok
NZ_CP062723.1	NZ_CP062744.1	99.9945	99.9945	0.9870	0.9872	0.00156	62	0.9918	613	inf	0.9997	99.9792	99.9983	0.0065	0.09	AlfI:99.99,AloI:100.00,BcgI:99.99,FalI:100.00	8342	62	7108	1057	118.64516129032258	ok	99.9945	uniform	99.9891	ok
NZ_CP062723.1	NZ_CP062746.1	99.9936	99.9936	0.9874	0.9875	0.00169	62	0.9918	613	inf	0.9996	99.9722	99.9989	0.0084	0.33	AlfI:99.99,AloI:100.00,BcgI:99.99,FalI:100.00	8337	62	7109	1052	118.58064516129032	ok	99.9936	uniform	99.9840	ok
NZ_CP062723.1	NZ_CP062749.1	99.9904	99.9904	0.9874	0.9875	0.00208	56	0.9926	548	inf	0.9994	99.9630	99.9972	0.0065	0.63	AlfI:99.99,AloI:99.99,BcgI:99.99,FalI:100.00	8230	56	7109	1052	130.05357142857142	ok	99.9904	uniform	99.9768	ok
NZ_CP062723.1	NZ_CP062752.1	99.9909	99.9909	0.9869	0.9865	0.00203	63	0.9917	614	inf	0.9994	99.9630	99.9977	0.0122	0.78	AlfI:99.99,AloI:100.00,BcgI:99.99,FalI:100.00	8335	63	7107	1052	116.68253968253968	ok	99.9909	uniform	99.9768	ok
NZ_CP062723.1	NZ_CP062755.1	99.9895	99.9895	0.9875	0.9876	0.00218	62	0.9918	611	inf	0.9994	99.9630	99.9960	0.0085	0.81	AlfI:99.99,AloI:99.99,BcgI:99.99,FalI:100.00	8306	62	7109	1052	118.41935483870968	ok	99.9895	uniform	99.9768	ok
NZ_CP062723.1	NZ_CP062761.1	99.9895	99.9895	0.9832	0.9877	0.00219	67	0.9911	625	inf	0.9994	99.9535	99.9983	0.0112	0.43	AlfI:99.99,AloI:99.98,BcgI:99.99,FalI:99.99	8303	67	7077	1052	109.28358208955224	ok	99.9895	uniform	99.9692	ok
NZ_CP062723.1	NZ_CP062758.1	99.9877	99.9877	0.9875	0.9873	0.00236	64	0.9916	616	inf	0.9993	99.9467	99.9977	0.0119	1.59	AlfI:99.99,AloI:99.99,BcgI:99.98,FalI:100.00	8330	64	7109	1052	114.828125	ok	99.9877	uniform	99.9636	ok
NZ_CP062723.1	NZ_CP062763.1	99.9891	99.9895	0.9843	0.9871	0.00219	68	0.9910	630	0.070	0.9994	99.9605	99.9966	0.0110	1.54	AlfI:99.99,AloI:99.99,BcgI:99.98,FalI:100.00	8319	68	7085	1052	107.82352941176471	ok	99.9891	gamma	99.9748	ok
NZ_CP062723.1	NZ_CP062766.1	99.9909	99.9909	0.9876	0.9878	0.00203	59	0.9922	612	inf	0.9994	99.9606	99.9983	0.0113	0.62	AlfI:99.99,AloI:100.00,BcgI:99.99,FalI:100.00	8345	59	7109	1052	124.42372881355932	ok	99.9909	uniform	99.9749	ok
NZ_CP062723.1	NZ_CP062782.1	99.9909	99.9909	0.9876	0.9805	0.00203	57	0.9925	557	inf	0.9994	99.9606	99.9983	0.0113	0.19	AlfI:99.99,AloI:100.00,BcgI:99.99,FalI:99.99	8309	57	7109	1052	127.94736842105263	ok	99.9909	uniform	99.9749	ok
NZ_CP062723.1	NZ_CP062769.1	99.9909	99.9909	0.9783	0.9817	0.00204	57	0.9924	490	inf	0.9994	99.9628	99.9977	0.0072	0.65	AlfI:99.99,AloI:99.99,BcgI:99.99,FalI:100.00	8134	57	7076	1052	126.6140350877193	ok	99.9909	uniform	99.9767	ok
NZ_CP062723.1	NZ_CP062771.1	99.9914	99.9914	0.9876	0.9877	0.00198	63	0.9917	601	inf	0.9995	99.9606	99.9989	0.0062	0.50	AlfI:99.99,AloI:99.99,BcgI:99.99,FalI:100.00	8280	63	7109	1052	116.33333333333333	ok	99.9914	uniform	99.9749	ok
NZ_CP062723.1	NZ_CP062774.1	99.9891	99.9891	0.9869	0.9803	0.00223	63	0.9917	615	inf	0.9993	99.9560	99.9972	0.0052	0.45	AlfI:99.99,AloI:99.99,BcgI:99.99,FalI:99.99	8332	63	7107	1052	116.61904761904762	ok	99.9891	uniform	99.9712	ok
NZ_CP062725.1	NZ_CP062727.1	99.9940	99.9941	0.9775	0.9878	0.00162	63	0.9917	607	0.070	0.9996	99.9769	99.9983	0.0074	0.02	AlfI:99.99,AloI:100.00,BcgI:99.99,FalI:100.00	8335	63	7130	1052	116.5079365079365	ok	99.9940	gamma	99.9875	ok
NZ_CP062725.1	NZ_CP062729.1	99.9945	99.9946	0.9775	0.9878	0.00156	61	0.9920	603	0.070	0.9997	99.9792	99.9983	0.0074	0.12	AlfI:99.99,AloI:100.00,BcgI:99.99,FalI:100.00	8365	61	7130	1052	120.36065573770492	ok	99.9945	gamma	99.9892	ok
NZ_CP062725.1	NZ_CP062780.1	99.9949	99.9950	0.9769	0.9867	0.00149	61	0.9920	603	0.070	0.9997	99.9815	99.9983	0.0065	0.04	AlfI:99.99,AloI:100.00,BcgI:99.99,FalI:100.00	8365	61	7129	1052	120.36065573770492	ok	99.9949	gamma	99.9908	ok
NZ_CP062725.1	NZ_CP062731.1	99.9945	99.9946	0.9768	0.9867	0.00156	61	0.9920	603	0.070	0.9997	99.9792	99.9983	0.0074	0.12	AlfI:99.99,AloI:100.00,BcgI:99.99,FalI:100.00	8365	61	7129	1052	120.34426229508196	ok	99.9945	gamma	99.9892	ok
NZ_CP062725.1	NZ_CP062733.1	99.9945	99.9946	0.9769	0.9862	0.00156	61	0.9920	604	0.070	0.9997	99.9792	99.9983	0.0074	0.12	AlfI:99.99,AloI:100.00,BcgI:99.99,FalI:100.00	8366	61	7129	1052	120.32786885245902	ok	99.9945	gamma	99.9892	ok
NZ_CP062725.1	NZ_CP062739.1	99.9949	99.9950	0.9769	0.9861	0.00149	66	0.9916	1040	0.070	0.9997	99.9815	99.9983	0.0065	0.04	AlfI:99.99,AloI:100.00,BcgI:99.99,FalI:100.00	8609	66	7129	1052	114.96969696969697	ok	99.9949	gamma	99.9908	ok
NZ_CP062725.1	NZ_CP062736.1	99.9945	99.9946	0.9768	0.9862	0.00156	61	0.9920	603	0.070	0.9997	99.9792	99.9983	0.0074	0.12	AlfI:99.99,AloI:100.00,BcgI:99.99,FalI:100.00	8365	61	7129	1052	120.34426229508196	ok	99.9945	gamma	99.9892	ok
NZ_CP062725.1	NZ_CP062742.1	99.9935	99.9937	0.9775	0.9878	0.00169	63	0.9917	605	0.070	0.9996	99.9746	99.9983	0.0093	0.35	AlfI:99.99,AloI:100.00,BcgI:99.99,FalI:100.00	8362	63	7130	1052	116.4920634920635	ok	99.9935	gamma	99.9858	ok
NZ_CP062725.1	NZ_CP062744.1	99.9949	99.9950	0.9769	0.9868	0.00149	61	0.9920	603	0.070	0.9997	99.9815	99.9983	0.0065	0.04	AlfI:99.99,AloI:100.00,BcgI:99.99,FalI:100.00	8366	61	7129	1052	120.34426229508196	ok	99.9949	gamma	99.9908	ok
NZ_CP062725.1	NZ_CP062746.1	99.9959	99.9959	0.9773	0.9870	0.00134	61	0.9920	603	0.070	0.9998	99.9862	99.9983	0.0056	0.09	AlfI:100.00,AloI:100.00,BcgI:99.99,FalI:100.00	8366	61	7130	1052	120.36065573770492	ok	99.9959	gamma	99.9940	ok
NZ_CP062725.1	NZ_CP062749.1	99.9926	99.9927	0.9773	0.9871	0.00180	55	0.9927	554	0.070	0.9996	99.9769	99.9966	0.0092	0.08	AlfI:99.99,AloI:99.99,BcgI:99.99,FalI:100.00	8278	55	7130	1052	132.54545454545453	ok	99.9926	gamma	99.9875	ok
NZ_CP062725.1	NZ_CP062752.1	99.9926	99.9927	0.9767	0.9860	0.00181	62	0.9918	604	0.070	0.9996	99.9769	99.9966	0.0103	0.25	AlfI:99.99,AloI:100.00,BcgI:99.99,FalI:100.00	8364	62	7128	1052	118.40322580645162	ok	99.9926	gamma	99.9875	ok
NZ_CP062725.1	NZ_CP062755.1	99.9917	99.9918	0.9774	0.9871	0.00192	62	0.9918	604	0.070	0.9995	99.9769	99.9955	0.0126	0.10	AlfI:99.99,AloI:99.99,BcgI:99.99,FalI:100.00	8335	62	7130	1052	118.3225806451613	ok	99.9917	gamma	99.9875	ok
NZ_CP062725.1	NZ_CP062761.1	99.9848	99.9855	0.9798	0.9873	0.00257	67	0.9911	618	0.070	0.9991	99.9492	99.9943	0.0109	0.91	AlfI:99.99,AloI:99.98,BcgI:99.98,FalI:99.99	8352	67	7126	1052	109.4776119402985	ok	99.9848	gamma	99.9656	ok
NZ_CP062725.1	NZ_CP062758.1	99.9892	99.9896	0.9774	0.9869	0.00217	63	0.9917	606	0.070	0.9994	99.9608	99.9966	0.0141	0.50	AlfI:99.99,AloI:99.99,BcgI:99.99,FalI:100.00	8359	63	7130	1052	116.4920634920635	ok	99.9892	gamma	99.9750	ok
NZ_CP062725.1	NZ_CP062763.1	99.9912	99.9914	0.9742	0.9866	0.00198	67	0.9911	620	0.070	0.9995	99.9745	99.9955	0.0131	1.08	AlfI:99.99,AloI:99.99,BcgI:99.99,FalI:100.00	8348	67	7106	1052	109.28358208955224	ok	99.9912	gamma	99.9857	ok
NZ_CP062725.1	NZ_CP062766.1	99.9923	99.9923	0.9775	0.9877	0.00186	64	0.9916	685	inf	0.9995	99.9746	99.9966	0.0093	0.00	AlfI:99.99,AloI:100.00,BcgI:99.99,FalI:100.00	8446	64	7130	1052	115.828125	ok	99.9923	uniform	99.9858	ok
NZ_CP062725.1	NZ_CP062782.1	99.9868	99.9874	0.9878	0.9804	0.00239	63	0.9918	673	0.070	0.9992	99.9541	99.9955	0.0149	1.53	AlfI:99.99,AloI:100.00,BcgI:99.98,FalI:100.00	8472	63	7167	1052	117.84126984126983	ok	99.9868	gamma	99.9696	ok
NZ_CP062725.1	NZ_CP062769.1	99.9926	99.9927	0.9750	0.9880	0.00181	57	0.9924	487	0.070	0.9996	99.9769	99.9966	0.0093	0.16	AlfI:99.99,AloI:99.99,BcgI:99.99,FalI:100.00	8195	57	7125	1052	127.03508771929825	ok	99.9926	gamma	99.9875	ok
NZ_CP062725.1	NZ_CP062771.1	99.9888	99.9891	0.9839	0.9873	0.00221	64	0.9916	611	0.070	0.9993	99.9632	99.9955	0.0159	1.00	AlfI:99.99,AloI:99.99,BcgI:99.98,FalI:100.00	8355	64	7156	1052	115	ok	99.9888	gamma	99.9769	ok
NZ_CP062725.1	NZ_CP062774.1	99.9912	99.9914	0.9768	0.9798	0.00197	62	0.9918	605	0.070	0.9995	99.9700	99.9966	0.0086	0.63	AlfI:99.99,AloI:99.99,BcgI:99.99,FalI:100.00	8361	62	7128	1052	118.33870967741936	ok	99.9912	gamma	99.9822	ok
NZ_CP062727.1	NZ_CP062729.1	99.9986	99.9986	0.9857	0.9878	0.00078	63	0.9917	615	inf	0.9999	99.9977	99.9989	0.0026	0.23	AlfI:100.00,AloI:100.00,BcgI:100.00,FalI:100.00	8308	63	7097	1053	116.65079365079364	ok	99.9986	uniform	99.9999	ok
NZ_CP062727.1	NZ_CP062780.1	99.9973	99.9973	0.9853	0.9870	0.00110	63	0.9917	614	inf	0.9998	99.9907	99.9989	0.0039	0.06	AlfI:100.00,AloI:100.00,BcgI:100.00,FalI:100.00	8308	63	7096	1053	116.61904761904762	ok	99.9973	uniform	99.9968	ok
NZ_CP062727.1	NZ_CP062731.1	99.9977	99.9977	0.9853	0.9870	0.00100	63	0.9917	614	inf	0.9999	99.9930	99.9989	0.0039	0.22	AlfI:100.00,AloI:100.00,BcgI:100.00,FalI:100.00	8308	63	7096	1053	116.63492063492063	ok	99.9977	uniform	99.9981	ok
NZ_CP062727.1	NZ_CP062733.1	99.9977	99.9977	0.9853	0.9864	0.00100	63	0.9917	615	inf	0.9999	99.9930	99.9989	0.0039	0.22	AlfI:100.00,AloI:100.00,BcgI:100.00,FalI:100.00	8309	63	7096	1053	116.61904761904762	ok	99.9977	uniform	99.9981	ok
NZ_CP062727.1	NZ_CP062739.1	99.9982	99.9982	0.9853	0.9863	0.00090	70	0.9911	1056	inf	0.9999	99.9954	99.9989	0.0026	0.04	AlfI:100.00,AloI:100.00,BcgI:100.00,FalI:100.00	8574	70	7096	1053	108.6	ok	99.9982	uniform	99.9992	ok
NZ_CP062727.1	NZ_CP062736.1	99.9977	99.9977	0.9853	0.9864	0.00100	63	0.9917	614	inf	0.9999	99.9930	99.9989	0.0039	0.22	AlfI:100.00,AloI:100.00,BcgI:100.00,FalI:100.00	8308	63	7096	1053	116.63492063492063	ok	99.9977	uniform	99.9981	ok
NZ_CP062727.1	NZ_CP062742.1	99.9968	99.9968	0.9882	0.9883	0.00118	60	0.9921	611	inf	0.9998	99.9884	99.9989	0.0039	0.00	AlfI:100.00,AloI:100.00,BcgI:100.00,FalI:100.00	8315	60	7108	1053	122.55	ok	99.9968	uniform	99.9954	ok
NZ_CP062727.1	NZ_CP062744.1	99.9973	99.9973	0.9853	0.9870	0.00110	63	0.9917	614	inf	0.9998	99.9907	99.9989	0.0039	0.06	AlfI:100.00,AloI:100.00,BcgI:100.00,FalI:100.00	8309	63	7096	1053	116.60317460317461	ok	99.9973	uniform	99.9968	ok
NZ_CP062727.1	NZ_CP062746.1	99.9973	99.9973	0.9858	0.9873	0.00110	63	0.9917	614	inf	0.9998	99.9907	99.9989	0.0039	0.06	AlfI:100.00,AloI:100.00,BcgI:100.00,FalI:100.00	8309	63	7097	1053	116.61904761904762	ok	99.9973	uniform	99.9968	ok
NZ_CP062727.1	NZ_CP062749.1	99.9950	99.9950	0.9884	0.9879	0.00149	56	0.9926	548	inf	0.9997	99.9815	99.9983	0.0066	0.10	AlfI:99.99,AloI:99.99,BcgI:100.00,FalI:100.00	8236	56	7108	1053	130.21428571428572	ok	99.9950	uniform	99.9908	ok
NZ_CP062727.1	NZ_CP062752.1	99.9950	99.9950	0.9852	0.9867	0.00150	64	0.9916	615	inf	0.9997	99.9861	99.9972	0.0066	0.02	AlfI:99.99,AloI:100.00,BcgI:99.99,FalI:100.00	8307	64	7095	1053	114.8125	ok	99.9950	uniform	99.9939	ok
NZ_CP062727.1	NZ_CP062755.1	99.9950	99.9950	0.9884	0.9878	0.00149	59	0.9922	609	inf	0.9997	99.9907	99.9960	0.0126	0.25	AlfI:99.99,AloI:99.99,BcgI:100.00,FalI:100.00	8312	59	7108	1053	124.59322033898304	ok	99.9950	uniform	99.9968	ok
NZ_CP062727.1	NZ_CP062761.1	99.9941	99.9941	0.9841	0.9879	0.00164	63	0.9917	621	inf	0.9996	99.9767	99.9983	0.0238	2.09	AlfI:99.99,AloI:99.97,BcgI:100.00,FalI:100.00	8284	63	7076	1053	116.3015873015873	ok	99.9941	uniform	99.9874	ok
NZ_CP062727.1	NZ_CP062758.1	99.9927	99.9927	0.9884	0.9876	0.00181	60	0.9921	607	inf	0.9996	99.9745	99.9972	0.0084	0.03	AlfI:99.99,AloI:99.99,BcgI:99.99,FalI:100.00	8309	60	7108	1053	122.5	ok	99.9927	uniform	99.9857	ok
NZ_CP062727.1	NZ_CP062763.1	99.9945	99.9945	0.9852	0.9874	0.00157	64	0.9915	624	0.070	0.9997	99.9884	99.9960	0.0075	0.35	AlfI:100.00,AloI:99.99,BcgI:99.99,FalI:100.00	8300	64	7084	1053	114.609375	ok	99.9945	gamma	99.9954	ok
NZ_CP062727.1	NZ_CP062766.1	99.9959	99.9959	0.9883	0.9879	0.00134	59	0.9922	613	inf	0.9998	99.9884	99.9977	0.0066	0.23	AlfI:99.99,AloI:100.00,BcgI:100.00,FalI:100.00	8351	59	7108	1053	124.61016949152543	ok	99.9959	uniform	99.9954	ok
NZ_CP062727.1	NZ_CP062782.1	99.9973	99.9973	0.9882	0.9805	0.00110	53	0.9930	554	inf	0.9998	99.9884	99.9994	0.0041	0.46	AlfI:100.00,AloI:100.00,BcgI:100.00,FalI:100.00	8292	53	7108	1053	137.67924528301887	ok	99.9973	uniform	99.9954	ok
NZ_CP062727.1	NZ_CP062769.1	99.9950	99.9950	0.9792	0.9819	0.00150	55	0.9927	481	inf	0.9997	99.9884	99.9966	0.0063	0.01	AlfI:99.99,AloI:99.99,BcgI:99.99,FalI:100.00	8139	55	7075	1053	131.34545454545454	ok	99.9950	uniform	99.9954	ok
NZ_CP062727.1	NZ_CP062771.1	99.9964	99.9964	0.9882	0.9878	0.00127	59	0.9922	595	inf	0.9998	99.9884	99.9983	0.0063	0.28	AlfI:99.99,AloI:99.99,BcgI:100.00,FalI:100.00	8286	59	7108	1053	124.33898305084746	ok	99.9964	uniform	99.9954	ok
NZ_CP062727.1	NZ_CP062774.1	99.9927	99.9927	0.9852	0.9805	0.00181	64	0.9916	616	inf	0.9996	99.9745	99.9972	0.0086	0.31	AlfI:99.99,AloI:99.99,BcgI:99.99,FalI:100.00	8304	64	7095	1053	114.71875	ok	99.9927	uniform	99.9857	ok
NZ_CP062729.1	NZ_CP062780.1	99.9991	99.9991	0.9880	0.9876	0.00063	60	0.9921	609	inf	0.9999	99.9977	99.9994	0.0018	0.00	AlfI:100.00,AloI:100.00,BcgI:100.00,FalI:100.00	8342	60	7100	1057	122.55	ok	99.9991	uniform	99.9999	ok
NZ_CP062729.1	NZ_CP062731.1	99.9995	99.9995	0.9880	0.9876	0.00045	60	0.9921	609	inf	1.0000	99.9999	99.9994	0.0008	0.00	AlfI:100.00,AloI:100.00,BcgI:100.00,FalI:100.00	8342	60	7100	1057	122.56666666666666	ok	99.9995	uniform	100.0000	ok
NZ_CP062729.1	NZ_CP062733.1	99.9995	99.9995	0.9880	0.9870	0.00045	60	0.9921	610	inf	1.0000	99.9999	99.9994	0.0008	0.00	AlfI:100.00,AloI:100.00,BcgI:100.00,FalI:100.00	8343	60	7100	1057	122.55	ok	99.9995	uniform	100.0000	ok
NZ_CP062729.1	NZ_CP062739.1	99.9991	99.9991	0.9880	0.9868	0.00063	65	0.9917	1046	inf	0.9999	99.9977	99.9994	0.0018	0.00	AlfI:100.00,AloI:100.00,BcgI:100.00,FalI:100.00	8584	65	7100	1057	116.9076923076923	ok	99.9991	uniform	99.9999	ok
NZ_CP062729.1	NZ_CP062736.1	99.9995	99.9995	0.9880	0.9870	0.00045	60	0.9921	609	inf	1.0000	99.9999	99.9994	0.0008	0.00	AlfI:100.00,AloI:100.00,BcgI:100.00,FalI:100.00	8342	60	7100	1057	122.56666666666666	ok	99.9995	uniform	100.0000	ok
NZ_CP062729.1	NZ_CP062742.1	99.9954	99.9954	0.9883	0.9884	0.00142	62	0.9918	610	inf	0.9997	99.9815	99.9989	0.0075	0.75	AlfI:100.00,AloI:100.00,BcgI:99.99,FalI:100.00	8335	62	7101	1053	118.51612903225806	ok	99.9954	uniform	99.9908	ok
NZ_CP062729.1	NZ_CP062744.1	99.9991	99.9991	0.9880	0.9876	0.00063	60	0.9921	609	inf	0.9999	99.9977	99.9994	0.0018	0.00	AlfI:100.00,AloI:100.00,BcgI:100.00,FalI:100.00	8343	60	7100	1057	122.53333333333333	ok	99.9991	uniform	99.9999	ok
NZ_CP062729.1	NZ_CP062746.1	99.9977	99.9977	0.9884	0.9878	0.00100	60	0.9921	609	inf	0.9999	99.9884	99.9999	0.0037	0.38	AlfI:100.00,AloI:100.00,BcgI:100.00,FalI:100.00	8339	60	7101	1053	122.48333333333333	ok	99.9977	uniform	99.9954	ok
NZ_CP062729.1	NZ_CP062749.1	99.9936	99.9936	0.9884	0.9879	0.00169	54	0.9929	544	inf	0.9996	99.9792	99.9972	0.0075	0.02	AlfI:99.99,AloI:99.99,BcgI:99.99,FalI:100.00	8232	54	7101	1053	134.8148148148148	ok	99.9936	uniform	99.9891	ok
NZ_CP062729.1	NZ_CP062752.1	99.9945	99.9945	0.9879	0.9873	0.00156	61	0.9920	610	inf	0.9997	99.9838	99.9972	0.0084	0.51	AlfI:100.00,AloI:100.00,BcgI:99.99,FalI:100.00	8337	61	7099	1053	120.49180327868852	ok	99.9945	uniform	99.9924	ok
NZ_CP062729.1	NZ_CP062755.1	99.9927	99.9927	0.9884	0.9878	0.00181	61	0.9920	611	inf	0.9996	99.9792	99.9960	0.0126	0.47	AlfI:99.99,AloI:99.99,BcgI:99.99,FalI:100.00	8308	61	7101	1053	120.37704918032787	ok	99.9927	uniform	99.9891	ok
NZ_CP062729.1	NZ_CP062761.1	99.9927	99.9927	0.9841	0.9879	0.00182	65	0.9914	621	inf	0.9996	99.9721	99.9977	0.0215	0.88	AlfI:99.99,AloI:99.97,BcgI:99.99,FalI:100.00	8305	65	7069	1053	112.63076923076923	ok	99.9927	uniform	99.9839	ok
NZ_CP062729.1	NZ_CP062758.1	99.9900	99.9900	0.9884	0.9876	0.00213	62	0.9918	614	inf	0.9994	99.9629	99.9966	0.0126	0.13	AlfI:99.99,AloI:99.99,BcgI:99.99,FalI:100.00	8332	62	7101	1053	118.51612903225806	ok	99.9900	uniform	99.9767	ok
NZ_CP062729.1	NZ_CP062763.1	99.9930	99.9931	0.9852	0.9873	0.00176	66	0.9913	626	0.070	0.9996	99.9768	99.9972	0.0103	0.90	AlfI:100.00,AloI:99.99,BcgI:99.99,FalI:100.00	8321	66	7077	1053	111.07575757575758	ok	99.9930	gamma	99.9874	ok
NZ_CP062729.1	NZ_CP062766.1	99.9945	99.9945	0.9882	0.9878	0.00156	57	0.9925	607	inf	0.9997	99.9815	99.9977	0.0075	0.11	AlfI:99.99,AloI:100.00,BcgI:99.99,FalI:100.00	8347	57	7101	1053	128.7719298245614	ok	99.9945	uniform	99.9908	ok
NZ_CP062729.1	NZ_CP062782.1	99.9941	99.9941	0.9883	0.9806	0.00163	55	0.9927	551	inf	0.9996	99.9768	99.9983	0.0084	0.55	AlfI:100.00,AloI:100.00,BcgI:99.99,FalI:100.00	8311	55	7101	1053	132.54545454545453	ok	99.9941	uniform	99.9874	ok
NZ_CP062729.1	NZ_CP062769.1	99.9954	99.9954	0.9791	0.9819	0.00143	56	0.9925	488	inf	0.9997	99.9837	99.9983	0.0063	0.11	AlfI:100.00,AloI:99.99,BcgI:99.99,FalI:100.00	8136	56	7068	1053	128.92857142857142	ok	99.9954	uniform	99.9924	ok
NZ_CP062729.1	NZ_CP062771.1	99.9950	99.9950	0.9883	0.9878	0.00149	61	0.9919	596	inf	0.9997	99.9815	99.9983	0.0065	0.21	AlfI:100.00,AloI:99.99,BcgI:99.99,FalI:100.00	8282	61	7101	1053	120.1311475409836	ok	99.9950	uniform	99.9908	ok
NZ_CP062729.1	NZ_CP062774.1	99.9923	99.9923	0.9879	0.9811	0.00187	61	0.9920	611	inf	0.9995	99.9722	99.9972	0.0087	1.16	AlfI:100.00,AloI:99.99,BcgI:99.99,FalI:100.00	8334	61	7099	1053	120.39344262295081	ok	99.9923	uniform	99.9840	ok
NZ_CP062780.1	NZ_CP062731.1	99.9995	99.9995	0.9874	0.9874	0.00045	60	0.9921	608	inf	1.0000	99.9977	99.9999	0.0008	0.00	AlfI:100.00,AloI:100.00,BcgI:100.00,FalI:100.00	8344	60	7106	1059	122.58333333333333	ok	99.9995	uniform	99.9999	ok
NZ_CP062780.1	NZ_CP062733.1	99.9995	99.9995	0.9874	0.9868	0.00045	60	0.9921	609	inf	1.0000	99.9977	99.9999	0.0008	0.00	AlfI:100.00,AloI:100.00,BcgI:100.00,FalI:100.00	8345	60	7106	1059	122.56666666666666	ok	99.9995	uniform	99.9999	ok
NZ_CP062780.1	NZ_CP062739.1	99.9999	99.9999	0.9874	0.9867	0.21317	65	0.9917	1045	inf	1.0000	99.9999	99.9999	0.0000	0.00	AlfI:100.00,AloI:100.00,BcgI:100.00,FalI:100.00	8586	65	7106	1059	116.95384615384616	ok	99.9999	uniform	100.0000	ok
NZ_CP062780.1	NZ_CP062736.1	99.9995	99.9995	0.9874	0.9868	0.00045	60	0.9921	608	inf	1.0000	99.9977	99.9999	0.0008	0.00	AlfI:100.00,AloI:100.00,BcgI:100.00,FalI:100.00	8344	60	7106	1059	122.58333333333333	ok	99.9995	uniform	99.9999	ok
NZ_CP062780.1	NZ_CP062742.1	99.9950	99.9950	0.9857	0.9878	0.00149	63	0.9917	611	inf	0.9997	99.9791	99.9989	0.0075	0.34	AlfI:100.00,AloI:100.00,BcgI:99.99,FalI:100.00	8335	63	7100	924	116.60317460317461	ok	99.9950	uniform	99.9891	ok
NZ_CP062780.1	NZ_CP062744.1	99.9999	99.9999	0.9874	0.9874	0.21317	60	0.9921	608	inf	1.0000	99.9999	99.9999	0.0000	0.00	AlfI:100.00,AloI:100.00,BcgI:100.00,FalI:100.00	8345	60	7106	1059	122.58333333333333	ok	99.9999	uniform	100.0000	ok
NZ_CP062780.1	NZ_CP062746.1	99.9982	99.9982	0.9855	0.9870	0.00090	61	0.9920	609	inf	0.9999	99.9907	99.9999	0.0026	0.04	AlfI:100.00,AloI:100.00,BcgI:100.00,FalI:100.00	8339	61	7100	924	120.47540983606558	ok	99.9982	uniform	99.9968	ok
NZ_CP062780.1	NZ_CP062749.1	99.9941	99.9941	0.9855	0.9870	0.00163	55	0.9927	544	inf	0.9996	99.9815	99.9972	0.0079	0.12	AlfI:99.99,AloI:99.99,BcgI:99.99,FalI:100.00	8232	55	7100	924	132.36363636363637	ok	99.9941	uniform	99.9908	ok
NZ_CP062780.1	NZ_CP062752.1	99.9941	99.9941	0.9849	0.9864	0.00163	62	0.9918	610	inf	0.9996	99.9815	99.9972	0.0084	0.22	AlfI:99.99,AloI:100.00,BcgI:99.99,FalI:100.00	8337	62	7098	902	118.51612903225806	ok	99.9941	uniform	99.9908	ok
NZ_CP062780.1	NZ_CP062755.1	99.9932	99.9932	0.9856	0.9871	0.00175	62	0.9918	611	inf	0.9996	99.9815	99.9960	0.0126	0.14	AlfI:99.99,AloI:99.99,BcgI:99.99,FalI:100.00	8308	62	7100	924	118.43548387096774	ok	99.9932	uniform	99.9908	ok
NZ_CP062780.1	NZ_CP062761.1	99.9927	99.9927	0.9812	0.9872	0.00182	65	0.9914	616	inf	0.9996	99.9721	99.9977	0.0151	0.65	AlfI:99.99,AloI:99.98,BcgI:99.99,FalI:100.00	8305	65	7068	924	112.52307692307693	ok	99.9927	uniform	99.9839	ok
NZ_CP062780.1	NZ_CP062758.1	99.9909	99.9909	0.9856	0.9868	0.00203	63	0.9917	612	inf	0.9994	99.9652	99.9972	0.0122	0.37	AlfI:99.99,AloI:99.99,BcgI:99.99,FalI:100.00	8332	63	7100	921	116.60317460317461	ok	99.9909	uniform	99.9786	ok
NZ_CP062780.1	NZ_CP062763.1	99.9944	99.9945	0.9823	0.9866	0.00157	67	0.9911	626	0.070	0.9997	99.9837	99.9972	0.0084	1.02	AlfI:100.00,AloI:99.99,BcgI:99.99,FalI:100.00	8321	67	7076	924	109.38805970149254	ok	99.9944	gamma	99.9924	ok
NZ_CP062780.1	NZ_CP062766.1	99.9941	99.9941	0.9857	0.9873	0.00163	58	0.9924	608	inf	0.9996	99.9791	99.9977	0.0075	0.02	AlfI:99.99,AloI:100.00,BcgI:99.99,FalI:100.00	8347	58	7100	924	126.51724137931035	ok	99.9941	uniform	99.9891	ok
NZ_CP062780.1	NZ_CP062782.1	99.9945	99.9945	0.9856	0.9800	0.00156	56	0.9926	553	inf	0.9997	99.9791	99.9983	0.0065	0.10	AlfI:99.99,AloI:100.00,BcgI:99.99,FalI:100.00	8311	56	7100	924	130.17857142857142	ok	99.9945	uniform	99.9891	ok
NZ_CP062780.1	NZ_CP062769.1	99.9950	99.9950	0.9764	0.9812	0.00150	56	0.9925	486	inf	0.9997	99.9814	99.9983	0.0063	0.01	AlfI:99.99,AloI:99.99,BcgI:99.99,FalI:100.00	8136	56	7067	924	128.82142857142858	ok	99.9950	uniform	99.9907	ok
NZ_CP062780.1	NZ_CP062771.1	99.9945	99.9945	0.9856	0.9873	0.00156	62	0.9918	597	inf	0.9997	99.9791	99.9983	0.0065	0.04	AlfI:99.99,AloI:99.99,BcgI:99.99,FalI:100.00	8282	62	7100	924	118.16129032258064	ok	99.9945	uniform	99.9891	ok
NZ_CP062780.1	NZ_CP062774.1	99.9927	99.9927	0.9850	0.9802	0.00181	62	0.9918	611	inf	0.9996	99.9745	99.9972	0.0086	0.49	AlfI:99.99,AloI:99.99,BcgI:99.99,FalI:100.00	8334	62	7098	902	118.45161290322581	ok	99.9927	uniform	99.9857	ok
NZ_CP062731.1	NZ_CP062733.1	99.9999	99.9999	0.9874	0.9868	0.21317	60	0.9921	609	inf	1.0000	99.9999	99.9999	0.0000	0.00	AlfI:100.00,AloI:100.00,BcgI:100.00,FalI:100.00	8345	60	7106	1059	122.58333333333333	ok	99.9999	uniform	100.0000	ok
NZ_CP062731.1	NZ_CP062739.1	99.9995	99.9995	0.9874	0.9867	0.00045	65	0.9917	1045	inf	1.0000	99.9977	99.9999	0.0008	0.00	AlfI:100.00,AloI:100.00,BcgI:100.00,FalI:100.00	8586	65	7106	1059	116.93846153846154	ok	99.9995	uniform	99.9999	ok
NZ_CP062731.1	NZ_CP062736.1	99.9999	99.9999	0.9874	0.9868	0.21317	60	0.9921	608	inf	1.0000	99.9999	99.9999	0.0000	0.00	AlfI:100.00,AloI:100.00,BcgI:100.00,FalI:100.00	8344	60	7106	1059	122.6	ok	99.9999	uniform	100.0000	ok
NZ_CP062731.1	NZ_CP062742.1	99.9954	99.9954	0.9857	0.9878	0.00142	63	0.9917	611	inf	0.9997	99.9815	99.9989	0.0065	0.20	AlfI:100.00,AloI:100.00,BcgI:99.99,FalI:100.00	8335	63	7100	924	116.61904761904762	ok	99.9954	uniform	99.9908	ok
NZ_CP062731.1	NZ_CP062744.1	99.9995	99.9995	0.9874	0.9874	0.00045	60	0.9921	608	inf	1.0000	99.9977	99.9999	0.0008	0.00	AlfI:100.00,AloI:100.00,BcgI:100.00,FalI:100.00	8345	60	7106	1059	122.56666666666666	ok	99.9995	uniform	99.9999	ok
NZ_CP062731.1	NZ_CP062746.1	99.9977	99.9977	0.9855	0.9870	0.00100	61	0.9920	609	inf	0.9999	99.9884	99.9999	0.0027	0.00	AlfI:100.00,AloI:100.00,BcgI:100.00,FalI:100.00	8339	61	7100	924	120.45901639344262	ok	99.9977	uniform	99.9954	ok
NZ_CP062731.1	NZ_CP062749.1	99.9936	99.9936	0.9855	0.9870	0.00169	55	0.9927	544	inf	0.9996	99.9791	99.9972	0.0079	0.04	AlfI:99.99,AloI:99.99,BcgI:99.99,FalI:100.00	8232	55	7100	924	132.34545454545454	ok	99.9936	uniform	99.9891	ok
NZ_CP062731.1	NZ_CP062752.1	99.9945	99.9945	0.9849	0.9864	0.00156	62	0.9918	610	inf	0.9997	99.9838	99.9972	0.0075	0.12	AlfI:99.99,AloI:100.00,BcgI:99.99,FalI:100.00	8337	62	7098	902	118.53225806451613	ok	99.9945	uniform	99.9924	ok
NZ_CP062731.1	NZ_CP062755.1	99.9927	99.9927	0.9856	0.9871	0.00181	62	0.9918	611	inf	0.9996	99.9791	99.9960	0.0126	0.17	AlfI:99.99,AloI:99.99,BcgI:99.99,FalI:100.00	8308	62	7100	924	118.41935483870968	ok	99.9927	uniform	99.9891	ok
NZ_CP062731.1	NZ_CP062761.1	99.9931	99.9931	0.9812	0.9872	0.00176	65	0.9914	616	inf	0.9996	99.9744	99.9977	0.0151	0.58	AlfI:99.99,AloI:99.98,BcgI:99.99,FalI:100.00	8305	65	7068	924	112.53846153846153	ok	99.9931	uniform	99.9856	ok
NZ_CP062731.1	NZ_CP062758.1	99.9913	99.9913	0.9856	0.9869	0.00198	63	0.9917	612	inf	0.9995	99.9676	99.9972	0.0113	0.25	AlfI:99.99,AloI:99.99,BcgI:99.99,FalI:100.00	8332	63	7100	921	116.61904761904762	ok	99.9913	uniform	99.9804	ok
NZ_CP062731.1	NZ_CP062763.1	99.9949	99.9950	0.9823	0.9866	0.00150	67	0.9911	626	0.070	0.9997	99.9861	99.9972	0.0075	0.79	AlfI:100.00,AloI:99.99,BcgI:99.99,FalI:100.00	8321	67	7076	924	109.40298507462687	ok	99.9949	gamma	99.9939	ok
NZ_CP062731.1	NZ_CP062766.1	99.9945	99.9945	0.9857	0.9873	0.00156	58	0.9924	608	inf	0.9997	99.9815	99.9977	0.0066	0.00	AlfI:99.99,AloI:100.00,BcgI:99.99,FalI:100.00	8347	58	7100	924	126.53448275862068	ok	99.9945	uniform	99.9908	ok
NZ_CP062731.1	NZ_CP062782.1	99.9941	99.9941	0.9856	0.9800	0.00163	56	0.9926	553	inf	0.9996	99.9768	99.9983	0.0075	0.20	AlfI:99.99,AloI:100.00,BcgI:99.99,FalI:100.00	8311	56	7100	924	130.16071428571428	ok	99.9941	uniform	99.9874	ok
NZ_CP062731.1	NZ_CP062769.1	99.9954	99.9954	0.9764	0.9812	0.00143	56	0.9925	486	inf	0.9997	99.9837	99.9983	0.0063	0.03	AlfI:99.99,AloI:99.99,BcgI:100.00,FalI:100.00	8136	56	7067	924	128.83928571428572	ok	99.9954	uniform	99.9924	ok
NZ_CP062731.1	NZ_CP062771.1	99.9950	99.9950	0.9856	0.9873	0.00149	62	0.9918	597	inf	0.9997	99.9815	99.9983	0.0063	0.01	AlfI:99.99,AloI:99.99,BcgI:99.99,FalI:100.00	8282	62	7100	924	118.1774193548387	ok	99.9950	uniform	99.9908	ok
NZ_CP062731.1	NZ_CP062774.1	99.9923	99.9923	0.9849	0.9802	0.00187	62	0.9918	611	inf	0.9995	99.9722	99.9972	0.0086	0.64	AlfI:99.99,AloI:99.99,BcgI:99.99,FalI:100.00	8334	62	7098	902	118.43548387096774	ok	99.9923	uniform	99.9839	ok
NZ_CP062733.1	NZ_CP062739.1	99.9995	99.9995	0.9874	0.9873	0.00045	67	0.9916	1050	inf	1.0000	99.9977	99.9999	0.0008	0.00	AlfI:100.00,AloI:100.00,BcgI:100.00,FalI:100.00	8592	67	7111	1059	113.58208955223881	ok	99.9995	uniform	99.9999	ok
NZ_CP062733.1	NZ_CP062736.1	99.9999	99.9999	0.9874	0.9874	0.21309	61	0.9921	609	inf	1.0000	99.9999	99.9999	0.0000	0.00	AlfI:100.00,AloI:100.00,BcgI:100.00,FalI:100.00	8350	61	7111	1059	120.65573770491804	ok	99.9999	uniform	100.0000	ok
NZ_CP062733.1	NZ_CP062742.1	99.9954	99.9954	0.9851	0.9878	0.00142	63	0.9917	614	inf	0.9997	99.9815	99.9989	0.0065	0.20	AlfI:100.00,AloI:100.00,BcgI:99.99,FalI:100.00	8336	63	7100	924	116.60317460317461	ok	99.9954	uniform	99.9908	ok
NZ_CP062733.1	NZ_CP062744.1	99.9995	99.9995	0.9868	0.9874	0.00045	60	0.9921	608	inf	1.0000	99.9977	99.9999	0.0008	0.00	AlfI:100.00,AloI:100.00,BcgI:100.00,FalI:100.00	8344	60	7106	1059	122.58333333333333	ok	99.9995	uniform	99.9999	ok
NZ_CP062733.1	NZ_CP062746.1	99.9977	99.9977	0.9855	0.9876	0.00100	62	0.9920	609	inf	0.9999	99.9884	99.9999	0.0027	0.00	AlfI:100.00,AloI:100.00,BcgI:100.00,FalI:100.00	8343	62	7105	924	118.61290322580645	ok	99.9977	uniform	99.9954	ok
NZ_CP062733.1	NZ_CP062749.1	99.9936	99.9936	0.9855	0.9876	0.00169	56	0.9927	543	inf	0.9996	99.9792	99.9972	0.0079	0.04	AlfI:99.99,AloI:99.99,BcgI:99.99,FalI:100.00	8238	56	7105	924	130.05357142857142	ok	99.9936	uniform	99.9891	ok
NZ_CP062733.1	NZ_CP062752.1	99.9945	99.9945	0.9850	0.9870	0.00156	63	0.9918	611	inf	0.9997	99.9838	99.9972	0.0075	0.12	AlfI:99.99,AloI:100.00,BcgI:99.99,FalI:100.00	8343	63	7103	902	116.71428571428571	ok	99.9945	uniform	99.9924	ok
NZ_CP062733.1	NZ_CP062755.1	99.9936	99.9936	0.9856	0.9877	0.00169	63	0.9918	611	inf	0.9996	99.9815	99.9966	0.0126	0.15	AlfI:99.99,AloI:99.99,BcgI:99.99,FalI:100.00	8313	63	7105	924	116.61904761904762	ok	99.9936	uniform	99.9908	ok
NZ_CP062733.1	NZ_CP062761.1	99.9922	99.9922	0.9807	0.9872	0.00188	66	0.9913	622	inf	0.9995	99.9721	99.9972	0.0151	0.77	AlfI:99.99,AloI:99.98,BcgI:99.99,FalI:100.00	8305	66	7068	924	110.9090909090909	ok	99.9922	uniform	99.9839	ok
NZ_CP062733.1	NZ_CP062758.1	99.9913	99.9913	0.9856	0.9875	0.00198	64	0.9917	614	inf	0.9995	99.9676	99.9972	0.0113	0.26	AlfI:99.99,AloI:99.99,BcgI:99.99,FalI:100.00	8338	64	7105	921	114.859375	ok	99.9913	uniform	99.9804	ok
NZ_CP062733.1	NZ_CP062763.1	99.9949	99.9950	0.9823	0.9872	0.00150	68	0.9911	625	0.070	0.9997	99.9861	99.9972	0.0075	0.79	AlfI:100.00,AloI:99.99,BcgI:99.99,FalI:100.00	8325	68	7081	924	107.88235294117646	ok	99.9949	gamma	99.9939	ok
NZ_CP062733.1	NZ_CP062766.1	99.9945	99.9945	0.9857	0.9879	0.00156	59	0.9924	609	inf	0.9997	99.9815	99.9977	0.0066	0.00	AlfI:99.99,AloI:100.00,BcgI:99.99,FalI:100.00	8353	59	7105	924	124.45762711864407	ok	99.9945	uniform	99.9908	ok
NZ_CP062733.1	NZ_CP062782.1	99.9936	99.9936	0.9857	0.9738	0.00169	59	0.9923	557	inf	0.9996	99.9745	99.9983	0.0084	0.33	AlfI:99.99,AloI:100.00,BcgI:99.99,FalI:100.00	8317	59	7105	924	123.67796610169492	ok	99.9936	uniform	99.9857	ok
NZ_CP062733.1	NZ_CP062769.1	99.9954	99.9954	0.9758	0.9812	0.00143	57	0.9924	487	inf	0.9997	99.9837	99.9983	0.0063	0.03	AlfI:99.99,AloI:99.99,BcgI:100.00,FalI:100.00	8137	57	7067	924	126.63157894736842	ok	99.9954	uniform	99.9924	ok
NZ_CP062733.1	NZ_CP062771.1	99.9950	99.9950	0.9857	0.9879	0.00149	63	0.9918	599	inf	0.9997	99.9815	99.9983	0.0063	0.01	AlfI:99.99,AloI:99.99,BcgI:99.99,FalI:100.00	8288	63	7105	924	116.36507936507937	ok	99.9950	uniform	99.9908	ok
NZ_CP062733.1	NZ_CP062774.1	99.9923	99.9923	0.9849	0.9808	0.00187	63	0.9918	610	inf	0.9995	99.9722	99.9972	0.0085	0.64	AlfI:99.99,AloI:99.99,BcgI:99.99,FalI:100.00	8338	63	7103	902	116.65079365079364	ok	99.9923	uniform	99.9840	ok
NZ_CP062739.1	NZ_CP062736.1	99.9974	99.9974	0.9873	0.9874	0.00106	66	0.9917	667	inf	0.9998	99.9910	99.9989	0.0061	0.52	AlfI:100.00,AloI:99.99,BcgI:100.00,FalI:100.00	8591	66	7338	1059	115.24242424242425	ok	99.9974	uniform	99.9969	ok
NZ_CP062739.1	NZ_CP062742.1	99.9947	99.9947	0.9850	0.9877	0.00152	70	0.9910	677	inf	0.9997	99.9798	99.9984	0.0082	0.50	AlfI:100.00,AloI:100.00,BcgI:99.99,FalI:100.00	8576	70	7327	924	108.52857142857142	ok	99.9947	uniform	99.9895	ok
NZ_CP062739.1	NZ_CP062744.1	99.9978	99.9978	0.9867	0.9874	0.00097	66	0.9916	675	inf	0.9999	99.9933	99.9989	0.0061	0.33	AlfI:100.00,AloI:99.99,BcgI:100.00,FalI:100.00	8587	66	7333	1059	115.24242424242425	ok	99.9978	uniform	99.9982	ok
NZ_CP062739.1	NZ_CP062746.1	99.9960	99.9960	0.9855	0.9876	0.00130	68	0.9914	676	inf	0.9998	99.9843	99.9989	0.0061	0.05	AlfI:100.00,AloI:99.99,BcgI:100.00,FalI:100.00	8586	68	7332	924	111.83823529411765	ok	99.9960	uniform	99.9926	ok
NZ_CP062739.1	NZ_CP062749.1	99.9929	99.9929	0.9855	0.9876	0.00176	61	0.9923	600	inf	0.9996	99.9753	99.9973	0.0122	0.10	AlfI:99.99,AloI:99.99,BcgI:99.99,FalI:100.00	8497	61	7332	924	123.52459016393442	ok	99.9929	uniform	99.9862	ok
NZ_CP062739.1	NZ_CP062752.1	99.9921	99.9921	0.9849	0.9870	0.00186	68	0.9914	669	inf	0.9995	99.9753	99.9962	0.0109	0.41	AlfI:99.99,AloI:99.99,BcgI:99.99,FalI:100.00	8584	68	7330	902	111.75	ok	99.9921	uniform	99.9862	ok
NZ_CP062739.1	NZ_CP062755.1	99.9943	99.9943	0.9856	0.9877	0.00158	69	0.9913	672	inf	0.9997	99.9865	99.9962	0.0072	0.11	AlfI:99.99,AloI:99.99,BcgI:99.99,FalI:100.00	8580	69	7332	924	110.14492753623189	ok	99.9943	uniform	99.9941	ok
NZ_CP062739.1	NZ_CP062761.1	99.9929	99.9929	0.9808	0.9872	0.00176	72	0.9907	683	inf	0.9996	99.9729	99.9978	0.0147	0.66	AlfI:99.99,AloI:99.98,BcgI:99.99,FalI:100.00	8547	72	7295	924	105.09722222222223	ok	99.9929	uniform	99.9844	ok
NZ_CP062739.1	NZ_CP062758.1	99.9912	99.9912	0.9855	0.9875	0.00197	71	0.9911	680	inf	0.9995	99.9663	99.9973	0.0118	0.37	AlfI:99.99,AloI:99.99,BcgI:99.99,FalI:100.00	8580	71	7332	921	107.09859154929578	ok	99.9912	uniform	99.9792	ok
NZ_CP062739.1	NZ_CP062763.1	99.9937	99.9938	0.9824	0.9872	0.00164	74	0.9906	687	0.070	0.9996	99.9842	99.9961	0.0100	1.51	AlfI:100.00,AloI:99.99,BcgI:99.99,FalI:100.00	8568	74	7308	924	102.47297297297297	ok	99.9937	gamma	99.9926	ok
NZ_CP062739.1	NZ_CP062766.1	99.9925	99.9925	0.9856	0.9878	0.00181	64	0.9920	667	inf	0.9995	99.9753	99.9967	0.0091	0.08	AlfI:99.99,AloI:99.99,BcgI:99.99,FalI:100.00	8621	64	7332	924	118.65625	ok	99.9925	uniform	99.9862	ok
NZ_CP062739.1	NZ_CP062782.1	99.9934	99.9934	0.9856	0.9806	0.00170	65	0.9918	619	inf	0.9996	99.9731	99.9984	0.0082	0.27	AlfI:99.99,AloI:100.00,BcgI:99.99,FalI:100.00	8552	65	7332	924	116.0923076923077	ok	99.9934	uniform	99.9845	ok
NZ_CP062739.1	NZ_CP062769.1	99.9951	99.9951	0.9752	0.9812	0.00146	59	0.9923	514	inf	0.9997	99.9842	99.9978	0.0124	0.25	AlfI:99.99,AloI:99.99,BcgI:100.00,FalI:100.00	8387	59	7289	924	126.1864406779661	ok	99.9951	uniform	99.9926	ok
NZ_CP062739.1	NZ_CP062771.1	99.9947	99.9947	0.9856	0.9878	0.00151	70	0.9912	665	inf	0.9997	99.9798	99.9984	0.0063	0.04	AlfI:99.99,AloI:99.99,BcgI:99.99,FalI:100.00	8554	70	7332	924	108.38571428571429	ok	99.9947	uniform	99.9895	ok
NZ_CP062739.1	NZ_CP062774.1	99.9907	99.9907	0.9849	0.9808	0.00202	69	0.9913	678	inf	0.9994	99.9686	99.9962	0.0146	1.06	AlfI:99.99,AloI:99.98,BcgI:99.99,FalI:100.00	8581	69	7330	902	110.14492753623189	ok	99.9907	uniform	99.9810	ok
NZ_CP062736.1	NZ_CP062742.1	99.9954	99.9954	0.9851	0.9878	0.00142	63	0.9917	611	inf	0.9997	99.9815	99.9989	0.0065	0.20	AlfI:100.00,AloI:100.00,BcgI:99.99,FalI:100.00	8335	63	7100	924	116.61904761904762	ok	99.9954	uniform	99.9908	ok
NZ_CP062736.1	NZ_CP062744.1	99.9995	99.9995	0.9868	0.9874	0.00045	60	0.9921	608	inf	1.0000	99.9977	99.9999	0.0008	0.00	AlfI:100.00,AloI:100.00,BcgI:100.00,FalI:100.00	8345	60	7106	1059	122.56666666666666	ok	99.9995	uniform	99.9999	ok
NZ_CP062736.1	NZ_CP062746.1	99.9977	99.9977	0.9855	0.9876	0.00100	62	0.9920	609	inf	0.9999	99.9884	99.9999	0.0027	0.00	AlfI:100.00,AloI:100.00,BcgI:100.00,FalI:100.00	8344	62	7105	924	118.59677419354838	ok	99.9977	uniform	99.9954	ok
NZ_CP062736.1	NZ_CP062749.1	99.9936	99.9936	0.9855	0.9876	0.00169	56	0.9927	544	inf	0.9996	99.9792	99.9972	0.0079	0.04	AlfI:99.99,AloI:99.99,BcgI:99.99,FalI:100.00	8237	56	7105	924	130.07142857142858	ok	99.9936	uniform	99.9891	ok
NZ_CP062736.1	NZ_CP062752.1	99.9945	99.9945	0.9849	0.9870	0.00156	63	0.9918	610	inf	0.9997	99.9838	99.9972	0.0075	0.12	AlfI:99.99,AloI:100.00,BcgI:99.99,FalI:100.00	8342	63	7103	902	116.73015873015873	ok	99.9945	uniform	99.9924	ok
NZ_CP062736.1	NZ_CP062755.1	99.9927	99.9927	0.9856	0.9877	0.00181	63	0.9918	611	inf	0.9996	99.9792	99.9960	0.0126	0.17	AlfI:99.99,AloI:99.99,BcgI:99.99,FalI:100.00	8313	63	7105	924	116.61904761904762	ok	99.9927	uniform	99.9891	ok
NZ_CP062736.1	NZ_CP062761.1	99.9931	99.9931	0.9807	0.9872	0.00176	65	0.9914	616	inf	0.9996	99.9744	99.9977	0.0151	0.58	AlfI:99.99,AloI:99.98,BcgI:99.99,FalI:100.00	8305	65	7068	924	112.53846153846153	ok	99.9931	uniform	99.9856	ok
NZ_CP062736.1	NZ_CP062758.1	99.9913	99.9913	0.9856	0.9874	0.00198	64	0.9917	612	inf	0.9995	99.9676	99.9972	0.0113	0.26	AlfI:99.99,AloI:99.99,BcgI:99.99,FalI:100.00	8337	64	7105	921	114.875	ok	99.9913	uniform	99.9804	ok
NZ_CP062736.1	NZ_CP062763.1	99.9949	99.9950	0.9824	0.9872	0.00150	68	0.9911	626	0.070	0.9997	99.9861	99.9972	0.0075	0.79	AlfI:100.00,AloI:99.99,BcgI:99.99,FalI:100.00	8326	68	7081	924	107.86764705882354	ok	99.9949	gamma	99.9939	ok
NZ_CP062736.1	NZ_CP062766.1	99.9945	99.9945	0.9857	0.9879	0.00156	59	0.9924	608	inf	0.9997	99.9815	99.9977	0.0066	0.00	AlfI:99.99,AloI:100.00,BcgI:99.99,FalI:100.00	8352	59	7105	924	124.47457627118644	ok	99.9945	uniform	99.9908	ok
NZ_CP062736.1	NZ_CP062782.1	99.9941	99.9941	0.9857	0.9806	0.00163	57	0.9926	553	inf	0.9996	99.9768	99.9983	0.0075	0.20	AlfI:99.99,AloI:100.00,BcgI:99.99,FalI:100.00	8316	57	7105	924	127.96491228070175	ok	99.9941	uniform	99.9874	ok
NZ_CP062736.1	NZ_CP062769.1	99.9954	99.9954	0.9758	0.9812	0.00143	56	0.9925	486	inf	0.9997	99.9837	99.9983	0.0063	0.03	AlfI:99.99,AloI:99.99,BcgI:100.00,FalI:100.00	8136	56	7067	924	128.83928571428572	ok	99.9954	uniform	99.9924	ok
NZ_CP062736.1	NZ_CP062771.1	99.9950	99.9950	0.9857	0.9878	0.00149	63	0.9918	597	inf	0.9997	99.9815	99.9983	0.0063	0.01	AlfI:99.99,AloI:99.99,BcgI:99.99,FalI:100.00	8287	63	7105	924	116.38095238095238	ok	99.9950	uniform	99.9908	ok
NZ_CP062736.1	NZ_CP062774.1	99.9923	99.9923	0.9850	0.9808	0.00187	63	0.9918	611	inf	0.9995	99.9722	99.9972	0.0085	0.64	AlfI:99.99,AloI:99.99,BcgI:99.99,FalI:100.00	8339	63	7103	902	116.63492063492063	ok	99.9923	uniform	99.9840	ok
NZ_CP062742.1	NZ_CP062744.1	99.9950	99.9950	0.9853	0.9870	0.00150	63	0.9917	612	inf	0.9997	99.9791	99.9989	0.0056	0.03	AlfI:99.99,AloI:100.00,BcgI:99.99,FalI:100.00	8336	63	7098	1053	116.58730158730158	ok	99.9950	uniform	99.9891	ok
NZ_CP062742.1	NZ_CP062746.1	99.9959	99.9959	0.9858	0.9873	0.00135	63	0.9917	612	inf	0.9998	99.9838	99.9989	0.0046	0.02	AlfI:100.00,AloI:100.00,BcgI:100.00,FalI:100.00	8336	63	7099	1053	116.60317460317461	ok	99.9959	uniform	99.9924	ok
NZ_CP062742.1	NZ_CP062749.1	99.9932	99.9932	0.9884	0.9879	0.00175	56	0.9926	548	inf	0.9996	99.9769	99.9972	0.0093	0.15	AlfI:99.99,AloI:99.99,BcgI:99.99,FalI:100.00	8240	56	7110	1053	130.16071428571428	ok	99.9932	uniform	99.9874	ok
NZ_CP062742.1	NZ_CP062752.1	99.9936	99.9936	0.9852	0.9867	0.00169	64	0.9916	613	inf	0.9996	99.9791	99.9972	0.0075	0.16	AlfI:99.99,AloI:100.00,BcgI:99.99,FalI:100.00	8334	64	7097	1053	114.796875	ok	99.9936	uniform	99.9891	ok
NZ_CP062742.1	NZ_CP062755.1	99.9927	99.9927	0.9884	0.9878	0.00181	59	0.9922	607	inf	0.9996	99.9792	99.9960	0.0085	0.31	AlfI:99.99,AloI:99.99,BcgI:99.99,FalI:100.00	8314	59	7110	1053	124.50847457627118	ok	99.9927	uniform	99.9891	ok
NZ_CP062742.1	NZ_CP062761.1	99.9936	99.9936	0.9841	0.9879	0.00170	63	0.9917	619	inf	0.9996	99.9744	99.9983	0.0228	1.63	AlfI:99.99,AloI:99.97,BcgI:100.00,FalI:100.00	8312	63	7078	1053	116.3015873015873	ok	99.9936	uniform	99.9857	ok
NZ_CP062742.1	NZ_CP062758.1	99.9923	99.9923	0.9885	0.9876	0.00187	60	0.9921	607	inf	0.9995	99.9722	99.9972	0.0053	0.38	AlfI:99.99,AloI:99.99,BcgI:99.99,FalI:100.00	8337	60	7110	1053	122.55	ok	99.9923	uniform	99.9840	ok
NZ_CP062742.1	NZ_CP062763.1	99.9935	99.9936	0.9852	0.9874	0.00170	64	0.9915	622	0.070	0.9996	99.9838	99.9960	0.0094	0.70	AlfI:100.00,AloI:99.99,BcgI:99.99,FalI:100.00	8328	64	7086	1053	114.609375	ok	99.9935	gamma	99.9924	ok
NZ_CP062742.1	NZ_CP062766.1	99.9950	99.9950	0.9883	0.9879	0.00149	59	0.9922	613	inf	0.9997	99.9838	99.9977	0.0066	0.02	AlfI:99.99,AloI:100.00,BcgI:99.99,FalI:100.00	8355	59	7110	1053	124.55932203389831	ok	99.9950	uniform	99.9924	ok
NZ_CP062742.1	NZ_CP062782.1	99.9945	99.9945	0.9882	0.9805	0.00156	53	0.9930	552	inf	0.9997	99.9792	99.9983	0.0065	0.10	AlfI:99.99,AloI:100.00,BcgI:99.99,FalI:100.00	8319	53	7110	1053	137.64150943396226	ok	99.9945	uniform	99.9891	ok
NZ_CP062742.1	NZ_CP062769.1	99.9941	99.9941	0.9792	0.9819	0.00163	55	0.9927	480	inf	0.9996	99.9837	99.9966	0.0075	0.12	AlfI:99.99,AloI:99.99,BcgI:99.99,FalI:100.00	8143	55	7077	1053	131.29090909090908	ok	99.9941	uniform	99.9924	ok
NZ_CP062742.1	NZ_CP062771.1	99.9955	99.9955	0.9883	0.9878	0.00142	59	0.9922	593	inf	0.9997	99.9838	99.9983	0.0063	0.03	AlfI:99.99,AloI:99.99,BcgI:100.00,FalI:100.00	8289	59	7110	1053	124.27118644067797	ok	99.9955	uniform	99.9924	ok
NZ_CP062742.1	NZ_CP062774.1	99.9913	99.9913	0.9852	0.9805	0.00198	64	0.9916	614	inf	0.9995	99.9675	99.9972	0.0061	0.23	AlfI:99.99,AloI:99.99,BcgI:99.99,FalI:99.99	8331	64	7097	1053	114.703125	ok	99.9913	uniform	99.9804	ok
NZ_CP062744.1	NZ_CP062746.1	99.9982	99.9982	0.9849	0.9870	0.00090	62	0.9918	605	inf	0.9999	99.9907	99.9999	0.0026	0.04	AlfI:100.00,AloI:100.00,BcgI:100.00,FalI:100.00	8338	62	7100	924	118.48387096774194	ok	99.9982	uniform	99.9968	ok
NZ_CP062744.1	NZ_CP062749.1	99.9941	99.9941	0.9849	0.9870	0.00163	56	0.9926	540	inf	0.9996	99.9815	99.9972	0.0079	0.12	AlfI:99.99,AloI:99.99,BcgI:99.99,FalI:100.00	8233	56	7100	924	129.91071428571428	ok	99.9941	uniform	99.9908	ok
NZ_CP062744.1	NZ_CP062752.1	99.9941	99.9941	0.9843	0.9864	0.00163	63	0.9917	606	inf	0.9996	99.9815	99.9972	0.0084	0.22	AlfI:99.99,AloI:100.00,BcgI:99.99,FalI:100.00	8338	63	7098	902	116.55555555555556	ok	99.9941	uniform	99.9908	ok
NZ_CP062744.1	NZ_CP062755.1	99.9932	99.9932	0.9850	0.9871	0.00175	64	0.9916	611	inf	0.9996	99.9815	99.9960	0.0126	0.14	AlfI:99.99,AloI:99.99,BcgI:99.99,FalI:100.00	8308	64	7100	924	114.734375	ok	99.9932	uniform	99.9908	ok
NZ_CP062744.1	NZ_CP062761.1	99.9927	99.9927	0.9806	0.9872	0.00182	67	0.9911	617	inf	0.9996	99.9721	99.9977	0.0151	0.65	AlfI:99.99,AloI:99.98,BcgI:99.99,FalI:100.00	8305	67	7068	924	109.17910447761194	ok	99.9927	uniform	99.9839	ok
NZ_CP062744.1	NZ_CP062758.1	99.9909	99.9909	0.9850	0.9869	0.00203	64	0.9916	609	inf	0.9994	99.9652	99.9972	0.0122	0.37	AlfI:99.99,AloI:99.99,BcgI:99.99,FalI:100.00	8333	64	7100	921	114.703125	ok	99.9909	uniform	99.9786	ok
NZ_CP062744.1	NZ_CP062763.1	99.9944	99.9945	0.9817	0.9866	0.00157	68	0.9910	621	0.070	0.9997	99.9837	99.9972	0.0084	1.02	AlfI:100.00,AloI:99.99,BcgI:99.99,FalI:100.00	8320	68	7076	924	107.73529411764706	ok	99.9944	gamma	99.9924	ok
NZ_CP062744.1	NZ_CP062766.1	99.9941	99.9941	0.9850	0.9873	0.00163	59	0.9922	605	inf	0.9996	99.9791	99.9977	0.0075	0.02	AlfI:99.99,AloI:100.00,BcgI:99.99,FalI:100.00	8348	59	7100	924	124.28813559322033	ok	99.9941	uniform	99.9891	ok
NZ_CP062744.1	NZ_CP062782.1	99.9945	99.9945	0.9850	0.9800	0.00156	57	0.9924	550	inf	0.9997	99.9791	99.9983	0.0065	0.10	AlfI:99.99,AloI:100.00,BcgI:99.99,FalI:100.00	8312	57	7100	924	127.80701754385964	ok	99.9945	uniform	99.9891	ok
NZ_CP062744.1	NZ_CP062769.1	99.9950	99.9950	0.9757	0.9812	0.00150	58	0.9922	483	inf	0.9997	99.9814	99.9983	0.0063	0.01	AlfI:99.99,AloI:99.99,BcgI:99.99,FalI:100.00	8137	58	7067	924	124.36206896551724	ok	99.9950	uniform	99.9907	ok
NZ_CP062744.1	NZ_CP062771.1	99.9945	99.9945	0.9850	0.9873	0.00156	63	0.9917	595	inf	0.9997	99.9791	99.9983	0.0065	0.04	AlfI:99.99,AloI:99.99,BcgI:99.99,FalI:100.00	8283	63	7100	924	116.2063492063492	ok	99.9945	uniform	99.9891	ok
NZ_CP062744.1	NZ_CP062774.1	99.9927	99.9927	0.9843	0.9802	0.00181	63	0.9917	606	inf	0.9996	99.9745	99.9972	0.0086	0.49	AlfI:99.99,AloI:99.99,BcgI:99.99,FalI:100.00	8333	63	7098	902	116.52380952380952	ok	99.9927	uniform	99.9857	ok
NZ_CP062746.1	NZ_CP062749.1	99.9950	99.9950	0.9882	0.9883	0.00149	55	0.9929	543	inf	0.9997	99.9861	99.9972	0.0066	0.10	AlfI:99.99,AloI:99.99,BcgI:100.00,FalI:100.00	8238	55	7106	1053	132.45454545454547	ok	99.9950	uniform	99.9940	ok
NZ_CP062746.1	NZ_CP062752.1	99.9950	99.9950	0.9877	0.9877	0.00149	62	0.9920	609	inf	0.9997	99.9861	99.9972	0.0075	0.34	AlfI:100.00,AloI:100.00,BcgI:99.99,FalI:100.00	8343	62	7104	1053	118.59677419354838	ok	99.9950	uniform	99.9940	ok
NZ_CP062746.1	NZ_CP062755.1	99.9941	99.9941	0.9883	0.9884	0.00163	62	0.9920	610	inf	0.9996	99.9861	99.9960	0.0126	0.22	AlfI:99.99,AloI:99.99,BcgI:99.99,FalI:100.00	8313	62	7106	1053	118.53225806451613	ok	99.9941	uniform	99.9940	ok
NZ_CP062746.1	NZ_CP062761.1	99.9936	99.9936	0.9834	0.9879	0.00170	65	0.9914	620	inf	0.9996	99.9767	99.9977	0.0152	0.75	AlfI:100.00,AloI:99.98,BcgI:99.99,FalI:100.00	8305	65	7069	1053	112.61538461538461	ok	99.9936	uniform	99.9874	ok
NZ_CP062746.1	NZ_CP062758.1	99.9918	99.9918	0.9883	0.9881	0.00192	63	0.9918	612	inf	0.9995	99.9699	99.9972	0.0113	0.42	AlfI:99.99,AloI:99.99,BcgI:99.99,FalI:100.00	8338	63	7106	1053	116.68253968253968	ok	99.9918	uniform	99.9822	ok
NZ_CP062746.1	NZ_CP062763.1	99.9945	99.9945	0.9851	0.9879	0.00157	67	0.9913	624	0.070	0.9997	99.9837	99.9972	0.0084	1.02	AlfI:100.00,AloI:99.99,BcgI:99.99,FalI:100.00	8325	67	7082	1053	109.49253731343283	ok	99.9945	gamma	99.9924	ok
NZ_CP062746.1	NZ_CP062766.1	99.9950	99.9950	0.9884	0.9885	0.00149	58	0.9925	608	inf	0.9997	99.9838	99.9977	0.0065	0.04	AlfI:99.99,AloI:100.00,BcgI:99.99,FalI:100.00	8353	58	7106	1053	126.60344827586206	ok	99.9950	uniform	99.9924	ok
NZ_CP062746.1	NZ_CP062782.1	99.9955	99.9955	0.9884	0.9812	0.00142	56	0.9927	553	inf	0.9997	99.9838	99.9983	0.0056	0.09	AlfI:100.00,AloI:100.00,BcgI:99.99,FalI:100.00	8317	56	7106	1053	130.26785714285714	ok	99.9955	uniform	99.9924	ok
NZ_CP062746.1	NZ_CP062769.1	99.9959	99.9959	0.9785	0.9819	0.00135	56	0.9925	486	inf	0.9997	99.9860	99.9983	0.0063	0.05	AlfI:100.00,AloI:99.99,BcgI:100.00,FalI:100.00	8137	56	7068	1053	128.89285714285714	ok	99.9959	uniform	99.9939	ok
NZ_CP062746.1	NZ_CP062771.1	99.9955	99.9955	0.9884	0.9885	0.00142	62	0.9919	598	inf	0.9997	99.9838	99.9983	0.0063	0.11	AlfI:100.00,AloI:99.99,BcgI:99.99,FalI:100.00	8288	62	7106	1053	118.24193548387096	ok	99.9955	uniform	99.9924	ok
NZ_CP062746.1	NZ_CP062774.1	99.9936	99.9936	0.9877	0.9815	0.00169	62	0.9920	609	inf	0.9996	99.9792	99.9972	0.0087	0.59	AlfI:100.00,AloI:99.99,BcgI:99.99,FalI:100.00	8338	62	7104	1053	118.56451612903226	ok	99.9936	uniform	99.9891	ok
NZ_CP062749.1	NZ_CP062752.1	99.9904	99.9904	0.9851	0.9871	0.00208	57	0.9926	547	inf	0.9994	99.9699	99.9955	0.0041	0.12	AlfI:99.99,AloI:99.99,BcgI:99.99,FalI:99.99	8236	57	7107	1053	127.78947368421052	ok	99.9904	uniform	99.9822	ok
NZ_CP062749.1	NZ_CP062755.1	99.9898	99.9900	0.9884	0.9884	0.00213	56	0.9927	546	0.070	0.9994	99.9723	99.9943	0.0106	0.26	AlfI:99.99,AloI:99.98,BcgI:99.99,FalI:99.99	8241	56	7120	1053	130.23214285714286	ok	99.9898	gamma	99.9840	ok
NZ_CP062749.1	NZ_CP062761.1	99.9890	99.9890	0.9836	0.9879	0.00223	59	0.9922	560	inf	0.9993	99.9605	99.9960	0.0172	0.54	AlfI:99.99,AloI:99.97,BcgI:99.99,FalI:99.99	8210	59	7083	1053	123.11864406779661	ok	99.9890	uniform	99.9748	ok
NZ_CP062749.1	NZ_CP062758.1	99.9873	99.9873	0.9884	0.9881	0.00240	57	0.9926	547	inf	0.9992	99.9538	99.9955	0.0058	0.24	AlfI:99.99,AloI:99.99,BcgI:99.99,FalI:99.99	8239	57	7120	1053	127.91228070175438	ok	99.9873	uniform	99.9694	ok
NZ_CP062749.1	NZ_CP062763.1	99.9893	99.9895	0.9852	0.9879	0.00218	61	0.9920	563	0.070	0.9994	99.9699	99.9943	0.0091	1.02	AlfI:99.99,AloI:99.99,BcgI:99.99,FalI:100.00	8231	61	7096	1053	119.29508196721312	ok	99.9893	gamma	99.9822	ok
NZ_CP062749.1	NZ_CP062766.1	99.9909	99.9909	0.9884	0.9885	0.00203	53	0.9932	568	inf	0.9994	99.9700	99.9960	0.0065	0.55	AlfI:99.99,AloI:99.99,BcgI:99.99,FalI:100.00	8303	53	7120	1053	137.9811320754717	ok	99.9909	uniform	99.9822	ok
NZ_CP062749.1	NZ_CP062782.1	99.9923	99.9923	0.9884	0.9812	0.00187	55	0.9929	545	inf	0.9995	99.9700	99.9977	0.0022	0.09	AlfI:99.99,AloI:99.99,BcgI:99.99,FalI:99.99	8276	55	7120	1053	132.5818181818182	ok	99.9923	uniform	99.9822	ok
NZ_CP062749.1	NZ_CP062769.1	99.9913	99.9913	0.9786	0.9819	0.00198	49	0.9934	428	inf	0.9995	99.9744	99.9955	0.0127	0.04	AlfI:99.99,AloI:99.99,BcgI:99.99,FalI:100.00	8077	49	7082	1053	146.28571428571428	ok	99.9913	uniform	99.9857	ok
NZ_CP062749.1	NZ_CP062771.1	99.9941	99.9941	0.9884	0.9885	0.00163	57	0.9926	553	inf	0.9996	99.9746	99.9989	0.0066	0.10	AlfI:99.99,AloI:100.00,BcgI:99.99,FalI:100.00	8243	57	7120	1053	128.05263157894737	ok	99.9941	uniform	99.9857	ok
NZ_CP062749.1	NZ_CP062774.1	99.9891	99.9891	0.9851	0.9809	0.00223	57	0.9926	548	inf	0.9993	99.9630	99.9955	0.0097	0.26	AlfI:99.99,AloI:99.98,BcgI:99.99,FalI:99.99	8233	57	7107	1053	127.71929824561404	ok	99.9891	uniform	99.9768	ok
NZ_CP062752.1	NZ_CP062755.1	99.9932	99.9932	0.9872	0.9876	0.00175	64	0.9917	612	inf	0.9996	99.9884	99.9943	0.0126	0.36	AlfI:99.99,AloI:99.99,BcgI:99.99,FalI:100.00	8312	64	7099	1053	114.796875	ok	99.9932	uniform	99.9954	ok
NZ_CP062752.1	NZ_CP062761.1	99.9936	99.9936	0.9822	0.9872	0.00170	66	0.9912	617	inf	0.9996	99.9837	99.9960	0.0152	0.75	AlfI:100.00,AloI:99.98,BcgI:99.99,FalI:100.00	8304	66	7062	1053	110.83333333333333	ok	99.9936	uniform	99.9923	ok
NZ_CP062752.1	NZ_CP062758.1	99.9918	99.9918	0.9872	0.9874	0.00193	65	0.9916	613	inf	0.9995	99.9768	99.9955	0.0113	0.42	AlfI:99.99,AloI:99.99,BcgI:99.99,FalI:100.00	8336	65	7099	1053	113.1076923076923	ok	99.9918	uniform	99.9874	ok
NZ_CP062752.1	NZ_CP062763.1	99.9936	99.9936	0.9839	0.9871	0.00170	69	0.9910	627	0.070	0.9996	99.9907	99.9943	0.0103	1.52	AlfI:100.00,AloI:99.99,BcgI:99.99,FalI:100.00	8325	69	7075	1053	106.30434782608695	ok	99.9936	gamma	99.9968	ok
NZ_CP062752.1	NZ_CP062766.1	99.9950	99.9950	0.9872	0.9878	0.00149	60	0.9922	609	inf	0.9997	99.9907	99.9960	0.0065	0.04	AlfI:99.99,AloI:100.00,BcgI:99.99,FalI:100.00	8351	60	7099	1053	122.4	ok	99.9950	uniform	99.9968	ok
NZ_CP062752.1	NZ_CP062782.1	99.9945	99.9945	0.9872	0.9805	0.00156	58	0.9925	554	inf	0.9997	99.9861	99.9966	0.0075	0.37	AlfI:100.00,AloI:100.00,BcgI:99.99,FalI:100.00	8316	58	7099	1053	125.75862068965517	ok	99.9945	uniform	99.9939	ok
NZ_CP062752.1	NZ_CP062769.1	99.9950	99.9950	0.9773	0.9811	0.00150	57	0.9924	487	inf	0.9997	99.9930	99.9954	0.0066	0.21	AlfI:100.00,AloI:99.99,BcgI:99.99,FalI:100.00	8135	57	7061	1053	126.57894736842105	ok	99.9950	uniform	99.9981	ok
NZ_CP062752.1	NZ_CP062771.1	99.9954	99.9954	0.9872	0.9878	0.00142	64	0.9917	598	inf	0.9997	99.9907	99.9966	0.0063	0.11	AlfI:100.00,AloI:99.99,BcgI:99.99,FalI:100.00	8286	64	7099	1053	114.5625	ok	99.9954	uniform	99.9968	ok
NZ_CP062752.1	NZ_CP062774.1	99.9977	99.9977	0.9881	0.9818	0.00100	62	0.9920	610	inf	0.9999	99.9884	99.9999	0.0126	0.55	AlfI:100.00,AloI:99.99,BcgI:100.00,FalI:100.00	8339	62	7101	1053	118.53225806451613	ok	99.9977	uniform	99.9954	ok
NZ_CP062755.1	NZ_CP062761.1	99.9895	99.9895	0.9834	0.9878	0.00218	61	0.9919	612	inf	0.9994	99.9675	99.9949	0.0214	1.08	AlfI:99.99,AloI:99.97,BcgI:99.99,FalI:100.00	8284	61	7083	1053	119.95081967213115	ok	99.9895	uniform	99.9803	ok
NZ_CP062755.1	NZ_CP062758.1	99.9891	99.9891	0.9883	0.9881	0.00222	60	0.9922	607	inf	0.9993	99.9630	99.9955	0.0150	0.65	AlfI:99.99,AloI:99.99,BcgI:99.98,FalI:100.00	8316	60	7120	1053	122.51666666666667	ok	99.9891	uniform	99.9768	ok
NZ_CP062755.1	NZ_CP062763.1	99.9888	99.9891	0.9851	0.9878	0.00223	64	0.9917	619	0.070	0.9993	99.9745	99.9926	0.0191	0.71	AlfI:99.99,AloI:99.98,BcgI:99.99,FalI:100.00	8304	64	7096	1053	114.609375	ok	99.9888	gamma	99.9857	ok
NZ_CP062755.1	NZ_CP062766.1	99.9905	99.9905	0.9884	0.9885	0.00208	59	0.9924	610	inf	0.9994	99.9746	99.9943	0.0122	0.27	AlfI:99.99,AloI:99.99,BcgI:99.99,FalI:100.00	8356	59	7120	1053	124.59322033898304	ok	99.9905	uniform	99.9857	ok
NZ_CP062755.1	NZ_CP062782.1	99.9905	99.9905	0.9884	0.9744	0.00208	55	0.9929	551	inf	0.9994	99.9769	99.9938	0.0085	0.57	AlfI:99.99,AloI:99.99,BcgI:99.99,FalI:100.00	8294	55	7120	1053	132.6727272727273	ok	99.9905	uniform	99.9875	ok
NZ_CP062755.1	NZ_CP062769.1	99.9904	99.9904	0.9784	0.9819	0.00209	55	0.9927	483	inf	0.9994	99.9837	99.9920	0.0132	0.72	AlfI:99.99,AloI:99.99,BcgI:99.99,FalI:100.00	8140	55	7080	1053	131.3272727272727	ok	99.9904	uniform	99.9924	ok
NZ_CP062755.1	NZ_CP062771.1	99.9905	99.9905	0.9884	0.9885	0.00208	59	0.9924	592	inf	0.9994	99.9746	99.9943	0.0189	0.23	AlfI:99.99,AloI:99.98,BcgI:99.99,FalI:100.00	8291	59	7120	1053	124.32203389830508	ok	99.9905	uniform	99.9857	ok
NZ_CP062755.1	NZ_CP062774.1	99.9904	99.9904	0.9851	0.9810	0.00208	64	0.9917	613	inf	0.9994	99.9745	99.9943	0.0149	0.80	AlfI:99.99,AloI:99.98,BcgI:99.99,FalI:100.00	8308	64	7107	1053	114.75	ok	99.9904	uniform	99.9857	ok
NZ_CP062761.1	NZ_CP062758.1	99.9922	99.9922	0.9809	0.9869	0.00188	63	0.9917	616	inf	0.9995	99.9698	99.9977	0.0021	0.08	AlfI:99.99,AloI:99.99,BcgI:99.99,FalI:99.99	8308	63	7076	965	116.3015873015873	ok	99.9922	uniform	99.9821	ok
NZ_CP062761.1	NZ_CP062763.1	99.9941	99.9941	0.9814	0.9877	0.00163	63	0.9917	627	inf	0.9996	99.9814	99.9972	0.0151	0.57	AlfI:99.99,AloI:99.98,BcgI:100.00,FalI:100.00	8314	63	7079	965	116.4920634920635	ok	99.9941	uniform	99.9907	ok
NZ_CP062761.1	NZ_CP062766.1	99.9941	99.9941	0.9809	0.9873	0.00163	62	0.9918	610	inf	0.9996	99.9837	99.9966	0.0025	0.08	AlfI:99.99,AloI:99.99,BcgI:99.99,FalI:100.00	8320	62	7076	965	118.06451612903226	ok	99.9941	uniform	99.9924	ok
NZ_CP062761.1	NZ_CP062782.1	99.9893	99.9895	0.9877	0.9800	0.00218	60	0.9921	619	0.070	0.9994	99.9699	99.9943	0.0088	1.35	AlfI:99.99,AloI:99.99,BcgI:99.99,FalI:99.99	8353	60	7103	965	122.21666666666667	ok	99.9893	gamma	99.9822	ok
NZ_CP062761.1	NZ_CP062769.1	99.9881	99.9881	0.9789	0.9886	0.00233	58	0.9922	490	inf	0.9993	99.9698	99.9926	0.0071	0.75	AlfI:99.99,AloI:99.99,BcgI:99.98,FalI:99.99	8132	58	7073	965	124.46551724137932	ok	99.9881	uniform	99.9821	ok
NZ_CP062761.1	NZ_CP062771.1	99.9918	99.9918	0.9874	0.9875	0.00192	63	0.9917	602	inf	0.9995	99.9815	99.9943	0.0151	0.65	AlfI:99.99,AloI:99.98,BcgI:99.99,FalI:100.00	8283	63	7101	965	116.38095238095238	ok	99.9918	uniform	99.9908	ok
NZ_CP062761.1	NZ_CP062774.1	99.9918	99.9918	0.9777	0.9798	0.00194	67	0.9911	622	inf	0.9995	99.9720	99.9966	0.0140	0.74	AlfI:99.99,AloI:99.98,BcgI:99.99,FalI:99.99	8300	67	7063	965	109.22388059701493	ok	99.9918	uniform	99.9839	ok
NZ_CP062758.1	NZ_CP062763.1	99.9917	99.9918	0.9848	0.9878	0.00193	65	0.9915	622	0.070	0.9995	99.9814	99.9943	0.0127	1.51	AlfI:100.00,AloI:99.99,BcgI:99.99,FalI:100.00	8329	65	7085	1053	112.9076923076923	ok	99.9917	gamma	99.9908	ok
NZ_CP062758.1	NZ_CP062766.1	99.9941	99.9941	0.9882	0.9885	0.00163	60	0.9922	613	inf	0.9996	99.9861	99.9960	0.0075	0.12	AlfI:99.99,AloI:99.99,BcgI:99.99,FalI:100.00	8355	60	7109	1053	122.53333333333333	ok	99.9941	uniform	99.9940	ok
NZ_CP062758.1	NZ_CP062782.1	99.9927	99.9927	0.9882	0.9812	0.00181	54	0.9930	547	inf	0.9996	99.9769	99.9966	0.0053	0.50	AlfI:99.99,AloI:99.99,BcgI:99.99,FalI:100.00	8317	54	7109	1053	135.09259259259258	ok	99.9927	uniform	99.9874	ok
NZ_CP062758.1	NZ_CP062769.1	99.9927	99.9927	0.9783	0.9819	0.00182	56	0.9925	487	inf	0.9996	99.9837	99.9949	0.0127	0.48	AlfI:99.99,AloI:99.99,BcgI:99.99,FalI:100.00	8141	56	7071	1053	129.03571428571428	ok	99.9927	uniform	99.9924	ok
NZ_CP062758.1	NZ_CP062771.1	99.9936	99.9936	0.9882	0.9885	0.00169	58	0.9925	587	inf	0.9996	99.9815	99.9966	0.0126	0.27	AlfI:99.99,AloI:99.99,BcgI:99.99,FalI:100.00	8290	58	7109	1053	126.34482758620689	ok	99.9936	uniform	99.9908	ok
NZ_CP062758.1	NZ_CP062774.1	99.9918	99.9918	0.9847	0.9810	0.00193	65	0.9916	616	inf	0.9995	99.9768	99.9955	0.0151	1.44	AlfI:100.00,AloI:99.98,BcgI:99.99,FalI:100.00	8333	65	7094	1053	113.01538461538462	ok	99.9918	uniform	99.9874	ok
NZ_CP062763.1	NZ_CP062766.1	99.9917	99.9918	0.9823	0.9878	0.00193	64	0.9917	625	0.070	0.9995	99.9791	99.9949	0.0062	0.53	AlfI:99.99,AloI:99.99,BcgI:99.99,FalI:100.00	8346	64	7093	1053	114.65625	ok	99.9917	gamma	99.9891	ok
NZ_CP062763.1	NZ_CP062782.1	99.9897	99.9900	0.9824	0.9737	0.00213	60	0.9922	568	0.070	0.9994	99.9675	99.9955	0.0069	0.74	AlfI:99.99,AloI:99.99,BcgI:99.99,FalI:99.99	8309	60	7093	1053	121.45	ok	99.9897	gamma	99.9804	ok
NZ_CP062763.1	NZ_CP062769.1	99.9906	99.9908	0.9738	0.9816	0.00204	58	0.9922	497	0.070	0.9994	99.9744	99.9949	0.0086	0.79	AlfI:99.99,AloI:99.99,BcgI:99.99,FalI:100.00	8129	58	7060	1053	124.25862068965517	ok	99.9906	gamma	99.9856	ok
NZ_CP062763.1	NZ_CP062771.1	99.9921	99.9923	0.9824	0.9878	0.00187	64	0.9917	607	0.070	0.9995	99.9791	99.9955	0.0086	0.64	AlfI:99.99,AloI:99.99,BcgI:99.99,FalI:100.00	8280	64	7093	1053	114.390625	ok	99.9921	gamma	99.9891	ok
NZ_CP062763.1	NZ_CP062774.1	99.9877	99.9881	0.9791	0.9802	0.00233	69	0.9910	627	0.070	0.9993	99.9628	99.9943	0.0125	1.11	AlfI:99.99,AloI:99.98,BcgI:99.99,FalI:99.99	8320	69	7080	1053	106.2463768115942	ok	99.9877	gamma	99.9767	ok
NZ_CP062766.1	NZ_CP062782.1	99.9928	99.9928	0.9847	0.9804	0.00180	63	0.9919	615	inf	0.9996	99.9793	99.9961	0.0084	0.27	AlfI:99.99,AloI:100.00,BcgI:99.99,FalI:100.00	8398	63	7149	1053	117.04761904761905	ok	99.9928	uniform	99.9892	ok
NZ_CP062766.1	NZ_CP062769.1	99.9936	99.9936	0.9751	0.9811	0.00169	57	0.9924	487	inf	0.9996	99.9861	99.9955	0.0079	0.04	AlfI:99.99,AloI:99.99,BcgI:99.99,FalI:100.00	8183	57	7111	1053	127.01754385964912	ok	99.9936	uniform	99.9940	ok
NZ_CP062766.1	NZ_CP062771.1	99.9950	99.9950	0.9847	0.9877	0.00148	64	0.9917	610	inf	0.9997	99.9885	99.9966	0.0066	0.10	AlfI:99.99,AloI:99.99,BcgI:100.00,FalI:100.00	8357	64	7149	1053	115.125	ok	99.9950	uniform	99.9955	ok
NZ_CP062766.1	NZ_CP062774.1	99.9905	99.9905	0.9816	0.9803	0.00207	64	0.9917	606	inf	0.9994	99.9700	99.9955	0.0047	0.17	AlfI:99.99,AloI:99.99,BcgI:99.99,FalI:99.99	8348	64	7136	1053	114.8125	ok	99.9905	uniform	99.9823	ok
NZ_CP062782.1	NZ_CP062769.1	99.9752	99.9765	0.9655	0.9884	0.00325	55	0.9927	432	0.070	0.9986	99.9381	99.9860	0.0235	3.11	AlfI:99.98,AloI:99.99,BcgI:99.97,FalI:99.99	8190	55	7179	1053	131.54545454545453	ok	99.9752	gamma	99.9563	ok
NZ_CP062782.1	NZ_CP062771.1	99.9787	99.9798	0.9752	0.9879	0.00301	60	0.9922	551	0.070	0.9988	99.9407	99.9894	0.0143	1.58	AlfI:99.98,AloI:99.99,BcgI:99.98,FalI:99.99	8360	60	7217	1053	122.56666666666666	ok	99.9787	gamma	99.9584	ok
NZ_CP062782.1	NZ_CP062774.1	99.9835	99.9842	0.9607	0.9868	0.00267	63	0.9919	556	0.070	0.9990	99.9517	99.9921	0.0197	0.68	AlfI:99.99,AloI:99.97,BcgI:99.98,FalI:99.98	8338	63	7159	1053	116.0952380952381	ok	99.9835	gamma	99.9676	ok
NZ_CP062769.1	NZ_CP062771.1	99.9897	99.9899	0.9882	0.9861	0.00214	54	0.9928	487	0.070	0.9994	99.9674	99.9954	0.0151	1.55	AlfI:99.99,AloI:99.99,BcgI:99.98,FalI:100.00	8141	54	7068	1053	133.62962962962962	ok	99.9897	gamma	99.9803	ok
NZ_CP062769.1	NZ_CP062774.1	99.9913	99.9913	0.9784	0.9812	0.00200	58	0.9922	513	inf	0.9995	99.9696	99.9966	0.0089	1.31	AlfI:100.00,AloI:99.99,BcgI:99.99,FalI:99.99	8132	58	7028	1053	124.25862068965517	ok	99.9913	uniform	99.9820	ok
NZ_CP062771.1	NZ_CP062774.1	99.9909	99.9909	0.9783	0.9811	0.00203	65	0.9915	598	inf	0.9994	99.9676	99.9966	0.0124	0.47	AlfI:99.99,AloI:99.98,BcgI:99.99,FalI:99.99	8283	65	7102	1053	112.70769230769231	ok	99.9909	uniform	99.9804	ok
