query_asm	ref_asm	band	anim_ani	s2b_ani_4e	ridge_pred
GCA_013390615.1	GCA_903839205.1	0.8-0.85	85.8089	90.1088	86.17088318064596
GCA_001914815.1	GCA_001918935.1	0.8-0.85	86.897	91.6093	86.9886125752625
GCA_011772475.1	GCA_011049545.1	0.8-0.85	86.5123	90.0483	86.4139443319742
GCA_016789705.1	GCA_018000455.1	0.8-0.85	84.7165	87.553	85.60846423238543
GCF_000428885.1	GCA_017859995.1	0.8-0.85	86.0336	91.1827	87.12853019532976
GCA_016192845.1	GCA_001767525.1	0.8-0.85	87.3813	89.8413	87.05443616224656
GCA_009835985.1	GCA_002238705.1	0.8-0.85	86.3103	90.2316	86.1366615412568
GCA_003530835.1	GCA_014189895.1	0.8-0.85	83.7562	89.077	83.88315479865699
GCA_002414905.1	GCA_016714815.1	0.8-0.85	86.0132	89.8214	86.09481037975844
GCA_009694585.1	GCA_014190275.1	0.8-0.85	84.4572	88.9106	84.88105422369958
GCF_010287905.1	GCA_014803435.1	0.8-0.85	86.2973	87.7924	86.38831142672136
GCA_900538305.1	GCA_000333815.1	0.8-0.85	87.1457	87.728	86.14760383168046
GCF_001592045.1	GCF_001517975.1	0.8-0.85	86.0975	86.1387	86.07552007738528
GCF_016918015.1	GCF_003933745.1	0.8-0.85	86.3553	84.6032	85.7693479627613
GCF_004025965.2	GCF_011383005.1	0.8-0.85	85.6007	87.5973	85.84100953396693
GCF_014694315.1	GCF_001428005.1	0.8-0.85	86.0587	85.1879	85.38441321699042
GCA_001914705.1	GCA_005888315.1	0.8-0.85	85.5126	90.6488	85.78559426294858
GCF_009733845.1	GCF_009733815.1	0.8-0.85	85.6436	85.7618	86.25922032595719
GCF_008040105.1	GCA_003454135.1	0.8-0.85	86.149	90.0931	86.18842797104183
GCF_003003175.1	GCF_019173455.1	0.8-0.85	85.9887	86.5007	87.05127256601108
GCF_900112815.1	GCF_016612865.1	0.8-0.85	85.9801	84.1251	85.4794729877215
GCF_003610585.1	GCF_002936985.1	0.8-0.85	86.6378	88.1086	86.46594356128765
GCF_003751785.1	GCF_003755185.1	0.8-0.85	86.5203	85.5057	86.56005922626215
GCA_000620545.1	GCF_006717025.1	0.8-0.85	86.5934	86.7729	86.49180437999195
GCF_003121705.1	GCF_004786095.1	0.8-0.85	86.0981	84.8185	86.3996528990068
GCF_004323735.1	GCF_000826685.1	0.8-0.85	86.7749	86.9259	86.42837413425376
GCF_900108175.1	GCF_006363815.1	0.8-0.85	86.3843	86.5616	85.85891775602676
GCF_001592045.1	GCF_001660385.1	0.8-0.85	85.5014	87.2471	85.4630973898992
GCA_009702325.1	GCA_900299235.1	0.8-0.85	84.9257	87.3521	85.62631514931013
GCA_014360645.1	GCA_015711825.1	0.8-0.85	86.5645	88.9766	86.50895758881194
GCF_003096675.1	GCF_004363095.1	0.8-0.85	86.2649	87.7845	86.89071880755006
GCF_015690345.1	GCF_016862935.1	0.8-0.85	87.2672	90.396	86.81426919891517
GCF_000482865.1	GCF_900111175.1	0.8-0.85	85.5727	86.4399	85.80879215407519
GCF_000224415.1	GCF_005877055.1	0.8-0.85	86.5704	87.1246	87.0239502141526
GCF_001591405.1	GCA_019116945.1	0.8-0.85	85.5958	88.8206	86.35175258997505
GCF_001422285.1	GCF_000878135.1	0.8-0.85	86.179	88.1337	86.73777248178372
GCA_016463095.1	GCA_000428345.2	0.8-0.85	86.6015	89.7727	85.69126287651584
GCA_018260615.1	GCA_018260755.1	0.8-0.85	87.4317	94.8028	88.19956861628266
GCA_002897695.1	GCA_013151915.1	0.8-0.85	85.9986	87.7265	86.21780901227977
GCF_014252255.1	GCF_014252115.1	0.8-0.85	84.6362	87.7166	89.73950440401016
GCA_903821715.1	GCA_005786915.1	0.8-0.85	85.5259	92.553	86.44191340809115
GCF_001735745.1	GCA_018673215.1	0.8-0.85	85.5436	89.8701	86.14102112783996
GCA_018608725.1	GCA_018673215.1	0.8-0.85	84.7473	89.6275	84.66705309573153
GCF_014251575.1	GCF_011290385.1	0.8-0.85	84.8745	84.9698	89.65682534796939
GCF_008180195.1	GCF_014692515.1	0.8-0.85	86.2385	85.1965	85.55516067368245
GCF_900168045.1	GCF_000745315.1	0.8-0.85	85.0809	84.626	86.3899920953604
GCA_003158475.1	GCA_003161955.1	0.8-0.85	86.3485	89.8603	86.56454541414111
GCF_000799235.1	GCF_002835665.1	0.8-0.85	85.6568	88.0223	86.12344624148388
GCA_017651425.1	GCA_002311645.1	0.8-0.85	87.262	92.963	88.78061707035387
GCF_015476655.1	GCF_900176595.1	0.8-0.85	86.9485	87.8477	85.98198741368164
GCF_007827275.1	GCF_000258765.1	0.8-0.85	85.1494	87.1613	85.40692888119996
GCA_016866355.1	GCA_016868475.1	0.8-0.85	83.1014	88.4738	84.82076436825068
GCF_011762155.1	GCF_011927765.1	0.8-0.85	86.0897	84.8348	85.04261599494811
GCF_004364165.1	GCF_900155985.1	0.8-0.85	84.8797	88.0971	86.2795618072699
GCF_000745315.1	GCF_900142975.1	0.8-0.85	85.9111	85.4046	87.16595889825425
GCA_013287545.1	GCA_013288015.1	0.8-0.85	86.584	92.2659	87.08496014885178
GCF_014692515.1	GCF_014692525.1	0.8-0.85	85.5402	85.0669	84.92106728012948
GCF_000382125.1	GCA_905479615.1	0.8-0.85	84.0711	88.7788	83.28450095865507
GCA_900539915.1	GCA_001689515.1	0.8-0.85	86.2841	88.7987	86.41923531003675
GCF_005047595.1	GCF_011777505.1	0.8-0.85	84.897	87.3608	85.44560897456495
GCF_000023465.1	GCF_900112105.1	0.8-0.85	85.0386	85.0704	86.22373420647318
GCA_002440975.1	GCA_015709215.1	0.8-0.85	85.4854	90.0448	85.96115074978371
GCA_903907915.1	GCA_002479785.1	0.8-0.85	84.1141	93.9422	87.62996215886729
GCF_007197735.1	GCF_001439665.1	0.8-0.85	84.8952	86.2817	85.75165749043076
GCA_017464285.1	GCA_017446025.1	0.8-0.85	85.7274	87.4498	86.27304323996836
GCF_000943555.1	GCF_000943565.1	0.8-0.85	85.4129	86.9525	85.61022912410502
GCA_016868875.1	GCA_005799025.1	0.8-0.85	84.9808	89.8802	85.13805881509467
GCA_002381125.1	GCA_002305015.1	0.8-0.85	85.3742	87.852	85.76410752785634
GCA_009926405.1	GCA_903856555.1	0.8-0.85	85.1618	90.1758	85.29016627058247
GCA_002389465.1	GCA_003648625.1	0.8-0.85	85.3113	93.1836	87.14123201129117
GCA_002366675.1	GCF_003148645.1	0.8-0.85	85.5245	91.3124	86.29860599976465
GCF_004115975.1	GCF_014062315.1	0.8-0.85	84.9781	87.9639	85.54626343731395
GCA_014376445.1	GCA_014378525.1	0.8-0.85	84.9457	91.3703	86.96702989215929
GCA_001770015.1	GCA_001769975.1	0.8-0.85	84.3271	88.9013	85.27378821663783
GCA_002715375.1	GCA_002474345.1	0.8-0.85	84.7399	89.9083	86.65005974130199
GCA_903871855.1	GCF_003570935.1	0.8-0.85	86.4778	90.6171	85.94190115148176
GCA_004116455.1	GCF_004116625.1	0.8-0.85	85.9613	85.5543	85.96848957550239
GCF_000277405.1	GCF_000259275.1	0.8-0.85	84.2487	88.5948	85.25901198282446
GCF_000259275.1	GCF_900461455.1	0.8-0.85	84.5721	91.8228	85.64435043411473
GCF_002272925.1	GCF_002272875.1	0.8-0.85	85.2027	89.2581	87.28500586161839
GCF_013177675.1	GCF_013201935.1	0.8-0.85	84.5765	88.4795	85.98808998837455
GCA_002869535.1	GCF_000092245.1	0.8-0.85	86.0096	85.7956	86.66996328496415
GCA_015488995.1	GCA_015485845.1	0.8-0.85	86.4013	93.6997	87.61031648417219
GCA_004116725.1	GCF_003346775.1	0.8-0.85	84.0534	87.8991	85.41829335636744
GCA_011065175.1	GCA_011064875.1	0.8-0.85	85.9942	91.8496	85.79029055082252
GCA_011065175.1	GCA_011065045.1	0.8-0.85	85.1389	93.5185	85.93092379307915
GCA_002719675.1	GCA_009392295.1	0.8-0.85	85.1369	82.9149	85.04048917291314
GCA_013112725.1	GCA_014584575.1	0.8-0.85	86.211	92.1886	86.91917834023795
GCA_003130875.1	GCA_011362805.1	0.8-0.85	85.6026	91.0743	86.13004417947299
GCA_008373165.1	GCA_002725925.1	0.8-0.85	85.3055	89.3584	85.50908323464442
GCA_002718395.1	GCA_002710905.1	0.8-0.85	85.1304	89.4826	85.29989910962128
GCA_905614375.1	GCA_018649665.1	0.8-0.85	86.5709	90.8377	86.0256901693509
GCA_014874475.1	GCA_014360895.1	0.8-0.85	86.7283	92.8114	87.27425394847211
GCA_005880575.1	GCA_005883775.1	0.8-0.85	85.8807	90.1504	85.62936732645736
GCA_016875875.1	GCA_001795315.1	0.8-0.85	84.9743	91.798	85.10223292821698
GCA_016930185.1	GCA_016926705.1	0.8-0.85	85.9554	91.4745	86.5670024694282
GCA_001567485.1	GCA_016716525.1	0.8-0.85	85.9683	88.5132	86.62520319729921
GCA_012728875.1	GCA_012522635.1	0.8-0.85	85.4042	88.1816	85.86187440314882
GCF_016807185.1	GCA_003249025.1	0.8-0.85	86.1158	91.2523	87.15711939197024
GCF_014697425.1	GCF_014697475.1	0.8-0.85	87.082	90.9187	86.48573961593534
GCA_003212515.1	GCA_003279445.1	0.8-0.85	84.6926	83.8499	85.43842638978236
GCF_003007785.1	GCF_017312365.1	0.8-0.85	86.058	91.445	87.1529143247242
GCF_001637315.1	GCF_009846485.1	0.8-0.85	86.7656	91.6398	87.31344359528677
GCF_000317225.1	GCF_000317245.1	0.8-0.85	87.8672	92.6045	87.59609140506835
GCF_000025125.1	GCA_000737945.1	0.8-0.85	85.9597	87.2794	88.02653106003727
GCA_002168155.1	GCA_002470305.1	0.8-0.85	83.8832	88.7753	85.26546200312248
GCF_003846445.1	GCF_000010065.1	0.8-0.85	85.2414	85.7056	86.11718410105169
GCF_001548435.1	GCF_001485215.1	0.8-0.85	85.4678	86.8726	84.7394537770283
GCF_015840335.1	GCA_016882385.1	0.8-0.85	85.5182	89.7272	86.21357565121234
GCF_004323185.1	GCF_000317225.1	0.8-0.85	87.559	91.2931	86.22093103043646
GCF_012912105.1	GCF_000828085.3	0.8-0.85	88.19	92.0145	87.16780514738876
GCA_003277985.1	GCA_902564695.1	0.8-0.85	85.214	85.9003	85.48537212197687
GCF_900009275.2	GCA_903893625.1	0.8-0.85	87.6883	95.8865	90.11238502731733
GCF_001597745.1	GCF_000316645.1	0.8-0.85	87.0126	91.431	86.53131750699087
GCA_019116905.1	GCA_910586745.1	0.8-0.85	85.0194	92.9227	87.67995045430237
GCF_003426945.1	GCA_002355995.1	0.8-0.85	85.3231	90.3514	86.33711810266905
GCA_015488545.1	GCA_015490435.1	0.8-0.85	84.6901	86.8489	84.7823951693767
GCF_000091545.1	GCF_004307015.1	0.8-0.85	85.0225	90.0166	85.37593164030235
GCF_000794385.1	GCF_002964845.1	0.8-0.85	84.9145	87.154	85.89436717722872
GCF_013389365.1	GCF_000745975.1	0.8-0.85	87.4886	91.5607	86.2788706363736
GCF_008330225.1	GCA_003151775.1	0.8-0.85	86.8944	89.8744	86.16824464058203
GCA_903869265.1	GCA_002841785.1	0.8-0.85	86.3377	91.7219	86.74674733824261
GCF_004917065.1	GCF_016458305.1	0.8-0.85	85.8958	85.7266	86.3853368168828
GCA_002747145.1	GCF_000373985.1	0.8-0.85	86.1491	90.9575	85.37470780636556
GCA_903869265.1	GCA_001799285.1	0.8-0.85	85.9444	89.199	85.56750891767129
GCA_012728915.1	GCA_013177795.1	0.8-0.85	86.511	88.2111	87.01625642154565
GCF_000175115.2	GCF_016458305.1	0.8-0.85	86.486	87.3891	87.13296200775532
GCF_013389365.1	GCF_000373985.1	0.8-0.85	87.3143	91.4333	86.39819941458762
GCA_005774545.1	GCA_012026975.1	0.8-0.85	85.3801	89.3911	85.99053939308614
GCA_002419215.1	GCA_018053845.1	0.8-0.85	85.9184	89.5259	86.0953606011777
GCA_003574885.1	GCF_018476905.1	0.8-0.85	85.6975	87.1859	86.29778242950759
GCA_011046855.1	GCA_003712145.1	0.8-0.85	85.6711	88.1024	85.66189435552829
GCA_001797465.1	GCA_016182655.1	0.8-0.85	86.003	88.7362	87.60130626609275
GCA_002869015.1	GCA_002869005.1	0.8-0.85	83.7732	88.5335	85.66659244621722
GCA_003105225.1	GCA_001798885.1	0.8-0.85	85.1934	90.1109	85.8450567638871
GCA_002067165.1	GCA_002067475.1	0.8-0.85	86.2284	90.2082	85.8558077029637
GCF_001936595.1	GCA_000307955.1	0.8-0.85	85.3326	90.5532	86.1662565253552
GCF_013376475.1	GCF_013376455.1	0.8-0.85	85.8235	88.7111	86.0778377286772
GCA_003135895.1	GCA_003162415.1	0.8-0.85	84.8434	88.4841	85.60578687802014
GCA_003132805.1	GCA_003131685.1	0.8-0.85	85.3805	89.9747	85.7914603771947
GCA_001799715.1	GCA_001799845.1	0.8-0.85	85.1757	85.9488	85.5411951059935
GCA_002311025.1	GCA_017417005.1	0.8-0.85	85.1516	89.9169	86.24890440490549
GCA_009773155.1	GCA_019135865.1	0.8-0.85	86.1968	89.3213	87.21242098224364
GCA_002402375.1	GCA_016218625.1	0.8-0.85	86.5821	92.3496	86.85356513444093
GCF_002797675.1	GCA_017959225.1	0.8-0.85	84.7474	86.8937	85.97902007206844
GCA_903861835.1	GCA_903915125.1	0.8-0.85	85.7943	86.4878	84.93360566506412
GCA_002493865.1	GCA_910584255.1	0.8-0.85	85.3967	94.3375	87.66078916862736
GCF_000380245.2	GCF_016908835.1	0.8-0.85	86.0514	87.7872	86.1409202434278
GCF_001274945.1	GCF_002813185.1	0.8-0.85	86.3919	87.0244	86.32703383442345
GCF_000407445.1	GCF_002141365.1	0.8-0.85	85.7122	82.0806	85.09516796272561
GCA_019119225.1	GCF_001696685.1	0.8-0.85	84.5225	88.368	84.79211245157991
GCF_002804245.1	GCF_002804105.1	0.8-0.85	86.7699	84.4037	85.13678262427005
GCF_002441885.1	GCF_002260845.1	0.8-0.85	85.9306	88.7638	85.59084302238497
GCA_904501845.1	GCF_001183965.1	0.8-0.85	84.7738	90.8604	86.21903475049012
GCA_001641225.1	GCA_001641205.1	0.8-0.85	85.0305	87.9278	88.48731187172281
GCF_001730295.1	GCF_017377505.1	0.8-0.85	86.031	88.2122	86.11040293123787
GCF_006740705.1	GCF_003336365.1	0.8-0.85	86.5785	84.3317	86.39664156970493
GCA_900554305.1	GCA_900554315.1	0.8-0.85	85.3468	91.3948	86.06376002917014
GCA_900754115.1	GCA_000433015.1	0.8-0.85	84.0536	90.3103	85.77337815841338
GCF_907165215.1	GCA_002159085.1	0.8-0.85	86.2806	88.1869	87.25969504780836
GCF_001886495.1	GCF_001886855.1	0.8-0.85	85.084	99.9999	85.26795090490704
GCF_000017425.1	GCF_000742895.1	0.8-0.85	85.4866	83.0752	85.18393856599135
GCF_002290085.1	GCF_000701525.1	0.8-0.85	86.174	97.8976	92.00701256216693
GCA_000517385.1	GCF_012163115.1	0.8-0.85	86.3578	88.3257	86.96025938187441
GCF_002813185.1	GCF_001955655.1	0.8-0.85	86.3676	86.1562	86.1336904586255
GCF_008764245.1	GCF_017355205.1	0.8-0.85	86.6353	89.3618	86.20595477046605
GCA_017633835.1	GCA_017394375.1	0.8-0.85	85.149	87.5238	83.3177188783437
GCA_002383695.1	GCA_002383285.1	0.8-0.85	84.9942	87.1036	85.43536767400174
GCF_014202595.1	GCF_001696685.1	0.8-0.85	84.6696	84.4011	84.71311655549009
GCA_017941235.1	GCA_002477275.1	0.8-0.85	85.8222	91.2303	86.16757189259678
GCA_001695645.1	GCF_004365815.1	0.8-0.85	86.3435	91.39	88.0882342491021
GCF_010882125.1	GCF_003073175.1	0.8-0.85	85.8116	85.4341	85.98778907784687
GCA_003481775.1	GCA_017161075.1	0.8-0.85	86.4831	83.3356	84.89699238205723
GCF_000744285.1	GCF_000745125.1	0.8-0.85	85.6088	83.0497	85.38699182485566
GCF_000518725.1	GCF_002843565.1	0.8-0.85	85.7827	84.5114	85.01516034946167
GCF_001553085.1	GCA_015257355.1	0.8-0.85	85.6835	92.1722	87.20099006220217
GCF_002266425.1	GCF_900128955.1	0.8-0.85	85.4198	88.1441	84.89527362007512
GCA_904397895.1	GCF_015140235.1	0.8-0.85	85.1102	88.5572	85.95219245790237
GCF_009696605.1	GCA_000751555.1	0.8-0.85	85.1307	88.4089	86.31223374089234
GCF_014333445.1	GCA_902363255.1	0.8-0.85	85.5733	90.1647	86.26860419235689
GCA_012838125.1	GCA_012521555.1	0.8-0.85	84.2976	90.4941	85.7922896282322
GCF_002161085.1	GCF_900626285.1	0.8-0.85	87.1358	91.7229	87.89027288627987
GCA_002376545.1	GCF_900095305.1	0.8-0.85	85.1097	88.3847	85.16156874550902
GCF_001655775.1	GCA_017889345.1	0.8-0.85	84.1798	88.791	85.31160282633064
GCA_012730095.1	GCA_001512485.1	0.8-0.85	85.7965	92.4477	86.95071296606761
GCA_017397955.1	GCA_015064945.1	0.8-0.85	86.091	86.637	86.00574221717666
GCA_015064255.1	GCA_017532425.1	0.8-0.85	85.5406	86.8378	85.22487792520215
GCF_904420205.1	GCA_900542005.1	0.8-0.85	85.9267	87.0542	86.43410722228128
GCA_015055975.1	GCA_016287155.1	0.8-0.85	85.4083	94.4174	87.88763551172698
GCF_014323405.1	GCF_012317385.1	0.8-0.85	86.2424	89.6403	86.9522970052074
GCA_015065865.1	GCA_015065885.1	0.8-0.85	84.9169	88.5419	85.4256327305955
GCF_001006285.1	GCF_015668515.1	0.8-0.85	85.7945	92.9622	88.39376910877805
GCA_012728365.1	GCA_012735405.1	0.8-0.85	85.6794	91.3047	84.61033938548793
GCA_017547245.1	GCA_017847995.1	0.8-0.85	85.8689	91.2808	86.56062767799438
GCA_017510725.1	GCA_017432075.1	0.8-0.85	85.7193	87.6289	85.76280603945199
GCA_017397765.1	GCA_015056325.1	0.8-0.85	86.9908	89.6541	86.47959985828821
GCA_017461985.1	GCA_017500745.1	0.8-0.85	85.2911	89.0225	84.84930780115303
GCF_014323405.1	GCA_900604495.1	0.8-0.85	86.4745	87.5572	86.49049263904222
GCA_910579155.1	GCA_910577525.1	0.8-0.85	86.3345	91.2649	86.77709437490131
GCA_902772845.1	GCA_002310055.1	0.8-0.85	84.4761	83.8738	83.99442446518171
GCF_018917235.1	GCF_000498755.1	0.8-0.85	85.8453	89.0783	87.0226761238115
GCA_900604495.1	GCF_012317385.1	0.8-0.85	86.4233	90.4038	87.31816838490109
GCA_910583695.1	GCA_910584465.1	0.8-0.85	86.4315	92.1774	87.299861451941
GCA_910584395.1	GCA_910579775.1	0.8-0.85	85.5438	89.0113	86.56831134897394
GCA_017428635.1	GCA_017518975.1	0.8-0.85	86.2732	89.1139	86.10483555034466
GCA_017394605.1	GCA_017556125.1	0.8-0.85	84.6367	89.0153	85.1216344278825
GCF_000189775.2	GCF_000145615.1	0.8-0.85	84.7457	82.8909	85.43338324579287
GCA_002308615.1	GCA_017443595.1	0.8-0.85	85.4998	93.5688	87.75753580402522
GCF_900176615.1	GCF_017100085.1	0.8-0.85	85.1674	88.8346	87.16316348800576
GCF_000312025.1	GCF_900454685.1	0.8-0.85	85.9145	85.8341	87.65190093736227
GCA_019120515.1	GCF_002161285.1	0.8-0.85	86.2886	92.5161	88.6472317840791
GCF_000243155.2	GCF_900143285.1	0.8-0.85	87.0024	86.1178	86.47129114669566
GCF_009877435.1	GCF_009877425.1	0.8-0.85	86.3429	87.1679	87.27919515061083
GCA_016841725.1	GCA_016841325.1	0.8-0.85	85.2358	86.4275	84.9751884903328
GCF_000430885.1	GCF_900113335.1	0.8-0.85	87.1067	88.4766	86.26339665936894
GCF_900129285.1	GCF_003627965.1	0.8-0.85	86.4901	84.0883	84.94433677038384
GCF_900129285.1	GCF_900142025.1	0.8-0.85	86.6627	87.6956	85.9827006161477
GCF_001950325.1	GCF_001950255.1	0.8-0.85	85.6162	86.1505	85.619773534053
GCA_018436095.1	GCA_018434325.1	0.8-0.85	86.4188	86.7192	86.07047179284376
GCF_900106585.1	GCF_009696675.1	0.8-0.85	85.9804	88.7578	86.46384963289685
GCA_000436095.1	GCA_003150755.1	0.8-0.85	85.4347	88.3388	86.02807837159494
GCA_900544795.1	GCA_900545535.1	0.8-0.85	84.105	86.117	84.55007631592095
GCA_002337925.1	GCF_004339805.1	0.8-0.85	84.9563	85.8446	85.28622368459236
GCA_902364065.1	GCF_000155955.1	0.8-0.85	86.7458	88.8044	86.99279503329097
GCA_900544795.1	GCA_900551745.1	0.8-0.85	83.7221	86.7027	84.53000628703391
GCA_012521405.1	GCA_012523945.1	0.8-0.85	84.3021	88.904	84.71254957137465
GCA_012800855.1	GCA_012510625.1	0.8-0.85	84.9337	90.4678	85.08960988333905
GCF_000183545.2	GCF_000184705.1	0.8-0.85	87.9127	84.1712	87.60464516406368
GCF_003053565.1	GCF_900156285.1	0.8-0.85	85.7505	80.5264	84.27869081607207
GCA_012727675.1	GCA_012510855.1	0.8-0.85	85.0717	93.4814	90.75922102263108
GCA_012518595.1	GCA_002398515.1	0.8-0.85	85.2461	91.3453	85.64633165573825
GCA_012837705.1	GCF_013664685.1	0.8-0.85	84.6596	87.9689	85.11849779725435
GCA_017578085.1	GCA_002159155.1	0.8-0.85	85.8538	93.2996	87.85771702119544
GCA_000007325.1	GCF_000163935.1	0.8-0.85	87.0224	97.4338	91.7108619497003
GCA_900542625.1	GCA_900545035.1	0.8-0.85	85.1221	92.9081	87.90889754157605
GCF_000024565.1	GCF_009733925.1	0.8-0.85	85.3053	98.968	93.21549451855303
GCA_002428805.1	GCA_905216205.1	0.8-0.85	84.5736	89.252	85.18519185697764
GCF_004006635.1	GCF_003019695.1	0.8-0.85	84.983	89.1435	85.23868736120194
GCA_001919865.1	GCA_003222135.1	0.8-0.85	85.0633	88.8421	86.30265180024925
GCA_001919865.1	GCA_001917665.1	0.8-0.85	85.4422	88.9234	86.35217823792571
GCA_001917665.1	GCA_003220795.1	0.8-0.85	85.8785	89.2168	86.59666658661277
GCA_003220935.1	GCA_003222135.1	0.8-0.85	85.8267	88.6642	86.55141000896943
GCF_005576615.1	GCF_000337175.1	0.8-0.85	87.0734	86.2728	85.6609194816914
GCF_009831625.1	GCA_003020945.1	0.8-0.85	86.5514	87.2503	86.22685970869135
GCF_003697815.1	GCF_000196895.1	0.8-0.85	85.9265	87.818	85.53415580365197
GCF_000376445.1	GCF_001625445.1	0.8-0.85	86.1376	86.2713	85.69002973268876
GCF_014647455.2	GCF_017874335.1	0.8-0.85	86.6103	86.9066	85.56896673799402
GCF_900107665.1	GCF_003342675.1	0.8-0.85	85.4876	86.8103	85.39918551620579
GCA_002508425.1	GCA_002067275.1	0.8-0.85	84.6097	88.7378	85.0275320381407
GCF_000230715.2	GCF_900104065.1	0.8-0.85	86.9344	87.8916	85.8953937787802
GCF_004944975.1	GCF_900880625.1	0.8-0.85	86.0783	85.821	85.59645334218874
GCF_003856835.1	GCF_003336245.1	0.8-0.85	86.3688	86.2121	86.24858506861139
GCF_002844195.1	GCA_004116405.1	0.8-0.85	86.5731	84.0403	85.57791181993755
GCA_017094465.1	GCA_017094525.1	0.8-0.85	87.2267	93.2655	88.69038893768402
GCF_900110535.1	GCF_008124605.1	0.8-0.85	85.9656	85.4308	84.83828439534096
GCF_900110865.1	GCF_000337615.1	0.8-0.85	86.9332	88.0735	85.76463402329554
GCF_003856835.1	GCF_000427685.1	0.8-0.85	86.324	86.8318	86.06152108354033
GCA_013152685.1	GCA_015521615.1	0.8-0.85	87.0514	93.3677	88.96403649222954
GCA_016867395.1	GCA_009691525.1	0.8-0.85	84.3236	88.5944	85.21807783859582
GCA_016867395.1	GCA_016187725.1	0.8-0.85	84.983	90.1091	85.99821941086316
GCA_002707645.1	GCA_002705605.1	0.8-0.85	83.389	88.7681	84.23991362461916
GCA_014381415.1	GCA_004124405.1	0.8-0.85	85.4456	90.2736	84.86188602573297
GCA_018658715.1	GCA_016784605.1	0.8-0.85	83.8845	91.8914	86.14617916472505
GCA_011370395.1	GCF_003264935.1	0.8-0.85	85.0893	90.1098	85.28903130216874
GCA_016217785.1	GCF_000302455.1	0.8-0.85	86.9494	86.6165	86.15879280999792
GCF_000006175.1	GCF_017875625.1	0.8-0.85	87.2314	86.0177	88.34118048378085
GCF_000739065.1	GCF_000023985.1	0.8-0.85	86.5184	93.3039	87.682195221255
GCA_001788495.1	GCA_016179875.1	0.8-0.85	85.0013	90.137	85.77936289922069
GCA_001465015.1	GCA_016793325.1	0.8-0.85	85.677	86.8697	85.15081721150517
GCA_016930215.1	GCA_011367485.1	0.8-0.85	85.7415	90.5117	86.97712128616196
GCA_016926755.1	GCF_000737315.1	0.8-0.85	86.1242	90.5439	87.0375211605183
GCA_012798435.1	GCA_011368045.1	0.8-0.85	85.8493	89.219	86.69003925840998
GCA_012797735.1	GCA_016930215.1	0.8-0.85	86.0094	92.9045	88.4843252112244
GCF_012933655.1	GCF_014656495.1	0.8-0.85	86.066	90.702	87.3244065189516
GCA_903857665.1	GCA_903847405.1	0.8-0.85	86.1574	89.2748	86.88971245630444
GCA_017881345.1	GCA_003818285.1	0.8-0.85	85.1744	90.0172	85.94005054288073
GCA_903874275.1	GCA_903855945.1	0.8-0.85	85.5638	89.8195	86.55803972154939
GCF_013116825.1	GCF_010894405.1	0.8-0.85	85.9121	89.3293	86.64988660656402
GCA_014879945.1	GCA_016879935.1	0.8-0.85	85.0894	90.6186	86.65914737756576
GCA_014240455.1	GCA_018698915.1	0.8-0.85	84.8553	89.807	85.79238201027515
GCA_018830225.1	GCA_016929255.1	0.8-0.85	86.887	89.7723	86.70428032443391
GCA_017610275.1	GCA_018819345.1	0.8-0.85	86.7834	94.6544	88.78709724871855
GCA_018302605.1	GCA_016203205.1	0.8-0.85	87.8882	89.9303	86.9329146559579
GCA_014382285.1	GCA_905612265.1	0.8-0.85	84.7681	91.332	84.35228704743437
GCA_009840285.1	GCA_002238765.1	0.8-0.85	86.4892	90.6744	86.17638168882853
GCA_011523385.1	GCA_002238765.1	0.8-0.85	86.7053	88.7069	86.01372609246235
GCA_002083555.1	GCA_900299245.1	0.8-0.85	85.7561	91.115	86.16552774470318
GCA_002328825.1	GCA_002726235.1	0.8-0.85	85.2396	85.4292	84.47028881357848
GCA_009692155.1	GCA_001805245.1	0.8-0.85	86.2436	89.0653	86.77226927278747
GCA_011051565.1	GCA_013152485.1	0.8-0.85	85.0001	88.6588	85.56756848048141
GCA_018812705.1	GCA_001805965.1	0.8-0.85	85.6255	89.1688	86.22793489076794
GCA_000503835.1	GCA_001773385.1	0.8-0.85	84.1347	90.846	85.01637796915944
GCA_000998805.1	GCA_000998045.1	0.8-0.85	87.0376	90.0122	86.40943447194735
GCA_001872945.1	GCA_000993275.1	0.8-0.85	86.3674	88.8818	84.36847143665
GCA_016214465.1	GCA_003514455.1	0.8-0.85	86.0633	93.7004	87.3906922646726
GCA_016432645.1	GCA_019248265.1	0.8-0.85	85.2727	80.4646	84.04269132198294
GCA_001001925.1	GCA_016212585.1	0.8-0.85	86.5142	92.4442	84.52937998817252
GCA_018656065.1	GCA_018656655.1	0.8-0.85	85.675	92.1864	85.49314270510384
GCA_000996895.1	GCA_001773135.1	0.8-0.85	83.3747	88.855	84.60712403664553
GCA_009691785.1	GCA_005787685.1	0.8-0.85	85.9462	88.5031	85.83056249821347
GCA_011525805.1	GCA_900696685.1	0.8-0.85	86.3617	91.7355	87.10273584984121
GCA_016188675.1	GCA_016235875.1	0.8-0.85	86.5962	89.3935	84.8474876247591
GCA_016794425.1	GCA_016794035.1	0.8-0.85	85.2491	85.6229	85.54711193467878
GCA_002683135.1	GCA_013213915.1	0.8-0.85	84.8465	91.4078	86.51662085583413
GCA_017347445.1	GCA_002009475.1	0.8-0.85	87.0538	92.2022	87.47067509237381
GCA_016793015.1	GCA_017303555.1	0.8-0.85	86.186	88.3086	86.24378475442091
GCA_005798445.1	GCA_003669125.1	0.8-0.85	86.9648	91.3329	86.67504727338617
GCA_903857265.1	GCA_003170415.1	0.8-0.85	86.4275	89.9112	86.68456497341242
GCA_015709575.1	GCA_016710275.1	0.8-0.85	86.0246	86.7168	86.13236411506065
GCA_016872795.1	GCA_903928115.1	0.8-0.85	85.4569	87.0658	86.05245670690816
GCA_009691815.1	GCA_005808665.1	0.8-0.85	83.9947	90.7907	85.23853916271138
GCA_016872645.1	GCA_005798445.1	0.8-0.85	86.6573	90.8916	86.6108647457786
GCA_903909015.1	GCA_903953055.1	0.8-0.85	85.1842	91.3599	85.88244293001368
GCF_001468395.1	GCF_014595975.1	0.8-0.85	86.2176	85.3104	85.55661506521938
GCF_000312485.1	GCF_001155565.1	0.8-0.85	85.2474	79.5866	83.93472633851505
GCA_002320455.1	GCF_003788585.1	0.8-0.85	85.7493	86.5389	85.4934435731684
GCA_016704435.1	GCA_018058035.1	0.8-0.85	84.1287	90.4968	85.64207240335553
GCF_005222785.1	GCF_002900975.1	0.8-0.85	85.1968	86.2383	85.37432751384448
GCF_013283195.1	GCF_016919405.1	0.8-0.85	86.0643	85.6889	85.26936909149185
GCF_900109145.1	GCA_006226775.1	0.8-0.85	85.0472	88.2469	85.59583189235869
GCF_002002905.1	GCF_003201855.1	0.8-0.85	87.1741	91.7576	87.33104512198183
GCA_018670435.1	GCA_018667355.1	0.8-0.85	82.9237	87.7301	83.16776796842242
GCA_016794005.1	GCA_016794025.1	0.8-0.85	84.9775	89.7337	85.63635444748262
GCA_003695905.1	GCA_015488115.1	0.8-0.85	84.4087	88.7432	85.75902272932301
GCA_902518075.1	GCA_016778085.1	0.8-0.85	86.5626	90.401	85.18425514692726
GCA_009776435.1	GCA_009782565.1	0.8-0.85	85.6195	91.4568	85.87958319872507
GCF_900107095.1	GCF_002564105.1	0.8-0.85	86.419	87.8892	86.26062759286245
GCA_900455085.1	GCF_001874625.1	0.8-0.85	85.3815	76.9603	83.96608406522002
GCA_016869285.1	GCA_016792585.1	0.8-0.85	85.1441	90.0393	86.24833263524775
GCF_003260095.1	GCF_901764975.1	0.8-0.85	85.2201	92.1988	86.7088907217523
GCA_903832735.1	GCA_903904605.1	0.8-0.85	86.0939	90.046	86.55180074419992
GCF_000474945.1	GCF_000382285.1	0.8-0.85	86.5986	87.8881	86.66780637403949
GCF_010131535.1	GCA_015654925.1	0.8-0.85	85.4406	88.7453	85.80688696184137
GCF_004362405.1	GCF_015624425.1	0.8-0.85	86.4164	87.7297	86.41867546674598
GCF_000378405.1	GCA_902776415.1	0.8-0.85	86.6571	88.8973	85.98701962331214
GCF_900454865.1	GCF_002850605.1	0.8-0.85	85.9718	86.6197	86.57613590818397
GCA_902624425.1	GCA_902605165.1	0.8-0.85	84.5042	86.3549	86.18220401830094
GCA_009908925.1	GCA_009908735.1	0.8-0.85	85.9864	90.3554	85.36380543404266
GCF_001701045.1	GCF_000585335.1	0.8-0.85	86.2714	85.8662	86.87200477392818
GCA_018398915.1	GCA_016756725.1	0.8-0.85	86.4448	80.6083	84.49820000670668
GCA_002504905.1	GCA_902593945.1	0.8-0.85	85.0669	87.7928	86.7109386408231
GCA_905202485.1	GCF_000404225.1	0.8-0.85	85.287	86.2706	86.61703717146537
GCA_002498205.1	GCA_002692465.1	0.8-0.85	85.1482	93.1758	86.94742818131076
GCA_001421175.1	GCA_012522645.1	0.8-0.85	84.2508	86.9427	84.72342222730518
GCA_003135935.1	GCA_003153895.1	0.8-0.85	85.9377	91.7112	86.80107004585659
GCA_015520565.1	GCF_000025665.1	0.8-0.85	85.4165	90.8503	85.86605169485111
GCA_012729095.1	GCA_013329565.1	0.8-0.85	84.3339	90.026	85.54980884024775
GCA_002504525.1	GCA_001421185.1	0.8-0.85	84.8525	88.4238	86.2174693223467
GCA_902563095.1	GCA_002709705.1	0.8-0.85	83.2679	87.9687	84.59330076433693
GCA_002696315.1	GCA_002720275.1	0.8-0.85	83.8392	86.8658	84.97500444310029
GCA_002722135.1	GCA_003602635.1	0.8-0.85	84.8781	84.9641	84.66625946301885
GCA_014361245.1	GCA_014361195.1	0.8-0.85	83.3188	92.2864	85.66936473484222
GCA_011369655.1	GCA_018396815.1	0.8-0.85	85.6785	88.6763	87.26392905689505
GCF_000092185.1	GCA_011053855.1	0.8-0.85	85.4453	89.5697	85.90060990089869
GCA_002495905.1	GCA_013306035.1	0.8-0.85	83.1308	88.6538	85.2357605067823
GCA_002737445.1	GCA_005798405.1	0.8-0.85	85.1532	89.7071	86.04363868265563
GCA_002506595.1	GCF_000317795.1	0.8-0.85	85.7561	88.715	85.65895627866026
GCA_016927895.1	GCA_001273335.1	0.8-0.85	84.7557	93.694	86.93714807961251
GCA_016927015.1	GCA_001273335.1	0.8-0.85	85.1495	91.9496	85.99490643950253
GCA_013288545.1	GCF_900167955.1	0.8-0.85	84.9727	88.2683	85.5566662056049
GCA_001717025.1	GCA_001717035.1	0.8-0.85	84.8388	89.1267	86.14220000897575
GCA_005798405.1	GCA_000204585.1	0.8-0.85	85.0816	88.4057	85.95424338497858
GCA_011338225.1	GCA_018396775.1	0.8-0.85	85.1653	90.0592	86.08965282587563
GCA_016784625.1	GCA_013215285.1	0.8-0.85	85.4912	91.2265	85.72698423516813
GCA_004322465.1	GCA_016844685.1	0.8-0.85	85.0812	90.6265	85.12122872747817
GCA_011362045.1	GCA_017601345.1	0.8-0.85	85.876	90.6676	86.172626424945
GCA_011605775.1	GCA_011355215.1	0.8-0.85	86.1317	89.792	86.10713642824237
GCA_018396815.1	GCA_018396775.1	0.8-0.85	85.4765	88.6497	87.50920107457198
GCA_011605825.1	GCA_011372955.1	0.8-0.85	85.6502	87.9945	84.37669637121165
GCA_017557885.1	GCA_017650925.1	0.8-0.85	85.0324	87.665	85.70256285811433
GCA_016933315.1	GCA_002440765.1	0.8-0.85	85.0326	93.2949	87.19328297223772
GCA_017645765.1	GCA_002310035.1	0.8-0.85	87.1384	92.5	87.27199467284083
GCA_905479975.1	GCF_902728235.1	0.8-0.85	86.3562	89.748	86.05998628428243
GCA_005777315.1	GCA_009695275.1	0.8-0.85	87.3729	91.8755	87.14137023518495
GCA_016871755.1	GCA_903862595.1	0.8-0.85	86.1238	90.6265	86.58872116890946
GCA_019243005.1	GCA_019247695.1	0.8-0.85	86.457	91.1894	86.19893450730129
GCA_903831825.1	GCA_903863035.1	0.8-0.85	87.7278	93.7047	89.40304311487297
GCA_002708885.1	GCA_902591645.1	0.8-0.85	84.9859	88.3992	85.975696812531
GCA_003532555.1	GCA_002338345.1	0.8-0.85	86.6212	94.3477	88.72590348583913
GCA_017450695.1	GCA_017544725.1	0.8-0.85	86.6596	92.0267	86.934962084276
GCA_009697455.1	GCA_005808865.1	0.85-0.9	91.3517	94.0039	90.14924993707221
GCA_013822245.1	GCA_014860455.1	0.85-0.9	89.217	92.8435	89.77552363053388
GCA_009694745.1	GCA_016716905.1	0.85-0.9	88.9643	91.604	88.64485515264616
GCA_011053445.1	GCA_011056055.1	0.85-0.9	86.3858	91.3697	86.72233094988977
GCA_009845425.1	GCA_012270995.1	0.85-0.9	89.2019	90.3189	88.8397501346989
GCA_012719455.1	GCA_016934555.1	0.85-0.9	87.5163	91.3686	87.9165918638465
GCA_004377005.1	GCA_011773465.1	0.85-0.9	89.4883	92.5415	88.22179449036588
GCA_902505605.1	GCA_005223145.1	0.85-0.9	88.2743	91.6711	88.00846090007622
GCA_003132145.1	GCA_003142215.1	0.85-0.9	89.2449	92.3572	89.6916347936636
GCA_011049425.1	GCA_016926835.1	0.85-0.9	85.993	91.2066	86.38294301639324
GCA_003170915.1	GCA_003142355.1	0.85-0.9	90.9886	94.3873	90.66645303354838
GCA_009861545.1	GCA_011523845.1	0.85-0.9	88.7272	90.5779	87.93736697196795
GCA_017998715.1	GCA_018057705.1	0.85-0.9	86.238	89.9246	86.3495200025404
GCA_003151335.1	GCA_003152695.1	0.85-0.9	90.9686	92.5151	90.18120996085504
GCA_019239425.1	GCA_019242475.1	0.85-0.9	88.6943	89.1873	89.2059630142879
GCA_002731215.1	GCA_002722645.1	0.85-0.9	89.0354	91.2209	88.16432239003078
GCA_011523845.1	GCA_011523485.1	0.85-0.9	88.0908	92.1626	88.12002922498667
GCA_003152325.1	GCA_003167255.1	0.85-0.9	90.2721	93.3649	89.62444956459042
GCA_016716705.1	GCA_016714815.1	0.85-0.9	88.7435	88.9871	88.5065315812388
GCA_903937385.1	GCA_903880675.1	0.85-0.9	86.0576	90.9934	86.53434109719535
GCA_009837085.1	GCA_012270995.1	0.85-0.9	89.0143	91.118	88.80539162654787
GCA_012270995.1	GCA_009843505.1	0.85-0.9	88.9866	89.9719	88.52614054664367
GCA_016719485.1	GCA_002414905.1	0.85-0.9	87.3412	90.5149	87.60207599596897
GCF_003344865.1	GCF_003073135.1	0.85-0.9	88.5117	87.8858	88.03184508488438
GCF_018324685.1	GCF_016865425.1	0.85-0.9	89.7674	90.3092	89.5178321346847
GCA_018896525.1	GCA_018894655.1	0.85-0.9	86.7104	91.9007	88.38647953250813
GCF_001423185.1	GCF_900177795.1	0.85-0.9	88.2681	89.074	88.86511960907367
GCF_900106035.1	GCF_003236295.1	0.85-0.9	89.1377	91.229	89.02256300257334
GCF_002159915.1	GCF_002899695.1	0.85-0.9	90.7432	90.4163	90.7852000155463
GCF_900103975.1	GCA_014218215.1	0.85-0.9	86.671	85.1937	86.54237467004464
GCF_006715515.1	GCF_014648255.1	0.85-0.9	89.3554	89.3048	88.82824609945655
GCA_003158895.1	GCA_003153855.1	0.85-0.9	87.1773	91.1729	87.9491130652597
GCA_905182565.1	GCA_905477545.1	0.85-0.9	89.1567	91.8941	88.52347602728595
GCA_019247305.1	GCA_019240665.1	0.85-0.9	87.2992	92.9772	87.98966964195746
GCF_900108585.1	GCA_001594145.1	0.85-0.9	87.0888	86.711	87.49917315120719
GCF_003387475.1	GCF_018263855.1	0.85-0.9	88.023	88.6652	86.93512083798966
GCF_016862555.1	GCF_003387075.1	0.85-0.9	86.4391	88.7296	86.62273113855561
GCA_013698135.1	GCA_013812395.1	0.85-0.9	87.3534	92.1778	87.31306228292163
GCA_003170375.1	GCA_003166375.1	0.85-0.9	89.6893	93.1879	89.29939350173315
GCF_007991735.1	GCF_001429185.1	0.85-0.9	88.1755	89.9384	88.83675085856783
GCF_011250635.1	GCF_011250645.1	0.85-0.9	86.9363	86.9909	86.90891238552659
GCA_003170375.1	GCA_003139355.1	0.85-0.9	86.8574	90.9659	86.41920043823356
GCA_902373435.1	GCF_000411415.1	0.85-0.9	88.7212	92.1456	89.28616002902743
GCF_003550025.1	GCF_000515355.1	0.85-0.9	88.4054	89.4587	87.7106667637612
GCA_001767575.1	GCA_018333515.1	0.85-0.9	88.6242	91.8158	88.29672285159236
GCF_006517435.1	GCF_006517535.1	0.85-0.9	87.6929	88.4466	88.25508556342977
GCA_003132645.1	GCA_003157715.1	0.85-0.9	89.8575	94.2222	90.52470269565444
GCF_018139695.1	GCF_000504285.1	0.85-0.9	87.8089	90.3272	87.83629933663221
GCF_002263495.1	GCF_014201195.1	0.85-0.9	87.6097	87.0567	87.33524149499209
GCF_009834925.2	GCF_003339815.1	0.85-0.9	88.3516	88.2676	88.0426755783956
GCF_000768675.1	GCF_007992835.1	0.85-0.9	87.654	89.383	88.48099906263649
GCF_002871995.1	GCF_000411155.1	0.85-0.9	87.5948	86.2007	88.04574229042794
GCF_014126825.1	GCF_007559025.1	0.85-0.9	88.5226	89.5127	88.97136406695105
GCA_009837815.1	GCA_012270885.1	0.85-0.9	88.1198	91.698	87.24648499692616
GCF_002259645.1	GCF_003952005.1	0.85-0.9	89.037	89.5834	88.56186164002129
GCF_009708005.2	GCF_010287905.1	0.85-0.9	88.9739	90.7012	89.64558886045242
GCA_009844405.1	GCA_009843735.1	0.85-0.9	88.5599	91.6264	91.72932059009727
GCF_000341185.1	GCF_000341245.1	0.85-0.9	88.8524	91.6955	89.55429082602568
GCF_016862515.1	GCF_900107455.1	0.85-0.9	87.171	89.745	87.26436966804303
GCA_900544245.1	GCA_900556425.1	0.85-0.9	87.7093	93.1128	89.04670638088518
GCF_011764565.1	GCF_011764545.1	0.85-0.9	89.1989	90.641	88.39366406339856
GCF_016918015.1	GCF_003265355.1	0.85-0.9	86.2572	88.0457	86.35915780794618
GCA_002346305.1	GCA_009694285.1	0.85-0.9	86.003	90.9802	86.41069056306101
GCA_016198685.1	GCA_018304585.1	0.85-0.9	87.0352	86.8574	88.02540180292054
GCF_004339575.1	GCA_003978805.1	0.85-0.9	84.7254	93.0238	87.70371194269984
GCA_015490195.1	GCA_015488335.1	0.85-0.9	89.3408	90.5383	89.96360555744916
GCF_000213785.1	GCA_002878215.1	0.85-0.9	88.8866	92.14	89.61491338253799
GCA_903951425.1	GCA_903885605.1	0.85-0.9	88.1625	90.5531	88.26736093776103
GCA_018056145.1	GCA_013314775.1	0.85-0.9	87.5061	92.378	88.06664204639318
GCA_018335335.1	GCA_014730275.1	0.85-0.9	88.8682	91.4201	89.23985339252232
GCA_013375355.1	GCA_019058315.1	0.85-0.9	86.7056	91.3101	86.55840720058013
GCA_001563335.1	GCA_002825515.1	0.85-0.9	85.8471	90.1291	86.15489028418622
GCA_013138615.1	GCA_018238375.1	0.85-0.9	89.19	92.9931	88.15150071074446
GCA_003451675.1	GCA_002849045.2	0.85-0.9	89.4976	94.9408	88.90276985210623
GCA_012517635.1	GCA_012517485.1	0.85-0.9	88.97	92.6211	87.64002262730799
GCA_002084865.1	GCA_003451675.1	0.85-0.9	88.6911	94.2271	88.94573262443963
GCF_015775515.1	GCA_012517485.1	0.85-0.9	85.4695	94.078	87.15671839606921
GCA_003542295.1	GCA_012517485.1	0.85-0.9	85.5527	93.4667	86.7851086053684
GCF_000382125.1	GCA_013042925.1	0.85-0.9	87.1372	94.2314	89.0795884245915
GCA_013334855.1	GCF_001747405.1	0.85-0.9	87.8958	91.7674	88.54912791502636
GCA_002786785.1	GCA_018818165.1	0.85-0.9	88.1317	92.9616	89.76106068037245
GCA_012798745.1	GCA_002305015.1	0.85-0.9	85.9801	90.7976	86.64089634602848
GCA_002440745.1	GCA_016937295.1	0.85-0.9	85.4296	91.2943	87.18178154023744
GCA_013298805.1	GCF_003148625.1	0.85-0.9	86.9383	92.8393	87.95266683768212
GCA_902519955.1	GCA_902629505.1	0.85-0.9	86.6538	90.0115	86.0931377971637
GCA_003331875.1	GCA_902609185.1	0.85-0.9	90.256	91.3012	86.72174506029056
GCA_002728855.1	GCA_002702405.1	0.85-0.9	85.4218	89.0692	84.20147676180888
GCA_009937085.1	GCA_003331305.1	0.85-0.9	86.943	92.4128	88.97203769653827
GCA_002842575.1	GCA_001873105.1	0.85-0.9	86.6147	89.955	87.03728938692672
GCA_002451695.1	GCA_002437495.1	0.85-0.9	87.4934	88.1465	87.79266176029701
GCF_003574965.1	GCF_001483135.1	0.85-0.9	88.5809	88.4185	88.91850306995256
GCA_018608485.1	GCA_905479435.1	0.85-0.9	86.3529	94.3709	89.02853692333657
GCA_003447535.1	GCA_002862745.1	0.85-0.9	88.1996	91.9982	88.11433718783442
GCA_001487125.1	GCA_900543425.1	0.85-0.9	88.2765	86.7257	87.31399019170253
GCA_903958625.1	GCA_903861125.1	0.85-0.9	87.7544	92.2556	88.28301708219355
GCA_902635965.1	GCA_902595825.1	0.85-0.9	87.6363	90.1524	89.11869749977943
GCA_002709185.1	GCA_002690085.1	0.85-0.9	90.0608	93.8305	89.35658307425653
GCA_902533655.1	GCA_002716345.1	0.85-0.9	90.5304	90.8313	88.29603763452637
GCA_002364085.1	GCA_017643645.1	0.85-0.9	87.8111	84.4304	87.54817132877152
GCF_003730015.1	GCA_002345565.1	0.85-0.9	87.7303	90.8242	87.79013127768961
GCA_017409345.1	GCA_015060975.1	0.85-0.9	88.9129	94.6485	91.17438096950548
GCF_003201775.1	GCF_018860365.1	0.85-0.9	88.1233	88.4014	87.90119221343502
GCF_000426725.1	GCA_017745095.1	0.85-0.9	89.5983	90.1908	89.86434458966566
GCF_011090385.1	GCF_011250515.1	0.85-0.9	87.9137	85.5941	87.97632784152032
GCA_018335795.1	GCA_002839825.1	0.85-0.9	86.7692	87.7293	86.92870073559104
GCA_905233625.1	GCA_017964255.1	0.85-0.9	88.0166	93.0314	88.35628616939542
GCA_011049175.1	GCA_011042635.1	0.85-0.9	89.9601	93.0727	89.56661928506081
GCA_002898675.1	GCA_003695605.1	0.85-0.9	88.8565	92.2722	89.20003669559259
GCA_905181835.1	GCA_004213605.1	0.85-0.9	86.4127	92.9924	87.96493006708704
GCF_003860135.1	GCF_001006485.1	0.85-0.9	89.4725	91.3224	88.31030396056735
GCA_016716225.1	GCA_016708125.1	0.85-0.9	88.4977	89.3955	89.22150311601392
GCA_017534705.1	GCA_017509605.1	0.85-0.9	87.4877	91.2208	88.93934968454883
GCA_018674025.1	GCA_004213995.1	0.85-0.9	89.9231	93.6709	88.17781027029932
GCF_014518315.1	GCA_002409405.1	0.85-0.9	86.7329	83.7406	85.91738377646044
GCA_019117165.1	GCF_000519105.1	0.85-0.9	90.3312	94.6072	92.20701728222771
GCF_008271695.1	GCF_017916365.1	0.85-0.9	88.1568	86.7734	88.27450301544987
GCF_004785645.1	GCF_013116755.1	0.85-0.9	87.1981	90.1434	87.0396155005474
GCA_007129985.1	GCA_007695365.1	0.85-0.9	85.5679	90.8401	85.66870436942145
GCA_002711995.1	GCA_002718735.1	0.85-0.9	86.267	76.061	85.4205177996762
GCA_016791465.1	GCA_016713885.1	0.85-0.9	87.5606	91.6591	88.18610000309371
GCA_016714165.1	GCA_016716765.1	0.85-0.9	89.3613	89.1848	88.83770346368772
GCA_003552425.1	GCA_003551325.1	0.85-0.9	88.0561	93.5689	88.00047948908401
GCA_008933615.1	GCA_016787925.1	0.85-0.9	88.6953	92.3725	88.83862144581825
GCA_013824685.1	GCF_003570935.1	0.85-0.9	87.7617	91.2584	86.87964988891252
GCA_012517765.1	GCA_017992475.1	0.85-0.9	88.8812	87.891	89.02245636525338
GCA_012517765.1	GCA_002070635.1	0.85-0.9	88.1769	92.9135	88.8618400534151
GCA_903871855.1	GCF_003570925.1	0.85-0.9	87.4233	90.1924	87.21997569236272
GCA_013824685.1	GCF_003570925.1	0.85-0.9	89.2342	90.7147	88.52503614683432
GCA_002898315.1	GCA_011364105.1	0.85-0.9	89.1109	90.5971	88.69741195963704
GCF_018861145.1	GCF_009208075.1	0.85-0.9	88.2426	91.1409	88.09612551330765
GCF_016629565.1	GCF_000010325.1	0.85-0.9	88.1677	87.0761	89.78642738035707
GCF_002139915.1	GCF_002139875.1	0.85-0.9	88.2619	87.706	89.00999324768097
GCA_017502485.1	GCF_008693005.1	0.85-0.9	89.1709	91.2269	89.35640288462108
GCA_016744805.1	GCA_016744315.1	0.85-0.9	88.6823	93.1823	89.13607431147348
GCF_001602095.1	GCF_003364115.1	0.85-0.9	89.5473	91.8669	89.47453030406551
GCA_014799985.1	GCA_910578285.1	0.85-0.9	85.8359	88.5712	85.32051482546571
GCA_018816105.1	GCF_013177675.1	0.85-0.9	87.7945	91.7908	88.88964477487431
GCF_003544855.1	GCF_002837275.1	0.85-0.9	87.5114	89.3675	88.71740834539136
GCF_013372105.1	GCF_004357905.1	0.85-0.9	89.0706	90.2121	89.99212033088705
GCF_900197855.1	GCF_000200595.1	0.85-0.9	87.5194	85.7441	87.89981478094103
GCF_000024885.1	GCA_009930355.1	0.85-0.9	86.847	92.2531	88.53224604612258
GCF_001457695.1	GCF_000254135.1	0.85-0.9	86.9353	86.0926	88.09072804248179
GCF_013201725.1	GCF_013177635.1	0.85-0.9	86.1308	85.0282	86.96555470229734
GCF_016937535.1	GCA_014859645.1	0.85-0.9	86.7197	88.5017	87.73588420002034
GCF_018642185.1	GCF_901000775.1	0.85-0.9	89.7005	92.7062	88.85372461782902
GCF_018642185.1	GCA_003176115.1	0.85-0.9	88.8222	92.7157	88.60048488375267
GCF_015356815.1	GCF_901000775.1	0.85-0.9	88.6968	89.582	88.38844059951943
GCA_011064875.1	GCA_011064905.1	0.85-0.9	88.8148	94.4493	89.27819967268641
GCF_015356815.1	GCF_018642185.1	0.85-0.9	90.7336	93.3849	90.25071524744156
GCA_002696685.1	GCA_009391195.1	0.85-0.9	87.7134	90.0878	88.11069157558477
GCA_017998555.1	GCA_016714465.1	0.85-0.9	87.4108	92.5809	87.83478346356475
GCA_011523785.1	GCA_009839425.1	0.85-0.9	88.4615	92.6453	88.43427656686579
GCA_009692725.1	GCA_016875695.1	0.85-0.9	86.6839	91.0087	86.51071288478249
GCA_009838625.1	GCA_009840225.1	0.85-0.9	87.23	91.4925	87.47584841481832
GCA_005889405.1	GCA_005882255.1	0.85-0.9	89.6173	92.1603	89.69268740708821
GCA_016932435.1	GCA_001796415.1	0.85-0.9	85.8254	94.1886	88.31224132120742
GCA_002238425.1	GCA_009838965.1	0.85-0.9	89.1588	91.5511	89.43966735991347
GCA_002419135.1	GCA_012719115.1	0.85-0.9	88.0776	94.3587	89.36482569680511
GCA_002716645.1	GCA_002724585.1	0.85-0.9	86.3957	93.9576	90.21383831939592
GCA_003142375.1	GCA_002311135.1	0.85-0.9	86.7493	88.5444	87.10106146921012
GCA_005882985.1	GCA_005880075.1	0.85-0.9	86.7824	91.8816	87.08677882978199
GCA_002500485.1	GCA_003228105.1	0.85-0.9	87.641	91.0407	87.62150573449685
GCA_003599735.1	GCA_016875635.1	0.85-0.9	87.7013	90.3158	87.58171134868047
GCA_903924005.1	GCA_903925955.1	0.85-0.9	88.6035	93.6769	89.91342908889905
GCA_002687335.1	GCA_009392215.1	0.85-0.9	88.7079	93.1909	88.75637882729482
GCA_009838625.1	GCA_011523365.1	0.85-0.9	87.2833	89.7172	86.96643228071108
GCA_002450515.1	GCA_009392515.1	0.85-0.9	89.4918	93.013	89.83175835488281
GCA_000018565.1	GCF_003205875.1	0.85-0.9	86.2528	87.993	85.88431305946926
GCF_001748285.1	GCF_003268475.1	0.85-0.9	88.273	89.1531	88.32564188565085
GCA_014874455.1	GCA_011054265.1	0.85-0.9	86.578	92.983	87.7848146643401
GCA_011047455.1	GCA_011380505.1	0.85-0.9	87.6289	94.5314	90.94301805987364
GCA_002687335.1	GCA_002725925.1	0.85-0.9	86.0311	93.6335	88.12558220939715
GCA_011388675.1	GCA_011192125.1	0.85-0.9	87.3121	93.0356	88.10333009545715
GCA_014860845.1	GCA_002842045.1	0.85-0.9	86.5199	92.5585	87.19853454366967
GCA_003670425.1	GCA_003569365.1	0.85-0.9	86.8965	90.7462	87.07560330876615
GCA_015494815.1	GCA_013153375.1	0.85-0.9	85.7465	93.3337	87.8712236795006
GCA_002898875.1	GCA_011054265.1	0.85-0.9	88.6703	93.9744	89.48320470958771
GCF_003268475.1	GCF_000702505.1	0.85-0.9	88.0836	88.3049	88.25534119741097
GCA_002421585.1	GCA_002419135.1	0.85-0.9	88.7893	93.6078	88.87151205873896
GCA_002721615.1	GCA_002708085.1	0.85-0.9	89.3966	91.2658	90.17586458756882
GCA_011380505.1	GCA_002898715.1	0.85-0.9	86.9191	95.9314	91.97766236687691
GCA_014874485.1	GCA_011333425.1	0.85-0.9	87.0439	93.4812	88.57626585311993
GCA_019243675.1	GCA_019240835.1	0.85-0.9	88.7331	93.2897	88.72210448220437
GCA_011328975.1	GCA_011389395.1	0.85-0.9	89.0192	92.5128	91.19747613211673
GCA_011366485.1	GCA_011333005.1	0.85-0.9	88.0249	91.3929	86.92265265311924
GCA_012798455.1	GCA_012797815.1	0.85-0.9	86.7045	90.1359	86.48623936058641
GCA_012270665.1	GCA_009838465.1	0.85-0.9	86.8301	92.5874	87.04764074305271
GCA_002721445.1	GCA_002723415.1	0.85-0.9	86.679	75.9678	85.27963484736235
GCA_017882065.1	GCA_903873975.1	0.85-0.9	87.1604	92.3787	87.03515951071483
GCA_003456035.1	GCA_003609755.1	0.85-0.9	89.9216	96.3165	91.10738560100313
GCA_009836025.1	GCA_001007665.1	0.85-0.9	87.6704	92.9326	87.81781005278913
GCF_000238775.1	GCF_018336915.1	0.85-0.9	86.7307	88.3053	85.91665494998415
GCF_014696105.1	GCA_012031475.1	0.85-0.9	86.9005	92.4684	87.48655593159292
GCA_017115095.1	GCF_014698505.1	0.85-0.9	89.7063	94.2137	89.667983806531
GCF_003013815.1	GCF_000169335.1	0.85-0.9	88.6729	93.5104	88.43356435967921
GCF_002939305.1	GCF_001904655.1	0.85-0.9	88.3686	88.9605	87.98848193485038
GCA_017114995.1	GCF_002949735.1	0.85-0.9	89.4274	92.11	88.47219279701528
GCF_003555505.1	GCA_015296025.1	0.85-0.9	87.1141	91.2238	87.08215855964058
GCA_002018045.1	GCF_000586015.1	0.85-0.9	86.703	92.0032	86.61716033992964
GCF_014695775.1	GCF_014695395.1	0.85-0.9	89.4651	91.2985	89.21237439965202
GCF_015841355.1	GCF_002252625.1	0.85-0.9	88.0247	90.2249	88.14487701265888
GCA_003326215.1	GCF_016056275.1	0.85-0.9	89.5337	92.7008	88.78016996040965
GCF_014696825.1	GCA_004293145.1	0.85-0.9	88.909	92.0203	87.83566489177227
GCF_000317575.1	GCF_002355455.1	0.85-0.9	90.5135	92.1615	89.55751644711656
GCA_903893625.1	GCF_014697575.1	0.85-0.9	87.9905	95.5408	90.17544080699659
GCA_003499955.1	GCA_001784535.1	0.85-0.9	88.4535	92.5652	88.27230046080592
GCA_003209755.1	GCA_003216295.1	0.85-0.9	86.9288	87.0268	86.88892757611008
GCF_003555505.1	GCF_000505665.1	0.85-0.9	88.2776	89.2086	88.63631188725019
GCF_001904725.1	GCF_015207735.1	0.85-0.9	88.1989	90.3095	87.4307367530764
GCF_015207755.1	GCF_002218065.1	0.85-0.9	90.4597	91.0298	88.89417211520946
GCF_002368335.1	GCF_017164015.1	0.85-0.9	91.2725	91.2932	89.79316825487334
GCA_004292745.1	GCA_004294385.1	0.85-0.9	88.9338	93.9976	90.46385050604596
GCA_017472545.1	GCA_017536545.1	0.85-0.9	86.0128	92.3154	86.7480725138808
GCA_011331985.1	GCF_016446395.1	0.85-0.9	89.3883	92.7409	89.33040032661991
GCA_016882385.1	GCF_014697415.1	0.85-0.9	86.7499	90.2648	87.13398151065012
GCF_000346485.2	GCF_009725235.1	0.85-0.9	90.4214	92.4662	89.08592989608756
GCA_017396695.1	GCA_017505585.1	0.85-0.9	86.8159	90.9066	87.10852348169598
GCF_018282115.1	GCF_000284455.1	0.85-0.9	87.949	90.2178	87.84882331123431
GCF_003003845.1	GCF_000317145.1	0.85-0.9	89.7512	93.6726	89.01780487037703
GCF_000340565.2	GCF_015207755.1	0.85-0.9	90.038	91.1575	88.87784261086146
GCF_000169335.1	GCF_000017845.1	0.85-0.9	88.3036	93.4897	88.62583382420881
GCF_009725235.1	GCF_000760695.4	0.85-0.9	89.7212	92.5532	88.88135277418358
GCA_009840445.1	GCA_001007665.1	0.85-0.9	88.2093	92.4894	87.91653496420307
GCF_015207705.1	GCA_003990705.1	0.85-0.9	90.328	91.4674	89.28287104451506
GCA_002749975.1	GCF_002964865.1	0.85-0.9	88.6621	89.9759	87.47569761175033
GCA_018993265.1	GCF_014697615.1	0.85-0.9	90.3362	92.7285	89.47779212932727
GCF_014698035.1	GCF_014023275.1	0.85-0.9	89.9931	92.4757	89.33611406103128
GCA_015295825.1	GCA_015296025.1	0.85-0.9	87.5979	91.5531	87.4558613742309
GCA_004299065.1	GCF_009846485.1	0.85-0.9	87.1056	92.3119	88.83220262596654
GCA_012842325.1	GCA_001513125.1	0.85-0.9	85.6517	92.3233	84.93695116323251
GCA_011330655.1	GCF_000183745.1	0.85-0.9	87.9511	92.1853	89.10860059667355
GCF_001880325.1	GCF_001280255.1	0.85-0.9	85.293	86.4784	85.64702103443668
GCF_000430045.1	GCF_003574095.1	0.85-0.9	88.7677	91.499	89.26441343802931
GCF_000373205.1	GCF_000430045.1	0.85-0.9	88.4708	91.3949	88.81540288115183
GCF_003426945.1	GCF_000236585.1	0.85-0.9	84.8774	85.711	86.07699786343976
GCF_003226535.1	GCF_000092125.1	0.85-0.9	87.7424	90.5402	88.25083427670037
GCA_003153775.1	GCA_003142295.1	0.85-0.9	87.8626	90.8105	87.0700535726673
GCA_016844545.1	GCA_016208525.1	0.85-0.9	89.6096	94.049	88.60027228760299
GCA_015493715.1	GCA_015489765.1	0.85-0.9	86.8563	93.2534	89.81038115849303
GCA_011390615.1	GCA_011390635.1	0.85-0.9	86.787	90.0965	87.3544320118734
GCA_011051875.1	GCA_015484845.1	0.85-0.9	87.7985	91.8712	88.42108276582461
GCF_007830435.1	GCF_006175995.1	0.85-0.9	89.0893	89.7383	88.39348610906166
GCA_016874945.1	GCA_016874915.1	0.85-0.9	87.6447	96.7427	93.29852492283477
GCA_015489765.1	GCA_011322715.1	0.85-0.9	88.4137	96.5939	92.64519475257207
GCA_003142295.1	GCA_003142635.1	0.85-0.9	88.1792	91.693	88.03911223492547
GCA_003566995.1	GCA_007125915.1	0.85-0.9	86.0028	92.7221	88.39149544214092
GCA_018333535.1	GCA_016874935.1	0.85-0.9	88.718	91.7817	88.275242270045
GCA_018823005.1	GCA_011391695.1	0.85-0.9	87.95	92.0335	87.52103722129307
GCF_008802355.1	GCF_008330225.1	0.85-0.9	89.845	90.9641	90.030471581205
GCF_000215975.1	GCA_011361985.1	0.85-0.9	89.8087	91.8338	89.56537027208178
GCA_011390695.1	GCA_011390615.1	0.85-0.9	88.809	95.3739	91.15961580542205
GCF_014201505.1	GCA_000769715.1	0.85-0.9	88.9793	91.021	88.87790497485896
GCA_003153775.1	GCA_903893135.1	0.85-0.9	87.7565	91.2641	87.12947772119664
GCA_015233625.1	GCA_015233295.1	0.85-0.9	89.4981	95.0124	90.12162899352587
GCA_003641645.1	GCA_017656385.1	0.85-0.9	85.3879	93.147	87.54064657640613
GCA_013619105.1	GCA_001751225.1	0.85-0.9	89.4793	93.4176	89.17708440917932
GCA_015233055.1	GCA_015233625.1	0.85-0.9	90.0997	94.4371	89.69105541987061
GCA_002841865.1	GCA_013177825.1	0.85-0.9	89.3876	89.1601	89.18934024628484
GCA_006226895.1	GCA_012974435.1	0.85-0.9	90.0927	94.1558	89.7224277488492
GCA_012513605.1	GCA_016931115.1	0.85-0.9	87.7996	92.7297	88.22213121527507
GCA_003486165.1	GCA_002868985.1	0.85-0.9	89.694	95.6714	90.99637764857764
GCF_008330225.1	GCF_008802365.1	0.85-0.9	89.3861	90.2644	89.13225629154852
GCA_015492245.1	GCA_011371515.1	0.85-0.9	83.9772	92.1079	86.65116202269512
GCA_903893135.1	GCA_003142635.1	0.85-0.9	87.8407	92.3189	87.76297311205064
GCA_011042305.1	GCA_002327445.1	0.85-0.9	86.4551	91.1418	86.54104856837846
GCA_018399235.1	GCA_018334555.1	0.85-0.9	86.0729	92.0502	87.54740266165358
GCA_011390235.1	GCA_011390335.1	0.85-0.9	89.0757	93.5648	88.32809521713848
GCA_011390065.1	GCA_011389855.1	0.85-0.9	88.2816	94.0593	90.42162511179149
GCA_004193595.1	GCA_001751005.1	0.85-0.9	90.4941	94.1109	89.57860442008659
GCA_004028505.1	GCA_004028495.1	0.85-0.9	88.0711	95.3114	90.14498218184102
GCA_016218095.1	GCA_001797465.1	0.85-0.9	86.6809	91.8784	87.64468794016828
GCA_903885795.1	GCA_003451635.1	0.85-0.9	88.4182	93.9185	89.04793450621756
GCA_014859605.1	GCA_002841765.1	0.85-0.9	87.5215	90.8857	87.393060815118
GCA_007134025.1	GCA_003561875.1	0.85-0.9	87.9497	88.7427	88.07495630751534
GCA_003141195.1	GCA_001873745.1	0.85-0.9	87.7501	93.162	88.32031351833996
GCA_015233285.1	GCA_015233625.1	0.85-0.9	90.086	94.907	90.02503132075675
GCA_002238415.1	GCA_011523265.1	0.85-0.9	89.5572	92.7022	88.88084797312408
GCA_005888095.1	GCA_005879585.1	0.85-0.9	86.3791	89.5498	86.28117024640447
GCA_005879205.1	GCA_005888095.1	0.85-0.9	87.6008	91.3323	87.27959068285264
GCA_009837205.1	GCA_009840385.1	0.85-0.9	86.8384	87.2879	87.20272397328051
GCA_018654605.1	GCA_002701865.2	0.85-0.9	86.117	86.6195	86.47366238468902
GCA_002697665.2	GCA_902609885.1	0.85-0.9	88.8309	91.446	89.1240069081742
GCA_001775255.1	GCA_902826595.1	0.85-0.9	88.3755	92.0462	87.66462052004108
GCA_002715585.2	GCA_002697665.2	0.85-0.9	88.5929	89.9466	88.2274452269177
GCA_001873935.1	GCA_007280195.1	0.85-0.9	88.9866	92.8683	89.03075793535582
GCA_017881405.1	GCA_001797445.1	0.85-0.9	87.139	91.7117	87.77439101780809
GCA_001873935.1	GCA_001797445.1	0.85-0.9	87.0361	90.6693	87.45542340221868
GCF_000512235.1	GCA_002067165.1	0.85-0.9	87.2013	90.4157	86.35363253094047
GCA_002418945.1	GCA_017992765.1	0.85-0.9	87.0891	89.6496	87.48734368778346
GCF_000422565.1	GCA_002382645.1	0.85-0.9	85.371	89.558	86.62034073804885
GCA_018822105.1	GCA_903843965.1	0.85-0.9	86.2709	89.2533	87.41108830856054
GCA_003135255.1	GCA_003141695.1	0.85-0.9	90.0476	94.2674	90.44667366187666
GCA_005880855.1	GCA_005880315.1	0.85-0.9	87.7648	91.0474	87.91646304498754
GCA_003153215.1	GCA_003142035.1	0.85-0.9	89.605	93.7987	89.57002901112455
GCA_017610525.1	GCA_003660865.1	0.85-0.9	89.4488	95.5046	90.09328952577152
GCA_018821925.1	GCA_001777915.1	0.85-0.9	88.7565	90.9004	88.96049109679305
GCA_005893275.1	GCA_005893265.1	0.85-0.9	86.1909	89.4731	86.72331911252628
GCA_016710095.1	GCA_016215625.1	0.85-0.9	89.537	92.0625	90.51769355097383
GCA_003500765.1	GCA_009773155.1	0.85-0.9	87.5143	93.8286	89.23085863438435
GCA_017651625.1	GCA_017528425.1	0.85-0.9	88.6644	89.4476	88.56946313436343
GCA_016208085.1	GCA_018829985.1	0.85-0.9	87.9198	93.4208	88.46289907768669
GCA_003167155.1	GCA_013289785.1	0.85-0.9	87.7492	92.5497	87.92073431503209
GCA_003158175.1	GCA_013289785.1	0.85-0.9	85.3244	91.0222	85.74834579596846
GCA_902791745.1	GCA_902790465.1	0.85-0.9	88.1864	94.2303	89.42220625953794
GCA_004554425.1	GCA_900772775.1	0.85-0.9	86.681	90.6466	87.30772605386255
GCA_017959225.1	GCA_002390045.1	0.85-0.9	85.7324	87.86	86.8928626291154
GCA_016715065.1	GCA_016699655.1	0.85-0.9	88.3911	83.8864	87.47904097287936
GCA_017625775.1	GCA_017631885.1	0.85-0.9	88.4083	91.7683	89.58492135962967
GCA_902796785.1	GCA_017650365.1	0.85-0.9	88.2409	94.306	91.40906117109974
GCA_903916325.1	GCA_903915125.1	0.85-0.9	87.8176	94.4916	92.13477675883345
GCA_903916325.1	GCA_903861835.1	0.85-0.9	86.2089	92.7198	90.06288431696314
GCF_003001905.1	GCF_900113175.1	0.85-0.9	89.8334	90.8546	89.98379237603926
GCF_000632715.1	GCF_011761475.1	0.85-0.9	90.615	91.262	89.74631310948125
GCA_001916215.1	GCA_900547045.1	0.85-0.9	86.6385	95.8363	92.41510009252593
GCF_000935355.1	GCF_008364765.1	0.85-0.9	89.4066	89.5262	88.92658830462265
GCF_900114715.1	GCF_900115625.1	0.85-0.9	86.8814	86.5929	87.00707402111348
GCF_002742685.1	GCF_900111795.1	0.85-0.9	86.6136	88.5609	86.87839052432483
GCA_900538465.1	GCF_004343035.1	0.85-0.9	87.8953	92.2052	90.08668184488664
GCA_016298185.1	GCA_016290145.1	0.85-0.9	87.4218	87.8541	87.1135137887025
GCA_910588025.1	GCA_910587775.1	0.85-0.9	88.0647	90.224	89.66189879978836
GCA_910576855.1	GCA_009917405.1	0.85-0.9	88.2874	92.2056	90.46978116936756
GCF_001592085.1	GCF_003946545.1	0.85-0.9	87.5864	88.0202	88.95243798433941
GCF_001578185.1	GCF_017355165.1	0.85-0.9	90.9705	91.8557	89.93808178634755
GCF_003931795.1	GCF_900637845.1	0.85-0.9	87.9235	86.6102	88.59455354981174
GCA_014238525.1	GCA_014238225.1	0.85-0.9	86.6487	89.7248	84.72538889549072
GCA_017633835.1	GCA_017645255.1	0.85-0.9	86.6164	84.8005	84.6992522653245
GCF_003339585.1	GCF_000685865.1	0.85-0.9	86.4175	81.2147	86.84167794300996
GCF_002096815.1	GCF_001579025.1	0.85-0.9	88.4302	87.3215	88.53071098991862
GCA_003554025.1	GCA_003552925.1	0.85-0.9	86.9637	73.1464	85.32231868760246
GCF_900115605.1	GCF_900116255.1	0.85-0.9	86.5697	86.9464	86.05579531634122
GCF_018967645.1	GCF_018138385.1	0.85-0.9	88.2963	86.5314	88.27704981362973
GCF_904424705.1	GCF_001591825.1	0.85-0.9	86.3276	87.7533	86.44007967608624
GCF_900129085.1	GCA_019116785.1	0.85-0.9	86.299	92.2949	87.6710482944909
GCF_000833605.1	GCF_014201585.1	0.85-0.9	87.8073	88.2074	87.48395910877336
GCA_900754615.1	GCA_900547815.1	0.85-0.9	89.0121	93.4936	89.9929628407405
GCA_900110015.1	GCF_002272135.1	0.85-0.9	88.9648	88.8836	88.9742025673842
GCF_003458715.1	GCF_003436425.1	0.85-0.9	88.8586	90.5759	88.28872048046985
GCF_000484595.1	GCF_003058165.1	0.85-0.9	88.9283	88.8872	88.1464027747266
GCA_900544435.1	GCF_003024675.1	0.85-0.9	89.8845	96.298	92.17199240028225
GCF_002874535.1	GCF_018613195.1	0.85-0.9	87.6441	87.7563	87.64490220779933
GCF_000307855.1	GCA_012840465.1	0.85-0.9	89.647	91.2686	88.83270562653681
GCA_000438415.1	GCA_003524085.1	0.85-0.9	89.1076	95.1209	90.95849983669744
GCA_900754715.1	GCA_900543035.1	0.85-0.9	88.1376	92.5694	90.33164668338907
GCF_003316765.1	GCF_008180615.1	0.85-0.9	87.9	86.272	87.54411513532291
GCF_006861775.1	GCF_900111345.1	0.85-0.9	88.1787	89.6789	87.28713576189688
GCA_012839485.1	GCA_012838635.1	0.85-0.9	86.9808	92.0298	87.1287292585076
GCA_910579535.1	GCA_910583945.1	0.85-0.9	88.2078	96.33	91.97268216830957
GCA_012513195.1	GCA_012516175.1	0.85-0.9	84.7512	99.6134	95.0309662872828
GCF_018390575.1	GCF_000348905.1	0.85-0.9	88.1343	87.5712	88.5056723890467
GCF_900107305.1	GCF_004341445.1	0.85-0.9	88.3974	90.4038	88.31787500935387
GCA_017962745.1	GCA_017617065.1	0.85-0.9	85.9045	87.7586	86.10328748899309
GCA_017646825.1	GCA_017397315.1	0.85-0.9	86.777	91.6802	87.30755433462073
GCA_017616855.1	GCA_017620395.1	0.85-0.9	86.1917	90.793	87.58677785914905
GCF_000244875.1	GCF_000022065.1	0.85-0.9	87.3633	87.2511	86.95186626528914
GCA_012523915.1	GCA_012735285.1	0.85-0.9	85.8959	95.069	89.86554059221717
GCA_017379935.1	GCA_017415025.1	0.85-0.9	87.3207	88.5415	87.4102303263906
GCA_012511525.1	GCA_012523135.1	0.85-0.9	87.1947	92.6017	87.94456616180817
GCA_000702525.1	GCA_017392525.1	0.85-0.9	86.1155	83.4221	85.60650038858607
GCF_904384255.1	GCA_900554165.1	0.85-0.9	89.8134	94.6508	89.91587158700656
GCA_017416855.1	GCA_015068865.1	0.85-0.9	88.3996	91.4147	89.31787834104874
GCA_017619985.1	GCA_017557505.1	0.85-0.9	86.92	91.7482	88.44056152892945
GCA_017428635.1	GCA_017545225.1	0.85-0.9	87.3005	90.6098	87.81861267503956
GCA_015068285.1	GCA_017547995.1	0.85-0.9	86.9436	93.1754	88.94591063542366
GCF_900538275.1	GCA_002841495.1	0.85-0.9	87.3447	84.4258	87.48481388122907
GCA_017441925.1	GCA_902782895.1	0.85-0.9	86.0199	89.3152	86.3524709739228
GCA_001513385.1	GCA_012522015.1	0.85-0.9	87.3034	90.3656	87.46610127740435
GCA_017548765.1	GCA_017543445.1	0.85-0.9	87.9968	89.1582	88.08435477434267
GCA_017425305.1	GCF_015668515.1	0.85-0.9	85.1333	91.21	84.35795785484575
GCA_017548765.1	GCA_900319565.1	0.85-0.9	86.5742	88.9834	86.08605517895467
GCA_017613995.1	GCA_902796565.1	0.85-0.9	86.0884	93.4322	88.20300334627015
GCA_002841435.1	GCA_002841495.1	0.85-0.9	88.968	91.8071	87.95547912714827
GCA_017524445.1	GCA_017393775.1	0.85-0.9	86.2084	89.295	86.59407436185371
GCA_017507985.1	GCA_015064805.1	0.85-0.9	86.5525	87.8535	86.33829677169192
GCA_012518535.1	GCA_002385665.1	0.85-0.9	89.1807	92.6259	88.54083068261716
GCA_017619295.1	GCA_900103495.1	0.85-0.9	89.1921	90.7457	89.85821046647062
GCA_900539725.1	GCF_000312505.2	0.85-0.9	88.8148	89.6132	89.10681699761557
GCA_017938145.1	GCA_017622795.1	0.85-0.9	87.4589	90.4778	87.65857989779272
GCA_900539655.1	GCA_900540475.1	0.85-0.9	88.091	90.1914	88.12183792216477
GCA_012521175.1	GCA_012519955.1	0.85-0.9	88.2666	91.022	88.43400906740682
GCA_900315945.1	GCA_002373675.1	0.85-0.9	87.3707	85.3711	87.34996310573771
GCA_017556805.1	GCA_015057365.1	0.85-0.9	88.301	87.5382	88.52172461129565
GCA_017531925.1	GCA_017483195.1	0.85-0.9	89.4636	89.277	89.32865845346083
GCA_900753135.1	GCA_900765095.1	0.85-0.9	88.6394	97.395	92.95994369132985
GCA_900544965.1	GCA_900547135.1	0.85-0.9	88.7433	92.1302	87.62762631995146
GCA_016650135.1	GCA_016650115.1	0.85-0.9	88.9452	94.4113	89.47675918505766
GCA_002404515.1	GCA_900553925.1	0.85-0.9	88.1472	92.957	88.00601793259138
GCA_019114065.1	GCA_902406105.1	0.85-0.9	85.9044	96.0281	92.40632729201987
GCA_015064725.1	GCA_017621475.1	0.85-0.9	88.8481	88.2513	88.84618185402853
GCA_900553865.1	GCA_900553405.1	0.85-0.9	89.3521	96.8345	92.2272201400273
GCA_902794055.1	GCA_017523925.1	0.85-0.9	88.9314	92.2505	89.44347970565711
GCF_003589745.1	GCF_003862475.1	0.85-0.9	87.496	87.8144	87.26662708793916
GCF_000018425.1	GCA_002294005.1	0.85-0.9	87.179	89.8408	87.3600385292179
GCA_003513005.1	GCA_003485325.1	0.85-0.9	88.4958	91.1341	87.78268105928663
GCF_000024605.1	GCF_003368535.1	0.85-0.9	89.4799	89.4652	88.53506435086936
GCA_002424365.1	GCA_012729715.1	0.85-0.9	87.2248	92.6845	88.76613147600801
GCF_900129285.1	GCA_000214705.1	0.85-0.9	87.6324	87.8118	87.39597600832184
GCA_002382755.1	GCA_003513005.1	0.85-0.9	87.6488	90.3232	87.25715219459703
GCA_002402825.1	GCA_002327235.1	0.85-0.9	87.5628	90.5485	87.23651207914317
GCA_016841875.1	GCA_016841245.1	0.85-0.9	90.8024	91.257	89.27823668128366
GCA_900759105.1	GCA_900553245.1	0.85-0.9	85.5571	93.401	88.5246425900575
GCA_012516535.1	GCA_012842275.1	0.85-0.9	90.621	94.2109	90.04039290484761
GCA_003509545.1	GCF_013167955.1	0.85-0.9	87.7314	90.9636	88.27069052508905
GCA_011048115.1	GCA_003445475.1	0.85-0.9	85.7576	95.0341	89.45001326116935
GCA_000681355.2	GCA_002327235.1	0.85-0.9	88.5287	91.8659	87.80309169126048
GCA_000961765.1	GCA_000802045.1	0.85-0.9	89.9584	92.5615	88.74960296304468
GCF_002257705.1	GCA_017889675.1	0.85-0.9	87.7917	89.5757	86.6782473312862
GCF_003992135.1	GCA_900766245.1	0.85-0.9	89.9379	91.2604	90.01588997869968
GCA_015058545.1	GCF_003992065.1	0.85-0.9	87.176	89.2371	86.90157052452639
GCA_900545535.1	GCF_003269275.1	0.85-0.9	86.546	86.0574	86.2861231195996
GCF_902810435.1	GCF_002959775.1	0.85-0.9	87.8755	86.2851	87.9930981179944
GCF_003467125.1	GCA_900095875.1	0.85-0.9	88.9292	90.0002	89.33510083428001
GCF_003463825.1	GCF_002959915.1	0.85-0.9	87.9167	91.1016	88.45911573207219
GCF_003992135.1	GCF_003999875.1	0.85-0.9	89.8532	90.0089	89.60369717643422
GCA_900554395.1	GCA_003150755.1	0.85-0.9	85.8229	91.5241	86.50916998459167
GCF_000271485.2	GCF_900114615.1	0.85-0.9	89.6119	90.1063	88.12457790233694
GCF_000374545.1	GCA_009929485.1	0.85-0.9	89.3091	89.6282	89.1046400138746
GCF_000702545.1	GCA_017635515.1	0.85-0.9	87.5079	91.5551	88.32474515569196
GCA_902782705.1	GCA_017619685.1	0.85-0.9	90.1766	94.2385	90.06276756496061
GCA_017444395.1	GCA_016280345.1	0.85-0.9	87.8007	94.0772	89.39809426274928
GCA_017635515.1	GCA_015058655.1	0.85-0.9	89.7796	94.0729	91.44604228173142
GCF_003992005.1	GCF_003992055.1	0.85-0.9	88.8315	88.496	87.85728868491428
GCF_000024945.1	GCA_900552445.1	0.85-0.9	88.1283	95.1107	90.56625426207205
GCA_900554395.1	GCA_000436095.1	0.85-0.9	85.4883	91.9182	86.80991027038274
GCA_012798135.1	GCA_002329525.1	0.85-0.9	88.7375	92.0814	89.54868372924656
GCF_000702545.1	GCA_902780915.1	0.85-0.9	87.3552	91.5171	88.46607781221397
GCF_000286455.1	GCF_000234095.1	0.85-0.9	87.0795	87.629	87.14559464937368
GCF_900114615.1	GCF_000271665.2	0.85-0.9	89.8962	90.9171	88.54965951507172
GCA_002314325.1	GCA_900554895.1	0.85-0.9	87.2832	91.6025	87.54373321274997
GCF_900111575.1	GCF_900142275.1	0.85-0.9	87.5	91.3422	87.6413255019084
GCA_012841735.1	GCA_012521345.1	0.85-0.9	85.1726	92.0158	85.87017222586292
GCA_018725345.1	GCA_018333455.1	0.85-0.9	87.2095	90.4031	85.01063157559757
GCA_018335695.1	GCA_018333635.1	0.85-0.9	88.6743	88.704	88.8088580337345
GCA_012522075.1	GCA_012521345.1	0.85-0.9	87.9091	91.0686	87.5691102006484
GCA_018333455.1	GCA_018333635.1	0.85-0.9	86.8103	89.9553	86.01339798677381
GCF_001280565.1	GCF_900176145.1	0.85-0.9	88.7042	88.2463	87.9475870898854
GCA_012842495.1	GCA_014896535.1	0.85-0.9	88.2858	88.3542	87.72779581671084
GCF_000009905.1	GCA_003242675.1	0.85-0.9	87.5654	90.5531	87.9013610675315
GCF_001693735.1	GCF_003001995.1	0.85-0.9	88.0841	88.6721	87.41120980449995
GCA_015666175.1	GCA_007130465.1	0.85-0.9	86.7442	90.7067	87.08936121259936
GCA_002398515.1	GCA_012512055.1	0.85-0.9	88.6064	92.0318	87.8903138667702
GCA_012735195.1	GCA_012839115.1	0.85-0.9	87.7427	90.3243	86.99822706890784
GCA_012799075.1	GCA_012522085.1	0.85-0.9	85.5827	91.5763	86.03773506531753
GCA_012727895.1	GCA_012839115.1	0.85-0.9	86.3365	89.2648	85.57787641271801
GCA_012727675.1	GCA_012735435.1	0.85-0.9	88.3123	91.5772	87.6368654736301
GCA_012521755.1	GCA_012522085.1	0.85-0.9	87.1854	91.5781	87.50211196402246
GCF_008327825.1	GCF_000469385.1	0.85-0.9	88.3261	95.7351	90.84710704285787
GCF_000426625.1	GCA_002084825.1	0.85-0.9	88.077	90.9247	85.95489548357331
GCF_000023905.1	GCF_007990635.1	0.85-0.9	89.6018	94.3805	90.57298429223091
GCF_000469505.1	GCF_001274535.1	0.85-0.9	89.5665	90.7692	89.55932824479501
GCF_000482505.1	GCF_007990635.1	0.85-0.9	90.1228	94.6581	90.20167960924334
GCA_013361745.1	GCA_013361935.1	0.85-0.9	87.3163	93.1119	88.46267411219118
GCA_002238605.1	GCA_012267435.1	0.85-0.9	88.6863	91.6639	88.40796019481355
GCA_009840525.1	GCA_002238605.1	0.85-0.9	88.2996	90.9982	88.56273237390945
GCA_009838765.1	GCA_012270965.1	0.85-0.9	88.7317	91.2679	88.70366028232067
GCA_017881545.1	GCA_017881465.1	0.85-0.9	87.4992	91.9879	87.31685727331578
GCA_016712265.1	GCA_016794835.1	0.85-0.9	87.0737	91.9714	87.82537500711294
GCA_002238605.1	GCA_009843625.1	0.85-0.9	88.45	92.262	88.72783761721
GCA_002724575.1	GCA_002501085.1	0.85-0.9	88.2522	90.6388	88.0548110810554
GCA_003142495.1	GCA_013697785.1	0.85-0.9	86.455	91.3394	86.80314989315653
GCA_012270965.1	GCA_009840115.1	0.85-0.9	89.3779	91.4255	89.29848240394202
GCA_002839855.1	GCA_016937715.1	0.85-0.9	89.1704	92.1731	90.38338299865273
GCA_018725485.1	GCA_018725175.1	0.85-0.9	86.3179	90.834	85.86841104810013
GCA_001515185.1	GCA_004375695.1	0.85-0.9	91.1695	95.0158	91.39488786996586
GCF_000328685.1	GCF_000337675.1	0.85-0.9	87.7545	88.2439	87.49280679244119
GCF_000336635.1	GCF_000337775.1	0.85-0.9	88.8308	88.5316	88.22617784359576
GCA_003162175.1	GCA_003139855.1	0.85-0.9	89.6673	91.5647	89.397614469226
GCA_016926855.1	GCA_001412355.1	0.85-0.9	88.6754	90.9629	88.76269753903983
GCF_000196895.1	GCF_001593955.1	0.85-0.9	86.081	85.1023	85.9789088367893
GCA_011048835.1	GCA_016841665.1	0.85-0.9	86.2347	88.5804	86.20094988264974
GCF_000328685.1	GCA_003559215.1	0.85-0.9	87.5196	89.2408	87.06368427783303
GCA_012910725.1	GCA_905067535.1	0.85-0.9	91.3568	94.3196	89.03211891465695
GCF_014647115.1	GCF_014647155.1	0.85-0.9	89.9886	89.9739	89.51433753073019
GCF_000336615.1	GCF_001280425.1	0.85-0.9	89.3664	89.2247	88.78506280384438
GCA_016926455.1	GCA_016935475.1	0.85-0.9	87.6326	93.3022	87.36440961683931
GCA_015520115.1	GCF_000025505.1	0.85-0.9	86.7118	90.6718	85.84895159408437
GCF_013415885.1	GCF_000337455.1	0.85-0.9	89.3622	91.5613	89.92732767021076
GCF_016065055.1	GCF_000337455.1	0.85-0.9	89.3158	88.9714	89.26019130233196
GCA_905067555.1	GCA_012910725.1	0.85-0.9	91.2831	94.6063	89.64528526379112
GCF_002487355.1	GCA_905339155.1	0.85-0.9	89.26	94.7215	90.95962101121621
GCA_003022745.1	GCA_018609945.1	0.85-0.9	87.5665	93.3092	87.87509317963807
GCF_003781945.1	GCF_001261915.1	0.85-0.9	88.1927	90.6376	87.46215397832042
GCF_000711215.1	GCA_017553245.1	0.85-0.9	88.221	92.8249	88.93507342417466
GCF_007004735.1	GCF_002906575.1	0.85-0.9	86.9653	86.7056	86.34909208335718
GCA_012511245.1	GCF_001017125.1	0.85-0.9	86.7546	90.7527	86.12912185512783
GCA_007128515.1	GCA_007129135.1	0.85-0.9	88.9297	95.3684	90.62707222585372
GCA_016841625.1	GCA_016841265.1	0.85-0.9	89.0817	90.5663	88.82318484367323
GCF_000970045.1	GCA_016841625.1	0.85-0.9	88.8338	90.0596	88.52917740761391
GCA_001896715.1	GCA_019136335.1	0.85-0.9	89.4453	93.4397	88.72858475115432
GCA_018609665.1	GCA_003020965.1	0.85-0.9	90.3003	94.2392	90.27798925563074
GCF_001469955.1	GCF_003439925.1	0.85-0.9	87.4469	83.9445	86.64614576782068
GCF_900110215.1	GCF_004118325.1	0.85-0.9	89.1657	88.7071	88.36786324888799
GCF_000328685.1	GCF_000337695.1	0.85-0.9	88.5565	87.6649	86.82104828638514
GCA_013329455.1	GCA_002502785.1	0.85-0.9	86.9179	92.4728	87.09363570632239
GCF_017874335.1	GCF_014647115.1	0.85-0.9	88.7757	88.9462	88.62792293440206
GCF_004681185.1	GCF_010119205.1	0.85-0.9	89.6362	90.033	89.23346560950108
GCA_003336485.1	GCA_013139985.1	0.85-0.9	91.1037	94.511	90.05839247823853
GCF_014647155.1	GCF_017874335.1	0.85-0.9	88.288	90.2692	88.36525487919543
GCF_004799685.1	GCF_000739575.1	0.85-0.9	87.2565	84.6712	86.0631918891171
GCF_900116205.1	GCF_000517625.1	0.85-0.9	88.4509	88.4988	87.78233637738498
GCA_001602645.1	GCF_000235565.1	0.85-0.9	89.3699	90.723	89.46594655984788
GCF_002025255.2	GCF_000739555.1	0.85-0.9	87.5824	86.8032	86.75967167175187
GCA_015661395.1	GCA_003158275.1	0.85-0.9	89.8954	93.6628	89.7069092353299
GCF_002844335.1	GCF_000337775.1	0.85-0.9	89.3703	89.4279	88.85048402196755
GCA_003552765.1	GCA_007118235.1	0.85-0.9	89.0601	95.2705	90.56130543845133
GCA_011338105.1	GCA_000493945.1	0.85-0.9	90.3322	93.2925	89.4917431611343
GCA_003230355.1	GCA_002923215.1	0.85-0.9	86.9848	95.4647	90.18322394733116
GCA_015521945.1	GCA_013152995.1	0.85-0.9	84.6433	93.1188	87.14834843783281
GCA_016187745.1	GCA_018304445.1	0.85-0.9	88.4013	93.1405	88.85712002641735
GCA_009837395.1	GCA_012270975.1	0.85-0.9	87.4306	88.1209	88.24183033283788
GCA_012270975.1	GCA_009841265.1	0.85-0.9	87.5452	88.2992	88.69449856347842
GCA_903847545.1	GCA_903859215.1	0.85-0.9	87.8427	93.6236	89.7319036571488
GCA_002691365.1	GCA_002707905.1	0.85-0.9	86.1754	91.2689	86.04476476609166
GCA_012964825.1	GCA_004124465.1	0.85-0.9	87.9248	92.3851	88.298597646932
GCA_003644575.1	GCA_001509335.1	0.85-0.9	85.4182	90.5356	82.77234454155342
GCA_902525615.1	GCA_902624275.1	0.85-0.9	89.5392	90.218	89.48536852191448
GCA_002256485.1	GCA_002436185.1	0.85-0.9	87.7722	91.1859	87.10766393656831
GCA_902581045.1	GCA_002713455.1	0.85-0.9	86.2927	96.9695	91.8558851440245
GCA_002471865.1	GCA_002402135.1	0.85-0.9	85.2649	93.9184	88.02432633449519
GCF_003264935.1	GCA_012840175.1	0.85-0.9	88.1394	88.8576	87.58718482936953
GCA_003158115.1	GCA_003151535.1	0.85-0.9	89.6334	93.439	89.70362157419858
GCA_012840175.1	GCA_001507955.1	0.85-0.9	88.7234	92.5302	87.55497820196324
GCA_013330915.1	GCA_016282985.1	0.85-0.9	85.6195	89.5956	83.34719994401551
GCF_000145295.1	GCF_000828575.1	0.85-0.9	90.3239	90.174	91.37127401181009
GCA_012838205.1	GCA_002496805.1	0.85-0.9	89.6539	91.9677	89.5341108124957
GCA_003151535.1	GCA_003164415.1	0.85-0.9	88.2681	94.125	89.29181954598798
GCA_016217785.1	GCA_000309865.1	0.85-0.9	88.6472	89.9952	88.32505408178537
GCA_015661555.1	GCA_015662355.1	0.85-0.9	85.2686	92.0	85.54196594062785
GCA_015661585.1	GCF_003351865.1	0.85-0.9	88.0277	99.537	94.56613048845968
GCF_001484685.1	GCF_000430485.1	0.85-0.9	87.0217	88.3699	87.4147847470004
GCF_000151105.2	GCA_017656495.1	0.85-0.9	87.1607	87.7235	87.96690323320817
GCF_012027325.1	GCF_000517445.1	0.85-0.9	90.0894	89.0433	90.20082953759291
GCA_017656495.1	GCF_000517445.1	0.85-0.9	89.3504	89.8406	89.91745376953328
GCA_003221695.1	GCA_001914535.1	0.85-0.9	87.3751	91.286	87.46895275987721
GCA_003220315.1	GCA_003220675.1	0.85-0.9	88.4759	92.3568	88.52455884967911
GCA_003221695.1	GCA_003220675.1	0.85-0.9	88.1124	91.8034	87.78056659022843
GCA_016177555.1	GCA_016188005.1	0.85-0.9	89.0677	96.3199	93.58131983036859
GCA_001788395.1	GCA_016188005.1	0.85-0.9	87.5048	92.0408	88.05745474216484
GCA_003220335.1	GCA_003220225.1	0.85-0.9	89.4938	93.2743	89.86937650629511
GCA_001788415.1	GCA_016177555.1	0.85-0.9	88.5967	94.5461	89.913508706175
GCA_003220495.1	GCA_003220685.1	0.85-0.9	89.7878	91.4343	89.52776119599658
GCA_001914535.1	GCA_003220675.1	0.85-0.9	88.3542	92.505	88.13680075565557
GCA_001917585.1	GCA_003220615.1	0.85-0.9	88.3499	91.4549	88.2184335897117
GCA_001443385.1	GCA_016179965.1	0.85-0.9	87.3918	91.7865	87.26322831932643
GCA_001790315.1	GCA_001788495.1	0.85-0.9	87.7602	92.2988	87.9845305599481
GCA_003220315.1	GCA_001914535.1	0.85-0.9	87.5198	91.7736	87.51174755206269
GCA_000091165.1	GCA_002634395.1	0.85-0.9	87.6904	89.8049	89.11131680014384
GCA_903920925.1	GCA_013425455.1	0.85-0.9	86.3859	92.344	86.66575771655654
GCF_003611695.1	GCF_003611735.1	0.85-0.9	88.5437	92.3111	89.88520572583586
GCF_016859125.1	GCF_000733295.1	0.85-0.9	87.8064	90.7454	87.93727714405583
GCF_000737335.2	GCF_002994635.1	0.85-0.9	87.5936	90.262	87.41535281247201
GCF_004005565.1	GCA_007997005.1	0.85-0.9	88.2704	88.4852	88.12008764288244
GCF_000418325.1	GCF_002950945.1	0.85-0.9	88.5637	89.6197	87.18527442809923
GCF_000165485.1	GCF_900111745.1	0.85-0.9	88.2855	89.37	88.30319583323178
GCA_903874275.1	GCA_903904005.1	0.85-0.9	86.793	91.0795	88.17598548478739
GCF_016859125.1	GCF_001027285.1	0.85-0.9	87.9184	88.331	87.03083185185791
GCF_002950945.1	GCF_004135735.1	0.85-0.9	88.3795	89.4078	87.1983788935784
GCF_000255295.1	GCF_003611635.1	0.85-0.9	88.0062	91.5935	89.23870140800844
GCF_000733295.1	GCF_016887565.1	0.85-0.9	87.3978	89.2161	86.95328362512267
GCA_009781495.1	GCA_009786315.1	0.85-0.9	85.1012	88.4826	86.74705177723
GCA_903912275.1	GCA_013205435.1	0.85-0.9	88.6491	93.2967	89.60025212904158
GCA_003157315.1	GCA_003153015.1	0.85-0.9	88.2177	92.914	88.32535700502055
GCF_004005565.1	GCA_007997015.1	0.85-0.9	87.4503	86.2985	87.47877343618863
GCF_000067165.1	GCF_004135735.1	0.85-0.9	88.178	89.059	87.06325357388914
GCA_016717005.1	GCA_016794525.1	0.85-0.9	86.5928	89.1122	87.24054759942612
GCF_003611675.1	GCF_009909145.1	0.85-0.9	88.8749	92.4388	89.94568271323526
GCF_013372585.1	GCF_010894435.1	0.85-0.9	86.1791	89.3223	86.70662160858957
GCA_005879505.1	GCA_001918155.1	0.85-0.9	90.7108	93.7499	90.47103072526262
GCF_016904885.1	GCF_002305855.1	0.85-0.9	87.8086	88.4809	88.12304298717577
GCF_002950945.1	GCF_000067165.1	0.85-0.9	88.1069	89.5742	87.03816673380128
GCF_000165485.1	GCF_900109545.1	0.85-0.9	88.2794	89.4366	88.15740544618394
GCA_903855945.1	GCA_903904005.1	0.85-0.9	86.0512	89.1384	87.21713760762718
GCA_018901315.1	GCA_017609385.1	0.85-0.9	86.4153	93.1418	86.17062095550114
GCA_007133845.1	GCA_003563585.1	0.85-0.9	87.5655	94.749	87.98408966693673
GCA_016205905.1	GCA_018303325.1	0.85-0.9	88.5155	90.5105	86.96386862288394
GCA_018819345.1	GCA_018901315.1	0.85-0.9	87.5016	95.6635	88.63150758759049
GCA_016784245.1	GCA_018692925.1	0.85-0.9	88.3493	92.0298	86.21716559307792
GCA_003009815.1	GCA_003009795.1	0.85-0.9	89.9097	92.885	90.2205670380152
GCA_016234205.1	GCA_001805005.1	0.85-0.9	88.7686	97.8668	93.05616311240783
GCA_003489165.1	GCA_016194325.1	0.85-0.9	88.238	93.836	88.33738981303915
GCA_016234205.1	GCA_003489165.1	0.85-0.9	88.5123	93.3318	87.29292789653162
GCA_016212185.1	GCA_016207865.1	0.85-0.9	90.8658	94.8778	91.07248453742788
GCA_001805105.1	GCA_003535475.1	0.85-0.9	89.5856	94.4219	89.62253350344176
GCA_016195565.1	GCA_001871685.1	0.85-0.9	88.071	92.4886	87.83722365209836
GCA_002083555.1	GCF_900403705.1	0.85-0.9	87.3725	87.6844	87.25871466276337
GCA_003523945.1	GCA_013817135.1	0.85-0.9	87.0029	93.8443	88.2287736507412
GCA_003599795.1	GCA_016195565.1	0.85-0.9	87.5492	91.4177	86.75233706105243
GCA_016873495.1	GCA_004296885.1	0.85-0.9	89.3398	91.1314	89.41356870530369
GCA_015491705.1	GCA_013152795.1	0.85-0.9	88.5297	93.9841	88.97417667619463
GCA_001803635.1	GCA_016212685.1	0.85-0.9	88.7119	94.5523	89.87961955175749
GCA_016873525.1	GCA_004296865.1	0.85-0.9	86.2949	93.3711	88.00579070713205
GCA_013334545.1	GCA_017885365.1	0.85-0.9	88.3928	93.2738	88.68071955003032
GCA_005877505.1	GCA_005877615.1	0.85-0.9	89.1959	93.2129	89.16878106245886
GCA_005877855.1	GCA_005877505.1	0.85-0.9	88.2233	93.0166	88.16741166880982
GCA_009840285.1	GCA_009842645.1	0.85-0.9	89.6451	93.484	89.57248471660692
GCA_005799365.1	GCA_016873495.1	0.85-0.9	89.6856	93.0091	89.53896895720452
GCA_005877565.1	GCA_005877505.1	0.85-0.9	89.4455	93.661	89.31016253010188
GCA_002869855.2	GCA_002083555.1	0.85-0.9	89.2905	91.0194	89.01071147931948
GCA_005877855.1	GCA_005877615.1	0.85-0.9	89.2647	93.6119	89.37152662474503
GCA_013140455.1	GCA_002083555.1	0.85-0.9	89.0661	90.4509	88.68555451821558
GCA_002897895.1	GCA_011040095.1	0.85-0.9	90.7982	94.7959	90.37015414722451
GCA_018896985.1	GCA_016195565.1	0.85-0.9	91.0289	95.0331	90.53781376790973
GCA_003232715.1	GCA_013152195.1	0.85-0.9	89.0176	95.2801	90.1813434169875
GCA_018819285.1	GCA_003485765.1	0.85-0.9	89.7747	93.3168	90.84816043129845
GCA_001805575.1	GCA_001805845.1	0.85-0.9	88.7208	93.9236	89.53774992785146
GCA_018817585.1	GCA_018817165.1	0.85-0.9	86.5167	89.8626	85.86281132247055
GCA_903880655.1	GCA_903859365.1	0.85-0.9	87.6221	92.0647	91.01592950454754
GCA_016214105.1	GCA_016207245.1	0.85-0.9	88.1419	93.4817	87.60450052166225
GCA_004322365.1	GCA_007378985.1	0.85-0.9	88.8324	88.3043	89.1355634528717
GCA_001774455.1	GCA_002778715.1	0.85-0.9	87.7052	92.1424	84.82541935044651
GCA_002400405.1	GCA_002328565.1	0.85-0.9	87.593	94.2311	91.83085311574503
GCA_015256915.2	GCA_013333405.2	0.85-0.9	87.4898	91.2461	85.6236763284261
GCA_000991805.1	GCA_903906305.1	0.85-0.9	86.3994	99.4186	94.31322216952081
GCA_016185525.1	GCA_016181105.1	0.85-0.9	86.9554	90.6236	86.42696740418626
GCA_016432405.1	GCA_001778495.1	0.85-0.9	87.3424	86.5362	86.5984485581281
GCA_001783595.1	GCA_002782365.1	0.85-0.9	88.1182	91.9105	84.9366788405677
GCA_018818345.1	GCA_000991805.1	0.85-0.9	89.0919	95.5492	90.41314593650749
GCA_003260325.1	GCA_002761215.1	0.85-0.9	87.6826	88.624	89.3641578071031
GCA_016201685.1	GCA_016178535.1	0.85-0.9	88.4105	91.8688	88.64802994011305
GCA_018662325.1	GCA_002718715.1	0.85-0.9	88.4205	88.0796	87.13317409388557
GCA_003507445.1	GCA_000991245.1	0.85-0.9	89.9893	90.1632	89.5493919278278
GCA_002402755.1	GCA_002070955.1	0.85-0.9	86.5749	90.6404	86.47201063201608
GCF_900129635.1	GCF_000242455.2	0.85-0.9	87.5011	83.9154	85.65980575357155
GCA_013202635.1	GCA_014384025.1	0.85-0.9	88.3653	93.7132	88.89211695190758
GCA_012959525.1	GCA_002720975.1	0.85-0.9	88.4313	90.2186	89.07143521610952
GCA_016793195.1	GCA_013360695.1	0.85-0.9	86.9244	93.5695	88.91028424482644
GCA_016935635.1	GCA_002482415.1	0.85-0.9	89.0365	93.3458	89.07156531079208
GCA_903951635.1	GCA_009691925.1	0.85-0.9	87.545	92.6185	87.99531685468773
GCA_002698965.1	GCA_002705165.1	0.85-0.9	88.6937	90.8625	87.96839898862301
GCA_002084585.1	GCA_003644215.1	0.85-0.9	87.7525	93.0356	91.20152718300467
GCA_015200345.1	GCA_007753915.1	0.85-0.9	86.8636	88.0046	87.37043273681252
GCA_016719295.1	GCA_016793245.1	0.85-0.9	89.4123	91.4343	89.67903628315568
GCA_007122045.1	GCA_003561895.1	0.85-0.9	90.2674	95.942	91.66376574955736
GCA_903892045.1	GCA_016872795.1	0.85-0.9	87.4866	91.5354	88.70785721518817
GCA_016709145.1	GCA_016795255.1	0.85-0.9	87.9321	92.601	89.36231736030858
GCA_014584315.1	GCA_900696545.1	0.85-0.9	86.2263	89.1714	87.51692019081773
GCA_002295885.1	GCA_002591705.1	0.85-0.9	86.5563	85.8784	87.08444384337373
GCA_001303465.1	GCA_016782865.1	0.85-0.9	86.9565	92.2163	87.33275901370101
GCA_002168105.2	GCA_004213555.1	0.85-0.9	87.2087	85.1028	87.65608301207507
GCF_001997385.1	GCF_002117005.1	0.85-0.9	86.0413	85.8343	85.40090395624094
GCA_009926625.1	GCA_005799495.1	0.85-0.9	87.2765	81.6276	86.80321023012598
GCA_016873115.1	GCA_016873375.1	0.85-0.9	87.7149	92.2357	89.19160916782295
GCA_003712165.1	GCA_009827205.1	0.85-0.9	89.0038	92.5716	89.13799445056111
GCF_007753095.1	GCF_007751715.1	0.85-0.9	90.4932	91.0251	89.74132513597486
GCA_002690755.1	GCA_009936695.1	0.85-0.9	87.419	93.298	88.86806420180957
GCA_002303765.1	GCA_003671255.1	0.85-0.9	88.4288	92.8079	89.86963443839973
GCA_017454585.1	GCA_017447865.1	0.85-0.9	88.3777	91.0127	87.88166913205566
GCF_007753095.1	GCA_007741475.1	0.85-0.9	90.2769	91.28	89.95405693070055
GCA_005798965.1	GCA_018970045.1	0.85-0.9	88.9059	93.243	89.68796482285612
GCA_905480285.1	GCA_016779205.1	0.85-0.9	86.9396	88.7089	87.10857242274999
GCA_017407125.1	GCA_017557195.1	0.85-0.9	90.3503	93.1689	90.3112918746188
GCA_017652805.1	GCA_902796885.1	0.85-0.9	86.1369	90.0248	85.55347758856897
GCA_017447745.1	GCA_902770245.1	0.85-0.9	88.8557	93.6434	89.56841825678673
GCA_017447745.1	GCA_017407125.1	0.85-0.9	90.4553	92.9433	90.4733928093389
GCA_009936695.1	GCA_002683215.1	0.85-0.9	87.1379	92.7506	88.03714609611261
GCA_017557195.1	GCA_017447745.1	0.85-0.9	89.6583	93.7703	90.26463467770185
GCA_007693845.1	GCA_007127615.1	0.85-0.9	88.8733	93.3776	89.21820426479901
GCA_903927725.1	GCA_016873115.1	0.85-0.9	86.7161	90.3333	87.51186395442059
GCA_012271015.1	GCA_007571305.1	0.85-0.9	89.6893	92.3761	88.466832351831
GCA_018644665.1	GCA_002687025.1	0.85-0.9	86.0733	91.7713	87.18308256903795
GCA_012963885.1	GCA_002697225.1	0.85-0.9	86.6758	90.1074	86.34223374991646
GCA_002697225.1	GCA_002709695.1	0.85-0.9	86.1794	89.6742	85.74565693119709
GCA_003523085.1	GCA_018647765.1	0.85-0.9	87.8757	90.7756	87.45154630233394
GCA_005791235.1	GCA_903828265.1	0.85-0.9	88.277	93.7974	86.56746037727781
GCF_019166065.1	GCF_002209565.1	0.85-0.9	88.7997	88.5941	87.3976914854096
GCF_010974825.1	GCF_000819785.1	0.85-0.9	88.9237	90.8876	89.78989353505136
GCF_000243075.1	GCF_003049725.1	0.85-0.9	87.9796	89.5514	88.1724417241734
GCF_004377485.1	GCF_001982605.1	0.85-0.9	87.0197	83.7833	86.13887717216737
GCA_013416395.1	GCF_005239165.1	0.85-0.9	88.2788	86.1117	87.05519396078012
GCA_905339295.1	GCA_016704895.1	0.85-0.9	86.7539	88.2311	87.1842503161568
GCA_018658635.1	GCF_002688585.1	0.85-0.9	86.2899	92.6004	86.48860528873159
GCF_002723975.1	GCF_000964465.1	0.85-0.9	87.3283	87.9416	87.73353838560261
GCF_003382565.2	GCF_002847345.1	0.85-0.9	89.8118	90.8033	89.07627289810733
GCF_003626975.1	GCF_002355475.1	0.85-0.9	86.4962	86.485	86.2114542819634
GCF_000067205.1	GCF_019218885.1	0.85-0.9	87.6306	89.5593	87.25247032211104
GCA_011046015.1	GCA_014762505.1	0.85-0.9	88.4694	91.623	88.87603116711358
GCF_013116765.2	GCF_002812705.1	0.85-0.9	87.148	87.1454	86.52076277792864
GCF_013266695.1	GCF_009826895.1	0.85-0.9	86.7158	86.7267	87.41606868845236
GCA_903845215.1	GCA_903873585.1	0.85-0.9	85.904	88.0075	86.78310694162764
GCF_009380215.1	GCF_009674495.1	0.85-0.9	86.5012	86.3618	86.18888990958098
GCA_011525295.1	GCA_009841615.1	0.85-0.9	86.5299	87.0534	86.51350897823663
GCA_002707605.1	GCF_004354915.1	0.85-0.9	87.6859	88.8193	88.15567577266869
GCA_000513075.1	GCA_000513055.1	0.85-0.9	88.7876	96.0861	91.13345258500806
GCA_902571315.1	GCA_902614225.1	0.85-0.9	86.7186	93.5576	87.73523417159524
GCF_008728855.1	GCF_008728835.1	0.85-0.9	86.6426	85.5652	86.7042292774138
GCF_014138285.1	GCA_900539805.1	0.85-0.9	87.1441	88.6927	87.05322982107101
GCF_000264765.2	GCF_000341505.1	0.85-0.9	86.2942	82.6685	85.64834603215753
GCA_002281415.1	GCA_903905475.1	0.85-0.9	90.1795	93.5402	90.3752631951739
GCA_017744315.1	GCF_018599195.1	0.85-0.9	86.2639	86.6731	87.11359447223332
GCA_002732845.1	GCA_002401565.1	0.85-0.9	86.9189	90.5422	86.4324524383775
GCA_900470285.1	GCF_003314995.1	0.85-0.9	88.5609	87.1365	87.51523773249555
GCA_002690875.1	GCA_002689325.1	0.85-0.9	86.1339	90.0224	85.67568502533034
GCF_001026905.1	GCF_002118315.1	0.85-0.9	86.3313	83.5695	86.68596576099458
GCA_010021145.1	GCF_002688585.1	0.85-0.9	86.6073	99.9999	84.9192027666281
GCA_017745195.1	GCF_010211765.1	0.85-0.9	87.6892	88.7446	87.4464928967751
GCF_018448905.1	GCF_018448935.1	0.85-0.9	87.506	89.6238	87.39131702208846
GCF_002940065.1	GCF_001908725.1	0.85-0.9	87.6228	89.126	86.54728777536118
GCF_005144475.1	GCF_003217355.1	0.85-0.9	89.2279	91.3968	89.64235761865292
GCA_003279705.1	GCA_902537725.1	0.85-0.9	86.0091	92.278	87.42196874441461
GCA_017744285.1	GCA_017744935.1	0.85-0.9	86.7278	90.1877	86.75847691356475
GCF_009827515.1	GCF_001028625.1	0.85-0.9	86.7224	87.35	87.59429483506592
GCA_017417215.1	GCA_017526725.1	0.85-0.9	86.9631	92.6704	88.83297684639008
GCA_900317935.1	GCA_017526725.1	0.85-0.9	87.7547	92.4801	88.86450744558599
GCA_002683655.1	GCA_003541985.1	0.85-0.9	88.0541	93.1948	88.29002350998847
GCA_011522845.1	GCA_003541985.1	0.85-0.9	87.7565	93.887	89.00440396360297
GCA_002707655.1	GCA_002726945.1	0.85-0.9	89.0329	92.4071	88.62669343911955
GCA_002730365.1	GCA_000224765.2	0.85-0.9	87.8112	93.1218	88.3900018281932
GCA_017554185.1	GCA_902787125.1	0.85-0.9	86.1819	90.6465	87.32953140474528
GCA_007693485.1	GCA_007130025.1	0.85-0.9	87.6725	91.9475	87.44270127756067
GCA_002441395.1	GCA_002425765.1	0.85-0.9	86.8184	87.086	86.87683780867377
GCF_000412995.1	GCF_010365865.1	0.85-0.9	87.3229	92.9205	89.64243580138059
GCA_017642445.1	GCA_017446885.1	0.85-0.9	85.0989	86.9437	85.7739983729031
GCF_000316195.1	GCF_000223215.1	0.85-0.9	89.0061	90.9299	89.11639952872098
GCA_002070605.1	GCA_017998755.1	0.85-0.9	86.4813	93.6907	87.9168766532617
GCA_001829395.1	GCA_013177895.1	0.85-0.9	89.9638	93.8018	89.94247511190939
GCF_000755145.1	GCF_000008185.1	0.85-0.9	89.7845	91.3727	89.77627833265055
GCA_017554185.1	GCA_017642445.1	0.85-0.9	86.5054	91.1958	87.62249678907509
GCA_007128315.1	GCA_007694005.1	0.85-0.9	89.2949	91.4198	88.28544909796312
GCA_011328725.1	GCF_000219725.1	0.85-0.9	86.8844	94.6993	91.59196252966889
GCA_009782955.1	GCA_009782495.1	0.85-0.9	88.2896	92.2209	87.97189860952157
GCF_002379365.1	GCF_001746205.1	0.85-0.9	87.631	95.3446	90.93896269465226
GCA_018262985.1	GCA_016926955.1	0.85-0.9	88.0388	90.0077	89.606869738802
GCA_003552985.1	GCA_003552665.1	0.85-0.9	89.4042	92.7799	89.13681928648964
GCA_902787125.1	GCA_017535435.1	0.85-0.9	88.5449	91.8797	89.60966347354038
GCA_017537925.1	GCA_016288355.1	0.85-0.9	87.2154	92.0981	87.60735162744348
GCA_018716365.1	GCA_900545755.1	0.85-0.9	87.5134	92.8225	88.22195877016301
GCF_002159945.1	GCA_900544635.1	0.85-0.9	86.7338	92.4407	88.08338437569795
GCA_018436595.1	GCA_016756745.1	0.85-0.9	88.0969	89.5505	87.85466449035664
GCA_002696315.1	GCA_002498205.1	0.85-0.9	85.8829	90.7531	85.07724376000256
GCA_001875425.1	GCA_002509225.1	0.85-0.9	88.763	91.581	88.69408939310034
GCA_002509405.1	GCA_002498365.1	0.85-0.9	88.4837	88.5986	89.08838907855404
GCA_002713585.1	GCA_002497905.1	0.85-0.9	88.8799	90.6519	88.70585574251831
GCA_011620825.1	GCA_002505345.1	0.85-0.9	83.8333	90.5893	84.62605681330427
GCA_015520565.1	GCA_015523135.1	0.85-0.9	89.7913	95.1239	90.46216243462311
GCA_002502965.1	GCA_002506255.1	0.85-0.9	86.4313	92.0329	87.5304343855847
GCA_015063185.1	GCA_017508065.1	0.85-0.9	87.202	89.6569	86.8927716291874
GCA_013330765.1	GCA_013330925.1	0.85-0.9	85.4822	91.6864	86.16438196492743
GCA_002505325.1	GCA_014240285.1	0.85-0.9	86.01	91.4527	86.79256009974652
GCA_002457605.1	GCA_002495735.1	0.85-0.9	89.9335	92.1137	89.04820694038014
GCA_002507175.1	GCA_002495675.1	0.85-0.9	89.9015	90.7745	89.90854686543042
GCA_002719395.1	GCA_002699425.1	0.85-0.9	86.8447	88.8489	87.0129842845029
GCA_011334735.1	GCA_014361295.1	0.85-0.9	89.4189	91.8684	88.56328462867775
GCA_001800675.1	GCA_001800815.1	0.85-0.9	86.4525	89.86	87.28408134187721
GCA_000484975.1	GCA_016784625.1	0.85-0.9	87.3256	91.5622	86.74433658621417
GCA_018396515.1	GCA_018396865.1	0.85-0.9	87.7625	93.0815	88.48170767521532
GCA_001316285.1	GCA_001316005.1	0.85-0.9	85.6289	88.0431	85.83887689308779
GCA_003096255.1	GCA_016930555.1	0.85-0.9	86.4599	93.001	86.44495312485762
GCF_900248165.1	GCA_013538675.1	0.85-0.9	86.7911	88.8008	86.80664382656187
GCA_011355205.1	GCA_018396915.1	0.85-0.9	88.5338	92.7026	88.61817227381829
GCA_016201435.1	GCA_005877305.1	0.85-0.9	86.5411	90.5465	85.83635146676723
GCA_002506515.1	GCF_000018305.1	0.85-0.9	87.4733	90.3895	86.74829976636242
GCA_002508315.1	GCA_001315925.1	0.85-0.9	88.0192	91.5318	87.96921086859619
GCA_005877365.1	GCA_005877185.1	0.85-0.9	90.2192	95.3387	90.74568509904545
GCA_004347955.1	GCA_014361445.1	0.85-0.9	89.6017	92.6614	88.64994647704007
GCA_003724275.1	GCA_007570915.1	0.85-0.9	88.9533	94.2413	89.74029822219107
GCA_013694585.1	GCA_009379865.1	0.85-0.9	89.383	95.514	90.66591497951674
GCA_011362965.1	GCA_014361445.1	0.85-0.9	89.8036	93.5282	88.380157089521
GCA_005877225.1	GCA_005877185.1	0.85-0.9	90.1808	93.3964	88.87770062244813
GCA_011375535.1	GCA_011373125.1	0.85-0.9	86.3484	93.3081	86.62688311498822
GCF_000015945.1	GCF_000092465.1	0.85-0.9	88.7015	89.2415	89.02098679557709
GCF_009601705.1	GCF_019175345.1	0.85-0.9	89.4086	90.4482	88.74814847393588
GCA_013154355.1	GCA_013153895.1	0.85-0.9	85.9405	90.7977	84.61707915016929
GCA_001918765.1	GCA_005881615.1	0.85-0.9	86.7846	92.0785	87.40124723454721
GCA_005881615.1	GCA_005884195.1	0.85-0.9	88.4408	92.0823	88.29221481052447
GCA_011338225.1	GCA_018396815.1	0.85-0.9	85.9121	89.2084	85.78399586070167
GCA_016871975.1	GCA_016176745.1	0.85-0.9	88.0889	93.8442	88.1571550639573
GCA_018397055.1	GCA_018397065.1	0.85-0.9	88.0803	92.3956	88.3532783780192
GCA_011055275.1	GCA_002507085.1	0.85-0.9	85.9426	91.1583	84.65608388433898
GCA_011375845.1	GCA_011337925.1	0.85-0.9	87.568	96.2562	90.91582808379717
GCA_011355205.1	GCA_018396565.1	0.85-0.9	88.682	93.0063	88.57751726798406
GCA_004297665.1	GCA_003569705.1	0.85-0.9	90.3208	94.98	88.9284248004841
GCA_009379865.1	GCF_007826885.1	0.85-0.9	88.6807	95.3967	90.83803991744703
GCF_011057715.1	GCF_016908145.1	0.85-0.9	87.0035	91.1846	88.24627715022548
GCA_015489955.1	GCF_000745455.1	0.85-0.9	89.6588	96.0341	91.7004843890738
GCA_002878315.1	GCF_009936215.1	0.85-0.9	86.6275	89.3191	86.77759211422517
GCA_017616555.1	GCA_017539325.1	0.85-0.9	86.461	90.4425	87.93245132057312
GCA_017649705.1	GCA_017650925.1	0.85-0.9	88.3514	90.3068	89.35982997091538
GCA_017538635.1	GCA_017554565.1	0.85-0.9	87.6608	95.391	91.7087861633783
GCA_011773355.1	GCA_009619095.1	0.85-0.9	87.0843	90.2179	85.65355651440031
GCA_009839615.1	GCA_002238965.1	0.85-0.9	88.4383	91.4553	88.72329616354017
GCA_016192135.1	GCA_001790955.1	0.85-0.9	86.4167	90.7674	87.3223949892714
GCA_016184445.1	GCA_016192135.1	0.85-0.9	86.4549	93.8412	88.87628935060968
GCA_002310995.1	GCA_017645765.1	0.85-0.9	87.9049	91.173	87.97520352084884
GCA_002716355.1	GCA_002501535.1	0.85-0.9	86.962	89.408	87.34587144835085
GCA_002687935.1	GCA_014189675.1	0.85-0.9	85.5758	90.0237	87.10987617160428
GCA_002687935.1	GCA_002495465.1	0.85-0.9	85.3025	88.5497	87.23809706541037
GCA_015660155.1	GCA_014382585.1	0.85-0.9	86.1158	92.4285	87.06947362326164
GCA_018695085.1	GCA_905612515.1	0.85-0.9	88.87	94.5092	89.99165902536498
GCA_002730975.1	GCA_018695085.1	0.85-0.9	87.9968	94.9097	90.64927022300813
GCA_003445855.1	GCA_003219195.1	0.85-0.9	89.4304	93.1816	88.82670563029535
GCA_900320095.1	GCA_017963105.1	0.85-0.9	89.5713	93.2316	90.51554725622138
GCA_902802585.1	GCA_016285335.1	0.85-0.9	87.7293	93.002	88.79825849484372
GCA_902802585.1	GCA_902762495.1	0.85-0.9	89.5795	92.7688	90.36290509658842
GCA_014382585.1	GCA_014239365.1	0.85-0.9	89.1942	90.0294	88.78211197259688
GCA_003567805.1	GCA_007129405.1	0.85-0.9	87.8637	91.3433	88.2510910922883
GCA_002708005.1	GCA_002684915.1	0.85-0.9	86.0456	89.2439	85.77830116880477
GCA_005791875.1	GCA_009695395.1	0.85-0.9	88.2706	94.5296	90.48539452657694
GCA_017543165.1	GCA_017450525.1	0.85-0.9	88.8856	94.8098	90.31290366646878
GCA_903929325.1	GCA_903957465.1	0.85-0.9	88.1838	94.2517	89.8610844204774
GCA_002070945.1	GCA_012799905.1	0.85-0.9	90.3831	93.6293	90.31824394076159
GCF_902143375.2	GCF_000379365.1	0.85-0.9	88.3908	90.5799	88.81609887241409
GCA_017417585.1	GCA_017525435.1	0.85-0.9	90.0892	94.7799	91.43442515299064
GCA_014239335.1	GCA_013213965.1	0.85-0.9	87.4787	93.0595	88.29410880816971
GCA_012800565.1	GCA_012515455.1	0.85-0.9	88.9892	93.1781	88.70684885565937
GCA_017629515.1	GCA_017504325.1	0.85-0.9	86.1535	93.7758	88.45455565284266
GCA_003134375.1	GCA_003161635.1	0.85-0.9	89.0287	92.6806	88.77286549930696
GCA_015061915.1	GCA_017623265.1	0.85-0.9	89.6457	93.86	90.41373640008467
GCA_007134215.1	GCA_007123395.1	0.85-0.9	86.5802	93.1149	88.05542072739705
GCF_001613545.1	GCA_017305195.1	0.85-0.9	87.9568	89.5904	87.94898252385626
GCA_017479315.1	GCA_016286235.1	0.85-0.9	88.3851	92.7384	87.8985281585704
GCA_900547395.1	GCA_017629765.1	0.85-0.9	88.3866	91.8543	88.55693895314587
GCA_017613085.1	GCA_017962315.1	0.85-0.9	87.5836	92.9281	88.34469148454038
GCF_000172155.1	GCA_000739635.1	0.85-0.9	89.9654	91.5869	89.61966675295598
GCA_017615955.1	GCA_017543165.1	0.85-0.9	88.6007	94.0207	89.40917189043867
GCA_018402585.1	GCA_903934135.1	0.85-0.9	87.8406	90.2323	87.7890247201959
GCA_002387565.1	GCA_002386905.1	0.85-0.9	86.0281	88.7657	86.48846484840473
GCA_903869675.1	GCA_010027235.1	0.85-0.9	86.5606	90.5265	87.14387815747578
GCA_903896925.1	GCA_903912445.1	0.85-0.9	88.2679	91.4702	88.30300797877482
GCA_902591645.1	GCA_014239335.1	0.85-0.9	88.8751	93.5242	89.09365565841678
GCA_903840235.1	GCA_903859115.1	0.85-0.9	87.3755	93.7606	88.13644353488519
GCA_011523245.1	GCA_003517285.1	0.85-0.9	88.2304	94.6943	90.6352307395053
GCA_003219995.1	GCA_003219195.1	0.85-0.9	88.8582	92.5403	88.55348835500486
GCA_019233825.1	GCA_019236035.1	0.85-0.9	88.9482	92.6977	87.63597008539648
GCA_019239825.1	GCA_019237325.1	0.85-0.9	88.5999	92.2286	87.5342286282719
GCA_014239365.1	GCA_015660155.1	0.85-0.9	87.6424	92.8902	87.87871590033487
GCA_017525435.1	GCA_017617415.1	0.85-0.9	88.2027	92.7846	88.55953852502591
GCA_001508335.1	GCA_002441125.1	0.85-0.9	87.887	89.8764	88.75441672563169
GCA_903903945.1	GCA_903930455.1	0.85-0.9	89.9051	92.6298	89.1973251269779
GCA_011056555.1	GCA_011777135.1	0.85-0.9	84.7235	90.3531	85.0736104781206
GCA_002714165.1	GCA_002717745.1	0.9-0.95	90.3415	91.662	90.2551711861465
GCA_002730735.1	GCA_002717745.1	0.9-0.95	90.9471	91.0604	89.0276121757149
GCA_013361705.1	GCF_008000815.1	0.9-0.95	90.88	92.7182	90.87665088269716
GCA_011053475.1	GCA_011333465.1	0.9-0.95	91.6091	92.0334	91.60097987528599
GCA_001766965.1	GCA_011055645.1	0.9-0.95	92.6349	96.0067	90.99447673289116
GCA_002730735.1	GCA_002714165.1	0.9-0.95	94.8273	94.6123	92.43489283702068
GCA_016934555.1	GCA_012729555.1	0.9-0.95	93.2149	94.7433	92.83179570279019
GCA_012517875.1	GCA_017996395.1	0.9-0.95	92.1495	93.89	91.80134238740304
GCA_002923315.1	GCA_002898775.1	0.9-0.95	91.4956	93.9686	91.92446499786071
GCA_017304135.1	GCA_016713735.1	0.9-0.95	91.7149	93.324	91.97377810831321
GCA_002714165.1	GCA_002720285.1	0.9-0.95	95.0659	93.6528	92.76365549768371
GCA_003162425.1	GCA_003166875.1	0.9-0.95	93.6015	94.7455	94.42059851332343
GCA_011333575.1	GCF_000022565.1	0.9-0.95	91.4962	93.1713	91.74782163606166
GCA_002696705.1	GCA_003509065.1	0.9-0.95	95.1301	97.3837	92.91119945922817
GCA_009836625.1	GCA_009843505.1	0.9-0.95	92.107	93.5229	93.00956406781214
GCF_014203225.1	GCF_000178955.2	0.9-0.95	94.0149	94.4687	93.96972073034806
GCA_009841225.1	GCA_009838515.1	0.9-0.95	93.2239	93.901	92.881803495548
GCA_002730525.1	GCA_002328835.1	0.9-0.95	90.6887	91.2522	91.5758878464831
GCA_009861545.1	GCA_011523485.1	0.9-0.95	94.619	96.9204	94.4730994174335
GCF_001570525.1	GCF_001570585.1	0.9-0.95	94.4958	95.5334	95.10626194678606
GCA_013816105.1	GCA_013817655.1	0.9-0.95	93.3648	96.2431	91.48556929092499
GCF_001984125.1	GCF_900167575.1	0.9-0.95	92.5735	93.9427	93.36125900243957
GCF_000718085.1	GCF_003667575.1	0.9-0.95	92.8301	93.2881	92.94419853516007
GCA_003553795.1	GCA_007133145.1	0.9-0.95	90.3755	94.0922	90.6799637913915
GCA_005787345.1	GCA_903827085.1	0.9-0.95	90.379	93.9375	90.13869360096487
GCF_009695875.1	GCA_905214865.1	0.9-0.95	92.6341	92.9755	92.61275309104317
GCF_014960965.1	GCF_009805705.1	0.9-0.95	92.9882	93.3913	92.5084280657248
GCA_002729215.1	GCA_002728915.1	0.9-0.95	91.2114	92.4516	91.08851178124227
GCF_000058485.1	GCF_000262465.1	0.9-0.95	90.9136	92.0918	90.95980029072915
GCF_000062885.1	GCF_018141105.1	0.9-0.95	94.4788	95.3545	94.61710407116064
GCF_013408535.1	GCF_013407855.1	0.9-0.95	90.4168	91.573	90.78630212567191
GCF_900116515.1	GCF_900182545.1	0.9-0.95	91.3673	93.0579	91.86122143478978
GCF_001019615.1	GCF_009708005.2	0.9-0.95	91.5657	93.1478	92.72107921926215
GCA_902364645.1	GCF_003438495.1	0.9-0.95	93.2929	93.8622	93.07860015553392
GCA_014360685.1	GCA_011337865.1	0.9-0.95	92.346	95.8908	91.0591463221995
GCF_002240635.1	GCF_015351075.1	0.9-0.95	90.3242	91.6601	91.71834760748045
GCA_019218415.1	GCA_019218375.1	0.9-0.95	92.9102	93.9221	93.96171623912281
GCA_017413255.1	GCA_017632945.1	0.9-0.95	91.9115	91.5749	91.85427635756128
GCF_016907365.1	GCF_005937995.2	0.9-0.95	92.9392	94.2037	94.11936241725488
GCF_004217495.1	GCF_001425085.1	0.9-0.95	90.5808	92.1631	90.84218793448143
GCF_002198655.1	GCA_016213575.1	0.9-0.95	94.3285	96.3743	95.57525290142304
GCA_902783175.1	GCA_900758075.1	0.9-0.95	94.9662	96.9501	93.76996217863422
GCF_000422625.1	GCF_008831045.1	0.9-0.95	91.2262	89.33	90.02904563813387
GCA_005884515.1	GCA_005883175.1	0.9-0.95	92.7854	95.3692	91.86998630344453
GCA_014190215.1	GCA_009694465.1	0.9-0.95	94.1294	95.6987	92.74243281285872
GCA_017856815.1	GCA_903925985.1	0.9-0.95	90.6332	94.1519	89.8965593891664
GCF_014647795.1	GCF_017592555.1	0.9-0.95	94.2098	95.1446	94.43813207176868
GCF_011038975.1	GCF_013185065.1	0.9-0.95	94.0487	95.1031	93.80070934924667
GCA_009702245.1	GCA_002737595.1	0.9-0.95	92.5815	94.7731	91.23225286103516
GCF_009708215.1	GCF_902703175.1	0.9-0.95	94.0461	94.7394	94.10816745726247
GCF_009720385.1	GCF_011297335.1	0.9-0.95	90.4854	91.0805	90.52547578760861
GCA_900549745.1	GCF_015557435.1	0.9-0.95	92.6404	93.3008	92.20613989259127
GCA_012927555.1	GCA_003132125.1	0.9-0.95	92.2491	95.1211	91.55402882101656
GCA_902834555.1	GCA_900770865.1	0.9-0.95	91.6983	93.6289	90.73232422648206
GCF_014205275.1	GCF_014200435.1	0.9-0.95	94.3906	95.6844	95.3250349669022
GCF_014775655.1	GCF_001280205.1	0.9-0.95	91.2781	92.988	92.6904021341284
GCA_018894445.1	GCA_013202875.1	0.9-0.95	94.658	97.5639	91.61370778559387
GCF_002355395.1	GCF_004216855.1	0.9-0.95	93.9466	94.7364	94.02388518167815
GCF_013450155.1	GCF_900188115.1	0.9-0.95	93.7473	94.6437	93.43003327238218
GCA_015523085.1	GCA_015522745.1	0.9-0.95	87.9502	96.2938	89.9266650568869
GCA_018304565.1	GCA_016184005.1	0.9-0.95	93.8083	94.8225	92.75871981746165
GCA_000806115.1	GCA_018304605.1	0.9-0.95	93.6429	99.381	93.13495815117653
GCA_009618505.1	GCA_005223095.1	0.9-0.95	94.4254	97.2737	91.47169484288294
GCA_018771605.1	GCA_011054805.1	0.9-0.95	93.8382	94.1045	94.31594191361681
GCF_900182585.1	GCA_003978105.1	0.9-0.95	93.4806	94.0183	92.39822943782728
GCA_015491275.1	GCA_015487615.1	0.9-0.95	89.8723	94.3146	89.0355635706314
GCF_000213785.1	GCF_000020785.1	0.9-0.95	94.3039	95.0181	95.03087380971773
GCF_000512735.1	GCA_011375435.1	0.9-0.95	94.1276	94.9039	93.16940086149924
GCA_002352215.1	GCA_002162095.1	0.9-0.95	92.5334	92.7302	93.14725189017459
GCA_012512265.1	GCA_012841485.1	0.9-0.95	91.9093	93.8147	93.23276079416694
GCA_903881535.1	GCA_903915615.1	0.9-0.95	89.4545	94.6561	90.00108897688914
GCA_005222975.1	GCA_019057795.1	0.9-0.95	93.9566	95.1934	92.29790628391159
GCA_019058165.1	GCA_013166835.1	0.9-0.95	90.4989	93.9907	89.81374599530582
GCA_004524385.1	GCA_004524535.1	0.9-0.95	94.7126	97.2296	91.46942737587348
GCA_019058015.1	GCA_019058135.1	0.9-0.95	94.2463	97.2074	91.55774633156474
GCA_018238375.1	GCA_019057475.1	0.9-0.95	92.0119	94.2069	90.63861310770986
GCA_004524385.1	GCA_019058295.1	0.9-0.95	92.6249	96.2901	90.15260442187889
GCA_019057385.1	GCA_016840515.1	0.9-0.95	90.6794	91.464	90.75245943433616
GCA_000353875.1	GCA_011363075.1	0.9-0.95	91.8584	93.3903	90.32005749746935
GCA_003542295.1	GCF_015775515.1	0.9-0.95	91.8658	95.4202	91.09038174232113
GCA_005799065.1	GCA_016868485.1	0.9-0.95	93.384	96.0112	92.49330488186523
GCF_002797735.1	GCF_900116565.1	0.9-0.95	90.3	90.5129	90.69797096054877
GCA_018652335.1	GCA_002683775.1	0.9-0.95	95.0831	96.3691	91.36947394096754
GCF_002023665.2	GCF_001675285.1	0.9-0.95	92.4476	92.2801	92.45021975368657
GCF_001592945.1	GCF_001593005.1	0.9-0.95	93.0628	93.4033	93.17923211646234
GCA_900539765.1	GCA_900548415.1	0.9-0.95	91.4214	94.6568	90.65505035106183
GCA_016707205.1	GCA_016713275.1	0.9-0.95	90.0801	88.5549	90.64043603151396
GCF_002201795.1	GCF_004345615.1	0.9-0.95	90.4396	89.6975	90.36243394284189
GCA_017999895.1	GCA_018056245.1	0.9-0.95	91.7409	92.9937	91.17222273315002
GCA_018674025.1	GCA_902515565.1	0.9-0.95	94.3516	97.3674	91.29687931013942
GCF_000212735.1	GCA_016718685.1	0.9-0.95	91.5903	91.85	90.8959746839308
GCA_900545915.1	GCF_003634345.1	0.9-0.95	93.3065	93.9593	93.4611665905915
GCF_007827365.1	GCF_000518485.1	0.9-0.95	91.0442	89.9329	91.49416344302509
GCA_905480125.1	GCA_018669945.1	0.9-0.95	90.7617	93.9985	89.40186388846259
GCA_900102385.1	GCA_017617315.1	0.9-0.95	91.3982	91.9771	91.64792899621604
GCA_015482705.2	GCF_003182595.1	0.9-0.95	90.2581	90.1864	90.92804750413434
GCA_002430545.1	GCA_902586905.1	0.9-0.95	94.8705	95.7506	93.11748205127643
GCA_002457365.1	GCA_902529365.1	0.9-0.95	93.5306	94.9528	92.15124499027303
GCA_000163695.1	GCA_905372135.1	0.9-0.95	95.709	98.0644	92.1391134506119
GCF_002966125.1	GCA_905479745.1	0.9-0.95	93.3089	95.1639	93.41881943410466
GCA_002840975.1	GCA_001769215.1	0.9-0.95	94.6524	94.7887	93.66070246971846
GCA_003454845.1	GCA_016779995.1	0.9-0.95	93.9894	95.4202	90.02445074144437
GCF_900112595.1	GCF_014202225.1	0.9-0.95	92.4386	93.022	92.25582509413582
GCA_902529115.1	GCA_002720745.1	0.9-0.95	91.8081	92.3468	91.18948291627957
GCA_002412705.1	GCA_016931855.1	0.9-0.95	89.9668	92.9951	91.15748984465594
GCA_002719315.1	GCA_902560065.1	0.9-0.95	94.8531	97.2249	94.32959730301734
GCF_900141935.1	GCF_012272855.1	0.9-0.95	92.3469	93.1039	92.08474402093044
GCA_017516865.1	GCA_002371705.1	0.9-0.95	92.1191	97.1491	91.0831797223478
GCA_013359255.1	GCA_905339165.1	0.9-0.95	93.0975	93.9616	92.93632066612741
GCF_001280505.1	GCF_001280435.1	0.9-0.95	89.478	89.0346	90.08975710399395
GCA_016718505.1	GCA_016720635.1	0.9-0.95	91.7624	90.452	92.35066735303371
GCA_002692065.1	GCA_902551855.1	0.9-0.95	95.0736	95.6193	92.26874662173717
GCA_002840985.1	GCA_018816945.1	0.9-0.95	90.8313	93.58	89.90002864686623
GCF_907163125.1	GCF_002943105.1	0.9-0.95	95.4138	94.8552	94.56202172989143
GCA_002501205.1	GCF_014524565.1	0.9-0.95	90.805	92.0902	91.31469767275682
GCA_905233585.1	GCA_017618435.1	0.9-0.95	91.1306	94.76	89.49478280780122
GCA_016787505.1	GCA_016715405.1	0.9-0.95	91.3928	94.4627	90.79056421024877
GCA_017506175.1	GCA_900321845.1	0.9-0.95	94.5963	96.3306	93.19445170827116
GCF_003095655.1	GCF_000212355.1	0.9-0.95	93.5507	93.0381	93.64826651375756
GCA_903838995.1	GCA_903828245.1	0.9-0.95	92.7605	94.3051	91.73049584513873
GCA_016213345.1	GCA_016194835.1	0.9-0.95	94.7142	97.3579	91.59975025605462
GCF_000317895.1	GCF_000196175.1	0.9-0.95	90.1877	89.0459	90.54620412228569
GCA_002841685.1	GCA_013791745.1	0.9-0.95	94.0952	96.1271	92.03483404839974
GCA_005888595.1	GCA_005882335.1	0.9-0.95	93.6459	95.9139	93.42444672904442
GCA_005882275.1	GCA_005882445.1	0.9-0.95	91.9026	95.9917	91.9028040227688
GCA_002299965.1	GCA_003650285.1	0.9-0.95	91.8553	93.6246	89.99240952281535
GCA_002070635.1	GCA_017992475.1	0.9-0.95	90.9235	93.0603	89.77028364432695
GCA_013360445.1	GCA_011526015.1	0.9-0.95	91.1292	94.4351	90.4252907756031
GCA_002733685.1	GCA_013215945.1	0.9-0.95	94.0576	94.2116	93.7182883866167
GCF_003544935.1	GCA_004116725.1	0.9-0.95	90.5293	90.2505	91.3314916830945
GCA_902387145.1	GCA_002092835.1	0.9-0.95	94.0534	94.1999	93.86132408286399
GCF_001891085.1	GCF_002913945.1	0.9-0.95	94.1879	94.3906	93.90078130619442
GCA_004116465.1	GCF_000092245.1	0.9-0.95	92.2073	92.194	92.07192557633954
GCF_001653455.1	GCF_900120335.1	0.9-0.95	91.2496	90.1745	91.62241072858785
GCA_002470185.1	GCF_013283835.1	0.9-0.95	94.0055	96.2944	92.45740574428564
GCA_905373295.1	GCF_001190745.1	0.9-0.95	93.5643	95.1611	92.28960334760251
GCF_000648235.2	GCF_011087585.1	0.9-0.95	91.6806	91.7535	92.05932144670528
GCA_018240225.1	GCA_018239725.1	0.9-0.95	91.1652	93.9286	90.31582809028303
GCA_011065045.1	GCA_011064905.1	0.9-0.95	92.1685	96.1449	90.10459318130383
GCA_903932805.1	GCA_003670675.1	0.9-0.95	91.7342	95.2015	91.51011226406095
GCF_000011905.1	GCF_001889305.1	0.9-0.95	90.404	91.3564	91.07623597454679
GCA_002563855.1	GCF_008838325.1	0.9-0.95	91.4962	92.0434	92.2910266196402
GCA_009838595.1	GCA_009840355.1	0.9-0.95	91.0697	94.3491	90.96920512124888
GCF_001748285.1	GCF_008974285.1	0.9-0.95	89.7574	88.3167	90.3762419937865
GCA_008373165.1	GCA_009392215.1	0.9-0.95	90.171	93.5117	90.99297641095905
GCA_002772325.1	GCA_009619075.1	0.9-0.95	91.6388	95.3153	89.82886796834454
GCA_009840225.1	GCA_011523365.1	0.9-0.95	92.4341	94.403	93.31281360494378
GCA_016705235.1	GCA_017993775.1	0.9-0.95	92.2737	93.5427	92.37661285704453
GCA_009839775.1	GCA_012270555.1	0.9-0.95	92.0434	95.1118	91.90174931647991
GCF_008974285.1	GCF_003268475.1	0.9-0.95	94.2707	95.1717	94.45466713126031
GCA_011333425.1	GCA_014360805.1	0.9-0.95	94.5166	96.3607	93.23576714641831
GCA_009838385.1	GCA_009841435.1	0.9-0.95	93.8042	95.7768	93.23341568412671
GCA_002694895.1	GCA_009391605.1	0.9-0.95	94.9988	97.7373	91.92014142587098
GCA_009392675.1	GCA_002435305.1	0.9-0.95	90.7563	94.0757	88.91274135083567
GCF_001306135.1	GCF_016907925.1	0.9-0.95	92.919	93.7659	92.65361241489678
GCA_001796355.1	GCA_004347695.1	0.9-0.95	90.8134	92.5017	90.90063074764468
GCA_009841145.1	GCA_012271135.1	0.9-0.95	92.2406	93.3168	92.08011480212743
GCA_002238555.1	GCA_009841145.1	0.9-0.95	90.921	92.3954	90.67327577743586
GCF_016587375.1	GCF_000178855.1	0.9-0.95	93.4683	93.5236	92.36362965511626
GCA_002238555.1	GCA_012271135.1	0.9-0.95	91.1639	92.9426	90.94244981612819
GCA_003670675.1	GCA_903868295.1	0.9-0.95	93.018	95.5233	92.25357305847074
GCA_002366595.1	GCA_003453555.1	0.9-0.95	91.0984	94.2857	88.76797963234561
GCF_003205875.1	GCF_001306135.1	0.9-0.95	91.7277	92.3806	91.10553882352045
GCA_903868295.1	GCA_903932805.1	0.9-0.95	90.4637	95.045	91.15060348505551
GCA_900696625.1	GCA_013112725.1	0.9-0.95	92.228	94.6239	92.6520529108269
GCA_005879815.1	GCA_005880165.1	0.9-0.95	91.5978	94.6029	90.68584978972122
GCA_002714425.1	GCA_002728715.1	0.9-0.95	92.1357	93.4276	92.39853085480858
GCA_012719115.1	GCA_002421585.1	0.9-0.95	90.3818	95.4545	89.49360193581433
GCA_016875925.1	GCA_016875975.1	0.9-0.95	89.2463	94.7624	90.1569658828425
GCA_902620405.1	GCA_002727435.1	0.9-0.95	92.8854	93.6371	90.52771648222429
GCA_017743275.1	GCA_011362935.1	0.9-0.95	91.6833	95.9125	90.1225362374629
GCF_002532075.1	GCF_004762035.2	0.9-0.95	93.8375	94.8668	94.16118642180709
GCA_012522935.1	GCA_012519465.1	0.9-0.95	94.5522	96.7061	92.63926047862073
GCF_000020945.1	GCA_003476705.1	0.9-0.95	93.2361	95.4657	92.09601131843128
GCF_014698045.1	GCF_001298445.1	0.9-0.95	92.7311	94.1581	91.26697360236498
GCF_000011485.1	GCA_003214855.1	0.9-0.95	94.8259	95.9372	93.90435300605735
GCF_002154725.1	GCF_002154695.1	0.9-0.95	93.2426	94.0627	92.7830786872854
GCA_012031415.1	GCA_012033355.1	0.9-0.95	93.3796	95.5114	93.04569520528239
GCA_002737305.1	GCA_016463595.1	0.9-0.95	92.7834	95.6318	92.83642449548212
GCF_012912135.1	GCF_017982655.1	0.9-0.95	91.7099	94.3783	90.3028170001441
GCF_014698305.1	GCF_014698735.1	0.9-0.95	94.7982	94.7181	93.56480676330199
GCA_900547155.1	GCA_900547585.1	0.9-0.95	91.9891	93.4284	91.28846401210306
GCA_003279455.1	GCA_003280265.1	0.9-0.95	91.4062	93.6684	90.14715283268885
GCA_005110385.1	GCA_018970325.1	0.9-0.95	90.5125	91.7605	89.7131244030331
GCA_010692395.1	GCA_011524395.1	0.9-0.95	94.5299	96.7447	94.13198475455962
GCF_002368075.1	GCF_015207205.1	0.9-0.95	94.1523	94.1791	92.81182318435262
GCA_007095845.1	GCF_000981785.2	0.9-0.95	94.8341	96.3847	92.48393418493313
GCF_002368155.1	GCF_014696315.1	0.9-0.95	91.986	92.85	92.08913454602022
GCF_000828075.3	GCF_002368435.1	0.9-0.95	93.1885	92.1501	91.52228283911535
GCA_011390955.1	GCF_001276715.1	0.9-0.95	91.6146	94.1313	91.64361925162125
GCF_003367075.1	GCF_000175855.1	0.9-0.95	93.5279	94.7317	91.72810005363401
GCA_011524395.1	GCF_000211815.1	0.9-0.95	93.1668	94.9745	92.49453789770332
GCF_000317105.1	GCA_011390515.1	0.9-0.95	91.2757	93.6722	91.16774647702492
GCA_015295825.1	GCF_008386235.1	0.9-0.95	92.9756	94.5001	93.27102554222905
GCA_009995705.1	GCA_007095845.1	0.9-0.95	95.12	97.0365	92.90553671552217
GCF_003838195.1	GCA_010672525.1	0.9-0.95	93.0053	94.5652	90.58491326770526
GCF_000011485.1	GCF_000760295.1	0.9-0.95	93.6305	94.5176	93.69960826496178
GCF_002368315.1	GCF_000317245.1	0.9-0.95	92.0351	94.2323	90.51200111642147
GCA_014323965.1	GCA_018141785.1	0.9-0.95	94.273	96.8618	92.2970248257953
GCF_000317515.1	GCF_014695895.1	0.9-0.95	91.0952	91.1665	89.97651831462152
GCA_009995705.1	GCA_007095785.1	0.9-0.95	95.4963	96.6994	93.15096976964064
GCA_003214855.1	GCF_000760295.1	0.9-0.95	93.1178	94.6634	92.21103938735477
GCF_015207705.1	GCF_000316625.1	0.9-0.95	91.0958	92.5633	90.08059166023624
GCA_000063525.1	GCA_012270465.1	0.9-0.95	90.8372	93.0156	90.65203062703623
GCA_900761525.1	GCA_900552205.1	0.9-0.95	91.0583	96.3426	90.49857400172154
GCF_001298445.1	GCF_014697615.1	0.9-0.95	92.7224	94.0376	91.56811973906233
GCA_010692395.1	GCA_010692325.1	0.9-0.95	93.4177	96.1465	92.82792696690552
GCF_001858025.1	GCF_014698305.1	0.9-0.95	93.0837	93.077	91.13092371391613
GCF_000828075.3	GCF_002368235.1	0.9-0.95	92.7018	91.6976	91.04770376870766
GCF_013177315.1	GCF_001548395.1	0.9-0.95	90.6125	91.2294	90.9766681634718
GCF_002368235.1	GCF_002368435.1	0.9-0.95	94.2708	92.0097	93.20653863443547
GCF_000817735.3	GCF_000317125.1	0.9-0.95	92.5949	93.5592	94.48574695708946
GCF_014132355.1	GCA_010672455.1	0.9-0.95	92.8109	92.6519	90.74020077083047
GCF_015206885.1	GCF_000010625.1	0.9-0.95	95.3325	96.3805	92.79902374498715
GCA_011334575.1	GCA_011333285.1	0.9-0.95	91.8089	94.4191	88.95637691730396
GCF_000183405.1	GCA_002878065.1	0.9-0.95	91.148	92.8435	90.0304567035827
GCF_000487995.1	GCA_910586745.1	0.9-0.95	90.1284	93.8872	89.78748883892503
GCF_014201675.1	GCA_011330655.1	0.9-0.95	89.1218	92.1899	89.8042342315355
GCA_011390675.1	GCA_011390455.1	0.9-0.95	90.4816	92.8498	90.3695163297988
GCA_011390735.1	GCA_011389865.1	0.9-0.95	90.6631	93.9238	91.77956606073438
GCA_018333895.1	GCA_018333775.1	0.9-0.95	92.2592	94.0251	91.22682768074655
GCA_001468925.1	GCA_018897535.1	0.9-0.95	94.9096	96.5683	93.03149157023678
GCF_000472805.1	GCA_016735355.1	0.9-0.95	92.7503	95.4127	90.46007684336226
GCF_000007985.2	GCA_001628815.1	0.9-0.95	92.7946	92.8777	92.48173598204941
GCA_016182705.1	GCA_001795535.1	0.9-0.95	90.0634	94.1622	88.95367064719154
GCA_018399535.1	GCA_011056825.1	0.9-0.95	94.5594	96.5458	92.71587963372893
GCA_015233295.1	GCA_015233285.1	0.9-0.95	91.1766	96.9944	91.32156274885044
GCA_011370455.1	GCA_011361925.1	0.9-0.95	92.9984	94.13	92.96522328587538
GCA_002328165.1	GCA_011049715.1	0.9-0.95	93.383	95.0715	90.55617479151802
GCA_016930875.1	GCA_015222985.1	0.9-0.95	94.767	96.7735	92.48291172139885
GCA_016235365.1	GCA_016234955.1	0.9-0.95	93.5942	94.8311	92.34254057256578
GCA_018902755.1	GCA_018896025.1	0.9-0.95	93.3276	94.6241	93.89834628147607
GCF_000422285.1	GCA_900498135.1	0.9-0.95	94.4263	95.127	94.52464376202875
GCA_002841785.1	GCA_002347095.1	0.9-0.95	91.8677	94.2201	91.57928816251545
GCF_002093115.1	GCF_002898515.1	0.9-0.95	94.4831	95.4033	94.66088705056221
GCF_900129305.1	GCA_014359885.1	0.9-0.95	94.4097	95.3774	94.89476012337236
GCA_016209225.1	GCA_003599365.1	0.9-0.95	92.8545	95.1281	90.89045628538082
GCF_000429905.1	GCF_900142135.1	0.9-0.95	93.0882	93.3174	92.73552246987576
GCA_009773075.1	GCA_002782605.1	0.9-0.95	93.3557	96.503	90.69585013474122
GCA_002423365.1	GCF_900111775.1	0.9-0.95	91.4815	94.2404	91.30507907837591
GCA_002367355.1	GCA_013138705.1	0.9-0.95	93.5802	96.2002	90.59055723185477
GCA_011046395.1	GCA_007280345.1	0.9-0.95	93.4034	95.904	90.83567552787154
GCA_016783065.1	GCA_013203065.1	0.9-0.95	94.5437	96.8082	91.6216026443204
GCA_009773075.1	GCA_003599365.1	0.9-0.95	93.5326	96.997	91.56001636061622
GCA_014381545.1	GCA_013202725.1	0.9-0.95	91.7111	95.6099	90.18649555582907
GCA_013151365.1	GCA_002897615.1	0.9-0.95	92.3662	94.3947	92.25848922585553
GCA_002402905.1	GCF_001293685.1	0.9-0.95	93.8198	95.0558	93.49015829426267
GCA_009684525.1	GCA_016223015.1	0.9-0.95	94.342	95.5497	93.77841291047456
GCA_016208115.1	GCA_016218705.1	0.9-0.95	92.1857	95.3628	93.04670400638614
GCA_011322625.1	GCA_015494725.1	0.9-0.95	93.8374	95.3442	91.68048297389359
GCA_016212705.1	GCA_001797465.1	0.9-0.95	93.5419	94.9315	93.56308551646882
GCF_000022265.1	GCA_001311985.1	0.9-0.95	95.1219	95.5719	94.82264392869548
GCA_011047885.1	GCA_011334825.1	0.9-0.95	95.2839	96.3571	93.49458795367113
GCA_018433085.1	GCA_018436855.1	0.9-0.95	90.9573	91.9932	90.75819598949326
GCA_017552515.1	GCA_017417085.1	0.9-0.95	93.3936	96.2654	91.65173779954218
GCF_008802355.1	GCF_008802365.1	0.9-0.95	94.6546	94.9162	94.48763892657762
GCA_018816605.1	GCA_013792075.1	0.9-0.95	92.7392	95.3031	90.9481711229017
GCA_018970825.1	GCA_017853315.1	0.9-0.95	90.2416	95.3638	92.18200179936122
GCA_014382245.1	GCA_002311335.1	0.9-0.95	93.3748	94.8185	93.31376174262928
GCA_001798455.1	GCA_016193385.1	0.9-0.95	95.0257	97.0632	92.87903197020168
GCA_012960245.1	GCA_014382245.1	0.9-0.95	92.6637	93.8602	92.7925917091784
GCA_001798565.1	GCA_016184235.1	0.9-0.95	93.9002	96.7477	92.1746988178608
GCA_012960245.1	GCA_002311335.1	0.9-0.95	94.0138	94.9103	94.11028957216907
GCA_002479255.1	GCA_003135135.1	0.9-0.95	92.3722	93.3493	91.93141240111903
GCA_013152215.1	GCF_000526155.1	0.9-0.95	93.7285	95.8618	93.33823491085535
GCA_017881405.1	GCA_002279275.1	0.9-0.95	91.2803	94.7333	90.18921203283182
GCA_009773665.1	GCF_000429325.1	0.9-0.95	92.3152	93.3063	91.64152343744233
GCF_000701705.1	GCA_900553145.1	0.9-0.95	90.7598	93.6387	91.09092849636247
GCF_000504305.1	GCF_011682075.1	0.9-0.95	92.2699	94.9174	93.14403849142006
GCF_900114115.1	GCF_014873765.1	0.9-0.95	94.1919	95.0646	93.63290482854305
GCF_000021385.1	GCF_000226255.1	0.9-0.95	91.2075	91.2316	91.39142896762345
GCF_011682075.1	GCF_000226255.1	0.9-0.95	91.1919	93.9224	91.54023184043162
GCA_009782775.1	GCA_009783115.1	0.9-0.95	91.3978	94.6239	89.64983517469973
GCA_003525525.1	GCF_000702665.1	0.9-0.95	94.092	96.4249	94.18874674838764
GCA_900550745.1	GCF_000701705.1	0.9-0.95	93.37	95.7247	92.35136736261148
GCF_000226255.1	GCF_015731765.1	0.9-0.95	91.2775	94.4502	91.83281764186404
GCF_008124665.1	GCA_011333985.1	0.9-0.95	91.0846	92.6906	91.6078902698658
GCA_003170875.1	GCA_003135255.1	0.9-0.95	90.3319	94.1603	89.66418772228297
GCA_005880525.1	GCA_005879985.1	0.9-0.95	91.1878	94.1502	90.95728762421624
GCA_003151665.1	GCA_003139695.1	0.9-0.95	94.9271	96.0161	94.68468618225901
GCA_016464825.1	GCA_003244185.1	0.9-0.95	91.9963	93.1017	91.64998457791971
GCA_003142035.1	GCA_003135255.1	0.9-0.95	91.6193	94.3601	90.95795739328756
GCA_016180425.1	GCA_001800135.1	0.9-0.95	91.8432	92.8273	92.13394975308758
GCA_002448285.1	GCA_902761395.1	0.9-0.95	91.5725	96.5448	91.43781566190175
GCA_016206405.1	GCA_001800185.1	0.9-0.95	94.1142	96.5007	92.16260222155609
GCA_902761395.1	GCA_017651625.1	0.9-0.95	90.0993	94.6966	89.36971309181484
GCA_016182905.1	GCA_016191335.1	0.9-0.95	90.2238	92.9243	91.42995654833068
GCA_002423485.1	GCA_002329445.1	0.9-0.95	89.9611	92.7992	90.0885974894377
GCA_013043945.1	GCA_013044185.1	0.9-0.95	91.9534	94.1454	92.32227291316957
GCA_002307115.1	GCA_001873075.1	0.9-0.95	93.0053	95.8377	91.23465541280609
GCA_903894145.1	GCA_903915125.1	0.9-0.95	89.8839	93.9874	91.55440756485002
GCF_002798305.1	GCF_002265435.1	0.9-0.95	90.3521	89.1849	90.80816873083553
GCF_900115845.1	GCF_900177535.1	0.9-0.95	95.0862	95.9793	94.82877845430887
GCF_000306965.1	GCF_016908375.1	0.9-0.95	91.7187	91.4994	91.64744957937621
GCF_005144865.1	GCF_017303315.1	0.9-0.95	92.1442	92.4118	92.42183781888527
GCF_000986785.1	GCF_001273925.1	0.9-0.95	93.2543	94.1438	92.89704532442465
GCF_004343255.1	GCF_003003125.1	0.9-0.95	95.277	95.7728	95.0074141969467
GCA_002155105.1	GCF_900112935.1	0.9-0.95	91.8543	92.5632	91.96971994305966
GCF_000313565.1	GCA_001305055.1	0.9-0.95	93.4845	92.5781	92.35073284494074
GCF_001884135.1	GCF_006494425.1	0.9-0.95	90.5991	90.2098	90.66961163441184
GCA_902399855.1	GCF_000420345.1	0.9-0.95	95.2473	95.5396	94.22736369631552
GCA_900538885.1	GCA_900752975.1	0.9-0.95	92.0673	97.0735	92.31370514112254
GCF_002128425.1	GCF_001420605.1	0.9-0.95	92.2072	92.8346	91.51928615996059
GCA_015264885.1	GCF_001071995.1	0.9-0.95	93.8743	95.715	92.22973071312042
GCF_001199495.1	GCF_000875755.1	0.9-0.95	92.8101	95.6353	89.90903865826812
GCA_017561055.1	GCA_017473265.1	0.9-0.95	94.6797	96.5933	91.21304657236783
GCA_900539265.1	GCA_000433035.1	0.9-0.95	90.8473	92.9668	90.46392061576041
GCF_000691145.1	GCF_014764715.1	0.9-0.95	89.7933	89.4847	90.19390031165358
GCF_007994985.1	GCF_016908395.1	0.9-0.95	94.136	94.4302	94.03191690361396
GCF_004000865.1	GCF_004000785.1	0.9-0.95	91.3186	92.8762	91.04414141722842
GCA_015059015.1	GCA_017398545.1	0.9-0.95	93.5994	94.4586	93.36277514587269
GCA_900551535.1	GCA_001058355.1	0.9-0.95	94.8369	96.7329	92.36538480220807
GCA_014049385.1	GCF_005864045.1	0.9-0.95	94.8171	95.8709	93.58438284484153
GCF_001552255.1	GCF_001552655.1	0.9-0.95	91.931	93.1246	91.87670422219863
GCA_905199855.1	GCA_000432575.1	0.9-0.95	92.927	94.6726	90.87551331545501
GCF_000173915.1	GCF_001553035.1	0.9-0.95	94.0102	94.5852	93.12563986151012
GCF_003339775.1	GCF_001886855.1	0.9-0.95	93.4875	92.7035	88.04075748986068
GCF_001543205.1	GCF_002083135.2	0.9-0.95	94.2827	92.0535	93.88215217382125
GCF_004138285.1	GCF_002574545.1	0.9-0.95	92.3158	92.2783	91.24580896587284
GCF_900176265.1	GCF_002276225.1	0.9-0.95	92.4027	92.3311	92.09689406643193
GCF_014322795.1	GCF_013820765.1	0.9-0.95	94.7979	95.0425	94.0804808622913
GCF_014836645.1	GCF_001629705.1	0.9-0.95	90.6543	90.9952	91.2520595890681
GCF_000833605.1	GCF_002742685.1	0.9-0.95	89.9753	90.2701	90.25784944273818
GCF_009718825.1	GCF_006517395.1	0.9-0.95	90.8128	91.2743	90.51410986571096
GCF_003024685.1	GCF_003024675.1	0.9-0.95	90.3202	91.7815	90.45756405657295
GCF_900106595.1	GCF_000420725.1	0.9-0.95	91.5244	92.1569	91.02588858914565
GCF_000428925.1	GCF_009864005.1	0.9-0.95	93.1183	92.3686	92.60804443696205
GCF_003605405.2	GCF_014836955.1	0.9-0.95	91.3643	92.0386	90.37564090026221
GCF_000426085.1	GCF_011393025.1	0.9-0.95	92.5732	93.1702	91.89696362175329
GCA_017941505.1	GCA_902772725.1	0.9-0.95	93.8018	95.7625	92.02238848594146
GCA_902769185.1	GCA_002342545.1	0.9-0.95	93.0043	94.4576	90.90341266400216
GCF_900106845.1	GCF_900015215.1	0.9-0.95	92.9287	93.2186	91.7604000892806
GCA_900541905.1	GCA_900542375.1	0.9-0.95	94.5932	95.6707	93.16100066565446
GCA_900542935.1	GCA_002474405.1	0.9-0.95	94.5916	96.0278	93.74862405854392
GCA_016281805.1	GCA_902783255.1	0.9-0.95	94.3812	95.2577	93.4571703135467
GCF_000449425.2	GCF_900243075.1	0.9-0.95	92.3846	94.3372	91.55353910975253
GCA_017461005.1	GCA_017433225.1	0.9-0.95	89.1701	91.7175	90.0841032782273
GCA_902761585.1	GCF_009696445.1	0.9-0.95	94.3729	95.1219	93.98155728179206
GCA_905212395.1	GCA_002405165.1	0.9-0.95	93.1648	96.5016	91.84408966383437
GCA_017381715.1	GCA_017399965.1	0.9-0.95	89.2967	90.7817	89.82565979408977
GCF_009695905.1	GCA_016775335.1	0.9-0.95	93.4745	94.3568	93.16891199248182
GCA_015068035.1	GCA_017522015.1	0.9-0.95	93.0218	94.0644	93.63160027395854
GCA_002424295.1	GCA_902809935.1	0.9-0.95	91.7992	93.2484	90.60489167155775
GCA_900539725.1	GCA_900539225.1	0.9-0.95	94.9881	95.5598	94.66202909579756
GCF_001185345.1	GCF_017566055.1	0.9-0.95	90.6456	90.8712	90.68483523824044
GCA_900766215.1	GCF_003182075.1	0.9-0.95	91.9594	94.9514	92.15461375433976
GCA_900767835.1	GCA_900768425.1	0.9-0.95	89.6601	96.2977	90.80219044513542
GCF_001404875.1	GCF_000154065.1	0.9-0.95	91.762	90.5573	91.35229295675414
GCA_017433225.1	GCA_900317985.1	0.9-0.95	92.5396	94.4459	93.0877481806131
GCA_015063805.1	GCA_017466495.1	0.9-0.95	92.4605	94.5647	92.30726043576459
GCA_904502055.1	GCA_017621015.1	0.9-0.95	90.4011	94.5316	89.25448604252463
GCA_017646185.1	GCA_017537345.1	0.9-0.95	90.7386	94.4194	90.73797620873303
GCA_900544375.1	GCA_900544715.1	0.9-0.95	90.1963	90.9965	90.34757227189654
GCF_017566145.1	GCF_001486165.1	0.9-0.95	93.1484	93.1816	93.00956414444089
GCF_018785175.1	GCF_902381825.1	0.9-0.95	92.1908	91.1745	91.59505031836788
GCA_017962825.1	GCA_016291475.1	0.9-0.95	89.9542	91.8001	89.76537749956408
GCF_001077535.1	GCF_000449425.2	0.9-0.95	91.7867	93.3357	91.21604111339093
GCA_900316395.1	GCA_905234245.1	0.9-0.95	94.1436	95.4915	93.20474902361521
GCF_001889325.1	GCF_001020205.1	0.9-0.95	94.6764	93.3643	94.03199298355618
GCF_000633595.2	GCF_001038625.1	0.9-0.95	92.9377	93.7288	92.24560737376004
GCA_017500845.1	GCA_015055705.1	0.9-0.95	92.5323	94.1075	92.90561909744983
GCF_900107815.1	GCF_900107125.1	0.9-0.95	92.6236	92.8271	91.31938660034905
GCA_904419835.1	GCF_000169255.2	0.9-0.95	91.4821	93.507	91.23137035855524
GCA_002411615.1	GCA_902809935.1	0.9-0.95	90.6804	92.8496	89.60418669401531
GCF_000010185.1	GCA_018371055.1	0.9-0.95	91.3189	95.5466	90.0379077326298
GCA_900766395.1	GCA_900552105.1	0.9-0.95	92.1023	94.7679	91.49477159330391
GCA_017557265.1	GCA_017550645.1	0.9-0.95	90.2512	94.8409	90.53640226763106
GCF_900142955.1	GCA_018372435.1	0.9-0.95	94.8708	95.2418	94.64700265830473
GCA_900550095.1	GCA_904399395.1	0.9-0.95	89.1453	96.2656	91.11089367025198
GCA_900548305.1	GCA_900542375.1	0.9-0.95	91.1012	93.1048	89.9183523281689
GCF_002102475.1	GCF_009905255.1	0.9-0.95	92.6941	93.2811	92.38439840862782
GCA_003160265.1	GCA_003132605.1	0.9-0.95	91.9483	95.3572	90.98415235871377
GCA_012518875.1	GCA_013201395.1	0.9-0.95	92.2007	93.4112	90.25380633307131
GCA_012840405.1	GCA_012842275.1	0.9-0.95	91.3638	94.1031	89.36268248550158
GCA_019008365.1	GCA_016841725.1	0.9-0.95	91.1756	91.141	90.47134044021762
GCA_902812385.1	GCA_902812435.1	0.9-0.95	91.7064	94.0131	90.60516898889281
GCA_009910795.1	GCF_000512895.1	0.9-0.95	94.632	95.3194	93.98249501743985
GCF_001950325.1	GCF_000012865.1	0.9-0.95	92.8231	93.4094	92.3130548269636
GCA_003513005.1	GCA_002418775.1	0.9-0.95	91.3095	92.5939	90.32142042917992
GCA_009711705.1	GCA_016278505.1	0.9-0.95	94.7552	94.5624	93.54582840186796
GCA_000214705.1	GCF_003627965.1	0.9-0.95	93.3744	92.0228	92.0787831378785
GCF_001570625.1	GCF_000014725.1	0.9-0.95	93.8784	92.4439	92.60353499186928
GCA_012840385.1	GCA_902812435.1	0.9-0.95	91.5863	93.9696	90.48772185507534
GCA_012840405.1	GCA_001513545.1	0.9-0.95	91.679	94.2297	90.3453776488721
GCA_009910795.1	GCF_004343605.1	0.9-0.95	92.6173	93.1547	91.75045137735424
GCA_018432615.1	GCA_018433675.1	0.9-0.95	92.1699	92.9847	91.5556848524014
GCA_900766245.1	GCF_003992015.1	0.9-0.95	92.8969	92.4651	92.54885896941175
GCA_902780915.1	GCA_017635515.1	0.9-0.95	91.1218	94.6318	90.9394891210816
GCA_900770895.1	GCA_902766095.1	0.9-0.95	94.4626	96.1896	94.82214871712668
GCA_900554395.1	GCA_905207485.1	0.9-0.95	93.1266	95.3594	92.04669023902424
GCF_003999875.1	GCF_001553345.1	0.9-0.95	90.3166	89.36	90.50880498059459
GCF_902506685.1	GCA_900155405.1	0.9-0.95	93.7521	94.0181	94.10510522401734
GCA_900556745.1	GCF_902506685.1	0.9-0.95	94.4798	95.5194	93.5512002603142
GCA_902801565.1	GCA_017444295.1	0.9-0.95	93.2078	95.062	91.9485080990131
GCA_900318215.1	GCA_902780535.1	0.9-0.95	94.0618	96.4294	94.80597864231824
GCF_900110485.1	GCF_900141835.1	0.9-0.95	93.6327	94.1032	92.83943682441483
GCF_000286455.1	GCF_001683335.1	0.9-0.95	89.892	91.5235	90.19967883775837
GCA_017390595.1	GCA_017442105.1	0.9-0.95	90.0186	93.9653	89.66865650947611
GCA_902801365.1	GCF_900112895.1	0.9-0.95	92.3956	93.8028	92.3611980476235
GCA_900155405.1	GCA_900556745.1	0.9-0.95	94.4244	95.6232	93.59207312449838
GCF_000271665.2	GCA_002434245.1	0.9-0.95	93.1241	94.0475	91.58484160713915
GCA_003541445.1	GCA_003530255.1	0.9-0.95	94.7819	98.0638	92.58882411566015
GCA_007128555.1	GCA_003566675.1	0.9-0.95	90.3612	94.3063	88.92365451263116
GCA_003554685.1	GCA_007134885.1	0.9-0.95	90.9283	94.3417	88.84328368912617
GCA_018399995.1	GCA_018334565.1	0.9-0.95	93.1273	94.7138	90.32416190320812
GCA_012516125.1	GCA_014360195.1	0.9-0.95	93.6779	95.0728	93.32979380825067
GCA_002398515.1	GCA_012841305.1	0.9-0.95	90.9723	93.7562	89.98743184137984
GCA_905371725.1	GCF_001274535.1	0.9-0.95	93.7677	96.945	91.2309050221586
GCF_002761955.1	GCF_000160475.1	0.9-0.95	93.2879	92.2283	92.273495193596
GCF_900683735.1	GCF_003019675.1	0.9-0.95	91.5091	91.2993	91.81643072672719
GCF_007990635.1	GCF_007990525.1	0.9-0.95	92.2779	94.4737	91.28589601518239
GCF_002573625.1	GCF_016724785.1	0.9-0.95	93.0636	94.4214	91.18807442119417
GCA_016704275.1	GCA_016720805.1	0.9-0.95	91.3897	91.271	91.59379733013779
GCA_009843625.1	GCA_009840525.1	0.9-0.95	93.7036	95.7563	93.70756931970655
GCA_003220935.1	GCA_001917665.1	0.9-0.95	91.8815	93.6022	91.83959172353374
GCA_002501085.1	GCA_002313925.1	0.9-0.95	94.5147	95.6024	93.94411896119612
GCA_007126575.1	GCA_007692605.1	0.9-0.95	90.6388	92.8809	90.96883626707613
GCA_009838765.1	GCA_009840115.1	0.9-0.95	91.322	92.715	91.70459572892334
GCA_003222115.1	GCA_003221995.1	0.9-0.95	91.8324	94.3203	91.92772113799
GCA_009840115.1	GCA_009841005.1	0.9-0.95	90.0373	92.9599	91.11801305484744
GCA_017881585.1	GCA_003171215.1	0.9-0.95	93.3923	95.4026	93.56092451091276
GCA_009838975.1	GCA_009841165.1	0.9-0.95	95.1219	95.9475	95.23306514240058
GCA_002348265.1	GCA_002348465.1	0.9-0.95	94.2617	95.4725	93.80838559668342
GCF_900215215.1	GCF_001889405.1	0.9-0.95	92.889	93.7117	92.39134541804476
GCA_004212095.1	GCA_905067535.1	0.9-0.95	93.6814	95.7389	90.4199336788309
GCA_004193545.1	GCA_004212095.1	0.9-0.95	93.7855	95.6295	91.48662206646324
GCA_013139985.1	GCA_009903405.1	0.9-0.95	94.1324	96.6602	91.8333731898338
GCF_003336245.1	GCF_003342675.1	0.9-0.95	90.3484	90.4089	90.30487460668682
GCF_000337495.1	GCF_000025325.1	0.9-0.95	91.8491	91.3159	91.45339150522639
GCF_002355635.1	GCF_900107205.1	0.9-0.95	90.6895	90.8024	90.98197356290018
GCF_000025325.1	GCF_013342135.1	0.9-0.95	91.8157	91.1447	91.50790379606121
GCA_009618475.1	GCA_016782355.1	0.9-0.95	95.285	98.0238	91.88796538668583
GCA_003552885.1	GCA_001564115.1	0.9-0.95	90.8299	96.218	90.4239165934813
GCA_002509485.1	GCA_001412335.1	0.9-0.95	92.5478	95.5366	90.84024130849575
GCF_001889405.1	GCF_004137855.1	0.9-0.95	93.1792	92.4828	92.26499707195556
GCA_003315675.1	GCA_002498375.1	0.9-0.95	91.7568	93.7786	92.08517623995094
GCF_900774055.1	GCF_900111645.1	0.9-0.95	90.5955	91.523	90.94876587048881
GCF_001488575.1	GCF_001485535.1	0.9-0.95	89.9497	90.2425	90.41854627237656
GCF_000025325.1	GCF_003977755.1	0.9-0.95	91.6286	90.5174	91.19237300524503
GCF_000147875.1	GCF_000784355.1	0.9-0.95	93.0049	93.4672	93.12040479840016
GCF_000217715.1	GCF_003610195.1	0.9-0.95	90.5901	90.6351	90.64913111795407
GCF_001469875.2	GCF_000025685.1	0.9-0.95	93.1915	93.5583	92.89571949312376
GCA_002068435.1	GCA_012516785.1	0.9-0.95	91.4057	94.6751	90.33489008981549
GCA_002010075.1	GCA_003661015.1	0.9-0.95	93.3444	95.5516	92.29648962587414
GCA_004212085.1	GCA_902158745.1	0.9-0.95	93.5044	97.2702	91.45837484326101
GCA_012510295.1	GCA_012521035.1	0.9-0.95	90.9665	94.9549	89.5750463454912
GCA_009649835.1	GCA_014237145.1	0.9-0.95	93.2429	96.0203	90.69667227695511
GCA_002509485.1	GCA_018432765.1	0.9-0.95	95.1396	96.793	93.31641868492974
GCF_002761295.1	GCF_004137855.1	0.9-0.95	94.7863	93.9146	93.65466755544209
GCF_000337455.1	GCF_013415905.1	0.9-0.95	89.6533	91.1459	89.74558738015654
GCF_000025865.1	GCF_003722075.1	0.9-0.95	91.7269	91.6353	91.26055847723192
GCF_000196655.1	GCA_018609725.1	0.9-0.95	94.8277	96.3624	93.47840432612331
GCF_013342135.1	GCF_000337495.1	0.9-0.95	94.2251	94.3637	94.38868965212126
GCA_003021175.1	GCA_003023185.1	0.9-0.95	93.3504	93.9503	92.53889183840027
GCA_013180605.1	GCA_003160755.1	0.9-0.95	92.4133	95.4129	90.04166840054557
GCF_900215215.1	GCF_003722075.1	0.9-0.95	93.3718	94.0185	92.62014983879091
GCF_000970045.1	GCA_013329415.1	0.9-0.95	92.0793	94.2978	92.62090283892596
GCF_000336815.1	GCF_000337795.1	0.9-0.95	92.5277	92.5385	92.38005208389643
GCF_000337375.1	GCF_007671685.1	0.9-0.95	90.3554	90.5811	89.70804211756294
GCA_009649835.1	GCA_013330355.1	0.9-0.95	91.9728	94.9361	89.1988462234371
GCA_016841265.1	GCA_013329415.1	0.9-0.95	92.7796	95.3468	92.94508981331735
GCA_003229935.1	GCA_002897955.1	0.9-0.95	93.5377	95.6115	91.27925277807269
GCA_009838645.1	GCA_009841265.1	0.9-0.95	92.7612	94.4303	94.08932034148869
GCA_009841265.1	GCA_009835325.1	0.9-0.95	93.5554	95.3485	94.82601962068871
GCA_013152225.1	GCA_011682565.1	0.9-0.95	92.6195	96.5517	92.42588778130066
GCA_013824755.1	GCA_016719645.1	0.9-0.95	91.5817	94.1256	93.04432703632415
GCA_009840005.1	GCA_009845645.1	0.9-0.95	92.6726	95.0321	91.94628431969329
GCA_015660315.1	GCA_018672475.1	0.9-0.95	94.0568	95.9496	94.05673549203595
GCA_012961755.1	GCA_003645885.1	0.9-0.95	90.9578	94.5262	89.10232623459358
GCA_004402915.1	GCA_004402895.1	0.9-0.95	94.1812	94.9012	91.3817257606716
GCA_002704685.1	GCA_002693365.1	0.9-0.95	94.0108	95.1476	91.67503381542126
GCA_012964235.1	GCA_002686675.1	0.9-0.95	94.5222	96.5	90.98839880335264
GCA_002707765.1	GCA_002718585.1	0.9-0.95	93.5986	93.9454	90.56137877289375
GCA_002171125.1	GCA_002591605.1	0.9-0.95	91.6716	93.3989	87.69557222912962
GCA_018895675.1	GCA_016783665.1	0.9-0.95	94.8118	96.9471	91.94675158847384
GCA_002703375.1	GCA_002704045.1	0.9-0.95	91.464	95.0676	89.41855366379797
GCA_002167345.2	GCA_902562835.1	0.9-0.95	94.3437	95.3299	92.52796281396137
GCA_902615915.1	GCA_002170005.2	0.9-0.95	91.5939	92.5353	90.48826104296114
GCA_002726775.1	GCA_002686675.1	0.9-0.95	94.097	96.3834	90.98694972534082
GCA_004124405.1	GCA_012964845.1	0.9-0.95	90.8048	95.1399	88.99859169898673
GCA_003535775.1	GCA_002686675.1	0.9-0.95	95.4958	97.1861	91.65511056936607
GCA_002726775.1	GCA_012964235.1	0.9-0.95	94.2899	96.3547	91.52749148485769
GCA_002839705.1	GCA_002509745.1	0.9-0.95	92.3411	95.0162	91.45830978306034
GCF_002287175.1	GCF_000745485.1	0.9-0.95	93.0271	93.5211	93.12965799905835
GCF_018141185.1	GCA_019084405.1	0.9-0.95	90.2973	92.7691	89.83725190354126
GCA_016291275.1	GCA_902784195.1	0.9-0.95	91.3893	95.8177	90.8748264087897
GCF_000828575.1	GCF_014889545.1	0.9-0.95	90.2077	90.0936	91.01489122707301
GCA_003491305.1	GCA_001316325.1	0.9-0.95	94.497	95.2071	94.31229764389191
GCA_017652345.1	GCA_016291275.1	0.9-0.95	90.9969	96.397	89.91553698135152
GCF_000018485.1	GCF_000016125.1	0.9-0.95	91.7708	91.5813	92.06658740425767
GCF_000007185.1	GCF_002201895.1	0.9-0.95	90.8199	91.0537	90.94801845146858
GCA_003663525.1	GCF_000022545.1	0.9-0.95	92.4481	95.2069	90.7471815383088
GCA_004212155.1	GCA_011372835.1	0.9-0.95	93.6822	95.7888	92.9016799087183
GCA_001788415.1	GCA_016188005.1	0.9-0.95	91.4394	94.071	90.59055079299132
GCA_016193045.1	GCA_001443385.1	0.9-0.95	91.5274	93.8408	91.02214271498706
GCA_016180655.1	GCA_001771285.1	0.9-0.95	91.6651	94.4499	91.09594406093873
GCF_000022145.1	GCF_000013385.1	0.9-0.95	93.5517	94.7502	94.48053934388815
GCA_002841825.1	GCA_018817795.1	0.9-0.95	95.1406	96.5502	94.83791145737072
GCA_017881285.1	GCA_003136095.1	0.9-0.95	92.0252	95.728	92.38225717828932
GCF_001887355.1	GCF_000335475.2	0.9-0.95	93.8814	94.5595	94.16732319780571
GCA_903912275.1	GCA_903873545.1	0.9-0.95	90.3383	94.7558	91.60983611850716
GCF_009909145.1	GCF_017309135.1	0.9-0.95	89.4214	91.1156	90.33154524244031
GCA_013205435.1	GCA_903873545.1	0.9-0.95	89.0311	93.2529	89.94866963829892
GCA_001552015.1	GCA_000387965.1	0.9-0.95	92.0218	92.2084	87.43392370814551
GCA_000387965.1	GCA_003086415.1	0.9-0.95	93.9707	93.037	86.66243722057338
GCA_016217665.1	GCA_016214375.1	0.9-0.95	92.6421	96.0713	90.96129503608663
GCA_016195465.1	GCA_001803795.1	0.9-0.95	91.6643	94.3011	91.06880889108527
GCA_005116795.1	GCA_016235225.1	0.9-0.95	91.871	96.1843	90.77444506270726
GCA_016212165.1	GCA_009773185.1	0.9-0.95	94.936	95.7146	94.17560815089084
GCA_015233245.1	GCA_015233895.1	0.9-0.95	94.0758	95.4072	92.67248795862086
GCA_011525625.1	GCF_905220995.1	0.9-0.95	91.5493	92.4713	91.22400231557299
GCA_011620275.1	GCA_002418595.1	0.9-0.95	92.6146	94.8586	91.48500839353852
GCA_016193195.1	GCA_016193175.1	0.9-0.95	90.8279	94.2751	89.35320432976427
GCA_016782425.1	GCA_013203315.1	0.9-0.95	90.1119	93.4086	87.68909382886893
GCA_000990945.1	GCA_003510795.1	0.9-0.95	94.2271	97.1897	92.86260963195535
GCA_013334245.1	GCA_903854995.1	0.9-0.95	94.5431	95.0474	93.39167379073572
GCA_012842045.1	GCA_018056375.1	0.9-0.95	93.5849	90.8255	93.17528635255906
GCA_013100805.1	GCA_010202845.1	0.9-0.95	93.0811	91.0976	93.27065749949371
GCA_905373275.1	GCA_905373385.1	0.9-0.95	94.5637	95.4051	93.21728654762596
GCA_013333515.2	GCA_905365345.1	0.9-0.95	94.5409	96.3236	93.5266557622585
GCA_905372225.1	GCF_004138455.1	0.9-0.95	94.2605	95.1217	93.99882676449134
GCA_001824915.1	GCA_016181405.1	0.9-0.95	90.1211	90.5003	88.35633824963713
GCA_905365345.1	GCF_004138455.1	0.9-0.95	94.3103	95.8223	93.50831192930536
GCA_002773575.1	GCA_001777995.1	0.9-0.95	94.2208	96.8897	92.58290140117633
GCA_002329465.1	GCA_013374835.1	0.9-0.95	92.4743	93.7134	91.44161236948233
GCA_002771075.1	GCA_001825335.1	0.9-0.95	93.0905	96.8418	90.65483081250353
GCA_002316545.1	GCA_002455275.1	0.9-0.95	91.4022	90.2826	91.84569666002528
GCA_018694835.1	GCA_014240375.1	0.9-0.95	93.078	94.3375	93.61202744571347
GCA_003162245.1	GCA_903914415.1	0.9-0.95	91.1888	93.9226	91.41507592022782
GCA_005524015.1	GCA_000296795.1	0.9-0.95	95.003	95.1761	93.52573996789135
GCA_003559755.1	GCA_003553185.1	0.9-0.95	91.8695	94.9825	91.21447865399668
GCA_016872555.1	GCA_018970785.1	0.9-0.95	94.6847	95.8437	94.41580632108277
GCA_017466305.1	GCA_017937685.1	0.9-0.95	91.8804	95.7336	91.45109069994596
GCF_001707835.1	GCF_007752345.1	0.9-0.95	92.1186	92.8704	91.99830384445906
GCA_003576915.1	GCA_019186845.1	0.9-0.95	89.8871	91.4989	91.14808858263758
GCA_001828545.1	GCA_016209685.1	0.9-0.95	92.9962	95.9577	91.66174175978388
GCA_001603075.1	GCA_012719085.1	0.9-0.95	90.2498	93.061	90.6738425730172
GCA_013360585.1	GCA_016860685.1	0.9-0.95	94.2384	95.5638	94.29007716828158
GCF_007747995.1	GCF_007860075.1	0.9-0.95	91.0297	91.1904	89.81434332264051
GCA_011057845.1	GCA_002347125.1	0.9-0.95	90.6872	95.8495	91.12912947655694
GCA_002724315.1	GCA_003445035.1	0.9-0.95	91.0923	93.3755	91.664223594105
GCA_016776905.1	GCA_009937185.1	0.9-0.95	94.7864	95.9517	94.68525554876959
GCA_007121565.1	GCA_003567095.1	0.9-0.95	91.5869	95.9365	90.0939154617058
GCA_012515775.1	GCA_018056925.1	0.9-0.95	94.72	96.9836	93.9348384961643
GCF_012290005.1	GCF_007752935.1	0.9-0.95	93.304	94.105	93.0975203448594
GCA_012960475.1	GCA_014238415.1	0.9-0.95	92.0418	93.0375	92.15363692740274
GCA_018970845.1	GCA_016873225.1	0.9-0.95	92.4975	95.2808	92.60720924595992
GCA_007741475.1	GCF_007751715.1	0.9-0.95	92.6213	93.5183	92.5929707442031
GCA_903916245.1	GCA_017853435.1	0.9-0.95	90.8868	94.3736	92.15475918833341
GCA_005778045.1	GCA_903892045.1	0.9-0.95	93.1382	95.2877	94.23496470591571
GCA_007694925.1	GCA_007124345.1	0.9-0.95	93.2293	95.8576	93.22069451937372
GCA_002690755.1	GCA_002683215.1	0.9-0.95	90.1916	92.6727	90.74148948623933
GCA_002303765.1	GCA_903960945.1	0.9-0.95	93.2898	95.3722	93.48797712635562
GCA_012269595.1	GCA_013911165.1	0.9-0.95	94.2812	95.3261	94.60972457619137
GCA_002714785.1	GCA_002729015.1	0.9-0.95	91.8181	93.0724	91.36810211015707
GCF_018860505.1	GCF_018860665.1	0.9-0.95	91.8151	92.8668	91.53606814248243
GCF_000422965.1	GCF_011759535.1	0.9-0.95	92.1931	92.9026	92.29368446557572
GCA_018777385.1	GCF_015762685.1	0.9-0.95	94.4533	95.4555	94.25713949594264
GCF_006171285.1	GCF_011290365.1	0.9-0.95	90.2377	89.8152	89.8971855162806
GCA_014116815.1	GCF_000815465.1	0.9-0.95	93.5268	94.7675	92.79925433850572
GCF_006376675.1	GCF_902825325.1	0.9-0.95	90.14	91.0486	90.11144183947275
GCF_014193285.1	GCF_009907385.1	0.9-0.95	92.8724	92.6604	91.9714666325094
GCF_005311025.1	GCF_003076515.1	0.9-0.95	90.0019	89.5452	89.7678999121276
GCF_001182045.1	GCF_003402575.1	0.9-0.95	94.0243	94.1407	94.00275773033431
GCA_002414665.1	GCA_002416125.1	0.9-0.95	91.1563	92.13	90.86400191107751
GCF_000521605.1	GCF_013377235.1	0.9-0.95	89.8041	87.8441	89.8814606793321
GCA_001296005.1	GCF_002868735.1	0.9-0.95	92.0396	93.1025	91.89331193620973
GCF_006175985.1	GCA_004168015.1	0.9-0.95	94.6455	95.5189	94.35865230165193
GCA_902624455.1	GCA_902527075.1	0.9-0.95	91.0585	91.9548	89.27861017952718
GCF_003184265.1	GCF_003333315.1	0.9-0.95	91.9989	92.1174	91.28313226545713
GCF_000277545.1	GCF_011752815.1	0.9-0.95	94.8711	94.7544	94.60160657488255
GCF_008330945.1	GCF_001676615.1	0.9-0.95	90.0554	91.5934	89.55838739572758
GCA_902596065.1	GCA_902567855.1	0.9-0.95	95.1476	96.2493	92.68114058742677
GCA_001044335.1	GCA_000156155.1	0.9-0.95	94.8779	94.784	94.52831612927488
GCF_001425265.1	GCF_001425045.1	0.9-0.95	90.2273	91.444	90.23215911301166
GCA_002726005.1	GCA_902533755.1	0.9-0.95	92.2274	93.8407	90.04438367790637
GCF_012102705.1	GCF_012102745.1	0.9-0.95	93.5593	94.0385	93.62379591130917
GCA_018883285.1	GCA_903887035.1	0.9-0.95	93.3352	97.3756	92.2497495762312
GCA_016124665.1	GCF_003129605.1	0.9-0.95	94.7843	94.8429	94.54660524601822
GCF_007680145.1	GCF_002918705.1	0.9-0.95	92.0992	92.0129	91.21264513802868
GCF_000429565.1	GCF_903968575.1	0.9-0.95	92.6115	93.9759	91.82453834022103
GCF_006384255.1	GCF_001457655.1	0.9-0.95	91.5153	94.7927	89.79080766629046
GCA_018373095.1	GCF_002015045.1	0.9-0.95	90.7578	95.5596	90.24887481319313
GCF_014048475.1	GCF_002003665.1	0.9-0.95	94.3725	94.6156	94.23931842630253
GCF_004295645.1	GCA_016649425.1	0.9-0.95	91.467	90.8271	91.46082863184456
GCA_902547295.1	GCA_902612915.1	0.9-0.95	95.2883	95.5218	93.38092042000525
GCA_902628925.1	GCA_902594515.1	0.9-0.95	93.2998	92.1617	92.18406912201516
GCA_902622745.1	GCA_902524215.1	0.9-0.95	91.5858	95.1652	90.98060024009096
GCF_003671765.1	GCA_005503065.1	0.9-0.95	91.8471	93.3605	91.74822081136023
GCF_019049625.1	GCF_003602095.1	0.9-0.95	92.5245	92.7228	91.6855403544336
GCF_006171285.1	GCF_006874705.1	0.9-0.95	90.5381	89.8424	90.20172519593123
GCF_000245735.1	GCF_000272005.1	0.9-0.95	91.2343	90.6534	90.58900500845574
GCF_000174355.1	GCF_900177275.1	0.9-0.95	94.0495	94.7721	93.92551786320082
GCF_900110885.1	GCF_004339665.1	0.9-0.95	91.5322	93.1813	91.82326865050216
GCA_903934795.1	GCA_018970865.1	0.9-0.95	92.9349	94.6009	94.11034951657956
GCA_017998915.1	GCA_002068715.1	0.9-0.95	89.4346	94.4747	90.2196218398721
GCA_002683655.1	GCA_002450295.1	0.9-0.95	91.8871	94.5485	90.94088827104144
GCA_002839335.1	GCA_002839355.1	0.9-0.95	91.8612	93.2032	91.83137705001378
GCA_013151965.1	GCA_003233545.1	0.9-0.95	90.9836	93.8284	89.86899569856615
GCA_007135605.1	GCA_007126865.1	0.9-0.95	91.1287	94.1618	90.13038689529091
GCA_017642445.1	GCA_017649605.1	0.9-0.95	92.1328	94.0842	92.4270739718361
GCF_000755145.1	GCF_000413095.1	0.9-0.95	89.9548	92.1674	89.8265728582479
GCF_001945665.1	GCF_014205885.1	0.9-0.95	93.4848	94.7197	93.07916912840734
GCA_900315435.1	GCA_905215015.1	0.9-0.95	90.9465	93.2638	91.18749799713589
GCA_905372025.1	GCF_000413055.1	0.9-0.95	93.3342	93.8203	93.01388434150817
GCF_000170955.2	GCF_900099615.1	0.9-0.95	91.8606	92.9907	91.87509821069682
GCF_009755885.1	GCF_008016535.1	0.9-0.95	92.4933	94.2032	90.60954852595835
GCF_000008185.1	GCF_000413095.1	0.9-0.95	94.2743	93.9366	93.63853962944049
GCA_002418835.1	GCA_002425885.1	0.9-0.95	90.4316	93.1196	89.77818669246584
GCF_001922545.1	GCF_900099615.1	0.9-0.95	92.0614	92.6665	91.62146741958186
GCA_007693325.1	GCA_007123465.1	0.9-0.95	94.0508	95.421	93.1581677407041
GCF_008828755.2	GCF_014201705.1	0.9-0.95	91.6502	92.9918	91.89714399011285
GCF_000378205.1	GCF_000143985.1	0.9-0.95	94.8642	95.2433	94.26463675043077
GCF_001945665.1	GCF_008931845.1	0.9-0.95	91.1105	92.4492	91.57397781258649
GCF_000184345.1	GCF_000147075.1	0.9-0.95	94.906	94.9495	95.32359359439714
GCA_003566875.1	GCA_007695285.1	0.9-0.95	91.6144	95.2729	91.02992803374548
GCF_000413095.1	GCA_905372345.1	0.9-0.95	93.9986	96.4706	92.56833559976849
GCA_902797925.1	GCA_017614995.1	0.9-0.95	89.6142	93.5928	89.22854481046399
GCF_000526375.1	GCA_002425685.1	0.9-0.95	93.4833	94.541	93.1471278468774
GCA_003446665.1	GCA_018434645.1	0.9-0.95	93.4795	95.8264	91.97306004756899
GCA_001509095.1	GCA_012729145.1	0.9-0.95	91.6185	93.4602	90.31666634957232
GCA_900544635.1	GCA_018716365.1	0.9-0.95	91.8317	95.1145	91.38474834471265
GCA_002432945.1	GCA_002436015.1	0.9-0.95	90.516	91.2619	88.80376189707432
GCF_002007215.1	GCF_000177335.1	0.9-0.95	93.1685	94.4563	93.43854106820346
GCA_001508935.1	GCF_016125955.1	0.9-0.95	90.7358	92.7499	89.88141513748664
GCA_013329135.1	GCA_011391345.1	0.9-0.95	94.0881	96.536	92.35613457308047
GCA_004195635.1	GCA_018649825.1	0.9-0.95	93.2962	94.7705	92.36371662545005
GCA_012959275.1	GCA_014240385.1	0.9-0.95	90.9838	92.6123	89.59825737572531
GCA_002506255.1	GCA_001421175.1	0.9-0.95	91.0733	93.9468	90.11395157524667
GCA_002497905.1	GCA_002506875.1	0.9-0.95	93.6314	94.7007	92.60864033053204
GCA_002509165.1	GCA_003193815.1	0.9-0.95	91.431	94.373	90.5192732167422
GCA_016845825.1	GCA_001875345.1	0.9-0.95	94.5665	96.4866	92.59748567829126
GCF_009729035.1	GCA_003086555.1	0.9-0.95	94.4107	96.0787	92.06907581951131
GCA_009665115.1	GCA_003176995.1	0.9-0.95	93.9967	96.5148	91.97405559448012
GCF_900248165.1	GCA_013538805.1	0.9-0.95	89.4063	91.2803	90.84900735481943
GCF_012222305.1	GCF_009729055.1	0.9-0.95	92.2367	91.4325	90.96540900109339
GCF_000011205.1	GCF_009729055.1	0.9-0.95	95.4493	95.3436	94.57578311239276
GCF_014078545.1	GCA_003352285.1	0.9-0.95	94.4914	94.4882	93.99524203201736
GCF_019175345.1	GCF_000022485.1	0.9-0.95	95.1317	94.7225	93.52533607515733
GCA_001593855.1	GCA_003662305.1	0.9-0.95	90.743	94.1501	88.91314370658279
GCA_002898655.1	GCF_900248165.1	0.9-0.95	93.4995	96.2769	92.43533471052389
GCA_007050885.1	GCA_001775955.1	0.9-0.95	91.5711	94.1717	89.69431901186962
GCA_007280335.1	GCA_013287585.1	0.9-0.95	92.2865	94.3848	90.34693257786158
GCA_011369665.1	GCA_011372935.1	0.9-0.95	90.4126	95.9945	89.45484838192921
GCA_016201435.1	GCA_007280335.1	0.9-0.95	92.5004	94.7083	90.78924026838389
GCA_003019535.1	GCA_902812505.1	0.9-0.95	94.7798	96.5232	93.3648599868509
GCA_013390745.1	GCA_018263495.1	0.9-0.95	94.2551	95.5357	91.77456888271855
GCA_011373895.1	GCA_011373445.1	0.9-0.95	90.9917	92.5046	88.94322741042998
GCF_009729545.1	GCA_003086435.1	0.9-0.95	93.1247	95.3429	90.75911382479448
GCA_000508305.1	GCF_000012285.1	0.9-0.95	94.0372	94.091	93.80670883219867
GCA_011369665.1	GCA_011053655.1	0.9-0.95	93.5308	96.0754	90.94537697145913
GCF_000784835.1	GCF_000016785.1	0.9-0.95	94.3252	93.3715	94.60657997209864
GCF_000018605.1	GCF_002895525.1	0.9-0.95	90.4679	89.5294	90.47484329965201
GCA_011620345.1	GCA_002347965.1	0.9-0.95	93.2766	94.2173	92.73141437962694
GCA_017650925.1	GCA_017539325.1	0.9-0.95	89.7153	93.1995	90.60071422582116
GCA_009839615.1	GCA_011523725.1	0.9-0.95	94.3108	96.4666	94.16392810218599
GCA_016184445.1	GCA_001790955.1	0.9-0.95	89.3526	95.0683	89.75554882368563
GCA_002069885.1	GCA_002435745.1	0.9-0.95	92.2749	94.1826	92.53345209952573
GCA_016190005.1	GCA_016213845.1	0.9-0.95	94.5398	95.7947	94.64899038791468
GCA_002495465.1	GCA_014189675.1	0.9-0.95	93.6464	95.1592	92.97144044191485
GCA_017540905.1	GCA_902766695.1	0.9-0.95	93.3875	97.8481	93.35262554296007
GCA_005801385.1	GCA_016871805.1	0.9-0.95	90.6809	93.6568	91.35290531795255
GCF_017310545.1	GCA_000526255.1	0.9-0.95	91.926	91.7098	92.53743365364534
GCF_004421185.1	GCF_007475525.1	0.9-0.95	93.1637	94.0886	93.0419998716128
GCA_905182465.1	GCA_009886465.1	0.9-0.95	93.297	94.5273	92.61954254720027
GCA_002363035.1	GCA_017479315.1	0.9-0.95	90.94	92.7891	90.72073522886716
GCA_003220075.1	GCA_003219125.1	0.9-0.95	91.532	94.4473	91.03315316538986
GCA_017999015.1	GCA_002071025.1	0.9-0.95	91.2797	96.0891	91.42614886956052
GCA_002305655.1	GCA_019136135.1	0.9-0.95	94.059	95.4402	94.8616747305708
GCA_017854655.1	GCA_905182435.1	0.9-0.95	91.1552	92.7121	90.82448459074399
GCA_002309765.1	GCA_017454745.1	0.9-0.95	94.6162	95.3018	94.05774357689027
GCA_003218515.1	GCA_003218935.1	0.9-0.95	94.3541	96.5533	93.9206058981522
GCA_014529625.1	GCA_002420185.1	0.9-0.95	92.4934	92.172	91.45735508851664
GCA_002690655.1	GCA_000383715.1	0.9-0.95	94.5541	95.25	93.11636627595526
GCA_017413145.1	GCA_902793555.1	0.9-0.95	91.0613	95.4776	91.63828234607516
GCA_017849585.1	GCA_002304345.1	0.9-0.95	90.895	93.2406	91.33247887355192
GCA_003218705.1	GCA_003220055.1	0.9-0.95	93.3956	95.2863	92.52757390330036
GCA_002308515.1	GCA_016283885.1	0.9-0.95	90.7127	95.3287	90.96668299727129
GCA_902793555.1	GCA_902761575.1	0.9-0.95	91.2899	96.7122	92.13282254955375
GCA_902766695.1	GCA_017527155.1	0.9-0.95	95.4358	98.2237	94.54743838581707
GCA_902774245.1	GCA_902762495.1	0.9-0.95	91.0695	93.2203	92.2607968091581
GCA_904424815.1	GCA_900760665.1	0.9-0.95	92.1484	93.7847	92.63256219983356
GCA_900771165.1	GCA_016303095.1	0.9-0.95	89.5096	95.9008	90.83196157277266
GCA_009937455.1	GCA_002292185.1	0.9-0.95	90.459	93.6144	89.318577528018
GCA_003218935.1	GCA_003219345.1	0.9-0.95	92.8203	96.073	92.35435531244319
GCA_002405835.1	GCA_900549045.1	0.9-0.95	91.7224	94.554	91.22155996652023
GCA_003219345.1	GCA_003218515.1	0.9-0.95	92.8609	95.8591	92.97105317776138
GCA_002737275.1	GCA_002304445.1	0.9-0.95	93.2033	94.5039	92.18635128792508
GCA_017455665.1	GCA_902802585.1	0.9-0.95	90.3094	93.0766	91.14137241016333
GCF_000226295.1	GCF_018304765.1	0.95-0.99	94.1089	93.9407	95.14589140078357
GCF_900104895.1	GCF_002936985.1	0.95-0.99	96.2182	97.4126	97.05252313907043
GCA_002694095.1	GCA_002728915.1	0.95-0.99	94.8054	96.1125	95.21276673674396
GCA_016783995.1	GCA_002779205.1	0.95-0.99	94.6114	98.1205	92.43001078751544
GCF_002735905.1	GCF_001598915.1	0.95-0.99	95.653	96.0769	95.08624547132
GCA_903924445.1	GCA_903915615.1	0.95-0.99	95.0646	96.8733	94.51080782780983
GCA_002452835.1	GCA_018054125.1	0.95-0.99	95.3767	96.6915	92.77615350938655
GCA_016285615.1	GCA_017454945.1	0.95-0.99	94.4763	96.1679	94.61669248791416
GCA_013151565.1	GCA_003233295.1	0.95-0.99	95.1204	97.9317	93.37465736146164
GCA_902536695.1	GCA_002694645.1	0.95-0.99	98.0208	97.6837	93.25381158550208
GCA_002371265.1	GCA_002392915.1	0.95-0.99	94.7924	94.8687	95.2507652144911
GCA_016777435.1	GCA_905478895.1	0.95-0.99	96.6255	97.917	93.97816136797096
GCF_001999985.1	GCF_900198365.1	0.95-0.99	95.4927	95.7876	95.39544962292196
GCA_015484985.1	GCA_015491595.1	0.95-0.99	94.243	98.6388	93.90328517637751
GCA_005881295.1	GCA_001919995.1	0.95-0.99	98.7893	99.1295	95.42581424608267
GCA_002313895.1	GCA_002710885.1	0.95-0.99	95.737	95.094	93.92679757110503
GCA_014324065.1	GCA_005518205.2	0.95-0.99	94.9374	96.637	94.96141498839023
GCF_003367075.1	GCF_014489415.1	0.95-0.99	95.7217	96.406	95.37931984518738
GCF_009792235.1	GCA_002282935.1	0.95-0.99	95.7654	96.7852	93.73153058845526
GCA_015486915.1	GCA_015493575.1	0.95-0.99	95.5443	97.4265	93.0007002805129
GCA_013203195.1	GCA_014383215.1	0.95-0.99	96.3643	98.0051	94.06846141947976
GCA_015222355.1	GCA_013138655.1	0.95-0.99	95.7958	97.5297	93.73803304174088
GCA_012271025.1	GCA_011523315.1	0.95-0.99	96.003	97.4123	94.6590522629791
GCF_900107035.1	GCF_001447355.1	0.95-0.99	95.9434	96.5411	95.76083006900058
GCF_001696685.1	GCF_000438455.1	0.95-0.99	95.9189	96.3366	94.27819476150697
GCA_900769635.1	GCA_900557675.1	0.95-0.99	98.5077	98.6163	94.24473979619354
GCF_000474275.2	GCF_000005825.2	0.95-0.99	96.1435	96.7286	96.03944248142449
GCA_900546275.1	GCA_905215145.1	0.95-0.99	97.8587	98.6565	92.82867401857392
GCA_001610955.1	GCF_001544135.1	0.95-0.99	95.8571	96.5077	96.18696690455198
GCA_018365895.1	GCF_018228665.1	0.95-0.99	95.2821	95.644	93.78318320225232
GCF_000204565.1	GCF_017100085.1	0.95-0.99	95.6439	94.7326	95.30068896600163
GCF_006802875.1	GCF_000452245.2	0.95-0.99	96.3145	96.5476	96.3945724644362
GCF_000196455.1	GCF_900168025.1	0.95-0.99	96.5207	96.3859	96.41839181025917
GCA_900557435.1	GCA_900767685.1	0.95-0.99	94.9902	97.2573	93.33702424473643
GCF_001006285.1	GCF_006802875.1	0.95-0.99	95.609	97.1391	94.41087651418708
GCA_012840385.1	GCA_902812385.1	0.95-0.99	95.6017	96.4529	94.51074442145969
GCF_900109225.1	GCF_000381065.1	0.95-0.99	96.6697	96.5389	96.13590193276565
GCA_905372355.1	GCF_000208405.1	0.95-0.99	95.3587	96.332	95.35517313040332
GCA_002712565.1	GCA_002731735.1	0.95-0.99	98.0412	98.5156	95.32418868407136
GCA_905067555.1	GCA_905067535.1	0.95-0.99	95.6723	97.1714	93.10283243752303
GCF_000379085.1	GCF_000023965.1	0.95-0.99	96.842	96.8687	96.89423097906102
GCA_013180565.1	GCA_013139985.1	0.95-0.99	96.7014	98.6021	94.59141463136359
GCA_011375275.1	GCA_015485525.1	0.95-0.99	95.095	96.8055	96.14093568283828
GCF_000828575.1	GCF_000008645.1	0.95-0.99	95.6704	97.3043	96.39161579598824
GCA_016177555.1	GCA_001788395.1	0.95-0.99	95.621	97.8675	94.08403890986047
GCF_900109545.1	GCF_900111745.1	0.95-0.99	95.1779	96.0075	95.71027421428086
GCA_002725495.1	GCA_002686215.1	0.95-0.99	98.2456	99.6186	93.59694730465539
GCA_016207065.1	GCA_016217765.1	0.95-0.99	95.7537	97.2053	94.47496275995698
GCA_018819325.1	GCA_018817845.1	0.95-0.99	95.0939	98.4808	92.7889683534732
GCA_017513365.1	GCA_017457425.1	0.95-0.99	95.2335	97.4569	92.09608244816059
GCF_000518645.1	GCF_000381265.1	0.95-0.99	95.4763	96.3053	95.66784044283135
GCF_002208095.1	GCF_008364625.1	0.95-0.99	96.3333	96.3694	95.9738231461206
GCA_011620145.1	GCA_002862435.1	0.95-0.99	95.5478	97.6498	94.56752885796405
GCF_000517425.1	GCF_000517405.1	0.95-0.99	96.6605	97.0609	95.63287188265421
GCA_015232025.1	GCA_015232485.1	0.95-0.99	95.9152	97.6482	95.0787021382156
GCF_016742975.1	GCF_003812745.1	0.95-0.99	96.2065	96.4882	95.51285667101473
GCF_900635775.1	GCF_002921145.1	0.95-0.99	95.2179	95.7613	94.63213162588302
GCF_003144325.1	GCF_011045835.1	0.95-0.99	96.6182	96.8327	96.50426109960554
GCA_902633855.1	GCA_002694595.1	0.95-0.99	95.7394	96.7453	92.55985893879908
GCF_009867135.1	GCF_001553955.1	0.95-0.99	95.0507	95.3822	95.12602967601767
GCF_006715005.1	GCF_016742975.1	0.95-0.99	96.5049	96.8567	96.01788285206909
GCF_002921145.1	GCF_002921135.1	0.95-0.99	95.3032	96.047	94.94514058252693
GCF_000341735.1	GCF_000968535.2	0.95-0.99	95.3559	95.055	95.85028807262941
GCF_014174395.1	GCF_014174215.1	0.95-0.99	96.4828	97.141	96.33862906048817
GCA_902572695.1	GCA_001321855.1	0.95-0.99	96.5497	97.7983	93.26937966764288
GCF_000426685.1	GCF_000382285.1	0.95-0.99	94.8525	95.7415	95.13223900896092
GCF_900107215.1	GCA_002385485.1	0.95-0.99	96.1698	96.7545	95.08198598107825
GCA_002731655.1	GCA_003193815.1	0.95-0.99	94.5365	96.6007	93.52853172464977
GCA_005877345.1	GCA_014523525.1	0.95-0.99	95.9064	97.6342	92.45773791169877
GCA_009665115.1	GCA_002501855.1	0.95-0.99	95.1443	97.4155	93.11450532710465
GCA_005888695.1	GCA_005888675.1	0.95-0.99	95.603	97.9458	94.01123292774935
GCA_002501855.1	GCA_003176995.1	0.95-0.99	95.7212	97.5143	93.8565013717797
