query	reference	ani	ani_uniform	af_query	af_reference	std_err	synteny_blocks	anchor_adjacency	breakpoint_count	het_shape	retention	ani_from_loss	ani_from_hist	enzyme_spread	enzyme_chi2	per_enzyme	n_anchors	n_chains	n_tags	max_block_anchors	mean_block_anchors	flag	ani_gated	gate
GCA_000011445.1	GCF_900489555.1	92.5884	96.0254	0.5804	0.6812	0.27998	8	0.9620	7	0.538	0.7407	94.2961	97.8825	2.9951	2.58	AlfI:94.74,AloI:97.74,BcgI:96.60,FalI:95.90	249	8	283	86	23.125	ok	92.5884	gamma
GCA_000012145.1	GCF_000825685.1	93.5020	95.9439	0.8399	0.8985	0.14379	13	0.9807	12	0.739	0.7281	94.4504	97.6657	1.4208	2.73	AlfI:94.91,AloI:95.75,BcgI:96.33,FalI:96.01	967	13	1029	129	48	ok	93.5020	gamma
GCA_000012145.1	GCF_000828125.2	95.4800	96.7055	0.5305	0.6124	0.14765	40	0.9256	39	0.918	0.7847	95.5643	97.7299	0.9191	1.95	AlfI:96.32,AloI:96.10,BcgI:96.31,FalI:97.02	857	40	734	44	13.125	ok	95.4800	gamma
GCA_000012145.1	GCF_016743795.1	92.5261	95.4124	0.8420	0.9418	0.15583	11	0.9827	10	0.761	0.6877	93.9433	97.4460	1.6759	4.24	AlfI:94.05,AloI:94.22,BcgI:95.60,FalI:95.72	1034	11	1014	222	52.63636363636363	ok	92.5261	gamma
GCA_000020605.1	GCA_900317585.1	95.4667	96.8942	0.4870	0.6505	0.08853	60	0.9542	59	0.783	0.7940	95.6335	97.9651	0.5967	1.13	AlfI:96.91,AloI:97.25,BcgI:97.00,FalI:96.65	1454	60	1858	65	21.483333333333334	ok	95.4667	gamma
GCA_000155875.1	GCF_013300725.1	95.5509	96.4169	0.6767	0.6699	0.07686	55	0.9761	47	1.375	0.7591	95.5734	97.2551	0.4661	1.64	AlfI:96.11,AloI:96.58,BcgI:96.57,FalI:96.40	2163	55	2855	133	35.92727272727273	ok	95.5509	gamma
GCA_000180035.1	GCA_018366675.1	96.2067	96.5692	0.6558	0.6610	0.09298	96	0.9364	84	2.516	0.7735	96.1792	96.9306	0.7076	2.03	AlfI:96.39,AloI:96.98,BcgI:96.28,FalI:96.69	1537	96	1792	77	13.875	ok	96.2067	gamma
GCA_000180035.1	GCF_000963275.1	95.0284	95.7780	0.8978	0.9314	0.09568	15	0.9973	4	1.968	0.7144	95.0458	96.6700	0.5854	1.60	AlfI:95.38,AloI:95.62,BcgI:95.68,FalI:95.97	1540	15	2252	317	98.33333333333333	ok	95.0284	gamma
GCA_000180035.1	GCF_001813295.1	95.4855	96.2252	0.8818	0.8338	0.08988	26	0.9902	15	1.680	0.7481	95.4530	97.0302	0.4886	2.00	AlfI:96.03,AloI:96.15,BcgI:95.95,FalI:96.44	1607	26	2239	168	59.23076923076923	ok	95.4855	gamma
GCA_000220865.1	GCA_001067655.1	96.3886	96.7211	0.6756	0.6658	0.06406	211	0.9200	199	2.781	0.7771	96.2477	97.1465	1.2882	5.51	AlfI:96.80,AloI:97.17,BcgI:96.72,FalI:95.89	2930	211	3391	66	11.843601895734597	ok	96.3886	gamma
GCA_000220865.1	GCF_000227275.1	96.6339	97.2778	0.9010	0.9321	0.05333	30	0.9941	18	1.224	0.8199	96.4526	97.8750	0.7584	5.14	AlfI:97.51,AloI:97.54,BcgI:97.18,FalI:96.78	3290	30	4083	426	102.66666666666667	ok	96.6339	gamma
GCA_000220865.1	GCF_000260655.1	97.3084	97.6101	0.7806	0.8124	0.04999	158	0.9530	145	1.781	0.8444	97.1735	97.8743	0.5930	3.79	AlfI:97.79,AloI:97.86,BcgI:97.52,FalI:97.27	3404	158	3813	114	19.620253164556964	ok	97.3084	gamma
GCA_000220865.1	GCF_001815675.1	96.9223	97.4007	0.8657	0.8624	0.05191	73	0.9800	62	1.434	0.8290	96.7311	97.8562	0.4157	1.66	AlfI:97.49,AloI:97.66,BcgI:97.33,FalI:97.24	3279	73	4008	266	42.61643835616438	ok	96.9223	gamma
GCA_000220865.1	GCF_014054945.1	96.8810	97.3936	0.9436	0.9621	0.05072	29	0.9957	14	1.375	0.8285	96.6742	97.8840	0.6423	2.81	AlfI:97.50,AloI:97.68,BcgI:97.34,FalI:97.04	3516	29	4235	733	113.41379310344827	ok	96.8810	gamma
GCA_000247545.1	GCF_000016385.1	95.5424	96.9950	0.7674	0.8841	0.09140	20	0.9841	19	0.709	0.8022	95.7623	98.0022	0.3407	1.06	AlfI:97.14,AloI:97.08,BcgI:96.81,FalI:97.15	1268	20	1690	265	59.75	ok	95.5424	gamma
GCA_000257205.1	GCF_001989995.2	97.0729	97.5125	0.7515	0.6405	0.05472	147	0.9916	22	1.392	0.8395	96.9034	97.8994	0.4130	1.35	AlfI:97.38,AloI:97.79,BcgI:97.60,FalI:97.46	3022	147	3453	80	18.64625850340136	ok	97.0729	gamma
GCA_000283635.1	GCA_900478025.1	94.9719	96.0034	0.8407	0.9072	0.09777	13	0.9912	12	1.392	0.7331	95.0788	97.0378	0.4851	0.82	AlfI:96.21,AloI:95.99,BcgI:95.73,FalI:96.05	1402	13	2069	457	104.38461538461539	ok	94.9719	gamma
GCA_000283635.1	GCF_002000985.1	97.2948	97.7823	0.8010	0.8428	0.06869	16	0.9908	15	1.044	0.8608	97.1188	98.1521	0.4198	2.65	AlfI:97.68,AloI:98.06,BcgI:98.08,FalI:97.66	1676	16	2024	459	101.75	ok	97.2948	gamma
GCA_000283635.1	GCF_003337175.1	95.6409	96.3755	0.6222	0.6054	0.10085	60	0.9505	59	1.565	0.7608	95.6377	97.0927	0.4820	0.72	AlfI:96.12,AloI:96.48,BcgI:96.60,FalI:96.34	1286	60	1695	59	19.866666666666667	ok	95.6409	gamma
GCA_000336895.1	GCF_014647415.1	94.8979	96.1884	0.8652	0.8599	0.05784	42	0.9936	22	1.107	0.7341	95.1813	97.3413	0.4856	1.50	AlfI:95.90,AloI:96.39,BcgI:96.18,FalI:96.21	3558	42	5337	388	82.85714285714286	ok	94.8979	gamma
GCA_000383735.1	GCA_905181965.1	98.3980	98.7216	0.3103	0.2842	0.06350	47	0.9856	15	0.554	0.9213	98.2866	98.8853	0.4637	1.74	AlfI:98.39,AloI:98.78,BcgI:98.85,FalI:98.64	1163	47	1205	98	22.914893617021278	ok	98.3980	gamma
GCA_000384495.1	GCA_003213625.1	95.7747	96.7112	0.6399	0.3759	0.21972	12	0.9956	1	1.107	0.7865	95.7771	97.5118	2.0366	2.40	AlfI:97.74,AloI:95.83,BcgI:95.71,FalI:96.94	271	12	330	61	19.75	ok	95.7747	gamma
GCA_000384495.1	GCA_902619825.1	95.7066	96.2307	0.5962	0.3429	0.24244	12	1.0000	0	2.239	0.7516	95.6065	96.8624	0.9450	0.56	AlfI:96.64,AloI:95.70,BcgI:95.71,FalI:96.40	252	12	309	54	18.166666666666668	ok	95.7066	gamma
GCA_000434835.1	GCA_900547225.1	96.3276	97.2393	0.5743	0.5831	0.15706	25	0.9842	6	0.866	0.8254	96.2806	97.8994	0.2431	0.06	AlfI:97.20,AloI:97.26,BcgI:97.44,FalI:97.22	482	25	528	73	15.96	ok	96.3276	gamma
GCA_000440235.1	GCA_002831545.1	95.0704	96.6205	0.6674	0.6873	0.09215	61	0.9876	16	0.761	0.7767	95.4681	97.6706	0.9227	3.53	AlfI:96.98,AloI:96.06,BcgI:96.27,FalI:96.77	1526	61	1927	92	21.852459016393443	ok	95.0704	gamma
GCA_000445185.1	GCA_003722315.1	96.7825	97.8312	0.5552	0.5417	0.08524	65	0.9941	6	0.516	0.8651	96.8243	98.3904	0.4848	0.85	AlfI:98.08,AloI:97.67,BcgI:97.59,FalI:97.84	1352	65	1339	61	16.43076923076923	ok	96.7825	gamma
GCA_000445185.1	GCF_000019085.1	95.9095	97.5967	0.4956	0.5659	0.09856	61	0.9882	10	0.428	0.8493	96.2816	98.4212	0.5980	0.73	AlfI:97.32,AloI:97.92,BcgI:97.44,FalI:97.66	1103	61	1173	66	14.754098360655737	ok	95.9095	gamma
GCA_000445185.1	GCF_000147695.2	96.3175	97.3821	0.5439	0.5426	0.09622	62	0.9947	5	0.689	0.8346	96.3695	98.0541	0.3220	0.19	AlfI:97.39,AloI:97.53,BcgI:97.21,FalI:97.41	1230	62	1314	72	16.112903225806452	ok	96.3175	gamma
GCA_000484975.1	GCA_013390905.1	96.4362	96.8208	0.6703	0.5669	0.15655	31	0.9882	5	2.305	0.7930	96.2295	97.3280	1.1260	2.18	AlfI:96.26,AloI:96.77,BcgI:95.98,FalI:97.11	515	31	604	55	14.548387096774194	ok	96.4362	gamma
GCA_000508865.1	GCF_000686665.1	96.8682	97.0997	0.3863	0.3876	0.12390	71	0.9882	7	2.701	0.8133	96.9066	97.2658	0.7740	1.98	AlfI:96.74,AloI:97.32,BcgI:96.55,FalI:97.30	962	71	823	31	9.267605633802816	ok	96.8682	gamma
GCA_000634735.1	GCA_902618795.1	95.8726	96.1432	0.4659	0.6628	0.16433	28	0.9680	15	4.097	0.7462	95.7141	96.5939	1.3374	2.10	AlfI:96.49,AloI:95.15,BcgI:95.17,FalI:96.31	563	28	676	56	17.214285714285715	ok	95.8726	gamma
GCA_000635495.1	GCA_003213375.1	95.7973	96.4135	0.4698	0.6846	0.15840	36	0.9439	27	1.833	0.7658	95.6699	97.1121	0.9133	0.71	AlfI:96.12,AloI:95.63,BcgI:96.39,FalI:96.54	565	36	689	38	13.61111111111111	ok	95.7973	gamma
GCA_000635495.1	GCA_902525075.1	96.1162	96.4810	0.6551	0.7533	0.13288	25	0.9763	16	2.623	0.7703	96.0527	96.8894	1.3864	3.39	AlfI:95.99,AloI:95.39,BcgI:95.99,FalI:96.77	756	25	927	138	27.4	ok	96.1162	gamma
GCA_000695745.1	GCF_900089835.1	98.1111	98.1734	0.2365	0.2002	0.06147	237	1.0000	0	4.046	0.8859	98.1249	98.1984	0.5787	1.64	AlfI:98.08,AloI:98.66,BcgI:98.14,FalI:98.21	3155	237	1832	20	6.810126582278481	ok	98.1111	gamma
GCA_000717735.1	GCF_000725545.1	97.2634	97.7891	0.8054	0.8455	0.02900	157	0.9945	47	1.014	0.8568	97.0734	98.2041	0.9581	30.36	AlfI:97.54,AloI:97.56,BcgI:97.81,FalI:98.50	8932	157	10743	306	54.99363057324841	ok	97.2634	gamma
GCA_000747625.2	GCA_000753945.1	98.0172	98.1953	0.1431	0.2688	0.10377	69	0.9633	19	1.729	0.8870	97.8654	98.3507	0.5367	1.35	AlfI:98.21,AloI:98.47,BcgI:97.93,FalI:98.40	915	69	657	18	8.231884057971014	ok	98.0172	gamma
GCA_000761495.1	GCA_002367455.1	96.0011	97.3611	0.5427	0.7167	0.06380	160	0.9484	107	0.605	0.8278	96.1982	98.1828	0.5270	1.50	AlfI:97.50,AloI:96.98,BcgI:97.26,FalI:97.42	2339	160	2883	67	13.28125	ok	96.0011	gamma
GCA_000761495.1	GCF_000487975.1	95.7924	97.1598	0.7083	0.8453	0.05995	66	0.9969	8	0.669	0.8130	96.0132	98.0388	0.2865	0.73	AlfI:97.19,AloI:97.35,BcgI:97.06,FalI:97.26	2777	66	3564	192	39.42424242424242	ok	95.7924	gamma
GCA_000761495.1	GCF_011058205.1	96.3803	97.3484	0.6282	0.7000	0.05897	124	0.9713	70	0.783	0.8269	96.4059	98.0075	0.1817	0.60	AlfI:97.45,AloI:97.37,BcgI:97.26,FalI:97.35	2796	124	3311	73	20.096774193548388	ok	96.3803	gamma
GCA_000761495.1	GCF_014769185.1	96.2727	97.5604	0.6829	0.7655	0.05543	93	0.9872	33	0.571	0.8424	96.3878	98.3240	0.2465	0.49	AlfI:97.65,AloI:97.40,BcgI:97.53,FalI:97.52	2864	93	3492	156	28.268817204301076	ok	96.2727	gamma
GCA_000761495.1	GCF_015602705.1	95.9633	97.1200	0.6646	0.8669	0.06169	59	0.9955	11	0.783	0.8099	96.0701	97.9334	0.1975	0.68	AlfI:97.24,AloI:97.08,BcgI:97.04,FalI:97.10	2550	59	3377	193	41.83050847457627	ok	95.9633	gamma
GCA_000814665.1	GCF_000238315.3	96.3544	96.8166	0.8831	0.9129	0.04682	47	0.9943	27	1.968	0.7892	96.2017	97.3343	0.2949	2.58	AlfI:96.89,AloI:96.73,BcgI:96.65,FalI:96.95	5038	47	6368	646	100.61702127659575	ok	96.3544	gamma
GCA_000814665.1	GCF_002289345.1	95.5109	96.0028	0.8142	0.8333	0.05510	101	0.9803	80	2.623	0.7264	95.4341	96.6661	0.5854	4.31	AlfI:96.15,AloI:95.58,BcgI:95.76,FalI:96.17	4459	101	6010	149	40.37623762376238	ok	95.5109	gamma
GCA_000814665.1	GCF_002850255.1	95.4700	96.4163	0.8601	0.8916	0.05170	47	0.9936	27	1.297	0.7587	95.4940	97.3418	0.3746	0.69	AlfI:96.35,AloI:96.73,BcgI:96.39,FalI:96.48	4602	47	6230	606	90.85106382978724	ok	95.4700	gamma
GCA_000814665.1	GCF_016695175.1	95.7436	96.4187	0.9017	0.9169	0.05017	44	0.9949	23	1.729	0.7588	95.6520	97.1780	0.4648	2.53	AlfI:96.59,AloI:96.12,BcgI:96.27,FalI:96.46	4840	44	6487	556	103.43181818181819	ok	95.7436	gamma
GCA_000824845.1	GCF_003952425.1	96.1251	96.5223	0.7618	0.7389	0.03402	196	0.9941	54	2.623	0.7617	95.9815	97.0515	0.3032	1.57	AlfI:96.62,AloI:96.32,BcgI:96.49,FalI:96.60	9529	196	12902	336	47.357142857142854	ok	96.1251	gamma
GCA_001067655.1	GCF_000227275.1	96.2333	96.6321	0.6823	0.7078	0.06478	214	0.9974	6	2.444	0.7701	96.1219	97.1167	1.3324	8.67	AlfI:96.77,AloI:97.40,BcgI:96.50,FalI:96.07	2902	214	3442	69	11.710280373831775	ok	96.2333	gamma
GCA_001067655.1	GCF_000260655.1	96.5170	96.7705	0.5887	0.6235	0.06575	240	0.9837	35	3.355	0.7808	96.4074	97.0929	0.9983	3.96	AlfI:96.80,AloI:97.33,BcgI:96.71,FalI:96.33	2914	240	3123	41	9.804166666666667	ok	96.5170	gamma
GCA_001067655.1	GCF_001809325.1	96.3150	96.7961	0.6368	0.6448	0.06433	212	0.9929	16	1.888	0.7829	96.2519	97.2778	1.3529	6.88	AlfI:96.94,AloI:97.37,BcgI:96.73,FalI:96.02	2931	212	3299	58	11.49056603773585	ok	96.3150	gamma
GCA_001067655.1	GCF_001815675.1	96.4607	96.8639	0.6593	0.6734	0.06304	213	0.9961	9	2.239	0.7882	96.2809	97.3604	1.0950	4.14	AlfI:96.86,AloI:97.33,BcgI:96.88,FalI:96.24	2910	213	3360	67	11.67605633802817	ok	96.4607	gamma
GCA_001264245.1	GCA_002282935.1	95.9486	96.6259	0.3107	0.3926	0.09018	142	0.8926	141	1.565	0.7732	95.8907	97.2832	1.4595	6.72	AlfI:96.25,AloI:95.48,BcgI:96.94,FalI:96.40	2725	142	1863	42	9.253521126760564	INCONSISTENT	95.9486	gamma
GCA_001264245.1	GCA_007095785.1	95.6554	96.5988	0.4297	0.4899	0.07923	163	0.9084	162	1.224	0.7714	95.6619	97.4594	1.3004	7.73	AlfI:96.28,AloI:95.61,BcgI:96.91,FalI:96.34	3109	163	2496	57	10.85276073619632	ok	95.6554	gamma
GCA_001264245.1	GCF_000010625.1	94.0579	96.4242	0.6899	0.6960	0.07004	112	0.9509	111	0.650	0.7581	94.9359	97.9116	1.1099	18.92	AlfI:95.90,AloI:95.81,BcgI:96.89,FalI:95.78	3904	112	3617	92	20.178571428571427	ok	94.0579	gamma
GCA_001264245.1	GCF_014696875.1	96.8355	97.3923	0.3075	0.3368	0.07627	167	0.8858	166	1.224	0.8303	96.7168	97.8218	1.5885	10.33	AlfI:97.76,AloI:96.17,BcgI:97.66,FalI:96.89	3354	167	1890	34	8.706586826347305	INCONSISTENT	96.8355	gamma
GCA_001264245.1	GCF_015206885.1	96.5509	97.2169	0.2871	0.3396	0.08245	155	0.8832	154	1.189	0.8174	96.4315	97.7721	1.1009	4.97	AlfI:97.14,AloI:96.36,BcgI:97.46,FalI:96.94	3133	155	1777	59	8.509677419354839	INCONSISTENT	96.5509	gamma
GCA_001411745.2	GCA_018448495.1	96.4179	97.1532	0.8508	0.8942	0.05784	26	0.9953	13	1.140	0.8132	96.3055	97.7840	1.2241	3.62	AlfI:97.27,AloI:96.04,BcgI:97.25,FalI:96.88	2796	26	3696	350	106	ok	96.4179	gamma
GCA_001411745.2	GCA_904846265.1	96.5103	97.2475	0.8396	0.8586	0.05684	41	0.9899	28	1.075	0.8202	96.3912	97.8626	0.9193	1.24	AlfI:97.30,AloI:96.38,BcgI:97.29,FalI:97.15	2805	41	3683	268	67.73170731707317	ok	96.5103	gamma
GCA_001411745.2	GCF_000586475.1	96.5057	97.2282	0.8422	0.8794	0.05705	42	0.9895	29	1.107	0.8188	96.3973	97.8238	1.1322	7.72	AlfI:97.43,AloI:96.30,BcgI:97.36,FalI:96.74	2809	42	3670	289	65.95238095238095	ok	96.5057	gamma
GCA_001411745.2	GCF_001435295.1	96.7171	97.3263	0.8553	0.8733	0.05528	25	0.9958	12	1.189	0.8261	96.5794	97.8387	0.8192	1.12	AlfI:97.36,AloI:96.56,BcgI:97.38,FalI:97.22	2877	25	3714	324	114.2	ok	96.7171	gamma
GCA_001411745.2	GCF_003148585.1	96.5973	97.2669	0.8312	0.9090	0.05686	43	0.9891	30	1.140	0.8217	96.4822	97.8231	0.9711	2.48	AlfI:97.35,AloI:96.38,BcgI:97.35,FalI:97.05	2770	43	3621	193	64.09302325581395	ok	96.5973	gamma
GCA_001512555.1	GCA_012518025.1	95.7311	96.5169	0.5300	0.5607	0.10892	89	0.9797	18	1.297	0.7653	95.9337	97.0692	0.3136	0.48	AlfI:96.63,AloI:96.32,BcgI:96.63,FalI:96.41	1309	89	1331	47	10.775280898876405	ok	95.7311	gamma
GCA_001543015.1	GCA_002317795.1	96.0529	97.0380	0.4506	0.4715	0.15770	35	0.9748	10	0.918	0.8086	96.0382	97.8075	1.2395	1.24	AlfI:97.02,AloI:97.50,BcgI:96.26,FalI:97.03	548	35	573	42	12.057142857142857	ok	96.0529	gamma
GCA_001610955.1	GCF_001908025.1	96.4804	97.3877	0.7926	0.7744	0.04733	109	0.9719	107	0.841	0.8293	96.4174	98.0532	0.3333	3.34	AlfI:97.24,AloI:97.19,BcgI:97.52,FalI:97.20	4189	109	5061	137	35.00917431192661	ok	96.4804	gamma
GCA_001627925.1	GCA_002457055.1	96.1301	96.3816	0.6682	0.7437	0.09657	65	0.9884	14	3.930	0.7568	96.0346	96.7362	0.8079	1.55	AlfI:96.29,AloI:95.79,BcgI:96.31,FalI:96.60	1342	65	1723	109	19.307692307692307	ok	96.1301	gamma
GCA_001704065.1	GCA_902609705.1	95.5662	96.6395	0.4199	0.5356	0.20101	29	0.9591	11	1.014	0.7806	95.6432	97.5488	1.5077	1.87	AlfI:95.90,AloI:97.41,BcgI:95.92,FalI:96.84	371	29	406	22	9.89655172413793	ok	95.5662	gamma
GCA_001704065.1	GCA_902618565.1	96.3307	97.0318	0.4473	0.5656	0.17966	25	0.9736	8	1.154	0.8085	96.3149	97.5769	0.8134	0.64	AlfI:96.40,AloI:96.97,BcgI:97.21,FalI:97.14	390	25	423	30	12.8	ok	96.3307	gamma
GCA_001704275.1	GCF_016917755.1	97.3994	97.9314	0.8004	0.8400	0.02574	69	0.9934	68	0.918	0.8668	97.1870	98.3376	0.7560	19.20	AlfI:97.90,AloI:97.81,BcgI:97.90,FalI:98.56	10864	69	12620	1317	148.8985507246377	ok	97.3994	gamma
GCA_001770325.1	GCA_016199545.1	96.7678	97.3108	0.4695	0.4172	0.04790	293	0.9784	76	1.336	0.8220	96.6252	97.7932	0.3264	1.05	AlfI:97.35,AloI:97.11,BcgI:97.34,FalI:97.02	4175	293	4866	57	12.761092150170649	ok	96.7678	gamma
GCA_001830835.1	GCA_018819165.1	97.5473	97.5473	0.2634	0.4032	0.09479	103	0.9540	39	inf	0.8403	97.4923	97.5866	0.5012	1.55	AlfI:97.78,AloI:97.89,BcgI:97.43,FalI:97.39	1225	103	1088	44	8.844660194174757	ok	97.5473	uniform
GCA_001896545.1	GCF_000328765.2	95.7132	96.5397	0.7033	0.6476	0.09499	56	0.9926	9	1.297	0.7712	95.7910	97.2306	0.4845	1.36	AlfI:96.87,AloI:96.64,BcgI:96.53,FalI:96.39	1411	56	1779	119	22.678571428571427	ok	95.7132	gamma
GCA_001919715.1	GCA_003225295.1	96.3468	96.6291	0.7234	0.3659	0.05226	232	0.9921	29	3.258	0.7708	96.2439	96.9898	0.0803	0.06	AlfI:96.62,AloI:96.70,BcgI:96.62,FalI:96.63	4127	232	5247	74	16.74137931034483	ok	96.3468	gamma
GCA_002067325.1	GCA_002495625.1	96.8728	97.2475	0.4440	0.3964	0.13002	57	0.9940	3	1.781	0.8211	96.7888	97.5655	0.2578	0.21	AlfI:97.35,AloI:97.41,BcgI:97.22,FalI:97.15	794	57	712	27	9.789473684210526	ok	96.8728	gamma
GCA_002082305.1	GCA_902513935.1	96.2027	96.5154	0.3057	0.4599	0.12368	67	0.9811	13	3.035	0.7662	96.1249	96.8889	0.4255	0.67	AlfI:96.32,AloI:96.74,BcgI:96.38,FalI:96.68	896	67	1013	41	11.08955223880597	ok	96.2027	gamma
GCA_002083405.1	GCA_002083565.1	96.3206	96.8489	0.5472	0.6828	0.06136	129	0.9694	80	1.729	0.7877	96.2089	97.4002	0.5834	2.16	AlfI:96.67,AloI:97.25,BcgI:96.83,FalI:96.91	2756	129	3614	100	20.62015503875969	ok	96.3206	gamma
GCA_002169115.2	GCA_902510965.1	97.8912	97.8912	0.2665	0.2081	0.23703	12	0.9918	1	inf	0.8684	97.8197	97.9386	1.3138	0.85	AlfI:97.46,AloI:98.77,BcgI:97.59,FalI:97.92	163	12	154	32	11.083333333333334	ok	97.8912	uniform
GCA_002243605.1	GCA_900450595.1	96.0688	98.3610	0.7846	0.7756	0.03818	52	0.9867	50	0.221	0.8976	96.8304	99.0926	0.5151	6.26	AlfI:98.40,AloI:98.41,BcgI:98.46,FalI:97.94	4381	52	4798	438	72.38461538461539	ok	96.0688	gamma
GCA_002243605.1	GCF_001277805.1	96.7074	98.4514	0.6324	0.8017	0.03976	113	0.9660	111	0.244	0.9036	97.0742	99.0738	0.4330	4.47	AlfI:98.50,AloI:98.11,BcgI:98.54,FalI:98.18	3524	113	4060	282	28.86725663716814	ok	96.7074	gamma
GCA_002243605.1	GCF_002809955.1	96.7699	98.5903	0.7319	0.8024	0.03551	102	0.9729	101	0.208	0.9127	97.2016	99.1841	0.3056	2.96	AlfI:98.62,AloI:98.47,BcgI:98.66,FalI:98.35	4150	102	4581	163	36.549019607843135	ok	96.7699	gamma
GCA_002254365.1	GCF_001458735.1	96.2346	96.7656	0.7043	0.6468	0.05557	176	0.9919	26	1.833	0.7818	96.0936	97.3594	0.2988	1.35	AlfI:96.55,AloI:96.70,BcgI:96.85,FalI:96.76	3583	176	4598	74	19.011363636363637	ok	96.2346	gamma
GCA_002256145.1	GCF_003063265.1	95.8472	96.8862	0.7502	0.7708	0.04500	131	0.9821	86	0.985	0.7905	95.8901	97.7411	0.4194	2.43	AlfI:97.00,AloI:96.94,BcgI:96.83,FalI:96.58	5104	131	6796	173	36.93893129770992	ok	95.8472	gamma
GCA_002282935.1	GCA_007095785.1	96.8218	97.1441	0.3542	0.3235	0.08517	153	0.9896	12	2.148	0.8125	96.7758	97.4166	0.4883	1.59	AlfI:96.81,AloI:96.84,BcgI:97.30,FalI:97.01	2442	153	1650	33	8.444444444444445	ok	96.8218	gamma
GCA_002282935.1	GCA_007096045.1	96.8066	96.9405	0.2255	0.2099	0.10606	124	0.9818	14	4.943	0.7970	96.8427	97.0092	0.7965	2.94	AlfI:97.03,AloI:96.76,BcgI:97.17,FalI:96.37	2242	124	1117	18	7.088709677419355	INCONSISTENT	96.8066	gamma
GCA_002282935.1	GCF_000010625.1	96.9093	97.3746	0.4214	0.3294	0.07575	166	0.9903	13	1.434	0.8292	96.7880	97.7634	0.6991	4.36	AlfI:97.38,AloI:97.48,BcgI:97.57,FalI:96.87	2721	166	1926	32	9.036144578313253	ok	96.9093	gamma
GCA_002282935.1	GCF_014696875.1	96.7761	96.9703	0.2399	0.2096	0.10185	131	0.9807	16	3.707	0.7992	96.7370	97.1395	0.9783	4.97	AlfI:96.97,AloI:96.30,BcgI:97.28,FalI:96.39	2312	131	1213	32	7.213740458015267	INCONSISTENT	96.7761	gamma
GCA_002291465.1	GCF_009741445.1	97.4711	97.7173	0.9663	0.8905	0.03574	35	0.9941	34	2.086	0.8518	97.2580	97.9871	0.3860	3.99	AlfI:97.76,AloI:98.02,BcgI:97.64,FalI:97.92	5845	35	7047	1031	164.62857142857143	ok	97.4711	gamma
GCA_002316805.1	GCA_002411365.1	95.7720	96.0058	0.7928	0.7279	0.09297	33	0.9893	15	4.741	0.7249	95.7447	96.3180	1.1881	1.71	AlfI:95.93,AloI:94.98,BcgI:96.08,FalI:96.17	1442	33	2028	221	43.121212121212125	ok	95.7720	gamma
GCA_002334985.1	GCA_003524565.1	96.6258	96.7532	0.4901	0.5439	0.06984	222	0.9722	53	5.791	0.7800	96.5941	96.8939	0.9482	3.22	AlfI:96.58,AloI:97.49,BcgI:96.84,FalI:96.54	2478	222	2705	26	9.346846846846846	ok	96.6258	gamma
GCA_002339125.1	GCF_003731635.1	95.6528	96.5050	0.7628	0.6785	0.05958	150	0.9905	28	1.336	0.7620	95.7069	97.2906	0.3492	0.70	AlfI:96.61,AloI:96.26,BcgI:96.48,FalI:96.43	3251	150	4405	94	20.48	ok	95.6528	gamma
GCA_002342665.1	GCA_002371695.1	98.6313	98.6313	0.3778	0.3943	0.05674	102	0.9488	70	inf	0.9156	98.3884	98.7221	0.1535	0.26	AlfI:98.56,AloI:98.52,BcgI:98.66,FalI:98.68	1485	102	1555	36	13.72549019607843	ok	98.6313	uniform
GCA_002348425.1	GCA_002712335.1	96.1896	96.1896	0.4393	0.3232	0.12981	92	0.9968	2	inf	0.7413	96.1539	96.2354	0.2748	0.12	AlfI:96.24,AloI:96.40,BcgI:96.13,FalI:96.17	973	92	979	19	7.836956521739131	ok	96.1896	uniform
GCA_002355995.1	GCF_000091545.1	94.2095	96.2742	0.8928	0.9013	0.10428	15	0.9877	14	0.739	0.7510	94.9080	97.6496	1.2574	9.30	AlfI:96.47,AloI:96.52,BcgI:96.95,FalI:95.69	1204	15	1748	269	75.66666666666667	ok	94.2095	gamma
GCA_002364755.1	GCA_003510825.1	96.7506	96.9904	0.5158	0.6574	0.04410	398	0.9258	359	3.165	0.7977	96.6266	97.2878	0.7790	8.46	AlfI:97.08,AloI:97.25,BcgI:96.81,FalI:97.59	5173	398	6343	48	12.261306532663317	ok	96.7506	gamma
GCA_002365025.1	GCA_900105215.1	97.2275	97.3074	0.6507	0.5930	0.05514	260	0.9978	6	6.320	0.8256	97.2026	97.3854	0.3778	2.28	AlfI:97.29,AloI:97.43,BcgI:97.05,FalI:97.42	3390	260	3688	56	11.592307692307692	ok	97.2275	gamma
GCA_002365025.1	GCF_900105615.1	97.1106	97.2857	0.6241	0.6250	0.05639	260	0.9974	7	3.355	0.8239	97.0475	97.4526	0.2886	1.07	AlfI:97.40,AloI:97.33,BcgI:97.11,FalI:97.31	3282	260	3607	51	11.196153846153846	ok	97.1106	gamma
GCA_002367455.1	GCF_000487975.1	96.3153	97.4110	0.7435	0.6573	0.06297	142	0.9980	4	0.669	0.8314	96.4312	98.0827	0.6974	2.94	AlfI:97.54,AloI:96.94,BcgI:97.25,FalI:97.64	2328	142	2834	79	15.06338028169014	ok	96.3153	gamma
GCA_002367455.1	GCF_011058205.1	96.6466	97.5335	0.6375	0.5385	0.06432	162	0.9819	33	0.718	0.8403	96.6936	98.0747	0.2828	0.93	AlfI:97.50,AloI:97.57,BcgI:97.46,FalI:97.75	2267	162	2523	46	12.080246913580247	ok	96.6466	gamma
GCA_002367455.1	GCF_014769185.1	96.6335	97.6977	0.7165	0.6063	0.06004	156	0.9909	18	0.588	0.8523	96.6730	98.3181	0.3101	0.40	AlfI:97.67,AloI:97.95,BcgI:97.72,FalI:97.64	2367	156	2726	66	13.557692307692308	ok	96.6335	gamma
GCA_002367455.1	GCF_015602705.1	96.4353	97.4166	0.7120	0.7076	0.06415	130	0.9990	2	0.739	0.8319	96.4812	98.0494	0.2550	0.69	AlfI:97.50,AloI:97.29,BcgI:97.44,FalI:97.24	2227	130	2705	82	15.784615384615385	ok	96.4353	gamma
GCA_002373205.1	GCA_002448445.1	96.7916	97.7358	0.6006	0.5315	0.05393	179	0.9834	42	0.650	0.8567	96.7005	98.3393	0.4770	2.99	AlfI:97.74,AloI:98.06,BcgI:97.91,FalI:97.58	3264	179	3434	78	14.921787709497206	ok	96.7916	gamma
GCA_002373505.1	GCA_017471285.1	96.0568	97.0010	0.3736	0.6109	0.09737	59	0.9558	45	0.985	0.7996	96.0799	97.7390	0.3440	0.44	AlfI:96.99,AloI:96.76,BcgI:97.10,FalI:96.96	1163	59	1413	49	17.508474576271187	ok	96.0568	gamma
GCA_002378465.1	GCF_013488205.1	95.8559	96.5247	0.7296	0.6219	0.09433	75	0.9741	32	1.565	0.7668	95.8818	97.1500	0.6980	1.57	AlfI:95.96,AloI:96.61,BcgI:96.56,FalI:96.66	1447	75	1784	71	17.04	ok	95.8559	gamma
GCA_002385225.1	GCF_900162825.1	96.3541	96.6708	0.5895	0.5837	0.09086	116	0.9398	77	2.701	0.7794	96.3487	96.9587	0.8882	1.12	AlfI:96.62,AloI:97.50,BcgI:96.71,FalI:96.61	1591	116	1746	39	11.362068965517242	ok	96.3541	gamma
GCA_002385485.1	GCA_002433005.1	97.3455	97.6837	0.6559	0.5576	0.07449	88	0.9932	9	1.476	0.8522	97.2492	97.9334	0.5477	2.44	AlfI:97.92,AloI:97.97,BcgI:97.75,FalI:97.42	1528	88	1717	80	16.022727272727273	ok	97.3455	gamma
GCA_002385485.1	GCF_000160455.2	96.7493	97.0792	0.7097	0.5677	0.08265	84	0.9993	1	2.239	0.8088	96.6334	97.4129	0.3450	0.64	AlfI:97.23,AloI:97.34,BcgI:97.03,FalI:97.00	1551	84	1836	71	17.011904761904763	ok	96.7493	gamma
GCA_002410715.1	GCA_003519645.1	99.3551	99.6743	0.3292	0.3269	0.02723	131	0.9533	64	0.070	0.9803	99.2569	99.7858	0.1447	1.17	AlfI:99.74,AloI:99.69,BcgI:99.66,FalI:99.60	1592	131	1505	39	10.961832061068701	ok	99.3551	gamma
GCA_002433005.1	GCF_000160455.2	96.5280	96.8184	0.8354	0.8434	0.07530	39	0.9924	14	2.863	0.7895	96.4262	97.1489	0.7570	2.56	AlfI:96.72,AloI:97.43,BcgI:96.87,FalI:96.67	1906	39	2432	284	47.61538461538461	ok	96.5280	gamma
GCA_002433005.1	GCF_900107215.1	96.7378	97.0214	0.8277	0.8467	0.07271	45	0.9891	20	2.701	0.8046	96.5823	97.3586	0.2680	0.34	AlfI:96.99,AloI:97.22,BcgI:97.06,FalI:96.95	1907	45	2423	182	41.48888888888889	ok	96.7378	gamma
GCA_002449695.1	GCA_017463935.1	97.7510	98.1150	0.3860	0.3453	0.05279	241	0.9231	168	1.044	0.8802	97.5590	98.3860	0.1677	0.29	AlfI:97.99,AloI:98.14,BcgI:98.13,FalI:98.16	2761	241	2651	34	9.365145228215768	ok	97.7510	gamma
GCA_002498985.1	GCA_002685315.1	96.4724	96.8327	0.3185	0.3498	0.18963	43	0.9559	12	2.305	0.7921	96.3836	97.2126	0.6434	0.71	AlfI:97.02,AloI:96.68,BcgI:96.42,FalI:97.06	444	43	394	18	7.046511627906977	ok	96.4724	gamma
GCA_002684115.1	GCF_001469895.1	97.1432	97.4291	0.7306	0.1595	0.10216	30	1.0000	0	2.026	0.8350	97.0423	97.6803	0.1295	0.02	AlfI:97.43,AloI:97.53,BcgI:97.40,FalI:97.45	857	30	1020	57	27.4	ok	97.1432	gamma
GCA_002684115.1	GCF_001550135.1	97.5630	97.9076	0.7526	0.1559	0.08992	34	0.9964	3	1.224	0.8685	97.4223	98.1626	1.8460	2.59	AlfI:97.98,AloI:96.30,BcgI:97.67,FalI:98.15	903	34	1045	64	25.61764705882353	ok	97.5630	gamma
GCA_002684115.1	GCF_013349995.1	97.1443	97.5804	0.7412	0.1528	0.09900	41	0.9900	8	1.297	0.8458	97.0230	97.9280	0.7414	1.12	AlfI:97.81,AloI:98.15,BcgI:97.41,FalI:97.54	868	41	1033	51	20.26829268292683	ok	97.1443	gamma
GCA_002684115.1	GCF_019134595.1	96.4554	96.8328	0.7050	0.1497	0.11860	33	0.9972	2	2.305	0.7913	96.3095	97.2706	1.5416	1.34	AlfI:96.82,AloI:98.33,BcgI:96.78,FalI:96.84	781	33	982	55	22.333333333333332	ok	96.4554	gamma
GCA_002692475.1	GCA_014654065.1	98.7814	98.7814	0.3573	0.2407	0.14067	29	1.0000	0	inf	0.9256	98.2833	98.9705	0.5511	0.69	AlfI:98.37,AloI:98.88,BcgI:98.49,FalI:98.92	291	29	245	20	7.551724137931035	ok	98.7814	uniform
GCA_002716165.1	GCA_902564345.1	98.5800	98.5800	0.3546	0.2559	0.10431	43	0.9832	7	inf	0.9122	98.8004	98.4986	0.4531	0.48	AlfI:98.61,AloI:98.24,BcgI:98.69,FalI:98.62	526	43	488	23	10.511627906976743	ok	98.5800	uniform
GCA_002716645.1	GCA_009392775.1	99.3601	99.4107	0.3969	0.2755	0.06934	36	0.9691	12	0.392	0.9641	99.4978	99.3860	0.3590	2.05	AlfI:99.58,AloI:99.23,BcgI:99.22,FalI:99.57	451	36	425	58	11.444444444444445	ok	99.3601	gamma
GCA_002719715.1	GCA_002725515.1	98.5669	98.5669	0.2150	0.2904	0.11472	44	0.9388	21	inf	0.9117	98.7295	98.5073	0.9023	2.01	AlfI:98.99,AloI:98.09,BcgI:98.34,FalI:98.69	391	44	398	17	8.318181818181818	ok	98.5669	uniform
GCA_002720285.1	GCA_002730735.1	97.1984	97.6378	0.4629	0.4325	0.10970	22	1.0000	0	1.336	0.8467	96.9729	98.0466	0.5500	0.63	AlfI:97.39,AloI:97.61,BcgI:97.65,FalI:97.94	645	22	809	76	29.318181818181817	ok	97.1984	gamma
GCA_002894685.1	GCF_002894665.1	97.4680	97.7823	0.7812	0.8181	0.04361	146	0.9770	86	1.631	0.8564	97.2277	98.0958	0.4666	3.47	AlfI:98.02,AloI:97.56,BcgI:97.75,FalI:97.67	3890	146	4658	147	26.02054794520548	ok	97.4680	gamma
GCA_003021015.1	GCA_003022845.1	97.3820	97.7735	0.3581	0.4546	0.07025	154	0.9426	81	1.260	0.8543	97.2593	98.0746	0.3078	0.94	AlfI:97.86,AloI:97.97,BcgI:97.70,FalI:97.66	1959	154	1820	33	9.62987012987013	ok	97.3820	gamma
GCA_003028315.1	GCF_000813705.1	97.1151	97.7253	0.7342	0.7859	0.05124	146	0.9486	145	0.918	0.8527	96.9773	98.1666	0.6688	2.46	AlfI:97.75,AloI:98.04,BcgI:97.70,FalI:97.37	3022	146	3546	96	19.328767123287673	ok	97.1151	gamma
GCA_003028315.1	GCF_000952795.1	96.6757	97.5339	0.7727	0.8257	0.05335	115	0.9594	114	0.807	0.8388	96.5951	98.1459	0.8658	3.69	AlfI:97.55,AloI:97.78,BcgI:97.58,FalI:96.91	2974	115	3678	113	24.443478260869565	ok	96.6757	gamma
GCA_003028315.1	GCF_003044425.1	96.1560	97.0890	0.7855	0.8316	0.05912	103	0.9617	102	0.973	0.8056	96.1385	97.8383	1.2682	6.60	AlfI:97.04,AloI:97.41,BcgI:97.19,FalI:96.14	2841	103	3650	181	25.854368932038835	ok	96.1560	gamma
GCA_003028315.1	GCF_017753665.1	95.1373	96.0955	0.8231	0.8464	0.06906	87	0.9658	86	1.476	0.7274	95.2414	97.0899	1.5466	6.64	AlfI:96.09,AloI:96.58,BcgI:96.16,FalI:95.03	2702	87	3748	129	28.942528735632184	ok	95.1373	gamma
GCA_003052455.1	GCF_004519295.1	96.7595	97.2421	0.8636	0.8866	0.03947	137	0.9966	19	1.520	0.8163	96.6197	97.7004	1.1822	13.29	AlfI:97.06,AloI:97.56,BcgI:97.21,FalI:98.25	5725	137	7342	158	41.153284671532845	ok	96.7595	gamma
GCA_003070825.1	GCF_003053565.1	98.0277	98.2862	0.3000	0.2439	0.09667	79	0.9982	1	0.945	0.8937	98.0890	98.3735	0.2548	0.27	AlfI:98.15,AloI:98.37,BcgI:98.40,FalI:98.28	1088	79	721	22	8.025316455696203	ok	98.0277	gamma
GCA_003086435.1	GCF_009729015.1	97.6426	97.6426	0.4026	0.2922	0.12596	56	1.0000	0	inf	0.8518	97.8020	97.5735	1.5908	4.50	AlfI:97.45,AloI:98.08,BcgI:96.49,FalI:97.89	785	56	611	44	9.392857142857142	ok	97.6426	uniform
GCA_003139855.1	GCA_003158275.1	98.7986	98.9576	0.4845	0.4675	0.04379	139	0.9530	81	0.831	0.9364	98.5470	99.0938	0.1562	0.66	AlfI:98.85,AloI:98.92,BcgI:99.00,FalI:98.97	2076	139	1957	58	12.81294964028777	ok	98.7986	gamma
GCA_003210795.1	GCA_003211235.1	97.1797	97.3414	0.3715	0.5102	0.08818	69	0.9773	24	3.707	0.8246	97.0643	97.5231	0.7442	3.00	AlfI:97.50,AloI:96.79,BcgI:97.47,FalI:96.76	1227	69	1371	137	15.956521739130435	ok	97.1797	gamma
GCA_003211655.1	GCF_000011465.1	96.9378	96.9378	0.5897	0.3971	0.14979	38	0.9977	1	inf	0.8037	96.5937	97.2084	0.9291	1.19	AlfI:96.80,AloI:96.85,BcgI:96.17,FalI:97.10	547	38	616	30	12.605263157894736	ok	96.9378	uniform
GCA_003278095.1	GCA_902517275.1	96.1900	96.4419	0.3405	0.6143	0.16718	33	0.9551	19	3.601	0.7670	96.1515	96.7291	1.1252	1.77	AlfI:96.03,AloI:96.53,BcgI:95.56,FalI:96.69	528	33	586	55	13.242424242424242	ok	96.1900	gamma
GCA_003488145.1	GCA_007713455.1	97.8045	98.0705	0.7479	0.5945	0.03200	426	0.9982	10	1.392	0.8775	97.6571	98.2720	0.1925	0.84	AlfI:98.13,AloI:98.09,BcgI:98.05,FalI:97.94	6313	426	7185	77	14.300469483568076	ok	97.8045	gamma
GCA_003488145.1	GCF_000495915.1	97.8989	98.1166	0.7157	0.5499	0.03205	450	0.9918	47	1.565	0.8807	97.7819	98.2749	0.2844	1.42	AlfI:98.18,AloI:98.07,BcgI:98.11,FalI:97.90	6417	450	6911	53	13.646666666666667	ok	97.8989	gamma
GCA_003488145.1	GCF_000935215.1	97.8439	98.0812	0.6796	0.5180	0.03275	462	0.9894	57	1.434	0.8782	97.7818	98.2258	0.2279	1.07	AlfI:98.15,AloI:98.17,BcgI:98.05,FalI:97.94	6230	462	6743	52	12.508658008658008	ok	97.8439	gamma
GCA_003488145.1	GCF_002929225.1	97.8535	98.1408	0.7412	0.5680	0.03146	428	0.9975	14	1.224	0.8823	97.7061	98.3472	0.3842	2.30	AlfI:98.21,AloI:98.26,BcgI:98.12,FalI:97.88	6335	428	7148	80	14.22196261682243	ok	97.8535	gamma
GCA_003488145.1	GCF_003935375.1	97.7997	98.0515	0.7386	0.5894	0.03239	426	0.9979	12	1.476	0.8761	97.6633	98.2421	0.1973	0.81	AlfI:98.11,AloI:98.07,BcgI:98.03,FalI:97.91	6246	426	7081	82	14.112676056338028	ok	97.7997	gamma
GCA_003518755.1	GCA_902787685.1	98.1734	98.1734	0.1751	0.1411	0.19167	25	1.0000	0	inf	0.8864	98.0365	98.2435	1.1097	0.80	AlfI:97.44,AloI:98.55,BcgI:97.62,FalI:98.26	481	25	204	12	7.16	ok	98.1734	uniform
GCA_003520315.1	GCA_018433265.1	99.3145	99.3145	0.1227	0.1009	0.09314	42	0.9914	2	inf	0.9585	99.3601	99.3011	0.5866	2.24	AlfI:99.68,AloI:99.23,BcgI:99.09,FalI:99.28	647	42	284	14	6.5	ok	99.3145	uniform
GCA_003556805.1	GCA_007695125.1	96.9442	97.0355	0.5247	0.5008	0.05141	303	0.9796	67	6.985	0.8010	96.8426	97.1845	0.5338	1.60	AlfI:97.03,AloI:97.00,BcgI:97.01,FalI:97.54	3930	303	4471	83	11.610561056105611	ok	96.9442	gamma
GCA_003585845.1	GCF_003293675.1	96.4597	97.0534	0.9205	0.9379	0.07297	16	0.9950	9	1.392	0.8056	96.3646	97.5947	0.6163	0.73	AlfI:97.06,AloI:96.53,BcgI:97.04,FalI:97.15	1849	16	2394	508	112.375	ok	96.4597	gamma
GCA_003609755.1	GCF_900009275.2	94.6117	97.7462	0.8517	0.8610	0.06549	35	0.9820	32	0.274	0.8558	96.0159	98.8226	0.6082	6.33	AlfI:97.40,AloI:97.94,BcgI:98.01,FalI:97.40	2032	35	2503	273	50.97142857142857	ok	94.6117	gamma
GCA_003663525.1	GCA_003663535.1	98.3478	98.3478	0.1759	0.1703	0.11446	76	0.9739	10	inf	0.8979	98.9039	98.1237	0.7239	1.86	AlfI:98.90,AloI:98.55,BcgI:98.54,FalI:98.18	966	76	478	13	5.907894736842105	ok	98.3478	uniform
GCA_003670825.1	GCA_903958265.1	97.5495	97.5495	0.4783	0.2735	0.06247	245	0.9575	78	inf	0.8399	97.6043	97.5141	0.3280	0.70	AlfI:97.48,AloI:97.33,BcgI:97.60,FalI:97.28	2447	245	2358	29	8.17142857142857	ok	97.5495	uniform
GCA_003722315.1	GCA_014896455.1	94.6980	96.8839	0.6115	0.6902	0.10131	35	0.9680	34	0.554	0.7993	95.3000	98.2031	1.1663	2.97	AlfI:96.26,AloI:97.43,BcgI:96.64,FalI:97.03	1219	35	1556	195	30.34285714285714	ok	94.6980	gamma
GCA_003722315.1	GCF_000019085.1	90.8701	96.2952	0.6769	0.7672	0.10926	31	0.9719	30	0.365	0.7564	94.2683	98.3779	0.6717	1.11	AlfI:95.86,AloI:96.50,BcgI:96.53,FalI:96.33	1388	31	1725	180	34.483870967741936	ok	90.8701	gamma
GCA_003722315.1	GCF_000147695.2	95.3330	98.0440	0.8048	0.8271	0.06738	33	0.9802	32	0.237	0.8789	96.4050	98.9363	0.4550	2.03	AlfI:97.87,AloI:97.71,BcgI:97.80,FalI:98.17	1820	33	2032	234	49	ok	95.3330	gamma
GCA_004570955.1	GCF_003387165.1	96.6183	97.2677	0.8692	0.8729	0.06824	31	0.9906	18	1.189	0.8216	96.4628	97.8403	0.3772	0.67	AlfI:97.43,AloI:97.05,BcgI:97.27,FalI:97.19	1961	31	2551	333	62.38709677419355	ok	96.6183	gamma
GCA_005788075.1	GCA_903928615.1	97.5906	97.7587	0.4292	0.3598	0.07232	194	0.9630	46	2.374	0.8552	97.6292	97.8313	0.6358	1.63	AlfI:97.80,AloI:97.75,BcgI:97.69,FalI:98.32	1890	194	1621	25	7.164948453608248	ok	97.5906	gamma
GCA_007713455.1	GCF_000495915.1	97.6622	98.1371	0.8186	0.8045	0.02775	125	0.9884	95	0.831	0.8821	97.4677	98.4629	0.0674	0.09	AlfI:98.14,AloI:98.19,BcgI:98.13,FalI:98.13	8324	125	9435	376	65.64	ok	97.6622	gamma
GCA_007713455.1	GCF_000935215.1	97.5855	98.0537	0.8034	0.7830	0.02823	237	0.9738	207	0.866	0.8763	97.4446	98.3611	0.3098	5.57	AlfI:98.15,AloI:98.27,BcgI:97.96,FalI:98.23	8124	237	9535	173	33.48101265822785	ok	97.5855	gamma
GCA_007713455.1	GCF_003935375.1	97.4130	97.9491	0.8331	0.8451	0.02913	66	0.9949	40	0.866	0.8690	97.2516	98.3203	0.1411	1.61	AlfI:98.04,AloI:97.98,BcgI:97.90,FalI:97.96	7943	66	9601	422	119.04545454545455	ok	97.4130	gamma
GCA_007713455.1	GCF_013409135.1	97.5285	98.0344	0.8422	0.8846	0.02821	55	0.9964	29	0.855	0.8749	97.3476	98.3854	0.1102	1.15	AlfI:98.10,AloI:98.00,BcgI:97.99,FalI:98.09	8111	55	9734	855	146.01818181818183	ok	97.5285	gamma
GCA_007845355.1	GCA_905370345.1	95.9609	96.2589	0.5597	0.5201	0.19236	27	0.9668	10	3.601	0.7454	95.8752	96.6778	0.3736	0.11	AlfI:96.42,AloI:96.04,BcgI:96.17,FalI:96.35	405	27	446	36	11.777777777777779	ok	95.9609	gamma
GCA_009392075.1	GCA_009392095.1	97.3307	97.3307	0.3533	0.3233	0.08256	190	0.9855	16	inf	0.8242	97.6159	97.1479	0.6532	2.05	AlfI:97.43,AloI:97.72,BcgI:97.25,FalI:97.06	1967	190	1515	19	6.742105263157895	ok	97.3307	uniform
GCA_009705165.1	GCA_903852955.1	97.0334	97.1813	0.4408	0.3105	0.11865	92	0.9810	11	3.817	0.8152	97.1194	97.2344	0.1428	0.06	AlfI:97.13,AloI:97.09,BcgI:97.23,FalI:97.17	916	92	813	19	7.163043478260869	ok	97.0334	gamma
GCA_011009555.1	GCF_000316115.1	96.5765	96.9982	0.6524	0.6316	0.04540	235	0.9507	231	1.968	0.8007	96.4195	97.4489	0.7381	4.21	AlfI:97.00,AloI:96.38,BcgI:97.12,FalI:96.87	5203	235	6203	123	19.95744680851064	ok	96.5765	gamma
GCA_011053655.1	GCA_011372935.1	99.7152	99.7887	0.1709	0.1576	0.04141	62	0.9858	5	0.082	0.9871	99.6455	99.8262	0.2299	3.06	AlfI:99.95,AloI:99.73,BcgI:99.72,FalI:99.84	644	62	416	17	6.596774193548387	ok	99.7152	gamma
GCA_011754095.1	GCF_000821185.2	96.4769	96.4769	0.6491	0.3234	0.08734	112	0.9887	15	inf	0.7580	96.5596	96.4023	0.5083	0.53	AlfI:96.48,AloI:96.82,BcgI:96.45,FalI:96.32	1686	112	1869	59	12.741071428571429	ok	96.4769	uniform
GCA_012103075.1	GCF_000017405.1	96.1849	96.9005	0.7015	0.8308	0.03710	41	0.9947	38	1.297	0.7919	96.1377	97.5444	0.3333	1.58	AlfI:96.98,AloI:97.10,BcgI:96.87,FalI:96.77	7330	41	9777	1615	176.14634146341464	ok	96.1849	gamma
GCA_013205255.1	GCF_015840335.1	97.2509	97.3631	0.4203	0.3144	0.06996	184	0.9987	2	4.741	0.8264	97.2144	97.4592	1.0196	1.86	AlfI:97.38,AloI:96.40,BcgI:97.42,FalI:97.39	2223	184	2094	36	9.266304347826088	ok	97.2509	gamma
GCA_013333795.2	GCA_013333845.2	96.7378	96.9681	0.4462	0.4489	0.14062	56	0.9885	5	3.601	0.7981	96.4753	97.3570	1.8418	0.90	AlfI:97.03,AloI:95.22,BcgI:97.07,FalI:96.71	632	56	641	51	8.696428571428571	ok	96.7378	gamma
GCA_014204745.1	GCF_000717055.1	96.2682	96.8045	0.8081	0.7845	0.03260	102	0.9895	100	1.781	0.7830	96.1335	97.3965	0.9688	17.26	AlfI:96.76,AloI:96.59,BcgI:96.78,FalI:97.55	9779	102	13009	482	93.15686274509804	ok	96.2682	gamma
GCA_014204745.1	GCF_001611795.1	96.1542	96.7673	0.8310	0.8275	0.03262	58	0.9941	56	1.631	0.7802	96.0273	97.4351	0.6671	8.57	AlfI:96.65,AloI:96.70,BcgI:96.76,FalI:97.32	9843	58	13285	1387	164.72413793103448	ok	96.1542	gamma
GCA_014649355.1	GCA_014649575.1	96.2566	96.8577	0.8173	0.8478	0.03541	100	0.9922	62	1.565	0.7871	96.1509	97.4678	0.8011	8.85	AlfI:96.76,AloI:96.58,BcgI:96.89,FalI:97.38	8164	100	10862	793	79.37	ok	96.2566	gamma
GCA_014649555.1	GCF_003501885.1	96.7241	97.2393	0.6840	0.7533	0.03452	346	0.9572	319	1.434	0.8162	96.5990	97.7104	0.9145	18.25	AlfI:97.09,AloI:97.07,BcgI:97.23,FalI:97.98	7954	346	9772	136	21.63872832369942	ok	96.7241	gamma
GCA_014649555.1	GCF_014649875.1	97.0240	97.5440	0.8071	0.9135	0.03059	71	0.9949	44	1.224	0.8388	96.8283	98.0063	0.7652	15.39	AlfI:97.46,AloI:97.40,BcgI:97.52,FalI:98.17	8820	71	10932	586	120.83098591549296	ok	97.0240	gamma
GCA_014652975.1	GCF_000786655.1	96.2583	97.0589	0.8870	0.8395	0.05524	40	0.9910	28	1.075	0.8018	96.2574	97.7125	0.9124	7.40	AlfI:97.11,AloI:97.30,BcgI:96.85,FalI:97.76	3190	40	4224	331	78	ok	96.2583	gamma
GCA_014801235.1	GCA_014801525.1	99.2203	99.3826	0.3529	0.4011	0.04896	21	0.9964	3	0.303	0.9627	99.0600	99.4739	0.4509	3.00	AlfI:99.40,AloI:99.77,BcgI:99.36,FalI:99.32	885	21	893	110	40.04761904761905	ok	99.2203	gamma
GCA_014801595.1	GCA_014802625.1	98.1467	98.9797	0.4420	0.4671	0.05746	27	0.9980	2	0.214	0.9374	98.0504	99.3040	0.1873	0.37	AlfI:99.02,AloI:99.12,BcgI:98.94,FalI:99.01	1035	27	1161	80	37.592592592592595	ok	98.1467	gamma
GCA_014896455.1	GCF_000147695.2	96.4819	97.2846	0.6719	0.5904	0.09823	37	0.9855	14	0.973	0.8276	96.3269	97.9382	0.3260	0.22	AlfI:97.31,AloI:97.43,BcgI:97.10,FalI:97.31	1128	37	1308	196	26.675675675675677	ok	96.4819	gamma
GCA_015062045.1	GCA_017399165.1	96.4160	97.0264	0.6610	0.5718	0.06802	153	0.9743	50	1.392	0.8019	96.3291	97.5739	0.4354	1.52	AlfI:97.11,AloI:96.86,BcgI:97.08,FalI:96.67	2462	153	2749	45	13.411764705882353	ok	96.4160	gamma
GCA_015066745.1	GCA_017848115.1	96.9192	98.4627	0.4796	0.5022	0.05859	105	0.9820	27	0.251	0.9053	97.1631	99.0506	0.3153	0.87	AlfI:98.44,AloI:98.74,BcgI:98.45,FalI:98.43	1918	105	1942	45	15.047619047619047	ok	96.9192	gamma
GCA_015068085.1	GCA_017408185.1	97.5703	97.9852	0.2886	0.2446	0.06832	173	0.9342	91	1.044	0.8727	97.3718	98.3023	0.1948	0.43	AlfI:98.12,AloI:98.00,BcgI:97.92,FalI:97.96	2189	173	1752	27	8.468208092485549	ok	97.5703	gamma
GCA_016280695.1	GCA_017420585.1	97.1486	97.1486	0.5150	0.4594	0.07868	197	0.9834	22	inf	0.8104	97.2347	97.0940	0.3326	0.67	AlfI:97.07,AloI:97.40,BcgI:97.11,FalI:97.21	1912	197	1824	24	7.629441624365482	ok	97.1486	uniform
GCA_016290415.1	GCA_017428035.1	96.5446	96.9315	0.5678	0.5743	0.07351	155	0.9772	39	2.148	0.7953	96.4208	97.3387	0.3741	1.36	AlfI:97.12,AloI:96.75,BcgI:96.81,FalI:96.89	2167	155	2422	79	11.806451612903226	ok	96.5446	gamma
GCA_016744155.1	GCA_018067325.1	96.7467	97.0080	0.3810	0.4737	0.07524	213	0.8974	171	2.781	0.8017	96.6981	97.2471	0.4135	1.81	AlfI:96.86,AloI:96.78,BcgI:97.19,FalI:96.85	2328	213	2199	25	8.023474178403756	ok	96.7467	gamma
GCA_016777545.1	GCA_016778675.1	99.2692	99.2692	0.2702	0.1978	0.13537	22	0.9917	1	inf	0.9557	99.6536	99.1546	0.6560	1.55	AlfI:99.06,AloI:99.72,BcgI:99.65,FalI:99.17	204	22	143	11	6.409090909090909	ok	99.2692	uniform
GCA_016777745.1	GCA_905182145.1	98.6535	98.9322	0.2363	0.3609	0.12663	29	0.9905	2	0.416	0.9352	98.6085	99.0476	1.1095	1.33	AlfI:99.37,AloI:98.26,BcgI:98.67,FalI:98.97	275	29	259	18	8.172413793103448	ok	98.6535	gamma
GCA_016783995.1	GCA_018894445.1	97.5909	97.5909	0.0647	0.0633	0.35938	9	1.0000	0	inf	0.8477	96.9497	97.9783	3.9980	1.05	AlfI:97.81,AloI:93.99,BcgI:97.05,FalI:97.99	219	9	81	11	7.222222222222222	INCONSISTENT	97.5909	uniform
GCA_016882185.1	GCF_002688585.1	97.5684	97.5684	0.2927	0.2353	0.19703	30	1.0000	0	inf	0.8454	97.5613	97.5774	0.8676	0.60	AlfI:97.80,AloI:97.95,BcgI:97.08,FalI:97.61	333	30	258	14	7.233333333333333	ok	97.5684	uniform
GCA_017392345.1	GCA_900313105.1	95.7941	96.8654	0.5733	0.4193	0.15655	38	0.9787	8	0.945	0.7886	95.8853	97.7342	1.1708	2.03	AlfI:96.39,AloI:97.56,BcgI:96.80,FalI:97.46	558	38	574	27	10.657894736842104	ok	95.7941	gamma
GCA_017392345.1	GCA_902787305.1	95.7641	96.6439	0.5624	0.4133	0.16281	39	0.9728	10	1.260	0.7716	95.7566	97.4877	0.9745	0.91	AlfI:96.20,AloI:97.18,BcgI:96.73,FalI:96.60	530	39	568	38	10.153846153846153	ok	95.7641	gamma
GCA_017399555.1	GCA_017622255.1	97.8237	97.9672	0.2307	0.3089	0.08535	130	0.8931	99	1.968	0.8703	98.0558	97.9293	0.3676	1.29	AlfI:98.14,AloI:97.85,BcgI:97.78,FalI:98.12	1463	130	1068	29	7.361538461538461	ok	97.8237	gamma
GCA_017429885.1	GCA_900320365.1	97.7304	97.7304	0.2624	0.2165	0.09848	123	0.9911	6	inf	0.8541	97.8047	97.6942	0.3271	0.38	AlfI:97.88,AloI:97.56,BcgI:97.81,FalI:97.67	1479	123	924	18	6.4471544715447155	ok	97.7304	uniform
GCA_017531065.1	GCA_902800255.1	97.4564	97.5831	0.3466	0.3453	0.11131	89	0.9780	13	3.258	0.8460	97.5768	97.5905	0.9635	2.40	AlfI:97.30,AloI:98.27,BcgI:97.71,FalI:97.37	962	89	790	15	7.49438202247191	ok	97.4564	gamma
GCA_017646885.1	GCA_017652345.1	99.8213	99.8427	0.1204	0.0692	0.04059	35	0.9838	5	0.070	0.9904	99.8555	99.8391	0.3204	0.36	AlfI:99.68,AloI:99.80,BcgI:100.00,FalI:99.85	739	35	341	51	9.657142857142857	ok	99.8213	gamma
GCA_017996075.1	GCF_014352935.1	96.6939	96.6939	0.1938	0.1181	0.22786	36	0.9947	1	inf	0.7873	96.7245	96.6858	2.6108	1.37	AlfI:97.31,AloI:97.33,BcgI:94.72,FalI:96.65	516	36	285	15	6.25	ok	96.6939	uniform
GCA_018224395.1	GCF_004171285.1	96.1691	97.6166	0.4534	0.5449	0.12428	43	0.9203	42	0.502	0.8489	96.3338	98.4121	0.5609	0.52	AlfI:97.76,AloI:97.95,BcgI:97.39,FalI:97.58	723	43	709	66	12.279069767441861	ok	96.1691	gamma
GCA_018363915.1	GCF_000163295.1	96.7702	97.3429	0.7253	0.7710	0.09933	33	0.9925	7	1.154	0.8322	96.6804	97.7813	0.3678	0.31	AlfI:97.12,AloI:97.49,BcgI:97.16,FalI:97.37	1058	33	1229	150	29.21212121212121	ok	96.7702	gamma
GCA_018363915.1	GCF_000311745.1	96.8152	97.4431	0.7774	0.7714	0.09439	36	0.9910	9	1.044	0.8390	96.6561	97.9476	0.7784	1.45	AlfI:96.99,AloI:97.76,BcgI:97.07,FalI:97.51	1117	36	1316	143	28.666666666666668	ok	96.8152	gamma
GCA_018366675.1	GCF_001813295.1	96.3122	96.7406	0.6771	0.6223	0.08774	106	0.9970	4	2.086	0.7863	96.2143	97.1862	0.3528	0.96	AlfI:96.70,AloI:96.85,BcgI:96.50,FalI:96.86	1624	106	1919	87	13.518867924528301	ok	96.3122	gamma
GCA_018366675.1	GCF_016648925.1	96.4827	96.8774	0.6464	0.6345	0.08639	111	0.9909	12	1.968	0.7962	96.5053	97.1767	0.3814	0.55	AlfI:96.77,AloI:96.56,BcgI:96.94,FalI:96.93	1630	111	1852	49	12.81981981981982	ok	96.4827	gamma
GCA_018372555.1	GCF_004794105.1	96.8722	97.2578	0.3790	0.3925	0.09567	114	1.0000	0	1.680	0.8271	96.7861	97.5768	0.9577	0.80	AlfI:97.38,AloI:97.41,BcgI:96.45,FalI:97.26	1729	114	1363	50	9.5	ok	96.8722	gamma
GCA_018375265.1	GCF_003048375.1	96.6249	96.6249	0.3595	0.3488	0.10500	137	0.9989	1	inf	0.7780	96.7312	96.5481	2.8686	4.80	AlfI:96.63,AloI:99.26,BcgI:96.39,FalI:96.73	1620	137	1289	17	7.343065693430657	ok	96.6249	uniform
GCA_018375265.1	GCF_003048615.2	96.7841	96.7841	0.3064	0.3075	0.10742	130	0.9962	3	inf	0.7895	97.0734	96.5729	2.1699	2.22	AlfI:96.60,AloI:98.77,BcgI:96.70,FalI:96.91	1548	130	1141	21	7.1	ok	96.7841	uniform
GCA_018448495.1	GCA_904846265.1	96.3219	97.4006	0.8507	0.8564	0.05510	39	0.9865	38	0.718	0.8314	96.3445	98.1273	1.0430	1.94	AlfI:97.33,AloI:96.47,BcgI:97.51,FalI:97.32	2887	39	3750	345	72.17948717948718	ok	96.3219	gamma
GCA_018448495.1	GCF_000586475.1	95.8948	97.0722	0.8572	0.8689	0.05912	39	0.9860	38	0.807	0.8070	95.9862	97.9265	1.8088	3.82	AlfI:97.13,AloI:95.37,BcgI:97.18,FalI:96.87	2793	39	3759	275	69.53846153846153	ok	95.8948	gamma
GCA_018448495.1	GCF_001435295.1	96.0343	97.0404	0.8789	0.8762	0.05870	23	0.9924	21	0.945	0.8046	96.0114	97.8588	1.6142	2.65	AlfI:97.17,AloI:95.56,BcgI:97.05,FalI:96.93	2819	23	3838	349	120.82608695652173	ok	96.0343	gamma
GCA_018448495.1	GCF_904846615.1	95.8283	96.9349	0.8787	0.9274	0.06005	21	0.9930	19	0.918	0.7967	95.8786	97.8056	1.8303	5.27	AlfI:97.11,AloI:95.28,BcgI:97.02,FalI:96.61	2772	21	3830	441	129	ok	95.8283	gamma
GCA_018656255.1	GCA_905182755.1	97.1558	97.1558	0.2386	0.2248	0.16309	56	1.0000	0	inf	0.8179	97.0773	97.2094	1.1993	2.87	AlfI:97.89,AloI:96.69,BcgI:96.89,FalI:96.91	710	56	453	14	6.571428571428571	ok	97.1558	uniform
GCA_018691945.1	GCA_902512865.1	98.8636	98.8636	0.1240	0.2100	0.18158	18	1.0000	0	inf	0.9300	99.0063	98.8182	2.0912	1.22	AlfI:97.17,AloI:98.82,BcgI:99.26,FalI:98.98	205	18	131	14	6.833333333333333	ok	98.8636	uniform
GCA_019117185.1	GCA_902834055.1	99.5373	99.6224	0.2321	0.4375	0.04792	22	0.9944	3	0.208	0.9772	99.4234	99.6769	0.1217	0.16	AlfI:99.55,AloI:99.68,BcgI:99.64,FalI:99.63	590	22	575	79	25.227272727272727	ok	99.5373	gamma
GCA_900105215.1	GCF_900105615.1	96.8487	97.4361	0.8522	0.9456	0.04786	28	0.9932	26	1.154	0.8347	96.6703	97.9349	0.0623	0.09	AlfI:97.48,AloI:97.44,BcgI:97.42,FalI:97.42	3961	28	4928	397	137.14285714285714	ok	96.8487	gamma
GCA_900109485.1	GCF_000280495.2	96.1370	96.4364	0.8946	0.8443	0.04307	56	0.9959	24	3.355	0.7547	96.0422	96.8395	0.8262	7.59	AlfI:96.28,AloI:97.11,BcgI:96.44,FalI:96.62	5985	56	8163	581	105.01785714285714	ok	96.1370	gamma
GCA_900109485.1	GCF_001658025.2	96.1941	96.4504	0.8957	0.9376	0.04286	67	0.9942	35	3.817	0.7559	96.0960	96.8111	0.5505	3.36	AlfI:96.44,AloI:96.93,BcgI:96.38,FalI:96.60	6282	67	8168	419	90.14925373134328	ok	96.1941	gamma
GCA_900316555.1	GCF_016680995.1	98.5873	99.2783	0.2526	0.1316	0.05313	64	0.9804	16	0.121	0.9562	98.6280	99.4762	0.5400	2.92	AlfI:99.19,AloI:99.63,BcgI:99.33,FalI:99.09	1039	64	921	54	13.515625	ok	98.5873	gamma
GCA_900317105.1	GCF_011065405.1	96.6860	97.5678	0.5985	0.5234	0.07506	83	0.9958	6	0.739	0.8446	96.6211	98.1669	0.3943	1.49	AlfI:97.46,AloI:97.72,BcgI:97.32,FalI:97.70	1865	83	1932	72	18.10843373493976	ok	96.6860	gamma
GCA_900321255.1	GCA_902775595.1	97.5334	98.1979	0.5338	0.4696	0.04453	201	0.9712	84	0.588	0.8861	97.3943	98.5881	0.1688	0.39	AlfI:98.10,AloI:98.26,BcgI:98.18,FalI:98.27	3311	201	3659	62	15.069651741293532	ok	97.5334	gamma
GCA_900450595.1	GCF_001277805.1	96.1247	97.9883	0.5710	0.7856	0.04710	113	0.9638	109	0.335	0.8722	96.5764	98.7643	0.8582	11.68	AlfI:98.17,AloI:97.63,BcgI:98.14,FalI:97.31	3347	113	3940	195	26.68141592920354	ok	96.1247	gamma
GCA_900450595.1	GCF_002809955.1	96.8671	98.5384	0.6743	0.7921	0.03618	102	0.9735	98	0.227	0.9094	97.2157	99.1096	0.5441	8.16	AlfI:98.62,AloI:98.37,BcgI:98.64,FalI:98.10	4171	102	4560	163	36.36274509803921	ok	96.8671	gamma
GCA_900458895.2	GCF_002901995.1	95.5207	95.9016	0.8017	0.8044	0.10461	47	0.9614	46	3.258	0.7214	95.4614	96.4557	1.5991	7.37	AlfI:95.31,AloI:96.91,BcgI:95.52,FalI:96.27	1269	47	1737	93	25.404255319148938	ok	95.5207	gamma
GCA_900478025.1	GCF_002000985.1	96.7298	97.4714	0.8239	0.8451	0.07433	20	0.9880	19	0.918	0.8395	96.5901	98.0401	0.3416	0.76	AlfI:97.63,AloI:97.62,BcgI:97.29,FalI:97.48	1648	20	2062	294	79.2	ok	96.7298	gamma
GCA_900541125.1	GCA_900544645.1	95.6040	96.5517	0.7503	0.8537	0.06234	109	0.9739	71	1.189	0.7645	95.7063	97.3933	0.8647	6.12	AlfI:96.74,AloI:97.22,BcgI:96.36,FalI:96.91	2866	109	3956	104	25.3302752293578	ok	95.6040	gamma
GCA_900543945.1	GCA_902364645.1	95.5171	96.9310	0.8115	0.7261	0.05866	152	0.9963	10	0.718	0.7941	95.8361	97.8789	0.9867	7.90	AlfI:96.97,AloI:97.76,BcgI:96.77,FalI:97.36	2931	152	4012	82	18.664473684210527	ok	95.5171	gamma
GCA_900543945.1	GCF_003465825.1	95.8087	97.0171	0.7955	0.7347	0.05808	163	0.9944	15	0.783	0.8008	95.9896	97.8707	0.7641	5.47	AlfI:97.05,AloI:97.65,BcgI:96.88,FalI:97.42	2919	163	3925	63	17.32515337423313	ok	95.8087	gamma
GCA_900544385.1	GCA_900547855.1	96.6067	97.2290	0.5744	0.6061	0.06318	183	0.9689	66	1.224	0.8170	96.5016	97.7700	0.5081	2.20	AlfI:97.09,AloI:97.46,BcgI:97.19,FalI:97.60	2536	183	2933	68	12.218579234972678	ok	96.6067	gamma
GCA_900546775.1	GCA_900764955.1	96.7672	97.5384	0.2180	0.5161	0.10110	41	0.9841	12	0.866	0.8399	96.6518	98.1209	1.3205	3.82	AlfI:96.98,AloI:98.30,BcgI:97.56,FalI:98.02	836	41	1015	109	19.146341463414632	ok	96.7672	gamma
GCA_900556425.1	GCA_900756605.1	97.7812	97.9551	0.4480	0.3238	0.06018	218	0.9763	39	2.086	0.8697	97.7338	98.0689	0.3309	1.22	AlfI:97.99,AloI:98.22,BcgI:97.89,FalI:98.20	2319	218	2137	26	8.385321100917432	ok	97.7812	gamma
GCA_900557255.1	GCF_015074785.1	97.6383	97.9426	0.3802	0.3135	0.06367	131	0.9937	10	1.392	0.8699	97.4492	98.1944	0.4769	0.94	AlfI:98.06,AloI:97.59,BcgI:97.96,FalI:97.89	2004	131	2039	53	13.045801526717558	ok	97.6383	gamma
GCA_900557355.1	GCF_000172175.1	98.6344	98.8492	0.2435	0.2916	0.04027	274	0.9967	7	0.571	0.9291	98.6500	98.9187	0.3291	3.51	AlfI:98.91,AloI:98.91,BcgI:98.96,FalI:98.64	3048	274	2608	32	8.795620437956204	ok	98.6344	gamma
GCA_900751995.1	GCF_001487165.1	98.7618	98.8953	0.5767	0.3132	0.05592	34	1.0000	0	1.014	0.9318	98.5529	99.0163	0.2601	1.04	AlfI:98.88,AloI:99.11,BcgI:98.85,FalI:98.85	1270	34	1319	123	35.205882352941174	ok	98.7618	gamma
GCA_900757205.1	GCA_900764955.1	96.6198	97.3690	0.1852	0.4685	0.10838	46	0.9827	12	0.973	0.8275	96.5331	97.9583	0.7941	1.23	AlfI:96.99,AloI:97.78,BcgI:97.41,FalI:97.63	783	46	950	75	15.782608695652174	ok	96.6198	gamma
GCA_900757715.1	GCF_000024945.1	96.4351	97.0396	0.4888	0.5944	0.09921	92	0.9989	1	1.297	0.8071	96.4162	97.5206	0.4548	0.77	AlfI:96.86,AloI:96.75,BcgI:96.96,FalI:97.20	1247	92	1329	34	10.978260869565217	ok	96.4351	gamma
GCA_900759445.1	GCF_000735435.1	99.5488	99.5676	0.5309	0.3314	0.02274	57	0.9962	10	0.973	0.9738	99.4406	99.6008	0.0609	0.53	AlfI:99.53,AloI:99.54,BcgI:99.59,FalI:99.55	2771	57	2773	244	46.94736842105263	ok	99.5488	gamma
GCA_900760795.1	GCF_000012825.1	99.4221	99.5550	0.4126	0.3408	0.03062	61	0.9955	7	0.208	0.9728	99.2738	99.6341	0.1559	1.00	AlfI:99.57,AloI:99.63,BcgI:99.59,FalI:99.48	1781	61	1667	107	26.19672131147541	ok	99.4221	gamma
GCA_900760795.1	GCF_000382445.1	99.7011	99.7011	0.3948	0.3600	0.02251	62	0.9969	6	inf	0.9818	99.6478	99.7153	0.0390	0.16	AlfI:99.68,AloI:99.71,BcgI:99.72,FalI:99.70	2172	62	2010	150	31.693548387096776	ok	99.7011	uniform
GCA_900764695.1	GCA_902363805.1	98.6503	98.9642	0.4345	0.3668	0.06845	41	0.9973	2	0.392	0.9367	98.5176	99.1222	0.4377	1.79	AlfI:98.86,AloI:99.08,BcgI:98.65,FalI:99.08	853	41	853	68	18.878048780487806	ok	98.6503	gamma
GCA_900764695.1	GCF_000153885.1	98.7668	99.0013	0.3064	0.2486	0.07706	33	0.9947	3	0.538	0.9392	98.4964	99.1802	0.7239	2.54	AlfI:98.93,AloI:98.73,BcgI:98.43,FalI:99.16	686	33	660	87	18.151515151515152	ok	98.7668	gamma
GCA_900764955.1	GCA_902363875.1	96.5969	97.4557	0.5646	0.2068	0.09765	42	0.9940	5	0.807	0.8340	96.5815	98.0497	1.2733	3.08	AlfI:96.88,AloI:98.15,BcgI:97.54,FalI:97.66	926	42	1129	142	20.61904761904762	ok	96.5969	gamma
GCA_902510755.1	GCA_902512585.1	99.5003	99.5003	0.3246	0.3597	0.06731	30	0.9858	5	inf	0.9699	99.3637	99.5391	1.0649	2.07	AlfI:99.72,AloI:98.66,BcgI:99.48,FalI:99.52	465	30	391	40	12.533333333333333	ok	99.5003	uniform
GCA_902530595.1	GCA_902581005.1	98.9802	99.2769	0.3718	0.3381	0.07229	31	0.9845	7	0.221	0.9563	98.8786	99.4006	0.3353	0.70	AlfI:99.08,AloI:99.20,BcgI:99.41,FalI:99.28	551	31	513	54	15.387096774193548	ok	98.9802	gamma
GCA_902549785.1	GCA_902562645.1	96.8650	97.3503	0.4774	0.3074	0.22103	21	0.9659	6	1.336	0.8314	96.7529	97.7352	0.7941	0.33	AlfI:97.25,AloI:96.67,BcgI:97.45,FalI:97.46	244	21	242	22	9.095238095238095	ok	96.8650	gamma
GCA_902570525.1	GCA_902595115.1	96.3326	97.0380	0.4719	0.3780	0.24289	15	0.9877	2	1.189	0.8104	96.2727	97.6087	1.8898	2.85	AlfI:98.58,AloI:97.44,BcgI:96.69,FalI:96.85	209	15	233	42	11.733333333333333	ok	96.3326	gamma
GCA_902612325.1	GCA_902616725.1	96.0161	96.8909	0.7198	0.7654	0.16089	17	0.9804	8	1.044	0.7987	96.0434	97.5740	0.5401	0.50	AlfI:96.49,AloI:96.95,BcgI:96.65,FalI:97.03	435	17	566	112	24.529411764705884	ok	96.0161	gamma
GCA_903871865.1	GCA_903894125.1	97.6541	97.8222	0.3856	0.3224	0.04863	400	0.9797	53	2.374	0.8602	97.6247	97.9293	0.5134	1.92	AlfI:97.85,AloI:98.26,BcgI:97.75,FalI:97.88	4223	400	3498	28	7.3925	ok	97.6541	gamma
GCA_904846265.1	GCF_000586475.1	96.6352	97.4046	0.8476	0.8618	0.05500	55	0.9910	25	0.945	0.8318	96.5362	97.9865	1.0657	8.23	AlfI:97.36,AloI:96.60,BcgI:97.66,FalI:96.99	2887	55	3673	160	51.14545454545455	ok	96.6352	gamma
GCA_904846265.1	GCF_001435295.1	96.4590	97.2477	0.8670	0.8636	0.05642	37	0.9975	7	1.014	0.8202	96.3673	97.8773	1.3769	3.77	AlfI:97.33,AloI:95.97,BcgI:97.35,FalI:97.00	2849	37	3744	338	76.16216216216216	ok	96.4590	gamma
GCA_904846265.1	GCF_904846185.1	96.4182	97.1926	0.8274	0.8250	0.05768	58	0.9900	27	1.044	0.8161	96.3629	97.7977	1.5150	6.72	AlfI:97.27,AloI:95.86,BcgI:97.38,FalI:96.79	2849	58	3645	206	47.258620689655174	ok	96.4182	gamma
GCA_905612275.1	GCA_905616385.1	99.5271	99.5271	0.2884	0.2746	0.10578	19	0.9778	3	inf	0.9708	98.9947	99.6948	0.6683	0.85	AlfI:99.00,AloI:99.66,BcgI:99.37,FalI:99.63	197	19	161	21	7.947368421052632	ok	99.5271	uniform
GCA_910589675.1	GCF_000159355.1	97.5137	97.8835	0.4817	0.4674	0.10311	35	0.9955	3	1.224	0.8680	97.2911	98.2062	0.7940	2.39	AlfI:97.78,AloI:97.90,BcgI:97.28,FalI:98.08	754	35	852	77	20.085714285714285	ok	97.5137	gamma
GCF_000007825.1	GCF_000021305.1	95.8023	96.8799	0.9199	0.8924	0.05681	19	0.9945	18	0.918	0.7966	95.8644	97.7200	0.4399	3.81	AlfI:96.87,AloI:96.65,BcgI:96.61,FalI:97.05	4021	19	4590	770	171.26315789473685	ok	95.8023	gamma
GCF_000007825.1	GCF_001595725.1	96.3231	97.3855	0.9170	0.7664	0.05102	22	0.9939	21	0.709	0.8327	96.3533	98.0804	0.4161	1.51	AlfI:97.32,AloI:97.04,BcgI:97.46,FalI:97.43	4146	22	4609	738	156.63636363636363	ok	96.3231	gamma
GCF_000007825.1	GCF_002119445.1	96.6525	97.5181	0.9105	0.8265	0.04955	21	0.9942	20	0.783	0.8420	96.5613	98.1293	0.3044	0.91	AlfI:97.40,AloI:97.70,BcgI:97.46,FalI:97.55	4140	21	4559	729	165.52380952380952	ok	96.6525	gamma
GCF_000007825.1	GCF_002200015.1	97.1789	97.9329	0.8145	0.8045	0.04594	72	0.9793	71	0.650	0.8703	97.0640	98.4009	0.3083	0.89	AlfI:98.00,AloI:97.69,BcgI:97.95,FalI:97.95	4135	72	4243	212	47.666666666666664	ok	97.1789	gamma
GCF_000007825.1	GCF_006384875.1	96.9236	97.8832	0.9140	0.8406	0.04515	17	0.9955	16	0.571	0.8670	96.8374	98.4614	0.3079	1.96	AlfI:98.00,AloI:97.69,BcgI:97.75,FalI:97.95	4142	17	4596	868	210.35294117647058	ok	96.9236	gamma
GCF_000008305.1	GCF_000701525.1	96.2366	96.8864	0.8537	0.8544	0.20396	9	0.9697	8	1.336	0.7997	96.2014	97.4327	2.2422	2.32	AlfI:95.47,AloI:96.08,BcgI:97.71,FalI:97.07	279	9	353	87	29.444444444444443	ok	96.2366	gamma
GCF_000008685.2	GCF_000181875.2	97.5235	97.6876	0.7162	0.8565	0.10022	19	0.9873	11	2.863	0.8562	97.3243	97.9029	1.4385	3.04	AlfI:97.49,AloI:98.00,BcgI:96.56,FalI:97.81	1065	19	998	490	46.10526315789474	ok	97.5235	gamma
GCF_000021305.1	GCF_001595725.1	95.5862	96.7519	0.8733	0.7699	0.05795	19	0.9944	18	0.918	0.7874	95.7103	97.6421	0.4757	1.77	AlfI:96.61,AloI:96.45,BcgI:96.92,FalI:96.76	4167	19	4631	1195	170	ok	95.5862	gamma
GCF_000021305.1	GCF_002119445.1	96.2279	97.3178	0.8694	0.8236	0.05204	23	0.9936	22	0.739	0.8280	96.2345	98.0701	0.2676	0.95	AlfI:97.15,AloI:97.20,BcgI:97.42,FalI:97.34	4338	23	4599	1266	148.52173913043478	ok	96.2279	gamma
GCF_000021305.1	GCF_002200015.1	95.8879	96.9197	0.7591	0.7879	0.05871	66	0.9786	65	0.945	0.7995	95.9180	97.7235	0.3117	1.03	AlfI:97.14,AloI:96.83,BcgI:96.94,FalI:96.86	3972	66	4214	241	46.04545454545455	ok	95.8879	gamma
GCF_000021305.1	GCF_006384875.1	95.5867	96.8137	0.8698	0.8353	0.05749	22	0.9936	21	0.866	0.7919	95.7123	97.7359	0.3094	0.54	AlfI:96.95,AloI:96.64,BcgI:96.81,FalI:96.81	4034	22	4631	1434	148.5	ok	95.5867	gamma
GCF_000022325.1	GCF_000166775.1	95.8237	97.1099	0.8048	0.8517	0.07639	28	0.9848	27	0.709	0.8153	95.9577	97.9614	0.9226	1.74	AlfI:97.17,AloI:96.25,BcgI:97.00,FalI:97.17	1945	28	2370	415	63.392857142857146	ok	95.8237	gamma
GCF_000023245.1	GCF_002354875.1	96.9144	97.8287	0.8868	0.9181	0.02671	69	0.9933	68	0.631	0.8590	96.8469	98.4013	0.1977	3.28	AlfI:97.97,AloI:97.84,BcgI:97.77,FalI:97.77	10544	69	12771	1112	146.8840579710145	ok	96.9144	gamma
GCF_000024945.1	GCF_902810435.1	95.1520	96.6752	0.9549	0.9819	0.09258	6	0.9961	5	0.783	0.7801	95.4511	97.7879	0.5174	1.43	AlfI:96.87,AloI:96.35,BcgI:96.45,FalI:96.82	1349	6	1875	598	214.83333333333334	ok	95.1520	gamma
GCF_000091545.1	GCF_001535545.1	94.3897	96.9084	0.8532	0.9278	0.09709	11	0.9920	9	0.487	0.7973	95.3322	98.2175	0.2800	0.63	AlfI:96.79,AloI:97.05,BcgI:97.07,FalI:96.79	1177	11	1655	300	102.27272727272727	ok	94.3897	gamma
GCF_000146185.1	GCF_009680455.1	96.0024	97.6456	0.8065	0.7983	0.06992	38	0.9788	36	0.441	0.8507	96.3064	98.4834	0.3812	1.29	AlfI:97.49,AloI:97.39,BcgI:97.60,FalI:97.77	1810	38	2250	203	44.71052631578947	ok	96.0024	gamma
GCF_000152265.2	GCF_002078355.1	95.5372	97.7697	0.8643	0.9127	0.09524	10	0.9893	9	0.321	0.8575	96.3157	98.6481	0.5117	0.89	AlfI:97.73,AloI:97.37,BcgI:97.85,FalI:97.88	912	10	1133	210	84.6	ok	95.5372	gamma
GCF_000156195.1	GCF_009193325.2	97.4073	97.9155	0.6018	0.6164	0.04913	98	0.9767	69	0.945	0.8675	97.2042	98.2979	0.3503	2.45	AlfI:97.86,AloI:98.09,BcgI:98.03,FalI:97.74	3189	98	3595	89	30.510204081632654	ok	97.4073	gamma
GCF_000157935.1	GCF_015074785.1	97.1337	97.6779	0.6821	0.6903	0.05043	91	0.9760	73	1.075	0.8512	96.9226	98.1242	0.3572	1.85	AlfI:97.68,AloI:97.44,BcgI:97.80,FalI:97.55	3323	91	3834	168	33.637362637362635	ok	97.1337	gamma
GCF_000160455.2	GCF_900107215.1	96.8830	97.4744	0.8619	0.9293	0.06348	32	0.9858	30	1.075	0.8376	96.7765	97.9236	0.3166	0.56	AlfI:97.40,AloI:97.72,BcgI:97.50,FalI:97.42	2161	32	2694	258	66.15625	ok	96.8830	gamma
GCF_000163295.1	GCF_000311745.1	96.5886	97.2484	0.9045	0.8674	0.09511	11	0.9908	10	1.107	0.8254	96.4781	97.7840	0.9147	2.53	AlfI:97.32,AloI:97.15,BcgI:96.46,FalI:97.37	1141	11	1411	343	98.63636363636364	ok	96.5886	gamma
GCF_000166295.1	GCF_002933295.1	97.3565	98.1232	0.7434	0.7826	0.03680	53	0.9887	52	0.571	0.8806	97.2268	98.5737	0.2650	1.14	AlfI:98.09,AloI:98.26,BcgI:98.13,FalI:97.99	4704	53	5643	349	86.98113207547169	ok	97.3565	gamma
GCF_000166295.1	GCF_900188315.1	95.8982	96.7565	0.7635	0.9150	0.05023	34	0.9920	33	1.224	0.7803	95.8748	97.5475	0.6192	4.42	AlfI:96.93,AloI:97.01,BcgI:96.68,FalI:96.39	4164	34	5760	481	121.02941176470588	ok	95.8982	gamma
GCF_000175635.1	GCF_013408445.1	96.6518	97.3747	0.9219	0.9037	0.05314	32	0.9977	7	0.985	0.8280	96.5673	97.9358	0.6526	5.06	AlfI:97.40,AloI:97.87,BcgI:97.22,FalI:97.65	3091	32	3951	406	94.59375	ok	96.6518	gamma
GCF_000196255.1	GCF_003025615.1	95.8754	96.8972	0.7640	0.7584	0.05005	98	0.9765	95	0.945	0.7950	95.9550	97.6871	0.8172	4.02	AlfI:96.86,AloI:96.30,BcgI:96.80,FalI:97.12	4380	98	5617	279	41.214285714285715	ok	95.8754	gamma
GCF_000227275.1	GCF_000260655.1	97.0536	97.4573	0.7961	0.8111	0.05209	159	0.9507	149	1.520	0.8331	96.9313	97.8032	0.5236	2.75	AlfI:97.39,AloI:97.88,BcgI:97.43,FalI:97.35	3302	159	3819	96	19.08805031446541	ok	97.0536	gamma
GCF_000227275.1	GCF_001815675.1	96.7973	97.2943	0.8849	0.8713	0.05290	75	0.9793	64	1.476	0.8211	96.6104	97.7788	0.4095	1.27	AlfI:97.32,AloI:97.58,BcgI:97.25,FalI:97.17	3273	75	4051	148	41.4	ok	96.7973	gamma
GCF_000227275.1	GCF_014054945.1	96.5142	97.1889	0.9557	0.9491	0.05346	29	0.9943	18	1.224	0.8131	96.3646	97.8064	0.7913	4.41	AlfI:97.37,AloI:97.42,BcgI:97.14,FalI:96.63	3373	29	4220	498	109.55172413793103	ok	96.5142	gamma
GCF_000230735.2	GCF_000337115.1	95.5250	96.7912	0.7581	0.8545	0.05481	55	0.9841	54	0.892	0.7814	95.6695	97.8156	0.7061	3.49	AlfI:96.39,AloI:97.10,BcgI:96.74,FalI:96.82	3608	55	4929	254	61.90909090909091	ok	95.5250	gamma
GCF_000231035.2	GCF_000430445.1	96.2722	97.5142	0.6727	0.7367	0.04118	321	0.9470	261	0.631	0.8365	96.3242	98.3154	1.4105	12.19	AlfI:97.52,AloI:97.63,BcgI:97.59,FalI:96.22	7545	321	6449	136	15.53582554517134	ok	96.2722	gamma
GCF_000235625.1	GCF_002933295.1	97.2609	98.4463	0.7593	0.7958	0.03336	82	0.9920	37	0.303	0.9025	97.3482	98.9373	0.0584	0.09	AlfI:98.43,AloI:98.47,BcgI:98.46,FalI:98.41	4774	82	5649	312	56.86585365853659	ok	97.2609	gamma
GCF_000245735.1	GCF_000280055.1	95.6688	97.3131	0.7168	0.7668	0.05419	93	0.9846	45	0.554	0.8233	96.0122	98.2679	0.6419	3.63	AlfI:97.27,AloI:97.31,BcgI:97.47,FalI:96.83	3169	93	4101	123	31.989247311827956	ok	95.6688	gamma
GCF_000260655.1	GCF_001815675.1	96.9345	97.4024	0.7900	0.7653	0.05283	169	0.9919	23	1.434	0.8291	96.7681	97.8323	0.4723	1.71	AlfI:97.39,AloI:97.75,BcgI:97.37,FalI:97.27	3253	169	3849	111	17.733727810650887	ok	96.9345	gamma
GCF_000260655.1	GCF_014054945.1	96.9952	97.4897	0.8256	0.7818	0.05110	157	0.9976	7	1.297	0.8355	96.8253	97.9233	0.5860	2.60	AlfI:97.49,AloI:97.88,BcgI:97.45,FalI:97.29	3392	157	3966	111	19.866242038216562	ok	96.9952	gamma
GCF_000272405.2	GCF_900089855.1	97.1997	98.0073	0.6935	0.7435	0.04168	210	0.9885	43	0.571	0.8750	97.1356	98.4637	0.2321	1.30	AlfI:97.86,AloI:98.01,BcgI:98.09,FalI:97.98	4195	210	4825	104	18.676190476190477	ok	97.1997	gamma
GCF_000275725.1	GCF_014651775.1	96.5141	97.2982	0.8526	0.8358	0.04373	101	0.9878	55	0.973	0.8217	96.4563	97.9052	0.2238	0.76	AlfI:97.30,AloI:97.48,BcgI:97.25,FalI:97.42	4717	101	6009	363	45.16831683168317	ok	96.5141	gamma
GCF_000280495.2	GCF_001658025.2	96.0114	96.4097	0.8440	0.9676	0.04280	28	0.9955	27	2.701	0.7526	95.9049	96.9313	0.3166	1.22	AlfI:96.38,AloI:96.69,BcgI:96.38,FalI:96.53	6108	28	8443	739	212.89285714285714	ok	96.0114	gamma
GCF_000284075.1	GCF_001951015.1	96.8895	97.4074	0.9304	0.9504	0.11252	9	0.9886	8	1.260	0.8351	96.7414	97.8522	0.5519	0.44	AlfI:97.10,AloI:97.66,BcgI:97.37,FalI:97.48	834	9	903	377	78.33333333333333	ok	96.8895	gamma
GCF_000308475.2	GCF_001613425.1	96.5686	96.9532	0.9262	0.9056	0.02596	164	0.9955	64	2.148	0.7942	96.4486	97.3751	0.7551	15.36	AlfI:96.95,AloI:97.27,BcgI:96.88,FalI:97.63	14561	164	18845	624	86.71341463414635	ok	96.5686	gamma
GCF_000308575.1	GCF_001612985.1	97.6129	97.8503	0.8575	0.8341	0.02504	204	0.9913	95	1.968	0.8612	97.3891	98.1027	0.2116	1.24	AlfI:97.91,AloI:97.77,BcgI:97.83,FalI:97.98	11572	204	13398	458	54.3235294117647	ok	97.6129	gamma
GCF_000312025.1	GCF_001517665.2	96.8090	97.6782	0.8450	0.8918	0.08501	17	0.9897	12	0.689	0.8555	96.7097	98.2454	0.4665	0.51	AlfI:97.36,AloI:97.83,BcgI:97.47,FalI:97.71	1208	17	1478	285	69.05882352941177	ok	96.8090	gamma
GCF_000316035.1	GCF_017874615.1	96.0094	96.8729	0.8793	0.8728	0.04325	111	0.9913	47	1.140	0.7911	95.9804	97.6262	0.3936	4.19	AlfI:97.05,AloI:97.10,BcgI:96.79,FalI:96.70	5637	111	7556	279	49.06306306306306	ok	96.0094	gamma
GCF_000336775.1	GCF_000336815.1	96.9205	97.7423	0.8581	0.8760	0.04571	46	0.9936	23	0.739	0.8522	96.7949	98.3186	0.3778	1.91	AlfI:97.55,AloI:97.90,BcgI:97.69,FalI:97.93	3728	46	4609	384	78.26086956521739	ok	96.9205	gamma
GCF_000337795.1	GCF_000337835.1	96.7908	97.7401	0.8522	0.8716	0.04744	47	0.9913	29	0.650	0.8522	96.7453	98.3422	0.1859	0.39	AlfI:97.86,AloI:97.67,BcgI:97.74,FalI:97.83	3438	47	4293	239	70.97872340425532	ok	96.7908	gamma
GCF_000350485.1	GCF_000621505.1	96.8235	97.4405	0.7810	0.8114	0.04718	119	0.9856	55	1.107	0.8345	96.6488	97.9626	0.2639	1.40	AlfI:97.46,AloI:97.57,BcgI:97.30,FalI:97.52	4135	119	5005	208	32.53781512605042	ok	96.8235	gamma
GCF_000350545.1	GCF_000421285.1	97.0730	98.2711	0.7590	0.7602	0.04284	74	0.9833	54	0.345	0.8900	97.1945	98.7905	0.1753	1.04	AlfI:98.33,AloI:98.35,BcgI:98.19,FalI:98.18	3551	74	3905	177	43.9054054054054	ok	97.0730	gamma
GCF_000376585.1	GCF_004171285.1	95.1425	96.9882	0.6496	0.6063	0.13595	41	0.9278	40	0.588	0.8043	95.6005	98.1011	0.9414	0.68	AlfI:97.13,AloI:96.19,BcgI:96.89,FalI:97.04	670	41	794	41	13.536585365853659	ok	95.1425	gamma
GCF_000376585.1	GCF_018141665.1	94.2851	96.9581	0.7396	0.7193	0.12960	22	0.9659	21	0.460	0.8022	95.3267	98.2871	0.8519	2.29	AlfI:97.44,AloI:96.60,BcgI:96.58,FalI:96.83	705	22	907	107	28	ok	94.2851	gamma
GCF_000377505.1	GCF_000426545.1	96.6775	97.0829	0.8642	0.8831	0.03838	84	0.9917	53	1.911	0.8067	96.5433	97.4938	0.2436	2.08	AlfI:97.19,AloI:97.24,BcgI:97.01,FalI:97.00	6587	84	8432	453	76.6547619047619	ok	96.6775	gamma
GCF_000383595.1	GCF_014873495.1	97.7760	98.1793	0.8302	0.7344	0.02393	69	0.9935	68	0.945	0.8840	97.5368	98.4908	0.5866	11.79	AlfI:97.98,AloI:98.23,BcgI:98.19,FalI:98.57	10747	69	12493	828	151.8840579710145	ok	97.7760	gamma
GCF_000419765.1	GCF_015353075.1	97.1215	97.2936	0.7580	0.7613	0.02810	118	0.9937	69	3.601	0.8216	96.9818	97.5076	0.1849	2.28	AlfI:97.15,AloI:97.27,BcgI:97.34,FalI:97.32	11383	118	13743	710	93.21186440677967	ok	97.1215	gamma
GCF_000419765.1	GCF_900099775.1	97.2614	97.3806	0.7361	0.8292	0.02780	97	0.9944	61	4.741	0.8281	97.1193	97.5506	0.3070	2.79	AlfI:97.29,AloI:97.12,BcgI:97.43,FalI:97.40	11061	97	13431	948	111.88659793814433	ok	97.2614	gamma
GCF_000421265.1	GCF_002844275.1	96.0202	96.7054	0.8971	0.9248	0.04184	40	0.9961	23	1.476	0.7776	95.9716	97.3789	0.2434	1.76	AlfI:96.77,AloI:96.64,BcgI:96.63,FalI:96.87	6013	40	8283	551	148.85	ok	96.0202	gamma
GCF_000421605.1	GCF_000734015.1	95.8479	96.9678	0.8619	0.9258	0.09021	34	0.9962	5	0.783	0.8076	96.0380	97.6693	0.9246	1.75	AlfI:96.93,AloI:97.70,BcgI:96.77,FalI:96.94	1389	34	1801	148	39.26470588235294	ok	95.8479	gamma
GCF_000424105.1	GCF_900103815.1	96.5296	97.5755	0.7247	0.7808	0.07365	28	0.9949	8	0.650	0.8475	96.4958	98.2421	0.6276	1.55	AlfI:97.76,AloI:98.07,BcgI:97.44,FalI:97.53	1655	28	2053	242	56.42857142857143	ok	96.5296	gamma
GCF_000426885.1	GCF_002014975.1	96.6227	97.2324	0.7166	0.6959	0.07035	91	0.9802	35	1.260	0.8195	96.4871	97.7680	1.3528	1.57	AlfI:97.36,AloI:96.01,BcgI:97.26,FalI:97.10	1997	91	2400	103	20.065934065934066	ok	96.6227	gamma
GCF_000445105.1	GCF_001598335.1	96.6202	96.9802	0.5309	0.7637	0.04410	95	0.9874	61	2.239	0.7971	96.5050	97.3607	0.4206	2.06	AlfI:96.97,AloI:96.75,BcgI:97.04,FalI:96.62	4926	95	6424	234	51.31578947368421	ok	96.6202	gamma
GCF_000473265.1	GCF_000739085.1	97.0051	97.4765	0.7490	0.8838	0.02787	84	0.9921	83	1.375	0.8336	96.8238	97.9058	0.1725	0.89	AlfI:97.41,AloI:97.55,BcgI:97.48,FalI:97.59	10926	84	13418	1392	125.53571428571429	ok	97.0051	gamma
GCF_000487975.1	GCF_011058205.1	96.3663	97.4711	0.7563	0.7324	0.05678	110	0.9596	104	0.650	0.8359	96.4638	98.1426	0.2455	0.28	AlfI:97.52,AloI:97.28,BcgI:97.45,FalI:97.47	2913	110	3403	147	23.445454545454545	ok	96.3663	gamma
GCF_000487975.1	GCF_014769185.1	95.8189	97.2321	0.8216	0.7992	0.05917	68	0.9749	65	0.631	0.8184	96.0668	98.0982	0.7222	3.07	AlfI:97.35,AloI:96.62,BcgI:97.32,FalI:96.99	2836	68	3554	161	38.10294117647059	ok	95.8189	gamma
GCF_000487975.1	GCF_015602705.1	95.6127	96.9877	0.8350	0.9426	0.06201	13	0.9956	11	0.739	0.8001	95.8354	97.9331	0.8537	3.13	AlfI:97.21,AloI:96.35,BcgI:96.92,FalI:96.91	2561	13	3572	550	191.3846153846154	ok	95.6127	gamma
GCF_000493015.1	GCF_003634515.1	95.9004	96.5280	0.9210	0.9188	0.04712	33	0.9934	32	1.729	0.7624	95.8502	97.1899	0.3490	1.90	AlfI:96.62,AloI:96.78,BcgI:96.44,FalI:96.44	4906	33	6865	628	147.12121212121212	ok	95.9004	gamma
GCF_000495915.1	GCF_000935215.1	97.6660	98.0592	0.7357	0.7397	0.02822	283	0.9727	214	1.002	0.8767	97.5161	98.3305	0.1652	1.26	AlfI:98.08,AloI:98.17,BcgI:98.02,FalI:98.18	8190	283	9445	162	27.9434628975265	ok	97.6660	gamma
GCF_000495915.1	GCF_002929225.1	97.6131	98.1171	0.8082	0.8180	0.02707	133	0.9923	64	0.783	0.8807	97.4533	98.4436	0.2588	3.61	AlfI:98.16,AloI:98.29,BcgI:98.05,FalI:98.31	8503	133	10039	374	62.857142857142854	ok	97.6131	gamma
GCF_000495915.1	GCF_013409135.1	97.5378	98.0201	0.7967	0.8588	0.02814	119	0.9937	51	0.918	0.8740	97.3286	98.3763	0.1145	0.39	AlfI:98.04,AloI:97.99,BcgI:98.00,FalI:98.10	8239	119	9873	384	68.53781512605042	ok	97.5378	gamma
GCF_000513215.1	GCF_006715005.1	96.2028	96.7294	0.9130	0.8877	0.04015	37	0.9943	36	1.833	0.7775	96.1142	97.2895	0.2315	1.18	AlfI:96.75,AloI:96.90,BcgI:96.67,FalI:96.88	6388	37	8691	1089	170.67567567567568	ok	96.2028	gamma
GCF_000513215.1	GCF_017299535.1	96.4164	96.7943	0.9354	0.9583	0.03896	30	0.9956	29	2.374	0.7826	96.2952	97.2301	0.3950	1.15	AlfI:96.82,AloI:96.93,BcgI:96.79,FalI:96.53	6625	30	8890	883	219.46666666666667	ok	96.4164	gamma
GCF_000577275.2	GCF_900110205.1	97.1617	97.4217	0.6993	0.7509	0.02767	137	0.9887	122	2.374	0.8312	96.9765	97.7139	0.2659	5.16	AlfI:97.23,AloI:97.28,BcgI:97.49,FalI:97.46	11298	137	13591	634	79.21897810218978	ok	97.1617	gamma
GCF_000586475.1	GCF_001435295.1	96.3476	97.1732	0.8743	0.8736	0.05722	40	0.9964	10	1.014	0.8147	96.2806	97.8357	1.2788	3.00	AlfI:97.31,AloI:96.03,BcgI:97.22,FalI:96.96	2847	40	3766	199	70.2	ok	96.3476	gamma
GCF_000586475.1	GCF_003148585.1	96.0965	97.1768	0.8460	0.8850	0.05858	52	0.9921	21	0.831	0.8150	96.1107	97.9752	0.9243	6.54	AlfI:97.39,AloI:96.47,BcgI:97.28,FalI:96.71	2727	52	3658	168	51.51923076923077	ok	96.0965	gamma
GCF_000622145.1	GCF_003285265.1	98.3511	98.7623	0.6185	0.7820	0.02911	48	0.9954	22	0.516	0.9236	98.0578	99.0229	0.2603	2.20	AlfI:98.75,AloI:98.74,BcgI:98.74,FalI:99.00	5111	48	5434	450	99.95833333333333	ok	98.3511	gamma
GCF_000633595.2	GCF_000968375.1	96.1677	97.0179	0.8464	0.8369	0.06222	82	0.9951	13	1.014	0.8096	96.1378	97.6860	1.9880	9.53	AlfI:97.10,AloI:97.46,BcgI:95.48,FalI:97.06	3075	82	3673	180	33.329268292682926	ok	96.1677	gamma
GCF_000686565.1	GCF_001999985.1	97.8858	98.0643	0.3631	0.3481	0.07615	147	0.9206	87	1.729	0.8800	97.8833	98.1531	1.3746	2.22	AlfI:98.04,AloI:99.26,BcgI:97.88,FalI:98.13	1860	147	1316	39	7.863945578231292	ok	97.8858	gamma
GCF_000686565.1	GCF_900198625.1	97.2053	97.6737	0.7238	0.7165	0.06890	89	0.9857	23	1.140	0.8534	97.0549	98.0343	0.8214	0.64	AlfI:97.56,AloI:96.91,BcgI:97.73,FalI:97.73	1929	89	2074	77	18.786516853932586	ok	97.2053	gamma
GCF_000696305.2	GCF_001636015.1	96.8762	97.3420	0.8813	0.8378	0.06595	32	0.9965	7	1.520	0.8276	96.6670	97.8076	0.5635	0.43	AlfI:97.39,AloI:96.82,BcgI:97.34,FalI:97.34	2078	32	2596	550	62.90625	ok	96.8762	gamma
GCF_000711795.1	GCF_002811245.1	95.6696	96.5188	0.7345	0.8323	0.06048	70	0.9844	47	1.336	0.7654	95.6862	97.3268	1.2052	3.79	AlfI:96.44,AloI:95.53,BcgI:96.50,FalI:96.74	3193	70	4329	236	43.24285714285714	ok	95.6696	gamma
GCF_000717595.1	GCF_001418135.1	97.1943	97.5346	0.6402	0.7140	0.03168	486	0.9461	427	1.729	0.8385	97.0223	97.8621	0.6432	9.69	AlfI:97.39,AloI:97.37,BcgI:97.54,FalI:98.02	8833	486	9977	86	16.4238683127572	ok	97.1943	gamma
GCF_000719115.1	GCF_900100275.1	97.3671	97.7688	0.8438	0.8618	0.02290	142	0.9930	97	1.297	0.8552	97.1622	98.1195	0.3998	5.52	AlfI:97.72,AloI:97.85,BcgI:97.74,FalI:98.12	14362	142	17096	813	98.4225352112676	ok	97.3671	gamma
GCF_000720805.1	GCF_000721105.1	97.8656	98.2621	0.7555	0.8119	0.02210	260	0.9911	103	0.866	0.8898	97.6524	98.5447	0.4698	10.23	AlfI:98.17,AloI:98.34,BcgI:98.24,FalI:98.64	12260	260	13805	364	44.95384615384615	ok	97.8656	gamma
GCF_000738675.1	GCF_017299535.1	97.3172	97.6207	0.9177	0.9514	0.03255	44	0.9942	42	1.781	0.8452	97.1586	97.8997	0.1824	0.72	AlfI:97.59,AloI:97.77,BcgI:97.62,FalI:97.67	7300	44	8921	1262	164.45454545454547	ok	97.3172	gamma
GCF_000764665.1	GCF_000819955.1	96.2366	96.6426	0.8969	0.9105	0.04232	110	0.9953	27	2.374	0.7715	96.1286	97.1248	0.4939	4.46	AlfI:96.68,AloI:97.01,BcgI:96.52,FalI:96.91	5952	110	8008	257	53.14545454545455	ok	96.2366	gamma
GCF_000813705.1	GCF_000952795.1	97.3390	97.6463	0.7141	0.7246	0.05377	177	0.9750	63	1.729	0.8469	97.1808	97.9233	0.3317	0.68	AlfI:97.59,AloI:97.82,BcgI:97.67,FalI:97.48	2886	177	3245	66	14.88135593220339	ok	97.3390	gamma
GCF_000813705.1	GCF_003044425.1	96.8630	97.3322	0.7157	0.7348	0.05870	158	0.9827	41	1.476	0.8237	96.7310	97.7513	1.0069	3.91	AlfI:97.44,AloI:97.60,BcgI:97.31,FalI:96.60	2742	158	3207	74	15.765822784810126	ok	96.8630	gamma
GCF_000816845.1	GCF_015353075.1	97.2587	97.3729	0.7178	0.7456	0.02821	81	0.9927	78	4.943	0.8275	97.1170	97.5411	0.1470	1.46	AlfI:97.28,AloI:97.26,BcgI:97.41,FalI:97.40	10883	81	13088	748	131.25925925925927	ok	97.2587	gamma
GCF_000825685.1	GCF_000828125.2	95.0867	96.6623	0.6003	0.6587	0.14954	38	0.9286	37	0.783	0.7815	95.3304	97.8842	0.7061	1.63	AlfI:96.29,AloI:96.80,BcgI:96.24,FalI:96.94	745	38	743	48	13.657894736842104	ok	95.0867	gamma
GCF_000931445.1	GCF_001013905.1	97.7054	98.0432	0.8532	0.8449	0.02713	59	0.9933	58	1.224	0.8748	97.4834	98.3267	0.5694	8.86	AlfI:97.93,AloI:97.83,BcgI:98.09,FalI:98.40	9053	59	10425	1368	147.5593220338983	ok	97.7054	gamma
GCF_000935215.1	GCF_002929225.1	97.6642	98.1421	0.7731	0.7816	0.02745	241	0.9967	26	0.807	0.8824	97.4929	98.4575	0.2522	2.30	AlfI:98.18,AloI:98.34,BcgI:98.09,FalI:98.24	8283	241	9603	154	33.33195020746888	ok	97.6642	gamma
GCF_000935215.1	GCF_014764705.1	97.3672	97.8699	0.7463	0.7546	0.03015	260	0.9923	57	0.945	0.8633	97.2404	98.2163	0.1961	1.37	AlfI:97.89,AloI:97.98,BcgI:97.83,FalI:98.02	7825	260	9305	161	29.25	ok	97.3672	gamma
GCF_000952795.1	GCF_003044425.1	96.9393	97.3397	0.7480	0.7560	0.05808	144	0.9681	79	1.680	0.8243	96.8028	97.7165	1.0538	5.37	AlfI:97.22,AloI:97.85,BcgI:97.38,FalI:96.80	2750	144	3244	89	17.63888888888889	ok	96.9393	gamma
GCF_000956595.1	GCF_009497655.1	96.4575	96.9272	0.8592	0.8488	0.05328	64	0.9981	7	1.781	0.7996	96.3299	97.4091	0.4817	5.06	AlfI:96.80,AloI:97.08,BcgI:96.63,FalI:97.11	3761	64	4865	287	57.28125	ok	96.4575	gamma
GCF_000981585.1	GCF_016772475.1	96.7972	97.4221	0.8500	0.8523	0.03311	68	0.9913	67	1.140	0.8314	96.6171	97.9572	0.7105	15.97	AlfI:97.61,AloI:97.55,BcgI:97.44,FalI:96.90	8186	68	10070	817	113.61764705882354	ok	96.7972	gamma
GCF_001025195.1	GCF_001042615.1	97.1998	97.6015	0.8434	0.8524	0.04879	26	0.9923	25	1.434	0.8438	97.0225	97.9587	0.2988	0.98	AlfI:97.60,AloI:97.86,BcgI:97.57,FalI:97.56	3354	26	4078	379	125.5	ok	97.1998	gamma
GCF_001044235.1	GCF_001044255.1	96.5530	96.9430	0.7231	0.9284	0.03356	128	0.9886	97	2.175	0.7935	96.4013	97.3945	0.4845	5.26	AlfI:97.09,AloI:97.06,BcgI:96.85,FalI:97.34	8752	128	11372	408	66.7265625	ok	96.5530	gamma
GCF_001277805.1	GCF_002809955.1	96.9502	98.2319	0.7902	0.6923	0.04410	120	0.9861	41	0.365	0.8889	97.0141	98.8268	0.5429	5.52	AlfI:98.16,AloI:97.83,BcgI:98.38,FalI:97.96	3298	120	3781	149	25.183333333333334	ok	96.9502	gamma
GCF_001418475.1	GCF_001419765.1	97.6859	97.8406	0.5554	0.5277	0.02859	705	0.9797	164	2.701	0.8603	97.5724	97.9897	0.6889	12.42	AlfI:97.68,AloI:97.79,BcgI:97.84,FalI:98.37	10180	705	10250	73	12.238297872340425	ok	97.6859	gamma
GCF_001418645.1	GCF_001419765.1	97.6541	97.7789	0.4937	0.4644	0.03018	746	0.9892	79	3.258	0.8559	97.6152	97.8737	0.5024	6.90	AlfI:97.71,AloI:97.78,BcgI:97.75,FalI:98.21	9829	746	9411	81	10.656836461126005	ok	97.6541	gamma
GCF_001419765.1	GCF_900290235.1	97.4433	97.6871	0.6020	0.5998	0.02845	671	0.9939	53	2.026	0.8493	97.3157	97.9089	0.7459	14.64	AlfI:97.51,AloI:97.68,BcgI:97.68,FalI:98.26	10553	671	11335	76	13.880774962742176	ok	97.4433	gamma
GCF_001420285.1	GCF_001507325.1	96.9658	97.6115	0.8735	0.8405	0.05854	32	0.9926	18	0.945	0.8484	96.7937	98.1085	0.5030	2.59	AlfI:97.90,AloI:97.75,BcgI:97.40,FalI:97.60	2460	32	3081	328	76.03125	ok	96.9658	gamma
GCF_001420285.1	GCF_012952015.1	96.9563	97.5478	0.8651	0.8577	0.05952	34	0.9917	20	1.044	0.8440	96.7904	98.0215	0.5130	3.07	AlfI:97.73,AloI:97.66,BcgI:97.22,FalI:97.62	2441	34	3059	245	70.97058823529412	ok	96.9563	gamma
GCF_001435295.1	GCF_904846615.1	96.3940	97.2311	0.8795	0.9297	0.05595	21	0.9934	19	0.973	0.8191	96.3242	97.8844	0.7633	3.47	AlfI:97.24,AloI:96.62,BcgI:97.39,FalI:96.94	2888	21	3847	678	136.9047619047619	ok	96.3940	gamma
GCF_001444505.1	GCF_900101915.1	96.4955	97.4923	0.7746	0.7879	0.05826	112	0.9902	23	0.739	0.8380	96.4408	98.1824	0.5853	1.62	AlfI:97.51,AloI:97.84,BcgI:97.58,FalI:97.25	2602	112	3203	119	21.669642857142858	ok	96.4955	gamma
GCF_001457655.1	GCF_002989035.1	97.6009	98.0634	0.6129	0.5790	0.07836	107	0.9013	106	0.831	0.8787	97.4820	98.3555	0.3437	1.14	AlfI:97.89,AloI:98.21,BcgI:97.99,FalI:98.23	1342	107	1280	33	10.046728971962617	ok	97.6009	gamma
GCF_001457655.1	GCF_004802395.1	96.4504	97.5408	0.8919	0.9204	0.08159	21	0.9840	20	0.631	0.8424	96.5037	98.2088	0.4566	0.83	AlfI:97.33,AloI:97.78,BcgI:97.62,FalI:97.58	1307	21	1636	196	59.57142857142857	ok	96.4504	gamma
GCF_001457655.1	GCF_900475755.1	95.5632	96.3042	0.8174	0.8480	0.10487	49	0.9552	48	1.631	0.7506	95.5529	97.0869	0.3249	0.47	AlfI:96.10,AloI:96.42,BcgI:96.33,FalI:96.41	1131	49	1556	78	21.877551020408163	ok	95.5632	gamma
GCF_001457655.1	GCF_900475885.1	96.1921	97.4491	0.9161	0.9136	0.08336	21	0.9839	20	0.605	0.8358	96.3097	98.2229	0.4039	1.15	AlfI:97.22,AloI:97.41,BcgI:97.44,FalI:97.63	1317	21	1658	221	59.095238095238095	ok	96.1921	gamma
GCF_001465295.1	GCF_002221505.1	96.6394	97.0945	0.8855	0.9132	0.05248	22	0.9941	20	1.729	0.8100	96.4742	97.5602	0.6556	0.84	AlfI:97.02,AloI:97.68,BcgI:97.10,FalI:97.14	3512	22	4538	527	155.36363636363637	ok	96.6394	gamma
GCF_001469895.1	GCF_001550135.1	96.7732	97.2932	0.9297	0.9083	0.04446	56	0.9947	24	1.336	0.8249	96.6655	97.7288	0.2299	0.58	AlfI:97.36,AloI:97.45,BcgI:97.22,FalI:97.31	4773	56	5848	354	81.92857142857143	ok	96.7732	gamma
GCF_001469895.1	GCF_013349995.1	96.5144	97.1138	0.8365	0.7687	0.04842	107	0.9807	78	1.336	0.8118	96.4129	97.6387	0.4780	2.50	AlfI:97.10,AloI:97.43,BcgI:97.26,FalI:96.95	4198	107	5358	154	37.99065420560748	ok	96.5144	gamma
GCF_001469895.1	GCF_019134595.1	95.8927	96.4671	0.8913	0.8677	0.05320	56	0.9934	26	1.911	0.7631	95.8063	97.1091	0.8884	1.93	AlfI:96.47,AloI:97.26,BcgI:96.52,FalI:96.37	4133	56	5622	391	71.17857142857143	ok	95.8927	gamma
GCF_001507325.1	GCF_012952015.1	96.7541	97.5190	0.8221	0.8700	0.06057	34	0.9919	19	0.866	0.8419	96.6303	98.0861	0.5108	3.02	AlfI:97.71,AloI:97.20,BcgI:97.29,FalI:97.63	2391	34	3034	290	69.32352941176471	ok	96.7541	gamma
GCF_001514115.1	GCF_014650275.1	97.3290	97.7296	0.7627	0.8141	0.02455	150	0.9914	106	1.336	0.8525	97.1285	98.0855	0.6034	15.54	AlfI:97.66,AloI:97.70,BcgI:97.69,FalI:98.26	12938	150	15247	802	82.18666666666667	ok	97.3290	gamma
GCF_001521715.1	GCF_002208095.1	97.0564	97.4897	0.8562	0.8212	0.03988	39	0.9927	37	1.476	0.8359	96.8554	97.9010	0.2937	3.90	AlfI:97.67,AloI:97.49,BcgI:97.38,FalI:97.40	5171	39	6494	614	130.7948717948718	ok	97.0564	gamma
GCF_001521715.1	GCF_003634515.1	96.4013	96.9127	0.8494	0.9175	0.04531	40	0.9920	38	1.781	0.7924	96.2315	97.4837	0.5073	6.43	AlfI:97.12,AloI:97.20,BcgI:96.75,FalI:96.70	4846	40	6462	401	119.3	ok	96.4013	gamma
GCF_001521715.1	GCF_007035645.1	97.0826	97.4800	0.8590	0.9045	0.03979	32	0.9942	30	1.565	0.8352	96.9143	97.8463	0.3085	3.68	AlfI:97.64,AloI:97.56,BcgI:97.38,FalI:97.34	5191	32	6502	616	160.34375	ok	97.0826	gamma
GCF_001521715.1	GCF_008364625.1	96.4075	96.8754	0.8333	0.9092	0.04576	53	0.9892	51	1.911	0.7895	96.2808	97.3771	0.4042	3.61	AlfI:97.08,AloI:96.83,BcgI:96.78,FalI:96.67	4787	53	6359	425	89.20754716981132	ok	96.4075	gamma
GCF_001550135.1	GCF_013349995.1	96.8446	97.4922	0.7985	0.7671	0.04452	112	0.9784	91	1.014	0.8392	96.6985	98.0017	0.2266	0.21	AlfI:97.50,AloI:97.30,BcgI:97.46,FalI:97.53	4377	112	5421	176	37.75	ok	96.8446	gamma
GCF_001571325.1	GCF_001598795.1	96.0989	96.9367	0.8217	0.8524	0.03218	156	0.9933	62	1.140	0.7938	96.0557	97.6859	0.7262	15.14	AlfI:97.05,AloI:96.97,BcgI:96.73,FalI:97.46	9699	156	12882	376	59.82692307692308	ok	96.0989	gamma
GCF_001595725.1	GCF_002200015.1	97.2811	98.0358	0.7091	0.8355	0.04426	76	0.9792	73	0.588	0.8773	97.1907	98.4714	0.1538	0.27	AlfI:98.03,AloI:97.93,BcgI:98.08,FalI:98.03	4504	76	4296	220	46.1578947368421	ok	97.2811	gamma
GCF_001595725.1	GCF_006384875.1	96.7297	97.7349	0.7649	0.8474	0.04740	24	0.9937	22	0.588	0.8569	96.7358	98.3212	0.3484	1.09	AlfI:97.87,AloI:97.52,BcgI:97.68,FalI:97.76	4207	24	4491	751	145.54166666666666	ok	96.7297	gamma
GCF_001612805.1	GCF_001612905.1	97.6162	97.9260	0.8715	0.8271	0.02469	115	0.9929	78	1.434	0.8667	97.4177	98.1960	0.5572	7.47	AlfI:98.03,AloI:97.82,BcgI:97.88,FalI:98.37	11377	115	13251	605	95.59130434782608	ok	97.6162	gamma
GCF_001612845.1	GCF_001613005.1	97.9010	98.0912	0.8318	0.8229	0.02331	252	0.9860	157	1.911	0.8783	97.7131	98.2752	0.5903	9.12	AlfI:98.17,AloI:98.14,BcgI:98.04,FalI:98.63	11765	252	13320	310	45.01190476190476	ok	97.9010	gamma
GCF_001618065.1	GCF_003351665.1	95.9608	96.5208	0.8864	0.9109	0.06774	49	0.9966	8	1.911	0.7621	95.8940	97.1374	0.4282	1.47	AlfI:96.65,AloI:96.84,BcgI:96.41,FalI:96.41	2525	49	3308	254	48.42857142857143	ok	95.9608	gamma
GCF_001728805.1	GCF_002982115.1	96.4261	97.0022	0.8728	0.8708	0.05739	36	0.9964	11	1.476	0.8036	96.2998	97.5559	0.6784	1.57	AlfI:96.96,AloI:96.41,BcgI:97.01,FalI:97.08	3130	36	4031	495	84.52777777777777	ok	96.4261	gamma
GCF_001815675.1	GCF_014054945.1	96.8181	97.3390	0.8895	0.8791	0.05196	73	0.9965	11	1.336	0.8244	96.6964	97.7889	0.6995	2.97	AlfI:97.29,AloI:97.73,BcgI:97.35,FalI:97.03	3338	73	4102	189	43.67123287671233	ok	96.8181	gamma
GCF_001870205.1	GCF_002026305.1	95.5258	96.5519	0.8560	0.8316	0.11678	22	0.9746	21	1.075	0.7725	95.6857	97.3418	0.3273	0.50	AlfI:96.63,AloI:96.50,BcgI:96.76,FalI:96.43	867	22	1204	105	37.68181818181818	ok	95.5258	gamma
GCF_001886855.1	GCF_005222125.1	97.1520	98.3721	0.5852	0.6563	0.13345	12	0.9658	11	0.335	0.8985	97.1606	98.9373	0.7157	1.44	AlfI:98.53,AloI:98.84,BcgI:98.38,FalI:98.13	388	12	396	158	26.916666666666668	ok	97.1520	gamma
GCF_001908275.1	GCF_004001025.1	96.3429	97.2133	0.8664	0.8826	0.03955	89	0.9851	88	0.945	0.8165	96.2992	97.8839	0.2915	2.31	AlfI:97.37,AloI:97.24,BcgI:97.18,FalI:97.08	6060	89	7901	428	66.17977528089888	ok	96.3429	gamma
GCF_001908275.1	GCF_017874615.1	95.8621	96.8068	0.9026	0.9084	0.04227	67	0.9886	66	1.107	0.7862	95.8467	97.6370	0.2956	2.23	AlfI:96.96,AloI:96.89,BcgI:96.76,FalI:96.66	5968	67	8171	394	86.58208955223881	ok	95.8621	gamma
GCF_001999985.1	GCF_900198625.1	98.4552	98.6444	0.4038	0.4167	0.05820	161	0.8827	160	0.918	0.9177	98.3617	98.7513	0.6177	5.16	AlfI:98.28,AloI:98.87,BcgI:98.90,FalI:98.74	2024	161	1523	40	8.478260869565217	ok	98.4552	gamma
GCF_002000985.1	GCF_003337175.1	96.2762	97.3240	0.5921	0.6350	0.08082	67	0.9537	66	0.761	0.8291	96.2483	98.0600	0.8057	2.07	AlfI:97.05,AloI:96.69,BcgI:97.49,FalI:97.39	1576	67	1900	74	21.26865671641791	ok	96.2762	gamma
GCF_002020355.1	GCF_002085925.2	96.5810	96.9828	0.9200	0.8821	0.03934	32	0.9958	26	2.026	0.7977	96.4569	97.4085	0.5138	4.35	AlfI:96.81,AloI:97.22,BcgI:96.97,FalI:97.32	6234	32	8148	1741	193.46875	ok	96.5810	gamma
GCF_002020355.1	GCF_009296265.1	96.4653	96.8732	0.9047	0.8576	0.04049	36	0.9950	30	2.148	0.7892	96.3216	97.3424	0.3749	2.76	AlfI:96.82,AloI:97.19,BcgI:96.83,FalI:97.12	6067	36	8049	1010	167.02777777777777	ok	96.4653	gamma
GCF_002085925.2	GCF_009296265.1	96.5991	97.0227	0.8659	0.8737	0.03879	57	0.9912	55	1.911	0.8008	96.4593	97.4713	0.4238	4.35	AlfI:96.96,AloI:97.38,BcgI:96.97,FalI:97.33	6401	57	8287	577	110.08771929824562	ok	96.5991	gamma
GCF_002119445.1	GCF_002200015.1	96.3473	97.1581	0.6970	0.7787	0.05589	73	0.9772	71	1.014	0.8165	96.2725	97.8088	0.1429	0.29	AlfI:97.19,AloI:97.05,BcgI:97.10,FalI:97.20	4019	73	4174	186	42.76712328767123	ok	96.3473	gamma
GCF_002119445.1	GCF_006384875.1	96.0211	97.1036	0.7948	0.8342	0.05465	31	0.9913	29	0.831	0.8126	96.0437	97.9014	0.2407	0.85	AlfI:97.20,AloI:97.11,BcgI:96.96,FalI:97.15	4014	31	4549	732	107.45161290322581	ok	96.0211	gamma
GCF_002149035.1	GCF_900113865.1	97.5058	97.9579	0.6881	0.7077	0.02799	446	0.9930	57	1.014	0.8687	97.3051	98.3045	0.4965	5.17	AlfI:97.98,AloI:97.73,BcgI:97.97,FalI:98.23	9437	446	10423	141	19.172645739910315	ok	97.5058	gamma
GCF_002154555.1	GCF_014673495.1	98.1899	98.3410	0.6944	0.6065	0.02465	587	0.9975	21	1.729	0.8951	98.0851	98.4531	0.5996	14.96	AlfI:98.30,AloI:98.25,BcgI:98.32,FalI:98.85	10002	587	10182	124	15.228279386712096	ok	98.1899	gamma
GCF_002197815.1	GCF_003052605.1	96.5637	97.9779	0.7571	0.7337	0.03115	188	0.9831	116	0.392	0.8710	96.7884	98.6343	0.2382	1.22	AlfI:97.92,AloI:98.15,BcgI:97.99,FalI:98.03	7143	188	8759	247	36.787234042553195	ok	96.5637	gamma
GCF_002200015.1	GCF_006384875.1	96.9662	97.8632	0.7962	0.7463	0.04756	71	0.9966	11	0.605	0.8656	96.8795	98.4091	0.5246	2.10	AlfI:98.01,AloI:97.49,BcgI:97.88,FalI:97.88	3978	71	4155	269	46.436619718309856	ok	96.9662	gamma
GCF_002208095.1	GCF_007035645.1	97.0504	97.4836	0.7969	0.9123	0.03906	39	0.9932	36	1.476	0.8354	96.8466	97.8967	0.5302	6.43	AlfI:97.61,AloI:97.88,BcgI:97.35,FalI:97.39	5416	39	6789	467	136.33333333333334	ok	97.0504	gamma
GCF_002220655.1	GCF_016742975.1	96.8269	97.1955	0.7677	0.8345	0.03899	62	0.9896	61	1.968	0.8134	96.6821	97.5761	0.2333	1.02	AlfI:97.20,AloI:97.39,BcgI:97.15,FalI:97.31	5968	62	7590	363	94.64516129032258	ok	96.8269	gamma
GCF_002803095.1	GCF_015712065.1	96.5625	97.1520	0.7434	0.8553	0.03320	105	0.9952	39	1.336	0.8104	96.4670	97.6771	0.5455	6.03	AlfI:97.05,AloI:97.10,BcgI:97.17,FalI:97.59	8430	105	10856	403	78.25714285714285	ok	96.5625	gamma
GCF_002813755.1	GCF_013394305.1	96.3666	97.2593	0.8235	0.8972	0.06675	22	0.9898	21	0.892	0.8222	96.3306	97.9152	0.4305	1.50	AlfI:97.55,AloI:97.26,BcgI:97.30,FalI:97.12	2304	22	2769	292	94	ok	96.3666	gamma
GCF_002836945.1	GCF_002836975.1	96.1569	96.6696	0.8730	0.8771	0.05084	121	0.9912	35	1.911	0.7752	96.0740	97.2134	0.4918	1.78	AlfI:96.61,AloI:97.04,BcgI:96.73,FalI:96.54	4222	121	5602	126	33.69421487603306	ok	96.1569	gamma
GCF_002843305.1	GCF_900114215.1	97.4712	98.0500	0.8405	0.8952	0.03162	103	0.9946	34	0.783	0.8752	97.2565	98.4611	0.4465	3.90	AlfI:98.01,AloI:97.95,BcgI:98.05,FalI:98.39	6677	103	7861	311	62.320388349514566	ok	97.4712	gamma
GCF_002921135.1	GCF_900635775.1	95.5099	96.4309	0.7991	0.8473	0.08399	63	0.9785	34	1.297	0.7586	95.5608	97.3174	1.6912	8.55	AlfI:96.46,AloI:97.86,BcgI:96.17,FalI:96.45	1711	63	2329	145	25.58730158730159	ok	95.5099	gamma
GCF_002929225.1	GCF_003935375.1	97.4562	97.9656	0.8149	0.8685	0.02877	73	0.9920	64	0.892	0.8701	97.2880	98.3227	0.1200	0.46	AlfI:97.98,AloI:98.06,BcgI:97.94,FalI:98.01	8097	73	9736	548	109.4931506849315	ok	97.4562	gamma
GCF_002929225.1	GCF_013409135.1	97.6245	98.0771	0.8149	0.9088	0.02776	57	0.9941	48	0.892	0.8779	97.4537	98.3876	0.1271	0.83	AlfI:98.10,AloI:98.16,BcgI:98.04,FalI:98.17	8197	57	9739	723	142.64912280701753	ok	97.6245	gamma
GCF_002939985.1	GCF_003064105.1	96.8222	97.2410	0.8180	0.7570	0.03040	198	0.9852	139	1.729	0.8169	96.6672	97.6614	0.5001	5.33	AlfI:97.18,AloI:97.68,BcgI:97.23,FalI:97.49	9745	198	12248	221	47.77272727272727	ok	96.8222	gamma
GCF_002982115.1	GCF_003049665.1	97.6704	98.0432	0.8145	0.7344	0.04472	69	0.9795	68	1.075	0.8775	97.4797	98.3226	0.2081	0.90	AlfI:98.09,AloI:98.15,BcgI:98.10,FalI:97.95	3454	69	3958	280	47.98550724637681	ok	97.6704	gamma
GCF_002989035.1	GCF_004802395.1	97.7240	98.1052	0.5472	0.5875	0.07957	103	0.9956	4	0.945	0.8816	97.5995	98.3526	0.5099	0.81	AlfI:98.09,AloI:98.50,BcgI:97.99,FalI:98.17	1277	103	1200	35	9.864077669902912	ok	97.7240	gamma
GCF_002989035.1	GCF_900475885.1	97.4767	97.8512	0.4879	0.4969	0.08970	92	0.9975	2	1.189	0.8643	97.3606	98.1226	0.4023	0.57	AlfI:97.71,AloI:98.11,BcgI:97.80,FalI:97.96	1254	92	1092	34	9.847826086956522	ok	97.4767	gamma
GCF_003044645.1	GCF_003351665.1	95.8839	96.4885	0.9101	0.9508	0.06847	25	0.9962	9	1.833	0.7595	95.8140	97.1581	0.4550	1.32	AlfI:96.63,AloI:96.76,BcgI:96.40,FalI:96.31	2501	25	3288	444	94.36	ok	95.8839	gamma
GCF_003044645.1	GCF_900654165.1	95.6657	96.2926	0.8991	0.9413	0.07108	24	0.9955	10	1.911	0.7439	95.6404	96.9931	0.5037	1.63	AlfI:96.45,AloI:96.61,BcgI:96.19,FalI:96.11	2282	24	3248	271	93.33333333333333	ok	95.6657	gamma
GCF_003112595.1	GCF_014651155.1	97.7411	98.0444	0.8706	0.9202	0.02477	85	0.9933	70	1.336	0.8749	97.5246	98.3083	0.6015	14.56	AlfI:98.02,AloI:97.97,BcgI:98.01,FalI:98.57	10727	85	12446	623	122.5764705882353	ok	97.7411	gamma
GCF_003144325.1	GCF_011046025.1	96.3660	96.9485	0.8761	0.8406	0.06378	37	0.9959	10	1.476	0.7995	96.2744	97.4972	0.7175	2.32	AlfI:96.95,AloI:97.51,BcgI:96.80,FalI:97.01	2546	37	3324	273	67.10810810810811	ok	96.3660	gamma
GCF_003148585.1	GCF_014897815.1	96.3102	97.1084	0.8538	0.8021	0.06006	60	0.9872	33	1.075	0.8098	96.2470	97.7678	0.6058	1.89	AlfI:97.19,AloI:97.45,BcgI:97.17,FalI:96.84	2668	60	3499	156	43.3	ok	96.3102	gamma
GCF_003148585.1	GCF_016107535.1	96.4060	97.2101	0.8684	0.8719	0.05825	60	0.9875	33	1.014	0.8174	96.3319	97.8504	0.6980	3.26	AlfI:97.21,AloI:97.59,BcgI:97.36,FalI:96.89	2732	60	3570	337	44.6	ok	96.4060	gamma
GCF_003148585.1	GCF_904846075.1	96.2706	97.1416	0.8870	0.8934	0.05911	47	0.9932	18	1.014	0.8123	96.1730	97.8770	0.3973	1.38	AlfI:97.12,AloI:96.86,BcgI:97.26,FalI:96.96	2762	47	3609	225	57.12765957446808	ok	96.2706	gamma
GCF_003264365.1	GCF_003857035.1	96.8180	97.2809	0.7567	0.7683	0.03416	340	0.9704	218	1.565	0.8194	96.6467	97.7407	0.8178	13.76	AlfI:97.37,AloI:97.45,BcgI:97.16,FalI:97.98	7912	340	9707	141	22.008823529411764	ok	96.8180	gamma
GCF_003264365.1	GCF_018070325.1	96.4270	96.9454	0.8130	0.8034	0.03576	258	0.9817	136	1.729	0.7938	96.2512	97.5337	1.1610	26.95	AlfI:96.72,AloI:97.38,BcgI:96.87,FalI:97.88	7905	258	10243	136	29.3062015503876	ok	96.4270	gamma
GCF_003264365.1	GCF_900091575.1	97.2991	97.6756	0.8777	0.9078	0.02940	157	0.9959	35	1.476	0.8487	97.0823	98.0373	0.7012	19.81	AlfI:97.57,AloI:98.07,BcgI:97.59,FalI:98.27	8986	157	10856	377	55.62420382165605	ok	97.2991	gamma
GCF_003293675.1	GCF_003397705.1	96.0317	96.9451	0.9086	0.9082	0.07447	15	0.9922	14	1.044	0.7974	96.0152	97.7207	0.4492	2.62	AlfI:97.13,AloI:96.87,BcgI:96.68,FalI:97.11	1822	15	2467	335	119	ok	96.0317	gamma
GCF_003351665.1	GCF_900654165.1	95.7504	96.4022	0.8906	0.9284	0.06932	29	0.9878	28	1.781	0.7527	95.7000	97.1273	0.7695	2.96	AlfI:96.46,AloI:97.06,BcgI:96.29,FalI:96.34	2389	29	3317	347	79.41379310344827	ok	95.7504	gamma
GCF_003474435.1	GCF_013304825.1	96.0775	97.3315	0.6641	0.7165	0.06425	86	0.9879	26	0.650	0.8265	96.2136	98.1186	0.1715	0.24	AlfI:97.33,AloI:97.21,BcgI:97.34,FalI:97.38	2392	86	2970	135	25.662790697674417	ok	96.0775	gamma
GCF_003501885.1	GCF_014649875.1	96.8925	97.3339	0.7591	0.7755	0.03386	332	0.9960	29	1.584	0.8233	96.7125	97.7712	0.7507	12.82	AlfI:97.22,AloI:97.21,BcgI:97.32,FalI:97.96	7972	332	9722	158	22.71385542168675	ok	96.8925	gamma
GCF_003634515.1	GCF_007035645.1	95.8218	96.4445	0.8724	0.9088	0.04818	46	0.9930	33	1.833	0.7557	95.7460	97.1548	0.4065	4.22	AlfI:96.61,AloI:96.68,BcgI:96.27,FalI:96.51	4809	46	6774	404	103	ok	95.8218	gamma
GCF_003635025.1	GCF_900112555.1	96.8222	97.4197	0.8822	0.9488	0.02632	83	0.9933	81	1.174	0.8296	96.6590	97.9345	0.3589	3.87	AlfI:97.48,AloI:97.17,BcgI:97.43,FalI:97.53	12514	83	15588	789	144.67469879518072	ok	96.8222	gamma
GCF_003675955.1	GCF_017874715.1	96.6457	97.2394	0.7499	0.8244	0.02869	150	0.9865	147	1.297	0.8162	96.5025	97.7819	0.8501	18.29	AlfI:97.19,AloI:97.04,BcgI:97.22,FalI:97.89	13240	150	14271	476	72.66	ok	96.6457	gamma
GCF_003732545.1	GCF_003788635.1	97.5658	98.0183	0.8197	0.8780	0.03417	117	0.9939	33	0.918	0.8735	97.4328	98.3192	0.5763	3.99	AlfI:98.07,AloI:97.87,BcgI:97.98,FalI:98.44	5638	117	6619	265	47.00854700854701	ok	97.5658	gamma
GCF_003851725.1	GCF_012396155.1	97.4201	97.4808	0.4282	0.4979	0.04346	511	0.9462	211	6.985	0.8345	97.4480	97.5003	1.1302	10.33	AlfI:97.42,AloI:97.72,BcgI:97.43,FalI:98.55	5491	511	5078	36	8.266144814090019	ok	97.4201	gamma
GCF_003856975.1	GCF_900177615.1	96.4862	97.0035	0.8815	0.8816	0.03939	41	0.9935	40	1.631	0.7982	96.3700	97.5213	1.1114	15.46	AlfI:96.88,AloI:96.94,BcgI:96.97,FalI:97.99	6245	41	8181	1203	149.1219512195122	ok	96.4862	gamma
GCF_003856975.1	GCF_900177795.1	96.5484	97.0513	0.9084	0.9093	0.03843	31	0.9953	30	1.631	0.8019	96.4284	97.5532	1.1280	16.92	AlfI:96.92,AloI:96.99,BcgI:97.02,FalI:98.05	6463	31	8429	650	204.8709677419355	ok	96.5484	gamma
GCF_003857035.1	GCF_900091575.1	96.9927	97.4787	0.7922	0.8306	0.03195	293	0.9964	28	1.336	0.8342	96.8125	97.9233	0.7478	13.51	AlfI:97.52,AloI:97.70,BcgI:97.37,FalI:98.12	8326	293	10193	193	27.238907849829353	ok	96.9927	gamma
GCF_003935375.1	GCF_013409135.1	97.4656	97.9659	0.8578	0.9247	0.02860	53	0.9973	22	0.918	0.8702	97.2769	98.3288	0.0797	0.38	AlfI:98.00,AloI:98.02,BcgI:97.94,FalI:97.94	8162	53	9854	737	152.67924528301887	ok	97.4656	gamma
GCF_003935375.1	GCF_900114065.1	97.4464	98.0173	0.8449	0.8775	0.02843	66	0.9955	36	0.783	0.8737	97.2778	98.3998	0.1332	0.58	AlfI:98.04,AloI:98.00,BcgI:97.99,FalI:98.13	8071	66	9740	579	120.96969696969697	ok	97.4464	gamma
GCF_003957375.1	GCF_013394305.1	96.7643	97.3645	0.9223	0.8863	0.06754	10	0.9954	9	1.189	0.8298	96.5879	97.8876	0.1177	0.09	AlfI:97.45,AloI:97.33,BcgI:97.36,FalI:97.35	2137	10	2539	744	194.4	ok	96.7643	gamma
GCF_004001025.1	GCF_017874615.1	96.0117	96.9574	0.8589	0.8728	0.04224	111	0.9908	51	1.014	0.7976	96.0179	97.7210	0.5052	6.21	AlfI:97.12,AloI:97.09,BcgI:97.00,FalI:96.61	5751	111	7708	374	50.252252252252255	ok	96.0117	gamma
GCF_004171285.1	GCF_013096535.2	95.4873	97.0664	0.5711	0.5188	0.13453	43	0.9232	42	0.623	0.8099	95.8132	98.0302	1.1262	2.65	AlfI:97.53,AloI:97.30,BcgI:96.40,FalI:97.01	692	43	772	55	12.744186046511627	ok	95.4873	gamma
GCF_004171285.1	GCF_018141665.1	95.4637	97.3963	0.6226	0.6340	0.12232	39	0.9363	38	0.473	0.8334	95.9030	98.4333	1.4115	5.39	AlfI:98.02,AloI:96.86,BcgI:96.60,FalI:97.39	713	39	834	70	15.333333333333334	ok	95.4637	gamma
GCF_004802395.1	GCF_900475885.1	96.4065	97.4650	0.8623	0.8426	0.08534	29	0.9822	21	0.709	0.8371	96.3531	98.2172	0.5727	3.45	AlfI:97.23,AloI:97.58,BcgI:97.25,FalI:97.80	1261	29	1568	156	40.86206896551724	ok	96.4065	gamma
GCF_005405925.1	GCF_018069625.1	96.8471	97.3910	0.8088	0.9013	0.02800	62	0.9943	61	1.297	0.8277	96.6590	97.8976	0.7907	22.62	AlfI:97.46,AloI:97.31,BcgI:97.29,FalI:98.08	12032	62	13982	1585	173.7258064516129	ok	96.8471	gamma
GCF_005981925.1	GCF_014650755.1	97.2009	97.4054	0.6509	0.6752	0.03435	410	0.9973	18	2.863	0.8289	97.0803	97.6223	0.4867	4.06	AlfI:97.31,AloI:97.26,BcgI:97.42,FalI:97.75	7754	410	8810	128	17.29268292682927	ok	97.2009	gamma
GCF_006402735.1	GCF_010998615.1	96.8491	97.3980	0.8759	0.8766	0.02895	212	0.9793	211	1.260	0.8288	96.6782	97.8941	0.6177	17.45	AlfI:97.42,AloI:97.53,BcgI:97.21,FalI:97.83	10759	212	13147	230	48.056603773584904	ok	96.8491	gamma
GCF_006402735.1	GCF_013116825.1	96.1489	96.8266	0.8202	0.8112	0.03357	279	0.9692	278	1.434	0.7857	96.0456	97.5173	0.9554	31.68	AlfI:96.90,AloI:96.95,BcgI:96.53,FalI:97.48	9739	279	12470	188	32.38351254480287	ok	96.1489	gamma
GCF_006402735.1	GCF_900101905.1	96.3400	97.0318	0.8781	0.8776	0.03169	97	0.9900	96	1.297	0.8014	96.1922	97.7126	0.8569	29.88	AlfI:97.18,AloI:97.07,BcgI:96.73,FalI:97.59	10060	97	12998	970	98.68041237113403	ok	96.3400	gamma
GCF_006402735.1	GCF_900106535.1	96.3821	96.9982	0.9083	0.8950	0.03123	90	0.9910	89	1.434	0.7989	96.2393	97.6218	0.8337	28.56	AlfI:97.04,AloI:97.19,BcgI:96.73,FalI:97.57	10490	90	13444	671	110.4	ok	96.3821	gamma
GCF_007035645.1	GCF_008364625.1	96.7739	97.2220	0.8901	0.9580	0.04157	39	0.9926	38	1.680	0.8159	96.5892	97.6842	0.1806	1.42	AlfI:97.33,AloI:97.30,BcgI:97.15,FalI:97.16	5237	39	6734	526	132.53846153846155	ok	96.7739	gamma
GCF_008520265.1	GCF_009829085.1	96.7103	97.4954	0.7116	0.7377	0.06639	90	0.9840	30	0.866	0.8394	96.5923	98.0826	0.6029	2.31	AlfI:97.61,AloI:97.89,BcgI:97.29,FalI:97.57	2087	90	2499	175	21.444444444444443	ok	96.7103	gamma
GCF_010998615.1	GCF_013116825.1	96.8059	97.2757	0.8311	0.8282	0.03058	319	0.9822	167	1.520	0.8198	96.6591	97.7246	0.7630	25.96	AlfI:97.38,AloI:97.44,BcgI:97.00,FalI:97.76	10197	319	12310	146	29.921630094043888	ok	96.8059	gamma
GCF_010998615.1	GCF_900101905.1	97.2503	97.6114	0.8584	0.8657	0.02792	217	0.9935	65	1.565	0.8444	97.0676	97.9510	0.6203	22.10	AlfI:97.77,AloI:97.62,BcgI:97.37,FalI:97.99	10623	217	12538	224	46.53917050691244	ok	97.2503	gamma
GCF_010998615.1	GCF_900106535.1	97.4611	97.7936	0.8898	0.8931	0.02614	217	0.9943	60	1.476	0.8575	97.2710	98.0944	0.5533	17.31	AlfI:97.82,AloI:97.92,BcgI:97.62,FalI:98.18	11264	217	13011	239	49.26728110599078	ok	97.4611	gamma
GCF_011058205.1	GCF_014769185.1	96.3872	97.4313	0.7019	0.7058	0.05838	127	0.9870	31	0.689	0.8329	96.4746	98.0795	0.6326	1.67	AlfI:97.50,AloI:96.94,BcgI:97.36,FalI:97.57	2801	127	3258	79	19.496062992125985	ok	96.3872	gamma
GCF_011058205.1	GCF_015602705.1	96.2756	97.2609	0.7017	0.8225	0.06071	102	0.9966	8	0.807	0.8203	96.3272	97.9409	0.7147	1.75	AlfI:97.20,AloI:96.71,BcgI:97.30,FalI:97.42	2556	102	3243	136	23.764705882352942	ok	96.2756	gamma
GCF_011758745.1	GCF_011758765.1	96.8657	97.1643	0.9383	0.9583	0.03279	38	0.9956	37	2.374	0.8101	96.7440	97.4831	0.9453	13.87	AlfI:97.08,AloI:97.27,BcgI:97.12,FalI:98.03	8568	38	10840	984	223.3684210526316	ok	96.8657	gamma
GCF_013116825.1	GCF_900101905.1	97.5676	97.8713	0.8453	0.8631	0.02618	303	0.9941	60	1.476	0.8630	97.4009	98.1293	0.5285	16.96	AlfI:97.98,AloI:97.84,BcgI:97.69,FalI:98.22	10962	303	12360	207	34.12211221122112	ok	97.5676	gamma
GCF_013116825.1	GCF_900106535.1	97.3895	97.6230	0.8439	0.8633	0.02784	291	0.9948	51	2.239	0.8453	97.2257	97.8671	0.6831	25.07	AlfI:97.73,AloI:97.74,BcgI:97.37,FalI:98.06	10807	291	12344	203	34.70446735395189	ok	97.3895	gamma
GCF_013349995.1	GCF_019134595.1	96.0859	96.5320	0.7665	0.8376	0.05405	92	0.9928	27	2.305	0.7680	95.9673	97.0648	0.5986	1.94	AlfI:96.70,AloI:97.04,BcgI:96.44,FalI:96.47	4038	92	5269	203	41.75	ok	96.0859	gamma
GCF_013409135.1	GCF_014764705.1	97.5050	97.9919	0.8520	0.8144	0.02864	79	0.9902	78	0.892	0.8720	97.3562	98.3215	0.2088	0.77	AlfI:97.96,AloI:98.14,BcgI:98.00,FalI:97.93	8049	79	9628	479	100.72151898734177	ok	97.5050	gamma
GCF_013409935.1	GCF_014648055.1	97.5647	98.0596	0.8994	0.8534	0.02849	81	0.9901	78	0.892	0.8756	97.3291	98.4312	0.6831	13.52	AlfI:98.20,AloI:97.61,BcgI:98.09,FalI:98.29	8136	81	9571	543	97.25925925925925	ok	97.5647	gamma
GCF_013460135.1	GCF_902713415.1	97.4950	97.4950	0.2397	0.3163	0.12836	58	0.8891	57	inf	0.8385	97.6402	97.4036	1.5962	1.34	AlfI:97.58,AloI:95.98,BcgI:97.56,FalI:97.55	864	58	589	24	8.879310344827585	ok	97.4950	uniform
GCF_014174215.1	GCF_014174375.1	97.0413	97.3641	0.7954	0.8171	0.03883	88	0.9930	39	1.968	0.8257	96.9231	97.6667	0.1975	1.66	AlfI:97.50,AloI:97.36,BcgI:97.30,FalI:97.37	5805	88	7059	382	63.60227272727273	ok	97.0413	gamma
GCF_014174375.1	GCF_014174395.1	96.1727	96.6162	0.7806	0.7886	0.04522	68	0.9931	35	2.305	0.7680	96.0282	97.1788	0.3933	1.06	AlfI:96.69,AloI:96.75,BcgI:96.58,FalI:96.36	5337	68	7111	269	75.48529411764706	ok	96.1727	gamma
GCF_014764705.1	GCF_900114065.1	97.5308	98.0759	0.7998	0.8632	0.02816	99	0.9951	38	0.783	0.8778	97.3411	98.4451	0.1140	0.22	AlfI:98.08,AloI:98.03,BcgI:98.07,FalI:98.15	8005	99	9577	533	79.74747474747475	ok	97.5308	gamma
GCF_014769185.1	GCF_015602705.1	96.0545	97.1826	0.7508	0.8892	0.06082	64	0.9963	9	0.761	0.8146	96.1686	97.9485	0.1217	0.28	AlfI:97.24,AloI:97.24,BcgI:97.12,FalI:97.20	2584	64	3370	156	38.6875	ok	96.0545	gamma
GCF_014897815.1	GCF_016107535.1	96.3211	97.2535	0.8109	0.8766	0.05800	68	0.9897	27	0.866	0.8206	96.3151	97.9319	0.4353	1.60	AlfI:97.30,AloI:97.45,BcgI:97.33,FalI:97.01	2731	68	3562	170	39.1764705882353	ok	96.3211	gamma
GCF_014897815.1	GCF_904846075.1	96.2493	96.9896	0.8288	0.8960	0.06027	52	0.9958	11	1.224	0.8009	96.1652	97.6459	0.3859	2.00	AlfI:97.03,AloI:97.07,BcgI:97.10,FalI:96.71	2754	52	3627	210	51.5	ok	96.2493	gamma
GCF_014897815.1	GCF_904846185.1	96.1193	96.9917	0.8137	0.8218	0.06064	67	0.9904	25	1.075	0.8011	96.0763	97.7204	1.0951	6.08	AlfI:97.02,AloI:96.11,BcgI:97.21,FalI:96.56	2722	67	3614	148	39.32835820895522	ok	96.1193	gamma
GCF_014897815.1	GCF_904846525.1	96.3334	96.9942	0.8127	0.8431	0.06035	67	0.9901	26	1.352	0.8012	96.2140	97.6081	0.9073	3.48	AlfI:97.11,AloI:96.21,BcgI:97.10,FalI:96.66	2693	67	3588	169	39.64179104477612	ok	96.3334	gamma
GCF_015712065.1	GCF_900102635.1	97.1895	97.8710	0.8280	0.8567	0.02827	77	0.9941	51	0.739	0.8635	97.0930	98.3044	0.1519	0.71	AlfI:97.88,AloI:97.92,BcgI:97.85,FalI:98.00	8806	77	10748	634	112.46753246753246	ok	97.1895	gamma
GCF_015712065.1	GCF_900106015.1	96.4247	97.2868	0.8268	0.8642	0.03281	77	0.9938	50	0.892	0.8207	96.4305	97.9111	0.2451	0.92	AlfI:97.27,AloI:97.23,BcgI:97.28,FalI:97.47	8288	77	10711	507	105.12987012987013	ok	96.4247	gamma
GCF_016107535.1	GCF_904846075.1	96.1413	97.0788	0.8934	0.8938	0.05954	49	0.9959	11	0.973	0.8076	96.1033	97.8413	0.6087	1.66	AlfI:97.16,AloI:97.45,BcgI:97.13,FalI:96.84	2768	49	3654	326	55.02040816326531	ok	96.1413	gamma
GCF_016107535.1	GCF_904846185.1	96.3805	97.1549	0.8638	0.8237	0.05870	64	0.9894	28	1.075	0.8133	96.3194	97.7745	0.9582	8.62	AlfI:97.27,AloI:96.40,BcgI:97.36,FalI:96.59	2749	64	3575	162	41.78125	ok	96.3805	gamma
GCF_016107535.1	GCF_904846525.1	96.4010	97.1385	0.8704	0.8551	0.05874	67	0.9891	29	1.140	0.8121	96.3022	97.7659	0.5928	3.28	AlfI:97.17,AloI:96.69,BcgI:97.29,FalI:96.82	2712	67	3600	219	40.11940298507463	ok	96.4010	gamma
GCF_018070325.1	GCF_900091575.1	96.5578	97.0393	0.8174	0.8787	0.03509	189	0.9940	45	1.729	0.8011	96.4000	97.5583	1.0556	20.46	AlfI:96.81,AloI:97.37,BcgI:96.99,FalI:97.86	7898	189	10189	299	40.44973544973545	ok	96.5578	gamma
GCF_900002405.1	GCF_900098745.1	97.0241	97.7575	0.7865	0.8036	0.04573	108	0.9880	41	0.807	0.8549	96.8453	98.3025	0.7184	9.29	AlfI:97.80,AloI:98.33,BcgI:97.61,FalI:98.12	3660	108	4451	130	32.379629629629626	ok	97.0241	gamma
GCF_900101905.1	GCF_900106535.1	97.5256	97.8400	0.8971	0.9139	0.02571	101	0.9940	65	1.476	0.8608	97.3502	98.1141	0.5780	21.40	AlfI:97.93,AloI:97.98,BcgI:97.63,FalI:98.20	11354	101	13063	1042	106.98019801980197	ok	97.5256	gamma
GCF_900102635.1	GCF_900106015.1	96.8851	97.9725	0.8316	0.8477	0.02797	73	0.9949	43	0.473	0.8706	96.9494	98.5288	0.3577	1.97	AlfI:97.94,AloI:97.77,BcgI:98.00,FalI:98.13	8685	73	10674	527	116.41095890410959	ok	96.8851	gamma
GCF_900110115.1	GCF_900141995.1	96.8325	97.3516	0.7944	0.8779	0.04499	43	0.9929	30	1.336	0.8252	96.7038	97.8021	0.2919	1.06	AlfI:97.45,AloI:97.21,BcgI:97.32,FalI:97.50	4298	43	5430	670	97.90697674418605	ok	96.8325	gamma
GCF_900112765.1	GCF_900116555.1	96.3920	97.0788	0.8628	0.9269	0.03841	50	0.9954	29	1.260	0.8034	96.2865	97.7047	0.5218	10.45	AlfI:97.41,AloI:96.94,BcgI:96.96,FalI:97.46	7615	50	8542	510	126.12	ok	96.3920	gamma
GCF_900129865.1	GCF_900166595.1	95.4048	96.4462	0.8783	0.8387	0.06968	39	0.9966	8	1.189	0.7637	95.4502	97.3948	0.4436	2.32	AlfI:96.70,AloI:96.69,BcgI:96.49,FalI:96.26	2866	39	3504	332	61.333333333333336	ok	95.4048	gamma
GCF_900177615.1	GCF_900177795.1	96.5326	96.9743	0.8351	0.8948	0.03962	44	0.9942	35	1.911	0.7959	96.3949	97.4555	1.1433	13.67	AlfI:96.74,AloI:96.94,BcgI:96.96,FalI:97.89	6246	44	8135	966	138.52272727272728	ok	96.5326	gamma
GCF_900239185.1	GCF_900239495.1	96.7155	97.6479	0.8213	0.8538	0.07393	34	0.9945	8	0.689	0.8503	96.6421	98.2605	0.1785	0.30	AlfI:97.75,AloI:97.76,BcgI:97.64,FalI:97.59	1533	34	1906	161	43.411764705882355	ok	96.7155	gamma
GCF_904846075.1	GCF_904846185.1	96.3644	97.1481	0.8945	0.8586	0.05803	51	0.9829	47	1.075	0.8128	96.2821	97.7980	0.3609	2.04	AlfI:97.25,AloI:96.90,BcgI:97.22,FalI:96.89	2853	51	3688	192	53.90196078431372	ok	96.3644	gamma
GCF_904846075.1	GCF_904846525.1	96.4072	97.0918	0.8923	0.8787	0.05862	48	0.9839	44	1.260	0.8086	96.2712	97.7198	0.8090	2.81	AlfI:97.18,AloI:96.39,BcgI:97.20,FalI:96.81	2769	48	3680	216	57.083333333333336	ok	96.4072	gamma
GCF_904846185.1	GCF_904846615.1	96.1638	97.0561	0.8565	0.9096	0.05905	46	0.9959	11	1.014	0.8059	96.1385	97.7707	1.0107	6.26	AlfI:97.22,AloI:96.21,BcgI:97.20,FalI:96.60	2817	46	3719	197	59.52173913043478	ok	96.1638	gamma
GCF_904846525.1	GCF_904846615.1	96.5030	97.2228	0.8758	0.9169	0.05713	43	0.9964	10	1.107	0.8183	96.3988	97.8144	1.3400	5.05	AlfI:97.36,AloI:96.02,BcgI:97.33,FalI:96.87	2802	43	3662	220	64.86046511627907	ok	96.5030	gamma
