query	reference	label	q_domain	r_domain	q_phylum	r_phylum	q_genus	r_genus	q_species	r_species	fastani_ani	skani_ani	skani_align_frac	s2b_raw_ani	s2b_gbrt_ani	s2b_shared_tags
GCF_000020225.1	GCF_002161325.1	high	d__Bacteria	d__Bacteria	p__Verrucomicrobiota	p__Verrucomicrobiota	g__Akkermansia	g__Akkermansia	s__Akkermansia muciniphila	s__Akkermansia muciniphila	0.996572	0.997000	95.260000	0.997978	0.990035	340
GCF_000020225.1	GCA_014871965.1	high	d__Bacteria	d__Bacteria	p__Verrucomicrobiota	p__Verrucomicrobiota	g__Akkermansia	g__Akkermansia	s__Akkermansia muciniphila	s__Akkermansia muciniphila	0.974295	0.975800	85.380000	0.987870	0.976449	389
GCF_002161325.1	GCA_014871965.1	high	d__Bacteria	d__Bacteria	p__Verrucomicrobiota	p__Verrucomicrobiota	g__Akkermansia	g__Akkermansia	s__Akkermansia muciniphila	s__Akkermansia muciniphila	0.973010	0.975400	85.400000	0.987935	0.976953	316
GCF_016890425.1	GCF_002901825.1	high	d__Bacteria	d__Bacteria	p__Firmicutes	p__Firmicutes	g__Mammaliicoccus	g__Mammaliicoccus	s__Mammaliicoccus sciuri	s__Mammaliicoccus sciuri	0.958447	0.958600	81.620000	0.982887	0.968539	126
GCF_016890425.1	GCF_016067395.1	high	d__Bacteria	d__Bacteria	p__Firmicutes	p__Firmicutes	g__Mammaliicoccus	g__Mammaliicoccus	s__Mammaliicoccus sciuri	s__Mammaliicoccus sciuri	0.980122	0.983400	85.670000	0.994318	0.985075	176
GCF_002901825.1	GCF_016067395.1	high	d__Bacteria	d__Bacteria	p__Firmicutes	p__Firmicutes	g__Mammaliicoccus	g__Mammaliicoccus	s__Mammaliicoccus sciuri	s__Mammaliicoccus sciuri	0.956755	0.956200	80.520000	0.975344	0.945291	109
GCF_008084125.1	GCA_002906095.1	high	d__Bacteria	d__Bacteria	p__Firmicutes	p__Firmicutes	g__Lactiplantibacillus	g__Lactiplantibacillus	s__Lactiplantibacillus plantarum	s__Lactiplantibacillus plantarum	0.983488	0.985500	78.470000	0.995148	0.985966	541
GCF_008084125.1	GCF_001633455.1	high	d__Bacteria	d__Bacteria	p__Firmicutes	p__Firmicutes	g__Lactiplantibacillus	g__Lactiplantibacillus	s__Lactiplantibacillus plantarum	s__Lactiplantibacillus plantarum	0.981731	0.982800	85.450000	0.992699	0.985148	672
GCF_008084125.1	GCF_014131735.1	high	d__Bacteria	d__Bacteria	p__Firmicutes	p__Firmicutes	g__Lactiplantibacillus	g__Lactiplantibacillus	s__Lactiplantibacillus plantarum	s__Lactiplantibacillus plantarum	0.990255	0.990700	89.250000	0.997011	0.987136	481
GCF_008084125.1	GCF_003346235.1	high	d__Bacteria	d__Bacteria	p__Firmicutes	p__Firmicutes	g__Lactiplantibacillus	g__Lactiplantibacillus	s__Lactiplantibacillus plantarum	s__Lactiplantibacillus plantarum	0.983717	0.986700	90.500000	0.993211	0.983848	626
GCA_002906095.1	GCF_001633455.1	high	d__Bacteria	d__Bacteria	p__Firmicutes	p__Firmicutes	g__Lactiplantibacillus	g__Lactiplantibacillus	s__Lactiplantibacillus plantarum	s__Lactiplantibacillus plantarum	0.977926	0.979800	74.760000	0.992489	0.983474	545
GCA_002906095.1	GCF_014131735.1	high	d__Bacteria	d__Bacteria	p__Firmicutes	p__Firmicutes	g__Lactiplantibacillus	g__Lactiplantibacillus	s__Lactiplantibacillus plantarum	s__Lactiplantibacillus plantarum	0.984280	0.985500	76.400000	0.995890	0.987253	441
GCA_002906095.1	GCF_003346235.1	high	d__Bacteria	d__Bacteria	p__Firmicutes	p__Firmicutes	g__Lactiplantibacillus	g__Lactiplantibacillus	s__Lactiplantibacillus plantarum	s__Lactiplantibacillus plantarum	0.978402	0.981100	78.330000	0.991499	0.981312	522
GCF_001633455.1	GCF_014131735.1	high	d__Bacteria	d__Bacteria	p__Firmicutes	p__Firmicutes	g__Lactiplantibacillus	g__Lactiplantibacillus	s__Lactiplantibacillus plantarum	s__Lactiplantibacillus plantarum	0.984624	0.984200	81.220000	0.992918	0.984510	706
GCF_001633455.1	GCF_003346235.1	high	d__Bacteria	d__Bacteria	p__Firmicutes	p__Firmicutes	g__Lactiplantibacillus	g__Lactiplantibacillus	s__Lactiplantibacillus plantarum	s__Lactiplantibacillus plantarum	0.996131	0.997900	95.640000	0.999299	0.993115	669
GCF_014131735.1	GCF_003346235.1	high	d__Bacteria	d__Bacteria	p__Firmicutes	p__Firmicutes	g__Lactiplantibacillus	g__Lactiplantibacillus	s__Lactiplantibacillus plantarum	s__Lactiplantibacillus plantarum	0.984214	0.987400	89.020000	0.993092	0.983360	579
GCA_902768155.1	GCA_902771995.1	high	d__Bacteria	d__Bacteria	p__Firmicutes_A	p__Firmicutes_A	g__RUG420	g__RUG420	s__RUG420 sp900317985	s__RUG420 sp900317985	0.991830	0.991800	92.670000	0.996150	0.987788	1047
GCA_902768155.1	GCA_900317985.1	high	d__Bacteria	d__Bacteria	p__Firmicutes_A	p__Firmicutes_A	g__RUG420	g__RUG420	s__RUG420 sp900317985	s__RUG420 sp900317985	0.989339	0.990700	92.920000	0.995523	0.987130	1082
GCA_902771995.1	GCA_900317985.1	high	d__Bacteria	d__Bacteria	p__Firmicutes_A	p__Firmicutes_A	g__RUG420	g__RUG420	s__RUG420 sp900317985	s__RUG420 sp900317985	0.989855	0.991800	92.670000	0.995938	0.987565	1031
GCF_015830935.1	GCF_001457455.1	high	d__Bacteria	d__Bacteria	p__Actinobacteriota	p__Actinobacteriota	g__Corynebacterium	g__Corynebacterium	s__Corynebacterium diphtheriae	s__Corynebacterium diphtheriae	0.951095	0.949600	83.770000	0.978398	0.958969	745
GCF_015830935.1	GCF_900205605.1	high	d__Bacteria	d__Bacteria	p__Actinobacteriota	p__Actinobacteriota	g__Corynebacterium	g__Corynebacterium	s__Corynebacterium diphtheriae	s__Corynebacterium diphtheriae	0.994840	0.996500	96.180000	0.998854	0.991504	1091
GCF_001457455.1	GCF_900205605.1	high	d__Bacteria	d__Bacteria	p__Actinobacteriota	p__Actinobacteriota	g__Corynebacterium	g__Corynebacterium	s__Corynebacterium diphtheriae	s__Corynebacterium diphtheriae	0.950830	0.949400	77.490000	0.979208	0.964901	750
GCF_000271085.1	GCF_000277775.2	high	d__Bacteria	d__Bacteria	p__Actinobacteriota	p__Actinobacteriota	g__Mycobacterium	g__Mycobacterium	s__Mycobacterium abscessus	s__Mycobacterium abscessus	0.986632	0.988100	95.000000	0.992766	0.958237	216
GCF_000271085.1	GCF_001213885.1	high	d__Bacteria	d__Bacteria	p__Actinobacteriota	p__Actinobacteriota	g__Mycobacterium	g__Mycobacterium	s__Mycobacterium abscessus	s__Mycobacterium abscessus	0.970820	0.971500	82.880000	0.985687	0.965640	965
GCF_000271085.1	GCA_000069185.1	high	d__Bacteria	d__Bacteria	p__Actinobacteriota	p__Actinobacteriota	g__Mycobacterium	g__Mycobacterium	s__Mycobacterium abscessus	s__Mycobacterium abscessus	0.970822	0.971400	86.110000	0.985032	0.971936	4163
GCF_000271085.1	GCF_001217125.1	high	d__Bacteria	d__Bacteria	p__Actinobacteriota	p__Actinobacteriota	g__Mycobacterium	g__Mycobacterium	s__Mycobacterium abscessus	s__Mycobacterium abscessus	0.969907	0.971500	88.130000	0.983766	0.965063	847
GCF_000277775.2	GCF_001213885.1	high	d__Bacteria	d__Bacteria	p__Actinobacteriota	p__Actinobacteriota	g__Mycobacterium	g__Mycobacterium	s__Mycobacterium abscessus	s__Mycobacterium abscessus	0.970656	0.971500	82.510000	0.985176	0.971901	3550
GCF_000277775.2	GCA_000069185.1	high	d__Bacteria	d__Bacteria	p__Actinobacteriota	p__Actinobacteriota	g__Mycobacterium	g__Mycobacterium	s__Mycobacterium abscessus	s__Mycobacterium abscessus	0.971420	0.972800	86.570000	0.000000	0.000000	0
GCF_000277775.2	GCF_001217125.1	high	d__Bacteria	d__Bacteria	p__Actinobacteriota	p__Actinobacteriota	g__Mycobacterium	g__Mycobacterium	s__Mycobacterium abscessus	s__Mycobacterium abscessus	0.970816	0.971500	87.820000	0.984991	0.971837	3527
GCF_001213885.1	GCA_000069185.1	high	d__Bacteria	d__Bacteria	p__Actinobacteriota	p__Actinobacteriota	g__Mycobacterium	g__Mycobacterium	s__Mycobacterium abscessus	s__Mycobacterium abscessus	0.992436	0.993600	90.560000	0.996412	1.000000	932
GCF_001213885.1	GCF_001217125.1	high	d__Bacteria	d__Bacteria	p__Actinobacteriota	p__Actinobacteriota	g__Mycobacterium	g__Mycobacterium	s__Mycobacterium abscessus	s__Mycobacterium abscessus	0.992503	0.993900	93.880000	0.996872	0.988482	3636
GCA_000069185.1	GCF_001217125.1	high	d__Bacteria	d__Bacteria	p__Actinobacteriota	p__Actinobacteriota	g__Mycobacterium	g__Mycobacterium	s__Mycobacterium abscessus	s__Mycobacterium abscessus	0.992682	0.992700	95.230000	0.997049	1.000000	985
GCF_001531965.1	GCF_018148415.1	high	d__Bacteria	d__Bacteria	p__Proteobacteria	p__Proteobacteria	g__Burkholderia	g__Burkholderia	s__Burkholderia cenocepacia	s__Burkholderia cenocepacia	0.992396	0.993900	91.360000	0.996673	0.987556	6499
GCF_001531965.1	GCF_900446215.1	high	d__Bacteria	d__Bacteria	p__Proteobacteria	p__Proteobacteria	g__Burkholderia	g__Burkholderia	s__Burkholderia cenocepacia	s__Burkholderia cenocepacia	0.990587	0.990300	86.160000	0.995772	0.987125	5883
GCF_018148415.1	GCF_900446215.1	high	d__Bacteria	d__Bacteria	p__Proteobacteria	p__Proteobacteria	g__Burkholderia	g__Burkholderia	s__Burkholderia cenocepacia	s__Burkholderia cenocepacia	0.988746	0.989700	85.020000	0.995366	0.987157	6797
GCF_900581095.1	GCF_900584965.1	high	d__Bacteria	d__Bacteria	p__Proteobacteria	p__Proteobacteria	g__Pseudomonas_E	g__Pseudomonas_E	s__Pseudomonas_E viridiflava	s__Pseudomonas_E viridiflava	0.980653	0.981200	92.810000	0.990352	0.980456	2993
GCF_900581095.1	GCF_900584575.1	high	d__Bacteria	d__Bacteria	p__Proteobacteria	p__Proteobacteria	g__Pseudomonas_E	g__Pseudomonas_E	s__Pseudomonas_E viridiflava	s__Pseudomonas_E viridiflava	0.980955	0.982000	92.810000	0.990195	0.980558	3235
GCF_900581095.1	GCF_019104025.1	high	d__Bacteria	d__Bacteria	p__Proteobacteria	p__Proteobacteria	g__Pseudomonas_E	g__Pseudomonas_E	s__Pseudomonas_E viridiflava	s__Pseudomonas_E viridiflava	0.970636	0.971500	91.310000	0.985404	0.973096	2490
GCF_900581095.1	GCF_001642795.1	high	d__Bacteria	d__Bacteria	p__Proteobacteria	p__Proteobacteria	g__Pseudomonas_E	g__Pseudomonas_E	s__Pseudomonas_E viridiflava	s__Pseudomonas_E viridiflava	0.981844	0.982400	93.360000	0.990608	0.980589	2908
GCF_900584965.1	GCF_900584575.1	high	d__Bacteria	d__Bacteria	p__Proteobacteria	p__Proteobacteria	g__Pseudomonas_E	g__Pseudomonas_E	s__Pseudomonas_E viridiflava	s__Pseudomonas_E viridiflava	0.999988	1.000000	99.980000	0.999974	0.994465	4850
GCF_900584965.1	GCF_019104025.1	high	d__Bacteria	d__Bacteria	p__Proteobacteria	p__Proteobacteria	g__Pseudomonas_E	g__Pseudomonas_E	s__Pseudomonas_E viridiflava	s__Pseudomonas_E viridiflava	0.969977	0.970100	89.830000	0.984946	0.973189	3502
GCF_900584965.1	GCF_001642795.1	high	d__Bacteria	d__Bacteria	p__Proteobacteria	p__Proteobacteria	g__Pseudomonas_E	g__Pseudomonas_E	s__Pseudomonas_E viridiflava	s__Pseudomonas_E viridiflava	0.980166	0.981200	92.090000	0.990637	0.980739	3134
GCF_900584575.1	GCF_019104025.1	high	d__Bacteria	d__Bacteria	p__Proteobacteria	p__Proteobacteria	g__Pseudomonas_E	g__Pseudomonas_E	s__Pseudomonas_E viridiflava	s__Pseudomonas_E viridiflava	0.970020	0.971600	89.500000	0.985144	0.972837	2478
GCF_900584575.1	GCF_001642795.1	high	d__Bacteria	d__Bacteria	p__Proteobacteria	p__Proteobacteria	g__Pseudomonas_E	g__Pseudomonas_E	s__Pseudomonas_E viridiflava	s__Pseudomonas_E viridiflava	0.980263	0.981200	92.120000	0.990505	0.980331	4183
GCF_019104025.1	GCF_001642795.1	high	d__Bacteria	d__Bacteria	p__Proteobacteria	p__Proteobacteria	g__Pseudomonas_E	g__Pseudomonas_E	s__Pseudomonas_E viridiflava	s__Pseudomonas_E viridiflava	0.970427	0.971500	91.030000	0.984586	0.970374	2512
GCF_003626185.1	GCF_009379655.1	high	d__Bacteria	d__Bacteria	p__Proteobacteria	p__Proteobacteria	g__Moraxella	g__Moraxella	s__Moraxella catarrhalis	s__Moraxella catarrhalis	0.992317	0.992800	92.620000	0.996936	0.988486	357
GCF_003626185.1	GCF_001632285.1	high	d__Bacteria	d__Bacteria	p__Proteobacteria	p__Proteobacteria	g__Moraxella	g__Moraxella	s__Moraxella catarrhalis	s__Moraxella catarrhalis	0.992080	0.990800	96.430000	0.997270	0.989832	435
GCF_009379655.1	GCF_001632285.1	high	d__Bacteria	d__Bacteria	p__Proteobacteria	p__Proteobacteria	g__Moraxella	g__Moraxella	s__Moraxella catarrhalis	s__Moraxella catarrhalis	0.990904	0.990200	95.460000	0.996290	0.987900	438
GCA_900466725.1	GCF_009649785.1	high	d__Bacteria	d__Bacteria	p__Proteobacteria	p__Proteobacteria	g__Agrobacterium	g__Agrobacterium	s__Agrobacterium fabacearum	s__Agrobacterium fabacearum	0.985081	0.985800	88.550000	0.992179	0.983474	2753
GCA_900466725.1	GCF_001427205.1	high	d__Bacteria	d__Bacteria	p__Proteobacteria	p__Proteobacteria	g__Agrobacterium	g__Agrobacterium	s__Agrobacterium fabacearum	s__Agrobacterium fabacearum	0.983250	0.982600	88.750000	0.992280	0.981161	3704
GCF_009649785.1	GCF_001427205.1	high	d__Bacteria	d__Bacteria	p__Proteobacteria	p__Proteobacteria	g__Agrobacterium	g__Agrobacterium	s__Agrobacterium fabacearum	s__Agrobacterium fabacearum	0.983435	0.983300	89.920000	0.992040	0.982799	2968
GCF_000020105.1	GCF_900453795.1	high	d__Bacteria	d__Bacteria	p__Proteobacteria	p__Proteobacteria	g__Neisseria	g__Neisseria	s__Neisseria gonorrhoeae	s__Neisseria gonorrhoeae	0.996165	0.996400	98.490000	0.998827	0.991372	1599
GCF_000020105.1	GCF_001126045.1	high	d__Bacteria	d__Bacteria	p__Proteobacteria	p__Proteobacteria	g__Neisseria	g__Neisseria	s__Neisseria gonorrhoeae	s__Neisseria gonorrhoeae	0.997668	0.998500	99.200000	0.999334	0.993003	1080
GCF_000020105.1	GCF_003315235.1	high	d__Bacteria	d__Bacteria	p__Proteobacteria	p__Proteobacteria	g__Neisseria	g__Neisseria	s__Neisseria gonorrhoeae	s__Neisseria gonorrhoeae	0.994460	0.995600	97.880000	0.998105	0.990796	1006
GCF_000020105.1	GCF_001092465.1	high	d__Bacteria	d__Bacteria	p__Proteobacteria	p__Proteobacteria	g__Neisseria	g__Neisseria	s__Neisseria gonorrhoeae	s__Neisseria gonorrhoeae	0.997863	0.998500	99.540000	0.999466	0.993007	819
GCF_900453795.1	GCF_001126045.1	high	d__Bacteria	d__Bacteria	p__Proteobacteria	p__Proteobacteria	g__Neisseria	g__Neisseria	s__Neisseria gonorrhoeae	s__Neisseria gonorrhoeae	0.995728	0.996000	98.020000	0.998772	0.991501	967
GCF_900453795.1	GCF_003315235.1	high	d__Bacteria	d__Bacteria	p__Proteobacteria	p__Proteobacteria	g__Neisseria	g__Neisseria	s__Neisseria gonorrhoeae	s__Neisseria gonorrhoeae	0.994596	0.995600	97.790000	0.998385	0.991320	1103
GCF_900453795.1	GCF_001092465.1	high	d__Bacteria	d__Bacteria	p__Proteobacteria	p__Proteobacteria	g__Neisseria	g__Neisseria	s__Neisseria gonorrhoeae	s__Neisseria gonorrhoeae	0.995531	0.996400	98.330000	0.998764	0.991504	986
GCF_001126045.1	GCF_003315235.1	high	d__Bacteria	d__Bacteria	p__Proteobacteria	p__Proteobacteria	g__Neisseria	g__Neisseria	s__Neisseria gonorrhoeae	s__Neisseria gonorrhoeae	0.995198	0.994800	97.100000	0.998288	0.991080	1095
GCF_001126045.1	GCF_001092465.1	high	d__Bacteria	d__Bacteria	p__Proteobacteria	p__Proteobacteria	g__Neisseria	g__Neisseria	s__Neisseria gonorrhoeae	s__Neisseria gonorrhoeae	0.999431	0.999700	99.690000	0.999862	0.994306	903
GCF_003315235.1	GCF_001092465.1	high	d__Bacteria	d__Bacteria	p__Proteobacteria	p__Proteobacteria	g__Neisseria	g__Neisseria	s__Neisseria gonorrhoeae	s__Neisseria gonorrhoeae	0.994419	0.995500	97.300000	0.998465	0.990742	1018
GCF_013106915.1	GCF_013107095.1	high	d__Bacteria	d__Bacteria	p__Proteobacteria	p__Proteobacteria	g__Rhodophyticola	g__Rhodophyticola	s__Rhodophyticola sp007827395	s__Rhodophyticola sp007827395	0.999992	0.999900	99.900000	0.999992	0.994411	4123
GCF_001568935.1	GCF_900156205.1	high	d__Bacteria	d__Bacteria	p__Spirochaetota	p__Spirochaetota	g__Leptospira	g__Leptospira	s__Leptospira interrogans	s__Leptospira interrogans	0.986530	0.987400	92.180000	0.993852	0.984522	366
GCF_001568935.1	GCF_019173465.1	high	d__Bacteria	d__Bacteria	p__Spirochaetota	p__Spirochaetota	g__Leptospira	g__Leptospira	s__Leptospira interrogans	s__Leptospira interrogans	0.999399	0.999900	98.410000	0.999868	0.994324	473
GCF_900156205.1	GCF_019173465.1	high	d__Bacteria	d__Bacteria	p__Spirochaetota	p__Spirochaetota	g__Leptospira	g__Leptospira	s__Leptospira interrogans	s__Leptospira interrogans	0.986241	0.987100	93.740000	0.993988	0.984773	421
GCF_015751045.1	GCF_000321885.1	high	d__Bacteria	d__Bacteria	p__Firmicutes	p__Firmicutes	g__Enterococcus_B	g__Enterococcus_B	s__Enterococcus_B lactis	s__Enterococcus_B lactis	0.982722	0.981400	83.480000	0.995359	0.987016	404
GCF_015751045.1	GCF_018397615.1	high	d__Bacteria	d__Bacteria	p__Firmicutes	p__Firmicutes	g__Enterococcus_B	g__Enterococcus_B	s__Enterococcus_B lactis	s__Enterococcus_B lactis	0.984299	0.985600	87.980000	0.992615	0.983601	347
GCF_000321885.1	GCF_018397615.1	high	d__Bacteria	d__Bacteria	p__Firmicutes	p__Firmicutes	g__Enterococcus_B	g__Enterococcus_B	s__Enterococcus_B lactis	s__Enterococcus_B lactis	0.978630	0.979600	83.040000	0.989874	0.979633	358
GCF_000309115.1	GCF_000215005.1	high	d__Bacteria	d__Bacteria	p__Proteobacteria	p__Proteobacteria	g__Acinetobacter	g__Acinetobacter	s__Acinetobacter baumannii	s__Acinetobacter baumannii	0.976752	0.978200	86.870000	0.990197	0.979085	475
GCF_000309115.1	GCF_000222285.1	high	d__Bacteria	d__Bacteria	p__Proteobacteria	p__Proteobacteria	g__Acinetobacter	g__Acinetobacter	s__Acinetobacter baumannii	s__Acinetobacter baumannii	0.977486	0.979200	84.540000	0.991039	0.981543	415
GCF_000309115.1	GCA_900476825.2	high	d__Bacteria	d__Bacteria	p__Proteobacteria	p__Proteobacteria	g__Acinetobacter	g__Acinetobacter	s__Acinetobacter baumannii	s__Acinetobacter baumannii	0.978080	0.977700	92.460000	0.989200	0.979172	544
GCF_000309115.1	GCF_009759685.1	high	d__Bacteria	d__Bacteria	p__Proteobacteria	p__Proteobacteria	g__Acinetobacter	g__Acinetobacter	s__Acinetobacter baumannii	s__Acinetobacter baumannii	0.977873	0.980500	86.670000	0.988248	0.977074	476
GCF_000215005.1	GCF_000222285.1	high	d__Bacteria	d__Bacteria	p__Proteobacteria	p__Proteobacteria	g__Acinetobacter	g__Acinetobacter	s__Acinetobacter baumannii	s__Acinetobacter baumannii	0.979570	0.980000	84.330000	0.992101	0.983080	542
GCF_000215005.1	GCA_900476825.2	high	d__Bacteria	d__Bacteria	p__Proteobacteria	p__Proteobacteria	g__Acinetobacter	g__Acinetobacter	s__Acinetobacter baumannii	s__Acinetobacter baumannii	0.978133	0.979500	91.350000	0.989813	0.979664	816
GCF_000215005.1	GCF_009759685.1	high	d__Bacteria	d__Bacteria	p__Proteobacteria	p__Proteobacteria	g__Acinetobacter	g__Acinetobacter	s__Acinetobacter baumannii	s__Acinetobacter baumannii	0.976883	0.977600	86.230000	0.989953	0.980017	1042
GCF_000222285.1	GCA_900476825.2	high	d__Bacteria	d__Bacteria	p__Proteobacteria	p__Proteobacteria	g__Acinetobacter	g__Acinetobacter	s__Acinetobacter baumannii	s__Acinetobacter baumannii	0.977843	0.978900	90.370000	0.989917	0.979504	406
GCF_000222285.1	GCF_009759685.1	high	d__Bacteria	d__Bacteria	p__Proteobacteria	p__Proteobacteria	g__Acinetobacter	g__Acinetobacter	s__Acinetobacter baumannii	s__Acinetobacter baumannii	0.977846	0.977300	84.860000	0.990051	0.979631	534
GCA_900476825.2	GCF_009759685.1	high	d__Bacteria	d__Bacteria	p__Proteobacteria	p__Proteobacteria	g__Acinetobacter	g__Acinetobacter	s__Acinetobacter baumannii	s__Acinetobacter baumannii	0.977864	0.979300	85.290000	0.990065	0.979892	821
GCF_002204955.1	GCF_001075365.1	high	d__Bacteria	d__Bacteria	p__Proteobacteria	p__Proteobacteria	g__Enterobacter	g__Enterobacter	s__Enterobacter hormaechei_A	s__Enterobacter hormaechei_A	0.959733	0.959600	86.290000	0.980968	0.966891	1307
GCF_002204955.1	GCF_002204935.1	high	d__Bacteria	d__Bacteria	p__Proteobacteria	p__Proteobacteria	g__Enterobacter	g__Enterobacter	s__Enterobacter hormaechei_A	s__Enterobacter hormaechei_A	0.999856	0.999900	99.960000	0.999961	0.994593	1622
GCF_002204955.1	GCF_900076845.1	high	d__Bacteria	d__Bacteria	p__Proteobacteria	p__Proteobacteria	g__Enterobacter	g__Enterobacter	s__Enterobacter hormaechei_A	s__Enterobacter hormaechei_A	0.959460	0.957000	86.910000	0.981186	0.967138	1078
GCF_002204955.1	GCF_001729745.1	high	d__Bacteria	d__Bacteria	p__Proteobacteria	p__Proteobacteria	g__Enterobacter	g__Enterobacter	s__Enterobacter hormaechei_A	s__Enterobacter hormaechei_A	0.990404	0.990600	90.720000	0.995067	0.986295	1248
GCF_001075365.1	GCF_002204935.1	high	d__Bacteria	d__Bacteria	p__Proteobacteria	p__Proteobacteria	g__Enterobacter	g__Enterobacter	s__Enterobacter hormaechei_A	s__Enterobacter hormaechei_A	0.960002	0.959700	86.120000	0.981423	0.964801	942
GCF_001075365.1	GCF_900076845.1	high	d__Bacteria	d__Bacteria	p__Proteobacteria	p__Proteobacteria	g__Enterobacter	g__Enterobacter	s__Enterobacter hormaechei_A	s__Enterobacter hormaechei_A	0.998567	0.998700	97.020000	0.999894	0.994481	1474
GCF_001075365.1	GCF_001729745.1	high	d__Bacteria	d__Bacteria	p__Proteobacteria	p__Proteobacteria	g__Enterobacter	g__Enterobacter	s__Enterobacter hormaechei_A	s__Enterobacter hormaechei_A	0.958922	0.958100	86.330000	0.979332	0.964898	1258
GCF_002204935.1	GCF_900076845.1	high	d__Bacteria	d__Bacteria	p__Proteobacteria	p__Proteobacteria	g__Enterobacter	g__Enterobacter	s__Enterobacter hormaechei_A	s__Enterobacter hormaechei_A	0.959419	0.956700	86.780000	0.980038	0.965704	1207
GCF_002204935.1	GCF_001729745.1	high	d__Bacteria	d__Bacteria	p__Proteobacteria	p__Proteobacteria	g__Enterobacter	g__Enterobacter	s__Enterobacter hormaechei_A	s__Enterobacter hormaechei_A	0.990874	0.990600	90.700000	0.994753	0.985137	1197
GCF_900076845.1	GCF_001729745.1	high	d__Bacteria	d__Bacteria	p__Proteobacteria	p__Proteobacteria	g__Enterobacter	g__Enterobacter	s__Enterobacter hormaechei_A	s__Enterobacter hormaechei_A	0.958992	0.957400	86.150000	0.980245	0.963472	628
GCF_011316825.1	GCA_900637675.1	high	d__Bacteria	d__Bacteria	p__Firmicutes	p__Firmicutes	g__Streptococcus	g__Streptococcus	s__Streptococcus equi	s__Streptococcus equi	0.969981	0.972800	77.330000	0.989631	0.978252	217
GCF_011316825.1	GCF_015689415.1	high	d__Bacteria	d__Bacteria	p__Firmicutes	p__Firmicutes	g__Streptococcus	g__Streptococcus	s__Streptococcus equi	s__Streptococcus equi	0.972138	0.972600	85.720000	0.991373	0.981861	163
GCA_900637675.1	GCF_015689415.1	high	d__Bacteria	d__Bacteria	p__Firmicutes	p__Firmicutes	g__Streptococcus	g__Streptococcus	s__Streptococcus equi	s__Streptococcus equi	0.968292	0.971600	82.510000	0.987338	0.970546	116
GCF_017876815.1	GCF_000473405.1	high	d__Bacteria	d__Bacteria	p__Proteobacteria	p__Proteobacteria	g__Sinorhizobium	g__Sinorhizobium	s__Sinorhizobium meliloti	s__Sinorhizobium meliloti	0.987107	0.987700	86.970000	0.992393	0.982770	2436
GCF_017876815.1	GCF_004001905.1	high	d__Bacteria	d__Bacteria	p__Proteobacteria	p__Proteobacteria	g__Sinorhizobium	g__Sinorhizobium	s__Sinorhizobium meliloti	s__Sinorhizobium meliloti	0.989012	0.990700	88.210000	0.996691	0.988077	4476
GCF_000473405.1	GCF_004001905.1	high	d__Bacteria	d__Bacteria	p__Proteobacteria	p__Proteobacteria	g__Sinorhizobium	g__Sinorhizobium	s__Sinorhizobium meliloti	s__Sinorhizobium meliloti	0.989764	0.990100	88.370000	0.997278	0.990276	4237
GCF_002699855.1	GCF_001538045.1	high	d__Bacteria	d__Bacteria	p__Proteobacteria	p__Proteobacteria	g__Pseudomonas_E	g__Pseudomonas_E	s__Pseudomonas_E amygdali	s__Pseudomonas_E amygdali	0.984624	0.986500	82.750000	0.993412	0.984322	2443
GCF_002699855.1	GCF_001400605.1	high	d__Bacteria	d__Bacteria	p__Proteobacteria	p__Proteobacteria	g__Pseudomonas_E	g__Pseudomonas_E	s__Pseudomonas_E amygdali	s__Pseudomonas_E amygdali	0.976259	0.977600	82.020000	0.990751	0.981195	2284
GCF_001538045.1	GCF_001400605.1	high	d__Bacteria	d__Bacteria	p__Proteobacteria	p__Proteobacteria	g__Pseudomonas_E	g__Pseudomonas_E	s__Pseudomonas_E amygdali	s__Pseudomonas_E amygdali	0.976891	0.980000	85.080000	0.989813	0.979716	2267
GCF_000959525.1	GCF_002981755.1	high	d__Bacteria	d__Bacteria	p__Proteobacteria	p__Proteobacteria	g__Burkholderia	g__Burkholderia	s__Burkholderia multivorans	s__Burkholderia multivorans	0.972196	0.972900	87.130000	0.986030	0.974131	6391
GCF_000959525.1	GCF_002980815.1	high	d__Bacteria	d__Bacteria	p__Proteobacteria	p__Proteobacteria	g__Burkholderia	g__Burkholderia	s__Burkholderia multivorans	s__Burkholderia multivorans	0.970495	0.971600	87.910000	0.984798	0.971765	5618
GCF_002981755.1	GCF_002980815.1	high	d__Bacteria	d__Bacteria	p__Proteobacteria	p__Proteobacteria	g__Burkholderia	g__Burkholderia	s__Burkholderia multivorans	s__Burkholderia multivorans	0.979401	0.980800	93.370000	0.989382	0.980002	6628
GCF_000008985.1	GCF_014672895.1	high	d__Bacteria	d__Bacteria	p__Proteobacteria	p__Proteobacteria	g__Francisella	g__Francisella	s__Francisella tularensis	s__Francisella tularensis	0.992227	0.994000	97.300000	0.996324	0.987950	102
GCF_000008985.1	GCA_009813475.1	high	d__Bacteria	d__Bacteria	p__Proteobacteria	p__Proteobacteria	g__Francisella	g__Francisella	s__Francisella tularensis	s__Francisella tularensis	0.991789	0.994000	97.230000	0.996528	0.988109	99
GCF_000008985.1	GCA_009814345.1	high	d__Bacteria	d__Bacteria	p__Proteobacteria	p__Proteobacteria	g__Francisella	g__Francisella	s__Francisella tularensis	s__Francisella tularensis	0.992073	0.993700	97.140000	0.997685	0.990365	108
GCF_000008985.1	GCA_009814645.1	high	d__Bacteria	d__Bacteria	p__Proteobacteria	p__Proteobacteria	g__Francisella	g__Francisella	s__Francisella tularensis	s__Francisella tularensis	0.992272	0.994000	97.440000	0.996811	0.988357	98
GCF_014672895.1	GCA_009813475.1	high	d__Bacteria	d__Bacteria	p__Proteobacteria	p__Proteobacteria	g__Francisella	g__Francisella	s__Francisella tularensis	s__Francisella tularensis	0.999349	0.999500	98.720000	1.000000	0.994571	89
GCF_014672895.1	GCA_009814345.1	high	d__Bacteria	d__Bacteria	p__Proteobacteria	p__Proteobacteria	g__Francisella	g__Francisella	s__Francisella tularensis	s__Francisella tularensis	0.999377	0.999500	98.590000	1.000000	0.994633	109
GCF_014672895.1	GCA_009814645.1	high	d__Bacteria	d__Bacteria	p__Proteobacteria	p__Proteobacteria	g__Francisella	g__Francisella	s__Francisella tularensis	s__Francisella tularensis	0.999360	0.999500	98.740000	1.000000	0.994493	130
GCA_009813475.1	GCA_009814345.1	high	d__Bacteria	d__Bacteria	p__Proteobacteria	p__Proteobacteria	g__Francisella	g__Francisella	s__Francisella tularensis	s__Francisella tularensis	0.999962	1.000000	98.800000	1.000000	0.994621	104
GCA_009813475.1	GCA_009814645.1	high	d__Bacteria	d__Bacteria	p__Proteobacteria	p__Proteobacteria	g__Francisella	g__Francisella	s__Francisella tularensis	s__Francisella tularensis	0.999922	1.000000	98.820000	1.000000	0.994622	125
GCA_009814345.1	GCA_009814645.1	high	d__Bacteria	d__Bacteria	p__Proteobacteria	p__Proteobacteria	g__Francisella	g__Francisella	s__Francisella tularensis	s__Francisella tularensis	0.999904	1.000000	98.850000	1.000000	0.994371	87
GCF_002554975.1	GCF_002200215.1	high	d__Bacteria	d__Bacteria	p__Firmicutes	p__Firmicutes	g__Bacillus_A	g__Bacillus_A	s__Bacillus_A wiedmannii	s__Bacillus_A wiedmannii	0.963025	0.964700	81.270000	0.988391	0.977549	428
GCF_002554975.1	GCF_001583695.1	high	d__Bacteria	d__Bacteria	p__Firmicutes	p__Firmicutes	g__Bacillus_A	g__Bacillus_A	s__Bacillus_A wiedmannii	s__Bacillus_A wiedmannii	0.963320	0.963300	83.810000	0.987274	0.975774	388
GCF_002200215.1	GCF_001583695.1	high	d__Bacteria	d__Bacteria	p__Firmicutes	p__Firmicutes	g__Bacillus_A	g__Bacillus_A	s__Bacillus_A wiedmannii	s__Bacillus_A wiedmannii	0.988185	0.990200	92.970000	0.996467	0.987793	513
GCF_003432975.1	GCA_015679705.1	high	d__Bacteria	d__Bacteria	p__Proteobacteria	p__Proteobacteria	g__Neisseria	g__Neisseria	s__Neisseria meningitidis	s__Neisseria meningitidis	0.979041	0.978700	85.980000	0.991521	0.980284	1043
GCF_003432975.1	GCF_003494925.1	high	d__Bacteria	d__Bacteria	p__Proteobacteria	p__Proteobacteria	g__Neisseria	g__Neisseria	s__Neisseria meningitidis	s__Neisseria meningitidis	0.977979	0.980500	85.220000	0.990957	0.980708	705
GCF_003432975.1	GCF_000800415.1	high	d__Bacteria	d__Bacteria	p__Proteobacteria	p__Proteobacteria	g__Neisseria	g__Neisseria	s__Neisseria meningitidis	s__Neisseria meningitidis	0.978853	0.979100	85.480000	0.991496	0.980274	1040
GCF_003432975.1	GCF_900638555.1	high	d__Bacteria	d__Bacteria	p__Proteobacteria	p__Proteobacteria	g__Neisseria	g__Neisseria	s__Neisseria meningitidis	s__Neisseria meningitidis	0.977349	0.977400	85.290000	0.990854	0.980921	738
GCA_015679705.1	GCF_003494925.1	high	d__Bacteria	d__Bacteria	p__Proteobacteria	p__Proteobacteria	g__Neisseria	g__Neisseria	s__Neisseria meningitidis	s__Neisseria meningitidis	0.977217	0.980600	86.420000	0.991893	0.982210	956
GCA_015679705.1	GCF_000800415.1	high	d__Bacteria	d__Bacteria	p__Proteobacteria	p__Proteobacteria	g__Neisseria	g__Neisseria	s__Neisseria meningitidis	s__Neisseria meningitidis	0.999022	0.999200	98.860000	0.999744	0.994272	1955
GCA_015679705.1	GCF_900638555.1	high	d__Bacteria	d__Bacteria	p__Proteobacteria	p__Proteobacteria	g__Neisseria	g__Neisseria	s__Neisseria meningitidis	s__Neisseria meningitidis	0.975828	0.978400	86.850000	0.990234	0.991896	352
GCF_003494925.1	GCF_000800415.1	high	d__Bacteria	d__Bacteria	p__Proteobacteria	p__Proteobacteria	g__Neisseria	g__Neisseria	s__Neisseria meningitidis	s__Neisseria meningitidis	0.978052	0.980600	88.120000	0.991797	0.982114	960
GCF_003494925.1	GCF_900638555.1	high	d__Bacteria	d__Bacteria	p__Proteobacteria	p__Proteobacteria	g__Neisseria	g__Neisseria	s__Neisseria meningitidis	s__Neisseria meningitidis	0.976838	0.978100	87.220000	0.990811	0.980568	874
GCF_000800415.1	GCF_900638555.1	high	d__Bacteria	d__Bacteria	p__Proteobacteria	p__Proteobacteria	g__Neisseria	g__Neisseria	s__Neisseria meningitidis	s__Neisseria meningitidis	0.976301	0.978300	87.040000	0.990000	0.991662	350
GCF_002925905.1	GCF_007097185.1	high	d__Bacteria	d__Bacteria	p__Proteobacteria	p__Proteobacteria	g__Klebsiella	g__Klebsiella	s__Klebsiella michiganensis	s__Klebsiella michiganensis	0.988719	0.989000	89.690000	0.995361	0.987104	2196
GCF_002925905.1	GCF_007097115.1	high	d__Bacteria	d__Bacteria	p__Proteobacteria	p__Proteobacteria	g__Klebsiella	g__Klebsiella	s__Klebsiella michiganensis	s__Klebsiella michiganensis	0.988740	0.988600	89.800000	0.995596	0.987209	2313
GCF_007097185.1	GCF_007097115.1	high	d__Bacteria	d__Bacteria	p__Proteobacteria	p__Proteobacteria	g__Klebsiella	g__Klebsiella	s__Klebsiella michiganensis	s__Klebsiella michiganensis	0.999990	1.000000	99.910000	0.999888	0.994160	2234
GCA_003687235.1	GCF_001069395.1	high	d__Bacteria	d__Bacteria	p__Firmicutes	p__Firmicutes	g__Staphylococcus	g__Staphylococcus	s__Staphylococcus epidermidis	s__Staphylococcus epidermidis	0.997834	0.998100	89.620000	0.999686	0.993713	199
GCA_003687235.1	GCF_001070155.1	high	d__Bacteria	d__Bacteria	p__Firmicutes	p__Firmicutes	g__Staphylococcus	g__Staphylococcus	s__Staphylococcus epidermidis	s__Staphylococcus epidermidis	0.994101	0.995000	96.120000	0.998288	0.991387	146
GCA_003687235.1	GCF_000011925.1	high	d__Bacteria	d__Bacteria	p__Firmicutes	p__Firmicutes	g__Staphylococcus	g__Staphylococcus	s__Staphylococcus epidermidis	s__Staphylococcus epidermidis	0.990108	0.992200	87.250000	0.997357	0.989705	201
GCA_003687235.1	GCF_006742205.1	high	d__Bacteria	d__Bacteria	p__Firmicutes	p__Firmicutes	g__Staphylococcus	g__Staphylococcus	s__Staphylococcus epidermidis	s__Staphylococcus epidermidis	0.993919	0.994900	95.030000	0.999742	0.992997	121
GCF_001069395.1	GCF_001070155.1	high	d__Bacteria	d__Bacteria	p__Firmicutes	p__Firmicutes	g__Staphylococcus	g__Staphylococcus	s__Staphylococcus epidermidis	s__Staphylococcus epidermidis	0.994471	0.995500	95.280000	0.998457	0.991113	162
GCF_001069395.1	GCF_000011925.1	high	d__Bacteria	d__Bacteria	p__Firmicutes	p__Firmicutes	g__Staphylococcus	g__Staphylococcus	s__Staphylococcus epidermidis	s__Staphylococcus epidermidis	0.991269	0.992500	91.390000	0.998311	0.991134	185
GCF_001069395.1	GCF_006742205.1	high	d__Bacteria	d__Bacteria	p__Firmicutes	p__Firmicutes	g__Staphylococcus	g__Staphylococcus	s__Staphylococcus epidermidis	s__Staphylococcus epidermidis	0.994721	0.996000	95.200000	0.999566	0.993135	144
GCF_001070155.1	GCF_000011925.1	high	d__Bacteria	d__Bacteria	p__Firmicutes	p__Firmicutes	g__Staphylococcus	g__Staphylococcus	s__Staphylococcus epidermidis	s__Staphylococcus epidermidis	0.992785	0.993300	87.160000	0.997788	0.988217	113
GCF_001070155.1	GCF_006742205.1	high	d__Bacteria	d__Bacteria	p__Firmicutes	p__Firmicutes	g__Staphylococcus	g__Staphylococcus	s__Staphylococcus epidermidis	s__Staphylococcus epidermidis	0.995810	0.997100	94.310000	0.999850	0.994167	209
GCF_000011925.1	GCF_006742205.1	high	d__Bacteria	d__Bacteria	p__Firmicutes	p__Firmicutes	g__Staphylococcus	g__Staphylococcus	s__Staphylococcus epidermidis	s__Staphylococcus epidermidis	0.992066	0.992300	95.520000	0.993750	0.970746	10
GCF_001949325.1	GCF_000013285.1	high	d__Bacteria	d__Bacteria	p__Firmicutes_A	p__Firmicutes_A	g__Clostridium_P	g__Clostridium_P	s__Clostridium_P perfringens	s__Clostridium_P perfringens	0.968850	0.970000	88.200000	0.997024	0.987919	21
GCF_001949325.1	GCA_000013845.2	high	d__Bacteria	d__Bacteria	p__Firmicutes_A	p__Firmicutes_A	g__Clostridium_P	g__Clostridium_P	s__Clostridium_P perfringens	s__Clostridium_P perfringens	0.953978	0.950200	78.410000	0.994318	0.985304	22
GCF_000013285.1	GCA_000013845.2	high	d__Bacteria	d__Bacteria	p__Firmicutes_A	p__Firmicutes_A	g__Clostridium_P	g__Clostridium_P	s__Clostridium_P perfringens	s__Clostridium_P perfringens	0.965506	0.969200	81.670000	0.994693	0.985120	53
GCF_009874325.1	GCF_000365305.1	high	d__Bacteria	d__Bacteria	p__Proteobacteria	p__Proteobacteria	g__Dickeya	g__Dickeya	s__Dickeya dianthicola	s__Dickeya dianthicola	0.995376	0.995300	96.570000	0.998832	0.991572	1686
GCF_009874325.1	GCF_014893095.1	high	d__Bacteria	d__Bacteria	p__Proteobacteria	p__Proteobacteria	g__Dickeya	g__Dickeya	s__Dickeya dianthicola	s__Dickeya dianthicola	0.974105	0.976400	82.870000	0.990063	0.980236	1346
GCF_000365305.1	GCF_014893095.1	high	d__Bacteria	d__Bacteria	p__Proteobacteria	p__Proteobacteria	g__Dickeya	g__Dickeya	s__Dickeya dianthicola	s__Dickeya dianthicola	0.974805	0.971200	83.910000	0.990687	0.980032	2134
GCF_003383635.1	GCF_003185385.1	high	d__Bacteria	d__Bacteria	p__Firmicutes	p__Firmicutes	g__Staphylococcus	g__Staphylococcus	s__Staphylococcus pseudintermedius	s__Staphylococcus pseudintermedius	0.992809	0.991500	92.180000	0.997079	0.989085	428
GCF_003383635.1	GCF_001792775.2	high	d__Bacteria	d__Bacteria	p__Firmicutes	p__Firmicutes	g__Staphylococcus	g__Staphylococcus	s__Staphylococcus pseudintermedius	s__Staphylococcus pseudintermedius	0.993569	0.993000	93.260000	0.997551	0.990215	536
GCF_003185385.1	GCF_001792775.2	high	d__Bacteria	d__Bacteria	p__Firmicutes	p__Firmicutes	g__Staphylococcus	g__Staphylococcus	s__Staphylococcus pseudintermedius	s__Staphylococcus pseudintermedius	0.993167	0.993600	93.470000	0.996388	0.987910	398
GCF_000438685.2	GCF_000727125.1	high	d__Bacteria	d__Bacteria	p__Firmicutes	p__Firmicutes	g__Listeria	g__Listeria	s__Listeria monocytogenes_B	s__Listeria monocytogenes_B	0.993256	0.993200	92.360000	0.996002	0.987613	641
GCF_000438685.2	GCF_000168815.1	high	d__Bacteria	d__Bacteria	p__Firmicutes	p__Firmicutes	g__Listeria	g__Listeria	s__Listeria monocytogenes_B	s__Listeria monocytogenes_B	0.993175	0.993000	92.310000	0.997389	0.988957	359
GCF_000438685.2	GCF_000307025.1	high	d__Bacteria	d__Bacteria	p__Firmicutes	p__Firmicutes	g__Listeria	g__Listeria	s__Listeria monocytogenes_B	s__Listeria monocytogenes_B	0.994184	0.993200	94.200000	0.996229	0.987062	895
GCF_000438685.2	GCF_900029175.1	high	d__Bacteria	d__Bacteria	p__Firmicutes	p__Firmicutes	g__Listeria	g__Listeria	s__Listeria monocytogenes_B	s__Listeria monocytogenes_B	0.992520	0.992300	94.220000	0.996075	0.987686	629
GCF_000727125.1	GCF_000168815.1	high	d__Bacteria	d__Bacteria	p__Firmicutes	p__Firmicutes	g__Listeria	g__Listeria	s__Listeria monocytogenes_B	s__Listeria monocytogenes_B	0.993113	0.994400	93.900000	0.996932	0.988671	550
GCF_000727125.1	GCF_000307025.1	high	d__Bacteria	d__Bacteria	p__Firmicutes	p__Firmicutes	g__Listeria	g__Listeria	s__Listeria monocytogenes_B	s__Listeria monocytogenes_B	0.995183	0.995700	95.140000	0.995719	0.987330	657
GCF_000727125.1	GCF_900029175.1	high	d__Bacteria	d__Bacteria	p__Firmicutes	p__Firmicutes	g__Listeria	g__Listeria	s__Listeria monocytogenes_B	s__Listeria monocytogenes_B	0.997855	0.998400	98.090000	0.999685	0.993838	794
GCF_000168815.1	GCF_000307025.1	high	d__Bacteria	d__Bacteria	p__Firmicutes	p__Firmicutes	g__Listeria	g__Listeria	s__Listeria monocytogenes_B	s__Listeria monocytogenes_B	0.999670	0.999700	97.220000	0.999920	0.994454	389
GCF_000168815.1	GCF_900029175.1	high	d__Bacteria	d__Bacteria	p__Firmicutes	p__Firmicutes	g__Listeria	g__Listeria	s__Listeria monocytogenes_B	s__Listeria monocytogenes_B	0.994941	0.994600	94.100000	0.996875	0.988614	570
GCF_000307025.1	GCF_900029175.1	high	d__Bacteria	d__Bacteria	p__Firmicutes	p__Firmicutes	g__Listeria	g__Listeria	s__Listeria monocytogenes_B	s__Listeria monocytogenes_B	0.995033	0.995900	93.010000	0.995576	0.987187	657
GCF_013300365.1	GCF_000154065.1	high	d__Bacteria	d__Bacteria	p__Firmicutes_A	p__Firmicutes_A	g__Dorea_A	g__Dorea_A	s__Dorea_A longicatena	s__Dorea_A longicatena	0.985802	0.986100	83.520000	0.994869	0.986881	268
GCF_013300365.1	GCF_013299905.1	high	d__Bacteria	d__Bacteria	p__Firmicutes_A	p__Firmicutes_A	g__Dorea_A	g__Dorea_A	s__Dorea_A longicatena	s__Dorea_A longicatena	0.990683	0.991600	89.480000	0.996756	0.988383	501
GCF_000154065.1	GCF_013299905.1	high	d__Bacteria	d__Bacteria	p__Firmicutes_A	p__Firmicutes_A	g__Dorea_A	g__Dorea_A	s__Dorea_A longicatena	s__Dorea_A longicatena	0.985635	0.986500	80.790000	0.995370	0.987162	405
GCF_000628045.1	GCF_000628105.1	high	d__Bacteria	d__Bacteria	p__Firmicutes	p__Firmicutes	g__Streptococcus	g__Streptococcus	s__Streptococcus pyogenes	s__Streptococcus pyogenes	0.999986	1.000000	100.000000	1.000000	0.994467	398
GCF_000628045.1	GCF_002055535.1	high	d__Bacteria	d__Bacteria	p__Firmicutes	p__Firmicutes	g__Streptococcus	g__Streptococcus	s__Streptococcus pyogenes	s__Streptococcus pyogenes	0.998092	0.999200	92.960000	1.000000	0.994159	349
GCF_000628045.1	GCF_000006785.2	high	d__Bacteria	d__Bacteria	p__Firmicutes	p__Firmicutes	g__Streptococcus	g__Streptococcus	s__Streptococcus pyogenes	s__Streptococcus pyogenes	0.997649	0.998800	94.210000	1.000000	0.994159	338
GCF_000628045.1	GCF_000628065.1	high	d__Bacteria	d__Bacteria	p__Firmicutes	p__Firmicutes	g__Streptococcus	g__Streptococcus	s__Streptococcus pyogenes	s__Streptococcus pyogenes	0.999963	1.000000	100.000000	1.000000	0.994467	398
GCF_000628105.1	GCF_002055535.1	high	d__Bacteria	d__Bacteria	p__Firmicutes	p__Firmicutes	g__Streptococcus	g__Streptococcus	s__Streptococcus pyogenes	s__Streptococcus pyogenes	0.998131	0.999500	92.820000	1.000000	0.994159	349
GCF_000628105.1	GCF_000006785.2	high	d__Bacteria	d__Bacteria	p__Firmicutes	p__Firmicutes	g__Streptococcus	g__Streptococcus	s__Streptococcus pyogenes	s__Streptococcus pyogenes	0.997747	0.999400	94.220000	1.000000	0.994159	338
GCF_000628105.1	GCF_000628065.1	high	d__Bacteria	d__Bacteria	p__Firmicutes	p__Firmicutes	g__Streptococcus	g__Streptococcus	s__Streptococcus pyogenes	s__Streptococcus pyogenes	0.999956	0.999900	100.000000	1.000000	0.994467	398
GCF_002055535.1	GCF_000006785.2	high	d__Bacteria	d__Bacteria	p__Firmicutes	p__Firmicutes	g__Streptococcus	g__Streptococcus	s__Streptococcus pyogenes	s__Streptococcus pyogenes	0.997233	0.997000	96.470000	0.999917	0.994410	376
GCF_002055535.1	GCF_000628065.1	high	d__Bacteria	d__Bacteria	p__Firmicutes	p__Firmicutes	g__Streptococcus	g__Streptococcus	s__Streptococcus pyogenes	s__Streptococcus pyogenes	0.998283	0.999200	97.780000	1.000000	0.994159	349
GCF_000006785.2	GCF_000628065.1	high	d__Bacteria	d__Bacteria	p__Firmicutes	p__Firmicutes	g__Streptococcus	g__Streptococcus	s__Streptococcus pyogenes	s__Streptococcus pyogenes	0.997469	0.999100	95.900000	1.000000	0.994328	338
GCF_013309755.1	GCF_001538885.1	high	d__Bacteria	d__Bacteria	p__Proteobacteria	p__Proteobacteria	g__Serratia	g__Serratia	s__Serratia marcescens_K	s__Serratia marcescens_K	0.988002	0.988600	89.960000	0.993715	0.984593	2158
GCF_013309755.1	GCF_002220655.1	high	d__Bacteria	d__Bacteria	p__Proteobacteria	p__Proteobacteria	g__Serratia	g__Serratia	s__Serratia marcescens_K	s__Serratia marcescens_K	0.986502	0.987300	90.440000	0.993338	0.984029	2627
GCF_001538885.1	GCF_002220655.1	high	d__Bacteria	d__Bacteria	p__Proteobacteria	p__Proteobacteria	g__Serratia	g__Serratia	s__Serratia marcescens_K	s__Serratia marcescens_K	0.985903	0.987400	89.240000	0.992633	0.985563	2384
GCF_000762065.1	GCF_000372485.1	high	d__Bacteria	d__Bacteria	p__Firmicutes	p__Firmicutes	g__Oenococcus	g__Oenococcus	s__Oenococcus oeni	s__Oenococcus oeni	0.997507	0.998200	95.990000	0.998576	0.991316	395
GCF_000762065.1	GCF_000762105.1	high	d__Bacteria	d__Bacteria	p__Firmicutes	p__Firmicutes	g__Oenococcus	g__Oenococcus	s__Oenococcus oeni	s__Oenococcus oeni	0.997737	0.996200	94.410000	0.999452	0.991236	228
GCF_000372485.1	GCF_000762105.1	high	d__Bacteria	d__Bacteria	p__Firmicutes	p__Firmicutes	g__Oenococcus	g__Oenococcus	s__Oenococcus oeni	s__Oenococcus oeni	0.997442	0.997100	94.790000	0.999826	0.992861	180
GCF_003976565.1	GCF_001457615.1	high	d__Bacteria	d__Bacteria	p__Proteobacteria	p__Proteobacteria	g__Pseudomonas	g__Pseudomonas	s__Pseudomonas aeruginosa	s__Pseudomonas aeruginosa	0.993113	0.992300	95.710000	0.995813	1.000000	1112
GCF_003976565.1	GCF_900148285.1	high	d__Bacteria	d__Bacteria	p__Proteobacteria	p__Proteobacteria	g__Pseudomonas	g__Pseudomonas	s__Pseudomonas aeruginosa	s__Pseudomonas aeruginosa	0.980103	0.982600	92.660000	0.990293	0.978651	2466
GCF_003976565.1	GCF_900148295.1	high	d__Bacteria	d__Bacteria	p__Proteobacteria	p__Proteobacteria	g__Pseudomonas	g__Pseudomonas	s__Pseudomonas aeruginosa	s__Pseudomonas aeruginosa	0.980178	0.982600	91.800000	0.990181	0.980198	3014
GCF_003976565.1	GCF_001449325.1	high	d__Bacteria	d__Bacteria	p__Proteobacteria	p__Proteobacteria	g__Pseudomonas	g__Pseudomonas	s__Pseudomonas aeruginosa	s__Pseudomonas aeruginosa	0.988691	0.989000	94.710000	0.994023	0.985165	3989
GCF_001457615.1	GCF_900148285.1	high	d__Bacteria	d__Bacteria	p__Proteobacteria	p__Proteobacteria	g__Pseudomonas	g__Pseudomonas	s__Pseudomonas aeruginosa	s__Pseudomonas aeruginosa	0.981402	0.982800	93.210000	0.990344	0.980397	3052
GCF_001457615.1	GCF_900148295.1	high	d__Bacteria	d__Bacteria	p__Proteobacteria	p__Proteobacteria	g__Pseudomonas	g__Pseudomonas	s__Pseudomonas aeruginosa	s__Pseudomonas aeruginosa	0.981495	0.982900	92.370000	0.990361	0.980785	3213
GCF_001457615.1	GCF_001449325.1	high	d__Bacteria	d__Bacteria	p__Proteobacteria	p__Proteobacteria	g__Pseudomonas	g__Pseudomonas	s__Pseudomonas aeruginosa	s__Pseudomonas aeruginosa	0.988258	0.989200	95.080000	0.993961	0.983941	1925
GCF_900148285.1	GCF_900148295.1	high	d__Bacteria	d__Bacteria	p__Proteobacteria	p__Proteobacteria	g__Pseudomonas	g__Pseudomonas	s__Pseudomonas aeruginosa	s__Pseudomonas aeruginosa	0.999827	0.999900	99.110000	0.999880	0.994326	3908
GCF_900148285.1	GCF_001449325.1	high	d__Bacteria	d__Bacteria	p__Proteobacteria	p__Proteobacteria	g__Pseudomonas	g__Pseudomonas	s__Pseudomonas aeruginosa	s__Pseudomonas aeruginosa	0.979445	0.981300	90.930000	0.989962	0.980065	2973
GCF_900148295.1	GCF_001449325.1	high	d__Bacteria	d__Bacteria	p__Proteobacteria	p__Proteobacteria	g__Pseudomonas	g__Pseudomonas	s__Pseudomonas aeruginosa	s__Pseudomonas aeruginosa	0.979598	0.981600	91.210000	0.989688	0.979411	2891
GCF_001042655.1	GCF_002861965.1	high	d__Bacteria	d__Bacteria	p__Actinobacteriota	p__Actinobacteriota	g__Bifidobacterium	g__Bifidobacterium	s__Bifidobacterium vaginale	s__Bifidobacterium vaginale	0.985374	0.987300	92.530000	0.994647	0.985573	683
GCF_001042655.1	GCF_014857145.1	high	d__Bacteria	d__Bacteria	p__Actinobacteriota	p__Actinobacteriota	g__Bifidobacterium	g__Bifidobacterium	s__Bifidobacterium vaginale	s__Bifidobacterium vaginale	0.984830	0.984600	89.520000	0.993816	0.984673	379
GCF_002861965.1	GCF_014857145.1	high	d__Bacteria	d__Bacteria	p__Actinobacteriota	p__Actinobacteriota	g__Bifidobacterium	g__Bifidobacterium	s__Bifidobacterium vaginale	s__Bifidobacterium vaginale	0.985026	0.986400	90.610000	0.994731	0.985567	427
GCF_000479615.1	GCF_000690095.1	high	d__Bacteria	d__Bacteria	p__Proteobacteria	p__Proteobacteria	g__Bordetella	g__Bordetella	s__Bordetella pertussis	s__Bordetella pertussis	0.988138	0.989400	69.640000	0.994855	0.986558	1652
GCF_000479615.1	GCF_000690635.1	high	d__Bacteria	d__Bacteria	p__Proteobacteria	p__Proteobacteria	g__Bordetella	g__Bordetella	s__Bordetella pertussis	s__Bordetella pertussis	0.987929	0.990000	69.490000	0.994638	0.984603	2063
GCF_000479615.1	GCF_000689935.1	high	d__Bacteria	d__Bacteria	p__Proteobacteria	p__Proteobacteria	g__Bordetella	g__Bordetella	s__Bordetella pertussis	s__Bordetella pertussis	0.987951	0.988900	70.410000	0.993949	0.984907	1787
GCF_000479615.1	GCF_000306945.1	high	d__Bacteria	d__Bacteria	p__Proteobacteria	p__Proteobacteria	g__Bordetella	g__Bordetella	s__Bordetella pertussis	s__Bordetella pertussis	0.995899	0.998400	88.680000	0.999614	0.993795	2022
GCF_000690095.1	GCF_000690635.1	high	d__Bacteria	d__Bacteria	p__Proteobacteria	p__Proteobacteria	g__Bordetella	g__Bordetella	s__Bordetella pertussis	s__Bordetella pertussis	0.996985	0.997100	95.280000	0.998978	0.991691	3334
GCF_000690095.1	GCF_000689935.1	high	d__Bacteria	d__Bacteria	p__Proteobacteria	p__Proteobacteria	g__Bordetella	g__Bordetella	s__Bordetella pertussis	s__Bordetella pertussis	0.995893	0.995700	96.080000	0.998423	0.991155	2279
GCF_000690095.1	GCF_000306945.1	high	d__Bacteria	d__Bacteria	p__Proteobacteria	p__Proteobacteria	g__Bordetella	g__Bordetella	s__Bordetella pertussis	s__Bordetella pertussis	0.982187	0.987300	89.180000	0.994356	0.983177	1589
GCF_000690635.1	GCF_000689935.1	high	d__Bacteria	d__Bacteria	p__Proteobacteria	p__Proteobacteria	g__Bordetella	g__Bordetella	s__Bordetella pertussis	s__Bordetella pertussis	0.995998	0.995700	96.100000	0.998709	0.991421	3267
GCF_000690635.1	GCF_000306945.1	high	d__Bacteria	d__Bacteria	p__Proteobacteria	p__Proteobacteria	g__Bordetella	g__Bordetella	s__Bordetella pertussis	s__Bordetella pertussis	0.983267	0.988500	89.450000	0.994655	0.983477	1678
GCF_000689935.1	GCF_000306945.1	high	d__Bacteria	d__Bacteria	p__Proteobacteria	p__Proteobacteria	g__Bordetella	g__Bordetella	s__Bordetella pertussis	s__Bordetella pertussis	0.982079	0.986600	90.010000	0.994333	0.983220	1566
GCF_002918325.1	GCF_900635635.1	high	d__Bacteria	d__Bacteria	p__Proteobacteria	p__Proteobacteria	g__Escherichia	g__Escherichia	s__Escherichia coli	s__Escherichia coli	0.988592	0.989000	90.120000	0.995558	0.986802	1583
GCF_002918325.1	GCF_003322085.1	high	d__Bacteria	d__Bacteria	p__Proteobacteria	p__Proteobacteria	g__Escherichia	g__Escherichia	s__Escherichia coli	s__Escherichia coli	0.986240	0.987600	87.660000	0.994895	0.986238	1157
GCF_002918325.1	GCF_003697165.2	high	d__Bacteria	d__Bacteria	p__Proteobacteria	p__Proteobacteria	g__Escherichia	g__Escherichia	s__Escherichia coli	s__Escherichia coli	0.967809	0.968700	77.450000	0.985804	0.973807	1345
GCF_002918325.1	GCF_003322065.1	high	d__Bacteria	d__Bacteria	p__Proteobacteria	p__Proteobacteria	g__Escherichia	g__Escherichia	s__Escherichia coli	s__Escherichia coli	0.986416	0.987600	88.330000	0.995047	0.986199	1224
GCF_900635635.1	GCF_003322085.1	high	d__Bacteria	d__Bacteria	p__Proteobacteria	p__Proteobacteria	g__Escherichia	g__Escherichia	s__Escherichia coli	s__Escherichia coli	0.987715	0.988700	89.770000	0.996140	0.987725	1255
GCF_900635635.1	GCF_003697165.2	high	d__Bacteria	d__Bacteria	p__Proteobacteria	p__Proteobacteria	g__Escherichia	g__Escherichia	s__Escherichia coli	s__Escherichia coli	0.968379	0.969400	78.010000	0.985396	0.972300	2112
GCF_900635635.1	GCF_003322065.1	high	d__Bacteria	d__Bacteria	p__Proteobacteria	p__Proteobacteria	g__Escherichia	g__Escherichia	s__Escherichia coli	s__Escherichia coli	0.987757	0.988800	90.490000	0.996033	0.987660	1355
GCF_003322085.1	GCF_003697165.2	high	d__Bacteria	d__Bacteria	p__Proteobacteria	p__Proteobacteria	g__Escherichia	g__Escherichia	s__Escherichia coli	s__Escherichia coli	0.966599	0.966200	73.690000	0.985920	0.973914	1001
GCF_003322085.1	GCF_003322065.1	high	d__Bacteria	d__Bacteria	p__Proteobacteria	p__Proteobacteria	g__Escherichia	g__Escherichia	s__Escherichia coli	s__Escherichia coli	0.999943	0.999900	99.640000	0.999965	0.994383	2664
GCF_003697165.2	GCF_003322065.1	high	d__Bacteria	d__Bacteria	p__Proteobacteria	p__Proteobacteria	g__Escherichia	g__Escherichia	s__Escherichia coli	s__Escherichia coli	0.965967	0.966800	82.630000	0.986243	0.973001	1079
GCF_008801575.1	GCF_001719145.1	high	d__Bacteria	d__Bacteria	p__Proteobacteria	p__Proteobacteria	g__Xanthomonas	g__Xanthomonas	s__Xanthomonas cissicola	s__Xanthomonas cissicola	0.981920	0.984700	88.070000	0.993285	0.984175	3211
GCF_008801575.1	GCF_000349225.1	high	d__Bacteria	d__Bacteria	p__Proteobacteria	p__Proteobacteria	g__Xanthomonas	g__Xanthomonas	s__Xanthomonas cissicola	s__Xanthomonas cissicola	0.983413	0.987100	85.810000	0.993590	0.984137	3159
GCF_001719145.1	GCF_000349225.1	high	d__Bacteria	d__Bacteria	p__Proteobacteria	p__Proteobacteria	g__Xanthomonas	g__Xanthomonas	s__Xanthomonas cissicola	s__Xanthomonas cissicola	0.985557	0.986600	84.700000	0.993567	0.984296	3682
GCF_000215745.1	GCF_002184575.2	high	d__Bacteria	d__Bacteria	p__Proteobacteria	p__Proteobacteria	g__Klebsiella	g__Klebsiella	s__Klebsiella aerogenes	s__Klebsiella aerogenes	0.985840	0.987500	92.140000	0.993901	0.984779	1609
GCF_000215745.1	GCF_014856475.1	high	d__Bacteria	d__Bacteria	p__Proteobacteria	p__Proteobacteria	g__Klebsiella	g__Klebsiella	s__Klebsiella aerogenes	s__Klebsiella aerogenes	0.986287	0.988000	90.480000	0.993770	0.984469	1851
GCF_002184575.2	GCF_014856475.1	high	d__Bacteria	d__Bacteria	p__Proteobacteria	p__Proteobacteria	g__Klebsiella	g__Klebsiella	s__Klebsiella aerogenes	s__Klebsiella aerogenes	0.987661	0.988900	90.700000	0.994345	0.985182	1691
GCF_000877425.1	GCF_000500405.1	high	d__Bacteria	d__Bacteria	p__Proteobacteria	p__Proteobacteria	g__Vibrio	g__Vibrio	s__Vibrio parahaemolyticus	s__Vibrio parahaemolyticus	0.983564	0.984500	92.320000	0.991898	0.982978	783
GCF_000877425.1	GCF_000706825.2	high	d__Bacteria	d__Bacteria	p__Proteobacteria	p__Proteobacteria	g__Vibrio	g__Vibrio	s__Vibrio parahaemolyticus	s__Vibrio parahaemolyticus	0.999879	0.999900	99.760000	0.999977	0.994598	1380
GCF_000877425.1	GCF_900460535.1	high	d__Bacteria	d__Bacteria	p__Proteobacteria	p__Proteobacteria	g__Vibrio	g__Vibrio	s__Vibrio parahaemolyticus	s__Vibrio parahaemolyticus	0.982664	0.983800	91.540000	0.990411	0.980268	1284
GCF_000877425.1	GCF_000454145.1	high	d__Bacteria	d__Bacteria	p__Proteobacteria	p__Proteobacteria	g__Vibrio	g__Vibrio	s__Vibrio parahaemolyticus	s__Vibrio parahaemolyticus	0.982980	0.984200	89.620000	0.991681	0.981584	1867
GCF_000500405.1	GCF_000706825.2	high	d__Bacteria	d__Bacteria	p__Proteobacteria	p__Proteobacteria	g__Vibrio	g__Vibrio	s__Vibrio parahaemolyticus	s__Vibrio parahaemolyticus	0.983245	0.984700	92.150000	0.990511	0.980260	988
GCF_000500405.1	GCF_900460535.1	high	d__Bacteria	d__Bacteria	p__Proteobacteria	p__Proteobacteria	g__Vibrio	g__Vibrio	s__Vibrio parahaemolyticus	s__Vibrio parahaemolyticus	0.983883	0.984100	89.900000	0.990819	0.981069	902
GCF_000500405.1	GCF_000454145.1	high	d__Bacteria	d__Bacteria	p__Proteobacteria	p__Proteobacteria	g__Vibrio	g__Vibrio	s__Vibrio parahaemolyticus	s__Vibrio parahaemolyticus	0.999743	0.999800	96.620000	0.999894	0.994011	589
GCF_000706825.2	GCF_900460535.1	high	d__Bacteria	d__Bacteria	p__Proteobacteria	p__Proteobacteria	g__Vibrio	g__Vibrio	s__Vibrio parahaemolyticus	s__Vibrio parahaemolyticus	0.983088	0.983500	91.800000	0.991490	0.982091	1377
GCF_000706825.2	GCF_000454145.1	high	d__Bacteria	d__Bacteria	p__Proteobacteria	p__Proteobacteria	g__Vibrio	g__Vibrio	s__Vibrio parahaemolyticus	s__Vibrio parahaemolyticus	0.983009	0.983100	89.960000	0.992978	0.983485	1255
GCF_900460535.1	GCF_000454145.1	high	d__Bacteria	d__Bacteria	p__Proteobacteria	p__Proteobacteria	g__Vibrio	g__Vibrio	s__Vibrio parahaemolyticus	s__Vibrio parahaemolyticus	0.983235	0.985000	90.300000	0.992479	0.984111	1259
GCF_002161435.1	GCF_000154205.1	high	d__Bacteria	d__Bacteria	p__Bacteroidota	p__Bacteroidota	g__Bacteroides	g__Bacteroides	s__Bacteroides uniformis	s__Bacteroides uniformis	0.977178	0.982800	75.930000	0.993271	0.984181	952
GCF_002161435.1	GCF_003602795.1	high	d__Bacteria	d__Bacteria	p__Bacteroidota	p__Bacteroidota	g__Bacteroides	g__Bacteroides	s__Bacteroides uniformis	s__Bacteroides uniformis	0.978919	0.982000	74.930000	0.993688	0.983905	708
GCF_000154205.1	GCF_003602795.1	high	d__Bacteria	d__Bacteria	p__Bacteroidota	p__Bacteroidota	g__Bacteroides	g__Bacteroides	s__Bacteroides uniformis	s__Bacteroides uniformis	0.977565	0.982100	74.160000	0.992660	0.984372	694
GCF_001685175.1	GCF_018223745.1	high	d__Bacteria	d__Bacteria	p__Firmicutes_A	p__Firmicutes_A	g__Clostridium	g__Clostridium	s__Clostridium beijerinckii	s__Clostridium beijerinckii	0.968821	0.972900	77.820000	0.985491	0.972480	196
GCF_001685175.1	GCF_013294385.1	high	d__Bacteria	d__Bacteria	p__Firmicutes_A	p__Firmicutes_A	g__Clostridium	g__Clostridium	s__Clostridium beijerinckii	s__Clostridium beijerinckii	0.968352	0.972900	79.580000	0.987750	0.975175	125
GCF_018223745.1	GCF_013294385.1	high	d__Bacteria	d__Bacteria	p__Firmicutes_A	p__Firmicutes_A	g__Clostridium	g__Clostridium	s__Clostridium beijerinckii	s__Clostridium beijerinckii	0.973687	0.975700	81.930000	0.990132	0.963527	38
GCF_900459225.1	GCF_009730735.1	high	d__Bacteria	d__Bacteria	p__Firmicutes	p__Firmicutes	g__Streptococcus	g__Streptococcus	s__Streptococcus dysgalactiae	s__Streptococcus dysgalactiae	0.956981	0.957800	74.830000	0.985026	0.972563	144
GCF_001321425.1	GCF_001321205.1	high	d__Bacteria	d__Bacteria	p__Proteobacteria	p__Proteobacteria	g__Burkholderia	g__Burkholderia	s__Burkholderia mallei	s__Burkholderia mallei	0.999943	0.999900	99.790000	0.999601	0.993688	5487
GCF_001321425.1	GCF_001209505.1	high	d__Bacteria	d__Bacteria	p__Proteobacteria	p__Proteobacteria	g__Burkholderia	g__Burkholderia	s__Burkholderia mallei	s__Burkholderia mallei	0.999897	0.999900	99.920000	0.999724	0.993865	5888
GCF_001321425.1	GCF_000011705.1	high	d__Bacteria	d__Bacteria	p__Proteobacteria	p__Proteobacteria	g__Burkholderia	g__Burkholderia	s__Burkholderia mallei	s__Burkholderia mallei	0.991789	0.993600	95.410000	0.997074	0.988975	5863
GCF_001321425.1	GCF_000015905.1	high	d__Bacteria	d__Bacteria	p__Proteobacteria	p__Proteobacteria	g__Burkholderia	g__Burkholderia	s__Burkholderia mallei	s__Burkholderia mallei	0.992607	0.992800	94.690000	0.996710	0.988321	8293
GCF_001321205.1	GCF_001209505.1	high	d__Bacteria	d__Bacteria	p__Proteobacteria	p__Proteobacteria	g__Burkholderia	g__Burkholderia	s__Burkholderia mallei	s__Burkholderia mallei	0.999882	0.999900	99.860000	0.999841	0.993975	7082
GCF_001321205.1	GCF_000011705.1	high	d__Bacteria	d__Bacteria	p__Proteobacteria	p__Proteobacteria	g__Burkholderia	g__Burkholderia	s__Burkholderia mallei	s__Burkholderia mallei	0.991430	0.992300	95.260000	0.997025	0.989103	5336
GCF_001321205.1	GCF_000015905.1	high	d__Bacteria	d__Bacteria	p__Proteobacteria	p__Proteobacteria	g__Burkholderia	g__Burkholderia	s__Burkholderia mallei	s__Burkholderia mallei	0.992673	0.992800	94.600000	0.996300	0.987741	3370
GCF_001209505.1	GCF_000011705.1	high	d__Bacteria	d__Bacteria	p__Proteobacteria	p__Proteobacteria	g__Burkholderia	g__Burkholderia	s__Burkholderia mallei	s__Burkholderia mallei	0.992275	0.992700	95.370000	0.997167	0.989710	5902
GCF_001209505.1	GCF_000015905.1	high	d__Bacteria	d__Bacteria	p__Proteobacteria	p__Proteobacteria	g__Burkholderia	g__Burkholderia	s__Burkholderia mallei	s__Burkholderia mallei	0.992721	0.992800	94.750000	0.996646	0.988273	6401
GCF_000011705.1	GCF_000015905.1	high	d__Bacteria	d__Bacteria	p__Proteobacteria	p__Proteobacteria	g__Burkholderia	g__Burkholderia	s__Burkholderia mallei	s__Burkholderia mallei	0.991374	0.992800	78.560000	0.996362	0.987864	5601
GCF_005518035.1	GCF_009741445.1	high	d__Bacteria	d__Bacteria	p__Actinobacteriota	p__Actinobacteriota	g__Mycobacterium	g__Mycobacterium	s__Mycobacterium avium	s__Mycobacterium avium	0.986358	0.987400	92.670000	0.993740	0.984753	3165
GCF_005518035.1	GCF_002292785.1	high	d__Bacteria	d__Bacteria	p__Actinobacteriota	p__Actinobacteriota	g__Mycobacterium	g__Mycobacterium	s__Mycobacterium avium	s__Mycobacterium avium	0.988816	0.990300	90.370000	0.994761	0.985405	2935
GCF_009741445.1	GCF_002292785.1	high	d__Bacteria	d__Bacteria	p__Actinobacteriota	p__Actinobacteriota	g__Mycobacterium	g__Mycobacterium	s__Mycobacterium avium	s__Mycobacterium avium	0.989181	0.990200	88.110000	0.995243	0.986656	1649
GCF_009876415.1	GCF_012317185.1	high	d__Bacteria	d__Bacteria	p__Firmicutes	p__Firmicutes	g__Clostridium_AQ	g__Clostridium_AQ	s__Clostridium_AQ innocuum	s__Clostridium_AQ innocuum	0.974325	0.977800	76.210000	0.991025	0.981122	860
GCF_009876415.1	GCF_002814255.1	high	d__Bacteria	d__Bacteria	p__Firmicutes	p__Firmicutes	g__Clostridium_AQ	g__Clostridium_AQ	s__Clostridium_AQ innocuum	s__Clostridium_AQ innocuum	0.991464	0.994700	87.440000	0.997828	0.990519	935
GCF_012317185.1	GCF_002814255.1	high	d__Bacteria	d__Bacteria	p__Firmicutes	p__Firmicutes	g__Clostridium_AQ	g__Clostridium_AQ	s__Clostridium_AQ innocuum	s__Clostridium_AQ innocuum	0.972862	0.977500	81.320000	0.991199	0.981582	1367
GCF_000019305.1	GCA_001951135.2	high	d__Bacteria	d__Bacteria	p__Firmicutes_A	p__Firmicutes_A	g__Clostridium_F	g__Clostridium_F	s__Clostridium_F botulinum	s__Clostridium_F botulinum	0.961171	0.957200	78.930000	0.987424	0.977049	82
GCF_000019305.1	GCF_001276985.1	high	d__Bacteria	d__Bacteria	p__Firmicutes_A	p__Firmicutes_A	g__Clostridium_F	g__Clostridium_F	s__Clostridium_F botulinum	s__Clostridium_F botulinum	0.973704	0.976400	86.560000	0.988730	0.976152	61
GCA_001951135.2	GCF_001276985.1	high	d__Bacteria	d__Bacteria	p__Firmicutes_A	p__Firmicutes_A	g__Clostridium_F	g__Clostridium_F	s__Clostridium_F botulinum	s__Clostridium_F botulinum	0.962552	0.960200	84.360000	0.988582	0.976729	52
GCF_000950675.1	GCF_000008485.1	high	d__Bacteria	d__Bacteria	p__Proteobacteria	p__Proteobacteria	g__Legionella	g__Legionella	s__Legionella pneumophila	s__Legionella pneumophila	0.970219	0.972900	89.000000	0.987010	0.975504	599
GCF_002009015.1	GCF_009903625.1	mid_high	d__Bacteria	d__Bacteria	p__Proteobacteria	p__Proteobacteria	g__Microbulbifer	g__Microbulbifer	s__Microbulbifer mangrovi	s__Microbulbifer sp009903625	0.818438	0.000000	0.000000	0.964321	0.954777	127
GCF_000380565.1	GCF_002009015.1	mid_high	d__Bacteria	d__Bacteria	p__Proteobacteria	p__Proteobacteria	g__Microbulbifer	g__Microbulbifer	s__Microbulbifer variabilis	s__Microbulbifer mangrovi	0.000000	0.000000	0.000000	0.952206	0.879678	17
GCF_009363535.1	GCF_005771435.1	mid_high	d__Bacteria	d__Bacteria	p__Proteobacteria	p__Proteobacteria	g__Microbulbifer	g__Microbulbifer	s__Microbulbifer sp009363535	s__Microbulbifer harenosus	0.000000	0.000000	0.000000	0.960938	0.887296	12
GCF_017303155.1	GCF_001639145.1	mid_high	d__Bacteria	d__Bacteria	p__Proteobacteria	p__Proteobacteria	g__Microbulbifer	g__Microbulbifer	s__Microbulbifer salipaludis	s__Microbulbifer sp001639145	0.938722	0.937700	78.110000	0.977040	0.945612	671
GCF_000220505.1	GCF_002959965.1	mid_high	d__Bacteria	d__Bacteria	p__Proteobacteria	p__Proteobacteria	g__Microbulbifer	g__Microbulbifer	s__Microbulbifer agarilyticus_B	s__Microbulbifer pacificus	0.805825	0.000000	0.000000	0.958705	0.939487	84
GCF_018853815.1	GCF_018853445.1	mid_high	d__Bacteria	d__Bacteria	p__Proteobacteria	p__Proteobacteria	g__Acidithiobacillus	g__Acidithiobacillus	s__Acidithiobacillus sp018853815	s__Acidithiobacillus sp018853445	0.926902	0.927300	68.950000	0.970480	0.937915	289
GCF_003966655.1	GCF_018853815.1	mid_high	d__Bacteria	d__Bacteria	p__Proteobacteria	p__Proteobacteria	g__Acidithiobacillus	g__Acidithiobacillus	s__Acidithiobacillus ferridurans	s__Acidithiobacillus sp018853815	0.789814	0.000000	0.000000	0.961694	0.924773	31
GCF_018854495.1	GCF_002847505.1	mid_high	d__Bacteria	d__Bacteria	p__Proteobacteria	p__Proteobacteria	g__Acidithiobacillus	g__Acidithiobacillus	s__Acidithiobacillus ferrooxidans_C	s__Acidithiobacillus sp002847505	0.784195	0.000000	0.000000	0.964286	0.909434	21
GCF_009662475.1	GCF_003966655.1	mid_high	d__Bacteria	d__Bacteria	p__Proteobacteria	p__Proteobacteria	g__Acidithiobacillus	g__Acidithiobacillus	s__Acidithiobacillus thiooxidans	s__Acidithiobacillus ferridurans	0.799713	0.000000	0.000000	0.966090	0.946536	47
GCF_015100155.1	GCF_018854775.1	mid_high	d__Bacteria	d__Bacteria	p__Proteobacteria	p__Proteobacteria	g__Acidithiobacillus	g__Acidithiobacillus	s__Acidithiobacillus sp015100155	s__Acidithiobacillus ferriphilus	0.777062	0.000000	0.000000	0.000000	0.000000	0
GCF_000018785.1	GCA_002399815.1	mid_high	d__Bacteria	d__Bacteria	p__Firmicutes	p__Firmicutes	g__Acholeplasma	g__Acholeplasma	s__Acholeplasma laidlawii	s__Acholeplasma sp002399815	0.789682	0.000000	0.000000	0.000000	0.000000	0
GCF_000526235.1	GCF_000018785.1	mid_high	d__Bacteria	d__Bacteria	p__Firmicutes	p__Firmicutes	g__Acholeplasma	g__Acholeplasma	s__Acholeplasma granularum	s__Acholeplasma laidlawii	0.804225	0.000000	0.000000	0.000000	0.000000	0
GCF_000526235.1	GCF_900166985.1	mid_high	d__Bacteria	d__Bacteria	p__Firmicutes	p__Firmicutes	g__Acholeplasma	g__Acholeplasma	s__Acholeplasma granularum	s__Acholeplasma oculi	0.789934	0.000000	0.000000	0.000000	0.000000	0
GCF_015709225.1	GCF_000526235.1	mid_high	d__Bacteria	d__Bacteria	p__Firmicutes	p__Firmicutes	g__Acholeplasma	g__Acholeplasma	s__Acholeplasma laidlawii_A	s__Acholeplasma granularum	0.801879	0.000000	0.000000	0.000000	0.000000	0
GCF_016415625.1	GCF_000262305.1	mid_high	d__Bacteria	d__Bacteria	p__Proteobacteria	p__Proteobacteria	g__Shimwellia	g__Shimwellia	s__Shimwellia pseudoproteus	s__Shimwellia blattae	0.845735	0.847700	28.800000	0.965310	0.916159	109
GCF_000316645.1	GCF_014697105.1	mid_high	d__Bacteria	d__Bacteria	p__Cyanobacteria	p__Cyanobacteria	g__Trichormus	g__Trichormus	s__Trichormus sp000316645	s__Trichormus subtropica	0.807292	0.000000	0.000000	0.959459	0.953731	37
GCF_013393945.1	GCF_014696625.1	mid_high	d__Bacteria	d__Bacteria	p__Cyanobacteria	p__Cyanobacteria	g__Trichormus	g__Trichormus	s__Trichormus sp013393945	s__Trichormus parmelioides	0.807284	0.000000	0.000000	0.961277	0.939090	46
GCF_014697105.1	GCF_002896875.1	mid_high	d__Bacteria	d__Bacteria	p__Cyanobacteria	p__Cyanobacteria	g__Trichormus	g__Trichormus	s__Trichormus subtropica	s__Trichormus sp002896875	0.795968	0.000000	0.000000	0.965993	0.937665	34
GCF_013393945.1	GCF_002896875.1	mid_high	d__Bacteria	d__Bacteria	p__Cyanobacteria	p__Cyanobacteria	g__Trichormus	g__Trichormus	s__Trichormus sp013393945	s__Trichormus sp002896875	0.793247	0.000000	0.000000	0.962340	0.947711	39
GCF_009856605.1	GCF_000009705.1	mid_high	d__Bacteria	d__Bacteria	p__Cyanobacteria	p__Cyanobacteria	g__Trichormus	g__Trichormus	s__Trichormus variabilis	s__Trichormus sp000009705	0.930425	0.932100	60.620000	0.976116	0.949223	420
GCF_003336205.1	GCA_015478785.1	mid_high	d__Bacteria	d__Bacteria	p__Bacteroidota	p__Bacteroidota	g__Planobacterium	g__Planobacterium	s__Planobacterium lacus	s__Planobacterium sp015478785	0.945065	0.946500	85.560000	0.979356	0.966285	165
GCF_014041915.1	GCA_002319955.1	mid_high	d__Bacteria	d__Bacteria	p__Bacteroidota	p__Bacteroidota	g__Planobacterium	g__Planobacterium	s__Planobacterium sp014041915	s__Planobacterium sp002319955	0.000000	0.000000	0.000000	0.000000	0.000000	0
GCF_003336205.1	GCF_008831505.1	mid_high	d__Bacteria	d__Bacteria	p__Bacteroidota	p__Bacteroidota	g__Planobacterium	g__Planobacterium	s__Planobacterium lacus	s__Planobacterium sp008831505	0.000000	0.000000	0.000000	0.970982	0.931777	14
GCF_003336205.1	GCF_015354315.1	mid_high	d__Bacteria	d__Bacteria	p__Bacteroidota	p__Bacteroidota	g__Planobacterium	g__Planobacterium	s__Planobacterium lacus	s__Planobacterium sp015354315	0.000000	0.000000	0.000000	0.979167	0.937763	12
GCF_014041915.1	GCF_015354315.1	mid_high	d__Bacteria	d__Bacteria	p__Bacteroidota	p__Bacteroidota	g__Planobacterium	g__Planobacterium	s__Planobacterium sp014041915	s__Planobacterium sp015354315	0.000000	0.000000	0.000000	0.000000	0.000000	0
GCA_015660155.1	GCA_014382585.1	mid_high	d__Bacteria	d__Bacteria	p__Verrucomicrobiota	p__Verrucomicrobiota	g__JACNJL01	g__JACNJL01	s__JACNJL01 sp015660155	s__JACNJL01 sp014382585	0.845518	0.872700	13.980000	0.958401	0.966000	154
GCA_014382585.1	GCA_014239365.1	mid_high	d__Bacteria	d__Bacteria	p__Verrucomicrobiota	p__Verrucomicrobiota	g__JACNJL01	g__JACNJL01	s__JACNJL01 sp014382585	s__JACNJL01 sp014239365	0.883276	0.885800	47.870000	0.966277	0.927905	417
GCF_900101475.1	GCF_010500245.1	mid_high	d__Bacteria	d__Bacteria	p__Proteobacteria	p__Proteobacteria	g__Ruegeria_B	g__Ruegeria_B	s__Ruegeria_B marina	s__Ruegeria_B sp010500245	0.862837	0.865400	35.920000	0.962981	0.943058	390
GCF_900101475.1	GCF_000011965.2	mid_high	d__Bacteria	d__Bacteria	p__Proteobacteria	p__Proteobacteria	g__Ruegeria_B	g__Ruegeria_B	s__Ruegeria_B marina	s__Ruegeria_B pomeroyi	0.842838	0.841300	22.350000	0.957682	0.950332	288
GCF_012972675.1	GCF_009827545.1	mid_high	d__Bacteria	d__Bacteria	p__Proteobacteria	p__Proteobacteria	g__Pontixanthobacter	g__Pontixanthobacter	s__Pontixanthobacter rizhaonensis	s__Pontixanthobacter gangjinensis	0.781461	0.000000	0.000000	0.000000	0.000000	0
GCF_009828095.1	GCF_012972675.1	mid_high	d__Bacteria	d__Bacteria	p__Proteobacteria	p__Proteobacteria	g__Pontixanthobacter	g__Pontixanthobacter	s__Pontixanthobacter luteolus	s__Pontixanthobacter rizhaonensis	0.777949	0.000000	0.000000	0.000000	0.000000	0
GCF_012972675.1	GCF_009827455.1	mid_high	d__Bacteria	d__Bacteria	p__Proteobacteria	p__Proteobacteria	g__Pontixanthobacter	g__Pontixanthobacter	s__Pontixanthobacter rizhaonensis	s__Pontixanthobacter aestiaquae	0.784092	0.000000	0.000000	0.959821	0.922766	42
GCF_009827545.1	GCF_009827455.1	mid_high	d__Bacteria	d__Bacteria	p__Proteobacteria	p__Proteobacteria	g__Pontixanthobacter	g__Pontixanthobacter	s__Pontixanthobacter gangjinensis	s__Pontixanthobacter aestiaquae	0.784481	0.000000	0.000000	0.951858	0.892707	37
GCF_009828095.1	GCF_017812015.1	mid_high	d__Bacteria	d__Bacteria	p__Proteobacteria	p__Proteobacteria	g__Pontixanthobacter	g__Pontixanthobacter	s__Pontixanthobacter luteolus	s__Pontixanthobacter sp017812015	0.782393	0.000000	0.000000	0.948370	0.887429	23
GCA_003246795.1	GCA_016792785.1	mid_high	d__Bacteria	d__Bacteria	p__Proteobacteria	p__Proteobacteria	g__SZUA-430	g__SZUA-430	s__SZUA-430 sp003246795	s__SZUA-430 sp016792785	0.801630	0.000000	0.000000	0.953309	0.909011	85
GCA_016792785.1	GCA_016792645.1	mid_high	d__Bacteria	d__Bacteria	p__Proteobacteria	p__Proteobacteria	g__SZUA-430	g__SZUA-430	s__SZUA-430 sp016792785	s__SZUA-430 sp016792645	0.805326	0.000000	0.000000	0.957338	0.950572	178
GCA_902826695.1	GCA_017983635.1	mid_high	d__Bacteria	d__Bacteria	p__Proteobacteria	p__Proteobacteria	g__SZUA-430	g__SZUA-430	s__SZUA-430 sp902826695	s__SZUA-430 sp017983635	0.803254	0.000000	0.000000	0.957112	0.945879	145
GCA_003246795.1	GCA_013140995.1	mid_high	d__Bacteria	d__Bacteria	p__Proteobacteria	p__Proteobacteria	g__SZUA-430	g__SZUA-430	s__SZUA-430 sp003246795	s__SZUA-430 sp013140995	0.790054	0.000000	0.000000	0.953629	0.891163	62
GCA_002305315.1	GCA_017467985.1	mid_high	d__Bacteria	d__Bacteria	p__Firmicutes_A	p__Firmicutes_A	g__Faecimorpha	g__Faecimorpha	s__Faecimorpha stercoravium	s__Faecimorpha sp017467985	0.000000	0.000000	0.000000	0.000000	0.000000	0
GCA_002305315.1	GCA_900764045.1	mid_high	d__Bacteria	d__Bacteria	p__Firmicutes_A	p__Firmicutes_A	g__Faecimorpha	g__Faecimorpha	s__Faecimorpha stercoravium	s__Faecimorpha sp900764045	0.777982	0.000000	0.000000	0.000000	0.000000	0
GCA_017467985.1	GCA_900764045.1	mid_high	d__Bacteria	d__Bacteria	p__Firmicutes_A	p__Firmicutes_A	g__Faecimorpha	g__Faecimorpha	s__Faecimorpha sp017467985	s__Faecimorpha sp900764045	0.000000	0.000000	0.000000	0.000000	0.000000	0
GCA_018302785.1	GCA_018302805.1	mid_high	d__Archaea	d__Archaea	p__Nanoarchaeota	p__Nanoarchaeota	g__JAGVZF01	g__JAGVZF01	s__JAGVZF01 sp018302785	s__JAGVZF01 sp018302805	0.789685	0.000000	0.000000	0.000000	0.000000	0
GCA_002011425.1	GCA_002010365.1	mid_high	d__Bacteria	d__Bacteria	p__Bipolaricaulota	p__Bipolaricaulota	g__UBA3571	g__UBA3571	s__UBA3571 sp002011425	s__UBA3571 sp002010365	0.793403	0.000000	0.000000	0.000000	0.000000	0
GCA_013151115.1	GCA_002011425.1	mid_high	d__Bacteria	d__Bacteria	p__Bipolaricaulota	p__Bipolaricaulota	g__UBA3571	g__UBA3571	s__UBA3571 sp013151115	s__UBA3571 sp002011425	0.822854	0.857200	10.910000	0.958333	0.940520	27
GCA_002010365.1	GCA_013151115.1	mid_high	d__Bacteria	d__Bacteria	p__Bipolaricaulota	p__Bipolaricaulota	g__UBA3571	g__UBA3571	s__UBA3571 sp002010365	s__UBA3571 sp013151115	0.809368	0.000000	0.000000	0.953125	0.927541	10
GCA_013151115.1	GCA_002375995.1	mid_high	d__Bacteria	d__Bacteria	p__Bipolaricaulota	p__Bipolaricaulota	g__UBA3571	g__UBA3571	s__UBA3571 sp013151115	s__UBA3571 sp002375995	0.819301	0.846700	9.460000	0.963942	0.948012	13
GCA_002375995.1	GCA_002011425.1	mid_high	d__Bacteria	d__Bacteria	p__Bipolaricaulota	p__Bipolaricaulota	g__UBA3571	g__UBA3571	s__UBA3571 sp002375995	s__UBA3571 sp002011425	0.796271	0.000000	0.000000	0.954167	0.915655	15
GCF_012848855.1	GCF_000689395.1	mid_high	d__Bacteria	d__Bacteria	p__Proteobacteria	p__Proteobacteria	g__Pyruvatibacter	g__Pyruvatibacter	s__Pyruvatibacter mobilis	s__Pyruvatibacter ectocarpi	0.791407	0.000000	0.000000	0.000000	0.000000	0
GCA_003485715.1	GCA_002299125.1	mid_high	d__Bacteria	d__Bacteria	p__Proteobacteria	p__Proteobacteria	g__UBA7966	g__UBA7966	s__UBA7966 sp003485715	s__UBA7966 sp002299125	0.915998	0.915200	55.070000	0.967792	0.941347	685
GCA_017450695.1	GCA_017544725.1	mid_high	d__Bacteria	d__Bacteria	p__Verrucomicrobiota	p__Verrucomicrobiota	g__RGIG6996	g__RGIG6996	s__RGIG6996 sp017450695	s__RGIG6996 sp017544725	0.834700	0.844400	15.860000	0.957721	0.950769	204
GCA_015485585.1	GCA_015489555.1	mid_high	d__Bacteria	d__Bacteria	p__Patescibacteria	p__Patescibacteria	g__S139-149	g__S139-149	s__S139-149 sp015485585	s__S139-149 sp015489555	0.000000	0.000000	0.000000	0.000000	0.000000	0
GCF_000264455.2	GCF_014636235.1	mid_high	d__Bacteria	d__Bacteria	p__Proteobacteria	p__Proteobacteria	g__Tistrella	g__Tistrella	s__Tistrella mobilis	s__Tistrella bauzanensis	0.832002	0.000000	0.000000	0.961598	0.942367	402
GCA_018660965.1	GCA_016764135.1	mid_high	d__Bacteria	d__Bacteria	p__Proteobacteria	p__Proteobacteria	g__JABJJH01	g__JABJJH01	s__JABJJH01 sp018660965	s__JABJJH01 sp016764135	0.774510	0.000000	0.000000	0.953125	0.905502	20
GCF_000787815.1	GCF_014084125.1	mid_high	d__Bacteria	d__Bacteria	p__Actinobacteriota	p__Actinobacteriota	g__Streptacidiphilus	g__Streptacidiphilus	s__Streptacidiphilus neutrinimicus	s__Streptacidiphilus sp014084125	0.814147	0.000000	0.000000	0.960018	0.954030	204
GCF_015690355.1	GCF_000719095.1	mid_high	d__Bacteria	d__Bacteria	p__Actinobacteriota	p__Actinobacteriota	g__Streptacidiphilus	g__Streptacidiphilus	s__Streptacidiphilus fuscans	s__Streptacidiphilus jeojiense	0.816798	0.000000	0.000000	0.962289	0.949460	266
GCF_000744655.1	GCF_000787835.1	mid_high	d__Bacteria	d__Bacteria	p__Actinobacteriota	p__Actinobacteriota	g__Streptacidiphilus	g__Streptacidiphilus	s__Streptacidiphilus rugosus	s__Streptacidiphilus melanogenes	0.847016	0.845700	15.030000	0.964049	0.914582	565
GCF_000744655.1	GCA_014284505.1	mid_high	d__Bacteria	d__Bacteria	p__Actinobacteriota	p__Actinobacteriota	g__Streptacidiphilus	g__Streptacidiphilus	s__Streptacidiphilus rugosus	s__Streptacidiphilus sp014284505	0.809087	0.000000	0.000000	0.960690	0.959964	221
GCF_000787815.1	GCA_014284505.1	mid_high	d__Bacteria	d__Bacteria	p__Actinobacteriota	p__Actinobacteriota	g__Streptacidiphilus	g__Streptacidiphilus	s__Streptacidiphilus neutrinimicus	s__Streptacidiphilus sp014284505	0.806595	0.000000	0.000000	0.959047	0.948074	219
GCF_000820705.1	GCF_900142075.1	mid_high	d__Bacteria	d__Bacteria	p__Firmicutes_A	p__Firmicutes_A	g__Clostridium_AA	g__Clostridium_AA	s__Clostridium_AA polynesiense	s__Clostridium_AA amylolyticum	0.789121	0.000000	0.000000	0.000000	0.000000	0
GCF_000331225.1	GCA_002280855.1	mid_high	d__Bacteria	d__Bacteria	p__Proteobacteria	p__Proteobacteria	g__Sandarakinorhabdus	g__Sandarakinorhabdus	s__Sandarakinorhabdus sp000331225	s__Sandarakinorhabdus sp002280855	0.880808	0.881100	51.860000	0.963651	0.920592	619
GCF_009733735.1	GCF_000331225.1	mid_high	d__Bacteria	d__Bacteria	p__Proteobacteria	p__Proteobacteria	g__Sandarakinorhabdus	g__Sandarakinorhabdus	s__Sandarakinorhabdus oryzae	s__Sandarakinorhabdus sp000331225	0.859760	0.859000	30.060000	0.961677	0.910753	296
GCF_010994245.1	GCF_009733735.1	mid_high	d__Bacteria	d__Bacteria	p__Proteobacteria	p__Proteobacteria	g__Sandarakinorhabdus	g__Sandarakinorhabdus	s__Sandarakinorhabdus rubra	s__Sandarakinorhabdus oryzae	0.843975	0.845900	13.810000	0.960604	0.920295	234
GCF_000331225.1	GCF_002251755.1	mid_high	d__Bacteria	d__Bacteria	p__Proteobacteria	p__Proteobacteria	g__Sandarakinorhabdus	g__Sandarakinorhabdus	s__Sandarakinorhabdus sp000331225	s__Sandarakinorhabdus cyanobacteriorum	0.839397	0.830500	16.500000	0.960980	0.965319	185
GCA_003164335.1	GCA_903888815.1	mid_high	d__Bacteria	d__Bacteria	p__Fibrobacterota	p__Fibrobacterota	g__BOG-1184	g__BOG-1184	s__BOG-1184 sp003164335	s__BOG-1184 sp903888815	0.000000	0.000000	0.000000	0.000000	0.000000	0
GCF_001548395.1	GCA_003695655.1	mid_high	d__Bacteria	d__Bacteria	p__Cyanobacteria	p__Cyanobacteria	g__O-77	g__O-77	s__O-77 sp001548395	s__O-77 sp003695655	0.824440	0.000000	0.000000	0.959918	0.954522	184
GCF_013177315.1	GCF_001548395.1	mid_high	d__Bacteria	d__Bacteria	p__Cyanobacteria	p__Cyanobacteria	g__O-77	g__O-77	s__O-77 sp013177315	s__O-77 sp001548395	0.913464	0.909900	60.420000	0.971128	0.942600	1012
GCA_018061025.1	GCA_018061485.1	mid_high	d__Bacteria	d__Bacteria	p__Patescibacteria	p__Patescibacteria	g__JAGOUA01	g__JAGOUA01	s__JAGOUA01 sp018061025	s__JAGOUA01 sp018061485	0.000000	0.000000	0.000000	0.000000	0.000000	0
GCF_001832905.1	GCF_001832885.1	mid_high	d__Bacteria	d__Bacteria	p__Firmicutes	p__Firmicutes	g__Floricoccus	g__Floricoccus	s__Floricoccus tropicus	s__Floricoccus penangensis	0.935804	0.937100	75.710000	0.981841	0.967149	74
GCA_016882345.1	GCA_016882555.1	mid_high	d__Bacteria	d__Bacteria	p__Cyanobacteria	p__Cyanobacteria	g__RGUW01	g__RGUW01	s__RGUW01 sp016882345	s__RGUW01 sp016882555	0.827414	0.000000	0.000000	0.964086	0.946762	134
GCA_016882345.1	GCA_018970945.1	mid_high	d__Bacteria	d__Bacteria	p__Cyanobacteria	p__Cyanobacteria	g__RGUW01	g__RGUW01	s__RGUW01 sp016882345	s__RGUW01 sp018970945	0.814137	0.000000	0.000000	0.957325	0.955905	93
GCA_010027605.1	GCA_016882555.1	mid_high	d__Bacteria	d__Bacteria	p__Cyanobacteria	p__Cyanobacteria	g__RGUW01	g__RGUW01	s__RGUW01 sp010027605	s__RGUW01 sp016882555	0.822450	0.000000	0.000000	0.960674	0.960852	89
GCA_016882345.1	GCA_010027605.1	mid_high	d__Bacteria	d__Bacteria	p__Cyanobacteria	p__Cyanobacteria	g__RGUW01	g__RGUW01	s__RGUW01 sp016882345	s__RGUW01 sp010027605	0.811894	0.000000	0.000000	0.959926	0.954154	85
GCA_903928565.1	GCA_001822095.1	mid_high	d__Bacteria	d__Bacteria	p__Patescibacteria	p__Patescibacteria	g__XYD1-FULL-39-28	g__XYD1-FULL-39-28	s__XYD1-FULL-39-28 sp903928565	s__XYD1-FULL-39-28 sp001822095	0.762338	0.000000	0.000000	0.000000	0.000000	0
GCA_903839895.1	GCA_001822095.1	mid_high	d__Bacteria	d__Bacteria	p__Patescibacteria	p__Patescibacteria	g__XYD1-FULL-39-28	g__XYD1-FULL-39-28	s__XYD1-FULL-39-28 sp903839895	s__XYD1-FULL-39-28 sp001822095	0.000000	0.000000	0.000000	0.000000	0.000000	0
GCA_001822065.1	GCA_903831095.1	mid_high	d__Bacteria	d__Bacteria	p__Patescibacteria	p__Patescibacteria	g__XYD1-FULL-39-28	g__XYD1-FULL-39-28	s__XYD1-FULL-39-28 sp001822065	s__XYD1-FULL-39-28 sp903831095	0.000000	0.000000	0.000000	0.000000	0.000000	0
GCA_903923535.1	GCA_903928565.1	mid_high	d__Bacteria	d__Bacteria	p__Patescibacteria	p__Patescibacteria	g__XYD1-FULL-39-28	g__XYD1-FULL-39-28	s__XYD1-FULL-39-28 sp903923535	s__XYD1-FULL-39-28 sp903928565	0.768765	0.000000	0.000000	0.000000	0.000000	0
GCA_903835075.1	GCA_903845295.1	mid_high	d__Bacteria	d__Bacteria	p__Patescibacteria	p__Patescibacteria	g__XYD1-FULL-39-28	g__XYD1-FULL-39-28	s__XYD1-FULL-39-28 sp903835075	s__XYD1-FULL-39-28 sp903845295	0.773640	0.000000	0.000000	0.000000	0.000000	0
GCF_000010985.1	GCF_008362905.1	mid_high	d__Bacteria	d__Bacteria	p__Deferribacterota	p__Deferribacterota	g__Deferribacter	g__Deferribacter	s__Deferribacter desulfuricans	s__Deferribacter autotrophicus	0.779191	0.000000	0.000000	0.000000	0.000000	0
GCA_900539665.1	GCA_000222855.1	mid_high	d__Bacteria	d__Bacteria	p__Proteobacteria	p__Proteobacteria	g__WG-1	g__WG-1	s__WG-1 sp900539665	s__WG-1 sp000222855	0.000000	0.000000	0.000000	0.000000	0.000000	0
GCA_900540345.1	GCA_900539675.1	mid_high	d__Bacteria	d__Bacteria	p__Actinobacteriota	p__Actinobacteriota	g__CAG-1427	g__CAG-1427	s__CAG-1427 sp900540345	s__CAG-1427 sp900539675	0.000000	0.000000	0.000000	0.000000	0.000000	0
GCA_000435675.1	GCA_900753095.1	mid_high	d__Bacteria	d__Bacteria	p__Actinobacteriota	p__Actinobacteriota	g__CAG-1427	g__CAG-1427	s__CAG-1427 sp000435675	s__CAG-1427 sp900753095	0.000000	0.000000	0.000000	0.000000	0.000000	0
GCA_905214325.1	GCA_000435475.1	mid_high	d__Bacteria	d__Bacteria	p__Actinobacteriota	p__Actinobacteriota	g__CAG-1427	g__CAG-1427	s__CAG-1427 sp905214325	s__CAG-1427 sp000435475	0.000000	0.000000	0.000000	0.000000	0.000000	0
GCA_900548955.1	GCA_900753095.1	mid_high	d__Bacteria	d__Bacteria	p__Actinobacteriota	p__Actinobacteriota	g__CAG-1427	g__CAG-1427	s__CAG-1427 sp900548955	s__CAG-1427 sp900753095	0.000000	0.000000	0.000000	0.965625	0.905332	10
GCA_000435475.1	GCA_900542265.1	mid_high	d__Bacteria	d__Bacteria	p__Actinobacteriota	p__Actinobacteriota	g__CAG-1427	g__CAG-1427	s__CAG-1427 sp000435475	s__CAG-1427 sp900542265	0.000000	0.000000	0.000000	0.000000	0.000000	0
GCA_018982925.1	GCF_007097155.1	mid_high	d__Bacteria	d__Bacteria	p__Proteobacteria	p__Proteobacteria	g__Glacieibacterium	g__Glacieibacterium	s__Glacieibacterium sp018982925	s__Glacieibacterium frigidum	0.817766	0.000000	0.000000	0.961397	0.947697	238
GCA_003154335.1	GCA_002839605.1	mid_high	d__Archaea	d__Archaea	p__Halobacteriota	p__Halobacteriota	g__Methanoregula	g__Methanoregula	s__Methanoregula sp003154335	s__Methanoregula sp002839605	0.000000	0.000000	0.000000	0.000000	0.000000	0
GCA_003136075.1	GCF_000017625.1	mid_high	d__Archaea	d__Archaea	p__Halobacteriota	p__Halobacteriota	g__Methanoregula	g__Methanoregula	s__Methanoregula sp003136075	s__Methanoregula boonei	0.774038	0.000000	0.000000	0.000000	0.000000	0
GCA_002839675.1	GCA_002067035.1	mid_high	d__Archaea	d__Archaea	p__Halobacteriota	p__Halobacteriota	g__Methanoregula	g__Methanoregula	s__Methanoregula sp002839675	s__Methanoregula sp002067035	0.777919	0.000000	0.000000	0.945833	0.894978	15
GCF_000017625.1	GCA_003157895.1	mid_high	d__Archaea	d__Archaea	p__Halobacteriota	p__Halobacteriota	g__Methanoregula	g__Methanoregula	s__Methanoregula boonei	s__Methanoregula sp003157895	0.779442	0.000000	0.000000	0.000000	0.000000	0
GCF_000017625.1	GCA_002495065.1	mid_high	d__Archaea	d__Archaea	p__Halobacteriota	p__Halobacteriota	g__Methanoregula	g__Methanoregula	s__Methanoregula boonei	s__Methanoregula sp002495065	0.000000	0.000000	0.000000	0.000000	0.000000	0
GCA_016789305.1	GCA_016789345.1	mid_high	d__Bacteria	d__Bacteria	p__Chloroflexota	p__Chloroflexota	g__OLB14	g__OLB14	s__OLB14 sp016789305	s__OLB14 sp016789345	0.000000	0.000000	0.000000	0.000000	0.000000	0
GCA_016715195.1	GCA_002343775.1	mid_high	d__Bacteria	d__Bacteria	p__Chloroflexota	p__Chloroflexota	g__OLB14	g__OLB14	s__OLB14 sp016715195	s__OLB14 sp002343775	0.772584	0.000000	0.000000	0.952381	0.908679	21
GCA_016789345.1	GCA_016191985.1	mid_high	d__Bacteria	d__Bacteria	p__Chloroflexota	p__Chloroflexota	g__OLB14	g__OLB14	s__OLB14 sp016789345	s__OLB14 sp016191985	0.000000	0.000000	0.000000	0.000000	0.000000	0
GCA_016709305.1	GCA_014860745.1	mid_high	d__Bacteria	d__Bacteria	p__Chloroflexota	p__Chloroflexota	g__OLB14	g__OLB14	s__OLB14 sp016709305	s__OLB14 sp014860745	0.777237	0.000000	0.000000	0.955357	0.888819	28
GCA_017303735.1	GCA_009885525.1	mid_high	d__Bacteria	d__Bacteria	p__Chloroflexota	p__Chloroflexota	g__OLB14	g__OLB14	s__OLB14 sp017303735	s__OLB14 sp009885525	0.000000	0.000000	0.000000	0.946691	0.899103	17
GCA_017539125.1	GCA_017934115.1	mid_high	d__Bacteria	d__Bacteria	p__Actinobacteriota	p__Actinobacteriota	g__RUG11864	g__RUG11864	s__RUG11864 sp017539125	s__RUG11864 sp017934115	0.000000	0.000000	0.000000	0.000000	0.000000	0
GCA_017539125.1	GCA_902773415.1	mid_high	d__Bacteria	d__Bacteria	p__Actinobacteriota	p__Actinobacteriota	g__RUG11864	g__RUG11864	s__RUG11864 sp017539125	s__RUG11864 sp902773415	0.000000	0.000000	0.000000	0.000000	0.000000	0
GCA_017471765.1	GCA_017398485.1	mid_high	d__Bacteria	d__Bacteria	p__Firmicutes_A	p__Firmicutes_A	g__UBA5905	g__UBA5905	s__UBA5905 sp017471765	s__UBA5905 sp017398485	0.773504	0.000000	0.000000	0.950000	0.898021	10
GCA_002437905.1	GCA_015066365.1	mid_high	d__Bacteria	d__Bacteria	p__Firmicutes_A	p__Firmicutes_A	g__UBA5905	g__UBA5905	s__UBA5905 sp002437905	s__UBA5905 sp015066365	0.778749	0.000000	0.000000	0.000000	0.000000	0
GCA_015066065.1	GCA_017440755.1	mid_high	d__Bacteria	d__Bacteria	p__Firmicutes_A	p__Firmicutes_A	g__UBA5905	g__UBA5905	s__UBA5905 sp015066065	s__UBA5905 sp017440755	0.785406	0.000000	0.000000	0.000000	0.000000	0
GCA_017423825.1	GCA_017520705.1	mid_high	d__Bacteria	d__Bacteria	p__Firmicutes_A	p__Firmicutes_A	g__UBA5905	g__UBA5905	s__UBA5905 sp017423825	s__UBA5905 sp017520705	0.000000	0.000000	0.000000	0.000000	0.000000	0
GCF_900143535.1	GCA_905480645.1	mid_high	d__Bacteria	d__Bacteria	p__Proteobacteria	p__Proteobacteria	g__Tateyamaria	g__Tateyamaria	s__Tateyamaria sp900143535	s__Tateyamaria sp003445215	0.000000	0.000000	0.000000	0.000000	0.000000	0
GCF_001969365.1	GCF_000814025.1	mid_high	d__Bacteria	d__Bacteria	p__Proteobacteria	p__Proteobacteria	g__Tateyamaria	g__Tateyamaria	s__Tateyamaria omphalii_A	s__Tateyamaria sp000814025	0.847134	0.845800	32.900000	0.959239	0.951735	161
GCA_018668195.1	GCF_001969365.1	mid_high	d__Bacteria	d__Bacteria	p__Proteobacteria	p__Proteobacteria	g__Tateyamaria	g__Tateyamaria	s__Tateyamaria sp018668195	s__Tateyamaria omphalii_A	0.000000	0.000000	0.000000	0.951389	0.887482	18
GCA_905480645.1	GCF_007995245.1	mid_high	d__Bacteria	d__Bacteria	p__Proteobacteria	p__Proteobacteria	g__Tateyamaria	g__Tateyamaria	s__Tateyamaria sp003445215	s__Tateyamaria sp007995245	0.000000	0.000000	0.000000	0.000000	0.000000	0
GCF_007995245.1	GCF_001969365.1	mid_high	d__Bacteria	d__Bacteria	p__Proteobacteria	p__Proteobacteria	g__Tateyamaria	g__Tateyamaria	s__Tateyamaria sp007995245	s__Tateyamaria omphalii_A	0.857010	0.861600	47.300000	0.957490	0.937369	519
GCA_017619295.1	GCA_017614185.1	mid_high	d__Bacteria	d__Bacteria	p__Firmicutes_A	p__Firmicutes_A	g__G11	g__G11	s__G11 sp017619295	s__G11 sp017614185	0.823944	0.000000	0.000000	0.973958	0.923531	12
GCA_900103495.1	GCA_017619295.1	mid_high	d__Bacteria	d__Bacteria	p__Firmicutes_A	p__Firmicutes_A	g__G11	g__G11	s__G11 sp900103495	s__G11 sp017619295	0.891476	0.899900	58.950000	0.970799	0.934678	122
GCF_002860355.1	GCF_002802905.1	mid_high	d__Bacteria	d__Bacteria	p__Actinobacteriota	p__Actinobacteriota	g__Galliscardovia	g__Galliscardovia	s__Galliscardovia margollesii	s__Galliscardovia simiarum	0.870739	0.867600	25.460000	0.964573	0.927955	404
GCF_003129925.1	GCF_003952005.1	mid_high	d__Bacteria	d__Bacteria	p__Actinobacteriota	p__Actinobacteriota	g__Galliscardovia	g__Galliscardovia	s__Galliscardovia catulorum	s__Galliscardovia callimiconis	0.832177	0.000000	0.000000	0.959375	0.958742	160
GCF_003952005.1	GCF_002802905.1	mid_high	d__Bacteria	d__Bacteria	p__Actinobacteriota	p__Actinobacteriota	g__Galliscardovia	g__Galliscardovia	s__Galliscardovia callimiconis	s__Galliscardovia simiarum	0.836523	0.000000	0.000000	0.960227	0.957016	132
GCF_010667655.1	GCF_003952005.1	mid_high	d__Bacteria	d__Bacteria	p__Actinobacteriota	p__Actinobacteriota	g__Galliscardovia	g__Galliscardovia	s__Galliscardovia saimiriisciurei	s__Galliscardovia callimiconis	0.845818	0.000000	0.000000	0.964005	0.915418	270
GCF_003952005.1	GCF_002860355.1	mid_high	d__Bacteria	d__Bacteria	p__Actinobacteriota	p__Actinobacteriota	g__Galliscardovia	g__Galliscardovia	s__Galliscardovia callimiconis	s__Galliscardovia margollesii	0.823390	0.000000	0.000000	0.956473	0.958342	196
GCA_016794035.1	GCA_016794565.1	mid_high	d__Bacteria	d__Bacteria	p__Planctomycetota	p__Planctomycetota	g__JAEUHS01	g__JAEUHS01	s__JAEUHS01 sp016794035	s__JAEUHS01 sp016794565	0.807720	0.000000	0.000000	0.955316	0.958438	328
GCA_016794035.1	GCA_016794425.1	mid_high	d__Bacteria	d__Bacteria	p__Planctomycetota	p__Planctomycetota	g__JAEUHS01	g__JAEUHS01	s__JAEUHS01 sp016794035	s__JAEUHS01 sp016794425	0.847887	0.841400	19.870000	0.963308	0.921312	712
GCA_016716715.1	GCA_003152095.1	mid_high	d__Bacteria	d__Bacteria	p__Acidobacteriota	p__Acidobacteriota	g__Fen-183	g__Fen-183	s__Fen-183 sp016716715	s__Fen-183 sp003152095	0.807760	0.000000	0.000000	0.956473	0.943371	84
GCA_017436905.1	GCA_017502845.1	mid_high	d__Bacteria	d__Bacteria	p__Firmicutes_A	p__Firmicutes_A	g__SIG455	g__SIG455	s__SIG455 sp017436905	s__SIG455 sp017502845	0.793731	0.000000	0.000000	0.000000	0.000000	0
GCA_015068565.1	GCA_017502845.1	mid_high	d__Bacteria	d__Bacteria	p__Firmicutes_A	p__Firmicutes_A	g__SIG455	g__SIG455	s__SIG455 sp015068565	s__SIG455 sp017502845	0.783674	0.000000	0.000000	0.000000	0.000000	0
GCA_013821475.1	GCA_005885405.1	mid_high	d__Bacteria	d__Bacteria	p__Actinobacteriota	p__Actinobacteriota	g__VAYN01	g__VAYN01	s__VAYN01 sp013821475	s__VAYN01 sp005885405	0.839712	0.000000	0.000000	0.960841	0.964327	162
GCA_016649905.1	GCA_018268415.1	mid_high	d__Bacteria	d__Bacteria	p__Actinobacteriota	p__Actinobacteriota	g__VAYN01	g__VAYN01	s__VAYN01 sp016649905	s__VAYN01 sp018268415	0.819405	0.000000	0.000000	0.966270	0.930919	126
GCA_018268675.1	GCA_017882505.1	mid_high	d__Bacteria	d__Bacteria	p__Actinobacteriota	p__Actinobacteriota	g__VAYN01	g__VAYN01	s__VAYN01 sp018268675	s__VAYN01 sp017882505	0.822302	0.000000	0.000000	0.967120	0.934675	115
GCA_018268675.1	GCA_016649905.1	mid_high	d__Bacteria	d__Bacteria	p__Actinobacteriota	p__Actinobacteriota	g__VAYN01	g__VAYN01	s__VAYN01 sp018268675	s__VAYN01 sp016649905	0.822149	0.000000	0.000000	0.962636	0.956228	138
GCA_013821475.1	GCA_018268655.1	mid_high	d__Bacteria	d__Bacteria	p__Actinobacteriota	p__Actinobacteriota	g__VAYN01	g__VAYN01	s__VAYN01 sp013821475	s__VAYN01 sp018268655	0.835707	0.000000	0.000000	0.963235	0.954896	119
GCF_000020965.1	GCF_000021645.1	mid_high	d__Bacteria	d__Bacteria	p__Dictyoglomota	p__Dictyoglomota	g__Dictyoglomus	g__Dictyoglomus	s__Dictyoglomus thermophilum	s__Dictyoglomus turgidum	0.810671	0.819000	16.950000	0.983333	0.934687	15
GCA_001769535.1	GCA_016936815.1	mid_high	d__Bacteria	d__Bacteria	p__Bacteroidota	p__Bacteroidota	g__GWF2-38-335	g__GWF2-38-335	s__GWF2-38-335 sp001769535	s__GWF2-38-335 sp016936815	0.000000	0.000000	0.000000	0.000000	0.000000	0
GCA_002501855.1	GCA_003176995.1	mid_high	d__Archaea	d__Archaea	p__Thermoproteota	p__Thermoproteota	g__UBA10452	g__UBA10452	s__UBA10452 sp002501855	s__UBA10452 sp003176995	0.944601	0.956800	46.980000	0.982305	0.967505	302
GCF_009898475.1	GCA_003176995.1	mid_high	d__Archaea	d__Archaea	p__Thermoproteota	p__Thermoproteota	g__UBA10452	g__UBA10452	s__UBA10452 sp009898475	s__UBA10452 sp003176995	0.000000	0.000000	0.000000	0.000000	0.000000	0
GCA_003176995.1	GCA_009665115.1	mid_high	d__Archaea	d__Archaea	p__Thermoproteota	p__Thermoproteota	g__UBA10452	g__UBA10452	s__UBA10452 sp003176995	s__UBA10452 sp009665115	0.932237	0.944500	63.170000	0.977726	0.945035	188
GCA_009665115.1	GCA_002501855.1	mid_high	d__Archaea	d__Archaea	p__Thermoproteota	p__Thermoproteota	g__UBA10452	g__UBA10452	s__UBA10452 sp009665115	s__UBA10452 sp002501855	0.943019	0.952700	50.240000	0.978249	0.957627	227
GCA_903878265.1	GCA_903913645.1	mid_high	d__Bacteria	d__Bacteria	p__Bacteroidota	p__Bacteroidota	g__UBA4417	g__UBA4417	s__UBA4417 sp903878265	s__UBA4417 sp903913645	0.000000	0.000000	0.000000	0.958984	0.897207	16
GCA_015657475.1	GCA_903879715.1	mid_high	d__Bacteria	d__Bacteria	p__Bacteroidota	p__Bacteroidota	g__UBA4417	g__UBA4417	s__UBA4417 sp015657475	s__UBA4417 sp903879715	0.000000	0.000000	0.000000	0.000000	0.000000	0
GCA_903878265.1	GCA_903917425.1	mid_high	d__Bacteria	d__Bacteria	p__Bacteroidota	p__Bacteroidota	g__UBA4417	g__UBA4417	s__UBA4417 sp903878265	s__UBA4417 sp903917425	0.788309	0.000000	0.000000	0.955645	0.914913	31
GCA_903887815.1	GCA_016707705.1	mid_high	d__Bacteria	d__Bacteria	p__Bacteroidota	p__Bacteroidota	g__UBA4417	g__UBA4417	s__UBA4417 sp903887815	s__UBA4417 sp016707705	0.000000	0.000000	0.000000	0.000000	0.000000	0
GCA_903822525.1	GCA_016707705.1	mid_high	d__Bacteria	d__Bacteria	p__Bacteroidota	p__Bacteroidota	g__UBA4417	g__UBA4417	s__UBA4417 sp903822525	s__UBA4417 sp016707705	0.000000	0.000000	0.000000	0.000000	0.000000	0
GCF_000375465.1	GCF_001650905.1	mid_high	d__Bacteria	d__Bacteria	p__Bacteroidota	p__Bacteroidota	g__Balneola	g__Balneola	s__Balneola vulgaris	s__Balneola sp001650905	0.000000	0.000000	0.000000	0.000000	0.000000	0
GCA_006969905.1	GCF_000375465.1	mid_high	d__Bacteria	d__Bacteria	p__Bacteroidota	p__Bacteroidota	g__Balneola	g__Balneola	s__Balneola sp006969905	s__Balneola vulgaris	0.000000	0.000000	0.000000	0.000000	0.000000	0
GCF_001650905.1	GCA_017643645.1	mid_high	d__Bacteria	d__Bacteria	p__Bacteroidota	p__Bacteroidota	g__Balneola	g__Balneola	s__Balneola sp001650905	s__Balneola sp017643645	0.892735	0.895400	51.520000	0.974057	0.933061	106
GCA_017643645.1	GCA_017640785.1	mid_high	d__Bacteria	d__Bacteria	p__Bacteroidota	p__Bacteroidota	g__Balneola	g__Balneola	s__Balneola sp017643645	s__Balneola sp017640785	0.895586	0.899200	54.960000	0.975202	0.940719	155
GCF_000876205.1	GCF_005405445.1	mid_high	d__Bacteria	d__Bacteria	p__Firmicutes	p__Firmicutes	g__Paucilactobacillus	g__Paucilactobacillus	s__Paucilactobacillus wasatchensis	s__Paucilactobacillus nenjiangensis	0.000000	0.000000	0.000000	0.000000	0.000000	0
GCF_005405145.1	GCF_000876205.1	mid_high	d__Bacteria	d__Bacteria	p__Firmicutes	p__Firmicutes	g__Paucilactobacillus	g__Paucilactobacillus	s__Paucilactobacillus kaifaensis	s__Paucilactobacillus wasatchensis	0.796175	0.000000	0.000000	0.000000	0.000000	0
GCF_005405445.1	GCF_005405145.1	mid_high	d__Bacteria	d__Bacteria	p__Firmicutes	p__Firmicutes	g__Paucilactobacillus	g__Paucilactobacillus	s__Paucilactobacillus nenjiangensis	s__Paucilactobacillus kaifaensis	0.000000	0.000000	0.000000	0.000000	0.000000	0
GCF_005405445.1	GCF_001436295.1	mid_high	d__Bacteria	d__Bacteria	p__Firmicutes	p__Firmicutes	g__Paucilactobacillus	g__Paucilactobacillus	s__Paucilactobacillus nenjiangensis	s__Paucilactobacillus vaccinostercus	0.000000	0.000000	0.000000	0.000000	0.000000	0
GCA_903874575.1	GCA_013044195.1	mid_high	d__Bacteria	d__Bacteria	p__Elusimicrobiota	p__Elusimicrobiota	g__GWA2-66-18	g__GWA2-66-18	s__GWA2-66-18 sp903874575	s__GWA2-66-18 sp013044195	0.787488	0.000000	0.000000	0.956597	0.938001	36
GCA_001799675.1	GCA_013044195.1	mid_high	d__Bacteria	d__Bacteria	p__Elusimicrobiota	p__Elusimicrobiota	g__GWA2-66-18	g__GWA2-66-18	s__GWA2-66-18 sp001799675	s__GWA2-66-18 sp013044195	0.779820	0.000000	0.000000	0.953125	0.901868	22
GCA_016194625.1	GCA_016191335.1	mid_high	d__Bacteria	d__Bacteria	p__Elusimicrobiota	p__Elusimicrobiota	g__GWA2-66-18	g__GWA2-66-18	s__GWA2-66-18 sp016194625	s__GWA2-66-18 sp016191335	0.798672	0.000000	0.000000	0.954861	0.951909	81
GCA_016191335.1	GCA_016182905.1	mid_high	d__Bacteria	d__Bacteria	p__Elusimicrobiota	p__Elusimicrobiota	g__GWA2-66-18	g__GWA2-66-18	s__GWA2-66-18 sp016191335	s__GWA2-66-18 sp016182905	0.906378	0.905300	54.650000	0.970757	0.941258	685
GCA_009930425.1	GCA_002304945.1	mid_high	d__Bacteria	d__Bacteria	p__Actinobacteriota	p__Actinobacteriota	g__UBA1383	g__UBA1383	s__UBA1383 sp009930425	s__UBA1383 sp002304945	0.856534	0.885700	26.690000	0.976452	0.932408	284
GCA_017882885.1	GCA_009930425.1	mid_high	d__Bacteria	d__Bacteria	p__Actinobacteriota	p__Actinobacteriota	g__UBA1383	g__UBA1383	s__UBA1383 sp017882885	s__UBA1383 sp009930425	0.801613	0.000000	0.000000	0.956455	0.945090	61
GCA_017882885.1	GCA_002304945.1	mid_high	d__Bacteria	d__Bacteria	p__Actinobacteriota	p__Actinobacteriota	g__UBA1383	g__UBA1383	s__UBA1383 sp017882885	s__UBA1383 sp002304945	0.803783	0.000000	0.000000	0.961207	0.945368	58
GCA_004195325.1	GCF_000755705.1	mid_high	d__Bacteria	d__Bacteria	p__Firmicutes	p__Firmicutes	g__Izemoplasma_B	g__Izemoplasma_B	s__Izemoplasma_B sp004195325	s__Izemoplasma_B sp000755705	0.000000	0.000000	0.000000	0.000000	0.000000	0
GCA_016936415.1	GCA_014023125.1	mid_high	d__Bacteria	d__Bacteria	p__Firmicutes	p__Firmicutes	g__Izemoplasma_B	g__Izemoplasma_B	s__Izemoplasma_B sp016936415	s__Izemoplasma_B sp014023125	0.000000	0.000000	0.000000	0.000000	0.000000	0
GCA_014023125.1	GCF_000755705.1	mid_high	d__Bacteria	d__Bacteria	p__Firmicutes	p__Firmicutes	g__Izemoplasma_B	g__Izemoplasma_B	s__Izemoplasma_B sp014023125	s__Izemoplasma_B sp000755705	0.000000	0.000000	0.000000	0.000000	0.000000	0
GCA_014023125.1	GCA_000753575.1	mid_high	d__Bacteria	d__Bacteria	p__Firmicutes	p__Firmicutes	g__Izemoplasma_B	g__Izemoplasma_B	s__Izemoplasma_B sp014023125	s__Izemoplasma_B sp000753575	0.000000	0.000000	0.000000	0.000000	0.000000	0
GCA_000753575.1	GCF_000755705.1	mid_high	d__Bacteria	d__Bacteria	p__Firmicutes	p__Firmicutes	g__Izemoplasma_B	g__Izemoplasma_B	s__Izemoplasma_B sp000753575	s__Izemoplasma_B sp000755705	0.779027	0.000000	0.000000	0.000000	0.000000	0
GCF_003590945.1	GCF_003173055.1	mid_high	d__Bacteria	d__Bacteria	p__Proteobacteria	p__Proteobacteria	g__Zavarzinia	g__Zavarzinia	s__Zavarzinia sp003590945	s__Zavarzinia compransoris	0.815043	0.000000	0.000000	0.957357	0.948487	192
GCA_012512265.1	GCA_012841485.1	mid_high	d__Bacteria	d__Bacteria	p__Armatimonadota	p__Armatimonadota	g__DUUU01	g__DUUU01	s__DUUU01 sp012512265	s__DUUU01 sp012841485	0.921716	0.929400	75.180000	0.977827	0.949577	1050
GCA_012799905.1	GCA_002070945.1	mid_high	d__Bacteria	d__Bacteria	p__Verrucomicrobiota	p__Verrucomicrobiota	g__JAAZKI01	g__JAAZKI01	s__JAAZKI01 sp012799905	s__JAAZKI01 sp002070945	0.898121	0.898700	46.220000	0.964712	0.928071	650
GCA_000802045.1	GCA_000961765.1	mid_high	d__Bacteria	d__Bacteria	p__Firmicutes_B	p__Firmicutes_B	g__BICA1-8	g__BICA1-8	s__BICA1-8 sp000802045	s__BICA1-8 sp000961765	0.890204	0.882200	36.350000	0.966570	0.910390	43
GCA_009691525.1	GCA_016187725.1	mid_high	d__Bacteria	d__Bacteria	p__Latescibacterota	p__Latescibacterota	g__SICG01	g__SICG01	s__SICG01 sp009691525	s__SICG01 sp016187725	0.855873	0.850800	20.280000	0.959473	0.931139	192
GCA_009691525.1	GCA_016867395.1	mid_high	d__Bacteria	d__Bacteria	p__Latescibacterota	p__Latescibacterota	g__SICG01	g__SICG01	s__SICG01 sp009691525	s__SICG01 sp016867395	0.825532	0.826900	12.700000	0.962666	0.954105	113
GCA_016867395.1	GCA_016187725.1	mid_high	d__Bacteria	d__Bacteria	p__Latescibacterota	p__Latescibacterota	g__SICG01	g__SICG01	s__SICG01 sp016867395	s__SICG01 sp016187725	0.837604	0.833800	15.180000	0.956836	0.962407	160
GCA_017853515.1	GCA_014879535.1	mid_high	d__Bacteria	d__Bacteria	p__Verrucomicrobiota	p__Verrucomicrobiota	g__JACTMZ01	g__JACTMZ01	s__JACTMZ01 sp017853515	s__JACTMZ01 sp014879535	0.789624	0.000000	0.000000	0.950149	0.930980	42
GCA_903953565.1	GCA_014584375.1	mid_high	d__Bacteria	d__Bacteria	p__Verrucomicrobiota	p__Verrucomicrobiota	g__JACTMZ01	g__JACTMZ01	s__JACTMZ01 sp903953565	s__JACTMZ01 sp014584375	0.000000	0.000000	0.000000	0.946875	0.900910	10
GCA_018402585.1	GCA_018883245.1	mid_high	d__Bacteria	d__Bacteria	p__Verrucomicrobiota	p__Verrucomicrobiota	g__JACTMZ01	g__JACTMZ01	s__JACTMZ01 sp018402585	s__JACTMZ01 sp018883245	0.784271	0.000000	0.000000	0.958333	0.905019	24
GCA_014879535.1	GCA_018402585.1	mid_high	d__Bacteria	d__Bacteria	p__Verrucomicrobiota	p__Verrucomicrobiota	g__JACTMZ01	g__JACTMZ01	s__JACTMZ01 sp014879535	s__JACTMZ01 sp018402585	0.781869	0.000000	0.000000	0.949811	0.898847	33
GCA_903953565.1	GCA_017853515.1	mid_high	d__Bacteria	d__Bacteria	p__Verrucomicrobiota	p__Verrucomicrobiota	g__JACTMZ01	g__JACTMZ01	s__JACTMZ01 sp903953565	s__JACTMZ01 sp017853515	0.807624	0.000000	0.000000	0.956130	0.946300	104
GCA_902551155.1	GCA_002719595.1	mid_high	d__Bacteria	d__Bacteria	p__Verrucomicrobiota	p__Verrucomicrobiota	g__UBA1100	g__UBA1100	s__UBA1100 sp902551155	s__UBA1100 sp002719595	0.941118	0.938500	42.990000	0.981061	0.964582	132
GCA_002719595.1	GCA_002718935.1	mid_high	d__Bacteria	d__Bacteria	p__Verrucomicrobiota	p__Verrucomicrobiota	g__UBA1100	g__UBA1100	s__UBA1100 sp002719595	s__UBA1100 sp002718935	0.000000	0.000000	0.000000	0.000000	0.000000	0
GCA_011523245.1	GCA_902551155.1	mid_high	d__Bacteria	d__Bacteria	p__Verrucomicrobiota	p__Verrucomicrobiota	g__UBA1100	g__UBA1100	s__UBA1100 sp011523245	s__UBA1100 sp902551155	0.000000	0.000000	0.000000	0.000000	0.000000	0
GCA_902551155.1	GCA_002718935.1	mid_high	d__Bacteria	d__Bacteria	p__Verrucomicrobiota	p__Verrucomicrobiota	g__UBA1100	g__UBA1100	s__UBA1100 sp902551155	s__UBA1100 sp002718935	0.000000	0.000000	0.000000	0.000000	0.000000	0
GCA_003517285.1	GCA_002719595.1	mid_high	d__Bacteria	d__Bacteria	p__Verrucomicrobiota	p__Verrucomicrobiota	g__UBA1100	g__UBA1100	s__UBA1100 sp003517285	s__UBA1100 sp002719595	0.000000	0.000000	0.000000	0.000000	0.000000	0
GCF_006151685.1	GCF_900105535.1	mid_high	d__Bacteria	d__Bacteria	p__Actinobacteriota	p__Actinobacteriota	g__Pseudarthrobacter	g__Pseudarthrobacter	s__Pseudarthrobacter sp006151685	s__Pseudarthrobacter equi	0.830788	0.000000	0.000000	0.962244	0.923718	269
GCF_001428075.1	GCF_005796185.1	mid_high	d__Bacteria	d__Bacteria	p__Actinobacteriota	p__Actinobacteriota	g__Pseudarthrobacter	g__Pseudarthrobacter	s__Pseudarthrobacter sp001428075	s__Pseudarthrobacter sp005796185	0.829068	0.828700	17.090000	0.963542	0.912294	180
GCF_005796225.1	GCF_000962805.1	mid_high	d__Bacteria	d__Bacteria	p__Actinobacteriota	p__Actinobacteriota	g__Pseudarthrobacter	g__Pseudarthrobacter	s__Pseudarthrobacter sp005796225	s__Pseudarthrobacter chlorophenolicus_A	0.826232	0.000000	0.000000	0.962416	0.962037	148
GCF_902506025.1	GCF_014639275.1	mid_high	d__Bacteria	d__Bacteria	p__Actinobacteriota	p__Actinobacteriota	g__Pseudarthrobacter	g__Pseudarthrobacter	s__Pseudarthrobacter sp902506025	s__Pseudarthrobacter liuii	0.876853	0.877500	41.610000	0.966050	0.922347	382
GCF_000189535.1	GCF_018613805.1	mid_high	d__Bacteria	d__Bacteria	p__Actinobacteriota	p__Actinobacteriota	g__Pseudarthrobacter	g__Pseudarthrobacter	s__Pseudarthrobacter phenanthrenivorans	s__Pseudarthrobacter sp018613805	0.814310	0.000000	0.000000	0.962812	0.955591	100
GCA_900321665.1	GCA_902794945.1	mid_high	d__Bacteria	d__Bacteria	p__Firmicutes_A	p__Firmicutes_A	g__RUG714	g__RUG714	s__RUG714 sp900321665	s__RUG714 sp902794945	0.806899	0.000000	0.000000	0.972128	0.936491	37
GCA_017512465.1	GCA_017432485.1	mid_high	d__Bacteria	d__Bacteria	p__Firmicutes_A	p__Firmicutes_A	g__RUG714	g__RUG714	s__RUG714 sp017512465	s__RUG714 sp017432485	0.806676	0.000000	0.000000	0.972842	0.903290	84
GCA_017512465.1	GCA_902794945.1	mid_high	d__Bacteria	d__Bacteria	p__Firmicutes_A	p__Firmicutes_A	g__RUG714	g__RUG714	s__RUG714 sp017512465	s__RUG714 sp902794945	0.801644	0.000000	0.000000	0.961207	0.951128	29
GCA_902794945.1	GCA_017430965.1	mid_high	d__Bacteria	d__Bacteria	p__Firmicutes_A	p__Firmicutes_A	g__RUG714	g__RUG714	s__RUG714 sp902794945	s__RUG714 sp017430965	0.799603	0.000000	0.000000	0.968750	0.914438	33
GCA_015066575.1	GCA_017432485.1	mid_high	d__Bacteria	d__Bacteria	p__Firmicutes_A	p__Firmicutes_A	g__RUG714	g__RUG714	s__RUG714 sp015066575	s__RUG714 sp017432485	0.881893	0.883900	35.850000	0.967924	0.925837	227
GCA_019116505.1	GCF_001885765.1	mid_high	d__Bacteria	d__Bacteria	p__Firmicutes	p__Firmicutes	g__Enterococcus_I	g__Enterococcus_I	s__Enterococcus_I avicola	s__Enterococcus_I aquimarinus	0.790939	0.000000	0.000000	0.000000	0.000000	0
GCF_014635985.1	GCF_016909125.1	mid_high	d__Bacteria	d__Bacteria	p__Firmicutes	p__Firmicutes	g__Enterococcus_I	g__Enterococcus_I	s__Enterococcus_I alcedinis	s__Enterococcus_I lemanii	0.786242	0.000000	0.000000	0.000000	0.000000	0
GCF_001885765.1	GCF_016909125.1	mid_high	d__Bacteria	d__Bacteria	p__Firmicutes	p__Firmicutes	g__Enterococcus_I	g__Enterococcus_I	s__Enterococcus_I aquimarinus	s__Enterococcus_I lemanii	0.785019	0.000000	0.000000	0.000000	0.000000	0
GCA_009937085.1	GCA_002313325.1	mid_high	d__Bacteria	d__Bacteria	p__Bacteroidota	p__Bacteroidota	g__UBA7446	g__UBA7446	s__UBA7446 sp009937085	s__UBA7446 sp002313325	0.781264	0.000000	0.000000	0.000000	0.000000	0
GCA_002313325.1	GCA_002862645.1	mid_high	d__Bacteria	d__Bacteria	p__Bacteroidota	p__Bacteroidota	g__UBA7446	g__UBA7446	s__UBA7446 sp002313325	s__UBA7446 sp002862645	0.827257	0.834000	20.210000	0.000000	0.000000	0
GCA_009886265.1	GCA_002698745.1	mid_high	d__Bacteria	d__Bacteria	p__Bacteroidota	p__Bacteroidota	g__UBA7446	g__UBA7446	s__UBA7446 sp009886265	s__UBA7446 sp002698745	0.863136	0.869600	39.020000	0.962054	0.930343	28
GCA_017856205.1	GCA_002698745.1	mid_high	d__Bacteria	d__Bacteria	p__Bacteroidota	p__Bacteroidota	g__UBA7446	g__UBA7446	s__UBA7446 sp017856205	s__UBA7446 sp002698745	0.000000	0.000000	0.000000	0.000000	0.000000	0
GCA_009886265.1	GCA_002478685.1	mid_high	d__Bacteria	d__Bacteria	p__Bacteroidota	p__Bacteroidota	g__UBA7446	g__UBA7446	s__UBA7446 sp009886265	s__UBA7446 sp002478685	0.782036	0.000000	0.000000	0.000000	0.000000	0
GCA_001899805.1	GCA_018241365.1	mid_high	d__Bacteria	d__Bacteria	p__Proteobacteria	p__Proteobacteria	g__66-474	g__66-474	s__66-474 sp001899805	s__66-474 sp018241365	0.845896	0.848300	19.500000	0.962572	0.909757	349
GCA_018971925.1	GCA_004299705.1	mid_high	d__Bacteria	d__Bacteria	p__Proteobacteria	p__Proteobacteria	g__66-474	g__66-474	s__66-474 sp018971925	s__66-474 sp004299705	0.834869	0.000000	0.000000	0.962942	0.940842	226
GCA_018241145.1	GCA_001899805.1	mid_high	d__Bacteria	d__Bacteria	p__Proteobacteria	p__Proteobacteria	g__66-474	g__66-474	s__66-474 sp018241145	s__66-474 sp001899805	0.803568	0.000000	0.000000	0.957511	0.939327	114
GCA_009782555.1	GCA_009782495.1	mid_high	d__Bacteria	d__Bacteria	p__Spirochaetota	p__Spirochaetota	g__WRIV01	g__WRIV01	s__WRIV01 sp009782555	s__WRIV01 sp009782495	0.777333	0.000000	0.000000	0.000000	0.000000	0
GCA_009782955.1	GCA_009782555.1	mid_high	d__Bacteria	d__Bacteria	p__Spirochaetota	p__Spirochaetota	g__WRIV01	g__WRIV01	s__WRIV01 sp009782955	s__WRIV01 sp009782555	0.772001	0.000000	0.000000	0.000000	0.000000	0
GCA_009782495.1	GCA_009782955.1	mid_high	d__Bacteria	d__Bacteria	p__Spirochaetota	p__Spirochaetota	g__WRIV01	g__WRIV01	s__WRIV01 sp009782495	s__WRIV01 sp009782955	0.871060	0.870800	31.860000	0.964502	0.925975	103
GCA_001564115.1	GCA_003552885.1	mid_high	d__Archaea	d__Archaea	p__Halobacteriota	p__Halobacteriota	g__Tc-Br11-E2g8	g__Tc-Br11-E2g8	s__Tc-Br11-E2g8 sp001564115	s__Tc-Br11-E2g8 sp003552885	0.898972	0.907700	36.730000	0.974143	0.936101	197
GCA_002841025.1	GCA_002790195.1	mid_high	d__Bacteria	d__Bacteria	p__Bacteroidota	p__Bacteroidota	g__UM-FILTER-40-17	g__UM-FILTER-40-17	s__UM-FILTER-40-17 sp002841025	s__UM-FILTER-40-17 sp002790195	0.835330	0.845700	18.230000	0.950307	0.958555	61
GCA_002841025.1	GCA_018829465.1	mid_high	d__Bacteria	d__Bacteria	p__Bacteroidota	p__Bacteroidota	g__UM-FILTER-40-17	g__UM-FILTER-40-17	s__UM-FILTER-40-17 sp002841025	s__UM-FILTER-40-17 sp018829465	0.000000	0.000000	0.000000	0.000000	0.000000	0
GCA_018675575.1	GCA_006226755.1	mid_high	d__Bacteria	d__Bacteria	p__Bdellovibrionota	p__Bdellovibrionota	g__M0603	g__M0603	s__M0603 sp018675575	s__M0603 sp006226755	0.000000	0.000000	0.000000	0.000000	0.000000	0
GCA_009379865.1	GCA_013114705.1	mid_high	d__Archaea	d__Archaea	p__Thermoproteota	p__Thermoproteota	g__Nitrosocosmicus	g__Nitrosocosmicus	s__Nitrosocosmicus sp009379865	s__Nitrosocosmicus sp013114705	0.782223	0.000000	0.000000	0.000000	0.000000	0
GCA_013114705.1	GCF_007826885.1	mid_high	d__Archaea	d__Archaea	p__Thermoproteota	p__Thermoproteota	g__Nitrosocosmicus	g__Nitrosocosmicus	s__Nitrosocosmicus sp013114705	s__Nitrosocosmicus arcticus	0.779468	0.000000	0.000000	0.000000	0.000000	0
GCF_001870125.1	GCA_013114705.1	mid_high	d__Archaea	d__Archaea	p__Thermoproteota	p__Thermoproteota	g__Nitrosocosmicus	g__Nitrosocosmicus	s__Nitrosocosmicus hydrocola	s__Nitrosocosmicus sp013114705	0.833803	0.861200	20.370000	0.952546	0.951141	27
GCA_013114705.1	GCA_016782315.1	mid_high	d__Archaea	d__Archaea	p__Thermoproteota	p__Thermoproteota	g__Nitrosocosmicus	g__Nitrosocosmicus	s__Nitrosocosmicus sp013114705	s__Nitrosocosmicus sp016782315	0.000000	0.000000	0.000000	0.000000	0.000000	0
GCA_013114705.1	GCF_000802205.1	mid_high	d__Archaea	d__Archaea	p__Thermoproteota	p__Thermoproteota	g__Nitrosocosmicus	g__Nitrosocosmicus	s__Nitrosocosmicus sp013114705	s__Nitrosocosmicus oleophilus	0.780288	0.000000	0.000000	0.000000	0.000000	0
GCF_018531465.1	GCF_014646695.1	mid_high	d__Bacteria	d__Bacteria	p__Actinobacteriota	p__Actinobacteriota	g__Sphaerisporangium	g__Sphaerisporangium	s__Sphaerisporangium sp018531465	s__Sphaerisporangium melleum	0.830709	0.000000	0.000000	0.959381	0.934838	507
GCF_016863395.1	GCF_014200435.1	mid_high	d__Bacteria	d__Bacteria	p__Actinobacteriota	p__Actinobacteriota	g__Sphaerisporangium	g__Sphaerisporangium	s__Sphaerisporangium rufum	s__Sphaerisporangium krabiense	0.819289	0.000000	0.000000	0.959884	0.942076	356
GCF_014646695.1	GCF_014200435.1	mid_high	d__Bacteria	d__Bacteria	p__Actinobacteriota	p__Actinobacteriota	g__Sphaerisporangium	g__Sphaerisporangium	s__Sphaerisporangium melleum	s__Sphaerisporangium krabiense	0.828065	0.000000	0.000000	0.961092	0.958864	355
GCF_014205275.1	GCF_014207705.1	mid_high	d__Bacteria	d__Bacteria	p__Actinobacteriota	p__Actinobacteriota	g__Sphaerisporangium	g__Sphaerisporangium	s__Sphaerisporangium siamense	s__Sphaerisporangium rubeum	0.817291	0.000000	0.000000	0.959418	0.956671	288
GCF_014207705.1	GCF_016863395.1	mid_high	d__Bacteria	d__Bacteria	p__Actinobacteriota	p__Actinobacteriota	g__Sphaerisporangium	g__Sphaerisporangium	s__Sphaerisporangium rubeum	s__Sphaerisporangium rufum	0.816676	0.000000	0.000000	0.958040	0.949091	213
GCA_003154025.1	GCA_013388675.1	mid_high	d__Bacteria	d__Bacteria	p__Desulfobacterota	p__Desulfobacterota	g__SM23-61	g__SM23-61	s__SM23-61 sp003154025	s__SM23-61 sp013388675	0.786106	0.000000	0.000000	0.956439	0.926768	33
GCA_001304105.1	GCA_013388675.1	mid_high	d__Bacteria	d__Bacteria	p__Desulfobacterota	p__Desulfobacterota	g__SM23-61	g__SM23-61	s__SM23-61 sp001304105	s__SM23-61 sp013388675	0.798405	0.000000	0.000000	0.951651	0.942513	53
GCA_003483745.1	GCA_014804775.1	mid_high	d__Bacteria	d__Bacteria	p__Firmicutes_A	p__Firmicutes_A	g__Roseburia	g__Roseburia	s__Roseburia sp003483745	s__Roseburia sp014804775	0.000000	0.000000	0.000000	0.000000	0.000000	0
GCA_900548205.1	GCA_017626625.1	mid_high	d__Bacteria	d__Bacteria	p__Firmicutes_A	p__Firmicutes_A	g__Roseburia	g__Roseburia	s__Roseburia sp900548205	s__Roseburia sp017626625	0.000000	0.000000	0.000000	0.000000	0.000000	0
GCA_900550935.1	GCA_905206195.1	mid_high	d__Bacteria	d__Bacteria	p__Firmicutes_A	p__Firmicutes_A	g__Roseburia	g__Roseburia	s__Roseburia sp900550935	s__Roseburia sp905206195	0.000000	0.000000	0.000000	0.000000	0.000000	0
GCA_900550935.1	GCA_900548205.1	mid_high	d__Bacteria	d__Bacteria	p__Firmicutes_A	p__Firmicutes_A	g__Roseburia	g__Roseburia	s__Roseburia sp900550935	s__Roseburia sp900548205	0.000000	0.000000	0.000000	0.000000	0.000000	0
GCA_910587865.1	GCA_900550935.1	mid_high	d__Bacteria	d__Bacteria	p__Firmicutes_A	p__Firmicutes_A	g__Roseburia	g__Roseburia	s__Roseburia sp910587865	s__Roseburia sp900550935	0.000000	0.000000	0.000000	0.000000	0.000000	0
GCF_900112595.1	GCF_014202225.1	mid_high	d__Bacteria	d__Bacteria	p__Bacteroidota	p__Bacteroidota	g__Algibacter_B	g__Algibacter_B	s__Algibacter_B pectinivorans	s__Algibacter_B amylolyticus	0.920750	0.924700	55.550000	0.976273	0.948261	216
GCA_905480415.1	GCF_900112595.1	mid_high	d__Bacteria	d__Bacteria	p__Bacteroidota	p__Bacteroidota	g__Algibacter_B	g__Algibacter_B	s__Algibacter_B sp905480415	s__Algibacter_B pectinivorans	0.799787	0.000000	0.000000	0.965625	0.916488	10
GCA_002421825.1	GCA_008923285.1	mid_high	d__Bacteria	d__Bacteria	p__Proteobacteria	p__Proteobacteria	g__UBA6918	g__UBA6918	s__UBA6918 sp002421825	s__UBA6918 sp008923285	0.865897	0.862200	27.510000	0.960625	0.925493	250
GCA_002327405.1	GCA_002421825.1	mid_high	d__Bacteria	d__Bacteria	p__Proteobacteria	p__Proteobacteria	g__UBA6918	g__UBA6918	s__UBA6918 sp002327405	s__UBA6918 sp002421825	0.859751	0.852700	23.000000	0.961694	0.911842	186
GCA_002327405.1	GCA_008923285.1	mid_high	d__Bacteria	d__Bacteria	p__Proteobacteria	p__Proteobacteria	g__UBA6918	g__UBA6918	s__UBA6918 sp002327405	s__UBA6918 sp008923285	0.856482	0.853900	22.050000	0.960749	0.929754	207
GCA_002421825.1	GCA_002450925.1	mid_high	d__Bacteria	d__Bacteria	p__Proteobacteria	p__Proteobacteria	g__UBA6918	g__UBA6918	s__UBA6918 sp002421825	s__UBA6918 sp002450925	0.792512	0.000000	0.000000	0.959961	0.926744	32
GCA_002440765.1	GCA_016933315.1	mid_high	d__Bacteria	d__Bacteria	p__UBA6266	p__UBA6266	g__UBA6266	g__UBA6266	s__UBA6266 sp002440765	s__UBA6266 sp016933315	0.833769	0.842800	25.730000	0.951087	0.959442	23
GCA_001897825.1	GCF_000020565.1	mid_high	d__Bacteria	d__Bacteria	p__Bacteroidota	p__Bacteroidota	g__Amoebophilus	g__Amoebophilus	s__Amoebophilus sp001897825	s__Amoebophilus asiaticus	0.777187	0.000000	0.000000	0.000000	0.000000	0
GCA_900759475.1	GCA_017524665.1	mid_high	d__Bacteria	d__Bacteria	p__Firmicutes_A	p__Firmicutes_A	g__UMGS1754	g__UMGS1754	s__UMGS1754 sp900759475	s__UMGS1754 sp017524665	0.777735	0.000000	0.000000	0.000000	0.000000	0
GCA_017524665.1	GCA_900554815.1	mid_high	d__Bacteria	d__Bacteria	p__Firmicutes_A	p__Firmicutes_A	g__UMGS1754	g__UMGS1754	s__UMGS1754 sp017524665	s__UMGS1754 sp900554815	0.771490	0.000000	0.000000	0.000000	0.000000	0
GCF_018619475.1	GCA_003153975.1	mid_high	d__Bacteria	d__Bacteria	p__Proteobacteria	p__Proteobacteria	g__Rhodomicrobium	g__Rhodomicrobium	s__Rhodomicrobium sp018619475	s__Rhodomicrobium sp003153975	0.776852	0.000000	0.000000	0.958841	0.903785	41
GCF_000166055.1	GCF_018619475.1	mid_high	d__Bacteria	d__Bacteria	p__Proteobacteria	p__Proteobacteria	g__Rhodomicrobium	g__Rhodomicrobium	s__Rhodomicrobium vannielii	s__Rhodomicrobium sp018619475	0.885178	0.884500	50.040000	0.964272	0.924587	649
GCF_003992725.1	GCF_000636015.1	mid_high	d__Bacteria	d__Bacteria	p__Proteobacteria	p__Proteobacteria	g__Rhodomicrobium	g__Rhodomicrobium	s__Rhodomicrobium lacus	s__Rhodomicrobium udaipurense	0.875967	0.879700	45.140000	0.961589	0.919846	720
GCF_000636015.1	GCF_018619475.1	mid_high	d__Bacteria	d__Bacteria	p__Proteobacteria	p__Proteobacteria	g__Rhodomicrobium	g__Rhodomicrobium	s__Rhodomicrobium udaipurense	s__Rhodomicrobium sp018619475	0.885934	0.885900	48.180000	0.963612	0.921828	663
GCA_018062505.1	GCA_017992485.1	mid_high	d__Bacteria	d__Bacteria	p__Patescibacteria	p__Patescibacteria	g__JAGOSA01	g__JAGOSA01	s__JAGOSA01 sp018062505	s__JAGOSA01 sp017992485	0.814862	0.000000	0.000000	0.968750	0.925006	17
GCA_017464225.1	GCA_017544935.1	mid_high	d__Bacteria	d__Bacteria	p__Firmicutes_A	p__Firmicutes_A	g__SFMI01	g__SFMI01	s__SFMI01 sp017464225	s__SFMI01 sp017544935	0.000000	0.000000	0.000000	0.000000	0.000000	0
GCA_017464225.1	GCA_017549335.1	mid_high	d__Bacteria	d__Bacteria	p__Firmicutes_A	p__Firmicutes_A	g__SFMI01	g__SFMI01	s__SFMI01 sp017464225	s__SFMI01 sp017549335	0.776335	0.000000	0.000000	0.000000	0.000000	0
GCA_017550305.1	GCA_017532155.1	mid_high	d__Bacteria	d__Bacteria	p__Firmicutes_A	p__Firmicutes_A	g__SFMI01	g__SFMI01	s__SFMI01 sp017550305	s__SFMI01 sp017532155	0.000000	0.000000	0.000000	0.000000	0.000000	0
GCA_902787835.1	GCA_902761825.1	mid_high	d__Bacteria	d__Bacteria	p__Firmicutes_A	p__Firmicutes_A	g__SFMI01	g__SFMI01	s__SFMI01 sp902787835	s__SFMI01 sp902761825	0.831078	0.000000	0.000000	0.958854	0.929528	60
GCA_017544935.1	GCA_017532155.1	mid_high	d__Bacteria	d__Bacteria	p__Firmicutes_A	p__Firmicutes_A	g__SFMI01	g__SFMI01	s__SFMI01 sp017544935	s__SFMI01 sp017532155	0.000000	0.000000	0.000000	0.000000	0.000000	0
GCA_002727275.1	GCA_004195715.1	mid_high	d__Archaea	d__Archaea	p__Thermoplasmatota	p__Thermoplasmatota	g__Thalassarchaeum	g__Thalassarchaeum	s__Thalassarchaeum sp002727275	s__Thalassarchaeum sp004195715	0.770135	0.000000	0.000000	0.000000	0.000000	0
GCA_002507125.1	GCA_002501885.1	mid_high	d__Archaea	d__Archaea	p__Thermoplasmatota	p__Thermoplasmatota	g__Thalassarchaeum	g__Thalassarchaeum	s__Thalassarchaeum sp002507125	s__Thalassarchaeum sp002501885	0.000000	0.000000	0.000000	0.000000	0.000000	0
GCA_002507125.1	GCA_002505325.1	mid_high	d__Archaea	d__Archaea	p__Thermoplasmatota	p__Thermoplasmatota	g__Thalassarchaeum	g__Thalassarchaeum	s__Thalassarchaeum sp002507125	s__Thalassarchaeum sp002505325	0.789386	0.000000	0.000000	0.945312	0.900438	12
GCA_002714745.1	GCA_002698225.1	mid_high	d__Archaea	d__Archaea	p__Thermoplasmatota	p__Thermoplasmatota	g__Thalassarchaeum	g__Thalassarchaeum	s__Thalassarchaeum sp002714745	s__Thalassarchaeum sp002698225	0.810536	0.000000	0.000000	0.960526	0.955463	19
GCA_002501885.1	GCA_002457605.1	mid_high	d__Archaea	d__Archaea	p__Thermoplasmatota	p__Thermoplasmatota	g__Thalassarchaeum	g__Thalassarchaeum	s__Thalassarchaeum sp002501885	s__Thalassarchaeum sp002457605	0.000000	0.000000	0.000000	0.000000	0.000000	0
GCA_003485905.1	GCA_018660405.1	mid_high	d__Bacteria	d__Bacteria	p__Proteobacteria	p__Proteobacteria	g__UBA10349	g__UBA10349	s__UBA10349 sp003485905	s__UBA10349 sp018660405	0.000000	0.000000	0.000000	0.000000	0.000000	0
GCF_900106955.1	GCF_008079445.1	mid_high	d__Bacteria	d__Bacteria	p__Proteobacteria	p__Proteobacteria	g__Aidingimonas	g__Aidingimonas	s__Aidingimonas halophila	s__Aidingimonas lacisalsi	0.833078	0.853800	18.170000	0.972506	0.927360	208
GCA_017694875.1	GCA_017647145.1	mid_high	d__Bacteria	d__Bacteria	p__Bacteroidota	p__Bacteroidota	g__Gallipaludibacter	g__Gallipaludibacter	s__Gallipaludibacter merdavium	s__Gallipaludibacter sp017647145	0.000000	0.000000	0.000000	0.000000	0.000000	0
GCA_007134175.1	GCA_003562335.1	mid_high	d__Bacteria	d__Bacteria	p__Verrucomicrobiota	p__Verrucomicrobiota	g__SLLF01	g__SLLF01	s__SLLF01 sp007134175	s__SLLF01 sp003562335	0.000000	0.000000	0.000000	0.960938	0.907949	16
GCA_002685115.1	GCA_002453265.1	mid_high	d__Bacteria	d__Bacteria	p__Bacteroidota	p__Bacteroidota	g__UBA6772	g__UBA6772	s__UBA6772 sp002685115	s__UBA6772 sp002453265	0.000000	0.000000	0.000000	0.000000	0.000000	0
GCA_002453265.1	GCA_905182215.1	mid_high	d__Bacteria	d__Bacteria	p__Bacteroidota	p__Bacteroidota	g__UBA6772	g__UBA6772	s__UBA6772 sp002453265	s__UBA6772 sp905182215	0.828929	0.000000	0.000000	0.952206	0.961501	17
GCA_018711785.1	GCA_018715695.1	mid_high	d__Bacteria	d__Bacteria	p__Firmicutes_A	p__Firmicutes_A	g__Galloscillospira_A	g__Galloscillospira_A	s__Galloscillospira_A excrementavium	s__Galloscillospira_A stercoripullorum	0.827258	0.000000	0.000000	0.965726	0.945140	31
GCA_001871495.1	GCA_013425325.1	mid_high	d__Archaea	d__Archaea	p__Micrarchaeota	p__Micrarchaeota	g__UBA8480	g__UBA8480	s__UBA8480 sp001871495	s__UBA8480 sp013425325	0.000000	0.000000	0.000000	0.000000	0.000000	0
GCA_018894655.1	GCA_018896525.1	mid_high	d__Bacteria	d__Bacteria	p__Actinobacteriota	p__Actinobacteriota	g__JAHIPE01	g__JAHIPE01	s__JAHIPE01 sp018894655	s__JAHIPE01 sp018896525	0.852648	0.859000	13.700000	0.959888	0.944247	67
GCF_000341545.2	GCA_011052055.1	mid	d__Bacteria	d__Bacteria	p__Nitrospinota	p__Nitrospinota	g__Nitrospina	g__DRJW01	s__Nitrospina gracilis	s__DRJW01 sp011052055	0.000000	0.000000	0.000000	0.000000	0.000000	0
GCA_016212345.1	GCA_016208975.1	mid	d__Bacteria	d__Bacteria	p__Nitrospinota	p__Nitrospinota	g__SZUA-224	g__JACQXA01	s__SZUA-224 sp016212345	s__JACQXA01 sp016208975	0.000000	0.000000	0.000000	0.000000	0.000000	0
GCA_016200345.1	GCA_016207035.1	mid	d__Bacteria	d__Bacteria	p__Nitrospinota	p__Nitrospinota	g__JACQEX01	g__JACQQJ01	s__JACQEX01 sp016200345	s__JACQQJ01 sp016207035	0.000000	0.000000	0.000000	0.000000	0.000000	0
GCA_011052055.1	GCA_015229165.1	mid	d__Bacteria	d__Bacteria	p__Nitrospinota	p__Nitrospinota	g__DRJW01	g__JADGCD01	s__DRJW01 sp011052055	s__JADGCD01 sp015229165	0.000000	0.000000	0.000000	0.000000	0.000000	0
GCA_001804915.1	GCA_003229345.1	mid	d__Bacteria	d__Bacteria	p__Nitrospinota	p__Nitrospinota	g__PLOWO2-12-39-15	g__SZUA-226	s__PLOWO2-12-39-15 sp001804915	s__SZUA-226 sp003229345	0.000000	0.000000	0.000000	0.000000	0.000000	0
GCF_000284315.1	GCF_000299235.1	mid	d__Bacteria	d__Bacteria	p__Nitrospirota_A	p__Nitrospirota_A	g__Leptospirillum	g__Leptospirillum_A	s__Leptospirillum ferrooxidans	s__Leptospirillum_A rubarum	0.000000	0.000000	0.000000	0.000000	0.000000	0
GCA_002387725.1	GCF_000284315.1	mid	d__Bacteria	d__Bacteria	p__Nitrospirota_A	p__Nitrospirota_A	g__UBA4572	g__Leptospirillum	s__UBA4572 sp002387725	s__Leptospirillum ferrooxidans	0.000000	0.000000	0.000000	0.000000	0.000000	0
GCA_002869185.1	GCA_910586745.1	mid	d__Bacteria	d__Bacteria	p__Deferribacterota	p__Deferribacterota	g__Denitrovibrio	g__Mucispirillum	s__Denitrovibrio sp002869185	s__Mucispirillum sp910586745	0.000000	0.000000	0.000000	0.000000	0.000000	0
GCA_001603805.1	GCF_000218625.1	mid	d__Bacteria	d__Bacteria	p__Deferribacterota	p__Deferribacterota	g__Geovibrio	g__Flexistipes	s__Geovibrio sp001603805	s__Flexistipes sinusarabici	0.000000	0.000000	0.000000	0.000000	0.000000	0
GCF_004087915.1	GCA_019116905.1	mid	d__Bacteria	d__Bacteria	p__Deferribacterota	p__Deferribacterota	g__Geovibrio	g__Mucispirillum	s__Geovibrio thiophilus	s__Mucispirillum faecigallinarum	0.000000	0.000000	0.000000	0.000000	0.000000	0
GCA_002338145.1	GCF_000010985.1	mid	d__Bacteria	d__Bacteria	p__Deferribacterota	p__Deferribacterota	g__Flexistipes	g__Deferribacter	s__Flexistipes sp002338145	s__Deferribacter desulfuricans	0.000000	0.000000	0.000000	0.000000	0.000000	0
GCA_002452335.1	GCF_000025725.1	mid	d__Bacteria	d__Bacteria	p__Deferribacterota	p__Deferribacterota	g__Seleniivibrio	g__Denitrovibrio	s__Seleniivibrio sp002452335	s__Denitrovibrio acetiphilus	0.000000	0.000000	0.000000	0.000000	0.000000	0
GCA_017992075.1	GCA_018266175.1	mid	d__Bacteria	d__Bacteria	p__Dependentiae	p__Dependentiae	g__JACPFN01	g__JAFEAY01	s__JACPFN01 sp017992075	s__JAFEAY01 sp018266175	0.000000	0.000000	0.000000	0.000000	0.000000	0
GCA_013286935.1	GCA_018817025.1	mid	d__Bacteria	d__Bacteria	p__Dependentiae	p__Dependentiae	g__JABDES01	g__JAHIUU01	s__JABDES01 sp013286935	s__JAHIUU01 sp018817025	0.000000	0.000000	0.000000	0.000000	0.000000	0
GCA_018817025.1	GCA_013286795.1	mid	d__Bacteria	d__Bacteria	p__Dependentiae	p__Dependentiae	g__JAHIUU01	g__JABDFA01	s__JAHIUU01 sp018817025	s__JABDFA01 sp013286795	0.000000	0.000000	0.000000	0.000000	0.000000	0
GCA_000991575.1	GCA_001468865.1	mid	d__Bacteria	d__Bacteria	p__Dependentiae	p__Dependentiae	g__UBA12409	g__SOIL31	s__UBA12409 sp000991575	s__SOIL31 sp001468865	0.000000	0.000000	0.000000	0.000000	0.000000	0
GCA_903873255.1	GCA_013287265.1	mid	d__Bacteria	d__Bacteria	p__Dependentiae	p__Dependentiae	g__CAIQNR01	g__JABDEC01	s__CAIQNR01 sp903873255	s__JABDEC01 sp013287265	0.000000	0.000000	0.000000	0.000000	0.000000	0
GCA_016209865.1	GCA_016867335.1	mid	d__Bacteria	d__Bacteria	p__JAAXHH01	p__JAAXHH01	g__JACQVL01	g__VGJU01	s__JACQVL01 sp016209865	s__VGJU01 sp016867335	0.000000	0.000000	0.000000	0.000000	0.000000	0
GCA_016209865.1	GCA_009841265.1	mid	d__Bacteria	d__Bacteria	p__JAAXHH01	p__JAAXHH01	g__JACQVL01	g__JAAXHH01	s__JACQVL01 sp016209865	s__JAAXHH01 sp009841265	0.000000	0.000000	0.000000	0.000000	0.000000	0
GCA_016874795.1	GCA_016183145.1	mid	d__Bacteria	d__Bacteria	p__Desulfobacterota_B	p__Desulfobacterota_B	g__VGTG01	g__JACPFE01	s__VGTG01 sp016874795	s__JACPFE01 sp016183145	0.000000	0.000000	0.000000	0.000000	0.000000	0
GCA_015478645.1	GCA_009885395.1	mid	d__Bacteria	d__Bacteria	p__Desulfobacterota_B	p__Desulfobacterota_B	g__JADMIL01	g__SXLG01	s__JADMIL01 sp015478645	s__SXLG01 sp009885395	0.000000	0.000000	0.000000	0.000000	0.000000	0
GCA_016189835.1	GCA_009379725.1	mid	d__Bacteria	d__Bacteria	p__Desulfobacterota_B	p__Desulfobacterota_B	g__JACPRU01	g__WHTF01	s__JACPRU01 sp016189835	s__WHTF01 sp009379725	0.000000	0.000000	0.000000	0.000000	0.000000	0
GCA_009379725.1	GCA_016183145.1	mid	d__Bacteria	d__Bacteria	p__Desulfobacterota_B	p__Desulfobacterota_B	g__WHTF01	g__JACPFE01	s__WHTF01 sp009379725	s__JACPFE01 sp016183145	0.000000	0.000000	0.000000	0.952083	0.892401	30
GCA_005777805.1	GCA_018970825.1	mid	d__Bacteria	d__Bacteria	p__Desulfobacterota_B	p__Desulfobacterota_B	g__SXLG01	g__REEB422	s__SXLG01 sp005777805	s__REEB422 sp018970825	0.000000	0.000000	0.000000	0.944444	0.898690	27
GCA_012797915.1	GCA_900498245.1	mid	d__Bacteria	d__Bacteria	p__Zixibacteria	p__Zixibacteria	g__JAAZOE01	g__UNRQ01	s__JAAZOE01 sp012797915	s__UNRQ01 sp900498245	0.000000	0.000000	0.000000	0.000000	0.000000	0
GCA_003641345.1	GCA_001304225.1	mid	d__Bacteria	d__Bacteria	p__Zixibacteria	p__Zixibacteria	g__QNAD01	g__SM1-73	s__QNAD01 sp003641345	s__SM1-73 sp001304225	0.000000	0.000000	0.000000	0.000000	0.000000	0
GCA_012517955.1	GCA_014729205.1	mid	d__Bacteria	d__Bacteria	p__Zixibacteria	p__Zixibacteria	g__JAAYTW01	g__WJKG01	s__JAAYTW01 sp012517955	s__WJKG01 sp014729205	0.000000	0.000000	0.000000	0.000000	0.000000	0
GCA_018820315.1	GCA_016213305.1	mid	d__Bacteria	d__Bacteria	p__Zixibacteria	p__Zixibacteria	g__JAHJOQ01	g__JACRAV01	s__JAHJOQ01 sp018820315	s__JACRAV01 sp016213305	0.000000	0.000000	0.000000	0.000000	0.000000	0
GCA_016933695.1	GCA_008501655.1	mid	d__Bacteria	d__Bacteria	p__Zixibacteria	p__Zixibacteria	g__JAFGAL01	g__QQUK01	s__JAFGAL01 sp016933695	s__QQUK01 sp008501655	0.000000	0.000000	0.000000	0.000000	0.000000	0
GCA_008974985.1	GCA_016861185.1	mid	d__Bacteria	d__Bacteria	p__Proteobacteria	p__Proteobacteria	g__MnTg02	g__DSNY01	s__MnTg02 sp008974985	s__DSNY01 sp016861185	0.000000	0.000000	0.000000	0.000000	0.000000	0
GCA_003209955.1	GCA_905373425.1	mid	d__Bacteria	d__Bacteria	p__Proteobacteria	p__Proteobacteria	g__AG-430-B22	g__Mesocricetibacter	s__AG-430-B22 sp003209955	s__Mesocricetibacter sp905373425	0.000000	0.000000	0.000000	0.000000	0.000000	0
GCA_016744775.1	GCA_902552475.1	mid	d__Bacteria	d__Bacteria	p__Proteobacteria	p__Proteobacteria	g__Marithrix	g__Pelagibacter	s__Marithrix sp016744775	s__Pelagibacter sp902552475	0.000000	0.000000	0.000000	0.000000	0.000000	0
GCA_001898995.1	GCA_002716945.1	mid	d__Bacteria	d__Bacteria	p__Proteobacteria	p__Proteobacteria	g__63-22	g__GCA-2716945	s__63-22 sp001898995	s__GCA-2716945 sp002716945	0.000000	0.000000	0.000000	0.000000	0.000000	0
GCF_900537065.1	GCA_013138855.1	mid	d__Bacteria	d__Bacteria	p__Proteobacteria	p__Proteobacteria	g__Alg239-R122	g__WTBX01	s__Alg239-R122 sp900537065	s__WTBX01 sp013138855	0.000000	0.000000	0.000000	0.000000	0.000000	0
GCA_016938275.1	GCA_003477045.1	mid	d__Bacteria	d__Bacteria	p__Delongbacteria	p__Delongbacteria	g__JAFGUZ01	g__UBA12480	s__JAFGUZ01 sp016938275	s__UBA12480 sp003477045	0.000000	0.000000	0.000000	0.000000	0.000000	0
GCA_003252515.1	GCA_903910645.1	mid	d__Bacteria	d__Bacteria	p__Delongbacteria	p__Delongbacteria	g__UBA4055	g__CAIWAD01	s__UBA4055 sp003252515	s__CAIWAD01 sp903910645	0.000000	0.000000	0.000000	0.000000	0.000000	0
GCA_903910645.1	GCA_002382735.1	mid	d__Bacteria	d__Bacteria	p__Delongbacteria	p__Delongbacteria	g__CAIWAD01	g__UBA4055	s__CAIWAD01 sp903910645	s__UBA4055 sp002382735	0.000000	0.000000	0.000000	0.000000	0.000000	0
GCA_007124045.1	GCA_003252515.1	mid	d__Bacteria	d__Bacteria	p__Delongbacteria	p__Delongbacteria	g__SLFX01	g__UBA4055	s__SLFX01 sp007124045	s__UBA4055 sp003252515	0.000000	0.000000	0.000000	0.000000	0.000000	0
GCA_003477045.1	GCA_013139625.1	mid	d__Bacteria	d__Bacteria	p__Delongbacteria	p__Delongbacteria	g__UBA12480	g__WTAK01	s__UBA12480 sp003477045	s__WTAK01 sp013139625	0.000000	0.000000	0.000000	0.000000	0.000000	0
GCA_001797335.1	GCA_001798265.1	mid	d__Bacteria	d__Bacteria	p__Bdellovibrionota_E	p__Bdellovibrionota_E	g__2-02-FULL-38-15-A	g__O2-12-FULL-43-9	s__2-02-FULL-38-15-A sp001797335	s__O2-12-FULL-43-9 sp001798265	0.000000	0.000000	0.000000	0.000000	0.000000	0
GCA_001798265.1	GCA_016205125.1	mid	d__Bacteria	d__Bacteria	p__Bdellovibrionota_E	p__Bdellovibrionota_E	g__O2-12-FULL-43-9	g__JACQJE01	s__O2-12-FULL-43-9 sp001798265	s__JACQJE01 sp016205125	0.000000	0.000000	0.000000	0.000000	0.000000	0
GCA_001798265.1	GCA_016182335.1	mid	d__Bacteria	d__Bacteria	p__Bdellovibrionota_E	p__Bdellovibrionota_E	g__O2-12-FULL-43-9	g__JACOXK01	s__O2-12-FULL-43-9 sp001798265	s__JACOXK01 sp016182335	0.000000	0.000000	0.000000	0.000000	0.000000	0
GCA_016182335.1	GCA_016198185.1	mid	d__Bacteria	d__Bacteria	p__Bdellovibrionota_E	p__Bdellovibrionota_E	g__JACOXK01	g__JACQJD01	s__JACOXK01 sp016182335	s__JACQJD01 sp016198185	0.000000	0.000000	0.000000	0.000000	0.000000	0
GCA_015522095.1	GCA_011049195.1	mid	d__Archaea	d__Archaea	p__SpSt-1190	p__SpSt-1190	g__WAMX01	g__SpSt-1190	s__WAMX01 sp015522095	s__SpSt-1190 sp011049195	0.000000	0.000000	0.000000	0.000000	0.000000	0
GCA_011049195.1	GCA_018220955.1	mid	d__Archaea	d__Archaea	p__SpSt-1190	p__SpSt-1190	g__SpSt-1190	g__JAAOXV01	s__SpSt-1190 sp011049195	s__JAAOXV01 sp018220955	0.000000	0.000000	0.000000	0.000000	0.000000	0
GCA_018221025.1	GCA_018221005.1	mid	d__Archaea	d__Archaea	p__SpSt-1190	p__SpSt-1190	g__JAAOXX01	g__JAAOXW01	s__JAAOXX01 sp018221025	s__JAAOXW01 sp018221005	0.000000	0.000000	0.000000	0.000000	0.000000	0
GCA_018220935.1	GCA_018220955.1	mid	d__Archaea	d__Archaea	p__SpSt-1190	p__SpSt-1190	g__JAAOXX01	g__JAAOXV01	s__JAAOXX01 sp018220935	s__JAAOXV01 sp018220955	0.000000	0.000000	0.000000	0.000000	0.000000	0
GCA_018220955.1	GCA_018221005.1	mid	d__Archaea	d__Archaea	p__SpSt-1190	p__SpSt-1190	g__JAAOXV01	g__JAAOXW01	s__JAAOXV01 sp018220955	s__JAAOXW01 sp018221005	0.000000	0.000000	0.000000	0.000000	0.000000	0
GCA_015494505.1	GCA_011390245.1	mid	d__Bacteria	d__Bacteria	p__Campylobacterota	p__Campylobacterota	g__Nitratiruptor	g__JAABSR01	s__Nitratiruptor sp015494505	s__JAABSR01 sp011390245	0.000000	0.000000	0.000000	0.000000	0.000000	0
GCF_900198625.1	GCF_003752135.1	mid	d__Bacteria	d__Bacteria	p__Campylobacterota	p__Campylobacterota	g__Helicobacter_A	g__Cetia	s__Helicobacter_A rappini	s__Cetia pacifica	0.000000	0.000000	0.000000	0.000000	0.000000	0
GCA_002733885.1	GCF_002272925.1	mid	d__Bacteria	d__Bacteria	p__Campylobacterota	p__Campylobacterota	g__GCA-2733885	g__Helicobacter_I	s__GCA-2733885 sp002733885	s__Helicobacter_I sp002272925	0.000000	0.000000	0.000000	0.000000	0.000000	0
GCA_015487065.1	GCA_002352945.1	mid	d__Bacteria	d__Bacteria	p__Campylobacterota	p__Campylobacterota	g__Nitratifractor	g__UBA1877	s__Nitratifractor sp015487065	s__UBA1877 sp002352945	0.000000	0.000000	0.000000	0.000000	0.000000	0
GCA_013153675.1	GCA_015663225.1	mid	d__Bacteria	d__Bacteria	p__Campylobacterota	p__Campylobacterota	g__JAADEQ01	g__SZUA-1377	s__JAADEQ01 sp013153675	s__SZUA-1377 sp015663225	0.000000	0.000000	0.000000	0.000000	0.000000	0
GCA_015233155.1	GCA_017998915.1	mid	d__Bacteria	d__Bacteria	p__Riflebacteria	p__Riflebacteria	g__JADFYG01	g__MWAR01	s__JADFYG01 sp015233155	s__MWAR01 sp017998915	0.000000	0.000000	0.000000	0.000000	0.000000	0
GCA_001872985.1	GCA_900317935.1	mid	d__Bacteria	d__Bacteria	p__Riflebacteria	p__Riflebacteria	g__CG2-30-54-10	g__RUG334	s__CG2-30-54-10 sp001872985	s__RUG334 sp900317935	0.000000	0.000000	0.000000	0.000000	0.000000	0
GCA_001872985.1	GCA_002070375.1	mid	d__Bacteria	d__Bacteria	p__Riflebacteria	p__Riflebacteria	g__CG2-30-54-10	g__MWDD01	s__CG2-30-54-10 sp001872985	s__MWDD01 sp002070375	0.000000	0.000000	0.000000	0.000000	0.000000	0
GCA_012517355.1	GCA_001872985.1	mid	d__Bacteria	d__Bacteria	p__Riflebacteria	p__Riflebacteria	g__Ozemobacter	g__CG2-30-54-10	s__Ozemobacter sp012517355	s__CG2-30-54-10 sp001872985	0.000000	0.000000	0.000000	0.000000	0.000000	0
GCA_015232575.1	GCA_016192885.1	mid	d__Bacteria	d__Bacteria	p__Riflebacteria	p__Riflebacteria	g__JADFXM01	g__JACPTH01	s__JADFXM01 sp015232575	s__JACPTH01 sp016192885	0.000000	0.000000	0.000000	0.000000	0.000000	0
GCA_012840225.1	GCA_012518905.1	mid	d__Bacteria	d__Bacteria	p__Firmicutes_G	p__Firmicutes_G	g__DULU01	g__JAAYRF01	s__DULU01 sp012840225	s__JAAYRF01 sp012518905	0.000000	0.000000	0.000000	0.000000	0.000000	0
GCA_012516115.1	GCA_012518735.1	mid	d__Bacteria	d__Bacteria	p__Firmicutes_G	p__Firmicutes_G	g__JAAYXC01	g__JAAYRO01	s__JAAYXC01 sp012516115	s__JAAYRO01 sp012518735	0.000000	0.000000	0.000000	0.000000	0.000000	0
GCA_012727675.1	GCA_002305255.1	mid	d__Bacteria	d__Bacteria	p__Firmicutes_G	p__Firmicutes_G	g__DTU087	g__UBA1393	s__DTU087 sp012727675	s__UBA1393 sp002305255	0.000000	0.000000	0.000000	0.000000	0.000000	0
GCA_012838515.1	GCA_012840225.1	mid	d__Bacteria	d__Bacteria	p__Firmicutes_G	p__Firmicutes_G	g__DUPA01	g__DULU01	s__DUPA01 sp012838515	s__DULU01 sp012840225	0.000000	0.000000	0.000000	0.000000	0.000000	0
GCA_002391465.1	GCA_012838955.1	mid	d__Bacteria	d__Bacteria	p__Firmicutes_G	p__Firmicutes_G	g__UBA3910	g__DUOH01	s__UBA3910 sp002391465	s__DUOH01 sp012838955	0.000000	0.000000	0.000000	0.000000	0.000000	0
GCA_016931135.1	GCA_016928995.1	mid	d__Bacteria	d__Bacteria	p__Sumerlaeota	p__Sumerlaeota	g__JAFGFK01	g__JAFGJS01	s__JAFGFK01 sp016931135	s__JAFGJS01 sp016928995	0.000000	0.000000	0.000000	0.000000	0.000000	0
GCA_016125005.1	GCA_002070185.1	mid	d__Bacteria	d__Bacteria	p__Sumerlaeota	p__Sumerlaeota	g__WGMQ01	g__MWCT01	s__WGMQ01 sp016125005	s__MWCT01 sp002070185	0.000000	0.000000	0.000000	0.000000	0.000000	0
GCA_002842095.1	GCA_002070185.1	mid	d__Bacteria	d__Bacteria	p__Sumerlaeota	p__Sumerlaeota	g__HGW-BRC1-1	g__MWCT01	s__HGW-BRC1-1 sp002842095	s__MWCT01 sp002070185	0.000000	0.000000	0.000000	0.000000	0.000000	0
GCA_003290465.1	GCA_012513815.1	mid	d__Bacteria	d__Bacteria	p__Sumerlaeota	p__Sumerlaeota	g__Sumerlaea	g__JAAZBM01	s__Sumerlaea chitinivorans	s__JAAZBM01 sp012513815	0.000000	0.000000	0.000000	0.000000	0.000000	0
GCA_016125005.1	GCA_017161665.1	mid	d__Bacteria	d__Bacteria	p__Sumerlaeota	p__Sumerlaeota	g__WGMQ01	g__JADFCT01	s__WGMQ01 sp016125005	s__JADFCT01 sp017161665	0.000000	0.000000	0.000000	0.000000	0.000000	0
GCA_012514975.1	GCA_003648225.1	mid	d__Bacteria	d__Bacteria	p__UBA3054	p__UBA3054	g__JAAYZF01	g__B51-G9	s__JAAYZF01 sp012514975	s__B51-G9 sp003648225	0.000000	0.000000	0.000000	0.000000	0.000000	0
GCA_017963805.1	GCA_003648225.1	mid	d__Bacteria	d__Bacteria	p__UBA3054	p__UBA3054	g__UBA3054	g__B51-G9	s__UBA3054 sp017963805	s__B51-G9 sp003648225	0.000000	0.000000	0.000000	0.000000	0.000000	0
GCA_003648225.1	GCA_017557885.1	mid	d__Bacteria	d__Bacteria	p__UBA3054	p__UBA3054	g__B51-G9	g__UBA3054	s__B51-G9 sp003648225	s__UBA3054 sp017557885	0.000000	0.000000	0.000000	0.000000	0.000000	0
GCA_000402775.1	GCA_018260755.1	mid	d__Archaea	d__Archaea	p__Altiarchaeota	p__Altiarchaeota	g__SCGC-AAA252-I15	g__Altiarchaeum	s__SCGC-AAA252-I15 sp000402775	s__Altiarchaeum sp018260755	0.000000	0.000000	0.000000	0.000000	0.000000	0
GCA_002254405.1	GCA_018815265.1	mid	d__Archaea	d__Archaea	p__Altiarchaeota	p__Altiarchaeota	g__EX4484-2	g__JAHIYG01	s__EX4484-2 sp002254405	s__JAHIYG01 sp018815265	0.000000	0.000000	0.000000	0.000000	0.000000	0
GCA_003663175.1	GCA_016935655.1	mid	d__Archaea	d__Archaea	p__Altiarchaeota	p__Altiarchaeota	g__QMZM01	g__JAFGQM01	s__QMZM01 sp003663175	s__JAFGQM01 sp016935655	0.000000	0.000000	0.000000	0.000000	0.000000	0
GCA_018260615.1	GCA_011380095.1	mid	d__Archaea	d__Archaea	p__Altiarchaeota	p__Altiarchaeota	g__Altiarchaeum	g__DSAL01	s__Altiarchaeum sp002841105	s__DSAL01 sp011380095	0.000000	0.000000	0.000000	0.000000	0.000000	0
GCA_018815265.1	GCA_003663115.1	mid	d__Archaea	d__Archaea	p__Altiarchaeota	p__Altiarchaeota	g__JAHIYG01	g__QMZJ01	s__JAHIYG01 sp018815265	s__QMZJ01 sp003663115	0.000000	0.000000	0.000000	0.000000	0.000000	0
GCA_016209155.1	GCA_016212735.1	mid	d__Bacteria	d__Bacteria	p__JACRDZ01	p__JACRDZ01	g__JACQWU01	g__JACRDZ01	s__JACQWU01 sp016209155	s__JACRDZ01 sp016212735	0.000000	0.000000	0.000000	0.000000	0.000000	0
GCA_002049825.1	GCA_015493745.1	mid	d__Bacteria	d__Bacteria	p__Calditrichota	p__Calditrichota	g__4484-188	g__J004	s__4484-188 sp002049825	s__J004 sp011051485	0.000000	0.000000	0.000000	0.000000	0.000000	0
GCA_003696445.1	GCA_015493745.1	mid	d__Bacteria	d__Bacteria	p__Calditrichota	p__Calditrichota	g__J042	g__J004	s__J042 sp003696445	s__J004 sp011051485	0.000000	0.000000	0.000000	0.000000	0.000000	0
GCA_011369465.1	GCA_013112635.1	mid	d__Bacteria	d__Bacteria	p__Calditrichota	p__Calditrichota	g__DRQG01	g__JABFGF01	s__DRQG01 sp011369465	s__JABFGF01 sp013112635	0.000000	0.000000	0.000000	0.000000	0.000000	0
GCA_003695285.1	GCA_002049825.1	mid	d__Bacteria	d__Bacteria	p__Calditrichota	p__Calditrichota	g__J075	g__4484-188	s__J075 sp003695285	s__4484-188 sp002049825	0.000000	0.000000	0.000000	0.000000	0.000000	0
GCA_003854985.1	GCA_015485355.1	mid	d__Bacteria	d__Bacteria	p__Calditrichota	p__Calditrichota	g__Zgenome-0002	g__JAADJD01	s__Zgenome-0002 sp003854985	s__JAADJD01 sp015485355	0.000000	0.000000	0.000000	0.000000	0.000000	0
GCA_007125915.1	GCF_900142125.1	mid	d__Bacteria	d__Bacteria	p__Desulfobacterota	p__Desulfobacterota	g__SLCH01	g__Malonomonas	s__SLCH01 sp007125915	s__Malonomonas rubra	0.000000	0.000000	0.000000	0.000000	0.000000	0
GCA_003142835.1	GCA_018432925.1	mid	d__Bacteria	d__Bacteria	p__Desulfobacterota	p__Desulfobacterota	g__FEN-1160	g__JAHDSC01	s__FEN-1160 sp003142835	s__JAHDSC01 sp018432925	0.000000	0.000000	0.000000	0.000000	0.000000	0
GCA_011048855.1	GCA_015222555.1	mid	d__Bacteria	d__Bacteria	p__Desulfobacterota	p__Desulfobacterota	g__DSCZ01	g__JADFVM01	s__DSCZ01 sp011048855	s__JADFVM01 sp015222555	0.000000	0.000000	0.000000	0.000000	0.000000	0
GCA_002418885.1	GCA_003599885.1	mid	d__Bacteria	d__Bacteria	p__Desulfobacterota	p__Desulfobacterota	g__UBA2207	g__SURF-3	s__UBA2207 sp002418885	s__SURF-3 sp003599885	0.000000	0.000000	0.000000	0.000000	0.000000	0
GCA_013203065.1	GCA_004028495.1	mid	d__Bacteria	d__Bacteria	p__Desulfobacterota	p__Desulfobacterota	g__JABMQV01	g__Electrothrix	s__JABMQV01 sp013203065	s__Electrothrix marina	0.000000	0.000000	0.000000	0.000000	0.000000	0
GCA_001804785.1	GCF_000172555.1	mid	d__Bacteria	d__Bacteria	p__Verrucomicrobiota	p__Verrucomicrobiota	g__GWF2-45-14	g__Pedosphaera	s__GWF2-45-14 sp001804785	s__Pedosphaera parvula	0.000000	0.000000	0.000000	0.000000	0.000000	0
GCA_003159675.1	GCA_018001225.1	mid	d__Bacteria	d__Bacteria	p__Verrucomicrobiota	p__Verrucomicrobiota	g__BOG-1460	g__JAGNIJ01	s__BOG-1460 sp003159675	s__JAGNIJ01 sp018001225	0.000000	0.000000	0.000000	0.000000	0.000000	0
GCA_017540905.1	GCA_016929365.1	mid	d__Bacteria	d__Bacteria	p__Verrucomicrobiota	p__Verrucomicrobiota	g__CACXEY01	g__JAFGIZ01	s__CACXEY01 sp017540905	s__JAFGIZ01 sp016929365	0.000000	0.000000	0.000000	0.000000	0.000000	0
GCA_016871475.1	GCA_016779125.1	mid	d__Bacteria	d__Bacteria	p__Verrucomicrobiota	p__Verrucomicrobiota	g__UBA11320	g__GCA-2715965	s__UBA11320 sp016871475	s__GCA-2715965 sp016779125	0.000000	0.000000	0.000000	0.000000	0.000000	0
GCA_016873675.1	GCA_017458965.1	mid	d__Bacteria	d__Bacteria	p__Verrucomicrobiota	p__Verrucomicrobiota	g__VGWG01	g__RGIG3612	s__VGWG01 sp016873675	s__RGIG3612 sp017458965	0.000000	0.000000	0.000000	0.000000	0.000000	0
GCA_002478245.1	GCA_011049955.1	mid	d__Bacteria	d__Bacteria	p__UBP18	p__UBP18	g__UBA7526	g__DRGV01	s__UBA7526 sp002478245	s__DRGV01 sp011049955	0.795185	0.000000	0.000000	0.000000	0.000000	0
GCA_903833215.1	GCA_002431715.1	mid	d__Bacteria	d__Bacteria	p__Armatimonadota	p__Armatimonadota	g__Fimbriimonas	g__UBA5829	s__Fimbriimonas sp903833215	s__UBA5829 sp002431715	0.000000	0.000000	0.000000	0.000000	0.000000	0
GCA_012523355.1	GCA_014380605.1	mid	d__Bacteria	d__Bacteria	p__Armatimonadota	p__Armatimonadota	g__JAAYIR01	g__55-13	s__JAAYIR01 sp012523355	s__55-13 sp014380605	0.000000	0.000000	0.000000	0.000000	0.000000	0
GCA_005798285.1	GCA_009885735.1	mid	d__Bacteria	d__Bacteria	p__Armatimonadota	p__Armatimonadota	g__F1-80-MAGs030	g__VFKD01	s__F1-80-MAGs030 sp005798285	s__VFKD01 sp009885735	0.000000	0.000000	0.000000	0.000000	0.000000	0
GCA_016179045.1	GCA_016869045.1	mid	d__Bacteria	d__Bacteria	p__Armatimonadota	p__Armatimonadota	g__JACOSL01	g__VGFC01	s__JACOSL01 sp016179045	s__VGFC01 sp016869045	0.000000	0.000000	0.000000	0.000000	0.000000	0
GCA_003170595.1	GCA_016179045.1	mid	d__Bacteria	d__Bacteria	p__Armatimonadota	p__Armatimonadota	g__FEN-943	g__JACOSL01	s__FEN-943 sp003170595	s__JACOSL01 sp016179045	0.000000	0.000000	0.000000	0.000000	0.000000	0
GCA_014382915.1	GCA_017995405.1	mid	d__Bacteria	d__Bacteria	p__Cloacimonadota	p__Cloacimonadota	g__JACNIV01	g__UBA3900	s__JACNIV01 sp014382915	s__UBA3900 sp017995405	0.000000	0.000000	0.000000	0.000000	0.000000	0
GCA_002842035.1	GCA_003647765.1	mid	d__Bacteria	d__Bacteria	p__Cloacimonadota	p__Cloacimonadota	g__PHBP01	g__B8-G9	s__PHBP01 sp002842035	s__B8-G9 sp003647765	0.000000	0.000000	0.000000	0.000000	0.000000	0
GCA_003564155.1	GCA_002085205.1	mid	d__Bacteria	d__Bacteria	p__Cloacimonadota	p__Cloacimonadota	g__PWOA01	g__4484-275	s__PWOA01 sp003564155	s__4484-275 sp002085205	0.000000	0.000000	0.000000	0.000000	0.000000	0
GCA_016932035.1	GCA_014382495.1	mid	d__Bacteria	d__Bacteria	p__Cloacimonadota	p__Cloacimonadota	g__JGIOTU-2	g__JACNJR01	s__JGIOTU-2 sp016932035	s__JACNJR01 sp014382495	0.000000	0.000000	0.000000	0.000000	0.000000	0
GCA_013203665.1	GCA_016938155.1	mid	d__Bacteria	d__Bacteria	p__Cloacimonadota	p__Cloacimonadota	g__JABMPU01	g__JAFGVF01	s__JABMPU01 sp013203665	s__JAFGVF01 sp016938155	0.000000	0.000000	0.000000	0.000000	0.000000	0
GCA_000220375.1	GCA_000220355.1	mid	d__Archaea	d__Archaea	p__Nanohaloarchaeota	p__Nanohaloarchaeota	g__Nanosalina	g__Nanosalinarum	s__Nanosalina sp000220375	s__Nanosalinarum sp000220355	0.000000	0.000000	0.000000	0.000000	0.000000	0
GCA_001563995.1	GCA_003009815.1	mid	d__Archaea	d__Archaea	p__Nanohaloarchaeota	p__Nanohaloarchaeota	g__PL-Br10-U2g16	g__SW-4-43-9	s__PL-Br10-U2g16 sp001563995	s__SW-4-43-9 sp003009815	0.000000	0.000000	0.000000	0.000000	0.000000	0
GCA_017610385.1	GCA_003009815.1	mid	d__Archaea	d__Archaea	p__Nanohaloarchaeota	p__Nanohaloarchaeota	g__JAFCCC01	g__SW-4-43-9	s__JAFCCC01 sp017610385	s__SW-4-43-9 sp003009815	0.000000	0.000000	0.000000	0.000000	0.000000	0
GCA_000220355.1	GCA_003009795.1	mid	d__Archaea	d__Archaea	p__Nanohaloarchaeota	p__Nanohaloarchaeota	g__Nanosalinarum	g__SW-4-43-9	s__Nanosalinarum sp000220355	s__SW-4-43-9 sp003009795	0.000000	0.000000	0.000000	0.000000	0.000000	0
GCA_003009795.1	GCA_014297435.1	mid	d__Archaea	d__Archaea	p__Nanohaloarchaeota	p__Nanohaloarchaeota	g__SW-4-43-9	g__PL-Br10-U2g16	s__SW-4-43-9 sp003009795	s__PL-Br10-U2g16 sp014297435	0.000000	0.000000	0.000000	0.000000	0.000000	0
GCF_000092425.1	GCF_003217515.1	mid	d__Bacteria	d__Bacteria	p__Deinococcota	p__Deinococcota	g__Truepera	g__Deinococcus_A	s__Truepera radiovictrix	s__Deinococcus_A yavapaiensis	0.000000	0.000000	0.000000	0.000000	0.000000	0
GCA_902806425.1	GCA_007130355.1	mid	d__Bacteria	d__Bacteria	p__Deinococcota	p__Deinococcota	g__Truepera	g__SLSQ01	s__Truepera sp902806425	s__SLSQ01 sp007130355	0.000000	0.000000	0.000000	0.000000	0.000000	0
GCA_014378225.1	GCF_000186385.1	mid	d__Bacteria	d__Bacteria	p__Deinococcota	p__Deinococcota	g__JACMOA01	g__Deinococcus_B	s__JACMOA01 sp014378225	s__Deinococcus_B maricopensis	0.000000	0.000000	0.000000	0.000000	0.000000	0
GCA_013298595.1	GCA_014378225.1	mid	d__Bacteria	d__Bacteria	p__Deinococcota	p__Deinococcota	g__JAAFIG01	g__JACMOA01	s__JAAFIG01 sp013298595	s__JACMOA01 sp014378225	0.000000	0.000000	0.000000	0.000000	0.000000	0
GCA_012515535.1	GCF_000186385.1	mid	d__Bacteria	d__Bacteria	p__Deinococcota	p__Deinococcota	g__JAAYYF01	g__Deinococcus_B	s__JAAYYF01 sp012515535	s__Deinococcus_B maricopensis	0.000000	0.000000	0.000000	0.000000	0.000000	0
GCA_014384545.1	GCA_002501535.1	mid	d__Bacteria	d__Bacteria	p__UBP7	p__UBP7	g__NIOZ-UU106	g__UBA6624	s__NIOZ-UU106 sp014384545	s__UBA6624 sp002501535	0.000000	0.000000	0.000000	0.000000	0.000000	0
GCA_003697085.1	GCA_002780065.1	mid	d__Bacteria	d__Bacteria	p__UBA8481	p__UBA8481	g__J006	g__UBA8481	s__J006 sp003697085	s__UBA8481 sp002780065	0.000000	0.000000	0.000000	0.000000	0.000000	0
GCF_000703085.1	GCA_015490675.1	mid	d__Bacteria	d__Bacteria	p__Aquificota	p__Aquificota	g__Persephonella	g__Hydrogenothermus	s__Persephonella sp000703085	s__Hydrogenothermus sp015490675	0.000000	0.000000	0.000000	0.000000	0.000000	0
GCA_002878215.1	GCA_003978805.1	mid	d__Bacteria	d__Bacteria	p__Aquificota	p__Aquificota	g__Hydrogenobaculum	g__Phorcysia	s__Hydrogenobaculum sp002878215	s__Phorcysia sp003978805	0.000000	0.000000	0.000000	0.000000	0.000000	0
GCA_003978565.1	GCF_900188395.1	mid	d__Bacteria	d__Bacteria	p__Aquificota	p__Aquificota	g__QNZC01	g__Desulfurobacterium_A	s__QNZC01 sp003978565	s__Desulfurobacterium_A atlanticum	0.000000	0.000000	0.000000	0.000000	0.000000	0
GCF_000213785.1	GCA_013153315.1	mid	d__Bacteria	d__Bacteria	p__Aquificota	p__Aquificota	g__Hydrogenobaculum	g__QOAS01	s__Hydrogenobaculum sp000213785	s__QOAS01 sp013153315	0.000000	0.000000	0.000000	0.000000	0.000000	0
GCA_013153235.1	GCA_013154305.1	mid	d__Bacteria	d__Bacteria	p__Aquificota	p__Aquificota	g__Persephonella	g__QOAS01	s__Persephonella sp013153235	s__QOAS01 sp013154305	0.000000	0.000000	0.000000	0.000000	0.000000	0
GCA_015485995.1	GCA_013824685.1	mid	d__Bacteria	d__Bacteria	p__Caldisericota	p__Caldisericota	g__S016-85	g__Cryosericum	s__S016-85 sp015485995	s__Cryosericum sp013824685	0.000000	0.000000	0.000000	0.000000	0.000000	0
GCA_012517755.1	GCF_000284335.1	mid	d__Bacteria	d__Bacteria	p__Caldisericota	p__Caldisericota	g__JAAYUH01	g__Caldisericum	s__JAAYUH01 sp012517755	s__Caldisericum exile	0.000000	0.000000	0.000000	0.000000	0.000000	0
GCA_003648245.1	GCA_001871575.1	mid	d__Bacteria	d__Bacteria	p__Caldisericota	p__Caldisericota	g__B22-G15	g__CG2-30-36-11	s__B22-G15 sp003648245	s__CG2-30-36-11 sp001871575	0.000000	0.000000	0.000000	0.000000	0.000000	0
GCA_001871575.1	GCA_012517755.1	mid	d__Bacteria	d__Bacteria	p__Caldisericota	p__Caldisericota	g__CG2-30-36-11	g__JAAYUH01	s__CG2-30-36-11 sp001871575	s__JAAYUH01 sp012517755	0.000000	0.000000	0.000000	0.000000	0.000000	0
GCA_017999835.1	GCA_002428295.1	mid	d__Bacteria	d__Bacteria	p__Caldisericota	p__Caldisericota	g__JAGNLA01	g__UBA6126	s__JAGNLA01 sp017999835	s__UBA6126 sp002428295	0.000000	0.000000	0.000000	0.000000	0.000000	0
GCA_019236975.1	GCA_903970385.1	mid	d__Bacteria	d__Bacteria	p__Eremiobacterota	p__Eremiobacterota	g__JAFAHZ01	g__Palsa-1515	s__JAFAHZ01 sp019236975	s__Palsa-1515 sp903970385	0.000000	0.000000	0.000000	0.943359	0.904137	16
GCA_019240755.1	GCA_014304965.1	mid	d__Bacteria	d__Bacteria	p__Eremiobacterota	p__Eremiobacterota	g__Cybelea	g__Cryoxeromicrobium	s__Cybelea sp019240755	s__Cryoxeromicrobium davisii	0.000000	0.000000	0.000000	0.000000	0.000000	0
GCA_900313515.1	GCA_902791745.1	mid	d__Bacteria	d__Bacteria	p__Eremiobacterota	p__Eremiobacterota	g__Bruticola	g__CADAWZ01	s__Bruticola sp900313515	s__CADAWZ01 sp902791745	0.000000	0.000000	0.000000	0.000000	0.000000	0
GCA_003158175.1	GCA_003156715.1	mid	d__Bacteria	d__Bacteria	p__Eremiobacterota	p__Eremiobacterota	g__Cybelea	g__Tityobacter	s__Cybelea septentrionalis	s__Tityobacter terrigena	0.000000	0.000000	0.000000	0.000000	0.000000	0
GCA_903970385.1	GCA_019233165.1	mid	d__Bacteria	d__Bacteria	p__Eremiobacterota	p__Eremiobacterota	g__Palsa-1515	g__JAFAMS01	s__Palsa-1515 sp903970385	s__JAFAMS01 sp019233165	0.760031	0.000000	0.000000	0.952206	0.883999	17
GCA_903822335.1	GCA_002071245.1	mid	d__Bacteria	d__Bacteria	p__Desulfobacterota_G	p__Desulfobacterota_G	g__CAIJOT01	g__MWEV01	s__CAIJOT01 sp903822335	s__MWEV01 sp002071245	0.000000	0.000000	0.000000	0.000000	0.000000	0
GCA_903822335.1	GCA_002328485.1	mid	d__Bacteria	d__Bacteria	p__Desulfobacterota_G	p__Desulfobacterota_G	g__CAIJOT01	g__WCHB1-27	s__CAIJOT01 sp903822335	s__WCHB1-27 sp002328485	0.000000	0.000000	0.000000	0.000000	0.000000	0
GCA_002071245.1	GCA_017881765.1	mid	d__Bacteria	d__Bacteria	p__Desulfobacterota_G	p__Desulfobacterota_G	g__MWEV01	g__JADGQN01	s__MWEV01 sp002071245	s__JADGQN01 sp017881765	0.000000	0.000000	0.000000	0.000000	0.000000	0
GCA_002328485.1	GCA_018052995.1	mid	d__Bacteria	d__Bacteria	p__Desulfobacterota_G	p__Desulfobacterota_G	g__WCHB1-27	g__DTOV01	s__WCHB1-27 sp002328485	s__DTOV01 sp018052995	0.000000	0.000000	0.000000	0.000000	0.000000	0
GCA_002067405.1	GCA_002067165.1	mid	d__Bacteria	d__Bacteria	p__Desulfobacterota_G	p__Desulfobacterota_G	g__BOG-1155	g__Syntrophorhabdus	s__BOG-1155 sp002067405	s__Syntrophorhabdus sp002067165	0.000000	0.000000	0.000000	0.961538	0.892030	13
GCA_003230795.1	GCA_903904735.1	mid	d__Bacteria	d__Bacteria	p__Bdellovibrionota_C	p__Bdellovibrionota_C	g__SZUA-149	g__OMII01	s__SZUA-149 sp003230795	s__OMII01 sp903904735	0.000000	0.000000	0.000000	0.000000	0.000000	0
GCA_017302875.1	GCA_903922175.1	mid	d__Bacteria	d__Bacteria	p__Bdellovibrionota_C	p__Bdellovibrionota_C	g__JAFLCA01	g__CAIXSY01	s__JAFLCA01 sp017302875	s__CAIXSY01 sp903922175	0.000000	0.000000	0.000000	0.000000	0.000000	0
GCA_003230795.1	GCA_012514925.1	mid	d__Bacteria	d__Bacteria	p__Bdellovibrionota_C	p__Bdellovibrionota_C	g__SZUA-149	g__JAAYZI01	s__SZUA-149 sp003230795	s__JAAYZI01 sp012514925	0.000000	0.000000	0.000000	0.000000	0.000000	0
GCA_017302875.1	GCA_900299055.1	mid	d__Bacteria	d__Bacteria	p__Bdellovibrionota_C	p__Bdellovibrionota_C	g__JAFLCA01	g__OMII01	s__JAFLCA01 sp017302875	s__OMII01 sp900299055	0.000000	0.000000	0.000000	0.000000	0.000000	0
GCA_003694225.1	GCA_002343185.1	mid	d__Bacteria	d__Bacteria	p__Bdellovibrionota_C	p__Bdellovibrionota_C	g__J135	g__UBA2361	s__J135 sp003694225	s__UBA2361 sp002343185	0.000000	0.000000	0.000000	0.000000	0.000000	0
GCA_013289325.1	GCF_000092785.1	mid	d__Bacteria	d__Bacteria	p__Chlamydiota	p__Chlamydiota	g__JABDAE01	g__Waddlia	s__JABDAE01 sp013289325	s__Waddlia chondrophila	0.000000	0.000000	0.000000	0.000000	0.000000	0
GCA_011064745.1	GCA_013289325.1	mid	d__Bacteria	d__Bacteria	p__Chlamydiota	p__Chlamydiota	g__JAAKFJ01	g__JABDAE01	s__JAAKFJ01 sp011064745	s__JABDAE01 sp013289325	0.000000	0.000000	0.000000	0.000000	0.000000	0
GCA_001794935.1	GCA_018239815.1	mid	d__Bacteria	d__Bacteria	p__Chlamydiota	p__Chlamydiota	g__O2-12-FULL-49-9	g__SZAS-3	s__O2-12-FULL-49-9 sp001794935	s__SZAS-3 sp018239815	0.000000	0.000000	0.000000	0.000000	0.000000	0
GCA_016185065.1	GCA_013813265.1	mid	d__Bacteria	d__Bacteria	p__Chlamydiota	p__Chlamydiota	g__Ga0074140	g__JACCRY01	s__Ga0074140 sp016185065	s__JACCRY01 sp013813265	0.000000	0.000000	0.000000	0.000000	0.000000	0
GCA_003164155.1	GCA_013815395.1	mid	d__Bacteria	d__Bacteria	p__Chlamydiota	p__Chlamydiota	g__BOG-1457	g__JACDGH01	s__BOG-1457 sp003164155	s__JACDGH01 sp013815395	0.000000	0.000000	0.000000	0.000000	0.000000	0
GCA_003022005.1	GCA_018432765.1	mid	d__Archaea	d__Archaea	p__Halobacteriota	p__Halobacteriota	g__QS-5-70-15	g__SD8	s__QS-5-70-15 sp003022005	s__SD8 sp018432765	0.000000	0.000000	0.000000	0.000000	0.000000	0
GCF_004102725.1	GCA_013178225.1	mid	d__Archaea	d__Archaea	p__Halobacteriota	p__Halobacteriota	g__Methanoculleus_A	g__JABLXE01	s__Methanoculleus_A taiwanensis	s__JABLXE01 sp013178225	0.000000	0.000000	0.000000	0.000000	0.000000	0
GCA_002067095.1	GCF_001011115.1	mid	d__Archaea	d__Archaea	p__Halobacteriota	p__Halobacteriota	g__Methanolinea_A	g__Halanaeroarchaeum	s__Methanolinea_A sp002067095	s__Halanaeroarchaeum sulfurireducens	0.000000	0.000000	0.000000	0.000000	0.000000	0
GCA_001766825.1	GCA_003157895.1	mid	d__Archaea	d__Archaea	p__Halobacteriota	p__Halobacteriota	g__Syntropharchaeum	g__Methanoregula	s__Syntropharchaeum butanivorans	s__Methanoregula sp003157895	0.000000	0.000000	0.000000	0.000000	0.000000	0
GCA_012026835.1	GCF_000739555.1	mid	d__Archaea	d__Archaea	p__Halobacteriota	p__Halobacteriota	g__Methanoperedens	g__Halolamina	s__Methanoperedens sp012026835	s__Halolamina rubra	0.000000	0.000000	0.000000	0.000000	0.000000	0
GCA_015489295.1	GCA_004375965.1	mid	d__Bacteria	d__Bacteria	p__WOR-3	p__WOR-3	g__WGAB01	g__SOIS01	s__WGAB01 sp015489295	s__SOIS01 sp004375965	0.000000	0.000000	0.000000	0.000000	0.000000	0
GCA_016930175.1	GCA_001771735.1	mid	d__Bacteria	d__Bacteria	p__WOR-3	p__WOR-3	g__JAFGHJ01	g__RBG-13-43-14	s__JAFGHJ01 sp016930175	s__RBG-13-43-14 sp001771735	0.000000	0.000000	0.000000	0.000000	0.000000	0
GCA_002441125.1	GCA_016934635.1	mid	d__Bacteria	d__Bacteria	p__WOR-3	p__WOR-3	g__32-111	g__B3-TA06	s__32-111 sp002441125	s__B3-TA06 sp016934635	0.000000	0.000000	0.000000	0.000000	0.000000	0
GCA_016208615.1	GCA_015486655.1	mid	d__Bacteria	d__Bacteria	p__WOR-3	p__WOR-3	g__JACQXS01	g__QNBC01	s__JACQXS01 sp016208615	s__QNBC01 sp015486655	0.000000	0.000000	0.000000	0.000000	0.000000	0
GCA_016208615.1	GCA_014729665.1	mid	d__Bacteria	d__Bacteria	p__WOR-3	p__WOR-3	g__JACQXS01	g__B3-TA06	s__JACQXS01 sp016208615	s__B3-TA06 sp014729665	0.000000	0.000000	0.000000	0.000000	0.000000	0
GCA_002085035.1	GCA_011040895.1	mid	d__Bacteria	d__Bacteria	p__JdFR-76	p__JdFR-76	g__4484-219	g__DREG01	s__4484-219 sp002085035	s__DREG01 sp011040895	0.000000	0.000000	0.000000	0.000000	0.000000	0
GCA_002085035.1	GCA_002011685.1	mid	d__Bacteria	d__Bacteria	p__JdFR-76	p__JdFR-76	g__4484-219	g__JdFR-76	s__4484-219 sp002085035	s__JdFR-76 sp002011685	0.000000	0.000000	0.000000	0.000000	0.000000	0
GCA_011040895.1	GCA_002011685.1	mid	d__Bacteria	d__Bacteria	p__JdFR-76	p__JdFR-76	g__DREG01	g__JdFR-76	s__DREG01 sp011040895	s__JdFR-76 sp002011685	0.000000	0.000000	0.000000	0.000000	0.000000	0
GCA_014728125.1	GCA_016867725.1	mid	d__Bacteria	d__Bacteria	p__VGIX01	p__VGIX01	g__WJMD01	g__VGIX01	s__WJMD01 sp014728125	s__VGIX01 sp016867725	0.774439	0.000000	0.000000	0.950521	0.914153	24
GCA_014728245.1	GCA_016867725.1	mid	d__Bacteria	d__Bacteria	p__VGIX01	p__VGIX01	g__WJLY01	g__VGIX01	s__WJLY01 sp014728245	s__VGIX01 sp016867725	0.773506	0.000000	0.000000	0.000000	0.000000	0
GCA_013153205.1	GCA_015494645.1	mid	d__Bacteria	d__Bacteria	p__Thermosulfidibacterota	p__Thermosulfidibacterota	g__JAADEW01	g__Thermosulfidibacter	s__JAADEW01 sp013153205	s__Thermosulfidibacter sp015494645	0.000000	0.000000	0.000000	0.000000	0.000000	0
GCA_015486105.1	GCA_003648675.1	mid	d__Bacteria	d__Bacteria	p__Thermosulfidibacterota	p__Thermosulfidibacterota	g__WFSI01	g__B14-G1	s__WFSI01 sp015486105	s__B14-G1 sp003648675	0.762393	0.000000	0.000000	0.000000	0.000000	0
GCA_015486105.1	GCA_013153205.1	mid	d__Bacteria	d__Bacteria	p__Thermosulfidibacterota	p__Thermosulfidibacterota	g__WFSI01	g__JAADEW01	s__WFSI01 sp015486105	s__JAADEW01 sp013153205	0.000000	0.000000	0.000000	0.000000	0.000000	0
GCA_015494645.1	GCA_015486015.1	mid	d__Bacteria	d__Bacteria	p__Thermosulfidibacterota	p__Thermosulfidibacterota	g__Thermosulfidibacter	g__WFSI01	s__Thermosulfidibacter sp015494645	s__WFSI01 sp015486015	0.000000	0.000000	0.000000	0.000000	0.000000	0
GCA_015486015.1	GCA_013153205.1	mid	d__Bacteria	d__Bacteria	p__Thermosulfidibacterota	p__Thermosulfidibacterota	g__WFSI01	g__JAADEW01	s__WFSI01 sp015486015	s__JAADEW01 sp013153205	0.000000	0.000000	0.000000	0.000000	0.000000	0
GCA_001771585.1	GCA_016223245.1	mid	d__Bacteria	d__Bacteria	p__Margulisbacteria	p__Margulisbacteria	g__XYC2-FULL-46-14	g__JACRPL01	s__XYC2-FULL-46-14 sp001771585	s__JACRPL01 sp016223245	0.000000	0.000000	0.000000	0.000000	0.000000	0
GCA_002433595.1	GCA_003242895.1	mid	d__Bacteria	d__Bacteria	p__Margulisbacteria	p__Margulisbacteria	g__UBA6595	g__GWF2-39-127	s__UBA6595 sp002433595	s__GWF2-39-127 sp003242895	0.000000	0.000000	0.000000	0.000000	0.000000	0
GCA_902558105.1	GCA_002690645.1	mid	d__Bacteria	d__Bacteria	p__Margulisbacteria	p__Margulisbacteria	g__CACECR01	g__GCA-2690645	s__CACECR01 sp902558105	s__GCA-2690645 sp002690645	0.000000	0.000000	0.000000	0.000000	0.000000	0
GCA_002433595.1	GCA_001771545.1	mid	d__Bacteria	d__Bacteria	p__Margulisbacteria	p__Margulisbacteria	g__UBA6595	g__XYD2-FULL-41-8	s__UBA6595 sp002433595	s__XYD2-FULL-41-8 sp001771545	0.000000	0.000000	0.000000	0.000000	0.000000	0
GCA_018814265.1	GCA_902558105.1	mid	d__Bacteria	d__Bacteria	p__Margulisbacteria	p__Margulisbacteria	g__JAHIZU01	g__CACECR01	s__JAHIZU01 sp018814265	s__CACECR01 sp902558105	0.000000	0.000000	0.000000	0.000000	0.000000	0
GCA_003641555.1	GCA_015486145.1	mid	d__Bacteria	d__Bacteria	p__Thermotogota	p__Thermotogota	g__B3-G13	g__WFSH01	s__B3-G13 sp003641555	s__WFSH01 sp015486145	0.000000	0.000000	0.000000	0.000000	0.000000	0
GCA_015486145.1	GCA_002084985.1	mid	d__Bacteria	d__Bacteria	p__Thermotogota	p__Thermotogota	g__WFSH01	g__4484-232	s__WFSH01 sp015486145	s__4484-232 sp002084985	0.000000	0.000000	0.000000	0.000000	0.000000	0
GCA_003641545.1	GCA_015489065.1	mid	d__Bacteria	d__Bacteria	p__Thermotogota	p__Thermotogota	g__B21-G9	g__WGAO01	s__B21-G9 sp003641545	s__WGAO01 sp015489065	0.000000	0.000000	0.000000	0.000000	0.000000	0
GCA_003444085.1	GCF_001990485.1	mid	d__Bacteria	d__Bacteria	p__Thermotogota	p__Thermotogota	g__UBA9910	g__Thermosipho	s__UBA9910 sp003444085	s__Thermosipho affectus	0.000000	0.000000	0.000000	0.000000	0.000000	0
GCA_002071085.1	GCF_000784835.1	mid	d__Bacteria	d__Bacteria	p__Thermotogota	p__Thermotogota	g__MWEM01	g__Thermotoga	s__MWEM01 sp002071085	s__Thermotoga sp000784835	0.000000	0.000000	0.000000	0.000000	0.000000	0
GCA_016867715.1	GCA_013002425.1	mid	d__Bacteria	d__Bacteria	p__JABDJQ01	p__JABDJQ01	g__VGIW01	g__JABDJQ01	s__VGIW01 sp016867715	s__JABDJQ01 sp013002425	0.000000	0.000000	0.000000	0.000000	0.000000	0
GCA_016930695.1	GCA_016867715.1	mid	d__Bacteria	d__Bacteria	p__JABDJQ01	p__JABDJQ01	g__JAFGGD01	g__VGIW01	s__JAFGGD01 sp016930695	s__VGIW01 sp016867715	0.000000	0.000000	0.000000	0.960938	0.906698	12
GCA_017694875.1	GCA_012031335.1	mid	d__Bacteria	d__Bacteria	p__Bacteroidota	p__Bacteroidota	g__Gallipaludibacter	g__JAAUTT01	s__Gallipaludibacter merdavium	s__JAAUTT01 sp012031335	0.000000	0.000000	0.000000	0.000000	0.000000	0
GCA_014190535.1	GCA_003731685.1	mid	d__Bacteria	d__Bacteria	p__Bacteroidota	p__Bacteroidota	g__BJGO01	g__Naka2016	s__BJGO01 sp014190535	s__Naka2016 sp003731685	0.000000	0.000000	0.000000	0.000000	0.000000	0
GCA_016788605.1	GCF_000279145.1	mid	d__Bacteria	d__Bacteria	p__Bacteroidota	p__Bacteroidota	g__JAEUSO01	g__Melioribacter	s__JAEUSO01 sp016788605	s__Melioribacter roseus	0.000000	0.000000	0.000000	0.000000	0.000000	0
GCA_013042715.1	GCA_003560165.1	mid	d__Bacteria	d__Bacteria	p__Bacteroidota	p__Bacteroidota	g__Site-B15	g__PWJC01	s__Site-B15 sp013042715	s__PWJC01 sp003560165	0.000000	0.000000	0.000000	0.000000	0.000000	0
GCA_004299085.1	GCA_018224645.1	mid	d__Bacteria	d__Bacteria	p__Bacteroidota	p__Bacteroidota	g__FW021-bin31	g__JAGTVG01	s__FW021-bin31 sp004299085	s__JAGTVG01 sp018224645	0.000000	0.000000	0.000000	0.000000	0.000000	0
GCF_014202425.1	GCF_000576575.1	mid	d__Bacteria	d__Bacteria	p__Actinobacteriota	p__Actinobacteriota	g__Phytomonospora	g__Intrasporangium_A	s__Phytomonospora endophytica	s__Intrasporangium_A chromatireducens	0.761462	0.000000	0.000000	0.958750	0.890187	25
GCA_016716635.1	GCF_014874065.1	mid	d__Bacteria	d__Bacteria	p__Actinobacteriota	p__Actinobacteriota	g__JADJVZ01	g__Nesterenkonia	s__JADJVZ01 sp016716635	s__Nesterenkonia halotolerans	0.000000	0.000000	0.000000	0.000000	0.000000	0
GCA_007133465.1	GCA_012719335.1	mid	d__Bacteria	d__Bacteria	p__Actinobacteriota	p__Actinobacteriota	g__SLMP01	g__JAAYAO01	s__SLMP01 sp007133465	s__JAAYAO01 sp012719335	0.000000	0.000000	0.000000	0.000000	0.000000	0
GCF_000413315.1	GCA_013695835.1	mid	d__Bacteria	d__Bacteria	p__Actinobacteriota	p__Actinobacteriota	g__Brooklawnia	g__JACCZU01	s__Brooklawnia sp000413315	s__JACCZU01 sp013695835	0.000000	0.000000	0.000000	0.000000	0.000000	0
GCA_016178435.1	GCF_001428025.1	mid	d__Bacteria	d__Bacteria	p__Actinobacteriota	p__Actinobacteriota	g__JACOTK01	g__Pedococcus	s__JACOTK01 sp016178435	s__Pedococcus sp001428025	0.000000	0.000000	0.000000	0.000000	0.000000	0
GCA_018059165.1	GCF_001517915.1	mid	d__Bacteria	d__Bacteria	p__Fusobacteriota	p__Fusobacteriota	g__JAGOYM01	g__Oceanivirga	s__JAGOYM01 sp018059165	s__Oceanivirga salmonicida	0.000000	0.000000	0.000000	0.000000	0.000000	0
GCF_900167275.1	GCA_018059165.1	mid	d__Bacteria	d__Bacteria	p__Fusobacteriota	p__Fusobacteriota	g__Cetobacterium	g__JAGOYM01	s__Cetobacterium ceti	s__JAGOYM01 sp018059165	0.000000	0.000000	0.000000	0.000000	0.000000	0
GCA_018058425.1	GCF_001517835.1	mid	d__Bacteria	d__Bacteria	p__Fusobacteriota	p__Fusobacteriota	g__Sebaldella	g__Caviibacter	s__Sebaldella sp018058425	s__Caviibacter abscessus	0.000000	0.000000	0.000000	0.000000	0.000000	0
GCF_004365575.1	GCA_002084825.1	mid	d__Bacteria	d__Bacteria	p__Fusobacteriota	p__Fusobacteriota	g__Hypnocyclicus	g__Psychrilyobacter	s__Hypnocyclicus thermotrophus	s__Psychrilyobacter sp002084825	0.000000	0.000000	0.000000	0.000000	0.000000	0
GCA_018060185.1	GCA_018058425.1	mid	d__Bacteria	d__Bacteria	p__Fusobacteriota	p__Fusobacteriota	g__JAGOWQ01	g__Sebaldella	s__JAGOWQ01 sp018060185	s__Sebaldella sp018058425	0.761094	0.000000	0.000000	0.000000	0.000000	0
GCA_001790645.1	GCA_016219965.1	mid	d__Bacteria	d__Bacteria	p__Schekmanbacteria	p__Schekmanbacteria	g__GWA2-38-11	g__JACRJM01	s__GWA2-38-11 sp001790645	s__JACRJM01 sp016219965	0.000000	0.000000	0.000000	0.000000	0.000000	0
GCA_003695725.1	GCA_016219965.1	mid	d__Bacteria	d__Bacteria	p__Schekmanbacteria	p__Schekmanbacteria	g__J061	g__JACRJM01	s__J061 sp003695725	s__JACRJM01 sp016219965	0.000000	0.000000	0.000000	0.000000	0.000000	0
GCA_003695725.1	GCA_001790855.1	mid	d__Bacteria	d__Bacteria	p__Schekmanbacteria	p__Schekmanbacteria	g__J061	g__2-02-FULL-38-14-A	s__J061 sp003695725	s__2-02-FULL-38-14-A sp001790855	0.000000	0.000000	0.000000	0.000000	0.000000	0
GCA_001790855.1	GCA_016219965.1	mid	d__Bacteria	d__Bacteria	p__Schekmanbacteria	p__Schekmanbacteria	g__2-02-FULL-38-14-A	g__JACRJM01	s__2-02-FULL-38-14-A sp001790855	s__JACRJM01 sp016219965	0.000000	0.000000	0.000000	0.000000	0.000000	0
GCA_015522765.1	GCA_016185555.1	mid	d__Archaea	d__Archaea	p__Nanoarchaeota	p__Nanoarchaeota	g__WALR01	g__JACPNI01	s__WALR01 sp015522765	s__JACPNI01 sp016185555	0.000000	0.000000	0.000000	0.000000	0.000000	0
GCA_017610445.1	GCA_018221125.1	mid	d__Archaea	d__Archaea	p__Nanoarchaeota	p__Nanoarchaeota	g__JAFCCB01	g__JAAOYC01	s__JAFCCB01 sp017610445	s__JAAOYC01 sp018221125	0.000000	0.000000	0.000000	0.000000	0.000000	0
GCA_013202955.1	GCA_003563585.1	mid	d__Archaea	d__Archaea	p__Nanoarchaeota	p__Nanoarchaeota	g__JABMPP01	g__CSSed11-243R1	s__JABMPP01 sp013202955	s__CSSed11-243R1 sp003563585	0.000000	0.000000	0.000000	0.000000	0.000000	0
GCA_013331935.1	GCA_018898425.1	mid	d__Archaea	d__Archaea	p__Nanoarchaeota	p__Nanoarchaeota	g__UBA10117	g__JAHIHG01	s__UBA10117 sp10117u	s__JAHIHG01 sp018898425	0.000000	0.000000	0.000000	0.000000	0.000000	0
GCA_013152815.1	GCA_016211185.1	mid	d__Archaea	d__Archaea	p__Nanoarchaeota	p__Nanoarchaeota	g__JAADFO01	g__JACQST01	s__JAADFO01 sp013152815	s__JACQST01 sp016211185	0.000000	0.000000	0.000000	0.000000	0.000000	0
GCA_003167475.1	GCA_018000835.1	mid	d__Bacteria	d__Bacteria	p__Goldbacteria	p__Goldbacteria	g__PALSA-1178	g__DSYL01	s__PALSA-1178 sp003167475	s__DSYL01 sp018000835	0.000000	0.000000	0.000000	0.000000	0.000000	0
GCA_011049465.1	GCA_003167475.1	mid	d__Bacteria	d__Bacteria	p__Goldbacteria	p__Goldbacteria	g__DSBP01	g__PALSA-1178	s__DSBP01 sp011049465	s__PALSA-1178 sp003167475	0.000000	0.000000	0.000000	0.000000	0.000000	0
GCA_011049465.1	GCA_903837445.1	mid	d__Bacteria	d__Bacteria	p__Goldbacteria	p__Goldbacteria	g__DSBP01	g__CAILUR01	s__DSBP01 sp011049465	s__CAILUR01 sp903837445	0.000000	0.000000	0.000000	0.000000	0.000000	0
GCA_002839855.1	GCA_003159495.1	mid	d__Bacteria	d__Bacteria	p__Goldbacteria	p__Goldbacteria	g__PGYV01	g__Bog-1181	s__PGYV01 sp002839855	s__Bog-1181 sp003159495	0.000000	0.000000	0.000000	0.000000	0.000000	0
GCA_015661585.1	GCA_013154335.1	mid	d__Archaea	d__Archaea	p__Methanobacteriota_A	p__Methanobacteriota_A	g__Methanofervidicoccus	g__Methanopyrus	s__Methanofervidicoccus okinawensis_D	s__Methanopyrus sp013154335	0.000000	0.000000	0.000000	0.000000	0.000000	0
GCF_000376965.1	GCF_000007185.1	mid	d__Archaea	d__Archaea	p__Methanobacteriota_A	p__Methanobacteriota_A	g__Methanothermococcus	g__Methanopyrus	s__Methanothermococcus thermolithotrophicus	s__Methanopyrus kandleri	0.000000	0.000000	0.000000	0.000000	0.000000	0
GCF_000214415.1	GCF_000024625.1	mid	d__Archaea	d__Archaea	p__Methanobacteriota_A	p__Methanobacteriota_A	g__Methanotorris	g__Methanocaldococcus	s__Methanotorris igneus	s__Methanocaldococcus vulcanius	0.000000	0.000000	0.000000	0.000000	0.000000	0
GCF_000007185.1	GCF_000092305.1	mid	d__Archaea	d__Archaea	p__Methanobacteriota_A	p__Methanobacteriota_A	g__Methanopyrus	g__Methanocaldococcus_A	s__Methanopyrus kandleri	s__Methanocaldococcus_A infernus	0.000000	0.000000	0.000000	0.000000	0.000000	0
GCF_000243455.1	GCF_000007185.1	mid	d__Archaea	d__Archaea	p__Methanobacteriota_A	p__Methanobacteriota_A	g__Methanotorris	g__Methanopyrus	s__Methanotorris formicicus	s__Methanopyrus kandleri	0.000000	0.000000	0.000000	0.000000	0.000000	0
GCA_015493505.1	GCA_016214985.1	mid	d__Bacteria	d__Bacteria	p__Desulfobacterota_C	p__Desulfobacterota_C	g__S145-22	g__JACRMM01	s__S145-22 sp015493505	s__JACRMM01 sp016214985	0.000000	0.000000	0.000000	0.000000	0.000000	0
GCA_016214985.1	GCF_000526155.1	mid	d__Bacteria	d__Bacteria	p__Desulfobacterota_C	p__Desulfobacterota_C	g__JACRMM01	g__Deferrisoma	s__JACRMM01 sp016214985	s__Deferrisoma camini	0.777350	0.000000	0.000000	0.958333	0.900285	18
GCA_002869005.1	GCA_013153415.1	mid	d__Bacteria	d__Bacteria	p__Desulfobacterota_C	p__Desulfobacterota_C	g__BM512	g__JAADEO01	s__BM512 sp002869005	s__JAADEO01 sp013153415	0.000000	0.000000	0.000000	0.000000	0.000000	0
GCA_002869015.1	GCA_016214985.1	mid	d__Bacteria	d__Bacteria	p__Desulfobacterota_C	p__Desulfobacterota_C	g__BM512	g__JACRMM01	s__BM512 sp002869015	s__JACRMM01 sp016214985	0.000000	0.000000	0.000000	0.000000	0.000000	0
GCA_016214985.1	GCA_016933675.1	mid	d__Bacteria	d__Bacteria	p__Desulfobacterota_C	p__Desulfobacterota_C	g__JACRMM01	g__JAFGAM01	s__JACRMM01 sp016214985	s__JAFGAM01 sp016933675	0.000000	0.000000	0.000000	0.000000	0.000000	0
GCA_012520575.1	GCA_002383355.1	mid	d__Bacteria	d__Bacteria	p__Atribacterota	p__Atribacterota	g__JAAYOB01	g__UBA4082	s__JAAYOB01 sp012520575	s__UBA4082 sp002383355	0.000000	0.000000	0.000000	0.000000	0.000000	0
GCA_013314795.1	GCA_018056825.1	mid	d__Bacteria	d__Bacteria	p__Atribacterota	p__Atribacterota	g__JABUEZ01	g__UBA3950	s__JABUEZ01 sp013314795	s__UBA3950 sp018056825	0.000000	0.000000	0.000000	0.000000	0.000000	0
GCA_003513845.1	GCA_000353875.1	mid	d__Bacteria	d__Bacteria	p__Atribacterota	p__Atribacterota	g__UBA9904	g__Caldatribacterium	s__UBA9904 sp003513845	s__Caldatribacterium californiense_A	0.000000	0.000000	0.000000	0.000000	0.000000	0
GCA_007128145.1	GCA_013314795.1	mid	d__Bacteria	d__Bacteria	p__Atribacterota	p__Atribacterota	g__SKXZ01	g__JABUEZ01	s__SKXZ01 sp007128145	s__JABUEZ01 sp013314795	0.000000	0.000000	0.000000	0.000000	0.000000	0
GCA_014359405.1	GCA_016934875.1	mid	d__Bacteria	d__Bacteria	p__Atribacterota	p__Atribacterota	g__Caldatribacterium	g__JAFGSC01	s__Caldatribacterium sp014359405	s__JAFGSC01 sp016934875	0.000000	0.000000	0.000000	0.000000	0.000000	0
GCA_003818595.1	GCA_002327255.1	mid	d__Bacteria	d__Bacteria	p__KSB1	p__KSB1	g__RPQV01	g__UBA2214	s__RPQV01 sp003818595	s__UBA2214 sp002327255	0.000000	0.000000	0.000000	0.000000	0.000000	0
GCA_015485525.1	GCA_002327255.1	mid	d__Bacteria	d__Bacteria	p__KSB1	p__KSB1	g__DRLW01	g__UBA2214	s__DRLW01 sp015485525	s__UBA2214 sp002327255	0.000000	0.000000	0.000000	0.000000	0.000000	0
GCA_013152715.1	GCA_016931775.1	mid	d__Bacteria	d__Bacteria	p__KSB1	p__KSB1	g__4484-87	g__JAFGEC01	s__4484-87 sp013152715	s__JAFGEC01 sp016931775	0.000000	0.000000	0.000000	0.000000	0.000000	0
GCA_002327255.1	GCA_015491485.1	mid	d__Bacteria	d__Bacteria	p__KSB1	p__KSB1	g__UBA2214	g__WFVT01	s__UBA2214 sp002327255	s__WFVT01 sp015491485	0.000000	0.000000	0.000000	0.000000	0.000000	0
GCA_016783825.1	GCA_012523655.1	mid	d__Bacteria	d__Bacteria	p__KSB1	p__KSB1	g__BS750m-G10	g__JAAYTV01	s__BS750m-G10 sp016783825	s__JAAYTV01 sp012523655	0.000000	0.000000	0.000000	0.000000	0.000000	0
GCA_004376575.1	GCA_001303705.1	mid	d__Bacteria	d__Bacteria	p__TA06	p__TA06	g__E44-bin18	g__SM1-40	s__E44-bin18 sp004376575	s__SM1-40 sp001303705	0.000000	0.000000	0.000000	0.000000	0.000000	0
GCA_018304505.1	GCA_003558235.1	mid	d__Archaea	d__Archaea	p__B1Sed10-29	p__B1Sed10-29	g__JAGVWA01	g__CSSED10-269	s__JAGVWA01 sp018304505	s__CSSED10-269 sp003558235	0.000000	0.000000	0.000000	0.000000	0.000000	0
GCA_015522495.1	GCA_003558235.1	mid	d__Archaea	d__Archaea	p__B1Sed10-29	p__B1Sed10-29	g__WAMD01	g__CSSED10-269	s__WAMD01 sp015522495	s__CSSED10-269 sp003558235	0.000000	0.000000	0.000000	0.000000	0.000000	0
GCA_016939415.1	GCA_015522495.1	mid	d__Archaea	d__Archaea	p__B1Sed10-29	p__B1Sed10-29	g__JAFGGZ01	g__WAMD01	s__JAFGGZ01 sp016939415	s__WAMD01 sp015522495	0.000000	0.000000	0.000000	0.000000	0.000000	0
GCA_018304505.1	GCA_015522495.1	mid	d__Archaea	d__Archaea	p__B1Sed10-29	p__B1Sed10-29	g__JAGVWA01	g__WAMD01	s__JAGVWA01 sp018304505	s__WAMD01 sp015522495	0.000000	0.000000	0.000000	0.000000	0.000000	0
GCA_002685755.1	GCA_002377645.1	mid	d__Bacteria	d__Bacteria	p__UBA8248	p__UBA8248	g__UBA8248	g__UBA3496	s__UBA8248 sp002685755	s__UBA3496 sp002377645	0.000000	0.000000	0.000000	0.000000	0.000000	0
GCA_016190025.1	GCA_001790955.1	mid	d__Bacteria	d__Bacteria	p__UBA8248	p__UBA8248	g__JACPRG01	g__2-12-FULL-69-37	s__JACPRG01 sp016190025	s__2-12-FULL-69-37 sp001790955	0.000000	0.000000	0.000000	0.000000	0.000000	0
GCA_009839615.1	GCA_018669005.1	mid	d__Bacteria	d__Bacteria	p__UBA8248	p__UBA8248	g__Bin107	g__UBA8248	s__Bin107 sp009839615	s__UBA8248 sp018669005	0.000000	0.000000	0.000000	0.000000	0.000000	0
GCA_016190025.1	GCA_011523725.1	mid	d__Bacteria	d__Bacteria	p__UBA8248	p__UBA8248	g__JACPRG01	g__Bin107	s__JACPRG01 sp016190025	s__Bin107 sp011523725	0.000000	0.000000	0.000000	0.000000	0.000000	0
GCA_018829445.1	GCA_018645005.1	mid	d__Bacteria	d__Bacteria	p__SAR324	p__SAR324	g__JAHJTV01	g__JAHJRI01	s__JAHJTV01 sp018829445	s__JAHJRI01 sp018645005	0.000000	0.000000	0.000000	0.000000	0.000000	0
GCA_015232315.1	GCA_018829445.1	mid	d__Bacteria	d__Bacteria	p__SAR324	p__SAR324	g__JADFZZ01	g__JAHJTV01	s__JADFZZ01 sp015232315	s__JAHJTV01 sp018829445	0.000000	0.000000	0.000000	0.000000	0.000000	0
GCA_015232315.1	GCA_002683785.1	mid	d__Bacteria	d__Bacteria	p__SAR324	p__SAR324	g__JADFZZ01	g__UBA1014	s__JADFZZ01 sp015232315	s__UBA1014 sp002683785	0.000000	0.000000	0.000000	0.000000	0.000000	0
GCA_018829445.1	GCA_015231825.1	mid	d__Bacteria	d__Bacteria	p__SAR324	p__SAR324	g__JAHJTV01	g__JADGAV01	s__JAHJTV01 sp018829445	s__JADGAV01 sp015231825	0.000000	0.000000	0.000000	0.000000	0.000000	0
GCA_002716165.1	GCA_016204605.1	mid	d__Bacteria	d__Bacteria	p__SAR324	p__SAR324	g__Arctic96AD-7	g__JACQKK01	s__Arctic96AD-7 sp002716165	s__JACQKK01 sp016204605	0.000000	0.000000	0.000000	0.000000	0.000000	0
GCA_003229755.1	GCA_016937135.1	mid	d__Bacteria	d__Bacteria	p__BMS3Abin14	p__BMS3Abin14	g__SZUA-178	g__JAFGWO01	s__SZUA-178 sp003229755	s__JAFGWO01 sp016937135	0.000000	0.000000	0.000000	0.000000	0.000000	0
GCA_016937135.1	GCA_002897695.1	mid	d__Bacteria	d__Bacteria	p__BMS3Abin14	p__BMS3Abin14	g__JAFGWO01	g__BMS3ABIN14	s__JAFGWO01 sp016937135	s__BMS3ABIN14 sp002897695	0.000000	0.000000	0.000000	0.000000	0.000000	0
GCA_003228585.1	GCA_016937135.1	mid	d__Bacteria	d__Bacteria	p__BMS3Abin14	p__BMS3Abin14	g__SZUA-204	g__JAFGWO01	s__SZUA-204 sp003228585	s__JAFGWO01 sp016937135	0.000000	0.000000	0.000000	0.000000	0.000000	0
GCA_002897695.1	GCA_003229755.1	mid	d__Bacteria	d__Bacteria	p__BMS3Abin14	p__BMS3Abin14	g__BMS3ABIN14	g__SZUA-178	s__BMS3ABIN14 sp002897695	s__SZUA-178 sp003229755	0.000000	0.000000	0.000000	0.000000	0.000000	0
GCF_014203025.1	GCF_000177635.2	mid	d__Bacteria	d__Bacteria	p__Chrysiogenota	p__Chrysiogenota	g__Desulfurispira	g__Desulfurispirillum	s__Desulfurispira natronophila	s__Desulfurispirillum indicum	0.000000	0.000000	0.000000	0.970588	0.893194	17
GCA_004195035.1	GCA_004195025.1	mid	d__Bacteria	d__Bacteria	p__SZUA-79	p__SZUA-79	g__Acidulodesulfobacterium	g__Acididesulfobacter	s__Acidulodesulfobacterium ferriphilum	s__Acididesulfobacter diazotrophicus	0.000000	0.000000	0.000000	0.000000	0.000000	0
GCA_003230535.1	GCA_016235675.1	mid	d__Bacteria	d__Bacteria	p__SZUA-182	p__SZUA-182	g__SZUA-191	g__JACRJN01	s__SZUA-191 sp003230535	s__JACRJN01 sp016235675	0.000000	0.000000	0.000000	0.000000	0.000000	0
GCA_003230635.1	GCA_016934595.1	mid	d__Bacteria	d__Bacteria	p__SZUA-182	p__SZUA-182	g__SZUA-182	g__JAFGSM01	s__SZUA-182 sp003230635	s__JAFGSM01 sp016934595	0.000000	0.000000	0.000000	0.000000	0.000000	0
GCA_016934595.1	GCA_016235675.1	mid	d__Bacteria	d__Bacteria	p__SZUA-182	p__SZUA-182	g__JAFGSM01	g__JACRJN01	s__JAFGSM01 sp016934595	s__JACRJN01 sp016235675	0.000000	0.000000	0.000000	0.000000	0.000000	0
GCA_003230635.1	GCA_003230535.1	mid	d__Bacteria	d__Bacteria	p__SZUA-182	p__SZUA-182	g__SZUA-182	g__SZUA-191	s__SZUA-182 sp003230635	s__SZUA-191 sp003230535	0.000000	0.000000	0.000000	0.000000	0.000000	0
GCA_003649085.1	GCA_002254665.1	mid	d__Archaea	d__Archaea	p__Thermoproteota	p__Thermoproteota	g__B66-G16	g__EX4484-58	s__B66-G16 sp003649085	s__EX4484-58 sp002254665	0.000000	0.000000	0.000000	0.000000	0.000000	0
GCA_009845545.1	GCF_004349245.1	low	d__Bacteria	d__Bacteria	p__Poribacteria	p__Actinobacteriota	g__WGA-3G	g__Spirillospora	s__WGA-3G sp009845545	s__Spirillospora sp004349245	0.000000	0.000000	0.000000	0.000000	0.000000	0
GCA_016938065.1	GCA_002292025.1	low	d__Bacteria	d__Bacteria	p__Desulfobacterota_C	p__Firmicutes_H	g__DSCM01	g__UBA994	s__DSCM01 sp016938065	s__UBA994 sp002292025	0.000000	0.000000	0.000000	0.000000	0.000000	0
GCA_004375695.1	GCA_015486015.1	low	d__Archaea	d__Bacteria	p__Hadarchaeota	p__Thermosulfidibacterota	g__DG-33	g__WFSI01	s__DG-33 sp004375695	s__WFSI01 sp015486015	0.000000	0.000000	0.000000	0.000000	0.000000	0
GCA_016192135.1	GCA_017993055.1	low	d__Bacteria	d__Bacteria	p__UBA8248	p__Armatimonadota	g__2-12-FULL-69-37	g__JAGONM01	s__2-12-FULL-69-37 sp016192135	s__JAGONM01 sp017993055	0.000000	0.000000	0.000000	0.000000	0.000000	0
GCA_011388305.1	GCA_016933315.1	low	d__Bacteria	d__Bacteria	p__UBP14	p__UBA6266	g__UBA6098	g__UBA6266	s__UBA6098 sp011388305	s__UBA6266 sp016933315	0.000000	0.000000	0.000000	0.000000	0.000000	0
GCF_001949125.1	GCA_009841265.1	low	d__Bacteria	d__Bacteria	p__Deinococcota	p__JAAXHH01	g__Deinococcus	g__JAAXHH01	s__Deinococcus marmoris_A	s__JAAXHH01 sp009841265	0.000000	0.000000	0.000000	0.000000	0.000000	0
GCA_016194335.1	GCF_014203025.1	low	d__Archaea	d__Bacteria	p__Micrarchaeota	p__Chrysiogenota	g__JACQBR01	g__Desulfurispira	s__JACQBR01 sp016194335	s__Desulfurispira natronophila	0.000000	0.000000	0.000000	0.000000	0.000000	0
GCA_017161655.1	GCA_014360495.1	low	d__Bacteria	d__Bacteria	p__Sumerlaeota	p__JACIXR01	g__DRVG01	g__JACIXR01	s__DRVG01 sp017161655	s__JACIXR01 sp014360495	0.000000	0.000000	0.000000	0.000000	0.000000	0
GCA_011523725.1	GCA_019116905.1	low	d__Bacteria	d__Bacteria	p__UBA8248	p__Deferribacterota	g__Bin107	g__Mucispirillum	s__Bin107 sp011523725	s__Mucispirillum faecigallinarum	0.000000	0.000000	0.000000	0.000000	0.000000	0
GCA_007132905.1	GCA_003696125.1	low	d__Bacteria	d__Bacteria	p__SLNR01	p__Tectomicrobia	g__SLNR01	g__J063	s__SLNR01 sp007132905	s__J063 sp003696125	0.000000	0.000000	0.000000	0.000000	0.000000	0
GCA_001304225.1	GCA_003327425.1	low	d__Bacteria	d__Bacteria	p__Zixibacteria	p__Riflebacteria	g__SM1-73	g__Ozemobacter	s__SM1-73 sp001304225	s__Ozemobacter sibiricus	0.000000	0.000000	0.000000	0.000000	0.000000	0
GCA_007571365.1	GCA_018435605.1	low	d__Bacteria	d__Bacteria	p__Latescibacterota	p__Aureabacteria	g__GCA-2724215	g__R3-B46	s__GCA-2724215 sp007571365	s__R3-B46 sp018435605	0.000000	0.000000	0.000000	0.000000	0.000000	0
GCA_018821925.1	GCA_013151735.1	low	d__Bacteria	d__Bacteria	p__Edwardsbacteria	p__JdFR-76	g__UBA2226	g__BMS3Abin05	s__UBA2226 sp018821925	s__BMS3Abin05 sp013151735	0.000000	0.000000	0.000000	0.000000	0.000000	0
GCA_002478245.1	GCA_001774505.1	low	d__Bacteria	d__Bacteria	p__UBP18	p__RBG-13-66-14	g__UBA7526	g__RBG-13-66-14	s__UBA7526 sp002478245	s__RBG-13-66-14 sp001774505	0.000000	0.000000	0.000000	0.000000	0.000000	0
GCA_001730085.1	GCA_018831195.1	low	d__Bacteria	d__Bacteria	p__GCA-001730085	p__Eisenbacteria	g__GCA-001730085	g__JAHJDP01	s__GCA-001730085 sp001730085	s__JAHJDP01 sp018831195	0.000000	0.000000	0.000000	0.000000	0.000000	0
GCA_011049955.1	GCA_016176845.1	low	d__Bacteria	d__Bacteria	p__UBP18	p__Nitrospinota_B	g__DRGV01	g__JACOWJ01	s__DRGV01 sp011049955	s__JACOWJ01 sp016176845	0.000000	0.000000	0.000000	0.000000	0.000000	0
GCA_001778375.1	GCA_002780705.1	low	d__Bacteria	d__Bacteria	p__Firestonebacteria	p__CG03	g__D2-FULL-39-29	g__CG03	s__D2-FULL-39-29 sp001778375	s__CG03 sp002780705	0.000000	0.000000	0.000000	0.000000	0.000000	0
GCA_003170555.1	GCA_002748705.1	low	d__Bacteria	d__Bacteria	p__FEN-1099	p__Fermentibacterota	g__FEN-1099	g__Sabulitectum	s__FEN-1099 sp003170555	s__Sabulitectum sp002748705	0.000000	0.000000	0.000000	0.000000	0.000000	0
GCA_003644925.1	GCA_014801735.1	low	d__Bacteria	d__Bacteria	p__Fermentibacterota	p__Bacteroidota	g__Aegiribacteria	g__Paramuribaculum	s__Aegiribacteria sp003644925	s__Paramuribaculum sp014801735	0.000000	0.000000	0.000000	0.000000	0.000000	0
GCA_016867715.1	GCA_002424645.1	low	d__Bacteria	d__Bacteria	p__JABDJQ01	p__Desulfobacterota	g__VGIW01	g__Syntrophotalea	s__VGIW01 sp016867715	s__Syntrophotalea sp002424645	0.000000	0.000000	0.000000	0.000000	0.000000	0
GCA_002450755.1	GCA_013288105.1	low	d__Bacteria	d__Bacteria	p__Myxococcota_A	p__Chlamydiota	g__UBA6930	g__JABDCM01	s__UBA6930 sp002450755	s__JABDCM01 sp013288105	0.000000	0.000000	0.000000	0.000000	0.000000	0
GCA_003554345.1	GCA_003280095.1	low	d__Bacteria	d__Bacteria	p__T1SED10-198M	p__Cyanobacteria	g__T1SED10-198M	g__AG-363-J23	s__T1SED10-198M sp003554345	s__AG-363-J23 sp003280095	0.000000	0.000000	0.000000	0.000000	0.000000	0
GCA_018829455.1	GCF_000221185.1	low	d__Bacteria	d__Archaea	p__Ratteibacteria	p__Methanobacteriota_B	g__JAHJUB01	g__Thermococcus	s__JAHJUB01 sp018829455	s__Thermococcus sp000221185	0.000000	0.000000	0.000000	0.000000	0.000000	0
GCA_016935655.1	GCA_001304015.1	low	d__Archaea	d__Bacteria	p__Altiarchaeota	p__TA06_A	g__JAFGQM01	g__SM23-81	s__JAFGQM01 sp016935655	s__SM23-81 sp001304015	0.000000	0.000000	0.000000	0.000000	0.000000	0
GCA_002346625.1	GCA_016783505.1	low	d__Bacteria	d__Bacteria	p__Gemmatimonadota	p__BS750m-G25	g__UBA6934	g__BS750m-G25	s__UBA6934 sp002346625	s__BS750m-G25 sp016783505	0.000000	0.000000	0.000000	0.000000	0.000000	0
GCA_000438015.1	GCF_000021645.1	low	d__Bacteria	d__Bacteria	p__Verrucomicrobiota	p__Dictyoglomota	g__Merdousia	g__Dictyoglomus	s__Merdousia sp000438015	s__Dictyoglomus turgidum	0.000000	0.000000	0.000000	0.000000	0.000000	0
GCA_016180645.1	GCA_003233535.1	low	d__Bacteria	d__Bacteria	p__JACPQY01	p__Proteobacteria	g__JACPAV01	g__SZUA-5	s__JACPAV01 sp016180645	s__SZUA-5 sp003233535	0.000000	0.000000	0.000000	0.000000	0.000000	0
GCA_018812265.1	GCA_014728125.1	low	d__Bacteria	d__Bacteria	p__AABM5-125-24	p__VGIX01	g__JAHJDG01	g__WJMD01	s__JAHJDG01 sp018812265	s__WJMD01 sp014728125	0.000000	0.000000	0.000000	0.000000	0.000000	0
GCA_002410925.1	GCA_016196885.1	low	d__Bacteria	d__Bacteria	p__UBP13	p__JACPWU01	g__UBA5359	g__JACPWU01	s__UBA5359 sp002410925	s__JACPWU01 sp016196885	0.000000	0.000000	0.000000	0.000000	0.000000	0
GCF_009695585.1	GCA_001788415.1	low	d__Bacteria	d__Bacteria	p__Firmicutes_C	p__Methylomirabilota	g__Anaerovibrio	g__UBA12499	s__Anaerovibrio slackiae	s__UBA12499 sp001788415	0.000000	0.000000	0.000000	0.000000	0.000000	0
GCA_003558145.1	GCA_001871015.1	low	d__Bacteria	d__Bacteria	p__CG03	p__Desantisbacteria	g__PWMP01	g__UBA1559	s__PWMP01 sp003558145	s__UBA1559 sp001871015	0.000000	0.000000	0.000000	0.000000	0.000000	0
GCA_018812925.1	GCA_016937175.1	low	d__Bacteria	d__Bacteria	p__CAIJMQ01	p__Mcinerneyibacteriota	g__CAIJMQ01	g__DSCS01	s__CAIJMQ01 sp018812925	s__DSCS01 sp016937175	0.000000	0.000000	0.000000	0.000000	0.000000	0
GCA_015485525.1	GCA_015272165.1	low	d__Bacteria	d__Bacteria	p__KSB1	p__Cyanobacteria	g__DRLW01	g__Cyanobacterium	s__DRLW01 sp015485525	s__Cyanobacterium sp015272165	0.000000	0.000000	0.000000	0.000000	0.000000	0
GCA_003663045.1	GCA_016937715.1	low	d__Archaea	d__Bacteria	p__Altiarchaeota	p__Goldbacteria	g__QMZG01	g__PGYV01	s__QMZG01 sp003663045	s__PGYV01 sp016937715	0.000000	0.000000	0.000000	0.000000	0.000000	0
GCA_003230635.1	GCA_003153935.1	low	d__Bacteria	d__Bacteria	p__SZUA-182	p__UBA6262	g__SZUA-182	g__Fen-1174	s__SZUA-182 sp003230635	s__Fen-1174 sp003153935	0.000000	0.000000	0.000000	0.000000	0.000000	0
GCA_014523495.1	GCA_017609945.1	low	d__Archaea	d__Archaea	p__Thermoproteota	p__Iainarchaeota	g__TA-21	g__JAFCCZ01	s__TA-21 sp014523495	s__JAFCCZ01 sp017609945	0.000000	0.000000	0.000000	0.000000	0.000000	0
GCA_018903055.1	GCA_016783505.1	low	d__Bacteria	d__Bacteria	p__UBP18	p__BS750m-G25	g__DRGV01	g__BS750m-G25	s__DRGV01 sp018903055	s__BS750m-G25 sp016783505	0.000000	0.000000	0.000000	0.000000	0.000000	0
GCA_016193565.1	GCA_015488335.1	low	d__Bacteria	d__Bacteria	p__CSP1-3	p__Aquificota	g__JACPRY01	g__Balnearium	s__JACPRY01 sp016193565	s__Balnearium sp015488335	0.000000	0.000000	0.000000	0.000000	0.000000	0
GCA_017610305.1	GCA_003645885.1	low	d__Archaea	d__Bacteria	p__Iainarchaeota	p__Latescibacterota	g__JAFCCJ01	g__B68-G9	s__JAFCCJ01 sp017610305	s__B68-G9 sp003645885	0.000000	0.000000	0.000000	0.000000	0.000000	0
GCA_002428685.1	GCA_001730085.1	low	d__Bacteria	d__Bacteria	p__Cloacimonadota	p__GCA-001730085	g__Cloacimonas	g__GCA-001730085	s__Cloacimonas sp002428685	s__GCA-001730085 sp001730085	0.000000	0.000000	0.000000	0.000000	0.000000	0
GCA_002085385.1	GCA_001803705.1	low	d__Bacteria	d__Bacteria	p__UBP14	p__Nitrospirota	g__4484-93	g__GWC2-56-14	s__4484-93 sp002085385	s__GWC2-56-14 sp001803705	0.000000	0.000000	0.000000	0.000000	0.000000	0
GCA_016717595.1	GCA_012962055.1	low	d__Bacteria	d__Archaea	p__Myxococcota_A	p__Hadarchaeota	g__JADKFE01	g__B75-G9	s__JADKFE01 sp016717595	s__B75-G9 sp012962055	0.000000	0.000000	0.000000	0.000000	0.000000	0
GCA_002347565.1	GCA_016202815.1	low	d__Bacteria	d__Archaea	p__Edwardsbacteria	p__Aenigmatarchaeota	g__UBA2255	g__JACPZZ01	s__UBA2255 sp002347565	s__JACPZZ01 sp016202815	0.000000	0.000000	0.000000	0.000000	0.000000	0
GCF_000021565.1	GCA_001563915.1	low	d__Bacteria	d__Archaea	p__Aquificota	p__Nanohaloarchaeota	g__Persephonella	g__B1-Br10-U2g21	s__Persephonella marina	s__B1-Br10-U2g21 sp001563915	0.000000	0.000000	0.000000	0.000000	0.000000	0
GCA_002402105.1	GCA_003696075.1	low	d__Bacteria	d__Bacteria	p__UBP17	p__Acidobacteriota	g__GCA-2402105	g__J045	s__GCA-2402105 sp002402105	s__J045 sp003696075	0.000000	0.000000	0.000000	0.000000	0.000000	0
GCA_002505935.1	GCA_002869225.1	low	d__Archaea	d__Bacteria	p__Thermoplasmatota	p__Muirbacteria	g__UBA226	g__Muirbacterium	s__UBA226 sp002505935	s__Muirbacterium halophilum	0.000000	0.000000	0.000000	0.000000	0.000000	0
GCA_016787925.1	GCA_902590655.1	low	d__Bacteria	d__Archaea	p__CLD3	p__Thermoproteota	g__SB21	g__Nitrosopelagicus	s__SB21 sp016787925	s__Nitrosopelagicus sp902590655	0.000000	0.000000	0.000000	0.000000	0.000000	0
GCA_013791675.1	GCA_018812585.1	low	d__Bacteria	d__Bacteria	p__CG03	p__AABM5-125-24	g__CG03	g__JAHJDJ01	s__CG03 sp013791675	s__JAHJDJ01 sp018812585	0.000000	0.000000	0.000000	0.000000	0.000000	0
GCA_016200385.1	GCA_018701395.1	low	d__Bacteria	d__Bacteria	p__Methylomirabilota	p__Planctomycetota	g__Methylomirabilis	g__GCA-002718515	s__Methylomirabilis sp016200385	s__GCA-002718515 sp018701395	0.000000	0.000000	0.000000	0.000000	0.000000	0
GCA_001303705.1	GCA_003551625.1	low	d__Bacteria	d__Bacteria	p__TA06	p__PUNC01	g__SM1-40	g__PUNC01	s__SM1-40 sp001303705	s__PUNC01 sp003551625	0.000000	0.000000	0.000000	0.000000	0.000000	0
GCA_003565715.1	GCA_016931415.1	low	d__Archaea	d__Bacteria	p__Halobacteriota	p__JABMQX01	g__Methanolobus	g__JAFGEW01	s__Methanolobus sp003565715	s__JAFGEW01 sp016931415	0.000000	0.000000	0.000000	0.000000	0.000000	0
GCA_003230635.1	GCA_002167555.2	low	d__Bacteria	d__Bacteria	p__SZUA-182	p__Desulfobacterota_D	g__SZUA-182	g__TMED58	s__SZUA-182 sp003230635	s__TMED58 sp002167555	0.000000	0.000000	0.000000	0.000000	0.000000	0
GCA_018220935.1	GCA_012797725.1	low	d__Archaea	d__Bacteria	p__SpSt-1190	p__Bdellovibrionota_C	g__JAAOXX01	g__JAAZON01	s__JAAOXX01 sp018220935	s__JAAZON01 sp012797725	0.000000	0.000000	0.000000	0.000000	0.000000	0
GCA_016713535.1	GCA_015520605.1	low	d__Bacteria	d__Archaea	p__JADJOY01	p__EX4484-52	g__JADJOY01	g__WAPT01	s__JADJOY01 sp016713535	s__WAPT01 sp015520605	0.000000	0.000000	0.000000	0.000000	0.000000	0
GCA_003134685.1	GCA_003451675.1	low	d__Bacteria	d__Bacteria	p__Gemmatimonadota	p__Atribacterota	g__UBA4720	g__34-128	s__UBA4720 sp003134685	s__34-128 sp003451675	0.000000	0.000000	0.000000	0.000000	0.000000	0
GCA_014728225.1	GCA_018821925.1	low	d__Bacteria	d__Bacteria	p__RBG-13-66-14	p__Edwardsbacteria	g__WJLX01	g__UBA2226	s__WJLX01 sp014728225	s__UBA2226 sp018821925	0.000000	0.000000	0.000000	0.000000	0.000000	0
GCA_905372875.1	GCF_900215655.1	low	d__Bacteria	d__Bacteria	p__Firmicutes_C	p__Aquificota	g__CAJPQU01	g__Hydrogenobacter	s__CAJPQU01 sp905372875	s__Hydrogenobacter hydrogenophilus	0.000000	0.000000	0.000000	0.000000	0.000000	0
GCA_002716355.1	GCA_003485015.1	low	d__Bacteria	d__Bacteria	p__UBP7	p__UBA9089	g__UBA6624	g__UBA9089	s__UBA6624 sp002716355	s__UBA9089 sp003485015	0.000000	0.000000	0.000000	0.000000	0.000000	0
GCA_018435605.1	GCA_903831825.1	low	d__Bacteria	d__Bacteria	p__Aureabacteria	p__Verrucomicrobiota	g__R3-B46	g__CAIPAT01	s__R3-B46 sp018435605	s__CAIPAT01 sp903831825	0.000000	0.000000	0.000000	0.000000	0.000000	0
GCA_002686915.1	GCF_000023985.1	low	d__Bacteria	d__Archaea	p__ARS69	p__Methanobacteriota_A	g__ARS69	g__Methanocaldococcus	s__ARS69 sp002686915	s__Methanocaldococcus fervens	0.000000	0.000000	0.000000	0.000000	0.000000	0
GCA_016190245.1	GCA_003105225.1	low	d__Bacteria	d__Bacteria	p__JACPQY01	p__Desulfobacterota_E	g__JACPQY01	g__FEB-35	s__JACPQY01 sp016190245	s__FEB-35 sp003105225	0.000000	0.000000	0.000000	0.000000	0.000000	0
GCA_017546175.1	GCF_900079095.1	low	d__Bacteria	d__Bacteria	p__Elusimicrobiota	p__Tectomicrobia	g__Avelusimicrobium	g__Entotheonella	s__Avelusimicrobium sp017546175	s__Entotheonella palauensis	0.000000	0.000000	0.000000	0.000000	0.000000	0
GCA_005893185.1	GCA_016930435.1	low	d__Bacteria	d__Bacteria	p__Eisenbacteria	p__UBP14	g__WS-2	g__JAFGGQ01	s__WS-2 sp005893185	s__JAFGGQ01 sp016930435	0.000000	0.000000	0.000000	0.000000	0.000000	0
GCA_002502785.1	GCA_002069765.1	low	d__Archaea	d__Bacteria	p__Halobacteriota	p__Wallbacteria	g__Methanothrix_A	g__UBA9980	s__Methanothrix_A harundinacea_A	s__UBA9980 sp002069765	0.000000	0.000000	0.000000	0.000000	0.000000	0
GCA_014729955.1	GCA_012839925.1	low	d__Bacteria	d__Bacteria	p__AABM5-125-24	p__DUMJ01	g__WJJA01	g__DUMJ01	s__WJJA01 sp014729955	s__DUMJ01 sp012839925	0.000000	0.000000	0.000000	0.000000	0.000000	0
GCA_002839445.1	GCA_007121385.1	low	d__Bacteria	d__Bacteria	p__Riflebacteria	p__Bdellovibrionota	g__Rifleibacterium	g__SKLV01	s__Rifleibacterium sp002839445	s__SKLV01 sp007121385	0.000000	0.000000	0.000000	0.000000	0.000000	0
GCA_002410925.1	GCA_003697085.1	low	d__Bacteria	d__Bacteria	p__UBP13	p__UBA8481	g__UBA5359	g__J006	s__UBA5359 sp002410925	s__J006 sp003697085	0.000000	0.000000	0.000000	0.000000	0.000000	0
GCA_002404215.1	GCA_014728115.1	low	d__Bacteria	d__Bacteria	p__Firmicutes_B	p__KSB1	g__Desulfosporosinus	g__WJME01	s__Desulfosporosinus sp002404215	s__WJME01 sp014728115	0.000000	0.000000	0.000000	0.000000	0.000000	0
GCA_002402105.1	GCA_001730085.1	low	d__Bacteria	d__Bacteria	p__UBP17	p__GCA-001730085	g__GCA-2402105	g__GCA-001730085	s__GCA-2402105 sp002402105	s__GCA-001730085 sp001730085	0.000000	0.000000	0.000000	0.000000	0.000000	0
GCA_008933615.1	GCA_018435605.1	low	d__Bacteria	d__Bacteria	p__CLD3	p__Aureabacteria	g__SB21	g__R3-B46	s__SB21 sp008933615	s__R3-B46 sp018435605	0.000000	0.000000	0.000000	0.000000	0.000000	0
GCA_016931515.1	GCA_002410925.1	low	d__Bacteria	d__Bacteria	p__CSSED10-310	p__UBP13	g__JAFGEQ01	g__UBA5359	s__JAFGEQ01 sp016931515	s__UBA5359 sp002410925	0.000000	0.000000	0.000000	0.000000	0.000000	0
GCF_012933365.1	GCA_011523725.1	low	d__Bacteria	d__Bacteria	p__Firmicutes_E	p__UBA8248	g__Sulfobacillus_B	g__Bin107	s__Sulfobacillus_B sp012933365	s__Bin107 sp011523725	0.000000	0.000000	0.000000	0.000000	0.000000	0
GCA_011620825.1	GCA_016783345.1	low	d__Archaea	d__Bacteria	p__Thermoplasmatota	p__BS750m-G34	g__VadinCA11	g__BS750m-G34	s__VadinCA11 sp011620825	s__BS750m-G34 sp016783345	0.000000	0.000000	0.000000	0.000000	0.000000	0
GCA_007136565.1	GCA_012838235.1	low	d__Bacteria	d__Bacteria	p__Firmicutes_E	p__Firmicutes_A	g__CSSED11-154	g__DUPQ01	s__CSSED11-154 sp007136565	s__DUPQ01 sp012838235	0.000000	0.000000	0.000000	0.000000	0.000000	0
GCA_007118235.1	GCA_016235675.1	low	d__Bacteria	d__Bacteria	p__Hydrogenedentota	p__SZUA-182	g__SKRY01	g__JACRJN01	s__SKRY01 sp007118235	s__JACRJN01 sp016235675	0.000000	0.000000	0.000000	0.000000	0.000000	0
GCA_902577625.1	GCA_903930515.1	low	d__Bacteria	d__Bacteria	p__Proteobacteria	p__RBG-13-61-14	g__Pelagibacter	g__CAIYYW01	s__Pelagibacter sp902577625	s__CAIYYW01 sp903930515	0.000000	0.000000	0.000000	0.000000	0.000000	0
GCA_003152075.1	GCF_003057965.1	low	d__Bacteria	d__Bacteria	p__FCPU426	p__Thermodesulfobiota	g__PALSA-1180	g__Thermodesulfobium	s__PALSA-1180 sp003152075	s__Thermodesulfobium acidiphilum	0.000000	0.000000	0.000000	0.000000	0.000000	0
GCA_905215675.1	GCA_003644825.1	low	d__Bacteria	d__Bacteria	p__Desulfobacterota_I	p__SM23-31	g__Desulfovibrio	g__B21-G16	s__Desulfovibrio sp905215675	s__B21-G16 sp003644825	0.000000	0.000000	0.000000	0.000000	0.000000	0
GCA_016926495.1	GCA_018830845.1	low	d__Bacteria	d__Archaea	p__JAFGOL01	p__Nanoarchaeota	g__JAFGOL01	g__GW2011-AR1	s__JAFGOL01 sp016926495	s__GW2011-AR1 sp018830845	0.000000	0.000000	0.000000	0.000000	0.000000	0
GCA_016783345.1	GCA_005893365.1	low	d__Bacteria	d__Bacteria	p__BS750m-G34	p__Eisenbacteria	g__BS750m-G34	g__WS-11	s__BS750m-G34 sp016783345	s__WS-11 sp005893365	0.000000	0.000000	0.000000	0.000000	0.000000	0
GCA_902791475.1	GCA_002478245.1	low	d__Bacteria	d__Bacteria	p__Fibrobacterota	p__UBP18	g__Fibrobacter	g__UBA7526	s__Fibrobacter succinogenes_J	s__UBA7526 sp002478245	0.000000	0.000000	0.000000	0.000000	0.000000	0
GCA_003574845.1	GCA_004347925.1	low	d__Bacteria	d__Archaea	p__NPL-UPA2	p__Hadarchaeota	g__NPL-UPA2	g__WYZ-LMO6	s__NPL-UPA2 sp003574845	s__WYZ-LMO6 sp004347925	0.000000	0.000000	0.000000	0.000000	0.000000	0
GCA_000494225.1	GCA_011605725.1	low	d__Bacteria	d__Archaea	p__Calescibacterota	p__Thermoproteota	g__Calescibacterium	g__JAAOZP01	s__Calescibacterium nevadense	s__JAAOZP01 sp011605725	0.000000	0.000000	0.000000	0.000000	0.000000	0
GCA_003551125.1	GCA_900321865.1	low	d__Archaea	d__Bacteria	p__B1Sed10-29	p__RUG730	g__B1Sed10-29	g__RUG730	s__B1Sed10-29 sp003551125	s__RUG730 sp900321865	0.000000	0.000000	0.000000	0.000000	0.000000	0
GCA_016192455.1	GCA_011388275.1	low	d__Bacteria	d__Bacteria	p__JACPUC01	p__QNDG01	g__JACPUC01	g__DSAB01	s__JACPUC01 sp016192455	s__DSAB01 sp011388275	0.000000	0.000000	0.000000	0.000000	0.000000	0
GCA_002796305.1	GCA_016934635.1	low	d__Bacteria	d__Bacteria	p__UBA10199	p__WOR-3	g__1-14-0-20-49-13	g__B3-TA06	s__1-14-0-20-49-13 sp002796305	s__B3-TA06 sp016934635	0.000000	0.000000	0.000000	0.000000	0.000000	0
GCA_002403295.1	GCF_000304355.2	low	d__Bacteria	d__Archaea	p__Krumholzibacteriota	p__Halobacteriota	g__SSS58A	g__Methanoculleus	s__SSS58A sp002403295	s__Methanoculleus bourgensis	0.000000	0.000000	0.000000	0.000000	0.000000	0
GCA_002779825.1	GCA_003599815.1	low	d__Bacteria	d__Bacteria	p__Armatimonadota	p__Aureabacteria	g__CG2-30-66-41	g__SURF-26	s__CG2-30-66-41 sp002779825	s__SURF-26 sp003599815	0.000000	0.000000	0.000000	0.000000	0.000000	0
GCA_005880915.1	GCA_002789275.1	low	d__Bacteria	d__Archaea	p__Dormibacterota	p__Huberarchaeota	g__40CM-4-65-16	g__Huberarchaeum	s__40CM-4-65-16 sp005880915	s__Huberarchaeum crystalense	0.000000	0.000000	0.000000	0.000000	0.000000	0
GCA_001771575.1	GCA_016176845.1	low	d__Bacteria	d__Bacteria	p__Margulisbacteria	p__Nitrospinota_B	g__XYB2-FULL-45-9	g__JACOWJ01	s__XYB2-FULL-45-9 sp001771575	s__JACOWJ01 sp016176845	0.000000	0.000000	0.000000	0.000000	0.000000	0
GCA_016789165.1	GCA_002725915.1	low	d__Bacteria	d__Bacteria	p__Chloroflexota	p__Latescibacterota	g__SpSt-583	g__GCA-2725915	s__SpSt-583 sp016789165	s__GCA-2725915 sp002725915	0.000000	0.000000	0.000000	0.000000	0.000000	0
GCA_015490115.1	GCA_002634395.1	low	d__Bacteria	d__Bacteria	p__Aquificota	p__Methylomirabilota	g__Hydrogenivirga	g__Methylomirabilis	s__Hydrogenivirga sp015490115	s__Methylomirabilis sp002634395	0.000000	0.000000	0.000000	0.000000	0.000000	0
GCA_902779965.1	GCA_003230535.1	low	d__Bacteria	d__Bacteria	p__Fibrobacterota	p__SZUA-182	g__Fibrobacter	g__SZUA-191	s__Fibrobacter succinogenes_F	s__SZUA-191 sp003230535	0.000000	0.000000	0.000000	0.000000	0.000000	0
GCA_003644825.1	GCA_016202395.1	low	d__Bacteria	d__Bacteria	p__SM23-31	p__JACQOV01	g__B21-G16	g__JACQOV01	s__B21-G16 sp003644825	s__JACQOV01 sp016202395	0.000000	0.000000	0.000000	0.000000	0.000000	0
GCA_003696125.1	GCA_003650935.1	low	d__Bacteria	d__Archaea	p__Tectomicrobia	p__Thermoplasmatota	g__J063	g__B91-G9	s__J063 sp003696125	s__B91-G9 sp003650935	0.000000	0.000000	0.000000	0.000000	0.000000	0
GCA_003153935.1	GCA_015488275.1	low	d__Bacteria	d__Bacteria	p__UBA6262	p__Desulfobacterota	g__Fen-1174	g__S012-135	s__Fen-1174 sp003153935	s__S012-135 sp015488275	0.000000	0.000000	0.000000	0.000000	0.000000	0
GCA_001303705.1	GCA_017554565.1	low	d__Bacteria	d__Bacteria	p__TA06	p__UBA3054	g__SM1-40	g__UBA3054	s__SM1-40 sp001303705	s__UBA3054 sp017554565	0.000000	0.000000	0.000000	0.000000	0.000000	0
GCF_000174435.1	GCA_002069885.1	low	d__Bacteria	d__Bacteria	p__Desulfobacterota_I	p__UBP15	g__Desulfonatronospira	g__UBA6099	s__Desulfonatronospira thiodismutans	s__UBA6099 sp002069885	0.000000	0.000000	0.000000	0.000000	0.000000	0
GCA_003220495.1	GCA_003159495.1	low	d__Bacteria	d__Bacteria	p__Methylomirabilota	p__Goldbacteria	g__AR31	g__Bog-1181	s__AR31 sp003220495	s__Bog-1181 sp003159495	0.000000	0.000000	0.000000	0.000000	0.000000	0
GCA_003167475.1	GCA_002748425.1	low	d__Bacteria	d__Bacteria	p__Goldbacteria	p__Moduliflexota	g__PALSA-1178	g__GCA-2748425	s__PALSA-1178 sp003167475	s__GCA-2748425 sp002748425	0.000000	0.000000	0.000000	0.000000	0.000000	0
GCA_016202395.1	GCA_016219965.1	low	d__Bacteria	d__Bacteria	p__JACQOV01	p__Schekmanbacteria	g__JACQOV01	g__JACRJM01	s__JACQOV01 sp016202395	s__JACRJM01 sp016219965	0.000000	0.000000	0.000000	0.000000	0.000000	0
GCA_016204425.1	GCF_000165465.1	low	d__Bacteria	d__Bacteria	p__Patescibacteria	p__Firmicutes_F	g__JACQKR01	g__Halanaerobium	s__JACQKR01 sp016204425	s__Halanaerobium praevalens	0.000000	0.000000	0.000000	0.000000	0.000000	0
GCA_903897985.1	GCA_017475405.1	low	d__Bacteria	d__Bacteria	p__RBG-13-61-14	p__Elusimicrobiota	g__CAIYYW01	g__UBA1436	s__CAIYYW01 sp903897985	s__UBA1436 sp017475405	0.000000	0.000000	0.000000	0.000000	0.000000	0
GCA_005893305.1	GCA_013361745.1	low	d__Bacteria	d__Bacteria	p__Eisenbacteria	p__Gemmatimonadota	g__WS-9	g__JABFXC01	s__WS-9 sp005893305	s__JABFXC01 sp013361745	0.000000	0.000000	0.000000	0.000000	0.000000	0
GCA_018812485.1	GCF_900079095.1	low	d__Bacteria	d__Bacteria	p__JAHJDO01	p__Tectomicrobia	g__JAHJDO01	g__Entotheonella	s__JAHJDO01 sp018812485	s__Entotheonella palauensis	0.000000	0.000000	0.000000	0.000000	0.000000	0
GCF_000007345.1	GCA_013002425.1	low	d__Archaea	d__Bacteria	p__Halobacteriota	p__JABDJQ01	g__Methanosarcina	g__JABDJQ01	s__Methanosarcina acetivorans	s__JABDJQ01 sp013002425	0.000000	0.000000	0.000000	0.000000	0.000000	0
GCA_001303705.1	GCA_017997825.1	low	d__Bacteria	d__Bacteria	p__TA06	p__JAGOEH01	g__SM1-40	g__JAGOEH01	s__SM1-40 sp001303705	s__JAGOEH01 sp017997825	0.000000	0.000000	0.000000	0.000000	0.000000	0
GCA_005793345.1	GCA_016934225.1	low	d__Bacteria	d__Bacteria	p__Bdellovibrionota	p__Verrucomicrobiota	g__SXSU01	g__JAFGTH01	s__SXSU01 sp005793345	s__JAFGTH01 sp016934225	0.000000	0.000000	0.000000	0.000000	0.000000	0
GCF_003429285.1	GCA_001304015.1	low	d__Bacteria	d__Bacteria	p__Proteobacteria	p__TA06_A	g__Alteromonas	g__SM23-81	s__Alteromonas sediminis	s__SM23-81 sp001304015	0.000000	0.000000	0.000000	0.000000	0.000000	0
GCA_018260755.1	GCA_001798885.1	low	d__Archaea	d__Bacteria	p__Altiarchaeota	p__Desulfobacterota_E	g__Altiarchaeum	g__FEB-35	s__Altiarchaeum sp018260755	s__FEB-35 sp001798885	0.000000	0.000000	0.000000	0.000000	0.000000	0
GCA_003599815.1	GCF_000478985.1	low	d__Bacteria	d__Bacteria	p__Aureabacteria	p__Firmicutes_A	g__SURF-26	g__Peptoniphilus_B	s__SURF-26 sp003599815	s__Peptoniphilus_B sp000478985	0.000000	0.000000	0.000000	0.000000	0.000000	0
GCA_016928395.1	GCA_009837205.1	low	d__Bacteria	d__Bacteria	p__Fermentibacterota	p__Desulfobacterota_D	g__JAFGKV01	g__RKRQ01	s__JAFGKV01 sp016928395	s__RKRQ01 sp009837205	0.000000	0.000000	0.000000	0.000000	0.000000	0
GCA_012729785.1	GCA_002748425.1	low	d__Bacteria	d__Bacteria	p__UBA1439	p__Moduliflexota	g__UBA1439	g__GCA-2748425	s__UBA1439 sp002329605	s__GCA-2748425 sp002748425	0.000000	0.000000	0.000000	0.000000	0.000000	0
GCA_001775255.1	GCA_013359335.1	low	d__Bacteria	d__Bacteria	p__Desulfobacterota_D	p__CLD3	g__2-12-FULL-53-21	g__JABWBZ01	s__2-12-FULL-53-21 sp001775255	s__JABWBZ01 sp013359335	0.000000	0.000000	0.000000	0.000000	0.000000	0
GCA_002869225.1	GCA_001515205.2	low	d__Bacteria	d__Archaea	p__Muirbacteria	p__Hadarchaeota	g__Muirbacterium	g__Hadarchaeum	s__Muirbacterium halophilum	s__Hadarchaeum yellowstonense	0.000000	0.000000	0.000000	0.000000	0.000000	0
GCA_007132905.1	GCA_003214355.1	low	d__Bacteria	d__Bacteria	p__SLNR01	p__Cyanobacteria	g__SLNR01	g__Prochlorococcus_A	s__SLNR01 sp007132905	s__Prochlorococcus_A sp003214355	0.000000	0.000000	0.000000	0.000000	0.000000	0
GCA_016783505.1	GCF_003057965.1	low	d__Bacteria	d__Bacteria	p__BS750m-G25	p__Thermodesulfobiota	g__BS750m-G25	g__Thermodesulfobium	s__BS750m-G25 sp016783505	s__Thermodesulfobium acidiphilum	0.000000	0.000000	0.000000	0.000000	0.000000	0
GCA_005789375.1	GCA_004297235.1	low	d__Bacteria	d__Bacteria	p__Verrucomicrobiota	p__Nitrospirota	g__SXXZ01	g__Manganitrophus	s__SXXZ01 sp005789375	s__Manganitrophus sp004297235	0.000000	0.000000	0.000000	0.000000	0.000000	0
GCA_003663045.1	GCA_905236285.1	low	d__Archaea	d__Bacteria	p__Altiarchaeota	p__Firmicutes_C	g__QMZG01	g__Quinella	s__QMZG01 sp003663045	s__Quinella sp905236285	0.000000	0.000000	0.000000	0.000000	0.000000	0
GCA_003232385.1	GCA_012270675.1	low	d__Bacteria	d__Bacteria	p__SZUA-79	p__Latescibacterota	g__Acidulodesulfobacterium	g__JAAXHW01	s__Acidulodesulfobacterium sp003232385	s__JAAXHW01 sp012270675	0.000000	0.000000	0.000000	0.000000	0.000000	0
GCA_002068205.1	GCA_002746795.1	low	d__Bacteria	d__Bacteria	p__Sumerlaeota	p__Chloroflexota	g__MVZB01	g__GCA-2746795	s__MVZB01 sp002068205	s__GCA-2746795 sp002746795	0.000000	0.000000	0.000000	0.000000	0.000000	0
GCA_018725425.1	GCA_013152825.1	low	d__Bacteria	d__Bacteria	p__Chloroflexota	p__CAIJMQ01	g__BS503	g__JAADFP01	s__BS503 sp018725425	s__JAADFP01 sp013152825	0.000000	0.000000	0.000000	0.000000	0.000000	0
GCA_016184445.1	GCA_016213845.1	low	d__Bacteria	d__Bacteria	p__UBA8248	p__UBP17	g__2-12-FULL-69-37	g__JACPRK01	s__2-12-FULL-69-37 sp016184445	s__JACPRK01 sp016213845	0.000000	0.000000	0.000000	0.000000	0.000000	0
GCA_003854995.1	GCF_000482505.1	low	d__Bacteria	d__Bacteria	p__KSB1	p__Fusobacteriota	g__Zgenome-0027	g__Leptotrichia	s__Zgenome-0027 sp003854995	s__Leptotrichia trevisanii	0.000000	0.000000	0.000000	0.000000	0.000000	0
GCA_011321895.1	GCA_905372355.1	low	d__Bacteria	d__Bacteria	p__Desulfobacterota	p__Firmicutes_C	g__Thermodesulfatator_A	g__Selenomonas	s__Thermodesulfatator_A atlanticus_A	s__Selenomonas sp905372355	0.000000	0.000000	0.000000	0.000000	0.000000	0
GCA_016926495.1	GCA_018812345.1	low	d__Bacteria	d__Bacteria	p__JAFGOL01	p__UBA10199	g__JAFGOL01	g__JAHJDR01	s__JAFGOL01 sp016926495	s__JAHJDR01 sp018812345	0.000000	0.000000	0.000000	0.000000	0.000000	0
GCA_016219705.1	GCA_002291985.1	low	d__Bacteria	d__Bacteria	p__Margulisbacteria	p__Firmicutes_E	g__JACRKQ01	g__UBA995	s__JACRKQ01 sp016219705	s__UBA995 sp002291985	0.000000	0.000000	0.000000	0.000000	0.000000	0
GCA_011369465.1	GCA_016716705.1	low	d__Bacteria	d__Bacteria	p__Calditrichota	p__Acidobacteriota	g__DRQG01	g__UBA5066	s__DRQG01 sp011369465	s__UBA5066 sp016716705	0.000000	0.000000	0.000000	0.000000	0.000000	0
GCA_016178725.1	GCF_000021645.1	low	d__Bacteria	d__Bacteria	p__Eisenbacteria	p__Dictyoglomota	g__WS-11	g__Dictyoglomus	s__WS-11 sp016178725	s__Dictyoglomus turgidum	0.000000	0.000000	0.000000	0.000000	0.000000	0
GCA_001799045.1	GCA_016930645.1	low	d__Bacteria	d__Bacteria	p__Desulfobacterota_B	p__Planctomycetota	g__UBA9968	g__JAFGGH01	s__UBA9968 sp001799045	s__JAFGGH01 sp016930645	0.000000	0.000000	0.000000	0.000000	0.000000	0
GCA_002780065.1	GCF_000177635.2	low	d__Bacteria	d__Bacteria	p__UBA8481	p__Chrysiogenota	g__UBA8481	g__Desulfurispirillum	s__UBA8481 sp002780065	s__Desulfurispirillum indicum	0.000000	0.000000	0.000000	0.000000	0.000000	0
GCA_003697085.1	GCA_002347965.1	low	d__Bacteria	d__Bacteria	p__UBA8481	p__UBA2233	g__J006	g__UBA2233	s__J006 sp003697085	s__UBA2233 sp002347965	0.000000	0.000000	0.000000	0.000000	0.000000	0
GCA_016183235.1	GCA_015486105.1	low	d__Bacteria	d__Bacteria	p__UBA10199	p__Thermosulfidibacterota	g__JACPFA01	g__WFSI01	s__JACPFA01 sp016183235	s__WFSI01 sp015486105	0.000000	0.000000	0.000000	0.000000	0.000000	0
GCA_016783505.1	GCA_018725175.1	low	d__Bacteria	d__Bacteria	p__BS750m-G25	p__HKB111	g__BS750m-G25	g__HKB111	s__BS750m-G25 sp016783505	s__HKB111 sp018725175	0.000000	0.000000	0.000000	0.000000	0.000000	0
GCA_003476705.1	GCF_000011565.2	low	d__Bacteria	d__Bacteria	p__Coprothermobacterota	p__Chlamydiota	g__Coprothermobacter	g__Protochlamydia	s__Coprothermobacter sp003476705	s__Protochlamydia amoebophila	0.000000	0.000000	0.000000	0.000000	0.000000	0
GCA_001771545.1	GCA_001730085.1	low	d__Bacteria	d__Bacteria	p__Margulisbacteria	p__GCA-001730085	g__XYD2-FULL-41-8	g__GCA-001730085	s__XYD2-FULL-41-8 sp001771545	s__GCA-001730085 sp001730085	0.000000	0.000000	0.000000	0.000000	0.000000	0
GCA_016929035.1	GCA_002163155.1	low	d__Bacteria	d__Bacteria	p__JAFGBW01	p__Bdellovibrionota	g__JAFGJP01	g__Halobacteriovorax	s__JAFGJP01 sp016929035	s__Halobacteriovorax marinus_A	0.000000	0.000000	0.000000	0.000000	0.000000	0
GCA_002686915.1	GCA_003648675.1	low	d__Bacteria	d__Bacteria	p__ARS69	p__Thermosulfidibacterota	g__ARS69	g__B14-G1	s__ARS69 sp002686915	s__B14-G1 sp003648675	0.000000	0.000000	0.000000	0.000000	0.000000	0
GCA_002841685.1	GCA_002410925.1	low	d__Bacteria	d__Bacteria	p__CG03	p__UBP13	g__CG03	g__UBA5359	s__CG03 sp002841685	s__UBA5359 sp002410925	0.000000	0.000000	0.000000	0.000000	0.000000	0
GCA_019116905.1	GCA_016208585.1	low	d__Bacteria	d__Bacteria	p__Deferribacterota	p__Edwardsbacteria	g__Mucispirillum	g__UBA5202	s__Mucispirillum faecigallinarum	s__UBA5202 sp016208585	0.000000	0.000000	0.000000	0.000000	0.000000	0
GCA_016193065.1	GCA_016713535.1	low	d__Bacteria	d__Bacteria	p__JACPSX01	p__JADJOY01	g__JACPSX01	g__JADJOY01	s__JACPSX01 sp016193065	s__JADJOY01 sp016713535	0.000000	0.000000	0.000000	0.000000	0.000000	0
GCA_016205125.1	GCA_009711825.1	low	d__Bacteria	d__Bacteria	p__Bdellovibrionota_E	p__Firmicutes_D	g__JACQJE01	g__VEMY01	s__JACQJE01 sp016205125	s__VEMY01 sp009711825	0.000000	0.000000	0.000000	0.000000	0.000000	0
GCA_017459665.1	GCA_002084765.1	low	d__Archaea	d__Bacteria	p__Methanobacteriota	p__4572-55	g__Methanobrevibacter_A	g__4572-55	s__Methanobrevibacter_A sp017459665	s__4572-55 sp002084765	0.000000	0.000000	0.000000	0.000000	0.000000	0
GCA_905233755.1	GCA_017539065.1	low	d__Bacteria	d__Archaea	p__Firmicutes_A	p__Methanobacteriota	g__Ruminococcus_E	g__Methanobrevibacter_A	s__Ruminococcus_E sp905233755	s__Methanobrevibacter_A sp017539065	0.000000	0.000000	0.000000	0.000000	0.000000	0
GCA_002789275.1	GCA_012514975.1	low	d__Archaea	d__Bacteria	p__Huberarchaeota	p__UBA3054	g__Huberarchaeum	g__JAAYZF01	s__Huberarchaeum crystalense	s__JAAYZF01 sp012514975	0.000000	0.000000	0.000000	0.000000	0.000000	0
GCA_002478245.1	GCA_018400535.1	low	d__Bacteria	d__Bacteria	p__UBP18	p__Cloacimonadota	g__UBA7526	g__TCS61	s__UBA7526 sp002478245	s__TCS61 sp018400535	0.000000	0.000000	0.000000	0.000000	0.000000	0
GCA_001873285.1	GCA_016867655.1	low	d__Bacteria	d__Archaea	p__CG2-30-53-67	p__Altiarchaeota	g__CG2-30-53-67	g__VGJA01	s__CG2-30-53-67 sp001873285	s__VGJA01 sp016867655	0.000000	0.000000	0.000000	0.000000	0.000000	0
GCA_014360335.1	GCA_016178055.1	low	d__Bacteria	d__Bacteria	p__DUMJ01	p__JACPWU01	g__DUMJ01	g__JACOUC01	s__DUMJ01 sp014360335	s__JACOUC01 sp016178055	0.000000	0.000000	0.000000	0.000000	0.000000	0
GCF_001547735.1	GCA_002410925.1	low	d__Bacteria	d__Bacteria	p__Thermosulfidibacterota	p__UBP13	g__Thermosulfidibacter	g__UBA5359	s__Thermosulfidibacter takaii	s__UBA5359 sp002410925	0.000000	0.000000	0.000000	0.000000	0.000000	0
GCF_000378005.1	GCF_000620065.1	low	d__Bacteria	d__Bacteria	p__Coprothermobacterota	p__Deinococcota	g__Coprothermobacter	g__Meiothermus	s__Coprothermobacter platensis	s__Meiothermus cerbereus	0.000000	0.000000	0.000000	0.000000	0.000000	0
GCA_017610265.1	GCA_018725175.1	low	d__Archaea	d__Bacteria	p__Iainarchaeota	p__HKB111	g__JAFCCL01	g__HKB111	s__JAFCCL01 sp017610265	s__HKB111 sp018725175	0.000000	0.000000	0.000000	0.000000	0.000000	0
GCA_017443235.1	GCA_001603905.1	low	d__Bacteria	d__Bacteria	p__Proteobacteria	p__Fibrobacterota	g__Enterousia	g__Fibrobacter	s__Enterousia sp017443235	s__Fibrobacter sp001603905	0.000000	0.000000	0.000000	0.000000	0.000000	0
GCA_017554565.1	GCA_002782675.1	low	d__Bacteria	d__Bacteria	p__UBA3054	p__Atribacterota	g__UBA3054	g__CG2-30-33-13	s__UBA3054 sp017554565	s__CG2-30-33-13 sp002782675	0.000000	0.000000	0.000000	0.000000	0.000000	0
GCA_011620345.1	GCA_003561965.1	low	d__Bacteria	d__Bacteria	p__UBA2233	p__PUNC01	g__UBA2233	g__PWXJ01	s__UBA2233 sp011620345	s__PWXJ01 sp003561965	0.000000	0.000000	0.000000	0.000000	0.000000	0
GCA_003644895.1	GCF_002201895.1	low	d__Bacteria	d__Archaea	p__WOR-3	p__Methanobacteriota_A	g__B29-G16	g__Methanopyrus	s__B29-G16 sp003644895	s__Methanopyrus sp002201895	0.000000	0.000000	0.000000	0.000000	0.000000	0
GCA_018260555.1	GCA_012838175.1	low	d__Bacteria	d__Bacteria	p__Deinococcota	p__Firmicutes_B	g__Deinococcus	g__DUPU01	s__Deinococcus sp018260555	s__DUPU01 sp012838175	0.000000	0.000000	0.000000	0.000000	0.000000	0
GCA_004356555.1	GCA_012797095.1	low	d__Bacteria	d__Bacteria	p__Desulfobacterota_D	p__Firmicutes_D	g__CR02bin9	g__JAAZPQ01	s__CR02bin9 sp004356555	s__JAAZPQ01 sp012797095	0.000000	0.000000	0.000000	0.000000	0.000000	0
GCA_011620345.1	GCA_017984895.1	low	d__Bacteria	d__Bacteria	p__UBA2233	p__Proteobacteria	g__UBA2233	g__Sphingobium	s__UBA2233 sp011620345	s__Sphingobium sp017984895	0.000000	0.000000	0.000000	0.000000	0.000000	0
GCA_903884115.1	GCA_016757915.1	low	d__Archaea	d__Bacteria	p__Micrarchaeota	p__Firmicutes	g__CAISDH01	g__Bacillus_A	s__CAISDH01 sp903884115	s__Bacillus_A paranthracis	0.000000	0.000000	0.000000	0.000000	0.000000	0
GCA_003554145.1	GCA_019245575.1	low	d__Bacteria	d__Bacteria	p__Firmicutes_F	p__Dormibacterota	g__T1SED10-26	g__JAFARE01	s__T1SED10-26 sp003554145	s__JAFARE01 sp019245575	0.000000	0.000000	0.000000	0.000000	0.000000	0
GCA_016930435.1	GCA_001515205.2	low	d__Bacteria	d__Archaea	p__UBP14	p__Hadarchaeota	g__JAFGGQ01	g__Hadarchaeum	s__JAFGGQ01 sp016930435	s__Hadarchaeum yellowstonense	0.000000	0.000000	0.000000	0.000000	0.000000	0
GCA_002085035.1	GCA_002313635.1	low	d__Bacteria	d__Bacteria	p__JdFR-76	p__Fusobacteriota	g__4484-219	g__UBA816	s__4484-219 sp002085035	s__UBA816 sp002313635	0.000000	0.000000	0.000000	0.000000	0.000000	0
GCF_001280455.1	GCF_000299235.1	low	d__Archaea	d__Bacteria	p__Halobacteriota	p__Nitrospirota_A	g__Halorubrum	g__Leptospirillum_A	s__Halorubrum tropicale	s__Leptospirillum_A rubarum	0.000000	0.000000	0.000000	0.000000	0.000000	0
GCA_002428325.1	GCA_018896675.1	low	d__Bacteria	d__Archaea	p__UBP4	p__Nanoarchaeota	g__UBA4092	g__JAHIMK01	s__UBA4092 sp002428325	s__JAHIMK01 sp018896675	0.000000	0.000000	0.000000	0.000000	0.000000	0
GCA_005879985.1	GCA_004376575.1	low	d__Bacteria	d__Bacteria	p__Dormibacterota	p__TA06	g__CF-118	g__E44-bin18	s__CF-118 sp005879985	s__E44-bin18 sp004376575	0.000000	0.000000	0.000000	0.000000	0.000000	0
GCA_014729705.1	GCA_018302265.1	low	d__Archaea	d__Archaea	p__Altiarchaeota	p__Nanoarchaeota	g__WJJK01	g__JAGVZV01	s__WJJK01 sp014729705	s__JAGVZV01 sp018302265	0.000000	0.000000	0.000000	0.000000	0.000000	0
GCA_014728125.1	GCA_013286205.1	low	d__Bacteria	d__Bacteria	p__VGIX01	p__FCPU426	g__WJMD01	g__Bog-1183	s__WJMD01 sp014728125	s__Bog-1183 sp013286205	0.000000	0.000000	0.000000	0.000000	0.000000	0
GCA_003575245.1	GCA_002726375.1	low	d__Bacteria	d__Bacteria	p__Atribacterota	p__Proteobacteria	g__34-128	g__CABZJG01	s__34-128 sp003575245	s__CABZJG01 sp002726375	0.000000	0.000000	0.000000	0.000000	0.000000	0
GCA_003558145.1	GCA_002428685.1	low	d__Bacteria	d__Bacteria	p__CG03	p__Cloacimonadota	g__PWMP01	g__Cloacimonas	s__PWMP01 sp003558145	s__Cloacimonas sp002428685	0.000000	0.000000	0.000000	0.000000	0.000000	0
GCA_018433885.1	GCA_016929465.1	low	d__Bacteria	d__Bacteria	p__Cloacimonadota	p__B130-G9	g__UBA5456	g__JAFGIT01	s__UBA5456 sp018433885	s__JAFGIT01 sp016929465	0.000000	0.000000	0.000000	0.000000	0.000000	0
GCA_003491925.1	GCA_016928695.1	low	d__Bacteria	d__Bacteria	p__Dormibacterota	p__Sumerlaeota	g__UBA8260	g__JAFGKF01	s__UBA8260 sp003491925	s__JAFGKF01 sp016928695	0.000000	0.000000	0.000000	0.000000	0.000000	0
GCA_012799255.1	GCA_003854995.1	low	d__Bacteria	d__Bacteria	p__Firmicutes_G	p__KSB1	g__JAAZLQ01	g__Zgenome-0027	s__JAAZLQ01 sp012799255	s__Zgenome-0027 sp003854995	0.000000	0.000000	0.000000	0.000000	0.000000	0
GCA_900321865.1	GCF_003987645.1	low	d__Bacteria	d__Bacteria	p__RUG730	p__Firmicutes	g__RUG730	g__Vagococcus_A	s__RUG730 sp900321865	s__Vagococcus_A elongatus	0.000000	0.000000	0.000000	0.000000	0.000000	0
GCA_001730085.1	GCA_003598055.1	low	d__Bacteria	d__Bacteria	p__GCA-001730085	p__Abyssubacteria	g__GCA-001730085	g__SURF-17	s__GCA-001730085 sp001730085	s__SURF-17 sp003598055	0.000000	0.000000	0.000000	0.000000	0.000000	0
GCA_001871075.1	GCA_003645735.1	low	d__Bacteria	d__Bacteria	p__Desantisbacteria	p__Poribacteria	g__UBA1551	g__B28-G17	s__UBA1551 sp001871075	s__B28-G17 sp003645735	0.000000	0.000000	0.000000	0.000000	0.000000	0
GCA_003663345.1	GCA_016929575.1	low	d__Archaea	d__Bacteria	p__Aenigmatarchaeota	p__FCPU426	g__B50-G16	g__JAFGIQ01	s__B50-G16 sp003663345	s__JAFGIQ01 sp016929575	0.000000	0.000000	0.000000	0.000000	0.000000	0
GCA_002869015.1	GCA_011049465.1	low	d__Bacteria	d__Bacteria	p__Desulfobacterota_C	p__Goldbacteria	g__BM512	g__DSBP01	s__BM512 sp002869015	s__DSBP01 sp011049465	0.000000	0.000000	0.000000	0.000000	0.000000	0
GCA_001567115.1	GCA_002708105.2	low	d__Bacteria	d__Bacteria	p__OLB16	p__Desulfobacterota_D	g__OLB16	g__TMED58	s__OLB16 sp001567115	s__TMED58 sp002708105	0.000000	0.000000	0.000000	0.000000	0.000000	0
GCA_002478245.1	GCA_016192455.1	low	d__Bacteria	d__Bacteria	p__UBP18	p__JACPUC01	g__UBA7526	g__JACPUC01	s__UBA7526 sp002478245	s__JACPUC01 sp016192455	0.000000	0.000000	0.000000	0.000000	0.000000	0
GCA_003552485.1	GCA_002869225.1	low	d__Bacteria	d__Bacteria	p__Hydrogenedentota	p__Muirbacteria	g__PUMX01	g__Muirbacterium	s__PUMX01 sp003552485	s__Muirbacterium halophilum	0.000000	0.000000	0.000000	0.000000	0.000000	0
GCA_018819285.1	GCF_000378005.1	low	d__Bacteria	d__Bacteria	p__Omnitrophota	p__Coprothermobacterota	g__UBA10183	g__Coprothermobacter	s__UBA10183 sp018819285	s__Coprothermobacter platensis	0.000000	0.000000	0.000000	0.000000	0.000000	0
GCA_014730065.1	GCA_014238095.1	low	d__Bacteria	d__Archaea	p__Armatimonadota	p__Aenigmatarchaeota	g__UBA1398	g__JABABT01	s__UBA1398 sp014730065	s__JABABT01 sp014238095	0.000000	0.000000	0.000000	0.000000	0.000000	0
GCF_900111485.1	GCA_002387725.1	low	d__Archaea	d__Bacteria	p__Halobacteriota	p__Nitrospirota_A	g__Natrinema	g__UBA4572	s__Natrinema hispanicum_A	s__UBA4572 sp002387725	0.000000	0.000000	0.000000	0.000000	0.000000	0
GCA_015711935.1	GCA_003221435.1	low	d__Bacteria	d__Bacteria	p__Actinobacteriota	p__Methylomirabilota	g__Solincola_A	g__AR9	s__Solincola_A tengchongensis	s__AR9 sp003221435	0.000000	0.000000	0.000000	0.000000	0.000000	0
GCF_000020785.1	GCA_013152765.1	low	d__Bacteria	d__Bacteria	p__Aquificota	p__KSB1	g__Hydrogenobaculum	g__JADDFT01	s__Hydrogenobaculum sp000020785	s__JADDFT01 sp013152765	0.000000	0.000000	0.000000	0.000000	0.000000	0
GCA_009911715.1	GCA_002440765.1	low	d__Archaea	d__Bacteria	p__Thermoplasmatota	p__UBA6266	g__UBA71	g__UBA6266	s__UBA71 sp006954425	s__UBA6266 sp002440765	0.000000	0.000000	0.000000	0.000000	0.000000	0
GCA_012839925.1	GCF_000823405.1	low	d__Bacteria	d__Bacteria	p__DUMJ01	p__Proteobacteria	g__DUMJ01	g__Legionella	s__DUMJ01 sp012839925	s__Legionella pneumophila	0.000000	0.000000	0.000000	0.000000	0.000000	0
GCF_003019695.1	GCA_016180925.1	low	d__Bacteria	d__Archaea	p__Fusobacteriota	p__Aenigmatarchaeota	g__Fusobacterium_C	g__JACPAH01	s__Fusobacterium_C gonidiaformans	s__JACPAH01 sp016180925	0.000000	0.000000	0.000000	0.000000	0.000000	0
GCA_016713535.1	GCA_015666175.1	low	d__Bacteria	d__Bacteria	p__JADJOY01	p__Firmicutes_F	g__JADJOY01	g__SLSL01	s__JADJOY01 sp016713535	s__SLSL01 sp003552825	0.000000	0.000000	0.000000	0.000000	0.000000	0
GCA_003695725.1	GCA_003551625.1	low	d__Bacteria	d__Bacteria	p__Schekmanbacteria	p__PUNC01	g__J061	g__PUNC01	s__J061 sp003695725	s__PUNC01 sp003551625	0.000000	0.000000	0.000000	0.000000	0.000000	0
GCA_002502135.1	GCA_903920005.1	low	d__Archaea	d__Bacteria	p__Undinarchaeota	p__Bdellovibrionota_C	g__UBA543	g__OMII01	s__UBA543 sp002502135	s__OMII01 sp903920005	0.000000	0.000000	0.000000	0.000000	0.000000	0
GCA_001730085.1	GCA_018830565.1	low	d__Bacteria	d__Bacteria	p__GCA-001730085	p__UBA9089	g__GCA-001730085	g__JAHJRX01	s__GCA-001730085 sp001730085	s__JAHJRX01 sp018830565	0.000000	0.000000	0.000000	0.000000	0.000000	0
GCA_016927185.1	GCA_016202645.1	low	d__Bacteria	d__Bacteria	p__JAFGND01	p__Lindowbacteria	g__JAFGND01	g__JACQOF01	s__JAFGND01 sp016927185	s__JACQOF01 sp016202645	0.000000	0.000000	0.000000	0.000000	0.000000	0
GCA_008534395.1	GCA_016193165.1	low	d__Bacteria	d__Bacteria	p__SZUA-79	p__Bdellovibrionota_E	g__Acidulodesulfobacterium	g__JACPST01	s__Acidulodesulfobacterium acidiphilum	s__JACPST01 sp016193165	0.000000	0.000000	0.000000	0.000000	0.000000	0
GCA_011388275.1	GCF_002240055.1	low	d__Bacteria	d__Bacteria	p__QNDG01	p__Fusobacteriota	g__DSAB01	g__Leptotrichia	s__DSAB01 sp011388275	s__Leptotrichia sp002240055	0.000000	0.000000	0.000000	0.000000	0.000000	0
GCA_009619095.1	GCA_001797335.1	low	d__Bacteria	d__Bacteria	p__UBA6262	p__Bdellovibrionota_E	g__WVXT01	g__2-02-FULL-38-15-A	s__WVXT01 sp009619095	s__2-02-FULL-38-15-A sp001797335	0.000000	0.000000	0.000000	0.000000	0.000000	0
GCA_016208585.1	GCA_013002425.1	low	d__Bacteria	d__Bacteria	p__Edwardsbacteria	p__JABDJQ01	g__UBA5202	g__JABDJQ01	s__UBA5202 sp016208585	s__JABDJQ01 sp013002425	0.000000	0.000000	0.000000	0.000000	0.000000	0
GCA_013151555.1	GCF_000519125.1	low	d__Bacteria	d__Bacteria	p__NPL-UPA2	p__Desulfobacterota_I	g__JAADIA01	g__Desulfocurvus	s__JAADIA01 sp013151555	s__Desulfocurvus vexinensis	0.000000	0.000000	0.000000	0.000000	0.000000	0
GCA_016202645.1	GCF_000160695.1	low	d__Bacteria	d__Bacteria	p__Lindowbacteria	p__Firmicutes_C	g__JACQOF01	g__Centipeda	s__JACQOF01 sp016202645	s__Centipeda flueggei	0.000000	0.000000	0.000000	0.000000	0.000000	0
GCF_001936615.1	GCA_005887735.1	low	d__Bacteria	d__Bacteria	p__Firmicutes_B	p__Dormibacterota	g__Desulfosporosinus	g__40CM-4-65-16	s__Desulfosporosinus sp001936615	s__40CM-4-65-16 sp005887735	0.000000	0.000000	0.000000	0.000000	0.000000	0
GCA_016202395.1	GCA_016845065.1	low	d__Bacteria	d__Bacteria	p__JACQOV01	p__Marinisomatota	g__JACQOV01	g__JABMPR01	s__JACQOV01 sp016202395	s__JABMPR01 sp016845065	0.000000	0.000000	0.000000	0.000000	0.000000	0
GCA_002780065.1	GCA_003598175.1	low	d__Bacteria	d__Bacteria	p__UBA8481	p__OLB16	g__UBA8481	g__SURF-12	s__UBA8481 sp002780065	s__SURF-12 sp003598175	0.000000	0.000000	0.000000	0.000000	0.000000	0
GCA_902826705.1	GCA_007122565.1	low	d__Bacteria	d__Bacteria	p__Eisenbacteria	p__Firmicutes_D	g__CADEFY01	g__UBA8154	s__CADEFY01 sp902826705	s__UBA8154 sp007122565	0.000000	0.000000	0.000000	0.000000	0.000000	0
GCA_003331195.1	GCA_003542955.1	low	d__Bacteria	d__Bacteria	p__Verrucomicrobiota	p__Armatimonadota	g__UBA7441	g__UBA11051	s__UBA7441 sp003331195	s__UBA11051 sp003542955	0.000000	0.000000	0.000000	0.000000	0.000000	0
GCA_016190005.1	GCA_007117185.1	low	d__Bacteria	d__Bacteria	p__UBP17	p__Spirochaetota	g__JACPRK01	g__Alkalispirochaeta	s__JACPRK01 sp016190005	s__Alkalispirochaeta sp007117185	0.000000	0.000000	0.000000	0.000000	0.000000	0
GCA_001730085.1	GCA_003230535.1	low	d__Bacteria	d__Bacteria	p__GCA-001730085	p__SZUA-182	g__GCA-001730085	g__SZUA-191	s__GCA-001730085 sp001730085	s__SZUA-191 sp003230535	0.000000	0.000000	0.000000	0.000000	0.000000	0
GCF_000144695.1	GCA_011049955.1	low	d__Bacteria	d__Bacteria	p__Firmicutes_F	p__UBP18	g__Acetohalobium	g__DRGV01	s__Acetohalobium arabaticum	s__DRGV01 sp011049955	0.000000	0.000000	0.000000	0.000000	0.000000	0
GCA_011389835.1	GCA_002069605.1	low	d__Bacteria	d__Bacteria	p__Desulfobacterota	p__Atribacterota	g__Desulfotignum	g__Atribacter	s__Desulfotignum sp011389835	s__Atribacter sp002069605	0.000000	0.000000	0.000000	0.000000	0.000000	0
GCA_001873295.1	GCA_018771605.1	low	d__Bacteria	d__Bacteria	p__CG2-30-70-394	p__Aquificota	g__CG2-30-70-394	g__UBA11096	s__CG2-30-70-394 sp001873295	s__UBA11096 sp003534055	0.000000	0.000000	0.000000	0.000000	0.000000	0
GCA_013331845.1	GCA_003136635.1	low	d__Archaea	d__Bacteria	p__Aenigmatarchaeota	p__FCPU426	g__GW2011-AR5	g__Bog-1183	s__GW2011-AR5 sp10154u	s__Bog-1183 sp003136635	0.000000	0.000000	0.000000	0.000000	0.000000	0
GCF_001011115.1	GCA_013425425.1	low	d__Archaea	d__Archaea	p__Halobacteriota	p__Micrarchaeota	g__Halanaeroarchaeum	g__JACCLJ01	s__Halanaeroarchaeum sulfurireducens	s__JACCLJ01 sp013425425	0.000000	0.000000	0.000000	0.000000	0.000000	0
GCA_014728125.1	GCA_002427015.1	low	d__Bacteria	d__Bacteria	p__VGIX01	p__Firmicutes_D	g__WJMD01	g__UBA4975	s__WJMD01 sp014728125	s__UBA4975 sp002427015	0.000000	0.000000	0.000000	0.000000	0.000000	0
GCA_001798185.1	GCF_013201625.1	low	d__Bacteria	d__Bacteria	p__UBA10199	p__Campylobacterota	g__2-02-FULL-44-16	g__Aliarcobacter	s__2-02-FULL-44-16 sp001798185	s__Aliarcobacter lanthieri	0.000000	0.000000	0.000000	0.000000	0.000000	0
GCA_011620345.1	GCA_002501535.1	low	d__Bacteria	d__Bacteria	p__UBA2233	p__UBP7	g__UBA2233	g__UBA6624	s__UBA2233 sp011620345	s__UBA6624 sp002501535	0.000000	0.000000	0.000000	0.000000	0.000000	0
GCA_018304295.1	GCF_000828675.1	low	d__Archaea	d__Bacteria	p__Micrarchaeota	p__Thermotogota	g__Anstonella	g__Pseudothermotoga_B	s__Anstonella sp018304295	s__Pseudothermotoga_B profunda	0.000000	0.000000	0.000000	0.000000	0.000000	0
GCA_016933315.1	GCA_002792915.1	low	d__Bacteria	d__Archaea	p__UBA6266	p__Micrarchaeota	g__UBA6266	g__UBA93	s__UBA6266 sp016933315	s__UBA93 sp002792915	0.000000	0.000000	0.000000	0.000000	0.000000	0
GCA_002719695.1	GCA_017999075.1	low	d__Bacteria	d__Bacteria	p__Margulisbacteria	p__JAGOBX01	g__GCA-002719695	g__JAGOBX01	s__GCA-002719695 sp002719695	s__JAGOBX01 sp017999075	0.000000	0.000000	0.000000	0.000000	0.000000	0
GCA_016867655.1	GCA_003136635.1	low	d__Archaea	d__Bacteria	p__Altiarchaeota	p__FCPU426	g__VGJA01	g__Bog-1183	s__VGJA01 sp016867655	s__Bog-1183 sp003136635	0.000000	0.000000	0.000000	0.000000	0.000000	0
GCA_003650255.1	GCA_016193385.1	low	d__Bacteria	d__Bacteria	p__CG03	p__Desulfobacterota_B	g__B21-G15	g__2-12-FULL-57-22	s__B21-G15 sp003650255	s__2-12-FULL-57-22 sp016193385	0.000000	0.000000	0.000000	0.000000	0.000000	0
GCA_003554345.1	GCA_009618505.1	low	d__Bacteria	d__Bacteria	p__T1SED10-198M	p__Aerophobota	g__T1SED10-198M	g__AE-B3A	s__T1SED10-198M sp003554345	s__AE-B3A sp009618505	0.000000	0.000000	0.000000	0.000000	0.000000	0
GCA_000980735.1	GCA_900772775.1	low	d__Bacteria	d__Bacteria	p__WOR-3	p__Eremiobacterota	g__Caldipriscus	g__Bruticola	s__Caldipriscus sp000980735	s__Bruticola sp900772775	0.000000	0.000000	0.000000	0.000000	0.000000	0
GCA_016180165.1	GCA_016934595.1	low	d__Archaea	d__Bacteria	p__Nanoarchaeota	p__SZUA-182	g__JACPBV01	g__JAFGSM01	s__JACPBV01 sp016180165	s__JAFGSM01 sp016934595	0.000000	0.000000	0.000000	0.000000	0.000000	0
GCA_003214975.1	GCA_905373565.1	low	d__Bacteria	d__Bacteria	p__Cyanobacteria	p__Spirochaetota	g__Prochlorococcus_A	g__Treponema	s__Prochlorococcus_A sp003214975	s__Treponema sp905373565	0.000000	0.000000	0.000000	0.000000	0.000000	0
GCA_017999075.1	GCA_001790955.1	low	d__Bacteria	d__Bacteria	p__JAGOBX01	p__UBA8248	g__JAGOBX01	g__2-12-FULL-69-37	s__JAGOBX01 sp017999075	s__2-12-FULL-69-37 sp001790955	0.000000	0.000000	0.000000	0.000000	0.000000	0
GCA_018816245.1	GCA_001443495.1	low	d__Archaea	d__Bacteria	p__Aenigmatarchaeota	p__Methylomirabilota	g__JAHIVW01	g__CSP1-5	s__JAHIVW01 sp018816245	s__CSP1-5 sp001443495	0.000000	0.000000	0.000000	0.000000	0.000000	0
GCA_003170555.1	GCA_012520515.1	low	d__Bacteria	d__Bacteria	p__FEN-1099	p__Firmicutes_A	g__FEN-1099	g__CAG-1782	s__FEN-1099 sp003170555	s__CAG-1782 sp012520515	0.000000	0.000000	0.000000	0.000000	0.000000	0
GCA_017470815.1	GCA_016202395.1	low	d__Bacteria	d__Bacteria	p__Cyanobacteria	p__JACQOV01	g__UBA2813	g__JACQOV01	s__UBA2813 sp017470815	s__JACQOV01 sp016202395	0.000000	0.000000	0.000000	0.000000	0.000000	0
GCA_016873455.1	GCA_013138965.1	low	d__Bacteria	d__Bacteria	p__Nitrospirota	p__Fermentibacterota	g__Nitrospira_F	g__Aegiribacteria	s__Nitrospira_F sp016873455	s__Aegiribacteria sp013138965	0.000000	0.000000	0.000000	0.000000	0.000000	0
GCA_002701525.1	GCA_002693325.1	low	d__Bacteria	d__Bacteria	p__Marinisomatota	p__Latescibacterota	g__SCGC-AAA003-L08	g__GCA-2693325	s__SCGC-AAA003-L08 sp002701525	s__GCA-2693325 sp002693325	0.000000	0.000000	0.000000	0.000000	0.000000	0
GCA_017998915.1	GCF_900177735.1	low	d__Bacteria	d__Bacteria	p__Riflebacteria	p__Synergistota	g__MWAR01	g__Dethiosulfovibrio	s__MWAR01 sp017998915	s__Dethiosulfovibrio salsuginis	0.000000	0.000000	0.000000	0.000000	0.000000	0
GCF_000739065.1	GCA_002748425.1	low	d__Archaea	d__Bacteria	p__Methanobacteriota_A	p__Moduliflexota	g__Methanocaldococcus	g__GCA-2748425	s__Methanocaldococcus bathoardescens	s__GCA-2748425 sp002748425	0.000000	0.000000	0.000000	0.000000	0.000000	0
GCA_013329085.1	GCA_014360335.1	low	d__Archaea	d__Bacteria	p__Methanobacteriota_B	p__DUMJ01	g__Methanofastidiosum	g__DUMJ01	s__Methanofastidiosum sp9950u	s__DUMJ01 sp014360335	0.000000	0.000000	0.000000	0.000000	0.000000	0
GCA_016934595.1	GCA_003553445.1	low	d__Bacteria	d__Bacteria	p__SZUA-182	p__CG03	g__JAFGSM01	g__PWEK01	s__JAFGSM01 sp016934595	s__PWEK01 sp003553445	0.000000	0.000000	0.000000	0.000000	0.000000	0
GCA_003696425.1	GCA_003545155.1	low	d__Bacteria	d__Bacteria	p__Bdellovibrionota_C	p__Bipolaricaulota	g__J046	g__UBA9294	s__J046 sp003696425	s__UBA9294 sp003545155	0.000000	0.000000	0.000000	0.000000	0.000000	0
GCA_016931515.1	GCA_012837285.1	low	d__Bacteria	d__Bacteria	p__CSSED10-310	p__DTU030	g__JAFGEQ01	g__DUNI01	s__JAFGEQ01 sp016931515	s__DUNI01 sp012837285	0.000000	0.000000	0.000000	0.000000	0.000000	0
GCA_000402295.1	GCF_001547735.1	low	d__Bacteria	d__Bacteria	p__Aerophobota	p__Thermosulfidibacterota	g__Aerophobus	g__Thermosulfidibacter	s__Aerophobus profundus	s__Thermosulfidibacter takaii	0.000000	0.000000	0.000000	0.000000	0.000000	0
GCF_000212395.1	GCA_903910645.1	low	d__Bacteria	d__Bacteria	p__Thermodesulfobiota	p__Delongbacteria	g__Thermodesulfobium	g__CAIWAD01	s__Thermodesulfobium narugense	s__CAIWAD01 sp903910645	0.000000	0.000000	0.000000	0.000000	0.000000	0
GCA_016927235.1	GCA_016212785.1	low	d__Bacteria	d__Archaea	p__Fibrobacterota	p__Hydrothermarchaeota	g__JAFGNB01	g__JACRDW01	s__JAFGNB01 sp016927235	s__JACRDW01 sp016212785	0.000000	0.000000	0.000000	0.000000	0.000000	0
GCF_002007215.1	GCA_002254415.1	low	d__Bacteria	d__Archaea	p__Synergistota	p__EX4484-52	g__Pyramidobacter	g__EX4484-52	s__Pyramidobacter sp002007215	s__EX4484-52 sp002254415	0.000000	0.000000	0.000000	0.000000	0.000000	0
GCA_016932965.1	GCA_013203085.1	low	d__Bacteria	d__Bacteria	p__JAFGBW01	p__JABMQX01	g__JAFGBW01	g__JABMQX01	s__JAFGBW01 sp016932965	s__JABMQX01 sp013203085	0.000000	0.000000	0.000000	0.000000	0.000000	0
GCF_000284315.1	GCA_003554945.1	low	d__Bacteria	d__Bacteria	p__Nitrospirota_A	p__T1Sed10-126	g__Leptospirillum	g__T1Sed10-126	s__Leptospirillum ferrooxidans	s__T1Sed10-126 sp003554945	0.000000	0.000000	0.000000	0.000000	0.000000	0
GCA_013153315.1	GCA_003671065.1	low	d__Bacteria	d__Bacteria	p__Aquificota	p__Planctomycetota	g__QOAS01	g__QWPT01	s__QOAS01 sp013153315	s__QWPT01 sp003671065	0.000000	0.000000	0.000000	0.000000	0.000000	0
GCA_015492115.1	GCF_000212395.1	low	d__Bacteria	d__Bacteria	p__Aquificota	p__Thermodesulfobiota	g__Hydrogenivirga	g__Thermodesulfobium	s__Hydrogenivirga sp015492115	s__Thermodesulfobium narugense	0.000000	0.000000	0.000000	0.000000	0.000000	0
GCA_903915125.1	GCA_003695505.1	low	d__Bacteria	d__Bacteria	p__Firestonebacteria	p__J088	g__CAIOVX01	g__J088	s__CAIOVX01 sp903915125	s__J088 sp003695505	0.000000	0.000000	0.000000	0.000000	0.000000	0
GCA_012839755.1	GCA_016208585.1	low	d__Bacteria	d__Bacteria	p__DTU030	p__Edwardsbacteria	g__DUMP01	g__UBA5202	s__DUMP01 sp012839755	s__UBA5202 sp016208585	0.000000	0.000000	0.000000	0.000000	0.000000	0
GCA_003554345.1	GCA_009783415.1	low	d__Bacteria	d__Bacteria	p__T1SED10-198M	p__Firmicutes_B	g__T1SED10-198M	g__WRHF01	s__T1SED10-198M sp003554345	s__WRHF01 sp009783415	0.000000	0.000000	0.000000	0.000000	0.000000	0
GCA_005880525.1	GCA_017484005.1	low	d__Bacteria	d__Bacteria	p__Dormibacterota	p__Firmicutes_C	g__CF-118	g__Quinella	s__CF-118 sp005880525	s__Quinella sp017484005	0.000000	0.000000	0.000000	0.000000	0.000000	0
GCA_002686955.1	GCF_001283065.1	low	d__Bacteria	d__Bacteria	p__Gemmatimonadota_A	p__Campylobacterota	g__GCA-2686955	g__Helicobacter_E	s__GCA-2686955 sp002686955	s__Helicobacter_E heilmannii	0.000000	0.000000	0.000000	0.000000	0.000000	0
GCA_018002295.1	GCA_003694225.1	low	d__Bacteria	d__Bacteria	p__Marinisomatota	p__Bdellovibrionota_C	g__JAGNGI01	g__J135	s__JAGNGI01 sp018002295	s__J135 sp003694225	0.000000	0.000000	0.000000	0.000000	0.000000	0
GCA_017997825.1	GCA_016929465.1	low	d__Bacteria	d__Bacteria	p__JAGOEH01	p__B130-G9	g__JAGOEH01	g__JAFGIT01	s__JAGOEH01 sp017997825	s__JAFGIT01 sp016929465	0.000000	0.000000	0.000000	0.000000	0.000000	0
