q_acc	r_acc	ani_u	se_u	ani_g_raw	alpha_raw	lrt	nll_het	nll_null	n_tags	retention
GCA_019058015.1	GCA_019058135.1	97.20735794959698	0.19375590468550616	96.93031123809236	2.443971219232322	3.7938248500479403	401.95065715970463	403.8475695847286	326	0.8202494184888697
GCA_004124405.1	GCA_012964845.1	95.13986268104885	0.5621674685805488	94.78498273539444	4.472135954999578	0.7362001479743014	98.62277374245097	98.99087381643812	74	0.6628744852182541
GCA_016217785.1	GCF_000302455.1	88.66435727260283	0.3861105374581154	86.6165127426165	4.604494093647612	7.618655659703563	431.5413297580489	435.3506575879007	550	0.2484501182223576
GCF_000737335.2	GCF_002994635.1	91.36288458914431	0.07316453229694737	90.26203338720829	4.94256752467296	126.4510819860152	9014.180305686801	9077.405846679809	9012	0.36161379924250076
GCF_900110215.1	GCF_004118325.1	91.11423546719689	0.12035390481047843	88.70710359978754	2.7010566988485465	132.76384143552787	3516.2477612227526	3582.6296819405165	3634	0.3520805345723064
GCF_002844195.1	GCA_004116405.1	88.73902601454748	0.17023244352258773	84.0402573089369	2.5163034302254443	108.9947351264027	2027.8353256402247	2082.332693203426	2811	0.22828838360635537
GCF_900114115.1	GCF_014873765.1	95.61211547629213	0.05979814981165678	95.0646009589546	2.780997657853321	124.9973507486884	7441.760424168543	7504.259099542887	5625	0.690175333221476
GCA_003151335.1	GCA_003152695.1	93.04472345842107	0.08190331459908867	92.51507971247061	5.961986549755308	51.591726256318	6237.343775078796	6263.139638206955	5261	0.4848246692341703
GCF_009601705.1	GCF_019175345.1	90.44817654800616	0.23351696614766082	90.47981581005529	41.05021284117567	0.27495621347134147	1084.6206822902539	1084.7581603969895	1091	0.3492040805682548
GCA_018397055.1	GCA_018397065.1	92.39563031967126	0.32706662952218946	92.4753912970861	81.98513025268825	0.024287775760967634	454.1189517801577	454.1310956680382	381	0.4604063647615993
GCA_015482705.2	GCF_003182595.1	92.37482806185298	0.10554089633760917	90.18643061329998	2.1748454368142185	194.60659950137415	4139.006960373281	4236.310260123968	3771	0.441784370717815
GCF_000445425.4	GCF_000500045.1	85.64808349440969	0.43975239173831265	84.66398364774098	12.259636460162035	1.3982227521014465	384.6341087947026	385.33322017075335	691	0.14921956080333143
GCF_017874335.1	GCF_014647115.1	92.00281004175392	0.14507645767271896	88.94620303963853	1.8332432438918538	142.50162458594787	2231.0912966358305	2302.3421089288045	2155	0.4098755492005809
GCA_902525615.1	GCA_902624275.1	91.48764976875682	0.33453312710280986	90.21800867745856	3.8171879095811088	9.228849699065677	492.2562170211677	496.8706418707005	454	0.4113335346596011
GCA_018821925.1	GCA_001777915.1	92.23448770497691	0.1850815958607544	90.90040863913931	3.354586568267391	32.615462523878705	1405.9487339495563	1422.2564652114957	1264	0.4383547956530581
GCA_003577245.1	GCA_015075555.1	86.87659300821753	0.20270374108587644	84.8957129356991	6.98493630493306	14.698773896765033	1493.9709856291297	1501.3203725775122	2711	0.14998641721123196
GCA_903838995.1	GCA_903828245.1	94.69700061100771	0.13793224832382933	94.30514298890215	4.740769527530555	14.772535395261457	1738.1276265787797	1745.5138942764104	1311	0.6205433232996971
GCA_900544965.1	GCA_900547135.1	92.13018118897884	0.32783953643384506	92.25563957692557	283.813509718651	0.0	435.72001689181053	435.6552960634965	385	0.430303613578781
GCA_016124665.1	GCF_003129605.1	95.89361290426908	0.06750507070241875	94.8429116885818	1.4760966347905067	252.6337944869647	5403.944055631834	5530.260952875316	4166	0.7108655907268946
GCA_002238555.1	GCA_012271135.1	93.51699332724161	0.08047393524321617	92.94263046153058	4.94256752467296	63.23000115387731	6122.530565357457	6154.145565934396	5003	0.5202989978856003
GCA_002898875.1	GCA_011054265.1	93.97437375537645	0.18373714104475905	93.90387410031744	17.543824622144026	1.005454681271658	1070.840683065006	1071.3434104056419	837	0.5538794923766811
GCF_014775655.1	GCF_001280205.1	93.99621140659184	0.07336247057657037	92.98796121453285	2.780997657853321	180.12903172294318	6726.476247903484	6816.540763764956	5449	0.5538546954219798
GCA_009649835.1	GCA_014237145.1	96.02027110194612	0.18457074436890833	96.05680595028835	283.813509718651	0.0	665.3403631406117	665.2968636795371	484	0.7246317245818136
GCA_002509405.1	GCA_002498365.1	91.15121467121789	0.1862363072802759	88.59860669325626	2.5163034302254443	62.4751898067334	1491.7000193113108	1522.9376142146775	1516	0.3602857495353216
GCA_018819345.1	GCA_018901315.1	95.66347494569807	1.8489848066520351	95.72252808745493	283.813509718651	0.0	7.143434206074159	7.141427430754513	5	0.7013800483277126
GCA_017882065.1	GCA_903873975.1	92.37870111608217	0.4294613033560754	92.4977874946234	283.813509718651	0.0	244.78828576169678	244.76019000638985	212	0.4391281573301174
GCF_018448905.1	GCF_018448935.1	91.71633208705134	0.21057285046295868	89.62381009776695	2.5907763983215895	43.74730405949913	1123.9591431081428	1145.8327951378924	1064	0.4005041618658404
GCA_002704685.1	GCA_002693365.1	95.62467010736647	0.24832296671754928	95.14761158227151	2.8633045638333394	6.390516241695195	460.73068660524154	463.92594472608914	348	0.7082326082782662
GCF_008330945.1	GCF_001676615.1	92.4893139312133	0.0502604114191507	91.59335377380674	4.472135954999578	252.911532961356	17426.905146416844	17553.360912897522	15513	0.44064474481734156
GCA_002709005.1	GCF_004354915.1	88.1177428763128	0.14331839253861964	86.44348504871168	6.589138031551718	29.995360654529577	2830.342408067514	2845.340088394779	4273	0.19374825944001162
GCA_016867395.1	GCA_016187725.1	90.109094366083	0.2221970985419735	89.64341034264892	11.907228002388738	3.503203451135505	1093.8189817202738	1095.5705834458415	1229	0.2952380704620325
GCA_000620545.1	GCF_006717025.1	89.1293362494409	0.1018278353776622	86.7728894422788	4.218724383004947	118.89273668356691	5256.935278413106	5316.3816467548895	7038	0.23321655237403635
GCA_009840525.1	GCA_002238605.1	91.50630936768933	0.10415372039311904	90.9982265127838	8.674965438052642	23.07756390159193	4472.377768310501	4483.916550261297	4333	0.37423039187025886
GCF_014205275.1	GCF_014200435.1	96.46471633034416	0.03684215239341197	95.68444913528387	1.5197834558110268	523.1628044321515	15047.945512740904	15309.52691495698	11679	0.7562957617185004
GCF_000482865.1	GCF_900111175.1	89.28822167398798	0.10763953970626876	86.43985156754323	3.453869514621738	146.8104778468587	4811.607954129886	4885.013193053315	6202	0.24644953156096827
GCF_004000865.1	GCF_004000785.1	93.36971909599863	0.05336138568249574	92.8761837461762	5.790606713812224	115.62949431051675	14306.253982096174	14364.068729251432	11686	0.5120992413833061
GCA_015065865.1	GCA_015065885.1	89.66413777335084	0.3151741869600573	88.54185782500647	6.784151343742322	5.009100078973006	554.2962318785729	556.8007819180594	665	0.26901185289373253
GCF_000183405.1	GCA_002878065.1	92.84345280457636	0.23542184941245034	92.9082714945551	69.97833945905228	0.055146554955626925	841.3541664184676	841.3817396959454	681	0.4991512021972218
GCF_000413095.1	GCA_905372345.1	96.69309896020339	0.1077021093999248	96.47064083785185	3.7074612216309677	9.83057005443061	1624.3346263379146	1629.24991136513	1246	0.7827134621083192
GCA_014874485.1	GCA_011333425.1	93.48116963559444	0.2761329806000246	93.25147661086942	9.587499772641271	1.6433100310650843	523.4179697412134	524.2396247567459	421	0.5198625134438708
GCA_012840405.1	GCA_001513545.1	94.52503054962503	0.19082821809657002	94.22966663708794	6.138438574092371	4.9469357201915045	961.6947135204283	964.1681813805241	719	0.6117033963348562
GCA_017556805.1	GCA_015057365.1	91.21081139906862	0.15430792429571713	87.53820872146272	1.8332432438918538	150.1005953870599	2198.455836292834	2273.506133986364	2234	0.3728443955190062
GCA_001602645.1	GCF_000235565.1	92.4127771034745	0.17772535077534946	90.72296359705086	2.5907763983215895	52.16553286489261	1509.313726742318	1535.3964931747644	1348	0.4530287649026594
GCA_902635965.1	GCA_902595825.1	93.14000284078801	0.36372458591493306	90.15242513716804	1.3356023565782857	29.745281917110788	350.92753500043455	365.80017595898994	298	0.5222087201801506
GCA_016214465.1	GCA_003514455.1	93.70039963762828	1.0250655035029463	93.791095233165	283.813509718651	0.0	35.91322356046943	35.90147454829152	28	0.5422059693833721
GCA_900538465.1	GCF_004343035.1	94.84581663987785	0.3836106134738017	92.20519129434831	0.8915249320833912	25.674476337020394	239.51064479373736	252.34788296224755	193	0.6493341900702893
GCF_001425265.1	GCF_001425045.1	92.75340092650136	0.05330012682397022	91.44404971268935	3.0735355204331385	396.8991569701757	15192.07386049585	15390.523438980937	13352	0.4612089426463521
GCA_016720465.1	GCA_016722505.1	87.90811254286763	0.15606895635104928	82.76862370900423	2.7010566988485465	124.69817978195806	2478.1723044902383	2540.5213943812173	3832	0.1934134577273966
GCA_003215795.1	GCA_003212515.1	87.36152789063291	0.545731393236275	85.64476796467105	6.589138031551718	2.521326226656356	227.67773814948902	228.9384012628172	338	0.19660870165452113
GCA_005877855.1	GCA_005877615.1	93.61192785129933	0.2056723631706934	93.69733340670862	283.813509718651	0.0	909.2964138592172	909.2036929121466	720	0.5315450861572839
GCF_000526275.1	GCF_900142185.1	87.24395631401902	0.16670838139126062	85.27957766658109	6.784151343742322	23.46843763313973	2132.0867303289524	2143.8209491455223	3719	0.1582721870128901
GCA_011773355.1	GCA_009619095.1	90.21792031811849	0.5957311709969203	90.39907951051792	283.813509718651	0.0	162.53559380903056	162.50774348736485	169	0.32614096281273425
GCA_014381415.1	GCA_004124405.1	90.27357783378412	1.2870922098512327	90.23774344033242	29.906975624424426	0.018444458252673712	35.34492817570983	35.35415040483617	37	0.33315251795634493
GCA_903951425.1	GCA_903885605.1	91.3175013308626	0.09267722790589045	90.55305057095775	6.507164100443355	48.349143134821134	5741.990616314571	5766.165187881981	5699	0.36322714510910387
GCF_006171285.1	GCF_006874705.1	92.15953404777193	0.07919365506570444	89.84238578068768	2.2392125528322575	347.75950505509354	7283.912477072814	7457.792229600361	6845	0.418235195515099
GCA_011605775.1	GCA_011355215.1	89.79198240057474	0.4251933545453227	89.98971345039874	283.813509718651	0.0	317.57844041669597	317.4959146755963	352	0.2963332851297826
GCA_910583695.1	GCA_910584465.1	92.17743639843236	0.3616211314305064	91.92707800837324	11.907228002388738	0.8703572662328725	374.10992995170045	374.5451085848169	328	0.4377358091643974
GCA_003541445.1	GCA_003530255.1	98.06384208825858	0.12270933695780546	97.93091425720893	2.3054846895723897	3.790148481228016	549.8728955210875	551.7679697617015	497	0.8760597339008073
GCA_005889405.1	GCA_005882255.1	92.59510832897226	0.10178232779296742	92.16026271570014	7.6236546976459225	23.0267362655959	4186.196598433762	4197.70996656656	3647	0.4471383215835201
GCA_000387965.1	GCA_003086415.1	93.03698005084638	1.3877463342971703	93.16608295221364	283.813509718651	0.0	23.708949522867933	23.694845187820853	18	0.5309824800067369
GCA_017472545.1	GCA_017536545.1	92.31541303803732	0.8099740274115151	90.03770793584121	2.086049593145407	3.7376707817224712	74.23604782250395	76.10488321336518	68	0.45335602500050004
GCA_012271025.1	GCA_011523315.1	97.53012938501756	0.05810219560307378	97.41234797032254	3.930162088288068	13.854820469739934	3482.700784711971	3489.628194946841	2826	0.8387039764443596
GCF_004362405.1	GCF_015624425.1	89.43723591771644	0.1159995500746574	87.72974211646817	5.088848640517972	64.78631934947043	4075.8696120105433	4108.2627716852785	5135	0.2532325352911135
GCF_900683735.1	GCF_003019675.1	92.89688555533098	0.1275718438118743	91.2992760337805	2.3054846895723897	112.22716358030539	3037.9016770258972	3094.01525881605	2542	0.5156304951117714
GCA_003220335.1	GCA_003220225.1	93.57231255127874	0.08856306368225492	93.27427192805725	7.948167045262953	21.279998130899912	4937.241178074858	4947.881177140308	3966	0.5228142655741285
GCA_015492245.1	GCA_011371515.1	92.10793443004299	0.7587058567694124	92.03010688566036	20.553970812903227	0.0685998898923117	87.51542713512137	87.54972708006753	76	0.443529266490219
GCF_003458715.1	GCF_003436425.1	92.33086794554985	0.2827247804712089	90.57592652488569	2.5163034302254443	22.542743239027686	625.0367013516151	636.3080729711289	550	0.46039825729309686
GCA_002683655.1	GCA_002450295.1	94.54851465864809	0.1262896530260036	94.52159524220777	23.097417525569064	0.9108288007646479	2144.921844179374	2145.3772585797565	1613	0.611767102957736
GCF_900112595.1	GCF_014202225.1	94.23455887798663	0.11355223731780373	93.02197003144694	2.1748454368142185	99.34750009173604	2899.355485464068	2949.029235509936	2298	0.5921209164633603
GCA_003331875.1	GCA_902609185.1	91.30121498397943	0.7371328918603587	91.30136664305184	31.70343659663713	0.0424114230756345	105.11152410017598	105.1327298117138	94	0.40530164638261745
GCA_014239335.1	GCA_013213965.1	93.05945425109638	0.33931830931860246	92.64089632502994	6.784151343742322	2.3979683866126607	383.85853110167864	385.05751529498497	316	0.5010105908442832
GCA_011390695.1	GCA_011390615.1	96.00572875689133	0.38996770324752467	95.37387606116103	1.8563375063170813	4.4939462293260135	159.3991063743537	161.6460794890167	117	0.7228011108788546
GCA_005879205.1	GCA_005888095.1	91.62614275783237	0.14098770851159428	91.3323320225659	12.259636460162035	6.335101644066526	2379.2180541526664	2382.3856049746996	2283	0.3797234541599422
GCF_000332455.1	GCF_004769235.1	87.15289597147508	0.21061933697344415	83.26979034708427	3.4973795993957757	49.332840169388874	1551.5376431548946	1576.204063239589	2412	0.18933978506059607
GCA_017513365.1	GCA_017457425.1	97.45690587851946	0.26138107129060245	97.36126394639811	5.394527091291249	0.35927473043165037	183.6598124287159	183.83944979393172	152	0.8353822091092283
GCF_006802875.1	GCF_000452245.2	97.241975760005	0.08348342616435087	96.54756318733588	1.0144672443485387	84.95449060750252	2199.042378108345	2241.5196234120963	1835	0.8251778033507089
GCA_013151965.1	GCA_003233545.1	93.8283740353058	0.15400776338208197	93.91555934535538	283.813509718651	0.0	1617.8494540138122	1617.5398434296305	1232	0.559689897540017
GCA_002371265.1	GCA_002392915.1	96.73330509168217	0.0655700810946846	94.86868290267635	0.668740304976422	467.8781512077676	4433.756677023069	4667.6957526269525	3646	0.7817672258622345
GCF_006384255.1	GCF_001457655.1	94.79266790203278	0.24068787694083932	94.54573496501077	6.507164100443355	2.647060955588586	572.8300671261759	574.1535976039702	430	0.6351027203631527
GCF_007747995.1	GCF_007860075.1	92.26188370142677	0.05785850010317099	91.19035288176099	4.097455358559034	236.1051867791066	13515.139381457177	13633.19197484673	12313	0.4250224642230794
GCA_004116455.1	GCF_004116625.1	89.12615606833067	0.3730390925007579	85.55425907995794	2.5480025361421035	21.260956769343238	478.30364142204587	488.9341198067175	556	0.2897155127276654
GCA_001767575.1	GCA_018333515.1	91.8157685834882	0.18460720258536437	91.60859449229042	14.363128645330688	2.606081140727838	1416.1637376376323	1417.4667782079962	1302	0.40347379164485037
GCA_017525435.1	GCA_017617415.1	92.78460639833891	0.16003394113214423	92.69730556663379	19.148071672582883	1.6203231168874481	1694.3100823975162	1695.12024395596	1442	0.469284831676921
GCA_009838765.1	GCA_012270965.1	91.50182050854959	0.11912996459832424	91.26793422847572	14.363128645330688	6.880224640469351	3474.5648246146893	3478.004936934924	3335	0.3771646447501454
GCA_002168105.2	GCA_004213555.1	89.75788484949088	0.15426819286862833	85.10275831254658	2.086049593145407	153.87845052557805	2334.469963194338	2411.409188457127	2825	0.27769984573095696
GCF_013450155.1	GCF_900188115.1	95.17028298166925	0.05120192002987297	94.64367188024193	3.354586568267391	161.28106335137272	11121.729604834276	11202.370136509962	8482	0.6502177402706231
GCA_902772845.1	GCA_002310055.1	88.28034018419774	0.4544738498687524	83.87376534376466	2.8633045638333394	13.147361080426663	289.35765958028327	295.9313401204966	419	0.21002764933182122
GCF_900104895.1	GCF_004217495.1	88.37754973531398	0.1068878586053437	84.04064462070956	2.948047439780061	203.58092882572782	4923.223699002457	5025.014163415321	7404	0.19980243029231384
GCF_000482505.1	GCF_007990635.1	94.65809007154748	0.40097708117377573	94.56068367027257	12.259636460162035	0.28533141292513164	217.89238932595376	218.03505503241632	163	0.6307041174066892
GCF_002096815.1	GCF_001579025.1	90.23071025850243	0.19744355183949672	87.32147178374785	2.5907763983215895	65.27870733281407	1514.503128433448	1547.142482099855	1633	0.33004168798383304
GCA_019057385.1	GCA_016840515.1	93.29072228502689	0.12364250865090495	91.46396643861509	1.9678445314082378	134.83524729943383	2866.834821263289	2934.252444913006	2422	0.525303885320245
GCA_003599795.1	GCA_016195565.1	91.41766045487404	0.4244896499582905	91.55920932221886	283.813509718651	0.0	289.8960659488318	289.8885729326431	268	0.39281123455604156
GCA_014382585.1	GCA_014239365.1	91.83367397065648	0.11368893739030293	90.02942325273379	2.9851854363024235	115.30261589232941	3640.5809598585874	3698.232267804752	3484	0.39567551918755656
GCA_002364085.1	GCA_017643645.1	90.10265451238455	0.17766334551377805	84.43037843577527	1.584475328236342	173.8600787220489	1868.4563478578157	1955.3863872188401	2098	0.3228383906122229
GCA_017998915.1	GCA_002068715.1	94.95791214420625	0.12146672642979986	94.4747363984047	3.7074612216309677	26.59819132629127	2103.6731428254598	2116.9722384886054	1580	0.6356424611022232
GCA_002423365.1	GCF_900111775.1	94.66251396842628	0.09706680099532795	94.240430510151	4.604494093647612	31.826494586531226	3477.9057768816697	3493.8190241749353	2642	0.6126208709348301
GCF_008001015.1	GCF_008386315.1	87.89422535749306	0.1296026930320649	84.42088941393824	3.8171879095811088	91.32427015552366	3418.1348610635296	3463.7969961412914	5498	0.1798817915070526
GCA_903932805.1	GCA_003670675.1	95.50962828338021	0.10098525143461076	95.20153830054639	4.472135954999578	20.271634850811097	2597.0722451745605	2607.208062599966	1922	0.6781741287690628
GCA_017464285.1	GCA_017446025.1	89.42668540472806	0.23477569631147308	87.44980571227343	4.472135954999578	20.084339070598844	1020.2029672108409	1030.2451367461404	1261	0.2582155409444649
GCF_008180195.1	GCF_014692515.1	90.36456142513913	0.21756267963634282	85.19648347058244	1.679652056380189	97.81452367984639	1156.3123421183125	1205.2196039582357	1296	0.3188505488079035
GCA_002329465.1	GCA_013374835.1	94.06509917377277	0.24258237365171698	93.71341850120558	5.961986549755308	4.045453723486844	663.5418903431793	665.5646172049227	515	0.5870046566000421
GCA_016927015.1	GCA_001273335.1	91.9495590680959	1.0545898790324064	92.08906783805276	283.813509718651	0.0	44.36272671400803	44.35674575217389	38	0.42415989689787953
GCA_009838625.1	GCA_009840225.1	91.75040561929451	0.13796314109046057	91.4924523545436	13.159769520801284	5.9033946490990274	2494.8074857545694	2497.759183079119	2341	0.3914557135867236
GCF_002798305.1	GCF_002265435.1	92.57834294092471	0.11822653015467609	89.18489323481505	1.4336656099977856	288.2200216842275	3350.463497369596	3494.57350821171	3045	0.46894674924456675
GCA_009838975.1	GCA_009841165.1	96.45330968857472	0.04967302773102689	95.94749512715714	2.147788691431886	162.2476714754448	8215.704004386753	8296.827840124475	6282	0.7552651728617501
GCF_001950325.1	GCF_000012865.1	93.92182269573965	0.13056018876854067	93.40937829538619	4.740769527530555	21.83296367780804	2348.279576642692	2359.196058481596	1847	0.574532261995471
GCA_005880575.1	GCA_005883775.1	90.15039817203883	0.32760148422889596	90.3264093965197	283.813509718651	0.0	491.42280676565326	491.4081424616924	549	0.2917780798580681
GCF_000943555.1	GCF_000943565.1	88.16768594089784	0.3134398820260528	86.9525014014312	7.948167045262953	4.519179065173375	629.5550801806917	631.8146697132784	887	0.2139085267519307
GCA_903909015.1	GCA_903953055.1	91.35989968667455	0.666647777348229	91.46463952166003	103.10440973937733	0.005252865092813863	113.07107570721388	113.07370213976029	108	0.3772396764601878
GCA_009841145.1	GCA_012271135.1	94.08809594305158	0.07177171973682671	93.31677951682316	3.354586568267391	132.24059860806483	7096.918680475689	7163.038979779722	5637	0.564999858112299
GCF_907163125.1	GCF_002943105.1	96.26168991830126	0.09151070158189051	94.85524082303158	0.9730479906804452	191.36295808099203	2790.098282242491	2885.7797612829872	2216	0.7512467664717948
GCA_905372025.1	GCF_000413055.1	94.86055016531647	0.07756601620472546	93.82032391869063	2.086049593145407	179.71811289491234	5323.179672537248	5413.038728984704	4136	0.6311369048696994
GCA_009839775.1	GCA_012270555.1	95.81371895556016	0.09479469425599298	95.11179491573967	2.026085211465097	74.88170008993075	2788.2158777343416	2825.656727779307	2100	0.705455173315405
GCA_003229935.1	GCA_002897955.1	95.61153113448051	0.18441774886661147	95.64925763776722	283.813509718651	0.0	796.3144029276045	796.2745244170817	590	0.7043651621823996
GCF_000833605.1	GCF_014201585.1	89.2937162659314	0.16941151882433736	88.2073857605742	7.1916637338839795	16.56425964044729	2011.1473529287452	2019.429482748969	2486	0.25775025824754205
GCA_902399855.1	GCF_000420345.1	96.58725529143929	0.10288342176591181	95.53962383539756	1.1072324263749704	95.86708565485651	1926.0280497687934	1973.9615925962216	1539	0.7737100770982133
GCF_000312025.1	GCF_900454685.1	88.21369193717663	0.2917507145886187	85.83410789825743	4.218724383004947	17.210229335719532	803.1036037974824	811.7087184653421	1042	0.24320272947724855
GCF_000828575.1	GCF_014889545.1	92.64086875258342	0.19367357950078298	90.09358980622359	1.7805458881095184	74.13777866611099	1242.6948795380133	1279.7637688710688	1115	0.47003370648495374
GCF_003367075.1	GCF_000175855.1	95.34526767274889	0.1564004580143392	94.73166536194323	2.780997657853321	20.69889696216933	1202.7369067941404	1213.086355275225	919	0.6758309651805066
GCF_006861775.1	GCF_900111345.1	90.73772384458354	0.1924897271863063	89.67893226202116	5.394527091291249	17.822267413475856	1497.654946290277	1506.5660799970149	1523	0.35076542990415305
GCA_002470185.1	GCF_013283835.1	96.57419683990047	0.13725218707842418	96.29442842836811	2.948047439780061	9.605218178023279	1087.7831825235046	1092.5857916125162	836	0.7791212772463157
GCF_008974285.1	GCF_003268475.1	95.81418916084253	0.0475070648527077	95.1717226177937	2.3054846895723897	246.12365438128836	11019.145657308409	11142.207484499053	8383	0.7053275552625328
GCA_013202635.1	GCA_014384025.1	93.71322859783629	0.25848842238993464	93.81096882710854	283.813509718651	0.0	562.2829206472907	562.1102599969192	428	0.5428865810635607
GCA_016841875.1	GCA_016841245.1	92.67326737142281	0.16418976986697603	91.25701948852148	2.8633045638333394	50.452199378019486	1704.0067957512429	1729.2328954402526	1477	0.4701780256229714
GCF_900109745.1	GCF_003387155.1	87.93796312475565	0.1031243083724951	85.77975522339152	5.554184483614372	82.1084135439869	5484.5584470613885	5525.612653833382	8569	0.1859788174553244
GCF_900109225.1	GCF_000381065.1	97.38693684917132	0.05597758087442623	96.5388890869436	0.8658976692030527	234.8882629891923	4376.367198580035	4493.811330074631	3649	0.8308857384567753
GCF_900774055.1	GCF_900111645.1	92.49360844771952	0.12538528296106244	91.52303752861165	4.046479871071336	49.524382924528254	3016.158433295943	3040.920624758207	2618	0.460812619125101
GCA_905480285.1	GCA_016779205.1	90.60902038879289	0.14489666371483584	88.70890205051423	3.60088867393635	61.82526499096184	2522.6754020918206	2553.5880345873015	2712	0.32366674361095077
GCF_000970045.1	GCA_013329415.1	95.03430394614979	0.08623694349516448	94.2977987665076	2.5907763983215895	93.7209298645812	4296.444228219934	4343.304693152225	3275	0.651966734288072
GCF_004917065.1	GCF_016458305.1	88.20062756052181	0.13110137870654062	85.7265978127657	4.604494093647612	69.28814058609078	3491.0097284121625	3525.653798705208	5095	0.20581958936620504
GCA_005882275.1	GCA_005882445.1	95.99169657582448	0.10674082058001384	96.02340090955771	283.813509718651	0.0	2010.128906463332	2010.1088902031895	1481	0.7179164584186806
GCA_018674025.1	GCA_004213995.1	93.67092447767223	0.9825090150240436	93.77107516606488	283.813509718651	0.0	43.69147486823066	43.680822411756694	32	0.566932722817669
GCA_000508305.1	GCF_000012285.1	95.11324521142272	0.14564163321444706	94.09103854580584	1.8563375063170813	51.591354999308805	1539.8229558680684	1565.6186333677229	1193	0.6673395745785166
GCF_009827515.1	GCF_001028625.1	89.56859137571543	0.11638048619595084	87.34999279278	4.046479871071336	92.06383974612254	4005.028546968576	4051.060466841637	4996	0.25831655181775975
GCF_014251575.1	GCF_011290385.1	87.21721151581352	0.5380769089190436	84.96975108966815	5.239459118530733	4.1000400223636575	246.47444282513922	248.52446283632105	360	0.20108042179813773
GCA_002295885.1	GCA_002591705.1	89.9916543821309	0.13645521119871898	85.8784260355721	2.2392125528322575	168.2251593235178	2875.7921839940445	2959.9047636558034	3449	0.28337303191045204
GCA_001872945.1	GCA_000993275.1	88.88175884092895	1.4522429512271355	89.1669206499887	283.813509718651	0.0	29.96523931907777	29.930717381956292	33	0.268807333034188
GCA_900315435.1	GCA_905215015.1	93.53674037779649	0.09219524541742047	93.2637889806373	8.674965438052642	16.990450539364247	4702.000334611853	4710.495559881535	3771	0.5268579102815621
GCF_001469875.2	GCF_000025685.1	95.05594938068441	0.07675754802671735	93.55830814437975	1.4760966347905067	287.6104662560683	5253.804332659037	5397.609565787071	4169	0.6431974852952855
GCA_005888595.1	GCA_005882335.1	96.1237123530897	0.0752394234200579	95.91387325267262	5.088848640517972	18.84342322040993	3933.6636653225987	3943.0853769328037	2931	0.7289360264257797
GCF_900108175.1	GCF_006363815.1	89.47734055701359	0.13311791371408518	86.56163531742237	3.2581575523800375	102.54832811790675	3132.3905716125146	3183.664735671468	3938	0.2575257516680845
GCA_002714165.1	GCA_002717745.1	93.0550029929285	0.16199068420972698	91.66204579211873	2.7010566988485465	51.445296715199675	1607.1431508326912	1632.865799190291	1376	0.48627032349544
GCF_000024885.1	GCF_000265295.1	85.95388005449789	0.3302198759376694	78.98299012544852	2.7010566988485465	32.76236213861375	626.0893607656135	642.4705418349204	1206	0.14233345887736326
GCA_013151565.1	GCA_003233295.1	98.1099927660847	0.10245269298799609	97.9317479094944	1.7805458881095184	7.035600137475967	775.9411491476728	779.4589492164108	720	0.8817499191949851
GCA_003096255.1	GCA_016930555.1	93.00095291702308	1.37759891762709	93.13438400079217	283.813509718651	0.0	22.51577799910934	22.50337848499878	17	0.5012369191759416
GCA_002382755.1	GCA_003513005.1	91.2116237119708	0.27991883554921004	90.32316920924937	5.718567124785456	7.447542127111319	683.566425890225	687.2901969537807	654	0.3780658477618679
GCA_015068035.1	GCA_017522015.1	95.61197416332364	0.08108536686477141	94.06443021271393	1.188528190407663	278.4745524302898	4081.8638743817205	4221.101150596865	3199	0.6897042382114543
GCF_000006175.1	GCF_017875625.1	89.30806769206697	0.3159952013734219	86.01772121361212	2.780997657853321	25.34313640018877	620.5250782896052	633.1966464896996	741	0.27822496938778396
GCF_002259645.1	GCF_003952005.1	91.08876685515077	0.10572996133322268	89.58340984276997	4.046479871071336	91.06908159318664	4443.920130143495	4489.454670940088	4604	0.3457081759167966
GCA_012735195.1	GCA_012839115.1	90.32434285851645	0.2901588043582687	90.49633893238565	283.813509718651	0.0	675.7383818026489	675.7193051546907	702	0.3240011836131086
GCA_009692155.1	GCA_001805245.1	89.7420193064919	0.1922971220855594	89.06534908191895	9.871253137244736	7.087047824365527	1473.0590980131312	1476.602621925314	1758	0.2711431595406411
GCF_001884135.1	GCF_006494425.1	91.9882998970016	0.10887098638479807	90.20976859783457	2.7010566988485465	144.95380880434095	4304.132538795404	4376.609443197574	3927	0.4351867156720831
GCA_013043945.1	GCA_013044185.1	95.26242915243078	0.08247399290946235	94.14542511525173	1.7293633402042623	184.82985155546885	4214.0341385803795	4306.449064358114	3243	0.657615570891102
GCA_003530835.1	GCA_014189895.1	89.07703782130008	1.4144485034985381	87.72304623006497	6.320112904221773	0.36117679204228637	29.810499992288342	29.991088388309485	38	0.25488843818310114
GCF_013342135.1	GCF_000337495.1	95.73148930528951	0.059531129001922735	94.36368948399915	1.2599210498948734	449.2123599215356	7405.360533680446	7629.966713641214	5802	0.6972982154486977
GCA_015200345.1	GCA_007753915.1	89.23057602880901	0.1061850877948894	88.00462968241668	6.98493630493306	45.67759234915684	4884.582133101719	4907.420929276297	6295	0.2414900776346539
GCA_902834555.1	GCA_900770865.1	94.66157805659958	0.11632340189553414	93.62885500201735	2.2113550311558425	81.76869239660937	2426.7949160473468	2467.6792622456514	1910	0.6121491413941771
GCA_902812385.1	GCA_902812435.1	94.36446931042143	0.15114987093284982	94.01313883542568	5.718567124785456	10.223452441496192	1551.2037653654734	1556.3154915862215	1188	0.5937335257995182
GCA_002707645.1	GCA_002705605.1	88.76805895770207	1.7669780148688368	79.88033262917479	1.3924542830368505	2.668704318533095	20.758653970712913	22.09300612997946	27	0.27271453169619225
GCA_016464825.1	GCA_003244185.1	93.70904857893537	0.09185221185601827	93.10170522497518	4.472135954999578	53.36278162940653	4531.765214244727	4558.44660505943	3656	0.5342286596241965
GCF_002844335.1	GCF_010119195.1	88.02074889945061	0.22467178032357218	83.4919375237972	2.948047439780061	50.118648967413264	1176.1908237891482	1201.2501482728549	1814	0.19253868000392974
GCA_014239365.1	GCA_015660155.1	92.89021504005866	0.27349568486528936	92.91929051235503	43.51602905062116	0.11033940399556741	557.9974643686388	558.0526340706366	466	0.46894756008876004
GCA_018238375.1	GCA_019057475.1	94.20685803994323	0.1275606195133089	94.25294718445755	83.0179370661487	0.08268510002289986	2222.54260718069	2222.5839497307015	1698	0.5843868572685745
GCA_002346305.1	GCA_009694285.1	90.98023095935697	0.44098532314978134	91.13204452076938	283.813509718651	0.0	267.06851889000893	267.0555211868092	267	0.35441187149545234
GCA_007280335.1	GCA_013287585.1	94.38481973539416	0.24758419796264727	94.45266016189997	283.813509718651	0.0	596.8635487177268	596.840957414182	444	0.6129144125787042
GCF_016742975.1	GCF_003812745.1	96.84414536495561	0.04211845911946416	96.4882039727384	2.443971219232322	127.65717820205464	9659.411986789777	9723.240575890804	7464	0.7864029921293425
GCA_018970825.1	GCA_017853315.1	95.75967470625734	0.07783400732576386	95.36384619863553	3.453869514621738	47.969970706551976	4130.789550601224	4154.7745359545	3088	0.6994726516387397
GCF_009834925.2	GCF_003339815.1	91.01901565750047	0.08896415206376666	88.26762963217963	2.5163034302254443	290.09172408995073	6338.443239277043	6483.4891013220185	6676	0.34271055084312707
GCA_903894145.1	GCA_903915125.1	97.52336928183306	0.15729699148253107	93.98742060437166	0.274133805043572	127.88607154689885	522.902869134216	586.8459049076654	487	0.8410455414409395
GCA_900754615.1	GCA_900547815.1	94.13918693783346	0.30651458363450246	93.49357580536484	3.5560908568815734	6.2565256887036185	415.11663049161973	418.24489333597154	323	0.5906412417797822
GCA_003724275.1	GCA_007570915.1	94.2413439865031	0.26497775348355884	94.20995469824423	23.097417525569064	0.24192518116728934	491.31940814571357	491.4403707362972	381	0.5765852927245946
GCA_011370395.1	GCF_003264935.1	90.10979333301835	0.9105824539628216	87.66555207832893	3.1645004295160937	2.3459433871461215	70.49130134228606	71.66427303585913	77	0.31595500653260933
GCF_900248165.1	GCA_013538675.1	90.44982702991092	0.3443793275060573	88.80080760707183	4.166240215837463	9.593813790798322	462.8850808220885	467.6819877174877	496	0.32352770502736933
GCA_002683135.1	GCA_013213915.1	91.40777096182465	0.2739148814541758	91.30417586760403	21.162289823326095	0.606321415981256	672.4633228450659	672.7664835530566	639	0.3754827547579167
GCA_002451695.1	GCA_002437495.1	90.20711797815008	0.16506271907925038	88.1464529751599	3.7074612216309677	49.02739513638653	1979.0507179129147	2003.564415481108	2234	0.3010270361172177
GCF_900168045.1	GCF_000745315.1	87.52389817738775	0.2642013940697614	84.62600237684852	4.218724383004947	22.09915081262193	958.8194115654056	969.8689869717166	1419	0.20110630929831522
GCA_903924005.1	GCA_903925955.1	94.35766589322738	0.16892521267153007	93.67693322379111	3.354586568267391	21.103553268776523	1213.7495906650668	1224.301367299455	943	0.5861548718671603
GCA_011525625.1	GCF_905220995.1	93.58020659452181	0.07052964437926638	92.47132446803793	2.8633045638333394	205.02486550202957	7886.558258207885	7989.0706909589	6508	0.5249278348273553
GCA_900318215.1	GCA_902780535.1	97.08461244318404	0.05054408023580753	96.42939627290102	1.188528190407663	246.2633266658413	6062.588885381616	6185.720548714537	4769	0.8053923357141111
GCA_903857265.1	GCA_003170415.1	91.09281626322996	0.2223717932801752	89.91120311522035	4.94256752467296	15.078784560164422	1013.0588611818562	1020.5982534619384	1036	0.35058564929424046
GCA_016712265.1	GCA_016794835.1	92.20156520032306	0.1473161695277183	91.97142523520597	12.781486355835694	4.801447023441142	2100.8526126623824	2103.253336174103	1891	0.4220368929490813
GCA_017304135.1	GCA_016713735.1	93.89941003006369	0.05817636019982153	93.3240003822209	4.472135954999578	125.57893610684187	11077.27349315156	11140.062961204982	8819	0.5511447750798669
GCA_018658635.1	GCF_002688585.1	92.60039394767715	1.243803870627103	92.73578160527633	283.813509718651	0.0	30.576706878297067	30.565101760084058	24	0.4812491694810917
GCA_014360685.1	GCA_011337865.1	95.8907889437842	0.16267144223321345	95.87711233193056	27.060441830611946	0.18931933183694127	934.9860399636376	935.0806996295561	697	0.7151481979385567
GCA_001303465.1	GCA_016782865.1	92.21627566618378	0.2005462153730355	92.33883209450109	283.813509718651	0.0	1125.6727733253551	1125.5939108863317	990	0.42508281379985635
GCA_002310995.1	GCA_017645765.1	92.12309304602552	0.2021857996138351	91.17300419968471	4.472135954999578	17.512766811426445	1189.623354864921	1198.3797382706343	1066	0.4327357811175862
GCA_900550745.1	GCF_000701705.1	95.8567347385895	0.08379204315109726	95.72473327310796	7.948167045262953	7.701616783673671	3487.2125538723376	3491.0633622641744	2568	0.710367011347007
GCA_905067555.1	GCA_905067535.1	97.55189945942479	0.15879371156222594	97.17135446586595	1.5647632398299687	8.242363636379537	485.6770141350469	489.79819595323664	408	0.84275906322256
GCF_900112815.1	GCF_016612865.1	89.01898428092372	0.14524680859718653	84.12514165678418	2.3737182283699307	149.76422177269433	2617.972749144602	2692.854860030949	3603	0.23050200543609964
GCA_003451675.1	GCA_002849045.2	94.94084764840348	1.225455072130931	95.05248467238697	283.813509718651	0.0	18.915317967634397	18.898632632119476	12	0.6527688545891307
GCA_003670675.1	GCA_903868295.1	95.65577271112865	0.08474062918671174	95.52325615251186	8.183402424142383	8.48074255296433	3511.3272609775995	3515.5676322540817	2578	0.6900040524600713
GCA_002412595.1	GCF_003966975.1	88.17427577939758	0.3584516740647798	86.64137438812766	6.98493630493306	4.667881218849288	456.46103477721147	458.7949753866361	674	0.19993534468154336
GCF_900106035.1	GCF_003236295.1	92.4721516474319	0.06981462996695861	91.22904394517344	3.453869514621738	209.23045102646938	9033.10867618572	9137.723901698955	8138	0.4372736753852024
GCA_003481775.1	GCA_017161075.1	90.75786796244725	0.21127049988955748	83.33555220677778	1.188528190407663	153.89131068800452	1161.713449925866	1238.6591052698682	1303	0.33792528588007337
GCF_004115975.1	GCF_014062315.1	87.96389224325672	0.41242155321946544	86.61424836456133	7.404509504937814	3.2463767005039017	378.54714504931655	380.1703333995685	535	0.21323267527080247
GCF_003339585.1	GCF_000685865.1	88.39855011125377	0.15742154655702886	81.2147117425089	1.8563375063170813	202.24429694011633	2445.2425299843417	2546.3646784544	3503	0.22012345407398526
GCA_016717005.1	GCA_016794525.1	91.39489372462849	0.0854546409017513	89.11220086141284	2.7010566988485465	253.9279352510148	6574.764782282683	6701.72874990819	6694	0.3631640897114199
GCA_002714785.1	GCA_002729015.1	93.7656321081183	0.11944119974169787	93.07241144307878	3.8171879095811088	40.02064815761787	2819.7060433586357	2839.7163674374447	2245	0.5547131415626477
GCA_011048115.1	GCA_003445475.1	95.0340820190699	0.7129916073704322	95.09516470877819	283.813509718651	0.0	57.5697919504929	57.56428093367233	41	0.6416943498043042
GCA_002367355.1	GCA_013138705.1	96.20019951686774	0.2380232849521225	96.23545922903945	283.813509718651	0.0	378.3001590787721	378.24527909968344	280	0.7437672415251919
GCF_001889325.1	GCF_001020205.1	95.34875974853188	0.10858038859742475	93.3642574587269	1.0144672443485387	211.52837253801772	2685.6082602975785	2791.3724465665873	2154	0.6909484818783445
GCF_009696605.1	GCA_000751555.1	88.4088959903436	0.49006670848837824	88.64393567369213	283.813509718651	0.0	287.3108657384753	287.30755127453483	346	0.256302704194958
GCF_003007785.1	GCF_017312365.1	92.83294211127681	0.47173995569059995	91.44504768061307	2.8633045638333394	6.154011177104962	205.19607426382328	208.27307985237576	175	0.4862071440042456
GCA_001468925.1	GCA_018897535.1	96.56826292619152	0.1896647906237308	96.47526843948658	7.849285750822583	0.8596058386608547	553.4156373464892	553.8454402658197	424	0.7756971835128328
GCF_000422285.1	GCA_900498135.1	95.7345196262423	0.05565558091012386	95.12703247187633	2.443971219232322	162.54640511011166	8377.83565376797	8459.108856323026	6344	0.7005735531317504
GCA_002709185.1	GCA_002690085.1	93.83046762198984	0.43702592733191237	93.68159496972656	10.909627004838343	0.4317904522334288	210.41508675325434	210.63098197937106	162	0.565954226397652
GCA_018777385.1	GCF_015762685.1	95.72820138808555	0.0579533225236998	95.45549480939187	4.800491321641131	47.20945147073871	7476.593159633711	7500.197885369081	5582	0.697525561493262
GCA_013151365.1	GCA_002897615.1	94.6048342061958	0.114285336872233	94.39468658322554	8.183402424142383	8.12682704425697	2532.3191380780154	2536.382551600144	1931	0.6083402796878897
GCF_014323405.1	GCA_900604495.1	89.8366652035605	0.38429735910149426	87.55718198808825	3.2581575523800375	12.457984597206405	430.0396492994713	436.2686415980745	466	0.3232771827854296
GCF_900108585.1	GCA_001594145.1	89.51482183345043	0.10328717206538286	86.71103703588389	3.354586568267391	162.12533744826214	5107.5820735602965	5188.644742284428	6443	0.25554366167954007
GCA_012960245.1	GCA_002311335.1	95.43462150839713	0.07299861401786982	94.91028302872432	3.0735355204331385	82.39558207889604	5139.219783436776	5180.417574476224	3871	0.6732079224123952
GCA_012963885.1	GCA_002697225.1	90.10741195396412	0.24942667080038147	90.16798637507144	51.624702572530694	0.15642330825767203	911.09414885859	911.1723605127188	983	0.308519469976766
GCA_005799065.1	GCA_016868485.1	96.01116301570484	0.11817815223525928	95.89157140785676	8.183402424142383	3.4627328874730665	1660.5973810485013	1662.3287474922379	1228	0.7228127899781335
GCF_009708005.2	GCF_010287905.1	92.45848183881688	0.07912417373064953	90.70120382018906	2.6234136766681906	250.87772320368458	7024.4747823847565	7149.913643986599	6414	0.43587810691031303
GCF_006716305.1	GCF_001657475.1	87.9893791048724	0.1916497184854087	80.3034483580493	1.9678445314082378	121.6962154229509	1580.2168450221286	1641.064952733604	2506	0.1878665972258148
GCA_015061915.1	GCA_017623265.1	94.04679249529718	0.15350489425123637	93.85996965936816	9.871253137244736	3.8641414812873336	1585.5292652998698	1587.4613360405135	1227	0.5676520210527232
GCA_011338105.1	GCA_000493945.1	93.29252515529983	0.23958167081076578	93.02416582983187	8.674965438052642	2.6277158951411366	772.0855325102059	773.3993904577765	611	0.5268808167665229
GCA_009843625.1	GCA_009840525.1	96.03499547160864	0.06348468428991093	95.7563474843478	4.218724383004947	41.1334973216417	5736.26214406914	5756.828892729961	4302	0.7219623381230593
GCA_017642445.1	GCA_017649605.1	95.32667011846416	0.115743743875267	94.08418297670472	1.5197834558110268	104.91528963981091	2215.9503113557203	2268.4079561756257	1714	0.6724333730742634
GCA_018335335.1	GCA_014730275.1	92.31874416321165	0.1516370451162356	91.42013129462237	4.472135954999578	30.733515040427847	2102.2153008552186	2117.5820583754326	1847	0.4499717792124161
GCF_012102705.1	GCF_012102745.1	94.84206151381542	0.08805281344300754	94.03845529169054	2.5907763983215895	99.5524659353523	4146.658865645349	4196.435098613025	3193	0.6283328173981824
GCA_002707605.1	GCF_004354915.1	90.07088445349368	0.09314588884973352	88.81930105742505	5.790606713812224	73.7464147247174	6117.894394892865	6154.767602255224	7070	0.2868532152272844
GCA_002421805.1	GCF_004102945.1	87.9627317822772	0.21119694331868502	86.18968378394352	6.320112904221773	17.293640483318995	1366.1943724601767	1374.8411927018362	2031	0.1986304456573155
GCA_015486915.1	GCA_015493575.1	97.42649285701012	0.11851207570520114	97.3743623374147	7.1916637338839795	1.1219193114918653	911.092623596555	911.6535832523009	742	0.8350141318454564
GCF_000426725.1	GCA_017745095.1	91.42590048836206	0.10250219869176559	90.19084635217177	4.046479871071336	94.71818604930013	5202.302097846102	5249.661190870752	4896	0.4045492911774319
GCF_011044495.1	GCF_003315205.1	88.07782078784662	0.08661643553518923	85.49505500521552	4.604494093647612	162.52735871479126	7898.951798471541	7980.215477828937	11886	0.19633932971102616
GCA_019116905.1	GCA_910586745.1	92.9227356129385	0.667517276531457	93.0305045675153	283.813509718651	0.0	103.12592797305065	103.11523349750493	82	0.5066999753669439
GCA_009773665.1	GCF_000429325.1	94.56822892754182	0.08662397969017671	93.30633791086174	1.9112780044394568	188.49008564576798	4578.735141359363	4672.980184182247	3624	0.6083505017683416
GCA_017998715.1	GCA_018057705.1	90.99216104883074	0.16408014344438018	89.92464152454293	5.394527091291249	22.31696450299478	1862.1498053544535	1873.308287605951	1914	0.33970536292123943
GCA_016776905.1	GCA_009937185.1	96.17027199716432	0.07251956926258885	95.95173631925809	4.740769527530555	22.144119042519378	4295.876883094213	4306.948942615472	3221	0.7378279371346271
GCA_018333895.1	GCA_018333775.1	94.90316713298832	0.1272643174687607	94.02512088835715	2.3737182283699307	53.65251187613649	1935.004685245179	1961.8309411832472	1495	0.6323427557844626
GCA_017656495.1	GCF_000517445.1	91.24731661369549	0.17001308493060457	89.840590511416	3.8171879095811088	40.32776040769568	1936.3842110617252	1956.548091265573	1851	0.39633042687062164
GCA_017433225.1	GCA_900317985.1	95.14357350838708	0.08519152851630162	94.44585104551383	2.6234136766681906	87.61209896588298	4181.821510034273	4225.627559517215	3178	0.653097566467563
GCA_012842045.1	GCA_018056375.1	95.11184659658194	0.24421095132586496	90.82545221502538	0.6050898743442723	95.28566568087763	548.6930233522517	596.3358561926905	464	0.6697022456101867
GCA_001316125.1	GCA_001316285.1	87.05255793242532	0.5652954885376222	87.31837471289374	283.813509718651	0.0	207.66874162060105	207.6434810581975	329	0.1772440309343352
GCF_000017425.1	GCF_000742895.1	87.57712995726494	0.26329005348896173	83.07521625812893	2.948047439780061	39.48840067914443	953.9876004657955	973.7318008053677	1428	0.2003319338547275
GCF_002921145.1	GCF_002921135.1	96.7647898782093	0.08389489036572902	96.04698323023008	1.3524275931754157	93.18409914806216	2605.1611173617353	2651.7531669357663	2045	0.7842953174361785
GCF_003003845.1	GCF_000317145.1	93.67262589051772	0.18328547320816319	93.75042524692464	224.7489571316225	0.007014710739895236	1124.522717786836	1124.526225142206	891	0.5316904233707134
GCF_000833605.1	GCF_002742685.1	92.58523729359818	0.12586420470381424	90.27008023585658	1.9678445314082378	155.96801105674967	2855.0584921176705	2933.0424976460454	2575	0.4594383631746812
GCF_011812965.1	GCF_011812995.1	85.03565027698333	0.3564831218406978	68.92412082610097	1.631369744526313	61.73203328984346	529.3292128598603	560.195229504782	1251	0.11197415748780808
GCF_000336635.1	GCF_000337775.1	90.56556857198959	0.11696266904750004	88.53158617471848	3.4973795993957757	101.47839180431038	3838.2711033125106	3889.010299214666	4200	0.31763402681703073
GCA_002726775.1	GCA_002686675.1	96.38335089535614	0.282844165628071	96.20453515947224	5.088848640517972	1.0105467229454916	265.92280822921236	266.4280815906851	203	0.7574942549040943
GCA_002401785.1	GCA_016763165.1								0	
GCA_005879505.1	GCA_001918155.1	93.74985529870986	0.09607142912832442	93.82799794302143	283.813509718651	0.0	4058.3555538914743	4058.3294392020866	3211	0.5379595517868359
GCF_014836645.1	GCF_001629705.1	92.5296504521332	0.10113096455579319	90.99515672529694	2.7010566988485465	144.7615818331924	4704.77001883767	4777.150809754266	4114	0.4706399422809087
GCA_017450695.1	GCA_017544725.1	92.026683831159	0.2740799748349768	91.90752672468926	18.063054805465843	0.7366546422604188	639.2777608088725	639.6460881300027	567	0.4166062859592875
GCA_003221695.1	GCA_001914535.1	91.28601483391563	0.17289247632499546	91.1716902937607	21.162289823326095	1.6014640367479842	1652.4092600702097	1653.2099920885837	1627	0.3618413496030698
GCA_001803635.1	GCA_016212685.1	94.55232999142	0.2968332315472008	94.6132381558518	283.813509718651	0.0	379.5591448515836	379.5586975684044	284	0.6087526322991337
GCF_900129285.1	GCF_003627965.1	90.18309041162757	0.30048747345185006	84.08829585817884	1.5647632398299687	59.67959457612642	599.4883796990997	629.3281769871629	701	0.30375498402109274
GCA_002402375.1	GCA_016218625.1	92.34957631471612	0.7472989203632031	91.57829125496745	4.740769527530555	1.086772202092078	88.3951730112838	88.93855911232984	75	0.45706974996163363
GCA_001695645.1	GCF_004365815.1	93.88522176463	0.4468151265141246	91.38995610836076	1.2599210498948734	16.816617030958128	206.03120599583835	214.4395145113174	167	0.570819415937915
GCF_012912135.1	GCF_017982655.1	94.78383872247394	0.13017423390207813	94.3783324873707	4.604494093647612	16.887084539906482	1945.3694656960845	1953.8130079660377	1481	0.6307606912707762
GCA_016871975.1	GCA_016176745.1	93.84423619754901	0.9549904366199402	93.1450060796178	3.7074612216309677	0.6761900813560828	45.67482976981699	46.01292481049503	35	0.5689286263981757
GCF_907165215.1	GCA_002159085.1	89.56717380995374	0.10837876908384737	88.18686317405566	5.961986549755308	58.89885130352013	4677.096562409476	4706.545988061236	5739	0.2612122085415747
GCA_001873935.1	GCA_007280195.1	92.8683299128179	0.20630544098319495	92.96039459039378	188.66708997469814	0.01012964946903594	1043.7921639057777	1043.7972287305122	867	0.48071194923615973
GCF_014635565.1	GCF_903994035.1	87.19226202650462	0.336546695076025	83.69106041724882	3.8171879095811088	16.011820337235804	595.3068083105061	603.312718479124	929	0.18693129634820357
GCA_002730735.1	GCA_002717745.1	92.80429820228836	0.19768704223591949	91.06040307552529	2.3737182283699307	44.01946336371293	1123.7382557881278	1145.7479874699843	977	0.4696453385995026
GCF_000374545.1	GCA_009929485.1	91.78127485772454	0.12230439361050835	89.62824019316278	2.5163034302254443	134.88466720268298	3283.3436355994845	3350.785969200826	3117	0.4038810662964445
GCF_000007985.2	GCA_001628815.1	93.93021176297052	0.07476054842369183	92.87774211442823	2.7010566988485465	185.9680525184067	6753.322462958211	6846.306489217414	5456	0.5552049293579508
GCA_011049175.1	GCA_011042635.1	93.07266186786903	0.17682647905239857	93.02916893066221	23.781012841548478	0.7958847443046579	1371.733136611731	1372.1310789838833	1133	0.4943701117372343
GCA_900604495.1	GCF_012317385.1	90.40380462487548	0.37625954854249244	89.90009595138851	9.587499772641271	1.7590648547325145	430.97470719377355	431.8542396211398	433	0.3547651131270319
GCA_013288545.1	GCF_900167955.1	88.26830833600714	0.6712697547545089	87.55113021356463	10.909627004838343	0.5780608115155701	146.08611903496998	146.37514944072777	191	0.2329893856244743
GCA_002441395.1	GCA_002425765.1	90.10734105085707	0.163932007444786	87.08596930461113	2.780997657853321	81.35486572583113	2007.5730438484204	2048.250476711336	2319	0.294425253472724
GCA_016875925.1	GCA_016875975.1	96.15085343844193	0.2675107515731592	94.76235298484603	0.9450773128508537	26.085320117588026	324.0990812093874	337.1417412681814	249	0.7349130213982394
GCA_008933615.1	GCA_016787925.1	92.37248371281224	0.1658286198586437	92.2699074093024	18.59765221851545	1.7754400844614793	1686.4464853231575	1687.3342053653882	1465	0.4447561762375872
GCF_002804245.1	GCF_002804105.1	90.34443090910926	0.7986358201865129	84.40369046220528	1.3924542830368505	9.603742707586235	94.45665090132901	99.25852225512213	101	0.34644497114740713
GCF_009755885.1	GCF_008016535.1	94.2032136366767	0.20037360354139608	94.06628038304565	10.909627004838343	1.8100169887402444	950.2973108456015	951.2023193399716	727	0.5997987070454321
GCA_007126575.1	GCA_007692605.1	93.58742493098737	0.09985407047638493	92.8808850092055	4.097455358559034	55.47647291861995	3939.7734232691496	3967.5116597284596	3214	0.5261282684221349
GCF_000744285.1	GCF_000745125.1	87.84210559755805	0.3648551322915785	83.04968963367081	2.7010566988485465	23.36776909031562	488.7746075861406	500.4584921312984	713	0.20966831870856595
GCF_001182045.1	GCF_003402575.1	95.26281267523721	0.08142926627390187	94.14069799905579	1.729363340204262	182.69284885585694	4495.936009703033	4587.2824341309615	3476	0.6646723760748036
GCA_011388675.1	GCA_011192125.1	93.03561553445242	0.31362564699323864	92.81079404310898	10.909627004838343	1.1565829519919362	439.54573353106156	440.1240250070575	364	0.48945589612334056
GCA_018818345.1	GCA_000991805.1	95.54915301474655	0.8389004431771337	94.69970211130948	1.7293633402042623	1.3791452357553595	41.76991082000701	42.45948343788469	32	0.701693415668147
GCA_001873935.1	GCA_001797445.1	90.66927342973884	0.19962355677919735	90.5274017257741	20.553970812903227	1.433358407050946	1368.5548076082307	1369.2714868117562	1414	0.3369731514116226
GCA_002400885.1	GCA_016764435.1	87.16205608761523	1.681423554416251	87.45452459032066	283.813509718651	0.0	23.59958551512848	23.587919346477516	35	0.18499859071687502
GCA_011064875.1	GCA_011064905.1	94.44926911191207	0.7637174057917843	94.51952693257974	283.813509718651	0.0	61.642807523220476	61.63388521131333	46	0.621841388211753
GCA_011334575.1	GCA_011333285.1	94.41912108220443	0.38382512247261086	94.46155696151905	79.62843285741236	0.008987959084720387	252.99040394992898	252.99489792947134	188	0.6183051884307248
GCF_004296575.1	GCF_014297575.1	88.02913231097526	0.10648624696870507	84.42173836066982	3.60088867393635	152.15796949643482	5085.88969674421	5161.968681492427	7949	0.1874005161180697
GCA_018433085.1	GCA_018436855.1	92.8913319187169	0.08712168079838421	91.9931734825949	4.046479871071336	93.97520042444194	5721.775889676118	5768.763489888339	4906	0.4767006736561801
GCF_000341735.1	GCF_000968535.2	96.92224766313772	0.045546491488730335	95.05499678562191	0.6050898743442723	986.9596630097367	8310.795879511244	8804.275711016113	6854	0.7938121789765762
GCA_904397895.1	GCF_015140235.1	88.55723654078042	0.33884056159637677	87.86530018640921	11.564949675432423	1.9928621502258466	522.3222027805737	523.3186338556866	700	0.22475179483392635
GCA_003576915.1	GCA_019186845.1	93.09543620177084	0.08189684831815952	91.49891428866148	2.3737182283699307	241.87064967265542	6263.9162929075765	6384.851617743904	5358	0.48959026997824856
GCA_005888695.1	GCA_005888675.1	98.22055586279821	0.0872371188743661	97.94577163412983	1.1400022760576265	18.78665592134098	973.9579150687389	983.3512430294094	917	0.8878867596481487
GCA_017856815.1	GCA_903925985.1	94.15194944851793	0.15942678754182965	94.07772171515492	16.34382058503021	1.361919872612816	1401.767484266251	1402.4484442025573	1076	0.5723466799764069
GCF_000379085.1	GCF_000023965.1	97.76775197426859	0.05010049192104891	96.86871917970763	0.6885324631076268	274.2743979985571	4275.225641044695	4412.362840043974	3729	0.8555602519943478
GCF_001570525.1	GCF_001570585.1	96.37497275055468	0.03723811169333374	95.53337290436342	1.4760966347905067	585.8539538058321	15202.186126061826	15495.113102964742	11785	0.7494288939152002
GCA_012728875.1	GCA_012522635.1	90.71129079382969	0.33296983657996554	88.18159482281166	2.780997657853321	18.756480920304966	483.5894507749223	492.96769123507477	511	0.33591633807409876
GCF_004295645.1	GCA_016649425.1	93.09729216369148	0.10128619011719486	90.8271459277456	1.7805458881095184	246.49538336886326	4119.277007814026	4242.524699498457	3584	0.49249876125102693
GCF_014201505.1	GCA_000769715.1	91.83837792873074	0.10275094583852015	91.02096928695455	5.624153264053135	47.697069778558216	4473.699014455559	4497.547549344838	4213	0.3972561426106693
GCA_014529625.1	GCA_002420185.1	93.10122666328365	0.09132202340783475	92.1719783331791	3.7074612216309677	90.94108576427425	5154.4034035347695	5199.873946416907	4341	0.4979321424019841
GCA_011620825.1	GCA_002505345.1	90.58934546891963	0.9463895300357742	90.76455964779252	283.813509718651	0.0	59.04730423663062	59.028274737494854	61	0.3271109637136127
GCF_003589745.1	GCF_003862475.1	90.61699669280799	0.2567963930910156	87.8143880092593	2.443971219232322	40.40349400297714	890.0574170777785	910.2591640792671	915	0.3598072406450349
GCA_001515185.1	GCA_004375695.1	95.01577930845797	0.2564941328162992	94.99955747159188	26.282577935285317	0.1394200687390139	457.81650997029476	457.88622000466427	340	0.6424100700330633
GCA_018830225.1	GCA_016929255.1	90.91887775403063	0.3114558332901221	89.77227926674412	5.088848640517972	7.559138892868987	544.009039084812	547.7886085312465	557	0.34939052264894294
GCA_002506515.1	GCF_000018305.1	90.38952985894116	0.4028996426331875	90.09527180877949	13.95025441116	0.7792826237945292	358.3173521413441	358.70699345324135	370	0.33970168377696125
GCA_018333455.1	GCA_018333635.1	89.95531571183628	0.29338140763106624	89.88023513501156	28.212310305021987	0.4150787724524889	642.9250343465048	643.1325737327311	720	0.2926351138763465
GCA_002698965.1	GCA_002705165.1	91.12656138997713	0.16380788744353492	90.86250970844199	13.95025441116	4.151519548157012	1924.0764650415724	1926.152224815651	1890	0.36046807233237227
GCA_003523085.1	GCA_018647765.1	90.77560586175058	0.19779602792335807	90.5817890513922	17.543824622144026	1.8406331658957242	1325.903248243646	1326.8235648265938	1360	0.3348781687834915
GCA_903869265.1	GCA_002841785.1	91.7219040932277	0.29178914490369035	91.47086632207298	13.159769520801284	1.302483279907392	567.2177564008705	567.8689980408242	525	0.39266858314310044
GCA_016195565.1	GCA_001871685.1	92.48861108740198	0.3863380763335275	92.61671951797078	283.813509718651	0.0	307.27299480170075	307.1771940055871	254	0.4628823467475996
GCA_001593855.1	GCA_003662305.1	94.15005126334161	0.3501754331836442	94.23528764776671	283.813509718651	0.0	305.57871917159355	305.5153283324278	222	0.5922591329766252
GCA_000681355.2	GCA_002327235.1	91.86593378613343	0.36874901270722027	91.71343331811033	15.417705344231111	0.5804287658360181	387.63928070317013	387.92949508608814	340	0.4344798419290037
GCA_003456035.1	GCA_003609755.1	96.31653121983487	0.7133928352840149	96.36199489270555	283.813509718651	0.0	38.798840520571986	38.788441515017425	28	0.7510311271070249
GCF_003344865.1	GCF_003073135.1	90.80488409818209	0.07525640490854069	87.88575081589826	2.5163034302254443	403.29002675507945	8860.525394707869	9062.170408085409	9653	0.3256842668868516
GCF_001592045.1	GCF_001517975.1	88.89783012540839	0.1532531713880777	86.1387493546879	3.8171879095811088	65.46556138252618	2414.7271801869356	2447.4599608781987	3283	0.22806743077499964
GCA_011048835.1	GCA_016841665.1	89.64157477397451	0.19457225841514408	88.58040644647497	7.1916637338839795	12.20294181718964	1436.0229527943643	1442.1244237029591	1746	0.26343149899254215
GCA_007741475.1	GCF_007751715.1	95.14073414931207	0.04572612869050256	93.51833623615845	1.3356023565782857	914.7817068220829	14258.7394109248	14716.130264335841	11251	0.6491014528973181
GCA_016192135.1	GCA_001790955.1	91.22460891594373	0.19211635136442926	90.76736863242239	9.587499772641271	5.800002993285034	1403.090645609769	1405.9906471064114	1366	0.3686254221361187
GCF_014174395.1	GCF_014174215.1	97.48482712052792	0.037836617032549376	97.14104620626584	1.7805458881095184	139.16770386312055	8675.981069915533	8745.564921847094	7096	0.834699042354389
GCA_002383695.1	GCA_002383285.1	90.33923797105786	0.3114639087844001	87.10355009668557	2.3737182283699307	27.77083702720006	582.5005505583432	596.3859690719432	630	0.3221506842832977
GCF_001880325.1	GCF_001280255.1	89.35958661332063	0.351583768458261	86.47841603433298	3.1645004295160937	17.252286537829377	493.2976206226451	501.9237638915598	589	0.27862240215854034
GCA_003135895.1	GCA_003162415.1	88.48406313525525	0.19084024372946226	88.50512182558933	48.09355398685444	0.3780304834281196	1536.4027979692187	1536.5918132109327	2209	0.20376302010333133
GCA_017461005.1	GCA_017433225.1	92.82532359396042	0.11794336959573208	91.71746801342674	3.453869514621738	68.21748591261985	3174.202668960105	3208.3114119164147	2741	0.4733190978651042
GCA_003279705.1	GCA_902537725.1	92.27798935909253	0.6866435552806466	90.80045208192116	2.780997657853321	3.2804608872633025	108.83225952856225	110.4724899721939	92	0.4592559162362047
GCF_013177315.1	GCF_001548395.1	92.91443439665011	0.06944923993735784	91.22938271779071	2.443971219232322	343.07418070174754	8781.257519078768	8952.794609429642	7679	0.47384001281530347
GCA_012516535.1	GCA_012842275.1	94.21089827719481	0.30959778955689965	94.28230750289475	283.813509718651	0.0	377.4224908835596	377.37874343034923	285	0.5889797508844927
GCA_016214105.1	GCA_016207245.1	93.48166956057824	0.8786526231352709	91.90421680868218	2.3054846895723897	2.0888161021754854	52.48664006031679	53.53104811140453	43	0.5207652731188328
GCA_002497905.1	GCA_002506875.1	95.07989605192822	0.11648778048212191	94.70071864649454	4.3435825072709076	20.10836223115257	2255.9163954247488	2265.970576540325	1703	0.6503935481010951
GCF_900110535.1	GCF_008124605.1	89.86716404857297	0.2749300198833736	85.43083322268453	2.147788691431886	45.67322148001654	724.2286233714206	747.0652341114288	875	0.27834770145553445
GCF_000020965.1	GCF_000021645.1	84.80934629083484	0.35591651019323367	83.91181761463467	14.544068006917202	1.9023806502891603	599.0194647682661	599.9706550934106	1206	0.12711228719665316
GCA_016201435.1	GCA_005877305.1	90.54645538463716	0.7026466501870109	90.74883343458255	283.813509718651	0.0	115.56299102313919	115.49619004142687	110	0.3527393483929307
GCA_905181835.1	GCA_004213605.1	92.99241699713758	0.6741532541825557	93.08947855600917	283.813509718651	0.0	101.44044879196245	101.43932377918314	82	0.5116040366679107
GCF_900215215.1	GCF_001889405.1	93.97142454355728	0.13413380656072194	93.71169442513349	7.948167045262953	7.958773208756611	2146.7791687432873	2150.7585553476656	1669	0.57035186839331
GCA_017651425.1	GCA_002311645.1	94.05017497624748	0.2393564896762926	92.96300234912174	2.5163034302254443	19.207337030004055	650.3651751552386	659.9688436702406	523	0.5685204948839103
GCF_014698305.1	GCF_014698735.1	96.24445846440995	0.08729189087418905	94.71814591404254	0.9450773128508537	222.85778565994042	3042.315310853184	3153.7442036831544	2423	0.747018701756797
GCA_017506175.1	GCA_900321845.1	96.62512944526202	0.09456237801936308	96.330566324026	2.948047439780061	22.19153889863901	2119.5760334418014	2130.671802891121	1608	0.7716230402077181
GCA_018823005.1	GCA_011391695.1	92.0335234727526	0.3090486250901514	92.16486725059781	283.813509718651	0.0	510.482349990598	510.3963003572615	444	0.4311425829106591
GCA_012511245.1	GCF_001017125.1	90.75274724141397	0.28196367393985666	90.59851720473843	19.96313819084055	0.7151085087643878	648.2319844549035	648.5895387092856	676	0.32883269573016455
GCF_006715005.1	GCF_016742975.1	97.16954772638941	0.03817057457318589	96.8566884487119	2.3054846895723897	128.51129907153518	10071.297934317387	10135.553583853154	7968	0.8114828332486047
GCA_003489165.1	GCA_016194325.1	93.83604176451928	0.7476746293177103	93.64493865677524	10.163404517371868	0.1559467349216277	71.02760001592817	71.10557338338899	55	0.5621234676505152
GCF_000336815.1	GCF_000337795.1	94.43076770072193	0.08233194735730077	92.53848493373015	1.4760966347905067	334.1873295577134	5158.548052734879	5325.641717513736	4209	0.5931367695417044
GCA_013298805.1	GCF_003148625.1	92.83925755866022	0.3856041409529395	92.68219949256604	13.159769520801284	0.5416981418948126	307.50106804880744	307.77191711975485	253	0.4902578678243088
GCA_013360585.1	GCA_016860685.1	95.96531988103455	0.05835486353269191	95.56379416288632	3.2581575523800375	79.4959484086412	7009.880481085394	7049.628455289715	5287	0.7167939619469623
GCA_017615955.1	GCA_017543165.1	94.02073907542226	0.21774343221146925	94.11031816083499	283.813509718651	0.0	752.7000474745613	752.4588256213333	565	0.5672735297677117
GCF_001984125.1	GCF_900167575.1	94.76529276217394	0.0592972151751694	93.9427288721343	2.6234136766681906	218.9262016836292	8996.448977751868	9105.912078593683	6990	0.6164125523348921
GCA_002084865.1	GCA_003451675.1	94.227062395298	0.7261735234178701	94.30533771789584	283.813509718651	0.0	70.67849075423689	70.67179466969691	52	0.5988381983824087
GCF_003550025.1	GCF_000515355.1	91.55538325976227	0.09504173908258078	89.45873528770923	2.780997657853321	191.59888844720808	5336.359186433764	5432.158630657368	5294	0.37590581227019787
GCA_000163695.1	GCA_905372135.1	98.06444649322418	0.12859166698294136	98.0482808639312	16.8275352334218	0.06315773592473306	493.21166753389525	493.2432464018576	444	0.8779182720972148
GCA_002730365.1	GCA_000224765.2	93.12184788298543	0.3049936523250749	93.02536149026899	16.8275352334218	0.50244731687269	467.32767598756493	467.5788996460013	380	0.5042862115234054
GCF_002487355.1	GCA_905339155.1	95.19875652103174	0.21754913300708342	94.72154495136171	3.1645004295160937	8.561358265305671	652.3383226166137	656.6190017492665	480	0.6672938445603585
GCF_002368235.1	GCF_002368435.1	95.07698946029296	0.05661177884250886	92.0096688722971	0.8305442998250565	1240.4874426681454	9764.576874527223	10384.820595861296	8043	0.6533133155750315
GCF_002871995.1	GCF_000411155.1	89.47679175398027	0.15403634614216316	86.20074342395216	2.948047439780061	93.13161158340608	2344.4117365549973	2390.9775423467004	2938	0.25903643854890906
GCA_017416855.1	GCA_015068865.1	93.97938788442869	0.2896893536998256	91.41471253656042	1.2599210498948734	38.93092767812743	455.5868436368099	475.0523074758736	378	0.5661232801485278
GCA_008373165.1	GCA_002725925.1	89.35841651084515	0.48639939191836906	89.56441796403463	283.813509718651	0.0	240.82556134858115	240.7719786494659	289	0.262868199569591
GCA_012838125.1	GCA_012521555.1	90.49409989055727	0.4045195950236614	90.66255523248714	283.813509718651	0.0	318.7461555938462	318.7121137578218	339	0.3177613455411329
GCF_000170955.2	GCF_900099615.1	92.99072016361744	0.20814967073417923	93.07538439373232	145.70923537052184	0.015923768472021038	1082.0437293844427	1082.0516912686787	868	0.5174080816335568
GCA_904419835.1	GCF_000169255.2	94.46553482823609	0.11227703260468672	93.50703341786384	2.443971219232322	77.66587948588676	2789.1834385829243	2828.0163783258677	2197	0.6019398558807206
GCF_003697815.1	GCF_000196895.1	89.33611469480492	0.2450025695991823	87.81795779351017	5.624153264053135	12.413250057263667	950.9527520224676	957.1593770510995	1182	0.2534570605571399
GCF_006171285.1	GCF_011290365.1	91.78435804716771	0.08095655338383444	89.81519976231361	2.780997657853321	254.46007967254263	7216.516039600269	7343.746079436541	6957	0.3922999234205643
GCF_900176615.1	GCF_017100085.1	88.83462559481822	0.37172839718634576	87.9545361154398	8.183402424142383	3.23535179092778	490.5902235725332	492.2078994679971	572	0.27510966328428477
GCF_008330225.1	GCF_008802365.1	91.32202245118944	0.10038145853979422	90.26443463265764	5.088848640517972	65.64754908876421	4956.811066312086	4989.634840856468	4905	0.3667066942469436
GCF_001693735.1	GCF_003001995.1	90.4619913569646	0.2512623874227554	88.67212758648463	3.60088867393635	23.302472696773066	956.2217570164864	967.872993364873	970	0.3551683172902323
GCA_009684525.1	GCA_016223015.1	95.96659102472603	0.06527705894841333	95.54973539885837	3.0735355204331385	72.1179653734307	5585.560126525565	5621.61910921228	4212	0.7175052718861208
GCF_004006635.1	GCF_003019695.1	89.14351504673019	0.8548655018832908	87.99028869299156	6.589138031551718	0.7655416808221673	87.56250586503003	87.94527670544112	104	0.27691567060562156
GCA_900550095.1	GCA_904399395.1	97.00040006694401	0.176793516122699	96.26558884313656	1.1400022760576265	22.364158720134355	531.4159448524124	542.5980242124796	426	0.8017217930394496
GCA_003695905.1	GCA_015488115.1	88.74315419660377	0.2911922319547156	88.9703305556469	283.813509718651	0.0	658.5643736639221	658.3368203328403	883	0.22078843027315836
GCF_009725235.1	GCF_000760695.4	92.83432456597001	0.12202870492132883	92.55315969639274	9.587499772641271	9.911446494627853	3019.2700597670555	3024.2257830143694	2515	0.48385440683596964
GCA_002687335.1	GCA_009392215.1	93.19087265677247	0.3127298136369583	92.70191884039221	5.961986549755308	3.2548887398039597	432.3871176081084	434.01456197801036	357	0.5038492266705727
GCA_007134215.1	GCA_007123395.1	93.11492637357543	0.27206224965809706	93.12553505524166	35.038374888377376	0.14722340985690607	561.1896258899609	561.2632375948893	456	0.4906692051820541
GCF_000828575.1	GCF_000008645.1	98.44245787683545	0.08026230679688644	97.30433651304087	0.3119371716677007	106.10737271377752	968.0146176339646	1021.0683039908533	1005	0.9017595021986193
GCF_003610585.1	GCF_002936985.1	89.64688939597796	0.1183112817137581	88.1085590051515	5.394527091291249	55.07302201446237	3811.4554962481006	3838.992007255332	4721	0.2597292934349608
GCF_000799235.1	GCF_002835665.1	89.37474562225877	0.31714517745513465	88.02225916744187	5.554184483614372	7.693978358409822	629.9941736814519	633.8411628606568	720	0.2885148963872833
GCA_007128315.1	GCA_007694005.1	91.41977965192397	0.1149242684225629	91.38520351345602	29.047286906026013	1.8643294408384463	3709.164238026998	3710.0964027474174	3577	0.37075859044878046
GCF_014647795.1	GCF_017592555.1	95.95868869973118	0.038245272994597485	95.14460874763154	1.7805458881095184	542.5678024405715	16503.531668050873	16774.81556927116	12666	0.7154096661186176
GCA_003513005.1	GCA_003485325.1	91.13408567917135	0.24359437358320632	90.68375464161898	9.587499772641271	3.676371813630567	905.8264671404642	907.6646530472794	871	0.3726865129986835
GCA_900556745.1	GCF_902506685.1	95.97260853459734	0.11300965388774177	95.51935602365764	2.780997657853321	27.645269152605124	1854.6561529436935	1868.478787519996	1385	0.718250382967732
GCF_001592045.1	GCF_001660385.1	88.39951583199299	0.1935585416825978	87.24707946676877	8.42559987152911	10.656315003994678	1542.2233885434553	1547.5515460454526	2221	0.20540946793349654
GCA_903869675.1	GCA_010027235.1	91.15270998971123	0.1735161225468518	90.52647499019697	7.948167045262953	9.975713547487885	1655.728577635346	1660.71643440909	1657	0.3518963662338168
GCA_011334735.1	GCA_014361295.1	91.86837456983638	0.1912483868823112	92.00359486049172	283.813509718651	0.0	1314.880325573932	1314.6918930036434	1176	0.4106502464394973
GCA_003552985.1	GCA_003552665.1	92.77986228563022	0.12076632801540065	92.7453438625117	25.52707406805579	1.5972653559956598	2930.832967910254	2931.631600588252	2478	0.46297726363671127
GCF_000245735.1	GCF_000272005.1	94.29258201769146	0.10238833012021667	90.65338962684616	0.9179106640370354	436.2385142668618	3309.3896755403825	3527.5089326738134	2800	0.5806414348517596
GCF_004138285.1	GCF_002574545.1	93.55378393642093	0.11975030014175683	92.27827650379244	2.443971219232322	94.25007728123819	2979.43467795298	3026.559716593599	2440	0.5471568973568733
GCA_002424295.1	GCA_902809935.1	93.24840105940595	0.13756402635349044	93.14332942872025	15.874010519681997	2.755527378365514	2228.1080074596357	2229.4857711488185	1804	0.5121941788144723
GCA_902571315.1	GCA_902614225.1	93.55759464581097	1.0542179359997537	92.1290027757601	2.026085211465097	1.6731475225215036	39.28144976175802	40.11802352301877	31	0.5503056840632389
GCA_903924445.1	GCA_903915615.1	96.92795009925852	0.06363800211937067	96.8732545573127	9.311903019037887	4.150640694566391	3977.079288160416	3979.1546085076993	3024	0.7946080427672243
GCA_017548765.1	GCA_017543445.1	91.33672366385865	0.14504084549896865	89.15824674077861	2.780997657853321	88.67412298388444	2402.267802399767	2446.604863891709	2396	0.3710857622192202
GCA_017962825.1	GCA_016291475.1	93.02961729539606	0.13655923016699997	91.80011541284225	2.8633045638333394	63.54453116207969	2415.939277018388	2447.711542599428	2031	0.5027270371075927
GCA_012270995.1	GCA_009843505.1	91.69173943160614	0.09255009336778937	89.97186440506191	3.1645004295160937	162.88081426556164	5655.319350669593	5736.759757802374	5473	0.38919662437439334
GCA_016705235.1	GCA_017993775.1	94.01777709173703	0.07115367551180485	93.54272515230049	5.088848640517972	66.27970139588797	7188.858053373576	7221.99790407152	5668	0.558293785243282
GCF_013177675.1	GCF_013201935.1	88.47946034769198	0.5341821174675893	87.67586713392068	9.311903019037887	1.162861255446444	238.7930636325362	239.3744942602594	293	0.2550645460025334
GCA_017561055.1	GCA_017473265.1	96.59329395056724	0.24155209593756682	96.2977464791969	2.948047439780061	3.2808827498496385	339.62077041627845	341.26121179120327	260	0.7747809029318315
GCF_900106585.1	GCF_009696675.1	89.82106140842822	0.26348872801839424	88.75777814546856	6.589138031551718	7.52900975506509	832.7175897585582	836.4820946360908	950	0.2876381957771368
GCA_012031415.1	GCA_012033355.1	96.49701294583019	0.07409041686923336	95.5114237545993	1.1400022760576265	201.84769495348974	3705.081144028918	3806.004991505663	2869	0.7619093933978474
GCA_002694895.1	GCA_009391605.1	97.73730571725781	0.2522534396826612	97.58804646587198	2.2392125528322575	1.498487157619138	168.73252374153742	169.481767320347	146	0.8577156564654594
GCA_002840975.1	GCA_001769215.1	95.53324063153774	0.0818022745083319	94.78873534763314	2.1748454368142185	103.88311129044268	4158.186875669187	4210.128431314409	3169	0.6883585706778754
GCA_002719395.1	GCA_002699425.1	88.84889300460735	0.2647166798601922	89.0084433115034	112.53251043999997	0.03720580623371461	865.2692633153044	865.2878662184213	1091	0.2453105777499632
GCF_015476655.1	GCF_900176595.1	90.11733722974972	0.2934502902509442	87.84770439725234	3.2581575523800375	20.01948000774314	687.8671638937734	697.876903897645	743	0.3212172594623717
GCA_009392675.1	GCA_002435305.1	94.07570118975819	0.3174561983272924	93.98278110074395	14.363128645330688	0.4296311426638795	378.0967403116297	378.3115558829616	288	0.578646882208206
GCF_000018485.1	GCF_000016125.1	92.788229485425	0.16289915219790665	91.58129088090745	3.0735355204331385	42.824037573037	1772.0837676095705	1793.495786396089	1504	0.4892977308912925
GCF_000784835.1	GCF_000016785.1	95.93213898601394	0.1062703254189686	93.37145915268631	0.668740304976422	294.1811090469364	2319.8450989486073	2466.9356534720755	1891	0.7245183313544655
GCA_003134375.1	GCA_003161635.1	93.11822676245404	0.14581591775542813	92.68059335497195	6.784151343742322	12.658700558808505	1941.8591329820852	1948.1884832614894	1623	0.4878754722388376
GCA_001552015.1	GCA_003086415.1								0	
GCA_016882385.1	GCF_014697415.1	90.70468923193778	0.18192043615430875	90.26476742538827	11.23251028437962	5.1326512440859915	1528.317623302719	1530.883948924762	1617	0.3203804619974289
GCA_002737445.1	GCA_005798405.1	89.70708363511318	0.7669868911496296	89.93164663325035	283.813509718651	0.0	102.85345685542333	102.7915376675063	108	0.30527713775598897
GCA_013329135.1	GCA_011391345.1	96.53601059725275	0.119231382799103	96.56504326207997	283.813509718651	0.0	1312.132377988711	1312.058969165428	972	0.7628233031650032
GCA_013375355.1	GCA_019058315.1	91.31008154135284	0.5011188511709788	91.45606460682201	283.813509718651	0.0	217.17451807391808	217.1623868302652	200	0.396697672232357
GCA_017645765.1	GCA_002310035.1	92.49998419812981	0.4345393775795158	92.07984635461581	7.6236546976459225	1.2502506658213406	248.13907887697226	248.76420420988293	213	0.4598366594902818
GCA_003132805.1	GCA_003131685.1	89.97466091230247	0.20717355732741619	89.81515415587313	22.433472447329432	1.2033954463454393	1218.7785665667866	1219.3802642899593	1420	0.2766883741183689
GCA_015484985.1	GCA_015491595.1	98.7235971860427	0.08271038317899562	98.63882090522958	1.3924542830368505	6.857427243836582	609.6318765636047	613.060590185523	673	0.9198670417875054
GCF_000474945.1	GCF_000382285.1	89.72840110116391	0.09734451350456078	87.88808398006313	4.604494093647612	103.99452616111375	5601.87206580208	5653.869328882637	6870	0.263743283233164
GCA_005524015.1	GCA_000296795.1	95.67316624934098	0.08944189000686305	95.1760627313444	2.948047439780061	47.15625840469147	3366.728032418923	3390.3061616212685	2559	0.7026510912776479
GCA_003553795.1	GCA_007133145.1	94.09224592523158	0.10375024529564608	94.16355995943707	283.813509718651	0.009881136520561995	3221.285196879739	3221.2901374479993	2498	0.560262093776762
GCA_003221695.1	GCA_003220675.1	91.80335952591162	0.15331533927537597	91.61528427552011	15.417705344231111	3.403271635593228	2012.7105480482003	2014.412183865997	1882	0.39555160238145853
GCA_011362045.1	GCA_017601345.1	90.6675823561875	0.5607708089873453	90.84419034306475	283.813509718651	0.0	173.43158493625933	173.38481144131384	171	0.34474279801277846
GCF_900112175.1	GCF_900115785.1	87.40560213416296	0.16476831555292232	81.28116513280537	2.5163034302254443	125.11223852111561	2300.076548560483	2362.6326678210407	3828	0.17527437316381522
GCF_004339575.1	GCA_003978805.1	93.02381384063658	0.7962955245863376	92.57062606664684	5.961986549755308	0.4883494956613674	75.3765863321725	75.62076108000318	59	0.517528667517149
GCF_003751785.1	GCF_003755185.1	89.29431966182851	0.12118005159339879	85.50566400312441	2.780997657853321	162.0176424233232	3672.6708429252253	3753.679664136887	4853	0.24055677113762988
GCA_005791235.1	GCA_903828265.1	93.79740062528971	1.9713182428181084	93.95364802151012	283.813509718651	0.0	9.009345256102486	8.996698927502537	6	0.5691272013427656
GCA_013698135.1	GCA_013812395.1	92.1777965503906	0.2682769452296629	92.29817483806471	283.813509718651	0.0	618.7297106902604	618.7044016719088	559	0.41705899008879743
GCA_003142295.1	GCA_003142635.1	92.28937532802289	0.21305897588386918	91.69301111437662	6.138438574092371	8.153866747542907	1054.664829897099	1058.7417632708705	915	0.44265253826369977
GCF_000702545.1	GCA_902780915.1	92.75458695091568	0.17301524506914412	91.51706882875705	3.1645004295160937	36.41702948509101	1490.2018289798211	1508.4103437223666	1284	0.47065054123697647
GCF_013415885.1	GCF_000337455.1	92.92360126499946	0.1128140150915463	91.56134337266099	2.8633045638333394	97.0114520299112	3414.481117114885	3462.9868431298405	2960	0.47740688913524537
GCA_902364645.1	GCF_003438495.1	95.03030402758182	0.0760102719594765	93.86219238963994	1.7805458881095184	226.52702667045196	5256.8021686590255	5370.0656819942515	4097	0.6408837959312385
GCA_002730735.1	GCA_002714165.1	95.40072600211644	0.11465442629128286	94.61228983111153	2.2392125528322575	56.334712930786736	2142.0564528101577	2170.223809275551	1645	0.6726332305880155
GCA_001465015.1	GCA_016793325.1	88.59089286840126	0.10715881729256324	86.86971365153022	5.961986549755308	63.625532131349246	4927.617675896963	4959.430441962638	6997	0.21145030554341887
GCA_002725495.1	GCA_002686215.1	99.61859568483356	0.15572804139097746	99.24321168178345	0.08153264721173321	1.2330936340854777	24.294827372642555	24.911374189685294	58	0.976923036480065
GCF_003205875.1	GCF_001306135.1	93.19578020136943	0.058823581099868454	92.38059426656324	4.046479871071336	183.71380173526995	11725.858069496315	11817.71497036395	9834	0.4934003607113904
GCA_012961755.1	GCA_003645885.1	94.52618617624236	0.27762918029704897	94.58886973567638	283.813509718651	0.0	460.2609676087887	460.23554071097027	339	0.614500586730442
GCA_009841225.1	GCA_009838515.1	94.62855464222073	0.0485266306453037	93.90102169413056	2.9851854363024235	274.5786866780036	14019.965374282681	14157.254717621683	10872	0.6087344852139692
GCF_004681185.1	GCF_010119205.1	91.35427499863428	0.10389188004510663	90.03298392102525	4.166240215837463	86.65540005909497	4626.884056361511	4670.211756391059	4606	0.3672181832969746
GCF_003201775.1	GCF_018860365.1	90.24546942043736	0.14855473664745988	88.40141827213823	3.8171879095811088	60.97654243215402	2631.235510784247	2661.723782000324	2816	0.32433039412444775
GCA_902387145.1	GCA_002092835.1	95.17555048872333	0.10652385573748727	94.19986205722056	1.8332432438918538	97.48074277909927	2740.8884638532672	2789.628835242817	2109	0.6681914122444357
GCF_000337375.1	GCF_007671685.1	92.92781905932176	0.1329649955580644	90.58111469057715	1.8332432438918538	142.44165970734048	2470.0654548260236	2541.286284679694	2189	0.47886388542253705
GCA_002898675.1	GCA_003695605.1	92.6481020714277	0.1282974744014366	92.27222187684428	8.42559987152911	12.19117705971803	2627.2908002189097	2633.3863887487687	2280	0.45235438089380825
GCA_018644665.1	GCA_002687025.1	91.77125166753986	0.16235815349030083	91.9017311443908	283.813509718651	0.0	1808.0730077845228	1808.0558418825615	1674	0.39351198550883676
GCA_017547245.1	GCA_017847995.1	91.28078225417812	0.34609796563174183	91.42650302357082	283.813509718651	0.0	416.37878769812335	416.371327907945	402	0.3653802590313756
GCF_002161085.1	GCF_900626285.1	92.8894728912834	0.22913476330439736	91.72291168437617	3.1645004295160937	20.76909379805238	850.2431603733262	860.6277072723524	726	0.4825583290945366
GCA_012521175.1	GCA_012519955.1	92.99442542048793	0.34666784504984066	91.02201060871565	1.8875002400771668	20.143182298390457	395.0339406296249	405.10553177882014	332	0.5137111332553681
GCA_012515775.1	GCA_018056925.1	97.2445317559395	0.06527295901201108	96.98361821605765	2.3737182283699307	39.180642732900196	3286.124849851649	3305.715171218099	2590	0.8172751344393965
GCA_015661555.1	GCA_015662355.1	92.00001872610945	1.4007292807344527	92.13595529608756	283.813509718651	0.0	25.13834193671348	25.132690670634798	22	0.4334265692831876
GCA_003559755.1	GCA_003553185.1	95.20759708726058	0.11240097731030052	94.98253789613398	6.320112904221773	10.202557599115607	2301.763366090097	2306.8646448896548	1707	0.6547116845392837
GCA_005880525.1	GCA_005879985.1	94.15015634725935	0.10189406230048631	94.22148130381086	283.813509718651	0.0	3339.711382596652	3339.6286743735604	2564	0.5670092338567835
GCA_003218515.1	GCA_003218935.1	96.83602332051895	0.06205524200757592	96.55327059969264	2.948047439780061	42.64633306165888	4477.06800117717	4498.391167708	3451	0.786097427661743
GCA_002168155.1	GCA_002470305.1	88.7752868063686	0.3661092584721042	88.26875728177723	14.363128645330688	1.1213007035183864	420.7559554505098	421.316605802269	573	0.22288572586281458
GCF_014647115.1	GCF_014647155.1	92.07608995114708	0.12799029794386393	89.97394275467776	2.443971219232322	117.094586753361	2871.2983102930743	2929.845603669755	2712	0.41592358810071295
GCA_002716355.1	GCA_002501535.1	89.40797195368853	0.366009849541457	89.61052960971607	283.813509718651	0.0	465.60031521419285	465.5720588033038	521	0.28948111460368525
GCF_003992135.1	GCA_900766245.1	92.68561457850384	0.22458841642766092	91.26038345454074	2.780997657853321	26.355716166694265	910.9280320283827	924.1058901117299	795	0.4736081082211705
GCF_001298445.1	GCF_014697615.1	94.78601654401054	0.09945821711765516	94.03758322515631	2.780997657853321	70.10474793750473	3318.2289566433533	3353.2813306121056	2560	0.6294260959262215
GCF_003076595.1	GCF_001660005.1	85.63063700246846	0.40696032223336487	85.071312733644	18.063054805465843	0.7940245739824832	439.2860308798022	439.6830431667934	814	0.14602646064085123
GCF_001886495.1	GCF_001886855.1	99.99989999623712	7.624920901040061	99.99989999610843	0.07046880897187136	9.98898795900871e-08	0.00017197278517228076	0.0001720227301120758	6	0.9999939997892264
GCA_005787345.1	GCA_903827085.1	93.93747976627147	0.12415697197948972	93.98201760971698	66.01304833500501	0.15867129642356304	2362.8810376660144	2362.960373314226	1832	0.5526697105349248
GCA_002732845.1	GCA_002401565.1	90.54223313850794	0.2592585269555753	90.02213092908285	10.163404517371868	3.2610741701555526	788.9135059243207	790.5440430093985	835	0.32258438432051756
GCF_000336615.1	GCF_001280425.1	91.05296742985541	0.10933576144941778	89.2247339929432	3.453869514621738	111.07392356455057	4250.889259198444	4306.426220980719	4406	0.34732651114726637
GCA_018262985.1	GCA_016926955.1	91.75203646178254	0.10170866910072679	90.0077388642212	3.0735355204331385	143.15138179061614	4693.08418326108	4764.6598741563885	4494	0.3967544086933678
GCF_005222785.1	GCF_002900975.1	88.73364842228963	0.1857453041952302	86.2382561554283	4.218724383004947	38.69830607211179	1675.8811836933583	1695.2303367294141	2304	0.22421118589979316
GCA_002715375.1	GCA_002474345.1	89.90825950492892	0.3797492118105348	89.93946115678114	38.72412099793306	0.13475958456274384	443.15571027145006	443.22309006373143	451	0.3294323775549654
GCF_000445425.4	GCF_000500065.1	85.94107027124261	0.4384432876654858	85.24353463700103	14.974516854880767	0.9720353013788099	380.80211964351884	381.28813729420824	662	0.15770097400231592
GCA_017578085.1	GCA_002159155.1	93.29961838122445	0.3693695069118411	92.63825065978826	4.604494093647612	3.701128454844252	303.0701751614321	304.9207393888542	248	0.5066570923238911
GCF_000526375.1	GCA_002425685.1	95.19336461696494	0.0745082955626597	94.54098386906878	2.780997657853321	103.26076362650383	5430.935290163531	5482.565671976783	4128	0.6579055055016915
GCA_017397765.1	GCA_015056325.1	91.48863374371675	0.21387846941697763	89.6540639118916	3.0735355204331385	33.43310313373286	1082.695920700849	1099.4124722677154	1062	0.37831541050157
GCA_011523245.1	GCA_003517285.1	95.44928003534663	0.32166092081934144	94.69432073561283	2.1748454368142185	7.300447896043693	270.5226208097081	274.17284475772993	204	0.6779149749639917
GCA_012840385.1	GCA_902812435.1	94.23720814168249	0.1501227542064121	93.96963996886552	7.404509504937814	6.671308306719766	1603.5949170889262	1606.930571242286	1238	0.5838197596996269
GCF_007990635.1	GCF_007990525.1	95.48870203190522	0.19233512915458484	94.47372921378782	1.631369744526313	31.54326599089609	794.8680960517811	810.6397290472291	609	0.6933165030196774
GCA_015666175.1	GCA_007130465.1	92.30902473316907	0.6351290053722991	90.70666390481026	2.780997657853321	4.127873256978518	125.7426263079367	127.80656293642596	110	0.46284494656001995
GCA_019119225.1	GCF_001696685.1	88.36797020403883	0.9398949763598751	88.29539923749373	30.792107844480416	0.03907384494473831	73.6272022212801	73.64673914375247	95	0.2371297594874486
GCA_902801565.1	GCA_017444295.1	95.32758861643828	0.09417704357707307	95.06203545066273	5.394527091291249	17.64890861925778	3231.4295359315615	3240.2539902411904	2396	0.6691171343138286
GCA_015295825.1	GCA_015296025.1	91.55308350101338	0.21832075900444012	91.3802395475085	16.8275352334218	1.497890217041686	1018.2847106310742	1019.033655739595	968	0.3815281429431028
GCF_000277405.1	GCF_000259275.1	88.59484205305532	0.6874105943011458	88.84399726393917	283.813509718651	0.0	130.60762318474917	130.54063563911015	163	0.24106108621147712
GCA_003167155.1	GCA_013289785.1	92.54967048535251	0.19266220455406738	92.66335313693659	283.813509718651	0.0	1151.6598731357876	1151.572471300377	995	0.443597017299364
GCA_905480125.1	GCA_018669945.1	93.99851844445178	0.2172038022502573	93.96754723467559	22.433472447329432	0.41202805209104554	808.8205630191295	809.026577045175	624	0.5735818014452791
GCA_002479255.1	GCA_003135135.1	94.06816827921544	0.07180911488257058	93.34927175456687	3.60088867393635	114.76233460872027	6988.29535217537	7045.67651947973	5562	0.5617337191056159
GCA_002721615.1	GCA_002708085.1	92.29506881004554	0.4016397991393648	91.26583478432431	3.7074612216309677	5.577871354907188	323.9198901256276	326.7088258030812	278	0.46908531100770096
GCF_900115845.1	GCF_900177535.1	96.1932824517389	0.059549335271940444	95.97934185401633	4.740769527530555	30.55212668860986	6565.115836376037	6580.391899720342	4996	0.7483147964786773
GCF_900115605.1	GCF_900116255.1	90.0593393833913	0.3168354305286085	86.94636378378789	2.5163034302254443	26.366385713469754	591.2708310718838	604.4540239286187	648	0.3189976397900404
GCA_903916325.1	GCA_903861835.1	95.18888559812456	0.42714318756773745	92.71981831440993	0.8915249320833912	17.381377681569006	170.95101162485304	179.64170046563754	138	0.6654271282546699
GCA_900766245.1	GCF_003992015.1	94.97250213686137	0.15114180003495845	92.46510554980837	0.9730479906804452	145.64851331066893	1409.1068400608488	1481.9310967161832	1146	0.6461783735609946
GCF_018967645.1	GCF_018138385.1	91.09745209501699	0.1852646607687562	86.53136008358979	1.5647632398299687	138.87360590383923	1560.0222517393656	1629.4590546912852	1606	0.3707444638339037
GCA_009910795.1	GCF_000512895.1	96.10470265745124	0.08000560466885039	95.31936712098152	1.7293633402042623	113.65752038872961	3696.768305850343	3753.597066044708	2859	0.7334210295845985
GCF_002797735.1	GCF_900116565.1	91.52097348015808	0.11568101810869066	90.51288731617736	5.088848640517972	49.34471333119836	3633.916580311465	3658.5889369770643	3528	0.3773508630458236
GCF_016904885.1	GCF_002305855.1	91.12393646391803	0.06629359685827456	88.48085536028444	2.5163034302254443	513.9782513646423	11457.365685262526	11714.354810944847	11911	0.35298102924683994
GCA_003130875.1	GCA_011362805.1	91.07434743489758	0.26911897051176825	91.22456590205887	283.813509718651	0.0	684.6072432851324	684.6024838341939	686	0.3457299701465333
GCA_002690755.1	GCA_002683215.1	93.75218313227616	0.09730915731070719	92.67274557243135	2.780997657853321	108.27428593116838	4068.013948794963	4122.151091760547	3313	0.5383841979638602
GCF_000022145.1	GCF_000013385.1	95.6888575991969	0.05352530034652839	94.75023602089087	1.729363340204262	339.80140662032136	9126.41310916429	9296.313812474451	7039	0.694083508939576
GCA_002440745.1	GCA_016937295.1	92.53866544041149	0.5024299589536745	91.2942703050983	3.2581575523800375	4.498175655849593	186.56758618411362	188.81667401203842	161	0.4646274825386188
GCA_016182905.1	GCA_016191335.1	93.82915834755015	0.0811635415921931	92.92432634878016	3.1645004295160937	120.72731789369936	5848.492256153138	5908.855915099988	4714	0.5497491152632958
GCA_019239825.1	GCA_019237325.1	92.22857647006717	0.20577475998223455	92.3596661629315	283.813509718651	0.0	1070.8657878234683	1070.5517872777705	933	0.4317749570930253
GCA_016195465.1	GCA_001803795.1	94.80985432287096	0.14452154945687362	94.30106985740606	3.7074612216309677	18.63873910386019	1605.3048089842734	1614.6241785362035	1219	0.6311776953779684
GCA_002716645.1	GCA_002724585.1	94.98414673546527	0.40730041199768774	93.95762205220751	1.9112780044394568	6.785379534423328	193.1970959082454	196.58978567545705	148	0.6462571431327582
GCA_003153775.1	GCA_903893135.1	91.26407158761077	0.22995928505610197	91.41066411533359	283.813509718651	0.0	969.1194996142677	969.0885879799563	925	0.37187167375451274
GCA_012512265.1	GCA_012841485.1	95.49444562885434	0.06641532845652855	93.81473287352458	1.1072324263749704	484.969421900556	6252.068941364359	6494.553652314637	4870	0.6791466370489732
GCA_011380505.1	GCA_002898715.1	96.45614190823406	0.26748706595560556	95.93137122358871	1.9678445314082378	6.640859366546806	283.9959618722928	287.3163915555662	216	0.7565568256290021
GCA_910588025.1	GCA_910587775.1	94.37707671324934	0.45720229010248487	90.22401603189086	0.7089103935043517	29.116979777284087	183.5889936526489	198.14748354129094	153	0.6172190982537741
GCA_902572695.1	GCA_001321855.1	97.79829622736374	0.2538130749281661	97.64773067170125	2.147788691431886	1.5524954949988228	160.4943497221108	161.2705974696102	139	0.8628871152903818
GCA_017881585.1	GCA_003171215.1	95.73653981991592	0.058672305631248575	95.40258950141468	4.046479871071336	64.5606051328632	7292.592538757066	7324.872841323498	5458	0.6970565550264998
GCA_002307115.1	GCA_001873075.1	95.8377104442256	0.14798012598154367	95.87081117202094	283.813509718651	0.0	1136.9871980653052	1136.9861091011705	842	0.7154246291468856
GCA_900545915.1	GCF_003634345.1	94.93130277900774	0.09099178002503726	93.95928553171082	2.086049593145407	124.50791314243997	3913.5032151458445	3975.7571717170645	3017	0.6422104561200769
GCA_002430545.1	GCA_902586905.1	95.75056649714881	0.13814367826457105	95.68765595337574	14.363128645330688	0.9818244826797127	1327.401441908426	1327.8923541497659	988	0.7054952810946186
GCF_002272925.1	GCF_002272875.1	89.25807012738238	0.31255970468620303	89.14849167790261	24.08059389994337	0.5716625921097602	669.1978779900763	669.4837092861312	743	0.29631243351255404
GCA_003532555.1	GCA_002338345.1	94.34771235134676	0.514398661832083	94.43197476035064	283.813509718651	0.0	125.71059894240543	125.66627924653233	92	0.5906080211634342
GCA_013359255.1	GCA_905339165.1	94.28061767037286	0.10776679196269642	93.96162223370878	6.320112904221773	17.42803558022115	3125.2164151408842	3133.930432930995	2401	0.5920940872137795
GCA_003542295.1	GCF_015775515.1	95.4202100059451	0.1659923728041571	95.30306848504625	9.311903019037887	1.912752724733764	1053.4008870816115	1054.3572634439784	777	0.6868261013047247
GCA_002432945.1	GCA_002436015.1	92.01530386218282	0.20807569814462376	91.26190003480156	5.554184483614372	11.20411984294833	1129.8184360868208	1135.420496008295	1022	0.42151668773704726
GCA_015661585.1	GCF_003351865.1	99.53703704379895	0.46188950325568223	99.53811102115971	283.813509718651	0.0	3.3797663168368217	3.3795461989939213	8	0.9718605254937872
GCA_905372225.1	GCF_004138455.1	95.93333605859947	0.15216910883116586	95.12171270195579	1.7293633402042623	36.210623736321395	1064.7916428201358	1082.8969546882965	811	0.7189653618417466
GCA_017500845.1	GCA_015055705.1	95.1532684188176	0.11947868810033545	94.10754922537032	1.8875002400771668	79.36597153895855	2118.43703015964	2158.1200159291193	1633	0.6566635921031754
GCA_001316285.1	GCA_001316005.1	88.04310829082502	0.3811165334176746	88.28069704637755	283.813509718651	0.0	429.0014210170869	428.94493354308474	605	0.20945268941819287
GCF_000011485.1	GCF_000760295.1	95.2333214901778	0.07996365868964453	94.51763827963373	2.5480025361421035	99.473071982693	4615.316411358393	4665.05294734974	3516	0.6621258917293528
GCA_011055275.1	GCA_002507085.1	91.15828939608926	1.418619272116655	91.34575017503903	283.813509718651	0.0	26.361524835668973	26.3481154894709	23	0.3754221141174262
GCF_001887355.1	GCF_000335475.2	95.61224388987615	0.036846238907330096	94.55952397483911	1.631369744526313	839.3240404250246	19742.043260982533	20161.705281195045	15317	0.6892800581863
GCF_001591405.1	GCA_019116945.1	89.93867942764517	0.16153226287836214	88.82059134081811	6.507164100443355	19.183502115422016	2016.34918915173	2025.940940209441	2391	0.27556294379612034
GCA_016187745.1	GCA_018304445.1	93.14054417986043	0.35353074494581355	93.2339814903055	283.813509718651	0.0	329.31727193185947	329.3018630956744	272	0.49677137113879627
GCF_002002905.1	GCF_003201855.1	92.58290485635268	0.20904844341869763	91.75757452992471	4.604494093647612	13.9288732838736	999.0064369574217	1005.9708735993585	874	0.44636695290389755
GCA_003447535.1	GCA_002862745.1	91.9982390447094	0.26238403231657614	92.13447532950414	283.813509718651	0.0	710.4159737693565	710.2683511231637	616	0.4301182270471109
GCF_001730295.1	GCF_017377505.1	91.23775166144308	0.4074156030764547	88.21221885933386	2.026085211465097	18.274566505161147	329.6732730616179	338.8105563141985	321	0.38590033511276134
GCA_011369665.1	GCA_011053655.1	96.07543007029821	0.2161622850616079	96.10868555963116	283.813509718651	0.0	480.27360815707493	480.2482704620266	355	0.7314277909443064
GCA_003170875.1	GCA_003135255.1	94.16034188720222	0.16109459809967677	94.00204240589481	10.909627004838343	2.9327877140935925	1351.623121415112	1353.089515272159	1050	0.5684852861328382
GCA_001770015.1	GCA_001769975.1	88.90130886192017	0.743874854541205	88.60127627541074	16.8275352334218	0.17357063121556848	116.33321563429752	116.4200009499053	140	0.26486917660161524
GCA_903934795.1	GCA_018970865.1	95.40950269683816	0.05298646123508285	94.60094120480858	2.147788691431886	290.40703172882786	9801.21671879907	9946.420234663485	7505	0.6702161671874078
GCA_019247305.1	GCA_019240665.1	92.97715277101408	0.23912838307666454	93.0447487686054	79.62843285741236	0.04077508621821835	728.0515578248779	728.071945367987	603	0.4768473923885165
GCF_001543205.1	GCF_002083135.2	94.9562514290465	0.13337494008549966	92.05354358774979	0.8915249320833912	211.2763591977282	1829.040707902718	1934.678887501582	1502	0.6469877889378199
GCA_000991805.1	GCA_903906305.1	99.41860466918898	0.5797023381366115	99.42027549783039	283.813509718651	0.0	3.10322949591864	3.10297211445868	6	0.9653150487281943
GCF_008124665.1	GCA_011333985.1	92.69055672587214	0.17521299645911903	92.80211067464363	283.813509718651	0.0	1609.9150556165303	1609.7357258482743	1286	0.5026410984398311
GCF_002266425.1	GCF_900128955.1	88.14410297106843	0.8915414932180713	86.75685186185495	6.589138031551718	0.7608787972804123	85.37101975487984	85.75145915352005	112	0.23479190516207576
GCA_017516865.1	GCA_002371705.1	97.14913167255857	0.1787021948828678	97.15323991865326	35.038374888377376	0.03208802826327428	447.9562622044257	447.9723062185573	347	0.811721887149376
GCF_000243075.1	GCF_003049725.1	90.80908300999388	0.12103476960312709	89.55139807271284	4.94256752467296	51.79808007886186	3480.8627894370966	3506.7618294765275	3672	0.33071594811975374
GCA_002509485.1	GCA_001412335.1	95.53661771646983	0.15588681353067213	95.57807839194223	283.813509718651	0.0	1076.5462458374793	1076.4830878431237	793	0.6836782323004723
GCF_000312485.1	GCF_001155565.1	88.59733291337733	0.20248371798125075	79.58655728817297	1.5647632398299687	147.4785698937476	1383.5662467682778	1457.3055317151516	2026	0.21672352493936634
GCA_018817585.1	GCA_018817165.1	89.86255027194649	0.38131165819192653	89.45886478427309	12.781486355835694	1.0794710159186707	402.656938780496	403.1966742884553	442	0.2986022010047894
GCF_000213785.1	GCA_002878215.1	92.13995335424423	0.24690178099002602	92.27413666343207	283.813509718651	0.0	837.9898823668603	837.8033517475553	699	0.46101522584748744
GCF_000817735.3	GCF_000317125.1	94.73757827358898	0.06291239119560896	93.55924810162558	1.9678445314082378	324.9254308837626	8267.032239745555	8429.494955187436	6485	0.620350287918904
GCA_002414665.1	GCA_002416125.1	92.61957523696296	0.07691339288070387	92.12995859791636	6.98493630493306	47.36308598339201	7293.621138413575	7317.302681405271	6368	0.44812053711936256
GCA_002897695.1	GCA_013151915.1	88.99353602469722	0.307995778913121	87.7265184266207	6.784151343742322	6.253370493737975	626.972582100431	630.0992673473	801	0.2459288084154414
GCA_003279455.1	GCA_003280265.1	94.07436822457622	0.2569947869869363	93.66844466364071	5.394527091291249	4.253929496700721	599.4989855665782	601.6259503149286	466	0.5890149597290689
GCA_900541905.1	GCA_900542375.1	96.07151863671169	0.12091390620858163	95.67068360817193	2.948047439780061	20.13352401545717	1604.629477694034	1614.6962397017626	1206	0.7309205682111741
GCA_002687935.1	GCA_002495465.1	89.89332491187601	0.4447416889009178	88.54970083528568	5.239459118530733	4.350652130583171	307.2077297505971	309.38305581588867	333	0.31086506804771435
GCA_904424815.1	GCA_900760665.1	94.48930679338852	0.09745567536192373	93.78471162762891	3.2581575523800375	64.10377167641946	3590.258135410333	3622.310021248543	2784	0.5986084780720483
GCA_002714165.1	GCA_002720285.1	95.7350203661424	0.1172978975474176	93.65284088264298	0.8915249320833912	189.22108164645533	1895.4451553187043	1990.055696141932	1513	0.6995797464674975
GCA_014381545.1	GCA_013202725.1	95.60986516587249	0.2398982252815613	95.62887819098161	56.34538227695679	0.024620378348686245	460.9331666622362	460.94547685141055	339	0.6974210374294552
GCA_002841435.1	GCA_002841495.1	91.8070853739359	0.27836314588220223	91.9469844364248	283.813509718651	0.0	671.864372537269	671.774315857517	580	0.42921027649477944
GCA_002703375.1	GCA_002704045.1	95.06763264091094	0.41452371749011035	95.12893081304898	283.813509718651	0.0	176.92479124735468	176.8858805293224	129	0.6637100447608748
GCA_017941235.1	GCA_002477275.1	91.23026946155836	1.033976635920299	90.06546560595231	4.3435825072709076	0.8770866656338967	53.848094066442755	54.2866373992597	51	0.40629068509061655
GCA_012842495.1	GCA_014896535.1	89.73596106527866	0.20335939105046558	88.35423914505795	5.394527091291249	18.453087487741413	1413.4684248092576	1422.6949685531283	1622	0.28779597515196687
GCF_001696685.1	GCF_000438455.1	96.6561449811184	0.13391495176210522	96.33659305160725	2.6234136766681906	12.282330575883407	1067.1493908163043	1073.290556104246	819	0.7788418417375353
GCA_014874475.1	GCA_014360895.1	92.81135486244007	0.4158171256353741	92.91735411643747	283.813509718651	0.0	250.4132123481223	250.39146715267086	209	0.4710955892361065
GCA_001766965.1	GCA_011055645.1	96.27125793716456	0.19355474246633533	96.00672878299441	3.7074612216309677	4.491957276983385	569.9231099929965	572.1690886314882	423	0.7429919237161549
GCA_014238395.1	GCA_014238475.1								0	
GCF_014203225.1	GCF_000178955.2	95.17166654284634	0.044259508006818306	94.46867001060156	2.6234136766681906	320.6416048133906	15074.509908705817	15234.830711112512	11523	0.6534793907303735
GCA_011373895.1	GCA_011373445.1	92.50461776604531	0.2499033807996417	92.26005508097117	11.23251028437962	1.921582217124751	766.6534103102205	767.6142014187828	654	0.46872963551951924
GCF_018642185.1	GCA_003176115.1	92.71572141085237	0.3360996410915393	92.83337437025693	283.813509718651	0.0	410.93091629221993	410.84062777286664	333	0.4894573501669664
GCA_018725485.1	GCA_018725175.1	90.83395942618642	0.797012041430948	91.01728862851573	283.813509718651	0.0	90.4727526861224	90.437935433711	83	0.3757594844392021
GCF_006376675.1	GCF_902825325.1	92.76481668929273	0.06515445386594182	91.04864520452098	2.443971219232322	396.3930661261329	10206.137390677446	10404.333923740513	8987	0.463446676207965
GCA_002707655.1	GCA_002726945.1	93.23016836392321	0.2214266578233815	92.4070875247303	3.8171879095811088	13.516280490462123	849.6519463839804	856.4100866292115	705	0.5013225956327632
GCF_900107095.1	GCF_002564105.1	89.10622765621204	0.10794267249573898	87.88918157041445	7.1916637338839795	43.05356221186412	4731.653807765335	4753.180588871267	6219	0.2342920062127273
GCF_000745315.1	GCF_900142975.1	88.5482688146726	0.2049371219652984	85.40463172499865	3.354586568267391	48.587518729392286	1516.2767458364096	1540.5705052011058	1986	0.24185065078127452
GCA_910579535.1	GCA_910583945.1	96.33002883839234	0.4236533046837897	95.6677591577601	1.729363340204262	3.276474021862498	128.24505377021782	129.88329078114907	100	0.7604124803685931
GCF_900168685.1	GCF_014836905.1	86.61040756930595	0.326265823755329	78.1235574684569	2.1748454368142185	43.36159094070467	602.4581108545841	624.1389063249364	1114	0.1525104737208025
GCF_019166065.1	GCF_002209565.1	90.35036401255311	0.08568757354068339	88.59406941203623	4.218724383004947	145.27937621570527	7032.936885823205	7105.576573931057	7933	0.2993677562610728
GCF_008330225.1	GCA_003151775.1	90.58562316104914	0.23563457946719907	89.87440353881372	7.948167045262953	6.200023699585472	958.3217739890849	961.4217858388777	1011	0.3236813204649037
GCA_018695085.1	GCA_905612515.1	94.50922532580246	0.26284177106445417	94.26236153851434	7.1916637338839795	2.0955554234316196	499.1199897496617	500.16776746137754	379	0.6068762880281127
GCA_902615915.1	GCA_002170005.2	92.53527799005484	0.22415530722093122	92.29254020096828	10.909627004838343	2.4941219390268543	959.598894659537	960.8459556290504	810	0.47397007392563945
GCF_001577755.1	GCF_009913235.1	86.82290666848064	0.17765939484423685	80.51512486422249	2.6234136766681906	115.44319177409398	2071.3797053968333	2129.1013012838803	3590	0.16613396868492725
GCA_012719115.1	GCA_002421585.1	95.45452034803542	0.3736541558727337	95.50686841181334	283.813509718651	0.0	191.03320934362404	191.0159843310941	135	0.6808407079964502
GCF_900104895.1	GCF_002936985.1	97.65113290486453	0.03399315981122694	97.41255687621555	2.2113550311558425	97.49977203750313	9603.668791111457	9652.418677130208	7992	0.8474218937890676
GCA_002428805.1	GCA_905216205.1	89.25198003764035	0.9875863104400019	89.45756235826539	283.813509718651	0.0	66.30548273435318	66.295505543077	75	0.2923773888324195
GCF_000011905.1	GCF_001889305.1	93.44396138943176	0.19455226513962587	91.35639533123317	1.7805458881095184	64.32247601950485	1100.3438900647757	1132.505128074528	936	0.5281670820763278
GCA_011051565.1	GCA_013152485.1	88.65884380280006	0.33889450598277726	88.87397437395337	283.813509718651	0.0	517.6901136270119	517.6879020644744	685	0.2271542912983126
GCA_003525525.1	GCF_000702665.1	96.7775331997641	0.05964658498884699	96.42492992242634	2.5163034302254443	63.56153463468945	4983.146125457327	5014.926892774672	3832	0.7821264337190099
GCA_015660315.1	GCA_018672475.1	96.101797088838	0.054398571691112646	95.94958360259606	6.589138031551718	22.838354624325802	7523.303790275926	7534.722967588089	5575	0.7280952582359832
GCA_009776435.1	GCA_009782565.1	91.45680931977049	0.4396304376749447	91.60494066614505	283.813509718651	0.0	247.6603265288562	247.63078381950186	234	0.3694065176848678
GCF_013372105.1	GCF_004357905.1	90.92494340297132	0.2105856426244932	90.21213846436544	6.784151343742322	9.738351287868682	1292.8214637231495	1297.6906393670838	1249	0.3778268710453468
GCA_900759105.1	GCA_900553245.1	93.4009751151236	0.39061690678511374	92.87388363699264	5.088848640517972	2.6337433972011013	277.5560995831782	278.87297128177875	220	0.5270308581421327
GCF_003121705.1	GCF_004786095.1	88.58039949153891	0.13049775510558365	84.81851482317528	3.1645004295160937	120.25453283395018	3310.5224515929663	3370.6497180099414	4790	0.2094427468155351
GCA_011524395.1	GCF_000211815.1	95.59935072609001	0.08976529692022787	94.9744843147407	2.5480025361421035	64.32638585952645	3410.456939506382	3442.620132436145	2585	0.6951069792167712
GCF_900107305.1	GCF_004341445.1	91.05925887987739	0.18680456168881837	90.40380448130935	7.404509504937814	10.518500270448385	1556.9676227171512	1562.2268728523754	1514	0.3689790501198155
GCF_014333445.1	GCA_902363255.1	90.16471813329892	0.6460682862213025	90.22723523056045	50.98245167538664	0.024321963110480738	146.64270048971935	146.6548614712746	152	0.3396155356978301
GCA_011053445.1	GCA_011056055.1	91.3697407340354	0.24422715899642902	91.51238982369725	283.813509718651	0.0	819.9067553335409	819.845333656551	795	0.3691939971768452
GCA_015489765.1	GCA_011322715.1	96.98971028525459	0.2306062779702201	96.59394404653767	1.8875002400771668	5.969285201996286	304.9399611235484	307.92460372454656	238	0.7989850839032603
GCA_011053475.1	GCA_011333465.1	92.73825348155735	0.1311841370863391	92.03341583691322	4.94256752467296	29.69415350181407	2746.251278803581	2761.098355554488	2320	0.48754301293988894
GCA_016208085.1	GCA_018829985.1	93.42075156193269	0.3780041943867258	93.5122927362211	283.813509718651	0.0	287.456000152518	287.42665769546016	226	0.5264617828756202
GCA_018335695.1	GCA_018333635.1	92.24116033224848	0.16074173707172817	88.70398922952363	1.5197834558110268	148.6194300980087	1813.9931767457697	1888.302891794774	1690	0.43496963989034726
GCA_002719315.1	GCA_902560065.1	97.4287974031901	0.14206978633863462	97.22492274920174	2.5480025361421035	4.654427386310317	665.5296799410414	667.8568936341966	558	0.8377000404010339
GCF_000306965.1	GCF_016908375.1	92.70911199204394	0.11728281262015511	91.49939371630988	3.1645004295160937	82.31382885061066	3404.7975319115912	3445.9544463368966	2920	0.4816527378434618
GCA_902581045.1	GCA_002713455.1	96.96945803656493	0.7927295723662661	96.40249698021718	1.1400022760576265	0.9957415049315088	27.063952774591918	27.561823527057673	22	0.8054418138817105
GCF_014323405.1	GCF_012317385.1	89.64031634879021	0.37759553579202954	89.83864511587674	283.813509718651	0.0	447.75412150127227	447.72076655800674	475	0.312204208776286
GCA_003141195.1	GCA_001873745.1	93.16203153446845	0.30876645801224106	93.25751821137496	283.813509718651	0.0	447.69668227175237	447.6775766482363	359	0.504166443512564
GCA_012798745.1	GCA_002305015.1	92.16936464446972	0.49392290346040485	90.7975904549906	3.354586568267391	4.869369836060002	193.63250159433537	196.06718651236537	175	0.42735687306788644
GCA_012517765.1	GCA_002070635.1	92.91350209051303	0.2411445666692522	92.6207598185975	9.196055803071975	2.7472300561018983	762.6438998978786	764.0175149259295	632	0.4876915432012972
GCF_900129635.1	GCF_000242455.2	88.4158637012733	0.0821600853283768	83.91538481893839	2.780997657853321	402.39500099914585	8630.206992464398	8831.404492963971	12580	0.2100521165124275
GCF_014647455.2	GCF_017874335.1	91.03160937215807	0.2724473022932393	86.906636126733	1.7805458881095184	51.242252482702725	687.5961523729077	713.217278614259	730	0.348105264103962
GCA_002424365.1	GCA_012729715.1	94.24667178085399	0.5844026162193319	92.68445935718424	1.5647632398299687	6.159816874286406	110.19235006182947	113.27225849897268	86	0.5888897155606911
GCF_900111105.1	GCF_018494085.1	87.48653021681476	0.23417866454585579	70.50842122852733	1.15436344270387	182.4335666023817	1080.6646830026452	1171.881466303836	1876	0.17726847991176273
GCA_017390595.1	GCA_017442105.1	94.21145100403523	0.17190966012369283	93.96527877055777	7.6236546976459225	4.789960611490187	1220.5637473031493	1222.9587276088944	933	0.5809042121862591
GCF_000184345.1	GCF_000147075.1	96.36240118669645	0.0718088655025279	94.94949229887335	0.9450773128508537	308.4806098672598	4266.525708115189	4420.766013048819	3411	0.7505586975331258
GCF_000317225.1	GCF_000317245.1	92.60451060801924	0.3401439567223858	92.30432877545223	9.587499772641271	1.3421043031623867	398.8692233502374	399.5402755018186	340	0.4681303053070259
GCF_009718825.1	GCF_006517395.1	92.48967548697225	0.14065035906839105	91.27430115855498	3.2581575523800375	57.421714981835066	2489.659430510696	2518.3702880016135	2157	0.47315540302279896
GCF_000828075.3	GCF_002368435.1	93.91634307755116	0.06964228704436462	92.15008231255604	1.7805458881095184	412.6316107305647	8006.645343288354	8212.961148653636	6586	0.5630787294097681
GCA_002418945.1	GCA_017992765.1	90.50372855956995	0.17797277290235342	89.64963873753177	6.98493630493306	13.947870510400662	1714.039958489613	1721.0138937448132	1809	0.32529398251266484
GCF_015356815.1	GCF_018642185.1	93.38486097800065	0.21601158762427813	93.47542598559193	283.813509718651	0.0	913.2734898467181	913.218285521549	716	0.5347557005472748
GCA_005879815.1	GCA_005880165.1	95.01868485271736	0.13511778765682422	94.6028972452479	4.166240215837463	17.25579020838859	1649.496722006422	1658.1246171106163	1241	0.6388972847559237
GCA_003158895.1	GCA_003153855.1	92.33218946960497	0.14750450495171802	91.17287272661356	3.7074612216309677	42.95172203569564	2071.0989314915505	2092.5747925093983	1872	0.42921761080952686
GCF_000243155.2	GCF_900143285.1	88.54550173172373	0.18136944095855956	86.11780753676285	4.218724383004947	42.893351740108756	1914.3310786076877	1935.777754477742	2514	0.23724812338990905
GCF_000328685.1	GCA_003559215.1	90.46172024234147	0.1584234403823906	89.24075069114203	5.394527091291249	27.114983254449726	2120.613329326523	2134.170820953748	2320	0.3131607852804219
GCA_013330765.1	GCA_013330925.1	91.68639487317172	0.48533751294795946	91.82651777934744	283.813509718651	0.0	199.23676086898627	199.20789627659698	185	0.38527151334062554
GCA_016932435.1	GCA_001796415.1	94.1886327070334	0.9277525594528812	94.25920021904946	283.813509718651	0.0	41.70566901009678	41.69814486994527	32	0.5832420968025895
GCA_012510295.1	GCA_012521035.1	94.95488828279706	0.22817725819675033	95.01426559462824	283.813509718651	0.0	573.8284549719514	573.7511499693805	419	0.6363738598200964
GCA_018993265.1	GCF_014697615.1	93.66457585389547	0.1603857486973962	92.72853346112528	3.1645004295160937	33.27030476767868	1552.2478807967418	1568.8830331805812	1257	0.5415562129385756
GCA_015491705.1	GCA_013152795.1	93.98408704467151	0.37830177686985034	94.07203132018574	283.813509718651	0.0	252.1669255274159	252.10221080432953	190	0.5629980912560727
GCF_000018425.1	GCA_002294005.1	90.87156145919212	0.2598160721797837	89.8407639355068	5.624153264053135	8.833245344223997	785.2278345399536	789.6444572120656	806	0.34466889486391916
GCA_018883285.1	GCA_903887035.1	97.57266184487396	0.1374089597832335	97.37555818432965	2.443971219232322	5.575595091895821	609.7100958717758	612.4978934177237	497	0.8420138590394065
GCA_018365895.1	GCF_018228665.1	96.33448696588754	0.09252269646647256	95.6440285278894	1.631369744526313	77.61361197693714	2582.4519839392037	2621.2587899276723	1991	0.7542679025754052
GCF_017310545.1	GCA_000526255.1	93.23071362105357	0.09426581732616524	91.70978291821201	2.3737182283699307	170.94352998122304	4711.406218330141	4796.877983320753	4001	0.5037590753066851
GCF_014694315.1	GCF_001428005.1	88.41772619867362	0.1566968790331405	85.18792039694429	3.60088867393635	71.46476832231292	2396.910920781386	2432.6433049425423	3447	0.210700030060272
GCA_012517635.1	GCA_012517485.1	92.62105023726548	0.5250376428774772	92.76117138560869	283.813509718651	0.0	169.62165685383712	169.54453298803617	132	0.4819702518328925
GCA_900554395.1	GCA_000436095.1	91.91816805762724	0.4049565053000413	92.04784079783698	283.813509718651	0.0	290.52584016649075	290.5150599674891	261	0.4106437964726455
GCA_017612805.1	GCA_016282415.1								0	
GCA_002400405.1	GCA_002328565.1	96.96847298412614	0.5797773416390923	94.23110884736086	0.37627512675703945	10.168965157917725	51.20163843607301	56.286121015031874	44	0.8034346681489275
GCA_903847545.1	GCA_903859215.1	93.92154500623144	0.12336107944140037	93.62363663957255	7.404509504937814	11.13236049754778	2415.971951054711	2421.538131303485	1901	0.5501084280857479
GCA_017428635.1	GCA_017545225.1	92.08303172826365	0.23313505138637067	90.60978758712464	3.2581575523800375	23.234208596339613	880.9916160766013	892.6087203747711	809	0.4215390658656202
GCA_012727895.1	GCA_012839115.1	89.26479179675269	0.3991025076274627	89.23688272636653	34.031181918388384	0.17948464543178488	384.2176051578535	384.3073474805694	450	0.2693188260355904
GCA_014584315.1	GCA_900696545.1	89.832949915113	0.12809403328642652	89.17138858472626	9.871253137244736	15.454029105882	3299.45598166629	3307.182996219231	3888	0.274128136691933
GCF_904420205.1	GCA_900542005.1	89.15944944569418	0.20436374167473992	87.05420512817646	4.472135954999578	28.13953642023307	1367.73341571741	1381.8031839275266	1746	0.24694253437696037
GCA_009694585.1	GCA_014190275.1	88.91059717601284	0.43965008485041146	87.39954777689825	6.138438574092371	3.2967579023159033	293.10547722784275	294.7538561790007	391	0.22809861331612755
GCF_013389365.1	GCF_000745975.1	91.56065597443151	0.5235343197347055	91.70084604003614	283.813509718651	0.0	183.64066441928472	183.61951259685836	170	0.3946672561555442
GCA_012516125.1	GCA_014360195.1	95.53494996971015	0.07372527094653199	95.07278498313887	3.354586568267391	62.82381891132718	4970.128656755461	5001.540566211124	3762	0.683123180561661
GCA_015264885.1	GCF_001071995.1	96.08423708688075	0.14465037314420226	95.71495325913199	3.0735355204331385	12.590984169869898	1144.2969007662557	1150.5923928511907	863	0.7363216998391307
GCF_900110865.1	GCF_000337615.1	89.08798975023959	0.2054389839492379	88.07349508139784	8.183402424142383	9.692530104657635	1347.657165067034	1352.5034301193627	1754	0.23986801677545788
GCA_016198685.1	GCA_018304585.1	92.97753613619906	0.3281019767165802	86.85738829740626	0.8410070728803204	66.16672368951993	400.9895200279409	434.07288187270086	368	0.4906430159156551
GCA_013152225.1	GCA_011682565.1	96.6568075381257	0.09275761479815793	96.55168457547121	6.507164100443355	5.2138890752958105	2133.5952763696796	2136.2022209073275	1600	0.7743456683123925
GCA_017444395.1	GCA_016280345.1	94.07716743941718	0.25678617182620755	94.14762086354901	283.813509718651	0.0	549.8282310410424	549.8260506101227	422	0.5675086485760998
GCA_003212515.1	GCA_003279445.1	88.04250316835852	0.4383413026504197	83.84989675937548	2.8633045638333394	14.75344712782828	344.1424300071686	351.51915357108277	475	0.22454392264184778
GCA_900761525.1	GCA_900552205.1	96.34256741426026	0.27552009048026427	96.35604263869891	46.71108434801815	0.01573333655994702	278.4249683655871	278.4328350338671	208	0.7583294166846524
GCA_002498205.1	GCA_002692465.1	93.17581776318696	1.2623166389400733	93.32839861156471	283.813509718651	0.0	26.144004251668058	26.11671541319506	19	0.5197207322110834
GCF_900109545.1	GCF_900111745.1	96.76263569473474	0.0330867297820643	96.00746916196329	1.3356023565782857	615.2777825343364	16735.857588507224	17043.496479774392	13203	0.7810755953804474
GCA_016180425.1	GCA_001800135.1	93.87837198076909	0.12815125339273895	92.82734329698663	2.6234136766681906	63.870845796764115	2503.045139317085	2534.980562215467	2001	0.573440771939489
GCA_017447745.1	GCA_902770245.1	94.05016668806793	0.20102357483109415	93.64338192730776	5.624153264053135	6.553434520736118	923.4184869563564	926.6952042167245	728	0.5671900755232836
GCA_900539725.1	GCF_000312505.2	91.19968683840823	0.20426785955341692	89.61324995221852	3.453869514621738	31.799010233113222	1335.518552046998	1351.4180571635545	1285	0.3925724966013634
GCA_004322365.1	GCA_007378985.1	90.78749248999371	0.2527706810253286	88.30429104251087	2.7010566988485465	32.1463098544084	850.1112226779014	866.1843776051056	886	0.3480616171372798
GCA_017616855.1	GCA_017620395.1	91.68906579264474	0.20556063363055174	90.79298589554745	5.394527091291249	13.737576025578164	1152.7017590404498	1159.570547053239	1092	0.3928620539766761
GCA_003216835.1	GCA_003279015.1	87.19341341804454	0.4937452364916663	86.1427827532219	9.587499772641271	1.5646237494935349	286.07953968491324	286.86185155966	424	0.19575592889408722
GCA_002849045.2	GCA_014894735.1								0	
GCA_012521405.1	GCA_012523945.1	88.90396471090143	0.7227120776925794	86.08853648894403	3.60088867393635	3.265193095318722	114.68541238417748	116.31800893183684	147	0.24442943824016355
GCA_016719295.1	GCA_016793245.1	92.90232672000258	0.05463015947660882	91.43427363002424	2.7010566988485465	453.51977715906105	14116.680294501522	14343.440183081053	12351	0.47093463291160753
GCA_900544245.1	GCA_900556425.1	93.71839305593774	0.22769767930747592	93.11279863640286	4.472135954999578	8.76692396814019	733.7190062239198	738.1024682079899	593	0.5349991088814187
GCA_017537925.1	GCA_016288355.1	92.09812925243345	0.2533675203136605	92.22449581496484	283.813509718651	0.0	732.4717431049063	732.4348626748293	642	0.42430894967209454
GCA_014859605.1	GCA_002841765.1	90.88566357835404	0.15134076279618852	91.0373132492857	260.03529363369773	0.01646025252830441	2214.945395769366	2214.95362589563	2264	0.3385355330976984
GCA_009840285.1	GCA_002238765.1	90.67442513280236	0.30603358523670315	90.83763942849514	283.813509718651	0.0	566.109750595099	566.1011542355583	577	0.3292020837022305
GCA_002398515.1	GCA_012841305.1	93.75619547381108	0.1630325199287477	93.76227993523052	33.05294113816355	0.37049830234263936	1500.3245189587492	1500.5097681099205	1158	0.5540218734745328
GCA_001567485.1	GCA_016716525.1	89.07844848010569	0.1311953067122102	88.51318043473381	12.781486355835694	10.292153544746725	3204.9832068690553	3210.1292836414286	4219	0.2335335674465333
GCA_001487125.1	GCA_900543425.1	89.67811803520914	0.1964181441897767	86.7257445632274	2.948047439780061	56.64389961661391	1522.0454804312328	1550.3674302395398	1782	0.28635362394357045
GCA_001771575.1	GCA_018822365.1	87.06293002294238	0.5278653721713755	81.88531761988949	2.948047439780061	10.623713679260675	235.05753158064542	240.36938842027575	388	0.17492776692365916
GCF_002368075.1	GCF_015207205.1	96.13344559129527	0.11827427570978398	94.17910330507294	0.8066699511227227	165.62740298743392	1740.9542022928595	1823.7679037865764	1405	0.7406425384200844
GCA_013360445.1	GCA_011526015.1	94.58954497651695	0.1192597986825242	94.43508382469932	9.871253137244736	5.140479092722671	2338.0457402315806	2340.615979777942	1760	0.6067855857007124
GCA_018056145.1	GCA_013314775.1	92.3779830359533	0.13308355224047067	92.49560225449603	283.813509718651	0.0	2514.8727476340564	2514.68930438807	2191	0.4356359443255983
GCA_002414905.1	GCA_016714815.1	90.64091356553958	0.22180003039553	89.82137585535543	6.98493630493306	8.65256810967685	1089.744686025499	1094.0709700803375	1148	0.3300179038779477
GCA_002348265.1	GCA_002348465.1	95.93010033644157	0.08826055347652911	95.47246097997181	2.8633045638333394	44.51292396383542	3137.999808039325	3160.256270021243	2357	0.7169465343890248
GCA_018402585.1	GCA_903934135.1	91.38110767788528	0.1651980739584019	90.23233193552508	4.740769527530555	27.035208654481266	1791.885676226152	1805.4032805533927	1775	0.36653136447705864
GCA_016704275.1	GCA_016720805.1	93.3293696380655	0.07123549010670183	91.27102329926696	1.8332432438918538	447.5632131000075	7893.797577276017	8117.579183826021	6787	0.503269920647216
GCA_900767835.1	GCA_900768425.1	97.02455789361255	0.32352902841889936	96.29772753479534	1.0144672443485387	7.735810282133343	157.7321289320313	161.60003407309796	125	0.8067168357280666
GCF_900107665.1	GCF_003342675.1	88.82746238386738	0.2525908744251101	86.81032837412214	4.94256752467296	15.539802560762837	901.8018260603452	909.5717273407266	1225	0.2270134138799864
GCA_902787125.1	GCA_017535435.1	93.6695138235178	0.22315857188298732	91.87965012835755	1.7805458881095184	40.32623374910531	818.9975653009602	839.1606821755129	676	0.5448050378904189
GCA_015521945.1	GCA_013152995.1	93.11875802589293	0.8590002288235837	93.23432649858077	283.813509718651	0.0	54.081986641363564	54.05595091002969	44	0.49704227660252537
GCA_011191975.1	GCA_016932435.1	87.10343401955029	1.8336648254698988	87.40216938429188	283.813509718651	0.0	19.022116262397056	19.00449361629396	30	0.17455091298525185
GCA_903869265.1	GCA_001799285.1	89.19902343013956	0.30752831016443516	89.40173728402063	283.813509718651	0.0	599.822731661202	599.8156323740371	743	0.24854963177328415
GCF_900116015.1	GCF_001888805.2	87.55772856488404	0.15275777555568767	83.56122022254449	3.60088867393635	78.04282145222533	2513.7210951521492	2552.742505878262	4207	0.17028825374428772
GCA_005893275.1	GCA_005893265.1	90.04259762875458	0.20818089101357426	89.47307206708047	10.464202462197873	5.144773544041527	1259.646395105792	1262.2187818778127	1429	0.29174523112698975
GCA_009861545.1	GCA_011523845.1	91.81698795409423	0.09026146155597352	90.57794729987279	4.046479871071336	113.27716703116675	5794.8304610732275	5851.469044588811	5539	0.3940901518383052
GCF_003382565.2	GCF_002847345.1	91.65237619745295	0.09887983746944182	90.80328004408106	5.624153264053135	51.15188290014703	4877.863386747438	4903.439328197512	4667	0.3825513191545808
GCA_017554185.1	GCA_017642445.1	91.82887999628164	0.27798536099278154	91.19579716362497	6.507164100443355	4.8744221009944795	652.0214997996195	654.4587108501167	595	0.4148185291143817
GCA_902628925.1	GCA_902594515.1	94.02102883434715	0.17611114767205915	92.1617274051115	1.5647632398299687	75.30381253781616	1283.9603773779554	1321.6122836468635	1045	0.5828086079231501
GCA_017094465.1	GCA_017094525.1	93.7875982030207	0.2263786023346109	93.26547922318281	4.881078193621483	7.397242731904726	747.21408457512	750.9127059410723	595	0.5409078520372363
GCF_000165485.1	GCF_900111745.1	91.38338971218988	0.06559733502167893	89.36999809640018	2.948047439780061	391.769388888315	11624.515237433392	11820.39993187755	11619	0.37228859872664993
GCA_017881285.1	GCA_003136095.1	95.88405466947165	0.0730068121533239	95.72799112262143	6.98493630493306	13.171301697841045	4488.560365333682	4495.146016182603	3322	0.7108020847744846
GCF_000487995.1	GCA_910586745.1	93.88721148457054	0.20044245909025915	93.96908791264431	283.813509718651	0.0	1000.7505759657118	1000.688869845332	749	0.5782529866335456
GCA_016927895.1	GCA_001273335.1	93.69395330003243	1.229822344152012	93.79021356000095	283.813509718651	0.0	24.658129022545843	24.652059358164493	19	0.5380752129617508
GCA_017635515.1	GCA_015058655.1	95.11623665224678	0.12587668970822505	94.07294882471379	1.8332432438918538	74.58237459309612	1936.6812831417485	1973.9724704382966	1477	0.6538200828701699
GCF_015207705.1	GCF_000316625.1	93.66350009488364	0.12167924623745369	92.5632779592554	2.780997657853321	72.04734059411385	2704.6032122465176	2740.6268825435745	2210	0.5425632357081238
GCA_016867395.1	GCA_009691525.1	89.70091059897783	0.3015323220884996	88.59439363278068	6.784151343742322	5.62540916507055	605.340926667822	608.1536312503573	720	0.27074507067621717
GCA_905372355.1	GCF_000208405.1	96.8464337706907	0.05093557948840985	96.33195870141734	1.7805458881095184	151.03213910500563	6685.300441963049	6760.816511515552	5200	0.7884364225575013
GCA_003644575.1	GCA_001509335.1	90.53555940940362	2.23139347423079	90.72498929222186	283.813509718651	0.0	10.603739957070376	10.595865502056583	11	0.33356005707599706
GCA_011772475.1	GCA_011049545.1	90.04825093356555	0.4033628290761235	90.22967605263727	283.813509718651	0.0	369.09219476213315	369.0705422045552	386	0.32429727994269164
GCA_011370395.1	GCA_001507955.1								0	
GCF_001423185.1	GCF_900177795.1	91.00861363452502	0.08184106897339481	89.07398238522953	3.354586568267391	208.36844980389105	7478.465321604143	7582.649546506089	7822	0.3403363793001765
GCA_910579155.1	GCA_910577525.1	92.31015461725093	0.3927445467153779	91.2649399927166	3.930162088288068	5.298595572040199	305.97294201493156	308.62223980095166	273	0.4400223373405557
GCA_018260615.1	GCA_018260755.1	94.80276587042391	1.3695879517809433	93.97686467617021	2.780997657853321	0.4010633976840623	17.91088092913055	18.11141262797258	14	0.6336986185367939
GCA_001829395.1	GCA_013177895.1	93.80177918071962	0.1752107198225434	93.88081489315452	283.813509718651	0.0	1272.0532252219814	1271.9685646302548	982	0.5503711934653573
GCF_000264765.2	GCF_000341505.1	88.39787090372786	0.15904135643683967	82.66849372853781	2.3054846895723897	130.660293628217	2259.2799622119887	2324.6101090260972	3359	0.20420044711697793
GCA_003499955.1	GCA_001784535.1	92.56517172477774	0.3379980744142374	92.6918600432509	283.813509718651	0.0	417.59059802230087	417.4817732456057	336	0.4822195191062403
GCA_900542935.1	GCA_002474405.1	96.21805572224196	0.08703622502538358	96.02779837978879	5.239459118530733	12.536501539591882	2884.953010324396	2891.221261094192	2158	0.7402084292440465
GCA_016707205.1	GCA_016713275.1	92.87963984231102	0.08244119789799237	88.55493057677045	1.1400022760576265	752.2863680504797	6455.882284871577	6832.025468896817	5859	0.4802133105375848
GCF_001858025.1	GCF_014698305.1	94.3948958671308	0.130055722655351	93.07702831398016	1.9112780044394568	88.31261849429939	2162.5110218490836	2206.6673310962333	1704	0.6040653139739062
GCF_005576615.1	GCF_000337175.1	88.82634455989988	0.1883117268051713	86.27278362542448	4.097455358559034	37.61296530129539	1615.603734741785	1634.4102173924327	2213	0.226703274904976
GCA_005877345.1	GCA_014523525.1	97.63418696154574	0.1832705089941081	97.641264514013	48.09355398685444	0.009084224918865402	331.8767136103754	331.88125572283485	280	0.84905808251656
GCA_002869015.1	GCA_002869005.1	88.53345924802018	0.3846509517113872	87.35226214021088	7.6236546976459225	3.381842803075301	415.1203807989575	416.81130220049516	553	0.229748130595727
GCA_002508425.1	GCA_002067275.1	88.73782281626595	0.6248127255612214	87.17907703088326	5.790606713812224	2.02246968678935	160.0719638565226	161.08319869991726	203	0.24271644087794356
GCA_012910725.1	GCA_905067535.1	94.31962277357941	0.6177052932690831	94.39279711397289	283.813509718651	0.0	89.59747419060898	89.58012479772123	68	0.5925444998470975
GCA_902761395.1	GCA_017651625.1	94.69661535232957	0.29004637172998227	94.46720269331934	6.507164100443355	1.7334524514802752	410.0914992941152	410.9582255198553	302	0.6313514115940798
GCF_000014445.1	GCF_008107645.1	86.81754105177725	0.3861918006693031	70.96207740677535	1.2972098994928234	62.15080470033638	423.32415514293234	454.39955749310053	779	0.16239230011008973
GCA_003162175.1	GCA_003139855.1	92.22590136244783	0.14366090157274766	91.56470668709113	5.961986549755308	21.030547827445844	2244.8168445722144	2255.3321184859374	2008	0.4289416592185561
GCF_016907365.1	GCF_005937995.2	95.46355188476575	0.053025511092689014	94.20370067399769	1.4760966347905067	518.4628847575586	9755.253965586873	10014.485407965652	7603	0.6742666160671436
GCA_002508315.1	GCA_001315925.1	91.53183122325538	0.2514412421845099	91.67287482211732	283.813509718651	0.0	798.9415422214057	798.8507380546494	742	0.39183030251321177
GCA_017652345.1	GCA_016291275.1	96.39700433174526	0.4859234859985957	96.43091860004743	283.813509718651	0.0	86.1506811316626	86.14058246593865	64	0.763547575563475
GCA_012522075.1	GCA_012521345.1	91.74390227664423	0.25122267690188943	91.06857554494688	6.507164100443355	6.431746623342633	778.695039628577	781.9109129402483	716	0.3985359009187908
GCA_016841265.1	GCA_013329415.1	95.70827752231466	0.08565917440513951	95.3467775720627	3.8171879095811088	31.13335248894782	3633.7735715896333	3649.3402478341072	2735	0.7045154135900191
GCF_900110485.1	GCF_900141835.1	94.82032486331268	0.07987255261973907	94.10316276781666	2.8633045638333394	100.55663996827025	5067.50523896423	5117.783558948365	3898	0.6286557821789135
GCF_007830435.1	GCF_006175995.1	91.52413579712864	0.14330686791560474	89.73830775742633	3.0735355204331385	73.19567503856615	2484.499404183548	2521.097241702831	2396	0.39141711673413043
GCA_015058545.1	GCF_003992065.1	91.3024342177647	0.29247183164044965	89.23711790007603	2.8633045638333394	20.159982257910542	601.3852891282617	611.4652802572169	595	0.374600618232434
GCF_000426685.1	GCF_000382285.1	96.34384123625813	0.040065020661279455	95.74152108201491	1.9678445314082378	327.9084219880715	13031.724146550216	13195.678357544251	9953	0.7464031250942167
GCA_012798435.1	GCA_011368045.1	90.27910624833679	0.175666371947526	89.21896050899659	6.138438574092371	17.89716218923604	1773.7543646675392	1782.7029457621572	1945	0.3082505045365068
GCA_011047885.1	GCA_011334825.1	96.35708882856451	0.09269991832983948	96.35395082870473	33.05294113816355	0.24869854584812856	2512.4209062730188	2512.545255545943	1900	0.7582383791531598
GCA_002314325.1	GCA_900554895.1	92.34754697744332	0.2890050983862933	91.60253549620558	5.088848640517972	5.9381889228325235	551.3905124029528	554.3596068643691	486	0.43832697613920135
GCA_018674025.1	GCA_902515565.1	97.36739523170115	0.28524023925919273	97.36092441371828	14.974516854880767	0.05343525143723582	162.36583108366554	162.39254870938416	131	0.8330986380009885
GCA_016783995.1	GCA_002779205.1	98.1204949075441	0.26983056182637943	97.99170329869277	2.086049593145407	0.8479668329120784	110.06629924776645	110.49028266422249	102	0.8837256506199648
GCF_900111575.1	GCF_900142275.1	91.34218306769945	0.40976401447653815	91.28648448114349	24.08059389994337	0.23041218766127258	334.6885847431481	334.80379083697875	301	0.40566094372054096
GCF_000986785.1	GCF_001273925.1	94.64631596395459	0.06902590462317608	94.14377013389817	4.046479871071336	80.60774026585386	7172.93589136869	7213.239761501617	5520	0.6207420325920433
GCA_016710095.1	GCA_016215625.1	93.12633310633252	0.06420681829254643	92.06249797353996	3.354586568267391	220.5575617039358	9926.182313997879	10036.461094849847	8471	0.48645482848757843
GCA_003219345.1	GCA_003218515.1	96.05455381553357	0.06837437037976134	95.85914160944336	5.554184483614372	20.332446868458646	4907.622803128733	4917.789026562962	3657	0.7246063610013243
GCA_017510725.1	GCA_017432075.1	89.21387969730647	0.2450957534398768	87.6288837303328	5.554184483614372	13.240887085253235	951.379786199967	958.0002297425937	1204	0.25068603633780057
GCF_012912105.1	GCF_000828085.3	92.01450357464077	0.3045653660513982	91.71448738187678	10.909627004838343	1.5399210426903664	524.1541453468727	524.9241058682179	469	0.42444631312510006
GCA_017744315.1	GCF_018599195.1	88.87511525813791	0.10969430105015009	86.6731070275295	4.604494093647612	91.52182590279153	4701.2402918996495	4747.001204851045	6380	0.22718452638974548
GCA_014382285.1	GCA_905612265.1	91.33200301763699	1.7149332947492941	90.78124575162333	8.674965438052642	0.10049970487808935	17.4587887620643	17.509038614503346	17	0.37359457211780994
GCA_000438415.1	GCA_003524085.1	95.1208581009399	0.45422148719329314	94.3480980926555	2.443971219232322	3.343177942967827	161.07852599700556	162.75011496848947	125	0.6754343086343868
GCA_002303765.1	GCA_903960945.1	95.37215684300801	0.06460477574526202	95.41469761597749	283.813509718651	0.0	6697.3822551902385	6697.374971253446	4934	0.6766072335784649
GCA_011328975.1	GCA_011389395.1	95.46794552176637	0.20995495901656056	92.5128375302753	0.7178408847079111	87.32596456431975	646.0592368866287	689.7222191687886	522	0.6823123707986781
GCA_002450515.1	GCA_009392515.1	94.43579953164122	0.4417894678303915	93.01296754519186	1.7293633402042623	8.92509343184372	191.45349912271774	195.9160458386396	149	0.6136818361245002
GCA_011390235.1	GCA_011390335.1	93.56477542536123	0.43891768495271744	93.6541848098864	283.813509718651	0.0	203.7840057970926	203.7630559989123	158	0.5286779457887252
GCA_007128515.1	GCA_007129135.1	95.36840880477897	0.3083661150174032	95.15469455108926	6.320112904221773	1.1979952257579498	296.4123457866905	297.01134339956945	219	0.6677469336707436
GCA_017479315.1	GCA_016286235.1	92.73838707375151	0.35438461870491583	92.16757723262634	5.961986549755308	2.913838598265329	346.2071593637676	347.66407866290024	295	0.46114677693914263
GCA_003021175.1	GCA_003023185.1	94.86432509306826	0.1031658203640271	93.95034456653583	2.3054846895723897	84.57723347831143	2995.4137889322947	3037.7024056714504	2332	0.6268352905218878
GCA_016432645.1	GCA_019248265.1	88.76159569949922	0.5930678596803207	80.46458392547837	1.5197834558110268	17.62537060353054	173.02639399315143	181.8390792949167	234	0.2456834977779237
GCA_017381715.1	GCA_017399965.1	92.4302437083754	0.15589444157635043	90.78170438428319	2.6234136766681906	65.75587330670487	1953.3936812864438	1986.2716179397962	1736	0.45739993229363657
GCA_013334545.1	GCA_017885365.1	93.27376928397774	0.2109304812591039	93.36732346675959	283.813509718651	0.0	921.5409948306705	921.4786080636086	741	0.5070214086722079
GCA_011065175.1	GCA_011064875.1	91.84963065546407	1.3395931957947265	92.039122129816	283.813509718651	0.0	27.74672275613201	27.72349353793453	22	0.4299425632491856
GCA_017646185.1	GCA_017537345.1	95.38114236197056	0.16347309715214203	94.41935136744726	1.7805458881095184	40.6291297545813	1096.1355779077815	1116.450142785072	842	0.6800459309587605
GCA_003153215.1	GCA_003142035.1	93.7987255770317	0.1870081543147422	93.6329146663808	11.564949675432423	2.2853442769119283	1060.9839547998276	1062.1266269382836	848	0.5401394815890602
GCF_900106595.1	GCF_000420725.1	92.50617605876563	0.10613789882056814	92.1569122299022	8.931711272653901	16.691386545587193	4048.1215197535503	4056.467213026344	3511	0.453582960336681
GCA_002729215.1	GCA_002728915.1	92.69942296444948	0.11862544445747028	92.4515728278297	11.23251028437962	8.281777040851921	3060.2207786299505	3064.3616671503764	2643	0.45688636505678354
GCA_015064725.1	GCA_017621475.1	91.81402564408717	0.15034045918538916	88.25126407208045	1.631369744526313	163.02504261882132	2196.846672132303	2278.3591934417136	2107	0.41122668594727724
GCA_017454585.1	GCA_017447865.1	92.04288809349629	0.18326739153906108	91.01270822079528	4.3435825072709076	22.795306950137274	1461.4085891438433	1472.806242618912	1330	0.42541792907525783
GCA_011390735.1	GCA_011389865.1	94.7262614371398	0.09188746058480829	93.92375315087666	2.6234136766681906	92.33729554654747	3788.0026360771503	3834.171283850424	2914	0.6132282843858466
GCA_016234205.1	GCA_001805005.1	97.86683343824929	0.529529162051223	97.78339191811742	4.472135954999578	0.061606107015592215	34.505552941677564	34.53635599518536	31	0.8659080423929005
GCA_012518595.1	GCA_002398515.1	91.34528011113873	0.8002067164815055	91.15779471568621	16.8275352334218	0.11859372248389377	79.9301248212101	79.98942168245205	77	0.378918887798122
GCA_003132645.1	GCA_003157715.1	94.22215816304646	0.1110799888759201	94.29005631846252	283.813509718651	0.0	2778.350910110444	2778.3495467988278	2131	0.5733398772062825
GCF_002290085.1	GCF_000701525.1	97.89761725940673	0.7889637857354251	97.8623514869827	7.404509504937814	0.010775933148135408	15.112902423313491	15.118290389887559	14	0.8702158474331455
GCF_003184265.1	GCF_003333315.1	93.07146426728369	0.09009525692002805	92.11736728857211	3.7074612216309677	96.92338154900426	5110.290944449385	5158.752635223887	4368	0.4849967920575935
GCA_001805105.1	GCA_003535475.1	94.42194005358022	0.40987257555504625	94.49174393950072	283.813509718651	0.0	203.20243926736995	203.1673222626858	153	0.6055667832135656
GCA_016205905.1	GCA_018303325.1	92.47151710435736	0.6695634297154072	90.51049351338023	2.2392125528322575	4.487255059760571	108.29575179229465	110.53937932217494	96	0.46844835754429565
GCA_002737305.1	GCA_016463595.1	95.7667681571158	0.10206585822972085	95.63180048466258	8.42559987152911	5.2240828736994445	2365.7753456958003	2368.38738713265	1757	0.7003433002641153
GCA_009926625.1	GCA_005799495.1	90.81871301727149	0.11017700108768788	81.62756059775053	1.044491599048951	654.46628655722	4021.539713810335	4348.772857088945	4638	0.3268758537530674
GCF_000067205.1	GCF_019218885.1	90.13481137344968	0.09396795107534817	89.55932760622699	10.464202462197873	24.22133448907698	5880.8909465221195	5893.001613766658	6743	0.2857464511677691
GCF_902506685.1	GCA_900155405.1	94.98471681239907	0.10286163995550221	94.01807508901065	2.147788691431886	94.10249746705904	2912.300741900957	2959.3519906344864	2249	0.6380506533464452
GCA_003158115.1	GCA_003151535.1	93.43899559537773	0.2528105810237263	93.53116621447165	283.813509718651	0.0	667.131732188272	667.0500073436293	520	0.541484907912596
GCA_016744805.1	GCA_016744315.1	93.1823295186606	0.3399235424086008	93.27877568710808	283.813509718651	0.0	395.1839502292693	395.16923509866757	308	0.5311717955218974
GCA_017417585.1	GCA_017525435.1	95.36402580041673	0.1328683093947391	94.77993022815467	2.780997657853321	29.49269865801034	1617.5628069016386	1632.3091562306438	1222	0.6713081713276232
GCF_007197735.1	GCF_001439665.1	88.34794455164406	0.3350399760823797	86.28174391932832	4.94256752467296	9.2624734425533	562.0250695427818	566.6563062640585	763	0.22861402413423176
GCF_900116205.1	GCF_000517625.1	90.84705125579659	0.130380551705005	88.49884592696347	2.948047439780061	108.23779609104531	3049.4399115027827	3103.5588095483054	3244	0.3359304488089247
GCA_900544375.1	GCA_900544715.1	92.60212910897235	0.10727891838366113	90.99652267880522	2.7010566988485465	128.06481719678504	3837.8972562707813	3901.929664869174	3405	0.452343858051987
GCA_001916215.1	GCA_900547045.1	97.09357820916492	0.4403232402454679	95.83627738579142	0.6495170808381368	7.277868863452824	85.29428367443411	88.93321810616052	71	0.814028152153713
GCA_013816105.1	GCA_013817655.1	96.47244538205338	0.14727870704626217	96.24312752899499	4.046479871071336	5.804948807416849	920.349225542003	923.2516999457114	695	0.7572277386221831
GCA_016841725.1	GCA_016841325.1	88.72046114915968	0.4225127640502194	86.42754898001537	4.3435825072709076	7.2430188890132285	342.6712383277443	346.2927477722509	447	0.23748773013136817
GCA_017441925.1	GCA_902782895.1	91.13499959316896	0.2736650887338643	89.31522925126043	3.354586568267391	18.70185897490478	685.2384887320952	694.5894182195476	689	0.3568631730924462
GCA_016874945.1	GCA_016874915.1	97.81714018428384	0.2647179288596533	96.74273330753319	0.5016276936359719	14.31147267369937	148.1700053828874	155.3257417197371	131	0.8600629492375834
GCF_013266695.1	GCF_009826895.1	88.86023135316579	0.094408431930639	86.72672874240497	4.740769527530555	121.58793155858439	6389.836892750724	6450.630858530016	8636	0.2287693231513397
GCA_016209225.1	GCA_003599365.1	95.38866444640132	0.18163369375485905	95.12811731715261	5.394527091291249	4.647690286527677	890.6334410056327	892.9572861488965	663	0.6836094630370112
GCA_000091165.1	GCA_002634395.1	94.25968818248862	0.21902866249640351	89.80492013396841	0.8066699511227227	116.22826548380658	732.740239828249	790.8543725701522	635	0.5797143438433043
GCA_009838625.1	GCA_011523365.1	90.90967672169864	0.1295892729107668	89.71721962115919	5.088848640517972	42.968479428003775	3032.163051548965	3053.647291262967	3143	0.3376896633306266
GCF_014078545.1	GCA_003352285.1	95.23517074216915	0.14136310159461138	94.48820827905463	2.3737182283699307	35.71634393638942	1553.882603626948	1571.7407755951426	1201	0.673271459733165
GCF_018861145.1	GCF_009208075.1	91.14092515096657	0.28719438748438086	90.76206094032054	10.163404517371868	2.4166978955695413	703.5701224964112	704.7784714441959	655	0.40026383237606894
GCA_903912275.1	GCA_013205435.1	93.54068343675455	0.11126326493285875	93.29668084421155	9.311903019037887	10.612833916248746	3124.0634274457593	3129.3698444038837	2526	0.5204056576294043
GCA_018670435.1	GCA_018667355.1	87.73014243062077	2.0225387152948353	88.00540632802185	283.813509718651	0.0	16.557629380631983	16.55415438432504	22	0.206177764254664
GCF_003144325.1	GCF_011045835.1	97.40443240003935	0.058370865390242804	96.83268017294475	1.188528190407663	121.77685430259044	3964.9563226353307	4025.844749786626	3287	0.8327788707997372
GCA_018816605.1	GCA_013792075.1	95.30310663795582	0.1261172149406574	95.27545847949341	21.162289823326095	0.7431676744140532	1817.9645401583748	1818.3361239955818	1347	0.6700183670670161
GCA_002070945.1	GCA_012799905.1	93.62927586321288	0.09858037073272485	93.64925434630003	41.05021284117567	0.7062941763506387	3973.282988554327	3973.6361356425023	3147	0.530959764585032
GCA_001805575.1	GCA_001805845.1	93.92364806748765	0.42038529988128	93.9519016627343	53.152596538526915	0.02143920104396102	219.0918912482576	219.1026108487796	170	0.569581395479686
GCA_001443385.1	GCA_016179965.1	91.78648360702442	0.28941466175844965	91.312975546326	8.183402424142383	2.9696942404727906	590.0226110846363	591.5074582048727	546	0.40402417045658723
GCF_009792235.1	GCA_002282935.1	97.21030844987536	0.08758165449935118	96.7852490418529	1.679652056380189	38.09693384312868	1921.979695628222	1941.0281625497864	1537	0.8171718387850381
GCA_018812705.1	GCA_001805965.1	89.16881379922408	0.38187748839531915	88.76406012454639	13.95025441116	1.100674091187102	431.4232721990096	431.97360924460315	504	0.2764922345053112
GCF_000512735.1	GCA_011375435.1	95.27893458116364	0.12689996612448623	94.90391440429084	4.046479871071336	16.312483897806487	1915.7538519729767	1923.91009392188	1436	0.680697954657809
GCA_004193545.1	GCA_004212095.1	95.8736337947673	0.15304000206933743	95.62952531292966	4.800491321641131	5.981587830476656	1061.9952807005182	1064.9860746157565	793	0.7165364924082072
GCF_001701045.1	GCF_000585335.1	88.38639492492469	0.1644457043861385	85.86615424651642	4.472135954999578	48.22623984003258	2176.646434683214	2200.7595546032303	3097	0.21168051831223952
GCA_002737275.1	GCA_002304445.1	94.9911184461382	0.08194584347420052	94.5038882750196	3.8171879095811088	53.71469059124502	4515.690895544199	4542.548240839821	3436	0.6368669378165855
GCF_900248165.1	GCA_013538805.1	92.31089479947147	0.19213307986704084	91.28030157138375	4.046479871071336	21.393328695605305	1281.6518860157385	1292.348550363541	1144	0.44349329289038814
GCA_017428635.1	GCA_017518975.1	91.48066836788024	0.3185644395915678	89.11385288576066	2.5163034302254443	20.82181366635507	497.6645581117686	508.07546494494613	488	0.38198127358459066
GCF_011057715.1	GCF_016908145.1	93.53843204775805	0.6943990579789492	91.1845523450855	1.4760966347905067	6.150622038584601	91.25837633873692	94.33368735802922	78	0.5516962759483237
GCA_017999015.1	GCA_002071025.1	96.28562346590533	0.11131114284831425	96.08908404390354	4.740769527530555	8.634429230165551	1696.5650383293769	1700.8822529444597	1251	0.7426109996203532
GCF_000429905.1	GCF_900142135.1	94.2592038502472	0.06813300339697757	93.31741327914675	2.7010566988485465	191.71947172168257	7917.657153260801	8013.516889121643	6253	0.5871526878458456
GCA_002841865.1	GCA_013177825.1	91.59142216856004	0.10647368964631204	89.16006864966486	2.3737182283699307	200.30610914052522	4484.6959222760715	4584.848976846334	4359	0.39324025409350943
GCA_005881615.1	GCA_005884195.1	92.08228573271543	0.22562498045999962	91.72085497713121	9.311903019037887	3.5864893125117305	954.5399486668496	956.3331933231054	849	0.4278615971916633
GCA_002167345.2	GCA_902562835.1	95.53283856294296	0.16282199661060062	95.32989032047008	6.138438574092371	3.9275703788698593	1069.0399701934905	1071.0037553829254	796	0.6973330519895407
GCA_018304565.1	GCA_016184005.1	95.46078242150587	0.15725161212534305	94.82252903105562	2.6234136766681906	20.75666220528865	1152.7319434529966	1163.110274555641	876	0.6855346686016172
GCA_011355205.1	GCA_018396915.1	92.70262280180457	0.3225766677475965	92.81153652488803	283.813509718651	0.0	437.0072105135826	436.9595297669944	363	0.47795136740474936
GCF_900129305.1	GCA_014359885.1	96.4295065304117	0.06344808842598434	95.37736454050153	1.188528190407663	254.13323883026533	5328.949236746696	5456.015856161829	4209	0.7577526855498962
GCA_017649705.1	GCA_017650925.1	93.85023026993831	0.23671266069314692	90.30680368970158	1.0144672443485387	80.00886419453468	718.2470484765616	758.251480573829	613	0.5649803309635434
GCF_000173915.1	GCF_001553035.1	95.78226527967972	0.14724246094903654	94.58524970970447	1.2972098994928234	62.009415670415365	1269.8486089051312	1300.8533167403389	994	0.7185004905673223
GCA_014324065.1	GCA_005518205.2	97.6775176223968	0.05702561276891765	96.6370074188212	0.6308464364434694	263.9828077047887	3531.2435117078244	3663.2349155602187	3068	0.8501473573934156
GCA_016185525.1	GCA_016181105.1	90.6235568527882	0.6075407253806394	90.08358349286206	9.044228411186559	0.6788826649593034	152.7253639240248	153.06480525650446	157	0.35069176285416753
GCF_005047595.1	GCF_011777505.1	89.21795332768092	0.43928017993770135	87.36076248736339	4.604494093647612	5.706759945092813	316.3263659902061	319.1797459627525	385	0.27169302011643287
GCA_015661395.1	GCA_003158275.1	93.66281750837852	0.1733882037862422	93.49065220208612	11.564949675432423	2.757366291641574	1285.2446261669618	1286.6233093127826	1027	0.5353769703349988
GCA_903874275.1	GCA_903904005.1	92.01295802478148	0.13818630045620342	91.07949672511542	4.740769527530555	34.9760981657455	2496.4117542297577	2513.8998033126304	2305	0.4161940607712727
GCA_002690655.1	GCA_000383715.1	95.63322044400206	0.07628642653541798	95.2500429643104	3.7074612216309677	45.632990854814125	4585.54368870687	4608.360184134277	3430	0.6950578305389817
GCA_018970845.1	GCA_016873225.1	95.28083459785049	0.07564231214769523	95.2690014126719	27.060441830611946	1.2875004602756235	4956.723959250803	4957.367709480941	3658	0.6629225969162067
GCA_902529115.1	GCA_002720745.1	93.19147739668368	0.17183901847588356	92.34682476170586	3.8171879095811088	24.622855998553405	1485.9523956956707	1498.2638236949474	1226	0.5141491260039104
GCF_001306135.1	GCF_016907925.1	94.38187147641003	0.05174355101413099	93.76592757057213	3.7074612216309677	193.82134181229776	12725.317806642173	12822.228477548322	9918	0.587595929073004
GCA_002696315.1	GCA_002498205.1	90.75309385419959	1.1775985557687627	90.91972703155649	283.813509718651	0.0	42.63490448819122	42.634123456161554	40	0.36362757119568995
GCF_001602095.1	GCF_003364115.1	91.86686476795911	0.16567344994909325	91.97064860730686	117.32262628265453	0.05509956174500985	1795.5195475674045	1795.547097348277	1612	0.4184362899814982
GCA_900539915.1	GCA_001689515.1	91.0751619253348	0.2110241004473865	88.79869121005714	2.8633045638333394	40.067254313982176	1116.3101138948946	1136.3437410518857	1158	0.3448698215921178
GCF_001735745.1	GCA_018673215.1	89.87013938083174	0.4388005528615714	89.48962766452891	13.159769520801284	0.7563500052726795	306.30870320681527	306.6868782094516	337	0.3031168392632776
GCF_001559775.1	GCF_001891165.1								0	
GCA_905373275.1	GCA_905373385.1	96.0145336625726	0.16237214523262086	95.40506869940589	2.147788691431886	20.260682830556334	906.2123889775644	916.3427303928426	688	0.7256054039099777
GCA_905339295.1	GCA_016704895.1	90.17136954468005	0.09763280429890757	88.23112489543146	4.046479871071336	126.38153938850883	5447.260994278084	5510.451763972338	6332	0.28787060648985663
GCF_900129285.1	GCA_000214705.1	91.67566573781065	0.20600946512703494	87.81179200601366	1.631369744526313	91.24824784601469	1162.8984728317412	1208.5225967547485	1149	0.3960715794133333
GCF_003544855.1	GCF_002837275.1	91.13684774222955	0.22329030174484174	89.36753875478959	3.0735355204331385	33.508961031784565	1179.4215105043527	1196.175991020245	1112	0.4013193010334696
GCF_900107215.1	GCA_002385485.1	97.05459969063857	0.0858000710056864	96.75445779791741	2.3054846895723897	26.81132189396976	2157.217463276045	2170.6231242230297	1696	0.8069926648664345
GCF_014132355.1	GCA_010672455.1	94.18729597279119	0.1668034793626471	92.65185176280471	1.8563375063170813	61.462931904264224	1370.265998954509	1400.9974649066412	1103	0.5898062255368783
GCF_008802355.1	GCF_008330225.1	92.05407810678867	0.09485109555944246	90.96409534634017	4.218724383004947	89.94754720529454	5226.328872585136	5271.3026461877835	4820	0.41551899743156645
GCA_002366675.1	GCF_003148645.1	91.31239409919624	0.7183412348460195	91.291695999399	29.906975624424426	0.047656461938544226	106.06234001182591	106.08616824279518	98	0.39549913497066763
GCA_016718505.1	GCA_016720635.1	94.0312292251777	0.11961902153577673	90.4520382750911	0.9730479906804452	327.33257084806337	2697.4806969891624	2861.146982413194	2292	0.5760639263517147
GCF_004944975.1	GCF_900880625.1	88.45684876758293	0.2275622337151788	85.82103357254061	4.218724383004947	26.385549572109085	1142.7411373049224	1155.933912090977	1624	0.21298121202723938
GCF_001889405.1	GCF_004137855.1	93.52022146832049	0.13617371057428312	92.48282005053365	2.9851854363024235	51.845900440046535	2243.273233158841	2269.196183378864	1842	0.5359512506630243
GCA_900753135.1	GCA_900765095.1	97.39499196301573	0.4074661949119949	96.82607874092749	1.1737419880949644	2.338194114729731	84.70301078895372	85.87210784631858	71	0.8365718846459123
GCF_003426945.1	GCF_000236585.1	88.4334023777478	0.31849704902677906	85.71096466980981	3.930162088288068	17.72647580578655	629.7914951687444	638.6547330716377	839	0.23594659436156
GCF_000378405.1	GCA_902776415.1	90.13360185531994	0.29303744603016546	88.897270669128	5.554184483614372	7.820120693665558	654.5685106840405	658.4785710308732	721	0.3053904524877915
GCA_016930875.1	GCA_015222985.1	96.77350606535157	0.09877417149583426	96.71422141749942	9.871253137244736	1.7070399516851467	1812.7795721163411	1813.6330920921837	1385	0.785537204099116
GCF_900141935.1	GCF_012272855.1	93.85002968626728	0.09942299422370283	93.10393724953894	3.60088867393635	62.66991318184955	4061.0340962021883	4092.369052793113	3235	0.565073898474885
GCA_016926855.1	GCA_001412355.1	91.38218940141849	0.14088883066538874	90.96287384101663	10.163404517371868	9.432100157648165	2467.834201444009	2472.550251522833	2417	0.3670234813600181
GCA_012840385.1	GCA_902812385.1	96.94346087236396	0.07816233177332989	96.4528551310322	1.729363340204262	58.74857205543594	2759.089630660797	2788.463916688515	2176	0.7963875047475749
GCF_004006315.1	GCF_000021725.1	86.93765515575943	0.24170562994590827	77.87344849175297	1.8332432438918538	98.76063429981332	1167.7273280486938	1217.1076451986005	1912	0.18151149043833706
GCA_012513605.1	GCA_016931115.1	92.7296533290887	0.27598520973624613	92.69100197523672	24.08059389994337	0.3379923887566747	601.6623153024075	601.8313114967858	498	0.47917715761992924
GCA_002308615.1	GCA_017443595.1	93.5687662454846	0.597987056649526	93.66897200035983	283.813509718651	0.0	111.01890783779069	110.99712504376926	83	0.5330156232674085
GCA_001914815.1	GCA_001918935.1	91.6092932334457	0.23035656311849437	91.63018315671437	39.87020703548693	0.24009227448004822	914.692304688778	914.812350826018	856	0.384883771345044
GCA_002731215.1	GCA_002722645.1	91.72609091304554	0.18583453658353807	91.22088270726158	8.183402424142383	7.788133378469865	1396.2414906990841	1400.135557388319	1309	0.39358618340994966
GCA_018240225.1	GCA_018239725.1	93.92856249181223	0.12441150792074408	93.87091670220408	19.148071672582883	1.75901983361382	2456.043739511238	2456.923249428045	1903	0.5625711047267362
GCA_003218935.1	GCA_003219345.1	96.32743348016243	0.0813939247793337	96.0729511210276	3.930162088288068	22.056813325806615	3162.290985363348	3173.3193920262515	2366	0.7459689035898258
GCA_002337925.1	GCF_004339805.1	89.51456348891675	0.23269425215896297	85.84458851049138	2.6234136766681906	49.256459673415065	1052.819494220574	1077.4477240572814	1288	0.2704268468183483
GCA_902633855.1	GCA_002694595.1	96.7452526355119	0.2320036682347046	96.76873483969636	283.813509718651	0.0	328.79583469372164	328.79132710644103	250	0.78588370873831
GCA_903896925.1	GCA_903912445.1	92.3896743762536	0.08997028326582776	91.47018193972117	4.472135954999578	81.06461609512553	5549.061466636619	5589.593774684182	4951	0.4349601307711384
GCA_005799365.1	GCA_016873495.1	93.31573626305378	0.15622765855964219	93.00910369482638	8.42559987152911	6.99807934528053	1666.3875888519156	1669.8866285245558	1368	0.506397993773474
GCA_002504525.1	GCA_001421185.1	88.42383851980237	0.26506340885529817	87.98075787565932	15.874010519681997	1.6461913013376943	852.2791667519205	853.1022624025893	1189	0.21552742837023564
GCA_001296005.1	GCF_002868735.1	93.81775794681818	0.05903863461544438	93.10251174591616	3.8171879095811088	172.74798135211677	10903.95452848493	10990.328519160988	8779	0.5440009028821117
GCA_012798135.1	GCA_002329525.1	93.5043658763112	0.1400671339554604	92.08141031537257	2.3737182283699307	71.64842344674935	2032.7191491402916	2068.5433608636663	1695	0.5195696508704765
GCA_900155405.1	GCA_900556745.1	95.90262783343933	0.11580887023054164	95.62321875521137	4.3435825072709076	12.653241438416899	1785.8258453522087	1792.1524660714172	1330	0.7121879696900429
GCF_002939305.1	GCF_001904655.1	90.15579188969006	0.11317995881120606	88.96048264495082	5.790606713812224	50.907980956199026	4255.935443113759	4281.3894335918585	4750	0.3012186593825852
GCF_002441885.1	GCF_002260845.1	88.76383442157089	0.5022902497525108	87.8855782312068	8.931711272653901	1.3723243275009054	245.46427791712443	246.1504400808749	314	0.2464683571655901
GCA_003232715.1	GCA_013152195.1	95.28008299420573	0.5985971787966042	95.33533308326007	283.813509718651	0.0	78.1407245169037	78.12425601030444	56	0.6704121460785347
GCF_000007185.1	GCF_002201895.1	91.63645046567058	0.17431117534752363	91.05366354556878	7.404509504937814	10.625826436225452	1679.5965842346302	1684.909497452743	1579	0.3970147695269433
GCA_016784245.1	GCA_018692925.1	92.02977894457435	1.362329221150821	92.1843178267025	283.813509718651	0.0	28.26417910785993	28.249042959962054	23	0.46437238865775393
GCF_000718085.1	GCF_003667575.1	94.57619980365911	0.0695803453066649	93.28814804460347	1.9112780044394568	290.81251380407775	6855.662820734572	7001.069077636611	5451	0.6023051229591609
GCA_000990945.1	GCA_003510795.1	98.49394678284743	0.14702676899068418	97.18965845955822	0.2439466759198595	42.42192699479847	269.6622738337307	290.8732373311299	286	0.9073170725604782
GCA_001775255.1	GCA_902826595.1	92.04622101652495	0.26223352398271277	91.81948866084724	13.159769520801284	1.4634902544619308	693.7644001774551	694.496145304686	621	0.41959943822931234
GCF_000316195.1	GCF_000223215.1	91.78149852067612	0.22553552668385185	90.92991520100423	4.94256752467296	12.850499719168965	1059.4679504433236	1065.893200302908	947	0.43244098042534707
GCA_903874275.1	GCA_903855945.1	90.7572921470239	0.1926003474835983	89.81953887983767	6.138438574092371	13.853998432237859	1423.3768148731374	1430.3038140892563	1478	0.33546933401415424
GCA_016208115.1	GCA_016218705.1	95.8230992460804	0.08644952623173599	95.36276200884653	2.948047439780061	46.295217332898574	3404.875578607978	3428.023187274427	2557	0.7109546689263325
GCA_009840225.1	GCA_011523365.1	95.06473998673368	0.05906635561433772	94.4029552523859	2.8633045638333394	169.63296908416305	8660.118033790364	8744.934518332446	6608	0.6441454345637245
GCF_003001905.1	GCF_900113175.1	92.03431316596362	0.11585270595699548	90.85457830784618	3.930162088288068	69.35671954919871	3634.513980940128	3669.1923407147274	3318	0.4215676731571348
GCA_002724315.1	GCA_003445035.1	93.63746247873142	0.06752035945965111	93.37550267144202	8.674965438052642	30.746986002111953	8454.012574856375	8469.386067857431	6777	0.5282639386983891
GCA_013154355.1	GCA_013153895.1	90.7977457446635	1.4266801269380842	90.96024155277482	283.813509718651	9.602038051070849e-05	28.629165355934482	28.629213366124738	27	0.3662163982096743
GCA_002495905.1	GCA_013306035.1	88.65376118351001	1.0294596533567764	85.15282473965632	2.948047439780061	2.5057155887570133	61.942978593474805	63.19583638785331	78	0.25444197878883446
GCA_009782955.1	GCA_009782495.1	92.22093352125175	0.2772657828636027	92.31842095185641	120.79492779413053	0.015464248652051538	635.0982850530386	635.1060171773646	548	0.4458750930623629
GCA_017507985.1	GCA_015064805.1	90.74061076602045	0.23308370572335352	87.85348350710362	2.5163034302254443	43.23895727081731	957.9952296253423	979.614708260751	1032	0.3330790781570212
GCA_009840005.1	GCA_009845645.1	95.23535073646295	0.07994005553964544	95.03214172196934	6.98493630493306	16.46370395377562	4463.370988744495	4471.602840721383	3329	0.6581975049555746
GCA_005798445.1	GCA_003669125.1	91.33289443193613	0.16352290941134306	91.47545115897961	283.813509718651	0.004195421670374344	1812.8098770627423	1812.8119747735775	1768	0.36162885006637296
GCA_905479975.1	GCF_902728235.1	90.2549958872933	0.18389744517711548	89.74800406446366	10.909627004838343	5.556269852396326	1561.5361484305568	1564.314283356755	1733	0.2990225533087153
GCA_013390615.1	GCA_903839205.1	90.10883427527729	0.23859808795062923	89.95192513163765	21.162289823326095	1.0111793836369998	962.6068365440946	963.1124262359131	1067	0.2976873956022543
GCA_002506595.1	GCF_000317795.1	88.71501731083283	0.8088557759609004	88.94581953522382	283.813509718651	0.0	99.13204942703638	99.11021803001678	119	0.262443255378592
GCF_000518725.1	GCF_002843565.1	89.24153179699572	0.8433188171740188	84.51136763645994	2.086049593145407	5.75998376322309	90.11899090255326	92.99898278416481	109	0.28711415815162733
GCA_903821715.1	GCA_005786915.1	92.55303647695881	0.6992033014416743	90.96893724628687	2.780997657853321	3.0049294608492403	91.50661952247613	93.00908425290075	81	0.44955539057125427
GCA_900539655.1	GCA_900540475.1	91.73626285580573	0.14211859941558924	90.19144763456896	3.2581575523800375	63.233489483632184	2521.6488753963404	2553.2656201381565	2358	0.40935617159927934
GCA_002719675.1	GCA_009392295.1	88.21555367767071	0.57440884164082	82.91493566582893	2.3054846895723897	12.19662695306738	199.6707355783055	205.7690490548392	273	0.23286274896836842
GCF_902143375.2	GCF_000379365.1	91.70924756483915	0.1355480427833862	90.5798522703887	4.3435825072709076	45.41237013045338	2689.652733576835	2712.358918642062	2530	0.39672961917963245
GCF_004025965.2	GCF_011383005.1	90.00963143218706	0.16702810703795068	87.59726256608829	3.453869514621738	54.17117352260584	1897.2767850460111	1924.362371807314	2240	0.2809772625327743
GCA_018694835.1	GCA_014240375.1	94.96892957558345	0.0667922494565468	94.33752590776243	3.0735355204331385	119.3713757968344	6914.873837196769	6974.5595250951865	5284	0.6360348297661984
GCF_002797675.1	GCA_017959225.1	88.18118914497457	0.2131820160742924	86.89373705129357	7.6236546976459225	11.25479710734544	1360.5131028013845	1366.1405013550573	1916	0.2111141436839553
GCF_001997385.1	GCF_002117005.1	88.02301844702903	0.23094775778571547	85.83427223238182	5.239459118530733	19.411656741418028	1141.3795723723974	1151.0854007431064	1684	0.20153501498230522
GCA_002731655.1	GCA_003193815.1	96.79322522661752	0.12711463878968393	96.60066756794832	3.930162088288068	6.542451611028355	1065.611939731167	1068.8831655366812	807	0.7824883421869733
GCA_002083555.1	GCA_900299245.1	91.11498475538784	0.28211867579730343	91.26894577507304	283.813509718651	0.0	624.4085218104502	624.3474221267824	615	0.35040663951150613
GCA_012030815.1	GCA_005798405.1								0	
GCA_012959525.1	GCA_002720975.1	91.89229412662357	0.10465298159249864	90.21864979307138	3.0735355204331385	130.92611687554745	4349.2423974429275	4414.705455880701	4115	0.40347839527773827
GCA_016217785.1	GCA_000309865.1	91.62150703961025	0.2756392959023754	89.99516873403654	3.1645004295160937	19.084491951980226	700.9798829117077	710.5221288876978	664	0.4130426208505166
GCA_011390615.1	GCA_011390635.1	92.67108958464044	0.3194249309664676	90.0965497440926	1.7805458881095184	27.38464879259959	441.5631312923572	455.255455688657	393	0.46169311010697733
GCA_002898315.1	GCA_011364105.1	90.59707323504422	0.24031533331897517	90.54966522304164	27.40133546110045	0.5687423754322936	1012.6820213822882	1012.9663925700044	1008	0.356519047056235
GCA_005798405.1	GCA_000204585.1	88.40573921948695	0.6755160739761947	87.14319801976357	6.98493630493306	1.3400877932974709	144.97163756141003	145.64168145805877	187	0.24323401779181042
GCA_011523385.1	GCA_002238765.1	90.09152340406754	0.2430686119731198	88.7068693160014	5.239459118530733	12.893494412967584	930.6134931038483	937.0602403103321	1046	0.29591351603080174
GCA_000063525.1	GCA_012270465.1	93.30359080168252	0.1222892096378122	93.01564391060428	8.931711272653901	10.090289205029876	2671.3160064738063	2676.361151076321	2201	0.5021162807598616
GCA_017409345.1	GCA_015060975.1	95.74122466944783	0.266555555878768	94.64847691552666	1.3924542830368505	18.46400829188974	368.4629546538024	377.69495879974727	280	0.7042139893075409
GCA_002171975.2	GCA_002696965.1								0	
GCA_002423485.1	GCA_002329445.1	93.66905621387535	0.11782695566476896	92.79915144437673	3.354586568267391	55.24029457960296	2862.6214280258214	2890.241575315623	2331	0.5374055616067948
GCA_002713585.1	GCA_002497905.1	91.67520839825657	0.19196659438620664	90.65185600175528	4.740769527530555	19.714894255165746	1351.0905715310043	1360.9480186585872	1274	0.3968383880747644
GCF_000317105.1	GCA_011390515.1	94.31180932652167	0.09982483347880061	93.67224103715023	3.7074612216309677	51.9764792023725	3561.926197905108	3587.9144375062942	2768	0.585502621487249
GCA_016869285.1	GCA_016792585.1	90.03927967195507	0.1431165795793847	89.79668362830797	18.063054805465843	3.6753170505453454	2573.3691946141353	2575.206853139408	2961	0.28456644976073847
GCF_001570745.1	GCF_900156755.1	86.8962715807115	0.21574083770197608	82.82583209116693	3.930162088288068	37.44281334293328	1302.6394399453904	1321.360846616857	2391	0.1493139012297667
GCA_017881345.1	GCA_003818285.1	91.59741302534078	0.36010550694193344	90.01716282798512	3.354586568267391	9.774323088196297	380.0061069274031	384.89326847150124	369	0.3865471224430699
GCA_009841265.1	GCA_009835325.1	96.0097821890676	0.05966592689630152	95.34851834453939	2.086049593145407	162.3023186473365	6730.030702934209	6811.181862257878	5139	0.7207261040518784
GCA_002506255.1	GCA_001421175.1	93.94676912883799	0.206742703534588	93.82679552877502	13.159769520801284	1.3149459525068323	887.2133254061654	887.8707983824188	686	0.5596267810704479
GCA_015493715.1	GCA_015489765.1	94.92029344097926	0.3459680701492255	93.2533528994165	1.3356023565782857	17.677148275386685	266.7072353354729	275.54580947316623	208	0.6352948789080857
GCF_003856835.1	GCF_000427685.1	89.37521309012666	0.1790710102020431	86.83183776838922	3.7074612216309677	46.41030755356587	1750.937576396047	1774.14273017283	2224	0.2537055173536251
GCA_016285615.1	GCA_017454945.1	96.98131307884188	0.07107197980805718	96.16787972719048	1.0754045599416262	154.61922286976915	3300.4526015842903	3377.762213019175	2630	0.7999120244847949
GCF_003730015.1	GCA_002345565.1	91.82394166845788	0.27335810479421274	90.82415782922854	4.472135954999578	10.571883317230231	700.4804560059188	705.7663976645339	635	0.4256284578026381
GCA_002840985.1	GCA_018816945.1	93.5800341343759	0.15176134534216093	93.41391474195788	11.564949675432423	3.420912887335362	1783.6527884713828	1785.3632449150505	1407	0.5418041126485886
GCF_000169335.1	GCF_000017845.1	93.48967114576281	0.3881957266083138	92.95525592191693	4.94256752467296	2.7129309374075774	281.6795206027359	283.0359860714397	222	0.536805804949339
GCA_002440975.1	GCA_015709215.1	91.37387450448551	0.3617920703998706	90.04477406063626	4.097455358559034	7.184019044418164	382.66976061943717	386.26177014164625	376	0.37343518438305334
GCA_018822105.1	GCA_903843965.1	90.73071551477885	0.14555841445348927	89.25332700301341	4.3435825072709076	47.427166998794746	2496.8985992462044	2520.612182745602	2622	0.3337792246771282
GCF_000426085.1	GCF_011393025.1	93.81157554392642	0.08654999440344577	93.17022069570542	4.046479871071336	71.4259412459578	5450.7390260065895	5486.451996629568	4321	0.5651528210616726
GCF_006517435.1	GCF_006517535.1	90.77523503774863	0.08231192298179853	88.44655529736077	3.0735355204331385	250.40356452026754	7333.864287674952	7459.066069935086	8002	0.3216484754942295
GCA_017651625.1	GCA_017528425.1	91.02954543676508	0.22471547215018348	89.44763834009112	3.60088867393635	25.083708278338236	1105.8800199488414	1118.4218740880106	1081	0.37553573279839125
GCA_902802585.1	GCA_016285335.1	93.00197068448925	0.15984209123665816	93.01265574024542	37.61097969037034	0.3989113648417515	1669.6245580592988	1669.8240137417197	1383	0.48432797186263726
GCA_012518535.1	GCA_002385665.1	92.62591319047259	0.3296804406355114	92.73712333551828	283.813509718651	0.0	433.42329503899407	433.3734527836576	358	0.480442276593534
GCA_002070605.1	GCA_017998755.1	93.69068501937063	0.9358649058789229	93.70840066808874	33.05294113816355	0.010765931093928316	46.99053695434394	46.9959199198909	35	0.5552749362343972
GCA_003599735.1	GCA_016875635.1	91.59713307018448	0.18999446400819034	90.3157666392711	4.046479871071336	25.26300794361805	1346.2495631290399	1358.881067100849	1300	0.3805414609410857
GCF_000025325.1	GCF_003977755.1	93.17208946644125	0.07736604830292146	90.51742706359846	1.5647632398299687	504.20813815218935	6974.75037968763	7226.854448763725	6152	0.4943994815912565
GCA_013824685.1	GCF_003570925.1	91.0257789849173	0.15555542023552021	90.7147202105265	13.159769520801284	5.175784915405529	2090.7758954875394	2093.363787945242	2117	0.34574236703579886
GCF_006175985.1	GCA_004168015.1	96.3429343660374	0.050764836512036206	95.51886686246142	1.4760966347905067	317.2648702270126	8250.563704441334	8409.19613955484	6342	0.746920771782516
GCF_002263495.1	GCF_014201195.1	89.84732628104473	0.09400668461372819	87.05672348692194	3.1645004295160937	209.0504703898714	6101.935597764794	6206.4608329597295	7366	0.27495717805898257
GCF_001488575.1	GCF_001485535.1	92.34773322782613	0.10914781287980832	90.24247228148758	2.3054846895723897	169.61387703896162	3845.0836332209974	3929.890571740478	3556	0.4342214606426953
GCA_016841625.1	GCA_016841265.1	91.65729725754723	0.1384837901752163	90.56625904040355	4.472135954999578	41.12607066098826	2675.118266564973	2695.681301895467	2502	0.40421560347212604
GCA_016714165.1	GCA_016716765.1	90.37884084633492	0.12221090464679993	89.18479576434048	5.394527091291249	47.16543245713456	3754.684255152911	3778.2669713814785	4004	0.32481743906694505
GCA_003336485.1	GCA_013139985.1	94.51103920771587	0.2663048462538582	94.57831965096945	283.813509718651	0.0	472.9472689158642	472.89929621889155	350	0.607104549902258
GCF_000517425.1	GCF_000517405.1	97.42423460156088	0.05028869166150491	97.0609403754086	1.8332432438918538	79.13597833337917	5113.4045638921425	5152.972553058832	4176	0.830911177196733
GCF_900120005.1	GCF_000327285.1	86.59221393305262	0.20253874041318334	83.51833743009529	5.088848640517972	28.04953334659467	1527.6734324015674	1541.6981990748648	2854	0.1448442004185938
GCA_903881535.1	GCA_903915615.1	94.65613388155056	0.1513301747410728	94.48556890124279	9.196055803071975	3.7789173784667582	1421.0441488913957	1422.933607580629	1074	0.6124155394423123
GCA_002563855.1	GCF_008838325.1	93.32700451767226	0.08239136737970944	92.04341751383495	2.7010566988485465	177.28084079194196	5951.1695848667405	6039.8100052627115	5033	0.503473203936359
GCA_018399235.1	GCA_018334555.1	93.14932577557813	0.5074350920605987	92.05018840068333	3.1645004295160937	3.845881500104781	163.8658323736691	165.78877312372148	138	0.4962605273500453
GCA_018895675.1	GCA_016783665.1	96.94713035977315	0.13773858908837286	96.86194275117741	6.507164100443355	1.7291770021013235	857.8221340357086	858.6867225367592	657	0.7972379721737526
GCA_017619985.1	GCA_017557505.1	92.69055144519544	0.16707704442236043	91.74819215596382	4.046479871071336	26.050475486083542	1577.9453997396852	1590.970637482727	1371	0.45899587914309103
GCA_017998555.1	GCA_016714465.1	92.5808608988752	0.1978280782324533	92.44608805226778	15.874010519681997	1.5918500563161615	1112.2769607696464	1113.0728857978045	958	0.44793794077316096
GCA_007135605.1	GCA_007126865.1	94.1617625665059	0.12766207519665956	94.10856173626273	19.148071672582883	1.5246784357696015	2162.5945234079927	2163.3568626258775	1669	0.5695998343595088
GCA_003158175.1	GCA_013289785.1	91.02220957083755	0.37165367064452626	91.19310038646883	283.813509718651	0.0	351.0527038220979	350.92028596487955	347	0.3399700380297383
GCF_000474275.2	GCF_000005825.2	97.23155738915752	0.05628582191974416	96.72864012856708	1.4760966347905067	107.47409579358464	4740.440151073326	4794.177198970118	3901	0.8217633315185472
GCA_015490195.1	GCA_015488335.1	93.36037711929995	0.21474235234238895	90.53833239082063	1.3356023565782857	78.28614690092991	989.0590067406697	1028.2020801911347	834	0.5391037017098635
GCA_011338225.1	GCA_018396775.1	90.05921859316624	0.6790174621621096	90.25181408836801	283.813509718651	0.0	132.72904038828833	132.70841112648063	134	0.3319853370930507
GCA_002502965.1	GCA_002506255.1	92.03288596335717	0.3899084426180933	91.3569284788657	5.961986549755308	2.8384434426967573	320.2773621835758	321.6965839049242	285	0.4185451088116453
GCA_015233625.1	GCA_015233295.1	95.01236576201556	0.3996253826942485	95.06603742553352	283.813509718651	0.0	192.15095140752098	192.1462815836171	140	0.6477973877454349
GCF_016937535.1	GCA_014859645.1	92.09746559071881	0.2177069291583579	88.50172603411664	1.5197834558110268	85.66228206243204	1038.7623545047	1081.593495535916	969	0.43676425848183104
GCA_018771605.1	GCA_011054805.1	96.33959243555175	0.10170865977079124	94.10448943828688	0.6308464364434694	267.47659226802716	2245.6986594769605	2379.436955610974	1839	0.7626181085965431
GCA_003513005.1	GCA_002418775.1	93.2908878926736	0.1623340894212217	92.5938799452331	4.3435825072709076	20.588011874604035	1641.1611974350617	1651.4552033723637	1338	0.5206873703787526
GCA_903892045.1	GCA_016872795.1	92.15154459111207	0.08500374058232824	91.53538931590947	6.507164100443355	49.82311343332003	6270.233508772943	6295.145065489603	5728	0.41566884961217826
GCA_001914535.1	GCA_003220675.1	92.50497476793078	0.1844684724398883	92.58092651401756	81.98513025268825	0.0740741024756062	1302.2024311241632	1302.239468175401	1122	0.4452302128103217
GCA_003019535.1	GCA_902812505.1	97.05962481915435	0.1253250866972553	96.52322323124127	1.5647632398299687	23.434443627119435	1037.7512901727905	1049.4685119863502	840	0.8074795810440364
GCA_001824915.1	GCA_016181405.1	92.18157978137343	0.3512416652088442	90.50031717915401	2.780997657853321	12.305532008552973	394.1574016799656	400.31016768424206	359	0.4403077175403858
GCF_016918015.1	GCF_003265355.1	90.57019311164744	0.1240522521515906	88.04566721559479	2.948047439780061	120.18497046161792	3370.290637411699	3430.383122642508	3714	0.3160698043295623
GCF_000935355.1	GCF_008364765.1	90.75937298441919	0.12526167221131734	89.52618288633417	4.740769527530555	54.25851823551329	3609.152690150877	3636.2819492686335	3633	0.35782629498852897
GCA_018716365.1	GCA_900545755.1	92.82250175300057	0.2199592810419552	92.90997546315418	137.45268709897374	0.017822964139895703	879.014278202032	879.0231896841019	738	0.4685383441865512
GCA_011051875.1	GCA_015484845.1	92.40216356864946	0.16111604814403638	91.87120886628526	6.784151343742322	11.93713190453127	1752.8109190767539	1758.7794850290195	1547	0.4392370221980684
GCA_002070635.1	GCA_017992475.1	93.40022441273159	0.19609306328074574	93.06026386319249	7.404509504937814	5.117668038646116	1090.6566964297097	1093.2155304490327	876	0.525753819887258
GCF_003992005.1	GCF_003992055.1	92.6039572708151	0.3282892046984137	88.4960276457723	1.2237040841184101	42.16238849277693	423.35248118354406	444.4336754299325	391	0.46635193413049886
GCA_015068285.1	GCA_017547995.1	93.93019809560089	0.39031398974432774	93.17535751658208	3.2581575523800375	4.654166027974952	256.3343307082526	258.66141372224007	197	0.5655188054122935
GCA_002839705.1	GCA_002509745.1	95.82340852333137	0.19418383690217547	95.01621750586938	1.7805458881095184	20.73225095781163	712.4502616477482	722.816387126654	550	0.7190911167875786
GCA_002311025.1	GCA_017417005.1	89.91689112514767	0.4576176634801015	90.10439620753692	283.813509718651	0.0	282.98697616343617	282.967542486619	303	0.31111596207434766
GCA_009838595.1	GCA_009840355.1	94.34914539163475	0.09543504790828464	94.41434062592442	283.813509718651	0.0	3692.4860680843894	3692.414481990457	2816	0.5846715373981878
GCA_016704435.1	GCA_018058035.1	90.49678364455754	0.31367129363054325	90.2291304778334	15.874010519681997	1.006259701111503	531.4614526039335	531.9645824544892	572	0.31465597075875923
GCA_016180655.1	GCA_001771285.1	95.02889791799855	0.1098930542102325	94.44989887018691	3.1645004295160937	40.861792936352686	2573.509221361572	2593.9401178297485	1968	0.6444523145304007
GCA_014190215.1	GCA_009694465.1	95.89172900079866	0.10921503015611157	95.69869848952496	5.790606713812224	8.27561022212467	2020.3368682561063	2024.4746733671686	1498	0.7127709059141444
GCF_001469955.1	GCF_003439925.1	88.69233293877473	0.13300680986023924	83.94450430363419	2.5480025361421035	166.7216552764694	3241.8121556620567	3325.1729833002914	4599	0.22037965057019296
GCA_017413255.1	GCA_017632945.1	92.68952145246772	0.21308454581182124	91.57488170272559	3.354586568267391	22.43689141984987	1042.6480234639507	1053.8664691738757	885	0.48110961316466944
GCF_000147875.1	GCF_000784355.1	94.65860486534507	0.08725109376303222	93.46718754066573	1.9678445314082378	166.29180738027026	4448.420195475457	4531.566099165592	3485	0.6168082638209345
GCA_003218705.1	GCA_003220055.1	95.69966813348259	0.1015430459157701	95.28627351164748	3.354586568267391	31.072960842097928	2483.1741338340626	2498.7106142551115	1851	0.6957807201248216
GCA_011355205.1	GCA_018396565.1	93.00630674082592	0.37672002904120355	93.1067080043521	283.813509718651	0.0	307.15416344850706	307.1106092525954	252	0.500710042242654
GCA_002733685.1	GCA_013215945.1	95.31378405003714	0.11150112902097757	94.21160442325937	1.6110742536123712	101.32348134072981	2533.348922630878	2584.010663301243	1964	0.6873675190194747
GCF_000430885.1	GCF_900113335.1	89.4668995449957	0.22365610721832938	88.47657397138255	7.6236546976459225	8.754132182124522	1145.4106233418706	1149.787689432933	1371	0.2678625627367037
GCA_017543165.1	GCA_017450525.1	94.8098174214739	0.1903238591417275	94.84201354513691	59.729953204359184	0.05462783793154813	878.0642790383783	878.0915929573441	644	0.6276252171165858
GCA_009711705.1	GCA_016278505.1	95.92422230625162	0.08497594500177268	94.56239185684649	1.15436344270387	210.7393608461398	3527.5034813496477	3632.8731617727176	2765	0.7218010916784465
GCA_905202485.1	GCF_000404225.1	88.98210210154738	0.29293825422051056	86.27055317141111	3.60088867393635	20.500591388267367	706.3086183552307	716.5589140493644	899	0.2516576288460807
GCF_002102475.1	GCF_009905255.1	93.65466436191899	0.12507796806917879	93.28105482863023	6.320112904221773	15.49489330682627	2643.629494033603	2651.376940687016	2079	0.5532261011740471
GCA_004402915.1	GCA_004402895.1	95.78164010801277	0.16786787035934453	94.90120665658759	1.679652056380189	32.97701342375876	934.7968040438931	951.2853107557725	716	0.7101100424526688
GCA_013822245.1	GCA_014860455.1	93.10623301997924	0.09699421547007193	92.84348007000654	9.871253137244736	13.704189349264198	4425.1620580740755	4432.014152748708	3693	0.4899990329815875
GCF_004345005.1	GCF_008281175.1	86.34633744591713	0.2780530533681688	83.87867473267987	6.138438574092371	10.84473186752848	844.5715773625573	849.9939432963215	1579	0.14276834300982305
GCA_002841825.1	GCA_018817795.1	96.92690252000524	0.05328223714103588	96.55022437686348	2.147788691431886	89.6714634017062	5882.245053621086	5927.080785321939	4594	0.7932672993268557
GCA_009845425.1	GCA_012270995.1	92.07128807579916	0.09071682239534386	90.31889873772222	2.8633045638333394	185.49443370428162	5669.606784002481	5762.3540008546215	5319	0.41382730616705843
GCA_003454845.1	GCA_016779995.1	95.4201551795237	0.28677509419995145	95.47221713227738	283.813509718651	0.0	334.1956934662002	334.1347393433892	243	0.6880989105250841
GCA_002402825.1	GCA_002327235.1	90.5485114949932	0.34745321587226397	90.71720563988296	283.813509718651	0.0	481.7819243313907	481.7701903990403	473	0.3520918657458482
GCA_001603805.1	GCF_004087915.1	85.231192887216	0.35624747233780074	78.77314727371662	3.1645004295160937	22.533535010829837	552.3160321066914	563.5827996121063	1186	0.12234412150909309
GCA_003663525.1	GCF_000022545.1	95.2068585649756	0.196160501545243	95.25287833153025	283.813509718651	0.0	796.8055803212899	796.7635091602916	592	0.6767174906616017
GCF_900182585.1	GCA_003978105.1	94.66799432094373	0.18039841666587114	94.0183136190649	3.0735355204331385	17.428750092127757	1115.7542503937784	1124.4686254398423	853	0.6349803073900748
GCF_900106845.1	GCF_900015215.1	94.25968635097807	0.17039001120151112	93.21862735025303	2.3054846895723897	38.98514616226521	1366.2502103438933	1385.742783425026	1068	0.6104476241008407
GCF_900110885.1	GCF_004339665.1	94.23925586069444	0.06359222297127462	93.1813284492063	2.443971219232322	259.41350013050396	8710.135567944051	8839.842318009303	6931	0.5757087884919753
GCF_009867135.1	GCF_001553955.1	96.15211621226857	0.080491515114803	95.38220252766256	1.7293633402042623	114.22619425475932	3524.4815903981776	3581.594687525557	2709	0.735599829131623
GCA_001774455.1	GCA_002778715.1	92.14241964514846	2.1517072536064936	92.34041053142042	283.813509718651	0.0	11.182411100519573	11.173378881982009	8	0.4623479507736612
GCA_002309765.1	GCA_017454745.1	95.85144482104798	0.06609053924672365	95.30176360102617	2.5163034302254443	106.35959939540226	5726.338701050885	5779.518500748586	4333	0.7091750189457243
GCA_009995705.1	GCA_007095785.1	97.01857191634852	0.0933451724944319	96.69935111790386	2.3737182283699307	22.90808537476596	1848.2272365158506	1859.6812792032335	1447	0.8031317707117354
GCF_002287175.1	GCF_000745485.1	94.66736049427203	0.11630482575964475	93.52110990076122	1.9678445314082378	92.74122772872215	2621.7823548315946	2668.1529686959557	2064	0.6317056616731361
GCA_014238205.1	GCA_002722935.1	86.76937137597247	0.31096431708706435	86.43801181430953	24.08059389994337	0.6948950318858351	634.9184518806371	635.26589939658	1158	0.14672066245457022
GCA_015059015.1	GCA_017398545.1	95.91337147653813	0.14945969110365048	94.45860353336086	1.0144672443485387	80.87013511110308	1201.6232218019857	1242.0582893575372	950	0.7322747517747248
GCA_900554395.1	GCA_905207485.1	95.3594142360795	0.10939151406731996	95.33256771410727	21.162289823326095	1.0070194819190874	2316.2341312357935	2316.737640976753	1711	0.672089717733884
GCA_902620405.1	GCA_002727435.1	94.75435440783981	0.3646747788151295	93.63710510195365	1.8332432438918538	9.816465317834059	265.29822229773225	270.2064549566493	205	0.6415467169691299
GCA_003500765.1	GCA_009773155.1	93.82862938451355	0.2537452890958849	93.84658482430778	41.05021284117567	0.09733912413412327	592.2004501266964	592.2491196887635	463	0.5511570260404015
GCA_001783595.1	GCA_002782365.1	91.91051441884204	1.7923304553583788	92.03582629139405	283.813509718651	0.0	15.782662057310159	15.78210245505672	14	0.43263687951092245
GCA_011056555.1	GCA_011777135.1	90.35308740071373	0.5843140790514142	90.46315667857219	85.47495083653534	0.0106734978880354	157.07647444677036	157.08181119571438	169	0.31135287954471547
GCA_001790315.1	GCA_001788495.1	92.29883472459119	0.1694225818018063	92.39913763793652	150.02167206107245	0.02819770956512002	1552.8811877806893	1552.8952866354718	1387	0.4282908659242658
GCA_016787505.1	GCA_016715405.1	94.56241532298925	0.10049008040442307	94.4626869192156	13.159769520801284	4.460339915694021	3254.9833492117805	3257.2135191696275	2456	0.6039716310428794
GCA_003445855.1	GCA_003219195.1	93.18164231452278	0.16824110905870718	93.0726699509752	16.34382058503021	1.7907552391789068	1422.3613234065567	1423.2567010261462	1175	0.491192874522518
GCF_000151105.2	GCA_017656495.1	88.90902464386653	0.2110418979097841	87.72347215919521	6.784151343742322	13.58747034447515	1440.25018061065	1447.0439157828876	1754	0.2646884021245424
GCA_003214855.1	GCF_000760295.1	95.13891384726044	0.09952509215201492	94.66337068841871	3.7074612216309677	35.158818990255895	3023.702099933412	3041.2815094285397	2283	0.6542084768649272
GCA_003160265.1	GCA_003132605.1	95.35718568815479	0.16080554458083185	95.30520489200912	16.34382058503021	0.7311360407757093	1081.0497815804533	1081.4153496008412	797	0.6701694863820422
GCA_002238425.1	GCA_009838965.1	91.95241870240322	0.09719305477963609	91.55107047681167	9.311903019037887	20.30586475419841	4934.664079953609	4944.817012330708	4566	0.4034868549412465
GCA_002869855.2	GCA_002083555.1	91.924666685908	0.10748762556932305	91.01936084921456	5.088848640517972	51.05348940406202	4074.799953005139	4100.32669770717	3807	0.40452607813091274
GCA_015232025.1	GCA_015232485.1	97.76105434631627	0.05095020296271584	97.64823605881172	3.2581575523800375	19.645303864925154	3889.4910566008325	3899.313708533295	3261	0.8554880216467637
GCA_010692395.1	GCA_011524395.1	97.20154950860301	0.06858760090563513	96.744734991117	1.631369744526313	62.82105906559718	3185.914060272855	3217.3245898056534	2574	0.8173471668792472
GCA_003151535.1	GCA_003164415.1	94.12496846875503	0.52630607945581	94.20944283188078	283.813509718651	0.0	138.58072020459733	138.5573961002429	101	0.5947126256630504
GCA_002711995.1	GCA_002718735.1	90.56147973142802	0.2802693147572786	76.0610287862304	0.7178408847079111	172.23549491150948	711.779117131793	797.8968645875477	818	0.35502655143205847
GCF_003992135.1	GCF_003999875.1	92.2835547886072	0.2234477717019319	90.00890422477616	2.086049593145407	46.66968584052074	963.9113490713611	987.2461919916215	878	0.44642138950232824
GCF_016918015.1	GCF_003933745.1	89.03867388188628	0.1089419673545749	84.60322417101332	2.5480025361421035	239.24188538407543	4702.101691701377	4821.722634393414	6382	0.23445508743178486
GCA_017461985.1	GCA_017500745.1	89.0225175082327	0.7770162846842473	88.46588485015378	12.259636460162035	0.3263533356371511	99.02786514088469	99.19104180870326	123	0.25419033576687916
GCA_001788395.1	GCA_016188005.1	92.39802976809631	0.15653177652921837	92.04077397662219	9.044228411186559	7.5281943782874805	1855.7583616576394	1859.5224588467831	1634	0.44064622804284553
GCF_000196655.1	GCA_018609725.1	96.3624151635598	0.12241311661394057	96.38754705611115	283.813509718651	0.00020000093081762316	1408.6331290820372	1408.6332290825026	1058	0.7574353590794354
GCF_004005565.1	GCA_007997015.1	89.62043100782117	0.0964887148138436	86.29852210407982	2.8633045638333394	230.13395730676712	5821.5389776555285	5936.605956308912	7246	0.2625963592266729
GCA_017642445.1	GCA_017446885.1	89.20044354956383	0.29625150710971065	86.94370896696645	4.046479871071336	15.182929562932031	677.1776805330525	684.7691453145185	840	0.259539660850425
GCF_000212735.1	GCA_016718685.1	93.23312760731939	0.07308585135792106	91.85004289256926	2.5907763983215895	256.31644918810525	7799.197855074235	7927.356079668288	6569	0.5028364221037994
GCF_000186705.1	GCA_002729695.1	87.9882977255871	0.14667078931360356	83.99413655109514	3.354586568267391	95.53717901125219	2680.61785964991	2728.386449155536	4230	0.1861310069838501
GCA_005882985.1	GCA_005880075.1	91.88161368911332	0.26976349467817673	91.52801100289393	10.163404517371868	2.3431850708841466	655.6665239653371	656.8381165007792	601	0.4034178620076731
GCF_000739065.1	GCF_000023985.1	93.3038588804764	0.7896226306842211	93.24300292793603	17.543824622144026	0.05903954786302279	70.62802048689423	70.65754026082574	54	0.5246504283457106
GCA_016777435.1	GCA_905478895.1	98.13103318419198	0.08588181259766899	97.91698972806846	1.5197834558110268	14.25711434444338	1063.633177498706	1070.7617346709276	971	0.881539803913129
GCA_017417215.1	GCA_017526725.1	93.82831698906942	0.40505302338153754	92.67038132736245	2.3737182283699307	7.6577594396068775	250.70743175064155	254.53631147044499	199	0.566076011785085
GCA_016291275.1	GCA_902784195.1	95.81770359375406	0.21745543944684745	95.80259499792851	25.52707406805579	0.11062725344140745	549.1684176795516	549.2237313062723	411	0.7198550016108067
GCA_009839615.1	GCA_011523725.1	96.71806218173911	0.06716570873994972	96.46659344403169	3.354586568267391	30.58101380235894	4023.199545214857	4038.4900521160366	3068	0.7773407123208188
GCA_003552885.1	GCA_001564115.1	96.21798515298248	0.22247294764892447	96.24820977354067	283.813509718651	0.0	430.7009080211623	430.6888011882063	317	0.7357710797272854
GCA_001798565.1	GCA_016184235.1	96.74766983848431	0.11645108933506382	96.64004703223112	6.784151343742322	2.7132780468314195	1310.702289953464	1312.0589289768798	998	0.7814208807582338
GCA_016184445.1	GCA_016192135.1	93.8411675094158	0.34614487058272386	93.91999158106688	283.813509718651	0.0	318.32793925865127	318.307324766511	246	0.5541684213236896
GCA_016784625.1	GCA_013215285.1	91.22654326176038	1.4454719540079066	90.46291343319275	5.961986549755308	0.23127616547719043	28.325509367907134	28.44114745064573	26	0.4076568069138879
GCA_012518875.1	GCA_013201395.1	93.87669043337218	0.19296727657339802	93.41117891954045	5.239459118530733	8.655790662199706	1034.7345593452676	1039.0624546763675	817	0.5572996941391885
GCA_900545535.1	GCF_003269275.1	88.54920523014525	0.2071162250467032	86.05737168302315	4.3435825072709076	29.68463653437084	1359.3986630707109	1374.2409813378963	1902	0.21639901931292652
GCF_015775515.1	GCA_012517485.1	94.07802216795072	1.8450528420562953	86.84727397998525	0.5876963088723409	2.5269731824089163	11.799949223931495	13.063435815135954	11	0.5947543508570554
GCF_016629565.1	GCF_000010325.1	90.56533957855561	0.16557919814376962	87.07612114919228	2.147788691431886	114.72132694630409	2044.4703338190718	2101.830997292224	2175	0.34192098342232463
GCF_018324685.1	GCF_016865425.1	92.26041119855336	0.06111312190238077	90.30918333999173	2.5163034302254443	477.620351827547	12040.643860922692	12279.454036836465	11226	0.42240036354287375
GCA_002696685.1	GCA_009391195.1	91.37638912861138	0.30405716050151826	90.08782946419485	4.046479871071336	10.917893700365767	572.2240188221857	577.6829656723686	550	0.3872727155880377
GCF_000759835.1	GCF_009363175.1	88.22678403222399	0.14706756785850736	82.25426214816815	2.3054846895723897	161.72487414222542	2663.467992143523	2744.330429214636	4058	0.1981362477257753
GCF_001653455.1	GCF_900120335.1	92.10524547020415	0.18430522113214753	90.17450619822576	2.5163034302254443	55.973093014369624	1461.1803187454707	1489.1668652526555	1337	0.4407221655974988
GCF_003999875.1	GCF_001553345.1	92.71096407886515	0.2103333092337747	89.35997400913458	1.3924542830368505	89.22599967801398	1033.8555554967588	1078.4685553357658	933	0.47555829001876576
GCA_002171125.1	GCA_002591605.1	93.39886529235582	0.7312899845054527	93.49567399229525	283.813509718651	0.0	79.68226528080143	79.66975055676026	62	0.5396547640327859
GCF_001945665.1	GCF_008931845.1	92.44919166598524	0.22469649845072986	92.46802534849071	37.61097969037034	0.23129742190371871	990.2956214020936	990.4112701130455	836	0.48081563262150184
GCF_016859125.1	GCF_001027285.1	91.03393468969058	0.07374954901324747	88.33098362666823	2.5163034302254443	418.81844934148467	9333.414680367297	9542.82390503804	9796	0.3477692896681578
GCF_003467125.1	GCA_900095875.1	91.44684675250677	0.1324118158335309	90.00016789275375	3.8171879095811088	60.458692698676714	2836.2964205974463	2866.5257669467846	2778	0.37578904712924566
GCF_003838195.1	GCA_010672525.1	95.19072179310999	0.2080657592361772	94.56516949587277	2.8633045638333394	12.0087734002459	716.4989084980914	722.5032951982143	546	0.6677672842879434
GCA_016193045.1	GCA_001443385.1	94.65574613406706	0.12651261502425076	93.84078513275746	2.7010566988485465	46.74436732016693	2113.6746316894228	2137.0468153495062	1650	0.6162722816224284
GCF_014696105.1	GCA_012031475.1	92.46844896105208	0.22336272937643967	92.58608249340939	283.813509718651	0.0	873.3887163123472	873.3072831766376	751	0.43993639930938405
GCA_009379865.1	GCF_007826885.1	95.39669224876229	0.4315883958607118	95.43642784743189	283.813509718651	0.0	155.48647885768656	155.47691404218165	116	0.6881579586659732
GCF_014696825.1	GCA_004293145.1	93.34722381600038	0.5342144068390777	92.0203204324672	2.5163034302254443	4.8330489348641095	148.33691571542852	150.75344018286057	122	0.5181487308305607
GCA_003507445.1	GCA_000991245.1	92.35961111117487	0.2571853201254051	90.16317090431048	2.147788691431886	35.117494733883404	719.0241051415188	736.5828525084605	651	0.4510669963821053
GCA_016190005.1	GCA_016213845.1	96.57170637718527	0.046797973103971	95.79472120201754	1.3751310837166018	358.96992516909813	8968.804767165033	9148.289729749582	6965	0.7663766280281523
GCA_007136035.1	GCA_007130415.1								0	
GCA_903871855.1	GCF_003570925.1	90.19242306097522	0.19940317489344625	89.96944211454874	18.063054805465843	1.896059162225356	1348.4278821429189	1349.3759117240315	1493	0.2971464041874799
GCA_009844405.1	GCA_009843735.1	96.2846312317709	0.1386787109202369	91.62639420145108	0.3922918444044859	282.2734048612492	1124.3031336900249	1265.4398361206495	956	0.7419826498189154
GCF_009695875.1	GCA_905214865.1	94.19959442181538	0.08568926761185688	92.97549195627593	2.1748454368142185	177.28704932870096	4857.688063364539	4946.331588028889	3912	0.5741149452204612
GCA_004116725.1	GCF_003346775.1	87.89913970013232	0.773210424255823	88.16032903379578	283.813509718651	0.0	115.33902107158261	115.31033338953688	149	0.23390471605498075
GCA_002316545.1	GCA_002455275.1	92.93740841119357	0.17062152647823972	90.28257369314659	1.631369744526313	102.31014847796996	1477.4819732122744	1528.6370474512594	1304	0.4818275933397773
GCF_009742705.1	GCF_900101785.1	88.29493649847768	0.1619734302570158	83.06380766117802	2.5480025361421035	111.68136401568972	2169.183183067029	2225.023865074874	3304	0.19813396450553283
GCA_001509095.1	GCA_012729145.1	93.76268123923812	0.18046996742709354	93.46015847961347	7.404509504937814	5.22291066181333	1232.3687712029782	1234.980226533885	972	0.5520659272142151
GCA_002696705.1	GCA_003509065.1	97.55902553542096	0.10975748193742572	97.38368441636565	2.780997657853321	6.839442213872417	974.4921788981745	977.9119000051107	801	0.8417437828620769
GCF_000512235.1	GCA_002067165.1	90.41570023909631	0.24345564804440673	90.5860734700614	283.813509718651	0.0	919.8665475921168	919.8182854427247	964	0.32131945183689153
GCF_000340565.2	GCF_015207755.1	92.67467966403356	0.19303991336355117	91.15751124178463	2.7010566988485465	39.693044907588046	1238.548122019823	1258.394644473617	1083	0.47343022585363626
GCF_013408535.1	GCF_013407855.1	93.19534145275823	0.057737597644675696	91.57301187456629	2.3054846895723897	486.17224021621587	12364.905004311977	12607.991124420085	10654	0.4947755341564951
GCA_905233625.1	GCA_017964255.1	93.03141655135565	0.28946474904199965	92.65044651358753	7.6236546976459225	2.7101670081672182	513.7244894462672	515.0795729503508	425	0.49071139400950253
GCA_013203195.1	GCA_014383215.1	98.16878347365302	0.06878694515857853	98.0051104268143	1.7805458881095184	15.67428747277063	1602.4948315654574	1610.3319753018427	1477	0.8851894088942764
GCF_008271695.1	GCF_017916365.1	89.47627592676032	0.11078631657661198	86.77338960567995	3.354586568267391	149.66337325453242	4765.988614593646	4840.820301220912	5766	0.2743547256361577
GCA_009692725.1	GCA_016875695.1	91.00866033681608	0.24124472961569035	91.15895254448678	283.813509718651	0.0	840.1392701027916	840.1339998874481	861	0.3372162981185573
GCA_900548305.1	GCA_900542375.1	93.4922870313873	0.20472725654870758	93.10481141599098	6.507164100443355	6.042673377639858	979.4296844749284	982.4510211637484	781	0.5292024235045
GCA_012521755.1	GCA_012522085.1	91.5781377977239	0.2452651848875902	91.7168936375707	283.813509718651	0.0	826.2983303715641	826.2651105654734	763	0.39067530619749813
GCA_012727675.1	GCA_012510855.1	97.18487436288787	0.49458363332241145	93.48137052436942	0.30297040516146717	15.267020183902005	62.01996973669153	69.65347982864253	55	0.8161222994736329
GCF_010287905.1	GCA_014803435.1	89.69925895148108	0.12860396654882136	87.7923609584399	4.472135954999578	62.612523763681565	3239.978035704315	3271.284297586156	3982	0.26307136698400024
GCA_017610525.1	GCA_003660865.1	95.50457604971018	0.7328482063130004	95.55237643217193	283.813509718651	0.0	49.06273999336515	49.05738708234159	35	0.68300478056325
GCA_001563335.1	GCA_002825515.1	90.1291181446873	0.3402760957330499	90.0739610500567	28.212310305021987	0.2949001841207064	508.5344946605694	508.68194475262976	538	0.3215069663469892
GCA_902783175.1	GCA_900758075.1	97.06476528276895	0.07437402321084306	96.9500567172761	5.239459118530733	8.506640269100899	2727.730645595536	2731.9839657300863	2101	0.8042158166942216
GCA_004193595.1	GCA_001751005.1	94.11092075583043	0.2854489587158029	94.18292384573043	283.813509718651	0.0	459.487807191104	459.478152397921	347	0.5818136737405066
GCA_017379935.1	GCA_017415025.1	90.40406422421216	0.187305462521295	88.5414805820709	3.8171879095811088	35.11057172939081	1533.2081055355407	1550.763391400236	1679	0.315468187032957
GCF_900142955.1	GCA_018372435.1	96.02428929156291	0.07294243236930241	95.24184618141788	1.679652056380189	150.25457744587948	4700.631183105883	4775.758471828823	3628	0.7345640048336279
GCA_910584395.1	GCA_910579775.1	89.01130624717027	0.2882059434550843	88.80828989974863	21.788612752398578	0.7418526259066311	712.7782001095413	713.1491264224946	903	0.24823010461906975
GCF_019049625.1	GCF_003602095.1	93.75775054695023	0.0691480878480099	92.72276929964717	2.8633045638333394	204.1799318393605	7948.222627631937	8050.312593551617	6472	0.5377153222676353
GCF_000739975.1	GCF_016027715.1	86.74486231203845	0.35981385696414764	80.37414496050563	2.5163034302254443	28.59864730632603	529.2312690798427	543.5305927330057	886	0.17223829608543423
GCA_011362965.1	GCA_014361445.1	93.52822515975511	0.5961542452375576	93.62396099540989	283.813509718651	0.0	118.01756327887776	118.00997415751684	89	0.540438227266152
GCF_001575205.1	GCF_000312385.1	87.43911793362857	0.1169207294231461	83.63414359930539	3.8171879095811088	123.77476943306101	4314.417277563175	4376.304662279706	7368	0.16520835257238686
GCF_002940065.1	GCF_001908725.1	90.14484742758604	0.0971377661585216	89.12600575627809	6.784151343742322	50.88961363058843	5497.608656356014	5523.053463171308	6347	0.28577987905318614
GCA_013619105.1	GCA_001751225.1	93.41761629100836	0.18426839236509285	93.50584791458807	283.813509718651	0.0	1167.3539618841912	1167.3034234543156	933	0.5161702213006233
GCA_016177555.1	GCA_016188005.1	97.6212553940484	0.11636781406544669	96.31986894167765	0.4872081924978203	103.5656413233794	868.9906307069792	920.7734513686689	747	0.8456883464074004
GCF_003555505.1	GCA_015296025.1	91.22384896966258	0.23332919586126455	91.32398250872028	90.60928522085983	0.05237991814783527	915.9076052547057	915.9337952137796	898	0.3623921650649332
GCF_011751745.2	GCF_011751765.2	87.2409760929412	0.11040790127342835	84.15500506150374	4.740769527530555	99.35790775805071	4792.592876841369	4842.271830720394	8519	0.1556094056799519
GCA_016213345.1	GCA_016194835.1	97.35789000974069	0.18983517081620557	97.22592355301475	3.7074612216309677	1.6944463081930508	373.3449583343722	374.19218148846875	301	0.8305298697044201
GCF_017874235.1	GCF_001307315.1	87.71199181106019	0.18864292954096243	84.44035909283586	4.046479871071336	44.300577550179696	1701.0289218393084	1723.1792106143982	2715	0.181801020975013
GCA_009838645.1	GCA_009841265.1	95.18020399514899	0.0644785695199334	94.4303381408105	2.5163034302254443	167.2704727816581	7188.2083070758445	7271.8435434666735	5533	0.6541795144420182
GCA_900546275.1	GCA_905215145.1	98.65653282405503	0.24870468330955284	98.64702901052878	8.42559987152911	0.028571940607321267	75.04657928830456	75.06086525860822	85	0.9183543961166256
GCF_000145295.1	GCF_000828575.1	94.78422850779714	0.2146859407713997	90.17398003639384	0.6495170808381368	126.1856283245695	725.2601777694746	788.3529919317593	623	0.6305511666432518
GCF_000701705.1	GCA_900553145.1	94.1462630769059	0.09305817703464894	93.63871492849643	4.604494093647612	43.25000716028626	4250.716200165062	4272.341203745205	3304	0.574739110476604
GCA_900544795.1	GCA_900551745.1	89.70392676861766	0.47862916308679404	86.70267883980738	3.035298381097974	9.302051137902424	239.7326009479353	244.38362651688652	294	0.27419560043558194
GCA_018436595.1	GCA_016756745.1	90.5979959061131	0.15155776924165063	89.55051556932247	5.790606713812224	26.609959087779316	2406.7184053738024	2420.023384917692	2497	0.33369699578581785
GCA_012800565.1	GCA_012515455.1	93.17813604049577	0.17032435844699334	93.28331621512727	283.813509718651	0.0	1375.6459381152717	1375.3340557995525	1107	0.4930811934601302
GCF_011250635.1	GCF_011250645.1	89.96816145405393	0.10004664958175866	86.99085800611324	2.948047439780061	196.88448963046721	5267.918542495865	5366.360787311099	6328	0.27790241882075756
GCA_002068435.1	GCA_012516785.1	94.67511722141526	0.16552998848216194	94.60157905647503	15.874010519681997	1.049324572135447	1208.1248077376727	1208.6494700237404	913	0.6165707304020981
GCA_016873525.1	GCA_004296865.1	93.37107618318588	0.45688199802609203	93.46065892264266	283.813509718651	0.0	192.98706795768123	192.9776948457556	155	0.5131087738326757
GCA_002898215.1	GCA_011048275.1	86.03924923334758	0.1945593757027119	84.0560855616201	7.948167045262953	13.606063275314682	1660.1249675959468	1666.9279992336042	3456	0.12409664888203896
GCA_902622745.1	GCA_902524215.1	95.83814677996759	0.28560937513831397	95.16516261006808	1.9678445314082378	8.401381973449588	329.12086502945994	333.32155601618473	248	0.7232851217878142
GCA_002412705.1	GCA_016931855.1	95.05856221009836	0.10386190016813243	92.9950642726649	1.1072324263749704	241.04824242701125	2912.1475634706585	3032.671684684164	2309	0.6509171930149739
GCA_900770895.1	GCA_902766095.1	96.50843383455138	0.05901863120084396	96.1895724977896	3.0735355204331385	59.03374662266651	5596.772579967989	5626.2894532793225	4221	0.7598450416126896
GCF_001457695.1	GCF_000254135.1	91.17917295719337	0.23168433434238253	86.09264304844889	1.3356023565782857	106.76213595075751	1046.8413652719041	1100.2224332472829	1044	0.39545224965195747
GCA_902596065.1	GCA_902567855.1	96.58104847962579	0.20401959044155157	96.24925132443157	2.7010566988485465	5.36381463666055	489.5936453877953	492.27555270612555	379	0.7772306384829917
GCF_000648235.2	GCF_011087585.1	92.83611613481145	0.11499360929170166	91.75346670542665	3.354586568267391	73.06736524257485	3539.4530516231016	3575.986734244389	3000	0.49710199088668
GCA_003132145.1	GCA_003142215.1	93.44856590068981	0.11625430149001031	92.35723956751181	2.948047439780061	74.77167607864612	2950.1465775407437	2987.5324155800668	2438	0.5145649065586327
GCA_003509545.1	GCF_013167955.1	92.59050358525462	0.2535407255589502	90.96356116105463	2.5480025361421035	24.274981457302147	732.8276408517232	744.9651315803743	632	0.4665966272611256
GCA_002773575.1	GCA_001777995.1	97.29830608276102	0.1941120583333445	96.88972753814663	1.729363340204262	6.678251360117088	371.50172637034206	374.8408520504006	299	0.8236376695411493
GCA_002452835.1	GCA_018054125.1	97.13328218654257	0.1794773114851411	96.69149092957038	1.5197834558110268	11.524539078629687	490.3624195630343	496.1246891023491	395	0.8156189945100635
GCA_016182705.1	GCA_001795535.1	94.16224881084516	0.24629264073956167	94.23758837960362	283.813509718651	0.0	593.168777199401	593.1027862947906	446	0.5808137960448947
GCF_002208095.1	GCF_008364625.1	96.93675882448434	0.044194793608480096	96.3694298211057	1.5647632398299687	231.55334576981113	8556.814676622014	8672.59134950692	6721	0.7942759703698149
GCF_011038975.1	GCF_013185065.1	96.40878282163669	0.06760267989631591	95.10312006535841	1.0144672443485387	319.93400383025255	4606.2493252426175	4766.216327157744	3646	0.7530609024521978
GCA_000007325.1	GCF_000163935.1	97.43375637949913	0.7649644096535912	97.45274182444042	283.813509718651	0.0	21.730876718381143	21.730064812693985	18	0.8397488700721143
GCF_013376475.1	GCF_013376455.1	90.49687748437523	0.22560043505191313	88.71105525039931	3.930162088288068	23.58159955573319	1058.048637334073	1069.8394371119396	1147	0.32131602771822576
GCA_013333515.2	GCA_905365345.1	96.62448192686686	0.1499937167786916	96.32356327478294	2.948047439780061	8.71321692702827	839.5478124931699	843.904420956684	640	0.7725240841430654
GCA_016793015.1	GCA_017303555.1	89.74102650030113	0.1399403677080751	88.30861795302877	5.554184483614372	37.491153023245715	2765.556666996376	2784.302243507999	3331	0.26901504736039955
GCF_000317515.1	GCF_014695895.1	92.50994041941487	0.08843328099233168	91.16645101325433	3.1645004295160937	153.9614234918081	5914.949405114028	5991.930116859932	5205	0.45581812286393647
GCF_000337455.1	GCF_013415905.1	93.03168355089404	0.10667984126999902	91.14585232099286	2.147788691431886	172.19143486402936	3757.9967398441668	3844.0924572761814	3290	0.4850874151762832
GCA_003641645.1	GCA_017656385.1	93.14697664265951	0.998931695100501	93.2642630087387	283.813509718651	0.0	44.96308850995456	44.94594559286039	34	0.52959003950302
GCA_003162245.1	GCA_903914415.1	94.34888288618322	0.08061435804734546	93.92261589272205	5.088848640517972	44.482612370271454	5273.499994601877	5295.741300787013	4110	0.5840166513925953
GCF_000025865.1	GCF_003722075.1	92.32354948417255	0.1546742455259344	91.6352941807677	5.554184483614372	19.994698518830774	2006.9082219345783	2016.9055711939936	1762	0.44921467052637953
GCA_017413145.1	GCA_902793555.1	95.75639869907204	0.09433091121873435	95.47762812254324	4.604494093647612	18.1884351225317	2850.7556112914344	2859.8498288527003	2123	0.7012865425351285
GCA_905371725.1	GCF_001274535.1	96.94504406725163	0.20480737100338686	96.96422691459244	283.813509718651	0.0	399.08129798589493	399.0735946747277	315	0.8035124771389162
GCA_004212085.1	GCA_902158745.1	97.27022038186966	0.19857646155568157	97.19406307569103	6.507164100443355	0.565387497407869	354.7771980796894	355.05989182839335	282	0.8225213183629728
GCA_009697455.1	GCA_005808865.1	94.00393014445874	0.10519150126645517	94.03311696166458	49.51693944532927	0.3931171322510636	3304.797913852325	3304.9944724184506	2552	0.5604155654792404
GCF_003387475.1	GCF_018263855.1	91.12018271907907	0.06032578523223496	88.66516828431587	2.7010566988485465	532.0094107993427	13672.212646255011	13938.217351654683	14238	0.3483405051145165
GCA_012927555.1	GCA_003132125.1	95.31703513247784	0.08284403195097359	95.12110459201986	6.98493630493306	15.337573714252358	4054.831667485831	4062.5004543429573	3020	0.6628918008317796
GCF_014698035.1	GCF_014023275.1	93.52783618757161	0.14909654288080043	92.47566596316852	2.948047439780061	45.57411671690852	1847.1362169877564	1869.9232753462106	1501	0.5330936831021531
GCA_012269595.1	GCA_013911165.1	95.67694764128753	0.06949427731660002	95.32606322293078	3.930162088288068	47.78869922389822	5398.877956420073	5422.772306032022	4039	0.6955405768425509
GCA_900539765.1	GCA_900548415.1	94.65676092878459	0.1455329522513791	94.72440461839676	283.813509718651	0.0	1484.17756807908	1483.9105384101088	1101	0.6146832476080539
GCA_017557195.1	GCA_017447745.1	94.50218969956585	0.17307233273968586	93.77025186992938	3.0735355204331385	21.655120337275548	1171.4258308195285	1182.2533909881663	905	0.604707126817605
GCA_902533655.1	GCA_002716345.1	92.52478374956851	0.48792137896885807	90.83131351891159	2.443971219232322	7.387620721288727	205.74473558266504	209.4385459433094	180	0.4748592835344248
GCA_017619295.1	GCA_900103495.1	92.38800626554332	0.13879008227722614	90.74569859584675	2.6234136766681906	85.75377223656233	2547.6588805301335	2590.5357666484147	2246	0.4616445236349901
GCF_013201725.1	GCF_013177635.1	88.98416698690083	0.28187005066227333	85.028199420962	2.443971219232322	41.9457595890467	837.3396663893452	858.3125461838686	998	0.28098841381346334
GCA_015064255.1	GCA_017532425.1	89.0790252107353	0.3274272726796434	86.83781136166773	4.218724383004947	12.082181339391354	548.8299668610907	554.8710575307864	701	0.25254225062434676
GCA_003142495.1	GCA_013697785.1	91.33936304784979	0.16822051853803224	91.48455476718554	283.813509718651	0.0	1693.9248030807782	1693.850645176858	1653	0.35990011391477866
GCA_013287545.1	GCA_013288015.1	92.26593099573013	0.4718742431482741	91.57055641524772	5.394527091291249	2.191451266674676	216.96397300458398	218.05969863792131	187	0.4444360370157608
GCF_000337495.1	GCF_000025325.1	93.71998241127561	0.0766457538051448	91.315865536514	1.4760966347905067	488.8904420273975	6623.592125752382	6868.037346766081	5641	0.5364297331105397
GCA_002786785.1	GCA_018818165.1	94.02569813696975	0.23607307992697352	92.96155977538317	2.443971219232322	20.64145405559475	717.0681099626488	727.3888369904462	563	0.5826207653514667
GCF_012027325.1	GCF_000517445.1	91.55138530022327	0.15656783395295482	89.04334734255926	2.2392125528322575	106.98725766671396	2206.5751852280805	2260.0688140614375	2103	0.4126873323418752
GCA_001603075.1	GCA_012719085.1	93.42499312471001	0.07931144594850245	93.06102953545418	7.1916637338839795	34.81098892537557	6316.364090142676	6333.769584605364	5143	0.5125052488177444
GCA_003170915.1	GCA_003142355.1	94.62295218844174	0.10765379461454591	94.38731768481207	7.404509504937814	10.904617016768498	2841.921530649065	2847.3738391574493	2156	0.6090284577644743
GCF_000376445.1	GCF_001625445.1	89.14985802122848	0.17516119208263414	86.27129100062444	3.453869514621738	57.204502783039516	1885.0477003410167	1913.6499517325365	2435	0.24621182365575395
GCA_017999895.1	GCA_018056245.1	93.25278645515814	0.13583540098622865	92.99372694135735	9.311903019037887	7.671999183423395	2318.0275385161785	2321.8635381078902	1888	0.5166658471682962
GCA_016782425.1	GCA_013203315.1	93.40860118273736	0.46685658542713643	93.01225527244577	6.507164100443355	1.1745475313886686	191.47095958822206	192.0582333539164	155	0.5270486011938205
GCF_000317575.1	GCF_002355455.1	92.89574902042793	0.1451552872812921	92.16148248430527	4.604494093647612	27.217586417054008	2156.176944427864	2169.785737636391	1806	0.4923176929262988
GCF_009733845.1	GCF_009733815.1	88.42504005172057	0.10930220272807566	85.76177440482195	4.3435825072709076	105.98997228179724	4716.84189344668	4769.836879587579	6972	0.20147297676106082
GCA_002448285.1	GCA_902761395.1	96.93981785141888	0.19824769859090008	96.54484978534798	1.7805458881095184	8.918416859900276	435.8209233156858	440.2801317456359	340	0.8009492980538517
GCF_004217495.1	GCF_001425085.1	92.90394603147406	0.0660409650892395	92.16309572120011	4.740769527530555	118.60043907016734	9538.845546907954	9598.145766443038	8234	0.4682062180247231
GCF_000286455.1	GCF_001683335.1	92.93055046844816	0.08988172053684149	91.52345415813207	2.780997657853321	161.78948086978926	5194.373745688496	5275.26848612339	4515	0.4727051598112748
GCA_017613995.1	GCA_902796565.1	93.43220862524771	0.5067543020668742	93.51776771421862	283.813509718651	0.0	157.56581680556334	157.54993088044853	128	0.525693420300356
GCA_002155105.1	GCF_900112935.1	93.56606257445341	0.08682501286900184	92.56317370398011	3.0735355204331385	122.63461045315307	5345.788607958155	5407.105913184731	4363	0.5306840336293149
GCA_017652805.1	GCA_902796885.1	90.02475207572138	0.4057585507174456	90.17106813641973	131.84068952484873	0.01084150254234828	343.82724248721286	343.83266323848403	376	0.301439608998149
GCA_002010075.1	GCA_003661015.1	95.55164834370356	0.18402535917138313	95.59142220224783	283.813509718651	0.0	798.3934324601589	798.3798982786975	586	0.6926450230941158
GCA_902519955.1	GCA_902629505.1	90.01152725607646	0.7041699497337701	88.15755023043981	3.7074612216309677	3.048517398432409	127.99912952450669	129.5233882237229	132	0.3294528002423586
GCA_018432615.1	GCA_018433675.1	93.86941660279005	0.12028990352595799	92.98474892251389	3.0735355204331385	56.220857278457515	2744.213077458578	2772.323506097807	2183	0.5635300278955182
GCF_002368315.1	GCF_000317245.1	94.47473510653641	0.12703359775514764	94.23230185867214	7.6236546976459225	7.827410516704731	2166.9446737822095	2170.858379040562	1651	0.6072633418808999
GCF_003336245.1	GCF_003342675.1	92.32434076138301	0.10890585480190702	90.40893394416005	2.5163034302254443	149.9510137272282	3865.6067232137757	3940.58223007739	3569	0.43235671097518796
GCA_012960245.1	GCA_014382245.1	94.4477673553544	0.08300132517903892	93.86019103824414	3.8171879095811088	69.00860686962733	4894.971856224899	4929.476159659713	3804	0.5922773772881975
GCA_900539265.1	GCA_000433035.1	92.96684983843	0.2554508136555807	92.79156992460709	11.564949675432423	1.432727401364673	724.1060826517561	724.8224463524384	581	0.5132457399768834
GCA_903880655.1	GCA_903859365.1	95.8551624672292	0.42162139235588014	92.06472653560553	0.5543947619190804	25.35005133060463	146.78036543819428	159.4553911034966	125	0.717813515601674
GCA_902793555.1	GCA_902761575.1	97.22615807558671	0.09602169808787414	96.71221606368842	1.3751310837166018	46.516512623360995	1580.382715030971	1603.6409713426515	1266	0.816551129939804
GCA_903920925.1	GCA_013425455.1	92.34402965059388	0.7176148801587771	91.98915491473804	8.931711272653901	0.3666880476492054	91.50516614883324	91.68851017265784	79	0.44146627079169215
GCA_011047455.1	GCA_011380505.1	95.25334700575179	0.22041233300666785	94.53137736821219	2.3054846895723897	15.081789657410809	601.3680415099777	608.9089363386831	449	0.6604869303993008
GCF_000412995.1	GCF_010365865.1	94.4417233761444	0.2521813397936288	92.92052762594004	1.679652056380189	28.48406759823729	549.5156235348052	563.7576573339238	437	0.5987068254742779
GCA_002328165.1	GCA_011049715.1	95.07149125116159	0.13786319275612915	95.01102620614151	15.417705344231111	1.3037988983905962	1610.4092575684658	1611.0611570176611	1192	0.6526234594079725
GCF_001592085.1	GCF_003946545.1	91.01640301758755	0.16413850430176008	88.02017366391684	2.2113550311558425	101.97997169257496	1980.1333442829982	2031.1233301292857	2032	0.36176966002590966
GCF_000472805.1	GCA_016735355.1	95.41273918520461	0.18250709137222365	95.36413862719091	16.8275352334218	0.5170595325805607	850.2698144763824	850.5283442426727	632	0.6824315336201392
GCF_009877435.1	GCF_009877425.1	89.02908207486529	0.14210776112995765	87.16790890591838	5.088848640517972	49.09442843143461	2855.0690733826327	2879.61628759835	3700	0.24181039719302036
GCF_000224415.1	GCF_005877055.1	89.60660110224052	0.14978170709590255	87.12461265100102	3.60088867393635	69.67196763229367	2484.421566766983	2519.2575505831296	3053	0.266488014358434
GCF_000023465.1	GCF_900112105.1	88.2510997428903	0.23126804684902497	85.07036583137089	3.4973795993957757	36.29090221483193	1201.8597309482943	1220.0051820557103	1638	0.22669840755355475
GCF_014193285.1	GCF_009907385.1	93.68917709306042	0.0738804919797799	92.66039960699949	2.948047439780061	169.81708254293335	7008.529951355767	7093.438492627233	5753	0.5319861736268074
GCF_004364165.1	GCF_900155985.1	88.0970976893526	0.29635120129382	87.17941556913598	9.587499772641271	3.6566774326556697	732.794574217259	734.6229129335868	1005	0.21833049095197854
GCA_017557265.1	GCA_017550645.1	95.13347656124141	0.14525772433749262	94.84090833002683	5.554184483614372	8.204895753111032	1404.0161008687178	1408.1185487452733	1057	0.6521888389281758
GCF_900538275.1	GCA_002841495.1	89.76109710981291	0.1914216174081855	84.42582106596895	1.729363340204262	133.9621124323994	1662.9569938252735	1729.9380500414732	1909	0.30863569026911764
GCA_002363035.1	GCA_017479315.1	94.71847487207906	0.18911934983967582	92.78905928469368	1.2972098994928234	65.33100885901513	915.7151928946028	948.3806973241103	732	0.6173446099953767
GCA_903868295.1	GCA_903932805.1	95.0449796936444	0.09916735531846667	94.99196915178858	16.8275352334218	2.230558140084213	2973.3355204815202	2974.4507995515623	2209	0.6397416579538235
GCF_003024685.1	GCF_003024675.1	94.193434501794	0.18937995530181106	91.7815188341969	1.2237040841184101	88.3922955714047	1120.796153903529	1164.9923016892315	918	0.6049692041634257
GCA_002747145.1	GCF_000373985.1	90.95747007896989	0.8976346667848054	91.12759505883469	283.813509718651	0.0	65.97230451720755	65.95426722696767	63	0.3595840978296369
GCA_011338225.1	GCA_018396815.1	89.20843928666652	0.5027584242006592	89.43615124367102	283.813509718651	0.0	252.28241850198367	252.1869162710608	280	0.28800538486688715
GCA_903958625.1	GCA_903861125.1	92.25563872588742	0.15585053932896203	92.07783426498708	14.363128645330688	3.346068254145848	1930.7915356289259	1932.4645697559988	1696	0.43472295368406577
GCF_013116765.2	GCF_002812705.1	89.34977450727574	0.08894299788658558	87.14540333377033	4.218724383004947	153.39493232111636	6986.8976573353575	7063.595123495916	8900	0.24911941760301748
GCF_012290005.1	GCF_007752935.1	94.82569359998581	0.0447743872159086	94.1049906163855	2.8633045638333394	323.8815318476154	15818.286231041613	15980.22699696542	12189	0.6238626083627635
GCA_017962745.1	GCA_017617065.1	89.38340233524393	0.426166647594587	87.75858777454589	4.94256752467296	5.716784829812809	339.0323490867214	341.8907415016278	399	0.2873939722266361
GCF_008802355.1	GCF_008802365.1	95.68418512104967	0.06143488140925005	94.91624360031919	2.086049593145407	192.06715047192483	6953.955006745755	7049.988581981717	5333	0.6957597127263301
GCA_003535775.1	GCA_002686675.1	97.18608094945095	0.23638680011400878	97.20253791726292	283.813509718651	0.0	258.82734384018914	258.81906858519613	207	0.8172052633195396
GCA_002419215.1	GCA_018053845.1	90.1919222254363	0.2525162598461977	89.52591827933446	8.931711272653901	4.679045527425387	860.4852488358243	862.824771599537	946	0.30408840607556564
GCA_002352215.1	GCA_002162095.1	94.62030582155839	0.08209377110285818	92.73022895841797	1.3924542830368505	331.9477936746607	4977.697956190269	5143.671853027599	4017	0.6095276370627751
GCA_900771165.1	GCA_016303095.1	96.6866876727914	0.21253705979088097	95.90079246345455	1.2237040841184101	18.3979198143993	429.0802184814121	438.27917838861174	337	0.7760403058483469
GCF_000204565.1	GCF_017100085.1	96.05060095855609	0.1068599955575153	94.73263206062099	1.1072324263749704	128.89031884537872	2249.6879331853306	2314.13309260802	1790	0.740545039247346
GCF_007827275.1	GCF_000258765.1	88.56403299300834	0.406721707795579	87.16134702430138	6.320112904221773	4.051280276470607	388.429242951568	390.45488308980333	499	0.2431361298062324
GCF_002023665.2	GCF_001675285.1	93.74472364662341	0.10288267806329604	92.2800830756996	2.086049593145407	157.89347864732463	3930.650285386952	4009.5970247106143	3195	0.5608227301535708
GCA_002504905.1	GCA_902593945.1	87.79276225189554	0.5246949152224177	87.93463354086288	77.3394797298565	0.024088458209178043	243.13799812994404	243.15004235904863	334	0.20990991065343312
GCA_009840285.1	GCA_009842645.1	93.48404108140701	0.17880413457643787	93.4066787904692	18.063054805465843	1.1438777298853893	1250.696842706579	1251.2687815715217	1001	0.5209138685810422
GCA_900316395.1	GCA_905234245.1	96.2450535918302	0.10859465504701399	95.491489844539	1.6110742536123712	61.79706935741524	1965.3717325052635	1996.270267183971	1527	0.7503308905139893
GCA_002708885.1	GCA_902591645.1	91.20149928176676	0.419751227237378	88.39916090082784	2.3054846895723897	15.15584649724724	300.9069560177815	308.48487926640513	304	0.3752112921342579
GCA_018302205.1	GCA_018302165.1								0	
GCF_002761295.1	GCF_004137855.1	95.25537981367002	0.11411653871352359	93.91455576789576	1.5197834558110268	114.8633254180395	2335.5368459204938	2392.9685086295135	1847	0.6696551775295503
GCA_005888095.1	GCA_005879585.1	90.73781761024168	0.15515355846079654	89.54976238594818	5.239459118530733	29.109974175048592	2115.722900654906	2130.2778877424303	2254	0.3239203517808027
GCF_900109145.1	GCA_006226775.1	88.99278624791184	0.16528712231086645	88.24689158348856	10.596025142323878	8.712903901995105	2033.6220357714308	2037.9784877224283	2706	0.23023893402321818
GCF_002532075.1	GCF_004762035.2	95.54597640566975	0.04505643652071871	94.86684797104044	2.3737182283699307	311.10282114999427	13137.818924425319	13293.370335000316	9943	0.6823661530945978
GCF_001199495.1	GCF_000875755.1	95.63532677244915	0.4858461627755822	95.67096248999002	283.813509718651	0.0	116.81906193307768	116.81353706118963	87	0.7109346360564036
GCA_001001925.1	GCA_016212585.1	92.44418276890201	2.16639162040618	92.61431430330835	283.813509718651	0.0	8.943940298262618	8.933435101303575	7	0.4435900157642271
GCF_001553085.1	GCA_015257355.1	92.1721691990954	0.7537487770762784	90.53048958029275	2.7010566988485465	2.9691884270486923	92.9840473662211	94.46864157974545	81	0.45907087939320007
GCF_000382125.1	GCA_905479615.1	88.77878563613737	1.987123104393113	89.07706759536029	283.813509718651	0.0	15.938119617702585	15.915449335560334	18	0.2509927698216728
GCF_004785645.1	GCF_013116755.1	91.77236969318535	0.3829825885573947	90.14338448607899	3.0735355204331385	9.74318396236356	349.303421060066	354.1750130412478	326	0.41413841625906617
GCA_017881545.1	GCA_017881465.1	91.98793351728078	0.23029873082119698	92.10160297945592	180.96408122600167	0.011172667349455878	871.3582435514603	871.363829885135	796	0.40753060693745624
GCA_002728855.1	GCA_002702405.1	89.06923900484735	1.1220636405962312	87.445601437044	4.94256752467296	0.7629013474476096	52.02582293571585	52.407273609439656	61	0.28025426218483784
GCA_016930185.1	GCA_016926705.1	91.47448352201624	0.4070952691256089	91.6150823066348	283.813509718651	0.0	300.64353838326895	300.6269222583	282	0.38274410528082975
GCF_000328685.1	GCF_000337695.1	90.25210096281675	0.14528988242805344	87.66490767920531	3.0735355204331385	87.55933360273593	2554.82705332299	2598.606720124358	2896	0.30104813049964485
GCF_900454865.1	GCF_002850605.1	88.99992784249085	0.31478516195861145	86.61974957618555	3.930162088288068	14.187672854780203	612.7844027271129	619.878239154503	768	0.2530725652687984
GCF_000422965.1	GCF_011759535.1	94.16881969089823	0.05465141921050241	92.90261678616034	2.1748454368142185	440.96105189525406	11947.289677669076	12167.770203616703	9607	0.5707029910950481
GCA_003574885.1	GCF_018476905.1	88.08267795673108	0.19798912673520871	87.18592946805832	10.464202462197873	7.175747414835314	1539.5923621470845	1543.1802358545021	2259	0.20049489709671314
GCA_017548765.1	GCA_900319565.1	90.81280325854542	0.27251131567656933	88.98339613334821	3.60088867393635	17.589712189023658	705.9101888771519	714.7050449716637	740	0.338732379237131
GCA_016463095.1	GCA_000428345.2	89.77265923844102	0.7165877246659894	89.95767562563583	283.813509718651	0.0	114.93462204429174	114.92948983128669	128	0.30072055737483555
GCA_009995495.1	GCA_016938415.1								0	
GCA_900766215.1	GCF_003182075.1	95.96569790643478	0.16113519841217644	94.95136106167142	1.3524275931754157	42.85877400255549	984.974091670663	1006.4034786719408	762	0.7293775289553754
GCF_003611675.1	GCF_009909145.1	93.4339634230851	0.06842906317652382	92.43882793545356	3.1645004295160937	194.6786311741089	8691.24209698842	8788.581412575475	7191	0.5174067054227685
GCF_001404875.1	GCF_000154065.1	95.13471453784186	0.11910043386155107	90.55729238108424	0.5876963088723409	410.50041963395597	2192.4123461001755	2397.6625559171534	1856	0.6600114772424447
GCA_018396515.1	GCA_018396865.1	93.0814763287098	0.42066440964196256	93.09495792329272	37.14307025467585	0.05043768360781087	254.10341132387867	254.12863016568258	206	0.5080764450137071
GCA_012840405.1	GCA_012842275.1	94.10312874316922	0.26055277971110496	94.17425942288588	283.813509718651	0.0	546.1703857754565	546.1352112141876	415	0.5799390438849916
GCA_000503835.1	GCA_001773385.1	90.84599653712763	1.3959335226190865	91.01177803261525	283.813509718651	0.0	28.780872389833053	28.778739689804173	27	0.3644065567549855
GCF_000238775.1	GCF_018336915.1	89.45790022539593	0.16855080841468711	88.3053197925104	6.784151343742322	19.490517860052023	2014.2222917071485	2023.9675506371746	2428	0.26620663232590286
GCA_005880855.1	GCA_005880315.1	91.30865079859257	0.12671151102447648	91.04735084924766	13.95025441116	6.56132332406014	3027.042528298674	3030.323189960704	2981	0.35880670161698724
GCA_005777315.1	GCA_009695275.1	91.87546778536066	0.1939553760976625	92.00897954022884	283.813509718651	0.0	1261.3087404527334	1261.150177996862	1141	0.40521457230897084
GCF_007994135.1	GCA_019112525.1	88.06380401754687	0.13346219663264333	81.51518987346266	2.2392125528322575	210.69632538905898	3197.999544182328	3303.3477068768575	5096	0.18786393975069932
GCF_013283195.1	GCF_016919405.1	88.3615065650573	0.08924214440260511	85.68887677738437	4.3435825072709076	163.4746542959747	7178.776556938581	7260.513884086568	10590	0.2027367674292411
GCA_002722135.1	GCA_003602635.1	90.39426303882007	0.31213156510751106	84.96412589078231	1.679652056380189	46.84562989256165	533.6028047478369	557.0256196941177	623	0.30974521214644535
GCA_009837205.1	GCA_009840385.1	89.87975674663632	0.24315325346743025	87.28785668688181	3.1645004295160937	33.06361202667176	987.9196206973321	1004.451426710668	1121	0.2985500778102481
GCA_900769635.1	GCA_900557675.1	99.03653258934193	0.16285655913436972	98.61634391921172	0.274133805043572	6.7491494754357575	104.22858771565305	107.60316245337093	140	0.9415910975179539
GCF_000024945.1	GCA_900552445.1	95.11068810215714	0.3813359871239505	95.16502678903316	283.813509718651	0.0	207.36315027697515	207.34788019495284	150	0.6604040697847127
GCA_018662325.1	GCA_002718715.1	90.6004205898745	0.4114742729057425	88.07962078202559	2.7010566988485465	13.4461378464556	346.3842813080844	353.1073502313122	358	0.36160116203352366
GCA_900538305.1	GCA_000333815.1	90.31185202123653	0.1684444924652791	87.72795281710646	3.0735355204331385	63.72327510972082	1836.5541357217414	1868.4157732766018	2095	0.29920485182241396
GCA_016926755.1	GCF_000737315.1	91.2650823431797	0.11910153326186214	90.54389300392495	6.784151343742322	28.123436803142795	3574.920366185164	3588.9820845867353	3519	0.36510160927001617
GCA_905182565.1	GCA_905477545.1	91.89412856316001	0.18216673216274756	92.02329238595249	283.813509718651	0.0	1466.7203924082528	1466.666712611156	1314	0.414614837911897
GCF_001597745.1	GCF_000316645.1	91.43097649513828	0.40030153393566204	90.92501460537265	8.42559987152911	1.645785466086636	321.30617744469976	322.1290701777431	305	0.3879322976822572
GCA_000517385.1	GCF_012163115.1	89.58071017824692	0.1795501538722384	88.32568931075616	5.961986549755308	21.234687702183237	1841.1226705681802	1851.7400144192718	2125	0.2840832001039055
GCF_000196455.1	GCF_900168025.1	97.20833720088504	0.07718698503793352	96.3858790401123	0.9730479906804452	113.42437027034885	2620.541579172042	2677.2537643072164	2192	0.8218213878775509
GCF_004799685.1	GCF_000739575.1	89.84306306823939	0.1766466132624229	84.67123006380135	1.9112780044394568	131.70488017989646	1773.9860012134511	1839.8384413033993	2160	0.2821639740354437
GCF_012222305.1	GCF_009729055.1	92.61607272447043	0.1780624331505593	91.43253659788034	3.1645004295160937	34.71172863270658	1558.6164306671178	1575.972294983471	1337	0.4890164674652255
GCA_900470285.1	GCF_003314995.1	90.51957056657352	0.10651782597289915	87.1364644936302	2.3737182283699307	231.79316583733453	4536.2333935643865	4652.129976483054	5086	0.3123021706524314
GCA_014361245.1	GCA_014361195.1	92.28637105157355	1.892867396953903	92.44077989198922	283.813509718651	0.0	13.206869220643235	13.196354115288191	11	0.46899777989737024
GCA_017625775.1	GCA_017631885.1	94.33185602788306	0.3125271407643114	91.7683368096618	1.1072324263749704	34.709196277064166	383.5805489751223	400.9351471136544	315	0.604290507441077
GCA_003670425.1	GCA_003569365.1	90.74621429905491	0.15545999655399229	90.9055466396026	283.813509718651	0.0	2049.1040889515775	2049.054278692048	2160	0.32101667816638063
GCA_016873115.1	GCA_016873375.1	93.01289903447481	0.11759531979451938	92.23566386513897	4.3435825072709076	42.17542266384589	2997.409085750079	3018.496797082002	2529	0.477495917440903
GCF_009729035.1	GCA_003086555.1	96.07867287276372	0.2021350475565431	96.07886865557049	34.031181918388384	0.06314686858013374	583.2331164010076	583.2646898352976	437	0.7398297447172163
GCF_000092185.1	GCA_011053855.1	89.56972296844054	0.5189877627794687	89.2148984581128	14.974516854880767	0.46603314748074354	215.54304215937148	215.77605873311185	253	0.281019379698629
GCA_016794425.1	GCA_016794035.1	88.9158605679822	0.08993362291269065	85.6228662577608	3.354586568267391	228.40037915501307	6787.009070065545	6901.209259643051	9428	0.22221009449858692
GCA_001788415.1	GCA_016188005.1	94.31703727357495	0.0991821647380173	94.07102638148011	7.6236546976459225	14.166765663851038	3539.7813053535046	3546.86468818543	2741	0.5853997402884278
GCF_000380245.2	GCF_016908835.1	89.52927370726636	0.2701478488485128	87.78722949278055	4.472135954999578	14.983121627957416	839.9132781516339	847.4048389656126	964	0.291261141208787
GCF_003339775.1	GCF_001886855.1	92.70348085951159	0.4788218642345514	92.69277063015439	31.70343659663713	0.07061764503714585	205.84410951085545	205.87941833337402	175	0.4868124843193217
GCA_902782705.1	GCA_017619685.1	94.2385231442114	0.21103226618510554	94.30945564682743	283.813509718651	0.0	778.3080154106913	778.2374014559302	591	0.5798469686211025
GCA_017531925.1	GCA_017483195.1	92.89258896732892	0.21020767862780695	89.27703703662259	1.2972098994928234	93.74554100031287	988.4828927542948	1035.3556632544512	896	0.48368370237728486
GCA_011375275.1	GCA_015485525.1	96.88401306578915	0.047225670646570315	96.80548185804463	7.6236546976459225	11.800764506160704	7310.792142410041	7316.692524663122	5532	0.7892989332634337
GCA_002692065.1	GCA_902551855.1	95.61925766837933	0.22817527148775107	95.60118600598611	27.060441830611946	0.10389622666139076	536.0303542843523	536.082302397683	403	0.7071410897844627
GCF_000008185.1	GCF_000413095.1	94.95950074838704	0.08992522729227664	93.93659355305297	2.026085211465097	131.40447894604586	4057.4772525423978	4123.179492015421	3155	0.6506884584952717
GCA_016789705.1	GCA_018000455.1	88.65364762833941	0.14022408317721885	87.55296779246625	8.42559987152911	19.656751020026604	2855.3833903917966	2865.21176590181	4015	0.2134910516627304
GCA_014799985.1	GCA_910578285.1	88.57116533439586	0.2852615573768946	88.79508355346866	283.813509718651	0.0	695.1449076216587	695.025741338684	959	0.21486689669949888
GCA_012270665.1	GCA_009838465.1	92.58741913458066	0.4925813138407362	92.72384665144415	283.813509718651	0.0	178.8526729390531	178.77774748303528	145	0.45148929599499243
GCF_002368335.1	GCF_017164015.1	92.71623071942071	0.10708494945104237	91.29320884954808	2.8633045638333394	118.85601584740198	3977.8327587180743	4037.2607666417753	3455	0.4744574112020447
GCA_002238555.1	GCA_009841145.1	93.04383334763268	0.07902609780847329	92.39543168332993	5.088848640517972	72.57037592539382	6750.091389608392	6786.376577571089	5714	0.484391403858904
GCA_011046015.1	GCA_014762505.1	92.71472169017976	0.13755296727884667	91.62304561591739	3.60088867393635	48.44123599336763	2275.4866966362756	2299.7073146329594	2006	0.4568423183502647
GCA_003135935.1	GCA_003153895.1	91.71115919820042	0.32949102185574597	91.73343856768855	39.87020703548693	0.11451271658370388	451.4942400069417	451.55149636523356	419	0.39683712155307094
GCA_004212155.1	GCA_011372835.1	95.78875122885866	0.10521689231372867	95.8248120235044	283.813509718651	0.0	2196.4452935489785	2196.419496741511	1612	0.7038665278299878
GCA_009889515.1	GCA_002898395.1	87.8037180079053	0.4276183347079109	88.04005606100766	283.813509718651	0.0	337.9657323464144	337.9512865914253	506	0.19489689156254858
GCA_017959225.1	GCA_002390045.1	89.86754914210391	0.17649694435785288	87.8599968828942	3.930162088288068	41.89414111212682	1841.9401716653224	1862.8872422213858	2096	0.29331942997898913
GCA_903893135.1	GCA_003142635.1	92.31891355209552	0.260262398676618	92.44068552572095	283.813509718651	0.0	685.5402762446275	685.4671452356872	587	0.44362065082469426
GCF_014697425.1	GCF_014697475.1	91.7144886269084	0.32100595115192043	90.91871987819555	5.790606713812224	4.839541265670164	476.51010866420177	478.92987929703685	449	0.40024516106810465
GCA_001875425.1	GCA_002509225.1	91.58099936670632	0.36490877623876894	90.95394695800434	6.784151343742322	3.0564949027531156	397.69659784302337	399.2248452943999	365	0.40634650363117775
GCA_017554185.1	GCA_902787125.1	92.36985856072135	0.4050506690136479	90.64647419605805	2.5480025361421035	9.872408010075446	293.8673693774828	298.80357338252054	260	0.4525480200694129
GCF_014252255.1	GCF_014252115.1	87.71658041720752	0.60746073811742	87.54723810494175	24.08059389994337	0.19405930544934336	193.34978534410052	193.4468149968252	255	0.22622651397389154
GCA_012728365.1	GCA_012735405.1	91.3046508162654	2.1204922135582613	91.50644105636171	283.813509718651	0.0	12.06714469680248	12.056877368144157	10	0.40168199625135675
GCA_902791745.1	GCA_902790465.1	94.23033187630595	0.51646833573585	94.04360390034648	9.871253137244736	0.3296210035757099	143.87182060111112	144.03663110289898	111	0.6026922351819691
GCA_001914705.1	GCA_005888315.1	90.64881665386841	0.3578270214279736	90.58057836414271	27.060441830611946	0.24831925928197052	402.955459692067	403.079619321708	425	0.3219874642424256
GCA_902536695.1	GCA_002694645.1	98.48144148010971	0.20309600190276575	97.68374339686005	0.41585614582500313	8.049281878488614	148.50315490564697	152.52779584489127	159	0.9061637139051453
GCA_015491275.1	GCA_015487615.1	94.31457758368623	0.3555432617009253	94.07188733316909	7.1916637338839795	1.1656505050863188	304.75025087072436	305.3330761232675	231	0.6128834840311503
GCF_002950945.1	GCF_004135735.1	91.27515181944396	0.06766865376856955	89.4077671110247	3.2581575523800375	306.16042083005595	10757.831120248722	10910.91133066375	10924	0.3586129959976621
GCA_900315945.1	GCA_002373675.1	90.33248909336874	0.22323485450853692	85.37111717588147	1.631369744526313	98.71090355922433	1196.66489760012	1246.0203493797321	1291	0.34363726287947266
GCF_010131535.1	GCA_015654925.1	88.74528150095593	0.19260342023991248	88.28455718922984	15.417705344231111	3.344420658090712	1514.7440951590206	1516.416305488066	2083	0.21978490103160153
GCA_002502095.1	GCA_002506825.1	86.12938715808289	0.8250599701586762	86.42352654028372	283.813509718651	0.0	99.06995479186057	99.04760887994007	182	0.14431886465352542
GCA_900320095.1	GCA_017963105.1	93.70731988005834	0.10520689149261142	93.23155882473118	5.554184483614372	28.787730722428023	3532.2056287693626	3546.5994941305767	2835	0.5370294985703212
GCA_012797735.1	GCA_016930215.1	92.90453138413078	0.18412079039559587	92.8827071989586	28.212310305021987	0.5463555351948344	1248.0247578743258	1248.2979356419232	1051	0.4728352631439206
GCF_005144865.1	GCF_017303315.1	93.73787388999092	0.08779722980343506	92.41176244736995	2.2392125528322575	190.7357495499764	5389.669921690307	5485.037796465295	4359	0.5599888252513024
GCF_003544935.1	GCA_004116725.1	91.95824270425999	0.16870219480692628	90.25046658468354	2.7010566988485465	61.32667931110291	1900.3238797473698	1930.9872194029213	1706	0.4512678245149942
GCA_009908925.1	GCA_009908735.1	90.3553521608611	0.4108491993807704	90.48602174377342	112.53251043999997	0.011969152251708692	309.7943137191087	309.80029829523454	338	0.3026521966988117
GCA_013330915.1	GCA_016282985.1	89.59564883657886	1.7701215430087784	80.87534811178767	1.188528190407663	2.598452206081113	20.09755380765889	21.396779910699447	23	0.3044031901681912
GCA_002730525.1	GCA_002328835.1	93.44425279324071	0.07945335148616461	91.2521630013891	1.679652056380189	390.40224156355544	6300.322919049844	6495.524039831622	5352	0.5122907247989896
GCA_017394605.1	GCA_017556125.1	89.01528969432036	0.6247324539174439	88.40660100557415	11.907228002388738	0.580151094127757	150.6037593151588	150.8938348622227	192	0.24405998948526975
GCA_003567805.1	GCA_007129405.1	93.54381191606433	0.3270298798971517	91.34325295688048	1.631369744526313	24.306842901973596	370.3020967907596	382.4555182417464	310	0.5227644170473197
GCA_013180605.1	GCA_003160755.1	95.41293528628711	0.23816361568321734	95.34941016910057	15.417705344231111	0.3675550557098859	492.3410740745797	492.52485160243464	367	0.678119992471763
GCF_003611695.1	GCF_003611735.1	93.41083325398778	0.06798801206026216	92.31112589286691	2.948047439780061	226.0451992451599	8863.615830763969	8976.638430386549	7368	0.5163770026785964
GCA_004377005.1	GCA_011773465.1	92.54152696998858	0.3291633336264275	92.65643183192348	283.813509718651	0.0	440.526352361772	440.45726259680356	366	0.47743512029918034
GCA_013112725.1	GCA_014584575.1	92.18860534415342	0.2964093644926323	92.3119704458014	283.813509718651	0.0	509.8811975237089	509.8458654814436	452	0.41906861509897686
GCA_009837085.1	GCA_012270995.1	92.24271023717787	0.09722863269819525	91.11802625760474	3.930162088288068	93.09459030565267	4869.100498000924	4915.64779315375	4439	0.42640094874046824
GCA_002839335.1	GCA_002839355.1	93.87888025878964	0.07757351223609325	93.20316858761959	3.930162088288068	89.28251496019584	6342.677100915422	6387.31835839552	5065	0.5522743333109659
GCA_012799075.1	GCA_012522085.1	91.57633463765988	0.7382815392550997	91.74403913321999	283.813509718651	0.0	90.09495924260202	90.03618740958623	80	0.3986197817129697
GCF_014048475.1	GCF_002003665.1	95.10770317998468	0.08897162268684478	94.61563612235334	3.60088867393635	46.96963724210673	3800.4281784078316	3823.912997028885	2873	0.6494071843066309
GCF_002761955.1	GCF_000160475.1	94.13964872166869	0.16142050564162233	92.22834727368449	1.4336656099977856	93.90489442725084	1577.219215773374	1624.1716629869993	1269	0.6032898695649052
GCF_000428885.1	GCA_017859995.1	91.18273340212353	0.2121191589678896	91.13381100035033	27.060441830611946	0.6673544652912824	1149.0351657549038	1149.3688429875494	1113	0.3647633515064411
GCF_003268475.1	GCF_000702505.1	90.0910932033239	0.08448319599061122	88.3049426379939	4.3435825072709076	144.16746029093702	7384.060967473071	7456.14469761854	8562	0.2870144659646626
GCA_004524385.1	GCA_019058295.1	96.29005704656002	0.34970929663186007	96.32712098587513	283.813509718651	0.0	170.9203339362462	170.89530350300825	126	0.7542860939013069
GCF_000518645.1	GCF_000381265.1	97.09610077079462	0.03335307279141193	96.30526343832673	1.1072324263749704	623.060832293264	14009.158258605086	14320.688674751718	11236	0.8063759364104807
GCA_019120515.1	GCF_002161285.1	94.32354042672418	0.39881204480772675	92.51608251841876	1.5197834558110268	14.190114382187005	236.0992882696633	243.1943454607568	189	0.5996673710007007
GCF_001676055.1	GCF_003996855.1	87.91361023330155	0.23802396488181196	86.4238168946131	7.404509504937814	9.388776297852019	1048.7163001917022	1053.4106883406282	1607	0.1878188635806799
GCA_900455085.1	GCF_001874625.1	88.6254511351438	0.2065999171204201	76.96026395506817	1.2599210498948734	200.28143319322726	1357.7006077685005	1457.8413243651141	1961	0.22745928518712827
GCF_003671765.1	GCA_005503065.1	94.16673389914808	0.04906316759780687	93.36053178584189	3.1645004295160937	296.9479545748327	14658.31659152378	14806.790568811197	11679	0.5690106123096619
GCF_000426625.1	GCA_002084825.1	90.9246866911448	0.7816919107842293	91.09920586154827	283.813509718651	0.0	92.51626634364277	92.49282127905154	85	0.37284245165827423
GCA_001610955.1	GCF_001544135.1	97.87800580125689	0.04365920346997305	96.5077165724561	0.44083591460574534	592.3203675570167	5274.5593293220145	5570.719513100523	4787	0.8645466653630447
GCA_002731115.1	GCA_002689985.1								0	
GCA_003446665.1	GCA_018434645.1	95.8264322131656	0.14157251185937383	95.8126878122677	26.282577935285317	0.2672220758104231	1240.8857280769912	1241.0193391148964	920	0.7118261582061275
GCA_003135255.1	GCA_003141695.1	94.52735160662827	0.1609555775850478	94.26742304861544	6.98493630493306	5.824799520263696	1274.0383496095662	1276.950749369698	978	0.5985563225967868
GCF_000337815.1	GCF_001469875.2	87.79493975176145	0.18559647144483063	82.67045650412607	2.780997657853321	84.41733784689995	1739.226426279882	1781.435095203332	2779	0.18502670050678247
GCA_009618505.1	GCA_005223095.1	97.27366134583464	0.18122830343733562	97.2929402321062	283.813509718651	0.0	420.1851621838675	420.1723754809138	335	0.8255513790007499
GCF_001922545.1	GCF_900099615.1	92.66652749188833	0.21702465464579646	92.7769128572687	283.813509718651	0.0	1032.015041229827	1031.956742798071	836	0.49437883641037605
GCA_012842325.1	GCA_001513125.1	92.32333321677149	1.8582717067306482	88.74603701683898	1.4760966347905067	1.2414047984001755	14.017957539753127	14.638659938953214	13	0.44944142540469123
GCF_001945665.1	GCF_014205885.1	94.71973207721452	0.17733937111937195	94.67634142732977	18.59765221851545	0.6418943016051344	1112.0585209278063	1112.3794680786089	838	0.6432729875973886
GCA_014874455.1	GCA_011054265.1	92.98299670385524	0.3260130281477221	93.08193100598524	283.813509718651	0.0	388.6461592670598	388.6315249941233	325	0.4787423391548449
GCA_017613735.1	GCA_015066565.1	85.8935452976078	0.3651095391719608	83.26669505828195	6.138438574092371	6.851774679849882	503.40467700554154	506.8305643454665	994	0.13417893181095122
GCF_003053565.1	GCF_900156285.1	91.46796699306503	0.4175270282119187	80.52641251215573	0.7390862324123295	63.49326670283733	294.65877270580967	326.40540605722833	308	0.39946359770299344
GCA_002726775.1	GCA_012964235.1	96.67386147722627	0.19242502270445144	96.35470177437475	2.7010566988485465	5.61416611346317	520.6549810932394	523.462064149971	404	0.7790307990936886
GCF_000328685.1	GCF_000337675.1	90.07413588086088	0.13196285932489688	88.24395001007342	4.218724383004947	64.26824694700645	3132.31800502813	3164.452128501633	3601	0.29125558794711265
GCA_003158475.1	GCA_003161955.1	89.86025110495662	0.18933503955926742	89.86533494486683	39.87020703548693	0.5061582011344399	1545.2589273646024	1545.5120064651696	1775	0.2826340848134992
GCA_903951635.1	GCA_009691925.1	92.61845608690746	0.19876925633885104	92.56078274377464	23.097417525569064	0.7558361393107589	1100.0609373852612	1100.4388554549166	955	0.45249750137512423
GCA_012511525.1	GCA_012523135.1	92.6017431564686	0.20076140103153722	92.71358027101037	283.813509718651	0.0	1069.909647773108	1069.8144711857526	915	0.4508748025171618
GCA_007693485.1	GCA_007130025.1	91.9475356211849	0.19681069099700008	92.07386699962582	283.813509718651	0.0	1200.689874131061	1200.6647870146824	1097	0.4059810810961749
GCF_900197855.1	GCF_000200595.1	90.82097390806861	0.2419659855214532	85.74411110217247	1.5197834558110268	85.64736591686074	928.1501523480446	970.9738353064749	985	0.3559581122691493
GCA_009837395.1	GCA_012270975.1	90.532675753381	0.10975924183423089	88.12088186594248	3.0735355204331385	150.15081735321473	4411.171668228386	4486.247076904993	4842	0.31924858963892544
GCF_002844335.1	GCF_000337775.1	90.86889756954243	0.10793149511329823	89.42793346245445	4.3435825072709076	78.87366641849076	4415.406928036906	4454.843761246151	4633	0.33552556302466785
GCF_001578185.1	GCF_017355165.1	92.35548662114468	0.10738158800745487	91.85572418781759	6.98493630493306	26.088204310044603	4199.717992208923	4212.762094363945	3634	0.45566362093664564
GCF_001006285.1	GCF_006802875.1	97.31371863662483	0.09931474345258845	97.13913290155607	2.948047439780061	9.209375419040043	1443.7012843627544	1448.3059720722745	1184	0.8304126213074939
GCF_000244875.1	GCF_000022065.1	88.58886974316093	0.19351141376027134	87.25114423585212	6.589138031551718	16.708276003228548	1713.3990706798497	1721.753208681464	2187	0.2450114534831661
GCA_002714425.1	GCA_002728715.1	94.54372214718201	0.22568939107457886	93.42763952869144	2.026085211465097	24.0042818209256	721.5736664228547	733.5758073333175	563	0.6240098137472166
GCA_016935635.1	GCA_002482415.1	93.34580079688902	0.15492162531262563	93.32497179380563	27.060441830611946	0.7271876159556996	1663.9576771917448	1664.3212709997226	1348	0.5074547075083428
GCA_002308515.1	GCA_016283885.1	95.9076854584764	0.16225567882536043	95.32872444581844	2.2392125528322575	19.97033278184381	946.7815846101514	956.7667510010733	706	0.7158213208207815
GCA_002411615.1	GCA_902809935.1	92.84963254024062	0.16268539716448485	92.85583277179335	34.031181918388384	0.48568763072034926	1667.084742719319	1667.327586534679	1389	0.48197839994678393
GCA_900557435.1	GCA_900767685.1	97.51294549061355	0.1053111837428866	97.25733420036144	1.9678445314082378	14.616534369536566	1105.3292616359774	1112.6375288207457	908	0.8385111800904849
GCA_900102385.1	GCA_017617315.1	93.23012168776259	0.0778623860971853	91.9771130452406	2.780997657853321	193.8772469195901	6867.2265537737385	6964.1651772335335	5769	0.5029175911229744
GCA_015660155.1	GCA_014382585.1	92.42847642093727	0.3556417622013167	92.56286989584854	283.813509718651	0.0	339.05503437592284	338.928892062058	286	0.4352351431153733
GCF_002240635.1	GCF_015351075.1	93.30630601700514	0.07743734918449774	91.66014469152167	2.2392125528322575	280.7125080361475	6655.2087497936045	6795.565003811678	5702	0.49943492593652905
GCF_014138285.1	GCA_900539805.1	89.9412880405864	0.09144265751953767	88.69266714465584	5.961986549755308	73.26313776416828	6418.30662104909	6454.938189931174	7495	0.2806274331315857
GCF_000373205.1	GCF_000430045.1	92.76019714052052	0.13026984074490508	91.39488794551012	2.948047439780061	73.52593988638091	2568.8240657067836	2605.587035649974	2253	0.46603728131098904
GCA_018335795.1	GCA_002839825.1	89.61136683952536	0.18613907766221413	87.72933517161835	4.472135954999578	32.7119454861554	1633.1612476620066	1649.5172204050843	1948	0.2742441421911152
GCA_905614375.1	GCA_018649665.1	90.83765151536066	0.3590171561441865	91.01065874789283	283.813509718651	0.0	390.5675437278038	390.41398381529	395	0.33754974550470307
GCA_002376545.1	GCF_900095305.1	88.38469481203676	0.7504415967278409	88.62163782434249	283.813509718651	0.0	117.09313094589365	117.08894517616285	146	0.24242771322547602
GCA_016875875.1	GCA_001795315.1	91.79800013806879	1.4404474206114657	91.95449259545262	283.813509718651	0.0	22.121411537212225	22.10709811720104	20	0.406792245647174
GCA_009861545.1	GCA_011523485.1	97.08863372376555	0.05032400212810526	96.92043598116173	4.046479871071336	27.653472105963374	5961.83732329763	5975.664059350612	4655	0.8047450681468566
GCA_002869535.1	GCF_000092245.1	88.95225221923415	0.3105987335986237	85.7956466724787	2.948047439780061	25.865037545012456	690.3524932621365	703.2850120346427	826	0.28121788034147255
GCA_003009815.1	GCA_003009795.1	93.74096546325245	0.3238556994143246	92.88499404606527	3.2581575523800375	7.579732394755183	398.9401751086866	402.7300413060642	318	0.5587883315292606
GCF_014698045.1	GCF_001298445.1	94.7716360902225	0.10628296351260483	94.15809501919654	3.2581575523800375	45.54058457647352	2901.34845818844	2924.1187504766767	2219	0.6274014572786842
GCF_014518315.1	GCA_002409405.1	89.12291624613957	0.2322181534691584	83.74057631986221	2.026085211465097	72.7142173152306	1100.8612573982973	1137.2183660559126	1426	0.25516028612174696
GCA_000961765.1	GCA_000802045.1	92.56145231371976	0.23635789153227832	92.23088837323996	8.931711272653901	3.341318669109569	862.2164767374873	863.887136072042	728	0.4764851506556196
GCA_009840115.1	GCA_009841005.1	93.30942839784736	0.09962731279777738	92.95989355018378	7.6236546976459225	19.746935655863126	4146.110012587766	4155.983480415697	3411	0.5059808595250311
GCA_001044335.1	GCA_000156155.1	95.6039428799169	0.1500646683055231	94.78402418112343	1.9112780044394568	36.96244434299706	1249.3791815546583	1267.8604037261568	951	0.7008002508251745
GCA_016709145.1	GCA_016795255.1	93.2425956119613	0.08149854337825305	92.6010256695844	4.881078193621483	70.79389642790375	6094.679010621558	6130.0759588355095	5085	0.4961987914971448
GCF_001185345.1	GCF_017566055.1	92.40375912739603	0.09607240536324899	90.8711558782878	2.8633045638333394	151.18709050626057	5065.902594723995	5141.4961399771255	4516	0.44780400929338954
GCF_003931795.1	GCF_900637845.1	89.96601947326364	0.2099164615259633	86.61024096584809	2.443971219232322	64.40213911342107	1345.9113345498026	1378.1124041065132	1506	0.31179615628979296
GCA_018816105.1	GCF_013177675.1	92.55747364469842	0.28200055074961167	91.79084009232481	4.472135954999578	8.060746109095362	641.5161711891441	645.5465442436918	536	0.4905365131886929
GCA_003491305.1	GCA_001316325.1	95.94146729999413	0.12407627460722329	95.20707675649142	1.8332432438918538	44.93629951383582	1662.5619611181196	1685.0301108750375	1275	0.724223419644975
GCA_017745195.1	GCF_010211765.1	90.80486279240199	0.10685825986897414	88.74464693706071	3.354586568267391	130.70145312753812	4407.670681369233	4473.021407933002	4761	0.32683141016939815
GCA_003260325.1	GCA_002761215.1	94.20038776121939	0.4712366314158619	88.62396279557633	0.6495170808381368	33.532923189012365	180.30880841833542	197.0752700128416	158	0.610771506917433
GCA_903831825.1	GCA_903863035.1	94.58754533281515	0.2067257069995487	93.70467275671712	2.443971219232322	20.863938312065102	795.5811368366933	806.0131059927259	612	0.6089574998521124
GCA_012838205.1	GCA_002496805.1	91.9677260165044	0.2514946428291203	91.7431909367339	12.781486355835694	1.7118644142242374	820.56566047617	821.4215926832821	723	0.43868646981927994
GCF_002874535.1	GCF_018613195.1	89.66715920683932	0.13117630151809986	87.75626005603277	4.218724383004947	71.64596317003816	3415.2758975441902	3451.0988791292093	3948	0.2878157315380677
GCF_001592945.1	GCF_001593005.1	94.53630325892502	0.08895297390242832	93.40333101247977	2.086049593145407	149.75343323222296	4520.199340569537	4595.076057185648	3548	0.6176924900828427
GCF_000768675.1	GCF_007992835.1	91.07914342563282	0.09314589325977352	89.38302646349634	3.7074612216309677	135.85454910298904	5649.014478315314	5716.941752866808	5902	0.34206574751420793
GCA_002418835.1	GCA_002425885.1	93.51225196234772	0.14858437885192433	93.11961718452326	6.320112904221773	11.391710268167117	1902.663281612066	1908.3591367461495	1514	0.538029816887473
GCA_017881405.1	GCA_002279275.1	94.73331570590157	0.1672260188538005	94.7114585362895	24.08059389994337	0.43364594469176154	1179.4095088245267	1179.6263317968726	887	0.6223770735817286
GCA_014049385.1	GCF_005864045.1	96.4369902064801	0.11785954080156852	95.87090745613273	1.9112780044394568	33.67458326657652	1536.732951600078	1553.5702432333662	1198	0.7629038161655396
GCF_008764245.1	GCF_017355205.1	89.36176874409415	0.3119759023747054	88.75578328860534	10.464202462197873	2.5281586660762514	630.0624462332618	631.3265255662999	731	0.2801615386470554
GCA_018608725.1	GCA_018673215.1	89.6274623577984	1.260077967354493	89.83925662704242	283.813509718651	0.0	37.78173770698841	37.7685959986766	41	0.3004001767405165
GCA_002749975.1	GCF_002964865.1	90.44530390827516	0.13640125324823088	89.97592183811149	10.909627004838343	10.398272773435565	2923.077230465936	2928.2763668526536	3092	0.3228194554012919
GCA_016217665.1	GCA_016214375.1	96.55603061542057	0.22447854225571767	96.07130541853597	2.026085211465097	7.5980800166069	396.9751684084663	400.77420841676974	306	0.7693439467533145
GCF_000010185.1	GCA_018371055.1	95.54662973096481	0.29796903673549957	95.37065037405685	5.790606713812224	1.2348711581415728	320.6648474812569	321.2822830603277	234	0.6992120961697443
GCA_015055975.1	GCA_016287155.1	94.41743270201103	1.1288244704230934	94.51559511452078	283.813509718651	0.0	26.064912947068944	26.053506394050604	18	0.5979822250801401
GCF_003013815.1	GCF_000169335.1	93.51037842142732	0.44592023314359913	93.59543723625244	283.813509718651	0.0	205.1457731927085	205.1386327302438	162	0.5350766876189177
GCA_000018565.1	GCF_003205875.1	89.62933437560399	0.12791145365948106	87.99301418837963	5.088848640517972	49.85331075812701	3310.555571111779	3335.4822264908425	4035	0.2620200075788149
GCF_900114715.1	GCF_900115625.1	89.54162305425368	0.1616094786696831	86.59291151913322	3.0735355204331385	77.54828928362531	2221.011366706315	2259.785511348128	2665	0.27402308040593176
GCF_900107035.1	GCF_001447355.1	96.65647529693567	0.05322428243700513	96.54112153516012	6.784151343742322	14.175189369432701	6431.537723982005	6438.625318666722	4865	0.7727744282672377
GCA_001917585.1	GCA_003220615.1	91.69678019226967	0.10067876892228443	91.45494983531462	13.54924842223387	10.071950404775635	4669.423307650199	4674.4592828525865	4431	0.3861608519293294
GCA_011523845.1	GCA_011523485.1	93.02595422812509	0.17024227193239228	92.16259531803806	4.046479871071336	24.05517807081651	1444.7161941415418	1456.74378317695	1232	0.4806167141501846
GCA_016871755.1	GCA_903862595.1	91.35753636591225	0.195316963559821	90.626474103523	6.784151343742322	10.631733225392509	1295.425731836706	1300.7415984494023	1270	0.3664492521055957
GCF_000407445.1	GCF_002141365.1	88.30173903234507	0.3034919938388139	82.08055904954482	2.026085211465097	47.43089779290881	688.4723222422159	712.1877711386703	960	0.22715308407904214
GCA_000353875.1	GCA_011363075.1	93.657053821047	0.15787283225399995	93.39025376345019	8.42559987152911	5.9590349580698785	1643.608837321273	1646.588354800308	1298	0.5454530450519127
GCF_008327825.1	GCF_000469385.1	95.73511845143781	0.5903723695520622	95.32671045559601	3.60088867393635	0.7171113094895247	78.21922510463705	78.57778075938181	60	0.71397711628092
GCA_002708005.1	GCA_002684915.1	90.41029131413255	0.38997848349246106	89.24392420959002	5.394527091291249	4.669231629199317	368.8944058376931	371.2290216522928	389	0.32806209423891086
GCA_002509165.1	GCA_003193815.1	94.88206174044316	0.1864673050654979	94.37296256876174	3.7074612216309677	11.738584425015688	889.6395887405362	895.508880953044	676	0.6267410043614303
GCF_004323185.1	GCF_000317225.1	91.29314920274248	0.5192062184824578	91.45034817017799	283.813509718651	0.0	189.61096133813376	189.55863709985576	178	0.3809230522017812
GCA_017115095.1	GCF_014698505.1	94.2136718619672	0.22895185419172112	93.98676319583282	8.183402424142383	2.4100941592118943	694.8231591527135	696.0282062323195	532	0.5854022161072414
GCF_003605405.2	GCF_014836955.1	92.63671105140567	0.10616150774960234	92.03859826090189	5.718567124785456	36.96102879316459	4177.091084875873	4195.571599272455	3555	0.4751640053121355
GCF_000230715.2	GCF_900104065.1	89.46381759065285	0.19199891460862245	87.89157910128318	5.394527091291249	21.118121434703426	1509.3189286115035	1519.8779893288552	1884	0.25713557221499894
GCA_900549745.1	GCF_015557435.1	94.65441588016911	0.08729631236032498	93.30080381107531	1.7805458881095184	201.51292897588428	4301.952704498693	4402.709168986635	3406	0.6101774963082649
GCA_903937385.1	GCA_903880675.1	90.99339232480423	0.25206672751571674	90.93244603892036	26.282577935285317	0.532649306805979	812.6307600199987	812.8970846734017	813	0.3504759182182756
GCA_018399535.1	GCA_011056825.1	96.5457689328759	0.10797891077237369	96.54217449594644	30.792107844480416	0.20076454906393337	1648.3185372808882	1648.4189195554202	1239	0.7649164791310186
GCA_011333425.1	GCA_014360805.1	96.43520006114208	0.08120512170274788	96.36069354900772	9.587499772641271	3.895472446442909	3013.7236562092817	3015.671392432503	2245	0.7549455671503202
GCA_001918765.1	GCA_005881615.1	92.07851178680369	0.344607585063977	91.76316783645278	10.464202462197873	1.3034954845811626	408.49983371203996	409.15158145433054	364	0.4275983834863197
GCA_002841685.1	GCA_013791745.1	96.48323786379633	0.15208419842806764	96.12709811605424	2.780997657853321	10.439352387072176	884.323576131023	889.543252324559	678	0.763877344178204
GCA_003326215.1	GCF_016056275.1	92.93174204937668	0.1467377977412067	92.7007711348973	10.909627004838343	5.31034362133596	2023.4414923049758	2026.0966641156438	1686	0.4862309433608608
GCA_015295825.1	GCF_008386235.1	94.79798297322533	0.09021085547699835	94.50010068057522	5.961986549755308	21.664774964536264	3905.7840253219797	3916.616412804248	2965	0.6248104554553284
GCA_903912275.1	GCA_903873545.1	95.09465938340475	0.08863641824322173	94.75577800065874	4.740769527530555	30.598196777066732	3759.134371942034	3774.433470330567	2829	0.6462918064584255
GCA_002398515.1	GCA_012512055.1	92.03184818787247	0.26717724816306027	91.73278461993905	10.909627004838343	2.059450439447346	690.2875040976763	691.3172293174	619	0.42979900901543283
GCA_002923315.1	GCA_002898775.1	94.08500035034415	0.09475148807418551	93.96856561922743	13.54924842223387	5.908033633871128	4019.6410847880193	4022.595101604955	3133	0.5658037501551448
GCA_003220075.1	GCA_003219125.1	94.6441111995364	0.10704508066030798	94.44726550353249	8.42559987152911	9.038167242100826	2810.1336766065515	2814.652760227602	2132	0.6082350734051477
GCA_015520565.1	GCA_015523135.1	95.12387609743914	0.4324714653404392	94.98073047113925	10.464202462197873	0.2486962375421058	163.23944593203407	163.36379405080513	123	0.6593011379676074
GCA_012729095.1	GCA_013329565.1	90.02597891316292	0.4889004066723029	90.11052267346629	64.11547521917494	0.028222726171691193	237.36891223376554	237.3830235968514	261	0.2982997311826816
GCF_000469505.1	GCF_001274535.1	91.51957915020041	0.21968059882225788	90.76919340130559	5.790606713812224	10.60254633981549	1157.6451070192845	1162.9463801891923	1058	0.4196999134793525
GCA_004322465.1	GCA_016844685.1	90.6264812795581	0.9456260985314305	90.82155373523318	283.813509718651	0.0	60.846918250837284	60.820800712364125	58	0.3366639119181445
GCA_002084585.1	GCA_003644215.1	96.39790305060725	0.42398111624257956	93.03557116258193	0.5016276936359719	22.129794316769647	120.06687933549684	131.13177649388166	101	0.7538255438469849
GCF_018642185.1	GCF_901000775.1	92.70619309168524	0.27641114674638634	92.8197335324922	283.813509718651	0.0	612.9399238248769	612.8875377334881	495	0.48608444341203166
GCA_009702325.1	GCA_900299235.1	89.04113454896388	0.2238656094498072	87.35209056202808	5.554184483614372	15.08433547678851	1108.9344745948788	1116.476642333273	1475	0.23183489601195278
GCA_015523085.1	GCA_015522745.1	96.2938068357123	0.49492193596590184	96.32058120259657	283.813509718651	0.0	86.31354967190043	86.31028114553294	65	0.7481706059193467
GCF_004115925.1	GCF_001652505.2	87.47928265389334	0.15917802774016032	82.11862722549374	2.8633045638333394	106.30255034288439	2327.3196184278804	2380.4708935993226	3965	0.16798490851595035
GCA_001641225.1	GCA_001641205.1	87.92783902087342	0.4950528012682965	86.69022967020071	7.404509504937814	2.3916167434256295	284.73432613605814	285.93013450777096	376	0.23263979477022462
GCA_003554685.1	GCA_007134885.1	94.34171491215515	0.33147289839261074	94.25517733685757	14.363128645330688	0.3689516779460291	324.51488067665554	324.69935651562855	243	0.5946319891018657
GCA_000484975.1	GCA_016784625.1	91.56223484325412	0.7108678079640471	91.708210475925	283.813509718651	0.0	104.97400208530456	104.9466599561957	95	0.41687657527577543
GCA_903916325.1	GCA_903915125.1	96.52079317768289	0.2298886545754702	94.491615024169	0.5876963088723409	51.797700051665174	394.8452459427816	420.7440959686142	318	0.7679256207283374
GCF_016862555.1	GCF_003387075.1	90.35587727137555	0.08320388898696875	88.72959628148661	4.472135954999578	136.61398251326136	7481.208803105965	7549.515794362595	8425	0.29995568471630774
GCA_016212165.1	GCA_009773185.1	96.67676500225065	0.08327254440173851	95.71459837585904	1.1400022760576265	131.41895278619722	2806.1884220838388	2871.8978984769374	2233	0.7794417942485556
GCA_009668205.1	GCF_900215375.1	87.59001083025376	0.1641209811633601	83.44000789508938	3.453869514621738	74.49732388073971	2192.8524767446133	2230.101138684983	3627	0.1724057712749596
GCA_002471865.1	GCA_002402135.1	93.91835615616299	1.009069117560206	94.00581046795014	283.813509718651	0.0	38.2201009070454	38.217642432404475	28	0.5683497889098682
GCA_002238415.1	GCA_011523265.1	92.70217641655951	0.12652682234650436	92.81040786879122	283.813509718651	0.0	2694.6866832454557	2694.5162467073114	2278	0.4605710294319695
GCA_903929325.1	GCA_903957465.1	94.2516528065744	0.22891514352592915	94.07756896014817	9.311903019037887	1.8486592004230715	676.7772606477988	677.7015902480103	512	0.5827670851008426
GCA_002083555.1	GCF_900403705.1	89.3207566850972	0.12359273782932047	87.68436613476605	5.394527091291249	52.61869915762145	3656.850738877945	3683.1600884567556	4615	0.25050228129176155
GCA_011375845.1	GCA_011337925.1	96.25621095850559	0.8277584107414505	96.28249233714988	283.813509718651	0.0	31.078187168383646	31.074017213939392	24	0.7488946885207745
GCA_013152215.1	GCF_000526155.1	96.16366101405916	0.07773923193216527	95.86176976519738	3.7074612216309677	29.980565456058685	3778.277550819631	3793.2678335476603	2851	0.7329485027914094
GCF_000521605.1	GCF_013377235.1	93.12568561229124	0.1595020606545776	87.844128587395	0.9179106640370354	247.2514731847009	1650.3320910248226	1773.957827617173	1510	0.5000123541968192
GCA_011046855.1	GCA_003712145.1	89.9019380848198	0.27431670276764547	88.10242408906385	4.218724383004947	14.500898872743619	760.6803503838496	767.9307998202214	868	0.29307902040380684
GCF_007680145.1	GCF_002918705.1	93.1078121757183	0.07630988571411287	92.01285115266926	3.2581575523800375	165.33219259401812	7088.006432829189	7170.672529126198	6045	0.48760613458414426
GCA_001800675.1	GCA_001800815.1	90.75972161356522	0.21328648865531052	89.86000557364727	6.320112904221773	10.462941109193252	1164.6421152093176	1169.8735857639142	1211	0.33570165873105584
GCA_016650135.1	GCA_016650115.1	94.41130289177214	0.5190764008760612	94.49449859682252	283.813509718651	0.0	127.92035234450965	127.8788597981023	93	0.6106473146678798
GCA_011390675.1	GCA_011390455.1	93.58250910463867	0.09583268160698137	92.84978269635397	4.046479871071336	61.42214328977025	4182.975973615384	4213.687045260269	3438	0.5211378676977754
GCF_011302915.1	GCF_014396975.1	87.0204874106862	0.1399011627477929	83.3172241726998	4.218724383004947	74.07580658853476	3012.3928120865994	3049.430715380867	5555	0.14840285380626386
GCA_002771075.1	GCA_001825335.1	96.84179083601876	0.4665252697856395	96.41161617963357	1.8875002400771668	1.5367855709730236	84.90512603998062	85.67351882546713	66	0.797761153744418
GCA_002841785.1	GCA_002347095.1	94.73109387255731	0.10231068023402298	94.22005342299252	3.930162088288068	37.645919342757225	3111.0752944877845	3129.898254159163	2381	0.619099441178461
GCA_001788495.1	GCA_016179875.1	90.1369634825538	0.2628507402988148	90.31500843133676	283.813509718651	0.0	762.6021772191335	762.5342395496103	855	0.29115441996195596
GCA_010021145.1	GCF_002688585.1	99.99989999623712	7.088804978305461	99.99989999610843	0.07046880897187136	1.1325502402570464e-07	0.00019896886932846414	0.000199025496840477	7	0.9999939997892265
GCF_000011485.1	GCA_003214855.1	96.41427025911293	0.08035282081741497	95.93715877160895	2.3737182283699307	52.723247424739384	3221.3953709702614	3247.756994682631	2460	0.7561310706448495
GCF_900129085.1	GCA_019116785.1	92.29492508310983	0.4773481849705509	91.36975695602055	4.046479871071336	3.262297622628523	221.9027489363157	223.53389774762996	190	0.45862413400984947
GCA_011046395.1	GCA_007280345.1	95.90400518833313	0.1828943460742779	95.75680291576671	6.98493630493306	1.9863868936979543	739.4938598204462	740.4870532672952	551	0.7203890960477264
GCA_900544795.1	GCA_900545535.1	88.24250596185216	0.396624177847295	86.11704115300822	5.239459118530733	5.891194673445511	373.61852823137804	376.5641255681008	547	0.20239304491579874
GCA_900547395.1	GCA_017629765.1	92.53388912849834	0.19913800232965886	91.8543209487485	5.394527091291249	11.997663966060372	1149.5568928104683	1155.5557247934985	992	0.45550239404413917
GCA_019008365.1	GCA_016841725.1	93.09162126948036	0.13142453450691574	91.1409578212491	1.9678445314082378	124.96032291354459	2544.300952910915	2606.781114367687	2177	0.501752066997269
GCF_000226255.1	GCF_015731765.1	94.94019467378408	0.08195206156239555	94.4501871003505	3.7074612216309677	58.58174305600005	4647.034900499644	4676.325772027644	3511	0.6348916283063234
GCF_000271485.2	GCF_900114615.1	91.19866106105523	0.14252658175554683	90.10628367610668	4.94256752467296	35.701317620004374	2569.190017178805	2587.0406759888074	2529	0.3709466026956635
GCA_003523945.1	GCA_013817135.1	93.8442822443218	0.7082184865013795	93.94165852387529	283.813509718651	0.0	74.67548626239275	74.64946875879467	55	0.5559827136576087
GCA_002404515.1	GCA_900553925.1	92.95700475192055	0.36884478909053225	92.47624832465182	6.320112904221773	2.2393034940496364	322.48463283137016	323.604284578395	267	0.4872759153440123
GCF_000012125.1	GCF_900169085.1	84.16044773470388	0.373712395967882	75.86457837147054	2.9851854363024235	25.054904357650685	513.3656418249257	525.893094003751	1307	0.09803959538184677
GCA_011328725.1	GCF_000219725.1	96.15716466182684	0.25582125756900265	94.69932890947592	0.9730479906804452	26.912792446020603	361.2880122719982	374.7444084950085	284	0.7380716850167356
GCA_015520565.1	GCF_000025665.1	90.85030266168452	0.6938941185981725	91.01195768595983	283.813509718651	0.0	112.90812695358616	112.90282111702429	109	0.35521642681423277
GCA_017347445.1	GCA_002009475.1	92.936537436176	0.3755502294475237	92.20215483576185	4.604494093647612	3.931732059014962	312.88885438229266	314.85472041180014	261	0.4866117899299175
GCA_902801365.1	GCF_900112895.1	94.75025296698718	0.11362723468610383	93.80276532764053	2.3054846895723897	73.33258469223529	2560.1611441044274	2596.827436450545	1985	0.6222914915998952
GCA_015222355.1	GCA_013138655.1	97.63914754333348	0.08476179902287304	97.5296899013905	3.453869514621738	7.402807303603822	1521.3687623529188	1525.0701660047207	1245	0.8471316665291669
GCA_005774545.1	GCA_012026975.1	90.02198519157592	0.20113491249097978	89.39111992453793	9.871253137244736	6.043951899047897	1308.8518986690462	1311.8738746185702	1515	0.2831711610215855
GCA_900317935.1	GCA_017526725.1	93.23059463045942	0.2757134598046476	92.48011581158954	4.046479871071336	8.28743563808871	593.4644668369798	597.6081846560242	478	0.5259490522963827
GCF_000970045.1	GCA_016841625.1	91.12255847785983	0.1332556321672618	90.05958790719625	5.088848640517972	39.239192480414204	3022.7538213347325	3042.3734175749396	2954	0.37052567740083153
GCA_002509485.1	GCA_018432765.1	97.05184642228043	0.09780954377229699	96.7929755938262	2.780997657853321	15.331112426725213	1636.8112579055921	1644.4768141189547	1279	0.8028388979246325
GCF_016859125.1	GCF_000733295.1	92.09852950922037	0.0780551737644825	90.74537914658332	3.453869514621738	182.1723180495028	7694.462083682549	7785.5482427073	7111	0.41859396797922177
GCF_000307855.1	GCA_012840465.1	92.01537531121578	0.1637267585121694	91.26860149326323	5.394527091291249	19.55811942805667	1884.32225294748	1894.1013126615082	1676	0.43432915374045317
GCF_000215975.1	GCA_011361985.1	91.83380091668057	0.2396582439018252	91.96563710220272	283.813509718651	0.0	952.6988155817346	952.6150441901027	816	0.44758204924488637
GCA_000998805.1	GCA_000998045.1	90.01218171795847	0.49005094689471884	90.05505292112161	45.36835438620442	0.056547474531157604	239.43086398310254	239.45913772036812	260	0.30713082192844315
GCF_014960965.1	GCF_009805705.1	94.31786533861758	0.060911729517529496	93.39133223242024	2.7010566988485465	237.3389017558402	9347.270470535499	9465.93992141342	7419	0.5806181451382056
GCF_900107815.1	GCF_900107125.1	93.6957362045668	0.1286220988377209	92.82712305205071	3.2581575523800375	48.48678446156555	2438.5611509660794	2462.804543196862	1960	0.5468759136004265
GCA_003162425.1	GCA_003166875.1	95.90105326632793	0.046546227982422146	94.7454639387781	1.3356023565782857	603.7151757125794	11464.772981505675	11766.630569361965	8866	0.712550535369929
GCA_018398915.1	GCA_016756725.1	90.11279656099379	0.2350039223226417	80.60832904453108	1.1400022760576265	148.16293412088817	968.7668898597274	1042.8483569201715	1177	0.2996110516036139
GCA_012719455.1	GCA_016934555.1	91.85556420234782	0.19021829492479755	91.36863385006008	8.183402424142383	7.089599285494387	1346.1946525212443	1349.7394521639915	1238	0.405062096706251
GCA_003209755.1	GCA_003216295.1	89.45636127299898	0.3133731754601682	87.02682778659226	3.453869514621738	18.466854920274955	638.5907327163271	647.8241601764646	733	0.2928482581469557
GCF_000418325.1	GCF_002950945.1	91.41965871160322	0.06059208879174538	89.61972780211438	3.2581575523800375	372.44363072869965	13256.558544328978	13442.780359693328	13289	0.36806884983063337
GCA_009838765.1	GCA_009840115.1	93.61094727502127	0.086413622818236	92.71498572482147	3.354586568267391	106.06882925477657	5290.522729011843	5343.557143639231	4352	0.528259554153964
GCA_016868875.1	GCA_005799025.1	89.88024125797845	0.5965361952080281	89.06432713579129	8.183402424142383	1.0551734966848016	157.18230899107817	157.70989573942057	177	0.28617062760125195
GCA_002281415.1	GCA_903905475.1	93.69958446622097	0.09403149384564723	93.54019124538071	11.907228002388738	8.60809138701552	4236.838277948519	4241.142323642027	3370	0.530471244693066
GCF_003226535.1	GCF_000092125.1	91.87876680231817	0.16031115861404266	90.54024447917068	3.7074612216309677	41.384252050584564	1868.6616230372797	1889.353749062572	1757	0.40670367331003165
GCA_013180565.1	GCA_013139985.1	98.74250692656778	0.07379469290687708	98.60214176472853	0.8066699511227227	22.213913494235385	746.4293442409319	757.5363009880496	828	0.9227592227130245
GCA_015063185.1	GCA_017508065.1	91.637771508657	0.34250212623981047	89.65688628953588	2.7010566988485465	15.77940264909887	440.3154031131412	448.20510443769064	417	0.3985922178764098
GCF_007753095.1	GCA_007741475.1	93.34998269888278	0.057598357204387114	91.27998779161427	1.8332432438918538	673.7925131479969	12113.724637798125	12450.620894372123	10385	0.5058563046542702
GCA_015063805.1	GCA_017466495.1	95.55534707904786	0.10684175424683354	94.56466073062936	1.679652056380189	97.12492876057422	2390.127354147369	2438.689818527656	1829	0.6864612395437175
GCA_011333575.1	GCF_000022565.1	93.88748128993377	0.06912636057695311	93.17130929174233	3.8171879095811088	124.28557603339868	7733.448733241307	7795.591521258007	6225	0.5474615757290635
GCA_012964235.1	GCA_002686675.1	96.50003774502292	0.28581993386338816	96.53078537105125	283.813509718651	0.0	240.32943027743787	240.31757068135352	178	0.766899708251534
GCA_900544435.1	GCF_003024675.1	96.29801965132589	0.3103232098108812	96.28084522660426	19.714781439634777	0.06492705240731311	232.18941040527878	232.22187393148243	174	0.7594310111870789
GCA_014879945.1	GCA_016879935.1	91.07380828553711	0.12891230923435382	90.61856623254204	10.163404517371868	11.76336872806769	3002.3619180777523	3008.243602441786	3046	0.34808397597539653
GCA_016281805.1	GCA_902783255.1	95.47304993077978	0.09037784354376013	95.25765576437193	5.961986549755308	14.923658173815966	3380.867412114933	3388.329241201841	2521	0.6835444815938146
GCF_000691145.1	GCF_014764715.1	91.30057164907939	0.11763213477447043	89.48472603222645	3.0735355204331385	113.06096427244483	3865.33062125952	3921.8611033957422	3747	0.3862209911637876
GCF_001006285.1	GCF_015668515.1	92.9621963424047	0.4760691233059376	92.49220979021915	5.961986549755308	1.4563300283293756	216.03692978748862	216.7650948016533	174	0.5208842308212621
GCF_000484595.1	GCF_003058165.1	90.35616078351377	0.16352925430062998	88.88717808808934	4.472135954999578	36.140700745701906	2144.637177134559	2162.70752750741	2267	0.3303410432841454
GCA_002419135.1	GCA_012719115.1	94.35874363384545	0.4528439494729755	94.42323473576403	283.813509718651	0.0	168.03664792483517	168.0293564724234	128	0.5925972690765773
GCA_002842575.1	GCA_001873105.1	89.95499775345016	0.2749343682164382	89.79728656638585	20.298263650698985	0.862216900496378	788.916975628941	789.3480840791892	844	0.3141326854130895
GCA_017524445.1	GCA_017393775.1	91.51145349897617	0.23671195725752098	89.29499229105875	2.7010566988485465	33.05445570652296	867.280969020708	883.8081968739695	863	0.3760410526540182
GCA_902766695.1	GCA_017527155.1	98.28140000994193	0.054936111118727	98.2237034846406	3.8171879095811088	5.569045604793246	2215.830959966202	2218.6154827685987	2090	0.8911855708299986
GCA_903885795.1	GCA_003451635.1	93.91849707152468	0.3615573145795037	93.99952815840318	283.813509718651	0.0	291.2885469875547	291.25627041728677	221	0.5636680826885799
GCF_000174355.1	GCF_900177275.1	95.45956105711667	0.05425668123188078	94.77211636869676	2.443971219232322	213.13098725358213	9314.441075465655	9421.006569092446	7102	0.6756848218715769
GCA_002726005.1	GCA_902533755.1	93.8406751486829	0.2908038820589397	93.9183950924064	283.813509718651	0.0	481.3237728284909	481.2912679011585	368	0.575737901218257
GCF_014200305.1	GCF_014201135.1	86.90518680227952	0.16515836257322186	73.26163943605289	1.4760966347905067	281.155736259323	2247.415018189004	2387.9928863186656	4185	0.15679356541349038
GCA_015488545.1	GCA_015490435.1	91.52333265860722	0.7561754305269273	86.84890006959853	1.4336656099977856	8.903816213257443	89.50949599968853	93.96140410631725	90	0.3948527794435507
GCA_016184445.1	GCA_001790955.1	95.06828243357795	0.20103346934197322	95.12011473821315	283.813509718651	0.0	743.5653458907818	743.53094840407	545	0.6503901115026338
GCA_012517765.1	GCA_017992475.1	91.98516929173908	0.18159730439652433	87.89098994767404	1.4336656099977856	134.29558000958286	1485.801490685648	1552.9492806904395	1420	0.42408752594271887
GCA_001919865.1	GCA_003222135.1	88.84211050311237	0.18804642821526688	88.95173353432767	77.3394797298565	0.1459091728643216	1584.6550453532188	1584.727999939651	2135	0.22375711383747224
GCA_001798455.1	GCA_016193385.1	97.063166973333	0.08998091006396407	96.98242498650137	7.1916637338839795	2.9170730440446277	1900.9843187582378	1902.4428552802601	1485	0.8057124973604051
GCA_016235365.1	GCA_016234955.1	95.90239976670995	0.12461795582635932	94.83109820608178	1.3524275931754157	77.65347050580795	1638.508725900716	1677.33546115362	1254	0.7177344741818559
GCA_002839855.1	GCA_016937715.1	92.56063553970833	0.14798631181597383	92.1730660254373	7.6236546976459225	10.777646442275909	2215.748564900812	2221.13738812195	1856	0.4782457718945089
GCA_005877365.1	GCA_005877185.1	95.33869000970502	0.35717155107872667	95.33280734718018	29.047286906026013	0.048199026723693805	227.48579237358342	227.50989188694527	169	0.6753230012983362
GCA_005801385.1	GCA_016871805.1	93.85247317372848	0.09013249463267894	93.65682169847183	10.163404517371868	11.950714204811447	4670.936952580186	4676.9123096825915	3697	0.5485338912210882
GCA_016866355.1	GCA_016868475.1	88.47376134213269	0.7726109916492195	88.69493642799802	283.813509718651	0.0	100.86826039944573	100.85429290978395	137	0.22893134527711495
GCF_002154725.1	GCF_002154695.1	95.1728773551845	0.07345468810200909	94.06273911765214	1.7805458881095184	225.21948573363807	5676.989415223145	5789.5991580899645	4385	0.661116589580497
GCF_001936595.1	GCA_000307955.1	91.43114255662525	0.2808451320306777	90.55322513418672	5.790606713812224	6.794016597907557	622.2087752889438	625.6057835878976	610	0.3728205117834741
GCA_017540905.1	GCA_902766695.1	98.03230335863675	0.07025300808530668	97.84813445744336	1.8875002400771668	17.598441210801866	1716.3111119468447	1725.1103325522456	1529	0.8741636544280784
GCF_001468395.1	GCF_014595975.1	90.09991823126722	0.1325819304451099	85.31041079843628	1.9678445314082378	211.67641532119524	2962.608435909374	3068.4466435699715	3537	0.28464872222393567
GCA_002683655.1	GCA_003541985.1	93.19481242883701	0.32695570851671635	93.31360968244935	283.813509718651	0.0	380.6418532043124	380.4957038323663	293	0.5030485750843522
GCA_900754715.1	GCA_900543035.1	94.34848036265016	0.1403590989315334	92.56935622037165	1.5647632398299687	105.19728732246176	1761.968527910674	1814.567171571905	1421	0.5854126646780295
GCF_003860135.1	GCF_001006485.1	91.8798151159004	0.1385655322818631	91.32242880057538	7.404509504937814	16.29590767537411	2499.3719322304587	2507.5198860681458	2299	0.4058186744982409
GCF_008828755.2	GCF_014201705.1	92.99181643894492	0.21172994350456883	93.09569055431125	283.813509718651	0.0	1039.5440798405625	1039.4119225320576	822	0.5194866118076916
GCF_001552255.1	GCF_001552655.1	94.16655168038812	0.084667178605114	93.12458807379971	2.5163034302254443	143.40559978718557	5046.848265846939	5118.551065740532	4002	0.5716401144665257
GCA_012841735.1	GCA_012521345.1	92.01578674834356	0.8426640846419889	90.83745595817673	4.046479871071336	1.269389708268136	65.46535136806803	66.1000462222021	61	0.4095238130411115
GCA_011065045.1	GCA_011064905.1	96.14485828569914	0.39113420772798135	96.14776411526309	26.282577935285317	0.02638494006714609	152.8557053630604	152.86889783309397	112	0.7484570350809353
GCA_017849585.1	GCA_002304345.1	94.12505979431552	0.07385844470640955	93.2405882662445	2.948047439780061	154.16783257070892	6637.351811779339	6714.435728064694	5267	0.5689282969395698
GCA_011369665.1	GCA_011372935.1	95.99447911934617	0.4926730968103003	96.04412439748393	283.813509718651	0.0	91.4755106187566	91.46042558736953	64	0.7234266023250038
GCA_905182465.1	GCA_009886465.1	94.87620184913241	0.10019960521005676	94.52727766646645	5.088848640517972	22.604276864877647	3140.9381947152547	3152.2403331476935	2373	0.632826954503734
GCF_015841355.1	GCF_002252625.1	91.07266872055395	0.12560993203692622	90.22485481425207	6.507164100443355	29.052070103379265	3137.372727062704	3151.898762114394	3218	0.3438488789276384
GCF_000755145.1	GCF_000008185.1	92.79719197668928	0.1575525584676444	91.37271892245768	2.7010566988485465	57.82134733286375	1884.866771930593	1913.7774455970248	1609	0.49096850084935917
GCF_003260095.1	GCF_901764975.1	92.19884777846036	0.5424370632137082	91.4039669129218	4.881078193621483	2.062039417373171	163.14479367197612	164.1758133806627	144	0.434157418299644
GCF_002950945.1	GCF_000067165.1	91.2587018296922	0.0660157213337589	89.57415824696541	3.5560908568815734	288.06956677615017	11321.57639854861	11465.611181936685	11499	0.35771118500728627
GCA_001508335.1	GCA_002441125.1	89.87638340641062	0.2565977223064447	89.58193013567104	14.363128645330688	1.9648439100785708	960.68441815278	961.6668401078193	1004	0.32374900766052395
GCA_018608485.1	GCA_905479435.1	94.37091898006534	0.7987325788956892	92.95922171415258	1.679652056380189	2.5608006469002618	59.451233637303766	60.731633960753896	47	0.6088129325823982
GCA_003220935.1	GCA_003222135.1	89.04435903810062	0.15849992428238133	88.66420777962523	16.34382058503021	4.122430846595307	2217.5073911747254	2219.568606598023	2918	0.2330327011351987
GCA_013138615.1	GCA_018238375.1	92.99305452801228	0.3700130663200198	93.10585458820788	283.813509718651	0.0	319.3303181512042	319.27559561302877	251	0.49514985112082965
GCA_016791465.1	GCA_016713885.1	92.53410262660535	0.16602055847548836	91.65914608508275	4.3435825072709076	23.822752007406052	1653.1977477759344	1665.1091237796375	1439	0.45427730762470375
GCA_001799715.1	GCA_001799845.1	89.057651587524	0.23931410396260785	85.94877912841149	3.2581575523800375	33.87778089512631	1023.188968285413	1040.1278587329762	1317	0.24588386772999246
GCA_011620145.1	GCA_002862435.1	97.78463936793887	0.06352470845634577	97.64983064087536	3.0735355204331385	12.999576327185423	2488.819651888192	2495.3194400517846	2111	0.856905723772242
GCA_015489955.1	GCF_000745455.1	96.0340814179157	0.33574390789951764	95.94501393468381	9.871253137244736	0.27140959165052436	216.53052078028836	216.66622557611362	164	0.7357995724432059
GCF_900176265.1	GCF_002276225.1	93.87181889179415	0.21565022919900548	92.3310951062604	1.9112780044394568	38.74354707203179	880.4989016038729	899.8706751398888	717	0.5736378059061157
GCF_900635775.1	GCF_002921145.1	96.67777333564803	0.08796949868501575	95.76127725060866	1.1737419880949644	121.04702381791594	2471.631544582603	2532.155056491561	1954	0.7774908661569641
GCF_002128425.1	GCF_001420605.1	93.50457235499519	0.11462321540434996	92.834596584796	4.218724383004947	42.36047148557827	3261.792085471423	3282.972321214212	2636	0.5440483328620433
GCA_010692395.1	GCA_010692325.1	96.46751873178866	0.09262911068359939	96.14651698802979	3.0735355204331385	23.205190514843707	2389.406324102022	2401.008919359444	1814	0.7624037009244075
GCA_002707765.1	GCA_002718585.1	94.45081474523326	0.3004187181590397	93.94535146959102	4.218724383004947	4.220242311854804	411.97510482574427	414.08522598167167	317	0.617969450524858
GCA_903855945.1	GCA_903904005.1	91.4631484707517	0.16049439002724566	89.13837299161352	2.5480025361421035	78.04880796046336	1934.3668422765488	1973.3912462567805	1917	0.37763921954078916
GCF_016807185.1	GCA_003249025.1	92.90070519268869	0.2925743269836676	91.25230148320504	2.443971219232322	18.747691222022695	506.0518427871124	515.4256883981237	437	0.4778425398210527
GCA_000214705.1	GCF_003627965.1	94.38315169419226	0.10624408544967945	92.0228409979161	1.2599210498948734	261.70371184213127	3161.814714109612	3292.6665700306776	2591	0.5956793987323409
GCA_016933315.1	GCA_002440765.1	93.29487799064489	1.1803074166915977	93.42531352830565	283.813509718651	0.0	29.369158251742338	29.348372759256442	22	0.5319612137450436
GCA_016872645.1	GCA_005798445.1	90.89159164575771	0.1292585339565502	91.0485255907839	283.813509718651	0.0	2993.819814854819	2993.681196488762	3060	0.33381581538680616
GCF_003096675.1	GCF_004363095.1	90.0740566716482	0.09599053780577511	87.78450471616179	3.60088867393635	155.92134708976118	5661.950742394214	5739.911415939095	6687	0.28209525871739893
GCA_001552015.1	GCA_000387965.1	92.20838584584122	1.0150085577765149	92.32410604913093	283.813509718651	0.0	51.31146873185972	51.3113510325171	43	0.4666966476953784
GCF_001613545.1	GCA_017305195.1	91.04598844184805	0.09230785122687579	89.59036220783415	4.166240215837463	117.68635196453579	5928.519265286946	5987.362441269214	6083	0.3467800512997319
GCA_019233825.1	GCA_019236035.1	92.69769463307624	0.34162235674367114	92.8076191954499	283.813509718651	0.0	376.9385447738645	376.91978099575135	314	0.46351914437653646
GCA_018902755.1	GCA_018896025.1	95.33093404877036	0.07045094203762284	94.6241334950833	2.443971219232322	127.28796261364732	5899.459609415917	5963.103590722741	4479	0.6714373195271526
GCA_012513195.1	GCA_012516175.1	99.6134020622589	0.2227701864522992	99.61574164447052	0.10600682929217883	2.4339586305633887	10.009220456927235	11.226199772208929	28	0.9769464579071985
GCA_002493865.1	GCA_910584255.1	94.33747970110568	1.4441447609297544	93.9538408492707	4.800491321641131	0.1575577287591301	18.26146840547409	18.340247269853656	13	0.6006999928719077
GCF_015207755.1	GCF_002218065.1	92.57797725325294	0.17708937934504831	91.02982935590977	2.7010566988485465	47.2070528300369	1486.4342478986011	1510.0377743136196	1299	0.4653219592336579
GCA_013334855.1	GCF_001747405.1	92.79018470288419	0.15469706006970055	91.76735034506743	3.7074612216309677	34.87667562625438	1806.7013382581044	1824.1396760712316	1563	0.4656927958057297
GCA_002495465.1	GCA_014189675.1	95.15920376068114	0.20054990626617927	95.10294912927863	15.874010519681997	0.533481128070207	774.8966821751732	775.1634227392083	573	0.6678499342784554
GCF_000025125.1	GCA_000737945.1	88.71133586359929	0.3759420854594527	87.2793523458269	5.961986549755308	5.480891566794639	462.6793011885904	465.4197469719877	572	0.2573668197334096
GCF_001077535.1	GCF_000449425.2	93.4975015557075	0.14389730995690064	93.33569423414173	11.23251028437962	4.146863463505724	2153.325227685098	2155.398659416851	1680	0.5567767197132463
GCA_019114065.1	GCA_902406105.1	96.95167156295665	0.316161812146764	96.02805538205375	0.8658976692030527	10.566832955733616	172.04104509563254	177.32446157349935	137	0.7986389675044674
GCA_007122045.1	GCA_003561895.1	95.94196271050983	0.15755140936624998	95.82665592040856	7.948167045262953	2.1916328609690936	946.2552739242092	947.3510903546937	686	0.7144375949392873
GCA_009926405.1	GCA_903856555.1	90.17579341077723	0.6230542109966866	88.66718663162297	4.740769527530555	2.323027644036131	142.57855682111452	143.74007064313258	159	0.3060938912196076
GCA_003220495.1	GCA_003220685.1	92.1287110595693	0.0728044950481432	91.43425371690435	5.961986549755308	82.53019927449714	8651.99691716146	8693.262016798708	7921	0.4167345241312275
GCA_004347955.1	GCA_014361445.1	92.66137267350625	0.29894562856232254	92.7812778725834	283.813509718651	0.0	504.26491414574394	504.1641216745072	413	0.47161843207244036
GCA_016212185.1	GCA_016207865.1	94.87781501233064	0.2068087370236903	94.88617183980665	34.031181918388384	0.12898242530968673	746.1087307612675	746.1732219739223	548	0.6396662217820794
GCA_002898655.1	GCF_900248165.1	96.56155230034132	0.15909972677976425	96.27685178021824	3.354586568267391	6.320796813237848	780.0883510737144	783.2487494803333	600	0.7690634475062066
GCF_000025325.1	GCF_013342135.1	93.45586577399881	0.07537830931762775	91.14468226943447	1.631369744526313	461.08506502435193	7088.325287811809	7318.867820323985	6116	0.5158711798912342
GCA_019243005.1	GCA_019247695.1	91.18942765506925	0.263751834954595	91.34405747326684	283.813509718651	0.0	711.8210851531077	711.7182186953768	692	0.3552539134028471
GCA_900539725.1	GCA_900539225.1	96.23212116891324	0.10447237776185098	95.55979931217826	1.7805458881095184	52.94741779416381	2137.02719855112	2163.500907448202	1661	0.7519034530613791
GCF_000255295.1	GCF_003611635.1	92.8380315146557	0.07027438704559372	91.59345407726244	3.0735355204331385	225.75937434056323	8903.769584706495	9016.649271876777	7712	0.47360583465253153
GCA_002500485.1	GCA_003228105.1	91.04070769225955	0.31294388400824985	90.78811669034303	13.95025441116	1.1095514144910794	557.0749529413255	557.629728648571	539	0.3697522734530888
GCF_000024565.1	GCF_009733925.1	98.9680330657647	0.364626317059503	98.96895517726475	283.813509718651	0.0	22.947962409200493	22.94692736430527	28	0.9377105374666271
GCA_009773075.1	GCA_003599365.1	96.99696858042579	0.1839228962593832	97.014850608096	283.813509718651	0.0	474.7953261223357	474.7926256455792	372	0.8046966918805457
GCA_002402755.1	GCA_002070955.1	90.64036673371216	0.15566279363020807	90.75610630165308	100.14062968407539	0.10454994892825198	2114.7947059468656	2114.8469809213298	2241	0.3207078798468066
GCA_005884515.1	GCA_005883175.1	95.56996976990226	0.10306104889322448	95.36924443701949	6.320112904221773	10.282337262457986	2472.823018334103	2477.964186965332	1833	0.6844965325696342
GCA_013824755.1	GCA_016719645.1	95.12211591001133	0.07551396865760104	94.12556264225236	1.9678445314082378	185.33801680125907	5240.271308211234	5332.940316611864	4030	0.6475500294212913
GCA_017613085.1	GCA_017962315.1	92.92811406416915	0.21875964989071023	93.03191353461703	283.813509718651	0.0	907.7049819711673	907.6046889044729	742	0.4833827156519878
GCA_003486165.1	GCA_002868985.1	95.6713921169294	0.3791334268464178	95.72026442128373	283.813509718651	0.0	175.69536361279847	175.6693054963632	126	0.7015435300798005
GCF_000428925.1	GCF_009864005.1	94.32838003631151	0.10904144435479793	92.36863873137763	1.4336656099977856	199.53073692935777	3009.144234585599	3108.909603050278	2453	0.5912051010892269
GCA_001513385.1	GCA_012522015.1	91.21451605200318	0.238875594031435	90.36560471920723	5.961986549755308	9.197101572783367	909.7649484174756	914.3634992038673	881	0.3686537249989222
GCA_902547295.1	GCA_902612915.1	96.41335900946825	0.17192179777763225	95.52183258495378	1.2599210498948734	31.34994643424534	750.1412959207619	765.8162691378845	588	0.764908986681939
GCF_900009275.2	GCA_903893625.1	95.88652203142703	0.7118843625551756	95.94465103707002	283.813509718651	0.0	43.36241711736303	43.341281292599646	31	0.716208770869564
GCA_900110015.1	GCF_002272135.1	90.61568034448842	0.11637063187668098	88.88361875505426	3.8171879095811088	91.97940042952723	4054.401938272228	4100.391638486992	4251	0.3375646079552046
GCA_015233245.1	GCA_015233895.1	96.20673619353283	0.11221899476803003	95.40718587987003	1.4760966347905067	66.3596592635472	1836.029794725929	1869.2096243577025	1403	0.7457376972739217
GCF_005144475.1	GCF_003217355.1	92.45966046877864	0.08641126396422982	91.3967817302973	3.930162088288068	109.05607315341877	5932.89439031461	5987.422426891319	5300	0.4390291687502068
GCF_007753095.1	GCF_007751715.1	93.24628909385734	0.05981356770874026	91.02514496974358	1.7805458881095184	682.8203791980304	11386.445491964087	11727.855681563102	9851	0.49800435598712384
GCA_004212095.1	GCA_905067535.1	95.73887602047249	0.24382191674962336	95.64776399478347	10.596025142323878	0.547627456866735	434.2339529168479	434.50776664528127	321	0.7077319324293051
GCF_000422625.1	GCF_008831045.1	93.81205801742885	0.10657010660258355	89.32997693076963	0.8915249320833912	487.36492440744223	3315.4986915933237	3559.1811537970448	2917	0.5444030898347897
GCA_002305655.1	GCA_019136135.1	95.93537775795458	0.05377435601390899	95.44021504900128	2.6234136766681906	139.45851581407624	8460.328499277868	8530.057757184906	6369	0.7181504755029602
GCA_905373295.1	GCF_001190745.1	95.55744623442307	0.10802590657321282	95.16108902258948	3.60088867393635	25.61937121787014	2297.3380470312322	2310.1477326401673	1719	0.6882606810563352
GCA_018658715.1	GCA_016784605.1	91.89135837884608	1.0865213268179459	90.39278435072261	3.0735355204331385	1.210029445723265	45.21894354892387	45.8239582717855	39	0.4322263203776814
GCF_016065055.1	GCF_000337455.1	91.77242086411141	0.10505414845165582	88.97141433844853	2.086049593145407	244.3647164571994	4372.295425068662	4494.477783297261	4279	0.39496580954634153
GCA_009773075.1	GCA_002782605.1	96.50300535650733	0.2526248902881652	96.53565514258989	283.813509718651	0.0	303.4916581002642	303.46380115828646	223	0.7692858665045761
GCA_012270965.1	GCA_009840115.1	92.05074696191164	0.11164150656012457	91.4255213021902	6.507164100443355	30.367856740560455	3791.008626319005	3806.1925546892853	3466	0.41434350428689
GCF_000346485.2	GCF_009725235.1	93.00170625366495	0.11145240613315707	92.46622732481494	5.790606713812224	29.410071920724477	3555.919532313194	3570.624568273556	2953	0.49625247704222764
GCF_011090385.1	GCF_011250515.1	89.68960232942027	0.1885540748003784	85.5940707623937	2.2392125528322575	94.0575450316037	1658.4473040663042	1705.476076582106	1954	0.29121099502946135
GCF_000172155.1	GCA_000739635.1	92.44774852461187	0.06250813049608443	91.58686896111935	4.604494093647612	161.7165009490236	11609.72778509838	11690.586035572891	10320	0.44445264247558075
GCF_018860505.1	GCF_018860665.1	93.60174066934697	0.0801627732384351	92.86683344903234	3.930162088288068	93.77590253366725	6073.380210786326	6120.268162053159	4937	0.5284616862487513
GCA_903840235.1	GCA_903859115.1	93.76056082213935	0.7925694710898425	93.3284945002718	5.088848640517972	0.5777277778128393	64.29916295089025	64.58802683979667	49	0.5524566507697052
GCA_013140455.1	GCA_002083555.1	91.5412874077683	0.10880839359809359	90.4508555662524	4.740769527530555	60.86939136966612	4119.215179200946	4149.649874885779	3989	0.37891953693833924
GCA_009838385.1	GCA_009841435.1	96.01718981817302	0.08203216971423222	95.77681474229813	4.604494093647612	20.688601985492824	3442.71477167053	3453.0590726632763	2554	0.7208059333863175
GCA_012964825.1	GCA_004124465.1	92.38514478002277	0.33043285064759537	92.31954199124084	22.433472447329432	0.29957041907471194	438.51301325197807	438.6627984615154	380	0.4569927090299706
GCA_004524385.1	GCA_004524535.1	97.44572043880325	0.20803758599986333	97.22961145346831	1.8563375063170813	4.3962057387650475	299.54951715532945	301.747620024712	246	0.8377675244200063
GCA_016297695.1	GCA_902795845.1								0	
GCA_007133845.1	GCA_003563585.1	94.74900145053554	1.6851757696566223	94.8577646966142	283.813509718651	0.0	11.288264861675561	11.281977824377677	7	0.6386388925288721
GCA_012522935.1	GCA_012519465.1	96.70607802917797	0.1099585276451976	96.72788796055116	283.813509718651	0.0	1468.811671052549	1468.808874289162	1107	0.7794948219686166
GCA_017534705.1	GCA_017509605.1	93.66067339698431	0.19737108408065698	91.2208341904111	1.4336656099977856	76.3040868495923	1021.8867413375244	1060.0387847623206	852	0.5376658628568983
GCF_002139915.1	GCF_002139875.1	92.49235876455501	0.2857791544030499	87.70602728491528	1.1072324263749704	70.14240596660238	575.3972712692595	610.4684742525607	534	0.46510840842944046
GCA_016783065.1	GCA_013203065.1	96.80824167530993	0.1368080379206743	96.83159388920605	283.813509718651	0.0	907.7429173906008	907.6866958266886	694	0.7880139280687242
GCA_002694095.1	GCA_002728915.1	96.84346556279607	0.08443479741664181	96.11248343619378	1.2599210498948734	101.0730278575902	2448.923101525526	2499.459615454321	1913	0.7864531498062519
GCA_002313895.1	GCA_002710885.1	96.24181016462806	0.0833648447939657	95.09396652555073	1.2237040841184101	173.77500429940028	3225.350603088202	3312.2381052379023	2545	0.7397097440293798
GCA_001919865.1	GCA_001917665.1	88.9233546030474	0.20829028607856495	89.1295118924381	283.813509718651	0.0	1284.1954620776078	1284.133863134693	1712	0.22789038813255075
GCF_004005475.1	GCA_011524565.1	86.17280164112815	0.18609782171555314	81.80342678611964	3.8171879095811088	57.31205519779178	1961.3312248504303	1989.9872524493262	3640	0.14793742709532698
GCA_902624455.1	GCA_902527075.1	92.90279469329302	0.3660191017976364	91.9547895686205	3.453869514621738	6.636592281775393	348.5363081682805	351.8546043091682	292	0.5014398758213544
GCF_000009905.1	GCA_003242675.1	91.50794538878745	0.1567782166311584	90.55314292117342	5.239459118530733	25.04353207677832	2013.334538350834	2025.8563043892232	1949	0.3785562370346465
GCA_902794055.1	GCA_017523925.1	93.66202773923136	0.1590336969811537	92.25052437409529	2.3054846895723897	58.42169486628973	1554.0656248046353	1583.2764722377801	1280	0.5358884567586264
GCA_902761585.1	GCF_009696445.1	96.06093964267536	0.07567409522919101	95.12186984239054	1.4336656099977856	179.01334296644563	4150.914369103963	4240.421040587185	3173	0.7269542247867948
GCA_018396815.1	GCA_018396775.1	88.64968121071006	0.4019091483457312	88.3836867516917	18.063054805465843	0.6017720079254332	415.90955624068255	416.21044224464526	499	0.2624743436220189
GCA_002501205.1	GCF_014524565.1	93.05752756804402	0.10191355810680743	92.0901947056746	3.60088867393635	79.53346979313756	4208.717368843923	4248.484103740492	3539	0.4991417756638784
GCA_900542625.1	GCA_900545035.1	92.90812462864818	0.6443521051032972	93.01694108220289	283.813509718651	0.0	114.43550794045078	114.41289387013296	91	0.5150428972841733
GCF_014322795.1	GCF_013820765.1	95.77052758776402	0.08257233254057249	95.04251727526643	2.026085211465097	104.7377445244947	3804.9881458278865	3857.357018090134	2891	0.7064171980102872
GCA_902505605.1	GCA_005223145.1	91.67114562190115	0.2504110126085867	91.80604539471595	283.813509718651	0.0	815.7607499363119	815.7044596180434	738	0.40910260351368094
GCA_903855135.1	GCA_000991205.1								0	
GCA_001508935.1	GCF_016125955.1	92.74991536937	0.15006875778622078	92.70946897151597	24.793287480417487	1.133520190645413	1976.1118118127422	1976.678571908065	1650	0.47271609796504077
GCF_000429565.1	GCF_903968575.1	94.3451345628143	0.1204465965744539	93.97593023871443	5.554184483614372	17.062323087536242	2438.7595163159826	2447.2906778597508	1885	0.5944964794745153
GCA_016794005.1	GCA_016794025.1	89.73371723300727	0.22267504483938272	89.6268009614608	27.060441830611946	0.7683850721882663	1075.0915585601963	1075.4757510962904	1294	0.2669761874730781
GCF_001748285.1	GCF_003268475.1	90.72952119931045	0.08553121962137117	89.15307357599796	4.218724383004947	138.52236268953675	6925.00861395631	6994.269795301078	7440	0.32364499215693004
GCF_015206885.1	GCF_000010625.1	96.76667934571968	0.09960497887563466	96.38045008591777	2.3054846895723897	25.500538121055342	1823.5852970972257	1836.3355661577534	1404	0.783572498922456
GCF_000702545.1	GCA_017635515.1	92.52525680295567	0.16275283981127509	91.55514682745999	4.046479871071336	28.55583302242303	1729.4554634718077	1743.7333799830192	1507	0.4550669669725835
GCA_018896525.1	GCA_018894655.1	93.9198411045806	0.46789040560961837	91.90069488718537	1.5197834558110268	11.437583604564452	178.64530921664027	184.3641010189225	144	0.5565312071612106
GCA_003220935.1	GCA_001917665.1	94.00896257178823	0.08766144492006499	93.60219059950818	5.790606713812224	34.46602237134539	4719.489743460536	4736.722754646209	3748	0.5566427549667703
GCA_903907915.1	GCA_002479785.1	93.94222571049067	1.1184513386251667	93.21647999314129	3.8171879095811088	0.5176243061186412	31.05991632649685	31.31872847955617	25	0.5680096420596172
GCF_002742685.1	GCF_900111795.1	90.07691306024395	0.20000445738026915	88.56087569631181	4.740769527530555	22.88712831728799	1393.8407893472083	1405.2843535058523	1556	0.29964458208548667
GCA_009665115.1	GCA_002501855.1	97.4155471175258	0.11104990858879042	97.35423133239559	7.404509504937814	1.210613017641208	1041.557614440513	1042.1629209493335	849	0.8329030697951922
GCF_000165485.1	GCF_900109545.1	91.3126095412807	0.0667424116575549	89.43655232884792	3.1645004295160937	341.6967379733687	11307.437244928657	11478.285613915341	11340	0.3678994759226306
GCF_018917235.1	GCF_000498755.1	89.0783258734216	0.35009763453103526	88.55619793933074	11.564949675432423	1.7111561307126522	530.2037714840125	531.0593495493688	615	0.2784181058802888
GCA_003151115.1	GCA_013036095.1	87.4975438988344	0.1551459677495802	86.07301990655505	8.42559987152911	17.71968791717609	2426.968562258529	2435.828406217117	4065	0.1663040401670991
GCF_009914765.1	GCF_900129975.1	87.55105810119399	0.17560955658153377	84.06685884264971	3.8171879095811088	57.22284094992119	2038.5395837751644	2067.151004250125	3202	0.1871364901019502
GCF_003316765.1	GCF_008180615.1	89.96365593399524	0.13920909534783363	86.27199214130255	2.3054846895723897	162.28956418417602	3029.0571394172807	3110.2019215093687	3427	0.3097793007115317
GCA_003566875.1	GCA_007695285.1	95.27288258276445	0.10707429205573528	95.31711170136474	283.813509718651	0.0	2441.54423978226	2441.451866800709	1817	0.6614081675888438
GCA_017538635.1	GCA_017554565.1	96.21125330193951	0.2884162818471069	95.39098842146826	1.4760966347905067	10.437407586991867	279.0133894110745	284.23209320457045	210	0.744798210107252
GCA_017114995.1	GCF_002949735.1	92.99179204110213	0.18712960434453563	92.11002891438474	3.930162088288068	20.259844096078723	1252.2327268327276	1262.362648880767	1050	0.4930533844159491
GCA_016234205.1	GCA_003489165.1	93.33179168470244	0.9960667887992625	93.43841116488213	283.813509718651	0.0	41.29355092029287	41.28220442727759	32	0.5209749254308911
GCA_902774245.1	GCA_902762495.1	94.30229222642214	0.08222785876400389	93.22025230857886	2.3737182283699307	158.39009890861234	5321.044327316879	5400.239376771186	4196	0.5843029422348351
GCF_000196895.1	GCF_001593955.1	88.62757948509524	0.16840778859448213	85.1023107608929	3.2581575523800375	73.57737926755635	2057.7199796959057	2094.508669329684	2879	0.21955088008077728
GCF_009695905.1	GCA_016775335.1	94.76234760168029	0.10183078501823468	94.35677223125519	4.604494093647612	26.579625685861174	3175.3729773751884	3188.662790218119	2416	0.6236706310019129
GCA_013100805.1	GCA_010202845.1	94.27502664089265	0.16449210817633905	91.09763867248584	1.0144672443485387	150.1974435192824	1298.6559640576402	1373.7546858172814	1088	0.5813329682452023
GCA_002067165.1	GCA_002067475.1	90.20823938455133	0.40463453408644007	90.0120214436566	18.59765221851545	0.46040053432273	345.2478902746905	345.4780905418519	368	0.3144563880547679
GCF_000011205.1	GCF_009729055.1	96.3192487326852	0.1141178940475843	95.34361729627446	1.2237040841184101	77.24257068484485	1773.3662463959477	1811.98753173837	1401	0.7591840636794259
GCA_016839265.1	GCA_001940665.1	85.39517218555353	0.5129678366957013	85.71157512944272	283.813509718651	0.0	273.3178359560923	273.29473027454225	530	0.13482073732442937
GCA_005877855.1	GCA_005877505.1	93.01663771634777	0.2859013685055947	93.11360249622999	283.813509718651	0.0	512.7716437154511	512.7609359824437	425	0.48479827245423124
GCA_005881295.1	GCA_001919995.1	99.21693028393929	0.04002151280195594	99.12945806826293	0.6050898743442723	28.00029355844572	1151.6734407422025	1165.6735875214254	1677	0.9523609201460435
GCF_018390575.1	GCF_000348905.1	90.69958322209682	0.11284278195207607	87.57122238580031	2.3737182283699307	209.8187447019227	4179.365745117767	4284.275117468728	4483	0.33329938626562516
GCA_007134025.1	GCA_003561875.1	92.54407590066697	0.18835052051975484	88.74271487415803	1.3524275931754157	116.99134764091423	1250.436725308734	1308.932399129191	1147	0.44811179647612603
GCA_002718395.1	GCA_002710905.1	89.48255713777816	0.878569702948645	86.93117585310925	3.354586568267391	2.5173880512479627	79.08568093860644	80.34437496423043	91	0.28258847275315446
GCA_001796355.1	GCA_004347695.1	93.08482313761417	0.1025443831646877	92.50171214471987	5.394527091291249	37.11521051766067	3970.7497290027095	3989.30733426154	3320	0.48780742800955
GCA_011375535.1	GCA_011373125.1	93.30809619599937	1.3867315841099164	93.3866336440992	218.28845288859014	0.00011305864768473839	21.820641790075356	21.8206983193992	18	0.5160822377705654
GCF_001891085.1	GCF_002913945.1	95.21332724752305	0.10544946882122387	94.39063657593971	2.147788691431886	75.06179728463758	2768.7616013684365	2806.2925000107552	2127	0.6713617447296811
GCF_002201795.1	GCF_004345615.1	91.8952650464808	0.11543953161118016	89.69751441594913	2.3737182283699307	164.06353680479333	3775.0687060488594	3857.100474451256	3534	0.42104576877318245
GCA_015256915.2	GCA_013333405.2	91.24610476328382	0.9904904085078831	91.40308780546643	283.813509718651	0.0	55.40469447761737	55.402135099997	50	0.3837994625853989
GCA_002238605.1	GCA_009843625.1	92.73642615255699	0.12676502582096633	92.26199401819474	6.98493630493306	17.562044400201557	2696.190835792197	2704.971857992298	2329	0.4602404830180686
GCA_001788415.1	GCA_016177555.1	94.54609718668532	0.24429536343287492	94.4543534450646	13.159769520801284	0.7374750445137579	557.4467271139279	557.8154646361847	421	0.6043235718439969
GCA_900544635.1	GCA_018716365.1	95.44661872371336	0.11534749561636386	95.11452559672638	4.472135954999578	16.50447844831433	2049.06910029269	2057.3213395168473	1535	0.6759019261008463
GCA_016201685.1	GCA_016178535.1	93.44131169337493	0.2618725951279535	91.86876618034194	2.2392125528322575	23.870068359103925	585.8658578883785	597.8008920679305	494	0.5159120006121096
GCA_009649835.1	GCA_013330355.1	94.93609219485792	0.3350496725622962	94.99805444091416	283.813509718651	0.0	272.4662291690472	272.4317200539573	196	0.6399086292998496
GCF_009831625.1	GCA_003020945.1	89.18974513832156	0.2184131879579314	87.25031106988945	4.740769527530555	21.277355476403955	1210.0587022543439	1220.6973799925458	1547	0.2477766991089485
GCF_002257705.1	GCA_017889675.1	91.91813864167037	0.4047055946615989	89.57571389125204	2.2392125528322575	14.610042139293569	302.846829585778	310.15185065542477	283	0.4192347719244823
GCA_011042305.1	GCA_002327445.1	91.14179693624928	0.24170179163883262	91.11070059056347	30.792107844480416	0.420487572170714	852.1364542584593	852.3466980445446	852	0.35421486140701114
GCF_001950325.1	GCF_001950255.1	89.41269608848168	0.3911417029263086	86.1505178076964	2.780997657853321	16.52465471601863	402.30091218688176	410.5632395448911	477	0.28705079233774944
GCA_002730975.1	GCA_018695085.1	94.90967288563323	0.1894152134904616	94.78591152058767	10.596025142323878	1.4995991390092058	887.2060943758738	887.9558939453784	660	0.6394313374010568
GCA_002421585.1	GCA_002419135.1	93.60780399243353	0.39311886499632426	93.69752878298438	283.813509718651	0.0	251.44415020986114	251.41606940209877	194	0.5341063916701452
GCA_005877565.1	GCA_005877505.1	93.6609729689801	0.2033291692833289	93.71988033082084	85.47495083653534	0.03776540192529865	933.8174266357956	933.8363093367583	732	0.5331428045916077
GCF_010882125.1	GCF_003073175.1	88.74165701472026	0.2450240786656619	85.43405879815208	3.0735355204331385	38.15536826574635	1063.590261538792	1082.6679456716652	1357	0.2530292569329174
GCA_009837815.1	GCA_012270885.1	91.6979540261766	0.28041374758685167	91.8398750594414	283.813509718651	0.0	624.6084963038498	624.4974123198723	566	0.39535949833484046
GCA_002296525.1	GCA_002448715.1	87.3827143894371	0.2589547754710674	87.63169904989252	283.813509718651	0.0	912.8719560059809	912.8046226888853	1478	0.17341503184323925
GCF_003574965.1	GCF_001483135.1	91.03033939050539	0.08295779955389605	88.41847325631504	2.6234136766681906	304.47582038105793	7227.091455282052	7379.329365472581	7592	0.3425730531510491
GCA_011605825.1	GCA_011372955.1	87.99447535035016	1.363665450881924	83.79466954421544	2.8633045638333394	1.6856402383850622	36.00416548532671	36.84698560451924	49	0.22105075665210427
GCF_006715515.1	GCF_014648255.1	91.63406316259837	0.07431231392488803	89.30477369586339	2.5163034302254443	370.5190297301233	8590.546702854623	8775.806217719684	8531	0.3804796102052794
GCA_017938145.1	GCA_017622795.1	91.98907250733303	0.23408375599605233	90.47780995784677	3.1645004295160937	24.29437832854478	908.101314017959	920.2485031822314	830	0.4262548443670624
GCF_000018605.1	GCF_002895525.1	91.98636804396287	0.1958028407563488	89.52939585503441	2.026085211465097	71.09065035612502	1372.4567167569394	1408.002041935002	1249	0.4435737411825793
GCA_004297665.1	GCA_003569705.1	94.97996041354422	1.196907875307381	95.06395439209595	283.813509718651	0.0	21.169798617503865	21.16287853764699	14	0.6503393411930948
GCA_003170375.1	GCA_003166375.1	93.18789345516349	0.1344844679122791	93.21503458252518	43.51602905062116	0.4054036950974478	2231.11808281105	2231.3207846585988	1829	0.49254802264071607
GCA_009773155.1	GCA_019135865.1	90.321261435048	0.19032281242250074	89.32133619890561	6.507164100443355	14.67208649535769	1510.7975126589567	1518.1335559066356	1640	0.31322560603894567
GCF_014202595.1	GCF_001696685.1	88.72031392612669	0.6615234790874491	84.40107036347807	2.5163034302254443	7.72345419413449	145.70710034757764	149.56882744464488	187	0.254402721088545
GCF_004323735.1	GCF_000826685.1	89.29413808640987	0.1108109917056607	86.92590070269902	4.046479871071336	102.16381165246821	4458.601894661507	4509.683800487741	5795	0.2432875425824988
GCA_003552765.1	GCA_007118235.1	95.2705264239951	0.2923562991745514	95.32578236444961	283.813509718651	0.0	328.39643168868787	328.35795556301065	235	0.6634887492220544
GCF_009729545.1	GCA_003086435.1	95.34289361508564	0.22280748091891117	95.37340504300857	109.29771562513035	0.00815677036894158	601.4654641880173	601.4695425732018	449	0.687010143696248
GCA_002256485.1	GCA_002436185.1	91.18591609283979	0.3875019339942402	90.34374459305252	5.961986549755308	3.521298110157886	355.0908624398732	356.85151149495215	345	0.3738474587492887
GCA_903916245.1	GCA_017853435.1	95.28964401334873	0.08399887146033735	94.37364560919849	1.9678445314082378	138.433726691208	4104.739126323467	4173.955989669071	3122	0.6623545735719936
GCA_902802585.1	GCA_902762495.1	93.28023372857321	0.10445142012607915	92.76875363283143	5.790606713812224	30.066188165946187	3806.768086372058	3821.801180455031	3133	0.5048831897562331
GCA_003151665.1	GCA_003139695.1	96.48459934080788	0.05549969697546558	96.01614400279524	2.3054846895723897	112.43534735076173	6457.6002080807175	6513.817881756098	4940	0.7582902821769594
GCA_016930215.1	GCA_011367485.1	91.03861152468448	0.15815180306124357	90.51171497141696	9.311903019037887	9.300945228720138	2000.2704402943489	2004.920912908709	2053	0.3439817200255874
GCA_003157315.1	GCA_003153015.1	92.9140146702448	0.15486818350006437	92.791048952543	15.874010519681997	2.336418438830151	1760.7445043073667	1761.9127135267818	1476	0.4744899720640478
GCA_014523525.1	GCA_014523495.1								0	
GCA_009995705.1	GCA_007095845.1	97.03651289387743	0.1038270868947824	96.993439167665	12.259636460162035	0.8145002968626613	1439.7057425306728	1440.112992679104	1121	0.8039882544882613
GCA_014382245.1	GCA_002311335.1	95.12240052795487	0.07930832054015716	94.81851170337082	5.394527091291249	29.875281032558632	4644.241582947863	4659.1792234641425	3507	0.6475049484344763
GCA_012959275.1	GCA_014240385.1	92.87415488146321	0.18688256385027602	92.6123297806312	9.871253137244736	4.1090231100679375	1279.788501458608	1281.843013013642	1065	0.4855572020842043
GCF_015690345.1	GCF_016862935.1	91.48232630622019	0.12237917442747817	90.39602799959027	4.800491321641131	47.022400924543945	3275.2783014803103	3298.7895019425823	3204	0.3745179282773722
GCA_007693325.1	GCA_007123465.1	95.49474761194277	0.07534000716411017	95.42097169553134	13.159769520801284	4.7120335662039	4669.067166501474	4671.423183284576	3455	0.6781590620042967
GCF_003626975.1	GCF_002355475.1	88.74520528706915	0.09243110675056468	86.48497527267448	4.604494093647612	126.74960556660153	6657.145297220042	6720.520100003343	9223	0.22147299790139632
GCF_002198655.1	GCA_016213575.1	96.63239714837158	0.040717076911904	96.3743264874278	3.4973795993957757	86.87063223186124	11150.663944937158	11194.099261053088	8484	0.7692604405309628
GCA_002299965.1	GCA_003650285.1	93.62459795716784	0.24820137472492906	93.70996255268348	283.813509718651	0.0	663.6054757751593	663.5434176634009	516	0.5529280419152995
GCF_011682075.1	GCF_000226255.1	94.70744527386975	0.08395423740322794	93.92240022580884	2.7010566988485465	106.57110655433098	4652.089351492284	4705.374904769449	3592	0.6157253025885148
GCA_011369655.1	GCA_018396815.1	88.67630113083422	0.41303783529151067	88.89505402178764	283.813509718651	0.0	388.8908870320904	388.8891375590239	470	0.2643001488221468
GCF_009708215.1	GCF_902703175.1	95.45121866494841	0.04608076170650827	94.7394139743429	2.3737182283699307	318.15788930344934	12943.555001375189	13102.633946026914	9924	0.6732115898994657
GCF_002355635.1	GCF_900107205.1	93.25298031849955	0.1056651146429946	90.80239277726592	1.631369744526313	245.57630398803212	3696.628702808725	3819.416854802741	3239	0.5002672856378884
GCA_003566995.1	GCA_007125915.1	93.74091943618232	0.44430158632210814	92.72208368387258	2.948047439780061	4.57035392708292	198.41868672913395	200.7038636926754	162	0.5429191269889795
GCA_012517875.1	GCA_017996395.1	94.38354697404708	0.09108720807531195	93.88998313383985	4.472135954999578	43.63645548751629	4223.251395598402	4245.06962334216	3276	0.5903733666259231
GCF_003426945.1	GCA_002355995.1	90.3513751216723	0.46772395813117223	90.22885078926896	21.162289823326095	0.2639056025784612	268.04840219675776	268.180354998047	272	0.33267609433008855
GCA_016716705.1	GCA_016714815.1	92.05940086797396	0.10902862524865407	88.98705984110444	1.7805458881095184	268.41294215390917	4011.776206326019	4145.982677402973	3823	0.4203658960950072
GCF_008728855.1	GCF_008728835.1	88.80547071910246	0.08207329270215324	85.56522231965121	3.453869514621738	274.0886496150706	8285.397792617341	8422.442117424876	11565	0.22108255762026877
GCF_000755145.1	GCF_000413095.1	93.57628715392306	0.15172543992890045	92.1673912670386	2.2392125528322575	66.93127177218503	1838.2583539572188	1871.7239898433113	1497	0.5471435295289628
GCA_002691365.1	GCA_002707905.1	91.26891664479861	1.1304312023800804	89.2082212085242	2.6234136766681906	1.6176787350191262	46.22278187933798	47.03162124684754	43	0.4079713681149124
GCA_003022745.1	GCA_018609945.1	93.30917248876018	0.4646151732270772	93.40453679167325	283.813509718651	0.0	185.40640021644924	185.384368969225	149	0.5045319558871116
GCA_013361705.1	GCF_008000815.1	93.11473564990645	0.06673348674987133	92.718200114763	7.1916637338839795	53.30184283271592	9340.975842986003	9367.626764402361	7783	0.4909697757883783
GCA_900554395.1	GCA_003150755.1	91.5240883773367	0.39494256456844995	91.33496652227603	15.417705344231111	0.5480821456599188	322.0905685062497	322.3646095790797	298	0.3860142350420599
GCA_002402905.1	GCF_001293685.1	95.63089546319172	0.05949998024701694	95.05584832070865	2.6234136766681906	137.9745320113543	7423.791104897175	7492.778370902852	5591	0.6902135943490076
GCF_000213785.1	GCF_000020785.1	95.67487500970788	0.11980856305391513	95.01805215843926	2.147788691431886	43.97049474210826	1968.1479664639035	1990.1332138349576	1501	0.7144338957309883
GCF_000259275.1	GCF_900461455.1	91.8227690320225	1.412993321944129	91.9699645889797	283.813509718651	0.0	25.24151875071221	25.23284135863881	22	0.4270463316921337
GCA_002712125.1	GCA_002708145.1								0	
GCA_900766395.1	GCA_900552105.1	95.7115222895583	0.1935472324899266	94.76789421751111	1.5647632398299687	28.014764737681617	715.8402078427409	729.8475902115817	545	0.7052089004270135
GCA_009694745.1	GCA_016716905.1	92.0155979077674	0.11063830908360062	91.60400051937825	9.044228411186559	16.26461728612867	3752.8503439718033	3760.9826526148677	3460	0.40653764749397464
GCA_004292745.1	GCA_004294385.1	95.11259630318035	0.22791402094355545	93.99760792686168	1.7805458881095184	23.69529538053507	584.7878326859698	596.6354803762373	450	0.651359382638533
GCA_018302605.1	GCA_016203205.1	91.35655345625428	0.4340306125730493	89.93029991583619	3.930162088288068	5.789029343353604	273.7128660316327	276.6073807033095	268	0.38213581614908954
GCA_007050885.1	GCA_001775955.1	94.17173525920886	0.2517733507043856	94.24267594956224	283.813509718651	0.0	590.9876224345015	590.9422770879744	447	0.5919885318579858
GCA_905212395.1	GCA_002405165.1	96.50159329280301	0.16816207297997843	96.5261104588364	283.813509718651	0.0	700.7461668081854	700.7348837015522	532	0.7685417407866544
GCF_000504305.1	GCF_011682075.1	95.53441882448736	0.06730758991440683	94.9173633372256	2.5480025361421035	121.06078720145524	5995.157701855615	6055.688095456343	4536	0.6828365639180091
GCF_004343255.1	GCF_003003125.1	96.10079103901484	0.06897722469259383	95.77282178456107	3.60088867393635	43.50442879485672	4838.717860023484	4860.470074420912	3648	0.7311708728491465
GCA_009936695.1	GCA_002683215.1	92.75056938206293	0.20711256514596954	92.85901769508149	283.813509718651	0.0	996.1824962393829	996.0907994339848	839	0.4619597361315254
GCA_012839485.1	GCA_012838635.1	92.02981379882938	0.7576948707445865	92.15785426030001	283.813509718651	0.0	92.07890448809496	92.07416611143253	78	0.45269209912176234
GCF_000067165.1	GCF_004135735.1	91.09673851895589	0.06883877639399724	89.05900033639817	3.1645004295160937	329.2025250828301	10508.094865105455	10672.69612764687	10924	0.3470723870775927
GCA_003142375.1	GCA_002311135.1	89.93320641909597	0.19587897255514344	88.54438910338574	5.394527091291249	19.845987930345018	1429.8952028601686	1439.8181968253411	1653	0.28674370627693213
GCF_001999985.1	GCF_900198365.1	96.68801453950582	0.08317972668786804	95.78758480818999	1.188528190407663	123.4283486348786	2811.957037352559	2873.6712116699982	2237	0.7826976638391365
GCA_016872555.1	GCA_018970785.1	96.53164039773418	0.06014014192357118	95.84373233879049	1.631369744526313	173.0397988857767	5455.434472752912	5541.954372195801	4223	0.7612011687392404
GCA_017455665.1	GCA_902802585.1	93.76715961761178	0.09572936550651909	93.07656897929206	4.046479871071336	60.06154393966972	4247.482185847423	4277.512957817258	3416	0.5418260069511072
GCA_902373435.1	GCF_000411415.1	92.66645415798595	0.13813186725486098	92.14557443794587	6.507164100443355	16.517099056844927	2269.4106340279595	2277.669183556382	1972	0.45374071628167423
GCA_011390065.1	GCA_011389855.1	94.97990981002333	0.19469304107596783	94.05926122262616	2.147788691431886	24.938430808996372	834.8468788254996	847.3160942299978	636	0.6393512320054368
GCF_003781945.1	GCF_001261915.1	92.26576114370364	0.2569583230141667	90.63755064321346	2.8633045638333394	22.435180684390843	713.985574342923	725.2031646851184	651	0.43214334876765925
GCF_900129285.1	GCF_900142025.1	91.24331860832338	0.2873675982523132	87.6956262151713	1.9112780044394568	41.00429768511549	619.9584150626056	640.4605639051633	627	0.3665771734926158
GCF_015330165.1	GCF_015330125.1	87.13620309666445	0.22838023036676489	80.83675152305943	2.443971219232322	78.73955615499335	1275.5550218123033	1314.9247998898	2056	0.18360893905852954
GCA_017633835.1	GCA_017645255.1	91.72134099166036	1.3404328669333965	84.80048609644628	0.9730479906804452	4.18566025247933	28.770298271031844	30.86312839727151	29	0.42352015800349485
GCA_003220315.1	GCA_001914535.1	91.77361104766698	0.2011560942902247	91.82607927686404	53.152596538526915	0.17479841293788922	1173.2801311132669	1173.3675303197358	1092	0.39443614115861036
GCA_014116815.1	GCF_000815465.1	95.31887540026808	0.127626167505898	94.76754797207505	2.948047439780061	27.54088553735164	1845.9963773397224	1859.7668201083982	1403	0.680173883714624
GCA_002721445.1	GCA_002723415.1	90.07407483310469	0.3968063170664799	75.96783934947253	0.7834818807153342	80.10335324499374	370.2978271683244	410.34950379082125	439	0.3270062943976582
GCA_018373095.1	GCF_002015045.1	95.55960774106521	0.2118107379131182	95.43562502498487	8.42559987152911	1.3723793363365075	599.6121950672963	600.2983847354645	438	0.6910178768795272
GCA_012798455.1	GCA_012797815.1	90.13586897210304	0.23147604380380007	90.31229616264524	283.813509718651	0.0	1011.2768114214286	1011.2552677860433	1112	0.29883500986796635
GCA_017407125.1	GCA_017557195.1	94.1160545582235	0.13681428786992159	93.16893981673321	2.780997657853321	47.866009516556915	2005.9016093857308	2029.8346141440093	1585	0.5744132903499679
GCA_002387565.1	GCA_002386905.1	91.20446783281129	0.403915394738716	88.76573429904565	2.5163034302254443	13.927725904705653	324.9982793030603	331.96214225541314	323	0.3765598326381751
GCA_012735245.1	GCA_012728125.1								0	
GCF_001274945.1	GCF_002813185.1	89.14182512946846	0.2285461241531945	87.02440363863742	4.218724383004947	24.97965930318196	1165.2943554645217	1177.7841851161127	1431	0.2639967279561331
GCA_015488995.1	GCA_015485845.1	93.69969226607391	0.8407748903799293	93.82372901296675	283.813509718651	0.0	52.66478841413323	52.63014798318331	37	0.5447517414088363
GCF_000238995.1	GCF_000200735.1	86.42273527969445	0.5651283864453668	86.71887619982377	283.813509718651	0.0	228.64495690495414	228.629081726719	361	0.1750606902727945
GCF_000062885.1	GCF_018141105.1	96.06808798193784	0.03468542612276771	95.35454294495234	1.9112780044394568	553.4742396711226	19226.52603535635	19503.26315519191	14708	0.7238406969723737
GCA_018609665.1	GCA_003020965.1	94.60382154960794	0.191411665278148	94.23921929106042	5.394527091291249	6.390787249813684	908.8702047772416	912.0655984021485	700	0.6063309433403377
GCA_016192845.1	GCA_001767525.1	90.75448193094282	0.12065048787750834	89.84134150334806	6.507164100443355	32.14862157296011	3493.1725260762796	3509.2468368627597	3708	0.3251701440124554
GCA_018819285.1	GCA_003485765.1	94.00642627328052	0.21711078898998004	93.31678840549716	3.7074612216309677	12.066745715296747	834.840228872405	840.8736017300533	664	0.5800511435782134
GCA_015494815.1	GCA_013153375.1	93.33366071758248	0.5121354373270567	93.42701851803466	283.813509718651	0.0	152.16271844291697	152.14995046346124	122	0.5087660215707887
GCA_011057845.1	GCA_002347125.1	95.84945133027061	0.12212490273002549	95.72014970744593	8.183402424142383	3.5136383656572434	1625.856671462079	1627.6134906449076	1209	0.7082543309688706
GCA_003152325.1	GCA_003167255.1	93.44470061416608	0.09424779168638615	93.36486787193088	18.063054805465843	4.1437171589877835	4444.513255339249	4446.5851139187425	3583	0.514381434186012
GCF_000277545.1	GCF_011752815.1	95.73234693816131	0.053848200532055475	94.75439725418624	1.631369744526313	361.093871720037	8888.664387091256	9069.211322951274	6814	0.6989108782446107
GCF_001548435.1	GCF_001485215.1	89.69243312270164	0.30072242919844244	86.87258870926192	3.1645004295160937	21.18439919170237	617.0556610218254	627.6478606176765	742	0.2751503618881781
GCF_002159945.1	GCA_900544635.1	92.44070955702486	0.20302243104869155	92.55594420295198	283.813509718651	0.0	1069.2084919839506	1069.1304480231859	929	0.44165456641732254
GCF_005311025.1	GCF_003076515.1	91.60411986530266	0.08824499767517957	89.54519402207943	2.780997657853321	215.30396868620483	6161.048146932811	6268.700131275913	6056	0.3807067120220523
GCF_009720385.1	GCF_011297335.1	93.03964272222383	0.05264851982390665	91.08052761690942	2.086049593145407	723.6207625891802	15031.257834655442	15393.068215950032	13151	0.48165656680182484
GCA_012837705.1	GCF_013664685.1	87.96886527811442	0.5397306759038908	88.0065428407842	48.09355398685444	0.057168572832040354	217.7910089236549	217.81959321007093	305	0.20743461543338299
GCF_018139695.1	GCF_000504285.1	92.30752392944645	0.08797265064218293	90.32717471471355	2.443971219232322	237.08735485434954	5833.538710424675	5952.0823878518495	5379	0.42761579674034894
GCF_008040105.1	GCA_003454135.1	90.09310269307421	0.17862659407122847	90.14683212215436	53.152596538526915	0.2924432279123721	1637.7885968276707	1637.934818441627	1873	0.28549899061110273
GCA_012730095.1	GCA_001512485.1	92.44765185926664	0.6537039364076196	92.22354752193435	11.23251028437962	0.27061171984817634	112.32251142756769	112.45781728749178	94	0.46094784662537036
GCF_014201675.1	GCA_011330655.1	93.82225709832093	0.15283680455236404	92.18989902418315	1.9112780044394568	78.44345587136968	1639.1415841249282	1678.363312060613	1347	0.5471641113288598
GCF_904424705.1	GCF_001591825.1	89.51980894833605	0.20186195953003752	87.75334202847377	4.472135954999578	27.488418841078783	1504.6466729419512	1518.3908823624906	1733	0.2890645647591156
GCA_002690875.1	GCA_002689325.1	90.02240810458477	0.7828567586581967	90.19874546097962	283.813509718651	0.0	99.68884016349452	99.68792438882305	105	0.3312692356361829
GCA_900547155.1	GCA_900547585.1	93.75653701512373	0.13540762533130474	93.42844084352363	7.1916637338839795	10.295834723296139	2132.5329413551676	2137.6808587168157	1700	0.5486662045973651
GCA_903845215.1	GCA_903873585.1	89.58258329898325	0.15168567581223957	88.00745687071431	5.239459118530733	36.18396798456888	2408.749393977472	2426.8413779697566	2915	0.2654200805674329
GCF_004421185.1	GCF_007475525.1	94.21476294938225	0.11049980803305749	94.08861648162483	12.259636460162035	4.775670064432234	3107.902390079746	3110.290225111962	2393	0.597851002727632
GCA_002328825.1	GCA_002726235.1	89.39005062378074	0.47080154404792196	85.42919926715885	2.5163034302254443	13.90315751919502	263.2799151253183	270.23149388491584	323	0.26660677413645
GCA_019218415.1	GCA_019218375.1	95.05114760850107	0.08402764399009284	93.92207081082458	1.8563375063170813	170.35689281351733	4303.196626504445	4388.3750729112035	3357	0.6421129466897088
GCA_900754115.1	GCA_000433015.1	90.3102811339743	0.8028292340405094	89.97968635772602	13.159769520801284	0.24050775291118498	93.0622317016924	93.18248557814799	94	0.3367197639153111
GCF_014647155.1	GCF_017874335.1	91.96922322383976	0.17364154335682816	90.26922589385731	2.948047439780061	47.31348902035597	1585.8485764235259	1609.5053209337038	1491	0.4101328827417742
GCA_003170375.1	GCA_003139355.1	90.96590309247267	0.23640531848435026	91.12071826795217	283.813509718651	0.0	891.1600110232996	891.1207087248922	904	0.3384479508651021
GCA_012271015.1	GCA_007571305.1	92.37611431434357	0.1447736074411219	92.48853310129518	283.813509718651	0.0	2183.761743943847	2183.749314842852	1902	0.4433155524632953
GCF_000341185.1	GCF_000341245.1	93.20318769543066	0.09160350614523884	91.69552363667249	2.443971219232322	175.42242066909603	4906.201364650527	4993.912574985075	4202	0.49529442619364833
GCF_000021385.1	GCF_000226255.1	93.31048936507956	0.07227989253479926	91.23157327941153	1.8332432438918538	444.74821090429214	7791.577032570572	8013.951138022718	6722	0.504616901931988
GCA_018896985.1	GCA_016195565.1	95.03306133221396	0.3266428984726161	95.08392339694346	283.813509718651	0.0	286.4487195240118	286.42791835853325	213	0.6536760214538615
GCF_013116825.1	GCF_010894405.1	91.00164287093796	0.1139437011937604	89.32933190600646	3.7074612216309677	94.59978409042833	3975.1997828907633	4022.4996749359775	4100	0.3488749225310795
GCF_003269275.1	GCA_900544795.1	88.00015396355904	0.4862580550997517	80.20072012621964	1.9112780044394568	21.212425035097624	251.5728300580146	262.1790425755634	392	0.1985555079774419
GCF_004078655.1	GCF_003990045.1	87.16869722455944	0.16021239858256112	84.99524821156307	6.320112904221773	27.93012375901708	2310.981036295735	2324.9460981752436	4105	0.15579878596031063
GCA_004554425.1	GCA_900772775.1	91.38738283736667	0.2533300425256823	90.64655232358811	6.320112904221773	6.809561157703001	811.9147293370614	815.3195099159129	767	0.3866308602444696
GCA_017552515.1	GCA_017417085.1	96.26536319337536	0.14731495720840404	96.29696793875478	283.813509718651	0.0	954.5887630238162	954.5366532403563	698	0.7423007480477887
GCA_012727675.1	GCA_012735435.1	91.5772216302551	0.27141295604927396	91.71590168658187	283.813509718651	0.0	675.7246290571521	675.6833621082	625	0.3930692258282691
GCA_003554025.1	GCA_003552925.1	91.43291689536596	0.2514597767425361	73.14643455520773	0.5543947619190804	243.41339585560127	751.696423871839	873.4031217996396	854	0.3848798354400652
GCA_013139985.1	GCA_009903405.1	96.66024521122456	0.16080911523010344	96.49315748270688	4.94256752467296	2.779809542964813	721.5051930851723	722.8950978566547	550	0.7762669424425676
GCF_009909145.1	GCF_017309135.1	92.97731909793825	0.05922345961929057	91.11558480093568	2.147788691431886	541.0002047855342	12266.54867381607	12537.048776208838	10725	0.48281153904070667
GCA_012523915.1	GCA_012735285.1	95.06896812787589	0.6997576076546216	95.14269818781275	283.813509718651	0.0	61.74393429040614	61.72730774680221	42	0.661243775543287
GCF_000735345.1	GCF_006438725.1	87.35668579866795	0.21637301588175784	77.71706541300901	1.8332432438918538	112.88232748808605	1261.92330596407	1318.3644697081131	2215	0.16534833101649138
GCA_009618475.1	GCA_016782355.1	98.02383187301238	0.20568977320556733	97.98973714668607	6.507164100443355	0.23085117914683906	196.64598205696691	196.76140764654033	177	0.8749103098376224
GCA_009665115.1	GCA_003176995.1	96.51481003059756	0.12259567520502238	96.5202045756536	45.36835438620442	0.07280680034591569	1302.299360407112	1302.335763807285	986	0.766472845366105
GCF_001707835.1	GCF_007752345.1	93.68072668718432	0.06104172193655963	92.87039982637563	3.60088867393635	180.11492495175844	10414.969339310957	10505.026801786837	8449	0.5346169429181022
GCA_012728915.1	GCA_013177795.1	89.67435626940443	0.16014192372554428	88.21108737921334	5.394527091291249	30.442926670970337	2188.636323251595	2203.85778658708	2613	0.2741151320502248
GCA_900696625.1	GCA_013112725.1	96.1266230945639	0.08276022440874292	94.62385103767944	0.9730479906804452	265.27078330507265	3366.652449943408	3499.2878415959444	2623	0.7300225915200345
GCA_011620345.1	GCA_002347965.1	94.54662989798146	0.1017741557241696	94.21730536585493	5.790606713812224	19.913467126239084	3364.9766228806448	3374.9333564437643	2560	0.6146544418380826
GCA_017610275.1	GCA_018819345.1	94.65437046633726	1.133281601413304	93.41841521533479	1.7805458881095184	1.193473066958724	28.95233317544935	29.549069708928712	22	0.6407170431859504
GCA_016177555.1	GCA_001788395.1	98.00911967593112	0.0649299165027669	97.8675275189783	2.443971219232322	12.950950634943183	2031.723570245243	2038.1990455627147	1802	0.8730106256939444
GCA_012840175.1	GCA_001507955.1	92.53018345896955	0.6097066635080088	91.62808696252644	4.046479871071336	1.9673462967666637	130.7426356318469	131.72630878023023	109	0.469462145717362
GCA_002687935.1	GCA_014189675.1	90.023669655488	0.47994693925459936	90.20884857994007	283.813509718651	0.0	264.4990025008036	264.4840324799337	273	0.3228554479464109
GCA_015233295.1	GCA_015233285.1	97.49895220650352	0.2086641492201433	96.99440573719214	0.8915249320833912	15.369135481443891	286.9069958250967	294.59156356581866	234	0.8379927380888054
GCA_003277985.1	GCA_902564695.1	88.36898936887798	0.5451533892112425	85.90034123868521	4.097455358559034	5.242912723757968	225.22061821593508	227.84207457781406	287	0.24270225498909312
GCF_003264935.1	GCA_012840175.1	90.38451498625764	0.3580105205449545	88.85755069208297	4.3435825072709076	8.45842008250986	453.48681546394647	457.7160255052014	474	0.3365956259840674
GCA_016844545.1	GCA_016208525.1	94.04898659232282	0.7677973747747308	94.14329885845902	283.813509718651	0.0	63.24727624814308	63.22684775244962	46	0.582428198398776
GCA_000513075.1	GCA_000513055.1	96.08609984684367	0.726363580265291	95.75280610813859	2.8633045638333394	0.5138995067344609	46.04746194486676	46.30441169823399	34	0.7423747123513339
GCF_003095655.1	GCF_000212355.1	94.51030591739989	0.09232086898357698	93.0380946761875	1.679652056380189	201.6631380532217	4270.275028865403	4371.106597892014	3399	0.6191955798742129
GCA_000702525.1	GCA_017392525.1	90.72723763258873	0.3331956475045528	83.42210121037371	1.1737419880949644	64.01281089885208	484.17792441973614	516.1843298691622	533	0.3451811889516088
GCA_018654605.1	GCA_002701865.2	88.25715260491344	0.43246130565169894	86.61946638087377	5.790606713812224	4.74424422078107	359.1348381455285	361.506960255919	465	0.2400947458952722
GCF_013389365.1	GCF_000373985.1	91.43334052122452	0.4054167751830453	91.58256822333752	283.813509718651	0.0	309.6127703090417	309.5632770954004	286	0.3855256858298363
GCA_009836625.1	GCA_009843505.1	94.46356866111907	0.06026895000410475	93.52291362618081	2.5480025361421035	248.583704730132	9451.395962514822	9575.687814879888	7424	0.5950554788244902
GCA_902797925.1	GCA_017614995.1	93.59283194850447	0.16168527142191963	93.66393571275768	145.70923537052184	0.021881280916659307	1529.7594529605167	1529.770393600975	1213	0.5405869650156333
GCA_018894445.1	GCA_013202875.1	97.56386596745034	0.24215058919072993	97.28916696315014	1.5647632398299687	3.7653633993244284	208.1732182015393	210.0558999012015	175	0.846661508602424
GCF_900215215.1	GCF_003722075.1	94.34851495899377	0.13216812127587887	94.01845322095176	6.138438574092371	11.538168193516867	2068.013463364376	2073.7825474611345	1598	0.5990485810213293
GCF_007994985.1	GCF_016908395.1	95.34643587708003	0.08366036949625234	94.43023815487139	1.9112780044394568	134.1656660015542	4362.92725694348	4430.010089944257	3364	0.6841643628781029
GCA_001828545.1	GCA_016209685.1	95.95774384598332	0.16843679615130883	95.90756893066765	13.54924842223387	0.6225392030278272	869.3100277440549	869.6212973455688	639	0.7269032160030493
GCF_002159915.1	GCF_002899695.1	94.50664385454624	0.08716250479354785	90.41625148917394	0.7834818807153342	671.3032269900395	4411.468242552315	4747.119856047335	3741	0.5976936402131794
GCA_904502055.1	GCA_017621015.1	94.53158818317111	0.2384904803173241	94.51485462563262	25.52707406805579	0.22283777059078602	589.0638541487447	589.1752730340401	447	0.6063866311910434
GCA_016872795.1	GCA_903928115.1	89.03663591793519	0.11913570705863266	87.06577006630047	4.94256752467296	66.51423521192737	3887.3895115366067	3920.6466291425704	5227	0.23112924921704084
GCA_011065175.1	GCA_011065045.1	93.51851853345818	2.3690491163841223	93.72479240402515	283.813509718651	0.0	7.176267954469722	7.165285978466272	4	0.547016131652521
GCA_018652335.1	GCA_002683775.1	96.36909662028563	0.252369210568628	96.30309215796805	10.464202462197873	0.31709948151114986	338.4748503826168	338.6334001233724	256	0.7609544850219832
GCA_005791875.1	GCA_009695395.1	94.93684866474446	0.17951109412577737	94.52960984584257	4.218724383004947	9.584959873994649	972.0325744105666	976.8250543475639	725	0.6359750149993884
GCF_000313565.1	GCA_001305055.1	93.73799968437658	0.09766871158759527	92.57812611193155	2.5907763983215895	124.39531141554835	4163.343974845654	4225.541630553428	3399	0.549563871114794
GCA_011620275.1	GCA_002418595.1	95.04892912403298	0.15676456039582537	94.85856088024627	7.6236546976459225	3.9647599239024203	1254.921637634447	1256.9040175963983	931	0.6489034402318267
GCA_002697225.1	GCA_002709695.1	89.67424309501254	0.2996676302232046	89.62279859815212	30.792107844480416	0.33891702628852727	642.862891987463	643.0323505006072	737	0.28404336510085076
GCF_002368155.1	GCF_014696315.1	94.23057018381607	0.08872509378105299	92.84999206643771	1.9678445314082378	194.70136578628444	4640.25183912224	4737.602522015382	3707	0.5850654297796457
GCF_000226295.1	GCF_018304765.1	96.05284889263729	0.058566736894364466	93.9406759012703	0.7834818807153342	758.5351432312418	6911.693184102093	7290.960755717714	5534	0.7246339877406537
GCA_001797465.1	GCA_016182655.1	89.74228689204014	0.18511527318522616	88.73623863664746	6.98493630493306	14.484151312166887	1695.1241575407448	1702.3662331968283	1936	0.2886960754355716
GCA_016188675.1	GCA_016235875.1	89.39353890149847	0.8372967962028552	89.59004048866828	283.813509718651	0.0	83.7187260977359	83.71324514745814	99	0.27533341973665915
GCF_001280565.1	GCF_900176145.1	90.31366919004348	0.14990944908511275	88.24626940297247	3.60088867393635	62.75969601731413	2407.2275990005924	2438.6074470092494	2670	0.3093034318905616
GCF_002573625.1	GCF_016724785.1	94.94135265526059	0.1918416021288995	94.421364631603	3.354586568267391	11.69667236538271	944.5650328278275	950.4133690105189	713	0.6626632330057125
GCF_000022265.1	GCA_001311985.1	96.24823803989744	0.05581293030381304	95.57191338547734	1.8875002400771668	190.2572384742416	7111.007201707834	7206.1358209449545	5481	0.741996108770288
GCF_000733295.1	GCF_016887565.1	91.33000290039229	0.08357352263550155	89.21610975684386	2.8633045638333394	248.13946668778408	7145.627508925913	7269.697242269805	7194	0.3670095435310016
GCF_001570625.1	GCF_000014725.1	94.50397874197314	0.10824740401035045	92.44389338919528	1.2972098994928234	220.9494584952672	3003.0995268333877	3113.5742560810213	2439	0.6083871412208778
GCA_016432405.1	GCA_001778495.1	89.44146696497349	0.470911951806115	86.53616418361258	3.2581575523800375	9.205017767298727	258.79672991068605	263.3992387943354	320	0.2709496721222545
GCF_000970325.1	GCF_900774055.1	87.650917923298	0.20664777483252067	83.83541431331533	3.453869514621738	51.13000503091871	1495.0566453982976	1520.621647913757	2281	0.19365636095695962
GCF_002813185.1	GCF_001955655.1	88.32791527563359	0.23083749385421132	86.15618631830502	4.800491321641131	21.05979232739537	1178.3081729678127	1188.8380691315103	1608	0.22474478755133254
GCF_000152705.1	GCF_001427985.1	87.65178746153727	0.11583729255935722	83.9824916079263	3.8171879095811088	121.71414869188811	4324.398947217337	4385.256021563281	7196	0.171766315991468
GCA_002897895.1	GCA_011040095.1	94.79590484998867	0.27465380316972704	94.61123790624131	7.948167045262953	1.3305064667183615	434.5828713097565	435.2481245431157	322	0.6318617580918767
GCF_000058485.1	GCF_000262465.1	93.67785219911471	0.058145626484679656	92.09180590727333	2.086049593145407	495.53103085171824	11325.65737272595	11573.422888151808	9455	0.5291677931153747
GCA_016201435.1	GCA_007280335.1	94.70833405569556	0.21763426579531459	94.73039515901579	49.51693944532927	0.06206438822891869	726.5944344381237	726.6254666322382	545	0.6376617643422284
GCA_002457365.1	GCA_902529365.1	95.40338413644852	0.1649708950578077	94.95281412557894	3.4973795993957757	11.844583871337818	1062.3972554461343	1068.3195473818032	806	0.6814043920008014
GCA_902624425.1	GCA_902605165.1	88.39003732688232	0.5431053765005983	86.35489748039757	4.800491321641131	3.9707389496305723	223.15813881861635	225.14350829343164	288	0.24097347817614312
GCA_013152685.1	GCA_015521615.1	94.10316180244449	0.2740930080874198	93.36770940377389	3.60088867393635	8.322561176634736	488.2952846575111	492.4565652458285	390	0.5713328090938412
GCA_007095845.1	GCF_000981785.2	96.38466538958791	0.10951745414740201	96.29695162382114	9.871253137244736	1.9518883860664573	1718.7988892313788	1719.774833424412	1300	0.7542310743999332
GCA_902796785.1	GCA_017650365.1	95.7473602930144	0.202914837134691	94.30602784826512	1.188528190407663	40.64709966462215	640.960655697731	661.2842055300421	501	0.703911283696884
GCF_003856835.1	GCF_003336245.1	88.92904112653171	0.18113546138374545	86.21213430765101	3.8171879095811088	48.18456556157116	1751.3282362498028	1775.4205190305884	2353	0.23222328962703986
GCA_017502485.1	GCF_008693005.1	91.22690076154264	0.17085774965590378	91.09734600283554	19.714781439634777	1.9007840301569559	1763.5913611805065	1764.541753195585	1711	0.3730182149994092
GCA_011390955.1	GCF_001276715.1	95.22709396611982	0.10090407948344694	94.13125442967268	1.7805458881095184	116.9152380560372	2916.2911225139887	2974.7487415420073	2246	0.6606386351423874
GCA_903871855.1	GCF_003570935.1	90.61708313707516	0.3351938496951389	90.79787172135173	283.813509718651	0.0	457.82350921308193	457.66279092207543	469	0.3223580107495376
GCA_002724245.1	GCA_002709225.1	88.23517917466656	0.15646052187555742	86.07235269871751	5.239459118530733	39.44819967681633	2379.61491181083	2399.3390116492383	3520	0.19882841567585158
GCF_003555505.1	GCF_000505665.1	90.10802361013374	0.13795378885051768	89.20857357650593	7.404509504937814	22.533239655241232	2829.091940595228	2840.3585604228488	3194	0.2945719521547458
GCA_017646825.1	GCA_017397315.1	91.68015752099133	0.47821452385486773	91.50612191937448	15.417705344231111	0.3693568718391589	230.10079713428382	230.2854755702034	206	0.4156330107826336
GCF_016587375.1	GCF_000178855.1	94.87962628434803	0.05028835755938745	93.52355672910174	1.679652056380189	608.64702962909	12590.164550213818	12894.488065028363	9911	0.6316150902378261
GCF_000015945.1	GCF_000092465.1	89.24145347685888	0.2858581614622858	88.6723639321892	10.909627004838343	2.81058053050333	778.7420233529471	780.1473136181987	902	0.28204401046094596
GCA_019058165.1	GCA_013166835.1	93.99069897486258	0.17893318397382968	94.06248720897251	283.813509718651	0.0	1239.878416931387	1239.849713305168	942	0.5837710114410938
GCF_000020945.1	GCA_003476705.1	95.46571602853236	0.1555797781977451	95.48633144901049	56.34538227695679	0.0636929358179259	1161.1217472404644	1161.1535937083734	853	0.6896021534320479
GCA_007693845.1	GCA_007127615.1	93.37760176939977	0.14483749044884558	93.47095840768448	283.813509718651	0.0	1869.712143711185	1869.534954345619	1496	0.5077261169007121
GCA_018819325.1	GCA_018817845.1	98.480815868556	0.2643555939151718	97.82040319490741	0.5016276936359719	3.5249088499629693	86.96493502744083	88.72738945242232	90	0.9069388662794298
GCA_002018045.1	GCF_000586015.1	92.0032123270782	0.5413014746077132	92.15012846061684	283.813509718651	0.0	159.32894660876346	159.2642243492988	138	0.41728563925976214
GCF_000422565.1	GCA_002382645.1	90.6928995437794	0.21086392205620735	89.55801288172697	5.394527091291249	15.32336149022376	1210.4778701452833	1218.1395508903952	1262	0.33582523799850056
GCA_004299065.1	GCF_009846485.1	94.00578837202748	0.3216625250772711	92.31186328163034	1.7805458881095184	18.971568981850396	365.81552551959044	375.30131001051564	295	0.5620853929640208
GCF_015234305.1	GCA_002421005.1	87.56996104545335	0.1583066165768462	82.46612414145666	2.948047439780061	102.89481809049266	2337.759282612263	2389.2066916575095	3931	0.17116177083232503
GCA_903861835.1	GCA_903915125.1	90.31654969886795	0.48540384027902816	86.48780425915116	2.086049593145407	13.909743848641995	239.647119991552	246.601991915873	262	0.3223791552172755
GCA_017743275.1	GCA_011362935.1	95.91252012123464	0.2611890728161993	95.95591608701857	283.813509718651	0.0	337.6668544569954	337.61243396613855	244	0.7137191276106376
GCA_003230355.1	GCA_002923215.1	95.46467317760211	0.6959883164861416	95.51991573693519	283.813509718651	0.0	55.06770063679414	55.06129620191791	39	0.6853782637444121
GCF_000217715.1	GCF_003610195.1	92.69891076549642	0.0829004534839693	90.635121914339	2.147788691431886	296.11951482096083	6378.247002268152	6526.306759678632	5738	0.45811453924283757
GCA_003542295.1	GCA_012517485.1	93.46666843741448	1.4661401512032157	93.6069479672653	283.813509718651	0.0	18.997152925466274	18.98520194169902	13	0.5356498812521685
GCA_017650925.1	GCA_017539325.1	94.45718892026788	0.14899384475878177	93.1995258812275	1.9678445314082378	62.82750314133045	1640.4084763422788	1671.822227912944	1287	0.6093964687789741
GCA_018436095.1	GCA_018434325.1	89.16342082520417	0.2156949595858698	86.71916568498777	3.930162088288068	31.834094034550162	1248.4284026912017	1264.3454497084767	1574	0.253153655474088
GCA_016719485.1	GCA_002414905.1	91.64975711017338	0.15803554775214432	90.51494803233122	4.3435825072709076	32.579227896885186	1997.1941499240277	2013.4837638724703	1894	0.39309558898709307
GCA_905233585.1	GCA_017618435.1	94.76003007443052	0.2566983874725229	94.82077046052378	283.813509718651	0.0	491.3987638270292	491.37009939276606	360	0.6297967559039723
GCF_014695775.1	GCF_014695395.1	91.80658941216454	0.08293048132517089	91.29850071504067	8.183402424142383	37.529218345345726	6805.348266547457	6824.1128757201295	6395	0.39371508687604
GCF_011762155.1	GCF_011927765.1	91.17668281614881	0.5111352865297206	84.83477988320233	1.188528190407663	26.588006689894428	206.5455925431779	219.8395958881251	214	0.3831112689605071
GCA_017854655.1	GCA_905182435.1	93.57078639510169	0.11109860539363817	92.7120903213334	3.4973795993957757	58.92981645917462	3170.4311021015315	3199.8960103311188	2584	0.5250190638277152
GCF_001422285.1	GCF_000878135.1	89.74683900657413	0.1379894199280341	88.13368993343043	5.088848640517972	42.23229155970603	2781.4896446277253	2802.6057904075783	3403	0.2641823526732517
GCF_015840335.1	GCA_016882385.1	89.72719737488258	0.25568895947752174	89.91466852871794	283.813509718651	0.0	809.772995287505	809.7260353585704	968	0.2657334669166928
GCA_017744285.1	GCA_017744935.1	90.47378266742976	0.0989102959017444	90.18773790438661	15.417705344231111	10.316437274019336	5212.327080427147	5217.485299064157	5709	0.30626379066577136
GCF_000175115.2	GCF_016458305.1	89.26765816821774	0.11792142092929868	87.38914831394014	4.740769527530555	73.14020802642881	4146.5847862681	4183.154890281315	5206	0.2558690184185943
GCF_001280505.1	GCF_001280435.1	91.97037866095604	0.12872634716094164	89.03461037628301	1.8332432438918538	193.89055366620778	3035.7621285991836	3132.7074054322875	2846	0.42943040758312195
GCF_900114615.1	GCF_000271665.2	91.73429291032616	0.14162386565393714	90.91708586163114	5.554184483614372	26.980339791618462	2492.285101221617	2505.775271117426	2324	0.4063781652373383
GCA_005116795.1	GCA_016235225.1	96.18434084607065	0.15951346957806922	96.216222525276	283.813509718651	0.0	837.4424812770176	837.4068415577538	615	0.7352527414622633
GCA_004116465.1	GCF_000092245.1	93.36725244866953	0.13714637572393581	92.1940037279986	2.6234136766681906	66.16699366490593	2448.957656887053	2482.041153719506	1986	0.5481065925684302
GCA_014860845.1	GCA_002842045.1	92.55854860849665	0.4853089822638527	92.67343320454245	283.813509718651	0.0	189.80657051071702	189.78835796002141	161	0.4557005093905353
GCA_002389465.1	GCA_003648625.1	93.1835795327981	0.8621734934595202	91.41385239961156	1.9678445314082378	2.7601574192129448	59.47883392126316	60.85891263086963	49	0.5088425685618675
GCF_000382125.1	GCA_013042925.1	94.2314087579512	0.6709376605881177	94.30658213542755	283.813509718651	0.0	82.58281407287963	82.57238478947288	62	0.6012715972374327
GCF_013372585.1	GCF_010894435.1	90.90862808179459	0.10490638074416722	89.32227247077925	3.930162088288068	99.30120850728417	4732.954493931068	4782.60509818471	4905	0.34315859051850245
GCF_011764565.1	GCF_011764545.1	92.08239667976656	0.0676572189588802	90.64102812235649	3.354586568267391	249.34939986741665	9993.964588733788	10118.639288667497	9366	0.4106437031460261
GCA_016193195.1	GCA_016193175.1	94.67380482125664	0.24633408685475144	94.27505558396194	4.800491321641131	4.466438956642378	541.3467862116429	543.5800056899641	414	0.6144659015521461
GCF_018141185.1	GCA_019084405.1	93.67046018710555	0.24603908307420944	92.76910059127435	3.1645004295160937	13.895077645061065	701.4632627012244	708.4108015237549	562	0.5566970460138038
GCA_001896715.1	GCA_019136335.1	93.43970658302206	0.24696174026510898	93.40954936671683	24.08059389994337	0.35790756274582236	658.3491887731994	658.5281425545724	523	0.5153568586614122
GCF_014126825.1	GCF_007559025.1	90.9880421124402	0.08206447706062749	89.51267242594702	4.218724383004947	141.61769762038784	7377.638037201587	7448.446886011781	7733	0.3369343595483507
GCA_002501085.1	GCA_002313925.1	95.84759409959346	0.0886688567053007	95.60237582757384	4.94256752467296	17.408294283774012	3166.0354215814996	3174.7395687233866	2371	0.7110250336878773
GCF_018785175.1	GCF_902381825.1	95.18274665003568	0.10902955706263738	91.17451592919336	0.6495170808381368	438.01060860542657	2557.8109210428693	2776.8162253455826	2150	0.6616929956957848
GCA_902364065.1	GCF_000155955.1	89.99427060160298	0.13870379751302095	88.8044347600149	6.138438574092371	30.261443349387264	2777.029077285072	2792.159798959766	3213	0.2831971225981768
GCA_011523785.1	GCA_009839425.1	92.64529100567613	0.15682253110131622	92.54617314198636	18.59765221851545	1.817102857060945	1763.0291735979567	1763.9377250264872	1523	0.4527695747499766
GCF_013618625.1	GCF_007748115.1	86.35508432242396	0.12079332922965143	84.16000832508942	6.98493630493306	46.35424122818222	4273.994006199464	4297.171126813555	8376	0.13542933323304474
GCA_002507175.1	GCA_002495675.1	91.52563196064128	0.19306507652037355	90.77452391058375	6.320112904221773	11.88127225590324	1340.3792648266187	1346.3199009545704	1281	0.385065404268856
GCA_903927725.1	GCA_016873115.1	90.584023722552	0.11625799880439198	90.33331108811319	16.34382058503021	6.38783625936594	3726.62980748517	3729.823725614853	4044	0.3114050982011923
GCA_009691785.1	GCA_005787685.1	88.50305073920237	0.30332351985383843	87.93854334725225	13.54924842223387	1.8861416965878561	639.763553924848	640.7066247731419	882	0.21753751096583474
GCA_016206405.1	GCA_001800185.1	96.64710934545285	0.12498017296224344	96.50065830883293	5.394527091291249	3.846446775970435	1192.8017623954975	1194.7249857834827	902	0.774563892247403
GCF_000091545.1	GCF_004307015.1	90.01655107533236	0.7823829248846059	88.80743716712142	5.554184483614372	1.1708090970471403	97.27105394023457	97.85645848875814	105	0.31460030744731116
GCA_003552425.1	GCA_003551325.1	93.56890831426131	0.5845257333705819	93.66619850119585	283.813509718651	0.0	113.52370334165109	113.50493838468057	87	0.5267687691117745
GCF_007827365.1	GCF_000518485.1	92.52536639778837	0.144082045397542	89.93294291962223	1.7805458881095184	144.02987182926427	2300.2801661881517	2372.295102102784	2055	0.4699543669594807
GCA_009702245.1	GCA_002737595.1	94.77308330905184	0.1439360288101011	94.73384669329816	20.553970812903227	0.8134211202632287	1539.216479445416	1539.6231900055477	1156	0.6249951308681975
GCA_905199855.1	GCA_000432575.1	94.67260276243663	0.2936860131198544	94.33084455587098	5.088848640517972	2.816955561185523	408.84764733739746	410.2561251179902	311	0.635844096213128
GCA_005877505.1	GCA_005877615.1	93.21292393936247	0.19387381652274924	93.22058552632978	36.075376922336815	0.28817470969943315	1092.4290815185066	1092.5731688733563	898	0.5000257266417152
GCA_903857665.1	GCA_903847405.1	90.55512901535468	0.12072905244582023	89.2748069142006	5.088848640517972	53.42598815719339	3642.0459722950245	3668.758966373621	3937	0.3200511588943393
GCF_900116515.1	GCF_900182545.1	94.23163284286343	0.06471577792055423	93.05794519600376	2.3054846895723897	285.53982575880946	8353.273936302565	8496.04384918197	6720	0.572863712935985
GCA_003142035.1	GCA_003135255.1	94.73387112322533	0.12527143419250888	94.36010196974749	5.088848640517972	15.66987211114656	2027.5519070828602	2035.3868431384335	1553	0.6152545930222784
GCF_001891165.1	GCF_009733925.1								0	
GCA_003712165.1	GCA_009827205.1	92.57164233159997	0.11547683559638468	92.51307027213191	22.433472447329432	2.4172642528719734	3279.9370666119	3281.145698738336	2819	0.44742164750855984
GCA_014238525.1	GCA_014238225.1	89.72481861147357	1.091005945357029	87.40788108403949	3.453869514621738	1.481616354737696	51.26571924911232	52.00652742648117	58	0.3052634874983596
GCA_016845825.1	GCA_001875345.1	96.48658847651515	0.16263437573972878	96.5153577227716	283.813509718651	0.0	753.4638971092772	753.4437505919924	561	0.7667902872046605
GCF_000175255.2	GCF_006715975.1	86.33084570254333	0.22995733023550008	78.27689655001626	2.3737182283699307	80.34761094089345	1219.2958815642617	1259.4696870347084	2348	0.14360614913666653
GCF_000317895.1	GCF_000196175.1	91.9552488842229	0.0952124774736901	89.0459344099263	1.8875002400771668	332.75496694520916	5400.454900379331	5566.832383851935	5142	0.41942263996840096
GCA_017397955.1	GCA_015064945.1	90.41411701232903	0.2873966845289754	86.63700793795388	2.086049593145407	41.13324668756195	676.7099260130727	697.2765493568537	734	0.32870957693185077
GCF_000828075.3	GCF_002368235.1	93.62972070564047	0.07433500207814756	91.69760699715962	1.7805458881095184	393.0290980431855	7329.002644713501	7525.517193735093	6130	0.5411375948080868
GCA_016218095.1	GCA_001797465.1	91.87840570614864	0.25496835547753505	91.82518297181333	24.793287480417487	0.471961175737988	767.0535632361274	767.2895438239964	689	0.41858521899810736
GCF_002007215.1	GCF_000177335.1	95.39755282537772	0.0769866262907103	94.45630852098923	1.9112780044394568	161.89835894908356	4771.0424105740085	4851.99159004855	3643	0.6721214207053726
GCA_013205435.1	GCA_903873545.1	93.55261814495901	0.10328565206481266	93.2528663858768	7.948167045262953	16.2916526611898	3615.4484938886076	3623.5943202192025	2931	0.5210957872498723
GCA_016298185.1	GCA_016290145.1	91.03805991117515	0.43028700301459766	87.85412577261414	2.026085211465097	18.080937665566807	304.69068177161006	313.73115060439346	304	0.38064618325810545
GCF_001748285.1	GCF_008974285.1	92.80090215138385	0.07114270534134176	88.31668683875141	1.1400022760576265	997.4485175344344	8330.42086461121	8829.145123378426	7701	0.4639183743065616
GCA_000996895.1	GCA_001773135.1	88.85504907033003	1.1435712825377473	83.31995054322488	2.026085211465097	3.7669943197628015	48.55142789836723	50.43492505824863	62	0.26000851884879406
GCF_002093115.1	GCF_002898515.1	95.86153756499584	0.05561903191308255	95.40328053016258	2.9851854363024235	109.78148040032829	7922.097321586562	7976.988061786727	5954	0.7084845803217725
GCA_008373165.1	GCA_009392215.1	94.74452868025843	0.15897900993760025	93.51168493568643	1.8332432438918538	56.21593023570858	1318.4622724107517	1346.570237528606	1027	0.6236065365948473
GCA_007694925.1	GCA_007124345.1	95.9251884958826	0.07658947342690231	95.85758874526331	12.259636460162035	3.952724256330839	3994.3517009470597	3996.328063075225	2941	0.7131271136218135
GCA_903832735.1	GCA_903904605.1	90.04600098312395	0.1392171211400763	89.89176220164366	22.433472447329432	2.5978382259845603	2712.7206588265626	2714.019577939555	3113	0.2832813888138504
GCA_002687335.1	GCA_002725925.1	93.63352920561583	0.654209769278952	92.58035079928788	2.948047439780061	2.289956103229372	92.47997735024644	93.62495540186113	76	0.5359209536409439
GCF_002735905.1	GCF_001598915.1	96.41861313497118	0.039716422606487965	96.07690523169447	3.0735355204331385	141.87884178643435	12820.341531738106	12891.280952631323	9707	0.7521531889541903
GCA_900554305.1	GCA_900554315.1	91.39477034886123	1.0859827306336822	87.69668484780098	1.679652056380189	3.4942437849952057	46.71847483308807	48.46559672558567	46	0.4067003860255384
GCA_007121565.1	GCA_003567095.1	95.93647024164457	0.24305298847647222	95.97327788631242	283.813509718651	0.0	380.14178570450247	380.09681013892396	281	0.715055214237374
GCA_012270975.1	GCA_009841265.1	90.54046281456196	0.10778303655131127	88.29923010926092	3.2581575523800375	143.0688594694857	4573.716342608299	4645.250772343042	5007	0.31987830590038785
GCF_900115785.1	GCF_000337095.1	87.68861065822554	0.20874529717861665	83.49867087278014	3.2581575523800375	53.28095008989385	1427.8972782360042	1454.5377532809512	2253	0.1866503174655174
GCA_000436095.1	GCA_003150755.1	89.06404462536645	0.25604263416795653	88.33882156224738	10.464202462197873	4.05840226475334	872.2339255358768	874.2631266682534	1116	0.24311335215641833
GCF_002723975.1	GCF_000964465.1	90.35000516232903	0.1235691250708203	87.94162552325871	3.1645004295160937	111.72107898440845	3513.975256633099	3569.835796125303	3901	0.3078423604614284
GCA_009839615.1	GCA_002238965.1	92.05590878466522	0.12141858335318674	91.45525701181832	6.784151343742322	23.465719044305843	3203.6448062280383	3215.377665750191	2921	0.41669113110853145
GCA_902769185.1	GCA_002342545.1	94.87247747619381	0.22799679241388496	94.45760309136205	4.218724383004947	5.930327760686623	654.5659072670024	657.5310711473458	498	0.6504489103017868
GCF_003014695.1	GCF_000023125.1	87.118163655936	0.13171621677802384	82.41563314832996	3.354586568267391	129.46709586665293	3484.220691933549	3548.9542398668755	6166	0.1587756242098495
GCA_002715445.1	GCA_002170235.1								0	
GCA_011049425.1	GCA_016926835.1	91.2065860741516	0.39135559874176007	90.91554214039503	13.159769520801284	0.7965618831063921	337.81990501715296	338.21818595870616	327	0.3641818200782281
GCA_009840445.1	GCA_001007665.1	92.4894133293218	0.2771332157233323	92.59929712549008	283.813509718651	0.0	583.101730222465	583.0967941038457	503	0.44769970683817595
GCF_007004735.1	GCF_002906575.1	89.38971025203263	0.15773424508409029	86.70555156436693	3.4973795993957757	65.55126745893176	2282.988338810323	2315.763972539789	2876	0.25668936254938346
GCA_903945435.1	GCA_903857815.1								0	
GCA_009937085.1	GCA_003331305.1	93.39453776638004	0.2867066480772439	92.41283637227153	3.2581575523800375	10.847257621534936	505.9345162961483	511.35814510691574	415	0.5224256180061845
GCF_902810435.1	GCF_002959775.1	89.91492076413518	0.2123804926458704	86.28509831490905	2.3737182283699307	65.36182899369123	1278.0478670959683	1310.728781592814	1464	0.3011083537883155
GCA_011322625.1	GCA_015494725.1	95.34419708372342	0.1610220418257643	95.33039703331147	26.282577935285317	0.2745036247256394	1140.826335330756	1140.9635871431187	843	0.6763250474212037
GCA_013416395.1	GCF_005239165.1	90.23769148492946	0.09740811722589625	86.11170424795596	2.147788691431886	342.5614710080554	5465.441302543997	5636.722038048025	6391	0.29429071395922185
GCA_003222115.1	GCA_003221995.1	94.32025817385018	0.09469307999127291	94.28922072057259	23.097417525569064	1.849111615525544	3820.7816821117203	3821.706237919483	2931	0.5823796185183239
GCF_000794385.1	GCF_002964845.1	91.05149474035554	0.3976714040394242	87.15400072034451	1.7805458881095184	25.19957840210634	349.3650530183643	361.96484221941745	355	0.37669329307665006
GCF_002379365.1	GCF_001746205.1	95.34464573926775	0.37155826904509437	95.34202692163083	41.05021284117567	0.02071803176369258	215.12479626691072	215.13515528279257	164	0.6855146286623428
GCF_000183545.2	GCF_000184705.1	88.53266793605552	0.16632382182724056	84.17124567543101	2.780997657853321	96.73666649872393	2101.063677044704	2149.432010294066	3020	0.21485030102882438
GCF_000378205.1	GCF_000143985.1	95.65860065630523	0.05766989149913324	95.24331935209014	3.453869514621738	89.10638004809152	7994.3690648655065	8038.922254889552	6017	0.6979250283104382
GCF_002966125.1	GCA_905479745.1	95.70376819488837	0.09297280800607868	95.1639248203418	2.6234136766681906	51.441053367581844	3095.1777851518887	3120.8983118356796	2347	0.7042506509477326
GCA_011370455.1	GCA_011361925.1	94.40042018452483	0.12211568489645909	94.129963401599	6.784151343742322	10.367791871611189	2539.898682654825	2545.0825785906304	1929	0.6188942082138519
GCA_015233055.1	GCA_015233625.1	94.4370981490887	0.3190943121091717	94.51938313151662	283.813509718651	0.0	328.5352089673764	328.4142236896025	240	0.604172412190989
GCF_000024605.1	GCF_003368535.1	90.50678447406052	0.17771917010904778	89.46522975583653	5.790606713812224	19.817941298695587	1800.573041017941	1810.4820116672888	1852	0.33916483886791104
GCA_002303765.1	GCA_003671255.1	93.01063631681833	0.11502713327561026	92.80794794105753	11.564949675432423	7.458839382259612	3280.1657439885316	3283.8951636796614	2698	0.4937110355263463
GCF_014692515.1	GCF_014692525.1	89.27768383435225	0.2715625973695888	85.06686503122334	2.443971219232322	42.70044289183738	784.6995444669785	806.0497659128972	996	0.2596145296449848
GCA_002696315.1	GCA_002720275.1	91.59472355720483	1.0430728974820414	86.8657599686503	1.3524275931754157	4.877728836293045	49.49038451836675	51.929248936513275	49	0.4166343958382759
GCA_003105225.1	GCA_001798885.1	90.11086788415827	0.3719264116614901	90.28910547846422	283.813509718651	0.0	409.4856399282205	409.466652291392	442	0.30450776113347644
GCA_002878315.1	GCF_009936215.1	89.31914418494294	0.2884069221022747	88.85904399716435	12.781486355835694	2.1359843506772904	734.1321370571696	735.2001292325083	852	0.27596082374864067
GCF_004005565.1	GCA_007997005.1	90.66784982174306	0.09227263916858618	88.48520997098723	3.2581575523800375	178.7812155382835	6010.841891520769	6100.232499289911	6529	0.3212115528891498
GCA_013390745.1	GCA_018263495.1	96.17098875873099	0.24557284796704937	95.5356623335309	1.9678445314082378	9.267211035587593	390.8110952592191	395.4447007770129	306	0.7431699691377072
GCA_002405835.1	GCA_900549045.1	94.55401244294423	0.10130533806999098	94.61307146100232	283.813509718651	0.0	3283.0728567052647	3283.071496493851	2462	0.605948759862284
GCA_002715585.2	GCA_002697665.2	91.36905900472654	0.47214648741642784	89.9466187950879	3.5560908568815734	5.627945128606996	250.63206523734738	253.44603780165087	235	0.40470186491291943
GCA_011331985.1	GCF_016446395.1	93.20588062490972	0.13200793277251685	92.74093522409686	6.320112904221773	16.636484714943435	2337.7341596750975	2346.0524020325693	1939	0.4954345466178824
GCA_900551535.1	GCA_001058355.1	97.01917959890534	0.13827244159583063	96.73289455714149	2.5480025361421035	8.551083271047219	860.4112107536448	864.6867523891684	686	0.8062094386019704
GCA_015520115.1	GCF_000025505.1	90.6718054827688	0.579674384609099	90.84940621074512	283.813509718651	0.0	170.66454823966373	170.6309399258935	163	0.3541244094528193
GCF_003544935.1	GCF_003544855.1	85.91900883708296	0.5916425808893453	86.1826397326681	165.80270631022498	0.00439236120928399	211.49345814400218	211.49565432460682	362	0.1590886113144004
GCF_000271665.2	GCA_002434245.1	94.42545444133724	0.10019519429008408	94.04749269239603	5.394527091291249	24.31461845504964	3513.219968480948	3525.377277708473	2714	0.6029209445267302
GCA_003153775.1	GCA_003142295.1	90.8104666668098	0.20110037018814075	90.72120015141425	24.08059389994337	1.0097885778332056	1306.0568449993211	1306.5617392882377	1326	0.3424143125465958
GCF_001026905.1	GCF_002118315.1	88.58058330934982	0.14480605427452	83.5694848958734	2.3737182283699307	167.52812697833087	2904.097783201839	2987.8618466910043	3967	0.23146192959662043
GCF_003846445.1	GCF_000010065.1	88.64335911538004	0.1788780753698371	85.70558654240425	3.8171879095811088	47.89806586085524	1770.7114691027546	1794.6605020331822	2494	0.21501930915907408
GCA_905365345.1	GCF_004138455.1	96.33319244204552	0.15765023164890846	95.82234096010367	2.2392125528322575	16.454339685286868	861.385018854237	869.6121886968805	658	0.7502928590431158
GCF_010974825.1	GCF_000819785.1	92.06556781494409	0.07785939926017577	90.88763135229357	3.930162088288068	149.41688931937642	7655.344135823562	7730.0525804832505	7109	0.4137783446836779
GCF_004377485.1	GCF_001982605.1	89.45537097819083	0.1822251576206358	83.78327779028211	1.9112780044394568	123.10027667847044	1654.4951291279126	1716.0452674671478	2119	0.2571705312267614
GCA_013824685.1	GCF_003570935.1	91.25839678929523	0.23826728805853722	91.3842494374923	150.02167206107245	0.0176554909457991	876.0221855601037	876.0310133055766	855	0.36086903967807543
GCA_012800855.1	GCA_012510625.1	90.46784702824942	0.6802304004289225	90.64112742496651	283.813509718651	0.0	115.68813887013984	115.68358814104958	120	0.3170486608115314
GCF_000286455.1	GCF_000234095.1	90.38883315587736	0.12561689156655323	87.62900994735625	2.8633045638333394	125.13674132250799	3273.8560638882473	3336.4244345495013	3705	0.30224484379806404
GCA_000806115.1	GCA_018304605.1	99.68351907975061	0.06904091887961206	99.38104282421246	0.07046880897187136	18.84098193848061	81.91048553991858	91.33097650915889	229	0.980880849166349
GCA_001917665.1	GCA_003220795.1	89.21681158981387	0.17446494607542873	88.93883114451165	19.148071672582883	2.6122257485535556	1809.7975200647381	1811.103632939015	2330	0.24131802828584908
GCA_013329455.1	GCA_002502785.1	92.47282448817847	0.5664205764559096	92.59221101017938	283.813509718651	0.0	141.38253519821924	141.35115276671445	121	0.4564496982501692
GCF_000633595.2	GCF_001038625.1	94.52155551841427	0.1054269681677497	93.72876645121727	2.7010566988485465	68.98944474020573	3373.0249642792996	3407.5196866494025	2610	0.6284989299028219
GCF_019175345.1	GCF_000022485.1	96.06180984218204	0.12399603672886537	94.72247310509405	1.1072324263749704	94.89212432415025	1643.7007767295559	1691.146838891631	1315	0.7382961242338343
GCA_009910795.1	GCF_004343605.1	94.01441577974606	0.10543423973266328	93.1547081962038	3.0735355204331385	69.98167044882575	3431.297227915049	3466.288063139462	2734	0.5695187100436769
GCA_005778045.1	GCA_903892045.1	95.50479173752915	0.04963861306831239	95.28770713754714	6.138438574092371	48.23892680211793	10741.95516760066	10766.074631001718	7998	0.6781794198623136
GCA_004028505.1	GCA_004028495.1	95.31143933526923	0.5339746466367883	95.36337151659903	283.813509718651	0.0	95.7631480099043	95.7466981562441	70	0.6667457066659777
GCA_014360645.1	GCA_015711825.1	90.48918208082574	0.22475883321399892	88.97664411541119	4.472135954999578	18.8579158149887	1071.8776850567513	1081.3066429642456	1153	0.32054030178648457
GCA_006226895.1	GCA_012974435.1	94.15576483574671	0.18982477178741922	94.23394095400955	283.813509718651	0.0	969.7598490680004	969.6298918104513	729	0.5729929148323464
GCA_905067555.1	GCA_012910725.1	94.60625442125888	0.48966879946767533	94.6841093540095	283.813509718651	0.0	135.76681893293585	135.73087995587986	98	0.6180117176837023
GCA_017941505.1	GCA_902772725.1	96.18540716061335	0.12807482504302178	95.76251335503514	2.5907763983215895	20.509190609503094	1409.4816621207744	1419.736257425526	1069	0.7431847440250513
GCF_003367075.1	GCF_014489415.1	97.31919642973052	0.08890754097633646	96.40598381261091	0.8305442998250565	106.29113442956714	1822.9720403989552	1876.1176076137388	1519	0.8259977296632199
GCA_904501845.1	GCF_001183965.1	90.86040297740905	0.4115291236010732	91.02028925547262	283.813509718651	0.0	324.68886296426336	324.6807659056639	315	0.3587052044272211
GCF_000024885.1	GCA_009930355.1	93.3169304921857	0.36410248498650233	92.25305365987609	2.948047439780061	7.659460032052152	329.9079977690704	333.73772778509647	267	0.5273307896960954
GCF_000319385.1	GCF_000510265.1	86.09541678548271	0.3096570939379591	85.03514778827326	12.259636460162035	2.9576444346478183	684.487573627461	685.9663958447849	1309	0.13859813042140617
GCF_016862515.1	GCF_900107455.1	91.00076189622298	0.07567238889167383	89.74503656061145	4.800491321641131	132.21646069275812	8684.237097274798	8750.345327621177	9033	0.33831808746524233
GCA_009781495.1	GCA_009786315.1	92.65901179571617	0.47740601867960447	88.48263336196054	1.2237040841184101	21.407232536982235	196.52794630168168	207.2315625701728	177	0.4634761339703738
GCA_017447745.1	GCA_017407125.1	94.36327459269505	0.13712984813121434	92.94333818882043	1.8563375063170813	82.79012687633531	1912.7228529154881	1954.1179163536558	1525	0.592838354827238
GCA_016212705.1	GCA_001797465.1	95.57769621459002	0.09281067716900687	94.93145840318962	2.3737182283699307	67.57604872468528	3221.351562688031	3255.139587050374	2440	0.6932763521244628
GCA_017425305.1	GCF_015668515.1	91.20997472772898	2.0913605129298483	91.36036009497569	283.813509718651	0.0	13.430842449376293	13.430011570958662	12	0.4148228154606972
GCF_009380215.1	GCF_009674495.1	89.510265454834	0.08481625672691623	86.36179933254343	3.0735355204331385	287.3720224999597	7579.6605456660145	7723.346556915994	9590	0.2570662687053555
GCA_016716225.1	GCA_016708125.1	91.50598402880418	0.16463895988068045	89.39552747578757	2.5480025361421035	72.95145939556232	2000.594782662914	2037.0705123606951	1890	0.4077857102672785
GCA_015233285.1	GCA_015233625.1	94.90701945992153	0.3791719959646731	94.98141169171659	283.813509718651	0.0	209.41311900876505	209.33956375195726	148	0.6395536300385114
GCF_001655775.1	GCA_017889345.1	88.79103016176954	1.0661428868016116	86.34303502025577	3.7074612216309677	1.5681567706748467	59.56000955187398	60.344087937211405	72	0.2772071578170207
GCF_012933655.1	GCF_014656495.1	91.9424102721186	0.12606408694415155	90.70198278987284	3.8171879095811088	60.93497518424647	3024.6391581503085	3055.1066457424317	2821	0.4105928651516736
GCF_001019615.1	GCF_009708005.2	94.51358922339891	0.05906234800154979	93.14775727805556	1.8563375063170813	427.4555880330263	9595.132010946105	9808.859804962618	7660	0.5958686490830466
GCA_017633835.1	GCA_017394375.1	87.52375462025041	2.1400809982327904	87.8637257909168	283.813509718651	0.0	14.306417565912422	14.285310738754985	19	0.2033799255427789
GCA_005798965.1	GCA_018970045.1	93.40926655774643	0.10852103034303091	93.24299197300022	12.259636460162035	6.776507741549722	3314.9839596923707	3318.3722135631456	2695	0.507924558152097
GCA_910576855.1	GCA_009917405.1	95.18583183681521	0.26285562117025474	92.20555403513606	0.8066699511227227	57.09358721675494	443.96052091395467	472.50731452233214	363	0.6628753673705301
GCA_016926455.1	GCA_016935475.1	93.30222585005299	0.8751678481775741	93.43043424520616	283.813509718651	0.0	52.517483277010164	52.487222325328474	39	0.5145581659738891
GCF_000023905.1	GCF_007990635.1	95.19367740249012	0.45351303287170136	94.38054526303097	2.2392125528322575	3.8439667000697	156.57648719055078	158.49847054058563	121	0.6751891035601153
GCA_007128555.1	GCA_003566675.1	94.30629011645276	0.23383029523153806	94.38331121537144	283.813509718651	0.0	622.8952141179866	622.7986678791387	461	0.5832233101841497
GCA_001421175.1	GCA_012522645.1	89.22514495194787	0.4960424447798163	86.94265382219513	4.046479871071336	5.461940540132559	237.78192616608843	240.5128964361547	297	0.25258962940438884
GCF_002355395.1	GCF_004216855.1	95.86049359718135	0.059716286405446704	94.73635283202609	1.3924542830368505	355.7448378244462	6884.699368934727	7062.57178784695	5305	0.7066854622290976
GCA_016715065.1	GCA_016699655.1	90.78443078187817	0.09325838516258696	83.88636846004755	1.2599210498948734	749.1304645825221	5992.666584947078	6367.231817238339	6663	0.338913778356026
GCA_002712565.1	GCA_002731735.1	98.82490547247671	0.05707448805759125	98.5155989182831	0.5384584489884018	40.70373939667161	1159.3676625279077	1179.7195322262435	1327	0.9270747883195343
GCA_016703265.1	GCA_903912525.1	87.77940726199422	0.14490021362977742	85.05103468750943	4.740769527530555	54.77446495863751	2773.2640549942116	2800.6512874735304	4476	0.17782026267474954
GCF_015207705.1	GCA_003990705.1	92.75325434503313	0.12602219841647888	91.46736612162157	3.0735355204331385	73.24945409640804	2835.461537571246	2872.08626461945	2447	0.47430580465364364
GCA_017396695.1	GCA_017505585.1	90.90659852423912	0.3528756055708343	91.06192230863147	283.813509718651	0.0	445.4661594072621	445.4525051756588	433	0.3679358708546985
GCA_900553865.1	GCA_900553405.1	96.83445496256545	0.5030817976771583	96.86715433969536	283.813509718651	0.0	64.25292354605857	64.23869049083898	50	0.7973784451490178
GCA_019239425.1	GCA_019242475.1	92.72643689279731	0.07877386062593351	89.18728753736951	1.3924542830368505	631.5979833867168	6989.256874359992	7305.055866053351	6386	0.4616318830022026
GCF_004917065.1	GCF_018986915.1	87.56945860443575	0.13021061737988582	84.97954170371477	4.94256752467296	65.85627045824458	3618.401446398889	3651.3295816280115	5788	0.18043794308155883
GCF_000189775.2	GCF_000145615.1	88.00006706435362	0.3261356389125956	82.89091852267299	2.5163034302254443	34.573933308684445	606.5542416109311	623.8412082652733	865	0.21777424379256174
GCA_009835985.1	GCA_002238705.1	90.2315624194199	0.2783865079156861	90.12382164315314	24.793287480417487	0.5520782753530966	702.1713735603495	702.447412698026	776	0.3042020118159006
GCA_014376445.1	GCA_014378525.1	91.37025764913457	0.3527148443441023	90.77110995433475	7.1916637338839795	2.932997515986699	435.8110000681828	437.27749882617616	404	0.395985593019702
GCA_017616555.1	GCA_017539325.1	91.7025907076341	0.22481373187757062	90.4424818988729	3.930162088288068	19.295352913455645	1023.55243447167	1033.2001109283979	944	0.41042374851538493
GCF_000449425.2	GCF_900243075.1	94.33720994445015	0.14171061870431212	94.22735728026808	12.259636460162035	2.6688794474393944	1913.7963736427773	1915.130813366497	1447	0.6169421842576202
GCA_002505325.1	GCA_014240285.1	91.45272436073608	0.3602812598502454	90.91510278844584	8.183402424142383	2.0607670201254678	385.0507768049704	386.0811603150331	367	0.37601469861042924
GCA_002366595.1	GCA_003453555.1	94.28573693779973	0.33961762839295695	94.16797748898115	11.907228002388738	0.5110632614808992	318.8277237974827	319.08325542822314	240	0.5941644249860121
GCA_002069885.1	GCA_002435745.1	94.78422353373959	0.10070387964944488	94.18258895303569	3.354586568267391	47.840300023665804	3245.7881333243326	3269.7082833361656	2498	0.6261905374729794
GCA_017557885.1	GCA_017650925.1	89.67042981978301	0.3371734163548454	87.66497344757947	4.046479871071336	12.314828677669311	525.3651319274053	531.5225462662399	599	0.29144093968589696
GCF_007991735.1	GCF_001429185.1	91.50250796594766	0.07730317992614277	89.93836455929856	3.60088867393635	192.18693980757416	7930.689299560499	8026.7827694642865	7902	0.3685403310859022
GCA_018901315.1	GCA_017609385.1	93.1417917829053	1.7644304483245072	93.18793738812506	42.26514231054691	0.0023484795332215924	14.594802426308783	14.595976666075394	11	0.5194401902762623
GCF_000711215.1	GCA_017553245.1	92.82491685792722	0.20585607972569386	92.78926027263738	24.793287480417487	0.5773890367279364	1019.6881393761032	1019.9768338944672	854	0.47173110590692596
GCA_014323965.1	GCA_018141785.1	97.45691792070771	0.12428874946091588	96.86176207314837	1.1072324263749704	28.026584958226977	850.6198794917993	864.6331719709128	715	0.8358071691299837
GCA_003220315.1	GCA_003220675.1	92.59609096566727	0.14729162439502844	92.35679908374918	11.564949675432423	5.265448929155355	2022.054864058547	2024.6875885231248	1754	0.4510006782396615
GCA_002501855.1	GCA_003176995.1	97.65288452540068	0.08385376301677855	97.51426930690755	3.1645004295160937	7.8399849748016095	1594.434640489893	1598.3546329772937	1346	0.8498440585360141
GCA_002381125.1	GCA_002305015.1	89.19047922385113	0.29683166757129303	87.85201284554283	6.320112904221773	7.029776336872828	651.5574489555022	655.0723371239386	820	0.24920321550272098
GCA_011366485.1	GCA_011333005.1	91.39290961743565	0.37794058926461993	91.54696307894505	283.813509718651	0.0	370.002766655802	369.9160098846447	335	0.3968472183397869
GCF_015356815.1	GCF_901000775.1	90.07404138839954	0.223488448565386	89.58198502115576	10.596025142323878	4.397465644671229	1193.0620420931577	1195.2607749154934	1259	0.32137854478176864
GCA_001717025.1	GCA_001717035.1	89.12672040787294	0.31312050033609934	88.52690292356993	11.564949675432423	2.035187561211387	588.7598215902846	589.7774153708903	743	0.24653013887614558
GCA_011330655.1	GCF_000183745.1	93.08468632981148	0.17133506941109697	92.18527268825318	3.8171879095811088	25.33572596269687	1438.6633157946876	1451.331178776036	1212	0.4905041226828025
GCA_002690755.1	GCA_009936695.1	93.29796335474853	0.16776161309181403	93.39333796701015	283.813509718651	0.0	1418.2369513853098	1418.0762350723471	1144	0.5036213789283579
GCA_902591645.1	GCA_014239335.1	93.52419443648107	0.28680910363984097	93.45955537853821	18.063054805465843	0.4198684027311401	502.88810558532657	503.09803978669214	393	0.5352921511007316
GCF_003003175.1	GCF_019173455.1	88.38078830092549	0.15172169990703424	86.500748556026	5.718567124785456	34.654039816363365	2511.5781239161684	2528.90514382435	3648	0.20461696074034408
GCA_015709575.1	GCA_016710275.1	88.81023071147	0.13931491679181485	86.71680973180462	4.94256752467296	51.53541409243553	2866.1135594643065	2891.8812665105243	3981	0.21974809341363286
GCA_016207065.1	GCA_016217765.1	97.45427026536515	0.08301058643555081	97.20525280046809	2.2392125528322575	18.48147836669159	1867.5421948232447	1876.7829340065905	1535	0.8318069388150316
GCF_904384255.1	GCA_900554165.1	94.65076686104645	0.3549591153362872	94.11364093450754	3.8171879095811088	3.4122816855084466	264.5105056994198	266.21664654217403	201	0.6156583334024326
GCF_000430045.1	GCF_003574095.1	92.93993763582144	0.11820109452157478	91.4989749820674	2.7010566988485465	96.81989583655741	3065.359888121746	3113.7698360400245	2654	0.4796062098872972
GCA_900538885.1	GCA_900752975.1	97.3387383932252	0.1710048993314591	97.07351094637603	2.026085211465097	5.597705043204655	481.33861115327244	484.13746367487477	396	0.8317486965679391
GCA_003219995.1	GCA_003219195.1	92.54032167475931	0.15368947116517767	92.65291359824369	283.813509718651	0.0	1828.2239552708745	1828.1284198626852	1577	0.44446869616956475
GCA_002238605.1	GCA_012267435.1	91.94609401865642	0.15587237495045095	91.66387598318744	11.907228002388738	5.195031802545145	1923.421873823583	1926.0193897248555	1781	0.4042289787256219
GCF_016722965.1	GCF_000714935.1	87.72261028163541	0.14148603877349095	85.49652622200722	5.554184483614372	45.57714286992723	3006.081856348803	3028.8704277837664	4729	0.18245241730582837
GCF_017566145.1	GCF_001486165.1	94.604078868245	0.09315092681001909	93.18155218800507	1.7805458881095184	184.61163671632676	3899.0511641724484	3991.3569825306117	3116	0.6110754012026981
GCA_013361745.1	GCA_013361935.1	93.11186908716377	0.18445382538209068	93.2112369033694	283.813509718651	0.0	1199.1918332537439	1199.1241749928827	981	0.4895621281917559
GCA_018399995.1	GCA_018334565.1	94.71380448622836	0.23893288863468695	94.77330555046622	283.813509718651	0.0	604.0637744679688	604.0397634015284	443	0.6392742991312089
GCA_019243675.1	GCA_019240835.1	93.28972707526924	0.1896440734758787	93.38613907640934	283.813509718651	0.0	1115.6203224283172	1115.5267290376999	890	0.5054770256602633
GCF_001904725.1	GCF_015207735.1	91.97515271474683	0.2020142479958497	90.30948216110377	2.948047439780061	36.88087242343772	1211.7829909077477	1230.2234271194666	1108	0.42278141967210014
GCF_002025255.2	GCF_000739555.1	89.98846102402207	0.16307532978476674	86.80320784881282	2.7010566988485465	86.1424854341085	2078.4895894388205	2121.560832155875	2441	0.2881138611673635
GCA_002697665.2	GCA_902609885.1	91.44601131339289	0.41002561951163996	90.62091370741638	5.554184483614372	3.460287517305005	328.3103125789688	330.0404563376213	305	0.410308457019575
GCF_001637315.1	GCF_009846485.1	93.01649344170958	0.3486028892711992	91.63976330605662	2.780997657853321	10.723636563253422	356.3103885489863	361.672206830613	303	0.4882084333995132
GCA_011522845.1	GCA_003541985.1	93.88701877464416	0.35252820451863603	93.79792568019708	14.788222379463024	0.3788093685836884	312.98588204971173	313.1752867340036	239	0.5593754957677725
GCA_016793195.1	GCA_013360695.1	93.56952928560504	0.20001162369851894	93.61118603438509	56.34538227695679	0.09393061572041006	971.3889208812394	971.4358861890996	769	0.524939717866611
GCA_902780915.1	GCA_017635515.1	94.80811548637776	0.10840705531903494	94.63178427689171	8.42559987152911	7.868770905549354	2731.356158449506	2735.2905439022807	2047	0.6290762041727039
GCA_013334245.1	GCA_903854995.1	96.81820278896723	0.11375011491487211	95.04741551086624	0.6495170808381368	152.34059420506173	1416.323274507251	1492.4935716097818	1173	0.7852517101726718
GCA_011525295.1	GCA_009841615.1	89.36690882693006	0.2109536791984564	87.05339817314616	3.930162088288068	32.17721460787061	1291.2650540298396	1307.3536613337749	1598	0.26098420230022285
GCA_002320455.1	GCF_003788585.1	91.51366024322401	0.22990561127000042	86.53889609455186	1.3924542830368505	91.04402502093944	903.3843445237618	948.9063570342315	923	0.37194700674912556
GCA_005110385.1	GCA_018970325.1	92.34013191448001	0.20067879248686799	91.76054709444954	5.961986549755308	9.741085912741255	1240.1113572762708	1244.9819002326415	1064	0.4645453463464513
GCA_017881405.1	GCA_001797445.1	91.71167655208836	0.22286498048303877	91.84880704933484	283.813509718651	0.0	1003.6819177410202	1003.5407997261691	915	0.40217329466298946
GCA_009691815.1	GCA_005808665.1	90.79073697784665	0.8523991304456348	90.95642872368511	283.813509718651	0.0	74.32980549967529	74.32145543083769	73	0.347490754907561
GCA_016873495.1	GCA_004296885.1	91.82956966487096	0.1118185988786024	91.13144615104385	6.320112904221773	33.670043064496895	3844.276166369035	3861.1111879012833	3586	0.40073908571015837
GCA_017466305.1	GCA_017937685.1	96.13722158722359	0.11895757342456756	95.73364046476436	2.9851854363024235	18.554886747791443	1622.674007952555	1631.9514513264508	1220	0.7329082939012227
GCA_018333535.1	GCA_016874935.1	92.8896103789582	0.27341988323180244	91.7816649810038	3.2581575523800375	13.160138400780397	616.0110455651634	622.5911147655536	519	0.49219002108712284
GCA_013694585.1	GCA_009379865.1	95.51402501134552	0.5630526826877621	95.57077836345798	283.813509718651	0.0	84.86821036559992	84.84855479318482	61	0.6969679817514108
GCF_006740705.1	GCF_003336365.1	88.13891464887314	0.17880019959517912	84.33165693556201	3.2581575523800375	68.90083260813935	1899.8289911799532	1934.2794074840228	2780	0.20689165541402021
GCA_009782775.1	GCA_009783115.1	94.62394141042218	0.23066924852716944	94.68452121366487	283.813509718651	0.0	620.483077829163	620.4403034154233	460	0.613406461259969
GCA_018656065.1	GCA_018656655.1	92.1864015905803	2.1211066468707176	92.34786694974943	283.813509718651	0.0	11.858953271322527	11.85339218449001	9	0.46831529752067547
GCA_902563095.1	GCA_002709705.1	87.96873317140631	0.7180357379825576	86.85475204645854	9.196055803071975	0.8556889352577741	118.05369304676046	118.48153751438934	174	0.2015317348458949
GCA_903903945.1	GCA_903930455.1	93.01637432824816	0.12919137017769305	92.62977151693453	7.404509504937814	13.75101220495526	2521.972844253248	2528.8483503557254	2106	0.48367685642329966
GCA_018725345.1	GCA_018333455.1	90.40308102763774	0.6457733158490556	90.57386738649593	283.813509718651	0.0	126.54401611902308	126.52819303791476	136	0.3159318481972012
GCA_017629515.1	GCA_017504325.1	93.77576478354335	0.6157334856619597	93.86178604629622	283.813509718651	0.0	106.08150624826716	106.08006891022576	79	0.5575156749524709
GCA_005877225.1	GCA_005877185.1	93.39636348990172	0.28373255393609953	93.48552421116116	283.813509718651	0.0	505.55549951425667	505.51677557392713	407	0.5208339700266997
GCA_005222975.1	GCA_019057795.1	95.6698858326287	0.11429465250219209	95.19340135028322	2.9851854363024235	26.72902400744806	2110.583481974757	2123.947993978481	1603	0.7075981549950622
GCA_002772325.1	GCA_009619075.1	95.31532393378987	0.32246654557895554	95.32220671488757	38.72412099793306	0.032599750040276376	282.499405344527	282.51570521954716	208	0.6792152541455033
GCA_003315675.1	GCA_002498375.1	94.77220066222436	0.11990088393983268	93.77859062555379	2.1748454368142185	71.19775218033647	2298.35465172884	2333.9535278190083	1777	0.6242640898956844
GCA_016934555.1	GCA_012729555.1	95.23573951736881	0.08478599489039461	94.74330615120627	3.453869514621738	52.784873573185905	4089.9680419246306	4116.360478711224	3105	0.6590499831045763
GCA_902518075.1	GCA_016778085.1	90.40095049084891	0.49440745264565455	90.59068402046083	283.813509718651	0.0	206.18199780056284	206.09209567691116	220	0.30213893571392947
GCF_000152705.1	GCF_000768675.1	88.29425039439602	0.13357964898868235	84.6703728329192	3.453869514621738	106.73400174625385	3179.9302067091	3233.2972075822267	4802	0.19718991891687937
GCA_009836025.1	GCA_001007665.1	92.93264215521128	0.38640004333790595	93.03120650034185	283.813509718651	0.0	282.6810855156686	282.67173755032604	236	0.4781270299956818
GCA_014240455.1	GCA_018698915.1	89.80704140746842	1.0249483831609685	89.99615038467614	283.813509718651	0.0	58.998724527484484	58.99324179668144	63	0.3160959201906363
GCF_003463825.1	GCF_002959915.1	93.37373064054336	0.36105030999086524	91.10160045592323	1.631369744526313	20.698905504256004	326.22658648017244	336.57603923230045	277	0.5260549771148801
GCF_017355785.1	GCF_017355835.1	87.44494871492296	0.1946473891606011	75.65052012939837	1.4336656099977856	222.98968213385615	1715.184747913433	1826.6795889803611	2730	0.19533475535569544
GCA_002457605.1	GCA_002495735.1	92.11366017968052	0.2164858359314751	92.2440777364215	283.813509718651	0.0	971.8895672921379	971.7233727740995	859	0.41746740112554176
GCA_903893625.1	GCF_014697575.1	95.54084427826378	0.7431042307119812	94.78688659937603	1.9112780044394568	1.447962477159919	50.107837418221656	50.831818656801616	39	0.6903548438283912
GCA_007129985.1	GCA_007695365.1	90.84008883306934	0.4550477415578425	91.00388307721869	283.813509718651	0.0	247.6340656762677	247.6011738759746	250	0.33906956378524217
GCF_000632715.1	GCF_011761475.1	92.07902413762903	0.11065306974429787	91.26196319093097	5.239459118530733	44.405070970012275	3844.529610862431	3866.7321463474373	3509	0.42019098428904805
GCA_009937455.1	GCA_002292185.1	93.61439588094986	0.18389078249721416	93.70172816236885	283.813509718651	0.0	1133.9105628863415	1133.7909126000827	892	0.5328367583499015
GCA_004195635.1	GCA_018649825.1	94.91955590983669	0.1282467407584956	94.77051217242614	9.311903019037887	4.326709544589903	1930.0602277196977	1932.2235824919926	1453	0.6417375389117463
GCF_001484685.1	GCF_000430485.1	90.82332102640339	0.2599818908343685	88.36994940525989	2.6234136766681906	32.96981845762275	853.2152559229646	869.700165151776	851	0.3667129432031829
GCA_012960475.1	GCA_014238415.1	93.36282606476199	0.0732906083358778	93.03750580950613	7.948167045262953	33.72330802081342	7544.994619554799	7561.856273565206	6146	0.5114581237103856
GCA_011525805.1	GCA_900696685.1	91.73549569417278	0.16839626739976293	91.62000618392454	19.96313819084055	1.6914013159043861	1650.695545389822	1651.5412460477742	1556	0.38686208825200497
GCA_002724575.1	GCA_002501085.1	91.04954828106567	0.1935826958654506	90.63880152136645	10.773902877003986	5.0258854168914695	1395.867125167024	1398.3800678754696	1387	0.35802838172744617
GCF_900103975.1	GCA_014218215.1	89.2053143886925	0.10905084027967153	85.19371428141476	2.7010566988485465	218.2561462997146	4579.380981942219	4688.509055092076	6144	0.2379425451048235
GCF_008281175.1	GCF_017566055.1	87.29214222125634	0.29135931629730494	84.03043927659864	4.218724383004947	17.642198147270847	744.637615865653	753.4587149392884	1220	0.17478670178074382
GCA_019117165.1	GCF_000519105.1	96.21361974842074	0.16781185770403587	94.60715288414247	0.8305442998250565	73.86458562991834	832.5113051454612	869.4435979604203	654	0.743507931313804
GCF_018282115.1	GCF_000284455.1	91.14542776956158	0.1974039050787267	90.21782643941356	5.790606713812224	14.076950815636792	1322.2555912796627	1329.294066687481	1308	0.36122559404295157
