query	reference	fastani_ani	label	q_species	r_species	q_genus	r_genus	bcgi_raw_ani	bcgi_mash_ani	bcgi_af_q	bcgi_af_r	bcgi_shared_tags	cjepi_raw_ani	cjepi_mash_ani	cjepi_af_q	cjepi_af_r	cjepi_shared_tags	multi_raw_ani	multi_mash_ani	multi_af_q	multi_af_r	multi_shared_tags
GCA_017633985.1	GCA_017480245.1	0.812234	mid_high	s__Phil12 sp017633985	s__Phil12 sp017480245	g__Phil12	g__Phil12	0.963068	0.874348	0.012373	0.026005	11	0.951247	0.890429	0.046756	0.057613	98	1.000000	0.811746	0.005102	0.007391	644
GCF_002939305.1	GCF_001904655.1	0.879213	mid_high	s__Chroogloeocystis sp002939305	s__Chroogloeocystis siderophila	g__Chroogloeocystis	g__Chroogloeocystis	0.964404	0.928336	0.093383	0.109104	302	0.957401	0.929633	0.143930	0.155459	1112	1.000000	0.874542	0.032585	0.034240	10394
GCF_000226295.1	GCF_018304765.1	0.952206	mid_high	s__Chloracidobacterium thermophilum	s__Chloracidobacterium aggregatum	g__Chloracidobacterium	g__Chloracidobacterium	0.981650	0.981341	0.552705	0.548143	1594	0.980634	0.977940	0.546212	0.556288	3800	1.000000	0.961569	0.356626	0.349894	88989
GCA_902525995.1	GCA_002726375.1	0.875345	mid_high	s__CABZJG01 sp902525995	s__CABZJG01 sp002726375	g__CABZJG01	g__CABZJG01	0.963942	0.907040	0.051424	0.050702	65	0.955440	0.902562	0.075250	0.068928	256	1.000000	0.847778	0.016615	0.015671	2006
GCF_014925385.1	GCA_009377535.1	0.838896	mid_high	s__WHTV01 sp014925385	s__WHTV01 sp009377535	g__WHTV01	g__WHTV01	0.957885	0.911731	0.060646	0.058046	325	0.951526	0.899453	0.059861	0.073256	421	1.000000	0.842284	0.012775	0.015300	5113
GCF_001597745.1	GCF_000316645.1	0.853347	mid_high	s__Trichormus sp001597745	s__Trichormus sp000316645	g__Trichormus	g__Trichormus	0.964844	0.917218	0.081218	0.061578	96	0.953943	0.918610	0.127752	0.096581	969	1.000000	0.857377	0.023569	0.019266	7508
GCA_910576855.1	GCA_910576345.1	0.818382	mid_high	s__C-19 sp910576855	s__C-19 sp910576345	g__C-19	g__C-19	0.983173	0.865435	0.010717	0.016971	13	0.974032	0.863218	0.032731	0.018934	87	1.000000	0.846918	0.016575	0.015256	2883
GCA_005799065.1	GCA_016868485.1	0.936777	mid_high	s__F1-60-MAGs140 sp005799065	s__F1-60-MAGs140 sp016868485	g__F1-60-MAGs140	g__F1-60-MAGs140	0.976351	0.958779	0.283404	0.252273	333	0.973080	0.954696	0.307599	0.281543	1263	1.000000	0.923799	0.132344	0.121088	16041
GCA_016123485.1	GCF_003031585.1	0.943060	mid_high	s__Halocynthiibacter sp016123485	s__Halocynthiibacter sp003031585	g__Halocynthiibacter	g__Halocynthiibacter	0.974769	0.948588	0.195278	0.190699	488	0.973032	0.945690	0.233018	0.228530	1578	1.000000	0.915662	0.103098	0.100641	27491
GCF_900106845.1	GCF_900015215.1	0.919927	mid_high	s__Romboutsia timonensis	s__Romboutsia ilealis	g__Romboutsia	g__Romboutsia	0.990809	0.933953	0.154545	0.094444	17	0.974368	0.927945	0.130060	0.157046	302	1.000000	0.900538	0.061379	0.074949	9082
GCA_005881615.1	GCA_005884195.1	0.867269	mid_high	s__40CM-2-53-6 sp005881615	s__40CM-2-53-6 sp005884195	g__40CM-2-53-6	g__40CM-2-53-6	0.965599	0.925200	0.086232	0.096669	119	0.961697	0.917357	0.098095	0.117548	556	1.000000	0.870827	0.028309	0.032857	5227
GCF_900129115.1	GCF_001310975.1	0.902966	mid_high	s__Thermoanaerobacter uzonensis	s__Thermoanaerobacter thermocopriae	g__Thermoanaerobacter	g__Thermoanaerobacter	0.972782	0.928120	0.111511	0.090116	31	0.964893	0.925986	0.138250	0.132916	403	1.000000	0.894997	0.059773	0.057246	7777
GCA_009701105.1	GCA_009698745.1	0.846044	mid_high	s__UBA3006 sp009701105	s__UBA3006 sp009698745	g__UBA3006	g__UBA3006	0.958448	0.905313	0.048767	0.047870	91	0.950792	0.909763	0.089984	0.085036	283	1.000000	0.839382	0.012990	0.012665	1264
GCF_000018425.1	GCA_002294005.1	0.861714	mid_high	s__Desulforudis audaxviator	s__Desulforudis sp002294005	g__Desulforudis	g__Desulforudis	0.958333	0.915362	0.055409	0.080153	63	0.951818	0.907485	0.062900	0.107570	216	1.000000	0.851639	0.014303	0.023465	2288
GCA_009841335.1	GCA_002238805.1	0.834567	mid_high	s__Bin80 sp009841335	s__Bin80 sp002238805	g__Bin80	g__Bin80	0.958441	0.899950	0.043951	0.037685	97	0.947856	0.906247	0.084874	0.074567	684	1.000000	0.821188	0.008508	0.007338	2214
GCF_000620845.1	GCF_018617875.1	0.828506	mid_high	s__Exiguobacterium marinum	s__Exiguobacterium sp018617875	g__Exiguobacterium	g__Exiguobacterium	0.965572	0.893327	0.031823	0.034065	59	0.959684	0.896143	0.055444	0.066146	305	1.000000	0.840108	0.012321	0.014149	2961
GCA_910584395.1	GCA_910579775.1	0.841593	mid_high	s__MGBC124762 sp910584395	s__MGBC124762 sp910579775	g__MGBC124762	g__MGBC124762	0.964286	0.911519	0.058473	0.059394	49	0.951162	0.899042	0.072469	0.059182	204	1.000000	0.843276	0.015637	0.013481	1913
GCF_016864015.1	GCF_018860825.1	0.833185	mid_high	s__Oceanihabitans sp016864015	s__Oceanihabitans sp018860825	g__Oceanihabitans	g__Oceanihabitans	0.957933	0.898972	0.031175	0.049904	26	0.953448	0.899968	0.059418	0.075885	253	1.000000	0.828114	0.008361	0.010802	1479
GCF_014652395.1	GCF_016595155.1	0.873447	mid_high	s__Advenella faeciporci	s__Advenella sp016595155	g__Advenella	g__Advenella	0.965851	0.914349	0.064926	0.064111	97	0.956267	0.912688	0.096161	0.093191	531	1.000000	0.865037	0.026316	0.025156	4372
GCF_000521505.1	GCF_004217095.1	0.845511	mid_high	s__Advenella mimigardefordensis	s__Advenella incenata	g__Advenella	g__Advenella	0.955270	0.912377	0.063926	0.057394	255	0.949611	0.913595	0.098899	0.095160	871	1.000000	0.847186	0.016332	0.015539	5238
GCF_000521505.1	GCF_014897675.1	0.848938	mid_high	s__Advenella mimigardefordensis	s__Advenella sp003533245	g__Advenella	g__Advenella	0.958333	0.906720	0.052645	0.048521	210	0.952603	0.908084	0.084024	0.083174	740	1.000000	0.844150	0.014754	0.014529	4732
GCF_900115785.1	GCF_000337095.1	0.842820	mid_high	s__Halogeometricum limi	s__Halogeometricum pallidum	g__Halogeometricum	g__Halogeometricum	0.962467	0.913796	0.070681	0.056842	189	0.953727	0.905194	0.086465	0.069148	405	1.000000	0.846536	0.017109	0.014722	6282
GCF_000092925.1	GCF_007559435.1	0.873190	mid_high	s__Starkeya novella	s__Starkeya sp007559435	g__Starkeya	g__Starkeya	0.967345	0.925126	0.084396	0.098303	556	0.960925	0.905526	0.073436	0.082887	418	1.000000	0.866203	0.025095	0.028156	9158
GCF_001618175.1	GCF_002148795.1	0.839914	mid_high	s__Oceanibaculum pacificum	s__Oceanibaculum nanhaiense	g__Oceanibaculum	g__Oceanibaculum	0.964844	0.917368	0.073303	0.068885	352	0.957973	0.900326	0.070688	0.065031	334	1.000000	0.855315	0.019787	0.019791	5885
GCA_012959275.1	GCA_014240385.1	0.903951	mid_high	s__UBA226 sp012959275	s__UBA226 sp014240385	g__UBA226	g__UBA226	0.966299	0.936368	0.109560	0.155488	102	0.958279	0.935182	0.150213	0.200998	846	1.000000	0.881093	0.034949	0.045540	4543
GCF_000024265.1	GCF_009834925.2	0.903161	mid_high	s__Eggerthella lenta	s__Eggerthella sp014287365	g__Eggerthella	g__Eggerthella	0.978044	0.956575	0.264920	0.234361	1345	0.973257	0.949214	0.250694	0.256940	1083	1.000000	0.926160	0.142957	0.127364	38495
GCF_001575205.1	GCF_000312385.1	0.838476	mid_high	s__Tsukamurella pseudospumae	s__Tsukamurella sp000312385	g__Tsukamurella	g__Tsukamurella	0.958376	0.921557	0.073305	0.090064	494	0.953670	0.913840	0.092152	0.103487	546	1.000000	0.850918	0.016460	0.018907	7079
GCA_018052455.1	GCA_018052475.1	0.806651	mid_high	s__UBA3907 sp018052455	s__UBA3907 sp018052475	g__UBA3907	g__UBA3907	0.000000	0.865296	0.013100	0.013761	0	0.953405	0.882350	0.038786	0.044895	124	1.000000	0.815737	0.006698	0.007088	729
GCF_001936595.1	GCA_000307955.1	0.840777	mid_high	s__Solidesulfovibrio sp001936595	s__Solidesulfovibrio magneticus_A	g__Solidesulfovibrio	g__Solidesulfovibrio	0.963440	0.904341	0.041952	0.052290	153	0.954853	0.897377	0.056729	0.069100	443	1.000000	0.838708	0.012088	0.013453	3914
GCF_014647915.1	GCF_014647895.1	0.841101	mid_high	s__Pilimelia terevasa	s__Pilimelia anulata	g__Pilimelia	g__Pilimelia	0.962520	0.920260	0.088416	0.068726	316	0.958528	0.912764	0.096347	0.093394	451	1.000000	0.859315	0.023735	0.020764	8069
GCF_014648175.1	GCF_016863135.1	0.922156	mid_high	s__Planobispora rosea	s__Planobispora longispora	g__Planobispora	g__Planobispora	0.975165	0.955430	0.240751	0.239678	1666	0.970383	0.944271	0.220472	0.223711	2421	1.000000	0.913128	0.096963	0.094232	68131
GCF_012317185.1	GCA_017161075.1	0.838698	mid_high	s__Clostridium_AQ innocuum	s__Clostridium_AQ sp000165065	g__Clostridium_AQ	g__Clostridium_AQ	0.966797	0.888057	0.023952	0.032301	48	0.961014	0.883855	0.042506	0.044435	323	1.000000	0.839939	0.012664	0.013719	3955
GCF_001611975.1	GCF_012102705.1	0.939988	mid_high	s__Haematospirillum jordaniae	s__Haematospirillum sp012102705	g__Haematospirillum	g__Haematospirillum	0.972632	0.973417	0.403042	0.452669	636	0.970260	0.975215	0.493525	0.531431	2477	1.000000	0.941047	0.195047	0.210798	36162
GCA_016278325.1	GCA_016278285.1	0.846315	mid_high	s__JADQCB01 sp016278325	s__JADQCB01 sp016278285	g__JADQCB01	g__JADQCB01	0.957489	0.911675	0.056691	0.061873	222	0.952588	0.904362	0.078822	0.072521	332	1.000000	0.843622	0.014129	0.014856	3699
GCF_904419545.1	GCA_900760275.1	0.841551	mid_high	s__Woodwardibium gallinarum	s__Woodwardibium sp900760275	g__Woodwardibium	g__Woodwardibium	0.960841	0.917399	0.066339	0.076271	162	0.950037	0.908259	0.069270	0.101846	149	1.000000	0.843602	0.013410	0.015621	2140
GCF_003589745.1	GCF_003862475.1	0.859094	mid_high	s__Lachnoanaerobaculum umeaense	s__Lachnoanaerobaculum gingivalis	g__Lachnoanaerobaculum	g__Lachnoanaerobaculum	0.978831	0.922000	0.108014	0.062880	31	0.962116	0.932449	0.158761	0.164082	656	1.000000	0.888370	0.046344	0.051391	7635
GCF_005871085.1	GCA_000017645.1	0.922506	mid_high	s__Xanthobacter autotrophicus_A	s__Xanthobacter autotrophicus	g__Xanthobacter	g__Xanthobacter	0.973952	0.941416	0.165347	0.142321	835	0.968060	0.929955	0.162221	0.140349	1119	1.000000	0.901525	0.074308	0.064968	26178
GCF_003443995.1	GCF_010915705.1	0.840191	mid_high	s__ETT8 sp003443995	s__ETT8 sp010915705	g__ETT8	g__ETT8	0.962912	0.896278	0.037181	0.035217	182	0.952862	0.894763	0.057004	0.059716	374	1.000000	0.831943	0.010373	0.010720	3623
GCA_001044335.1	GCA_000156155.1	0.945086	mid_high	s__BACL14 sp001044335	s__BACL14 sp000156155	g__BACL14	g__BACL14	0.000000	0.280442	0.000000	0.000000	0	0.000000	0.000000	0.000000	0.000000	0	0.000000	0.000000	0.000000	0.000000	0
GCA_003552185.1	GCA_003552985.1	0.789907	mid_high	s__B1Sed10-166 sp003552185	s__B1Sed10-166 sp003552985	g__B1Sed10-166	g__B1Sed10-166	0.954392	0.871651	0.016738	0.016175	74	0.948584	0.852470	0.021574	0.016077	85	1.000000	0.785688	0.003220	0.002790	846
GCF_019242955.1	GCF_019243775.1	0.918730	mid_high	s__Morganella morganii_A	s__Morganella morganii	g__Morganella	g__Morganella	0.978516	0.896362	0.035975	0.036592	64	0.972526	0.892036	0.051390	0.057170	244	1.000000	0.859050	0.021096	0.022915	5831
GCF_013116765.2	GCF_002812705.1	0.859612	mid_high	s__Achromobacter deleyi_A	s__Achromobacter spanius	g__Achromobacter	g__Achromobacter	0.963037	0.928409	0.099968	0.102393	629	0.958627	0.915914	0.100889	0.105723	931	1.000000	0.872684	0.030363	0.033138	13509
GCA_902797945.1	GCA_017479185.1	0.831316	mid_high	s__UBA10281 sp902797945	s__UBA10281 sp017479185	g__UBA10281	g__UBA10281	0.970588	0.901691	0.041820	0.044271	34	0.962175	0.905074	0.083481	0.071158	94	1.000000	0.856675	0.022014	0.019538	2005
GCF_013168275.1	GCA_003402375.1	0.876170	mid_high	s__Nitrotoga sp013168275	s__Nitrotoga sp003402375	g__Nitrotoga	g__Nitrotoga	0.960069	0.926797	0.091160	0.101279	198	0.957327	0.919596	0.108629	0.119792	598	1.000000	0.865092	0.024276	0.027343	4548
GCF_003350475.1	GCF_001476815.1	0.901581	mid_high	s__Pseudacidovorax intermedius	s__Pseudacidovorax intermedius_A	g__Pseudacidovorax	g__Pseudacidovorax	0.972138	0.937687	0.128448	0.144311	950	0.965030	0.926678	0.125754	0.151684	896	1.000000	0.895019	0.054703	0.061171	21069
GCF_014697425.1	GCF_014697475.1	0.849753	mid_high	s__FACHB-152 sp014697425	s__FACHB-152 sp014697475	g__FACHB-152	g__FACHB-152	0.960677	0.906421	0.051769	0.048407	120	0.954910	0.910008	0.090657	0.085530	1113	1.000000	0.848738	0.017387	0.016022	7607
GCA_002404515.1	GCA_900553925.1	0.858204	mid_high	s__CAG-127 sp002404515	s__CAG-127 sp900553925	g__CAG-127	g__CAG-127	0.967161	0.920671	0.072215	0.086384	118	0.960890	0.910520	0.075427	0.105683	411	1.000000	0.862543	0.021560	0.027091	4396
GCA_009889515.1	GCA_002898395.1	0.834962	mid_high	s__HRBIN02 sp009889515	s__HRBIN02 sp002898395	g__HRBIN02	g__HRBIN02	0.956019	0.895667	0.031991	0.039359	27	0.950526	0.897518	0.059339	0.066568	271	1.000000	0.821187	0.007472	0.008538	1104
GCF_001422575.1	GCF_011684115.1	0.860119	mid_high	s__Rahnella sp001422575	s__Rahnella aceris	g__Rahnella	g__Rahnella	0.963325	0.919607	0.074361	0.078367	288	0.958031	0.914071	0.098454	0.098078	796	1.000000	0.862807	0.023812	0.024709	8543
GCF_003434305.1	GCF_003236335.1	0.857096	mid_high	s__Micromonospora sp003434305	s__Micromonospora deserti	g__Micromonospora	g__Micromonospora	0.964316	0.916885	0.068508	0.071463	444	0.956839	0.903012	0.073456	0.072349	629	1.000000	0.857062	0.020298	0.021644	11249
GCF_003095655.1	GCF_000212355.1	0.937484	mid_high	s__Dokdonia sp003095655	s__Dokdonia sp000212355	g__Dokdonia	g__Dokdonia	0.973558	0.875193	0.017687	0.019202	13	0.970370	0.852892	0.018332	0.019356	80	1.000000	0.821035	0.007530	0.008216	1540
GCA_013112535.1	GCA_002292815.1	0.772340	mid_high	s__UBA7359 sp013112535	s__UBA7359 sp002292815	g__UBA7359	g__UBA7359	0.000000	0.781529	0.000892	0.000949	0	0.939707	0.829509	0.009277	0.010820	43	1.000000	0.748542	0.001022	0.001210	179
GCF_000518645.1	GCF_000381265.1	0.956079	mid_high	s__Curvibacter gracilis	s__Curvibacter lanceolatus	g__Curvibacter	g__Curvibacter	0.983712	0.965240	0.331580	0.326031	2143	0.979707	0.957361	0.324342	0.308339	3006	1.000000	0.943117	0.215850	0.210763	87194
GCA_900546615.1	GCA_004553625.1	0.844599	mid_high	s__Scatomorpha pullistercoris	s__Scatomorpha merdavium	g__Scatomorpha	g__Scatomorpha	0.964461	0.912707	0.058486	0.064070	153	0.953878	0.901745	0.068943	0.071986	212	1.000000	0.851205	0.017577	0.017975	3326
GCF_016587375.1	GCF_000178855.1	0.921655	mid_high	s__Ktedonobacter sp016587375	s__Ktedonobacter racemifer	g__Ktedonobacter	g__Ktedonobacter	0.975359	0.952432	0.250035	0.190476	1792	0.970844	0.947075	0.271225	0.211577	6974	1.000000	0.915357	0.113492	0.089810	86907
GCF_001696685.1	GCF_000438455.1	0.956390	mid_high	s__Nosocomiicoccus ampullae_A	s__Nosocomiicoccus massiliensis	g__Nosocomiicoccus	g__Nosocomiicoccus	0.976496	0.958325	0.266515	0.260579	117	0.979822	0.956726	0.302821	0.319125	569	1.000000	0.930901	0.140261	0.169049	14157
GCF_004343075.1	GCF_001633165.1	0.814560	mid_high	s__Rhodovulum marinum	s__Rhodovulum sulfidophilum	g__Rhodovulum	g__Rhodovulum	0.958054	0.891450	0.035723	0.026910	149	0.948718	0.876024	0.039721	0.031154	182	1.000000	0.815910	0.007438	0.006311	2231
GCF_004343075.1	GCA_011048875.1	0.841169	mid_high	s__Rhodovulum marinum	s__Rhodovulum sp011048875	g__Rhodovulum	g__Rhodovulum	0.961080	0.910289	0.052745	0.060858	220	0.951246	0.899531	0.060017	0.073372	275	1.000000	0.841781	0.012215	0.015548	3664
GCF_003367075.1	GCF_014489415.1	0.960766	mid_high	s__Raphidiopsis raciborskii	s__Raphidiopsis curvispora_A	g__Raphidiopsis	g__Raphidiopsis	0.985189	0.965383	0.347197	0.314239	192	0.982301	0.958209	0.346547	0.302107	2509	1.000000	0.941048	0.216308	0.190220	44651
GCA_017882065.1	GCA_903873975.1	0.847553	mid_high	s__UBA877 sp017882065	s__UBA877 sp903873975	g__UBA877	g__UBA877	0.959503	0.907788	0.067961	0.040246	98	0.950899	0.899320	0.095917	0.045390	350	1.000000	0.834198	0.015494	0.008235	2047
GCA_000503835.1	GCA_001773385.1	0.823220	mid_high	s__UBA8498 sp000503835	s__UBA8498 sp001773385	g__UBA8498	g__UBA8498	0.965074	0.908831	0.052632	0.055556	17	0.959008	0.908408	0.081616	0.087140	103	1.000000	0.855813	0.019778	0.020720	1083
GCA_000996895.1	GCA_001773135.1	0.822332	mid_high	s__UBA8498 sp000996895	s__UBA8498 sp001773135	g__UBA8498	g__UBA8498	0.971875	0.896546	0.036364	0.036630	10	0.955070	0.893535	0.055304	0.057602	61	1.000000	0.838622	0.012370	0.013005	567
GCF_003129605.1	GCA_002783385.1	0.855657	mid_high	s__Hyphobacterium indicum	s__Hyphobacterium sp002783385	g__Hyphobacterium	g__Hyphobacterium	0.961661	0.923577	0.077950	0.096386	216	0.953153	0.920204	0.108429	0.124018	521	1.000000	0.862545	0.022196	0.026506	4693
GCA_003021335.1	GCA_003022085.1	0.768068	mid_high	s__Halovenus sp003021335	s__Halovenus sp003022085	g__Halovenus	g__Halovenus	0.000000	0.825515	0.004191	0.003372	0	0.935185	0.820229	0.008461	0.007188	16	1.000000	0.728925	0.000680	0.000657	100
GCA_902761585.1	GCF_009696445.1	0.948799	mid_high	s__Porcincola sp902800805	s__Porcincola intestinalis	g__Porcincola	g__Porcincola	0.978605	0.961964	0.338742	0.258781	501	0.976781	0.952093	0.321918	0.233748	1316	1.000000	0.931368	0.175647	0.139004	34914
GCA_003576915.1	GCA_019186845.1	0.900466	mid_high	s__UBA2392 sp003576915	s__UBA2392 sp002343805	g__UBA2392	g__UBA2392	0.972145	0.940641	0.144737	0.154717	451	0.967206	0.934436	0.171961	0.168639	969	1.000000	0.902195	0.069200	0.072018	17002
GCF_009867135.1	GCF_001553955.1	0.949520	mid_high	s__Moraxella_A sp002478835	s__Moraxella_A osloensis	g__Moraxella_A	g__Moraxella_A	0.980208	0.975493	0.451467	0.461538	600	0.977823	0.973075	0.471707	0.495322	1959	1.000000	0.948511	0.240950	0.253933	41063
GCA_012030815.1	GCA_005798405.1	0.838232	mid_high	s__Nitrosarchaeum sp012030815	s__Nitrosarchaeum sp005798405	g__Nitrosarchaeum	g__Nitrosarchaeum	0.000000	0.877237	0.020000	0.019355	0	0.950018	0.893407	0.064134	0.049330	103	1.000000	0.822255	0.009003	0.007333	552
GCF_009733735.1	GCA_018970445.1	0.839556	mid_high	s__Sandarakinorhabdus oryzae	s__Sandarakinorhabdus sp018970445	g__Sandarakinorhabdus	g__Sandarakinorhabdus	0.962696	0.906448	0.044543	0.056359	191	0.951429	0.894079	0.055759	0.058836	289	1.000000	0.838218	0.011614	0.013202	2605
GCF_009733735.1	GCF_002251755.1	0.842032	mid_high	s__Sandarakinorhabdus oryzae	s__Sandarakinorhabdus cyanobacteriorum	g__Sandarakinorhabdus	g__Sandarakinorhabdus	0.961236	0.901511	0.042677	0.042887	183	0.956167	0.895164	0.063091	0.055134	327	1.000000	0.839785	0.013348	0.012671	2994
GCF_000527135.1	GCF_001713355.1	0.837395	mid_high	s__Methyloversatilis discipulorum	s__Methyloversatilis sp001713355	g__Methyloversatilis	g__Methyloversatilis	0.958039	0.904549	0.046648	0.047655	318	0.951036	0.891825	0.053278	0.054519	295	1.000000	0.835575	0.011157	0.012010	3689
GCF_000428925.1	GCF_009864005.1	0.929308	mid_high	s__Furfurilactobacillus rossiae	s__Furfurilactobacillus rossiae_B	g__Furfurilactobacillus	g__Furfurilactobacillus	0.974362	0.952669	0.219474	0.220326	284	0.971196	0.951561	0.264108	0.276837	1390	1.000000	0.920115	0.110161	0.119858	20939
GCA_000330845.1	GCF_008369545.1	0.937355	mid_high	s__Pseudocitrobacter sp000330845	s__Pseudocitrobacter sp008369545	g__Pseudocitrobacter	g__Pseudocitrobacter	0.973994	0.943584	0.170965	0.158135	590	0.971549	0.937108	0.198003	0.169197	1527	1.000000	0.909134	0.091049	0.079530	27666
GCA_015484985.1	GCA_015491595.1	0.922005	mid_high	s__S139-71 sp015484985	s__S139-71 sp015491595	g__S139-71	g__S139-71	0.987347	0.944724	0.176982	0.164315	163	0.982827	0.935545	0.168996	0.182192	798	1.000000	0.923617	0.128524	0.125227	17562
GCF_001026905.1	GCF_002118315.1	0.855085	mid_high	s__Kiloniella spongiae	s__Kiloniella majae	g__Kiloniella	g__Kiloniella	0.963374	0.902709	0.045344	0.043580	93	0.957240	0.899597	0.066509	0.066446	563	1.000000	0.845168	0.014981	0.015231	4396
GCF_016908015.1	GCF_900185645.1	0.935329	mid_high	s__Clostridium_AK pascui	s__Clostridium_AK sp900185645	g__Clostridium_AK	g__Clostridium_AK	0.987216	0.923922	0.093220	0.082397	22	0.972006	0.937767	0.184078	0.188587	770	1.000000	0.908202	0.085256	0.081670	14862
GCF_000151105.2	GCA_017656495.1	0.859026	mid_high	s__Thermococcus_B barophilus	s__Thermococcus_B sp017656495	g__Thermococcus_B	g__Thermococcus_B	0.955357	0.905125	0.043933	0.052500	21	0.954824	0.911595	0.091422	0.092402	405	1.000000	0.852280	0.018375	0.018528	2262
GCF_012027325.1	GCF_000517445.1	0.898407	mid_high	s__Thermococcus_B sp012027325	s__Thermococcus_B paralvinellae	g__Thermococcus_B	g__Thermococcus_B	0.966176	0.946846	0.160681	0.207317	85	0.964242	0.952099	0.257072	0.292803	1245	1.000000	0.912083	0.086535	0.099404	11647
GCA_002390425.1	GCA_018699075.1	0.767119	mid_high	s__UBA4441 sp002390425	s__UBA4441 sp018699075	g__UBA4441	g__UBA4441	0.000000	0.787077	0.001199	0.001007	0	0.938034	0.834827	0.012637	0.010586	52	1.000000	0.740016	0.000944	0.000819	141
GCF_006376675.1	GCF_902825325.1	0.904434	mid_high	s__Ochrobactrum pecoris	s__Ochrobactrum sp003176975	g__Ochrobactrum	g__Ochrobactrum	0.970618	0.945508	0.168902	0.181040	1121	0.965890	0.937727	0.179752	0.192711	1708	1.000000	0.903296	0.070329	0.074969	27032
GCF_000264765.2	GCF_001896205.1	0.947552	mid_high	s__Edwardsiella anguillarum	s__Edwardsiella piscicida	g__Edwardsiella	g__Edwardsiella	0.976772	0.982163	0.548718	0.581943	1605	0.975496	0.978346	0.512599	0.605887	3499	1.000000	0.954974	0.278932	0.312537	87424
GCF_001896205.1	GCF_000264785.1	0.924749	mid_high	s__Edwardsiella piscicida	s__Edwardsiella ictaluri	g__Edwardsiella	g__Edwardsiella	0.970946	0.954956	0.221900	0.252267	612	0.967925	0.947927	0.253333	0.237192	1463	1.000000	0.915686	0.100781	0.103000	28191
GCF_000422565.1	GCA_002382645.1	0.851262	mid_high	s__Aminidesulfovibrio aminophilus	s__Aminidesulfovibrio sp002382645	g__Aminidesulfovibrio	g__Aminidesulfovibrio	0.964092	0.928519	0.083942	0.122807	161	0.957709	0.901677	0.059028	0.083768	289	1.000000	0.854052	0.016931	0.021912	4050
GCF_009729545.1	GCA_003086435.1	0.918833	mid_high	s__Acidianus infernus	s__Acidianus hospitalis	g__Acidianus	g__Acidianus	0.967593	0.931203	0.097473	0.125581	27	0.968346	0.944632	0.184023	0.273305	516	1.000000	0.907153	0.068000	0.097067	7863
GCF_002927045.1	GCF_000198775.1	0.914023	mid_high	s__Mycetohabitans endofungorum	s__Mycetohabitans rhizoxinica	g__Mycetohabitans	g__Mycetohabitans	0.968158	0.960784	0.301244	0.269821	1477	0.963623	0.949880	0.279074	0.239259	1459	1.000000	0.911733	0.096295	0.086163	24686
GCF_000198775.1	GCF_900155955.1	0.907343	mid_high	s__Mycetohabitans rhizoxinica	s__Mycetohabitans sp900155955	g__Mycetohabitans	g__Mycetohabitans	0.965361	0.928782	0.099379	0.105488	544	0.958997	0.918963	0.108724	0.115666	663	1.000000	0.873103	0.031078	0.032903	8904
GCF_006175985.1	GCA_004168015.1	0.948296	mid_high	s__Methylotetracoccus oryzae	s__Methylotetracoccus sp004168015	g__Methylotetracoccus	g__Methylotetracoccus	0.980362	0.955335	0.200128	0.286569	1246	0.976982	0.945779	0.192584	0.277838	1527	1.000000	0.925202	0.110359	0.157325	44384
GCA_902789925.1	GCA_902798675.1	0.920588	mid_high	s__RUG12519 sp902789925	s__RUG12519 sp902798675	g__RUG12519	g__RUG12519	0.975996	0.946052	0.161972	0.195467	69	0.968562	0.941274	0.189177	0.221764	430	1.000000	0.904207	0.068182	0.082534	5194
GCF_008330945.1	GCF_001676615.1	0.901695	mid_high	s__Labrys sp008330945	s__Labrys sp001676615	g__Labrys	g__Labrys	0.967660	0.942235	0.158963	0.156006	1778	0.961625	0.931896	0.157919	0.160103	2049	1.000000	0.891278	0.052812	0.052161	31350
GCA_002348265.1	GCA_002348465.1	0.938601	mid_high	s__UBA2589 sp002348265	s__UBA2589 sp002348465	g__UBA2589	g__UBA2589	0.976058	0.957872	0.251823	0.267900	449	0.974362	0.953479	0.275829	0.294007	1722	1.000000	0.924849	0.126480	0.135564	26176
GCA_902530455.1	GCA_902605645.1	0.861800	mid_high	s__MED727 sp902530455	s__MED727 sp902605645	g__MED727	g__MED727	0.000000	0.893578	0.034884	0.031579	0	0.954365	0.901887	0.082963	0.060280	56	1.000000	0.838381	0.014734	0.010911	435
GCF_013170825.1	GCF_006439355.1	0.841762	mid_high	s__Mesorhizobium sp013170825	s__Mesorhizobium sp006439355	g__Mesorhizobium	g__Mesorhizobium	0.959655	0.899631	0.036840	0.044050	402	0.950013	0.879515	0.033000	0.045277	429	1.000000	0.824898	0.007840	0.009620	4689
GCA_002366595.1	GCA_003453555.1	0.894016	mid_high	s__UBA7937 sp002366595	s__UBA7937 sp003453555	g__UBA7937	g__UBA7937	0.968387	0.930217	0.102625	0.111979	86	0.960262	0.926571	0.130490	0.145332	713	1.000000	0.879708	0.036754	0.040878	6273
GCA_902782995.1	GCA_910578885.1	0.776674	mid_high	s__RUG115 sp902782995	s__RUG115 sp910578885	g__RUG115	g__RUG115	0.000000	0.800104	0.001613	0.001723	0	0.946819	0.820059	0.009498	0.006345	39	1.000000	0.737344	0.000919	0.000737	166
GCA_902781345.1	GCA_902773485.1	0.828908	mid_high	s__RUG11462 sp902781345	s__RUG11462 sp902773485	g__RUG11462	g__RUG11462	0.968750	0.883583	0.024735	0.023490	14	0.950980	0.878008	0.030303	0.045455	34	1.000000	0.831212	0.009191	0.011606	661
GCF_000469505.1	GCF_001274535.1	0.889952	mid_high	s__Leptotrichia_A sp000469505	s__Leptotrichia_A sp001274535	g__Leptotrichia_A	g__Leptotrichia_A	0.979167	0.916996	0.080537	0.061224	12	0.961322	0.940334	0.204887	0.194629	587	1.000000	0.893404	0.058145	0.053986	6532
GCF_000633595.2	GCF_001038625.1	0.921832	mid_high	s__Clostridium_AM drakei	s__Clostridium_AM carboxidivorans	g__Clostridium_AM	g__Clostridium_AM	0.980324	0.926908	0.096085	0.096774	27	0.968751	0.937302	0.188199	0.179890	1043	1.000000	0.903234	0.072657	0.073216	18465
GCA_002732015.1	GCA_002171495.2	0.828703	mid_high	s__GCA-2732015 sp002732015	s__GCA-2732015 sp002171495	g__GCA-2732015	g__GCA-2732015	0.000000	0.280442	0.000000	0.000000	0	0.946914	0.899537	0.062893	0.070039	90	1.000000	0.827136	0.009128	0.009493	554
GCA_018302605.1	GCA_016203205.1	0.864334	mid_high	s__JACOZP01 sp018302605	s__JACOZP01 sp016203205	g__JACOZP01	g__JACOZP01	0.966667	0.921008	0.066079	0.096463	30	0.957207	0.906828	0.064069	0.101928	148	1.000000	0.857934	0.017290	0.026516	1362
GCA_900539345.1	GCA_900555105.1	0.935227	mid_high	s__UMGS124 sp900539345	s__UMGS124 sp900555105	g__UMGS124	g__UMGS124	0.978631	0.955462	0.196911	0.293631	816	0.978704	0.948225	0.209138	0.291971	920	1.000000	0.927554	0.115003	0.170441	23384
GCF_001748285.1	GCF_008974285.1	0.896120	mid_high	s__Thermogemmatispora onikobensis	s__Thermogemmatispora aurantia	g__Thermogemmatispora	g__Thermogemmatispora	0.973924	0.942946	0.161848	0.160360	767	0.968506	0.932878	0.165897	0.160701	1724	1.000000	0.904139	0.075096	0.074035	30528
GCF_003268475.1	GCF_000702505.1	0.877785	mid_high	s__Thermogemmatispora tikiterensis	s__Thermogemmatispora carboxidivorans	g__Thermogemmatispora	g__Thermogemmatispora	0.950000	0.827850	0.004029	0.004073	20	0.965142	0.785799	0.002960	0.003202	34	1.000000	0.746977	0.001038	0.001094	448
GCF_000183545.2	GCF_000184705.1	0.850291	mid_high	s__Thermaerobacter subterraneus	s__Thermaerobacter marianensis	g__Thermaerobacter	g__Thermaerobacter	0.974432	0.844585	0.006879	0.006962	11	0.968013	0.808931	0.005634	0.005865	22	1.000000	0.776268	0.002438	0.002325	461
GCA_013180565.1	GCA_013139985.1	0.945715	mid_high	s__QENH01 sp013180565	s__QENH01 sp013139985	g__QENH01	g__QENH01	0.986640	0.959015	0.244991	0.296256	269	0.984685	0.948066	0.213214	0.283941	1052	1.000000	0.935532	0.158020	0.192681	27174
GCA_002505325.1	GCA_014240285.1	0.846589	mid_high	s__Thalassarchaeum sp002505325	s__Thalassarchaeum sp014240285	g__Thalassarchaeum	g__Thalassarchaeum	0.960827	0.913667	0.069813	0.057074	71	0.953522	0.913358	0.100225	0.092703	357	1.000000	0.854598	0.020767	0.018447	2173
GCF_000559025.1	GCF_004803715.2	0.842427	mid_high	s__Luteimonas huabeiensis	s__Luteimonas yindakuii	g__Luteimonas	g__Luteimonas	0.961385	0.913864	0.063434	0.063614	314	0.952427	0.890924	0.047737	0.057957	232	1.000000	0.843147	0.012314	0.016259	3660
GCA_017635515.1	GCA_015058655.1	0.881524	mid_high	s__Selenomonas_B sp017635515	s__Selenomonas_B ruminantium_C	g__Selenomonas_B	g__Selenomonas_B	0.976342	0.931654	0.105420	0.119514	177	0.972898	0.919247	0.103840	0.122975	630	1.000000	0.892024	0.049449	0.058418	11339
GCF_000526375.1	GCA_002425685.1	0.933897	mid_high	s__Aminiphilus circumscriptus	s__Aminiphilus sp002425685	g__Aminiphilus	g__Aminiphilus	0.975099	0.957968	0.257323	0.263778	694	0.971809	0.950603	0.253760	0.273603	1704	1.000000	0.922111	0.121058	0.122941	30211
GCA_013698135.1	GCA_013812395.1	0.862993	mid_high	s__JACCTL01 sp013698135	s__JACCTL01 sp013812395	g__JACCTL01	g__JACCTL01	0.963682	0.913973	0.067704	0.060016	148	0.956186	0.901937	0.074556	0.067258	235	1.000000	0.854075	0.020333	0.018196	3227
GCF_000754225.1	GCF_009796845.1	0.831232	mid_high	s__Cobetia amphilecti	s__Cobetia sp009796845	g__Cobetia	g__Cobetia	0.962352	0.910176	0.054765	0.058190	254	0.955743	0.897934	0.071369	0.056604	513	1.000000	0.849559	0.017476	0.016521	5583
GCA_903874275.1	GCA_903904005.1	0.862397	mid_high	s__CAIOAK01 sp903874275	s__CAIOAK01 sp903904005	g__CAIOAK01	g__CAIOAK01	0.965739	0.917367	0.071142	0.070974	301	0.957223	0.907162	0.073852	0.090033	542	1.000000	0.858332	0.020771	0.022768	8261
GCA_902572695.1	GCA_001321855.1	0.964687	mid_high	s__PRT-SC02 sp902572695	s__PRT-SC02 sp001321855	g__PRT-SC02	g__PRT-SC02	0.987981	0.950745	0.220339	0.194030	13	0.982659	0.948341	0.252187	0.243662	173	1.000000	0.927547	0.143065	0.138800	4228
GCA_902633855.1	GCA_002694595.1	0.947411	mid_high	s__TMED25 sp902633855	s__TMED25 sp002694595	g__TMED25	g__TMED25	0.974432	0.930491	0.082397	0.141935	22	0.974392	0.937248	0.134102	0.251721	256	1.000000	0.910180	0.064301	0.120524	4604
GCF_017812015.1	GCF_009827545.1	0.784305	mid_high	s__Pontixanthobacter sp017812015	s__Pontixanthobacter gangjinensis	g__Pontixanthobacter	g__Pontixanthobacter	0.950521	0.822143	0.003033	0.003755	12	0.941015	0.799486	0.004253	0.004665	27	1.000000	0.727628	0.000581	0.000667	138
GCF_013820765.1	GCF_000766145.1	0.896830	mid_high	s__Listeria_A rustica	s__Listeria_A newyorkensis	g__Listeria_A	g__Listeria_A	0.968192	0.926053	0.097674	0.090129	168	0.963057	0.919802	0.115820	0.113613	787	1.000000	0.878895	0.038029	0.037435	8836
GCF_004217495.1	GCF_001425085.1	0.904849	mid_high	s__Microterricola gilva	s__Microterricola sp001425085	g__Microterricola	g__Microterricola	0.966659	0.934348	0.125956	0.118851	807	0.963387	0.923234	0.130810	0.121075	698	1.000000	0.882735	0.042745	0.040387	12784
GCF_900104895.1	GCF_002936985.1	0.963516	mid_high	s__Microterricola viridarii	s__Microterricola pindariensis	g__Microterricola	g__Microterricola	0.984508	0.955078	0.231894	0.243280	1412	0.980079	0.944310	0.215774	0.229067	1056	1.000000	0.929442	0.143957	0.150951	41886
GCA_002712335.1	GCA_002719885.1	0.936548	mid_high	s__UBA2964 sp002712335	s__UBA2964 sp002719885	g__UBA2964	g__UBA2964	0.974594	0.960646	0.274921	0.293065	262	0.973107	0.958129	0.317894	0.327914	1654	1.000000	0.924970	0.127308	0.135207	20840
GCA_002709005.1	GCA_002707605.1	0.836581	mid_high	s__Pseudohoeflea sp002709005	s__Pseudohoeflea sp002707605	g__Pseudohoeflea	g__Pseudohoeflea	0.967048	0.904085	0.047173	0.045746	257	0.965785	0.899459	0.067146	0.065329	420	1.000000	0.858743	0.021403	0.022168	7371
GCF_000759795.1	GCF_007680145.1	0.938579	mid_high	s__Pseudescherichia vulneris	s__Pseudescherichia sp002298805	g__Pseudescherichia	g__Pseudescherichia	0.974297	0.957641	0.257858	0.257779	845	0.972163	0.950747	0.264444	0.264594	1872	1.000000	0.923095	0.124727	0.123969	36552
GCF_007197735.1	GCF_001439665.1	0.829473	mid_high	s__Formosa sediminum	s__Formosa algae	g__Formosa	g__Formosa	0.953125	0.893315	0.036117	0.029991	32	0.953582	0.889874	0.057365	0.045572	229	1.000000	0.826676	0.010062	0.008368	1733
GCF_012912135.1	GCF_000828085.3	0.936985	mid_high	s__Brasilonema bromeliae	s__Brasilonema tolypothrichoides	g__Brasilonema	g__Brasilonema	0.981389	0.951394	0.234619	0.189954	450	0.976256	0.949866	0.286605	0.232800	3218	1.000000	0.925259	0.147393	0.118426	56353
GCA_902567855.1	GCA_902577425.1	0.929710	mid_high	s__MarineAlpha5-Bin3 sp902567855	s__MarineAlpha5-Bin3 sp902577425	g__MarineAlpha5-Bin3	g__MarineAlpha5-Bin3	0.984375	0.937209	0.133333	0.134831	12	0.972690	0.958421	0.355348	0.298013	495	1.000000	0.928754	0.154573	0.137200	9631
GCA_002771075.1	GCA_001825335.1	0.930014	mid_high	s__WO2-35-19 sp002771075	s__WO2-35-19 sp001825335	g__WO2-35-19	g__WO2-35-19	0.000000	0.933208	0.126984	0.109589	0	0.973214	0.925132	0.145078	0.120950	112	1.000000	0.902602	0.075981	0.067481	1818
GCF_000755145.1	GCF_000413095.1	0.893678	mid_high	s__Treponema_B putidum	s__Treponema_B denticola_A	g__Treponema_B	g__Treponema_B	0.972756	0.945964	0.194223	0.162095	195	0.965789	0.941127	0.204601	0.203431	498	1.000000	0.899479	0.067831	0.063837	9051
GCF_007559025.1	GCF_016599145.1	0.884624	mid_high	s__Tomitella sp007559025	s__Tomitella cavernea	g__Tomitella	g__Tomitella	0.964131	0.930387	0.109644	0.105955	548	0.958924	0.926535	0.139415	0.135769	706	1.000000	0.876703	0.035433	0.035631	11618
GCA_905182735.1	GCA_002723295.1	0.770616	mid_high	s__GCA-002723295 sp905182735	s__GCA-002723295 sp002723295	g__GCA-002723295	g__GCA-002723295	0.000000	0.280442	0.000000	0.000000	0	0.944444	0.827942	0.007769	0.011873	18	1.000000	0.717290	0.000398	0.000608	37
GCA_900540685.1	GCA_900764725.1	0.923771	mid_high	s__Catenibacterium sp900540685	s__Catenibacterium sp900764725	g__Catenibacterium	g__Catenibacterium	0.972222	0.934085	0.154286	0.095406	27	0.968647	0.942860	0.254156	0.179824	795	1.000000	0.909763	0.101843	0.074271	13326
GCA_017633865.1	GCA_017629765.1	0.771531	mid_high	s__UMGS1490 sp017633865	s__UMGS1490 sp017629765	g__UMGS1490	g__UMGS1490	0.000000	0.843812	0.007009	0.006503	0	0.938272	0.840814	0.014101	0.013108	24	1.000000	0.770476	0.001994	0.002051	178
GCF_900109225.1	GCF_000381065.1	0.964527	mid_high	s__Propionispira arboris	s__Propionispira raffinosivorans	g__Propionispira	g__Propionispira	0.984917	0.970916	0.395016	0.393544	634	0.983881	0.965340	0.385074	0.399598	2585	1.000000	0.950828	0.252318	0.275851	63232
GCF_003426945.1	GCA_002355995.1	0.852926	mid_high	s__Thermus sediminis	s__Thermus thermophilus_C	g__Thermus	g__Thermus	0.969952	0.910391	0.060890	0.053061	26	0.952016	0.899087	0.060381	0.071203	203	1.000000	0.854969	0.019925	0.020423	2379
GCF_000426085.1	GCF_011393025.1	0.919768	mid_high	s__URHB0009 sp000426085	s__URHB0009 sp011393025	g__URHB0009	g__URHB0009	0.972867	0.952371	0.217647	0.217968	296	0.967228	0.951374	0.272185	0.265933	2466	1.000000	0.913809	0.096166	0.098003	28308
GCA_017305815.1	GCF_014196455.1	0.811346	mid_high	s__Kaistia sp017305815	s__Kaistia hirudinis	g__Kaistia	g__Kaistia	0.957621	0.895885	0.041015	0.031131	278	0.948313	0.876446	0.039425	0.032111	225	1.000000	0.814461	0.007400	0.005770	2637
GCA_003559755.1	GCA_003553185.1	0.911389	mid_high	s__PUPC01 sp003559755	s__PUPC01 sp003553185	g__PUPC01	g__PUPC01	0.973382	0.947323	0.193889	0.177135	533	0.968060	0.938324	0.207718	0.172230	872	1.000000	0.908238	0.087255	0.080280	22341
GCA_005778045.1	GCA_903892045.1	0.930473	mid_high	s__F1-120-MAGs118 sp005778045	s__F1-120-MAGs118 sp903892045	g__F1-120-MAGs118	g__F1-120-MAGs118	0.973996	0.952919	0.246427	0.199391	1638	0.967308	0.944661	0.239721	0.210133	1236	1.000000	0.915171	0.110920	0.090621	31577
GCF_900107215.1	GCA_002385485.1	0.952253	mid_high	s__Acetomicrobium thermoterrenum	s__Acetomicrobium sp002385485	g__Acetomicrobium	g__Acetomicrobium	0.981477	0.960398	0.258945	0.306236	275	0.978549	0.956849	0.286121	0.340000	1105	1.000000	0.934112	0.156033	0.181209	19937
GCF_900156175.1	GCF_900451145.1	0.918695	mid_high	s__Janthinobacterium sp900156175	s__Janthinobacterium lividum	g__Janthinobacterium	g__Janthinobacterium	0.971086	0.953511	0.232642	0.219361	1806	0.968783	0.942413	0.220793	0.202065	1820	1.000000	0.911774	0.092556	0.089722	38450
GCA_905372355.1	GCF_000208405.1	0.949938	mid_high	s__Selenomonas sp905372355	s__Selenomonas sputigena	g__Selenomonas	g__Selenomonas	0.980615	0.963371	0.329317	0.291262	1230	0.978050	0.953351	0.303544	0.265320	788	1.000000	0.933709	0.179112	0.152960	31039
GCF_000517425.1	GCF_000517405.1	0.960224	mid_high	s__Sodalis_A praecaptivus	s__Sodalis_A pierantonius	g__Sodalis_A	g__Sodalis_A	0.984087	0.951134	0.190896	0.229601	650	0.983374	0.942477	0.203093	0.220439	1497	1.000000	0.926211	0.128587	0.142613	42813
GCA_016869835.1	GCA_011008935.1	0.828960	mid_high	s__KMS-5 sp016869835	s__KMS-5 sp011008935	g__KMS-5	g__KMS-5	0.960938	0.889822	0.036536	0.023708	100	0.948378	0.886515	0.050413	0.043254	226	1.000000	0.823694	0.009464	0.007559	2155
GCF_014652915.1	GCA_018401495.1	0.844304	mid_high	s__Thalassobaculum_A fulvum	s__Thalassobaculum_A sp018401495	g__Thalassobaculum_A	g__Thalassobaculum_A	0.963365	0.912659	0.057730	0.064710	441	0.950214	0.899017	0.068960	0.062111	459	1.000000	0.842272	0.013401	0.014501	6889
GCA_007693945.1	GCA_003558175.1	0.774650	mid_high	s__PWMO01 sp007693945	s__PWMO01 sp003558175	g__PWMO01	g__PWMO01	0.954327	0.828151	0.003534	0.004734	13	0.940741	0.829442	0.008726	0.011463	50	1.000000	0.747477	0.000914	0.001271	269
GCA_902624765.1	GCA_902578495.1	0.887139	mid_high	s__CACNYO01 sp902624765	s__CACNYO01 sp902578495	g__CACNYO01	g__CACNYO01	0.970052	0.932172	0.126984	0.102564	24	0.964875	0.943025	0.238342	0.193481	368	1.000000	0.899307	0.071558	0.060356	4228
GCA_012964235.1	GCA_002686675.1	0.934436	mid_high	s__UBA8229 sp012964235	s__UBA8229 sp002686675	g__UBA8229	g__UBA8229	0.979167	0.942243	0.100000	0.248120	33	0.974354	0.940725	0.132085	0.308348	543	1.000000	0.914676	0.065269	0.151581	7725
GCF_003013695.1	GCA_002434305.1	0.913577	mid_high	s__Pulveribacter suum	s__Pulveribacter sp002434305	g__Pulveribacter	g__Pulveribacter	0.971388	0.951652	0.212854	0.212854	616	0.961300	0.945917	0.241463	0.223252	891	1.000000	0.914759	0.101734	0.096371	19040
GCF_006539725.1	GCF_003261575.2	0.842125	mid_high	s__Klebsiella terrigena	s__Klebsiella huaxiensis	g__Klebsiella	g__Klebsiella	0.961475	0.902288	0.044345	0.043378	189	0.956995	0.900462	0.079854	0.057988	633	1.000000	0.843768	0.015363	0.013698	5648
GCA_900759445.1	GCF_009707385.1	0.832171	mid_high	s__Klebsiella sp900759445	s__Klebsiella oxytoca_C	g__Klebsiella	g__Klebsiella	0.961184	0.893508	0.040254	0.027244	95	0.950865	0.892898	0.067150	0.045837	398	1.000000	0.833202	0.013214	0.008977	3147
GCF_015690345.1	GCF_004217235.1	0.847534	mid_high	s__Plantactinospora sp015690345	s__Plantactinospora sp004217235	g__Plantactinospora	g__Plantactinospora	0.961959	0.912835	0.054603	0.069191	497	0.955433	0.901111	0.058717	0.081676	846	1.000000	0.850405	0.015567	0.019699	12543
GCF_007673525.1	GCF_005503015.1	0.922117	mid_high	s__Fictibacillus phosphorivorans_C	s__Fictibacillus sp005503015	g__Fictibacillus	g__Fictibacillus	0.971189	0.958744	0.268217	0.265949	346	0.968070	0.959998	0.345883	0.333382	2306	1.000000	0.924711	0.130029	0.130646	34430
GCA_017417215.1	GCA_017526725.1	0.838000	mid_high	s__RUG334 sp017417215	s__RUG334 sp017526725	g__RUG334	g__RUG334	0.977971	0.922791	0.096979	0.073671	61	0.960898	0.904757	0.087956	0.066389	287	1.000000	0.862237	0.026738	0.021363	3353
GCF_000407445.1	GCF_002141365.1	0.834759	mid_high	s__Enterococcus moraviensis	s__Enterococcus sp002141365	g__Enterococcus	g__Enterococcus	0.965461	0.900472	0.043084	0.039749	38	0.956677	0.897773	0.064025	0.062551	383	1.000000	0.845605	0.015797	0.014910	3365
GCA_016783995.1	GCA_002779205.1	0.920903	mid_high	s__Hydromicrobium sp016783995	s__Hydromicrobium americanum	g__Hydromicrobium	g__Hydromicrobium	0.984375	0.938021	0.152542	0.124138	18	0.980810	0.919522	0.119136	0.108794	193	1.000000	0.905643	0.075856	0.080006	4928
GCA_903857165.1	GCA_903911305.1	0.798753	mid_high	s__Methyloumidiphilus sp903857165	s__Methyloumidiphilus sp903911305	g__Methyloumidiphilus	g__Methyloumidiphilus	0.961268	0.878123	0.020391	0.020091	71	0.951999	0.867523	0.031682	0.024679	277	1.000000	0.810465	0.006424	0.005405	1998
GCA_003220935.1	GCA_001917665.1	0.918565	mid_high	s__20CM-4-69-16 sp003220935	s__20CM-4-69-16 sp001917665	g__20CM-4-69-16	g__20CM-4-69-16	0.968712	0.952892	0.168535	0.291039	812	0.964566	0.944705	0.164208	0.307488	924	1.000000	0.908415	0.064124	0.110230	21068
GCA_001919865.1	GCA_003222135.1	0.832649	mid_high	s__20CM-4-69-16 sp001919865	s__20CM-4-69-16 sp003222135	g__20CM-4-69-16	g__20CM-4-69-16	0.957082	0.913720	0.069222	0.057759	233	0.949605	0.903904	0.080816	0.069005	305	1.000000	0.835889	0.013015	0.010737	2976
GCA_019119775.1	GCA_019114465.1	0.850672	mid_high	s__Lachnoclostridium_A pullistercoris	s__Lachnoclostridium_A avicola	g__Lachnoclostridium_A	g__Lachnoclostridium_A	0.957908	0.911577	0.056911	0.061250	49	0.952635	0.911898	0.100483	0.085456	624	1.000000	0.852249	0.019229	0.017795	4223
GCF_009856415.1	GCF_900104185.1	0.903124	mid_high	s__Halobacillus litoralis_C	s__Halobacillus aidingensis	g__Halobacillus	g__Halobacillus	0.967959	0.940352	0.152216	0.144424	237	0.961564	0.933484	0.168427	0.163558	1403	1.000000	0.890623	0.053373	0.050351	14455
GCF_000382125.1	GCA_905479615.1	0.820381	mid_high	s__Eudoraea adriatica	s__Eudoraea sp905479615	g__Eudoraea	g__Eudoraea	0.961397	0.888844	0.019814	0.041063	17	0.944605	0.887016	0.036011	0.062213	230	1.000000	0.799077	0.003330	0.005700	670
GCF_001708505.1	GCF_012767755.2	0.845275	mid_high	s__Pseudomonas_F sp001708505	s__Pseudomonas_F sp003234055	g__Pseudomonas_F	g__Pseudomonas_F	0.962322	0.914989	0.068919	0.062922	457	0.955274	0.904188	0.071394	0.079316	737	1.000000	0.859856	0.023100	0.021813	9772
GCF_002355475.1	GCF_008807375.1	0.868652	mid_high	s__Pseudomonas_F furukawaii	s__Pseudomonas_F lalkuanensis	g__Pseudomonas_F	g__Pseudomonas_F	0.965089	0.933295	0.124307	0.112577	717	0.957552	0.921558	0.120828	0.119735	1191	1.000000	0.879997	0.037642	0.039832	16326
GCA_900544395.1	GCF_008121495.1	0.853162	mid_high	s__Ruminococcus_B sp900544395	s__Ruminococcus_B gnavus	g__Ruminococcus_B	g__Ruminococcus_B	0.974554	0.917058	0.084439	0.058626	70	0.965941	0.908382	0.090264	0.078680	572	1.000000	0.870289	0.034970	0.025529	6725
GCA_002813285.1	GCF_017810075.1	0.946950	mid_high	s__Pseudozobellia sp002813285	s__Pseudozobellia sp017810075	g__Pseudozobellia	g__Pseudozobellia	0.975284	0.937367	0.134721	0.134804	220	0.976368	0.924301	0.128512	0.130548	956	1.000000	0.899920	0.065493	0.067165	16620
GCA_013824165.1	GCF_015624425.1	0.826008	mid_high	s__Kinneretia sp013824165	s__Kinneretia sp015624425	g__Kinneretia	g__Kinneretia	0.962649	0.892453	0.036058	0.028428	210	0.953547	0.875648	0.035812	0.033859	236	1.000000	0.828449	0.010816	0.008423	3409
GCA_900539175.1	GCA_018714325.1	0.787524	mid_high	s__Pelethocola sp900539175	s__Pelethocola excrementipullorum	g__Pelethocola	g__Pelethocola	0.000000	0.825608	0.003487	0.004077	0	0.947961	0.825159	0.009759	0.008133	79	1.000000	0.754908	0.001297	0.001362	379
GCF_000189775.2	GCF_000747665.1	0.913579	mid_high	s__Thermoanaerobacterium xylanolyticum	s__Thermoanaerobacterium saccharolyticum_A	g__Thermoanaerobacterium	g__Thermoanaerobacterium	0.974646	0.946519	0.194495	0.167722	106	0.963998	0.949356	0.270035	0.240372	930	1.000000	0.910844	0.092093	0.087020	13837
GCF_009905255.1	GCF_017874545.1	0.848569	mid_high	s__Thermoanaerobacterium aotearoense	s__Thermoanaerobacterium butyriciformans	g__Thermoanaerobacterium	g__Thermoanaerobacterium	0.970052	0.899473	0.039024	0.041166	24	0.964103	0.889976	0.050861	0.051683	195	1.000000	0.853752	0.019440	0.018756	3068
GCF_000423645.1	GCA_011389955.1	0.843873	mid_high	s__Sediminimonas qiaohouensis	s__Sediminimonas sp011389955	g__Sediminimonas	g__Sediminimonas	0.958333	0.899584	0.029968	0.053988	111	0.950753	0.890428	0.039368	0.068421	182	1.000000	0.829086	0.007293	0.013173	1917
GCA_001898825.1	GCA_002435715.1	0.894705	mid_high	s__Magnetospirillum sp001898825	s__Magnetospirillum sp002435715	g__Magnetospirillum	g__Magnetospirillum	0.966825	0.935312	0.128659	0.123754	422	0.961211	0.921551	0.124265	0.116376	867	1.000000	0.880564	0.039928	0.038935	12651
GCF_900114005.1	GCF_007827365.1	0.838010	mid_high	s__Olleya namhaensis	s__Olleya sp002323495	g__Olleya	g__Olleya	0.958615	0.914202	0.066308	0.062185	37	0.954970	0.912082	0.096481	0.089891	329	1.000000	0.852849	0.018906	0.018335	3089
GCF_003260095.1	GCF_004519515.1	0.832743	mid_high	s__Glaesserella australis	s__Glaesserella indolica_A	g__Glaesserella	g__Glaesserella	0.962674	0.899291	0.037975	0.041812	36	0.948797	0.897699	0.063674	0.062644	217	1.000000	0.839217	0.012682	0.012960	1579
GCA_018712435.1	GCF_002160025.1	0.914344	mid_high	s__Caccousia avicola	s__Caccousia stercoris	g__Caccousia	g__Caccousia	0.970014	0.943410	0.193045	0.138493	272	0.967331	0.926898	0.180528	0.106927	636	1.000000	0.892504	0.065300	0.045607	11382
GCA_902364065.1	GCF_000155955.1	0.841629	mid_high	s__Mitsuokella sp003458855	s__Mitsuokella multacida	g__Mitsuokella	g__Mitsuokella	0.957056	0.923041	0.093769	0.077423	310	0.957206	0.892284	0.054674	0.054458	193	1.000000	0.842732	0.014727	0.013389	2900
GCF_013607875.1	GCF_003431825.1	0.847563	mid_high	s__Blastomonas ursincola	s__Blastomonas fulva	g__Blastomonas	g__Blastomonas	0.958873	0.910287	0.057272	0.056039	367	0.953419	0.900138	0.071610	0.063542	423	1.000000	0.845807	0.015875	0.014857	4998
GCF_003201955.1	GCF_003431825.1	0.840658	mid_high	s__Blastomonas natatoria	s__Blastomonas fulva	g__Blastomonas	g__Blastomonas	0.958960	0.905242	0.048163	0.048252	316	0.953181	0.894457	0.057151	0.058585	390	1.000000	0.838103	0.012505	0.012390	4168
GCF_003719295.1	GCA_002414665.1	0.815724	mid_high	s__Haliea alexandrii	s__Haliea sp002414665	g__Haliea	g__Haliea	0.959609	0.898005	0.038103	0.038381	147	0.952005	0.900431	0.068157	0.067828	436	1.000000	0.835908	0.011835	0.011568	3027
GCF_000423125.1	GCA_002416125.1	0.816051	mid_high	s__Haliea salexigens	s__Haliea sp002416125	g__Haliea	g__Haliea	0.956303	0.890999	0.028922	0.032293	118	0.948585	0.890714	0.046843	0.058397	322	1.000000	0.822180	0.007561	0.008674	2083
GCA_016285615.1	GCA_017454945.1	0.948861	mid_high	s__JAFTCA01 sp016285615	s__JAFTCA01 sp017454945	g__JAFTCA01	g__JAFTCA01	0.983680	0.955672	0.235781	0.248545	427	0.980301	0.947112	0.235862	0.243795	1051	1.000000	0.929577	0.145217	0.151014	24586
GCF_008033385.1	GCF_009796805.1	0.833153	mid_high	s__Algibacter pacificus	s__Algibacter sp009796805	g__Algibacter	g__Algibacter	0.967226	0.899830	0.039767	0.041331	41	0.951852	0.893237	0.056938	0.055057	270	1.000000	0.833239	0.011376	0.010489	2063
GCA_900112395.1	GCF_009796805.1	0.859218	mid_high	s__Algibacter lectus	s__Algibacter sp009796805	g__Algibacter	g__Algibacter	0.967758	0.911412	0.054310	0.063508	63	0.957516	0.915117	0.098247	0.103997	510	1.000000	0.862191	0.023567	0.024233	4766
GCF_002940085.1	GCF_000963005.1	0.837305	mid_high	s__Xanthomonas_A sacchari	s__Xanthomonas_A sp000963005	g__Xanthomonas_A	g__Xanthomonas_A	0.959592	0.904558	0.041464	0.053645	273	0.952263	0.884247	0.044393	0.043457	270	1.000000	0.830161	0.008780	0.011424	2951
GCF_900113485.1	GCF_001423295.1	0.865857	mid_high	s__Methylobacterium gossipiicola	s__Methylobacterium sp001423295	g__Methylobacterium	g__Methylobacterium	0.961546	0.930152	0.111440	0.102691	603	0.956401	0.918543	0.113594	0.108222	666	1.000000	0.866505	0.027518	0.026406	10111
GCF_018390575.1	GCF_000348905.1	0.875881	mid_high	s__Bhargavaea sp018390575	s__Bhargavaea cecembensis	g__Bhargavaea	g__Bhargavaea	0.966894	0.947226	0.191071	0.178635	505	0.961029	0.938455	0.192472	0.187188	900	1.000000	0.895866	0.061617	0.058038	14864
GCF_001619585.1	GCF_900101985.1	0.846432	mid_high	s__Bhargavaea cecembensis_A	s__Bhargavaea beijingensis	g__Bhargavaea	g__Bhargavaea	0.957796	0.918662	0.072415	0.075752	194	0.950346	0.904890	0.073358	0.080176	364	1.000000	0.844389	0.014465	0.015334	3626
GCF_902153245.2	GCF_902502825.2	0.835337	mid_high	s__Pseudorhizobium endolithicum	s__Pseudorhizobium flavum	g__Pseudorhizobium	g__Pseudorhizobium	0.961968	0.899169	0.041927	0.037576	235	0.956219	0.883957	0.049265	0.038550	335	1.000000	0.831170	0.011038	0.009634	3851
GCA_002731655.1	GCA_003193815.1	0.944832	mid_high	s__UBA8886 sp002731655	s__UBA8886 sp003193815	g__UBA8886	g__UBA8886	0.977974	0.943985	0.145870	0.190149	166	0.977000	0.932972	0.131532	0.203721	219	1.000000	0.912469	0.078925	0.110411	5505
GCF_000012125.1	GCF_900169085.1	0.812668	mid_high	s__Chlamydia trachomatis	s__Chlamydia suis	g__Chlamydia	g__Chlamydia	0.962500	0.908886	0.056338	0.052083	20	0.955979	0.913037	0.098259	0.092937	175	1.000000	0.860108	0.022737	0.022837	1520
GCA_015486915.1	GCA_015493575.1	0.938501	mid_high	s__4572-130 sp015486915	s__4572-130 sp015493575	g__4572-130	g__4572-130	0.981351	0.956555	0.224367	0.276374	186	0.980076	0.952397	0.253375	0.301895	1370	1.000000	0.932600	0.148868	0.175188	29948
GCA_005877855.1	GCA_005877505.1	0.861010	mid_high	s__NS-12 sp005877855	s__NS-12 sp005877505	g__NS-12	g__NS-12	0.962807	0.923609	0.080693	0.093303	163	0.956164	0.910223	0.085620	0.091616	365	1.000000	0.863658	0.023935	0.026410	4793
GCA_017989485.1	GCA_017991555.1	0.829079	mid_high	s__JAGNPU01 sp017989485	s__JAGNPU01 sp017991555	g__JAGNPU01	g__JAGNPU01	0.958333	0.884090	0.029148	0.020591	39	0.951583	0.883740	0.055401	0.033882	179	1.000000	0.821951	0.009606	0.006709	1107
GCA_900550065.1	GCA_018713805.1	0.804817	mid_high	s__Aphodoplasma sp900550065	s__Aphodoplasma excrementigallinarum	g__Aphodoplasma	g__Aphodoplasma	0.958912	0.895530	0.035088	0.035573	54	0.949703	0.879454	0.036569	0.040724	81	1.000000	0.816365	0.006705	0.007164	859
GCF_003202035.1	GCF_005155025.1	0.910861	mid_high	s__Aquitalea magnusonii	s__Aquitalea aquatilis	g__Aquitalea	g__Aquitalea	0.968219	0.932544	0.115861	0.115116	412	0.967630	0.926866	0.142135	0.135575	984	1.000000	0.891775	0.053367	0.052799	14328
GCA_002898875.1	GCA_011054265.1	0.876525	mid_high	s__HRBIN26 sp002898875	s__HRBIN26 sp011054265	g__HRBIN26	g__HRBIN26	0.964569	0.923678	0.095430	0.079241	284	0.960370	0.909788	0.100550	0.076205	457	1.000000	0.870474	0.033101	0.027318	7415
GCF_016865425.1	GCF_017312725.1	0.902084	mid_high	s__Actinocatenispora thailandica	s__Actinocatenispora sp017312725	g__Actinocatenispora	g__Actinocatenispora	0.970076	0.943866	0.170521	0.161428	1438	0.965768	0.936500	0.188903	0.171616	1624	1.000000	0.899052	0.067463	0.062518	40280
GCF_018333215.1	GCF_007991515.1	0.813708	mid_high	s__Oceanobacillus sp018333215	s__Oceanobacillus sojae	g__Oceanobacillus	g__Oceanobacillus	0.960938	0.860515	0.011881	0.011173	12	0.949106	0.857076	0.022908	0.019416	147	1.000000	0.792455	0.003958	0.003446	909
GCA_011372845.1	GCA_003453535.1	0.939860	mid_high	s__UBA7930 sp011372845	s__UBA7930 sp003453535	g__UBA7930	g__UBA7930	0.977809	0.945437	0.237524	0.128153	376	0.976303	0.935030	0.247653	0.120917	422	1.000000	0.916353	0.143803	0.075109	14678
GCF_014207375.1	GCF_002009585.1	0.873235	mid_high	s__Arthrobacter_K sp014207375	s__Arthrobacter_K sp002009585	g__Arthrobacter_K	g__Arthrobacter_K	0.963641	0.928671	0.098742	0.105416	471	0.956720	0.921559	0.111334	0.129953	1056	1.000000	0.873169	0.031170	0.033675	11732
GCA_012963885.1	GCA_002697225.1	0.848643	mid_high	s__UBA9662 sp012963885	s__UBA9662 sp002697225	g__UBA9662	g__UBA9662	0.959034	0.914082	0.044221	0.092535	119	0.952013	0.912957	0.066949	0.135808	1123	1.000000	0.848649	0.011666	0.023731	5698
GCF_000938265.1	GCF_900177685.1	0.872420	mid_high	s__Agreia bicolorata	s__Agreia pratensis	g__Agreia	g__Agreia	0.960663	0.927520	0.094863	0.101938	626	0.961493	0.915190	0.096451	0.106348	655	1.000000	0.868809	0.027583	0.029611	9680
GCF_017874235.1	GCF_001307315.1	0.853886	mid_high	s__Halolamina salifodinae	s__Halolamina pelagica_B	g__Halolamina	g__Halolamina	0.961648	0.915502	0.068059	0.065844	176	0.958724	0.907431	0.082178	0.082097	332	1.000000	0.853989	0.020301	0.018421	5193
GCA_902554885.1	GCA_902631295.1	0.928363	mid_high	s__MED-G52 sp902554885	s__MED-G52 sp902631295	g__MED-G52	g__MED-G52	0.974609	0.940955	0.183066	0.124805	80	0.970180	0.935420	0.201481	0.151786	544	1.000000	0.900305	0.077815	0.058087	6743
GCA_018902755.1	GCA_018896025.1	0.935638	mid_high	s__SURF-10 sp018902755	s__SURF-10 sp018896025	g__SURF-10	g__SURF-10	0.975594	0.951246	0.202924	0.217555	347	0.970430	0.937852	0.177305	0.196696	1250	1.000000	0.912268	0.089307	0.097369	24303
GCF_009911695.1	GCA_910589695.1	0.880308	mid_high	s__QWKK01 sp009911695	s__QWKK01 sp910589695	g__QWKK01	g__QWKK01	0.967913	0.924982	0.077724	0.105760	224	0.959571	0.910451	0.076449	0.103881	273	1.000000	0.871643	0.027926	0.034109	5509
GCA_004554085.1	GCA_004557125.1	0.904908	mid_high	s__SFTH01 sp004554085	s__SFTH01 sp004557125	g__SFTH01	g__SFTH01	0.973871	0.941559	0.159357	0.149029	476	0.972323	0.930743	0.159891	0.148583	645	1.000000	0.904643	0.078474	0.072731	17072
GCF_003206045.1	GCA_002695065.1	0.907008	mid_high	s__Salinicola lusitanus	s__Salinicola sp002695065	g__Salinicola	g__Salinicola	0.967075	0.945650	0.177884	0.173462	970	0.962144	0.932188	0.164643	0.156006	1356	1.000000	0.894648	0.059192	0.056075	22264
GCF_900107455.1	GCF_900188485.1	0.914730	mid_high	s__Asanoa ishikariensis	s__Asanoa hainanensis	g__Asanoa	g__Asanoa	0.970829	0.949560	0.193534	0.204774	2119	0.966595	0.939252	0.184988	0.203334	2366	1.000000	0.905744	0.075536	0.080313	56645
GCF_016862515.1	GCF_900107455.1	0.864999	mid_high	s__Asanoa iriomotensis	s__Asanoa ishikariensis	g__Asanoa	g__Asanoa	0.963158	0.936356	0.134472	0.126587	1386	0.958579	0.924851	0.141422	0.122205	1563	1.000000	0.878045	0.038079	0.035587	26687
GCA_017547245.1	GCA_017847995.1	0.836510	mid_high	s__Heteroruminococcus sp017547245	s__Heteroruminococcus sp017847995	g__Heteroruminococcus	g__Heteroruminococcus	0.960029	0.901232	0.046995	0.038256	43	0.952452	0.900428	0.075549	0.061182	148	1.000000	0.838817	0.014447	0.011077	1005
GCA_003158475.1	GCA_003154425.1	0.853059	mid_high	s__Fen-1273 sp003158475	s__Fen-1273 sp003154425	g__Fen-1273	g__Fen-1273	0.959316	0.915512	0.067409	0.066520	212	0.953661	0.906087	0.077784	0.080663	438	1.000000	0.845201	0.015672	0.015050	5067
GCA_003132805.1	GCA_003131685.1	0.836176	mid_high	s__Palsa-851 sp003132805	s__Palsa-851 sp003131685	g__Palsa-851	g__Palsa-851	0.957386	0.905193	0.055118	0.042031	231	0.951078	0.887408	0.058477	0.039130	268	1.000000	0.829816	0.011978	0.008340	2821
GCF_014174395.1	GCF_014174215.1	0.962181	mid_high	s__Gluconacetobacter aggeris	s__Gluconacetobacter tumulicola	g__Gluconacetobacter	g__Gluconacetobacter	0.984350	0.956246	0.245305	0.247826	1254	0.980686	0.945853	0.230031	0.233542	1607	1.000000	0.930104	0.150255	0.150799	52762
GCF_003350405.1	GCF_014174165.1	0.949542	mid_high	s__Gluconacetobacter liquefaciens	s__Gluconacetobacter dulcium	g__Gluconacetobacter	g__Gluconacetobacter	0.977514	0.955273	0.242818	0.235258	1141	0.976501	0.943757	0.222545	0.215562	1532	1.000000	0.923531	0.129013	0.123225	44915
GCA_016178055.1	GCA_016196885.1	0.798604	mid	s__JACOUC01 sp016178055	s__JACPWU01 sp016196885	g__JACOUC01	g__JACPWU01	0.000000	0.848678	0.008489	0.007331	0	0.963300	0.854693	0.019231	0.020336	110	1.000000	0.819296	0.007307	0.007853	1212
GCA_002696735.1	GCF_000260985.4	0.900413	mid_high	s__Methylophaga sp002696735	s__Methylophaga nitratireducenticrescens	g__Methylophaga	g__Methylophaga	0.969727	0.948898	0.186372	0.203822	320	0.965164	0.947072	0.235366	0.243780	1548	1.000000	0.906770	0.078151	0.081653	16465
GCF_009908165.1	GCA_002423245.1	0.868565	mid_high	s__Frigidibacter albus	s__Frigidibacter sp002423245	g__Frigidibacter	g__Frigidibacter	0.962182	0.917717	0.063294	0.081580	314	0.953132	0.903255	0.059679	0.090226	324	1.000000	0.855309	0.017121	0.023044	5329
GCF_016887965.1	GCF_002846495.1	0.842358	mid_high	s__Phycicoccus sp016887965	s__Phycicoccus duodecadis	g__Phycicoccus	g__Phycicoccus	0.960325	0.925025	0.075780	0.108771	408	0.953551	0.918370	0.102218	0.119153	484	1.000000	0.860930	0.020495	0.026327	7326
GCA_017610275.1	GCA_018819345.1	0.850349	mid_high	s__CG1-02-33-12 sp017610275	s__CG1-02-33-12 sp018819345	g__CG1-02-33-12	g__CG1-02-33-12	0.000000	0.902201	0.048780	0.039216	0	0.958535	0.906255	0.076667	0.082585	92	1.000000	0.841120	0.013547	0.013492	584
GCF_004015185.1	GCF_009928445.1	0.914857	mid_high	s__Clostridium_AR sp004015185	s__Clostridium_AR sp009928445	g__Clostridium_AR	g__Clostridium_AR	0.978284	0.938537	0.124736	0.156915	59	0.969884	0.951672	0.263047	0.279630	1996	1.000000	0.917610	0.109792	0.105523	33753
GCA_007693855.1	GCA_003567475.1	0.847292	mid_high	s__PWYM01 sp007693855	s__PWYM01 sp003567475	g__PWYM01	g__PWYM01	0.955990	0.916903	0.067147	0.072998	289	0.948866	0.908932	0.083115	0.088025	444	1.000000	0.841196	0.013239	0.013928	3403
GCA_902606175.1	GCA_902542325.1	0.924430	mid_high	s__GCA-2707915 sp902606175	s__GCA-2707915 sp902542325	g__GCA-2707915	g__GCA-2707915	0.965179	0.943495	0.166667	0.161290	35	0.969639	0.946481	0.237174	0.234326	527	1.000000	0.912061	0.091981	0.093532	7588
GCA_002313895.1	GCA_002710885.1	0.947855	mid_high	s__UBA1123 sp002313895	s__UBA1123 sp002710885	g__UBA1123	g__UBA1123	0.978547	0.957728	0.201198	0.332235	504	0.977877	0.950585	0.207859	0.333707	1788	1.000000	0.928668	0.114837	0.183727	32776
GCA_903934795.1	GCA_018970865.1	0.932732	mid_high	s__CAIZPE01 sp903934795	s__CAIZPE01 sp018970865	g__CAIZPE01	g__CAIZPE01	0.974688	0.953068	0.203109	0.244225	1163	0.973493	0.945759	0.218846	0.244230	1217	1.000000	0.920411	0.110680	0.120212	31856
GCF_014334095.1	GCF_000420305.1	0.819370	mid_high	s__Novosphingopyxis sp002683755	s__Novosphingopyxis baekryungensis	g__Novosphingopyxis	g__Novosphingopyxis	0.958627	0.905467	0.046134	0.051104	213	0.946241	0.892752	0.057611	0.053005	299	1.000000	0.831517	0.010238	0.010643	2629
GCF_000341735.1	GCF_000968535.2	0.951415	mid_high	s__Methylotuvimicrobium buryatense	s__Methylotuvimicrobium alcaliphilum	g__Methylotuvimicrobium	g__Methylotuvimicrobium	0.986386	0.960252	0.271337	0.289526	1313	0.982113	0.955103	0.287230	0.308213	2139	1.000000	0.938294	0.182104	0.193394	64099
GCF_009380215.1	GCF_009674495.1	0.860635	mid_high	s__Duganella sp009380215	s__Duganella alba	g__Duganella	g__Duganella	0.963081	0.924543	0.081650	0.097887	667	0.956626	0.905058	0.073234	0.081042	678	1.000000	0.864330	0.023854	0.026654	11696
GCA_013349735.1	GCA_015654615.1	0.765795	mid_high	s__Telmatospirillum sp013349735	s__Telmatospirillum sp015654615	g__Telmatospirillum	g__Telmatospirillum	0.000000	0.808296	0.004023	0.001167	0	0.936679	0.803824	0.007402	0.003388	31	1.000000	0.716969	0.000823	0.000264	127
GCA_016873905.1	GCA_005790965.1	0.864512	mid_high	s__QYQG01 sp016873905	s__QYQG01 sp005790965	g__QYQG01	g__QYQG01	0.960805	0.925469	0.082001	0.103418	118	0.955048	0.919207	0.106255	0.119923	248	1.000000	0.857485	0.019022	0.023212	1902
GCA_011390615.1	GCA_011390635.1	0.853382	mid_high	s__Desulfotignum sp011390615	s__Desulfotignum sp011390635	g__Desulfotignum	g__Desulfotignum	0.956782	0.905421	0.059269	0.039662	47	0.958004	0.913777	0.116148	0.081828	702	1.000000	0.857521	0.025084	0.017960	5043
GCA_002238605.1	GCA_009843625.1	0.880379	mid_high	s__BD2-11 sp002238605	s__BD2-11 sp009843625	g__BD2-11	g__BD2-11	0.964624	0.930202	0.102235	0.112299	462	0.955833	0.923139	0.118406	0.133070	909	1.000000	0.869501	0.027768	0.030976	10418
GCA_016188675.1	GCA_016235875.1	0.841095	mid_high	s__XYD2-FULL-41-16 sp016188675	s__XYD2-FULL-41-16 sp016235875	g__XYD2-FULL-41-16	g__XYD2-FULL-41-16	0.960795	0.906315	0.042902	0.058017	55	0.951962	0.905988	0.068942	0.090522	404	1.000000	0.843494	0.012529	0.016805	2754
GCA_015222355.1	GCA_013138655.1	0.944003	mid_high	s__Malonomonas sp015222355	s__Malonomonas sp013138655	g__Malonomonas	g__Malonomonas	0.983106	0.958489	0.297521	0.235887	468	0.980054	0.947872	0.268044	0.223507	947	1.000000	0.930206	0.168320	0.135429	24487
GCF_013410775.1	GCA_013299175.1	0.884162	mid_high	s__Sphaerotilus montanus	s__Sphaerotilus sp013299175	g__Sphaerotilus	g__Sphaerotilus	0.967345	0.934240	0.106192	0.139996	734	0.958652	0.914954	0.087430	0.115837	610	1.000000	0.881488	0.035263	0.045695	13145
GCA_009922685.1	GCA_903835265.1	0.904475	mid_high	s__UBA6136 sp009922685	s__UBA6136 sp903835265	g__UBA6136	g__UBA6136	0.966567	0.939631	0.135664	0.154730	229	0.961230	0.933579	0.152888	0.181105	1154	1.000000	0.889451	0.046688	0.054267	11084
GCF_003428165.1	GCF_014857925.1	0.906545	mid_high	s__Cysteiniphilum litorale	s__Cysteiniphilum marinum	g__Cysteiniphilum	g__Cysteiniphilum	0.967593	0.940363	0.141361	0.155620	162	0.963479	0.936709	0.180078	0.182070	790	1.000000	0.893509	0.056128	0.055525	10469
GCF_003096555.1	GCA_017988165.1	0.788022	mid_high	s__Giesbergeria sp003096555	s__Giesbergeria sp017988165	g__Giesbergeria	g__Giesbergeria	0.958036	0.861269	0.008104	0.017191	35	0.946014	0.845123	0.010568	0.022073	59	1.000000	0.774281	0.001494	0.003159	350
GCA_900553255.1	GCA_905198295.1	0.874691	mid_high	s__UMGS1591 sp900553255	s__UMGS1591 sp905198295	g__UMGS1591	g__UMGS1591	0.962109	0.916879	0.076960	0.063593	160	0.958710	0.901398	0.076697	0.063507	209	1.000000	0.851769	0.019440	0.016879	3416
GCF_014694315.1	GCF_001428005.1	0.839836	mid_high	s__Arthrobacter ipsi	s__Arthrobacter sp001428005	g__Arthrobacter	g__Arthrobacter	0.962233	0.901465	0.049146	0.037133	187	0.952437	0.894868	0.068454	0.050011	475	1.000000	0.833733	0.012927	0.009616	4192
GCF_018613795.1	GCF_002929275.1	0.838496	mid_high	s__Arthrobacter sp018613795	s__Arthrobacter sp002929275	g__Arthrobacter	g__Arthrobacter	0.962977	0.910782	0.055333	0.059870	249	0.951314	0.905347	0.072993	0.082590	620	1.000000	0.846804	0.014999	0.016801	5765
GCF_900103845.1	GCF_000349845.1	0.865205	mid_high	s__Pseudomonas jinjuensis	s__Pseudomonas sp000349845	g__Pseudomonas	g__Pseudomonas	0.966645	0.918563	0.070162	0.077691	475	0.960848	0.902181	0.071926	0.070643	578	1.000000	0.865117	0.025427	0.026263	10403
GCF_014201115.1	GCF_000340985.1	0.948133	mid_high	s__Nocardiopsis metallicus	s__Nocardiopsis valliformis	g__Nocardiopsis	g__Nocardiopsis	0.981562	0.961734	0.284610	0.303489	1583	0.977937	0.953702	0.273623	0.299964	3359	1.000000	0.936476	0.171966	0.187739	103558
GCA_905479295.1	GCA_002386945.1	0.902048	mid_high	s__UBA4575 sp905479295	s__UBA4575 sp002386945	g__UBA4575	g__UBA4575	0.969980	0.943329	0.185131	0.143665	127	0.963132	0.939656	0.216617	0.177472	438	1.000000	0.901926	0.076455	0.063917	5623
GCA_903905335.1	GCA_903910205.1	0.854547	mid_high	s__KS41 sp903905335	s__KS41 sp903910205	g__KS41	g__KS41	0.964939	0.915265	0.072502	0.060876	82	0.956460	0.915404	0.105015	0.098815	467	1.000000	0.860709	0.024475	0.021664	4196
GCF_001006285.1	GCF_006802875.1	0.954733	mid_high	s__Paraclostridium benzoelyticum	s__Paraclostridium bifermentans	g__Paraclostridium	g__Paraclostridium	0.979167	0.958444	0.272727	0.256579	39	0.979153	0.960653	0.339201	0.352197	1002	1.000000	0.941255	0.201557	0.206753	33918
GCF_006802875.1	GCF_000452245.2	0.962012	mid_high	s__Paraclostridium bifermentans	s__Paraclostridium bifermentans_A	g__Paraclostridium	g__Paraclostridium	0.973214	0.923726	0.092105	0.082353	14	0.984088	0.912236	0.094903	0.092150	270	1.000000	0.894440	0.057811	0.057308	9484
GCA_005787345.1	GCA_903827085.1	0.898674	mid_high	s__F1-20-MAGs160 sp005787345	s__F1-20-MAGs160 sp903827085	g__F1-20-MAGs160	g__F1-20-MAGs160	0.964304	0.939788	0.139769	0.151705	485	0.961996	0.937322	0.174217	0.194531	996	1.000000	0.890250	0.048581	0.053810	9351
GCA_005877345.1	GCA_014523525.1	0.946582	mid_high	s__TA-21 sp005877345	s__TA-21 sp014523525	g__TA-21	g__TA-21	0.980519	0.952482	0.197943	0.241379	77	0.980661	0.952387	0.263158	0.290515	925	1.000000	0.930732	0.144046	0.163460	19181
GCF_014283215.1	GCF_008360935.1	0.833535	mid_high	s__Siccirubricoccus deserti	s__Siccirubricoccus phaeus	g__Siccirubricoccus	g__Siccirubricoccus	0.962075	0.900887	0.039748	0.044244	309	0.950514	0.883132	0.039106	0.046448	357	1.000000	0.828358	0.009422	0.009662	4107
GCA_002877875.1	GCA_002441555.1	0.780439	mid_high	s__Caldimicrobium thiodismutans_A	s__Caldimicrobium sp002441555	g__Caldimicrobium	g__Caldimicrobium	0.000000	0.854057	0.012821	0.006849	0	0.941077	0.866313	0.030275	0.024194	66	1.000000	0.768237	0.002077	0.001773	142
GCF_006538985.1	GCF_007670255.1	0.831231	mid_high	s__Paenarthrobacter aurescens	s__Paenarthrobacter nicotinovorans_B	g__Paenarthrobacter	g__Paenarthrobacter	0.965972	0.908386	0.059016	0.048154	180	0.953407	0.895151	0.057537	0.060416	500	1.000000	0.841109	0.013897	0.013146	4237
GCF_017357425.1	GCF_013179505.1	0.875174	mid_high	s__Paenarthrobacter sp017357425	s__Paenarthrobacter sp013179505	g__Paenarthrobacter	g__Paenarthrobacter	0.968750	0.929886	0.105148	0.107001	431	0.959646	0.923424	0.124310	0.128722	1284	1.000000	0.878202	0.036213	0.037915	13802
GCA_017397315.1	GCA_017408205.1	0.846135	mid_high	s__RGIG1864 sp017397315	s__RGIG1864 sp017408205	g__RGIG1864	g__RGIG1864	0.966146	0.891455	0.035821	0.026846	12	0.956916	0.891167	0.061327	0.045709	49	1.000000	0.829482	0.011842	0.008175	480
GCA_009392675.1	GCA_002435305.1	0.898029	mid_high	s__UBA11996 sp009392675	s__UBA11996 sp002435305	g__UBA11996	g__UBA11996	0.965580	0.937433	0.150655	0.121053	69	0.958862	0.942738	0.229560	0.197787	876	1.000000	0.895745	0.063233	0.056146	7210
GCA_012797825.1	GCA_002423395.1	0.862780	mid_high	s__UBA1433 sp012797825	s__UBA1433 sp002423395	g__UBA1433	g__UBA1433	0.957292	0.908366	0.057143	0.049669	30	0.959064	0.920000	0.115414	0.115239	152	1.000000	0.858810	0.023506	0.020589	2065
GCF_000733845.1	GCF_000445995.2	0.843539	mid_high	s__Geobacillus vulcani	s__Geobacillus sp000445995	g__Geobacillus	g__Geobacillus	0.988636	0.823661	0.003582	0.003504	11	0.991332	0.822856	0.008067	0.008688	47	1.000000	0.804722	0.005073	0.005109	1201
GCA_001610955.1	GCF_001544135.1	0.958514	mid_high	s__Geobacillus thermoleovorans	s__Geobacillus zalihae	g__Geobacillus	g__Geobacillus	0.988943	0.965619	0.333965	0.331660	1057	0.988133	0.953330	0.283433	0.283823	1651	1.000000	0.945223	0.222603	0.230712	53799
GCF_001884135.1	GCF_006494425.1	0.901837	mid_high	s__Bacillus_A nitratireducens	s__Bacillus_A sp006494425	g__Bacillus_A	g__Bacillus_A	0.969292	0.937971	0.134317	0.140536	173	0.963155	0.936561	0.180520	0.180184	1353	1.000000	0.895723	0.062267	0.056759	17170
GCF_000017425.1	GCF_000742895.1	0.828259	mid_high	s__Bacillus_A cytotoxicus	s__Bacillus_A anthracis	g__Bacillus_A	g__Bacillus_A	0.970052	0.915729	0.074074	0.061381	72	0.956679	0.918527	0.125389	0.097960	725	1.000000	0.872770	0.036509	0.028050	7734
GCA_012839475.1	GCA_012838585.1	0.878438	mid_high	s__Fermentimonas sp012839475	s__Fermentimonas sp012838585	g__Fermentimonas	g__Fermentimonas	0.964756	0.920865	0.076790	0.082251	133	0.959417	0.899886	0.065018	0.069041	376	1.000000	0.863827	0.024401	0.025782	5593
GCF_002735905.1	GCF_001598915.1	0.955136	mid_high	s__Williamsia muralis_A	s__Williamsia muralis	g__Williamsia	g__Williamsia	0.978241	0.968163	0.371729	0.350636	2756	0.975312	0.962020	0.368957	0.348588	3839	1.000000	0.938830	0.195164	0.186407	95967
GCA_012840385.1	GCA_902812385.1	0.948873	mid_high	s__DULK01 sp012840385	s__DULK01 sp902812385	g__DULK01	g__DULK01	0.981374	0.957974	0.260103	0.261062	354	0.979308	0.951000	0.266244	0.266425	1176	1.000000	0.929415	0.147228	0.149146	25266
GCA_003599735.1	GCA_016875635.1	0.865407	mid_high	s__SURF-43 sp003599735	s__SURF-43 sp016875635	g__SURF-43	g__SURF-43	0.965681	0.925303	0.095482	0.087878	224	0.958591	0.909850	0.084417	0.091072	305	1.000000	0.863140	0.025191	0.024069	4381
GCA_000509125.1	GCF_004295125.1	0.946423	mid_high	s__Clostridium_AP sp000509125	s__Clostridium_AP scindens	g__Clostridium_AP	g__Clostridium_AP	0.000000	0.806779	0.001816	0.002346	0	0.972840	0.793500	0.003529	0.004069	30	1.000000	0.767767	0.001754	0.001990	523
GCF_000425945.1	GCF_003633755.1	0.805766	mid_high	s__Solirubrobacter sp000425945	s__Solirubrobacter pauli	g__Solirubrobacter	g__Solirubrobacter	0.958534	0.889267	0.030082	0.027790	260	0.949812	0.876997	0.037700	0.034595	276	1.000000	0.815840	0.007059	0.006667	3980
GCF_003344625.1	GCF_003633755.1	0.854167	mid_high	s__Solirubrobacter sp003344625	s__Solirubrobacter pauli	g__Solirubrobacter	g__Solirubrobacter	0.962479	0.927484	0.100628	0.095874	897	0.956320	0.918087	0.104014	0.115317	920	1.000000	0.864892	0.025364	0.026321	15714
GCF_016722965.1	GCF_000714935.1	0.837618	mid_high	s__Tumebacillus sp016722965	s__Tumebacillus flagellatus	g__Tumebacillus	g__Tumebacillus	0.956809	0.906738	0.052041	0.049141	246	0.953773	0.893237	0.052521	0.059686	399	1.000000	0.838285	0.012404	0.012699	4900
GCA_012728875.1	GCA_012522635.1	0.838210	mid_high	s__Syntrophosphaera sp012728875	s__Syntrophosphaera sp012522635	g__Syntrophosphaera	g__Syntrophosphaera	0.967014	0.912059	0.052326	0.068702	54	0.956699	0.904942	0.072458	0.081401	337	1.000000	0.851254	0.015775	0.020371	2209
GCF_014205275.1	GCF_014200435.1	0.945960	mid_high	s__Sphaerisporangium siamense	s__Sphaerisporangium krabiense	g__Sphaerisporangium	g__Sphaerisporangium	0.980863	0.975840	0.461688	0.461449	3555	0.976883	0.967970	0.416494	0.425815	4414	1.000000	0.946567	0.235541	0.236065	160024
GCA_015693905.1	GCA_015689775.1	0.924825	mid_high	s__M30B80 sp015693905	s__M30B80 sp015689775	g__M30B80	g__M30B80	0.967548	0.897438	0.035294	0.039959	78	0.967963	0.888755	0.050929	0.048321	200	1.000000	0.850680	0.017029	0.018038	3124
GCA_012511555.1	GCF_000373745.1	0.821647	mid_high	s__Oligella sp012511555	s__Oligella ureolytica	g__Oligella	g__Oligella	0.961607	0.891111	0.035934	0.026178	35	0.951634	0.887241	0.052051	0.043567	170	1.000000	0.829032	0.010904	0.008744	1395
GCA_002711715.1	GCA_902607475.1	0.869228	mid_high	s__GCA-002720895 sp002711715	s__GCA-002720895 sp902607475	g__GCA-002720895	g__GCA-002720895	0.000000	0.915788	0.103448	0.044118	0	0.958201	0.920504	0.153846	0.088832	70	1.000000	0.863588	0.033977	0.018391	665
GCF_000474275.2	GCF_000005825.2	0.959507	mid_high	s__Bacillus_S marmarensis	s__Bacillus_S pseudofirmus	g__Bacillus_S	g__Bacillus_S	0.983260	0.985408	0.645890	0.608511	715	0.981777	0.984273	0.676054	0.632681	4201	1.000000	0.966022	0.411246	0.386452	97763
GCA_902536695.1	GCA_002694645.1	0.968982	mid_high	s__GCA-002727735 sp902536695	s__GCA-002727735 sp002694645	g__GCA-002727735	g__GCA-002727735	0.990625	0.922230	0.053763	0.128205	10	0.991162	0.929676	0.098032	0.228769	264	1.000000	0.920686	0.079162	0.172637	7002
GCA_002729695.1	GCF_000176355.1	0.854906	mid_high	s__Alteriqipengyuania sp002729695	s__Alteriqipengyuania bathyomarina	g__Alteriqipengyuania	g__Alteriqipengyuania	0.964497	0.916285	0.071203	0.066171	338	0.957826	0.899645	0.067878	0.065277	310	1.000000	0.857400	0.021823	0.020123	5375
GCF_000176355.1	GCF_015999305.1	0.937681	mid_high	s__Alteriqipengyuania bathyomarina	s__Alteriqipengyuania sp015999305	g__Alteriqipengyuania	g__Alteriqipengyuania	0.974205	0.967953	0.351018	0.366367	1793	0.971582	0.958358	0.334807	0.315226	1590	1.000000	0.934190	0.168074	0.167770	44893
GCF_900177245.1	GCF_013205025.1	0.862570	mid_high	s__Rathayibacter oskolensis	s__Rathayibacter sp013205025	g__Rathayibacter	g__Rathayibacter	0.962924	0.854161	0.010192	0.008673	59	0.956685	0.835551	0.012312	0.011298	59	1.000000	0.777501	0.002571	0.002281	946
GCA_005797835.1	GCF_006365315.1	0.821979	mid_high	s__Methylopumilus sp005797835	s__Methylopumilus universalis	g__Methylopumilus	g__Methylopumilus	0.000000	0.881860	0.026316	0.019774	0	0.947431	0.890534	0.055957	0.048412	93	1.000000	0.820695	0.008390	0.007249	542
GCA_002712565.1	GCA_002731735.1	0.976798	mid_high	s__UBA822 sp002712565	s__UBA822 sp002731735	g__UBA822	g__UBA822	0.992976	0.950655	0.225032	0.188895	347	0.990770	0.942607	0.233070	0.193436	943	1.000000	0.936036	0.195007	0.161242	29587
GCF_900129285.1	GCF_003627965.1	0.839396	mid_high	s__Desulfofundulus australicus	s__Desulfofundulus salinum	g__Desulfofundulus	g__Desulfofundulus	0.958546	0.907445	0.053787	0.049746	49	0.956905	0.893551	0.056596	0.056335	269	1.000000	0.847470	0.017294	0.015256	2547
GCF_000730245.1	GCA_014116815.1	0.929320	mid_high	s__Jidaibacter sp000730245	s__Jidaibacter sp014116815	g__Jidaibacter	g__Jidaibacter	0.972747	0.954523	0.245014	0.222222	86	0.968817	0.944677	0.245416	0.205431	348	1.000000	0.912374	0.103100	0.084358	7314
GCA_016875925.1	GCA_016875975.1	0.877406	mid_high	s__VGOF01 sp016875925	s__VGOF01 sp016875975	g__VGOF01	g__VGOF01	0.969747	0.931466	0.115479	0.107798	94	0.969235	0.928871	0.151499	0.141738	561	1.000000	0.900370	0.068893	0.065822	7567
GCF_002379365.1	GCF_001746205.1	0.856738	mid_high	s__Brachyspira sp002379365	s__Brachyspira hampsonii_B	g__Brachyspira	g__Brachyspira	0.977941	0.919083	0.076577	0.073593	17	0.958669	0.920669	0.124101	0.111111	207	1.000000	0.873197	0.033387	0.031369	4314
GCA_009843725.1	GCA_009838075.1	0.891277	mid_high	s__JABDJO01 sp009843725	s__JABDJO01 sp009838075	g__JABDJO01	g__JABDJO01	0.967186	0.939164	0.154030	0.132272	839	0.961534	0.930888	0.165415	0.144750	1322	1.000000	0.887053	0.050637	0.043702	17789
GCA_018398915.1	GCA_016756725.1	0.829449	mid_high	s__SV1-B22 sp018398915	s__SV1-B22 sp016756725	g__SV1-B22	g__SV1-B22	0.969961	0.912344	0.051995	0.070415	129	0.957415	0.889644	0.043725	0.059049	247	1.000000	0.849920	0.014448	0.020836	4073
GCF_004377485.1	GCF_001982605.1	0.859548	mid_high	s__Alkanindiges illinoisensis_A	s__Alkanindiges hydrocarboniclasticus	g__Alkanindiges	g__Alkanindiges	0.970215	0.908638	0.057762	0.050000	64	0.963764	0.917267	0.110141	0.104186	555	1.000000	0.876701	0.036251	0.034504	6125
GCA_900316395.1	GCA_905234245.1	0.942676	mid_high	s__RUG191 sp900316395	s__RUG191 sp905234245	g__RUG191	g__RUG191	0.981427	0.948620	0.215447	0.173203	106	0.976656	0.948204	0.274339	0.222327	944	1.000000	0.922627	0.145727	0.104062	17768
GCF_000948975.1	GCF_000948985.1	0.842169	mid_high	s__Thalassomonas actiniarum	s__Thalassomonas viridans	g__Thalassomonas	g__Thalassomonas	0.957682	0.908355	0.054670	0.051878	192	0.951563	0.904781	0.076172	0.076759	757	1.000000	0.842731	0.014286	0.013960	5992
GCA_002358975.1	GCA_019113675.1	0.889348	mid_high	s__Yaniella sp002358975	s__Yaniella excrementigallinarum	g__Yaniella	g__Yaniella	0.962532	0.927879	0.100564	0.098394	196	0.957084	0.924264	0.130031	0.128769	756	1.000000	0.867429	0.027526	0.027539	5080
GCA_005843825.1	GCA_005862225.1	0.783617	mid_high	s__Chlorobium sp005843825	s__Chlorobium sp005862225	g__Chlorobium	g__Chlorobium	0.946875	0.843606	0.006784	0.006631	10	0.941059	0.857201	0.021553	0.020777	93	1.000000	0.762967	0.001650	0.001650	269
GCA_002725495.1	GCA_002686215.1	0.968980	mid_high	s__ARS21 sp002725495	s__ARS21 sp002686215	g__ARS21	g__ARS21	0.997159	0.922347	0.166667	0.041667	11	0.992003	0.900488	0.139905	0.033145	88	1.000000	0.898071	0.119643	0.033572	3406
GCF_014054525.1	GCF_000745955.1	0.856324	mid_high	s__Alysiella filiformis	s__Alysiella crassa	g__Alysiella	g__Alysiella	0.978261	0.915746	0.065950	0.069017	92	0.973098	0.906386	0.085822	0.074297	296	1.000000	0.886881	0.049507	0.043516	5511
GCA_003218945.1	GCA_003221375.1	0.773529	mid_high	s__Udaeobacter sp003218945	s__Udaeobacter sp003221375	g__Udaeobacter	g__Udaeobacter	0.951823	0.853291	0.007884	0.010605	24	0.936170	0.827926	0.008684	0.010612	47	1.000000	0.742745	0.000850	0.001081	175
GCF_900113225.1	GCA_004210455.1	0.881047	mid_high	s__Mitsuaria sp900113225	s__Mitsuaria sp004210455	g__Mitsuaria	g__Mitsuaria	0.965615	0.934542	0.133059	0.113907	937	0.958535	0.920334	0.123978	0.109226	895	1.000000	0.878365	0.039674	0.034480	17683
GCF_006438725.1	GCF_014639435.1	0.851173	mid_high	s__Ewingella americana_A	s__Ewingella psychrotolerans	g__Ewingella	g__Ewingella	0.962571	0.911426	0.054495	0.063350	177	0.957035	0.908300	0.080312	0.088040	731	1.000000	0.855370	0.018694	0.021067	6471
GCF_000735345.1	GCF_006438725.1	0.829697	mid_high	s__Ewingella americana	s__Ewingella americana_A	g__Ewingella	g__Ewingella	0.959296	0.896221	0.035607	0.036638	119	0.957032	0.896802	0.064412	0.058998	537	1.000000	0.841160	0.014463	0.012677	4388
GCF_002549755.1	GCF_002549775.1	0.887147	mid_high	s__Faecalibacterium prausnitzii_D	s__Faecalibacterium prausnitzii_F	g__Faecalibacterium	g__Faecalibacterium	0.969979	0.942536	0.158716	0.159284	356	0.966254	0.934570	0.150026	0.194708	574	1.000000	0.899732	0.063700	0.068123	12130
GCF_001642805.2	GCF_017299535.1	0.942153	mid_high	s__Serratia surfactantfaciens	s__Serratia marcescens	g__Serratia	g__Serratia	0.975756	0.983454	0.586394	0.591454	2810	0.971633	0.979450	0.577312	0.571029	3883	1.000000	0.952794	0.278917	0.276738	94970
GCF_016742975.1	GCF_003812745.1	0.958326	mid_high	s__Serratia nevei	s__Serratia sp003812745	g__Serratia	g__Serratia	0.979285	0.967991	0.361016	0.357094	1578	0.977948	0.960570	0.345413	0.344307	2259	1.000000	0.939852	0.196366	0.194649	62638
GCF_006715005.1	GCF_016742975.1	0.961493	mid_high	s__Serratia marcescens_J	s__Serratia nevei	g__Serratia	g__Serratia	0.982379	0.960204	0.261924	0.299016	1307	0.981996	0.950371	0.244373	0.280581	1835	1.000000	0.934694	0.158460	0.182287	58147
GCF_000186265.1	GCF_009797025.1	0.874263	mid_high	s__Cellulophaga algicola	s__Cellulophaga sp009797025	g__Cellulophaga	g__Cellulophaga	0.972583	0.940391	0.159879	0.137841	106	0.961561	0.948237	0.257921	0.236904	1506	1.000000	0.902631	0.073805	0.069520	16347
GCF_015351235.1	GCF_900177795.1	0.877733	mid_high	s__Plantibacter sp015351235	s__Plantibacter sp900177795	g__Plantibacter	g__Plantibacter	0.964286	0.928796	0.106167	0.098836	637	0.957167	0.916368	0.106252	0.102882	639	1.000000	0.866217	0.027203	0.026228	10479
GCA_008373165.1	GCA_009392215.1	0.896836	mid_high	s__GCA-002725925 sp009392785	s__GCA-002725925 sp009392215	g__GCA-002725925	g__GCA-002725925	0.976802	0.940544	0.145406	0.153052	163	0.969252	0.938877	0.183948	0.200378	848	1.000000	0.904600	0.073174	0.078079	10595
GCA_009840285.1	GCA_002238765.1	0.847504	mid_high	s__Bin75 sp009840285	s__Bin75 sp002238765	g__Bin75	g__Bin75	0.958921	0.913350	0.072898	0.053564	124	0.951960	0.903234	0.088894	0.060504	377	1.000000	0.839359	0.015330	0.011111	2721
GCF_002797375.1	GCF_016820555.1	0.842734	mid_high	s__FJAT-46582 sp002797375	s__FJAT-46582 sp016820555	g__FJAT-46582	g__FJAT-46582	0.965820	0.915734	0.065663	0.069264	96	0.953673	0.914397	0.095498	0.102911	594	1.000000	0.858301	0.021037	0.022178	4817
GCA_902826635.1	GCA_019187495.1	0.825977	mid_high	s__CADEFQ01 sp902826635	s__CADEFQ01 sp019187495	g__CADEFQ01	g__CADEFQ01	0.957781	0.902758	0.046072	0.043026	302	0.950997	0.872472	0.034211	0.029858	130	1.000000	0.814741	0.006920	0.006148	1788
GCF_003258605.2	GCF_001418575.1	0.858736	mid_high	s__Streptomyces_D bronchialis	s__Streptomyces_D griseoplanus	g__Streptomyces_D	g__Streptomyces_D	0.967211	0.915865	0.073022	0.062809	406	0.959812	0.907220	0.090151	0.073990	811	1.000000	0.858119	0.023467	0.019778	12441
GCA_002396525.1	GCA_017302355.1	0.851011	mid_high	s__Azonexus sp002396525	s__Azonexus sp017302355	g__Azonexus	g__Azonexus	0.959121	0.917034	0.068839	0.071802	357	0.953014	0.897556	0.056002	0.070677	376	1.000000	0.837705	0.012097	0.012474	3551
GCF_000278135.1	GCF_000046705.1	0.846541	mid_high	s__Bartonella washoeensis	s__Bartonella henselae	g__Bartonella	g__Bartonella	0.964440	0.929471	0.095395	0.114851	58	0.951943	0.939088	0.195727	0.190476	568	1.000000	0.870261	0.030113	0.029574	3157
GCF_002777915.1	GCF_003606345.3	0.893395	mid_high	s__Bartonella tribocorum_A	s__Bartonella krasnovii	g__Bartonella	g__Bartonella	0.968750	0.936172	0.122807	0.136986	70	0.960815	0.938791	0.186604	0.196610	638	1.000000	0.888544	0.049726	0.048322	5931
GCF_003634515.1	GCF_001875655.1	0.883580	mid_high	s__Enterobacter asburiae_A	s__Enterobacter hormaechei	g__Enterobacter	g__Enterobacter	0.968635	0.920303	0.076362	0.079789	272	0.964345	0.914590	0.103270	0.096163	777	1.000000	0.873593	0.032582	0.032405	10549
GCF_002208095.1	GCF_008364625.1	0.962704	mid_high	s__Enterobacter cloacae_M	s__Enterobacter dykesii	g__Enterobacter	g__Enterobacter	0.981963	0.965483	0.307851	0.356673	1192	0.980849	0.958967	0.299577	0.364065	2547	1.000000	0.941313	0.186130	0.222691	66837
GCA_905214675.1	GCA_902363685.1	0.872287	mid_high	s__UMGS1375 sp905214675	s__UMGS1375 sp900066615	g__UMGS1375	g__UMGS1375	0.969758	0.918711	0.096273	0.057160	93	0.967997	0.908675	0.109139	0.066110	412	1.000000	0.879060	0.055343	0.025947	7569
GCF_000426725.1	GCF_000775915.1	0.847405	mid_high	s__Sporocytophaga myxococcoides	s__Sporocytophaga myxococcoides_A	g__Sporocytophaga	g__Sporocytophaga	0.960069	0.897295	0.035750	0.039088	36	0.952720	0.896146	0.058713	0.062474	593	1.000000	0.842711	0.014083	0.014267	4912
GCF_014696105.1	GCA_012031475.1	0.858270	mid_high	s__JAAUTJ01 sp014696105	s__JAAUTJ01 sp012031475	g__JAAUTJ01	g__JAAUTJ01	0.961016	0.920129	0.070288	0.085727	594	0.954559	0.910281	0.080503	0.097749	877	1.000000	0.854060	0.017813	0.020808	7901
GCA_002695035.1	GCA_002701555.1	0.836271	mid_high	s__UBA2137 sp002695035	s__UBA2137 sp002701555	g__UBA2137	g__UBA2137	0.967500	0.896130	0.027809	0.046642	25	0.957591	0.890736	0.041143	0.066565	131	1.000000	0.854262	0.015395	0.024416	1977
GCA_905212395.1	GCA_002405165.1	0.932633	mid_high	s__UBA4675 sp905212395	s__UBA4675 sp002405165	g__UBA4675	g__UBA4675	0.972020	0.951160	0.225131	0.195011	86	0.972610	0.946521	0.247126	0.225367	215	1.000000	0.912730	0.097874	0.091145	5188
GCA_013375355.1	GCA_019058315.1	0.849250	mid_high	s__JABXJV01 sp013375355	s__JABXJV01 sp019058315	g__JABXJV01	g__JABXJV01	0.956019	0.898958	0.041221	0.037709	27	0.951000	0.903687	0.085451	0.064501	548	1.000000	0.836188	0.013340	0.010678	3141
GCA_002167345.2	GCA_902562835.1	0.940706	mid_high	s__CACEUX01 sp002167345	s__CACEUX01 sp902562835	g__CACEUX01	g__CACEUX01	0.972973	0.935725	0.119741	0.136531	37	0.974566	0.933664	0.155135	0.179303	648	1.000000	0.904075	0.070279	0.079338	9184
GCF_000421765.1	GCA_012728315.1	0.826862	mid_high	s__Pseudomonas_C caeni	s__Pseudomonas_C sp012728315	g__Pseudomonas_C	g__Pseudomonas_C	0.969146	0.900014	0.038312	0.043407	79	0.959707	0.894764	0.055703	0.061115	273	1.000000	0.847187	0.015392	0.016146	2626
GCF_001720395.1	GCF_000297215.2	0.788094	mid_high	s__Piscirickettsia litoralis	s__Piscirickettsia salmonis	g__Piscirickettsia	g__Piscirickettsia	0.000000	0.843535	0.005525	0.008105	0	0.944830	0.858710	0.019656	0.024717	96	1.000000	0.768453	0.001704	0.002127	323
GCF_008764245.1	GCF_017355205.1	0.846000	mid_high	s__Lederbergia ruris	s__Lederbergia sp017355205	g__Lederbergia	g__Lederbergia	0.963710	0.903311	0.050945	0.040312	62	0.951956	0.906690	0.087820	0.073807	747	1.000000	0.844429	0.015977	0.013911	4436
GCA_902580855.1	GCA_002715345.1	0.870513	mid_high	s__UBA7312 sp902580855	s__UBA7312 sp002715345	g__UBA7312	g__UBA7312	0.957237	0.919225	0.073930	0.076923	19	0.959365	0.912141	0.090533	0.096101	175	1.000000	0.853407	0.018258	0.019746	1251
GCA_903922455.1	GCA_016717725.1	0.860629	mid_high	s__CAINEC01 sp903922455	s__CAINEC01 sp016717725	g__CAINEC01	g__CAINEC01	0.965625	0.923450	0.100908	0.073855	100	0.955840	0.919505	0.137175	0.094400	676	1.000000	0.863267	0.029702	0.020500	4760
GCA_002886105.1	GCF_001975225.1	0.829135	mid_high	s__Kosakonia sp002886105	s__Kosakonia cowanii	g__Kosakonia	g__Kosakonia	0.966146	0.887823	0.028045	0.027177	108	0.959115	0.888486	0.047790	0.050751	385	1.000000	0.840303	0.012796	0.013609	4252
GCF_016859125.1	GCF_001027285.1	0.867504	mid_high	s__Archangium violaceum_A	s__Archangium gephyra	g__Archangium	g__Archangium	0.966507	0.929403	0.100409	0.108641	1031	0.957902	0.906944	0.077604	0.084678	1727	1.000000	0.873205	0.031483	0.033297	29272
GCA_018725345.1	GCA_018333455.1	0.852875	mid_high	s__GPS1B09 sp018725345	s__GPS1B09 sp018333455	g__GPS1B09	g__GPS1B09	0.958669	0.891289	0.030938	0.030754	31	0.949750	0.887892	0.044006	0.053376	185	1.000000	0.817881	0.007033	0.007593	990
GCA_018240985.1	GCA_018240995.1	0.868362	mid_high	s__Alicycliphilus sp018240985	s__Alicycliphilus sp018240995	g__Alicycliphilus	g__Alicycliphilus	0.963660	0.918747	0.064785	0.085134	264	0.954872	0.910783	0.081166	0.099613	412	1.000000	0.868739	0.026079	0.030854	6290
GCA_903898475.1	GCA_903879805.1	0.932986	mid_high	s__UBA2645 sp903898475	s__UBA2645 sp903879805	g__UBA2645	g__UBA2645	0.973476	0.952834	0.244338	0.200000	205	0.972285	0.948825	0.273743	0.230408	735	1.000000	0.919873	0.123256	0.105536	10761
GCA_016704565.1	GCA_016707175.1	0.843886	mid_high	s__GCA-2748155 sp016704565	s__GCA-2748155 sp016707175	g__GCA-2748155	g__GCA-2748155	0.960255	0.880408	0.023521	0.020161	103	0.953862	0.867336	0.027773	0.027871	175	1.000000	0.813776	0.006747	0.006319	2156
GCA_000091165.1	GCA_002634395.1	0.850669	mid_high	s__Methylomirabilis oxyfera	s__Methylomirabilis sp002634395	g__Methylomirabilis	g__Methylomirabilis	0.976790	0.925508	0.094800	0.089682	206	0.970574	0.915774	0.108193	0.097847	618	1.000000	0.888004	0.049517	0.047212	12063
GCA_009692155.1	GCA_001805245.1	0.848848	mid_high	s__2-02-FULL-62-14 sp009692155	s__2-02-FULL-62-14 sp001805245	g__2-02-FULL-62-14	g__2-02-FULL-62-14	0.959483	0.913301	0.071218	0.054655	145	0.950713	0.901027	0.077573	0.061542	257	1.000000	0.843697	0.017095	0.012488	2694
GCA_018399235.1	GCA_018334555.1	0.832723	mid_high	s__M55B175 sp018399235	s__M55B175 sp018334555	g__M55B175	g__M55B175	0.963068	0.904786	0.048306	0.046723	77	0.955276	0.910028	0.082683	0.093879	477	1.000000	0.859103	0.022263	0.022030	5084
GCA_017548765.1	GCA_017543445.1	0.872346	mid_high	s__UBA1201 sp017548765	s__UBA1201 sp017543445	g__UBA1201	g__UBA1201	0.966332	0.919281	0.074534	0.076572	168	0.961998	0.908175	0.087890	0.079906	307	1.000000	0.866254	0.027403	0.026234	5841
GCA_017548765.1	GCA_900319565.1	0.841498	mid_high	s__UBA1201 sp017548765	s__UBA1201 sp900319565	g__UBA1201	g__UBA1201	0.964816	0.914871	0.063443	0.067837	143	0.955923	0.900313	0.069281	0.066301	242	1.000000	0.854254	0.019315	0.019447	4117
GCA_002309675.1	GCA_017543445.1	0.876780	mid_high	s__UBA1201 sp002309675	s__UBA1201 sp017543445	g__UBA1201	g__UBA1201	0.970736	0.931514	0.116085	0.107566	236	0.967043	0.925203	0.143378	0.122853	472	1.000000	0.891767	0.057312	0.049786	11085
GCA_002400405.1	GCA_002328565.1	0.852147	mid_high	s__UBA2206 sp002400405	s__UBA2206 sp002328565	g__UBA2206	g__UBA2206	0.960069	0.915731	0.072000	0.063158	18	0.953021	0.912926	0.103430	0.087760	190	1.000000	0.851832	0.019773	0.016731	971
GCF_001999985.1	GCF_900198365.1	0.956639	mid_high	s__Helicobacter_A bilis_A	s__Helicobacter_A bilis_B	g__Helicobacter_A	g__Helicobacter_A	0.983570	0.969027	0.358595	0.384158	194	0.982681	0.962758	0.351553	0.380717	849	1.000000	0.944771	0.214114	0.234773	29082
GCA_004028505.1	GCA_004028495.1	0.860165	mid_high	s__Electrothrix aarhusiensis	s__Electrothrix marina	g__Electrothrix	g__Electrothrix	0.962713	0.916338	0.053237	0.088799	88	0.954574	0.910754	0.062500	0.129163	415	1.000000	0.857601	0.015916	0.028333	4044
GCF_008151785.1	GCA_900539645.1	0.942014	mid_high	s__Peptacetobacter hiranonis	s__Peptacetobacter sp900539645	g__Peptacetobacter	g__Peptacetobacter	0.980053	0.944017	0.162630	0.170909	47	0.981448	0.944238	0.204164	0.241156	559	1.000000	0.915641	0.094305	0.110017	11016
GCA_002694095.1	GCA_002728915.1	0.948593	mid_high	s__S36-B12 sp002694095	s__S36-B12 sp002728915	g__S36-B12	g__S36-B12	0.981443	0.959734	0.299884	0.253431	517	0.980900	0.955952	0.318968	0.290572	1051	1.000000	0.936862	0.194444	0.168579	25850
GCA_002729215.1	GCA_002728915.1	0.907285	mid_high	s__S36-B12 sp002729215	s__S36-B12 sp002728915	g__S36-B12	g__S36-B12	0.965078	0.947090	0.172563	0.196078	400	0.960674	0.941464	0.189506	0.223666	809	1.000000	0.894230	0.053772	0.060838	9329
GCA_900544575.1	GCA_900545885.1	0.790785	mid_high	s__Limadaptatus stercorigallinarum	s__Limadaptatus sp900545885	g__Limadaptatus	g__Limadaptatus	0.957292	0.871561	0.017291	0.015568	30	0.948343	0.869425	0.031353	0.027636	38	1.000000	0.806370	0.005502	0.005139	553
GCA_005798775.1	GCA_009921765.1	0.868341	mid_high	s__SYIM01 sp005798775	s__SYIM01 sp009921765	g__SYIM01	g__SYIM01	0.958440	0.923404	0.107182	0.069328	488	0.953335	0.920692	0.134825	0.102401	904	1.000000	0.856208	0.023829	0.017336	6338
GCF_000156715.1	GCF_001885235.1	0.828668	mid_high	s__Francisella philomiragia	s__Francisella hispaniensis	g__Francisella	g__Francisella	0.000000	0.849242	0.008065	0.008000	0	0.957176	0.868934	0.028281	0.029837	64	1.000000	0.806150	0.005116	0.005461	548
GCF_014692515.1	GCF_014692525.1	0.834738	mid_high	s__Sphingobacterium sp014692515	s__Sphingobacterium chuzhouense	g__Sphingobacterium	g__Sphingobacterium	0.966033	0.893048	0.032593	0.032670	69	0.955479	0.885539	0.045985	0.044983	386	1.000000	0.827732	0.009063	0.009804	2884
GCF_006715515.1	GCF_014648255.1	0.895306	mid_high	s__Nocardioides sp006715515	s__Nocardioides albus	g__Nocardioides	g__Nocardioides	0.968177	0.930758	0.107476	0.110690	818	0.963888	0.922772	0.124059	0.124514	1121	1.000000	0.881696	0.039911	0.041602	21341
GCA_905067555.1	GCA_905067535.1	0.941402	mid_high	s__Ethanoperedens ethanivorans_C	s__Ethanoperedens ethanivorans_B	g__Ethanoperedens	g__Ethanoperedens	0.983796	0.946296	0.163968	0.196126	81	0.980502	0.940073	0.178541	0.220222	416	1.000000	0.923375	0.112439	0.139832	9151
GCF_900107305.1	GCF_004341445.1	0.876282	mid_high	s__Baia sp900107305	s__Baia soyae	g__Baia	g__Baia	0.961358	0.926282	0.097689	0.091445	93	0.958107	0.925753	0.129356	0.140278	839	1.000000	0.869307	0.027374	0.031027	6459
GCF_004341445.1	GCF_900119485.1	0.879820	mid_high	s__Baia soyae	s__Baia sp900119485	g__Baia	g__Baia	0.964794	0.920430	0.077679	0.079079	79	0.959772	0.927967	0.143621	0.142384	859	1.000000	0.873348	0.031412	0.033571	6539
GCF_001858025.1	GCF_014698305.1	0.925752	mid_high	s__Anabaena sp001858025	s__Anabaena lutea	g__Anabaena	g__Anabaena	0.975711	0.949534	0.210579	0.187890	211	0.972681	0.947387	0.249454	0.233962	2283	1.000000	0.916066	0.104744	0.101835	34830
GCF_014698305.1	GCF_014698735.1	0.945558	mid_high	s__Anabaena lutea	s__Anabaena variabilis_A	g__Anabaena	g__Anabaena	0.982440	0.959729	0.280499	0.270851	315	0.978826	0.959468	0.337364	0.332156	3292	1.000000	0.936296	0.181321	0.175591	62016
GCA_910585645.1	GCA_910575585.1	0.847153	mid_high	s__UBA3402 sp910585645	s__UBA3402 sp910575585	g__UBA3402	g__UBA3402	0.956944	0.898852	0.048649	0.031735	45	0.958468	0.899974	0.070865	0.063647	791	1.000000	0.849602	0.018858	0.015693	7023
GCA_902635965.1	GCA_002171475.2	0.849739	mid_high	s__TMED96 sp902635965	s__TMED96 sp002171475	g__TMED96	g__TMED96	0.000000	0.896111	0.035533	0.036458	0	0.958311	0.911159	0.091837	0.089844	207	1.000000	0.862149	0.024214	0.023947	2214
GCA_003230615.1	GCA_004356775.1	0.856046	mid_high	s__GCA-2721545 sp003230615	s__GCA-2721545 sp004356775	g__GCA-2721545	g__GCA-2721545	0.957212	0.920596	0.079657	0.077938	65	0.950547	0.914146	0.091168	0.106344	352	1.000000	0.839589	0.012185	0.013736	1485
GCA_003135935.1	GCA_003153895.1	0.841046	mid_high	s__FEN-33 sp003135935	s__FEN-33 sp003153895	g__FEN-33	g__FEN-33	0.963235	0.905722	0.046884	0.051112	85	0.955070	0.890196	0.048470	0.054881	244	1.000000	0.841576	0.013003	0.014715	2304
GCA_005888695.1	GCA_005888675.1	0.945932	mid_high	s__BA-13 sp005888695	s__BA-13 sp005888675	g__BA-13	g__BA-13	0.989238	0.957458	0.247136	0.265845	302	0.983396	0.951687	0.255858	0.287718	1354	1.000000	0.938790	0.181355	0.201333	32148
GCA_002737275.1	GCA_002304445.1	0.930400	mid_high	s__Tous-C4FEB sp002737275	s__Tous-C4FEB sp002304445	g__Tous-C4FEB	g__Tous-C4FEB	0.973117	0.947222	0.219139	0.155712	687	0.968980	0.937390	0.217581	0.156332	948	1.000000	0.905806	0.092743	0.065667	17657
GCA_001567485.1	GCA_016716525.1	0.843761	mid_high	s__OLB13 sp001567485	s__OLB13 sp016716525	g__OLB13	g__OLB13	0.958507	0.917144	0.086643	0.057451	421	0.949950	0.896655	0.071337	0.052851	444	1.000000	0.839482	0.014755	0.011367	5269
GCA_001464995.1	GCA_016463385.1	0.892591	mid_high	s__Miltoncostaea sp001464995	s__Miltoncostaea sp016463385	g__Miltoncostaea	g__Miltoncostaea	0.967931	0.937468	0.125755	0.145351	458	0.961389	0.932427	0.150426	0.172969	494	1.000000	0.889526	0.047355	0.053541	12226
GCA_016182905.1	GCA_016191335.1	0.906404	mid_high	s__GWA2-66-18 sp016182905	s__GWA2-66-18 sp016191335	g__GWA2-66-18	g__GWA2-66-18	0.970757	0.947349	0.176729	0.194658	685	0.965683	0.934079	0.163322	0.174170	708	1.000000	0.895804	0.056882	0.062673	18375
GCA_900546275.1	GCA_905215145.1	0.962012	mid_high	s__UMGS872 sp900546275	s__UMGS872 sp905215145	g__UMGS872	g__UMGS872	0.000000	0.919815	0.125000	0.047244	0	0.986202	0.913636	0.144068	0.065469	102	1.000000	0.903995	0.099943	0.055324	4414
GCF_002723915.1	GCF_006539125.1	0.864160	mid_high	s__Gluconobacter albidus	s__Gluconobacter sphaericus	g__Gluconobacter	g__Gluconobacter	0.969973	0.918457	0.071562	0.075658	230	0.962263	0.907687	0.080714	0.084748	529	1.000000	0.866032	0.025789	0.027485	6884
GCA_012838125.1	GCA_012521555.1	0.828853	mid_high	s__Sporobacter sp012838125	s__Sporobacter sp012521555	g__Sporobacter	g__Sporobacter	0.956003	0.906093	0.060317	0.040685	76	0.948646	0.896258	0.052285	0.070581	119	1.000000	0.824815	0.009242	0.008337	1214
GCA_009861545.1	GCA_011523845.1	0.871538	mid_high	s__WTFV01 sp009861545	s__WTFV01 sp011523845	g__WTFV01	g__WTFV01	0.963826	0.927299	0.106308	0.089687	787	0.959215	0.924290	0.141650	0.118373	1324	1.000000	0.870828	0.033074	0.027881	18366
GCF_000513995.1	GCF_000513955.1	0.947134	mid_high	s__Pseudoxanthomonas sp000513995	s__Pseudoxanthomonas suwonensis_C	g__Pseudoxanthomonas	g__Pseudoxanthomonas	0.978980	0.958325	0.269886	0.257313	950	0.972626	0.951032	0.273475	0.259829	1031	1.000000	0.928988	0.147358	0.144125	32019
GCA_012840405.1	GCA_012842275.1	0.907902	mid_high	s__DTU068 sp012840405	s__DTU068 sp012842275	g__DTU068	g__DTU068	0.966981	0.935945	0.113248	0.146409	53	0.962670	0.938955	0.162468	0.227830	632	1.000000	0.891210	0.046052	0.060515	5869
GCF_000257645.1	GCF_000951135.1	0.823978	mid_high	s__Rouxiella sp000257645	s__Rouxiella chamberiensis	g__Rouxiella	g__Rouxiella	0.963089	0.894056	0.036839	0.030831	138	0.960462	0.886985	0.042716	0.052360	385	1.000000	0.840949	0.013058	0.013743	4353
GCA_011087605.1	GCA_905480295.1	0.776440	mid_high	s__R2A130 sp011087605	s__R2A130 sp905480295	g__R2A130	g__R2A130	0.958333	0.820212	0.003300	0.003050	12	0.947531	0.823616	0.008570	0.008521	84	1.000000	0.751309	0.001189	0.001151	378
GCA_002720535.1	GCA_002171375.1	0.823033	mid_high	s__TMED109 sp002720535	s__TMED109 sp002171375	g__TMED109	g__TMED109	0.000000	0.859711	0.009709	0.012987	0	0.951907	0.910727	0.085242	0.094566	134	1.000000	0.845645	0.014011	0.016930	945
GCA_009838385.1	GCA_009841435.1	0.937476	mid_high	s__UBA2991 sp009838385	s__UBA2991 sp009841435	g__UBA2991	g__UBA2991	0.976193	0.952808	0.255630	0.190847	613	0.971415	0.945352	0.264371	0.197779	837	1.000000	0.919431	0.134125	0.095307	21443
GCA_016177555.1	GCA_001788395.1	0.942379	mid_high	s__UBA12499 sp016177555	s__UBA12499 sp001788395	g__UBA12499	g__UBA12499	0.985472	0.948657	0.251261	0.148867	598	0.980323	0.936908	0.239640	0.138295	879	1.000000	0.922817	0.162553	0.094955	35343
GCA_001788415.1	GCA_016188005.1	0.904469	mid_high	s__UBA12499 sp001788415	s__UBA12499 sp016188005	g__UBA12499	g__UBA12499	0.970945	0.932259	0.125551	0.104310	484	0.962343	0.922935	0.137461	0.113369	837	1.000000	0.885182	0.048670	0.041537	17633
GCA_900557435.1	GCA_900767685.1	0.949353	mid_high	s__Coprococcus sp900557435	s__Coprococcus sp900767685	g__Coprococcus	g__Coprococcus	0.982250	0.958171	0.278087	0.247280	250	0.980574	0.952098	0.280930	0.267921	1510	1.000000	0.932744	0.169547	0.154757	34120
GCA_018384745.1	GCF_001700325.1	0.838232	mid_high	s__Caryophanon sp018384745	s__Caryophanon latum	g__Caryophanon	g__Caryophanon	0.959091	0.886552	0.037087	0.018946	55	0.959596	0.893051	0.067412	0.046036	187	1.000000	0.842838	0.018321	0.010928	2292
GCF_000377765.1	GCF_009650095.1	0.854992	mid_high	s__Gracilibacillus lacisalsi	s__Gracilibacillus sp002797295	g__Gracilibacillus	g__Gracilibacillus	0.959692	0.910951	0.061443	0.054502	69	0.953958	0.908508	0.091197	0.078407	691	1.000000	0.847331	0.017663	0.014615	4408
GCA_910589545.1	GCA_018371055.1	0.908591	mid_high	s__Finegoldia sp910589545	s__Finegoldia magna_I	g__Finegoldia	g__Finegoldia	0.974375	0.942315	0.169492	0.147059	50	0.970153	0.945050	0.232340	0.221411	546	1.000000	0.908324	0.092719	0.075526	8103
GCA_900770765.1	GCF_000158455.1	0.776796	mid_high	s__Helicobacter_D sp900770765	s__Helicobacter_D winghamensis	g__Helicobacter_D	g__Helicobacter_D	0.000000	0.280442	0.000000	0.000000	0	0.946296	0.838557	0.013115	0.012477	20	1.000000	0.765146	0.001648	0.001837	126
GCF_000403355.2	GCF_008831045.1	0.905909	mid_high	s__Adlercreutzia caecimuris	s__Adlercreutzia muris	g__Adlercreutzia	g__Adlercreutzia	0.983425	0.947224	0.175876	0.194035	592	0.980145	0.936744	0.175053	0.187657	748	1.000000	0.919357	0.108551	0.116340	21588
GCF_009602435.1	GCF_900103695.1	0.864040	mid_high	s__Sediminibacillus terrae	s__Sediminibacillus halophilus	g__Sediminibacillus	g__Sediminibacillus	0.962862	0.917638	0.067980	0.075575	138	0.958031	0.912814	0.095244	0.094728	751	1.000000	0.859844	0.021888	0.023133	6093
GCF_900103695.1	GCF_017792025.1	0.907685	mid_high	s__Sediminibacillus halophilus	s__Sediminibacillus sp017792025	g__Sediminibacillus	g__Sediminibacillus	0.969498	0.931472	0.114458	0.108798	209	0.964514	0.922664	0.123486	0.124365	979	1.000000	0.880257	0.039637	0.038533	10440
GCA_014190155.1	GCA_903878415.1	0.875345	mid_high	s__UBA7398 sp014190155	s__UBA7398 sp903878415	g__UBA7398	g__UBA7398	0.973307	0.930819	0.110599	0.107987	96	0.967659	0.929378	0.146615	0.150522	418	1.000000	0.893384	0.055501	0.055595	4428
GCA_016704435.1	GCA_018058035.1	0.835237	mid_high	s__JAAKGP01 sp016704435	s__JAAKGP01 sp018058035	g__JAAKGP01	g__JAAKGP01	0.956702	0.898635	0.034634	0.043962	166	0.952517	0.891857	0.044901	0.064799	273	1.000000	0.830350	0.009416	0.010947	3142
GCA_009838765.1	GCA_009840115.1	0.913967	mid_high	s__JAAXHJ01 sp009838765	s__JAAXHJ01 sp009840115	g__JAAXHJ01	g__JAAXHJ01	0.970494	0.948944	0.184901	0.206047	627	0.962894	0.942925	0.200706	0.228523	1080	1.000000	0.901758	0.067853	0.073106	22133
GCA_003277985.1	GCA_902564695.1	0.829235	mid_high	s__Prochlorococcus_B sp003277985	s__Prochlorococcus_B sp902564695	g__Prochlorococcus_B	g__Prochlorococcus_B	0.000000	0.901600	0.039474	0.046632	0	0.951537	0.906303	0.077018	0.082420	188	1.000000	0.831767	0.010324	0.010785	882
GCA_002316545.1	GCA_002455275.1	0.916174	mid_high	s__UBA1020 sp002316545	s__UBA1020 sp002455275	g__UBA1020	g__UBA1020	0.973849	0.958701	0.271817	0.261708	190	0.972255	0.960046	0.347880	0.332341	558	1.000000	0.926847	0.141986	0.132567	7518
GCA_017406465.1	GCA_900320855.1	0.801339	mid_high	s__UBA1067 sp017406465	s__UBA1067 sp900320855	g__UBA1067	g__UBA1067	0.962924	0.870406	0.013373	0.018695	59	0.950029	0.842297	0.009907	0.020212	63	1.000000	0.783018	0.002413	0.003247	672
GCA_005502445.1	GCF_014595885.1	0.861417	mid_high	s__Yonghaparkia sp005502445	s__Yonghaparkia alkaliphila_A	g__Yonghaparkia	g__Yonghaparkia	0.961268	0.923565	0.086480	0.086815	426	0.957130	0.911115	0.085522	0.096249	254	1.000000	0.858344	0.020425	0.022447	4587
GCF_900130075.1	GCF_015645465.1	0.829570	mid_high	s__Herminiimonas arsenitoxidans	s__Herminiimonas contaminans	g__Herminiimonas	g__Herminiimonas	0.960614	0.896738	0.037078	0.036368	169	0.958321	0.892464	0.054667	0.054997	383	1.000000	0.835690	0.011901	0.011322	3250
GCA_017438525.1	GCA_017616855.1	0.841113	mid_high	s__RGIG8002 sp017438525	s__RGIG8002 sp017616855	g__RGIG8002	g__RGIG8002	0.963509	0.921058	0.081067	0.078883	161	0.959758	0.910656	0.084006	0.095588	104	1.000000	0.852169	0.017925	0.018495	2465
GCF_000648235.2	GCF_011087585.1	0.915516	mid_high	s__Neochlamydia sp000813665	s__Neochlamydia sp011087585	g__Neochlamydia	g__Neochlamydia	0.967130	0.949944	0.192857	0.210608	135	0.964118	0.948485	0.235262	0.263222	866	1.000000	0.907686	0.077877	0.086693	11280
GCF_001888805.2	GCA_019218745.1	0.910073	mid_high	s__Enterobacter_D sp001888805	s__Enterobacter_D sp019218745	g__Enterobacter_D	g__Enterobacter_D	0.971542	0.935370	0.130590	0.122381	403	0.967799	0.928819	0.151098	0.141716	1011	1.000000	0.894099	0.057969	0.055315	16954
GCA_002773575.1	GCA_001777995.1	0.946922	mid_high	s__2-12-FULL-45-10 sp002773575	s__2-12-FULL-45-10 sp001777995	g__2-12-FULL-45-10	g__2-12-FULL-45-10	0.986413	0.958112	0.261364	0.262108	92	0.980193	0.947994	0.239684	0.251613	273	1.000000	0.929050	0.138718	0.154484	6516
GCF_000374285.1	GCF_000739435.1	0.924687	mid_high	s__Actinobacillus capsulatus	s__Actinobacillus suis	g__Actinobacillus	g__Actinobacillus	0.970673	0.945069	0.166952	0.178082	195	0.966565	0.943964	0.215312	0.225311	689	1.000000	0.910741	0.087375	0.090524	11572
GCF_000169415.1	GCF_002814095.1	0.894415	mid_high	s__Sagittula stellata	s__Sagittula sp002814095	g__Sagittula	g__Sagittula	0.965723	0.949965	0.208867	0.194719	1239	0.958923	0.945921	0.224161	0.240533	1696	1.000000	0.901522	0.071228	0.068073	30694
GCA_902547955.1	GCA_902590895.1	0.932153	mid_high	s__MED-G10 sp902547955	s__MED-G10 sp902590895	g__MED-G10	g__MED-G10	0.971875	0.937363	0.130719	0.138889	20	0.975146	0.931265	0.135795	0.179953	228	1.000000	0.903657	0.065346	0.083401	4411
GCF_002091635.1	GCF_002286785.1	0.945143	mid_high	s__Pseudomonas_M indica	s__Pseudomonas_M sp002286785	g__Pseudomonas_M	g__Pseudomonas_M	0.974801	0.958898	0.276626	0.260426	1761	0.972461	0.948538	0.261279	0.237697	2328	1.000000	0.924161	0.131203	0.124685	53393
GCA_903881535.1	GCA_903915615.1	0.888397	mid_high	s__CAIRTT01 sp903881535	s__CAIRTT01 sp903915615	g__CAIRTT01	g__CAIRTT01	0.967706	0.941048	0.143058	0.160669	509	0.964234	0.937399	0.168595	0.201855	1632	1.000000	0.895051	0.053899	0.062941	15502
GCA_903924445.1	GCA_903915615.1	0.943531	mid_high	s__CAIRTT01 sp903924445	s__CAIRTT01 sp903915615	g__CAIRTT01	g__CAIRTT01	0.977284	0.962773	0.293632	0.314394	996	0.976343	0.957115	0.302454	0.326283	2638	1.000000	0.932951	0.157640	0.167498	41254
GCF_900230215.1	GCA_900100325.1	0.843491	mid_high	s__MT45 sp900230215	s__MT45 sp900100325	g__MT45	g__MT45	0.965074	0.818677	0.002790	0.003270	17	0.965547	0.807062	0.004981	0.005996	43	1.000000	0.768621	0.001783	0.002066	758
GCF_011801475.1	GCF_013177435.1	0.827529	mid_high	s__Xylella fastidiosa	s__Xylella taiwanensis	g__Xylella	g__Xylella	0.954937	0.913889	0.071987	0.056143	138	0.947993	0.912787	0.099826	0.090252	574	1.000000	0.839592	0.013649	0.012354	2536
GCF_002002705.1	GCA_004322085.1	0.856079	mid_high	s__Rhodoferax_A sp002002705	s__Rhodoferax_A sp004322085	g__Rhodoferax_A	g__Rhodoferax_A	0.962681	0.917762	0.068794	0.075278	345	0.953646	0.895087	0.057675	0.060063	322	1.000000	0.849951	0.016159	0.017914	4455
GCF_004005475.1	GCA_011524565.1	0.831018	mid_high	s__Niallia taxi	s__Niallia sp011524565	g__Niallia	g__Niallia	0.963431	0.889496	0.029709	0.028554	47	0.953452	0.900736	0.064965	0.072343	588	1.000000	0.840126	0.012997	0.013464	3989
GCF_003201475.1	GCF_018398315.1	0.833885	mid_high	s__Chelatococcus asaccharovorans	s__Chelatococcus sp018398315	g__Chelatococcus	g__Chelatococcus	0.960110	0.918156	0.067480	0.078704	680	0.951991	0.898453	0.066392	0.062576	773	1.000000	0.843164	0.013660	0.014962	8220
GCF_018398335.1	GCF_003201475.1	0.847189	mid_high	s__Chelatococcus sp018398335	s__Chelatococcus asaccharovorans	g__Chelatococcus	g__Chelatococcus	0.962553	0.912685	0.064456	0.058053	585	0.955300	0.892762	0.053334	0.057288	667	1.000000	0.839450	0.013191	0.012671	7625
GCF_003096675.1	GCF_004363095.1	0.853626	mid_high	s__Actinomycetospora cinnamomea	s__Actinomycetospora succinea	g__Actinomycetospora	g__Actinomycetospora	0.962333	0.914827	0.070305	0.061043	487	0.956606	0.905737	0.080060	0.076901	536	1.000000	0.842924	0.014931	0.013547	7471
GCA_011390735.1	GCA_011389865.1	0.910120	mid_high	s__JAABTL01 sp011390735	s__JAABTL01 sp011389865	g__JAABTL01	g__JAABTL01	0.970706	0.947673	0.206234	0.170307	655	0.966524	0.935294	0.195958	0.155014	572	1.000000	0.905361	0.084669	0.070235	16704
GCA_002730975.1	GCA_018695085.1	0.864391	mid_high	s__GCA-2730975 sp002730975	s__GCA-2730975 sp018695085	g__GCA-2730975	g__GCA-2730975	0.967033	0.925495	0.088867	0.095588	273	0.959571	0.917384	0.104090	0.110940	939	1.000000	0.871574	0.029758	0.032039	8123
GCA_017794765.1	GCA_002697745.1	0.898575	mid_high	s__Nitratireductor sp017794765	s__Nitratireductor sp002697745	g__Nitratireductor	g__Nitratireductor	0.967299	0.938471	0.152131	0.128115	689	0.961937	0.931493	0.171543	0.144213	1155	1.000000	0.889926	0.054775	0.046832	15500
GCF_900478135.1	GCF_000439085.1	0.828190	mid_high	s__Leminorella richardii	s__Leminorella grimontii	g__Leminorella	g__Leminorella	0.965774	0.900124	0.044662	0.037500	105	0.950342	0.889145	0.049001	0.051290	314	1.000000	0.836521	0.012212	0.011559	3041
GCF_013377295.1	GCF_018343795.1	0.880154	mid_high	s__Phocoenobacter skyensis	s__Phocoenobacter atlantica	g__Phocoenobacter	g__Phocoenobacter	0.984012	0.927505	0.099078	0.097506	43	0.975659	0.930265	0.149116	0.155262	388	1.000000	0.903597	0.074455	0.072327	8115
GCA_016207065.1	GCA_016217765.1	0.945825	mid_high	s__JACRGP01 sp016207065	s__JACRGP01 sp016217765	g__JACRGP01	g__JACRGP01	0.983001	0.955144	0.205764	0.275336	307	0.979671	0.950019	0.227483	0.295734	1033	1.000000	0.932807	0.143286	0.186090	32586
GCF_900475935.1	GCF_002139935.1	0.778473	mid_high	s__Campylobacter fetus	s__Campylobacter lanienae	g__Campylobacter	g__Campylobacter	0.000000	0.843205	0.005831	0.007519	0	0.944974	0.854116	0.020092	0.018868	35	1.000000	0.790215	0.003243	0.003583	317
GCF_001277215.2	GCF_000982825.1	0.949907	mid_high	s__Cronobacter malonaticus	s__Cronobacter sakazakii	g__Cronobacter	g__Cronobacter	0.978675	0.980693	0.539453	0.538792	1757	0.976767	0.977794	0.573272	0.525856	3732	1.000000	0.955152	0.301960	0.290882	86294
GCA_004356805.1	GCA_003230435.1	0.857898	mid_high	s__SZUA-217 sp004356805	s__SZUA-217 sp003230435	g__SZUA-217	g__SZUA-217	0.956931	0.917199	0.081208	0.061514	156	0.954866	0.909892	0.097034	0.079408	494	1.000000	0.845645	0.017179	0.013937	3148
GCA_003553525.1	GCA_007118655.1	0.854203	mid_high	s__Isachenkonia sp003553525	s__Isachenkonia sp007118655	g__Isachenkonia	g__Isachenkonia	0.959491	0.906794	0.040971	0.062645	27	0.955849	0.907438	0.065144	0.103601	328	1.000000	0.848735	0.013132	0.021684	2289
GCA_003217735.2	GCA_002709405.1	0.838254	mid_high	s__Marinibacterium sp003217735	s__Marinibacterium sp002709405	g__Marinibacterium	g__Marinibacterium	0.959541	0.904768	0.042350	0.053235	302	0.951427	0.894411	0.052377	0.063766	488	1.000000	0.834501	0.009892	0.012992	5565
GCF_002210095.1	GCA_003217735.2	0.840435	mid_high	s__Marinibacterium profundimaris	s__Marinibacterium sp003217735	g__Marinibacterium	g__Marinibacterium	0.965955	0.908672	0.055935	0.051746	369	0.960898	0.897452	0.065955	0.059676	556	1.000000	0.852900	0.019776	0.017549	9872
GCA_018831085.1	GCF_017824735.1	0.809931	mid_high	s__Rheinheimera sp018831085	s__Rheinheimera sp017824735	g__Rheinheimera	g__Rheinheimera	0.964923	0.879924	0.023456	0.019600	49	0.953933	0.889072	0.051652	0.048467	283	1.000000	0.830816	0.010178	0.010148	2196
GCA_002840125.1	GCA_018826295.1	0.810769	mid_high	s__Rheinheimera sp002840125	s__Rheinheimera sp018826295	g__Rheinheimera	g__Rheinheimera	0.961436	0.877423	0.020778	0.018853	47	0.954674	0.878640	0.038405	0.037109	210	1.000000	0.818886	0.007522	0.007128	1658
GCA_013816105.1	GCA_013817655.1	0.925099	mid_high	s__JACDCJ01 sp013816105	s__JACDCJ01 sp013817655	g__JACDCJ01	g__JACDCJ01	0.976454	0.947524	0.207045	0.168028	288	0.971471	0.940610	0.225696	0.179340	592	1.000000	0.913490	0.107828	0.086735	14198
GCF_016106015.1	GCF_012163135.1	0.843676	mid_high	s__Roseomonas_B sp016106015	s__Roseomonas_B oryzicola	g__Roseomonas_B	g__Roseomonas_B	0.960678	0.915266	0.070328	0.062761	511	0.953776	0.898065	0.065203	0.062398	383	1.000000	0.844950	0.015626	0.014347	5868
GCF_018129005.1	GCF_005222755.1	0.840577	mid_high	s__Roseomonas_B eburnea	s__Roseomonas_B sp005222755	g__Roseomonas_B	g__Roseomonas_B	0.960382	0.915431	0.064183	0.069504	534	0.954822	0.898638	0.061243	0.068520	414	1.000000	0.845033	0.014344	0.015761	6215
GCF_014196925.1	GCF_001418005.1	0.939811	mid_high	s__Chelatococcus_A caeni	s__Chelatococcus_A sambhunathii	g__Chelatococcus_A	g__Chelatococcus_A	0.976062	0.955306	0.217423	0.263296	1812	0.973034	0.941823	0.195587	0.220947	1232	1.000000	0.919870	0.102605	0.126577	43871
GCF_018263925.1	GCA_002084115.1	0.886560	mid_high	s__Kistimonas asteriae	s__Kistimonas sp002084115	g__Kistimonas	g__Kistimonas	0.961049	0.928235	0.081942	0.123536	211	0.959923	0.924274	0.106887	0.156735	1060	1.000000	0.876523	0.028820	0.043375	10097
GCF_004421185.1	GCF_007475525.1	0.928596	mid_high	s__Methylacidiphilum sp004421185	s__Methylacidiphilum kamchatkense	g__Methylacidiphilum	g__Methylacidiphilum	0.968431	0.943145	0.163880	0.160393	98	0.964985	0.941405	0.205877	0.205229	1044	1.000000	0.898256	0.064263	0.063414	8819
GCA_002869015.1	GCA_002869005.1	0.811603	mid_high	s__BM512 sp002869015	s__BM512 sp002869005	g__BM512	g__BM512	0.958640	0.885095	0.026751	0.023927	34	0.953550	0.882885	0.043147	0.041542	181	1.000000	0.822136	0.008419	0.007908	1368
GCA_002337085.1	GCA_002336965.1	0.874385	mid_high	s__UBA1942 sp002337085	s__UBA1942 sp002336965	g__UBA1942	g__UBA1942	0.968461	0.921709	0.080000	0.083333	108	0.954274	0.931879	0.158743	0.159121	601	1.000000	0.881890	0.039954	0.041367	5285
GCA_016787505.1	GCA_016715405.1	0.908555	mid_high	s__JABWBR01 sp016787505	s__JABWBR01 sp016715405	g__JABWBR01	g__JABWBR01	0.968484	0.943300	0.175365	0.151390	588	0.964038	0.933867	0.183006	0.153670	1275	1.000000	0.897722	0.068060	0.057174	19647
GCA_902509965.1	GCA_905181955.1	0.819443	mid_high	s__MED-G78 sp902509965	s__MED-G78 sp905181955	g__MED-G78	g__MED-G78	0.000000	0.879525	0.022556	0.019868	0	0.949700	0.911314	0.098667	0.084330	148	1.000000	0.831344	0.011516	0.009505	695
GCA_017353825.1	GCA_008933705.1	0.783594	mid_high	s__AWTP1-13 sp017353825	s__AWTP1-13 sp008933705	g__AWTP1-13	g__AWTP1-13	0.955966	0.845125	0.008878	0.005584	44	0.944232	0.834644	0.012744	0.010394	87	1.000000	0.757907	0.001612	0.001230	510
GCF_002157205.1	GCF_002155145.1	0.902326	mid_high	s__Kushneria marisflavi	s__Kushneria konosiri	g__Kushneria	g__Kushneria	0.000000	0.794389	0.001350	0.001428	0	0.994949	0.784110	0.002898	0.002984	22	1.000000	0.778724	0.002467	0.002497	714
GCA_016297695.1	GCA_902795845.1	0.830576	mid_high	s__RUG14121 sp016297695	s__RUG14121 sp902795845	g__RUG14121	g__RUG14121	0.000000	0.872582	0.008621	0.033333	0	0.948302	0.888553	0.029109	0.083624	48	1.000000	0.826771	0.005920	0.014444	506
GCF_003063645.1	GCF_003063665.1	0.847773	mid_high	s__Limnohabitans_A sp003063645	s__Limnohabitans_A sp003063665	g__Limnohabitans_A	g__Limnohabitans_A	0.958919	0.907464	0.044356	0.060400	178	0.953860	0.890133	0.038427	0.068990	297	1.000000	0.839404	0.010345	0.015842	2936
GCA_009693505.1	GCA_005789685.1	0.907472	mid_high	s__Limnohabitans_A sp009693505	s__Limnohabitans_A sp005789685	g__Limnohabitans_A	g__Limnohabitans_A	0.969196	0.939213	0.115132	0.177515	210	0.963110	0.933416	0.131304	0.209025	755	1.000000	0.893067	0.043561	0.068886	6938
GCA_903857265.1	GCA_003170415.1	0.848888	mid_high	s__Fen-1362 sp903857265	s__Fen-1362 sp003170415	g__Fen-1362	g__Fen-1362	0.962588	0.927496	0.094920	0.101719	213	0.953883	0.914261	0.096419	0.101179	412	1.000000	0.854550	0.019166	0.019800	3451
GCA_002841685.1	GCA_013791745.1	0.933008	mid_high	s__CG03 sp002841685	s__CG03 sp013791745	g__CG03	g__CG03	0.979688	0.953662	0.238501	0.216049	140	0.976617	0.942246	0.219903	0.201065	453	1.000000	0.923895	0.133354	0.122334	14927
GCA_902526865.1	GCA_902613995.1	0.933577	mid_high	s__GCA-2691245 sp902526865	s__GCA-2691245 sp902613995	g__GCA-2691245	g__GCA-2691245	0.973790	0.949462	0.210884	0.186747	31	0.970250	0.953203	0.286472	0.278890	432	1.000000	0.915439	0.105386	0.097956	6570
GCA_902567145.1	GCA_902522465.1	0.788037	mid_high	s__GCA-2691245 sp902567145	s__GCA-2691245 sp902522465	g__GCA-2691245	g__GCA-2691245	0.000000	0.280442	0.000000	0.000000	0	0.968661	0.857487	0.028353	0.016039	26	1.000000	0.815369	0.009034	0.005122	340
GCA_001770015.1	GCA_001769975.1	0.824858	mid_high	s__XYC1-FULL-37-79 sp001770015	s__XYC1-FULL-37-79 sp001769975	g__XYC1-FULL-37-79	g__XYC1-FULL-37-79	0.000000	0.865341	0.008859	0.020408	0	0.951664	0.882667	0.027788	0.063749	236	1.000000	0.808786	0.003858	0.008382	969
GCA_002428805.1	GCA_905216205.1	0.826496	mid_high	s__Cetobacterium_A sp002428805	s__Cetobacterium_A sp905216205	g__Cetobacterium_A	g__Cetobacterium_A	0.000000	0.869683	0.015038	0.015873	0	0.951923	0.883324	0.051409	0.035702	104	1.000000	0.813388	0.007908	0.005214	676
GCF_000770795.1	GCF_018406645.1	0.848732	mid_high	s__Lysobacter_A dokdonensis	s__Lysobacter_A helvus	g__Lysobacter_A	g__Lysobacter_A	0.962930	0.915721	0.066093	0.068760	392	0.956951	0.909948	0.087121	0.088712	345	1.000000	0.861307	0.022848	0.023595	5834
GCA_903958625.1	GCA_903861125.1	0.855090	mid_high	s__UBA8401 sp903958625	s__UBA8401 sp903861125	g__UBA8401	g__UBA8401	0.962327	0.925317	0.094473	0.088897	253	0.960481	0.921020	0.118113	0.118979	746	1.000000	0.869064	0.029101	0.028705	8293
GCA_002382755.1	GCA_003513005.1	0.864767	mid_high	s__46-80 sp002382755	s__46-80 sp003513005	g__46-80	g__46-80	0.964761	0.916916	0.082456	0.059494	47	0.956305	0.908439	0.099813	0.071371	267	1.000000	0.847539	0.019279	0.013646	1944
GCA_016720925.1	GCA_016790765.1	0.773212	mid_high	s__JAEUMZ01 sp016720925	s__JAEUMZ01 sp016790765	g__JAEUMZ01	g__JAEUMZ01	0.949219	0.839393	0.004548	0.007553	32	0.937669	0.811705	0.004076	0.009417	41	1.000000	0.721112	0.000404	0.000696	161
GCF_001641085.1	GCF_001573155.1	0.829082	mid_high	s__Aequorivita soesokkakensis	s__Aequorivita aquimaris	g__Aequorivita	g__Aequorivita	0.961806	0.888503	0.031106	0.025592	27	0.959498	0.876838	0.036099	0.035819	171	1.000000	0.829653	0.010019	0.009846	1395
GCA_003559985.1	GCA_007121335.1	0.883861	mid_high	s__PWJY01 sp003559985	s__PWJY01 sp007121335	g__PWJY01	g__PWJY01	0.966216	0.933983	0.151639	0.096438	111	0.958009	0.921285	0.152442	0.093514	643	1.000000	0.873737	0.041253	0.026133	5453
GCA_001552015.1	GCA_003086415.1	0.914227	mid_high	s__Nanopusillus acidilobi	s__Nanopusillus stetteri_A	g__Nanopusillus	g__Nanopusillus	0.000000	0.280442	0.000000	0.000000	0	0.961317	0.934211	0.157895	0.181452	90	1.000000	0.893511	0.051716	0.061093	1400
GCA_001552015.1	GCA_000387965.1	0.917080	mid_high	s__Nanopusillus acidilobi	s__Nanopusillus stetteri	g__Nanopusillus	g__Nanopusillus	0.000000	0.280442	0.000000	0.000000	0	0.962102	0.928485	0.150877	0.139384	86	1.000000	0.884582	0.043958	0.044368	1190
GCA_005502925.1	GCA_003576695.1	0.840278	mid_high	s__Nordella sp005502925	s__Nordella sp003576695	g__Nordella	g__Nordella	0.959681	0.915671	0.060938	0.074335	634	0.954095	0.897329	0.056519	0.069178	639	1.000000	0.840184	0.011802	0.014604	6908
GCF_900116345.1	GCA_017959135.1	0.857178	mid_high	s__Succinivibrio dextrinosolvens_B	s__Succinivibrio sp017959135	g__Succinivibrio	g__Succinivibrio	0.962674	0.914553	0.053651	0.078603	36	0.955260	0.911999	0.072958	0.118341	351	1.000000	0.858133	0.016835	0.027300	3136
GCA_014324065.1	GCA_005518205.2	0.949724	mid_high	s__Hormoscilla sp014324065	s__Hormoscilla sp005518205	g__Hormoscilla	g__Hormoscilla	0.987363	0.961460	0.338668	0.250620	910	0.985175	0.956302	0.360133	0.262264	3785	1.000000	0.940611	0.234141	0.171658	81765
GCA_903874955.1	GCA_903893805.1	0.769352	mid_high	s__CAITNM01 sp903874955	s__CAITNM01 sp903893805	g__CAITNM01	g__CAITNM01	0.000000	0.808197	0.001927	0.002421	0	0.947531	0.845864	0.014634	0.016590	36	1.000000	0.752906	0.001166	0.001382	107
GCA_014879945.1	GCA_016879935.1	0.831887	mid_high	s__JAEUJQ01 sp014879945	s__JAEUJQ01 sp016879935	g__JAEUJQ01	g__JAEUJQ01	0.960503	0.908685	0.072160	0.040144	648	0.954345	0.886340	0.059015	0.036601	563	1.000000	0.834610	0.013182	0.009662	7076
GCA_001775255.1	GCA_902826595.1	0.877225	mid_high	s__2-12-FULL-53-21 sp001775255	s__2-12-FULL-53-21 sp902826595	g__2-12-FULL-53-21	g__2-12-FULL-53-21	0.960405	0.933238	0.128655	0.108374	176	0.954700	0.928527	0.159548	0.132108	381	1.000000	0.869695	0.032253	0.027362	5181
GCF_000379085.1	GCF_000023965.1	0.967417	mid_high	s__Halomicrobium katesii	s__Halomicrobium mukohataei	g__Halomicrobium	g__Halomicrobium	0.986708	0.963739	0.302616	0.324514	1018	0.986980	0.954579	0.282080	0.305081	1519	1.000000	0.943661	0.210297	0.226548	78503
GCA_001914815.1	GCA_001918935.1	0.853748	mid_high	s__40CM-3-55-5 sp001914815	s__40CM-3-55-5 sp001918935	g__40CM-3-55-5	g__40CM-3-55-5	0.958807	0.917901	0.072999	0.071574	176	0.953425	0.916005	0.104947	0.102138	664	1.000000	0.847927	0.016518	0.016018	3372
GCA_001798455.1	GCA_016193385.1	0.947163	mid_high	s__2-12-FULL-57-22 sp001798455	s__2-12-FULL-57-22 sp016193385	g__2-12-FULL-57-22	g__2-12-FULL-57-22	0.979644	0.949147	0.327227	0.117947	393	0.978492	0.941302	0.341789	0.122931	1307	1.000000	0.919903	0.190431	0.069211	27283
GCA_905182655.1	GCA_002691385.1	0.828055	mid_high	s__UBA4465 sp905182655	s__UBA4465 sp002691385	g__UBA4465	g__UBA4465	0.953125	0.884951	0.032345	0.019608	12	0.947656	0.898124	0.080273	0.050844	271	1.000000	0.814582	0.008525	0.005241	933
GCA_002842575.1	GCA_001873105.1	0.856589	mid_high	s__Planktosalinus sp002842575	s__Planktosalinus sp001873105	g__Planktosalinus	g__Planktosalinus	0.961890	0.915956	0.065600	0.070326	41	0.954589	0.915272	0.094937	0.108525	345	1.000000	0.854652	0.018359	0.020836	2259
GCA_015523055.1	GCA_018897475.1	0.781317	mid_high	s__WALD01 sp015523055	s__WALD01 sp018897475	g__WALD01	g__WALD01	0.000000	0.844886	0.010563	0.004622	0	0.939707	0.853062	0.021695	0.016507	43	1.000000	0.756441	0.001659	0.001170	115
GCF_002020135.1	GCF_000715505.1	0.809364	mid_high	s__Thioclava marina	s__Thioclava dalianensis	g__Thioclava	g__Thioclava	0.957207	0.880942	0.021842	0.022465	111	0.950926	0.875642	0.038700	0.031323	200	1.000000	0.810335	0.006314	0.005533	1899
GCA_017531925.1	GCA_017483195.1	0.895612	mid_high	s__RGIG4608 sp017531925	s__RGIG4608 sp017483195	g__RGIG4608	g__RGIG4608	0.971799	0.930377	0.115819	0.100244	82	0.971160	0.909688	0.091454	0.083333	122	1.000000	0.881811	0.042311	0.039336	3200
GCF_000686665.1	GCF_014131695.1	0.804413	mid_high	s__Erysipelatoclostridium saccharogumia	s__Erysipelatoclostridium ramosum	g__Erysipelatoclostridium	g__Erysipelatoclostridium	0.000000	0.864140	0.014164	0.011820	0	0.956270	0.859362	0.023288	0.021609	83	1.000000	0.807618	0.005625	0.005378	912
GCF_002761295.1	GCF_004137855.1	0.943950	mid_high	s__Methanohalophilus portucalensis	s__Methanohalophilus profundi	g__Methanohalophilus	g__Methanohalophilus	0.980035	0.955209	0.226772	0.250871	144	0.974819	0.955950	0.282668	0.327838	1034	1.000000	0.928803	0.137977	0.153556	17926
GCF_001425265.1	GCF_001425045.1	0.906358	mid_high	s__Pseudoduganella sp001425265	s__Pseudoduganella sp001425045	g__Pseudoduganella	g__Pseudoduganella	0.969976	0.948344	0.196256	0.186808	1300	0.964508	0.941239	0.207087	0.202200	1654	1.000000	0.907337	0.081634	0.080275	34480
GCA_002504905.1	GCA_902593945.1	0.836130	mid_high	s__MGIIb-O2 sp002504905	s__MGIIb-O2 sp902593945	g__MGIIb-O2	g__MGIIb-O2	0.000000	0.864054	0.012945	0.012862	0	0.950873	0.897161	0.058080	0.066713	193	1.000000	0.826455	0.008412	0.010001	800
GCF_000023465.1	GCF_900112105.1	0.832749	mid_high	s__Zunongwangia profunda	s__Zunongwangia mangrovi	g__Zunongwangia	g__Zunongwangia	0.961174	0.885568	0.026170	0.025210	33	0.949512	0.895275	0.053650	0.065228	402	1.000000	0.832031	0.009670	0.011667	2616
GCF_003052295.1	GCA_002155105.1	0.917891	mid_high	s__Trichococcus paludicola	s__Trichococcus shcherbakoviae	g__Trichococcus	g__Trichococcus	0.970825	0.960306	0.356298	0.221262	512	0.966512	0.955330	0.382861	0.234075	1242	1.000000	0.919930	0.143326	0.091344	20693
GCF_003008695.1	GCF_900107505.1	0.919327	mid_high	s__Trichococcus alkaliphilus	s__Trichococcus collinsii	g__Trichococcus	g__Trichococcus	0.969053	0.939154	0.142725	0.142659	309	0.967499	0.930159	0.159420	0.144394	792	1.000000	0.893742	0.057885	0.054702	12096
GCA_005774545.1	GCA_012026975.1	0.832728	mid_high	s__VAUL01 sp005774545	s__VAUL01 sp012026975	g__VAUL01	g__VAUL01	0.958615	0.908644	0.050272	0.057471	185	0.953343	0.880632	0.042790	0.037091	154	1.000000	0.831863	0.010049	0.010959	2348
GCF_000204565.1	GCF_017100085.1	0.950162	mid_high	s__Clostridium_H botulinum_B	s__Clostridium_H botulinum_A	g__Clostridium_H	g__Clostridium_H	0.000000	0.911088	0.055556	0.060811	0	0.991379	0.881817	0.041802	0.040475	116	1.000000	0.867412	0.027370	0.028002	4000
GCA_015232025.1	GCA_015232485.1	0.947659	mid_high	s__JADFZP01 sp015232025	s__JADFZP01 sp015232485	g__JADFZP01	g__JADFZP01	0.982974	0.959569	0.286804	0.262206	1015	0.979099	0.949190	0.260507	0.246935	1531	1.000000	0.931788	0.162369	0.153018	48598
GCA_014240455.1	GCA_018698915.1	0.831009	mid_high	s__JAAZWY01 sp014240455	s__JAAZWY01 sp018698915	g__JAAZWY01	g__JAAZWY01	0.000000	0.867596	0.013158	0.015873	0	0.959811	0.897436	0.065097	0.060411	47	1.000000	0.858178	0.021996	0.021316	581
GCF_016904885.1	GCF_002305855.1	0.877748	mid_high	s__Melittangium primigenium	s__Melittangium boletus	g__Melittangium	g__Melittangium	0.965461	0.864782	0.013993	0.012466	95	0.959542	0.846628	0.018051	0.014016	249	1.000000	0.801455	0.004920	0.004394	3181
GCF_000737195.2	GCF_000379465.1	0.934608	mid_high	s__Sciscionella sp000737195	s__Sciscionella marina	g__Sciscionella	g__Sciscionella	0.973075	0.960283	0.300729	0.261750	3013	0.970808	0.951516	0.305167	0.239010	3012	1.000000	0.923357	0.135721	0.116246	79236
GCA_002690655.1	GCA_000383715.1	0.942859	mid_high	s__AAA164-E04 sp002690655	s__AAA164-E04 sp000383715	g__AAA164-E04	g__AAA164-E04	0.975041	0.960335	0.278104	0.284002	616	0.973738	0.956354	0.301333	0.314326	3324	1.000000	0.925514	0.131330	0.134881	39485
GCA_013824685.1	GCF_003570925.1	0.878511	mid_high	s__Cryosericum sp013824685	s__Cryosericum terrychapinii	g__Cryosericum	g__Cryosericum	0.959885	0.919397	0.068347	0.084129	141	0.957316	0.917766	0.099333	0.118675	387	1.000000	0.862056	0.021720	0.026389	3389
GCA_903871855.1	GCF_003570935.1	0.840352	mid_high	s__Cryosericum sp903871855	s__Cryosericum odellii	g__Cryosericum	g__Cryosericum	0.957552	0.911863	0.060914	0.058281	120	0.950070	0.903714	0.077432	0.071284	316	1.000000	0.834206	0.011731	0.010793	1825
GCA_013824685.1	GCF_003570935.1	0.858326	mid_high	s__Cryosericum sp013824685	s__Cryosericum odellii	g__Cryosericum	g__Cryosericum	0.961200	0.917906	0.072225	0.072365	149	0.954745	0.905039	0.082136	0.072186	320	1.000000	0.849836	0.017900	0.016517	2793
GCA_015256915.2	GCA_013333405.2	0.870602	mid_high	s__Nanogingivalis sp900555945	s__Nanogingivalis sp013333405	g__Nanogingivalis	g__Nanogingivalis	0.970833	0.912508	0.064378	0.057471	15	0.962635	0.923504	0.124862	0.128702	113	1.000000	0.866650	0.027274	0.026502	721
GCF_900100275.1	GCF_014646255.1	0.914101	mid_high	s__Lentzea violacea	s__Lentzea pudingi	g__Lentzea	g__Lentzea	0.971096	0.947235	0.189708	0.180014	2304	0.968926	0.933939	0.172823	0.163363	2143	1.000000	0.903216	0.075118	0.070272	54383
GCF_000196655.1	GCA_018609725.1	0.941789	mid_high	s__Methanohalobium evestigatum	s__Methanohalobium sp018609725	g__Methanohalobium	g__Methanohalobium	0.975893	0.965049	0.299786	0.356234	140	0.973160	0.957436	0.291075	0.344981	1086	1.000000	0.927579	0.131951	0.150008	18775
GCA_001725235.1	GCF_001298675.1	0.915669	mid_high	s__Acidovorax_C sp001725235	s__Acidovorax_C caeni	g__Acidovorax_C	g__Acidovorax_C	0.970559	0.936808	0.124808	0.140394	570	0.964702	0.931462	0.156474	0.157836	852	1.000000	0.897449	0.057613	0.066290	15595
GCF_003144325.1	GCF_011045835.1	0.964486	mid_high	s__Proteus terrae	s__Proteus cibarius	g__Proteus	g__Proteus	0.985501	0.966735	0.360097	0.330357	444	0.982333	0.963630	0.381470	0.367789	2174	1.000000	0.945331	0.231682	0.222857	49712
GCF_014892515.1	GCF_016742955.1	0.858289	mid_high	s__Myceligenerans sp014892515	s__Myceligenerans indicum	g__Myceligenerans	g__Myceligenerans	0.961871	0.917442	0.066089	0.076771	427	0.955232	0.912329	0.088847	0.098926	709	1.000000	0.857309	0.019508	0.022859	10115
GCA_015482705.2	GCF_003182595.1	0.903205	mid_high	s__Chlorobium_A sp015482705	s__Chlorobium_A marina	g__Chlorobium_A	g__Chlorobium_A	0.971375	0.944357	0.166667	0.170439	369	0.966039	0.940228	0.199779	0.198462	903	1.000000	0.903574	0.072430	0.074376	13287
GCF_003014575.1	GCF_004216715.1	0.827585	mid_high	s__Cecembia rubra	s__Cecembia calidifontis	g__Cecembia	g__Cecembia	0.970788	0.909519	0.060847	0.050218	46	0.955245	0.903949	0.076002	0.073551	787	1.000000	0.856107	0.021310	0.019517	5965
GCA_000018565.1	GCF_003205875.1	0.853395	mid_high	s__Herpetosiphon aurantiacus	s__Herpetosiphon llansteffanensis	g__Herpetosiphon	g__Herpetosiphon	0.961466	0.915985	0.064618	0.071524	429	0.955463	0.915848	0.096585	0.110046	1595	1.000000	0.861440	0.021618	0.025165	9162
GCF_001306135.1	GCF_016907925.1	0.929534	mid_high	s__Herpetosiphon geysericola	s__Herpetosiphon giganteus	g__Herpetosiphon	g__Herpetosiphon	0.971888	0.955857	0.247773	0.239325	1474	0.967601	0.950524	0.266717	0.259209	3849	1.000000	0.918340	0.108234	0.109338	39937
GCF_009792235.1	GCA_002282935.1	0.944897	mid_high	s__Microcystis viridis	s__Microcystis sp002282935	g__Microcystis	g__Microcystis	0.981339	0.961846	0.266639	0.326289	633	0.980726	0.952433	0.236624	0.323900	2083	1.000000	0.934496	0.149090	0.194149	53058
GCA_015488995.1	GCA_015485845.1	0.837404	mid_high	s__S017-3 sp015488995	s__S017-3 sp015485845	g__S017-3	g__S017-3	0.958333	0.907553	0.059862	0.045009	78	0.958167	0.884645	0.048398	0.040727	139	1.000000	0.830399	0.011395	0.009142	1414
GCF_003628475.1	GCF_003601925.1	0.822040	mid_high	s__Buttiauxella sp002321695	s__Buttiauxella izardii	g__Buttiauxella	g__Buttiauxella	0.960855	0.890390	0.031478	0.028537	95	0.954563	0.892060	0.062854	0.046803	388	1.000000	0.836952	0.012839	0.011337	3222
GCA_013151565.1	GCA_003233295.1	0.943579	mid_high	s__SZUA-22 sp013151565	s__SZUA-22 sp003233295	g__SZUA-22	g__SZUA-22	0.983615	0.950356	0.182806	0.228113	185	0.981540	0.942295	0.200211	0.221419	949	1.000000	0.927473	0.130368	0.151336	27326
GCA_016217595.1	GCA_002070825.1	0.789008	mid_high	s__MWDT01 sp016217595	s__MWDT01 sp002070825	g__MWDT01	g__MWDT01	0.956358	0.864882	0.013122	0.013379	58	0.944014	0.821969	0.007894	0.008463	43	1.000000	0.767550	0.001760	0.001885	442
GCA_012510295.1	GCA_012521035.1	0.898398	mid_high	s__Methanoculleus sp012510295	s__Methanoculleus sp012521035	g__Methanoculleus	g__Methanoculleus	0.967807	0.941788	0.164539	0.146465	232	0.964293	0.932736	0.182792	0.144733	529	1.000000	0.892405	0.059761	0.049782	10280
GCA_013823625.1	GCA_013297625.1	0.929207	mid_high	s__Chryseoglobus sp013823625	s__Chryseoglobus sp013297625	g__Chryseoglobus	g__Chryseoglobus	0.971510	0.949798	0.199455	0.201739	951	0.972441	0.941381	0.205835	0.205004	762	1.000000	0.912425	0.092611	0.092901	18139
GCA_013287545.1	GCA_013288015.1	0.850768	mid_high	s__PALSA-968 sp013287545	s__PALSA-968 sp013288015	g__PALSA-968	g__PALSA-968	0.963710	0.905254	0.051839	0.044863	31	0.952149	0.899805	0.073498	0.060808	137	1.000000	0.826010	0.009501	0.008244	788
GCF_000382065.1	GCF_002887735.1	0.846131	mid_high	s__Stenotrophomonas maltophilia_B	s__Stenotrophomonas bentonitica_A	g__Stenotrophomonas	g__Stenotrophomonas	0.960108	0.920914	0.077517	0.081736	452	0.954908	0.904753	0.074163	0.078720	492	1.000000	0.857387	0.021235	0.020439	6299
GCA_003149565.1	GCF_002115805.1	0.829236	mid_high	s__Marivita sp003149565	s__Marivita geojedonensis	g__Marivita	g__Marivita	0.962079	0.896148	0.036453	0.035621	178	0.951111	0.883717	0.041721	0.044935	350	1.000000	0.826471	0.009107	0.009112	3249
GCA_001468925.1	GCA_018897535.1	0.946377	mid_high	s__UASB340 sp001468925	s__UASB340 sp018897535	g__UASB340	g__UASB340	0.975586	0.953228	0.230216	0.217687	32	0.973881	0.949337	0.256459	0.252830	268	1.000000	0.921290	0.119952	0.117911	5528
GCA_019233825.1	GCA_019236035.1	0.865932	mid_high	s__JAFAMB01 sp019233825	s__JAFAMB01 sp019236035	g__JAFAMB01	g__JAFAMB01	0.960268	0.912788	0.080552	0.046760	140	0.952794	0.904867	0.101769	0.057720	397	1.000000	0.847969	0.021421	0.012551	3149
GCA_016866355.1	GCA_016868475.1	0.808994	mid_high	s__JJ008 sp016866355	s__JJ008 sp016868475	g__JJ008	g__JJ008	0.000000	0.829231	0.004535	0.003953	0	0.950502	0.872914	0.033261	0.031452	107	1.000000	0.806189	0.005246	0.005281	498
GCF_011250635.1	GCF_011250645.1	0.855169	mid_high	s__Motilibacter_A deserti	s__Motilibacter_A aurantiacus	g__Motilibacter_A	g__Motilibacter_A	0.964583	0.930020	0.098855	0.114796	630	0.958696	0.924605	0.123835	0.137719	651	1.000000	0.869170	0.027477	0.030523	10991
GCF_000262755.1	GCF_000724485.1	0.880870	mid_high	s__Bacillus_Z methanolicus	s__Bacillus_Z methanolicus_A	g__Bacillus_Z	g__Bacillus_Z	0.958008	0.922997	0.082051	0.088235	96	0.956352	0.916132	0.106457	0.101382	521	1.000000	0.856501	0.021481	0.019763	3744
GCF_900141935.1	GCF_012272855.1	0.921107	mid_high	s__Arenibacter nanhaiticus	s__Arenibacter sp012272855	g__Arenibacter	g__Arenibacter	0.971287	0.948417	0.200858	0.183386	234	0.967667	0.944112	0.229550	0.213029	1622	1.000000	0.907488	0.084571	0.079101	19440
GCF_000754095.2	GCF_001753165.1	0.856142	mid_high	s__Acidihalobacter prosperus	s__Acidihalobacter aeolianus	g__Acidihalobacter	g__Acidihalobacter	0.977216	0.915226	0.065113	0.067616	299	0.974186	0.897663	0.067210	0.059235	330	1.000000	0.877061	0.036425	0.034843	9352
GCA_016756835.1	GCA_003934985.1	0.937875	mid_high	s__QGON01 sp016756835	s__QGON01 sp003934985	g__QGON01	g__QGON01	0.975114	0.962243	0.291457	0.306170	928	0.972291	0.955845	0.292943	0.314564	2553	1.000000	0.926316	0.132740	0.139232	42541
GCF_900109545.1	GCF_900111745.1	0.952734	mid_high	s__Stigmatella aurantiaca	s__Stigmatella erecta	g__Stigmatella	g__Stigmatella	0.981731	0.966291	0.334399	0.345785	2092	0.975722	0.958397	0.317621	0.332989	4508	1.000000	0.940977	0.199381	0.206058	122748
GCF_002995785.1	GCF_000619945.1	0.836809	mid_high	s__Clostridium_AO liquoris	s__Clostridium_AO lundense	g__Clostridium_AO	g__Clostridium_AO	0.000000	0.860155	0.012195	0.010638	0	0.952974	0.896315	0.074798	0.049487	241	1.000000	0.833734	0.014810	0.008445	1926
GCA_005881295.1	GCA_001919995.1	0.972432	mid_high	s__UBA11361 sp005881295	s__UBA11361 sp001919995	g__UBA11361	g__UBA11361	0.994325	0.948525	0.174935	0.212025	402	0.993293	0.940767	0.183978	0.221873	1270	1.000000	0.935056	0.154998	0.190620	34941
GCA_018819325.1	GCA_018817845.1	0.945917	mid_high	s__JAHITH01 sp018819325	s__JAHITH01 sp018817845	g__JAHITH01	g__JAHITH01	0.996767	0.957299	0.237705	0.273585	29	0.986424	0.956205	0.284889	0.329805	592	1.000000	0.939745	0.167913	0.228334	8871
GCF_900115905.1	GCF_014646575.1	0.837556	mid_high	s__Pseudomonas_D formosensis	s__Pseudomonas_D pertucinogena	g__Pseudomonas_D	g__Pseudomonas_D	0.961603	0.916067	0.065319	0.071132	223	0.954636	0.906333	0.074390	0.085468	427	1.000000	0.856094	0.019136	0.021429	4789
GCA_003331875.1	GCA_902609185.1	0.898148	mid_high	s__MED-G14 sp003331875	s__MED-G14 sp902609185	g__MED-G14	g__MED-G14	0.000000	0.929042	0.105263	0.101266	0	0.957127	0.924841	0.125000	0.138191	165	1.000000	0.873391	0.030584	0.034675	1672
GCF_002939985.1	GCF_000454545.1	0.869523	mid_high	s__Xanthomonas hortorum_A	s__Xanthomonas cassavae	g__Xanthomonas	g__Xanthomonas	0.964314	0.935069	0.124558	0.125860	951	0.959110	0.930091	0.152254	0.150638	1192	1.000000	0.884936	0.044453	0.043682	15991
GCF_009617895.1	GCF_003014495.1	0.840215	mid_high	s__Prolixibacter sp009617895	s__Prolixibacter denitrificans	g__Prolixibacter	g__Prolixibacter	0.956826	0.894384	0.038520	0.030111	76	0.949872	0.883397	0.048179	0.038246	348	1.000000	0.817165	0.007900	0.006368	1849
GCF_001832885.1	GCF_001832905.1	0.934868	mid_high	s__Floricoccus penangensis	s__Floricoccus tropicus	g__Floricoccus	g__Floricoccus	0.981841	0.957759	0.264286	0.253425	74	0.974631	0.965710	0.400682	0.391772	1057	1.000000	0.937040	0.181212	0.182714	19959
GCA_900170005.1	GCF_000210055.1	0.867579	mid_high	s__Gordonibacter massiliensis	s__Gordonibacter pamelaeae	g__Gordonibacter	g__Gordonibacter	0.972107	0.908333	0.049928	0.056728	242	0.960573	0.894663	0.053094	0.063770	248	1.000000	0.855284	0.017995	0.021610	5005
GCF_014652335.1	GCF_007644045.2	0.832990	mid_high	s__Vogesella fluminis	s__Vogesella urethralis	g__Vogesella	g__Vogesella	0.961174	0.899340	0.038915	0.040930	132	0.955931	0.876483	0.038063	0.033326	158	1.000000	0.831442	0.010628	0.010042	2314
GCA_009702245.1	GCA_002737595.1	0.924562	mid_high	s__GCA-2737595 sp009702245	s__GCA-2737595 sp002737595	g__GCA-2737595	g__GCA-2737595	0.971090	0.945860	0.157748	0.198253	227	0.965735	0.944797	0.204692	0.247898	855	1.000000	0.902873	0.064758	0.079822	7772
GCF_002844335.1	GCF_000337775.1	0.894304	mid_high	s__Haloarcula taiwanensis	s__Haloarcula vallismortis	g__Haloarcula	g__Haloarcula	0.964260	0.939898	0.148262	0.144024	529	0.958805	0.936669	0.186804	0.175136	1158	1.000000	0.891139	0.054168	0.051583	18803
GCF_008729015.1	GCF_001485575.1	0.885666	mid_high	s__Haloarcula sp008729015	s__Haloarcula sp001485575	g__Haloarcula	g__Haloarcula	0.962679	0.934323	0.128617	0.116207	489	0.959411	0.929141	0.155157	0.140429	1074	1.000000	0.884052	0.044943	0.042389	17076
GCF_900475315.1	GCF_003044425.1	0.864404	mid_high	s__Neisseria cinerea	s__Neisseria sicca_C	g__Neisseria	g__Neisseria	0.968938	0.923861	0.100667	0.076007	166	0.963284	0.912548	0.107342	0.082855	231	1.000000	0.873223	0.037010	0.027824	4014
GCF_005886145.1	GCF_003044425.1	0.875297	mid_high	s__Neisseria sp000090875	s__Neisseria sicca_C	g__Neisseria	g__Neisseria	0.975280	0.935598	0.132150	0.122711	268	0.974133	0.911406	0.092511	0.090387	252	1.000000	0.889602	0.050353	0.049818	7187
GCA_009910795.1	GCF_000512895.1	0.944916	mid_high	s__Dehalobacter sp009910795	s__Dehalobacter restrictus	g__Dehalobacter	g__Dehalobacter	0.981575	0.933484	0.110614	0.128053	173	0.975401	0.929341	0.138836	0.158642	804	1.000000	0.904946	0.068913	0.084697	16236
GCA_902575965.1	GCA_002691085.1	0.830385	mid_high	s__GCA-2691085 sp902575965	s__GCA-2691085 sp002691085	g__GCA-2691085	g__GCA-2691085	0.000000	0.879937	0.023810	0.019324	0	0.952381	0.897494	0.069825	0.056497	140	1.000000	0.827119	0.010363	0.008445	766
GCF_001637315.1	GCF_009846485.1	0.844135	mid_high	s__Phormidium_A willei_A	s__Phormidium_A sp009846485	g__Phormidium_A	g__Phormidium_A	0.966216	0.911435	0.056317	0.061334	148	0.958367	0.899161	0.070678	0.061073	693	1.000000	0.844819	0.015305	0.014794	5276
GCA_019116945.1	GCF_900176385.1	0.849184	mid_high	s__Janibacter merdipullorum	s__Janibacter indicus	g__Janibacter	g__Janibacter	0.963589	0.918288	0.083975	0.063780	327	0.956152	0.905811	0.085420	0.072364	348	1.000000	0.852908	0.019780	0.017608	5403
GCF_001591405.1	GCA_019116945.1	0.844836	mid_high	s__Janibacter terrae	s__Janibacter merdipullorum	g__Janibacter	g__Janibacter	0.959649	0.914149	0.056147	0.073190	285	0.953883	0.901375	0.063931	0.076092	310	1.000000	0.842751	0.013032	0.015424	4213
GCA_900539915.1	GCA_001689515.1	0.843556	mid_high	s__Amulumruptor sp900539915	s__Amulumruptor sp001689515	g__Amulumruptor	g__Amulumruptor	0.964092	0.920528	0.089994	0.068686	161	0.951455	0.914207	0.115726	0.084054	457	1.000000	0.857813	0.024051	0.018795	3938
GCF_003544935.1	GCF_003544855.1	0.821529	mid_high	s__Malaciobacter molluscorum	s__Malaciobacter marinus	g__Malaciobacter	g__Malaciobacter	0.000000	0.920389	0.075269	0.081395	0	0.955627	0.930816	0.162767	0.146536	313	1.000000	0.867088	0.027950	0.027179	3398
GCF_003053565.1	GCF_900156285.1	0.840657	mid_high	s__Halanaerobium saccharolyticum_B	s__Halanaerobium kushneri	g__Halanaerobium	g__Halanaerobium	0.963816	0.902335	0.041126	0.046914	19	0.954426	0.896119	0.060550	0.060488	295	1.000000	0.841316	0.013813	0.013547	2398
GCA_016184445.1	GCA_016192135.1	0.855342	mid_high	s__2-12-FULL-69-37 sp016184445	s__2-12-FULL-69-37 sp016192135	g__2-12-FULL-69-37	g__2-12-FULL-69-37	0.964325	0.911895	0.081412	0.043697	113	0.955488	0.894720	0.079014	0.042981	218	1.000000	0.842151	0.018532	0.010715	2955
GCA_016744805.1	GCA_016744315.1	0.878628	mid_high	s__SZUA-451 sp016744805	s__SZUA-451 sp016744315	g__SZUA-451	g__SZUA-451	0.964286	0.916820	0.070000	0.069652	14	0.960519	0.932099	0.160172	0.159592	485	1.000000	0.877569	0.037149	0.035710	4812
GCA_003315675.1	GCA_002498375.1	0.920605	mid_high	s__Methanocorpusculum sp003315675	s__Methanocorpusculum sp002498375	g__Methanocorpusculum	g__Methanocorpusculum	0.976310	0.956105	0.247012	0.243902	310	0.972133	0.946467	0.229052	0.242448	626	1.000000	0.917984	0.105570	0.112002	15088
GCA_902805625.1	GCA_902805645.1	0.892151	mid_high	s__CADCTG01 sp902805625	s__CADCTG01 sp902805645	g__CADCTG01	g__CADCTG01	0.968896	0.932727	0.122807	0.109882	427	0.959406	0.918746	0.118947	0.104494	479	1.000000	0.877479	0.038787	0.033953	9580
GCF_002487355.1	GCA_905339155.1	0.870202	mid_high	s__Methanoperedens sp002487355	s__Methanoperedens sp905339155	g__Methanoperedens	g__Methanoperedens	0.961901	0.915576	0.064947	0.069326	73	0.957912	0.914213	0.095025	0.102396	594	1.000000	0.859941	0.021368	0.023937	5030
GCA_902825775.1	GCF_005239095.1	0.845728	mid_high	s__Luteimonas_C sp902825775	s__Luteimonas_C gilva	g__Luteimonas_C	g__Luteimonas_C	0.958962	0.914284	0.060438	0.068585	348	0.950537	0.898394	0.060125	0.068880	307	1.000000	0.844431	0.014289	0.015139	3944
GCF_016858125.1	GCA_016183655.1	0.895882	mid_high	s__Azospira_A restricta	s__Azospira_A sp016183655	g__Azospira_A	g__Azospira_A	0.968196	0.937145	0.130174	0.137539	846	0.958656	0.923251	0.132071	0.120028	516	1.000000	0.887413	0.046124	0.048132	13678
GCF_001597725.1	GCF_001597735.1	0.842114	mid_high	s__Neptuniibacter marinus	s__Neptuniibacter pectenicola	g__Neptuniibacter	g__Neptuniibacter	0.967213	0.901042	0.047141	0.037678	61	0.964686	0.902878	0.072909	0.072364	387	1.000000	0.864976	0.027226	0.024477	5517
GCA_013817365.1	GCA_013817345.1	0.920362	mid_high	s__Methylibium sp013817365	s__Methylibium sp013817345	g__Methylibium	g__Methylibium	0.970850	0.952288	0.218135	0.216332	1518	0.968412	0.939909	0.196316	0.198519	938	1.000000	0.911070	0.088766	0.089894	25925
GCF_000828575.1	GCF_000008645.1	0.943105	mid_high	s__Methanothermobacter sp000828575	s__Methanothermobacter thermautotrophicus	g__Methanothermobacter	g__Methanothermobacter	0.992681	0.986077	0.637441	0.643541	269	0.986714	0.982060	0.632870	0.599720	2141	1.000000	0.971135	0.463897	0.453033	59389
GCF_002023715.1	GCF_001521765.1	0.947755	mid_high	s__Elizabethkingia occulta	s__Elizabethkingia ursingii	g__Elizabethkingia	g__Elizabethkingia	0.983789	0.949924	0.204342	0.198511	160	0.975885	0.950023	0.266229	0.252745	1542	1.000000	0.925699	0.132416	0.135166	30108
GCF_000147875.1	GCF_000784355.1	0.928249	mid_high	s__Methanolacinia petrolearia	s__Methanolacinia paynteri	g__Methanolacinia	g__Methanolacinia	0.974422	0.962642	0.301724	0.303417	595	0.971302	0.953030	0.277027	0.285714	1066	1.000000	0.925439	0.132284	0.133860	29476
GCF_003584645.1	GCF_002005105.1	0.835068	mid_high	s__Methylocaldum marinum	s__Methylocaldum sp002005105	g__Methylocaldum	g__Methylocaldum	0.961694	0.908454	0.051744	0.055160	310	0.955777	0.899947	0.063718	0.070683	670	1.000000	0.848499	0.016061	0.016988	7446
GCA_001657385.1	GCA_002704915.1	0.776147	mid_high	s__Marinicaulis sp001657385	s__Marinicaulis sp002704915	g__Marinicaulis	g__Marinicaulis	0.954688	0.853930	0.009864	0.008830	40	0.945493	0.825270	0.010431	0.007655	53	1.000000	0.741353	0.000920	0.000899	299
GCA_014360685.1	GCA_011337865.1	0.919790	mid_high	s__Solincola_A sp014360685	s__Solincola_A sp011337865	g__Solincola_A	g__Solincola_A	0.973574	0.943847	0.160907	0.170872	149	0.966378	0.934355	0.167319	0.172568	770	1.000000	0.906173	0.076513	0.082875	14720
GCF_002727065.1	GCA_002708825.1	0.830825	mid_high	s__Zhengella mangrovi	s__Zhengella sp002708825	g__Zhengella	g__Zhengella	0.958459	0.908374	0.050205	0.056562	331	0.951595	0.893028	0.053475	0.057963	404	1.000000	0.832105	0.009925	0.011326	4072
GCA_900768185.1	GCA_002439085.1	0.840659	mid_high	s__UBA11549 sp900768185	s__UBA11549 sp002439085	g__UBA11549	g__UBA11549	0.968182	0.920491	0.077031	0.080058	110	0.959853	0.908403	0.080220	0.088633	131	1.000000	0.858564	0.021652	0.022033	3092
GCF_000317225.1	GCF_000317245.1	0.861437	mid_high	s__Fischerella thermalis	s__Fischerella muscicola_A	g__Fischerella	g__Fischerella	0.962333	0.916170	0.074369	0.062886	112	0.953139	0.915332	0.117413	0.088035	1033	1.000000	0.853419	0.022163	0.016116	7030
GCF_000317245.1	GCF_000317205.1	0.862491	mid_high	s__Fischerella muscicola_A	s__Fischerella muscicola	g__Fischerella	g__Fischerella	0.962708	0.921382	0.084222	0.077519	150	0.953565	0.920227	0.113516	0.118611	1332	1.000000	0.861089	0.022434	0.024192	9786
GCA_017998575.1	GCA_017307855.1	0.921316	mid_high	s__JAGOCV01 sp017998575	s__JAGOCV01 sp017307855	g__JAGOCV01	g__JAGOCV01	0.971605	0.945583	0.200370	0.153338	974	0.966180	0.935064	0.204285	0.146857	944	1.000000	0.904306	0.085324	0.065056	21970
GCF_002915575.1	GCF_015234305.1	0.868573	mid_high	s__Superficieibacter electus	s__Superficieibacter sp900766525	g__Superficieibacter	g__Superficieibacter	0.969276	0.921955	0.082684	0.081908	297	0.964573	0.919420	0.105714	0.121928	1012	1.000000	0.880713	0.037903	0.041135	13930
GCA_013203195.1	GCA_014383215.1	0.944645	mid_high	s__Desulfatibia_A sp013203195	s__Desulfatibia_A vada	g__Desulfatibia_A	g__Desulfatibia_A	0.986753	0.955971	0.292435	0.204263	460	0.983517	0.947464	0.286258	0.204722	1656	1.000000	0.931298	0.184213	0.131595	40441
GCA_002371265.1	GCA_002392915.1	0.948332	mid_high	s__UBA1723 sp002371265	s__UBA1723 sp002392915	g__UBA1723	g__UBA1723	0.984091	0.963995	0.310734	0.321262	550	0.983236	0.957801	0.320847	0.319201	2364	1.000000	0.940059	0.196515	0.197647	51847
GCF_014054985.1	GCA_905373195.1	0.912964	mid_high	s__Kingella_B oralis	s__Kingella_B oralis_A	g__Kingella_B	g__Kingella_B	0.974191	0.943557	0.128073	0.210724	224	0.971871	0.929158	0.120427	0.181089	316	1.000000	0.904847	0.059873	0.094218	6736
GCA_017413145.1	GCA_902793555.1	0.898661	mid_high	s__UBA3636 sp017413145	s__UBA3636 sp902793555	g__UBA3636	g__UBA3636	0.973094	0.944750	0.172527	0.168845	633	0.965790	0.931799	0.160781	0.156433	642	1.000000	0.899275	0.066020	0.065033	17515
GCF_016415625.1	GCF_000262305.1	0.845735	mid_high	s__Shimwellia pseudoproteus	s__Shimwellia blattae	g__Shimwellia	g__Shimwellia	0.965310	0.912423	0.059079	0.062286	109	0.958406	0.908206	0.081013	0.086839	512	1.000000	0.856570	0.020339	0.020733	5164
GCF_002355395.1	GCF_004216855.1	0.939802	mid_high	s__Microcella alkaliphila_A	s__Microcella alkaliphila	g__Microcella	g__Microcella	0.979380	0.950631	0.206780	0.205258	976	0.977768	0.940109	0.196491	0.200496	728	1.000000	0.921878	0.118999	0.121345	27298
GCA_016841765.1	GCF_001644195.2	0.847496	mid_high	s__Bacillus_BL sp016841765	s__Bacillus_BL marinisedimentorum	g__Bacillus_BL	g__Bacillus_BL	0.963398	0.919771	0.074670	0.078867	181	0.956561	0.914042	0.096601	0.099800	648	1.000000	0.859191	0.021974	0.022390	5994
GCA_012800855.1	GCA_012510625.1	0.828717	mid_high	s__JAAZIN01 sp012800855	s__JAAZIN01 sp012510625	g__JAAZIN01	g__JAAZIN01	0.958686	0.909738	0.053832	0.057561	59	0.949769	0.893324	0.057143	0.055115	160	1.000000	0.829020	0.010045	0.009697	1123
GCA_011375535.1	GCA_011373125.1	0.840904	mid_high	s__DRZP01 sp011375535	s__DRZP01 sp011373125	g__DRZP01	g__DRZP01	0.962500	0.899464	0.026224	0.061224	15	0.954993	0.908797	0.065642	0.110644	158	1.000000	0.843076	0.010959	0.018991	1264
GCF_904420205.1	GCA_900542005.1	0.842506	mid_high	s__Parachristensenella avicola	s__Parachristensenella sp900542005	g__Parachristensenella	g__Parachristensenella	0.962993	0.906691	0.045157	0.056464	76	0.954161	0.901108	0.064645	0.074176	324	1.000000	0.841513	0.013504	0.013956	2687
GCF_902712915.1	GCF_000202835.1	0.895124	mid_high	s__Acidiphilium sp002255515	s__Acidiphilium multivorum	g__Acidiphilium	g__Acidiphilium	0.971498	0.942929	0.166256	0.155930	944	0.969096	0.927665	0.143361	0.140341	773	1.000000	0.898848	0.066962	0.062002	20769
GCA_010672525.1	GCA_010692555.1	0.905025	mid_high	s__Okeania sp010672525	s__Okeania sp010692555	g__Okeania	g__Okeania	0.971966	0.946370	0.192679	0.167699	379	0.969941	0.944816	0.234366	0.216744	3609	1.000000	0.912385	0.098797	0.088502	53297
GCF_014132355.1	GCA_010672585.1	0.910434	mid_high	s__Okeania sp014132355	s__Okeania sp010672585	g__Okeania	g__Okeania	0.967866	0.948203	0.165602	0.219402	389	0.969860	0.947994	0.229297	0.263005	3893	1.000000	0.917025	0.098709	0.113816	58790
GCF_014132355.1	GCF_003838195.1	0.901574	mid_high	s__Okeania sp014132355	s__Okeania hirsuta	g__Okeania	g__Okeania	0.968839	0.945866	0.149851	0.208778	352	0.966026	0.941954	0.186594	0.233250	3168	1.000000	0.906831	0.072193	0.089569	42997
GCA_012269595.1	GCA_013911165.1	0.944264	mid_high	s__UBA12191 sp012269595	s__UBA12191 sp013911165	g__UBA12191	g__UBA12191	0.974989	0.953703	0.219895	0.234940	546	0.970998	0.950240	0.254914	0.267076	2088	1.000000	0.918283	0.107155	0.112032	26588
GCA_007121175.1	GCA_007130855.1	0.825423	mid_high	s__CSSed10-48 sp007121175	s__CSSed10-48 sp007130855	g__CSSed10-48	g__CSSed10-48	0.962605	0.900396	0.048147	0.035395	178	0.952059	0.886886	0.055198	0.040303	197	1.000000	0.839325	0.015039	0.011031	2999
GCF_001425325.1	GCF_001422325.1	0.865354	mid_high	s__Leifsonia_A sp001425325	s__Leifsonia_A sp001422325	g__Leifsonia_A	g__Leifsonia_A	0.961872	0.939837	0.155988	0.136357	986	0.957646	0.932198	0.178279	0.144151	1003	1.000000	0.883774	0.047878	0.038453	15655
GCA_905614375.1	GCA_018649665.1	0.848166	mid_high	s__UBA1328 sp905614375	s__UBA1328 sp018649665	g__UBA1328	g__UBA1328	0.954923	0.909640	0.082242	0.037442	113	0.948367	0.905173	0.106056	0.056310	373	1.000000	0.834128	0.015598	0.008083	1756
GCF_001270375.1	GCF_000008765.1	0.780869	mid_high	s__Clostridium_S sp001270375	s__Clostridium_S acetobutylicum	g__Clostridium_S	g__Clostridium_S	0.000000	0.280442	0.000000	0.000000	0	0.952242	0.850622	0.017984	0.017455	76	1.000000	0.769600	0.002073	0.001922	364
GCF_008828755.2	GCF_014201705.1	0.913097	mid_high	s__Borreliella turdi	s__Borreliella spielmanii	g__Borreliella	g__Borreliella	0.966346	0.959514	0.279570	0.268041	26	0.960291	0.967760	0.417445	0.420063	402	1.000000	0.920293	0.116906	0.114917	5743
GCA_017513365.1	GCA_017457425.1	0.949534	mid_high	s__UBA7488 sp017513365	s__UBA7488 sp017457425	g__UBA7488	g__UBA7488	0.982730	0.961930	0.300000	0.291560	114	0.982360	0.954895	0.301370	0.290471	506	1.000000	0.937141	0.184297	0.180242	12943
GCF_000213785.1	GCA_002878215.1	0.882618	mid_high	s__Hydrogenobaculum sp000213785	s__Hydrogenobaculum sp002878215	g__Hydrogenobaculum	g__Hydrogenobaculum	0.963942	0.923405	0.078313	0.094891	13	0.953007	0.920904	0.117276	0.119078	186	1.000000	0.863504	0.024712	0.025056	1945
GCA_013694585.1	GCA_009379865.1	0.876280	mid_high	s__Nitrosocosmicus sp013694585	s__Nitrosocosmicus sp009379865	g__Nitrosocosmicus	g__Nitrosocosmicus	0.963710	0.921643	0.094225	0.070455	31	0.962045	0.931091	0.189299	0.127880	605	1.000000	0.877511	0.043786	0.030231	5594
GCA_001602645.1	GCF_000235565.1	0.893189	mid_high	s__Methanothrix_A sp001602645	s__Methanothrix_A harundinacea_E	g__Methanothrix_A	g__Methanothrix_A	0.967556	0.938354	0.128268	0.150817	157	0.964130	0.926537	0.130357	0.145216	730	1.000000	0.894353	0.057091	0.058826	13976
GCA_002412595.1	GCF_003966975.1	0.816089	mid_high	s__Pelolinea sp002412595	s__Pelolinea submarina	g__Pelolinea	g__Pelolinea	0.958008	0.879755	0.025397	0.017907	32	0.948816	0.885150	0.050422	0.040172	233	1.000000	0.814114	0.007675	0.005566	1211
GCF_900099975.1	GCF_001766675.1	0.866153	mid_high	s__Arthrobacter_G cupressi	s__Arthrobacter_G sp001766675	g__Arthrobacter_G	g__Arthrobacter_G	0.965183	0.932883	0.118282	0.115233	438	0.956928	0.922833	0.125415	0.123580	718	1.000000	0.874304	0.033162	0.033537	9633
GCF_002871995.1	GCF_000411155.1	0.869885	mid_high	s__Gleimia europaea_A	s__Gleimia europaea_B	g__Gleimia	g__Gleimia	0.968750	0.856925	0.009861	0.010699	17	0.966776	0.849847	0.016823	0.017895	68	1.000000	0.809949	0.005544	0.006152	782
GCA_902518895.1	GCA_902575375.1	0.921323	mid_high	s__AG-337-I02 sp902518895	s__AG-337-I02 sp902575375	g__AG-337-I02	g__AG-337-I02	0.982422	0.940923	0.146789	0.155340	16	0.974074	0.940175	0.186289	0.212224	250	1.000000	0.912620	0.086940	0.101832	5393
GCF_014698015.1	GCF_004136555.1	0.857784	mid_high	s__Kocuria sp014698015	s__Kocuria carniphila	g__Kocuria	g__Kocuria	0.959319	0.922761	0.091964	0.077541	222	0.956207	0.922937	0.135499	0.115023	784	1.000000	0.868832	0.030809	0.027065	7514
GCA_005880855.1	GCA_005880315.1	0.871924	mid_high	s__UBA10449 sp005880855	s__UBA10449 sp005880315	g__UBA10449	g__UBA10449	0.962221	0.932375	0.114332	0.115403	493	0.957550	0.923843	0.128656	0.127216	739	1.000000	0.874017	0.032994	0.033079	8913
GCF_000474945.1	GCF_000382285.1	0.859537	mid_high	s__Solimonas soli	s__Solimonas variicoloris	g__Solimonas	g__Solimonas	0.961358	0.920892	0.077716	0.081412	558	0.957833	0.899866	0.066517	0.067411	296	1.000000	0.859694	0.022090	0.022398	7150
GCF_000426685.1	GCF_000382285.1	0.950204	mid_high	s__Solimonas flava	s__Solimonas variicoloris	g__Solimonas	g__Solimonas	0.978044	0.965300	0.315571	0.343887	2357	0.975565	0.956469	0.299123	0.318606	1399	1.000000	0.936734	0.171829	0.187763	59938
GCA_903909015.1	GCA_903953055.1	0.833681	mid_high	s__Methylopumilus_A sp903909015	s__Methylopumilus_A sp903953055	g__Methylopumilus_A	g__Methylopumilus_A	0.964120	0.896584	0.040602	0.032887	27	0.951522	0.898467	0.067088	0.061973	191	1.000000	0.843441	0.014500	0.014385	1390
GCF_002946355.1	GCF_001183965.1	0.826492	mid_high	s__Pradoshia eiseniae	s__Pradoshia sp001183965	g__Pradoshia	g__Pradoshia	0.959906	0.897597	0.039435	0.036128	53	0.955951	0.904699	0.080683	0.072147	581	1.000000	0.850839	0.018301	0.017114	4542
GCA_903841915.1	GCA_903830285.1	0.871595	mid_high	s__CAILAF01 sp903841915	s__CAILAF01 sp903830285	g__CAILAF01	g__CAILAF01	0.962726	0.917917	0.080976	0.064591	83	0.953876	0.923830	0.149731	0.109231	697	1.000000	0.863915	0.028652	0.021971	4916
GCA_903918315.1	GCA_903900905.1	0.860086	mid_high	s__CAIXEA01 sp903918315	s__CAIXEA01 sp903900905	g__CAIXEA01	g__CAIXEA01	0.970680	0.931870	0.118487	0.107810	664	0.964579	0.916395	0.107680	0.101663	917	1.000000	0.880408	0.040679	0.037779	16318
GCA_018777385.1	GCF_015762685.1	0.944149	mid_high	s__Symbiopectobacterium endolongispinus	s__Symbiopectobacterium sp015762685	g__Symbiopectobacterium	g__Symbiopectobacterium	0.974480	0.953388	0.229450	0.220666	709	0.972843	0.948040	0.245410	0.246345	1938	1.000000	0.919130	0.110702	0.112329	32858
GCA_002718395.1	GCA_002710905.1	0.837297	mid_high	s__GCA-002718395 sp002718395	s__GCA-002718395 sp002710905	g__GCA-002718395	g__GCA-002718395	0.000000	0.883430	0.030303	0.018987	0	0.960058	0.883422	0.053292	0.034623	51	1.000000	0.813868	0.007688	0.005317	291
GCA_015661585.1	GCF_003351865.1	0.852738	mid_high	s__Methanofervidicoccus okinawensis_D	s__Methanofervidicoccus sp003351865	g__Methanofervidicoccus	g__Methanofervidicoccus	0.000000	0.924398	0.102941	0.076923	0	0.960764	0.921252	0.132167	0.107670	219	1.000000	0.869380	0.034247	0.024976	2405
GCA_011047455.1	GCA_011380505.1	0.867289	mid_high	s__HRBIN24 sp011047455	s__HRBIN24 sp011380505	g__HRBIN24	g__HRBIN24	0.964023	0.925722	0.091188	0.094519	119	0.956358	0.909855	0.084565	0.090938	286	1.000000	0.867331	0.026050	0.029347	3709
GCA_017417585.1	GCA_017525435.1	0.866645	mid_high	s__RGIG1601 sp017417585	s__RGIG1601 sp017525435	g__RGIG1601	g__RGIG1601	0.972112	0.931061	0.106901	0.113465	316	0.966590	0.916301	0.099451	0.109517	725	1.000000	0.885574	0.042836	0.047551	10253
GCF_900107035.1	GCF_001447355.1	0.955370	mid_high	s__Alicyclobacillus hesperidum	s__Alicyclobacillus tengchongensis	g__Alicyclobacillus	g__Alicyclobacillus	0.978440	0.975090	0.445487	0.455809	1377	0.977225	0.971165	0.455232	0.462954	2893	1.000000	0.945878	0.226918	0.233842	49216
GCF_001570745.1	GCF_900156755.1	0.822204	mid_high	s__Alicyclobacillus mali	s__Alicyclobacillus vulcanalis	g__Alicyclobacillus	g__Alicyclobacillus	0.959230	0.906177	0.052577	0.046924	151	0.954550	0.895726	0.060449	0.059318	339	1.000000	0.841614	0.014154	0.013294	3195
GCF_000332455.1	GCF_004769235.1	0.838596	mid_high	s__Leptospira_A vanthielii	s__Leptospira_A kanakyensis	g__Leptospira_A	g__Leptospira_A	0.960938	0.870353	0.015355	0.016227	16	0.952682	0.872011	0.031451	0.031680	299	1.000000	0.817920	0.007233	0.007422	1842
GCA_000436095.1	GCA_003150755.1	0.845251	mid_high	s__CAG-266 sp000436095	s__CAG-266 sp003150755	g__CAG-266	g__CAG-266	0.956731	0.910997	0.067638	0.049656	65	0.949963	0.910608	0.105816	0.075689	151	1.000000	0.848289	0.019525	0.013567	1268
GCA_002168105.2	GCA_004213555.1	0.862993	mid_high	s__UBA8653 sp002168105	s__UBA8653 sp002862275	g__UBA8653	g__UBA8653	0.972333	0.923163	0.084682	0.086406	157	0.962387	0.920543	0.113650	0.120506	771	1.000000	0.884422	0.041908	0.045517	7318
GCA_011772475.1	GCA_011049545.1	0.842800	mid_high	s__SOIV01 sp011772475	s__SOIV01 sp011049545	g__SOIV01	g__SOIV01	0.957292	0.895008	0.034404	0.035088	30	0.948989	0.896672	0.062449	0.060427	379	1.000000	0.826774	0.009511	0.009156	1890
GCF_900635775.1	GCF_002921145.1	0.950812	mid_high	s__Avibacterium volantium	s__Avibacterium endocarditidis	g__Avibacterium	g__Avibacterium	0.982111	0.963827	0.301639	0.327402	276	0.978836	0.961487	0.360012	0.347124	1183	1.000000	0.939837	0.198149	0.192508	20572
GCF_002921145.1	GCF_002921135.1	0.955151	mid_high	s__Avibacterium endocarditidis	s__Avibacterium gallinarum	g__Avibacterium	g__Avibacterium	0.980180	0.962386	0.304864	0.295402	257	0.980013	0.960438	0.344190	0.343083	1173	1.000000	0.939125	0.193116	0.190220	20637
GCA_012960475.1	GCA_014238415.1	0.918726	mid_high	s__GCA-2686945 sp012960475	s__GCA-2686945 sp014238415	g__GCA-2686945	g__GCA-2686945	0.965871	0.957614	0.252952	0.262327	814	0.962975	0.954733	0.293646	0.295518	2967	1.000000	0.910844	0.089099	0.090184	25920
GCF_002735645.1	GCF_900451195.1	0.921500	mid_high	s__Iodobacter sp002735645	s__Iodobacter fluviatilis	g__Iodobacter	g__Iodobacter	0.970194	0.955213	0.245868	0.231442	714	0.965611	0.951000	0.278012	0.255154	2042	1.000000	0.912907	0.099016	0.089361	24891
GCA_016195815.1	GCA_003141915.1	0.769783	mid_high	s__Fen-1038 sp016195815	s__Fen-1038 sp003141915	g__Fen-1038	g__Fen-1038	0.946429	0.838957	0.005531	0.006040	14	0.945602	0.805581	0.005501	0.005013	32	1.000000	0.723842	0.000577	0.000581	127
GCA_011362045.1	GCA_017601345.1	0.834896	mid_high	s__JAAOZP01 sp011362045	s__JAAOZP01 sp017601345	g__JAAOZP01	g__JAAOZP01	0.953947	0.895413	0.029276	0.042316	19	0.950768	0.872805	0.029171	0.035652	82	1.000000	0.809725	0.005261	0.006447	457
GCF_014654615.1	GCF_014203715.1	0.842179	mid_high	s__Streptosporangium violaceochromogenes	s__Streptosporangium saharense	g__Streptosporangium	g__Streptosporangium	0.966001	0.909785	0.071684	0.043357	341	0.957233	0.892092	0.066349	0.044414	543	1.000000	0.840755	0.016021	0.011287	7958
GCF_008330225.1	GCF_008802365.1	0.887569	mid_high	s__Oryzomonas sp008330225	s__Oryzomonas japonica	g__Oryzomonas	g__Oryzomonas	0.965286	0.938814	0.133208	0.149559	424	0.957987	0.921717	0.117447	0.124241	655	1.000000	0.879699	0.036612	0.040665	10559
GCF_015220045.1	GCF_011806565.1	0.930056	mid_high	s__Marivivens aquimaris	s__Marivivens donghaensis	g__Marivivens	g__Marivivens	0.971457	0.957045	0.232582	0.275096	1362	0.969546	0.953393	0.246804	0.327060	1564	1.000000	0.921182	0.107159	0.130366	35651
GCF_000196455.1	GCF_900168025.1	0.962032	mid_high	s__Acetoanaerobium sticklandii	s__Acetoanaerobium noterae	g__Acetoanaerobium	g__Acetoanaerobium	0.983051	0.968218	0.375796	0.348083	118	0.982122	0.965636	0.410281	0.381078	1301	1.000000	0.946444	0.227650	0.242117	33071
GCA_002715375.1	GCA_002474345.1	0.826876	mid_high	s__UBA7317 sp002715375	s__UBA7317 sp002474345	g__UBA7317	g__UBA7317	0.000000	0.851922	0.011719	0.006536	0	0.949797	0.889375	0.060635	0.041967	256	1.000000	0.831586	0.012771	0.008685	1705
GCA_005222975.1	GCA_019057795.1	0.931240	mid_high	s__SOKP01 sp005222975	s__SOKP01 sp019057795	g__SOKP01	g__SOKP01	0.976293	0.953715	0.259701	0.199085	174	0.972638	0.948822	0.300464	0.209884	1359	1.000000	0.916326	0.124740	0.086753	21901
GCA_009844405.1	GCA_009843735.1	0.863481	mid_high	s__VYCW01 sp009844405	s__VYCW01 sp009843735	g__VYCW01	g__VYCW01	0.978878	0.918821	0.073355	0.075545	253	0.972796	0.911956	0.093818	0.091815	516	1.000000	0.887385	0.047747	0.047185	13128
GCA_015258605.1	GCF_000024225.1	0.890909	mid_high	s__Lancefieldella sp015258605	s__Lancefieldella parvula	g__Lancefieldella	g__Lancefieldella	0.970930	0.916096	0.077617	0.059972	43	0.956054	0.924864	0.152377	0.113502	327	1.000000	0.866164	0.031386	0.022455	2132
GCA_011375275.1	GCA_015485525.1	0.949328	mid_high	s__DRLW01 sp011375275	s__DRLW01 sp015485525	g__DRLW01	g__DRLW01	0.979041	0.963336	0.324337	0.295068	1406	0.976869	0.955880	0.326252	0.282973	1843	1.000000	0.932311	0.168766	0.150287	47168
GCF_000948415.1	GCF_003403095.1	0.878726	mid_high	s__Thalassospira sp000948415	s__Thalassospira indica	g__Thalassospira	g__Thalassospira	0.964346	0.938118	0.144748	0.131636	667	0.960567	0.935722	0.186627	0.166561	1577	1.000000	0.889588	0.052724	0.047826	17340
GCA_903894145.1	GCA_903915125.1	0.880423	mid_high	s__CAIOVX01 sp903894145	s__CAIOVX01 sp903915125	g__CAIOVX01	g__CAIOVX01	0.987959	0.937146	0.140283	0.127635	109	0.979374	0.934987	0.180192	0.165797	413	1.000000	0.916240	0.106661	0.100806	11327
GCA_000472185.1	GCA_017852835.1	0.920215	mid_high	s__HIMB11 sp000472185	s__HIMB11 sp003486095	g__HIMB11	g__HIMB11	0.966635	0.938817	0.125176	0.159186	266	0.963257	0.937865	0.164167	0.212582	1007	1.000000	0.892171	0.046867	0.062196	10454
GCA_017307915.1	GCA_003577305.1	0.801020	mid_high	s__SCN-69-89 sp017307915	s__SCN-69-89 sp003577305	g__SCN-69-89	g__SCN-69-89	0.956522	0.868382	0.011383	0.019295	115	0.949130	0.847166	0.010617	0.024534	83	1.000000	0.780920	0.001897	0.003576	860
GCA_900754615.1	GCA_900547815.1	0.881407	mid_high	s__Holdemanella sp900754615	s__Holdemanella sp900547815	g__Holdemanella	g__Holdemanella	0.972782	0.923026	0.084932	0.085399	31	0.964528	0.919430	0.113238	0.113892	355	1.000000	0.878824	0.038705	0.036554	4267
GCA_009773155.1	GCA_019135865.1	0.852305	mid_high	s__UBA2231 sp009773155	s__UBA2231 sp019135865	g__UBA2231	g__UBA2231	0.962993	0.918416	0.081662	0.066125	114	0.952256	0.901790	0.074296	0.066963	211	1.000000	0.845214	0.016219	0.014158	2784
GCF_900115605.1	GCF_900116255.1	0.848630	mid_high	s__Halolactibacillus halophilus	s__Halolactibacillus miurensis	g__Halolactibacillus	g__Halolactibacillus	0.969758	0.900698	0.046407	0.037440	31	0.960821	0.900623	0.076662	0.060933	294	1.000000	0.860058	0.026366	0.019552	4184
GCF_000346485.2	GCF_009725235.1	0.885111	mid_high	s__Tolypothrix_A hofmannii	s__Tolypothrix_A sp009725235	g__Tolypothrix_A	g__Tolypothrix_A	0.969562	0.933150	0.127226	0.108980	500	0.961533	0.930594	0.163487	0.144148	3574	1.000000	0.883786	0.045503	0.040647	33939
GCF_000482505.1	GCF_007990635.1	0.886233	mid_high	s__Leptotrichia trevisanii	s__Leptotrichia hongkongensis	g__Leptotrichia	g__Leptotrichia	0.966595	0.924846	0.084302	0.096667	29	0.964732	0.936228	0.153171	0.208569	628	1.000000	0.891751	0.051686	0.055545	6039
GCF_007990635.1	GCF_007990525.1	0.914557	mid_high	s__Leptotrichia hongkongensis	s__Leptotrichia hofstadii	g__Leptotrichia	g__Leptotrichia	0.982582	0.947635	0.203333	0.172316	61	0.974528	0.945030	0.246762	0.208240	743	1.000000	0.916209	0.111219	0.096573	12092
GCA_011620145.1	GCA_002862435.1	0.946426	mid_high	s__Macondimonas sp011620145	s__Macondimonas sp002862435	g__Macondimonas	g__Macondimonas	0.983659	0.958380	0.344444	0.202336	589	0.981928	0.949742	0.329966	0.200857	1078	1.000000	0.934065	0.214906	0.130819	28120
GCA_001316285.1	GCA_001316005.1	0.851009	mid_high	s__Vulcanisaeta sp001316285	s__Vulcanisaeta distributa_B	g__Vulcanisaeta	g__Vulcanisaeta	0.957933	0.904819	0.043845	0.051587	26	0.952813	0.918460	0.105565	0.115935	478	1.000000	0.853064	0.018040	0.019698	2517
GCF_012563145.1	GCF_012562965.1	0.903503	mid_high	s__GCA-012562765 sp012563145	s__GCA-012562765 sp012562965	g__GCA-012562765	g__GCA-012562765	0.000000	0.957118	0.214286	0.300000	0	0.967919	0.974937	0.493056	0.523985	142	1.000000	0.923963	0.124371	0.131599	2226
GCA_002733415.1	GCA_013214625.1	0.938364	mid_high	s__GCA-2733415 sp002733415	s__GCA-2733415 sp013214625	g__GCA-2733415	g__GCA-2733415	0.981086	0.953928	0.218391	0.240000	114	0.977656	0.948908	0.259844	0.243822	1036	1.000000	0.925075	0.133757	0.129288	23024
GCA_002747145.1	GCF_000373985.1	0.842857	mid_high	s__Desulfobacter postgatei_A	s__Desulfobacter curvatus	g__Desulfobacter	g__Desulfobacter	0.957500	0.888978	0.060533	0.013557	25	0.952070	0.890319	0.096882	0.027640	289	1.000000	0.814797	0.012966	0.003459	1259
GCF_013389365.1	GCF_000745975.1	0.856860	mid_high	s__Desulfobacter latus	s__Desulfobacter vibrioformis	g__Desulfobacter	g__Desulfobacter	0.962316	0.905322	0.048159	0.048502	68	0.954686	0.904941	0.079601	0.074092	622	1.000000	0.837280	0.012586	0.011974	3508
GCA_019116905.1	GCA_910586745.1	0.835614	mid_high	s__Mucispirillum faecigallinarum	s__Mucispirillum sp910586745	g__Mucispirillum	g__Mucispirillum	0.000000	0.899199	0.042169	0.037433	0	0.955672	0.909480	0.095060	0.079276	127	1.000000	0.833612	0.011253	0.010839	1026
GCA_011370395.1	GCF_003264935.1	0.839642	mid_high	s__Methanothermobacter_A sp011370395	s__Methanothermobacter_A tenebrarum	g__Methanothermobacter_A	g__Methanothermobacter_A	0.966912	0.917081	0.072034	0.068826	17	0.954669	0.912544	0.099424	0.089434	259	1.000000	0.847431	0.017084	0.015290	1436
GCA_011370395.1	GCA_001507955.1	0.838243	mid_high	s__Methanothermobacter_A sp011370395	s__Methanothermobacter_A sp001507955	g__Methanothermobacter_A	g__Methanothermobacter_A	0.970982	0.912611	0.059322	0.062780	14	0.957339	0.915855	0.103647	0.102584	270	1.000000	0.857195	0.021902	0.020282	1841
GCA_009694585.1	GCA_014190275.1	0.823075	mid_high	s__GCA-2737125 sp009694585	s__GCA-2737125 sp014190275	g__GCA-2737125	g__GCA-2737125	0.957746	0.894036	0.038840	0.029206	71	0.946016	0.898888	0.074883	0.056802	271	1.000000	0.824779	0.010122	0.007428	1243
GCA_012727675.1	GCA_012510855.1	0.826256	mid_high	s__DTU087 sp012727675	s__DTU087 sp012510855	g__DTU087	g__DTU087	0.967076	0.912475	0.062500	0.059072	56	0.956959	0.905204	0.080168	0.074619	401	1.000000	0.851994	0.018671	0.017666	2834
GCF_005930495.1	GCF_010682105.1	0.848119	mid_high	s__Modestobacter excelsi	s__Modestobacter muralis	g__Modestobacter	g__Modestobacter	0.964552	0.915406	0.060437	0.073691	335	0.958515	0.905932	0.070567	0.088169	433	1.000000	0.854912	0.017766	0.022007	7654
GCF_007994135.1	GCA_019112525.1	0.846231	mid_high	s__Modestobacter roseus	s__Modestobacter sp019112525	g__Modestobacter	g__Modestobacter	0.964516	0.934938	0.123868	0.125503	561	0.958768	0.931793	0.150614	0.166936	724	1.000000	0.878461	0.036116	0.038511	12714
GCA_014381945.1	GCA_002329075.1	0.890090	mid_high	s__S20-B6 sp014381945	s__S20-B6 sp002329075	g__S20-B6	g__S20-B6	0.963999	0.935038	0.116912	0.133821	421	0.959334	0.932538	0.157049	0.166667	694	1.000000	0.885033	0.042945	0.046390	9443
GCF_015355625.1	GCF_002893765.1	0.840557	mid_high	s__Tamlana_A sp015355625	s__Tamlana_A carrageenivorans	g__Tamlana_A	g__Tamlana_A	0.977242	0.921138	0.076923	0.083560	92	0.969454	0.919841	0.118654	0.111132	582	1.000000	0.890774	0.053713	0.050081	9655
GCA_016217665.1	GCA_016214375.1	0.919113	mid_high	s__JACRHF01 sp016217665	s__JACRHF01 sp016214375	g__JACRHF01	g__JACRHF01	0.977351	0.948829	0.180763	0.209213	109	0.971625	0.936558	0.160570	0.202532	496	1.000000	0.909110	0.077270	0.095329	10979
GCA_003676145.1	GCA_001709035.1	0.891928	mid_high	s__Thiodiazotropha endolucinida	s__Thiodiazotropha endoloripes_B	g__Thiodiazotropha	g__Thiodiazotropha	0.964124	0.930594	0.105917	0.111146	358	0.958327	0.927965	0.146669	0.139414	1550	1.000000	0.874824	0.034724	0.032766	12873
GCA_900553025.1	GCA_000758905.1	0.831454	mid_high	s__S5-A14a sp900553025	s__S5-A14a sp000758905	g__S5-A14a	g__S5-A14a	0.965625	0.897269	0.039761	0.035088	20	0.954643	0.898836	0.071429	0.059380	138	1.000000	0.837792	0.014204	0.010885	1098
GCA_019058015.1	GCA_019058135.1	0.933759	mid_high	s__6H3-1 sp019058015	s__6H3-1 sp019058135	g__6H3-1	g__6H3-1	0.982955	0.950613	0.200405	0.211538	99	0.978052	0.947310	0.229220	0.253549	1161	1.000000	0.925211	0.127527	0.137164	24302
GCF_003611675.1	GCF_009909145.1	0.888913	mid_high	s__Corallococcus sp003611675	s__Corallococcus sp009909145	g__Corallococcus	g__Corallococcus	0.968362	0.933791	0.106397	0.135773	805	0.961170	0.918656	0.106431	0.116213	1549	1.000000	0.886831	0.043979	0.049808	32175
GCA_011191975.1	GCA_016932435.1	0.821692	mid_high	s__MGML01 sp011191975	s__MGML01 sp016932435	g__MGML01	g__MGML01	0.953947	0.898203	0.040743	0.036352	57	0.950064	0.896432	0.061141	0.060928	402	1.000000	0.818918	0.007699	0.007208	1810
GCA_905477785.1	GCA_018645985.1	0.830897	mid_high	s__Hellea sp905477785	s__Hellea sp018645985	g__Hellea	g__Hellea	0.954167	0.895582	0.038071	0.032895	15	0.948963	0.903423	0.077811	0.069830	209	1.000000	0.840393	0.013953	0.012764	1354
GCA_013205435.1	GCA_903873545.1	0.891034	mid_high	s__CAIWGR01 sp013205435	s__CAIWGR01 sp903873545	g__CAIWGR01	g__CAIWGR01	0.967113	0.935025	0.128264	0.121876	668	0.963734	0.928434	0.147473	0.142211	817	1.000000	0.885450	0.045886	0.043889	12289
GCA_003023185.1	GCF_001950595.1	0.801189	mid_high	s__CBA1134 sp003023185	s__CBA1134 sp001950595	g__CBA1134	g__CBA1134	0.953947	0.873267	0.019730	0.015218	38	0.947999	0.874263	0.037757	0.029801	99	1.000000	0.793740	0.004259	0.003421	829
GCF_000262405.1	GCF_015694425.1	0.839683	mid_high	s__Microvirga lotononidis	s__Microvirga sp015694425	g__Microvirga	g__Microvirga	0.959831	0.915552	0.052501	0.085626	445	0.952614	0.892941	0.042210	0.073089	544	1.000000	0.843252	0.010864	0.018969	6488
GCF_002741015.1	GCF_016743775.1	0.838664	mid_high	s__Microvirga ossetica	s__Microvirga aerilata	g__Microvirga	g__Microvirga	0.960187	0.902316	0.035359	0.054499	427	0.951294	0.879360	0.032792	0.045184	584	1.000000	0.826714	0.007517	0.011213	6092
GCA_015272395.1	GCF_003991905.1	0.807951	mid_high	s__Calothrix sp015272395	s__Calothrix desertica	g__Calothrix	g__Calothrix	0.959821	0.872922	0.021705	0.013531	42	0.946278	0.884881	0.055736	0.035819	515	1.000000	0.806702	0.006883	0.004166	2417
GCF_000331305.1	GCA_015272395.1	0.809222	mid_high	s__Calothrix sp000331305	s__Calothrix sp015272395	g__Calothrix	g__Calothrix	0.962054	0.881061	0.017084	0.028941	56	0.946173	0.879286	0.030303	0.048701	450	1.000000	0.805431	0.003981	0.006672	2343
GCA_002733685.1	GCA_013215945.1	0.940884	mid_high	s__NORP36 sp002733685	s__NORP36 sp004566295	g__NORP36	g__NORP36	0.977005	0.955901	0.270408	0.219917	53	0.974649	0.954149	0.301034	0.279318	786	1.000000	0.926937	0.144104	0.133064	18049
GCA_015255025.1	GCA_900756155.1	0.948452	mid_high	s__Haemophilus_D sp015255025	s__Haemophilus_D sp900756155	g__Haemophilus_D	g__Haemophilus_D	0.975436	0.964482	0.343450	0.299861	215	0.975866	0.959834	0.357143	0.320028	930	1.000000	0.936105	0.188343	0.165945	16444
GCF_014636295.1	GCF_016679925.1	0.783412	mid_high	s__Marivirga lumbricoides	s__Marivirga sp016679925	g__Marivirga	g__Marivirga	0.000000	0.790074	0.001094	0.001337	0	0.945617	0.826175	0.008824	0.009502	79	1.000000	0.770439	0.001932	0.002100	552
GCA_018365895.1	GCF_018228665.1	0.949764	mid_high	s__UBA9414 sp018365895	s__UBA9414 sp003458885	g__UBA9414	g__UBA9414	0.978936	0.952050	0.235984	0.196953	181	0.978012	0.946089	0.244918	0.222164	1265	1.000000	0.926346	0.143309	0.129588	27057
GCF_007827275.1	GCF_000258765.1	0.831955	mid_high	s__Gillisia sp007827275	s__Gillisia marina	g__Gillisia	g__Gillisia	0.959052	0.896352	0.029352	0.044822	29	0.950118	0.896327	0.047810	0.077474	346	1.000000	0.836111	0.009776	0.014369	2135
GCF_000258765.1	GCF_003634585.1	0.831130	mid_high	s__Gillisia marina	s__Gillisia mitskevichiae	g__Gillisia	g__Gillisia	0.954545	0.874599	0.017002	0.019231	11	0.950204	0.882652	0.046798	0.037821	209	1.000000	0.822069	0.009059	0.007223	1346
GCA_002393905.1	GCA_017447725.1	0.932215	mid_high	s__UBA3207 sp002393905	s__UBA3207 sp017447725	g__UBA3207	g__UBA3207	0.979167	0.936022	0.154286	0.108000	27	0.969491	0.939073	0.223114	0.166967	278	1.000000	0.905208	0.086880	0.067843	3476
GCA_003541445.1	GCA_003530255.1	0.936195	mid_high	s__UBA9673 sp003541445	s__UBA9673 sp003530255	g__UBA9673	g__UBA9673	0.984599	0.951236	0.219538	0.200962	209	0.979600	0.942157	0.218667	0.201227	492	1.000000	0.925212	0.140581	0.126186	19399
GCA_002714165.1	GCA_002717745.1	0.897786	mid_high	s__UBA11600 sp002714165	s__UBA11600 sp002717745	g__UBA11600	g__UBA11600	0.969037	0.941931	0.134319	0.181063	218	0.967113	0.941585	0.176940	0.241116	821	1.000000	0.899001	0.057056	0.073689	8516
GCF_008086165.1	GCF_900115185.1	0.845023	mid_high	s__Algorimicrobium algoritergicola	s__Algorimicrobium echini	g__Algorimicrobium	g__Algorimicrobium	0.962924	0.925782	0.090630	0.095469	59	0.954138	0.925920	0.128549	0.142432	575	1.000000	0.865989	0.025195	0.028060	3981
GCA_002452835.1	GCA_018054125.1	0.949280	mid_high	s__UBA6794 sp002452835	s__UBA6794 sp018054125	g__UBA6794	g__UBA6794	0.983953	0.945655	0.146825	0.210227	37	0.980014	0.951077	0.244526	0.291304	871	1.000000	0.930781	0.140971	0.167606	14898
GCF_902459735.1	GCF_001465595.2	0.850189	mid_high	s__Pandoraea capi	s__Pandoraea apista	g__Pandoraea	g__Pandoraea	0.958354	0.907024	0.048446	0.053765	502	0.957130	0.899035	0.066816	0.064166	508	1.000000	0.843761	0.013741	0.015302	6613
GCF_001999325.1	GCF_000385215.1	0.835955	mid_high	s__Thioalkalivibrio versutus	s__Thioalkalivibrio thiocyanoxidans	g__Thioalkalivibrio	g__Thioalkalivibrio	0.958631	0.915141	0.066372	0.065975	210	0.954098	0.901237	0.068771	0.070212	305	1.000000	0.850702	0.017504	0.017632	3969
GCF_002954725.1	GCF_003026395.1	0.871493	mid_high	s__Photobacterium phosphoreum	s__Photobacterium iliopiscarium	g__Photobacterium	g__Photobacterium	0.971726	0.917955	0.068807	0.076197	105	0.963777	0.914065	0.094876	0.101741	637	1.000000	0.871087	0.029636	0.031117	7217
GCA_002376545.1	GCF_900095305.1	0.828020	mid_high	s__Proteiniborus sp002376545	s__Proteiniborus sp900095305	g__Proteiniborus	g__Proteiniborus	0.000000	0.858143	0.008174	0.013953	0	0.949553	0.883576	0.037991	0.048973	174	1.000000	0.810642	0.005728	0.006248	1064
GCF_900116515.1	GCF_900182545.1	0.916821	mid_high	s__Geodermatophilus amargosae	s__Geodermatophilus aquaeductus	g__Geodermatophilus	g__Geodermatophilus	0.973409	0.960370	0.262173	0.301926	1583	0.968632	0.952816	0.255127	0.306688	1692	1.000000	0.919379	0.107859	0.118510	51243
GCF_000817735.3	GCF_000317125.1	0.933141	mid_high	s__Chroococcidiopsis millei	s__Chroococcidiopsis thermalis	g__Chroococcidiopsis	g__Chroococcidiopsis	0.974415	0.964216	0.335183	0.302076	1208	0.971484	0.959904	0.360619	0.318152	3912	1.000000	0.929704	0.157003	0.141514	62764
GCA_009694245.1	GCA_903888485.1	0.778837	mid_high	s__SHVO01 sp009694245	s__SHVO01 sp903888485	g__SHVO01	g__SHVO01	0.948661	0.854876	0.015453	0.005988	28	0.943639	0.839396	0.017672	0.009688	46	1.000000	0.751418	0.001754	0.000824	210
GCF_000817785.2	GCF_002218085.1	0.936124	mid_high	s__Hassallia byssoidea	s__Hassallia sp002218085	g__Hassallia	g__Hassallia	0.979489	0.953223	0.233129	0.214904	646	0.975522	0.950659	0.280748	0.248051	3182	1.000000	0.924012	0.134049	0.121852	58893
GCA_011065045.1	GCA_011064905.1	0.906880	mid_high	s__JAAKFX01 sp011065045	s__JAAKFX01 sp011064905	g__JAAKFX01	g__JAAKFX01	0.969952	0.941092	0.138298	0.166667	26	0.963220	0.935876	0.162712	0.192642	288	1.000000	0.903595	0.069265	0.078607	6683
GCA_011064875.1	GCA_011064905.1	0.875452	mid_high	s__JAAKFX01 sp011064875	s__JAAKFX01 sp011064905	g__JAAKFX01	g__JAAKFX01	0.000000	0.884924	0.024691	0.025641	0	0.954649	0.913642	0.095953	0.098328	147	1.000000	0.862140	0.024255	0.023889	2031
GCA_016704275.1	GCA_016720805.1	0.916500	mid_high	s__Palsa-1233 sp016704275	s__Palsa-1233 sp016720805	g__Palsa-1233	g__Palsa-1233	0.971914	0.953839	0.231343	0.225273	1116	0.970194	0.946415	0.243169	0.227731	1424	1.000000	0.921726	0.122417	0.118254	36241
GCA_900769635.1	GCA_900557675.1	0.975172	mid_high	s__UMGS2068 sp900769635	s__UMGS2068 sp900557675	g__UMGS2068	g__UMGS2068	0.983456	0.948954	0.127820	0.298246	17	0.993939	0.923234	0.112590	0.140665	110	1.000000	0.921507	0.100380	0.142273	4283
GCA_902619855.1	GCA_902586905.1	0.929604	mid_high	s__UBA724 sp902619855	s__UBA724 sp902586905	g__UBA724	g__UBA724	0.972443	0.946202	0.173776	0.183946	110	0.969709	0.940904	0.196285	0.209502	560	1.000000	0.904512	0.072457	0.078050	6801
GCF_001584185.1	GCF_018304965.1	0.838463	mid_high	s__Collimonas pratensis	s__Collimonas antrihumi	g__Collimonas	g__Collimonas	0.963561	0.903456	0.040937	0.050635	271	0.954035	0.889995	0.047847	0.054994	419	1.000000	0.837767	0.011314	0.013309	4406
GCA_016777435.1	GCA_905478895.1	0.950540	mid_high	s__UA16 sp016777435	s__UA16 sp905478895	g__UA16	g__UA16	0.986791	0.938659	0.137882	0.143068	194	0.982186	0.926455	0.138576	0.136000	578	1.000000	0.911059	0.091844	0.087728	10210
GCF_019104765.1	GCA_014191535.1	0.839871	mid_high	s__Vulcanococcus sp019104765	s__Vulcanococcus sp014191535	g__Vulcanococcus	g__Vulcanococcus	0.962772	0.913222	0.049740	0.077861	115	0.954299	0.885021	0.035396	0.056830	171	1.000000	0.839605	0.010909	0.015307	1721
GCF_001426945.1	GCF_005153485.1	0.834654	mid_high	s__Pseudolabrys sp001426945	s__Pseudolabrys sp005153485	g__Pseudolabrys	g__Pseudolabrys	0.959583	0.918177	0.071157	0.074733	525	0.949511	0.899858	0.066271	0.067634	424	1.000000	0.842593	0.013603	0.014465	5188
GCF_013177315.1	GCF_001548395.1	0.913464	mid_high	s__O-77 sp013177315	s__O-77 sp001548395	g__O-77	g__O-77	0.971128	0.950864	0.209828	0.205315	1012	0.966600	0.944076	0.219305	0.222551	2556	1.000000	0.907784	0.081797	0.082752	31987
GCA_010692645.1	GCA_010692425.1	0.882453	mid_high	s__SIO3C6 sp010692645	s__SIO3C6 sp010692425	g__SIO3C6	g__SIO3C6	0.967267	0.936223	0.128560	0.131284	316	0.960679	0.933348	0.162577	0.168202	2319	1.000000	0.886158	0.044764	0.047067	20903
GCF_000172155.1	GCA_000739635.1	0.893622	mid_high	s__Verrucomicrobium spinosum	s__Verrucomicrobium sp000739635	g__Verrucomicrobium	g__Verrucomicrobium	0.966759	0.924974	0.095828	0.085736	565	0.962125	0.914181	0.101202	0.095983	1945	1.000000	0.874801	0.035020	0.032638	20980
GCF_003550025.1	GCF_000515355.1	0.870693	mid_high	s__Promicromonospora thailandica	s__Promicromonospora kroppenstedtii	g__Promicromonospora	g__Promicromonospora	0.966038	0.931511	0.113351	0.110136	703	0.960022	0.926982	0.142204	0.136357	995	1.000000	0.876907	0.035207	0.036231	17207
GCF_013414195.1	GCF_904846645.1	0.940074	mid_high	s__Psychrobacter sp013414195	s__Psychrobacter sp904846645	g__Psychrobacter	g__Psychrobacter	0.974498	0.955723	0.244924	0.240050	386	0.972678	0.951769	0.267740	0.276174	1464	1.000000	0.921569	0.117334	0.121077	25718
GCA_018658635.1	GCF_002688585.1	0.852369	mid_high	s__Fonsibacter sp018658635	s__Fonsibacter ubiquis	g__Fonsibacter	g__Fonsibacter	0.000000	0.885417	0.030928	0.021127	0	0.947597	0.910251	0.107062	0.073380	94	1.000000	0.832604	0.012985	0.009143	503
GCA_009665115.1	GCA_002501855.1	0.943019	mid_high	s__UBA10452 sp009665115	s__UBA10452 sp002501855	g__UBA10452	g__UBA10452	0.978249	0.957398	0.276492	0.236705	227	0.978324	0.954830	0.317995	0.274317	1396	1.000000	0.928985	0.159111	0.134511	26071
GCA_002501855.1	GCA_003176995.1	0.944601	mid_high	s__UBA10452 sp002501855	s__UBA10452 sp003176995	g__UBA10452	g__UBA10452	0.982305	0.959515	0.314911	0.237983	302	0.980078	0.953336	0.326587	0.246405	1662	1.000000	0.931006	0.177107	0.134731	34327
GCF_004339575.1	GCA_003978805.1	0.825408	mid_high	s__Phorcysia thermohydrogeniphila	s__Phorcysia sp003978805	g__Phorcysia	g__Phorcysia	0.000000	0.899222	0.032847	0.048128	0	0.950000	0.899261	0.038517	0.112676	80	1.000000	0.831055	0.008333	0.013214	749
GCA_001314685.1	GCF_003340565.1	0.914098	mid_high	s__HLUCCA09 sp001314685	s__HLUCCA09 sp003340565	g__HLUCCA09	g__HLUCCA09	0.969729	0.946897	0.191267	0.174726	990	0.963368	0.938728	0.202661	0.180418	914	1.000000	0.900635	0.070810	0.064929	22937
GCA_002398515.1	GCA_012841305.1	0.908079	mid_high	s__UBA4971 sp002398515	s__UBA4971 sp012841305	g__UBA4971	g__UBA4971	0.970287	0.937231	0.139748	0.128828	122	0.963040	0.939597	0.202029	0.189683	956	1.000000	0.895466	0.060047	0.058591	10352
GCA_003141195.1	GCA_001873745.1	0.856274	mid_high	s__UBA5619 sp003141195	s__UBA5619 sp001873745	g__UBA5619	g__UBA5619	0.961320	0.916532	0.066173	0.072332	143	0.955414	0.897553	0.060735	0.065159	314	1.000000	0.852736	0.018033	0.019551	4866
GCF_000426625.1	GCA_002084825.1	0.865878	mid_high	s__Psychrilyobacter atlanticus	s__Psychrilyobacter sp002084825	g__Psychrilyobacter	g__Psychrilyobacter	0.965625	0.915232	0.041841	0.105263	10	0.954942	0.915407	0.063460	0.163542	314	1.000000	0.859177	0.014482	0.034078	2898
GCF_011751745.2	GCF_011751765.2	0.849776	mid_high	s__Microbacterium_A fandaimingii	s__Microbacterium_A chengjingii	g__Microbacterium_A	g__Microbacterium_A	0.959346	0.937326	0.131567	0.137667	864	0.955174	0.935635	0.180062	0.171829	1165	1.000000	0.876902	0.035667	0.035560	11256
GCA_003670425.1	GCA_003569365.1	0.862362	mid_high	s__BD1 sp003670425	s__BD1 sp003569365	g__BD1	g__BD1	0.958786	0.918684	0.086738	0.063332	138	0.952271	0.918181	0.129780	0.092895	336	1.000000	0.859512	0.025242	0.019077	2493
GCF_003851545.1	GCF_001078575.1	0.873181	mid_high	s__Ralstonia sp003851545	s__Ralstonia sp001078575	g__Ralstonia	g__Ralstonia	0.962526	0.924477	0.099438	0.080036	708	0.955578	0.908372	0.093727	0.075735	647	1.000000	0.866957	0.030313	0.024155	9933
GCA_903845345.1	GCA_013289985.1	0.873653	mid_high	s__CAIMXF01 sp903845345	s__CAIMXF01 sp013289985	g__CAIMXF01	g__CAIMXF01	0.966925	0.923251	0.083591	0.088025	702	0.957929	0.909779	0.092878	0.082457	596	1.000000	0.869748	0.029715	0.028688	12503
GCA_016926755.1	GCF_000737315.1	0.845934	mid_high	s__Hyalangium sp016926755	s__Hyalangium minutum	g__Hyalangium	g__Hyalangium	0.961265	0.908706	0.060976	0.047572	430	0.953015	0.892315	0.062525	0.047700	927	1.000000	0.847903	0.017791	0.015081	11853
GCA_009925965.1	GCA_009922405.1	0.861959	mid_high	s__RFPW01 sp009925965	s__RFPW01 sp009922405	g__RFPW01	g__RFPW01	0.960577	0.920256	0.082618	0.073529	260	0.956772	0.919145	0.121317	0.104681	700	1.000000	0.858498	0.023332	0.020096	4844
GCA_002728255.1	GCA_902562525.1	0.889392	mid_high	s__GCA-2728255 sp002728255	s__GCA-2728255 sp902562525	g__GCA-2728255	g__GCA-2728255	0.971711	0.932808	0.092955	0.145929	95	0.968670	0.929331	0.113047	0.194719	649	1.000000	0.891629	0.040990	0.069215	6410
GCF_001276215.1	GCF_002008345.1	0.915002	mid_high	s__Clostridium_F sp001276215	s__Clostridium_F tepidum	g__Clostridium_F	g__Clostridium_F	0.000000	0.913858	0.057143	0.070588	0	0.965062	0.946553	0.219496	0.254185	653	1.000000	0.909200	0.082046	0.089683	12641
GCA_015233245.1	GCA_015233895.1	0.939834	mid_high	s__JADFXG01 sp015233245	s__JADFXG01 sp015233895	g__JADFXG01	g__JADFXG01	0.973986	0.955134	0.266571	0.212400	185	0.975624	0.953546	0.298230	0.272914	1331	1.000000	0.929332	0.150558	0.144866	30442
GCA_009926405.1	GCA_903856555.1	0.842729	mid_high	s__SYHX01 sp009926405	s__SYHX01 sp903856555	g__SYHX01	g__SYHX01	0.960286	0.910353	0.071111	0.045326	48	0.952229	0.907282	0.101388	0.066008	314	1.000000	0.843740	0.018231	0.011650	1497
GCA_002067815.1	GCF_900109885.1	0.786933	mid_high	s__Syntrophus sp002067815	s__Syntrophus gentianae	g__Syntrophus	g__Syntrophus	0.952446	0.863508	0.014791	0.010870	23	0.946993	0.851439	0.021700	0.015118	109	1.000000	0.775690	0.002764	0.001970	560
GCA_903857665.1	GCA_903847405.1	0.851833	mid_high	s__CAIZWN01 sp903857665	s__CAIZWN01 sp903847405	g__CAIZWN01	g__CAIZWN01	0.962029	0.915147	0.067765	0.064644	358	0.953298	0.900554	0.072282	0.064384	502	1.000000	0.848111	0.017389	0.015644	7571
GCF_009827515.1	GCF_001028625.1	0.856428	mid_high	s__Pelagerythrobacter marinus	s__Pelagerythrobacter marensis	g__Pelagerythrobacter	g__Pelagerythrobacter	0.962209	0.920745	0.083032	0.075488	344	0.956702	0.910374	0.096037	0.082350	349	1.000000	0.861667	0.023321	0.023860	5512
GCF_000712075.1	GCF_001449105.1	0.851107	mid_high	s__Caulobacter sp000712075	s__Caulobacter vibrioides_C	g__Caulobacter	g__Caulobacter	0.967731	0.914961	0.071189	0.060806	276	0.959268	0.894425	0.057179	0.058455	411	1.000000	0.854511	0.019014	0.019956	8157
GCF_009766105.1	GCF_000178955.2	0.822369	mid_high	s__Granulicella_A sp009766105	s__Granulicella_A mallensis	g__Granulicella_A	g__Granulicella_A	0.955038	0.887176	0.026938	0.027147	196	0.951088	0.860931	0.022833	0.023989	315	1.000000	0.802679	0.004784	0.004814	2336
GCF_014203225.1	GCF_000178955.2	0.936968	mid_high	s__Granulicella_A mallensis_A	s__Granulicella_A mallensis	g__Granulicella_A	g__Granulicella_A	0.974573	0.965687	0.328236	0.338920	2447	0.972692	0.958997	0.325129	0.335999	4412	1.000000	0.931401	0.153825	0.157917	76630
GCA_015661185.1	GCA_007280275.1	0.897371	mid_high	s__UBA9647 sp015661185	s__UBA9647 sp007280275	g__UBA9647	g__UBA9647	0.966385	0.930932	0.100434	0.119780	370	0.961155	0.922556	0.114908	0.132877	1086	1.000000	0.880611	0.036306	0.043166	13242
GCF_000010405.1	GCF_014706615.1	0.941381	mid_high	s__Vesicomyosocius okutanii	s__Vesicomyosocius sp014706615	g__Vesicomyosocius	g__Vesicomyosocius	0.975481	0.981106	0.537190	0.555556	65	0.969258	0.984739	0.663534	0.661049	706	1.000000	0.949021	0.252091	0.250677	11844
GCF_010131535.1	GCA_015654925.1	0.833465	mid_high	s__Acerihabitans arboris	s__Acerihabitans sp015654925	g__Acerihabitans	g__Acerihabitans	0.957480	0.907216	0.050330	0.052390	183	0.950565	0.895756	0.059611	0.060250	472	1.000000	0.832348	0.010273	0.011065	3752
GCA_012271025.1	GCA_011523315.1	0.948342	mid_high	s__JAAXHF01 sp012271025	s__JAAXHF01 sp011523315	g__JAAXHF01	g__JAAXHF01	0.982602	0.958441	0.261036	0.268018	952	0.978748	0.951840	0.269477	0.275445	2276	1.000000	0.930815	0.153386	0.154267	53551
GCF_004798965.1	GCF_003268885.1	0.851131	mid_high	s__Halomonas_E niordiana	s__Halomonas_E taeanensis_A	g__Halomonas_E	g__Halomonas_E	0.965136	0.917732	0.073153	0.070656	294	0.959639	0.905319	0.075949	0.079257	546	1.000000	0.861507	0.023392	0.023510	6694
GCF_000974685.2	GCF_000746095.1	0.837240	mid_high	s__Ferriphaselus amnicola	s__Ferriphaselus sp000746095	g__Ferriphaselus	g__Ferriphaselus	0.968493	0.921828	0.079698	0.084287	243	0.962718	0.900768	0.060721	0.077533	303	1.000000	0.870485	0.028144	0.031344	5604
GCA_002509405.1	GCA_002498365.1	0.882877	mid_high	s__VadinCA11 sp002509405	s__VadinCA11 sp002498365	g__VadinCA11	g__VadinCA11	0.969536	0.942715	0.166144	0.153921	159	0.960952	0.937799	0.193050	0.180134	350	1.000000	0.893163	0.059334	0.052571	5986
GCA_016201435.1	GCA_007280335.1	0.916306	mid_high	s__TA-20 sp016201435	s__TA-20 sp007280335	g__TA-20	g__TA-20	0.970905	0.933141	0.100346	0.138095	29	0.965355	0.942803	0.181616	0.250876	573	1.000000	0.901542	0.058828	0.082421	6506
GCA_014239895.1	GCA_018657955.1	0.908747	mid_high	s__GCA-2700405 sp014239895	s__GCA-2700405 sp018657955	g__GCA-2700405	g__GCA-2700405	0.000000	0.906305	0.059701	0.041667	0	0.964899	0.939434	0.215465	0.176290	287	1.000000	0.896866	0.068246	0.055529	3940
GCA_016793845.1	GCF_014199685.1	0.866242	mid_high	s__Sphingosinicella sp016793845	s__Sphingosinicella soli	g__Sphingosinicella	g__Sphingosinicella	0.961636	0.920445	0.081217	0.075709	470	0.955643	0.905239	0.083149	0.072082	339	1.000000	0.854684	0.020868	0.018151	5365
GCA_017936285.1	GCA_015061245.1	0.864002	mid_high	s__RGIG9079 sp017936285	s__RGIG9079 sp015061245	g__RGIG9079	g__RGIG9079	0.972547	0.930132	0.112159	0.101905	107	0.970051	0.920047	0.120357	0.110787	418	1.000000	0.884360	0.046016	0.041103	5693
GCF_900095695.1	GCF_001655005.1	0.840167	mid_high	s__Hafnia alvei_B	s__Hafnia paralvei	g__Hafnia	g__Hafnia	0.968006	0.911143	0.056930	0.059553	168	0.959591	0.904870	0.077492	0.075818	670	1.000000	0.863733	0.024921	0.024834	7549
GCF_006861775.1	GCF_900111345.1	0.866995	mid_high	s__Psychrobacillus soli	s__Psychrobacillus sp900111345	g__Psychrobacillus	g__Psychrobacillus	0.961806	0.928339	0.100629	0.101266	144	0.956052	0.919980	0.113582	0.116969	761	1.000000	0.866363	0.026546	0.027060	6172
GCA_001805105.1	GCA_003535475.1	0.883811	mid_high	s__UBA1546 sp001805105	s__UBA1546 sp003535475	g__UBA1546	g__UBA1546	0.969401	0.920693	0.071322	0.087591	48	0.963446	0.915259	0.099913	0.103047	230	1.000000	0.872636	0.031609	0.032311	3499
GCA_001914705.1	GCA_005884005.1	0.852400	mid_high	s__13-2-20CM-68-14 sp001914705	s__13-2-20CM-68-14 sp005884005	g__13-2-20CM-68-14	g__13-2-20CM-68-14	0.956250	0.905746	0.064229	0.037367	130	0.953623	0.907365	0.111272	0.060415	230	1.000000	0.845482	0.020077	0.011748	2761
GCA_002338445.1	GCA_002720735.1	0.923940	mid_high	s__TMED48 sp002338445	s__TMED48 sp002720735	g__TMED48	g__TMED48	0.971694	0.942443	0.144958	0.173367	138	0.968315	0.942243	0.195735	0.225848	872	1.000000	0.904205	0.069127	0.081079	10475
GCA_002726005.1	GCA_902533755.1	0.913562	mid_high	s__AG-430-B22 sp002726005	s__AG-430-B22 sp902533755	g__AG-430-B22	g__AG-430-B22	0.959375	0.915939	0.064516	0.071429	10	0.961240	0.943505	0.207729	0.227815	344	1.000000	0.895896	0.056681	0.063214	3695
GCA_017642445.1	GCA_017649605.1	0.923201	mid_high	s__CADAEX01 sp017642445	s__CADAEX01 sp017649605	g__CADAEX01	g__CADAEX01	0.979167	0.954346	0.237028	0.227119	201	0.976043	0.947137	0.247518	0.232621	773	1.000000	0.924267	0.131523	0.125986	15160
GCF_002368155.1	GCF_014696315.1	0.919430	mid_high	s__Aulosira carnea	s__Aulosira membranacea	g__Aulosira	g__Aulosira	0.973675	0.948583	0.185493	0.200703	514	0.968821	0.943410	0.210686	0.223473	2839	1.000000	0.909334	0.082881	0.089115	43842
GCA_905479975.1	GCF_902728235.1	0.841687	mid_high	s__BACL24 sp905479975	s__BACL24 sp902728235	g__BACL24	g__BACL24	0.957632	0.905097	0.058280	0.039506	208	0.953320	0.885737	0.061859	0.033800	338	1.000000	0.834426	0.014779	0.008634	3156
GCA_018725485.1	GCA_018725175.1	0.852453	mid_high	s__HKB111 sp018725485	s__HKB111 sp018725175	g__HKB111	g__HKB111	0.000000	0.875546	0.021277	0.016327	0	0.954416	0.896177	0.072660	0.050567	156	1.000000	0.819607	0.008771	0.006574	595
