pairid	q_acc	r_acc	anim_ani	anim_af_ref	K_est	q_contig_count	r_contig_count	q_ncbi_assembly_level	r_ncbi_assembly_level	syn2b_shared_tags	syn2b_observable_fraction	dd_major	s2b_major	dnadiff_inverted_fraction	syn2b_raw_inverted_fraction	q_species	r_species	q_genus	q_family	q_phylum	same_species	inverted
GCA_001626545.1__GCA_001626595.1	GCA_001626545.1	GCA_001626595.1	99.47	85.88	2.0503999999998843	14.0	300.0	Scaffold	Scaffold	5252	0.9998	0.498310673370267	0.49524	0.498310673370267	0.49524	Qipengyuania sp001635685	Qipengyuania sp001635685	Qipengyuania	Sphingomonadaceae	Proteobacteria	True	True
GCF_009805845.1__GCF_009805855.1	GCF_009805845.1	GCF_009805855.1	98.4	90.75	1.9734999999998928	8.0	117.0	Contig	Contig	1947	0.9995	0.4980965496091365	0.49615	0.5019034503908635	0.49615	Spiribacter roseus	Spiribacter roseus	Spiribacter	Nitrococcaceae	Proteobacteria	True	True
GCF_000816225.1__GCF_008802005.1	GCF_000816225.1	GCF_008802005.1	99.13	94.16	2.045800000000014	1.0	36.0	Complete Genome	Contig	1162	0.9991	0.4976522655365634	0.48967	0.4976522655365634	0.48967	Campylobacter_D concheus	Campylobacter_D concheus	Campylobacter_D	Campylobacteraceae	Campylobacterota	True	True
GCF_004564155.1__GCF_900101805.1	GCF_004564155.1	GCF_900101805.1	98.7	87.4	2.1580000000000865	1.0	165.0	Complete Genome	Scaffold	1930	0.9994	0.4973670960787472	0.49223	0.4973670960787472	0.49223	Legionella_D israelensis	Legionella_D israelensis	Legionella_D	Legionellaceae	Proteobacteria	True	True
GCA_016708985.1__GCA_016718615.1	GCA_016708985.1	GCA_016718615.1	99.5	98.15	2.2379999999998637	3.0	5.0	Contig	Contig	6190	0.9998	0.4968541892634889	0.48239	0.4968541892634889	0.48239	PHOS-HE28 sp016704485	PHOS-HE28 sp016704485	PHOS-HE28	PHOS-HE28	Bacteroidota	True	True
GCA_002480685.1__GCA_003525265.1	GCA_002480685.1	GCA_003525265.1	99.94	95.43	1.0	29.0	469.0	Scaffold	Scaffold	1768	1.0	0.4963881692121806	0.48473	0.4963881692121806	0.48473	UBA852 sp002295925	UBA852 sp002295925	UBA852	Vicingaceae	Bacteroidota	True	True
GCF_000278175.1__GCF_002022705.1	GCF_000278175.1	GCF_002022705.1	99.81	97.96	1.0	38.0	76.0	Scaffold	Contig	1966	1.0	0.4958412161666698	0.49237	0.4958412161666698	0.49237	Bartonella elizabethae	Bartonella elizabethae	Bartonella	Rhizobiaceae_A	Proteobacteria	True	True
GCF_000015385.1__GCF_003203895.1	GCF_000015385.1	GCF_003203895.1	99.03	90.56	2.164800000000034	1.0	226.0	Complete Genome	Contig	1456	0.9992	0.4947116581039072	0.49382	0.5052883418960927	0.50618	Lactobacillus helveticus	Lactobacillus helveticus	Lactobacillus	Lactobacillaceae	Firmicutes	True	True
GCA_013520955.1__GCA_016106175.1	GCA_013520955.1	GCA_016106175.1	99.78	98.92	2.086000000000001	38.0	60.0	Contig	Contig	1086	0.999	0.4933153592144155	0.49079	0.4933153592144155	0.50921	BJGV01 sp014190895	BJGV01 sp014190895	BJGV01	Nitrosomonadaceae	Proteobacteria	True	True
GCF_002370195.2__GCF_014202525.1	GCF_002370195.2	GCF_014202525.1	98.65	89.35	1.0	1.0	97.0	Complete Genome	Scaffold	1797	1.0	0.4924276805360436	0.48637	0.4924276805360436	0.51363	Ureibacillus thermosphaericus	Ureibacillus thermosphaericus	Ureibacillus	Planococcaceae	Firmicutes	True	True
GCA_002772855.1__GCA_002788655.1	GCA_002772855.1	GCA_002788655.1	99.92	95.22	2.144800000000015	27.0	127.0	Scaffold	Scaffold	636	0.9982	0.4916844106949735	0.49686	0.4916844106949735	0.50314	CG2-30-36-39 sp001873435	CG2-30-36-39 sp001873435	CG2-30-36-39	PJMF01	Patescibacteria	True	True
GCF_003999335.1__GCF_008868375.1	GCF_003999335.1	GCF_008868375.1	98.0	84.92	2.1371999999998748	2.0	103.0	Complete Genome	Contig	5686	0.9998	0.4904801618204744	0.48241	0.4904801618204744	0.51759	Brevibacterium linens	Brevibacterium linens	Brevibacterium	Brevibacteriaceae	Actinobacteriota	True	True
GCA_002414585.1__GCA_002415665.1	GCA_002414585.1	GCA_002415665.1	99.98	99.03	2.8749999999997935	29.0	36.0	Scaffold	Scaffold	3750	0.9995	0.4903656082950407	0.48747	0.5096343917049593	0.51253	Gracilimonas sp002694685	Gracilimonas sp002694685	Gracilimonas	Balneolaceae	Bacteroidota	True	True
GCA_001466235.1__GCF_000728775.1	GCA_001466235.1	GCF_000728775.1	99.61	76.42	2.0304999999998863	34.0	17.0	Scaffold	Contig	2061	0.9995	0.4902873572902689	0.4818	0.4902873572902689	0.4818	Listeria monocytogenes_B	Listeria monocytogenes_B	Listeria	Listeriaceae	Firmicutes	True	True
GCF_013296705.1__GCF_900461245.1	GCF_013296705.1	GCF_900461245.1	99.74	97.43	2.035199999999886	1.0	11.0	Contig	Contig	2588	0.9996	0.4897320908263964	0.47913	0.5102679091736035	0.52087	Clostridium_AO tetanomorphum	Clostridium_AO tetanomorphum	Clostridium_AO	Clostridiaceae	Firmicutes_A	True	True
GCF_001423805.1__GCF_001423825.1	GCF_001423805.1	GCF_001423825.1	98.67	99.19	1.0	34.0	707.0	Contig	Scaffold	6599	1.0	0.4894987862206486	0.49992	0.4894987862206486	0.49992	Microbacterium ginsengisoli	Microbacterium ginsengisoli	Microbacterium	Microbacteriaceae	Actinobacteriota	True	True
GCF_000394055.1__GCF_001885825.1	GCF_000394055.1	GCF_001885825.1	99.99	99.95	2.108799999999878	24.0	59.0	Scaffold	Scaffold	2772	0.9996	0.4894887077536697	0.47727	0.4894887077536697	0.47727	Enterococcus caccae	Enterococcus caccae	Enterococcus	Enterococcaceae	Firmicutes	True	True
GCF_000394055.1__GCF_902387535.1	GCF_000394055.1	GCF_902387535.1	99.99	99.95	2.108799999999878	24.0	59.0	Scaffold	Scaffold	2772	0.9996	0.4894887077536697	0.47727	0.4894887077536697	0.47727	Enterococcus caccae	Enterococcus caccae	Enterococcus	Enterococcaceae	Firmicutes	True	True
GCF_000785495.1__GCF_006538965.1	GCF_000785495.1	GCF_006538965.1	99.99	100.0	1.9911999999998908	1.0	35.0	Complete Genome	Contig	9912	0.9999	0.4891905048753505	0.4885	0.5108094951246495	0.5115	Nocardioides simplex	Nocardioides simplex	Nocardioides	Nocardioidaceae	Actinobacteriota	True	True
GCA_014133975.1__GCF_013096875.1	GCA_014133975.1	GCF_013096875.1	97.17	75.78	2.025999999999887	85.0	310.0	Scaffold	Contig	2565	0.9996	0.489151492475264	0.47368	0.489151492475264	0.47368	Geobacillus stearothermophilus	Geobacillus stearothermophilus	Geobacillus	Anoxybacillaceae	Firmicutes	True	True
GCF_003111765.1__GCF_003287775.1	GCF_003111765.1	GCF_003287775.1	99.99	99.95	2.144199999999874	1.0	87.0	Complete Genome	Scaffold	5721	0.9998	0.4884838620766279	0.49117	0.4884838620766279	0.49117	Actinomyces glycerinitolerans	Actinomyces glycerinitolerans	Actinomyces	Actinomycetaceae	Actinobacteriota	True	True
GCF_003111765.1__GCF_003287795.1	GCF_003111765.1	GCF_003287795.1	99.07	93.9	1.942399999999896	1.0	226.0	Complete Genome	Scaffold	4712	0.9998	0.4878119440221948	0.49194	0.5121880559778051	0.50806	Actinomyces glycerinitolerans	Actinomyces glycerinitolerans	Actinomyces	Actinomycetaceae	Actinobacteriota	True	True
GCF_000046685.1__GCF_000708945.1	GCF_000046685.1	GCF_000708945.1	99.82	98.03	1.974400000000073	1.0	27.0	Complete Genome	Scaffold	1624	0.9994	0.4868083961111999	0.492	0.4868083961111999	0.508	Bartonella quintana	Bartonella quintana	Bartonella	Rhizobiaceae_A	Proteobacteria	True	True
GCF_000195555.1__GCF_016604405.1	GCF_000195555.1	GCF_016604405.1	97.61	89.81	2.000799999999982	1.0	71.0	Complete Genome	Contig	834	0.9988	0.4854801274168591	0.48921	0.4854801274168591	0.48921	Francisella hispaniensis	Francisella hispaniensis	Francisella	Francisellaceae	Proteobacteria	True	True
GCF_000403375.2__GCF_900177265.1	GCF_000403375.2	GCF_900177265.1	97.84	93.86	1.0	40.0	101.0	Scaffold	Scaffold	4405	1.0	0.4840856563831436	0.49058	0.4840856563831436	0.49058	Paenibacillus_A barengoltzii	Paenibacillus_A barengoltzii	Paenibacillus_A	Paenibacillaceae	Firmicutes	True	True
GCF_000835205.1__GCF_902832905.1	GCF_000835205.1	GCF_902832905.1	99.25	92.16	2.3921999999998467	2.0	72.0	Complete Genome	Scaffold	13922	0.9999	0.4828140498621909	0.47881	0.5171859501378091	0.52119	Burkholderia plantarii	Burkholderia plantarii	Burkholderia	Burkholderiaceae	Proteobacteria	True	True
GCF_006348105.1__GCF_013363775.1	GCF_006348105.1	GCF_013363775.1	97.99	89.66	1.0	1.0	1.0	Contig	Chromosome	976	1.0	0.4822566792365632	0.48873	0.4822566792365632	0.51127	Campylobacter_D jejuni	Campylobacter_D jejuni	Campylobacter_D	Campylobacteraceae	Campylobacterota	True	True
GCA_016718615.1__GCA_018057805.1	GCA_016718615.1	GCA_018057805.1	99.8	99.1	2.778399999999804	5.0	78.0	Contig	Scaffold	5928	0.9997	0.4817288055787232	0.47874	0.5182711944212768	0.52126	PHOS-HE28 sp016704485	PHOS-HE28 sp016704485	PHOS-HE28	PHOS-HE28	Bacteroidota	True	True
GCF_000092965.1__GCF_018588165.1	GCF_000092965.1	GCF_018588165.1	97.09	82.81	2.094000000000001	1.0	142.0	Complete Genome	Scaffold	1094	0.999	0.4814790633666427	0.49543	0.5185209366333573	0.49543	Thermoanaerobacter thermocopriae	Thermoanaerobacter thermocopriae	Thermoanaerobacter	Thermoanaerobacteraceae	Firmicutes_A	True	True
GCA_003385625.1__GCA_003389245.1	GCA_003385625.1	GCA_003389245.1	99.99	100.0	2.2833999999998587	5.0	5.0	Contig	Contig	6417	0.9998	0.4795093753698837	0.47296	0.4795093753698837	0.47296	QQUY01 sp003385635	QQUY01 sp003385635	QQUY01	Pyrinomonadaceae	Acidobacteriota	True	True
GCA_015256235.1__GCA_905365325.1	GCA_015256235.1	GCA_905365325.1	98.61	93.87	2.2977000000000087	28.0	169.0	Contig	Contig	683	0.9981	0.4791921548586551	0.45827	0.5208078451413449	0.54173	Eubacterium_M brachy	Eubacterium_M brachy	Eubacterium_M	Anaerovoracaceae	Firmicutes_A	True	True
GCF_000046685.1__GCF_000708905.1	GCF_000046685.1	GCF_000708905.1	99.81	98.43	1.973800000000073	1.0	23.0	Complete Genome	Scaffold	1623	0.9994	0.4782599508763123	0.47197	0.5217400491236877	0.52803	Bartonella quintana	Bartonella quintana	Bartonella	Rhizobiaceae_A	Proteobacteria	True	True
GCF_002798925.1__GCF_013464125.1	GCF_002798925.1	GCF_013464125.1	99.93	96.97	1.0	7.0	68.0	Contig	Contig	10835	1.0	0.4780390684001613	0.47365	0.4780390684001613	0.47365	Stenotrophomonas maltophilia_Q	Stenotrophomonas maltophilia_Q	Stenotrophomonas	Xanthomonadaceae	Proteobacteria	True	True
GCF_000403375.2__GCF_900177285.1	GCF_000403375.2	GCF_900177285.1	97.58	90.46	1.0	40.0	108.0	Scaffold	Scaffold	4165	1.0	0.4774885723670569	0.46819	0.5225114276329431	0.53181	Paenibacillus_A barengoltzii	Paenibacillus_A barengoltzii	Paenibacillus_A	Paenibacillaceae	Firmicutes	True	True
GCA_003385575.1__GCA_003385625.1	GCA_003385575.1	GCA_003385625.1	99.99	100.0	2.2833999999998587	5.0	5.0	Scaffold	Contig	6417	0.9998	0.4770249199495445	0.47296	0.4770249199495445	0.47296	QQUY01 sp003385635	QQUY01 sp003385635	QQUY01	Pyrinomonadaceae	Acidobacteriota	True	True
GCA_001430845.1__GCA_003500185.1	GCA_001430845.1	GCA_003500185.1	99.97	99.06	1.0	1.0	70.0	Complete Genome	Scaffold	2314	1.0	0.4765794403614508	0.47234	0.5234205596385492	0.52766	Peribacter riflensis	Peribacter riflensis	Peribacter	Peribacteraceae	Patescibacteria	True	True
GCA_003150015.1__GCA_018367385.1	GCA_003150015.1	GCA_018367385.1	99.81	52.07	2.065000000000001	13.0	82.0	Scaffold	Contig	1065	0.999	0.4750736242372914	0.46385	0.4750736242372914	0.46385	Fimisoma sp900542295	Fimisoma sp900542295	Fimisoma	Anaerovoracaceae	Firmicutes_A	True	True
GCF_000965155.1__GCF_003664375.1	GCF_000965155.1	GCF_003664375.1	97.53	84.85	1.0	7.0	13.0	Contig	Contig	296	1.0	0.4750198347878844	0.47635	0.5249801652121155	0.52365	Rickettsia tamurae	Rickettsia tamurae	Rickettsia	Rickettsiaceae	Proteobacteria	True	True
GCF_004364395.1__GCF_004794975.1	GCF_004364395.1	GCF_004794975.1	98.91	84.81	1.0	4.0	110.0	Contig	Contig	10272	1.0	0.4749222141366298	0.47858	0.5250777858633702	0.52142	Streptomyces katrae_B	Streptomyces katrae_B	Streptomyces	Streptomycetaceae	Actinobacteriota	True	True
GCF_900475945.1__GCF_900625055.1	GCF_900475945.1	GCF_900625055.1	99.99	99.98	2.0055999999998892	1.0	55.0	Complete Genome	Contig	10056	0.9999	0.4740098313990889	0.46828	0.5259901686009111	0.53172	Pseudomonas_E mucidolens	Pseudomonas_E mucidolens	Pseudomonas_E	Pseudomonadaceae	Proteobacteria	True	True
GCF_004684865.1__GCF_004745855.1	GCF_004684865.1	GCF_004745855.1	97.9	83.95	2.05929999999999	22.0	63.0	Scaffold	Scaffold	963	0.9989	0.4738332280686423	0.47871	0.4738332280686423	0.47871	Staphylococcus petrasii	Staphylococcus petrasii	Staphylococcus	Staphylococcaceae	Firmicutes	True	True
GCF_003385915.1__GCF_006539845.1	GCF_003385915.1	GCF_006539845.1	100.0	99.99	2.807399999999801	74.0	158.0	Scaffold	Contig	9037	0.9998	0.4724075723714552	0.46321	0.5275924276285447	0.53679	Brevibacillus brevis	Brevibacillus brevis	Brevibacillus	Brevibacillaceae	Firmicutes	True	True
GCF_001294605.1__GCF_017615005.1	GCF_001294605.1	GCF_017615005.1	97.55	87.89	2.116599999999877	1.0	214.0	Complete Genome	Contig	5583	0.9998	0.4721653885771161	0.48075	0.5278346114228839	0.51925	Pseudonocardia alni	Pseudonocardia alni	Pseudonocardia	Pseudonocardiaceae	Actinobacteriota	True	True
GCF_000686105.1__GCF_900096675.1	GCF_000686105.1	GCF_900096675.1	99.01	89.82	1.0	4.0	160.0	Contig	Contig	4537	1.0	0.4718295989260515	0.45008	0.4718295989260515	0.45008	Robinsoniella peoriensis	Robinsoniella peoriensis	Robinsoniella	Lachnospiraceae	Firmicutes_A	True	True
GCF_008586805.1__GCF_900408065.1	GCF_008586805.1	GCF_900408065.1	97.29	88.97	1.0	1.0	113.0	Complete Genome	Contig	841	1.0	0.4700082315431261	0.44114	0.5299917684568739	0.55886	Haemophilus aegyptius	Haemophilus aegyptius	Haemophilus	Pasteurellaceae	Proteobacteria	True	True
GCF_000597945.1__GCF_902170435.1	GCF_000597945.1	GCF_902170435.1	98.92	87.51	2.0319999999998863	3.0	134.0	Complete Genome	Contig	3440	0.9997	0.4695613202560091	0.4686	0.4695613202560091	0.4686	Yersinia hibernica	Yersinia hibernica	Yersinia	Enterobacteriaceae	Proteobacteria	True	True
GCF_018618605.1__GCF_018618655.1	GCF_018618605.1	GCF_018618655.1	99.13	96.27	1.9467999999998955	27.0	34.0	Scaffold	Scaffold	3156	0.9997	0.4694144303912497	0.46926	0.5305855696087503	0.53074	Exiguobacterium_A oxidotolerans	Exiguobacterium_A oxidotolerans	Exiguobacterium_A	Exiguobacteraceae	Firmicutes	True	True
GCF_000210615.1__GCF_015547135.1	GCF_000210615.1	GCF_015547135.1	98.65	59.3	1.0	364.0	70.0	Chromosome	Scaffold	906	1.0	0.4691366350437972	0.4702	0.5308633649562028	0.5298	Faecalitalea cylindroides	Faecalitalea cylindroides	Faecalitalea	Erysipelotrichaceae	Firmicutes	True	True
GCF_000820525.2__GCF_016082235.1	GCF_000820525.2	GCF_016082235.1	99.2	91.81	2.212400000000011	8.0	144.0	Scaffold	Scaffold	433	0.9972	0.4687934478046685	0.48961	0.4687934478046685	0.51039	Spiroplasma poulsonii	Spiroplasma poulsonii	Spiroplasma	Mycoplasmataceae	Firmicutes	True	True
GCF_001660045.1__GCF_009870095.1	GCF_001660045.1	GCF_009870095.1	99.34	94.2	1.0	2.0	620.0	Complete Genome	Contig	10042	1.0	0.4677290419743071	0.46435	0.4677290419743071	0.46435	Streptomyces parvulus	Streptomyces parvulus	Streptomyces	Streptomycetaceae	Actinobacteriota	True	True
GCF_000010605.1__GCF_009862415.1	GCF_000010605.1	GCF_009862415.1	99.09	92.08	1.0	1.0	55.0	Complete Genome	Scaffold	9891	1.0	0.4667067197143686	0.45728	0.5332932802856314	0.54272	Streptomyces griseus	Streptomyces griseus	Streptomyces	Streptomycetaceae	Actinobacteriota	True	True
GCF_003124105.1__GCF_016082235.1	GCF_003124105.1	GCF_016082235.1	99.18	91.81	1.0	2.0	144.0	Contig	Scaffold	434	1.0	0.4658008613371004	0.49539	0.4658008613371004	0.50461	Spiroplasma poulsonii	Spiroplasma poulsonii	Spiroplasma	Mycoplasmataceae	Firmicutes	True	True
GCF_014893095.1__GCF_016106885.1	GCF_014893095.1	GCF_016106885.1	97.4	85.97	2.072799999999882	1.0	268.0	Complete Genome	Contig	3576	0.9997	0.4647052583359452	0.46197	0.5352947416640548	0.53803	Dickeya dianthicola	Dickeya dianthicola	Dickeya	Enterobacteriaceae	Proteobacteria	True	True
GCF_000785495.1__GCF_008933125.1	GCF_000785495.1	GCF_008933125.1	97.51	88.58	2.0949999999998794	1.0	22.0	Complete Genome	Contig	5475	0.9998	0.4642965686916264	0.46356	0.5357034313083736	0.53644	Nocardioides simplex	Nocardioides simplex	Nocardioides	Nocardioidaceae	Actinobacteriota	True	True
GCF_000744755.1__GCF_001587475.1	GCF_000744755.1	GCF_001587475.1	99.19	94.43	1.872799999999904	2.0	229.0	Contig	Scaffold	4364	0.9998	0.463460776903856	0.45234	0.463460776903856	0.45234	Geobacillus icigianus	Geobacillus icigianus	Geobacillus	Anoxybacillaceae	Firmicutes	True	True
GCF_002250075.1__GCF_002701205.1	GCF_002250075.1	GCF_002701205.1	98.7	89.61	2.0746000000000806	1.0	73.0	Complete Genome	Contig	1791	0.9994	0.4627510907669832	0.43104	0.5372489092330168	0.56896	Thermoanaerobacterium thermosaccharolyticum	Thermoanaerobacterium thermosaccharolyticum	Thermoanaerobacterium	Thermoanaerobacteraceae	Firmicutes_A	True	True
GCF_002813835.1__GCF_008107465.1	GCF_002813835.1	GCF_008107465.1	98.91	83.37	1.0	5.0	124.0	Chromosome	Contig	3172	1.0	0.4619809360961745	0.45744	0.5380190639038255	0.54256	Vibrio anguillarum	Vibrio anguillarum	Vibrio	Vibrionaceae	Proteobacteria	True	True
GCA_002169235.1__GCA_905479245.1	GCA_002169235.1	GCA_905479245.1	97.2	31.49	2.302399999999988	16.0	253.0	Contig	Contig	296	0.9956	0.4612293647489019	0.4527	0.4612293647489019	0.4527	UBA1275 sp002457365	UBA1275 sp002457365	UBA1275	Balneolaceae	Bacteroidota	True	True
GCF_000158315.2__GCF_003463295.1	GCF_000158315.2	GCF_003463295.1	98.77	85.92	1.0	49.0	123.0	Scaffold	Scaffold	2021	1.0	0.4611859548898598	0.47254	0.5388140451101402	0.52746	Fusobacterium_A ulcerans	Fusobacterium_A ulcerans	Fusobacterium_A	Fusobacteriaceae	Fusobacteriota	True	True
GCF_000597945.1__GCF_002188895.1	GCF_000597945.1	GCF_002188895.1	99.83	88.25	1.8645999999999048	3.0	128.0	Complete Genome	Scaffold	4323	0.9998	0.4607541652345069	0.46172	0.539245834765493	0.53828	Yersinia hibernica	Yersinia hibernica	Yersinia	Enterobacteriaceae	Proteobacteria	True	True
GCF_003363675.2__GCF_003436685.1	GCF_003363675.2	GCF_003436685.1	98.76	82.2	1.916799999999899	1.0	63.0	Complete Genome	Scaffold	4584	0.9998	0.4601584276722256	0.4555	0.5398415723277744	0.5445	Bacteroides intestinalis	Bacteroides intestinalis	Bacteroides	Bacteroidaceae	Bacteroidota	True	True
GCF_013294265.1__GCF_014230485.1	GCF_013294265.1	GCF_014230485.1	99.74	97.68	2.053999999999884	1.0	69.0	Contig	Contig	2635	0.9996	0.459835221180205	0.45123	0.540164778819795	0.54877	Clostridium_AO tetanomorphum	Clostridium_AO tetanomorphum	Clostridium_AO	Clostridiaceae	Firmicutes_A	True	True
GCA_002323055.1__GCA_002792255.1	GCA_002323055.1	GCA_002792255.1	99.98	96.92	2.0208000000000292	13.0	27.0	Scaffold	Scaffold	638	0.9984	0.4590948792207827	0.47179	0.4590948792207827	0.47179	UBA1547 sp001873625	UBA1547 sp001873625	UBA1547	UBA1547	Patescibacteria	True	True
GCF_000195555.1__GCF_001608445.1	GCF_000195555.1	GCF_001608445.1	98.01	92.58	1.0	1.0	95.0	Complete Genome	Contig	898	1.0	0.4588551086088493	0.42094	0.5411448913911506	0.57906	Francisella hispaniensis	Francisella hispaniensis	Francisella	Francisellaceae	Proteobacteria	True	True
GCF_002893785.1__GCF_009647615.1	GCF_002893785.1	GCF_009647615.1	98.19	92.12	2.035999999999886	1.0	234.0	Complete Genome	Contig	2590	0.9996	0.4584321317691114	0.47761	0.4584321317691114	0.47761	Laceyella sediminis	Laceyella sediminis	Laceyella	Thermoactinomycetaceae	Firmicutes	True	True
GCF_018618015.1__GCF_018618055.1	GCF_018618015.1	GCF_018618055.1	99.99	99.99	1.827199999999909	34.0	36.0	Scaffold	Scaffold	4136	0.9998	0.4578132955779292	0.43641	0.4578132955779292	0.43641	Exiguobacterium mexicanum	Exiguobacterium mexicanum	Exiguobacterium	Exiguobacteraceae	Firmicutes	True	True
GCF_000291475.1__GCF_004306995.1	GCF_000291475.1	GCF_004306995.1	97.62	86.13	1.0	71.0	66.0	Scaffold	Scaffold	2827	1.0	0.457117650049239	0.49416	0.542882349950761	0.50584	Bacillus_A nitratireducens	Bacillus_A nitratireducens	Bacillus_A	Bacillaceae_G	Firmicutes	True	True
GCA_016703055.1__GCA_017994455.1	GCA_016703055.1	GCA_017994455.1	98.77	96.56	1.0	5.0	200.0	Contig	Scaffold	3336	1.0	0.4570106740069872	0.46013	0.4570106740069872	0.46013	UBA10438 sp002426145	UBA10438 sp002426145	UBA10438	Kapabacteriaceae	Bacteroidota	True	True
GCA_017455865.1__GCA_017505365.1	GCA_017455865.1	GCA_017505365.1	98.47	89.1	2.065600000000014	6.0	53.0	Contig	Contig	592	0.9982	0.4560960778760207	0.41216	0.5439039221239793	0.58784	Enterousia sp015062495	Enterousia sp015062495	Enterousia	Rs-D84	Proteobacteria	True	True
GCA_018814845.1__GCA_018815065.1	GCA_018814845.1	GCA_018815065.1	99.96	99.4	1.8118999999999104	19.0	128.0	Contig	Contig	8119	0.9999	0.4560203305211617	0.45646	0.5439796694788382	0.54354	Oceanibaculum sp018823745	Oceanibaculum sp018823745	Oceanibaculum	Oceanibaculaceae	Proteobacteria	True	True
GCF_009176685.1__GCF_018130425.1	GCF_009176685.1	GCF_018130425.1	99.12	85.75	2.4080999999998447	1.0	100.0	Complete Genome	Contig	14081	0.9999	0.4537632236789487	0.44841	0.4537632236789487	0.44841	Bradyrhizobium ottawaense	Bradyrhizobium ottawaense	Bradyrhizobium	Xanthobacteraceae	Proteobacteria	True	True
GCA_007833955.1__GCF_000513535.1	GCA_007833955.1	GCF_000513535.1	98.78	95.94	1.898999999999901	3.0	103.0	Complete Genome	Contig	4495	0.9998	0.4523086877368016	0.45072	0.5476913122631983	0.54928	Planococcus glaciei	Planococcus glaciei	Planococcus	Planococcaceae	Firmicutes	True	True
GCF_003950055.1__GCF_004522685.1	GCF_003950055.1	GCF_004522685.1	99.12	90.52	1.0	1.0	63.0	Complete Genome	Scaffold	10647	1.0	0.4520708093155512	0.45139	0.5479291906844488	0.54861	Streptomyces sp000772045	Streptomyces sp000772045	Streptomyces	Streptomycetaceae	Actinobacteriota	True	True
GCF_001447335.1__GCF_001481395.1	GCF_001447335.1	GCF_001481395.1	98.94	92.2	2.036199999999886	1.0	69.0	Complete Genome	Scaffold	5181	0.9998	0.4517052844650818	0.45107	0.4517052844650818	0.45107	Aeromonas schubertii	Aeromonas schubertii	Aeromonas	Aeromonadaceae	Proteobacteria	True	True
GCF_004564155.1__GCF_900640145.1	GCF_004564155.1	GCF_900640145.1	98.7	87.66	1.9669999999998935	1.0	178.0	Complete Genome	Contig	1934	0.9995	0.4495730687938655	0.45553	0.5504269312061345	0.54447	Legionella_D israelensis	Legionella_D israelensis	Legionella_D	Legionellaceae	Proteobacteria	True	True
GCF_000394035.1__GCF_001886115.1	GCF_000394035.1	GCF_001886115.1	99.99	99.98	1.0	25.0	80.0	Scaffold	Scaffold	3200	1.0	0.4488290634322606	0.44125	0.4488290634322606	0.44125	Enterococcus_B phoeniculicola	Enterococcus_B phoeniculicola	Enterococcus_B	Enterococcaceae	Firmicutes	True	True
GCF_002368255.1__GCF_014697225.1	GCF_002368255.1	GCF_014697225.1	99.99	99.32	1.0	4.0	72.0	Complete Genome	Contig	9942	1.0	0.4486638957162556	0.45001	0.4486638957162556	0.45001	Leptolyngbya boryana	Leptolyngbya boryana	Leptolyngbya	Leptolyngbyaceae	Cyanobacteria	True	True
GCF_000317975.2__GCF_900005785.1	GCF_000317975.2	GCF_900005785.1	98.93	89.31	2.1034000000000828	1.0	160.0	Complete Genome	Contig	1839	0.9994	0.4471624007227722	0.44589	0.5528375992772278	0.55411	Carnobacterium maltaromaticum	Carnobacterium maltaromaticum	Carnobacterium	Carnobacteriaceae	Firmicutes	True	True
GCF_002078255.1__GCF_003041555.1	GCF_002078255.1	GCF_003041555.1	97.95	92.33	1.0	1.0	142.0	Complete Genome	Contig	962	1.0	0.4470756099374203	0.45218	0.5529243900625797	0.54782	Staphylococcus xylosus	Staphylococcus xylosus	Staphylococcus	Staphylococcaceae	Firmicutes	True	True
GCF_900177895.1__GCF_900182485.2	GCF_900177895.1	GCF_900182485.2	98.52	94.1	1.993300000000048	50.0	108.0	Scaffold	Contig	1419	0.9993	0.4464986309078314	0.45314	0.5535013690921686	0.54686	Kingella negevensis	Kingella negevensis	Kingella	Neisseriaceae	Proteobacteria	True	True
GCF_002334685.1__GCF_900119095.1	GCF_002334685.1	GCF_900119095.1	99.99	99.97	1.9853999999998917	1.0	144.0	Complete Genome	Scaffold	4927	0.9998	0.4462941591510392	0.44266	0.5537058408489608	0.55734	Desulfovibrio desulfuricans_A	Desulfovibrio desulfuricans_A	Desulfovibrio	Desulfovibrionaceae	Desulfobacterota_I	True	True
GCA_015256235.1__GCA_905373685.1	GCA_015256235.1	GCA_905373685.1	99.01	83.4	1.0	28.0	194.0	Contig	Contig	520	1.0	0.4445962684988445	0.46731	0.5554037315011555	0.53269	Eubacterium_M brachy	Eubacterium_M brachy	Eubacterium_M	Anaerovoracaceae	Firmicutes_A	True	True
GCA_900544035.1__GCA_905210325.1	GCA_900544035.1	GCA_905210325.1	97.28	93.52	2.4313999999999827	24.0	182.0	Contig	Contig	421	0.9966	0.4438197780730746	0.45131	0.4438197780730746	0.45131	CAG-605 sp000433255	CAG-605 sp000433255	CAG-605	UBA660	Firmicutes	True	True
GCA_001768435.1__GCA_001769775.1	GCA_001768435.1	GCA_001769775.1	99.78	98.8	1.9864999999998911	17.0	308.0	Scaffold	Scaffold	1973	0.9995	0.4425965143412409	0.4298	0.4425965143412409	0.4298	Bact-08 sp003542575	Bact-08 sp003542575	Bact-08	UBA932	Bacteroidota	True	True
GCF_013372245.1__GCF_018500215.1	GCF_013372245.1	GCF_018500215.1	98.36	89.76	2.012200000000049	1.0	67.0	Complete Genome	Contig	1446	0.9993	0.442461448263638	0.45781	0.557538551736362	0.54219	Campylobacter_D upsaliensis	Campylobacter_D upsaliensis	Campylobacter_D	Campylobacteraceae	Campylobacterota	True	True
GCA_903819555.1__GCA_903836045.1	GCA_903819555.1	GCA_903836045.1	99.99	82.2	2.9509000000000944	40.0	47.0	Contig	Contig	2787	0.9993	0.441247792159432	0.45999	0.441247792159432	0.45999	XYB12-FULL-50-7 sp903856085	XYB12-FULL-50-7 sp903856085	XYB12-FULL-50-7	UBA2337	Omnitrophota	True	True
GCF_003346865.1__GCF_004745775.1	GCF_003346865.1	GCF_004745775.1	99.99	100.0	2.107599999999878	9.0	63.0	Contig	Contig	3692	0.9997	0.4392813033632667	0.44285	0.5607186966367332	0.55715	DB6-IX sp003612895	DB6-IX sp003612895	DB6-IX	Bacteriovoracaceae	Bdellovibrionota	True	True
GCF_001262035.1__GCF_003130125.1	GCF_001262035.1	GCF_003130125.1	97.48	93.84	2.0632000000000303	1.0	36.0	Complete Genome	Scaffold	1329	0.9992	0.4377078542517474	0.47103	0.5622921457482526	0.52897	Aggregatibacter aphrophilus	Aggregatibacter aphrophilus	Aggregatibacter	Pasteurellaceae	Proteobacteria	True	True
GCF_003634815.1__GCF_003814735.1	GCF_003634815.1	GCF_003814735.1	99.41	93.6	1.0	3.0	6.0	Contig	Contig	9767	1.0	0.4376420079761119	0.4421	0.4376420079761119	0.4421	Streptomyces katrae_A	Streptomyces katrae_A	Streptomyces	Streptomycetaceae	Actinobacteriota	True	True
GCA_009701225.1__GCA_009702335.1	GCA_009701225.1	GCA_009702335.1	99.99	99.68	2.034499999999886	10.0	10.0	Contig	Contig	2069	0.9995	0.435288391266205	0.46013	0.564711608733795	0.53987	QYPT01 sp009698615	QYPT01 sp009698615	QYPT01	Nanopelagicaceae	Actinobacteriota	True	True
GCA_003966995.1__GCF_011317485.1	GCA_003966995.1	GCF_011317485.1	99.99	100.0	2.807399999999801	3.0	810.0	Complete Genome	Contig	9037	0.9998	0.4346593646825603	0.42459	0.4346593646825603	0.42459	Oharaeibacter diazotrophicus	Oharaeibacter diazotrophicus	Oharaeibacter	Pleomorphomonadaceae	Proteobacteria	True	True
GCF_000294715.1__GCF_900475345.1	GCF_000294715.1	GCF_900475345.1	98.31	99.63	1.0	1.0	1.0	Complete Genome	Complete Genome	1171	1.0	0.434435468541498	0.46114	0.434435468541498	0.46114	Bartonella quintana	Bartonella quintana	Bartonella	Rhizobiaceae_A	Proteobacteria	True	True
GCF_001481725.1__GCF_902364445.1	GCF_001481725.1	GCF_902364445.1	98.83	85.87	1.8651999999999047	1.0	41.0	Complete Genome	Scaffold	2884	0.9997	0.4342097642583202	0.42961	0.4342097642583202	0.42961	Eubacterium maltosivorans	Eubacterium maltosivorans	Eubacterium	Eubacteriaceae	Firmicutes_A	True	True
GCF_000686065.1__GCF_000686965.1	GCF_000686065.1	GCF_000686965.1	98.43	82.93	1.980999999999892	1.0	48.0	Contig	Scaffold	3270	0.9997	0.4337024674351346	0.43089	0.5662975325648654	0.56911	Butyrivibrio hungatei_A	Butyrivibrio hungatei_A	Butyrivibrio	Lachnospiraceae	Firmicutes_A	True	True
GCF_000393895.1__GCF_001807055.1	GCF_000393895.1	GCF_001807055.1	99.37	85.39	2.9434000000001457	24.0	187.0	Scaffold	Scaffold	3239	0.9994	0.4336344983112158	0.44551	0.5663655016887842	0.55449	Enterococcus_A raffinosus	Enterococcus_A raffinosus	Enterococcus_A	Enterococcaceae	Firmicutes	True	True
GCF_000158435.2__GCF_900198355.1	GCF_000158435.2	GCF_900198355.1	97.01	93.12	1.0	77.0	81.0	Scaffold	Scaffold	1278	1.0	0.4333642211230954	0.41706	0.5666357788769045	0.58294	Helicobacter_A rappini	Helicobacter_A rappini	Helicobacter_A	Helicobacteraceae	Campylobacterota	True	True
GCA_001792065.1__GCA_001792375.1	GCA_001792065.1	GCA_001792375.1	99.88	96.75	2.0020000000000007	54.0	20.0	Scaffold	Scaffold	1002	0.999	0.4333502539458899	0.43613	0.5666497460541101	0.56387	HO2-FULL-38-9 sp001793095	HO2-FULL-38-9 sp001793095	HO2-FULL-38-9	UBA8517	Patescibacteria	True	True
GCF_001555555.1__GCF_002888235.1	GCF_001555555.1	GCF_002888235.1	99.81	96.88	1.0	4.0	239.0	Contig	Contig	15328	1.0	0.4319666905982017	0.43124	0.4319666905982017	0.43124	Burkholderia thailandensis	Burkholderia thailandensis	Burkholderia	Burkholderiaceae	Proteobacteria	True	True
GCF_000262445.1__GCF_900112905.1	GCF_000262445.1	GCF_900112905.1	98.36	79.44	1.0	22.0	133.0	Chromosome	Scaffold	1334	1.0	0.429843720597556	0.43403	0.429843720597556	0.43403	Thermoanaerobacter ethanolicus	Thermoanaerobacter ethanolicus	Thermoanaerobacter	Thermoanaerobacteraceae	Firmicutes_A	True	True
GCF_002891115.1__GCF_009909265.1	GCF_002891115.1	GCF_009909265.1	99.82	96.32	2.566899999999827	2.0	91.0	Contig	Scaffold	15669	0.9999	0.4293072711874753	0.4417	0.4293072711874753	0.4417	Burkholderia thailandensis	Burkholderia thailandensis	Burkholderia	Burkholderiaceae	Proteobacteria	True	True
GCF_000146525.1__GCF_900109835.1	GCF_000146525.1	GCF_900109835.1	97.44	82.97	1.0	25.0	26.0	Scaffold	Scaffold	1309	1.0	0.4277863378142598	0.43086	0.5722136621857402	0.56914	Streptococcus gallolyticus	Streptococcus gallolyticus	Streptococcus	Streptococcaceae	Firmicutes	True	True
GCA_000307585.2__GCF_000512105.1	GCA_000307585.2	GCF_000512105.1	99.99	99.8	1.9835999999998917	3.0	91.0	Complete Genome	Contig	2459	0.9996	0.4274428595260439	0.43636	0.5725571404739561	0.56364	Thermoanaerobacterium aotearoense	Thermoanaerobacterium aotearoense	Thermoanaerobacterium	Thermoanaerobacteraceae	Firmicutes_A	True	True
GCF_003086915.1__GCF_016624665.1	GCF_003086915.1	GCF_016624665.1	97.35	83.77	2.1389999999998746	12.0	235.0	Chromosome	Contig	5695	0.9998	0.4270618395548052	0.42248	0.4270618395548052	0.42248	Stenotrophomonas sp003086775	Stenotrophomonas sp003086775	Stenotrophomonas	Xanthomonadaceae	Proteobacteria	True	True
GCA_017472515.1__GCA_017542665.1	GCA_017472515.1	GCA_017542665.1	98.5	41.35	2.3735999999999833	19.0	276.0	Contig	Contig	404	0.9966	0.4262574194977455	0.44059	0.5737425805022545	0.55941	CACZYB01 sp017938435	CACZYB01 sp017938435	CACZYB01	CACZYB01	Proteobacteria	True	True
GCF_000509385.1__GCF_002204305.1	GCF_000509385.1	GCF_002204305.1	99.19	93.94	1.0	3.0	233.0	Contig	Scaffold	5638	1.0	0.4259292881133383	0.42551	0.4259292881133383	0.42551	Microbacterium arborescens	Microbacterium arborescens	Microbacterium	Microbacteriaceae	Actinobacteriota	True	True
GCF_001026985.1__GCF_004959795.1	GCF_001026985.1	GCF_004959795.1	98.73	93.86	2.073199999999882	1.0	32.0	Complete Genome	Contig	2683	0.9996	0.4247510909721052	0.40701	0.4247510909721052	0.40701	Pragia fontium	Pragia fontium	Pragia	Enterobacteriaceae	Proteobacteria	True	True
GCF_000018245.1__GCF_002078315.1	GCF_000018245.1	GCF_002078315.1	99.56	95.55	1.0	1.0	2.0	Complete Genome	Complete Genome	923	1.0	0.4246912739716975	0.42795	0.4246912739716975	0.42795	Rickettsia bellii	Rickettsia bellii	Rickettsia	Rickettsiaceae	Proteobacteria	True	True
GCF_003797085.1__GCF_013277795.1	GCF_003797085.1	GCF_013277795.1	98.68	85.89	1.979099999999892	21.0	40.0	Scaffold	Scaffold	9791	0.9999	0.4243351822236719	0.41936	0.4243351822236719	0.41936	Rhodococcus globerulus	Rhodococcus globerulus	Rhodococcus	Mycobacteriaceae	Actinobacteriota	True	True
GCF_004063735.1__GCF_014199715.1	GCF_004063735.1	GCF_014199715.1	99.99	99.98	2.99819999999978	3.0	104.0	Complete Genome	Scaffold	9991	0.9998	0.4242478016924998	0.41517	0.4242478016924998	0.41517	Paracoccus denitrificans	Paracoccus denitrificans	Paracoccus	Rhodobacteraceae	Proteobacteria	True	True
GCA_018648725.1__GCA_018674115.1	GCA_018648725.1	GCA_018674115.1	99.98	95.48	1.9971999999999823					831	0.9988	0.4232378411691689	0.43081	0.4232378411691689	0.43081						False	True
GCF_003516165.1__GCF_003958395.1	GCF_003516165.1	GCF_003958395.1	99.94	99.92	1.0	2.0	177.0	Chromosome	Contig	8678	1.0	0.4231946783393437	0.42233	0.4231946783393437	0.42233	Serratia nematodiphila	Serratia nematodiphila	Serratia	Enterobacteriaceae	Proteobacteria	True	True
GCF_012273335.1__GCF_016757895.1	GCF_012273335.1	GCF_016757895.1	97.61	80.11	2.071199999999882	1.0	114.0	Chromosome	Contig	2678	0.9996	0.4213974059479997	0.35437	0.5786025940520003	0.64563	Bacillus_A anthracis	Bacillus_A anthracis	Bacillus_A	Bacillaceae_G	Firmicutes	True	True
GCF_003590545.1__GCF_016635095.1	GCF_003590545.1	GCF_016635095.1	98.3	93.92	2.0820000000000007	4.0	238.0	Chromosome	Scaffold	1082	0.999	0.4206190360499279	0.41867	0.4206190360499279	0.41867	Hamiltonella defensa	Hamiltonella defensa	Hamiltonella	Enterobacteriaceae	Proteobacteria	True	True
GCF_900452285.1__GCF_900637935.1	GCF_900452285.1	GCF_900637935.1	98.77	95.28	1.0	2.0	1.0	Contig	Complete Genome	1940	1.0	0.4178608363912147	0.42577	0.5821391636087853	0.57423	Kurthia zopfii	Kurthia zopfii	Kurthia	Planococcaceae	Firmicutes	True	True
GCA_013155505.1__GCA_013155515.1	GCA_013155505.1	GCA_013155515.1	99.15	96.55	1.880799999999903	7.0	7.0	Contig	Contig	2936	0.9997	0.4175719380908804	0.41178	0.5824280619091196	0.58822	Berryella sp013201155	Berryella sp013201155	Berryella	Eggerthellaceae	Actinobacteriota	True	True
GCF_003855255.1__GCF_017052695.1	GCF_003855255.1	GCF_017052695.1	99.34	93.11	1.0	20.0	2.0	Chromosome	Contig	10634	1.0	0.4171363348534772	0.40418	0.4171363348534772	0.40418	Mycobacterium septicum	Mycobacterium septicum	Mycobacterium	Mycobacteriaceae	Actinobacteriota	True	True
GCF_000965005.1__GCF_000965045.1	GCF_000965005.1	GCF_000965045.1	99.62	92.08	1.0	1.0	4.0	Contig	Contig	898	1.0	0.4162490097702667	0.41425	0.5837509902297333	0.58575	Rickettsia bellii	Rickettsia bellii	Rickettsia	Rickettsiaceae	Proteobacteria	True	True
GCF_003855255.1__GCF_016919325.1	GCF_003855255.1	GCF_016919325.1	99.08	89.57	1.0	20.0	1.0	Chromosome	Complete Genome	10060	1.0	0.4160722126271198	0.3994	0.4160722126271198	0.3994	Mycobacterium septicum	Mycobacterium septicum	Mycobacterium	Mycobacteriaceae	Actinobacteriota	True	True
GCF_000965045.1__GCF_002078315.1	GCF_000965045.1	GCF_002078315.1	99.61	95.92	2.004299999999991	4.0	2.0	Contig	Complete Genome	913	0.9989	0.4150332138147942	0.41512	0.4150332138147942	0.41512	Rickettsia bellii	Rickettsia bellii	Rickettsia	Rickettsiaceae	Proteobacteria	True	True
GCF_003600795.1__GCF_018971125.1	GCF_003600795.1	GCF_018971125.1	99.77	97.44	1.9515999999998952	7.0	28.0	Contig	Scaffold	4758	0.9998	0.4145303524324781	0.37292	0.4145303524324781	0.37292	Bacillus_I filamentosa	Bacillus_I filamentosa	Bacillus_I	Bacillaceae_H	Firmicutes	True	True
GCA_900548655.1__GCA_902762815.1	GCA_900548655.1	GCA_902762815.1	99.02	93.76	1.0	17.0	108.0	Contig	Scaffold	1079	1.0	0.414352164049615	0.40686	0.5856478359503849	0.59314	Zag111 sp002102825	Zag111 sp002102825	Zag111	Gastranaerophilaceae	Cyanobacteria	True	True
GCF_000010605.1__GCF_000717795.1	GCF_000010605.1	GCF_000717795.1	99.1	92.54	1.0	1.0	166.0	Complete Genome	Contig	9684	1.0	0.4143469998930351	0.42214	0.4143469998930351	0.42214	Streptomyces griseus	Streptomyces griseus	Streptomyces	Streptomycetaceae	Actinobacteriota	True	True
GCF_000972245.3__GCF_018971125.1	GCF_000972245.3	GCF_018971125.1	99.77	96.99	1.9467999999998955	9.0	28.0	Complete Genome	Scaffold	4734	0.9998	0.4136073949749036	0.36869	0.5863926050250964	0.63131	Bacillus_I filamentosa	Bacillus_I filamentosa	Bacillus_I	Bacillaceae_H	Firmicutes	True	True
GCF_000012185.1__GCF_900408185.1	GCF_000012185.1	GCF_900408185.1	97.39	87.94	2.0463999999999816	1.0	55.0	Complete Genome	Contig	872	0.9988	0.4123274553678099	0.44495	0.5876725446321901	0.55505	Haemophilus influenzae	Haemophilus influenzae	Haemophilus	Pasteurellaceae	Proteobacteria	True	True
GCF_000968715.2__GCF_003030865.2	GCF_000968715.2	GCF_003030865.2	99.02	90.69	1.0	1.0	45.0	Complete Genome	Scaffold	4898	1.0	0.4098275599331429	0.412	0.4098275599331429	0.412	Halomonas halophila	Halomonas halophila	Halomonas	Halomonadaceae	Proteobacteria	True	True
GCF_000312405.1__GCF_001437235.1	GCF_000312405.1	GCF_001437235.1	97.26	79.14	2.1000000000000316	40.0	192.0	Scaffold	Scaffold	1375	0.9992	0.408903199005395	0.40073	0.5910968009946049	0.59927	Limosilactobacillus ingluviei	Limosilactobacillus ingluviei	Limosilactobacillus	Lactobacillaceae	Firmicutes	True	True
GCF_009755645.1__GCF_903797685.1	GCF_009755645.1	GCF_903797685.1	97.52	84.05	2.126199999999876	1.0	74.0	Complete Genome	Scaffold	5631	0.9998	0.4083242567437402	0.39283	0.5916757432562598	0.60717	Pseudomonas_E alkylphenolica	Pseudomonas_E alkylphenolica	Pseudomonas_E	Pseudomonadaceae	Proteobacteria	True	True
GCF_002057455.1__GCF_012034275.1	GCF_002057455.1	GCF_012034275.1	97.16	86.25	2.100599999999879	1.0	187.0	Complete Genome	Contig	11006	0.9999	0.4068580167445235	0.40805	0.5931419832554765	0.59195	Nonomuraea parvosata	Nonomuraea parvosata	Nonomuraea	Streptosporangiaceae	Actinobacteriota	True	True
GCF_002128025.1__GCF_009810255.1	GCF_002128025.1	GCF_009810255.1	99.78	99.28	2.0067999999999824	1.0	38.0	Complete Genome	Contig	839	0.9988	0.4064605832236683	0.37902	0.4064605832236683	0.37902	Mycoplasmoides pneumoniae	Mycoplasmoides pneumoniae	Mycoplasmoides	Mycoplasmoidaceae	Firmicutes	True	True
GCF_013390305.1__GCF_018130485.1	GCF_013390305.1	GCF_018130485.1	98.54	81.12	2.3193999999998547	1.0	496.0	Complete Genome	Contig	13194	0.9999	0.4044327453658368	0.40776	0.5955672546341632	0.59224	Bradyrhizobium diazoefficiens	Bradyrhizobium diazoefficiens	Bradyrhizobium	Xanthobacteraceae	Proteobacteria	True	True
GCF_008586805.1__GCF_900407865.1	GCF_008586805.1	GCF_900407865.1	97.23	87.11	1.9863999999999824	1.0	33.0	Complete Genome	Contig	822	0.9988	0.3987983066713512	0.382	0.3987983066713512	0.382	Haemophilus aegyptius	Haemophilus aegyptius	Haemophilus	Pasteurellaceae	Proteobacteria	True	True
GCF_001715725.1__GCF_001715775.1	GCF_001715725.1	GCF_001715775.1	99.05	91.11	1.0	22.0	130.0	Contig	Contig	1498	1.0	0.3961360077611737	0.40454	0.3961360077611737	0.40454	Brochothrix thermosphacta	Brochothrix thermosphacta	Brochothrix	Listeriaceae	Firmicutes	True	True
GCF_011759615.1__GCF_012932485.1	GCF_011759615.1	GCF_012932485.1	99.65	98.49	1.0	8.0	9.0	Scaffold	Scaffold	5129	1.0	0.3954658773900141	0.39891	0.3954658773900141	0.39891	Pedobacter sp011759615	Pedobacter sp011759615	Pedobacter	Sphingobacteriaceae	Bacteroidota	True	True
GCF_003124115.1__GCF_003989055.1	GCF_003124115.1	GCF_003989055.1	98.73	90.09	1.0	5.0	181.0	Contig	Contig	373	1.0	0.3954411759513292	0.37265	0.6045588240486708	0.62735	Spiroplasma poulsonii	Spiroplasma poulsonii	Spiroplasma	Mycoplasmataceae	Firmicutes	True	True
GCA_001830015.1__GCA_003487205.1	GCA_001830015.1	GCA_003487205.1	100.0	98.6	2.095000000000082	15.0	18.0	Scaffold	Contig	1825	0.9994	0.3944577905756494	0.38685	0.3944577905756494	0.38685	UBA2284 sp001830045	UBA2284 sp001830045	UBA2284	Acholeplasmataceae	Firmicutes	True	True
GCF_001634305.1__GCF_002075365.1	GCF_001634305.1	GCF_002075365.1	98.49	91.96	1.925199999999898	2.0	73.0	Complete Genome	Contig	3084	0.9997	0.3935721937293222	0.39008	0.6064278062706778	0.60992	Anoxybacillus_A rupiensis	Anoxybacillus_A rupiensis	Anoxybacillus_A	Anoxybacillaceae	Firmicutes	True	True
GCF_000413455.1__GCF_001810675.1	GCF_000413455.1	GCF_001810675.1	97.03	90.83	1.0	27.0	73.0	Scaffold	Scaffold	922	1.0	0.3934472929325414	0.36876	0.6065527070674586	0.63124	Facklamia hominis	Facklamia hominis	Facklamia	Aerococcaceae	Firmicutes	True	True
GCF_002327125.1__GCF_012395955.1	GCF_002327125.1	GCF_012395955.1	98.31	92.34	1.6781999999999253	4.0	59.0	Chromosome	Contig	6782	0.9999	0.3928538045936773	0.37688	0.3928538045936773	0.37688	Gordonia amicalis	Gordonia amicalis	Gordonia	Mycobacteriaceae	Actinobacteriota	True	True
GCF_011463375.1__GCF_013184245.1	GCF_011463375.1	GCF_013184245.1	97.5	93.69	1.0	65.0	17.0	Chromosome	Contig	4502	1.0	0.3919584378927093	0.37783	0.3919584378927093	0.37783	Bordetella trematum	Bordetella trematum	Bordetella	Burkholderiaceae	Proteobacteria	True	True
GCF_003316915.1__GCF_010206295.1	GCF_003316915.1	GCF_010206295.1	98.5	92.82	1.9664000000000277	1.0	43.0	Complete Genome	Contig	1208	0.9992	0.3917397864768683	0.37997	0.6082602135231316	0.62003	Lactobacillus johnsonii	Lactobacillus johnsonii	Lactobacillus	Lactobacillaceae	Firmicutes	True	True
GCF_003076355.1__GCF_003693415.1	GCF_003076355.1	GCF_003693415.1	99.98	97.27	2.136599999999875	2.0	77.0	Complete Genome	Scaffold	5683	0.9998	0.3913805999793142	0.40243	0.6086194000206858	0.59757	Clavibacter insidiosus	Clavibacter insidiosus	Clavibacter	Microbacteriaceae	Actinobacteriota	True	True
GCA_001188635.1__GCA_905205815.1	GCA_001188635.1	GCA_905205815.1	98.48	86.88	2.017600000000029	10.0	67.0	Chromosome	Contig	1272	0.9992	0.3870324467622142	0.39151	0.6129675532377857	0.60849	Companilactobacillus pabuli	Companilactobacillus pabuli	Companilactobacillus	Lactobacillaceae	Firmicutes	True	True
GCA_000219475.3__GCA_002311195.1	GCA_000219475.3	GCA_002311195.1	97.67	86.27	2.0669999999999904	3.0	42.0	Complete Genome	Scaffold	970	0.9989	0.3849293219428011	0.38454	0.3849293219428011	0.38454	Lactobacillus johnsonii	Lactobacillus johnsonii	Lactobacillus	Lactobacillaceae	Firmicutes	True	True
GCF_005233685.1__GCF_900005935.1	GCF_005233685.1	GCF_900005935.1	99.72	95.59	2.934999999999787	43.0	58.0	Contig	Scaffold	9675	0.9998	0.3842300080367922	0.37995	0.3842300080367922	0.37995	Pseudomonas_E sp900005815	Pseudomonas_E sp900005815	Pseudomonas_E	Pseudomonadaceae	Proteobacteria	True	True
GCA_001000345.1__GCA_003484695.1	GCA_001000345.1	GCA_003484695.1	99.89	97.29	1.996300000000013	21.0	18.0	Contig	Scaffold	1107	0.9991	0.3832005786865732	0.38573	0.3832005786865732	0.38573	UBA12472 sp003487265	UBA12472 sp003487265	UBA12472	UBA12028	Patescibacteria	True	True
GCA_001188635.1__GCF_001485255.1	GCA_001188635.1	GCF_001485255.1	99.58	95.79	1.0	10.0	58.0	Chromosome	Contig	1643	1.0	0.3772660105167391	0.3731	0.3772660105167391	0.3731	Companilactobacillus pabuli	Companilactobacillus pabuli	Companilactobacillus	Lactobacillaceae	Firmicutes	True	True
GCF_011751035.2__GCF_014650355.1	GCF_011751035.2	GCF_014650355.1	97.88	89.87	1.9225999999998984	2.0	68.0	Complete Genome	Scaffold	9226	0.9999	0.3763634748225765	0.37221	0.6236365251774235	0.62779	Streptomyces xanthochromogenes	Streptomyces xanthochromogenes	Streptomyces	Streptomycetaceae	Actinobacteriota	True	True
GCF_000368645.1__GCF_000931655.1	GCF_000368645.1	GCF_000931655.1	99.99	99.88	2.0802999999998812	20.0	41.0	Scaffold	Contig	3601	0.9997	0.3762048691672904	0.37434	0.6237951308327095	0.62566	Acinetobacter brisouii	Acinetobacter brisouii	Acinetobacter	Moraxellaceae	Proteobacteria	True	True
GCF_900608515.1__GCF_902832745.1	GCF_900608515.1	GCF_902832745.1	98.91	91.72	2.355899999999851	3.0	162.0	Contig	Contig	13559	0.9999	0.3760065253894463	0.37156	0.3760065253894463	0.37156	Burkholderia gladioli	Burkholderia gladioli	Burkholderia	Burkholderiaceae	Proteobacteria	True	True
GCF_000661935.1__GCF_000807315.1	GCF_000661935.1	GCF_000807315.1	98.58	92.47	1.0	10.0	1.0	Chromosome	Complete Genome	14079	1.0	0.3745358246755667	0.37595	0.6254641753244333	0.62405	Bradyrhizobium japonicum	Bradyrhizobium japonicum	Bradyrhizobium	Xanthobacteraceae	Proteobacteria	True	True
GCF_006370535.1__GCF_013135545.1	GCF_006370535.1	GCF_013135545.1	99.99	99.99	2.1372999999998745	13.0	12.0	Contig	Contig	3791	0.9997	0.3727201221126738	0.36165	0.3727201221126738	0.36165	Corynebacterium silvaticum	Corynebacterium silvaticum	Corynebacterium	Mycobacteriaceae	Actinobacteriota	True	True
GCA_002323055.1__GCA_002788895.1	GCA_002323055.1	GCA_002788895.1	99.95	96.54	2.076100000000022	13.0	63.0	Scaffold	Scaffold	633	0.9983	0.3702418880669465	0.3981	0.3702418880669465	0.3981	UBA1547 sp001873625	UBA1547 sp001873625	UBA1547	UBA1547	Patescibacteria	True	True
GCF_003675305.1__GCF_004361975.1	GCF_003675305.1	GCF_004361975.1	99.14	86.92	1.0	3.0	27.0	Complete Genome	Scaffold	5229	1.0	0.3649654752933414	0.36336	0.6350345247066586	0.63664	Buttiauxella ferragutiae	Buttiauxella ferragutiae	Buttiauxella	Enterobacteriaceae	Proteobacteria	True	True
GCA_902386885.1__GCA_905212575.1	GCA_902386885.1	GCA_905212575.1	98.82	91.45	1.0	1.0	126.0	Complete Genome	Contig	2484	1.0	0.3638003513615259	0.33776	0.6361996486384741	0.66224	Thermophilibacter timonensis	Thermophilibacter timonensis	Thermophilibacter	Atopobiaceae	Actinobacteriota	True	True
GCF_000725365.1__GCF_002884435.1	GCF_000725365.1	GCF_002884435.1	98.31	92.01	1.0	2.0	5.0	Complete Genome	Scaffold	3205	1.0	0.3632803586680364	0.36443	0.3632803586680364	0.36443	Terribacillus saccharophilus	Terribacillus saccharophilus	Terribacillus	Amphibacillaceae	Firmicutes	True	True
GCF_000407225.1__GCF_001885835.1	GCF_000407225.1	GCF_001885835.1	99.98	99.92	2.017499999999888	12.0	75.0	Scaffold	Contig	2035	0.9995	0.3621607142497497	0.35676	0.6378392857502503	0.64324	Enterococcus_E columbae	Enterococcus_E columbae	Enterococcus_E	Enterococcaceae	Firmicutes	True	True
GCF_900452715.1__GCF_900640165.1	GCF_900452715.1	GCF_900640165.1	99.97	99.97	2.9980000000001494	2.0	119.0	Contig	Scaffold	3330	0.9994	0.3581080810889419	0.35015	0.6418919189110581	0.64985	Legionella moravica	Legionella moravica	Legionella	Legionellaceae	Proteobacteria	True	True
GCF_002327125.1__GCF_014050135.1	GCF_002327125.1	GCF_014050135.1	98.07	90.88	2.316399999999855	4.0	97.0	Chromosome	Scaffold	6582	0.9998	0.3579684117619938	0.35627	0.6420315882380062	0.64373	Gordonia amicalis	Gordonia amicalis	Gordonia	Mycobacteriaceae	Actinobacteriota	True	True
GCA_016708985.1__GCA_018057805.1	GCA_016708985.1	GCA_018057805.1	99.79	99.78	2.797899999999802	3.0	78.0	Contig	Scaffold	5993	0.9997	0.3532430304286477	0.36426	0.3532430304286477	0.36426	PHOS-HE28 sp016704485	PHOS-HE28 sp016704485	PHOS-HE28	PHOS-HE28	Bacteroidota	True	True
GCA_003511045.1__GCA_003524005.1	GCA_003511045.1	GCA_003524005.1	99.99	98.97	1.0	11.0	16.0	Contig	Contig	1775	1.0	0.3527896502068026	0.36338	0.6472103497931974	0.63662	UBA2284 sp001830045	UBA2284 sp001830045	UBA2284	Acholeplasmataceae	Firmicutes	True	True
GCA_002772855.1__GCA_009992265.1	GCA_002772855.1	GCA_009992265.1	99.94	97.63	2.0304999999999627	27.0	20.0	Scaffold	Contig	687	0.9985	0.3526280354269195	0.31441	0.3526280354269195	0.31441	CG2-30-36-39 sp001873435	CG2-30-36-39 sp001873435	CG2-30-36-39	PJMF01	Patescibacteria	True	True
GCF_000160735.1__GCF_003664375.1	GCF_000160735.1	GCF_003664375.1	97.19	78.43	1.0	135.0	13.0	Chromosome	Contig	255	1.0	0.3520670450894291	0.36078	0.6479329549105709	0.63922	Rickettsia tamurae	Rickettsia tamurae	Rickettsia	Rickettsiaceae	Proteobacteria	True	True
GCA_000996945.1__GCA_003521685.1	GCA_000996945.1	GCA_003521685.1	99.5	49.88	2.152000000000001	28.0	76.0	Scaffold	Scaffold	288	0.996	0.3517523615882933	0.35417	0.6482476384117066	0.64583	UBA10122 sp001001185	UBA10122 sp001001185	UBA10122	Brennerbacteraceae	Patescibacteria	True	True
GCF_014142545.1__GCF_014142725.1	GCF_014142545.1	GCF_014142725.1	100.0	98.61	1.0	39.0	106.0	Contig	Scaffold	13566	1.0	0.3515214509601704	0.35066	0.6484785490398296	0.64934	Ralstonia pickettii_B	Ralstonia pickettii_B	Ralstonia	Burkholderiaceae	Proteobacteria	True	True
GCF_900638615.1__GCF_902825135.1	GCF_900638615.1	GCF_902825135.1	99.95	99.91	2.0039999999998894	1.0	51.0	Complete Genome	Scaffold	2008	0.9995	0.3509581746976457	0.35757	0.6490418253023543	0.64243	Bartonella elizabethae	Bartonella elizabethae	Bartonella	Rhizobiaceae_A	Proteobacteria	True	True
GCA_902387115.1__GCA_905199675.1	GCA_902387115.1	GCA_905199675.1	98.4	89.84	1.0	3.0	68.0	Chromosome	Contig	1168	1.0	0.3488198689937705	0.32449	0.3488198689937705	0.32449	Monoglobus pectinilyticus	Monoglobus pectinilyticus	Monoglobus	Monoglobaceae	Firmicutes_A	True	True
GCF_000969925.1__GCF_900116525.1	GCF_000969925.1	GCF_900116525.1	99.82	97.35	1.9953999999998904					3318	0.9997	0.3471198189654066	0.35383	0.3471198189654066	0.35383						False	True
GCF_000477935.1__GCF_003989495.1	GCF_000477935.1	GCF_003989495.1	98.44	90.82	1.0	4.0	29.0	Scaffold	Contig	2759	1.0	0.3394725150262243	0.3378	0.6605274849737757	0.6622	Corynebacterium pseudodiphtheriticum	Corynebacterium pseudodiphtheriticum	Corynebacterium	Mycobacteriaceae	Actinobacteriota	True	True
GCA_013284015.1__GCF_015672965.1	GCA_013284015.1	GCF_015672965.1	98.99	92.03	2.187999999999869	1.0	89.0	Complete Genome	Contig	5940	0.9998	0.3393135445415846	0.34074	0.6606864554584154	0.65926	Serratia_A fonticola	Serratia_A fonticola	Serratia_A	Enterobacteriaceae	Proteobacteria	True	True
GCF_001895305.1__GCF_019037715.1	GCF_001895305.1	GCF_019037715.1	99.58	90.44	2.1786999999998704	1.0	65.0	Complete Genome	Contig	3929	0.9997	0.3345044404638403	0.32629	0.3345044404638403	0.32629	Virgibacillus pantothenticus	Virgibacillus pantothenticus	Virgibacillus	Amphibacillaceae	Firmicutes	True	True
GCA_000993695.1__GCA_003508115.1	GCA_000993695.1	GCA_003508115.1	99.93	98.99	2.018400000000029	9.0	11.0	Contig	Scaffold	1273	0.9992	0.3342928214535815	0.3315	0.6657071785464185	0.6685	UBA9933 sp001000675	UBA9933 sp001000675	UBA9933	UBA9933	Patescibacteria	True	True
GCF_000428085.1__GCF_001752515.1	GCF_000428085.1	GCF_001752515.1	99.98	100.0	1.0	7.0	16.0	Scaffold	Scaffold	2079	1.0	0.3320703241747835	0.32371	0.6679296758252165	0.67629	Oenococcus kitaharae	Oenococcus kitaharae	Oenococcus	Lactobacillaceae	Firmicutes	True	True
GCF_002811785.1__GCF_002869975.1	GCF_002811785.1	GCF_002869975.1	98.39	94.99	1.8147999999999105	2.0	26.0	Contig	Contig	4074	0.9998	0.3304549125219099	0.32842	0.66954508747809	0.67158	Lelliottia nimipressuralis	Lelliottia nimipressuralis	Lelliottia	Enterobacteriaceae	Proteobacteria	True	True
GCA_001626435.1__GCA_001626515.1	GCA_001626435.1	GCA_001626515.1	99.92	93.39	1.0	8.0	20.0	Scaffold	Scaffold	5820	1.0	0.3302842376495895	0.34038	0.3302842376495895	0.34038	Qipengyuania sp001635685	Qipengyuania sp001635685	Qipengyuania	Sphingomonadaceae	Proteobacteria	True	True
GCF_002442575.1__GCF_014651795.1	GCF_002442575.1	GCF_014651795.1	97.44	88.41	1.0	1.0	41.0	Complete Genome	Contig	3651	1.0	0.3265005684667521	0.34374	0.6734994315332479	0.65626	Halomonas hamiltonii	Halomonas hamiltonii	Halomonas	Halomonadaceae	Proteobacteria	True	True
GCF_000706685.1__GCF_002836825.1	GCF_000706685.1	GCF_002836825.1	97.25	93.18	1.0	2.0	30.0	Complete Genome	Contig	810	1.0	0.3257140779314824	0.3358	0.6742859220685176	0.6642	Staphylococcus xylosus	Staphylococcus xylosus	Staphylococcus	Staphylococcaceae	Firmicutes	True	True
GCF_016919465.1__GCF_900637875.1	GCF_016919465.1	GCF_900637875.1	98.92	84.04	2.2581999999998614	1.0	28.0	Chromosome	Complete Genome	6291	0.9998	0.3198411835518112	0.31648	0.6801588164481888	0.68352	Tsukamurella tyrosinosolvens	Tsukamurella tyrosinosolvens	Tsukamurella	Mycobacteriaceae	Actinobacteriota	True	True
GCF_009687825.1__GCF_014647995.1	GCF_009687825.1	GCF_014647995.1	97.9	90.31	2.1399999999998744	7.0	63.0	Contig	Scaffold	3800	0.9997	0.3173898374029851	0.32132	0.3173898374029851	0.32132	Deinococcus actinosclerus	Deinococcus actinosclerus	Deinococcus	Deinococcaceae	Deinococcota	True	True
GCF_000275605.1__GCF_008245085.1	GCF_000275605.1	GCF_008245085.1	99.97	99.5	1.0					1802	1.0	0.3162566313613916	0.3141	0.3162566313613916	0.3141						False	True
GCA_002481205.1__GCA_002481465.1	GCA_002481205.1	GCA_002481465.1	99.94	98.23	1.0	48.0	98.0	Scaffold	Scaffold	2891	1.0	0.3130867441840551	0.31788	0.6869132558159449	0.68212	Cryptobacteroides sp002472565	Cryptobacteroides sp002472565	Cryptobacteroides	UBA932	Bacteroidota	True	True
GCF_003546685.2__GCF_003546725.2	GCF_003546685.2	GCF_003546725.2	99.98	99.97	1.917599999999899	3.0	3.0	Contig	Scaffold	2294	0.9996	0.3072778859136397	0.29425	0.6927221140863603	0.70575	Helicobacter_A sanguini	Helicobacter_A sanguini	Helicobacter_A	Helicobacteraceae	Campylobacterota	True	True
GCA_001782205.1__GCA_001783775.1	GCA_001782205.1	GCA_001783775.1	99.89	56.85	1.0	23.0	63.0	Scaffold	Scaffold	479	1.0	0.3071466775792689	0.3048	0.3071466775792689	0.3048	2-01-FULL-37-20 sp001784115	2-01-FULL-37-20 sp001784115	2-01-FULL-37-20	UBA12049	Patescibacteria	True	True
GCF_000816225.1__GCF_018500385.1	GCF_000816225.1	GCF_018500385.1	99.15	92.49	2.071000000000014	1.0	42.0	Complete Genome	Contig	1190	0.9991	0.3062472786380529	0.3042	0.6937527213619471	0.6958	Campylobacter_D concheus	Campylobacter_D concheus	Campylobacter_D	Campylobacteraceae	Campylobacterota	True	True
GCF_900706845.1__GCF_902385615.1	GCF_900706845.1	GCF_902385615.1	99.97	100.0	1.0	2.0	39.0	Contig	Contig	5511	1.0	0.2986085960015699	0.30938	0.70139140399843	0.69062	Leminorella grimontii	Leminorella grimontii	Leminorella	Enterobacteriaceae	Proteobacteria	True	True
GCF_003546705.2__GCF_003546725.2	GCF_003546705.2	GCF_003546725.2	99.98	99.97	1.0	6.0	3.0	Scaffold	Scaffold	2293	1.0	0.2951528950625575	0.29263	0.2951528950625575	0.29263	Helicobacter_A sanguini	Helicobacter_A sanguini	Helicobacter_A	Helicobacteraceae	Campylobacterota	True	True
GCF_000008225.1__GCF_000008405.1	GCF_000008225.1	GCF_000008405.1	98.31	96.52	1.0	1.0	1.0	Complete Genome	Complete Genome	448	1.0	0.2879950325234827	0.31696	0.2879950325234827	0.31696	Mesomycoplasma hyopneumoniae	Mesomycoplasma hyopneumoniae	Mesomycoplasma	Metamycoplasmataceae	Firmicutes	True	True
GCF_001534765.1__GCF_003660425.1	GCF_001534765.1	GCF_003660425.1	99.03	93.68	1.9289999999998977	1.0	41.0	Complete Genome	Contig	1858	0.9995	0.2873118296767327	0.27987	0.2873118296767327	0.27987	Kurthia gibsonii	Kurthia gibsonii	Kurthia	Planococcaceae	Firmicutes	True	True
GCA_008925805.1__GCF_001903595.4	GCA_008925805.1	GCF_001903595.4	98.66	90.16	2.0753999999998816	1.0	55.0	Chromosome	Contig	5377	0.9998	0.2848290726914376	0.28269	0.7151709273085624	0.71731	Klebsiella planticola	Klebsiella planticola	Klebsiella	Enterobacteriaceae	Proteobacteria	True	True
GCA_018898335.1__GCA_018902835.1	GCA_018898335.1	GCA_018902835.1	100.0	99.1	2.0273999999999903	7.0	8.0	Contig	Contig	934	0.9989	0.2831355334620697	0.27944	0.2831355334620697	0.27944	JAHILH01 sp018897195	JAHILH01 sp018897195	JAHILH01	UBA12075	Patescibacteria	True	True
GCA_000991855.1__GCA_000991935.1	GCA_000991855.1	GCA_000991935.1	99.94	94.64	2.055599999999974	25.0	29.0	Contig	Contig	812	0.9987	0.2806569913189666	0.29557	0.2806569913189666	0.29557	UBA2206 sp003483065	UBA2206 sp003483065	UBA2206	UBA2206	Patescibacteria	True	True
GCF_000025645.1__GCF_000518565.1	GCF_000025645.1	GCF_000518565.1	98.36	83.68	1.0	1.0	63.0	Complete Genome	Scaffold	1242	1.0	0.2773129991452008	0.28986	0.7226870008547992	0.71014	Thermoanaerobacter thermocopriae	Thermoanaerobacter thermocopriae	Thermoanaerobacter	Thermoanaerobacteraceae	Firmicutes_A	True	True
GCF_001637525.1__GCF_018729275.1	GCF_001637525.1	GCF_018729275.1	99.17	93.9	2.90599999999979	5.0	3.0	Scaffold	Contig	3812	0.9995	0.2767124336635518	0.28174	0.2767124336635518	0.28174	Bacillus halotolerans	Bacillus halotolerans	Bacillus	Bacillaceae	Firmicutes	True	True
GCF_900103075.1__GCF_900107955.1	GCF_900103075.1	GCF_900107955.1	99.99	99.97	1.836799999999908	12.0	12.0	Scaffold	Scaffold	8368	0.9999	0.2709917161595663	0.27581	0.2709917161595663	0.27581	Microbacterium azadirachtae	Microbacterium azadirachtae	Microbacterium	Microbacteriaceae	Actinobacteriota	True	True
GCF_014621755.1__GCF_016461605.1	GCF_014621755.1	GCF_016461605.1	97.92	93.04	2.136799999999875	1.0	31.0	Complete Genome	Contig	2842	0.9996	0.2708962916510503	0.27199	0.7291037083489497	0.72801	Bacillus halotolerans	Bacillus halotolerans	Bacillus	Bacillaceae	Firmicutes	True	True
GCF_001465255.1__GCF_005403365.1	GCF_001465255.1	GCF_005403365.1	99.64	96.07	1.0	1.0	57.0	Complete Genome	Contig	6464	1.0	0.2665863714447717	0.2664	0.2665863714447717	0.2664	Paenibacillus_G naphthalenovorans	Paenibacillus_G naphthalenovorans	Paenibacillus_G	NBRC-103111	Firmicutes	True	True
GCF_002587065.1__GCF_002906925.1	GCF_002587065.1	GCF_002906925.1	97.5	91.33	1.924799999999898	1.0	26.0	Complete Genome	Contig	4624	0.9998	0.2542896891080388	0.26146	0.2542896891080388	0.26146	Aeromonas bestiarum	Aeromonas bestiarum	Aeromonas	Aeromonadaceae	Proteobacteria	True	True
GCA_004801705.1__GCF_004793735.1	GCA_004801705.1	GCF_004793735.1	99.99	99.93	2.9659999999997835	23.0	31.0	Contig	Contig	4915	0.9996	0.2496662049610775	0.24273	0.7503337950389225	0.75727	Muribaculum gordoncarteri	Muribaculum gordoncarteri	Muribaculum	Muribaculaceae	Bacteroidota	True	True
GCF_001447335.1__GCF_004919485.1	GCF_001447335.1	GCF_004919485.1	98.97	90.86	1.0	1.0	1.0	Complete Genome	Complete Genome	5302	1.0	0.2489194999028692	0.2384	0.2489194999028692	0.2384	Aeromonas schubertii	Aeromonas schubertii	Aeromonas	Aeromonadaceae	Proteobacteria	True	True
GCA_001830015.1__GCA_001830905.1	GCA_001830015.1	GCA_001830905.1	99.99	99.62	1.0	15.0	17.0	Scaffold	Contig	1827	1.0	0.247924048853742	0.2474	0.7520759511462579	0.7526	UBA2284 sp001830045	UBA2284 sp001830045	UBA2284	Acholeplasmataceae	Firmicutes	True	True
GCF_000364325.1__GCF_000468815.1	GCF_000364325.1	GCF_000468815.1	99.86	96.82	1.0	3.0	8.0	Scaffold	Contig	2508	1.0	0.2433014477705555	0.25598	0.7566985522294445	0.74402	Atopobium minutum	Atopobium minutum	Atopobium	Atopobiaceae	Actinobacteriota	True	True
GCA_004006215.1__GCF_008801725.1	GCA_004006215.1	GCF_008801725.1	98.01	88.48	1.9765999999998924	1.0	22.0	Complete Genome	Contig	4883	0.9998	0.2378743316342837	0.24452	0.7621256683657163	0.75548	Kerstersia gyiorum	Kerstersia gyiorum	Kerstersia	Burkholderiaceae	Proteobacteria	True	True
GCA_015354435.1__GCA_015354475.1	GCA_015354435.1	GCA_015354475.1	99.99	99.99	1.0	10.0	9.0	Scaffold	Scaffold	3124	1.0	0.2373887643857753	0.24168	0.7626112356142246	0.75832	Ancrocorticia sp015679245	Ancrocorticia sp015679245	Ancrocorticia	Actinomycetaceae	Actinobacteriota	True	True
GCF_002206155.2__GCF_900076365.1	GCF_002206155.2	GCF_900076365.1	99.92	92.71	2.3325999999998532	2.0	69.0	Contig	Scaffold	6663	0.9998	0.2256753510656945	0.21807	0.2256753510656945	0.21807	Enterobacter chengduensis	Enterobacter chengduensis	Enterobacter	Enterobacteriaceae	Proteobacteria	True	True
GCA_018348555.1__GCA_018348635.1	GCA_018348555.1	GCA_018348635.1	99.94	100.0	1.9786000000000736	58.0	52.0	Contig	Contig	1631	0.9994	0.2250259357994481	0.23053	0.2250259357994481	0.23053	Globicatella sp016126655	Globicatella sp016126655	Globicatella	Aerococcaceae	Firmicutes	True	True
GCF_000835205.1__GCF_001755835.1	GCF_000835205.1	GCF_001755835.1	99.28	92.11	2.4011999999998457	2.0	150.0	Complete Genome	Scaffold	14012	0.9999	0.2184837161836066	0.2141	0.2184837161836066	0.2141	Burkholderia plantarii	Burkholderia plantarii	Burkholderia	Burkholderiaceae	Proteobacteria	True	True
GCA_001780475.1__GCA_001780555.1	GCA_001780475.1	GCA_001780555.1	99.94	93.09	2.003599999999975	34.0	44.0	Scaffold	Scaffold	772	0.9987	0.2154594040186991	0.2215	0.2154594040186991	0.2215	2-01-FULL-46-13 sp001780775	2-01-FULL-46-13 sp001780775	2-01-FULL-46-13	UBA11713	Patescibacteria	True	True
GCA_905182205.1__GCA_905478585.1	GCA_905182205.1	GCA_905478585.1	98.17	71.91	1.0	4.0	84.0	Contig	Contig	858	1.0	0.2130355981420254	0.21329	0.2130355981420254	0.21329	Hel1-33-131 sp018608625	Hel1-33-131 sp018608625	Hel1-33-131	Flavobacteriaceae	Bacteroidota	True	True
GCF_003387275.1__GCF_003634175.1	GCF_003387275.1	GCF_003634175.1	97.27	83.03	1.8871999999999023	3.0	3.0	Contig	Contig	8872	0.9999	0.2070407078028172	0.1986	0.7929592921971828	0.8014	Paraburkholderia sp003002025	Paraburkholderia sp003002025	Paraburkholderia	Burkholderiaceae	Proteobacteria	True	True
GCF_003814635.1__GCF_003814965.1	GCF_003814635.1	GCF_003814965.1	99.99	99.98	1.0	8.0	9.0	Scaffold	Scaffold	7640	1.0	0.2058988099139352	0.20026	0.2058988099139352	0.20026	Frondihabitans sp001423105	Frondihabitans sp001423105	Frondihabitans	Microbacteriaceae	Actinobacteriota	True	True
GCF_000428085.1__GCF_001752545.1	GCF_000428085.1	GCF_001752545.1	99.95	97.34	2.024999999999887	7.0	27.0	Scaffold	Scaffold	2050	0.9995	0.2010587251091879	0.19854	0.798941274890812	0.80146	Oenococcus kitaharae	Oenococcus kitaharae	Oenococcus	Lactobacillaceae	Firmicutes	True	True
GCF_011386965.1__GCF_900445905.1	GCF_011386965.1	GCF_900445905.1	97.48	93.15	1.8927999999999017	1.0	11.0	Complete Genome	Contig	4464	0.9998	0.1971266310178829	0.1931	0.802873368982117	0.8069	Bordetella trematum	Bordetella trematum	Bordetella	Burkholderiaceae	Proteobacteria	True	True
GCF_012726095.1__GCF_017612575.1	GCF_012726095.1	GCF_017612575.1	97.69	89.37	1.0					2310	1.0	0.1969648876745982	0.20303	0.1969648876745982	0.20303						False	True
GCF_003050685.1__GCF_017301795.1	GCF_003050685.1	GCF_017301795.1	99.4	97.9	1.0	1.0	1.0	Complete Genome	Complete Genome	9431	1.0	0.1892728346291954	0.19086	0.1892728346291954	0.19086	Xanthomonas_A translucens	Xanthomonas_A translucens	Xanthomonas_A	Xanthomonadaceae	Proteobacteria	True	True
GCA_001793985.1__GCA_001794285.1	GCA_001793985.1	GCA_001794285.1	99.98	69.17	1.0	17.0	23.0	Contig	Scaffold	533	1.0	0.1824747150153908	0.21764	0.1824747150153908	0.21764	2-01-FULL-39-28 sp001794635	2-01-FULL-39-28 sp001794635	2-01-FULL-39-28	GWA2-44-9	Patescibacteria	True	True
GCF_001702115.1__GCF_002907065.1	GCF_001702115.1	GCF_002907065.1	99.94	95.51	2.0614999999999903	1.0	24.0	Complete Genome	Contig	965	0.9989	0.179828213330996	0.17409	0.8201717866690039	0.82591	Fructilactobacillus lindneri	Fructilactobacillus lindneri	Fructilactobacillus	Lactobacillaceae	Firmicutes	True	True
GCF_000477935.1__GCF_000477955.1	GCF_000477935.1	GCF_000477955.1	99.97	99.97	1.0	4.0	6.0	Scaffold	Scaffold	3892	1.0	0.1744187049590156	0.17626	0.1744187049590156	0.17626	Corynebacterium pseudodiphtheriticum	Corynebacterium pseudodiphtheriticum	Corynebacterium	Mycobacteriaceae	Actinobacteriota	True	True
GCF_000478015.1__GCF_000478075.1	GCF_000478015.1	GCF_000478075.1	99.98	98.27	2.1591999999998723	29.0	37.0	Scaffold	Scaffold	3864	0.9997	0.1727816723703834	0.16667	0.8272183276296166	0.83333	Corynebacterium sp000478175	Corynebacterium sp000478175	Corynebacterium	Mycobacteriaceae	Actinobacteriota	True	True
GCA_016703235.1__GCA_016721485.1	GCA_016703235.1	GCA_016721485.1	98.11	85.45	1.880199999999903	7.0	30.0	Contig	Contig	4401	0.9998	0.1722534993685289	0.15905	0.827746500631471	0.84095	Chakrabartia sp016704425	Chakrabartia sp016704425	Chakrabartia	Sphingomonadaceae	Proteobacteria	True	True
GCA_903857195.1__GCA_903922015.1	GCA_903857195.1	GCA_903922015.1	99.99	99.54	2.144399999999874	52.0	60.0	Contig	Contig	5722	0.9998	0.1710687360194416	0.17704	0.1710687360194416	0.17704	Geothrix sp903857495	Geothrix sp903857495	Geothrix	Holophagaceae	Acidobacteriota	True	True
GCF_001272985.1__GCF_002896635.1	GCF_001272985.1	GCF_002896635.1	99.98	99.98	2.8311999999997983	36.0	39.0	Contig	Contig	4578	0.9996	0.1691519088414959	0.17653	0.8308480911585041	0.82347	Bacillus_A anthracis	Bacillus_A anthracis	Bacillus_A	Bacillaceae_G	Firmicutes	True	True
GCA_005777725.1__GCA_005792345.1	GCA_005777725.1	GCA_005792345.1	99.99	98.75	2.058400000000014	22.0	13.0	Contig	Contig	1176	0.9991	0.1671894964419255	0.15646	0.1671894964419255	0.15646	VBAS01 sp005798905	VBAS01 sp005798905	VBAS01	Chitinophagaceae	Bacteroidota	True	True
GCF_009876255.1__GCF_009876265.1	GCF_009876255.1	GCF_009876265.1	99.96	99.05	2.8371999999997977	42.0	44.0	Contig	Scaffold	4593	0.9996	0.1654275219635577	0.16482	0.1654275219635577	0.16482	Collinsella sp900551305	Collinsella sp900551305	Collinsella	Coriobacteriaceae	Actinobacteriota	True	True
GCF_016697365.1__GCF_910574985.1	GCF_016697365.1	GCF_910574985.1	98.08	75.51	1.0	2.0	45.0	Chromosome	Contig	2497	1.0	0.1640457909556708	0.13016	0.1640457909556708	0.13016	Acutalibacter muris	Acutalibacter muris	Acutalibacter	Acutalibacteraceae	Firmicutes_A	True	True
GCA_018902535.1__GCA_018903105.1	GCA_018902535.1	GCA_018903105.1	99.99	99.88	1.0	46.0	45.0	Contig	Contig	5292	1.0	0.1605799992908111	0.15797	0.1605799992908111	0.15797	Pseudodesulfovibrio aespoeensis	Pseudodesulfovibrio aespoeensis	Pseudodesulfovibrio	Desulfovibrionaceae	Desulfobacterota_I	True	True
GCF_900478395.1__GCF_905188235.1	GCF_900478395.1	GCF_905188235.1	99.3	92.58	1.0	1.0	1.0	Complete Genome	Complete Genome	6115	1.0	0.1603994428297992	0.14996	0.8396005571702008	0.85004	Serratia_B rhizosphaerae	Serratia_B rhizosphaerae	Serratia_B	Enterobacteriaceae	Proteobacteria	True	True
GCF_900103075.1__GCF_900108235.1	GCF_900103075.1	GCF_900108235.1	99.99	100.0	1.0	12.0	11.0	Scaffold	Contig	8371	1.0	0.1601268799052785	0.15948	0.1601268799052785	0.15948	Microbacterium azadirachtae	Microbacterium azadirachtae	Microbacterium	Microbacteriaceae	Actinobacteriota	True	True
GCA_016707325.1__GCA_016715315.1	GCA_016707325.1	GCA_016715315.1	99.37	91.14	1.8495999999999064	11.0	20.0	Contig	Contig	8496	0.9999	0.1555351797480945	0.14819	0.8444648202519055	0.85181	Rubrivivax sp016709385	Rubrivivax sp016709385	Rubrivivax	Burkholderiaceae	Proteobacteria	True	True
GCF_015767755.1__GCF_015767895.1	GCF_015767755.1	GCF_015767895.1	99.99	99.66	1.0	5.0	2.0	Complete Genome	Complete Genome	9669	1.0	0.1547269341507333	0.15152	0.8452730658492666	0.84848	Streptomyces clavuligerus	Streptomyces clavuligerus	Streptomyces	Streptomycetaceae	Actinobacteriota	True	True
GCF_007489295.1__GCF_017918135.1	GCF_007489295.1	GCF_017918135.1	99.99	100.0	1.0	5.0	4.0	Contig	Contig	3105	1.0	0.1546574062155956	0.16135	0.1546574062155956	0.16135	Corynebacterium sp007904105	Corynebacterium sp007904105	Corynebacterium	Mycobacteriaceae	Actinobacteriota	True	True
GCF_003386115.1__GCF_004366535.1	GCF_003386115.1	GCF_004366535.1	97.19	73.23	1.0	3.0	3.0	Contig	Contig	8548	1.0	0.1524271247009135	0.14331	0.8475728752990864	0.85669	Paraburkholderia sp003002025	Paraburkholderia sp003002025	Paraburkholderia	Burkholderiaceae	Proteobacteria	True	True
GCA_016705185.1__GCA_016708405.1	GCA_016705185.1	GCA_016708405.1	98.24	84.74	2.984499999999781	7.0	14.0	Contig	Contig	3969	0.9995	0.1508254518151429	0.13681	0.1508254518151429	0.13681	UBA10438 sp002426145	UBA10438 sp002426145	UBA10438	Kapabacteriaceae	Bacteroidota	True	True
GCF_002162115.1__GCF_016019785.1	GCF_002162115.1	GCF_016019785.1	99.84	98.86	2.099499999999879	1.0	8.0	Complete Genome	Contig	3665	0.9997	0.1405291243726307	0.13915	0.1405291243726307	0.13915	Corynebacterium silvaticum	Corynebacterium silvaticum	Corynebacterium	Mycobacteriaceae	Actinobacteriota	True	False
GCF_003387275.1__GCF_004366535.1	GCF_003387275.1	GCF_004366535.1	97.69	79.45	2.028699999999887	3.0	3.0	Contig	Contig	10287	0.9999	0.1387585683691283	0.13201	0.1387585683691283	0.13201	Paraburkholderia sp003002025	Paraburkholderia sp003002025	Paraburkholderia	Burkholderiaceae	Proteobacteria	True	False
GCA_903835245.1__GCA_903839075.1	GCA_903835245.1	GCA_903839075.1	99.99	99.96	2.0766999999998816	20.0	21.0	Contig	Contig	3589	0.9997	0.1382442578559808	0.15018	0.1382442578559808	0.15018	Vampirovibrio chlorellavorus_D	Vampirovibrio chlorellavorus_D	Vampirovibrio	Vampirovibrionaceae	Cyanobacteria	True	False
GCA_009811615.2__GCF_009811575.1	GCA_009811615.2	GCF_009811575.1	97.84	87.0	1.0	2.0	1.0	Complete Genome	Contig	7677	1.0	0.1160724336555871	0.10759	0.1160724336555871	0.10759	Streptomyces platensis	Streptomyces platensis	Streptomyces	Streptomycetaceae	Actinobacteriota	True	False
GCA_005792345.1__GCA_005797875.1	GCA_005792345.1	GCA_005797875.1	99.99	58.07	1.0	13.0	19.0	Contig	Contig	872	1.0	0.1115399524906356	0.11812	0.1115399524906356	0.11812	VBAS01 sp005798905	VBAS01 sp005798905	VBAS01	Chitinophagaceae	Bacteroidota	True	False
GCA_002398115.1__GCA_002424405.1	GCA_002398115.1	GCA_002424405.1	99.9	98.74	2.061999999999883	26.0	45.0	Scaffold	Scaffold	2124	0.9995	0.1084198187253632	0.10782	0.1084198187253632	0.10782	Aminobacterium mobile	Aminobacterium mobile	Aminobacterium	Aminobacteriaceae	Synergistota	True	False
GCF_002327205.1__GCF_004328885.1	GCF_002327205.1	GCF_004328885.1	99.96	100.0	1.0	2.0	1.0	Complete Genome	Complete Genome	1858	1.0	0.087312471846126	0.07158	0.087312471846126	0.07158	Clostridium chauvoei	Clostridium chauvoei	Clostridium	Clostridiaceae	Firmicutes_A	True	False
GCF_003353445.1__GCF_007991555.1	GCF_003353445.1	GCF_007991555.1	99.99	100.0	1.0	8.0	12.0	Scaffold	Contig	1724	1.0	0.085067680310666	0.08759	0.914932319689334	0.91241	Weissella soli	Weissella soli	Weissella	Lactobacillaceae	Firmicutes	True	False
GCA_002390335.1__GCA_018609025.1	GCA_002390335.1	GCA_018609025.1	99.5	2.29	2.0791999999999993	66.0	58.0	Scaffold	Scaffold	71	0.9848	0.0823752314515781	0.04225	0.0823752314515781	0.04225	SHAN690 sp002389645	SHAN690 sp002336485	SHAN690	Salibacteraceae	Bacteroidota	False	False
GCA_018903175.1__GCA_019084205.1	GCA_018903175.1	GCA_019084205.1	100.0	99.57	1.0	59.0	55.0	Contig	Contig	5192	1.0	0.0816140421349804	0.08378	0.0816140421349804	0.08378	SURF-10 sp018902755	SURF-10 sp018902755	SURF-10	Desulfarculaceae	Desulfobacterota	True	False
GCF_900445015.1__GCF_900445035.1	GCF_900445015.1	GCF_900445035.1	99.9	99.99	1.0	3.0	2.0	Contig	Contig	2423	1.0	0.0778866190097465	0.07553	0.0778866190097465	0.07553	Actinobacillus ureae	Actinobacillus ureae	Actinobacillus	Pasteurellaceae	Proteobacteria	True	False
GCF_002736045.1__GCF_014269205.2	GCF_002736045.1	GCF_014269205.2	97.85	88.3	1.7045999999999224	1.0	24.0	Complete Genome	Contig	7046	0.9999	0.0773900116867019	0.0765	0.0773900116867019	0.0765	Pseudomonas_E putida_M	Pseudomonas_E putida_M	Pseudomonas_E	Pseudomonadaceae	Proteobacteria	True	False
GCF_002813655.1__GCF_002813675.1	GCF_002813655.1	GCF_002813675.1	99.1	90.74	1.0					1129	1.0	0.071695963399342	0.06997	0.928304036600658	0.93003						False	False
GCF_000012525.1__GCF_000817325.1	GCF_000012525.1	GCF_000817325.1	99.99	99.71	2.8455999999997967	2.0	3.0	Complete Genome	Complete Genome	4614	0.9996	0.0690046021575604	0.06675	0.9309953978424396	0.93325	Synechococcus elongatus	Synechococcus elongatus	Synechococcus	Synechococcaceae	Cyanobacteria	True	False
GCF_000237145.1__GCF_002717025.1	GCF_000237145.1	GCF_002717025.1	99.99	99.99	1.0	1.0	1.0	Complete Genome	Complete Genome	14559	1.0	0.0584885234898036	0.05776	0.0584885234898036	0.05776	Actinoplanes sp900119315	Actinoplanes sp900119315	Actinoplanes	Micromonosporaceae	Actinobacteriota	True	False
GCF_003260285.1__GCF_012999505.1	GCF_003260285.1	GCF_012999505.1	99.57	86.92	1.0	5.0	447.0	Contig	Contig	3383	1.0	0.0565721284945641	0.05764	0.9434278715054358	0.94236	Salifodinibacter halophilus	Salifodinibacter halophilus	Salifodinibacter	Salinisphaeraceae	Proteobacteria	True	False
GCF_000163875.1__GCF_015767855.1	GCF_000163875.1	GCF_015767855.1	99.98	97.52	1.0	279.0	2.0	Chromosome	Complete Genome	9521	1.0	0.0507691737055956	0.04905	0.9492308262944044	0.95095	Streptomyces clavuligerus	Streptomyces clavuligerus	Streptomyces	Streptomycetaceae	Actinobacteriota	True	False
GCF_002157125.1__GCF_002157165.1	GCF_002157125.1	GCF_002157165.1	97.22	92.4	1.0	5.0	2.0	Complete Genome	Complete Genome	4609	1.0	0.0492970508270629	0.05685	0.0492970508270629	0.05685	Acidovorax carolinensis	Acidovorax carolinensis	Acidovorax	Burkholderiaceae	Proteobacteria	True	False
GCF_001702155.1__GCF_001702195.1	GCF_001702155.1	GCF_001702195.1	99.92	90.14	2.0958999999998795	3.0	9.0	Complete Genome	Complete Genome	3653	0.9997	0.0490409019914096	0.03942	0.0490409019914096	0.03942	Secundilactobacillus paracollinoides	Secundilactobacillus paracollinoides	Secundilactobacillus	Lactobacillaceae	Firmicutes	True	False
GCA_011801225.1__GCF_011801245.1	GCA_011801225.1	GCF_011801245.1	98.88	98.2	1.8743999999999037	2.0	2.0	Complete Genome	Complete Genome	4372	0.9998	0.0456437677394985	0.05764	0.0456437677394985	0.05764	Clavibacter capsici	Clavibacter capsici	Clavibacter	Microbacteriaceae	Actinobacteriota	True	False
GCF_002250905.2__GCF_017909435.1	GCF_002250905.2	GCF_017909435.1	99.48	93.73	2.963200000000147	3.0	3.0	Complete Genome	Complete Genome	3272	0.9994	0.0451796142926121	0.04126	0.9548203857073878	0.95874	Bacillus_A cytotoxicus	Bacillus_A cytotoxicus	Bacillus_A	Bacillaceae_G	Firmicutes	True	False
GCF_000958465.1__GCF_003076355.1	GCF_000958465.1	GCF_003076355.1	99.88	99.95	1.0	4.0	2.0	Complete Genome	Complete Genome	5607	1.0	0.0387466611013209	0.04013	0.0387466611013209	0.04013	Clavibacter insidiosus	Clavibacter insidiosus	Clavibacter	Microbacteriaceae	Actinobacteriota	True	False
GCA_900103895.1__GCA_900105365.1	GCA_900103895.1	GCA_900105365.1	98.68	86.98	2.479999999999837	4.0	3.0	Contig	Contig	14800	0.9999	0.0371109890508122	0.02047	0.0371109890508122	0.02047	GAS188 sp900104855	GAS188 sp900104855	GAS188	Beijerinckiaceae	Proteobacteria	True	False
GCF_002157165.1__GCF_002157185.1	GCF_002157165.1	GCF_002157185.1	97.21	82.79	1.917599999999899	2.0	4.0	Complete Genome	Complete Genome	4588	0.9998	0.0306518531148719	0.02986	0.969348146885128	0.97014	Acidovorax carolinensis	Acidovorax carolinensis	Acidovorax	Burkholderiaceae	Proteobacteria	True	False
GCF_017909135.1__GCF_017909435.1	GCF_017909135.1	GCF_017909435.1	99.15	89.83	1.0	5.0	3.0	Complete Genome	Complete Genome	3045	1.0	0.0304155042110708	0.02857	0.0304155042110708	0.02857	Bacillus_A cytotoxicus	Bacillus_A cytotoxicus	Bacillus_A	Bacillaceae_G	Firmicutes	True	False
GCF_000093065.1__GCF_014879315.1	GCF_000093065.1	GCF_014879315.1	99.96	100.0	1.0	2.0	1.0	Complete Genome	Complete Genome	383	1.0	0.02833886090188	0.00261	0.02833886090188	0.00261	Riesia pediculicola	Riesia pediculicola	Riesia	Enterobacteriaceae_A	Proteobacteria	True	False
GCF_002074015.1__GCF_014879315.1	GCF_002074015.1	GCF_014879315.1	97.85	99.99	1.0	4.0	1.0	Chromosome	Complete Genome	213	1.0	0.027263435419621	0.00469	0.027263435419621	0.00469	Riesia pediculicola	Riesia pediculicola	Riesia	Enterobacteriaceae_A	Proteobacteria	True	False
GCF_000347675.2__GCF_001853345.1	GCF_000347675.2	GCF_001853345.1	98.64	74.74	2.071399999999882	6.0	59.0	Complete Genome	Scaffold	5357	0.9998	0.023014473798793	0.01904	0.023014473798793	0.01904	Sphingomonas_E fennica	Sphingomonas_E fennica	Sphingomonas_E	Sphingomonadaceae	Proteobacteria	True	False
GCF_000568735.2__GCF_003568645.1	GCF_000568735.2	GCF_003568645.1	97.06	80.19	1.9935999999999825	74.0	8.0	Chromosome	Complete Genome	414	0.9976	0.0217319175469106	0.0	0.0217319175469106	0.0	Borrelia turicatae	Borrelia turicatae	Borrelia	Borreliaceae	Spirochaetota	True	False
GCA_015134625.1__GCF_016893705.1	GCA_015134625.1	GCF_016893705.1	99.03	88.28	1.0	4.0	191.0	Complete Genome	Chromosome	4473	1.0	0.0216426577776609	0.02258	0.978357342222339	0.97742	Citrobacter werkmanii	Citrobacter werkmanii	Citrobacter	Enterobacteriaceae	Proteobacteria	True	False
GCA_012275145.1__GCF_018310535.1	GCA_012275145.1	GCF_018310535.1	97.11	78.54	1.0	1.0	2.0	Complete Genome	Complete Genome	7388	1.0	0.0174359968014515	0.00677	0.9825640031985484	0.99323	Streptomyces sp002846625	Streptomyces sp002846625	Streptomyces	Streptomycetaceae	Actinobacteriota	True	False
GCF_016584015.1__GCF_016653175.1	GCF_016584015.1	GCF_016653175.1	100.0	99.99	2.6407999999998193	30.0	32.0	Contig	Scaffold	8204	0.9998	0.0174273408466634	0.02036	0.0174273408466634	0.02036	Afifella marina	Afifella marina	Afifella	Afifellaceae	Proteobacteria	True	False
GCF_001610775.1__GCF_013620765.1	GCF_001610775.1	GCF_013620765.1	99.59	93.97	2.050300000000014	2.0	8.0	Complete Genome	Contig	1167	0.9991	0.0168988672155111	0.01285	0.0168988672155111	0.01285	Dehalococcoides mccartyi_B	Dehalococcoides mccartyi_B	Dehalococcoides	Dehalococcoidaceae	Chloroflexota	True	False
GCF_000219805.1__GCF_009697245.1	GCF_000219805.1	GCF_009697245.1	98.72	91.56	1.0	2.0	2.0	Complete Genome	Chromosome	756	1.0	0.0151110052955433	0.00132	0.0151110052955433	0.00132	Weissella koreensis	Weissella koreensis	Weissella	Lactobacillaceae	Firmicutes	True	False
GCF_016028775.1__GCF_016127895.1	GCF_016028775.1	GCF_016127895.1	99.99	100.0	1.0	2.0	2.0	Complete Genome	Complete Genome	2229	1.0	0.0149765312040571	0.0	0.0149765312040571	0.0	Moraxella nonliquefaciens	Moraxella nonliquefaciens	Moraxella	Moraxellaceae	Proteobacteria	True	False
GCF_002736285.1__GCF_900660505.1	GCF_002736285.1	GCF_900660505.1	98.2	96.73	1.0	1.0	1.0	Complete Genome	Complete Genome	683	1.0	0.0148961889893755	0.00878	0.0148961889893755	0.00878	Mesomycoplasma dispar	Mesomycoplasma dispar	Mesomycoplasma	Metamycoplasmataceae	Firmicutes	True	False
GCF_000091985.1__GCF_900451085.1	GCF_000091985.1	GCF_900451085.1	99.31	98.13	1.0	1.0	8.0	Complete Genome	Contig	1478	1.0	0.0145309557248658	0.00203	0.0145309557248658	0.00203	Helicobacter_H mustelae	Helicobacter_H mustelae	Helicobacter_H	Helicobacteraceae	Campylobacterota	True	False
GCF_000019945.1__GCF_006740745.1	GCF_000019945.1	GCF_006740745.1	98.0	88.81	1.0	3.0	1.0	Complete Genome	Complete Genome	6044	1.0	0.0143559364049759	0.00778	0.0143559364049759	0.00778	Methylobacterium thiocyanatum	Methylobacterium thiocyanatum	Methylobacterium	Beijerinckiaceae	Proteobacteria	True	False
GCF_002076915.1__GCF_014646495.1	GCF_002076915.1	GCF_014646495.1	99.49	99.34	1.8945999999999017	1.0	14.0	Complete Genome	Scaffold	2982	0.9997	0.0139746516444974	0.0114	0.9860253483555026	0.9886	Actinomyces gaoshouyii	Actinomyces gaoshouyii	Actinomyces	Actinomycetaceae	Actinobacteriota	True	False
GCF_001644685.1__GCF_002441955.1	GCF_001644685.1	GCF_002441955.1	97.3	88.65	1.8565999999999057	2.0	2.0	Complete Genome	Complete Genome	4283	0.9998	0.0129105577621999	0.00957	0.0129105577621999	0.00957	Methylomonas koyamae	Methylomonas koyamae	Methylomonas	Methylomonadaceae	Proteobacteria	True	False
GCF_000219805.1__GCF_014672875.1	GCF_000219805.1	GCF_014672875.1	98.73	94.88	1.0	2.0	2.0	Complete Genome	Complete Genome	759	1.0	0.0122774382141908	0.0	0.0122774382141908	0.0	Weissella koreensis	Weissella koreensis	Weissella	Lactobacillaceae	Firmicutes	True	False
GCF_000219805.1__GCF_002950695.1	GCF_000219805.1	GCF_002950695.1	98.73	90.88	1.0	2.0	3.0	Complete Genome	Complete Genome	756	1.0	0.0122556894046352	0.0	0.0122556894046352	0.0	Weissella koreensis	Weissella koreensis	Weissella	Lactobacillaceae	Firmicutes	True	False
GCA_002360855.1__GCA_002707865.1	GCA_002360855.1	GCA_002707865.1	99.87	64.02	2.9808000000000567	11.0	22.0	Scaffold	Contig	2476	0.9992	0.0117569228187186	0.0101	0.0117569228187186	0.0101	UBA6503 sp002436405	UBA6503 sp002436405	UBA6503	UBA6503	Proteobacteria	True	False
GCA_002295585.1__GCA_002707865.1	GCA_002295585.1	GCA_002707865.1	99.88	64.04	1.9911999999998908	7.0	22.0	Scaffold	Contig	2478	0.9996	0.0107550977255594	0.01009	0.0107550977255594	0.01009	UBA6503 sp002436405	UBA6503 sp002436405	UBA6503	UBA6503	Proteobacteria	True	False
GCF_000025645.1__GCF_000092965.1	GCF_000025645.1	GCF_000092965.1	98.16	88.04	1.0	1.0	1.0	Complete Genome	Complete Genome	1198	1.0	0.0095609704517183	0.0	0.0095609704517183	0.0	Thermoanaerobacter thermocopriae	Thermoanaerobacter thermocopriae	Thermoanaerobacter	Thermoanaerobacteraceae	Firmicutes_A	True	False
GCF_000346125.2__GCF_000785645.1	GCF_000346125.2	GCF_000785645.1	99.07	95.63	1.9293999999998976	3.0	64.0	Scaffold	Scaffold	3098	0.9997	0.0095223142360215	0.0042	0.9904776857639784	0.9958	Meiothermus ruber	Meiothermus ruber	Meiothermus	Thermaceae	Deinococcota	True	False
GCF_009728815.1__GCF_009728855.1	GCF_009728815.1	GCF_009728855.1	99.89	99.79	1.0	10.0	7.0	Chromosome	Chromosome	667	1.0	0.007505882887041	0.0045	0.007505882887041	0.0045	Ehrlichia ruminantium_B	Ehrlichia ruminantium_B	Ehrlichia	Anaplasmataceae	Proteobacteria	True	False
GCF_002763595.1__GCF_002763815.1	GCF_002763595.1	GCF_002763815.1	97.99	88.02	1.0	1.0	1.0	Complete Genome	Complete Genome	902	1.0	0.0066694558107736	0.00554	0.9933305441892264	0.99446	Fusobacterium pseudoperiodonticum	Fusobacterium pseudoperiodonticum	Fusobacterium	Fusobacteriaceae	Fusobacteriota	True	False
GCF_005706215.1__GCF_014524485.1	GCF_005706215.1	GCF_014524485.1	99.05	83.38	1.0	1.0	5.0	Complete Genome	Complete Genome	1584	1.0	0.0053944140422715	0.0	0.0053944140422715	0.0	Macrococcus_B canis	Macrococcus_B canis	Macrococcus_B	Staphylococcaceae	Firmicutes	True	False
GCF_002206385.2__GCF_003576035.1	GCF_002206385.2	GCF_003576035.1	100.0	99.96	1.0	6.0	143.0	Contig	Contig	7692	1.0	0.0050564261098839	0.00065	0.994943573890116	0.99935	Serratia_F odorifera	Serratia_F odorifera	Serratia_F	Enterobacteriaceae	Proteobacteria	True	False
GCF_003815615.1__GCF_003815635.1	GCF_003815615.1	GCF_003815635.1	98.45	86.78	1.0	1.0	2.0	Complete Genome	Complete Genome	2744	1.0	0.004334585379347	0.00255	0.004334585379347	0.00255	Chryseobacterium shandongense	Chryseobacterium shandongense	Chryseobacterium	Weeksellaceae	Bacteroidota	True	False
GCF_001889125.1__GCF_014217915.1	GCF_001889125.1	GCF_014217915.1	97.25	88.05	1.0	1.0	1.0	Complete Genome	Complete Genome	3774	1.0	0.0037429352097915	0.00053	0.0037429352097915	0.00053	Janibacter indicus	Janibacter indicus	Janibacter	Dermatophilaceae	Actinobacteriota	True	False
GCF_011064785.1__GCF_011065325.1	GCF_011064785.1	GCF_011065325.1	98.36	82.23	1.0	2.0	3.0	Complete Genome	Complete Genome	1379	1.0	0.0028999472690899	0.00073	0.0028999472690899	0.00073	Macrococcus_B canis	Macrococcus_B canis	Macrococcus_B	Staphylococcaceae	Firmicutes	True	False
GCF_014217915.1__GCF_014883915.1	GCF_014217915.1	GCF_014883915.1	97.22	82.25	1.0	1.0	1.0	Complete Genome	Complete Genome	3807	1.0	0.0026400594030104	0.0	0.0026400594030104	0.0	Janibacter indicus	Janibacter indicus	Janibacter	Dermatophilaceae	Actinobacteriota	True	False
GCA_004006215.1__GCF_004551665.1	GCA_004006215.1	GCF_004551665.1	98.13	89.88	1.0	1.0	1.0	Complete Genome	Complete Genome	5034	1.0	0.002483898280441	0.0006	0.002483898280441	0.0006	Kerstersia gyiorum	Kerstersia gyiorum	Kerstersia	Burkholderiaceae	Proteobacteria	True	False
GCF_900447255.1__GCF_900478035.1	GCF_900447255.1	GCF_900478035.1	98.13	94.6	1.0	3.0	1.0	Contig	Complete Genome	2444	1.0	0.0024786961587451	0.00205	0.0024786961587451	0.00205	Corynebacterium renale	Corynebacterium renale	Corynebacterium	Mycobacteriaceae	Actinobacteriota	True	False
GCF_002003305.1__GCF_013297125.1	GCF_002003305.1	GCF_013297125.1	98.32	82.54	2.107999999999878	2.0	2.0	Complete Genome	Contig	2770	0.9996	0.0022874253644892	0.00036	0.9977125746355108	0.99964	Clostridium saccharoperbutylacetonicum	Clostridium saccharoperbutylacetonicum	Clostridium	Clostridiaceae	Firmicutes_A	True	False
GCF_002003305.1__GCF_013294445.1	GCF_002003305.1	GCF_013294445.1	98.32	82.47	2.109199999999878	2.0	3.0	Complete Genome	Contig	2773	0.9996	0.002279343969052	0.00036	0.997720656030948	0.99964	Clostridium saccharoperbutylacetonicum	Clostridium saccharoperbutylacetonicum	Clostridium	Clostridiaceae	Firmicutes_A	True	False
GCF_016889285.1__GCF_900452405.1	GCF_016889285.1	GCF_900452405.1	97.01	78.43	1.0	1.0	2.0	Complete Genome	Contig	2061	1.0	0.0021686584098088	0.0	0.9978313415901912	1.0	Kytococcus sedentarius	Kytococcus sedentarius	Kytococcus	Dermatophilaceae	Actinobacteriota	True	False
GCF_002250945.2__GCF_017909235.1	GCF_002250945.2	GCF_017909235.1	99.58	92.12	2.971600000000148	2.0	2.0	Complete Genome	Complete Genome	3286	0.9994	0.0018906599977041	0.00061	0.0018906599977041	0.00061	Bacillus_A cytotoxicus	Bacillus_A cytotoxicus	Bacillus_A	Bacillaceae_G	Firmicutes	True	False
GCF_000963495.1__GCF_016134935.2	GCF_000963495.1	GCF_016134935.2	99.48	94.25	1.0	1.0	1.0	Complete Genome	Complete Genome	9547	1.0	0.0018243060565832	0.00031	0.9981756939434168	0.99969	Pseudomonas_E simiae	Pseudomonas_E simiae	Pseudomonas_E	Pseudomonadaceae	Proteobacteria	True	False
GCF_001889125.1__GCF_014883915.1	GCF_001889125.1	GCF_014883915.1	98.52	84.66	1.0	1.0	1.0	Complete Genome	Complete Genome	4952	1.0	0.001697570826699	0.0002	0.001697570826699	0.0002	Janibacter indicus	Janibacter indicus	Janibacter	Dermatophilaceae	Actinobacteriota	True	False
GCF_905109855.1__GCF_905113005.1	GCF_905109855.1	GCF_905113005.1	99.93	100.0	2.992000000000057	24.0	21.0	Contig	Contig	2490	0.9992	0.0016357727683748	0.0	0.0016357727683748	0.0	Aerococcus sanguinicola	Aerococcus sanguinicola	Aerococcus	Aerococcaceae	Firmicutes	True	False
GCF_000512145.1__GCF_000568735.2	GCF_000512145.1	GCF_000568735.2	99.69	87.64	1.0	3.0	74.0	Complete Genome	Chromosome	727	1.0	0.001556502455113	0.0	0.001556502455113	0.0	Borrelia turicatae	Borrelia turicatae	Borrelia	Borreliaceae	Spirochaetota	True	False
GCF_000758345.1__GCF_014854775.1	GCF_000758345.1	GCF_014854775.1	97.08	92.69	1.0	1.0	2.0	Complete Genome	Complete Genome	3284	1.0	0.0013464563433029	0.0	0.998653543656697	1.0	Dickeya fangzhongdai	Dickeya fangzhongdai	Dickeya	Enterobacteriaceae	Proteobacteria	True	False
GCA_900638075.1__GCF_000801145.1	GCA_900638075.1	GCF_000801145.1	97.45	91.0	1.0	1.0	1.0	Complete Genome	Complete Genome	1415	1.0	0.001211879779348	0.00141	0.001211879779348	0.00141	Actinobacillus equuli	Actinobacillus equuli	Actinobacillus	Pasteurellaceae	Proteobacteria	True	False
GCF_001030225.1__GCF_002197345.1	GCF_001030225.1	GCF_002197345.1	98.41	87.44	1.0	7.0	1.0	Scaffold	Complete Genome	4174	1.0	0.000999300919212	0.0	0.000999300919212	0.0	Enterobacter sichuanensis	Enterobacter sichuanensis	Enterobacter	Enterobacteriaceae	Proteobacteria	True	False
GCF_900454805.1__GCF_900638655.1	GCF_900454805.1	GCF_900638655.1	98.94	95.51	1.0	2.0	1.0	Contig	Complete Genome	2867	1.0	0.0009488133961178	0.0007	0.0009488133961178	0.0007	Pragia fontium	Pragia fontium	Pragia	Enterobacteriaceae	Proteobacteria	True	False
GCF_003850465.1__GCF_003850525.1	GCF_003850465.1	GCF_003850525.1	99.2	96.5	1.0	1.0	1.0	Complete Genome	Complete Genome	10979	1.0	0.0009223637999055	9e-05	0.0009223637999055	9e-05	Pseudomonas_E chlororaphis_F	Pseudomonas_E chlororaphis_F	Pseudomonas_E	Pseudomonadaceae	Proteobacteria	True	False
GCF_000750195.1__GCF_007827205.1	GCF_000750195.1	GCF_007827205.1	99.16	94.95	1.0	1.0	1.0	Complete Genome	Contig	1715	1.0	0.0008004507161956	0.0	0.9991995492838044	1.0	Cellulophaga lytica	Cellulophaga lytica	Cellulophaga	Flavobacteriaceae	Bacteroidota	True	False
GCA_011773505.1__GCA_011773645.1	GCA_011773505.1	GCA_011773645.1	99.98	84.02	1.0	107.0	543.0	Scaffold	Scaffold	2825	1.0	0.0007998884838927	0.0	0.0007998884838927	0.0	WVZY01 sp011772205	WVZY01 sp011772205	WVZY01	WVZY01	Krumholzibacteriota	True	False
GCF_003293325.1__GCF_900102295.1	GCF_003293325.1	GCF_900102295.1	98.92	93.77	1.0	37.0	1.0	Chromosome	Chromosome	9658	1.0	0.0006774294366018	0.0001	0.0006774294366018	0.0001	Pseudomonas_E thivervalensis	Pseudomonas_E thivervalensis	Pseudomonas_E	Pseudomonadaceae	Proteobacteria	True	False
GCA_000953195.1__GCF_900444665.1	GCA_000953195.1	GCF_900444665.1	99.99	100.0	1.0	1.0	2.0	Complete Genome	Contig	947	1.0	0.0006212307172757	0.0	0.0006212307172757	0.0	Acholeplasma oculi	Acholeplasma oculi	Acholeplasma	Acholeplasmataceae	Firmicutes	True	False
GCF_009763885.1__GCF_900460255.1	GCF_009763885.1	GCF_900460255.1	99.17	93.21	1.8837999999999029	2.0	3.0	Complete Genome	Contig	2946	0.9997	0.0006024871656189	0.0	0.0006024871656189	0.0	Vibrio cincinnatiensis	Vibrio cincinnatiensis	Vibrio	Vibrionaceae	Proteobacteria	True	False
GCF_006459165.1__GCF_011604645.1	GCF_006459165.1	GCF_011604645.1	98.58	93.44	1.0	1.0	1.0	Complete Genome	Complete Genome	11452	1.0	0.0005811627254104	0.00017	0.0005811627254104	0.00017	Bradyrhizobium symbiodeficiens	Bradyrhizobium symbiodeficiens	Bradyrhizobium	Xanthobacteraceae	Proteobacteria	True	False
GCF_000259345.1__GCF_000825665.2	GCF_000259345.1	GCF_000825665.2	98.96	99.29	1.0	136.0	137.0	Chromosome	Scaffold	657	1.0	0.0004828093592758	0.0	0.0004828093592758	0.0	Borrelia recurrentis	Borrelia recurrentis	Borrelia	Borreliaceae	Spirochaetota	True	False
GCF_011604645.1__GCF_011604665.1	GCF_011604645.1	GCF_011604665.1	98.53	93.49	1.0	1.0	1.0	Complete Genome	Complete Genome	11254	1.0	0.0003983585470408	0.00027	0.9996016414529592	0.99973	Bradyrhizobium symbiodeficiens	Bradyrhizobium symbiodeficiens	Bradyrhizobium	Xanthobacteraceae	Proteobacteria	True	False
GCF_000830905.1__GCF_002007905.1	GCF_000830905.1	GCF_002007905.1	98.24	91.91	1.0	1.0	1.0	Complete Genome	Complete Genome	639	1.0	0.000270304717245	0.0	0.000270304717245	0.0	Dehalococcoides mccartyi	Dehalococcoides mccartyi	Dehalococcoides	Dehalococcoidaceae	Chloroflexota	True	False
GCF_000294695.2__GCF_017876035.1	GCF_000294695.2	GCF_017876035.1	99.15	89.3	2.835399999999798	3.0	2.0	Complete Genome	Contig	6118	0.9997	0.000206424835913	0.00049	0.999793575164087	0.99951	Paenarthrobacter aurescens_A	Paenarthrobacter aurescens_A	Paenarthrobacter	Micrococcaceae	Actinobacteriota	True	False
GCF_000750195.1__GCF_001941605.1	GCF_000750195.1	GCF_001941605.1	98.93	88.95	1.0	1.0	1.0	Complete Genome	Complete Genome	1666	1.0	0.0001705538252238	0.0	0.0001705538252238	0.0	Cellulophaga lytica	Cellulophaga lytica	Cellulophaga	Flavobacteriaceae	Bacteroidota	True	False
GCF_001481595.1__GCF_001560755.1	GCF_001481595.1	GCF_001560755.1	99.88	99.72	1.0					1347	1.0	0.0001112127753147	0.0	0.9998887872246852	1.0						False	False
GCF_000022005.1__GCF_003856435.1	GCF_000022005.1	GCF_003856435.1	98.21	99.24	1.0	1.0	1.0	Complete Genome	Complete Genome	4211	1.0	0.0001072241321781	0.00024	0.0001072241321781	0.00024	Caulobacter vibrioides	Caulobacter vibrioides	Caulobacter	Caulobacteraceae	Proteobacteria	True	False
GCF_002310455.2__GCF_003856435.1	GCF_002310455.2	GCF_003856435.1	98.21	99.24	1.0	1.0	1.0	Complete Genome	Complete Genome	4211	1.0	0.0001072078405167	0.00024	0.0001072078405167	0.00024	Caulobacter vibrioides	Caulobacter vibrioides	Caulobacter	Caulobacteraceae	Proteobacteria	True	False
GCF_001887285.1__GCF_005491085.2	GCF_001887285.1	GCF_005491085.2	99.17	93.35	1.0	1.0	2.0	Complete Genome	Complete Genome	5656	1.0	8.378647592843791e-05	0.00018	0.9999162135240716	0.99982	Microbacterium arborescens	Microbacterium arborescens	Microbacterium	Microbacteriaceae	Actinobacteriota	True	False
GCF_006459165.1__GCF_011604665.1	GCF_006459165.1	GCF_011604665.1	98.55	93.92	1.0	1.0	1.0	Complete Genome	Complete Genome	11304	1.0	3.3143820242775845e-05	0.00018	0.9999668561797572	0.99982	Bradyrhizobium symbiodeficiens	Bradyrhizobium symbiodeficiens	Bradyrhizobium	Xanthobacteraceae	Proteobacteria	True	False
GCA_901457695.2__GCA_901457725.1	GCA_901457695.2	GCA_901457725.1	99.99	98.59	1.0	53.0	39.0	Scaffold	Scaffold	10049	1.0	1.8171982437477896e-05	0.0	1.8171982437477896e-05	0.0	RH-AL1 sp901457705	RH-AL1 sp901457705	RH-AL1	Beijerinckiaceae	Proteobacteria	True	False
GCF_003546705.2__GCF_003546745.2	GCF_003546705.2	GCF_003546745.2	99.99	99.86	1.917199999999899	6.0	3.0	Scaffold	Scaffold	2293	0.9996	0.0	0.0	1.0	1.0	Helicobacter_A sanguini	Helicobacter_A sanguini	Helicobacter_A	Helicobacteraceae	Campylobacterota	True	False
GCF_001702115.1__GCF_001702135.1	GCF_001702115.1	GCF_001702135.1	99.96	95.02	1.0	1.0	5.0	Complete Genome	Complete Genome	966	1.0	0.0	0.0	0.0	0.0	Fructilactobacillus lindneri	Fructilactobacillus lindneri	Fructilactobacillus	Lactobacillaceae	Firmicutes	True	False
GCA_900538315.1__GCA_905202305.1	GCA_900538315.1	GCA_905202305.1	100.0	86.87	1.8743999999999037	20.0	144.0	Contig	Contig	4372	0.9998	0.0	0.0	0.0	0.0	Dysgonomonas capnocytophagoides	Dysgonomonas capnocytophagoides	Dysgonomonas	Dysgonomonadaceae	Bacteroidota	True	False
GCF_000226455.1__GCF_009862985.1	GCF_000226455.1	GCF_009862985.1	100.0	99.64	2.4657999999998386	299.0	299.0	Scaffold	Scaffold	14658	0.9999	0.0	0.0	0.0	0.0	Streptomyces chartreusis_D	Streptomyces chartreusis_D	Streptomyces	Streptomycetaceae	Actinobacteriota	True	False
GCA_900321125.1__GCA_902757345.1	GCA_900321125.1	GCA_902757345.1	100.0	100.0	2.932399999999787	213.0	213.0	Scaffold	Scaffold	4831	0.9996	0.0	0.0	0.0	0.0	UBA1732 sp900320095	UBA1732 sp900320095	UBA1732	UBA1829	Verrucomicrobiota	True	False
GCF_001889465.1__GCF_001889485.1	GCF_001889465.1	GCF_001889485.1	99.84	100.0	1.0	1.0	1.0	Complete Genome	Complete Genome	4637	1.0	0.0	0.0	0.0	0.0	Granulibacter bethesdensis	Granulibacter bethesdensis	Granulibacter	Acetobacteraceae	Proteobacteria	True	False
GCF_000023685.1__GCF_900489655.1	GCF_000023685.1	GCF_900489655.1	99.94	99.78	1.0	1.0	1.0	Complete Genome	Complete Genome	405	1.0	0.0	0.0	0.0	0.0	Mycoplasma capri	Mycoplasma capri	Mycoplasma	Mycoplasmataceae	Firmicutes	True	False
GCF_900489685.1__GCF_900489825.1	GCF_900489685.1	GCF_900489825.1	99.95	99.15	1.0	1.0	1.0	Complete Genome	Complete Genome	404	1.0	0.0	0.0	0.0	0.0	Mycoplasma capri	Mycoplasma capri	Mycoplasma	Mycoplasmataceae	Firmicutes	True	False
GCF_900489525.1__GCF_900489715.1	GCF_900489525.1	GCF_900489715.1	99.9	99.68	1.0	1.0	1.0	Complete Genome	Complete Genome	404	1.0	0.0	0.0	0.0	0.0	Mycoplasma capri	Mycoplasma capri	Mycoplasma	Mycoplasmataceae	Firmicutes	True	False
GCF_009648775.1__GCF_018338735.1	GCF_009648775.1	GCF_018338735.1	99.99	100.0	1.0	1.0	1.0	Complete Genome	Complete Genome	5013	1.0	0.0	0.0	0.0	0.0	Salmonella bongori	Salmonella bongori	Salmonella	Enterobacteriaceae	Proteobacteria	True	False
GCF_000576085.2__GCF_001889445.1	GCF_000576085.2	GCF_001889445.1	97.95	96.67	1.0	1.0	1.0	Complete Genome	Complete Genome	3040	1.0	0.0	0.0	0.0	0.0	Granulibacter bethesdensis	Granulibacter bethesdensis	Granulibacter	Acetobacteraceae	Proteobacteria	True	False
GCF_000470275.1__GCF_000470455.1	GCF_000470275.1	GCF_000470455.1	99.72	95.98	1.0	205.0	335.0	Scaffold	Scaffold	2429	1.0	0.0	0.0	0.0	0.0	Kingella kingae	Kingella kingae	Kingella	Neisseriaceae	Proteobacteria	True	False
GCF_900149465.2__GCF_900149615.1	GCF_900149465.2	GCF_900149615.1	98.73	97.63	1.0	1.0	3.0	Complete Genome	Contig	1071	1.0	0.0	0.0	0.0	0.0	Chlamydia suis	Chlamydia suis	Chlamydia	Chlamydiaceae	Chlamydiota	True	False
GCA_900315365.1__GCA_902756905.1	GCA_900315365.1	GCA_902756905.1	100.0	100.0	2.90699999999979	83.0	83.0	Scaffold	Scaffold	3814	0.9995	0.0	0.0	0.0	0.0	Prevotella sp002251295	Prevotella sp002251295	Prevotella	Bacteroidaceae	Bacteroidota	True	False
GCF_003343265.1__GCF_003343285.1	GCF_003343265.1	GCF_003343285.1	99.99	100.0	1.0	1.0	1.0	Complete Genome	Complete Genome	5351	1.0	0.0	0.0	0.0	0.0	Renibacterium salmoninarum	Renibacterium salmoninarum	Renibacterium	Micrococcaceae	Actinobacteriota	True	False
GCF_014525475.1__GCF_016916895.1	GCF_014525475.1	GCF_016916895.1	100.0	100.0	1.9385999999998969	11.0	11.0	Contig	Contig	4693	0.9998	0.0	0.0	0.0	0.0	Flaviflexus sp014069875	Flaviflexus sp014069875	Flaviflexus	Actinomycetaceae	Actinobacteriota	True	False
GCA_900538285.1__GCA_905202535.1	GCA_900538285.1	GCA_905202535.1	100.0	100.0	1.0	30.0	29.0	Contig	Contig	2772	1.0	0.0	0.0	0.0	0.0	Butyrivibrio_A sp000431815	Butyrivibrio_A sp000431815	Butyrivibrio_A	Lachnospiraceae	Firmicutes_A	True	False
GCA_002400245.1__GCA_002427335.1	GCA_002400245.1	GCA_002427335.1	98.87	0.77	1.0	214.0	500.0	Scaffold	Scaffold	20	1.0	0.0	0.0	1.0	1.0	Caproicibacter sp002411365	Caproicibacter sp002409585	Caproicibacter	Acutalibacteraceae	Firmicutes_A	False	False
GCF_006714955.1__GCF_007827525.1	GCF_006714955.1	GCF_007827525.1	99.99	100.0	1.7233999999999203	2.0	2.0	Contig	Contig	7234	0.9999	0.0	0.0	1.0	1.0	Serratia_A fonticola_A	Serratia_A fonticola_A	Serratia_A	Enterobacteriaceae	Proteobacteria	True	False
GCF_000576145.2__GCF_001889445.1	GCF_000576145.2	GCF_001889445.1	98.25	98.4	1.0	1.0	1.0	Complete Genome	Complete Genome	3210	1.0	0.0	0.0	0.0	0.0	Granulibacter bethesdensis	Granulibacter bethesdensis	Granulibacter	Acetobacteraceae	Proteobacteria	True	False
GCF_001889445.1__GCF_001889465.1	GCF_001889445.1	GCF_001889465.1	97.73	95.46	1.0	1.0	1.0	Complete Genome	Complete Genome	2834	1.0	0.0	0.00071	0.0	0.00071	Granulibacter bethesdensis	Granulibacter bethesdensis	Granulibacter	Acetobacteraceae	Proteobacteria	True	False
GCA_001771425.1__GCA_001771465.1	GCA_001771425.1	GCA_001771465.1	99.99	100.0	1.0	1.0	1.0	Contig	Contig	1760	1.0	0.0	0.0	0.0	0.0	XYB2-FULL-45-9 sp001771575	XYB2-FULL-45-9 sp001771575	XYB2-FULL-45-9	XYB2-FULL-48-7	Margulisbacteria	True	False
GCF_000093165.1__GCF_014251295.1	GCF_000093165.1	GCF_014251295.1	98.39	99.71	1.0	2.0	3.0	Complete Genome	Chromosome	252	1.0	0.0	0.0	0.0	0.0	Blattabacterium sp000334405	Blattabacterium sp000334405	Blattabacterium	Blattabacteriaceae	Bacteroidota	True	False
GCA_002171445.1__GCA_002704705.1	GCA_002171445.1	GCA_002704705.1	100.0	89.54	1.0					682	1.0	0.0	0.0	0.0	0.0						False	False
GCF_002288145.1__GCF_002288265.1	GCF_002288145.1	GCF_002288265.1	97.07	93.32	1.0	1.0	1.0	Complete Genome	Complete Genome	1074	1.0	0.0	0.0	0.0	0.0	Planktophila versatilis	Planktophila versatilis	Planktophila	Nanopelagicaceae	Actinobacteriota	True	False
GCF_004359355.1__GCF_014163455.1	GCF_004359355.1	GCF_014163455.1	99.82	93.49	1.0	1.0	1.0	Complete Genome	Complete Genome	18368	1.0	0.0	5e-05	0.0	5e-05	Bradyrhizobium diazoefficiens	Bradyrhizobium diazoefficiens	Bradyrhizobium	Xanthobacteraceae	Proteobacteria	True	False
GCF_000215065.1__GCF_000348765.2	GCF_000215065.1	GCF_000348765.2	99.99	100.0	1.0	1.0	1.0	Complete Genome	Complete Genome	1501	1.0	0.0	0.0	0.0	0.0	Hydrogenobaculum sp000213785	Hydrogenobaculum sp000213785	Hydrogenobaculum	Hydrogenobaculaceae	Aquificota	True	False
GCF_000512145.1__GCF_003568645.1	GCF_000512145.1	GCF_003568645.1	97.25	81.45	1.0	3.0	8.0	Complete Genome	Complete Genome	442	1.0	0.0	0.0	0.0	0.0	Borrelia turicatae	Borrelia turicatae	Borrelia	Borreliaceae	Spirochaetota	True	False
GCF_000341855.1__GCF_000348765.2	GCF_000341855.1	GCF_000348765.2	99.99	100.0	1.0	1.0	1.0	Complete Genome	Complete Genome	1500	1.0	0.0	0.0	0.0	0.0	Hydrogenobaculum sp000213785	Hydrogenobaculum sp000213785	Hydrogenobaculum	Hydrogenobaculaceae	Aquificota	True	False
GCF_000215065.1__GCF_000341855.1	GCF_000215065.1	GCF_000341855.1	99.99	100.0	1.0	1.0	1.0	Complete Genome	Complete Genome	1500	1.0	0.0	0.0	0.0	0.0	Hydrogenobaculum sp000213785	Hydrogenobaculum sp000213785	Hydrogenobaculum	Hydrogenobaculaceae	Aquificota	True	False
GCF_003253775.1__GCF_003584725.1	GCF_003253775.1	GCF_003584725.1	99.96	98.25	1.0	1.0	1.0	Complete Genome	Complete Genome	5133	1.0	0.0	0.0	0.0	0.0	Mycobacterium leprae	Mycobacterium leprae	Mycobacterium	Mycobacteriaceae	Actinobacteriota	True	False
GCA_000026685.1__GCF_003253775.1	GCA_000026685.1	GCF_003253775.1	99.97	100.0	1.0	1.0	1.0	Complete Genome	Complete Genome	5137	1.0	0.0	0.0	0.0	0.0	Mycobacterium leprae	Mycobacterium leprae	Mycobacterium	Mycobacteriaceae	Actinobacteriota	True	False
GCF_016127355.1__GCF_900451365.1	GCF_016127355.1	GCF_900451365.1	99.99	99.41	1.0	1.0	2.0	Complete Genome	Contig	3650	1.0	0.0	0.0	1.0	1.0	Kingella_A denitrificans	Kingella_A denitrificans	Kingella_A	Neisseriaceae	Proteobacteria	True	False
GCF_002095995.1__GCF_002128045.1	GCF_002095995.1	GCF_002128045.1	99.94	100.0	1.0	1.0	1.0	Complete Genome	Complete Genome	881	1.0	0.0	0.0	0.0	0.0	Mycoplasmoides pneumoniae	Mycoplasmoides pneumoniae	Mycoplasmoides	Mycoplasmoidaceae	Firmicutes	True	False
GCA_000026685.1__GCF_003584725.1	GCA_000026685.1	GCF_003584725.1	99.98	100.0	1.0	1.0	1.0	Complete Genome	Complete Genome	5137	1.0	0.0	0.0	0.0	0.0	Mycobacterium leprae	Mycobacterium leprae	Mycobacterium	Mycobacteriaceae	Actinobacteriota	True	False
GCF_900447255.1__GCF_900475655.1	GCF_900447255.1	GCF_900475655.1	99.93	100.0	1.0	3.0	1.0	Contig	Complete Genome	3787	1.0	0.0	0.0	0.0	0.0	Corynebacterium renale	Corynebacterium renale	Corynebacterium	Mycobacteriaceae	Actinobacteriota	True	False
GCF_000195735.1__GCF_000277245.1	GCF_000195735.1	GCF_000277245.1	99.89	99.97	1.0	1.0	1.0	Complete Genome	Complete Genome	621	1.0	0.0	0.0	0.0	0.0	Rickettsia prowazekii	Rickettsia prowazekii	Rickettsia	Rickettsiaceae	Proteobacteria	True	False
GCF_000195735.1__GCF_000277165.1	GCF_000195735.1	GCF_000277165.1	99.96	99.98	1.0	1.0	1.0	Complete Genome	Complete Genome	632	1.0	0.0	0.0	0.0	0.0	Rickettsia prowazekii	Rickettsia prowazekii	Rickettsia	Rickettsiaceae	Proteobacteria	True	False
GCA_003385575.1__GCA_003389245.1	GCA_003385575.1	GCA_003389245.1	99.98	100.0	2.2841999999998586	5.0	5.0	Scaffold	Contig	6421	0.9998	0.0	0.0	0.0	0.0	QQUY01 sp003385635	QQUY01 sp003385635	QQUY01	Pyrinomonadaceae	Acidobacteriota	True	False
GCA_900549265.1__GCA_905202005.1	GCA_900549265.1	GCA_905202005.1	100.0	99.82	1.0	8.0	10.0	Contig	Contig	1364	1.0	0.0	0.0	0.0	0.0	Stercorousia sp000437435	Stercorousia sp000437435	Stercorousia	Gastranaerophilaceae	Cyanobacteria	True	False
GCA_002172835.1__GCA_002690685.1	GCA_002172835.1	GCA_002690685.1	100.0	97.56	1.0	90.0	88.0	Contig	Contig	4312	1.0	0.0	0.0	0.0	0.0	TMED26 sp003280605	TMED26 sp003280605	TMED26	Thalassobaculaceae	Proteobacteria	True	False
GCF_018847015.1__GCF_018847695.1	GCF_018847015.1	GCF_018847695.1	99.99	100.0	1.0	1.0	1.0	Complete Genome	Complete Genome	3937	1.0	0.0	0.0	0.0	0.0	Akkermansia sp001580195	Akkermansia sp001580195	Akkermansia	Akkermansiaceae	Verrucomicrobiota	True	False
GCA_002170365.2__GCA_002692365.2	GCA_002170365.2	GCA_002692365.2	100.0	89.43	1.0					1334	1.0	0.0	0.0	0.0	0.0						False	False
GCF_000093065.1__GCF_002074015.1	GCF_000093065.1	GCF_002074015.1	97.82	99.95	2.010500000000008	2.0	4.0	Complete Genome	Chromosome	215	0.9953	0.0	0.0	0.0	0.0	Riesia pediculicola	Riesia pediculicola	Riesia	Enterobacteriaceae_A	Proteobacteria	True	False
GCF_000022785.1__GCF_000277205.1	GCF_000022785.1	GCF_000277205.1	99.97	100.0	1.0	1.0	1.0	Complete Genome	Complete Genome	633	1.0	0.0	0.0	0.0	0.0	Rickettsia prowazekii	Rickettsia prowazekii	Rickettsia	Rickettsiaceae	Proteobacteria	True	False
GCF_009914495.1__GCF_009914515.1	GCF_009914495.1	GCF_009914515.1	99.98	99.93	1.0	1.0	1.0	Complete Genome	Complete Genome	10035	1.0	0.0	0.0	0.0	0.0	Gordonia amarae	Gordonia amarae	Gordonia	Mycobacteriaceae	Actinobacteriota	True	False
GCF_000006905.1__GCF_002310455.2	GCF_000006905.1	GCF_002310455.2	99.99	97.24	1.0	1.0	1.0	Complete Genome	Complete Genome	5786	1.0	0.0	0.0	0.0	0.0	Caulobacter vibrioides	Caulobacter vibrioides	Caulobacter	Caulobacteraceae	Proteobacteria	True	False
GCA_900551255.1__GCA_905210225.1	GCA_900551255.1	GCA_905210225.1	100.0	99.95	1.0	23.0	24.0	Contig	Contig	779	1.0	0.0	0.0	0.0	0.0	Caccenecus sp000438195	Caccenecus sp000438195	Caccenecus	UBA660	Firmicutes	True	False
GCF_004328885.1__GCF_900168365.1	GCF_004328885.1	GCF_900168365.1	99.96	99.89	1.0	1.0	1.0	Complete Genome	Complete Genome	1858	1.0	0.0	0.0	0.0	0.0	Clostridium chauvoei	Clostridium chauvoei	Clostridium	Clostridiaceae	Firmicutes_A	True	False
GCA_011771255.1__GCA_011772705.1	GCA_011771255.1	GCA_011772705.1	100.0	54.14	1.0	543.0	359.0	Scaffold	Scaffold	2833	1.0	0.0	0.0	0.0	0.0	WVZY01 sp011772205	WVZY01 sp011772205	WVZY01	WVZY01	Krumholzibacteriota	True	False
GCF_002007845.1__GCF_002007865.1	GCF_002007845.1	GCF_002007865.1	99.98	100.0	1.0	1.0	1.0	Complete Genome	Complete Genome	1325	1.0	0.0	0.0	0.0	0.0	Dehalococcoides mccartyi_B	Dehalococcoides mccartyi_B	Dehalococcoides	Dehalococcoidaceae	Chloroflexota	True	False
GCA_002295585.1__GCA_002360855.1	GCA_002295585.1	GCA_002360855.1	100.0	99.87	1.0	7.0	11.0	Scaffold	Scaffold	2684	1.0	0.0	0.0	0.0	0.0	UBA6503 sp002436405	UBA6503 sp002436405	UBA6503	UBA6503	Proteobacteria	True	False
GCF_002215055.1__GCF_902386745.1	GCF_002215055.1	GCF_902386745.1	100.0	100.0	1.0	1.0	1.0	Complete Genome	Complete Genome	6442	1.0	0.0	0.0	0.0	0.0	Laribacter hongkongensis	Laribacter hongkongensis	Laribacter	Aquaspirillaceae	Proteobacteria	True	False
GCF_009862415.1__GCF_900090075.1	GCF_009862415.1	GCF_900090075.1	100.0	99.96	1.0	55.0	55.0	Scaffold	Scaffold	12679	1.0	0.0	0.0	0.0	0.0	Streptomyces griseus	Streptomyces griseus	Streptomyces	Streptomycetaceae	Actinobacteriota	True	False
