pairid	q_acc	r_acc	band	split	anim_ani	af_tier	stratum	query	reference	ani	ani_uniform	af_query	af_reference	std_err	ani_cal	synteny_blocks	anchor_adjacency	breakpoint_count	het_shape	retention	ani_from_loss	ani_from_hist	enzyme_spread	enzyme_chi2	per_enzyme	n_anchors	n_chains	n_tags	max_block_anchors	mean_block_anchors	flag	ani_gated	gate	ani_upper95	skani_ani	skani_align_frac	fastani_ani	fastani_mapped	fastani_total
GCA_000319535.1__GCA_000319555.1	GCA_000319535.1	GCA_000319555.1	95-97	test	96.55	strict		CALC01000171.1	CALD01000249.1	98.0491	98.7029	0.9	0.9423	0.02839	98.3144	63	0.9881	62	0.365	0.9199	97.8707	99.022	0.119	0.31	AlfI:98.71,AloI:98.74,BcgI:98.71,FalI:98.62	5475	63	6101	552	82.7619	ok	98.0491	gamma	97.9725	97.6	87.76	97.9729	1368	1503
GCA_000340945.1__GCF_008638355.1	GCA_000340945.1	GCF_008638355.1	95-97	train	95.19	strict		ANAW01000001.1	NZ_VWVS01000001.1	96.2074	97.283	0.751	0.7813	0.04003	96.0416	239	0.9949	26	0.807	0.8192	96.1845	98.0889	1.0968	13.1	AlfI:97.41,AloI:96.72,BcgI:97.31,FalI:97.81	5846	239	7497	123	22.3766	ok	96.2074	gamma	96.2895	95.02	72.34	95.2078	1894	2304
GCA_000484895.1__GCA_000484935.1	GCA_000484895.1	GCA_000484935.1	95-97	train	96.13	strict		AXWH01000001.1	AXWJ01000001.1	96.7303	97.9301	0.4826	0.3223	0.18883	95.0728	15	0.9925	1	0.446	0.8695	96.8062	98.5529	1.6071	2.52	AlfI:97.72,AloI:96.85,BcgI:97.52,FalI:98.46	227	15	257	19	9.86667	ok	96.7303	gamma	97.3743	94.87	42.22	95.6969	122	187
GCA_001312785.1__GCF_001286765.1	GCA_001312785.1	GCF_001286765.1	95-97	test	96.67	strict		BBEN01000001.1	NZ_CYHO01000001.1	96.9854	97.2512	0.8586	0.8311	0.05068	96.6969	133	0.97	106	2.444	0.8212	96.8639	97.5202	0.4491	2.13	AlfI:97.34,AloI:96.91,BcgI:97.17,FalI:97.36	3694	133	4509	132	26.8045	ok	96.9854	gamma	96.9972	96.5	87.44	96.4503	1137	1307
GCA_001914055.1__GCF_001810345.1	GCA_001914055.1	GCF_001810345.1	95-97	train	95.11	strict		MKXX01000001.1	NZ_KV800989.1	94.491	95.6667	0.9754	0.972	0.10219	95.4007	14	0.9976	3	1.392	0.701	94.7771	96.8597	0.9804	5.71	AlfI:95.77,AloI:95.46,BcgI:95.15,FalI:96.13	1284	14	2013	320	90.3571	ok	94.491	gamma	95.0029	94.94	88.18	95.0787	590	620
GCA_001914055.1__GCF_014931375.1	GCA_001914055.1	GCF_014931375.1	95-97	train	95.07	strict		MKXX01000001.1	NZ_CP063117.1	94.2717	95.6875	0.9754	0.9234	0.1028	95.2667	16	0.996	5	1.189	0.7027	94.6973	97.006	0.8089	3.93	AlfI:95.62,AloI:95.70,BcgI:95.30,FalI:96.11	1284	16	2001	219	78.3125	ok	94.2717	gamma	94.9248	94.97	83.72	95.0724	584	620
GCA_001916175.1__GCA_003150745.1	GCA_001916175.1	GCA_003150745.1	95-97	train	96.55	strict		MNRY01000002.1	QANC01000102.1	96.2399	97.4731	0.5786	0.3848	0.12401	95.1171	47	0.9566	24	0.588	0.8392	96.3498	98.2146	0.9409	2.53	AlfI:97.26,AloI:97.63,BcgI:96.80,FalI:97.74	671	47	761	33	12.2553	ok	96.2399	gamma	96.6946	96.45	40.85	95.8566	398	569
GCA_002169705.1__GCA_902510115.1	GCA_002169705.1	GCA_902510115.1	95-97	test	95.77	low-AF		NHJP01000043.1	CABWZU010000001.1	97.5355	97.7489	0.3948	0.402	0.14622	95.145	34	0.9836	5	2.086	0.8579	97.4383	97.9164	1.2924	1.95	AlfI:98.36,AloI:97.07,BcgI:97.67,FalI:97.64	398	34	434	30	9.82353	ok	97.5355	gamma	97.8526	94.29	54.62	95.2263	157	289
GCA_002170515.2__GCA_002722675.1	GCA_002170515.2	GCA_002722675.1	95-97	test	95.7	strict		NHDY02000142.1	PBMN01000010.1	96.4291	96.9537	0.5709	0.591	0.08046	95.1801	119	0.9964	5	1.729	0.7977	96.2187	97.5438	0.15	0.22	AlfI:96.93,AloI:96.89,BcgI:97.01,FalI:96.86	1594	119	2076	39	12.6555	ok	96.4291	gamma	96.422	95.33	63.42	95.2726	524	811
GCA_002279115.1__GCF_004361875.1	GCA_002279115.1	GCF_004361875.1	95-97	train	96.42	strict		NCKJ01000119.1	NZ_SNVZ01000001.1	96.993	97.4187	0.8231	0.6659	0.05577	96.408	143	0.9967	8	1.52	0.8307	96.8472	97.8012	0.6294	1.83	AlfI:97.51,AloI:97.73,BcgI:97.39,FalI:97.10	2743	143	3393	95	17.7762	ok	96.993	gamma	96.9962	96.57	66.83	96.5186	523	555
GCA_002279345.1__GCF_000701585.1	GCA_002279345.1	GCF_000701585.1	95-97	train	96.87	strict		NCBU01000170.1	NZ_JNJH01000001.1	97.7589	98.084	0.7589	0.7492	0.03018	96.9431	187	0.9886	76	1.189	0.8782	97.582	98.3287	1.014	9.58	AlfI:98.08,AloI:97.97,BcgI:98.15,FalI:97.13	7260	187	8051	248	36.1497	ok	97.7589	gamma	97.6728	97.08	74.53	96.7208	1024	1234
GCA_002320115.1__GCA_014871775.1	GCA_002320115.1	GCA_014871775.1	95-97	train	95.4	strict		DCJT01000011.1	WGSH01000001.1	96.5101	96.8097	0.4014	0.4965	0.07754	94.5281	186	0.8957	174	2.781	0.7851	96.4177	97.1555	0.6287	3.65	AlfI:96.67,AloI:97.24,BcgI:96.69,FalI:97.30	2206	186	2232	32	9.03763	ok	96.5101	gamma	96.6079	95.35	73.54	94.5254	354	780
GCA_002333025.1__GCA_002477715.1	GCA_002333025.1	GCA_002477715.1	95-97	train	95.03	strict		DDAV01000004.1	DLJY01000213.1	96.5255	96.7131	0.7243	0.7827	0.04675	95.6578	277	0.9487	237	4.604	0.7764	96.3617	97.0307	0.5309	1.5	AlfI:96.74,AloI:97.10,BcgI:96.68,FalI:96.57	4896	277	6232	66	16.8303	ok	96.5255	gamma	96.4744	95.52	83.22	95.2511	1023	1381
GCA_002335285.1__GCA_002786815.1	GCA_002335285.1	GCA_002786815.1	95-97	test	96.89	strict		DDCJ01000043.1	PCUQ01000087.1	97.9927	98.4051	0.4741	0.6692	0.04147	96.8473	280	0.9461	153	0.739	0.9005	97.7551	98.6833	0.4197	1.93	AlfI:98.39,AloI:98.30,BcgI:98.38,FalI:98.72	3298	280	3524	41	10.5929	ok	97.9927	gamma	97.8903	97.26	82.16	96.9592	724	1377
GCA_002352305.1__GCA_002393005.1	GCA_002352305.1	GCA_002393005.1	95-97	test	96.15	strict		DEIF01000097.1	DGID01000155.1	97.379	97.6646	0.5726	0.668	0.0582	96.2469	192	0.965	73	1.781	0.8488	97.2423	97.9113	0.405	1.53	AlfI:97.77,AloI:97.92,BcgI:97.61,FalI:97.52	2430	192	2774	44	11.474	ok	97.379	gamma	97.4044	96.01	75.43	96.0695	404	645
GCA_002376145.1__GCA_002477085.1	GCA_002376145.1	GCA_002477085.1	95-97	train	96.77	strict		DFNU01000013.1	DLOA01000006.1	97.1875	97.7893	0.8656	0.8337	0.06022	97.265	56	0.9835	33	0.855	0.8581	97.0924	98.1844	0.2398	0.96	AlfI:97.71,AloI:97.79,BcgI:97.91,FalI:97.67	2072	56	2513	124	36.0357	ok	97.1875	gamma	97.2655	96.76	83.31	96.9351	673	758
GCA_002392085.1__GCA_012840325.1	GCA_002392085.1	GCA_012840325.1	95-97	train	95.83	strict		DGGG01000023.1	DULP01000027.1	96.7875	97.1734	0.7366	0.6275	0.05321	95.9212	259	0.9871	36	1.968	0.8115	96.6007	97.605	0.373	2.81	AlfI:97.34,AloI:97.41,BcgI:97.04,FalI:97.17	3344	259	4155	79	11.668	ok	96.7875	gamma	96.7374	95.89	66.46	95.7724	616	743
GCA_002396445.1__GCA_002477705.1	GCA_002396445.1	GCA_002477705.1	95-97	train	95.32	strict		DGXV01000087.1	DLJW01000102.1	96.2389	96.7229	0.8061	0.7815	0.04063	95.5183	217	0.9819	110	1.968	0.7769	96.1523	97.247	0.4298	2.86	AlfI:96.78,AloI:96.81,BcgI:96.61,FalI:97.04	6315	217	8451	152	28.4977	ok	96.2389	gamma	96.2504	95.17	76.29	95.339	1082	1296
GCA_002419425.1__GCA_004138125.1	GCA_002419425.1	GCA_004138125.1	95-97	train	96.52	strict		DIGB01000007.1	RXHS01000012.1	97.1594	97.8569	0.8532	0.746	0.05191	97.0346	66	0.991	23	0.739	0.8632	97.0387	98.3138	0.1925	0.67	AlfI:97.84,AloI:97.87,BcgI:97.82,FalI:98.01	2715	66	3280	161	39.5455	ok	97.1594	gamma	97.1899	97.07	68.92	96.4763	694	774
GCA_002422665.1__GCA_019104985.1	GCA_002422665.1	GCA_019104985.1	95-97	test	95.28	low-AF		DITA01000112.1	JAHRWV010000044.1	97.0814	97.0814	0.2686	0.338	0.12129	94.1434	76	0.9558	20	inf	0.8115	97.2058	97.0109	0.2081	0.17	AlfI:96.93,AloI:97.14,BcgI:96.98,FalI:97.14	1032	76	835	20	6.68421	ok	97.0814	uniform	97.5146	95.17	67.69	94.1899	372	757
GCA_002483985.1__GCA_018372705.1	GCA_002483985.1	GCA_018372705.1	95-97	test	95.83	strict		DLIY01000035.1	JAHAIM010000037.1	97.1434	97.1434	0.3067	0.3538	0.08532	94.4575	171	0.8899	140	inf	0.8143	97.291	97.045	0.4186	1.55	AlfI:97.21,AloI:97.10,BcgI:96.91,FalI:97.33	1983	171	1594	33	7.61988	ok	97.1434	uniform	97.5091	95.4	71.41	94.8575	627	1223
GCA_002490885.1__GCA_900540065.1	GCA_002490885.1	GCA_900540065.1	95-97	train	96.96	strict		DKUW01000059.1	UQEX01000001.1	97.4348	97.8216	0.8269	0.8046	0.04793	97.1593	112	0.9815	56	1.189	0.8606	97.3329	98.093	0.3699	1.34	AlfI:97.67,AloI:98.04,BcgI:97.83,FalI:97.94	3137	112	3756	105	27.5804	ok	97.4348	gamma	97.4702	96.74	79.7	96.81	668	790
GCA_002496085.1__GCA_002507035.1	GCA_002496085.1	GCA_002507035.1	95-97	train	96.56	strict		DAIK01000147.1	DAYU01000171.1	96.6083	97.5182	0.5629	0.6261	0.07303	95.8391	135	0.9759	31	0.761	0.8389	96.5619	98.1385	0.5766	1.76	AlfI:97.47,AloI:97.86,BcgI:97.57,FalI:97.29	1754	135	2026	31	10.3111	ok	96.6083	gamma	96.763	96.06	68.16	95.9815	497	717
GCA_002684675.1__GCA_002690525.1	GCA_002684675.1	GCA_002690525.1	95-97	test	96.58	strict		NYVT01000008.1	NZEX01000132.1	97.5888	98.2411	0.6313	0.4827	0.06453	96.4295	116	0.9719	39	0.588	0.8897	97.4079	98.6372	0.2634	0.88	AlfI:98.43,AloI:98.23,BcgI:98.20,FalI:98.16	1560	116	1737	39	12.6121	ok	97.5888	gamma	97.613	97	55.44	96.5611	528	725
GCA_002689755.1__GCA_011522785.1	GCA_002689755.1	GCA_011522785.1	95-97	train	96.77	strict		NZHX01000152.1	WTII01000159.1	98.0557	98.2021	0.6712	0.3792	0.06185	96.367	168	0.9776	31	1.781	0.8863	98.0929	98.2488	0.2882	1.1	AlfI:98.20,AloI:98.21,BcgI:98.31,FalI:98.02	1774	168	1800	34	9.03571	ok	98.0557	gamma	98.2774	97.18	49.67	96.4514	489	599
GCA_002704555.1__GCA_003212435.1	GCA_002704555.1	GCA_003212435.1	95-97	test	96.97	low-AF		PAGW01000113.1	QCPS01000001.1	98.3298	98.3298	0.3138	0.4501	0.10322	95.7566	52	0.9801	9	inf	0.8958	98.1534	98.4097	0.7316	1.18	AlfI:98.56,AloI:97.83,BcgI:98.43,FalI:98.33	582	52	613	38	9.53846	ok	98.3298	uniform	98.4675	96.18	56.7	96.8678	228	602
GCA_002706995.1__GCF_014334315.1	GCA_002706995.1	GCF_014334315.1	95-97	test	96.18	strict		PALF01000001.1	NZ_JACSGS010000001.1	98.0272	98.2876	0.9143	0.7238	0.03317	97.5144	111	0.9968	16	1.14	0.8923	97.8856	98.466	0.3445	2.61	AlfI:98.18,AloI:98.42,BcgI:98.28,FalI:98.52	5190	111	5855	184	45.7117	ok	98.0272	gamma	97.9892	97.72	73.33	96.2562	1116	1192
GCA_002710335.1__GCA_003509725.1	GCA_002710335.1	GCA_003509725.1	95-97	train	96.16	strict		PAJZ01000034.1	DONE01000333.1	97.8648	98.0461	0.4412	0.2579	0.09239	95.3019	84	0.9711	19	1.781	0.8769	97.849	98.1393	0.4916	0.66	AlfI:98.03,AloI:98.39,BcgI:98.09,FalI:97.90	931	84	885	25	8.60714	ok	97.8648	gamma	98.1205	95.09	39.23	95.5751	326	505
GCA_002710405.1__GCA_902635265.1	GCA_002710405.1	GCA_902635265.1	95-97	test	96.71	low-AF		PAKA01000029.1	CACPMY010000001.1	97.4445	98.1934	0.4284	0.3588	0.19789	95.3695	13	1	0	0.538	0.8884	97.3051	98.6231	0.8071	0.95	AlfI:98.33,AloI:98.77,BcgI:98.71,FalI:97.97	168	13	198	27	11.8462	ok	97.4445	gamma	97.93	96.08	43.21	96.1707	107	200
GCA_002998695.1__GCA_900176625.1	GCA_002998695.1	GCA_900176625.1	95-97	train	96.84	strict		CP027242.1	LT838823.1	96.5403	97.5366	0.8935	0.8282	0.0819	97.0428	19	0.9864	18	0.669	0.8449	96.5147	98.1849	0.7803	5.46	AlfI:97.01,AloI:97.12,BcgI:97.10,FalI:97.79	1429	19	1682	638	69.6842	ok	96.5403	gamma	96.7451	96.95	73.69	96.5159	484	548
GCA_003216875.1__GCF_000015685.1	GCA_003216875.1	GCF_000015685.1	95-97	train	96.74	strict		QCIC01000001.1	NC_008819.1	97.5731	97.7619	0.8284	0.5498	0.09794	96.5683	30	0.9961	3	2.444	0.8593	97.3838	97.969	0.7881	3.25	AlfI:98.42,AloI:97.89,BcgI:97.63,FalI:97.63	830	30	984	86	26.6	ok	97.5731	gamma	97.664	96.54	56.44	96.4321	347	374
GCA_003218855.1__GCA_003219305.1	GCA_003218855.1	GCA_003219305.1	95-97	train	96.65	strict		QHOT01000067.1	QHQJ01000111.1	97.9539	98.1704	0.5653	0.5124	0.05301	96.4393	209	0.9622	71	1.565	0.8845	97.7711	98.3547	0.3075	0.81	AlfI:98.11,AloI:98.24,BcgI:98.21,FalI:97.93	2398	209	2467	39	9.6555	ok	97.9539	gamma	97.9328	96.79	64.1	96.4832	385	566
GCA_003219305.1__GCA_003219835.1	GCA_003219305.1	GCA_003219835.1	95-97	train	96.41	strict		QHQJ01000111.1	QHQG01000045.1	97.2208	97.7004	0.6837	0.566	0.05416	96.2399	214	0.9951	10	1.174	0.8514	97.0163	98.1052	0.2096	0.34	AlfI:97.77,AloI:97.85,BcgI:97.68,FalI:97.64	2674	214	3181	51	10.5047	ok	97.2208	gamma	97.1685	96.58	59.85	96.2845	453	526
GCA_003241705.1__GCA_009996505.1	GCA_003241705.1	GCA_009996505.1	95-97	train	96.56	strict		QFPQ01000235.1	JAACZW010000001.1	97.517	98.0543	0.6295	0.7155	0.03088	96.796	478	0.9955	27	0.807	0.876	97.3325	98.4234	0.2262	1.67	AlfI:98.09,AloI:98.23,BcgI:98.00,FalI:98.13	6825	478	8072	124	13.3787	ok	97.517	gamma	97.4255	97.02	71.51	96.7562	787	1168
GCA_003241705.1__GCF_018403535.1	GCA_003241705.1	GCF_018403535.1	95-97	train	96.75	strict		QFPQ01000235.1	NZ_BOUK01000001.1	97.5972	98.1689	0.6489	0.6741	0.02944	96.8436	482	0.9971	18	0.689	0.8839	97.4294	98.5276	0.1158	0.26	AlfI:98.16,AloI:98.17,BcgI:98.16,FalI:98.27	7108	482	8294	133	13.7469	ok	97.5972	gamma	97.5204	97.01	68.83	96.8593	824	1168
GCA_003281865.1__GCA_902559135.1	GCA_003281865.1	GCA_902559135.1	95-97	test	95.81	strict		QCAT01000001.1	CACEGK010000001.1	95.42	96.2503	0.7313	0.7345	0.14697	95.0896	33	0.9815	10	1.434	0.7528	95.4669	97.0726	2.1928	7.52	AlfI:95.69,AloI:96.52,BcgI:94.50,FalI:96.69	616	33	848	60	17.0909	ok	95.42	gamma	95.8159	94.84	79.21	95.2491	351	429
GCA_003316735.1__GCF_000585195.1	GCA_003316735.1	GCF_000585195.1	95-97	train	96.13	strict		PDKI01000010.1	NZ_JARV01000001.1	96.497	96.7487	0.853	0.8339	0.10297	96.305	28	0.9906	10	3.165	0.7924	96.4255	97.0178	2.8344	4.16	AlfI:96.64,AloI:96.89,BcgI:94.06,FalI:96.83	1153	28	1424	207	38.7143	ok	96.497	gamma	96.6852	95.67	81.42	95.8302	634	718
GCA_003316735.1__GCF_000648635.1	GCA_003316735.1	GCF_000648635.1	95-97	train	96.04	strict		PDKI01000010.1	NZ_JATO01000001.1	96.3153	96.6537	0.8721	0.8856	0.10396	96.3638	29	0.9917	9	2.516	0.7857	96.2896	96.9615	2.3575	2.92	AlfI:96.85,AloI:96.93,BcgI:94.57,FalI:96.69	1140	29	1450	207	37.8966	ok	96.3153	gamma	96.5494	95.7	82.2	95.6735	637	718
GCA_003445605.1__GCA_012521055.1	GCA_003445605.1	GCA_012521055.1	95-97	train	95.74	strict		DMDC01000040.1	JAAYNC010000153.1	96.7622	97.1153	0.5181	0.3256	0.10844	94.6206	87	0.9928	4	1.968	0.8108	96.7496	97.3784	0.5084	0.88	AlfI:97.24,AloI:96.76,BcgI:97.27,FalI:96.96	960	87	1040	15	7.29885	ok	96.7622	gamma	97.0297	95.34	45.44	94.6964	240	298
GCA_003445875.1__GCF_000803025.1	GCA_003445875.1	GCF_000803025.1	95-97	train	95.11	strict		DMCE01000009.1	NZ_JSCE01000001.1	97.0385	97.2989	0.5097	0.202	0.13147	94.443	43	0.9864	3	2.211	0.8251	97.0458	97.489	0.9181	2.28	AlfI:96.98,AloI:97.89,BcgI:96.99,FalI:97.55	622	43	657	14	6.06977	ok	97.0385	gamma	97.3922	95.4	30.63	95.071	225	240
GCA_003446955.1__GCA_017528775.1	GCA_003446955.1	GCA_017528775.1	95-97	train	95.43	verylow-AF		DMAY01000236.1	JAFXOK010000188.1			0	0			0	0	0					0		-	3	0	0	0	0	BELOW_DETECTION		none	71.5642					
GCA_003455175.1__GCA_902773985.1	GCA_003455175.1	GCA_902773985.1	95-97	train	96.49	strict		DMRZ01000169.1	CACYGS010000001.1	97.2387	98.424	0.5974	0.4569	0.06822	96.395	110	0.9902	8	0.282	0.902	97.423	98.8687	0.2657	0.93	AlfI:98.33,AloI:98.57,BcgI:98.53,FalI:98.30	1253	110	1391	30	8.37273	ok	97.2387	gamma	97.6519	97.21	54.47	96.9086	363	461
GCA_003483435.1__GCA_018265295.1	GCA_003483435.1	GCA_018265295.1	95-97	test	96.76	strict		DMWC01000104.1	JABLZL010000071.1	97.1026	97.9231	0.7311	0.7083	0.05325	96.8526	175	0.9886	25	0.65	0.8676	96.9497	98.4611	0.6304	3.93	AlfI:97.59,AloI:97.84,BcgI:97.95,FalI:98.22	2543	175	3051	68	13.4057	ok	97.1026	gamma	97.1069	96.69	67.95	96.5232	415	523
GCA_003526165.1__GCF_900104195.1	GCA_003526165.1	GCF_900104195.1	95-97	train	95.49	strict		DQBV01000266.1	NZ_FNJE01000043.1	96.2471	96.7315	0.6627	0.5473	0.10024	95.0958	92	0.9985	1	1.911	0.7861	96.1407	97.2431	0.3515	0.6	AlfI:96.64,AloI:96.85,BcgI:96.50,FalI:96.82	1168	92	1499	21	8.43478	ok	96.2471	gamma	96.3904	95.35	53.58	95.3177	462	545
GCA_003535915.1__GCF_018618775.1	GCA_003535915.1	GCF_018618775.1	95-97	train	95.44	strict		DPZE01000002.1	NZ_JACSMW010000001.1	95.4833	97.0932	0.9344	0.9311	0.05946	96.5995	27	0.9945	15	0.613	0.8076	95.8416	98.089	0.7204	4.13	AlfI:96.67,AloI:97.39,BcgI:97.02,FalI:97.26	2777	27	3852	396	101.37	ok	95.4833	gamma	95.9947	95.48	87.33	95.5749	928	971
GCA_003535915.1__GCF_018618835.1	GCA_003535915.1	GCF_018618835.1	95-97	train	95.32	strict		DPZE01000002.1	NZ_JACSMV010000001.1	95.68	97.191	0.871	0.8283	0.06014	96.359	42	0.9884	30	0.613	0.8148	95.9636	98.1319	0.5622	3.89	AlfI:96.88,AloI:97.42,BcgI:97.07,FalI:97.44	2670	42	3607	323	61.8571	ok	95.68	gamma	96.1207	95.24	81.9	95.3436	902	971
GCA_003537795.1__GCA_900544035.1	GCA_003537795.1	GCA_900544035.1	95-97	train	95.14	strict		DPQP01000011.1	UQTP01000001.1	94.586	95.8525	0.8287	0.8081	0.17041	95.0042	29	0.9735	12	1.189	0.7263	94.8578	97.0279	2.6414	5.1	AlfI:95.51,AloI:96.63,BcgI:93.99,FalI:96.15	504	29	734	84	16.2069	ok	94.586	gamma	95.2496	94.56	80.05	95.1493	351	406
GCA_004213165.1__GCF_001632025.1	GCA_004213165.1	GCF_001632025.1	95-97	train	96.99	strict		SHAR01000001.1	NZ_LVHQ01000001.1	97.6437	97.7934	0.9048	0.5692	0.05796	96.82	95	0.9981	4	2.781	0.859	97.5921	97.9057	0.4365	1.56	AlfI:97.89,AloI:97.45,BcgI:97.85,FalI:97.61	2166	95	2555	89	22.6947	ok	97.6437	gamma	97.7556	96.84	59	96.9344	444	453
GCA_004214085.1__GCA_018647415.1	GCA_004214085.1	GCA_018647415.1	95-97	train	96.96	strict		SGYV01000001.1	JABGTB010000008.1	96.9326	97.1173	0.8529	0.6463	0.13726	96.1919	30	1	0	3.165	0.8158	97.0164	97.1997	0.4916	0.28	AlfI:97.09,AloI:97.28,BcgI:96.79,FalI:97.16	549	30	664	54	17.1667	ok	96.9326	gamma	97.3722	96.65	70.95	96.6515	228	238
GCA_004214085.1__GCA_018655425.1	GCA_004214085.1	GCA_018655425.1	95-97	train	96.98	strict		SGYV01000001.1	JABIJS010000032.1	97.0856	97.0856	0.8522	0.6086	0.13745	96.0983	35	0.9897	5	inf	0.8136	97.0982	97.0875	0.1552	0.04	AlfI:96.98,AloI:97.14,BcgI:97.02,FalI:97.11	555	35	663	54	14.7714	ok	97.0856	uniform	97.4516	96.61	67.49	96.6613	227	238
GCA_004376705.1__GCA_019057855.1	GCA_004376705.1	GCA_019057855.1	95-97	test	96.53	low-AF		SOJD01000118.1	JAHLWN010000248.1	98.3619	98.5227	0.2566	0.1974	0.09876	95.173	49	0.9852	4	1.352	0.9094	98.18	98.6679	0.7346	1.4	AlfI:98.23,AloI:98.87,BcgI:98.14,FalI:98.58	712	49	613	15	6.42857	ok	98.3619	gamma	98.4974	95.86	37.3	95.3256	390	733
GCA_004553245.1__GCA_905211025.1	GCA_004553245.1	GCA_905211025.1	95-97	train	95.94	low-AF		SFMA01000172.1	CAJLZB010000001.1	97.054	97.5813	0.5385	0.6232	0.05981	95.8567	122	0.9806	41	1.14	0.8434	96.9071	97.9973	0.3009	0.95	AlfI:97.67,AloI:97.55,BcgI:97.62,FalI:97.37	2558	122	2812	60	17.9672	ok	97.054	gamma	97.0726	96.24	59.96	96.1135	569	886
GCA_004557765.1__GCA_905203325.1	GCA_004557765.1	GCA_905203325.1	95-97	train	95.55	strict		SFFT01000118.1	CAJKVG010000001.1	96.0488	96.981	0.7337	0.755	0.07993	95.9126	107	0.9916	11	1.014	0.7996	96.0309	97.7578	0.21	0.23	AlfI:96.98,AloI:97.12,BcgI:96.91,FalI:97.05	1610	107	2125	53	13.1121	ok	96.0488	gamma	96.233	95.84	77.42	95.9912	406	499
GCA_004560015.1__GCA_015655785.1	GCA_004560015.1	GCA_015655785.1	95-97	train	96.1	strict		SFWG01000105.1	DVEZ01000012.1	96.1626	96.6594	0.671	0.6326	0.08692	95.2041	97	0.9959	5	1.968	0.776	96.0859	97.1778	0.6343	1.5	AlfI:96.76,AloI:96.99,BcgI:96.73,FalI:96.36	1733	97	1944	65	13.6082	ok	96.1626	gamma	96.2971	95.97	63.58	95.8675	403	481
GCA_004563465.1__GCA_018916745.1	GCA_004563465.1	GCA_018916745.1	95-97	train	95.62	strict		SFSR01000001.1	JAHLNG010000001.1	96.6267	97.1205	0.4262	0.4039	0.09862	94.5867	81	0.9949	3	1.52	0.8106	96.5582	97.5431	0.2915	0.37	AlfI:97.21,AloI:97.28,BcgI:96.99,FalI:97.14	1258	81	1263	26	8.17284	ok	96.6267	gamma	96.8124	95.08	56.69	95.4084	372	543
GCA_007096815.1__GCF_014218765.1	GCA_007096815.1	GCF_014218765.1	95-97	train	95.94	strict		SFAE01000001.1	NZ_JACEGC010000001.1	95.4473	96.6532	0.519	0.4711	0.0791	94.4374	174	0.9685	38	0.985	0.7755	95.5617	97.6454	0.9181	8.67	AlfI:96.16,AloI:96.65,BcgI:96.99,FalI:96.07	2740	174	2495	24	7.71839	ok	95.4473	gamma	95.7543	94.97	58.58	94.9547	1086	1402
GCA_007122115.1__GCF_000337715.1	GCA_007122115.1	GCF_000337715.1	95-97	train	95.55	strict		SKUJ01000130.1	NZ_AOHY01000001.1	96.2728	96.9652	0.8145	0.5297	0.05508	95.5886	288	0.9984	4	1.297	0.7951	96.2115	97.5882	0.6087	2.25	AlfI:96.45,AloI:97.06,BcgI:97.00,FalI:97.05	3476	288	4306	40	9.84375	ok	96.2728	gamma	96.3491	95.82	53.47	95.8209	601	645
GCA_007845265.1__GCA_015257495.1	GCA_007845265.1	GCA_015257495.1	95-97	train	95.71	strict		SDRM01000010.1	JABZKA010000010.1	95.602	96.587	0.8812	0.8698	0.15034	96.0154	24	0.9955	2	1.14	0.7703	95.6911	97.4367	1.302	1.07	AlfI:96.35,AloI:95.47,BcgI:96.69,FalI:96.78	499	24	690	63	19.5	ok	95.602	gamma	96.0539	95.8	86.69	95.6462	205	220
GCA_007845345.1__GCA_015257495.1	GCA_007845345.1	GCA_015257495.1	95-97	train	95.73	strict		SDRP01000010.1	JABZKA010000010.1	95.8529	96.861	0.7901	0.6044	0.16388	95.431	30	0.9967	1	1.014	0.7914	95.8686	97.7081	1.6811	1.04	AlfI:96.90,AloI:95.36,BcgI:96.89,FalI:97.04	400	30	532	25	11.1333	ok	95.8529	gamma	96.2781	95.87	64.29	95.7155	140	154
GCA_008033035.1__GCF_009740305.1	GCA_008033035.1	GCF_009740305.1	95-97	train	95.05	strict		CP032043.1	NZ_WADS01000001.1	95.4906	96.1543	0.8642	0.8605	0.12235	95.6135	29	0.9665	28	1.968	0.7432	95.3813	96.977	1.3135	4.85	AlfI:96.82,AloI:95.64,BcgI:95.50,FalI:96.09	914	29	1222	122	28.8966	ok	95.4906	gamma	95.6668	95.45	88.72	95.5003	482	544
GCA_008662055.1__GCF_003428235.1	GCA_008662055.1	GCF_003428235.1	95-97	test	95.45	strict		RPZO01000135.1	NZ_QVOJ01000001.1	95.8217	97.1273	0.734	0.6363	0.05703	95.6684	193	0.9945	14	0.709	0.8091	96.0229	97.9955	0.1619	0.33	AlfI:97.19,AloI:97.24,BcgI:97.08,FalI:97.14	2979	193	3955	61	14.0725	ok	95.8217	gamma	96.169	94.77	55.98	94.7218	559	669
GCA_009711595.1__GCA_017751145.1	GCA_009711595.1	GCA_017751145.1	95-97	train	96.21	strict		VENM01000005.1	CP046640.1	95.0972	96.8549	0.6631	0.7067	0.09693	95.3798	43	0.9864	15	0.65	0.7962	95.4711	98.0053	1.6162	5.32	AlfI:97.10,AloI:97.38,BcgI:95.76,FalI:96.89	1365	43	1677	138	26.3721	ok	95.0972	gamma	95.7184	95.44	71.26	95.49	1046	1376
GCA_009835815.1__GCA_011523455.1	GCA_009835815.1	GCA_011523455.1	95-97	train	95.52	strict		VXWQ01000260.1	WTGS01000005.1	96.67	97.141	0.6975	0.6784	0.04125	95.9098	425	0.9863	65	1.631	0.8097	96.5537	97.5799	0.4244	3.03	AlfI:97.08,AloI:97.05,BcgI:97.23,FalI:96.81	5874	425	7038	60	12.0494	ok	96.67	gamma	96.6595	95.49	73.42	95.396	1220	1526
GCA_009837505.1__GCA_009839875.1	GCA_009837505.1	GCA_009839875.1	95-97	train	95.44	strict		VXTK01000263.1	VXOW01000142.1	96.7084	97.1551	0.6826	0.5867	0.06107	95.7511	247	0.9864	28	1.631	0.8098	96.6463	97.5466	1.3967	10.64	AlfI:97.04,AloI:97.30,BcgI:97.10,FalI:98.44	2874	247	3146	47	9.22267	ok	96.7084	gamma	96.8024	95.57	63.75	95.156	420	503
GCA_009838445.1__GCA_009840025.1	GCA_009838445.1	GCA_009840025.1	95-97	test	95.05	strict		VXRO01000161.1	VXOO01000111.1	95.7464	96.8048	0.7627	0.7603	0.05524	95.729	243	0.9915	25	0.985	0.7839	95.8519	97.6484	0.3204	0.9	AlfI:96.73,AloI:96.59,BcgI:96.85,FalI:96.92	3617	243	4707	68	13.037	ok	95.7464	gamma	95.9876	95.32	76.34	95.5083	800	940
GCA_009842195.1__GCA_009844335.1	GCA_009842195.1	GCA_009844335.1	95-97	train	95.85	strict		VYFV01000272.1	VYBR01000003.1	96.8583	97.6893	0.6956	0.6845	0.05247	96.4952	232	0.9815	45	0.709	0.8506	96.8357	98.2047	0.2226	0.66	AlfI:97.71,AloI:97.73,BcgI:97.72,FalI:97.51	2954	232	3530	63	11.2931	ok	96.8583	gamma	96.9838	95.88	80.89	96.0057	780	926
GCA_009996505.1__GCF_018403535.1	GCA_009996505.1	GCF_018403535.1	95-97	train	96.88	strict		JAACZW010000001.1	NZ_BOUK01000001.1	97.2631	97.9032	0.8912	0.8378	0.03011	96.9739	111	0.9915	64	0.783	0.8653	97.1129	98.3384	0.2181	1.63	AlfI:97.97,AloI:97.93,BcgI:97.85,FalI:98.07	7649	111	9334	225	68.027	ok	97.2631	gamma	97.2008	96.87	79.79	96.6772	1172	1291
GCA_012843005.1__GCA_018432545.1	GCA_012843005.1	GCA_018432545.1	95-97	train	96.98	strict		DURU01000013.1	JAHDSR010000029.1	97.202	97.6207	0.8179	0.6473	0.06695	96.6598	122	0.9895	17	1.189	0.8479	97.2177	97.8581	0.2938	0.92	AlfI:97.63,AloI:97.77,BcgI:97.71,FalI:97.48	1858	122	2189	67	14.123	ok	97.202	gamma	97.4041	96.68	71.6	96.7816	454	481
GCA_013139715.1__GCA_013374455.1	GCA_013139715.1	GCA_013374455.1	95-97	train	96.53	strict		WTAH01000177.1	QCYW01000193.1	97.7314	97.7314	0.3609	0.3034	0.10078	94.8919	67	1	0	inf	0.8539	97.5381	97.8373	0.3591	0.5	AlfI:97.55,AloI:97.91,BcgI:97.81,FalI:97.74	874	67	882	24	6.1194	ok	97.7314	uniform	97.8195	96.5	40.05	93.8334	258	371
GCA_013139715.1__GCA_013374465.1	GCA_013139715.1	GCA_013374465.1	95-97	train	96.59	low-AF		WTAH01000177.1	QGHJ01000167.1	97.4743	97.8569	0.2656	0.2622	0.11655	94.5943	40	1	0	1.189	0.8628	97.344	98.136	0.7675	2.35	AlfI:97.51,AloI:98.28,BcgI:98.11,FalI:97.61	649	40	638	20	5.8	ok	97.4743	gamma	97.6809	96.05	37.19	93.3819	212	371
GCA_013333095.2__GCA_015263645.1	GCA_013333095.2	GCA_015263645.1	95-97	test	96.81	strict		JABCPM020000001.1	JABZQM010000100.1	97.5201	97.9403	0.6806	0.6912	0.07346	96.7979	102	0.9572	52	0.973	0.8697	97.4392	98.2071	0.6511	3.45	AlfI:97.60,AloI:97.84,BcgI:97.89,FalI:98.25	1394	102	1546	37	12.402	ok	97.5201	gamma	97.6551	96.84	83.21	96.8898	369	490
GCA_014803995.1__GCA_014804015.1	GCA_014803995.1	GCA_014804015.1	95-97	train	95.81	strict		JAAVAQ010000001.1	JAAVAN010000001.1	95.574	97.0039	0.8664	0.773	0.06429	96.0734	55	0.9917	20	0.718	0.8014	95.7986	97.9851	0.237	0.64	AlfI:96.85,AloI:96.92,BcgI:97.08,FalI:96.97	2656	55	3365	197	44.5091	ok	95.574	gamma	95.962	96.23	68.87	95.7928	673	767
GCA_014847535.1__GCA_900066535.1	GCA_014847535.1	GCA_900066535.1	95-97	train	96.77	strict		RKDV01000209.1	FMFH01000086.1	97.4202	97.8827	0.7199	0.4439	0.06166	96.2456	186	0.9973	4	1.014	0.8644	97.2555	98.2299	0.4103	1.32	AlfI:97.64,AloI:98.05,BcgI:97.86,FalI:97.95	2136	186	2319	42	8.98387	ok	97.4202	gamma	97.4357	96.88	45.83	96.5688	519	576
GCA_014865025.1__GCA_905215165.1	GCA_014865025.1	GCA_905215165.1	95-97	train	96.35	strict		WGZX01000001.1	CAJMOY010000001.1	96.5539	97.3856	0.6108	0.6682	0.07597	95.9718	147	0.9943	7	0.855	0.8328	96.5033	97.9878	0.4749	1.57	AlfI:97.43,AloI:97.43,BcgI:97.01,FalI:97.48	1693	147	2052	32	9.36735	ok	96.5539	gamma	96.7102	96.29	78.43	96.3505	623	764
GCA_014872635.1__GCA_018370735.1	GCA_014872635.1	GCA_018370735.1	95-97	train	96.05	strict		WHHK01000001.1	JAGYZV010000052.1	96.3632	96.8749	0.7231	0.685	0.0767	95.661	125	0.9965	5	1.729	0.7899	96.2766	97.3815	0.1151	0.13	AlfI:96.91,AloI:96.90,BcgI:96.82,FalI:96.94	1769	125	2268	52	12.328	ok	96.3632	gamma	96.4664	95.88	75.33	96.0042	496	578
GCA_015259595.1__GCA_905372995.1	GCA_015259595.1	GCA_905372995.1	95-97	test	96.71	strict		JABZFX010000046.1	CAJPRA010000001.1	97.226	97.7188	0.7384	0.7584	0.07298	96.882	118	0.9617	53	1.014	0.856	97.141	98.053	0.642	1.67	AlfI:97.72,AloI:98.21,BcgI:97.56,FalI:97.73	1611	118	1827	48	12.2881	ok	97.226	gamma	97.3496	96.76	89.03	96.7297	486	600
GCA_015295965.1__GCF_016919485.1	GCA_015295965.1	GCF_016919485.1	95-97	train	95.13	strict		DVEA01000301.1	NZ_CP070366.1	96.4696	96.9778	0.8387	0.797	0.04147	96.2415	343	0.9933	33	1.68	0.7977	96.3582	97.4735	0.6652	6.05	AlfI:97.09,AloI:96.80,BcgI:97.03,FalI:96.43	6361	343	7416	85	15.3353	ok	96.4696	gamma	96.4621	95.88	78.63	95.902	1359	1445
GCA_015659075.1__GCA_910595815.1	GCA_015659075.1	GCA_910595815.1	95-97	test	96.62	strict		DQNR01000010.1	CAJVCM010000001.1	97.8254	98.1177	0.6198	0.6845	0.09742	96.8136	55	0.9686	19	1.189	0.8829	97.6811	98.3281	1.138	1.77	AlfI:97.94,AloI:99.08,BcgI:98.14,FalI:98.18	741	55	789	44	11.6727	ok	97.8254	gamma	97.9765	97.06	85.64	96.7467	256	337
GCA_015661595.1__GCF_004209405.1	GCA_015661595.1	GCF_004209405.1	95-97	train	96.55	strict		DQVT01000006.1	NZ_SGSV01000001.1	96.628	97.2282	0.7746	0.8209	0.06016	96.4131	82	0.9875	31	1.26	0.8194	96.5016	97.7497	0.1936	0.21	AlfI:97.27,AloI:97.08,BcgI:97.19,FalI:97.25	2606	82	3321	112	30.8049	ok	96.628	gamma	96.6596	96.54	84.22	96.4339	959	1165
GCA_015762695.1__GCA_015762725.1	GCA_015762695.1	GCA_015762725.1	95-97	test	96.42	strict		RYVO01000010.1	RYVQ01000001.1	97.5781	97.5781	0.5076	0.6205	0.04917	95.9021	218	0.9473	166	inf	0.8424	97.4856	97.6344	0.5378	2.32	AlfI:97.51,AloI:98.05,BcgI:97.57,FalI:97.61	3460	218	3838	71	14.6881	ok	97.5781	uniform	97.6187	96.08	70.48	95.9752	792	1429
GCA_015999485.1__GCF_014269035.2	GCA_015999485.1	GCF_014269035.2	95-97	train	96.09	strict		CP065517.1	NZ_JABWRP020000001.1	96.7171	97.26	0.743	0.8834	0.03113	95.8565	76	0.9917	75	1.392	0.8186	96.5492	97.7778	0.2207	1.57	AlfI:97.24,AloI:97.45,BcgI:97.23,FalI:97.40	9941	76	11852	481	118.855	ok	96.7171	gamma	96.6303	96.09	81.75	96.1174	1620	2197
GCA_016284805.1__GCA_902778395.1	GCA_016284805.1	GCA_902778395.1	95-97	train	96.1	strict		JAEEPL010000279.1	CACYXQ010000001.1	97.3611	97.852	0.5131	0.478	0.06942	95.8172	153	0.9918	8	0.945	0.8618	97.2751	98.1671	0.5403	2.87	AlfI:97.46,AloI:97.57,BcgI:98.00,FalI:97.93	1824	153	1814	21	7.31373	ok	97.3611	gamma	97.4763	96.2	67.77	95.7532	340	424
GCA_016285435.1__GCA_017475125.1	GCA_016285435.1	GCA_017475125.1	95-97	train	96.79	strict		JAEEQT010000025.1	JAFVGD010000009.1	97.9627	98.2609	0.5869	0.6637	0.03296	97.0325	451	0.981	89	1.044	0.8911	97.8088	98.4632	0.1213	0.42	AlfI:98.26,AloI:98.22,BcgI:98.24,FalI:98.34	6051	451	6099	41	11.1729	ok	97.9627	gamma	97.9118	96.72	75.07	96.2225	790	1139
GCA_016287345.1__GCA_017527275.1	GCA_016287345.1	GCA_017527275.1	95-97	train	96.08	strict		JAEEWJ010000088.1	JAFXQF010000024.1	96.2602	97.1502	0.7777	0.7383	0.06078	96.0408	79	0.9938	15	0.945	0.8115	96.2621	97.8227	0.3955	0.86	AlfI:97.24,AloI:96.84,BcgI:97.14,FalI:97.19	2590	79	3378	114	31.481	ok	96.2602	gamma	96.4191	96.21	69.96	96.0735	655	797
GCA_016702805.1__GCA_016705825.1	GCA_016702805.1	GCA_016705825.1	95-97	train	96.02	strict		JADJDH010000001.1	JADJKU010000001.1	96.8405	97.5556	0.8991	0.9233	0.03164	96.7461	104	0.9915	69	0.918	0.8402	96.7143	98.0976	0.7109	6.16	AlfI:97.45,AloI:97.38,BcgI:97.57,FalI:98.09	8195	104	10129	548	78.0769	ok	96.8405	gamma	96.8007	96.26	82.85	96.3875	1313	1510
GCA_016780855.1__GCA_902539465.1	GCA_016780855.1	GCA_902539465.1	95-97	train	96.32	strict		JADHLE010000023.1	CACBJJ010000001.1	96.7726	97.029	0.5451	0.4957	0.07361	94.9636	88	0.9837	27	2.948	0.8028	96.6325	97.3326	0.4976	1.16	AlfI:97.18,AloI:96.68,BcgI:97.02,FalI:96.81	1833	88	2271	71	19.5455	ok	96.7726	gamma	96.8187	95.63	54.58	95.83	466	781
GCA_016887665.1__GCF_007679725.1	GCA_016887665.1	GCF_007679725.1	95-97	train	95.33	strict		JAFEHC010000001.1	NZ_VEJL01000010.1	95.6262	96.1259	0.7497	0.7909	0.04876	94.6591	74	0.9966	17	2.516	0.7331	95.5415	96.7716	0.6275	6.89	AlfI:96.39,AloI:96.32,BcgI:96.07,FalI:95.76	5151	74	7385	229	68.4189	ok	95.6262	gamma	95.6531	94.95	73.7	95.1716	1704	2232
GCA_016887665.1__GCF_015143645.1	GCA_016887665.1	GCF_015143645.1	95-97	train	95.48	strict		JAFEHC010000001.1	NZ_WYEV01000001.1	95.7367	96.1836	0.7318	0.7862	0.04872	94.7169	86	0.9943	28	2.701	0.7376	95.6501	96.753	0.8955	12.08	AlfI:96.54,AloI:96.21,BcgI:96.18,FalI:95.64	5123	86	7219	375	58.1628	ok	95.7367	gamma	95.7623	94.8	74.89	95.2174	1669	2232
GCA_017388425.1__GCA_902773315.1	GCA_017388425.1	GCA_902773315.1	95-97	test	96.29	strict		JAFPIV010000151.1	CACYEA010000001.1	97.4817	97.7674	0.4853	0.4724	0.06505	95.7195	201	0.974	32	1.631	0.8557	97.3704	97.9917	0.2943	0.77	AlfI:97.69,AloI:97.96,BcgI:97.82,FalI:97.66	2002	201	2097	21	6.97015	ok	97.4817	gamma	97.5543	96.41	64.6	95.3192	339	472
GCA_017394725.1__GCA_902778865.1	GCA_017394725.1	GCA_902778865.1	95-97	test	95.87	strict		JAFPXG010000011.1	CACYZG010000001.1	96.449	97.5296	0.7743	0.5818	0.06194	96.1119	102	0.9831	35	0.669	0.8405	96.4557	98.2214	0.561	4.45	AlfI:97.49,AloI:97.70,BcgI:97.73,FalI:97.16	2361	102	2838	100	20.9216	ok	96.449	gamma	96.6271	96.12	57.08	95.9318	686	820
GCA_017400085.1__GCA_017452065.1	GCA_017400085.1	GCA_017452065.1	95-97	train	96.51	strict		JAFQAE010000008.1	JAFTNC010000064.1	97.4243	97.6988	0.6682	0.6735	0.05762	96.5177	175	0.9359	143	1.781	0.8519	97.3076	97.9267	0.486	1.27	AlfI:97.72,AloI:98.14,BcgI:97.65,FalI:97.70	2509	175	2745	61	12.9371	ok	97.4243	gamma	97.4686	96.41	80.8	96.2811	459	653
GCA_017413135.1__GCA_902756035.1	GCA_017413135.1	GCA_902756035.1	95-97	test	96.78	strict		JAFPUZ010000027.1	CACVPU010000001.1	97.5691	98.1507	0.5692	0.755	0.05111	96.8011	102	0.9891	25	0.689	0.8829	97.3868	98.5263	0.3116	1.53	AlfI:98.09,AloI:98.41,BcgI:98.11,FalI:98.11	2504	102	2885	120	23.2255	ok	97.5691	gamma	97.5452	97.22	75.15	96.8862	581	919
GCA_017427085.1__GCA_017429405.1	GCA_017427085.1	GCA_017429405.1	95-97	test	96.99	strict		JAFRTT010000017.1	JAFROZ010000033.1	97.7541	98.4085	0.662	0.694	0.04244	97.2307	169	0.9526	137	0.487	0.9012	97.6004	98.7579	0.2762	0.53	AlfI:98.39,AloI:98.64,BcgI:98.41,FalI:98.36	3751	169	3455	64	17.3077	ok	97.7541	gamma	97.7405	97.54	77.17	97.2191	525	785
GCA_017437245.1__GCA_017505835.1	GCA_017437245.1	GCA_017505835.1	95-97	train	95.82	strict		JAFSBO010000008.1	JAFVOL010000024.1	96.6892	97.1238	0.6548	0.604	0.07294	95.6352	141	0.9599	65	1.729	0.8098	96.5838	97.5351	0.27	0.61	AlfI:97.12,AloI:97.06,BcgI:97.07,FalI:97.33	1928	141	2266	60	12.0284	ok	96.6892	gamma	96.7707	95.79	73.03	95.797	490	677
GCA_017445735.1__GCA_902762425.1	GCA_017445735.1	GCA_902762425.1	95-97	train	96.36	strict		JAFSSF010000166.1	CACWOD010000001.1	97.343	97.7473	0.6471	0.4693	0.07056	95.9931	162	1	0	1.26	0.8548	97.1934	98.0708	0.1163	0.14	AlfI:97.78,AloI:97.83,BcgI:97.71,FalI:97.72	1623	162	1881	22	7.55556	ok	97.343	gamma	97.394	96.6	55.62	96.487	278	314
GCA_017452065.1__GCA_017517885.1	GCA_017452065.1	GCA_017517885.1	95-97	train	96.56	strict		JAFTNC010000064.1	JAFWXV010000163.1	97.2489	97.5999	0.5903	0.7416	0.06258	96.4092	183	0.9747	42	1.584	0.8448	97.0888	97.9107	0.9843	3.91	AlfI:97.59,AloI:98.40,BcgI:97.59,FalI:97.42	2158	183	2470	39	9.8306	ok	97.2489	gamma	97.2614	96.55	87.52	96.1584	368	543
GCA_017460465.1__GCA_017470205.1	GCA_017460465.1	GCA_017470205.1	95-97	train	96.99	strict		JAFUAZ010000033.1	JAFUEY010000076.1	97.7188	98.0467	0.6904	0.456	0.06909	96.349	109	0.9812	23	1.189	0.8767	97.5401	98.3001	0.1502	0.22	AlfI:97.98,AloI:98.07,BcgI:98.02,FalI:98.13	1444	109	1631	47	12.0275	ok	97.7188	gamma	97.7474	97.19	50.53	96.9047	399	486
GCA_017480725.1__GCA_017635005.1	GCA_017480725.1	GCA_017635005.1	95-97	train	96.83	low-AF		JAFUSF010000045.1	JAGBMI010000058.1	97.5596	98.2023	0.4933	0.6645	0.05424	96.492	105	0.9695	63	0.588	0.888	97.4096	98.5789	0.3225	0.75	AlfI:98.20,AloI:97.95,BcgI:98.18,FalI:98.27	2267	105	2528	80	20.0476	ok	97.5596	gamma	97.581	97.29	72.29	96.7945	613	1120
GCA_017518545.1__GCA_902803705.1	GCA_017518545.1	GCA_902803705.1	95-97	train	95.83	strict		JAFWUT010000119.1	CADCQY010000001.1	97.401	97.5295	0.4808	0.4772	0.07275	95.4555	156	0.9823	18	3.93	0.839	97.3	97.6676	0.2357	0.53	AlfI:97.59,AloI:97.44,BcgI:97.59,FalI:97.35	1801	156	1868	28	7.41667	ok	97.401	gamma	97.4974	95.94	69.18	95.3031	319	473
GCA_017531355.1__GCA_902774955.1	GCA_017531355.1	GCA_902774955.1	95-97	train	95.88	strict		JAFXLF010000107.1	CACYKJ010000001.1	97.0854	97.464	0.7622	0.6445	0.04702	96.3531	273	0.9958	14	1.565	0.8354	96.9884	97.7663	0.274	1.29	AlfI:97.56,AloI:97.53,BcgI:97.48,FalI:97.29	3895	273	4702	72	13.1392	ok	97.0854	gamma	97.1156	96.23	65.31	96.1642	545	613
GCA_017540405.1__GCA_902780895.1	GCA_017540405.1	GCA_902780895.1	95-97	train	95.86	strict		JAFYBC010000027.1	CACZHF010000001.1	96.193	96.7926	0.8874	0.8278	0.061	96.1073	58	0.9963	10	1.584	0.7848	96.1052	97.3956	0.4026	1.68	AlfI:96.88,AloI:97.08,BcgI:96.67,FalI:96.88	2800	58	3805	167	47.7069	ok	96.193	gamma	96.2554	95.52	77.04	95.8442	607	678
GCA_017743455.1__GCA_017743655.1	GCA_017743455.1	GCA_017743655.1	95-97	train	95.46	strict		JAGHYW010000053.1	JAGHYM010000058.1	96.7054	98.0272	0.579	0.5571	0.04349	96.2748	348	0.988	31	0.376	0.8747	96.9529	98.5965	0.3975	2.79	AlfI:98.21,AloI:97.81,BcgI:97.99,FalI:97.84	3705	348	4304	44	8.33046	ok	96.7054	gamma	97.0841	95.78	68.05	95.6755	730	959
GCA_017854185.1__GCA_018667975.1	GCA_017854185.1	GCA_018667975.1	95-97	train	96.28	strict		JAFMIE010000008.1	JABIQU010000097.1	97.6486	97.6486	0.2504	0.2903	0.12639	94.5851	74	0.9178	37	inf	0.8519	97.932	97.498	0.5496	0.23	AlfI:97.71,AloI:97.26,BcgI:97.81,FalI:97.61	938	74	582	22	6.58108	INCONSISTENT	97.6486	uniform	98.2692	96.1	89.17	95.7927	311	616
GCA_017854335.1__GCA_018667975.1	GCA_017854335.1	GCA_018667975.1	95-97	train	96.25	strict		JAFMHV010000109.1	JABIQU010000097.1	97.3452	97.4891	0.2667	0.3012	0.12688	94.4523	69	0.9497	19	2.863	0.841	97.5761	97.4443	0.5356	0.22	AlfI:97.50,AloI:97.18,BcgI:97.71,FalI:97.46	930	69	634	20	6.2029	ok	97.3452	gamma	97.915	96.09	87.3	95.7492	299	569
GCA_017958655.1__GCA_900321615.1	GCA_017958655.1	GCA_900321615.1	95-97	train	95.5	strict		JAGDCF010000030.1	ONWS01000400.1	96.8859	96.9961	0.4826	0.3191	0.09625	94.4891	120	0.9733	22	5.239	0.8028	97.0031	97.0044	0.3851	0.96	AlfI:97.08,AloI:97.03,BcgI:96.76,FalI:97.14	1315	120	1342	24	7.69167	ok	96.8859	gamma	97.2455	95.18	47.76	94.9656	275	393
GCA_017960495.1__GCA_017963185.1	GCA_017960495.1	GCA_017963185.1	95-97	test	95.21	strict		JAGCZB010000124.1	JAGCTX010000196.1	96.6286	97.1933	0.4951	0.2739	0.09049	94.5624	129	0.9749	21	1.297	0.8186	96.5374	97.659	0.8737	2.17	AlfI:96.95,AloI:97.82,BcgI:97.20,FalI:97.21	1456	129	1517	16	7.33333	ok	96.6286	gamma	96.7762	95.24	39.77	94.9296	520	688
GCA_017983885.1__GCA_018241285.1	GCA_017983885.1	GCA_018241285.1	95-97	train	96.64	strict		JAGOAQ010000039.1	JAFEED010000100.1	97.3264	97.7747	0.8052	0.8651	0.03017	96.9162	259	0.9724	218	1.14	0.8569	97.1649	98.1245	0.4367	5.23	AlfI:97.74,AloI:97.71,BcgI:97.75,FalI:98.15	8186	259	9721	213	30.6332	ok	97.3264	gamma	97.2505	97.02	87.06	96.7471	1107	1429
GCA_018056875.1__GCA_018434395.1	GCA_018056875.1	GCA_018434395.1	95-97	test	96.43	strict		JAGPEU010000047.1	JAHDPK010000029.1	96.7769	97.2261	0.6441	0.5974	0.09495	95.7074	75	0.9865	13	1.52	0.8217	96.7047	97.5919	0.6924	1.8	AlfI:97.54,AloI:97.29,BcgI:96.85,FalI:97.25	1118	75	1352	63	13.6533	ok	96.7769	gamma	96.9562	95.97	65.05	95.9204	424	575
GCA_018265115.1__GCA_905209055.1	GCA_018265115.1	GCA_905209055.1	95-97	test	95.72	strict		JABLZW010000013.1	CAJLRP010000001.1	96.3922	97.0176	0.8383	0.8019	0.05446	96.1865	115	0.9877	38	1.392	0.8	96.2865	97.6136	0.3667	1.18	AlfI:96.90,AloI:97.27,BcgI:97.07,FalI:96.91	3222	115	4287	270	27.4696	ok	96.3922	gamma	96.4233	95.7	79.23	95.8406	499	569
GCA_018370735.1__GCA_905212425.1	GCA_018370735.1	GCA_905212425.1	95-97	train	96.04	strict		JAGYZV010000052.1	CAJMED010000001.1	96.434	96.9294	0.771	0.8313	0.07384	96.1386	77	0.9808	33	1.781	0.7943	96.2959	97.4493	0.488	1.68	AlfI:97.11,AloI:96.99,BcgI:96.84,FalI:96.62	1852	77	2409	101	22.8701	ok	96.434	gamma	96.4802	96.05	88.18	96.1696	581	727
GCA_018374455.1__GCF_001053035.1	GCA_018374455.1	GCF_001053035.1	95-97	test	95.73	strict		JAHAFC010000005.1	NZ_JVYT01000008.1	95.3039	96.8015	0.8366	0.8814	0.08869	96.1331	35	0.9893	14	0.709	0.7887	95.7084	97.754	0.3732	0.63	AlfI:96.97,AloI:97.07,BcgI:96.70,FalI:96.76	1399	35	1903	96	37.8857	ok	95.3039	gamma	95.9288	95.7	87.31	95.8979	581	647
GCA_018374935.1__GCA_018379525.1	GCA_018374935.1	GCA_018379525.1	95-97	train	96.09	strict		JAHAEE010000005.1	JAGZVJ010000037.1	96.9424	97.4427	0.8308	0.8079	0.05467	96.7434	93	0.9841	44	1.297	0.834	96.7984	97.8602	0.4895	2.99	AlfI:97.64,AloI:97.65,BcgI:97.47,FalI:97.16	2916	93	3599	139	30.2258	ok	96.9424	gamma	96.9465	96.18	83.5	96.2827	683	784
GCA_018378165.1__GCF_003992235.1	GCA_018378165.1	GCF_003992235.1	95-97	train	96.66	strict		JAGZXY010000015.1	NZ_RQVF01000001.1	96.4898	97.7375	0.8426	0.8309	0.09186	97.0836	25	0.9955	4	0.523	0.8561	96.5417	98.4544	0.8009	1.95	AlfI:97.53,AloI:97.13,BcgI:97.81,FalI:97.93	944	25	1200	146	36.56	ok	96.4898	gamma	96.8074	96.96	82.08	96.7153	501	571
GCA_018381885.1__GCF_001055885.1	GCA_018381885.1	GCF_001055885.1	95-97	train	95.01	strict		JAGZRA010000045.1	NZ_JVPX01000001.1	94.8944	95.7162	0.8669	0.8697	0.10256	95.0563	51	0.9942	7	1.833	0.7045	95.0178	96.6468	0.6041	2.38	AlfI:95.51,AloI:95.47,BcgI:95.52,FalI:96.08	1282	51	1928	129	24.3922	ok	94.8944	gamma	95.245	94.81	85.93	95.118	569	633
GCA_018433115.1__GCF_000213235.1	GCA_018433115.1	GCF_000213235.1	95-97	train	96.04	strict		JAHDRS010000013.1	NC_015519.1	95.6587	96.6988	0.7782	0.7638	0.0839	95.7624	116	0.9984	2	1.014	0.7829	95.7543	97.5349	0.824	1.96	AlfI:96.64,AloI:96.06,BcgI:96.53,FalI:96.88	1614	116	2204	64	11.9741	ok	95.6587	gamma	95.9616	95.74	69.65	95.7324	609	711
GCA_018802285.1__GCF_015555385.1	GCA_018802285.1	GCF_015555385.1	95-97	train	96.73	strict		CP049820.1	NZ_JADNKG010000010.1	96.6867	97.5645	0.8404	0.824	0.06876	96.9508	59	0.9675	58	0.709	0.845	96.7018	98.0989	0.3974	0.6	AlfI:97.74,AloI:97.34,BcgI:97.55,FalI:97.56	1888	59	2289	110	30.2881	ok	96.6867	gamma	96.895	96.85	83.46	96.5553	616	715
GCA_018970745.1__GCA_903885105.1	GCA_018970745.1	GCA_903885105.1	95-97	train	96.32	strict		JAGWVS010000068.1	CAISHL010000001.1	97.5517	97.7086	0.5893	0.6084	0.04598	96.3244	349	0.9251	253	2.948	0.8518	97.433	97.8659	0.9899	5.04	AlfI:97.81,AloI:97.35,BcgI:97.65,FalI:98.34	3939	349	4154	48	9.95415	ok	97.5517	gamma	97.5609	96.06	76.37	95.8017	400	765
GCA_019104985.1__GCF_001747495.1	GCA_019104985.1	GCF_001747495.1	95-97	test	95.34	strict		JAHRWV010000044.1	NZ_MKGI01000001.1	96.3111	96.7852	0.6031	0.4514	0.10394	94.7795	90	1	0	1.911	0.79	96.1863	97.2797	0.1348	0.06	AlfI:96.68,AloI:96.76,BcgI:96.79,FalI:96.81	1090	90	1366	22	7.14444	ok	96.3111	gamma	96.4475	95.13	51.31	94.8898	421	467
GCA_019113725.1__GCA_900554045.1	GCA_019113725.1	GCA_900554045.1	95-97	train	96.29	strict		DXGY01000068.1	USFY01000001.1	96.7814	97.4682	0.6393	0.6811	0.0543	96.251	201	0.9927	19	0.973	0.837	96.6919	97.9673	0.6106	7.8	AlfI:97.62,AloI:97.27,BcgI:97.71,FalI:97.10	4434	201	3687	46	13.7711	ok	96.7814	gamma	96.8404	96.44	68.8	96.2549	483	689
GCA_019113725.1__GCA_900753105.1	GCA_019113725.1	GCA_900753105.1	95-97	train	95.95	strict		DXGY01000068.1	CAADXV010000001.1	96.7857	97.2918	0.7027	0.6138	0.05302	96.153	284	0.9769	66	1.375	0.8242	96.6859	97.7123	0.3883	2.66	AlfI:97.52,AloI:97.33,BcgI:97.27,FalI:97.13	4994	284	4116	44	10.8275	ok	96.7857	gamma	96.8264	96.01	68.12	95.7437	556	689
GCA_019115645.1__GCA_900754825.1	GCA_019115645.1	GCA_900754825.1	95-97	test	95.61	strict		DXDF01000002.1	CAAEEF010000001.1	96.578	97.0535	0.6128	0.6249	0.08777	95.5211	120	0.9347	82	1.631	0.8056	96.5135	97.4607	0.5595	1.88	AlfI:97.43,AloI:97.05,BcgI:96.87,FalI:96.96	1475	120	1694	35	10.775	ok	96.578	gamma	96.7398	95.32	78.82	95.2563	517	692
GCA_019115645.1__GCA_905204375.1	GCA_019115645.1	GCA_905204375.1	95-97	test	95.51	strict		DXDF01000002.1	CAJKZN010000001.1	96.4733	96.9814	0.5738	0.6354	0.09274	95.3525	100	0.9446	63	1.584	0.8004	96.4493	97.3935	0.7163	2.93	AlfI:97.39,AloI:97.12,BcgI:96.90,FalI:96.67	1318	100	1560	45	11.74	ok	96.4733	gamma	96.6862	95.38	79.04	95.0832	490	692
GCA_900299445.1__GCF_000350125.1	GCA_900299445.1	GCF_000350125.1	95-97	train	95.97	strict		OMJX01000001.1	NZ_CAIS01000941.1	97.3139	97.635	0.2483	0.3585	0.12343	94.664	58	0.9249	38	1.434	0.8503	97.3869	97.777	1.3623	9.22	AlfI:97.35,AloI:98.57,BcgI:98.46,FalI:97.21	1029	58	647	32	9.06897	INCONSISTENT	97.3139	gamma	97.7301	96.65	84.7	96.2935	419	1077
GCA_900321465.1__GCA_902760985.1	GCA_900321465.1	GCA_902760985.1	95-97	train	95.44	strict		ONWC01000248.1	CACWIQ010000001.1	95.7957	97.0724	0.7723	0.7819	0.05281	95.9938	167	0.9959	13	0.739	0.807	95.9698	97.9379	0.2214	0.87	AlfI:97.23,AloI:97.01,BcgI:97.01,FalI:97.07	3540	167	4770	130	19.994	ok	95.7957	gamma	96.1052	95.78	74.99	95.8341	772	921
GCA_900467455.1__GCA_900470735.1	GCA_900467455.1	GCA_900470735.1	95-97	test	96.64	strict		UBPY01000058.1	UCCC01000039.1	96.8725	97.621	0.8947	0.8841	0.03886	96.9359	51	0.9969	16	0.807	0.8459	96.821	98.1197	0.2002	0.9	AlfI:97.59,AloI:97.68,BcgI:97.60,FalI:97.79	5196	51	6531	660	100.373	ok	96.8725	gamma	96.9287	97.11	89.06	96.8875	1282	1389
GCA_900471525.1__GCA_900473675.1	GCA_900471525.1	GCA_900473675.1	95-97	train	95.23	strict		UCEZ01000132.1	UCML01000107.1	95.9631	96.5435	0.7203	0.8385	0.03439	94.7469	131	0.9926	66	1.833	0.7634	95.9034	97.1719	0.154	0.62	AlfI:96.55,AloI:96.60,BcgI:96.52,FalI:96.67	9196	131	12723	370	68.9695	ok	95.9631	gamma	95.9848	95	80.04	95.2896	1704	2317
GCA_900472885.1__GCF_001424085.1	GCA_900472885.1	GCF_001424085.1	95-97	train	95.91	strict		UCJZ01000085.1	NZ_LMQF01000001.1	96.2853	97.5192	0.8529	0.8664	0.02793	96.0153	95	0.997	31	0.588	0.838	96.4393	98.2376	0.1867	1.02	AlfI:97.49,AloI:97.36,BcgI:97.55,FalI:97.50	10503	95	13721	671	108.968	ok	96.2853	gamma	96.5154	96.56	84.84	96.3891	1903	2189
GCA_900539085.1__GCA_900756475.1	GCA_900539085.1	GCA_900756475.1	95-97	train	96.29	strict		UQAP01000001.1	CAAEKJ010000001.1	96.9319	97.289	0.7235	0.8116	0.0656	96.4329	83	0.9651	73	1.856	0.8242	96.8026	97.6342	0.5426	2.06	AlfI:97.35,AloI:97.65,BcgI:97.10,FalI:97.41	2157	83	2673	139	25.3373	ok	96.9319	gamma	96.976	95.84	82.23	95.801	482	646
GCA_900539085.1__GCA_905198335.1	GCA_900539085.1	GCA_905198335.1	95-97	train	96.17	strict		UQAP01000001.1	CAJKCH010000001.1	96.7687	97.1778	0.8014	0.8315	0.06522	96.4519	31	0.9905	21	1.781	0.8159	96.6265	97.5908	0.6076	2.64	AlfI:97.18,AloI:97.59,BcgI:96.99,FalI:97.33	2234	31	2855	490	71.2903	ok	96.7687	gamma	96.7961	95.91	77.69	95.7264	536	646
GCA_900540325.1__GCA_905211165.1	GCA_900540325.1	GCA_905211165.1	95-97	train	96.45	strict		UQFI01000001.1	CAJLZP010000001.1	96.7089	97.075	0.6671	0.8078	0.07552	96.0892	93	0.9676	52	2.086	0.8072	96.5588	97.4649	0.4846	1.08	AlfI:97.14,AloI:97.45,BcgI:96.96,FalI:97.16	1786	93	2181	159	17.7204	ok	96.7089	gamma	96.7522	96.32	87.25	96.1674	467	674
GCA_900540445.1__GCA_905201945.1	GCA_900540445.1	GCA_905201945.1	95-97	train	96.76	strict		UQGH01000001.1	CAJKQD010000001.1	96.9941	97.3231	0.8412	0.7926	0.0619	96.6715	83	0.969	70	1.968	0.8256	96.8583	97.6443	0.2436	0.85	AlfI:97.25,AloI:97.41,BcgI:97.30,FalI:97.49	2352	83	2886	234	27.3253	ok	96.9941	gamma	97.0219	96.04	78.43	96.2201	489	591
GCA_900541005.1__GCA_900763105.1	GCA_900541005.1	GCA_900763105.1	95-97	test	95.25	strict		UQIP01000001.1	CAAFJB010000001.1	95.8777	96.8365	0.7868	0.7821	0.05901	95.8266	146	0.969	87	1.044	0.7869	95.9393	97.63	0.2768	0.78	AlfI:96.80,AloI:97.07,BcgI:96.80,FalI:97.03	2962	146	4005	92	19.6438	ok	95.8777	gamma	96.0841	95.16	80.22	95.3931	523	650
GCA_900550655.1__GCA_905206645.1	GCA_900550655.1	GCA_905206645.1	95-97	train	95.07	strict		URSV01000001.1	CAJLIJ010000001.1	93.8514	96.457	0.7736	0.7915	0.17288	95.2325	21	0.9837	6	0.554	0.7684	94.9164	97.9416	2.3791	3.01	AlfI:96.72,AloI:96.93,BcgI:94.55,FalI:96.58	443	21	625	55	18.1905	ok	93.8514	gamma	95.3387	95.14	76.34	95.0904	348	415
GCA_900554055.1__GCA_905211945.1	GCA_900554055.1	GCA_905211945.1	95-97	train	96.72	strict		USFQ01000001.1	CAJMCV010000001.1	98.0222	98.2408	0.2583	0.1835	0.16636	94.7295	22	0.9722	3	1.26	0.8906	97.9739	98.3673	1.217	1.22	AlfI:97.56,AloI:98.04,BcgI:98.77,FalI:98.36	361	22	260	9	5.77273	INCONSISTENT	98.0222	gamma	98.4732	96.33	50.66	95.9239	260	427
GCA_900557325.1__GCF_015560245.1	GCA_900557325.1	GCF_015560245.1	95-97	train	96.38	strict		USRY01000001.1	NZ_JADMRL010000010.1	97.0839	97.9963	0.7032	0.3676	0.08734	96.0038	88	1	0	0.516	0.8745	97.0707	98.4776	0.3515	0.99	AlfI:98.05,AloI:98.06,BcgI:98.21,FalI:97.86	960	88	1139	22	7.81818	ok	97.0839	gamma	97.3376	96.83	42.12	96.6084	241	246
GCA_900557325.1__GCF_016642415.1	GCA_900557325.1	GCF_016642415.1	95-97	train	96.61	strict		USRY01000001.1	NZ_MRXY01000001.1	97.0431	98.0663	0.6895	0.3508	0.08604	95.9988	101	0.9984	1	0.446	0.8791	97.0886	98.5678	0.536	1.69	AlfI:98.45,AloI:98.06,BcgI:98.19,FalI:97.91	963	101	1136	25	7.28713	ok	97.0431	gamma	97.3555	97.12	43.25	96.9115	243	246
GCA_900600405.1__GCF_014841705.1	GCA_900600405.1	GCF_014841705.1	95-97	train	96.13	strict		UVZE01000071.1	NZ_JACYUL010000001.1	96.7236	97.0638	0.9236	0.9252	0.03431	96.2185	40	0.9971	23	2.239	0.8037	96.5995	97.4279	0.6056	6.46	AlfI:97.08,AloI:97.59,BcgI:96.99,FalI:97.16	7999	40	10280	737	196.925	ok	96.7236	gamma	96.6861	96.21	86.96	96.1319	1383	1494
GCA_900758725.1__GCA_905204055.1	GCA_900758725.1	GCA_905204055.1	95-97	train	95.49	strict		CAAESU010000001.1	CAJKYF010000001.1	96.6151	97.344	0.6748	0.6614	0.05962	95.9928	178	0.9694	69	1.002	0.8256	96.5462	97.9051	0.4617	1.11	AlfI:97.24,AloI:97.62,BcgI:97.40,FalI:97.16	2581	178	3155	68	13.2921	ok	96.6151	gamma	96.7039	95.69	75.19	95.3546	415	557
GCA_900760895.1__GCA_905204055.1	GCA_900760895.1	GCA_905204055.1	95-97	train	95.88	strict		CAAFAS010000001.1	CAJKYF010000001.1	96.8253	97.7283	0.6446	0.5596	0.05853	96.1211	207	0.9868	24	0.631	0.8537	96.8576	98.2506	0.2878	0.68	AlfI:97.66,AloI:97.73,BcgI:97.72,FalI:97.94	2327	207	2746	33	9.64734	ok	96.8253	gamma	97.0231	95.75	65.91	95.5303	318	406
GCA_900762545.1__GCA_905207685.1	GCA_900762545.1	GCA_905207685.1	95-97	test	95.03	strict		CAAFGY010000001.1	CAJLMF010000001.1	95.6331	96.0226	0.7261	0.7097	0.08922	94.9491	95	0.9667	51	3.074	0.7296	95.5677	96.567	1.4639	8.86	AlfI:95.07,AloI:96.54,BcgI:95.83,FalI:96.40	3250	95	2307	115	16.6	INCONSISTENT	95.6331	gamma	95.7716	94.93	75.01	95.2176	496	643
GCA_900766445.1__GCA_905213715.1	GCA_900766445.1	GCA_905213715.1	95-97	train	96.83	strict		CAAFWK010000001.1	CAJMJL010000001.1	97.715	97.8396	0.5564	0.5464	0.10247	96.0887	77	0.9604	22	2.781	0.8638	97.8053	97.8662	0.8035	1.01	AlfI:97.67,AloI:98.48,BcgI:97.81,FalI:97.88	820	77	808	27	7.92208	ok	97.715	gamma	98.0931	96.5	81.23	95.9787	178	241
GCA_900767575.1__GCA_905211815.1	GCA_900767575.1	GCA_905211815.1	95-97	train	96.18	strict		CAAFZQ010000001.1	CAJMBS010000001.1	96.4942	97.5293	0.8294	0.8575	0.1037	96.9599	42	0.9548	35	0.689	0.8416	96.4551	98.2216	0.3881	0.35	AlfI:97.56,AloI:97.79,BcgI:97.40,FalI:97.56	825	42	1028	70	18.619	ok	96.4942	gamma	96.7436	96.74	91.7	96.4162	290	334
GCA_900770465.1__GCA_905195055.1	GCA_900770465.1	GCA_905195055.1	95-97	test	96.34	low-AF		CAAHDQ010000001.1	CAJJUI010000001.1	98.518	98.518	0.1092	0.1403	0.16204	94.6223	27	0.9444	8	inf	0.9095	98.7346	98.4364	2.4564	2.66	AlfI:97.27,AloI:98.98,BcgI:96.52,FalI:98.73	513	27	221	11	6.03704	INCONSISTENT	98.518	uniform	99.1798	96.93	72.75	95.4509	303	688
GCA_900772515.1__GCA_905209655.1	GCA_900772515.1	GCA_905209655.1	95-97	train	96.03	low-AF		CAAHEF010000001.1	CAJLUA010000001.1	96.7232	96.975	0.4066	0.6606	0.0702	95.1192	183	0.967	58	3.074	0.7993	96.5711	97.3057	0.5173	2.09	AlfI:96.95,AloI:97.34,BcgI:96.83,FalI:97.12	2290	183	2615	51	10.3005	ok	96.7232	gamma	96.7479	96.12	82.84	95.7212	513	1083
GCA_902515425.1__GCA_902521885.1	GCA_902515425.1	GCA_902521885.1	95-97	train	96.37	strict		CABXUK010000001.1	CABYTJ010000001.1	97.1063	97.5067	0.5165	0.5972	0.17922	95.5897	21	0.9761	6	1.392	0.8422	96.9897	97.8493	2.0913	3.34	AlfI:96.69,AloI:97.61,BcgI:95.75,FalI:97.84	303	21	346	31	12.6667	ok	97.1063	gamma	97.484	95.21	75.58	95.4877	225	328
GCA_902515425.1__GCA_902555725.1	GCA_902515425.1	GCA_902555725.1	95-97	train	95.65	strict		CABXUK010000001.1	CACDTN010000001.1	96.4212	97.1164	0.687	0.6389	0.17423	95.6426	20	0.99	3	1.14	0.815	96.3332	97.7005	1.4084	1.97	AlfI:96.99,AloI:96.72,BcgI:95.99,FalI:97.40	362	20	444	36	15.85	ok	96.4212	gamma	96.7932	94.93	74.2	95.0829	277	328
GCA_902515955.1__GCA_902603005.1	GCA_902515955.1	GCA_902603005.1	95-97	train	96.61	strict		CABXWN010000001.1	CACKTE010000001.1	96.97	97.2213	0.6682	0.7606	0.12622	96.159	29	0.9729	16	2.516	0.8229	96.8865	97.4639	0.6122	1.15	AlfI:97.30,AloI:96.89,BcgI:96.76,FalI:97.37	624	29	767	109	20.7931	ok	96.97	gamma	97.2202	95.97	82.04	96.0253	258	358
GCA_902515955.1__GCA_902604595.1	GCA_902515955.1	GCA_902604595.1	95-97	train	96.61	strict		CABXWN010000001.1	CACKZE010000001.1	96.9238	97.1049	0.6122	0.6754	0.13042	95.7004	27	0.9791	12	3.707	0.8145	96.785	97.3418	0.4381	0.39	AlfI:97.01,AloI:96.77,BcgI:96.93,FalI:97.21	641	27	749	101	21.7778	ok	96.9238	gamma	97.1247	96.13	79.62	95.8831	260	358
GCA_902518535.1__GCA_902521885.1	GCA_902518535.1	GCA_902521885.1	95-97	train	96.04	strict		CABYGN010000001.1	CABYTJ010000001.1	96.5488	97.2603	0.5974	0.5134	0.19999	95.2318	18	1	0	1.014	0.8256	96.5135	97.7857	0.3241	0.05	AlfI:97.31,AloI:97.41,BcgI:97.08,FalI:97.25	263	18	317	30	11.3333	ok	96.5488	gamma	97.0521	94.71	62.3	95.6563	170	218
GCA_902533225.1__GCA_902548635.1	GCA_902533225.1	GCA_902548635.1	95-97	test	96.07	strict		CACALC010000001.1	CACCSH010000001.1	96.5949	96.9333	0.6268	0.5236	0.13708	95.138	35	0.9831	8	2.444	0.8018	96.3931	97.3414	0.542	0.35	AlfI:97.08,AloI:96.57,BcgI:97.11,FalI:96.91	611	35	742	61	14.2857	ok	96.5949	gamma	96.7452	94.94	58.69	95.5011	395	529
GCA_902541505.1__GCA_902579505.1	GCA_902541505.1	GCA_902579505.1	95-97	train	96.72	strict		CACBRE010000001.1	CACHHA010000001.1	97.498	97.8858	0.6002	0.6007	0.15929	96.2062	27	0.9762	6	1.154	0.8678	97.2973	98.2063	1.065	1.39	AlfI:98.06,AloI:97.85,BcgI:97.00,FalI:98.06	310	27	360	31	10.1111	ok	97.498	gamma	97.7657	96.56	70.49	96.1123	208	288
GCA_902547785.1__GCA_902612225.1	GCA_902547785.1	GCA_902612225.1	95-97	train	95.11	strict		CACCPC010000001.1	CACMCS010000001.1	95.2235	96.6394	0.4896	0.4517	0.25687	93.972	17	0.9597	6	0.807	0.7808	95.4975	97.659	2.0219	1.7	AlfI:97.07,AloI:96.30,BcgI:95.04,FalI:96.96	200	17	254	25	9.41176	ok	95.2235	gamma	96.139	93.87	54.32	94.6063	164	264
GCA_902550055.1__GCA_902556295.1	GCA_902550055.1	GCA_902556295.1	95-97	train	96.02	low-AF		CACCXU010000001.1	CACDWI010000001.1	95.4723	96.1412	0.4015	0.4252	0.27251	93.2803	17	0.949	8	1.781	0.7451	95.5113	96.8329	2.0959	1.71	AlfI:96.23,AloI:96.50,BcgI:94.41,FalI:96.44	215	17	252	30	9.76471	ok	95.4723	gamma	96.1532	95.32	57.71	95.2732	138	268
GCA_902561665.1__GCA_902577125.1	GCA_902561665.1	GCA_902577125.1	95-97	train	95.49	low-AF		CACEQG010000001.1	CACGXX010000001.1	96.9813	97.5591	0.3453	0.5289	0.20062	95.0144	23	0.922	16	1.14	0.8454	96.6765	98.1183	1.6855	1.97	AlfI:97.53,AloI:98.45,BcgI:96.77,FalI:97.55	252	23	277	31	9.21739	ok	96.9813	gamma	97.2415	94.98	77.13	95.0227	176	365
GCA_902564545.1__GCA_902613265.1	GCA_902564545.1	GCA_902613265.1	95-97	test	96.51	strict		CACFBI010000001.1	CACMGG010000001.1	97.0799	97.5174	0.7009	0.6788	0.13996	96.2779	22	0.9882	5	1.336	0.843	96.946	97.8657	0.8666	1.26	AlfI:97.19,AloI:97.32,BcgI:98.06,FalI:97.46	477	22	559	54	20	ok	97.0799	gamma	97.3357	95.73	73.79	95.9774	305	397
GCA_902566515.1__GCA_902593595.1	GCA_902566515.1	GCA_902593595.1	95-97	train	95.51	strict		CACFIX010000001.1	CACJIX010000001.1	95.6814	96.3478	0.532	0.5875	0.213	94.3062	17	0.9725	7	1.631	0.7607	95.7675	96.9126	1.1152	0.4	AlfI:96.73,AloI:95.61,BcgI:96.47,FalI:96.34	289	17	383	45	15.5882	ok	95.6814	gamma	96.2802	94.23	64.1	94.5042	164	259
GCA_902568715.1__GCA_902614175.1	GCA_902568715.1	GCA_902614175.1	95-97	train	96.25	strict		CACFRS010000001.1	CACMJQ010000001.1	96.9186	97.2386	0.6945	0.55	0.1611	95.642	19	0.9849	5	1.968	0.8238	96.8536	97.4951	0.3616	0.18	AlfI:97.23,AloI:96.96,BcgI:97.05,FalI:97.32	396	19	467	70	18.2105	ok	96.9186	gamma	97.2821	96.01	60.87	96.0304	251	306
GCA_902572765.1__GCA_902588785.1	GCA_902572765.1	GCA_902588785.1	95-97	train	95.65	strict		CACGHG010000001.1	CACIQL010000001.1	96.1267	96.7184	0.5798	0.4915	0.18839	94.5897	18	0.9789	6	1.729	0.7856	95.8984	97.4369	0.9715	1.31	AlfI:97.02,AloI:96.43,BcgI:96.05,FalI:96.96	353	18	436	48	16.5	ok	96.1267	gamma	96.3685	94.5	57.07	94.702	220	317
GCA_902582915.1__GCA_902602995.1	GCA_902582915.1	GCA_902602995.1	95-97	train	95.71	strict		CACHTX010000001.1	CACKTF010000001.1	95.901	96.6178	0.4873	0.508	0.21643	94.2758	20	0.9895	2	1.336	0.78	95.9856	97.1952	1.8068	1.86	AlfI:97.12,AloI:96.00,BcgI:95.31,FalI:96.86	271	20	342	34	10.45	ok	95.901	gamma	96.5214	94.5	63.6	95.247	176	286
GCA_902588785.1__GCA_902597835.1	GCA_902588785.1	GCA_902597835.1	95-97	train	95.88	strict		CACIQL010000001.1	CACJZG010000001.1	96.7173	97.0686	0.6793	0.665	0.14913	95.7242	24	0.9805	8	2.239	0.811	96.4717	97.5218	1.5596	2.84	AlfI:96.59,AloI:98.15,BcgI:96.85,FalI:97.11	473	24	594	42	17.7917	ok	96.7173	gamma	96.8595	95	68.68	95.3856	278	362
GCA_902597955.1__GCA_902622465.1	GCA_902597955.1	GCA_902622465.1	95-97	test	96.41	strict		CACKAG010000001.1	CACNQA010000001.1	96.5736	97.3336	0.6547	0.7018	0.15764	95.9671	20	0.9802	7	0.892	0.8304	96.6044	97.8311	2.3743	9.25	AlfI:98.14,AloI:98.83,BcgI:96.46,FalI:97.13	411	20	488	90	18.35	ok	96.5736	gamma	97.0322	96.3	83.01	96.2178	214	277
GCA_902623315.1__GCA_902624565.1	GCA_902623315.1	GCA_902624565.1	95-97	train	96.38	strict		CACNTE010000001.1	CACNYG010000001.1	97.5976	97.5976	0.5102	0.3892	0.18507	95.1893	21	0.9798	4	inf	0.8477	97.8484	97.4557	1.2358	1.48	AlfI:97.98,AloI:96.98,BcgI:98.22,FalI:97.40	267	21	281	29	10.2381	ok	97.5976	uniform	98.3373	95.31	55.68	96.2008	177	240
GCA_902758795.1__GCA_902767815.1	GCA_902758795.1	GCA_902767815.1	95-97	train	95.72	strict		CACWAF010000001.1	CACXIW010000001.1	96.4245	97.3733	0.8017	0.8383	0.05279	96.5211	62	0.9888	34	0.807	0.8281	96.4042	98.045	0.5885	2.99	AlfI:97.53,AloI:97.67,BcgI:97.33,FalI:97.08	3245	62	4075	196	49.5645	ok	96.4245	gamma	96.5451	95.76	74.65	95.7926	654	804
GCA_902759045.1__GCA_902768775.1	GCA_902759045.1	GCA_902768775.1	95-97	test	96.05	strict		CACWAY010000001.1	CACXMQ010000001.1	97.3286	97.8541	0.5226	0.4812	0.06261	95.8554	190	0.9847	22	0.918	0.862	97.2051	98.2155	0.1289	0.18	AlfI:97.85,AloI:97.94,BcgI:97.81,FalI:97.89	2085	190	2244	28	8.43684	ok	97.3286	gamma	97.3867	96.45	63.24	96.0776	382	544
GCA_902763715.1__GCA_902779435.1	GCA_902763715.1	GCA_902779435.1	95-97	train	95.88	strict		CACWTC010000001.1	CACZBU010000001.1	96.9453	97.5015	0.8021	0.862	0.04357	96.7458	107	0.983	73	1.14	0.838	96.8069	97.9446	0.1086	0.39	AlfI:97.46,AloI:97.50,BcgI:97.55,FalI:97.44	4561	107	5517	201	40.4486	ok	96.9453	gamma	96.9259	96.29	82.64	96.2935	763	952
GCA_902767675.1__GCA_902770695.1	GCA_902767675.1	GCA_902770695.1	95-97	train	96.19	strict		CACXIJ010000001.1	CACXTW010000001.1	97.0025	97.483	0.7347	0.7913	0.05705	96.4888	43	0.9933	17	1.26	0.8362	96.9077	97.8549	0.2331	0.64	AlfI:97.46,AloI:97.66,BcgI:97.43,FalI:97.51	2691	43	3254	267	59.9535	ok	97.0025	gamma	97.063	96.39	74.03	96.1671	715	942
GCA_902770275.1__GCA_902784825.1	GCA_902770275.1	GCA_902784825.1	95-97	test	96.65	strict		CACXSI010000001.1	CACZWJ010000001.1	97.7975	98.0997	0.7759	0.7307	0.03813	97.1382	154	0.9891	46	1.297	0.8803	97.5379	98.3729	0.1458	0.28	AlfI:98.09,AloI:97.97,BcgI:98.11,FalI:98.11	4711	154	5176	137	28.0974	ok	97.7975	gamma	97.6539	96.78	72.61	96.839	763	930
GCA_902771175.1__GCA_902798345.1	GCA_902771175.1	GCA_902798345.1	95-97	test	96.22	strict		CACXVT010000001.1	CADBVY010000001.1	97.239	97.7957	0.7217	0.7399	0.05903	96.7402	85	0.9848	31	0.945	0.858	97.0871	98.2016	0.4595	1.6	AlfI:97.81,AloI:97.97,BcgI:97.84,FalI:97.51	2235	85	2612	121	24.5765	ok	97.239	gamma	97.2567	96.29	74.78	96.1712	540	672
GCA_902776575.1__GCA_902790225.1	GCA_902776575.1	GCA_902790225.1	95-97	test	95.99	strict		CACYQW010000001.1	CADARC010000001.1	97.1076	97.5241	0.5583	0.5558	0.06677	95.7412	152	0.9754	40	1.434	0.8387	96.957	97.8888	0.2606	0.96	AlfI:97.45,AloI:97.68,BcgI:97.46,FalI:97.71	2046	152	2301	40	11.4276	ok	97.1076	gamma	97.1392	95.92	62.59	95.4543	444	637
GCA_902777565.1__GCA_902786375.1	GCA_902777565.1	GCA_902786375.1	95-97	train	96.06	strict		CACYUJ010000001.1	CADACH010000001.1	96.579	97.0751	0.7815	0.876	0.05947	96.373	83	0.9931	18	1.631	0.8063	96.432	97.5719	0.1632	0.25	AlfI:97.02,AloI:97.18,BcgI:97.05,FalI:97.13	2722	83	3570	151	32.4217	ok	96.579	gamma	96.5841	95.67	86.31	96.1867	548	687
GCA_902778955.1__GCA_902800865.1	GCA_902778955.1	GCA_902800865.1	95-97	train	96.24	strict		CACYZX010000001.1	CADCFZ010000001.1	96.9541	97.5001	0.7961	0.744	0.05269	96.5991	139	0.9982	5	1.14	0.8384	96.8398	97.9214	0.5405	1.8	AlfI:97.69,AloI:97.15,BcgI:97.46,FalI:97.50	3034	139	3776	127	20.9424	ok	96.9541	gamma	96.9837	96.45	73.86	96.3739	597	677
GCA_902781695.1__GCA_902794995.1	GCA_902781695.1	GCA_902794995.1	95-97	train	95.75	strict		CACZKP010000001.1	CADBJP010000001.1	97.5801	98.439	0.6799	0.7067	0.03186	97.2892	357	0.9679	153	0.355	0.9027	97.6017	98.7983	0.4883	2.11	AlfI:98.44,AloI:98.08,BcgI:98.45,FalI:98.57	5381	357	5942	81	13.9272	ok	97.5801	gamma	97.7075	96.71	74.65	96.0916	588	817
GCA_902784185.1__GCA_902784825.1	GCA_902784185.1	GCA_902784825.1	95-97	test	96.61	strict		CACZTW010000001.1	CACZWJ010000001.1	97.7002	98.0841	0.7839	0.808	0.03691	97.2824	149	0.9854	67	1.044	0.8792	97.4734	98.3846	0.0771	0.19	AlfI:98.14,AloI:98.06,BcgI:98.06,FalI:98.10	5044	149	5601	113	31.2886	ok	97.7002	gamma	97.5855	96.81	79.01	96.7809	847	1030
GCA_902785195.1__GCA_902799115.1	GCA_902785195.1	GCA_902799115.1	95-97	train	96.8	strict		CACZXW010000001.1	CADBZL010000001.1	97.0992	98.1196	0.7923	0.5513	0.04553	96.6488	104	0.9906	28	0.46	0.8818	97.0532	98.6559	0.5778	2.94	AlfI:98.22,AloI:97.64,BcgI:98.18,FalI:98.09	3346	104	3821	152	29.3654	ok	97.0992	gamma	97.1952	96.93	51.79	96.8764	967	1167
GCA_902786495.1__GCA_902787845.1	GCA_902786495.1	GCA_902787845.1	95-97	train	95.74	strict		CADACP010000001.1	CADAHT010000001.1	95.6155	96.8376	0.7739	0.7525	0.05531	95.6344	133	0.9934	21	0.866	0.7892	95.7719	97.75	0.37	0.78	AlfI:96.92,AloI:96.55,BcgI:96.87,FalI:96.78	3514	133	4736	117	24.5865	ok	95.6155	gamma	95.9092	95.48	68.02	95.5232	852	1059
GCA_902790455.1__GCA_902794255.1	GCA_902790455.1	GCA_902794255.1	95-97	train	96.81	strict		CADASH010000001.1	CADBGX010000001.1	98.1055	98.2488	0.6575	0.7188	0.03031	97.3013	502	0.9636	214	1.833	0.8891	98.0942	98.3179	0.4204	8.84	AlfI:97.95,AloI:98.28,BcgI:98.37,FalI:98.18	6866	502	7161	78	12.2729	ok	98.1055	gamma	98.186	97.32	84.41	97.0208	1052	1478
GCA_902793085.1__GCA_902793625.1	GCA_902793085.1	GCA_902793625.1	95-97	test	96.65	strict		CADBCF010000001.1	CADBED010000001.1	97.6819	98.2116	0.7995	0.7229	0.04363	97.3226	154	0.9892	31	0.689	0.8871	97.5267	98.5324	0.2477	0.75	AlfI:98.22,AloI:98.00,BcgI:98.24,FalI:98.22	3154	154	3689	91	19.5195	ok	97.6819	gamma	97.6631	97.32	71.35	97.2293	449	502
GCA_903833345.1__GCA_903921545.1	GCA_903833345.1	GCA_903921545.1	95-97	test	96.83	strict		CAILFG010000001.1	CAIXQJ010000001.1	97.7924	98.2535	0.2764	0.2734	0.08177	95.1134	63	0.9967	1	0.761	0.8905	97.5777	98.5704	0.1516	0.2	AlfI:98.17,AloI:98.33,BcgI:98.21,FalI:98.32	1232	63	1058	19	5.73016	ok	97.7924	gamma	97.8359	97.3	58.51	95.9994	523	711
GCA_903833775.1__GCA_903922205.1	GCA_903833775.1	GCA_903922205.1	95-97	test	95.85	verylow-AF		CAILGT010000001.1	CAIXSW010000001.1			0	0			0	0	0					0		-	1	0	0	0	0	BELOW_DETECTION		none	70.0584					
GCA_903873665.1__GCA_903900245.1	GCA_903873665.1	GCA_903900245.1	95-97	train	96.46	strict		CAIQPI010000001.1	CAIUML010000001.1	97.4855	98.1561	0.769	0.7345	0.04203	97.2693	231	0.9787	68	0.613	0.8838	97.3331	98.559	0.1342	0.47	AlfI:98.10,AloI:98.21,BcgI:98.19,FalI:98.07	3626	231	4183	122	14.5152	ok	97.4855	gamma	97.4633	96.94	80.67	96.85	651	753
GCA_904373315.1__GCA_905207275.1	GCA_904373315.1	GCA_905207275.1	95-97	train	96.67	strict		CAJFFT010000001.1	CAJLKM010000001.1	96.0853	97.8726	0.7245	0.7714	0.11959	96.7413	38	0.9753	12	0.376	0.8669	96.3805	98.7259	0.1504	0.05	AlfI:97.86,AloI:97.75,BcgI:97.83,FalI:97.90	566	38	702	36	13.4474	ok	96.0853	gamma	96.7431	97.15	81.39	96.5559	440	542
GCA_905187715.1__GCF_002860845.1	GCA_905187715.1	GCF_002860845.1	95-97	test	96.81	strict		CAJJJE010000001.1	NZ_PKIC01000001.1	96.7571	97.5688	0.789	0.6534	0.07604	96.4727	89	0.9947	7	0.739	0.8453	96.771	98.0662	0.2677	0.72	AlfI:97.57,AloI:97.63,BcgI:97.39,FalI:97.66	1513	89	1856	48	15.6742	ok	96.7571	gamma	96.9842	96.98	69.17	96.5548	476	520
GCA_905199465.1__GCF_008831385.1	GCA_905199465.1	GCF_008831385.1	95-97	train	96.11	strict		CAJKGO010000001.1	NZ_CP044499.1	96.0977	96.9653	0.8778	0.874	0.09683	96.4854	15	0.9934	7	1.075	0.8009	96.0344	97.7189	0.4865	1.62	AlfI:97.05,AloI:97.06,BcgI:96.69,FalI:97.18	1099	15	1475	229	71.4667	ok	96.0977	gamma	96.2806	95.78	77.32	95.7599	503	571
GCA_905200075.1__GCF_015549175.1	GCA_905200075.1	GCF_015549175.1	95-97	train	95.68	strict		CAJKIY010000001.1	NZ_JADMYJ010000010.1	95.7839	97.2907	0.8336	0.7216	0.05523	96.2362	171	0.9903	26	0.571	0.8215	96.1142	98.1694	0.6915	5.37	AlfI:97.19,AloI:97.88,BcgI:97.21,FalI:97.70	2965	171	3943	75	16.5439	ok	95.7839	gamma	96.2586	95.56	72.08	95.8433	484	538
GCA_905207275.1__GCA_905214395.1	GCA_905207275.1	GCA_905214395.1	95-97	train	96.88	strict		CAJLKM010000001.1	CAJMME010000001.1	97.2246	98.3911	0.6592	0.5647	0.10408	96.7139	47	0.9545	22	0.303	0.9008	97.3323	98.8746	0.0183	0	AlfI:98.40,AloI:98.40,BcgI:98.38,FalI:98.39	595	47	641	53	10.8298	ok	97.2246	gamma	97.6819	97.22	68.18	96.8698	427	506
GCA_905215445.1__GCF_003467795.1	GCA_905215445.1	GCF_003467795.1	95-97	train	95.01	strict		CAJMPZ010000001.1	NZ_QSHS01000001.1	95.4982	96.7742	0.8164	0.8064	0.05867	95.7713	117	0.9891	31	0.855	0.782	95.7217	97.7377	0.5041	2.73	AlfI:96.82,AloI:96.93,BcgI:96.67,FalI:97.18	3012	117	4226	108	25.1026	ok	95.4982	gamma	95.8644	95.07	77.83	95.2996	570	672
GCA_905372675.1__GCF_000318195.2	GCA_905372675.1	GCF_000318195.2	95-97	train	96.73	strict		CAJPQO010000001.1	NZ_KB290958.1	97.1725	97.6077	0.835	0.7104	0.05567	96.7651	106	0.9855	36	1.297	0.8465	97.0264	97.957	0.4325	1.65	AlfI:97.81,AloI:97.38,BcgI:97.59,FalI:97.51	2811	106	3196	230	24.1604	ok	97.1725	gamma	97.1813	96.99	70.57	96.7159	659	762
GCA_910575095.1__GCA_910576525.1	GCA_910575095.1	GCA_910576525.1	95-97	train	96.67	strict		CAJTCZ010000001.1	CAJTJF010000001.1	97.6545	97.9529	0.5023	0.6539	0.05661	96.3284	139	0.9482	107	1.336	0.8695	97.5433	98.1579	0.3755	2.65	AlfI:98.11,AloI:97.92,BcgI:97.81,FalI:97.74	2443	139	2521	63	15.1007	ok	97.6545	gamma	97.7095	96.57	75.49	96.014	675	1091
GCF_000010045.1__GCF_000378805.1	GCF_000010045.1	GCF_000378805.1	95-97	test	96.81	strict		NC_007907.1	NZ_KB900390.1	96.7332	97.8013	0.7058	0.8379	0.04409	96.7028	59	0.9849	58	0.554	0.86	96.7358	98.4137	0.3722	4.09	AlfI:98.06,AloI:97.85,BcgI:97.72,FalI:97.68	4248	59	4949	271	65.2034	ok	96.7332	gamma	96.8648	96.92	77.3	96.4943	1389	1909
GCF_000093165.1__GCF_014252515.1	GCF_000093165.1	GCF_014252515.1	95-97	train	96.54	strict		NC_013418.2	NZ_CP060246.1	96.7878	97.3535	0.9902	0.9955	0.17881	97.466	1	1	0	1.297	0.831	96.5115	97.9017	0.7437	0.44	AlfI:97.15,AloI:97.47,BcgI:97.90,FalI:97.26	298	1	386	298	298	ok	96.7878	gamma	97.0039	96.86	98.57	96.6953	212	213
GCF_000162055.1__GCF_003350215.1	GCF_000162055.1	GCF_003350215.1	95-97	train	96.54	strict		NZ_GG705010.1	NZ_QLLE01000001.1	96.7115	97.348	0.7255	0.8123	0.05776	96.4326	113	0.9613	101	1.107	0.8278	96.5887	97.8759	0.5631	5.88	AlfI:97.29,AloI:97.66,BcgI:97.11,FalI:97.68	2750	113	3421	100	23.2035	ok	96.7115	gamma	96.7428	96.64	84.1	96.1277	905	1209
GCF_000167395.1__GCF_016458385.1	GCF_000167395.1	GCF_016458385.1	95-97	test	96.62	strict		NZ_AAFJ01000019.1	NZ_JAEMGH010000010.1	97.388	97.7871	0.7629	0.8155	0.07066	97.1075	59	0.9706	45	1.26	0.8621	97.1701	98.1278	0.9787	1.49	AlfI:98.01,AloI:97.03,BcgI:97.91,FalI:97.69	1626	59	1894	109	26.1864	ok	97.388	gamma	97.3756	97	87.07	96.7711	473	580
GCF_000235975.1__GCF_017312445.1	GCF_000235975.1	GCF_017312445.1	95-97	train	96.02	low-AF		NZ_AGFM01000122.1	NZ_BLTI01000001.1	97.3056	98.0067	0.5104	0.5975	0.03317	95.7351	88	0.9934	39	0.689	0.8731	97.1268	98.4704	0.2683	1.15	AlfI:97.94,AloI:98.21,BcgI:98.01,FalI:98.03	6037	88	7325	444	67.2955	ok	97.3056	gamma	97.2261	95.59	57.79	95.3233	1010	1721
GCF_000252835.1__GCF_016865275.1	GCF_000252835.1	GCF_016865275.1	95-97	test	95.41	strict		NZ_AIJQ01000017.1	NZ_AP024301.1	94.1885	97.3329	0.8137	0.7638	0.09525	96.1119	30	0.9852	15	0.345	0.828	95.5749	98.5859	1.1671	9.26	AlfI:96.85,AloI:97.41,BcgI:98.01,FalI:96.96	1115	30	1471	124	34.2	ok	94.1885	gamma	95.8351	95.99	74.42	95.7453	575	671
GCF_000264075.1__GCF_017897585.1	GCF_000264075.1	GCF_017897585.1	95-97	train	96.21	strict		NZ_AJVN01000001.1	NZ_JAGJWW010000001.1	96.2099	96.9649	0.8232	0.8266	0.05049	96.0329	87	0.985	56	1.224	0.796	96.1374	97.6531	0.7144	3.97	AlfI:96.96,AloI:97.52,BcgI:96.91,FalI:96.81	3891	87	5162	256	43.2069	ok	96.2099	gamma	96.2634	96.11	78.8	96.0668	1235	1483
GCF_000312185.1__GCF_015207115.1	GCF_000312185.1	GCF_015207115.1	95-97	train	95.7	strict		NZ_HE972922.1	NZ_JADEXM010000448.1	96.6347	97.0197	0.2191	0.2304	0.09801	93.7623	132	0.9092	80	2.086	0.8026	96.4902	97.4255	1.0551	3.67	AlfI:96.21,AloI:97.26,BcgI:97.23,FalI:96.68	2715	132	1325	18	7.06818	INCONSISTENT	96.6347	gamma	96.7395	94.71	59.82	94.1047	1057	1640
GCF_000314615.1__GCF_000369785.1	GCF_000314615.1	GCF_000369785.1	95-97	train	96.65	strict		NZ_AMZS01000001.1	NZ_KB850200.1	96.65	97.3526	0.823	0.8827	0.05254	96.6758	40	0.9977	7	1.044	0.8275	96.5303	97.9155	0.411	0.94	AlfI:97.38,AloI:97.00,BcgI:97.41,FalI:97.29	3223	40	4115	339	78.475	ok	96.65	gamma	96.6705	96.55	80.16	96.4422	1113	1316
GCF_000345605.2__GCF_004014595.1	GCF_000345605.2	GCF_004014595.1	95-97	test	96.12	strict		NZ_KB641964.1	NZ_RJIM01000001.1	96.4463	96.9892	0.9058	0.8909	0.10233	96.7294	28	0.9957	4	1.52	0.8052	96.3305	97.4983	0.3943	0.74	AlfI:97.02,AloI:96.94,BcgI:96.70,FalI:97.10	1027	28	1290	128	34.2143	ok	96.4463	gamma	96.5932	96.45	90.15	96.5732	491	526
GCF_000348585.1__GCF_000775195.1	GCF_000348585.1	GCF_000775195.1	95-97	train	96.27	strict		NC_020800.1	NZ_JSBQ02000055.1	96.8992	97.2476	0.8409	0.8797	0.02929	95.9868	125	0.9879	123	2.026	0.8174	96.7376	97.6186	0.3646	2.85	AlfI:97.18,AloI:97.41,BcgI:97.26,FalI:97.54	10310	125	13062	553	81.144	ok	96.8992	gamma	96.8134	96.3	86.09	96.2196	1480	1763
GCF_000364285.1__GCF_900198355.1	GCF_000364285.1	GCF_900198355.1	95-97	test	96.19	strict		NZ_KB822505.1	NZ_FZMT01000077.1	97.1412	97.5999	0.7391	0.8199	0.06971	96.8605	74	0.9618	64	1.297	0.8483	96.8947	98.0267	0.7614	0.59	AlfI:97.49,AloI:96.91,BcgI:97.61,FalI:97.67	1851	74	2123	114	22.7838	ok	97.1412	gamma	97.0905	96.67	85.58	96.3142	660	846
GCF_000367805.1__GCF_002356075.1	GCF_000367805.1	GCF_002356075.1	95-97	train	95.78	strict		NZ_AORH01000001.1	NZ_AP017902.1	95.0659	96.2896	0.7605	0.784	0.19694	95.1475	18	0.9924	2	1.014	0.7523	95.3382	97.3196	2.686	6.87	AlfI:96.17,AloI:97.38,BcgI:94.69,FalI:96.93	337	18	465	68	15.5556	ok	95.0659	gamma	95.8033	95.6	87.39	95.4595	253	268
GCF_000368645.1__GCF_000964015.1	GCF_000368645.1	GCF_000964015.1	95-97	test	96.05	strict		NZ_KB849589.1	NZ_JZRE01000001.1	96.2552	96.9916	0.8335	0.8853	0.06243	96.361	49	0.9819	45	1.224	0.8006	96.1582	97.6706	0.4489	2.57	AlfI:96.98,AloI:96.99,BcgI:96.84,FalI:97.29	2544	49	3392	327	50.9388	ok	96.2552	gamma	96.3157	96.06	87.16	96.031	883	1046
GCF_000369145.1__GCF_013417805.1	GCF_000369145.1	GCF_013417805.1	95-97	train	96.31	strict		NZ_KB849832.1	NZ_VPDG01000010.1	96.4325	97.5045	0.845	0.8376	0.05506	96.7441	32	0.9893	29	0.669	0.8384	96.4702	98.1838	0.1139	0.14	AlfI:97.51,AloI:97.42,BcgI:97.54,FalI:97.45	2796	32	3573	367	84.5	ok	96.4325	gamma	96.6208	96.81	81.13	96.5655	931	1095
GCF_000369485.1__GCF_000369545.1	GCF_000369485.1	GCF_000369545.1	95-97	train	95.64	strict		NZ_KB850048.1	NZ_KB850085.1	95.263	96.2931	0.8694	0.9388	0.06386	95.6351	19	0.995	14	1.26	0.7477	95.3681	97.2808	0.3489	1.85	AlfI:96.22,AloI:96.27,BcgI:96.19,FalI:96.54	2912	19	4235	352	148.842	ok	95.263	gamma	95.5167	95.24	84.42	95.7033	1153	1366
GCF_000406205.1__GCF_009873225.1	GCF_000406205.1	GCF_009873225.1	95-97	test	96.35	strict		NZ_CM001979.1	NZ_VSRM01000100.1	97.0617	97.2934	0.8284	0.832	0.04175	96.5279	152	0.9696	151	2.781	0.8206	96.925	97.5511	0.669	2.87	AlfI:97.27,AloI:97.54,BcgI:97.31,FalI:96.87	5171	152	6264	216	32.6316	ok	97.0617	gamma	97.034	96.17	84.77	96.3101	1407	1699
GCF_000413375.1__GCF_002847685.1	GCF_000413375.1	GCF_002847685.1	95-97	train	96.91	strict		NZ_KE340308.1	NZ_PKHM01000001.1	97.3362	97.9945	0.8577	0.9146	0.04122	97.4663	30	0.9925	29	0.689	0.8722	97.2338	98.3911	0.3208	2.14	AlfI:97.85,AloI:98.02,BcgI:98.06,FalI:97.74	3893	30	4707	778	128.1	ok	97.3362	gamma	97.3566	96.87	88.16	96.8795	690	792
GCF_000452225.2__GCF_015668845.1	GCF_000452225.2	GCF_015668845.1	95-97	test	96.64	strict		NZ_AVNB01000001.1	NZ_JADPGU010000010.1	96.9087	97.5525	0.7579	0.7292	0.08004	96.6169	68	0.9776	29	0.918	0.8463	96.8208	98.0019	1.3912	3.59	AlfI:97.71,AloI:97.91,BcgI:96.52,FalI:97.57	1507	68	1733	120	19.6029	ok	96.9087	gamma	97.0468	96.82	80.24	96.4229	993	1147
GCF_000505765.1__GCF_007989265.1	GCF_000505765.1	GCF_007989265.1	95-97	test	95.82	strict		NZ_AYXS01000001.1	NZ_BJVS01000001.1	96.8561	97.1766	0.8625	0.9188	0.04226	96.5329	53	0.997	15	2.239	0.8123	96.7207	97.5106	0.439	2.17	AlfI:97.28,AloI:96.99,BcgI:97.18,FalI:96.85	5054	53	6448	544	94.3585	ok	96.8561	gamma	96.8292	96.22	89.59	96.0392	1022	1151
GCF_000506745.1__GCF_003599935.1	GCF_000506745.1	GCF_003599935.1	95-97	train	96.63	strict		NZ_AYRQ01000001.1	NZ_PTTK01000104.1	96.5424	97.6126	0.8012	0.7612	0.07176	96.8326	103	0.971	44	0.605	0.849	96.5821	98.2468	0.6672	2.34	AlfI:97.41,AloI:98.08,BcgI:97.77,FalI:97.53	2192	103	2104	50	15.2913	ok	96.5424	gamma	96.7864	96.67	86.3	96.7869	592	663
GCF_000519025.1__GCF_000526975.1	GCF_000519025.1	GCF_000526975.1	95-97	test	96.93	strict		NZ_JAES01000001.1	NZ_AZUH01000001.1	97.6663	97.9834	0.8841	0.8518	0.03478	97.3606	99	0.9918	44	1.297	0.8709	97.5046	98.2318	0.5693	6.26	AlfI:98.00,AloI:98.05,BcgI:97.90,FalI:98.47	5493	99	6483	446	54.6263	ok	97.6663	gamma	97.6069	97.08	83.78	96.9665	988	1082
GCF_000597925.1__GCF_002901665.1	GCF_000597925.1	GCF_002901665.1	95-97	train	95.88	strict		NZ_ATBG01000001.1	NZ_PPSD01000100.1	96.6552	96.975	0.8139	0.8945	0.03198	95.7296	130	0.9893	100	2.516	0.7968	96.5048	97.3555	0.3141	2.71	AlfI:96.94,AloI:97.07,BcgI:96.94,FalI:97.25	9636	130	12325	367	71.9615	ok	96.6552	gamma	96.5847	95.74	85.27	95.8621	1961	2410
GCF_000613325.1__GCF_018127765.1	GCF_000613325.1	GCF_018127765.1	95-97	train	96.85	strict		NZ_BAIP01000065.1	NZ_CP072330.1	97.3583	97.8066	0.7971	0.7956	0.05421	97.1061	90	0.9794	52	1.075	0.8613	97.2033	98.1445	0.6575	5.26	AlfI:97.54,AloI:97.35,BcgI:97.79,FalI:98.01	2933	90	3147	193	28.4333	ok	97.3583	gamma	97.3604	97.08	76.77	96.5685	794	917
GCF_000692275.1__GCF_001022525.2	GCF_000692275.1	GCF_001022525.2	95-97	train	95.83	strict		NZ_KK736233.1	NZ_LEDT02000001.1	95.7418	96.5566	0.8547	0.8922	0.04697	95.5989	62	0.9886	55	1.392	0.7646	95.7366	97.3478	0.8519	11.61	AlfI:96.90,AloI:96.50,BcgI:96.41,FalI:96.05	4930	62	6947	567	78.1774	ok	95.7418	gamma	95.8482	95.8	82.03	95.6445	1402	1681
GCF_000719575.1__GCF_000721715.1	GCF_000719575.1	GCF_000721715.1	95-97	test	95.32	strict		NZ_JOGZ01000001.1	NZ_JOJO01000001.1	96.1468	96.6668	0.7825	0.7549	0.03345	94.816	117	0.9951	45	1.968	0.7722	95.9961	97.3026	1.1233	27.14	AlfI:96.50,AloI:96.78,BcgI:96.60,FalI:97.62	9825	117	12985	554	79.4444	ok	96.1468	gamma	96.0764	94.74	69.31	94.8821	2396	2859
GCF_000721345.1__GCF_000721625.1	GCF_000721345.1	GCF_000721625.1	95-97	train	95.95	strict		NZ_JOGH01000001.1	NZ_JOJA01000001.1	97.1457	97.9451	0.7652	0.7984	0.02767	96.682	279	0.9912	75	0.65	0.8675	97.0122	98.4575	0.9758	23.03	AlfI:98.04,AloI:97.63,BcgI:97.91,FalI:98.61	9454	279	11091	333	31.3907	ok	97.1457	gamma	97.0941	96.79	78.92	96.5687	2158	2731
GCF_000738695.1__GCF_000988945.1	GCF_000738695.1	GCF_000988945.1	95-97	test	96.62	strict		NZ_KL997361.1	NZ_LCTL01000001.1	97.9903	98.211	0.6041	0.6397	0.02381	96.7781	658	0.9391	628	1.434	0.8862	97.8534	98.3787	0.3811	7.2	AlfI:98.13,AloI:98.34,BcgI:98.17,FalI:98.52	11563	658	12013	85	15.7264	ok	97.9903	gamma	97.9262	97.02	73.59	96.1866	2213	3448
GCF_000761335.1__GCF_008121555.1	GCF_000761335.1	GCF_008121555.1	95-97	train	96.43	strict		NZ_AWTN01000001.1	NZ_VOQT01000001.1	97.2777	97.559	0.778	0.7785	0.02947	96.1069	93	0.9957	38	1.968	0.8411	97.1324	97.8261	0.6211	9.13	AlfI:97.57,AloI:98.08,BcgI:97.46,FalI:97.79	9246	93	11150	503	96.7097	ok	97.2777	gamma	97.2127	96.29	75.14	96.2126	1535	1846
GCF_000803285.1__GCF_904887615.1	GCF_000803285.1	GCF_904887615.1	95-97	train	96.46	strict		NZ_JHQK01000001.1	NZ_CAJHHQ010000001.1	96.2787	97.2662	0.9005	0.8916	0.05704	96.7796	39	0.9939	17	0.807	0.8229	96.2865	97.9734	0.4827	2.77	AlfI:97.15,AloI:96.99,BcgI:97.16,FalI:97.47	2931	39	3778	323	72.5641	ok	96.2787	gamma	96.4378	96.34	85.55	96.4402	1126	1238
GCF_000819905.1__GCF_013359465.2	GCF_000819905.1	GCF_013359465.2	95-97	train	96.16	strict		NZ_JXII01000001.1	NZ_JABEVU020000091.1	96.6551	97.2248	0.8548	0.834	0.05473	96.4935	34	0.993	21	1.336	0.8168	96.5238	97.7292	0.3726	1.34	AlfI:97.19,AloI:96.93,BcgI:97.30,FalI:97.21	3064	34	3964	453	88.7353	ok	96.6551	gamma	96.6668	95.28	81.87	96.1567	716	845
GCF_000819905.1__GCF_014634945.1	GCF_000819905.1	GCF_014634945.1	95-97	train	96.76	strict		NZ_JXII01000001.1	NZ_BMCA01000001.1	97.1654	97.5911	0.8604	0.9034	0.05001	97.1035	30	0.9946	17	1.392	0.8436	96.9647	97.9747	0.2437	0.74	AlfI:97.68,AloI:97.57,BcgI:97.61,FalI:97.43	3196	30	3985	489	105.7	ok	97.1654	gamma	97.1032	96.58	84.56	96.6555	729	845
GCF_000834105.1__GCF_014836545.1	GCF_000834105.1	GCF_014836545.1	95-97	test	95.49	strict		NZ_JXIP01000001.1	NZ_JACSQS010000010.1	96.3432	96.7569	0.864	0.9023	0.03931	95.8838	148	0.9966	22	2.239	0.7793	96.2205	97.244	0.5377	5.36	AlfI:96.75,AloI:97.08,BcgI:96.66,FalI:97.20	6657	148	8893	277	44.0676	ok	96.3432	gamma	96.3158	95.33	84.74	95.5258	1117	1283
GCF_000877055.1__GCF_000937035.1	GCF_000877055.1	GCF_000937035.1	95-97	train	95.45	strict		NZ_CEEX01000001.1	NZ_CEEW01000001.1	95.4156	96.8118	0.6295	0.6564	0.09145	95.2365	110	0.9893	11	0.783	0.791	95.6407	97.8022	0.4487	0.51	AlfI:96.90,AloI:96.46,BcgI:96.88,FalI:96.80	1471	110	1835	54	10.2364	ok	95.4156	gamma	95.8708	95.31	64.88	95.4863	492	648
GCF_001070785.1__GCF_003244735.1	GCF_001070785.1	GCF_003244735.1	95-97	test	95.02	strict		NZ_JVNZ01000001.1	NZ_LXXL01000001.1	95.9832	96.6644	0.7985	0.8712	0.03704	95.5236	301	0.9902	71	1.52	0.7721	95.9368	97.3595	1.0095	17.93	AlfI:96.69,AloI:96.99,BcgI:96.50,FalI:97.51	7723	301	10580	135	24.8904	ok	95.9832	gamma	96.0255	95.04	83.08	95.2241	1200	1473
GCF_001263145.1__GCF_009902355.1	GCF_001263145.1	GCF_009902355.1	95-97	train	95.15	strict		NZ_LAVB01000001.1	NZ_RWKT01000001.1	95.2172	96.6406	0.8575	0.8257	0.10077	95.9268	33	0.9794	23	0.807	0.7805	95.5215	97.6241	0.341	0.44	AlfI:96.89,AloI:96.55,BcgI:96.71,FalI:96.57	1171	33	1619	152	34.1515	ok	95.2172	gamma	95.7715	95.23	74.8	95.1609	643	721
GCF_001281205.1__GCF_006493415.1	GCF_001281205.1	GCF_006493415.1	95-97	train	95.02	strict		NZ_JXCY01000001.1	NZ_QUBN01000001.1	94.8758	95.7295	0.7727	0.7708	0.13219	94.6655	31	0.969	24	1.781	0.7109	94.9469	96.7082	1.7368	5.1	AlfI:95.44,AloI:97.07,BcgI:95.33,FalI:95.81	841	31	1201	90	25.1935	ok	94.8758	gamma	95.2442	94.56	81.52	94.6525	446	514
GCF_001282805.1__GCF_001461995.1	GCF_001282805.1	GCF_001461995.1	95-97	train	95.74	strict		NZ_CXOI01000001.1	NZ_LNVP01000001.1	96.3065	96.9544	0.8593	0.886	0.03491	95.8908	166	0.9892	84	1.392	0.7947	96.2109	97.5779	0.5033	6.4	AlfI:96.86,AloI:97.36,BcgI:96.94,FalI:97.36	8107	166	10680	195	47.3735	ok	96.3065	gamma	96.2977	95.76	82.53	95.7677	1310	1538
GCF_001404815.1__GCF_015549285.1	GCF_001404815.1	GCF_015549285.1	95-97	train	95.38	strict		NZ_CYXR01000001.1	NZ_JADMYO010000010.1	96.0369	96.6118	0.6402	0.6949	0.07366	95.1401	71	0.9841	32	1.781	0.774	95.9435	97.2297	0.4584	1.34	AlfI:96.32,AloI:96.78,BcgI:96.66,FalI:96.68	2235	71	2857	93	28.9577	ok	96.0369	gamma	96.1228	94.9	66.4	95.097	780	1083
GCF_001425805.1__GCF_001514045.1	GCF_001425805.1	GCF_001514045.1	95-97	train	96.83	strict		NZ_LMDL01000001.1	NZ_KQ948304.1	97.4513	97.8194	0.7811	0.8708	0.02422	96.3582	134	0.993	85	1.336	0.8589	97.2547	98.1378	0.5312	10.44	AlfI:97.72,AloI:97.79,BcgI:97.81,FalI:98.25	12571	134	14887	635	90.709	ok	97.4513	gamma	97.324	96.77	81.49	96.5185	2834	3551
GCF_001476555.1__GCF_003580695.1	GCF_001476555.1	GCF_003580695.1	95-97	test	96.32	strict		NZ_LDTM01000001.1	NZ_QYJE01000001.1	96.9896	97.133	0.5501	0.5578	0.10256	95.3809	84	0.9431	49	4.046	0.8155	97.0197	97.229	0.5163	1.87	AlfI:96.93,AloI:96.83,BcgI:96.83,FalI:97.35	1159	84	1163	32	10.6667	ok	96.9896	gamma	97.285	96.13	85.69	95.8936	683	890
GCF_001510805.1__GCF_904887615.1	GCF_001510805.1	GCF_904887615.1	95-97	train	96.47	strict		NZ_LQMV01000001.1	NZ_CAJHHQ010000001.1	96.2765	97.2683	0.9082	0.8945	0.05699	96.7987	35	0.9947	15	0.807	0.823	96.2773	97.9837	0.5826	3.39	AlfI:97.14,AloI:96.91,BcgI:97.16,FalI:97.49	2920	35	3787	319	80.8286	ok	96.2765	gamma	96.4284	96.32	85.21	96.5393	1123	1235
GCF_001522845.1__GCF_900446275.1	GCF_001522845.1	GCF_900446275.1	95-97	train	95.04	strict		NZ_LOWC01000001.1	NZ_UFUH01000002.1	95.9104	96.4485	0.8202	0.8468	0.03127	94.6023	124	0.9963	41	2.086	0.7548	95.8023	97.1196	0.9412	18.43	AlfI:96.11,AloI:97.01,BcgI:96.47,FalI:97.05	11429	124	15740	625	89.3871	ok	95.9104	gamma	95.8752	95.04	71.01	95.1372	1816	2129
GCF_001528995.1__GCF_001636095.1	GCF_001528995.1	GCF_001636095.1	95-97	test	96.69	strict		NZ_LPDT01000001.1	NZ_CM004191.1	97.3963	97.6868	0.8303	0.9011	0.02231	96.1383	123	0.9954	68	1.781	0.85	97.2275	97.9584	0.5862	11.43	AlfI:97.57,AloI:97.97,BcgI:97.68,FalI:98.16	15320	123	18229	716	121.285	ok	97.3963	gamma	97.2896	96.66	84.29	96.6262	1980	2333
GCF_001562845.1__GCF_016026575.1	GCF_001562845.1	GCF_016026575.1	95-97	train	95.36	strict		NZ_KQ961053.1	NZ_CP065631.1	95.7357	96.6039	0.8747	0.9131	0.0808	96.1211	18	0.997	5	1.26	0.773	95.7272	97.436	0.84	4.83	AlfI:96.31,AloI:97.15,BcgI:96.43,FalI:96.98	1710	18	2388	404	93.1111	ok	95.7357	gamma	95.9223	95.72	88.16	95.6528	451	490
GCF_001573875.1__GCF_018916625.1	GCF_001573875.1	GCF_018916625.1	95-97	test	95.18	strict		NZ_LFRG01000001.1	NZ_JAHLNC010000001.1	95.6141	96.3171	0.7699	0.7983	0.09936	95.5099	66	0.9958	5	1.631	0.7605	95.5855	97.0308	1.8103	5.23	AlfI:95.54,AloI:96.78,BcgI:94.97,FalI:96.44	1477	66	1835	151	18.8333	ok	95.6141	gamma	95.825	95.2	84.2	95.2648	1132	1252
GCF_001597285.1__GCF_900455475.1	GCF_001597285.1	GCF_900455475.1	95-97	train	96.9	strict		NZ_CP014784.1	NZ_UGUP01000002.1	97.2347	97.5566	0.8831	0.814	0.03323	96.558	55	0.9925	54	1.781	0.8407	97.0663	97.8675	0.4774	7.04	AlfI:97.56,AloI:97.93,BcgI:97.45,FalI:97.84	7318	55	8887	942	130.418	ok	97.2347	gamma	97.1569	96.86	74.8	96.5874	1312	1468
GCF_001675095.1__GCF_003400125.1	GCF_001675095.1	GCF_003400125.1	95-97	test	96.91	strict		NZ_CP013636.1	NZ_KZ859569.1	97.454	97.9183	0.8585	0.8641	0.02345	96.574	67	0.995	61	0.973	0.867	97.3187	98.2369	0.1649	0.87	AlfI:97.97,AloI:97.81,BcgI:97.90,FalI:97.94	12993	67	14916	1063	183.896	ok	97.454	gamma	97.3873	96.83	79.73	96.7964	1974	2284
GCF_001678995.1__GCF_002027585.1	GCF_001678995.1	GCF_002027585.1	95-97	train	96.91	strict		NZ_LZNA01000001.1	NZ_MXAO01000001.1	97.3494	97.8984	0.8404	0.8072	0.05025	97.2556	85	0.9848	40	0.892	0.8662	97.177	98.287	0.4926	2.93	AlfI:98.04,AloI:97.93,BcgI:97.83,FalI:97.55	2799	85	3314	170	31.5647	ok	97.3494	gamma	97.3238	97.21	83.2	96.9903	626	726
GCF_001681635.1__GCF_001682005.1	GCF_001681635.1	GCF_001682005.1	95-97	train	96.62	strict		NZ_LNWU01000001.1	NZ_LNXN01000001.1	96.9911	97.1213	0.896	0.884	0.03832	96.3995	65	0.9956	27	4.943	0.8083	96.896	97.2876	0.1657	0.54	AlfI:97.18,AloI:97.19,BcgI:97.10,FalI:97.03	6288	65	7881	448	95.8462	ok	96.9911	gamma	96.9935	96.31	86.58	96.4064	1407	1527
GCF_001704385.2__GCF_900168155.1	GCF_001704385.2	GCF_900168155.1	95-97	test	95.76	strict		NZ_LZEK01000001.1	NZ_FUYQ01000044.1	96.1247	96.8884	0.7842	0.8449	0.05726	96.0287	84	0.9857	44	1.189	0.7942	96.1368	97.5069	0.5638	2.13	AlfI:96.85,AloI:96.43,BcgI:96.92,FalI:96.99	3295	84	4260	203	37.1548	ok	96.1247	gamma	96.2807	95.22	80.41	95.5681	1085	1331
GCF_001758545.1__GCF_009380165.1	GCF_001758545.1	GCF_009380165.1	95-97	train	95.67	strict		NZ_LRHV01000001.1	NZ_WHUF01000010.1	96.4234	96.7668	0.8252	0.9173	0.03133	95.386	108	0.9952	49	2.623	0.7808	96.2815	97.1987	0.5421	8.79	AlfI:96.79,AloI:96.71,BcgI:96.68,FalI:97.22	10584	108	13931	525	95.7315	ok	96.4234	gamma	96.3577	95.33	83.62	95.5295	2001	2432
GCF_001758795.1__GCF_009380165.1	GCF_001758795.1	GCF_009380165.1	95-97	train	95.63	strict		NZ_LRON01000001.1	NZ_WHUF01000010.1	96.4264	96.7611	0.8611	0.9345	0.03073	95.4359	90	0.9963	40	2.701	0.7804	96.2767	97.1913	0.4806	7.82	AlfI:96.84,AloI:96.74,BcgI:96.65,FalI:97.13	11024	90	14499	600	119.356	ok	96.4264	gamma	96.3514	95.21	84.58	95.5439	2014	2462
GCF_001810345.1__GCF_014931375.1	GCF_001810345.1	GCF_014931375.1	95-97	train	95.86	strict		NZ_KV800989.1	NZ_CP063117.1	95.233	96.6622	0.9475	0.9227	0.08944	96.312	16	0.9963	5	0.783	0.7779	95.5928	97.6644	1.1377	5.86	AlfI:96.58,AloI:95.97,BcgI:96.33,FalI:97.11	1386	16	1968	244	85.5625	ok	95.233	gamma	95.8108	95.62	86.08	95.9073	588	639
GCF_001878775.1__GCF_018438165.1	GCF_001878775.1	GCF_018438165.1	95-97	train	95.93	strict		NZ_MJIQ01000001.1	NZ_CP053947.1	95.917	97.1449	0.8497	0.8409	0.05985	96.3754	63	0.9976	6	0.739	0.8118	96.0553	97.9795	0.3891	0.57	AlfI:97.17,AloI:96.78,BcgI:97.17,FalI:97.14	2682	63	3569	246	40.8095	ok	95.917	gamma	96.2098	96.17	83.9	96.2232	917	1018
GCF_002112905.1__GCF_004153525.1	GCF_002112905.1	GCF_004153525.1	95-97	train	95.58	strict		NZ_NEIY01000001.1	NZ_SEIT01000001.1	96.1664	96.618	0.8859	0.9091	0.03359	95.4308	143	0.9876	115	2.175	0.7687	96.0962	97.1073	0.1528	0.52	AlfI:96.59,AloI:96.49,BcgI:96.65,FalI:96.64	9408	143	12762	289	64.8462	ok	96.1664	gamma	96.1763	95.23	87.33	95.43	1860	2117
GCF_002216165.1__GCF_002286955.1	GCF_002216165.1	GCF_002286955.1	95-97	test	95.46	strict		NZ_CP022286.1	NZ_NSKA01000001.1	95.5844	96.3036	0.746	0.862	0.05487	95.1357	55	0.9858	54	1.729	0.7465	95.5319	97.1275	0.2863	1.42	AlfI:96.14,AloI:96.42,BcgI:96.39,FalI:96.36	3905	55	5538	328	69.2	ok	95.5844	gamma	95.659	95.28	80.33	95.2363	1156	1574
GCF_002258385.1__GCF_002259335.1	GCF_002258385.1	GCF_002259335.1	95-97	train	96.95	strict		NZ_NOYH01000013.1	NZ_NPFX01000014.1	97.4275	97.7951	0.8315	0.9255	0.02526	96.6062	83	0.9944	62	1.352	0.8574	97.244	98.1085	0.3653	7.46	AlfI:97.78,AloI:98.11,BcgI:97.75,FalI:98.08	11280	83	13655	653	134.181	ok	97.4275	gamma	97.3158	96.86	87.41	96.9503	1711	2106
GCF_002269425.1__GCF_013387095.1	GCF_002269425.1	GCF_013387095.1	95-97	test	96.6	strict		NZ_CP022960.1	NZ_JACAQM010000001.1	96.8634	97.4072	0.9133	0.899	0.02942	96.353	81	0.9917	80	1.224	0.8297	96.7498	97.8521	0.2942	2.66	AlfI:97.40,AloI:97.44,BcgI:97.37,FalI:97.66	9780	81	12390	659	119.185	ok	96.8634	gamma	96.8283	96.64	84.06	96.5993	2018	2234
GCF_002313185.2__GCF_018917625.1	GCF_002313185.2	GCF_018917625.1	95-97	train	95.9	strict		NZ_NWFM02000004.1	NZ_JAHLOY010000001.1	96.4494	96.7407	0.8223	0.9139	0.04195	95.8159	54	0.9913	50	3.165	0.7786	96.2569	97.1688	0.4353	1.73	AlfI:96.81,AloI:96.70,BcgI:96.74,FalI:96.37	5870	54	7772	549	106.426	ok	96.4494	gamma	96.3584	95.35	90.48	95.6379	1354	1622
GCF_002368135.1__GCF_002893155.1	GCF_002368135.1	GCF_002893155.1	95-97	train	95.66	strict		NZ_AP018317.1	NZ_NJHU01000001.1	96.3419	97.2333	0.5572	0.4817	0.10228	95.1637	81	0.9104	80	0.892	0.8198	96.3298	97.8901	0.5195	1.22	AlfI:97.43,AloI:97.47,BcgI:96.95,FalI:97.24	1346	81	1192	34	11.037	ok	96.3419	gamma	96.6006	95.45	69.72	95.6206	969	1143
GCF_002368135.1__GCF_002893245.1	GCF_002368135.1	GCF_002893245.1	95-97	train	95.7	strict		NZ_AP018317.1	NZ_NJHY01000001.1	96.4145	97.2986	0.5813	0.5115	0.09939	95.3635	79	0.9157	78	0.866	0.8245	96.398	97.9343	0.3006	0.45	AlfI:97.43,AloI:97.48,BcgI:97.18,FalI:97.25	1370	79	1226	36	11.7215	ok	96.4145	gamma	96.6638	95.46	71.72	95.7003	971	1143
GCF_002553705.1__GCF_007876425.1	GCF_002553705.1	GCF_007876425.1	95-97	test	96.59	strict		NZ_PCZJ01000010.1	NZ_QGQW01000001.1	96.9934	97.438	0.7716	0.749	0.09174	96.5834	42	0.993	7	1.297	0.8375	96.9349	97.7669	1.4157	5.71	AlfI:97.19,AloI:98.18,BcgI:96.76,FalI:97.60	1141	42	1334	111	24.5238	ok	96.9934	gamma	97.1858	96.86	66.27	96.0945	479	543
GCF_002555415.1__GCF_002557285.1	GCF_002555415.1	GCF_002557285.1	95-97	test	96.39	strict		NZ_NUCK01000207.1	NZ_NUBH01000100.1	96.8917	97.8397	0.7307	0.7476	0.04762	96.7915	108	0.9822	57	0.588	0.864	96.8353	98.4025	0.2868	1.68	AlfI:97.86,AloI:97.72,BcgI:98.01,FalI:97.77	4412	108	4206	208	30.1944	ok	96.8917	gamma	96.9764	96.44	78.1	96.1098	1543	1825
GCF_002739945.1__GCF_013184205.1	GCF_002739945.1	GCF_013184205.1	95-97	test	95.73	strict		NZ_MQYE01000001.1	NZ_JABDRR010000010.1	96.5132	97.0607	0.9024	0.9227	0.03419	96.1847	131	0.9945	43	1.52	0.803	96.3833	97.6023	0.6094	11.04	AlfI:97.16,AloI:97.50,BcgI:96.90,FalI:97.38	8087	131	10620	323	60.6489	ok	96.5132	gamma	96.4696	95.64	85.6	95.8519	1283	1406
GCF_002759075.1__GCF_014269035.2	GCF_002759075.1	GCF_014269035.2	95-97	train	96.13	strict		NZ_PEMX01000100.1	NZ_JABWRP020000001.1	96.8574	97.3374	0.7696	0.8814	0.03052	96.0509	104	0.994	55	1.476	0.8244	96.6773	97.8007	0.2055	1.78	AlfI:97.31,AloI:97.51,BcgI:97.31,FalI:97.51	10059	104	11851	322	87.9519	ok	96.8574	gamma	96.7577	96.12	83.02	96.139	1614	2060
GCF_002763625.1__GCF_002763815.1	GCF_002763625.1	GCF_002763815.1	95-97	train	96.83	strict		NZ_CP024699.1	NZ_CP024703.1	95.4504	97.2296	0.9408	0.9573	0.09628	97.0385	7	0.9944	6	0.516	0.8246	95.8459	98.2113	1.1517	2.31	AlfI:96.62,AloI:97.69,BcgI:96.54,FalI:97.24	1328	7	1498	384	153.143	ok	95.4504	gamma	96.1086	96.92	81.81	96.4971	659	790
GCF_002836675.1__GCF_014841975.1	GCF_002836675.1	GCF_014841975.1	95-97	train	95.51	strict		NZ_PJAW01000127.1	NZ_JACYUW010000001.1	96.4678	96.8046	0.8246	0.8939	0.03935	95.8644	147	0.9953	30	2.623	0.7831	96.3271	97.2285	0.5663	7.43	AlfI:96.85,AloI:97.23,BcgI:96.67,FalI:97.18	6547	147	8663	257	43.9524	ok	96.4678	gamma	96.4231	95.54	84.22	95.4928	1121	1310
GCF_002843095.1__GCF_003935455.1	GCF_002843095.1	GCF_003935455.1	95-97	train	95.52	strict		NZ_PJLX01000001.1	NZ_RHQT01000010.1	96.0643	96.8817	0.8588	0.8939	0.03652	95.7196	74	0.9934	48	1.174	0.7896	96.059	97.5917	0.2407	0.5	AlfI:96.87,AloI:97.05,BcgI:96.88,FalI:96.81	7424	74	10142	524	99.0405	ok	96.0643	gamma	96.1489	95.5	82.4	95.6808	1431	1645
GCF_002860585.1__GCF_004564745.1	GCF_002860585.1	GCF_004564745.1	95-97	train	96.69	strict		NZ_PKFK01000001.1	NZ_NRPV01000007.1	96.3983	97.1671	0.905	0.8768	0.07567	96.8078	31	0.9916	14	1.075	0.8166	96.2806	97.8115	0.2036	0.18	AlfI:97.25,AloI:97.04,BcgI:97.20,FalI:97.15	1993	31	2267	243	54.5161	ok	96.3983	gamma	96.4804	96.29	79.71	96.5685	961	1091
GCF_002871495.1__GCF_003944325.1	GCF_002871495.1	GCF_003944325.1	95-97	train	95.08	strict		NZ_PNGD01000001.1	NZ_RJPX01000001.1	95.1891	96.2386	0.7192	0.7358	0.09498	95.0262	60	0.9717	38	1.189	0.7502	95.3838	97.1238	0.5649	2.29	AlfI:95.94,AloI:96.27,BcgI:95.88,FalI:96.45	1634	60	2028	66	22.7333	ok	95.1891	gamma	95.6082	94.61	75.34	95.0202	588	741
GCF_002877155.1__GCF_005146585.1	GCF_002877155.1	GCF_005146585.1	95-97	test	96.72	strict		NZ_MCXT01000001.1	NZ_SYVI01000001.1	96.8353	98.4185	0.7418	0.8373	0.03573	97.3823	123	0.9794	87	0.244	0.9024	97.1852	98.9792	0.2464	0.97	AlfI:98.34,AloI:98.21,BcgI:98.45,FalI:98.45	4422	123	5218	153	34.5528	ok	96.8353	gamma	97.306	97.25	84.52	97.2119	1386	1778
GCF_002894505.1__GCF_008274755.1	GCF_002894505.1	GCF_008274755.1	95-97	train	95.64	strict		NZ_POYI01000014.1	NZ_VTPB01000001.1	95.9738	96.8888	0.8715	0.7387	0.03789	95.3711	48	0.9974	18	1.075	0.7906	95.9847	97.6675	0.2856	1.19	AlfI:96.86,AloI:97.14,BcgI:96.88,FalI:96.87	6958	48	9557	665	142.896	ok	95.9738	gamma	96.0784	95.71	69.46	95.9092	1437	1645
GCF_002938985.1__GCF_009756075.1	GCF_002938985.1	GCF_009756075.1	95-97	train	96.46	strict		NZ_JJMJ01000001.1	NZ_VYIL01000001.1	96.2254	97.498	0.7451	0.7783	0.08119	96.5761	99	0.9954	5	0.571	0.8423	96.3118	98.274	1.0669	9.6	AlfI:96.89,AloI:96.86,BcgI:96.75,FalI:97.81	1452	99	1788	45	11.8687	ok	96.2254	gamma	96.5394	96.87	85.69	96.789	856	918
GCF_003015035.1__GCF_010607825.1	GCF_003015035.1	GCF_010607825.1	95-97	test	96.19	strict		NZ_PYBO01000001.1	NZ_VLTZ01000001.1	96.9525	97.6089	0.8622	0.8394	0.03016	96.5784	216	0.9897	86	0.945	0.8442	96.817	98.1095	0.4709	7.58	AlfI:97.68,AloI:97.96,BcgI:97.49,FalI:97.79	8629	216	10839	280	39.287	ok	96.9525	gamma	96.9002	96.36	82.2	96.2829	1274	1450
GCF_003024475.1__GCF_017579825.1	GCF_003024475.1	GCF_017579825.1	95-97	train	96.36	strict		NZ_PVZO01000010.1	NZ_CP049819.1	97.1175	97.5513	0.9101	0.9474	0.04263	97.1443	32	0.9975	11	1.392	0.8392	96.9374	97.9428	0.602	6.92	AlfI:97.60,AloI:97.46,BcgI:97.47,FalI:98.06	4516	32	5604	547	138.75	ok	97.1175	gamma	97.0542	96.36	87.46	96.343	1098	1203
GCF_003044485.1__GCF_003493325.1	GCF_003044485.1	GCF_003493325.1	95-97	test	95.82	strict		NZ_POWZ01000001.1	NZ_QQKO01000001.1	95.9697	97.3448	0.8912	0.9407	0.0577	96.9016	51	0.9915	22	0.605	0.8248	96.1995	98.1686	0.5771	1.4	AlfI:97.31,AloI:97.61,BcgI:97.36,FalI:97.04	2820	51	3515	289	51.2353	ok	95.9697	gamma	96.3522	95.8	87.45	96.3432	643	731
GCF_003151025.1__GCF_014324215.1	GCF_003151025.1	GCF_014324215.1	95-97	train	96.71	strict		NZ_CP029477.1	NZ_SCMD01000010.1	96.2632	97.9417	0.9346	0.9202	0.0719	97.6373	10	0.9935	9	0.355	0.871	96.606	98.6835	0.5188	1.3	AlfI:98.09,AloI:98.27,BcgI:97.75,FalI:97.93	1441	10	1786	441	138.2	ok	96.2632	gamma	96.8235	97.05	86.78	97.0179	615	672
GCF_003173275.1__GCF_011290345.1	GCF_003173275.1	GCF_011290345.1	95-97	train	96.21	strict		NZ_CP029541.1	NZ_CP049782.1	96.8594	97.5656	0.8211	0.9047	0.02772	96.2005	56	0.9947	55	0.945	0.8407	96.6894	98.1339	0.6657	12.04	AlfI:97.41,AloI:97.51,BcgI:97.58,FalI:98.08	10765	56	13349	920	184.518	ok	96.8594	gamma	96.7654	96.35	82.98	96.3938	2616	3228
GCF_003352995.1__GCF_009831195.1	GCF_003352995.1	GCF_009831195.1	95-97	test	96.99	strict		NZ_CP022601.1	NZ_WUUH01000001.1	96.4059	97.5458	0.7639	0.841	0.0782	96.7519	24	0.9836	23	0.631	0.8448	96.3904	98.2739	0.5556	1.34	AlfI:97.52,AloI:98.05,BcgI:97.53,FalI:97.49	1553	24	1854	190	58.5	ok	96.4059	gamma	96.6114	97.15	77.96	96.3382	558	748
GCF_003382655.2__GCF_014946905.1	GCF_003382655.2	GCF_014946905.1	95-97	train	95.9	strict		NZ_QHJS02000001.1	NZ_JACYTL010000001.1	96.1286	97.0676	0.8264	0.8765	0.04742	96.2155	92	0.9946	22	0.945	0.8042	96.164	97.7893	0.4212	3.18	AlfI:96.86,AloI:97.20,BcgI:97.14,FalI:97.28	4247	92	5675	276	44.7826	ok	96.1286	gamma	96.2842	96	84.82	96.0162	1243	1409
GCF_003416965.1__GCF_009857635.1	GCF_003416965.1	GCF_009857635.1	95-97	test	96.19	strict		NZ_QVIM01000010.1	NZ_WWCV01000100.1	96.9756	97.3405	0.8318	0.8912	0.02883	96.2141	204	0.9828	177	1.833	0.8247	96.8108	97.7072	0.3274	4.28	AlfI:97.40,AloI:97.30,BcgI:97.26,FalI:97.59	10698	204	13147	463	50.5441	ok	96.9756	gamma	96.8869	96.12	84.85	96.0087	1980	2403
GCF_003434755.1__GCF_003480365.1	GCF_003434755.1	GCF_003480365.1	95-97	train	96.61	strict		NZ_QVFE01000001.1	NZ_QUIX01000001.1	97.0305	97.6484	0.6574	0.7613	0.04326	96.3247	100	0.9895	42	0.973	0.8473	96.8754	98.1182	0.5016	2.79	AlfI:97.61,AloI:97.22,BcgI:97.73,FalI:97.70	4469	100	5169	185	40.44	ok	97.0305	gamma	96.9959	96.82	72.41	96.2241	775	1082
GCF_003434765.1__GCF_003480945.1	GCF_003434765.1	GCF_003480945.1	95-97	test	96.56	strict		NZ_QVFF01000001.1	NZ_QUJR01000001.1	97.1482	97.6	0.6419	0.7296	0.04433	96.2114	101	0.9887	44	1.297	0.8438	96.9794	97.9825	0.2622	1.5	AlfI:97.50,AloI:97.42,BcgI:97.68,FalI:97.60	4409	101	4968	221	38.9901	ok	97.1482	gamma	97.1016	96.68	69.52	96.0597	758	1081
GCF_003437565.1__GCF_003472325.1	GCF_003437565.1	GCF_003472325.1	95-97	train	96.27	strict		NZ_QSQW01000001.1	NZ_QRLS01000001.1	96.1734	97.6654	0.8538	0.8746	0.04645	96.9	64	0.9889	39	0.46	0.8492	96.4712	98.4235	0.5644	5.19	AlfI:97.47,AloI:98.03,BcgI:97.64,FalI:98.03	3623	64	4688	327	55.1875	ok	96.1734	gamma	96.601	96.75	84.88	96.5017	655	757
GCF_003493125.1__GCF_013401795.1	GCF_003493125.1	GCF_013401795.1	95-97	train	95.68	strict		NZ_QQKY01000001.1	NZ_JACBKA010000001.1	95.594	96.4026	0.8387	0.7787	0.09885	95.5676	48	0.9774	26	1.434	0.7582	95.6367	97.1718	0.3978	0.4	AlfI:96.50,AloI:96.10,BcgI:96.29,FalI:96.48	1260	48	1696	143	24.3958	ok	95.594	gamma	95.8711	95.42	80.78	95.775	564	636
GCF_003637375.1__GCF_004013925.1	GCF_003637375.1	GCF_004013925.1	95-97	train	95.74	strict		NZ_MVWC01000001.1	NZ_RJHI01000001.1	96.2201	96.9225	0.8663	0.8561	0.10867	96.4644	39	0.9831	14	1.297	0.8005	96.1037	97.5678	0.5922	0.58	AlfI:97.06,AloI:96.47,BcgI:96.70,FalI:96.98	919	39	1195	132	21.8718	ok	96.2201	gamma	96.3812	96.02	87.35	96.2508	465	511
GCF_003814635.1__GCF_015350875.1	GCF_003814635.1	GCF_015350875.1	95-97	train	96.16	strict		NZ_RKQW01000001.1	NZ_JADKSF010000001.1	96.7179	97.1558	0.8482	0.8768	0.04028	96.2607	44	0.993	39	1.781	0.8105	96.5369	97.623	0.368	0.71	AlfI:97.14,AloI:96.94,BcgI:97.16,FalI:97.31	5613	44	7280	461	126	ok	96.7179	gamma	96.64	95.94	81.34	96.0198	1049	1228
GCF_003992185.1__GCF_003992195.1	GCF_003992185.1	GCF_003992195.1	95-97	train	96.9	strict		NZ_RQVH01000001.1	NZ_RQVG01000001.1	97.3043	98.2246	0.8285	0.8595	0.0796	97.7086	43	0.9913	8	0.441	0.8891	97.2443	98.7031	0.6346	1.87	AlfI:98.22,AloI:98.69,BcgI:98.06,FalI:98.26	1002	43	1178	68	22.1163	ok	97.3043	gamma	97.4977	97.52	86.03	97.1998	506	570
GCF_004054145.1__GCF_004303365.1	GCF_004054145.1	GCF_004303365.1	95-97	test	96.38	strict		NZ_SBJE01000010.1	NZ_SIQC01000002.1	96.9241	97.4967	0.8521	0.8514	0.0256	95.937	85	0.9959	50	1.107	0.8366	96.8142	97.9394	0.4033	3.76	AlfI:97.59,AloI:97.22,BcgI:97.47,FalI:97.63	12704	85	15697	675	144.906	ok	96.9241	gamma	96.8835	96.35	79.53	96.3684	2050	2373
GCF_004352805.1__GCF_005774755.1	GCF_004352805.1	GCF_005774755.1	95-97	test	95.22	strict		NZ_SMLD01000100.1	NZ_VBUN01000100.1	96.5272	96.8729	0.7491	0.7616	0.03045	95.3758	468	0.9826	177	2.516	0.7882	96.3682	97.2992	0.3215	1.87	AlfI:96.92,AloI:96.68,BcgI:96.88,FalI:97.00	11329	468	14215	118	22.4103	ok	96.5272	gamma	96.4433	95.07	75.47	95.0413	2535	3185
GCF_004684015.1__GCF_013337225.1	GCF_004684015.1	GCF_013337225.1	95-97	train	95.61	strict		NZ_SRIA01000001.1	NZ_SWDF01000001.1	95.6814	96.4331	0.9432	0.9676	0.04478	95.737	40	0.9971	16	1.565	0.7543	95.6642	97.2213	0.5574	2.37	AlfI:96.44,AloI:96.83,BcgI:96.39,FalI:96.27	5511	40	7887	502	136.4	ok	95.6814	gamma	95.7689	95.3	86.79	95.5531	1581	1727
GCF_005153965.1__GCF_900095345.1	GCF_005153965.1	GCF_900095345.1	95-97	train	96.7	strict		NZ_CP039755.1	NZ_FMSN01000015.1	96.7831	97.1549	0.9595	0.9523	0.04972	96.9299	19	0.9956	17	1.968	0.8141	96.6346	97.5321	0.5342	2.42	AlfI:97.29,AloI:96.76,BcgI:97.10,FalI:97.23	3878	19	4946	555	201.211	ok	96.7831	gamma	96.7639	96.57	90.03	96.5192	1259	1363
GCF_007002765.1__GCF_900012565.1	GCF_007002765.1	GCF_900012565.1	95-97	train	95.41	strict		NZ_SGNZ01000001.1	NZ_LT009779.1	95.8149	96.6491	0.7929	0.9378	0.03972	95.4285	39	0.9976	16	1.297	0.7719	95.8179	97.4338	0.3092	1.2	AlfI:96.67,AloI:96.91,BcgI:96.62,FalI:96.60	6706	39	9406	590	169.846	ok	95.8149	gamma	95.9131	95.45	87.91	95.7372	1418	1771
GCF_007682295.1__GCF_017579825.1	GCF_007682295.1	GCF_017579825.1	95-97	train	96.45	strict		NZ_VEMO01000010.1	NZ_CP049819.1	97.2102	97.5668	0.9308	0.973	0.04177	97.2588	17	0.9978	10	1.631	0.8403	97.0293	97.9101	0.7404	11.16	AlfI:97.57,AloI:97.52,BcgI:97.46,FalI:98.20	4669	17	5754	965	270.647	ok	97.2102	gamma	97.1437	96.77	89.56	96.4968	1133	1214
GCF_007989785.1__GCF_014856535.1	GCF_007989785.1	GCF_014856535.1	95-97	train	96.74	strict		NZ_BJUC01000001.1	NZ_VOOM01000010.1	96.8878	97.2292	0.9314	0.9579	0.04938	96.9935	34	0.9963	14	2.026	0.8196	96.7423	97.569	0.5162	2.28	AlfI:97.17,AloI:96.80,BcgI:97.32,FalI:97.26	3822	34	4843	512	111.088	ok	96.8878	gamma	96.872	96.59	91.74	96.568	1249	1351
GCF_008326825.1__GCF_014931035.1	GCF_008326825.1	GCF_014931035.1	95-97	test	95.45	strict		NZ_BKBW01000001.1	NZ_CP063057.1	96.2347	96.6046	0.8077	0.9187	0.03558	95.3028	54	0.9961	32	2.623	0.768	96.1245	97.0636	0.4308	4.8	AlfI:96.63,AloI:96.89,BcgI:96.50,FalI:96.93	8423	54	11366	646	153.352	ok	96.2347	gamma	96.2092	95.2	84.5	95.5276	1555	1875
GCF_008756925.1__GCF_008756975.1	GCF_008756925.1	GCF_008756975.1	95-97	train	96.5	strict		NZ_VWSE01000001.1	NZ_VXDD01000001.1	96.2398	97.0334	0.8669	0.8868	0.04749	96.2899	39	0.9933	29	1.107	0.8054	96.1705	97.7152	0.4595	7.01	AlfI:97.21,AloI:96.89,BcgI:96.79,FalI:97.25	4470	39	5891	759	111.282	ok	96.2398	gamma	96.2918	96.24	81.71	96.3111	1562	1808
GCF_008756925.1__GCF_009363355.1	GCF_008756925.1	GCF_009363355.1	95-97	train	96.63	strict		NZ_VWSE01000001.1	NZ_CP045338.1	96.5975	97.2546	0.9285	0.8912	0.04372	96.6659	26	0.9966	16	1.14	0.8217	96.4836	97.8089	0.3928	5.29	AlfI:97.32,AloI:97.32,BcgI:97.06,FalI:97.46	4888	26	6279	739	183.731	ok	96.5975	gamma	96.5989	96.8	83.19	96.64	1653	1808
GCF_008756975.1__GCF_009363355.1	GCF_008756975.1	GCF_009363355.1	95-97	train	96.31	strict		NZ_VXDD01000001.1	NZ_CP045338.1	95.9838	96.8841	0.8581	0.8312	0.04856	95.9343	36	0.9931	30	1.075	0.7943	95.9669	97.6549	0.3416	3.39	AlfI:96.81,AloI:96.96,BcgI:96.75,FalI:97.09	4530	36	6011	838	120.389	ok	95.9838	gamma	96.0885	96.07	77.33	96.0644	1580	1842
GCF_008764415.1__GCF_904886855.1	GCF_008764415.1	GCF_904886855.1	95-97	train	96.72	strict		NZ_VTRF01000019.1	NZ_CAJHGI010000001.1	96.7334	97.3506	0.8872	0.9198	0.05166	96.909	32	0.9944	18	1.174	0.8273	96.5764	97.8814	0.257	0.42	AlfI:97.41,AloI:97.16,BcgI:97.33,FalI:97.34	3317	32	4239	261	101.5	ok	96.7334	gamma	96.7141	96.85	84.97	96.4862	1137	1300
GCF_009600045.1__GCF_009600205.1	GCF_009600045.1	GCF_009600205.1	95-97	train	96.55	strict		NZ_WIWO01000100.1	NZ_WIWG01000100.1	97.0338	97.2641	0.7026	0.7532	0.03522	96.0916	377	0.9826	115	2.781	0.8192	96.9261	97.4991	0.213	1.28	AlfI:97.20,AloI:97.12,BcgI:97.33,FalI:97.22	7417	377	8842	123	18.2042	ok	97.0338	gamma	97.0177	96.23	77.83	96.0432	1386	1831
GCF_009600285.1__GCF_009600525.1	GCF_009600285.1	GCF_009600525.1	95-97	train	96.58	strict		NZ_WIWE01000100.1	NZ_WIVR01000100.1	97.1237	97.3071	0.7889	0.8621	0.03363	96.398	222	0.9905	70	3.258	0.8224	97.0388	97.4862	0.3244	1.58	AlfI:97.26,AloI:97.04,BcgI:97.37,FalI:97.31	8013	222	9431	178	33.8378	ok	97.1237	gamma	97.1267	96.29	85.17	96.3782	1539	1879
GCF_009678265.1__GCF_009678295.1	GCF_009678265.1	GCF_009678295.1	95-97	train	96.82	strict		NZ_WKZB01000010.1	NZ_WKZD01000010.1	96.7497	97.6235	0.8544	0.8025	0.09558	96.9943	24	0.991	8	0.689	0.8493	96.7349	98.1776	0.5594	1.86	AlfI:97.44,AloI:97.79,BcgI:97.23,FalI:97.78	950	24	1170	175	37.5833	ok	96.7497	gamma	97.0061	96.59	80.87	96.8036	519	571
GCF_012933495.1__GCF_015864505.1	GCF_012933495.1	GCF_015864505.1	95-97	train	96.68	strict		NZ_JABBYB010000010.1	NZ_JADYXC010000001.1	96.7843	97.7025	0.898	0.8883	0.04454	97.202	65	0.9885	45	0.65	0.8544	96.748	98.2766	0.5446	3.67	AlfI:97.76,AloI:98.05,BcgI:97.50,FalI:97.83	4200	65	5020	293	60.3538	ok	96.7843	gamma	96.875	96.81	81.71	96.6524	1343	1476
GCF_013283495.1__GCF_900116725.1	GCF_013283495.1	GCF_900116725.1	95-97	train	95.79	strict		NZ_WBYC01000001.1	NZ_FPBS01000085.1	96.2165	96.6451	0.8722	0.7913	0.05457	95.7483	69	0.9844	55	2.305	0.7716	96.085	97.1684	0.3545	1.94	AlfI:96.77,AloI:96.88,BcgI:96.53,FalI:96.61	3578	69	4864	462	51.3478	ok	96.2165	gamma	96.2161	95.72	76.79	95.8895	953	1077
GCF_013283525.1__GCF_900116725.1	GCF_013283525.1	GCF_900116725.1	95-97	train	95.78	strict		NZ_WBXV01000001.1	NZ_FPBS01000085.1	96.2088	96.6489	0.8546	0.7911	0.05455	95.7105	69	0.9836	58	2.239	0.7719	96.088	97.1722	0.3735	2.06	AlfI:96.78,AloI:96.90,BcgI:96.53,FalI:96.61	3577	69	4861	462	51.3333	ok	96.2088	gamma	96.2191	95.72	76.79	95.8175	951	1101
GCF_014076795.1__GCF_014076955.1	GCF_014076795.1	GCF_014076955.1	95-97	test	95.73	strict		NZ_JACGUU010000001.1	NZ_JACGUZ010000001.1	96.0531	96.9208	0.7576	0.8213	0.06393	95.977	60	0.9866	33	1.075	0.7984	96.0568	97.6163	0.325	1.56	AlfI:97.02,AloI:97.07,BcgI:97.04,FalI:96.75	2591	60	3420	200	41.5167	ok	96.0531	gamma	96.2186	95.53	78.44	95.4873	1181	1476
GCF_014145525.1__GCF_014397075.1	GCF_014145525.1	GCF_014397075.1	95-97	test	95.69	strict		NZ_JACIVC010000001.1	NZ_JACJUN010000001.1	95.908	96.3025	0.7999	0.8536	0.09371	95.6049	26	0.9985	2	2.781	0.7523	95.7896	96.846	0.6719	3.27	AlfI:95.94,AloI:96.30,BcgI:96.05,FalI:96.61	1409	26	1935	225	52.6154	ok	95.908	gamma	96.0103	95.08	80.96	95.2605	635	759
GCF_014251295.1__GCF_014251355.1	GCF_014251295.1	GCF_014251355.1	95-97	test	96.01	strict		NZ_CP059184.1	NZ_CP059224.1	96.3168	96.753	0.9956	0.9955	0.19791	96.8577	1	1	0	2.086	0.7892	96.1866	97.1876	1.2255	1.52	AlfI:97.81,AloI:96.64,BcgI:97.38,FalI:96.59	292	1	390	289	289	ok	96.3168	gamma	96.6886	95.89	97.92	96.1481	210	212
GCF_014696495.1__GCF_014696555.1	GCF_014696495.1	GCF_014696555.1	95-97	test	95.57	strict		NZ_JACJQF010000001.1	NZ_JACJQH010000001.1	94.6784	96.5257	0.6797	0.6966	0.05467	95.1509	178	0.9685	108	0.739	0.7661	95.1973	97.8155	1.944	9.02	AlfI:96.51,AloI:94.79,BcgI:96.74,FalI:96.41	7702	178	5586	113	19.6517	INCONSISTENT	94.6784	gamma	95.3279	95.28	69.42	95.4787	2382	3089
GCF_014696555.1__GCF_014696565.1	GCF_014696555.1	GCF_014696565.1	95-97	test	95.58	strict		NZ_JACJQH010000001.1	NZ_JACJQK010000001.1	94.7131	96.543	0.7184	0.6953	0.05414	95.2357	167	0.9778	76	0.739	0.7676	95.2221	97.8088	1.8973	14.74	AlfI:96.45,AloI:95.02,BcgI:96.91,FalI:96.25	7684	167	5658	111	21.018	INCONSISTENT	94.7131	gamma	95.3518	95.28	66.95	95.5027	2395	3012
GCF_015477435.1__GCF_015478245.1	GCF_015477435.1	GCF_015478245.1	95-97	train	96.05	strict		NZ_JADLRE010000010.1	NZ_JADLPR010000010.1	96.7533	97.0706	0.817	0.8423	0.03179	95.6882	84	0.9953	43	2.444	0.8033	96.5829	97.4537	0.6317	5.99	AlfI:97.12,AloI:97.14,BcgI:97.01,FalI:97.64	9497	84	11976	635	108.952	ok	96.7533	gamma	96.6632	95.89	74.04	95.7276	1896	2284
GCF_016503485.1__GCF_018919525.1	GCF_016503485.1	GCF_018919525.1	95-97	train	96.8	strict		NZ_JADVGI010000001.1	NZ_JAHLRA010000100.1	97.2847	97.5164	0.7624	0.7846	0.04067	96.6407	230	0.9554	215	2.374	0.8378	97.1731	97.7325	0.128	0.39	AlfI:97.53,AloI:97.41,BcgI:97.54,FalI:97.41	5112	230	5956	140	21.0348	ok	97.2847	gamma	97.2831	96.81	87.12	96.5018	1367	1717
GCF_016861485.1__GCF_900455475.1	GCF_016861485.1	GCF_900455475.1	95-97	train	96.84	strict		NZ_AP024354.1	NZ_UGUP01000002.1	97.1845	97.6552	0.8265	0.8155	0.03293	96.5281	58	0.9919	57	1.189	0.8478	97.0314	98.0347	0.4288	5.89	AlfI:97.59,AloI:97.90,BcgI:97.61,FalI:98.02	7202	58	8747	821	121.586	ok	97.1845	gamma	97.1229	96.24	74.94	96.5365	1308	1560
GCF_016919345.1__GCF_900113075.1	GCF_016919345.1	GCF_900113075.1	95-97	train	95.85	strict		NZ_CP070349.1	NZ_FOOB01000021.1	96.48	96.8679	0.9216	0.9368	0.03275	95.8216	42	0.9955	41	2.239	0.7876	96.3556	97.3098	0.6746	8.46	AlfI:97.01,AloI:96.95,BcgI:96.77,FalI:97.44	9367	42	12268	1047	218.357	ok	96.48	gamma	96.4361	95.75	84.72	95.8624	1967	2171
GCF_017312765.1__GCF_018729305.1	GCF_017312765.1	GCF_018729305.1	95-97	test	95.41	strict		NZ_BOPU01000001.1	NZ_JAHHWP010000017.1	96.457	96.985	0.8785	0.8471	0.04301	96.1152	61	0.9919	43	1.631	0.7972	96.3251	97.5286	1.2926	17.86	AlfI:96.78,AloI:96.75,BcgI:96.97,FalI:98.04	5437	61	6877	383	87.1148	ok	96.457	gamma	96.4325	95.45	75.7	95.6024	1182	1348
GCF_017917325.1__GCF_017917955.1	GCF_017917325.1	GCF_017917955.1	95-97	test	96.33	strict		NZ_JAFNCQ010000001.1	NZ_JAFNDZ010000001.1	96.5094	98.2022	0.8552	0.8267	0.03738	97.3162	104	0.9892	47	0.286	0.888	96.8997	98.8557	0.1257	0.51	AlfI:98.29,AloI:98.25,BcgI:98.17,FalI:98.19	4534	104	5573	278	42.5	ok	96.5094	gamma	97.0191	96.85	78.97	96.843	1455	1644
GCF_018130125.1__GCF_018130205.1	GCF_018130125.1	GCF_018130205.1	95-97	train	96.31	strict		NZ_JAFCMA010000001.1	NZ_JAFCLX010000001.1	97.0558	97.6951	0.8288	0.8564	0.02464	96.2175	159	0.9922	95	0.918	0.8507	96.9002	98.1733	0.1108	1.11	AlfI:97.76,AloI:97.78,BcgI:97.66,FalI:97.67	12913	159	15579	387	77.4088	ok	97.0558	gamma	96.9693	96.59	81.31	96.4453	2237	2621
GCF_018328665.1__GCF_018328885.1	GCF_018328665.1	GCF_018328885.1	95-97	test	96.92	strict		NZ_BNLQ01000001.1	NZ_BNMB01000001.1	97.1105	97.6297	0.9303	0.9328	0.08801	97.5898	35	0.9883	12	1.107	0.8507	96.9283	98.0458	0.2736	0.19	AlfI:97.73,AloI:97.86,BcgI:97.61,FalI:97.59	1109	35	1322	146	30.0286	ok	97.1105	gamma	97.1774	97.04	94.64	97.1045	497	526
GCF_018617985.1__GCF_018618075.1	GCF_018617985.1	GCF_018618075.1	95-97	test	96.88	strict		NZ_JACSLE010000001.1	NZ_JACSLK010000001.1	97.0483	98.0026	0.8829	0.8913	0.0453	97.4711	39	0.9969	10	0.538	0.8725	96.9655	98.5586	0.1139	0.22	AlfI:97.99,AloI:98.09,BcgI:97.99,FalI:97.98	3320	39	4102	562	83.6154	ok	97.0483	gamma	97.1022	97.05	83.12	96.8896	840	926
GCF_900108235.1__GCF_900114965.1	GCF_900108235.1	GCF_900114965.1	95-97	test	96.43	strict		NZ_FNUN01000011.1	NZ_FOYR01000005.1	96.9932	97.3864	0.9077	0.9647	0.0359	96.7942	36	0.996	26	1.68	0.8273	96.8253	97.7726	0.8746	9.1	AlfI:97.18,AloI:97.56,BcgI:97.38,FalI:98.05	6573	36	8292	1019	180.861	ok	96.9932	gamma	96.9205	96.24	90.12	96.419	1177	1325
GCF_900108885.1__GCF_900114395.1	GCF_900108885.1	GCF_900114395.1	95-97	test	96.82	strict		NZ_FNYQ01000249.1	NZ_FOSX01000249.1	97.6933	98.0183	0.7494	0.7806	0.02987	96.9573	234	0.9883	82	1.26	0.8737	97.5036	98.2806	0.2563	2.09	AlfI:98.06,AloI:97.99,BcgI:97.97,FalI:98.23	7917	234	8642	134	30.7222	ok	97.6933	gamma	97.5924	96.76	80.18	96.5181	1317	1566
GCF_900169325.1__GCF_900451365.1	GCF_900169325.1	GCF_900451365.1	95-97	test	96.19	strict		NZ_FZRL01000079.1	NZ_UGJL01000002.1	96.3141	96.8689	0.9308	0.8949	0.06079	96.4217	31	0.9943	15	1.729	0.7879	96.1382	97.4944	1.8768	7.77	AlfI:97.09,AloI:96.92,BcgI:96.76,FalI:95.21	2726	31	3631	290	85.7097	ok	96.3141	gamma	96.2879	96.31	78.95	96.0364	621	662
GCF_900773955.1__GCF_900774285.1	GCF_900773955.1	GCF_900774285.1	95-97	train	95.88	strict		NZ_CAAGSJ010000001.1	NZ_CAAGTW010000001.1	96.5881	97.2863	0.8034	0.8477	0.0666	96.5871	42	0.9854	30	1.044	0.8233	96.5347	97.8102	0.3474	1.36	AlfI:97.54,AloI:97.29,BcgI:97.19,FalI:97.23	2139	42	2689	169	49.119	ok	96.5881	gamma	96.712	96.01	77.86	95.838	639	764
GCF_902196095.1__GCF_902196115.1	GCF_902196095.1	GCF_902196115.1	95-97	train	96.03	strict		NZ_CABIKI010000001.1	NZ_CABIKH010000001.1	96.6919	97.3005	0.7602	0.7299	0.10481	96.3498	43	0.9738	21	1.154	0.8285	96.59	97.7722	0.7743	0.68	AlfI:97.33,AloI:96.80,BcgI:97.57,FalI:97.23	962	43	1097	61	19.186	ok	96.6919	gamma	96.8731	96.37	80.87	96.176	467	510
GCF_902381785.1__GCF_902410085.1	GCF_902381785.1	GCF_902410085.1	95-97	test	96.6	strict		NZ_CABLRR010000001.1	NZ_CABPRH010000001.1	96.7815	97.8391	0.8964	0.8312	0.04421	97.1011	51	0.9883	43	0.571	0.8591	96.7399	98.4828	0.1542	0.46	AlfI:97.77,AloI:97.93,BcgI:97.82,FalI:97.78	3830	51	4760	748	72.4706	ok	96.7815	gamma	96.8686	97.08	82.77	96.9429	1179	1335
GCF_902499025.1__GCF_902499305.1	GCF_902499025.1	GCF_902499305.1	95-97	test	95.07	strict		NZ_CABVPW010000001.1	NZ_CABVPU010000001.1	95.7938	96.3666	0.7966	0.8582	0.02668	93.9832	214	0.9914	133	2.026	0.748	95.7233	97.0579	1.1783	29.27	AlfI:96.16,AloI:96.75,BcgI:96.36,FalI:97.33	16070	214	22197	554	72.5234	ok	95.7938	gamma	95.7849	94.87	75.04	94.9571	2331	2896
GCA_000219475.3__GCA_002311195.1	GCA_000219475.3	GCA_002311195.1	97-100	train	97.67	strict		CP024781.1	DBZQ01000024.1	97.2308	98.2102	0.8108	0.8579	0.07031	97.6275	32	0.9759	31	0.416	0.8894	97.2116	98.6951	0.2043	0.35	AlfI:98.15,AloI:98.23,BcgI:98.36,FalI:98.18	1342	32	1570	143	40.1562	ok	97.2308	gamma	97.4374	97.63	83.52	97.4452	532	656
GCA_000300755.1__GCF_016026055.1	GCA_000300755.1	GCF_016026055.1	97-100	train	99.87	strict		AMRF01000001.1	NZ_CP065600.1	99.9784	99.9796	0.8852	0.7663	0.00217	99.7411	903	0.995	64	0.07	0.9988	99.934	99.9905	0.0182	3.52	AlfI:99.98,AloI:99.98,BcgI:99.98,FalI:99.99	14418	903	13779	109	15.0676	ok	99.9784	gamma	99.9479	99.93	83.86	99.881	1393	1400
GCA_000383155.1__GCA_018673875.1	GCA_000383155.1	GCA_018673875.1	97-100	test	97.92	strict		KB910752.1	JABHBN010000049.1	98.6925	98.8072	0.3295	0.3549	0.08029	96.1054	89	0.8762	76	1.107	0.927	98.6551	98.861	0.4154	1.19	AlfI:99.04,AloI:98.62,BcgI:98.69,FalI:98.77	1050	89	690	33	7.04494	ok	98.6925	gamma	98.9183	97.86	81.25	97.2981	347	629
GCA_000431435.1__GCA_900538395.1	GCA_000431435.1	GCA_900538395.1	97-100	train	99.12	strict		HF986094.1	UPYE01000001.1	99.4627	99.6453	0.6509	0.8921	0.02379	98.9163	87	0.9884	23	0.089	0.9786	99.4235	99.7046	0.1354	1.01	AlfI:99.58,AloI:99.55,BcgI:99.68,FalI:99.65	2121	87	2154	88	23.5287	ok	99.4627	gamma	99.5268	99.24	97.24	99.2329	633	879
GCA_000431935.1__GCA_001915685.1	GCA_000431935.1	GCA_001915685.1	97-100	test	97.91	strict		HF994196.1	MNQZ01000021.1	98.6087	98.809	0.8615	0.8747	0.03153	98.6681	146	0.9956	16	0.718	0.9265	98.5114	98.9136	0.2043	2.4	AlfI:98.69,AloI:98.89,BcgI:98.88,FalI:98.82	6247	146	4350	162	26.0616	ok	98.6087	gamma	98.6204	98.37	89.94	98.396	824	899
GCA_000434715.1__GCF_015552165.1	GCA_000434715.1	GCF_015552165.1	97-100	train	98.74	strict		FR894568.1	NZ_JADNEE010000010.1	99.0062	99.1874	0.8035	0.7465	0.04683	98.4571	57	0.9804	24	0.441	0.9507	98.8159	99.3068	0.3003	1.69	AlfI:99.11,AloI:99.35,BcgI:99.05,FalI:99.26	1319	57	1382	99	22.0351	ok	99.0062	gamma	98.9945	98.72	82.27	98.5422	488	548
GCA_000436595.1__GCA_900551685.1	GCA_000436595.1	GCA_900551685.1	97-100	train	98.17	strict		HF991485.1	URWT01000001.1	98.3783	98.6275	0.6772	0.7345	0.03637	97.6174	200	0.9906	30	0.831	0.9157	98.2002	98.79	0.6542	12.17	AlfI:98.72,AloI:98.95,BcgI:98.79,FalI:98.30	3782	200	3935	75	16.855	ok	98.3783	gamma	98.3234	98.08	77.29	97.9906	627	844
GCA_000436935.1__GCA_900538615.1	GCA_000436935.1	GCA_900538615.1	97-100	train	98.85	strict		FR891700.1	UPYR01000001.1	99.2253	99.3619	0.8247	0.8422	0.03104	98.9048	85	0.9925	16	0.325	0.9613	99.1357	99.4294	0.1573	1.42	AlfI:99.47,AloI:99.31,BcgI:99.37,FalI:99.31	2334	85	2396	143	26.0471	ok	99.2253	gamma	99.2545	98.97	88.07	99.0059	732	833
GCA_000437815.1__GCA_900542455.1	GCA_000437815.1	GCA_900542455.1	97-100	train	97.73	strict		FR901995.1	UQNR01000001.1	98.4036	98.6423	0.8144	0.8086	0.04992	98.0794	104	0.9869	23	0.807	0.9133	98.3031	98.7817	0.3845	3.54	AlfI:98.73,AloI:98.81,BcgI:98.42,FalI:98.48	1942	104	2103	97	17.6346	ok	98.4036	gamma	98.4671	97.93	85.72	97.9197	559	624
GCA_000438335.1__GCA_018377045.1	GCA_000438335.1	GCA_018377045.1	97-100	train	99.3	strict		FR903747.1	JAHAAD010000002.1	99.6522	99.719	0.8491	0.8571	0.031	99.3918	55	0.9946	5	0.129	0.9829	99.6032	99.7513	0.1232	0.56	AlfI:99.62,AloI:99.74,BcgI:99.75,FalI:99.74	1029	55	1039	71	17.8	ok	99.6522	gamma	99.7235	99.63	94.12	99.5254	359	381
GCA_000485415.1__GCF_018603815.1	GCA_000485415.1	GCF_018603815.1	97-100	train	99.74	strict		AXYR01000001.1	NZ_JAHFZH010000001.1	99.883	99.9021	0.8768	0.8751	0.00493	98.967	101	0.9972	36	0.07	0.9941	99.8322	99.919	0.0386	1.32	AlfI:99.89,AloI:99.93,BcgI:99.91,FalI:99.90	12955	101	12940	743	126.822	ok	99.883	gamma	99.8555	99.67	88.25	99.6167	1519	1707
GCA_000508445.1__GCA_900066685.1	GCA_000508445.1	GCA_900066685.1	97-100	train	98.53	strict		AZLW01000001.1	FMFU01000020.1	98.8394	98.9887	0.6331	0.4743	0.0577	97.2551	101	1	0	0.783	0.9387	98.6054	99.1236	0.3323	0.99	AlfI:98.96,AloI:99.06,BcgI:98.73,FalI:99.04	1172	101	1186	26	8.30693	ok	98.8394	gamma	98.813	98.37	59.25	98.4052	504	554
GCA_000687435.1__GCF_014653075.1	GCA_000687435.1	GCF_014653075.1	97-100	train	99.96	strict		AYXI01000001.1	NZ_BNAB01000001.1	99.9963	99.9963	0.9586	0.9541	0.00121	99.9186	199	0.9999	1	inf	0.9998	99.9874	99.9985	0.0063	0.69	AlfI:100.00,AloI:99.99,BcgI:100.00,FalI:100.00	7977	199	7869	300	39.2814	ok	99.9963	uniform	99.9945	99.98	99.02	99.9926	1299	1302
GCA_000740805.1__GCA_000740865.1	GCA_000740805.1	GCA_000740865.1	97-100	train	99.03	strict		JPED01000001.1	JPEC01000001.1	98.7807	99.4813	0.3896	0.4332	0.04737	96.9861	75	0.9652	23	0.079	0.9686	98.8242	99.6806	0.1051	0.27	AlfI:99.41,AloI:99.47,BcgI:99.45,FalI:99.52	1146	75	865	27	9.49333	ok	98.7807	gamma	99.0482	98.42	62.25	97.2466	286	520
GCA_000745515.1__GCF_017309995.1	GCA_000745515.1	GCF_017309995.1	97-100	train	98.42	strict		JQJL01000001.1	NZ_CP022295.1	98.837	98.9743	0.9179	0.9385	0.01951	98.4747	39	0.997	26	0.892	0.9373	98.6179	99.0901	0.3888	9.73	AlfI:98.93,AloI:98.95,BcgI:98.96,FalI:99.32	9252	39	9489	1082	222.667	ok	98.837	gamma	98.6896	98.38	88.22	98.3471	1547	1697
GCA_000820745.1__GCF_001717125.1	GCA_000820745.1	GCF_001717125.1	97-100	train	98.27	strict		CCYG01000001.1	NZ_MCGI01000001.1	98.1111	98.5243	0.7789	0.8156	0.02909	97.7844	299	0.9943	31	0.65	0.9078	97.8669	98.7992	0.1471	1.01	AlfI:98.55,AloI:98.60,BcgI:98.53,FalI:98.45	6087	299	6903	122	19.2408	ok	98.1111	gamma	97.9649	97.93	82.93	97.9184	1999	2397
GCA_000953195.1__GCF_900444665.1	GCA_000953195.1	GCF_900444665.1	97-100	train	99.99	strict		LK028559.1	NZ_UFRU01000002.1	99.9999	99.9999	0.9992	0.9957	0.59683	99.283	2	0.999	1	inf	1	99.9999	99.9999	0	0	AlfI:100.00,AloI:100.00,BcgI:100.00,FalI:100.00	1033	2	997	996	503	ok	99.9999	uniform	100	99.99	99.22	99.9982	528	529
GCA_000980475.1__GCA_003512465.1	GCA_000980475.1	GCA_003512465.1	97-100	test	98.36	strict		LARM01000009.1	DOQP01000023.1	98.4719	98.7193	0.8412	0.8645	0.0389	98.2853	66	0.9938	17	0.739	0.921	98.2768	98.8807	0.2714	0.91	AlfI:98.74,AloI:98.55,BcgI:98.70,FalI:98.83	2880	66	3126	167	42.0909	ok	98.4719	gamma	98.4116	98.29	86.52	98.23	837	955
GCA_000991695.1__GCA_001775325.1	GCA_000991695.1	GCA_001775325.1	97-100	train	99.85	strict		LBSA01000001.1	MFCL01000001.1	99.9459	99.9517	0.5569	0.7816	0.0197	98.7882	34	1	0	0.07	0.9971	99.8881	99.9692	0.0842	0.02	AlfI:100.00,AloI:100.00,BcgI:99.92,FalI:99.94	458	34	443	45	12.6765	ok	99.9459	gamma	99.9695	99.9	85.77	99.6199	214	334
GCA_000991855.1__GCA_000991935.1	GCA_000991855.1	GCA_000991935.1	97-100	train	99.94	strict		LBSI01000001.1	LBSL01000001.1	99.9999	99.9999	0.9494	0.9228	0.62928	98.9603	24	1	0	inf	1	99.9999	99.9999	0	0	AlfI:100.00,AloI:100.00,BcgI:100.00,FalI:100.00	878	24	859	111	35.7083	ok	99.9999	uniform	100	99.99	94.61	99.9715	337	348
GCA_000992135.1__GCA_000992505.1	GCA_000992135.1	GCA_000992505.1	97-100	train	99.43	strict		LBTQ01000001.1	LBUI01000001.1	99.7884	99.8191	0.8035	0.7284	0.03616	99.0716	40	0.9952	2	0.089	0.9891	99.7882	99.8271	0.2373	0.81	AlfI:99.78,AloI:100.00,BcgI:99.76,FalI:99.88	483	40	470	32	11.3	ok	99.7884	gamma	99.9077	99.73	82.26	99.7551	167	180
GCA_000995905.1__GCA_001776705.1	GCA_000995905.1	GCA_001776705.1	97-100	test	99.9	strict		LBYB01000001.1	MFDA01000001.1	99.997	99.997	0.9429	0.909	0.00298	100.009	26	0.9938	7	inf	0.9998	99.9856	99.9999	0.0136	0	AlfI:99.99,AloI:100.00,BcgI:100.00,FalI:100.00	1154	26	1146	211	43.9615	ok	99.997	uniform	99.9993	99.9	93.36	99.9657	393	413
GCA_000996945.1__GCA_003521685.1	GCA_000996945.1	GCA_003521685.1	97-100	train	99.5	strict		LCJX01000001.1	DPHN01000053.1	99.9635	99.9635	0.4885	0.3963	0.02106	97.666	26	0.95	13	inf	0.9978	99.8835	99.9846	0.2296	0.42	AlfI:99.91,AloI:99.77,BcgI:100.00,FalI:99.97	301	26	284	38	10.5	ok	99.9635	uniform	99.9793	99.91	48.79	99.4169	72	137
GCA_000997995.1__GCA_001772745.1	GCA_000997995.1	GCA_001772745.1	97-100	test	99.86	strict		LCCR01000001.1	MEVQ01000001.1	99.9853	99.9853	0.7383	0.6013	0.01038	98.7984	38	0.9814	8	inf	0.9991	99.9645	99.9907	0.0413	0	AlfI:100.00,AloI:100.00,BcgI:100.00,FalI:99.96	480	38	462	30	12.1053	ok	99.9853	uniform	99.9982	99.46	69.77	99.739	142	177
GCA_000998065.1__GCA_003520815.1	GCA_000998065.1	GCA_003520815.1	97-100	train	99.94	strict		LCCT01000001.1	DOUB01000009.1	99.9999	99.9999	0.8099	0.9515	0.78454	98.4374	9	0.991	5	inf	1	99.9999	99.9999	0	0	AlfI:100.00,AloI:100.00,BcgI:100.00,FalI:100.00	567	9	561	217	61.8889	ok	99.9999	uniform	100	99.92	99.12	99.9903	224	265
GCA_000998105.1__GCA_001000245.1	GCA_000998105.1	GCA_001000245.1	97-100	train	99.53	strict		LCJC01000001.1	LCIW01000001.1	99.9871	99.9871	0.8503	0.7749	0.00744	99.4919	49	0.9734	20	inf	0.9992	99.938	99.9999	0.0455	0.34	AlfI:99.96,AloI:99.95,BcgI:99.99,FalI:100.00	810	49	794	43	15.9184	ok	99.9871	uniform	99.9831	99.87	85.09	99.7942	263	297
GCA_000998145.1__GCA_003449455.1	GCA_000998145.1	GCA_003449455.1	97-100	train	99.84	strict		LCJF01000001.1	DMHM01000002.1	99.9916	99.9916	0.9601	0.9374	0.00594	100.117	13	0.9975	2	inf	0.9995	99.9598	99.9999	0.0399	0.15	AlfI:99.96,AloI:100.00,BcgI:100.00,FalI:99.99	816	13	811	220	62.1538	ok	99.9916	uniform	99.9929	99.85	95.61	99.9761	263	272
GCA_000998355.1__GCA_001779135.1	GCA_000998355.1	GCA_001779135.1	97-100	train	99.94	strict		LCDD01000001.1	MFJH01000001.1	99.9964	99.9964	0.814	0.7327	0.00354	99.3244	64	0.9764	21	inf	0.9998	99.9826	99.9999	0.0197	0	AlfI:99.98,AloI:100.00,BcgI:100.00,FalI:100.00	959	64	945	53	14.5469	ok	99.9964	uniform	99.9991	99.85	80.64	99.8233	346	390
GCA_000998355.1__GCA_001780935.1	GCA_000998355.1	GCA_001780935.1	97-100	train	99.92	strict		LCDD01000001.1	MFJQ01000001.1	99.9834	99.984	0.7117	0.6894	0.00799	98.98	72	0.9613	31	0.07	0.999	99.9614	99.9899	0.0311	0.02	AlfI:99.98,AloI:100.00,BcgI:100.00,FalI:99.97	895	72	851	42	11.6944	ok	99.9834	gamma	99.9931	99.42	82.85	99.7079	314	390
GCA_000998635.1__GCA_003488405.1	GCA_000998635.1	GCA_003488405.1	97-100	test	99.65	strict		LCDM01000001.1	DNLS01000006.1	99.9803	99.9803	0.9494	0.9684	0.00695	100.132	22	0.997	4	inf	0.9988	99.9279	99.9938	0.0471	0.46	AlfI:99.99,AloI:99.94,BcgI:99.98,FalI:99.98	1369	22	1367	250	61.6364	ok	99.9803	uniform	99.9686	99.92	99.3	99.9037	358	372
GCA_000999405.1__GCA_000999505.1	GCA_000999405.1	GCA_000999505.1	97-100	train	99.78	strict		LCGA01000001.1	LCGD01000001.1	99.9919	99.9919	0.9626	0.958	0.00568	100.18	19	0.9964	3	inf	0.9995	99.9617	99.9999	0.0798	0	AlfI:99.92,AloI:100.00,BcgI:100.00,FalI:100.00	853	19	849	180	44.5263	ok	99.9919	uniform	99.9932	99.93	98.56	99.952	275	279
GCA_001000245.1__GCA_001000965.1	GCA_001000245.1	GCA_001000965.1	97-100	train	99.47	strict		LCIW01000001.1	LCIH01000001.1	99.9858	99.9858	0.9291	0.8869	0.0071	99.9469	52	0.9978	2	inf	0.9991	99.9487	99.9955	0.0358	0	AlfI:100.00,AloI:100.00,BcgI:100.00,FalI:99.96	966	52	960	81	18.0962	ok	99.9858	uniform	99.986	99.93	94.49	99.9426	308	315
GCA_001000345.1__GCA_001001575.1	GCA_001000345.1	GCA_001001575.1	97-100	train	99.93	strict		LCHI01000001.1	LCKR01000001.1	99.9916	99.9916	0.8926	0.9737	0.00485	100.031	14	0.9974	3	inf	0.9995	99.9585	99.9999	0.0162	0.16	AlfI:99.98,AloI:100.00,BcgI:99.99,FalI:99.99	1181	14	1185	291	84.2857	ok	99.9916	uniform	99.9887	99.99	99.08	99.9884	316	345
GCA_001001575.1__GCA_001788675.1	GCA_001001575.1	GCA_001788675.1	97-100	train	99.7	strict		LCKR01000001.1	MFWX01000001.1	99.9506	99.9506	0.8021	0.9177	0.01276	99.675	42	0.9678	32	inf	0.997	99.7897	99.9917	0.1042	1.01	AlfI:99.98,AloI:99.88,BcgI:99.95,FalI:99.95	1009	42	1019	131	23.9286	ok	99.9506	uniform	99.8755	99.97	98.18	99.803	255	321
GCA_001001885.1__GCA_001001955.1	GCA_001001885.1	GCA_001001955.1	97-100	train	99.93	strict		LCOF01000001.1	LCNT01000001.1	99.9907	99.9907	0.9186	0.9715	0.00534	100.094	18	0.9945	6	inf	0.9994	99.955	99.9999	0.023	0.15	AlfI:99.98,AloI:100.00,BcgI:99.99,FalI:99.99	1103	18	1104	279	61.0556	ok	99.9907	uniform	99.9877	99.97	99.24	99.9674	350	371
GCA_001002965.1__GCA_001791055.1	GCA_001002965.1	GCA_001791055.1	97-100	train	99.86	strict		LCND01000001.1	MGDV01000001.1	99.964	99.964	0.8153	0.7695	0.01139	99.3615	48	0.9921	7	inf	0.9978	99.8766	99.9864	0.0672	0.38	AlfI:99.97,AloI:99.91,BcgI:99.96,FalI:99.98	974	48	934	57	19.25	ok	99.964	uniform	99.9421	99.44	82.91	99.7144	293	334
GCA_001188635.1__GCA_905205815.1	GCA_001188635.1	GCA_905205815.1	97-100	test	98.48	strict		CP012177.1	CAJLEZ010000001.1	98.1032	98.7134	0.8908	0.8404	0.05243	98.3483	54	0.9668	53	0.355	0.9212	97.9525	99.0098	0.4582	2.48	AlfI:98.71,AloI:98.98,BcgI:98.52,FalI:98.79	1835	54	1867	162	29.6111	ok	98.1032	gamma	98.1403	98.38	85.78	98.1114	722	810
GCA_001305095.1__GCF_015550675.1	GCA_001305095.1	GCF_015550675.1	97-100	train	99.79	strict		BBZZ01000001.1	NZ_JADNBG010000010.1	99.8823	99.9087	0.943	0.8664	0.01098	99.7271	25	0.9984	4	0.07	0.9944	99.7705	99.945	0.1098	5.48	AlfI:99.86,AloI:99.97,BcgI:99.92,FalI:99.91	2802	25	2555	516	100.32	ok	99.8823	gamma	99.8294	99.87	84.51	99.8258	709	735
GCA_001312025.1__GCF_002200915.1	GCA_001312025.1	GCF_002200915.1	97-100	test	99.6	strict		BBCN01000001.1	NZ_AVCW01000001.1	99.7775	99.8558	0.951	0.9489	0.01093	99.8324	84	0.9987	5	0.07	0.9913	99.6106	99.9206	0.076	1.56	AlfI:99.84,AloI:99.81,BcgI:99.85,FalI:99.88	4115	84	4170	308	48.0833	ok	99.7775	gamma	99.6724	99.83	99.96	99.7904	1455	1466
GCA_001312385.1__GCF_900461315.1	GCA_001312385.1	GCF_900461315.1	97-100	train	99.85	strict		BBDQ01000001.1	NZ_UFXF01000003.1	99.8447	99.8902	0.9731	0.9616	0.00865	99.8636	58	0.9994	3	0.07	0.9933	99.6956	99.9429	0.0434	1.21	AlfI:99.88,AloI:99.92,BcgI:99.90,FalI:99.88	5095	58	5106	477	86.5862	ok	99.8447	gamma	99.7448	99.91	98.49	99.8748	1700	1701
GCA_001312585.1__GCF_001465255.1	GCA_001312585.1	GCF_001465255.1	97-100	train	99.4	strict		BBEC01000001.1	NZ_CP013652.1	99.3948	99.5715	0.8971	0.9094	0.01399	99.1387	128	0.9991	6	0.146	0.9739	99.2853	99.6497	0.0258	0.15	AlfI:99.58,AloI:99.59,BcgI:99.56,FalI:99.57	7291	128	7524	306	55.8828	ok	99.3948	gamma	99.3472	99.3	92.2	99.3623	1545	1655
GCA_001312585.1__GCF_005403365.1	GCA_001312585.1	GCF_005403365.1	97-100	train	99.42	strict		BBEC01000001.1	NZ_BJCS01000001.1	99.3991	99.5558	0.8856	0.9346	0.01432	99.1655	126	0.9988	8	0.178	0.973	99.2658	99.6353	0.1388	2.62	AlfI:99.55,AloI:99.62,BcgI:99.58,FalI:99.48	7207	126	7455	231	55.9841	ok	99.3991	gamma	99.3287	99.3	95.56	99.3314	1525	1655
GCA_001314745.1__GCF_900215475.1	GCA_001314745.1	GCF_900215475.1	97-100	test	98.78	strict		LJST01000006.1	NZ_LT907845.1	99.0307	99.3438	0.8645	0.7404	0.02093	98.6638	215	0.9985	7	0.183	0.9604	98.936	99.4597	0.066	0.22	AlfI:99.35,AloI:99.37,BcgI:99.35,FalI:99.30	4923	215	5170	174	22.2791	ok	99.0307	gamma	99.0244	98.84	76.27	98.8253	985	1048
GCA_001466235.1__GCF_000728775.1	GCA_001466235.1	GCF_000728775.1	97-100	test	99.61	strict		JNHA01000001.1	NZ_JPBG01000001.1	99.6517	99.6959	0.9772	0.7649	0.02128	99.3199	15	0.9974	6	0.234	0.9816	99.571	99.73	0.205	3.3	AlfI:99.69,AloI:99.83,BcgI:99.62,FalI:99.74	2384	15	2351	594	153	ok	99.6517	gamma	99.6564	99.59	76.36	99.573	746	761
GCA_001487915.2__GCF_000825205.2	GCA_001487915.2	GCF_000825205.2	97-100	train	99.91	strict		LN559032.1	NZ_LN649127.1	99.9458	99.9508	0.972	0.9824	0.00329	99.3097	21	0.9992	11	0.07	0.997	99.9039	99.962	0.0649	3.41	AlfI:99.96,AloI:99.98,BcgI:99.95,FalI:99.91	14531	21	14475	6207	684.476	ok	99.9458	gamma	99.9205	99.9	98.42	99.8531	1689	1730
GCA_001508615.1__GCA_018433005.1	GCA_001508615.1	GCA_018433005.1	97-100	train	99.9	strict		LGHB01000051.1	JAHDRY010000044.1	99.962	99.9645	0.8115	0.8938	0.00741	99.6416	93	0.9806	41	0.07	0.9978	99.933	99.9727	0.0364	1.76	AlfI:99.98,AloI:99.99,BcgI:99.96,FalI:99.95	2207	93	2183	91	23.3226	ok	99.962	gamma	99.965	99.9	95.14	99.8064	601	722
GCA_001508615.1__GCA_018434505.1	GCA_001508615.1	GCA_018434505.1	97-100	train	99.66	strict		LGHB01000051.1	JAHDPF010000078.1	99.8708	99.8964	0.8736	0.7203	0.0122	99.2403	77	0.9916	19	0.07	0.9936	99.793	99.9237	0.1023	3.8	AlfI:99.93,AloI:99.96,BcgI:99.89,FalI:99.86	2399	77	2363	180	30.013	ok	99.8708	gamma	99.8509	99.56	75.39	99.5886	664	722
GCA_001508665.1__GCA_001509255.1	GCA_001508665.1	GCA_001509255.1	97-100	train	99.57	strict		LGHE01000021.1	LGGD01000226.1	99.7483	99.8497	0.575	0.6464	0.01503	98.4887	213	0.9895	19	0.07	0.9908	99.553	99.9265	0.1675	2.17	AlfI:99.91,AloI:99.82,BcgI:99.86,FalI:99.74	2348	213	2224	37	9.38498	ok	99.7483	gamma	99.6419	99.79	78.86	98.9946	281	432
GCA_001508665.1__GCA_002496255.1	GCA_001508665.1	GCA_002496255.1	97-100	train	99.15	strict		LGHE01000021.1	DAJB01000175.1	99.5933	99.7407	0.6875	0.5642	0.01837	98.4347	241	0.993	15	0.07	0.9841	99.5312	99.7955	0.1341	1.16	AlfI:99.78,AloI:99.70,BcgI:99.76,FalI:99.64	2684	241	2572	38	9.78423	ok	99.5933	gamma	99.6161	99.63	66	98.8938	362	432
GCA_001508995.1__GCA_002452655.1	GCA_001508995.1	GCA_002452655.1	97-100	train	98.78	strict		LGGF01000001.1	DKEV01000226.1	99.435	99.5489	0.563	0.508	0.03148	97.7549	133	0.9541	65	0.17	0.9726	99.4429	99.5787	0.1096	0.34	AlfI:99.52,AloI:99.63,BcgI:99.55,FalI:99.54	1689	133	1594	39	11.1654	ok	99.435	gamma	99.56	98.96	62.85	98.3762	443	694
GCA_001508995.1__GCA_003445665.1	GCA_001508995.1	GCA_003445665.1	97-100	train	99.72	strict		LGGF01000001.1	DMCV01000092.1	99.9241	99.933	0.7977	0.7058	0.01046	99.1027	88	0.9959	8	0.07	0.9959	99.8824	99.9463	0.0861	3.27	AlfI:99.90,AloI:99.98,BcgI:99.93,FalI:99.94	2151	88	2091	136	23.1591	ok	99.9241	gamma	99.9275	99.38	75.36	99.5785	586	694
GCA_001509255.1__GCA_002503525.1	GCA_001509255.1	GCA_002503525.1	97-100	train	99.27	strict		LGGD01000226.1	DARX01000049.1	99.5852	99.7078	0.7231	0.5061	0.02049	98.3213	212	0.9918	15	0.086	0.982	99.5526	99.7486	0.2055	2.36	AlfI:99.77,AloI:99.78,BcgI:99.69,FalI:99.57	2439	212	2329	37	9.60849	ok	99.5852	gamma	99.6396	99.46	57.35	98.984	324	369
GCA_001512825.1__GCA_002391705.1	GCA_001512825.1	GCA_002391705.1	97-100	train	99.85	strict		LFSX01000077.1	DGFN01000025.1	99.9543	99.9603	0.8775	0.8856	0.00713	99.761	114	0.9947	13	0.07	0.9976	99.8629	99.9855	0.0378	1.53	AlfI:99.94,AloI:99.97,BcgI:99.96,FalI:99.98	2606	114	2614	117	22.2632	ok	99.9543	gamma	99.9072	99.89	92	99.7564	578	613
GCA_001515095.1__GCF_018398255.1	GCA_001515095.1	GCF_018398255.1	97-100	train	99.83	strict		LQBW01000001.1	NZ_JAHBMV010000029.1	99.8692	99.8935	0.9442	0.9245	0.00819	99.692	45	0.9996	2	0.07	0.9936	99.8063	99.9151	0.0904	5.26	AlfI:99.87,AloI:99.96,BcgI:99.89,FalI:99.94	5252	45	5224	686	114.311	ok	99.8692	gamma	99.8451	99.85	95.25	99.8227	1245	1251
GCA_001557295.1__GCF_001556725.1	GCA_001557295.1	GCF_001556725.1	97-100	test	99.97	strict		LSJP01000001.1	NZ_LSJL01000001.1	99.995	99.9951	0.7707	0.8678	0.00126	99.1994	242	0.9976	23	0.07	0.9997	99.9949	99.9951	0.0166	1.01	AlfI:99.99,AloI:100.00,BcgI:100.00,FalI:99.98	9861	242	9702	217	39.8306	ok	99.995	gamma	99.9986	99.98	90.82	99.8203	1276	1570
GCA_001603365.1__GCA_002482475.1	GCA_001603365.1	GCA_002482475.1	97-100	test	97.93	strict		LUYT01000044.1	DLGB01000043.1	98.206	98.4677	0.7077	0.7876	0.03943	97.4929	76	0.9855	48	0.945	0.9049	98.0366	98.6469	0.1919	0.68	AlfI:98.42,AloI:98.32,BcgI:98.49,FalI:98.51	3398	76	3819	155	43.9868	ok	98.206	gamma	98.1651	98.03	76.99	97.716	971	1313
GCA_001603365.1__GCF_900168155.1	GCA_001603365.1	GCF_900168155.1	97-100	test	98.17	strict		LUYT01000044.1	NZ_FUYQ01000044.1	98.2933	98.5345	0.7605	0.8138	0.03713	97.7311	68	0.9899	36	0.918	0.9093	98.1371	98.6926	0.2452	1.64	AlfI:98.43,AloI:98.34,BcgI:98.58,FalI:98.59	3721	68	4078	171	52.9559	ok	98.2933	gamma	98.2595	97.77	79.82	97.8562	1054	1313
GCA_001626545.1__GCA_001626595.1	GCA_001626545.1	GCA_001626595.1	97-100	train	99.47	strict		LUNW01000001.1	LUNY01000001.1	99.8372	99.889	0.8723	0.7988	0.00785	99.3722	235	0.9612	223	0.07	0.9933	99.6736	99.942	0.1011	2.21	AlfI:99.89,AloI:99.87,BcgI:99.90,FalI:99.80	5796	235	5876	119	24.5277	ok	99.8372	gamma	99.7214	99.8	84.86	99.4872	702	888
GCA_001626545.1__GCF_017744235.1	GCA_001626545.1	GCF_017744235.1	97-100	train	97.26	strict		LUNW01000001.1	NZ_JAGHQR010000001.1	97.6024	98.1245	0.86	0.8916	0.03641	97.5019	23	0.9976	11	0.739	0.8811	97.4802	98.4369	0.3958	1.81	AlfI:98.21,AloI:97.81,BcgI:98.13,FalI:98.07	4601	23	5507	840	199.87	ok	97.6024	gamma	97.5914	97.61	83.92	97.4812	766	888
GCA_001626685.1__GCA_001626755.1	GCA_001626685.1	GCA_001626755.1	97-100	train	98.12	low-AF		LUOD01000001.1	LUOG01000001.1	99.4089	99.6295	0.3259	0.4211	0.03861	97.0384	95	0.965	19	0.086	0.9771	99.3695	99.7029	0.1022	0.44	AlfI:99.61,AloI:99.57,BcgI:99.68,FalI:99.59	1017	95	872	18	6.51579	ok	99.4089	gamma	99.5339	99.1	72.9	97.6563	219	429
GCA_001626955.1__GCA_002380095.1	GCA_001626955.1	GCA_002380095.1	97-100	test	97.21	strict		LUOL01000001.1	DFVT01000012.1	98.132	98.5631	0.5487	0.6687	0.03591	97.1464	304	0.9575	143	0.538	0.9102	98.0237	98.7778	0.4636	4.78	AlfI:98.49,AloI:98.67,BcgI:98.66,FalI:98.20	3937	304	4204	57	11.5987	ok	98.132	gamma	98.1444	97.11	77.69	96.8046	868	1334
GCA_001628035.1__GCA_001628185.1	GCA_001628035.1	GCA_001628185.1	97-100	test	99.15	strict		LUQW01000001.1	LUQZ01000001.1	99.5441	99.6017	0.6499	0.6346	0.03475	98.3195	108	0.9908	9	0.194	0.9759	99.6117	99.5989	0.3943	1.51	AlfI:99.68,AloI:99.29,BcgI:99.65,FalI:99.61	1231	108	1193	38	9.94444	ok	99.5441	gamma	99.7235	99.29	80.34	99.2184	350	412
GCA_001628475.1__GCA_001629165.1	GCA_001628475.1	GCA_001629165.1	97-100	train	98.89	strict		LURS01000001.1	LURT01000001.1	99.5593	99.6364	0.5471	0.5727	0.03344	97.9726	116	0.9719	25	0.188	0.9777	99.4999	99.6734	0.1603	1.14	AlfI:99.74,AloI:99.65,BcgI:99.61,FalI:99.58	1189	116	1108	23	8.44828	ok	99.5593	gamma	99.6308	99.24	80.22	98.6047	216	316
GCA_001628475.1__GCA_002496005.1	GCA_001628475.1	GCA_002496005.1	97-100	train	99.67	strict		LURS01000001.1	DAID01000083.1	99.7097	99.786	0.5752	0.6328	0.02574	98.3208	104	0.9838	15	0.086	0.9869	99.6416	99.8242	0.2578	3.42	AlfI:99.87,AloI:99.89,BcgI:99.78,FalI:99.63	1123	104	1093	51	9.77885	ok	99.7097	gamma	99.7523	99.58	78.14	99.1796	230	316
GCA_001629165.1__GCA_002713925.1	GCA_001629165.1	GCA_002713925.1	97-100	train	98.41	strict		LURT01000001.1	PAVL01000001.1	98.7569	99.187	0.6232	0.6221	0.05117	97.7376	96	0.9943	5	0.237	0.95	98.5766	99.3829	0.0572	0.06	AlfI:99.23,AloI:99.20,BcgI:99.17,FalI:99.18	1083	96	1135	36	10.1354	ok	98.7569	gamma	98.785	98.74	70.91	98.6546	221	281
GCA_001683555.1__GCA_001726015.1	GCA_001683555.1	GCA_001726015.1	97-100	test	98.55	strict		MAFX01000001.1	MCNQ01000001.1	98.2798	99.1257	0.8404	0.8327	0.04304	98.5703	59	0.9909	14	0.147	0.9467	98.3231	99.3952	0.2885	2.06	AlfI:98.95,AloI:99.06,BcgI:99.14,FalI:99.24	1663	59	1798	105	26.7797	ok	98.2798	gamma	98.5011	98.56	83.84	98.4987	522	607
GCA_001705955.1__GCF_003864275.1	GCA_001705955.1	GCF_003864275.1	97-100	train	97.4	strict		MCNJ01000001.1	NZ_BDJA01000001.1	97.9856	98.4574	0.8982	0.853	0.02376	97.6091	128	0.997	26	0.588	0.9038	97.8361	98.7166	0.1462	0.85	AlfI:98.50,AloI:98.41,BcgI:98.45,FalI:98.36	8952	128	10309	420	69.25	ok	97.9856	gamma	97.9145	97.7	85.08	97.5924	1351	1451
GCA_001724095.1__GCA_017307975.1	GCA_001724095.1	GCA_017307975.1	97-100	train	99.95	strict		MEDQ01000001.1	JAFKGB010000030.1	99.9932	99.9932	0.9104	0.9269	0.0013	99.3491	157	0.9998	3	0.07	0.9996	99.9872	99.9947	0.0109	1.11	AlfI:100.00,AloI:100.00,BcgI:99.99,FalI:99.99	12912	157	12813	353	81.535	ok	99.9932	gamma	99.9931	99.99	94.46	99.9577	2006	2148
GCA_001724385.1__GCA_017306495.1	GCA_001724385.1	GCA_017306495.1	97-100	train	99.84	strict		MEEI01000001.1	JAFKIF010000270.1	99.9739	99.9748	0.7565	0.7533	0.00398	99.3483	379	0.9414	292	0.07	0.9985	99.9614	99.9781	0.0307	2.56	AlfI:99.97,AloI:99.99,BcgI:99.97,FalI:100.00	5451	379	5094	61	13.3879	ok	99.9739	gamma	99.9777	99.84	92.48	99.457	681	976
GCA_001724385.1__GCF_001278365.1	GCA_001724385.1	GCF_001278365.1	97-100	train	97.02	strict		MEEI01000001.1	NZ_KQ440284.1	97.4356	98.2039	0.7645	0.7882	0.03958	97.2352	113	0.9921	29	0.523	0.886	97.3322	98.627	0.3187	1.08	AlfI:98.21,AloI:98.26,BcgI:98.18,FalI:98.50	3819	113	4564	212	33.2035	ok	97.4356	gamma	97.4559	97.01	76.61	96.9767	792	976
GCA_001768435.1__GCA_001769775.1	GCA_001768435.1	GCA_001769775.1	97-100	train	99.78	strict		MENW01000001.1	MEPK01000001.1	99.9741	99.9761	0.7167	0.8525	0.00638	99.39	130	0.9424	114	0.07	0.9985	99.91	99.9935	0.0386	1.07	AlfI:99.98,AloI:100.00,BcgI:99.99,FalI:99.96	2051	130	2008	55	15.3385	ok	99.9741	gamma	99.9495	99.97	98.64	99.6474	618	831
GCA_001769115.1__GCA_003499605.1	GCA_001769115.1	GCA_003499605.1	97-100	test	99.98	strict		MEOC01000001.1	DNSQ01000023.1	99.9992	99.9992	0.8699	0.9561	0.00076	99.7862	43	0.9988	5	inf	1	99.9961	99.9999	0.0041	0	AlfI:100.00,AloI:100.00,BcgI:100.00,FalI:100.00	4384	43	4256	368	98.8837	ok	99.9992	uniform	99.9998	99.99	96.92	99.9508	1108	1275
GCA_001769395.1__GCA_003512225.1	GCA_001769395.1	GCA_003512225.1	97-100	test	99.91	strict		MEPE01000001.1	DOSB01000010.1	99.9904	99.9906	0.8315	0.73	0.00271	99.3701	252	0.9968	13	0.07	0.9994	99.9737	99.995	0.0188	0.97	AlfI:100.00,AloI:99.99,BcgI:99.98,FalI:99.99	4634	252	4353	76	16.9603	ok	99.9904	gamma	99.9877	99.93	80.6	99.8689	1437	1576
GCA_001769435.1__GCA_001769695.1	GCA_001769435.1	GCA_001769695.1	97-100	train	99.71	strict		MEPH01000001.1	MEPD01000001.1	99.976	99.9777	0.5688	0.6517	0.00557	98.6738	250	0.9731	56	0.07	0.9986	99.9184	99.993	0.0279	0.19	AlfI:99.98,AloI:100.00,BcgI:99.97,FalI:99.98	2605	250	2417	29	9.116	ok	99.976	gamma	99.9529	99.53	83.88	99.1623	656	983
GCA_001769435.1__GCA_003499665.1	GCA_001769435.1	GCA_003499665.1	97-100	train	99.76	strict		MEPH01000001.1	DNSL01000037.1	99.987	99.987	0.72	0.7502	0.00391	99.1911	207	0.9988	3	inf	0.9992	99.9422	99.9985	0.0196	0.08	AlfI:99.98,AloI:100.00,BcgI:99.99,FalI:99.99	2917	207	2840	68	13.3961	ok	99.987	uniform	99.9686	99.93	83.62	99.6757	806	983
GCA_001769465.1__GCA_001769775.1	GCA_001769465.1	GCA_001769775.1	97-100	train	99.72	strict		MEPM01000001.1	MEPK01000001.1	99.9696	99.972	0.698	0.8302	0.00699	99.2983	136	0.9538	87	0.07	0.9983	99.9078	99.989	0.0436	0.75	AlfI:99.98,AloI:100.00,BcgI:99.98,FalI:99.96	2023	136	1960	55	14.2206	ok	99.9696	gamma	99.9483	99.88	97.76	99.4984	609	812
GCA_001769465.1__GCA_003542255.1	GCA_001769465.1	GCA_003542255.1	97-100	train	98.41	strict		MEPM01000001.1	DPKZ01000313.1	99.1177	99.309	0.3963	0.5319	0.04291	97.2509	162	0.8995	121	0.274	0.958	99.0555	99.3854	0.2264	1.64	AlfI:99.44,AloI:99.41,BcgI:99.29,FalI:99.22	1609	162	1355	25	7.68519	ok	99.1177	gamma	99.2185	98.68	89	98.057	420	812
GCA_001769695.1__GCA_003499665.1	GCA_001769695.1	GCA_003499665.1	97-100	train	99.88	strict		MEPD01000001.1	DNSL01000037.1	99.9932	99.9933	0.7028	0.6387	0.00299	98.9058	211	0.9996	1	0.07	0.9996	99.9868	99.9949	0.0133	0.28	AlfI:100.00,AloI:100.00,BcgI:99.99,FalI:99.99	2575	211	2491	55	11.5403	ok	99.9932	gamma	99.9977	99.97	72.93	99.5707	686	836
GCA_001771425.1__GCA_001771465.1	GCA_001771425.1	GCA_001771465.1	97-100	test	99.99	strict		METT01000001.1	METY01000001.1	99.9999	99.9999	0.9983	0.9983	0.42866	99.5318	1	1	0	inf	1	99.9999	99.9999	0	0	AlfI:100.00,AloI:100.00,BcgI:100.00,FalI:100.00	1904	1	1841	1840	1840	ok	99.9999	uniform	100	100	100	99.9999	556	556
GCA_001772855.1__GCA_003485585.1	GCA_001772855.1	GCA_003485585.1	97-100	train	99.05	strict		MEVB01000001.1	DNHX01000029.1	99.635	99.7615	0.7656	0.6038	0.03769	98.6006	48	0.9941	3	0.07	0.9856	99.57	99.8122	0.4571	2.31	AlfI:99.86,AloI:99.40,BcgI:99.84,FalI:99.68	578	48	578	43	11.6042	ok	99.635	gamma	99.734	99.41	70.53	99.4236	161	182
GCA_001777735.1__GCA_001780065.1	GCA_001777735.1	GCA_001780065.1	97-100	train	99.95	strict		MFEW01000001.1	MFFC01000001.1	99.9798	99.9798	0.8618	0.8736	0.00823	99.7341	40	0.987	12	inf	0.9988	99.9494	99.9874	0.0262	0.04	AlfI:99.97,AloI:100.00,BcgI:99.98,FalI:99.98	956	40	976	82	23.75	ok	99.9798	uniform	99.9862	99.77	90.84	99.9042	237	272
GCA_001777875.1__GCA_001780065.1	GCA_001777875.1	GCA_001780065.1	97-100	train	99.93	strict		MFFJ01000001.1	MFFC01000001.1	99.9834	99.9834	0.8181	0.9032	0.00741	99.7143	41	0.9861	13	inf	0.999	99.9999	99.9793	0.0355	0.1	AlfI:100.00,AloI:100.00,BcgI:99.98,FalI:99.96	970	41	987	82	23.439	ok	99.9834	uniform	100	99.68	92.37	99.6881	245	290
GCA_001778615.1__GCA_001778835.1	GCA_001778615.1	GCA_001778835.1	97-100	train	99.95	strict		MFHN01000001.1	MFIJ01000001.1	99.9879	99.9879	0.9197	0.7747	0.00853	99.6292	18	0.9982	1	inf	0.9993	99.9999	99.9848	0.0176	0.01	AlfI:100.00,AloI:100.00,BcgI:99.98,FalI:99.99	592	18	564	100	31.2778	ok	99.9879	uniform	100	99.85	83.18	99.9849	178	184
GCA_001778705.1__GCA_001780705.1	GCA_001778705.1	GCA_001780705.1	97-100	train	99.83	strict		MFHV01000001.1	MFIL01000001.1	99.9562	99.9562	0.846	0.7805	0.0146	99.4533	43	0.9909	6	inf	0.9973	99.8604	99.9815	0.1534	0.77	AlfI:100.00,AloI:99.85,BcgI:99.97,FalI:99.95	712	43	706	86	16.1628	ok	99.9562	uniform	99.9392	99.78	88.33	99.8969	195	214
GCA_001778815.1__GCA_001780755.1	GCA_001778815.1	GCA_001780755.1	97-100	train	99.42	strict		MFIH01000001.1	MFIN01000001.1	99.7283	99.8179	0.4777	0.5041	0.04069	97.7453	41	0.9936	2	0.07	0.9889	99.6131	99.8732	0.1879	1.24	AlfI:99.91,AloI:99.89,BcgI:99.88,FalI:99.72	403	41	384	21	8.56098	ok	99.7283	gamma	99.7976	99.66	68.75	98.7763	103	154
GCA_001779255.1__GCA_001779265.1	GCA_001779255.1	GCA_001779265.1	97-100	test	99.48	strict		MFJO01000001.1	MFJS01000001.1	99.7835	99.8602	0.8712	0.8726	0.02237	99.6195	50	0.9794	19	0.07	0.9915	99.6183	99.927	0.0575	0.33	AlfI:99.87,AloI:99.88,BcgI:99.82,FalI:99.87	984	50	990	66	19.06	ok	99.7835	gamma	99.7386	99.82	95.62	99.714	376	419
GCA_001779425.1__GCA_001780935.1	GCA_001779425.1	GCA_001780935.1	97-100	train	99.79	strict		MFKD01000001.1	MFJQ01000001.1	99.9708	99.9717	0.6956	0.7403	0.01	99.0733	92	0.979	18	0.07	0.9983	99.9658	99.9732	0.0468	0.4	AlfI:100.00,AloI:99.96,BcgI:99.98,FalI:99.95	1001	92	961	40	10.1304	ok	99.9708	gamma	99.9939	99.74	90.83	99.7287	326	409
GCA_001780475.1__GCA_001780555.1	GCA_001780475.1	GCA_001780555.1	97-100	test	99.94	strict		MFHK01000001.1	MFHT01000001.1	99.9553	99.9553	0.8712	0.8795	0.01348	99.7394	30	0.9975	2	inf	0.9973	99.8051	99.9949	0.0586	0.12	AlfI:99.96,AloI:100.00,BcgI:99.94,FalI:99.96	864	30	846	142	27.7333	ok	99.9553	uniform	99.8942	99.91	92.85	99.9485	214	241
GCA_001782205.1__GCA_001783775.1	GCA_001782205.1	GCA_001783775.1	97-100	train	99.89	strict		MFOA01000001.1	MFNN01000001.1	99.9792	99.9792	0.8207	0.5419	0.01199	98.7989	16	0.9959	2	inf	0.9987	99.9999	99.9736	0.0918	0.05	AlfI:99.91,AloI:99.94,BcgI:100.00,FalI:100.00	516	16	503	100	31.4375	ok	99.9792	uniform	100	99.94	56.52	99.5419	177	206
GCA_001782635.1__GCA_001783815.1	GCA_001782635.1	GCA_001783815.1	97-100	train	99.9	strict		MFPG01000001.1	MFNT01000001.1	99.9933	99.9933	0.9476	0.9334	0.00471	100.081	25	0.9921	8	0.07	0.9996	99.9999	99.9915	0.0201	0	AlfI:100.00,AloI:100.00,BcgI:99.98,FalI:100.00	1031	25	1027	110	41.12	ok	99.9933	gamma	100	99.88	94.7	99.9112	311	321
GCA_001783815.1__GCA_001784035.1	GCA_001783815.1	GCA_001784035.1	97-100	train	99.98	strict		MFNT01000001.1	MFOX01000001.1	99.9999	99.9999	0.9544	0.9714	0.56763	99.1801	16	0.9981	2	inf	1	99.9999	99.9999	0	0	AlfI:100.00,AloI:100.00,BcgI:100.00,FalI:100.00	1073	16	1068	169	66.75	ok	99.9999	uniform	100	99.98	99.51	99.9916	323	332
GCA_001785255.1__GCA_001785785.1	GCA_001785255.1	GCA_001785785.1	97-100	train	99.91	strict		MFTG01000001.1	MFUT01000001.1	99.9999	99.9999	0.8284	0.7428	0.94478	97.6932	23	1	0	inf	1	99.9999	99.9999	0	0	AlfI:100.00,AloI:100.00,BcgI:100.00,FalI:100.00	386	23	384	49	16.2174	ok	99.9999	uniform	100	99.98	82.82	99.9722	136	150
GCA_001788055.1__GCA_001789405.1	GCA_001788055.1	GCA_001789405.1	97-100	train	99.67	strict		MFZW01000001.1	MFZL01000001.1	99.9147	99.9147	0.7276	0.8304	0.01907	99.2741	58	0.9865	10	inf	0.9948	99.8597	99.9296	0.0579	0.1	AlfI:99.93,AloI:99.87,BcgI:99.92,FalI:99.92	840	58	825	38	13.6207	ok	99.9147	uniform	99.9342	99.7	94.88	99.6584	298	371
GCA_001788055.1__GCA_001789895.1	GCA_001788055.1	GCA_001789895.1	97-100	train	99.16	strict		MFZW01000001.1	MGAX01000001.1	99.8061	99.8735	0.6038	0.7227	0.0253	98.6818	68	0.9639	22	0.07	0.9924	99.6234	99.9421	0.1085	1.36	AlfI:99.96,AloI:99.91,BcgI:99.85,FalI:99.86	749	68	705	31	9.64706	ok	99.8061	gamma	99.7632	99.71	92.1	99.3233	251	371
GCA_001791055.1__GCA_001791535.1	GCA_001791055.1	GCA_001791535.1	97-100	train	99.9	strict		MGDV01000001.1	MGEV01000001.1	99.993	99.993	0.7743	0.8312	0.00496	99.4714	56	0.9769	21	inf	0.9996	99.9999	99.9912	0.0486	0.15	AlfI:99.99,AloI:99.95,BcgI:100.00,FalI:100.00	1003	56	948	46	16.8571	ok	99.993	uniform	100	99.61	92.16	99.7099	295	360
GCA_001792375.1__GCA_001792575.1	GCA_001792375.1	GCA_001792575.1	97-100	test	99.81	strict		MGGL01000001.1	MGGU01000001.1	99.9408	99.9408	0.8562	0.9209	0.01435	99.7927	39	0.9772	22	inf	0.9964	99.7857	99.9824	0.0832	0.67	AlfI:99.97,AloI:100.00,BcgI:99.95,FalI:99.92	989	39	1000	61	25.2051	ok	99.9408	uniform	99.8731	99.96	99.78	99.8794	320	369
GCA_001792415.1__GCA_001793165.1	GCA_001792415.1	GCA_001793165.1	97-100	train	99.97	strict		MGGN01000001.1	MGHJ01000001.1	99.9968	99.9968	0.9141	0.8942	0.00318	99.931	44	0.9941	6	inf	0.9998	99.9999	99.9959	0.0094	0	AlfI:100.00,AloI:100.00,BcgI:99.99,FalI:100.00	1066	44	1063	166	24.1591	ok	99.9968	uniform	100	99.93	94.99	99.9807	302	317
GCA_001793985.1__GCA_001794285.1	GCA_001793985.1	GCA_001794285.1	97-100	test	99.98	strict		MGIY01000001.1	MGJN01000001.1	99.9999	99.9999	0.8594	0.6671	0.79819	97.814	15	0.9962	2	inf	1	99.9999	99.9999	0	0	AlfI:100.00,AloI:100.00,BcgI:100.00,FalI:100.00	543	15	543	143	36	ok	99.9999	uniform	100	99.96	69.03	99.8788	197	226
GCA_001794965.1__GCA_003535795.1	GCA_001794965.1	GCA_003535795.1	97-100	test	99.97	low-AF		MGMK01000001.1	DPYR01000007.1	99.9957	99.9957	0.5518	0.9754	0.00247	99.2018	26	0.9987	3	inf	0.9997	99.9858	99.9982	0.0145	0.18	AlfI:99.99,AloI:99.99,BcgI:100.00,FalI:100.00	2306	26	2298	327	88.1154	ok	99.9957	uniform	99.9975	99.94	99.21	99.8928	613	1107
GCA_001795465.1__GCA_003537935.1	GCA_001795465.1	GCA_003537935.1	97-100	test	99.93	strict		MGPD01000001.1	DPQE01000021.1	99.993	99.9931	0.9727	0.9718	0.0017	99.8444	60	0.9977	17	0.07	0.9996	99.9757	99.9973	0.0082	0.07	AlfI:99.99,AloI:99.99,BcgI:99.99,FalI:100.00	7497	60	7484	552	124.567	ok	99.993	gamma	99.9864	99.98	98.5	99.977	1225	1259
GCA_001796065.1__GCA_003530315.1	GCA_001796065.1	GCA_003530315.1	97-100	train	99.53	strict		MGLO01000001.1	DPTF01000085.1	99.7755	99.8432	0.773	0.7379	0.01786	99.0544	94	0.9623	62	0.07	0.9905	99.6623	99.8918	0.0466	0.31	AlfI:99.87,AloI:99.86,BcgI:99.82,FalI:99.85	1741	94	1714	86	17.8511	ok	99.7755	gamma	99.75	99.79	82.61	99.3514	287	378
GCA_001796095.1__GCA_001796185.1	GCA_001796095.1	GCA_001796185.1	97-100	train	99.6	strict		MGLP01000001.1	MGLT01000001.1	99.8711	99.8874	0.8656	0.7371	0.01453	99.2798	68	0.9881	21	0.07	0.9932	99.8655	99.8932	0.1062	3.42	AlfI:99.90,AloI:99.97,BcgI:99.87,FalI:99.88	1877	68	1840	118	26.6324	ok	99.8711	gamma	99.9171	99.72	77.72	99.6716	324	364
GCA_001796365.1__GCA_003535795.1	GCA_001796365.1	GCA_003535795.1	97-100	test	99.99	low-AF		MGMH01000001.1	DPYR01000007.1	99.9971	99.9971	0.5485	0.9805	0.002	99.2078	25	0.9987	3	inf	0.9998	99.9858	99.9999	0.005	0.02	AlfI:99.99,AloI:100.00,BcgI:100.00,FalI:100.00	2322	25	2310	327	92.12	ok	99.9971	uniform	99.9975	99.98	99.53	99.9503	614	1116
GCA_001797945.1__GCA_001829835.1	GCA_001797945.1	GCA_001829835.1	97-100	test	98.57	strict		MGQV01000001.1	MICK01000001.1	99.5709	99.763	0.6138	0.7248	0.01935	98.5898	151	0.9699	60	0.07	0.9854	99.4244	99.8544	0.0928	0.69	AlfI:99.71,AloI:99.81,BcgI:99.76,FalI:99.78	2139	151	2179	68	13.8146	ok	99.5709	gamma	99.5263	99.57	81.95	98.9277	482	744
GCA_001799535.1__GCA_003510505.1	GCA_001799535.1	GCA_003510505.1	97-100	test	99.38	strict		MGTQ01000001.1	DOME01000051.1	99.8535	99.8932	0.716	0.77	0.00909	99.0538	224	0.98	80	0.07	0.9935	99.7218	99.9354	0.0932	1.5	AlfI:99.89,AloI:99.81,BcgI:99.91,FalI:99.86	4255	224	4227	78	18.4598	ok	99.8535	gamma	99.7735	99.79	83.01	99.3736	621	866
GCA_001802705.1__GCA_001802975.1	GCA_001802705.1	GCA_001802975.1	97-100	test	99.84	strict		MGZV01000001.1	MHAN01000001.1	99.9886	99.9886	0.8671	0.8604	0.00344	99.742	168	0.9769	72	inf	0.9993	99.9545	99.9974	0.0243	1.24	AlfI:99.98,AloI:100.00,BcgI:99.99,FalI:99.98	3399	168	3250	88	19.125	ok	99.9886	uniform	99.9763	99.94	95.6	99.9012	1163	1292
GCA_001805545.1__GCA_001805805.1	GCA_001805545.1	GCA_001805805.1	97-100	train	98.97	strict		MHGL01000001.1	MHGY01000001.1	99.6145	99.717	0.7005	0.6098	0.02932	98.4691	99	0.9821	18	0.106	0.9828	99.5497	99.762	0.1373	0.77	AlfI:99.81,AloI:99.69,BcgI:99.73,FalI:99.67	1155	99	1133	34	10.9899	ok	99.6145	gamma	99.673	99.19	71.21	99.2814	245	315
GCA_001805605.1__GCA_001805775.1	GCA_001805605.1	GCA_001805775.1	97-100	train	99.65	strict		MHGO01000001.1	MHGX01000001.1	99.8573	99.8765	0.7189	0.6072	0.02468	98.6585	64	0.9935	4	0.07	0.9925	99.8576	99.8815	0.1923	0.45	AlfI:99.81,AloI:100.00,BcgI:99.89,FalI:99.88	720	64	696	31	10.5469	ok	99.8573	gamma	99.938	99.83	70.02	99.6013	172	220
GCA_001805735.1__GCA_003508135.1	GCA_001805735.1	GCA_003508135.1	97-100	train	99.66	strict		MHGV01000001.1	DNTS01000003.1	99.9292	99.94	0.7973	0.4578	0.01133	98.544	113	0.9844	22	0.07	0.9963	99.8491	99.9626	0.0973	2	AlfI:99.88,AloI:99.93,BcgI:99.96,FalI:99.98	1556	113	1523	53	13.2832	ok	99.9292	gamma	99.9087	99.77	51.9	99.5674	251	290
GCA_001805815.1__GCA_003452895.1	GCA_001805815.1	GCA_003452895.1	97-100	train	99.09	strict		MHGZ01000001.1	DMNB01000097.1	99.8637	99.9049	0.6279	0.4766	0.01248	98.1672	139	0.9507	94	0.07	0.9942	99.696	99.957	0.0239	0.09	AlfI:99.92,AloI:99.89,BcgI:99.90,FalI:99.91	2077	139	2003	51	14.0504	ok	99.8637	gamma	99.7729	99.73	57.51	99.2915	345	536
GCA_001805945.1__GCA_003500255.1	GCA_001805945.1	GCA_003500255.1	97-100	test	99.74	strict		MHHF01000001.1	DNSR01000040.1	99.876	99.8972	0.7944	0.6889	0.01284	99.059	135	0.9945	11	0.07	0.9938	99.8184	99.9185	0.0678	1.79	AlfI:99.94,AloI:99.92,BcgI:99.90,FalI:99.88	2185	135	2180	49	15.8222	ok	99.876	gamma	99.8747	99.81	76.99	99.6567	603	680
GCA_001805995.1__GCA_001806045.1	GCA_001805995.1	GCA_001806045.1	97-100	train	99.66	strict		MHHI01000001.1	MHHK01000001.1	99.843	99.8717	0.8633	0.8616	0.01276	99.5683	117	0.9882	31	0.07	0.9922	99.7962	99.892	0.1291	2.58	AlfI:99.86,AloI:99.78,BcgI:99.84,FalI:99.90	2741	117	2755	107	23.1368	ok	99.843	gamma	99.85	99.75	92.68	99.7704	781	863
GCA_001822375.1__GCA_001822455.1	GCA_001822375.1	GCA_001822455.1	97-100	test	99.31	strict		MHQN01000001.1	MHQX01000001.1	99.8165	99.8737	0.8215	0.7822	0.02049	99.3022	52	0.9798	19	0.07	0.9923	99.6684	99.9253	0.0354	0.17	AlfI:99.90,AloI:99.86,BcgI:99.87,FalI:99.86	1036	52	996	64	18.7115	ok	99.8165	gamma	99.7798	99.76	86.37	99.6237	195	227
GCA_001822535.1__GCA_001824735.1	GCA_001822535.1	GCA_001824735.1	97-100	train	99.9	strict		MHRJ01000001.1	MHSP01000001.1	99.9639	99.9675	0.838	0.8646	0.00938	99.6528	64	0.9877	14	0.07	0.998	99.8942	99.9864	0.06	0.29	AlfI:99.94,AloI:100.00,BcgI:99.97,FalI:99.97	1215	64	1239	96	18.5938	ok	99.9639	gamma	99.9474	99.95	94.48	99.8848	260	297
GCA_001822615.1__GCA_001822765.1	GCA_001822615.1	GCA_001822765.1	97-100	train	99.91	strict		MHRR01000001.1	MHSO01000001.1	99.9931	99.9931	0.9618	0.9627	0.00482	100.187	21	0.9906	9	inf	0.9996	99.983	99.9957	0.048	0.23	AlfI:100.00,AloI:99.95,BcgI:99.99,FalI:100.00	972	21	969	276	46	ok	99.9931	uniform	99.9991	99.97	98.8	99.9396	206	216
GCA_001824105.1__GCA_001825255.1	GCA_001824105.1	GCA_001825255.1	97-100	test	99.69	strict		MHWL01000001.1	MHVN01000001.1	99.9466	99.9466	0.6187	0.7634	0.02178	98.8841	37	0.9634	13	inf	0.9968	99.9146	99.9551	0.1156	0.49	AlfI:100.00,AloI:100.00,BcgI:99.88,FalI:99.96	407	37	387	29	10.2432	ok	99.9466	uniform	99.9848	99.82	95.9	99.662	122	179
GCA_001824155.1__GCA_001825405.1	GCA_001824155.1	GCA_001825405.1	97-100	train	99.93	strict		MHWO01000001.1	MHWU01000001.1	99.9789	99.9789	0.8025	0.7642	0.0122	99.3487	40	0.9911	4	inf	0.9987	99.9329	99.9911	0.0858	0.13	AlfI:100.00,AloI:99.91,BcgI:100.00,FalI:99.97	498	40	490	43	12.125	ok	99.9789	uniform	99.9881	99.91	88.03	99.9223	163	182
GCA_001830015.1__GCA_003487205.1	GCA_001830015.1	GCA_003487205.1	97-100	train	100	strict		MICX01000001.1	DNET01000007.1	99.9981	99.9981	0.9851	0.9696	0.00183	100.197	14	1	0	inf	0.9999	99.9999	99.9976	0.0248	0	AlfI:100.00,AloI:99.98,BcgI:100.00,FalI:100.00	1905	14	1891	367	135	ok	99.9981	uniform	100	99.98	98.17	99.999	708	713
GCA_001830635.1__GCA_003487245.1	GCA_001830635.1	GCA_003487245.1	97-100	test	99.75	strict		MIBF01000001.1	DNEQ01000054.1	99.9945	99.9945	0.7951	0.9305	0.00204	99.598	93	0.9913	36	0.07	0.9997	99.9804	99.9981	0.0086	0.06	AlfI:99.99,AloI:100.00,BcgI:99.99,FalI:100.00	4209	93	4185	235	44.9032	ok	99.9945	gamma	99.9923	99.99	97.14	99.8956	930	1165
GCA_001872145.1__GCA_002790895.1	GCA_001872145.1	GCA_002790895.1	97-100	train	99.84	low-AF		MNVW01000026.1	PFWA01000002.1	99.988	99.988	0.4243	0.697	0.01199	98.3287	35	0.9104	25	inf	0.9993	99.9438	99.9999	0.0202	0	AlfI:100.00,AloI:100.00,BcgI:100.00,FalI:99.98	309	35	293	20	8.25714	ok	99.988	uniform	99.9971	99.96	88.55	99.2837	115	241
GCA_001872145.1__GCA_002792655.1	GCA_001872145.1	GCA_002792655.1	97-100	train	99.94	strict		MNVW01000026.1	PFOS01000004.1	99.9914	99.9914	0.6208	0.7961	0.00861	99.0205	26	0.9615	15	inf	0.9995	99.9999	99.989	0.0427	0	AlfI:100.00,AloI:100.00,BcgI:99.96,FalI:100.00	418	26	404	60	15.4231	ok	99.9914	uniform	100	99.97	89.99	99.7796	165	241
GCA_001872435.1__GCA_002786675.1	GCA_001872435.1	GCA_002786675.1	97-100	train	99.38	strict		MNWH01000006.1	PCTG01000048.1	99.8792	99.8792	0.5631	0.5687	0.02845	98.2053	56	0.9813	8	inf	0.9927	99.773	99.907	0.1976	1	AlfI:99.87,AloI:100.00,BcgI:99.80,FalI:99.93	527	56	510	18	8.48214	ok	99.8792	uniform	99.8934	99.44	72.61	98.8618	132	197
GCA_001872855.1__GCA_009993785.1	GCA_001872855.1	GCA_009993785.1	97-100	test	99.8	strict		MNXY01000007.1	JAACST010000413.1	99.9275	99.9334	0.6662	0.6748	0.00754	98.9324	337	0.9573	149	0.07	0.996	99.9156	99.9376	0.0328	0.29	AlfI:99.93,AloI:99.93,BcgI:99.94,FalI:99.90	4008	337	3741	61	10.9169	ok	99.9275	gamma	99.9447	99.9	85.19	99.1191	429	691
GCA_001896735.1__GCA_018434265.1	GCA_001896735.1	GCA_018434265.1	97-100	train	98.03	strict		MPPB01000089.1	JAHDPP010000415.1	98.9179	99.1103	0.6085	0.6898	0.0262	97.9027	292	0.9531	197	0.428	0.9457	98.8543	99.1907	0.1212	0.54	AlfI:99.10,AloI:99.02,BcgI:99.14,FalI:99.10	4715	292	4618	136	14.7226	ok	98.9179	gamma	98.9508	98.16	83.31	97.4118	648	1002
GCA_001897265.1__GCF_001423825.1	GCA_001897265.1	GCF_001423825.1	97-100	test	98.67	strict		MKSL01000001.1	NZ_LMPK01000001.1	99.7764	99.8899	0.9508	0.979	0.00698	99.6441	32	0.998	14	0.07	0.9933	99.461	99.9956	0.0384	0.49	AlfI:99.89,AloI:99.86,BcgI:99.89,FalI:99.86	7183	32	7398	937	223.5	ok	99.7764	gamma	99.5158	99.76	99.11	99.8007	933	975
GCA_001898665.1__GCA_017307555.1	GCA_001898665.1	GCA_017307555.1	97-100	test	97.2	strict		MKUT01000001.1	JAFKGX010000009.1	97.6472	98.1116	0.7178	0.73	0.03305	97.0496	327	0.9857	76	0.892	0.8803	97.4076	98.4612	0.4137	5.29	AlfI:98.13,AloI:98.35,BcgI:98.00,FalI:98.42	5955	327	6799	88	16.9878	ok	97.6472	gamma	97.5083	96.59	75.42	96.5205	1049	1337
GCA_001914545.1__GCA_001918075.1	GCA_001914545.1	GCA_001918075.1	97-100	test	97.98	strict		MNCT01000004.1	MNFF01000073.1	98.9183	99.17	0.5922	0.488	0.04503	97.3264	92	0.9912	11	0.355	0.949	98.7401	99.304	0.3752	1.64	AlfI:99.16,AloI:99.37,BcgI:99.16,FalI:99.00	1420	92	1456	35	14.413	ok	98.9183	gamma	98.9158	98.19	52.68	98.3029	270	424
GCA_001914615.1__GCA_003220805.1	GCA_001914615.1	GCA_003220805.1	97-100	train	98.85	strict		MNCV01000122.1	QHTL01000036.1	99.668	99.7444	0.9289	0.4561	0.01566	98.5402	137	0.9963	12	0.1	0.9844	99.6342	99.7722	0.0664	0.84	AlfI:99.70,AloI:99.73,BcgI:99.76,FalI:99.73	3372	137	3413	85	24.365	ok	99.668	gamma	99.6999	99.61	47.32	99.4532	533	548
GCA_001918475.1__GCA_005877475.1	GCA_001918475.1	GCA_005877475.1	97-100	train	99.09	strict		MNFZ01000023.1	VBPD01000120.1	99.1728	99.305	0.6288	0.6089	0.05065	97.8474	58	0.9849	13	0.376	0.9579	99.119	99.3623	0.1686	0.33	AlfI:99.28,AloI:99.21,BcgI:99.38,FalI:99.29	970	58	990	50	15.6207	ok	99.1728	gamma	99.3031	98.96	68.51	98.8073	306	440
GCA_001918555.1__GCA_001919115.1	GCA_001918555.1	GCA_001919115.1	97-100	train	99.03	strict		MNGD01000012.1	MNHG01000100.1	99.5823	99.645	0.6505	0.6208	0.02454	98.2651	95	0.9884	21	0.227	0.9784	99.5126	99.6794	0.1215	1.59	AlfI:99.73,AloI:99.67,BcgI:99.61,FalI:99.70	1909	95	1952	63	19.8526	ok	99.5823	gamma	99.6116	99.35	66.98	99.2047	311	464
GCA_001920235.1__GCA_005880655.1	GCA_001920235.1	GCA_005880655.1	97-100	test	98.15	low-AF		MNJJ01000022.1	VBJH01000079.1	98.642	98.9067	0.4244	0.3379	0.04095	96.4106	210	0.9703	57	0.516	0.9331	98.4942	99.0462	0.2626	1.06	AlfI:98.94,AloI:99.13,BcgI:98.87,FalI:98.87	2321	210	2351	29	9.8619	ok	98.642	gamma	98.6425	98.01	42.3	96.9579	476	911
GCA_001942245.1__GCF_016889285.1	GCA_001942245.1	GCF_016889285.1	97-100	test	97.02	strict		MKKB01000001.1	NZ_CP069495.1	97.3452	98.0359	0.6664	0.9232	0.04598	97.1679	49	0.9944	17	0.709	0.8744	97.1106	98.5247	0.3968	2.14	AlfI:98.06,AloI:98.21,BcgI:97.96,FalI:98.35	3101	49	3785	238	62.0612	ok	97.3452	gamma	97.2491	96.65	83.37	96.8227	720	859
GCA_002010295.1__GCA_002494665.1	GCA_002010295.1	GCA_002494665.1	97-100	test	99.96	strict		MTNA01000015.1	DACI01000073.1	99.9999	99.9999	0.8927	0.924	0.36012	99.2772	91	0.9924	19	inf	1	99.9999	99.9999	0	0	AlfI:100.00,AloI:100.00,BcgI:100.00,FalI:100.00	2637	91	2601	139	28.3297	ok	99.9999	uniform	100	99.89	96.94	99.812	656	718
GCA_002010385.1__GCA_002376485.1	GCA_002010385.1	GCA_002376485.1	97-100	test	99.21	strict		MTNN01000069.1	DFNT01000028.1	99.4447	99.4447	0.8171	0.7614	0.03303	98.8469	122	0.9916	13	inf	0.9652	99.387	99.4623	0.217	1.34	AlfI:99.31,AloI:99.53,BcgI:99.45,FalI:99.38	1789	122	1820	37	13.6148	ok	99.4447	uniform	99.5006	99.23	85.77	98.9853	468	493
GCA_002067495.1__GCA_002067955.1	GCA_002067495.1	GCA_002067955.1	97-100	test	99.41	strict		MVQJ01000001.1	MVRM01000001.1	99.6231	99.6607	0.6437	0.7197	0.02577	98.6074	154	0.9712	44	0.278	0.9791	99.6043	99.6763	0.0666	0.18	AlfI:99.69,AloI:99.63,BcgI:99.66,FalI:99.68	1843	154	1764	61	10.6429	ok	99.6231	gamma	99.6974	99.44	91.63	99.1579	510	685
GCA_002070525.1__GCA_012800225.1	GCA_002070525.1	GCA_012800225.1	97-100	train	99.8	strict		MWDL01000001.1	JAAZJQ010000061.1	99.8482	99.8482	0.6165	0.7947	0.01666	98.9126	143	0.9353	116	inf	0.9908	99.8835	99.8391	0.1505	3.2	AlfI:99.85,AloI:99.95,BcgI:99.86,FalI:99.80	1930	143	1839	74	12.7343	ok	99.8482	uniform	99.9311	99.74	97.53	99.4043	335	558
GCA_002070525.1__GCA_019136235.1	GCA_002070525.1	GCA_019136235.1	97-100	train	99.8	strict		MWDL01000001.1	JAGVUQ010000022.1	99.869	99.8803	0.8981	0.8839	0.01305	99.6553	45	0.9939	14	0.117	0.9927	99.8467	99.889	0.0472	0.79	AlfI:99.91,AloI:99.91,BcgI:99.86,FalI:99.89	2352	45	2366	240	51.8667	ok	99.869	gamma	99.8962	99.76	91.94	99.735	524	558
GCA_002071015.1__GCA_003527065.1	GCA_002071015.1	GCA_003527065.1	97-100	train	99.44	low-AF		MWEL01000001.1	DPXU01000235.1	99.6288	99.6551	0.412	0.7196	0.01977	98.1472	268	0.9473	142	0.446	0.979	99.5593	99.68	0.1326	1.13	AlfI:99.66,AloI:99.74,BcgI:99.64,FalI:99.61	3076	268	2940	46	10.5149	ok	99.6288	gamma	99.6368	99.25	91.78	98.6006	510	1149
GCA_002071265.1__GCA_004294795.1	GCA_002071265.1	GCA_004294795.1	97-100	train	98.14	strict		MWEW01000001.1	SHOJ01000045.1	99.5682	99.5991	0.5058	0.5267	0.04222	97.6926	71	0.9431	41	0.46	0.9759	99.5212	99.6208	0.2265	0.75	AlfI:99.64,AloI:99.80,BcgI:99.57,FalI:99.59	878	71	799	38	10.5775	ok	99.5682	gamma	99.6717	98.03	70.68	97.6115	228	366
GCA_002071555.1__GCA_017993015.1	GCA_002071555.1	GCA_017993015.1	97-100	test	99.46	strict		MWFJ01000001.1	JAGONN010000036.1	99.5773	99.6244	0.6246	0.7048	0.02293	98.5076	202	0.9974	5	0.321	0.9774	99.4843	99.6617	0.2441	2.56	AlfI:99.64,AloI:99.46,BcgI:99.58,FalI:99.71	2460	202	2445	63	10.3861	ok	99.5773	gamma	99.5764	99.38	84.54	99.3446	337	420
GCA_002071555.1__GCA_018436145.1	GCA_002071555.1	GCA_018436145.1	97-100	test	99.06	strict		MWFJ01000001.1	JAHDMF010000135.1	99.5517	99.5955	0.5635	0.6123	0.02487	98.1113	191	0.9932	12	0.355	0.9756	99.4955	99.6223	0.131	1.07	AlfI:99.52,AloI:99.57,BcgI:99.59,FalI:99.65	2315	191	2237	51	10.1885	ok	99.5517	gamma	99.5906	99.24	74.86	98.8355	298	420
GCA_002103135.1__GCA_018713865.1	GCA_002103135.1	GCA_018713865.1	97-100	train	97.49	strict		DABS01000147.1	DVOD01000018.1	98.3329	98.706	0.7274	0.667	0.0535	97.6678	138	0.9967	4	0.554	0.9211	98.0751	98.9446	0.3254	1.2	AlfI:98.76,AloI:98.46,BcgI:98.57,FalI:98.78	1641	138	1760	34	9.86957	ok	98.3329	gamma	98.2642	98.09	81.28	97.9549	467	502
GCA_002168455.2__GCA_002295295.1	GCA_002168455.2	GCA_002295295.1	97-100	train	99.54	strict		NHLP02000007.1	DBFZ01000044.1	99.7917	99.8464	0.8672	0.3851	0.01876	98.3346	44	0.9831	24	0.07	0.9906	99.7106	99.8818	0.1823	2.84	AlfI:99.74,AloI:99.86,BcgI:99.85,FalI:99.92	1485	44	1473	194	32.7955	ok	99.7917	gamma	99.7969	99.48	40.86	99.418	310	380
GCA_002168805.2__GCA_002502485.1	GCA_002168805.2	GCA_002502485.1	97-100	test	99.58	strict		NHKT02000073.1	DAOZ01000097.1	99.827	99.8342	0.7162	0.6651	0.02122	98.7767	99	0.972	33	0.286	0.9899	99.8205	99.8379	0.1077	0.65	AlfI:99.75,AloI:99.82,BcgI:99.86,FalI:99.84	1376	99	1277	48	12.5556	ok	99.827	gamma	99.8914	99.33	81.31	99.2878	443	548
GCA_002169235.1__GCA_905479245.1	GCA_002169235.1	GCA_905479245.1	97-100	train	97.2	strict		NHMD01000006.1	CAJQLS010000001.1	98.8537	98.8537	0.4845	0.1857	0.11118	95.9694	40	0.9195	24	inf	0.9295	98.6366	98.9277	0.7647	2.51	AlfI:99.14,AloI:99.16,BcgI:99.03,FalI:98.39	396	40	344	19	7.85	ok	98.8537	uniform	99.0052	96.77	30.27	96.6934	180	253
GCA_002170155.1__GCA_902538015.1	GCA_002170155.1	GCA_902538015.1	97-100	test	99.75	strict		NHGC01000005.1	CACBDM010000001.1	99.884	99.884	0.5509	0.6185	0.03099	98.2721	25	0.9591	17	inf	0.993	99.8464	99.8943	0.2794	0.67	AlfI:100.00,AloI:100.00,BcgI:99.72,FalI:99.89	454	25	429	69	16.96	ok	99.884	uniform	99.9475	99.56	71.94	99.5168	236	395
GCA_002250645.1__GCA_002563805.1	GCA_002250645.1	GCA_002563805.1	97-100	test	98.4	strict		NMVO01000001.1	PDJP01000001.1	98.8413	99.0621	0.9464	0.9751	0.01928	98.7056	35	0.9978	18	0.502	0.9425	98.6328	99.1988	0.18	1.68	AlfI:99.08,AloI:99.09,BcgI:99.04,FalI:99.22	8380	35	8906	1100	232.914	ok	98.8413	gamma	98.7065	98.65	94.01	98.4782	1426	1501
GCA_002254585.1__GCA_003695875.1	GCA_002254585.1	GCA_003695875.1	97-100	test	99.69	strict		NKPU01000348.1	RFGM01000152.1	99.8213	99.832	0.8087	0.7922	0.01082	99.2751	244	0.9832	74	0.208	0.9898	99.8122	99.8368	0.098	2.25	AlfI:99.80,AloI:99.89,BcgI:99.84,FalI:99.82	4811	244	4655	120	18.7295	ok	99.8213	gamma	99.8524	99.77	87.07	99.6367	579	663
GCA_002255865.1__GCA_004000515.1	GCA_002255865.1	GCA_004000515.1	97-100	train	98.74	strict		NKIG01000004.1	CP034537.1	98.8275	99.057	0.9123	0.848	0.01601	98.1007	103	0.9974	30	0.473	0.9425	98.6432	99.1874	0.1089	0.88	AlfI:99.07,AloI:99.07,BcgI:99.06,FalI:98.97	12265	103	12949	785	114.816	ok	98.8275	gamma	98.7044	98.61	82.7	98.6542	2060	2234
GCA_002256885.1__GCA_002279885.1	GCA_002256885.1	GCA_002279885.1	97-100	test	99.82	strict		NCIL01000002.1	NCCW01000019.1	99.9502	99.9544	0.9502	0.9548	0.00478	99.7426	26	0.9984	10	0.07	0.9972	99.912	99.9646	0.0327	0.67	AlfI:99.96,AloI:99.97,BcgI:99.95,FalI:99.94	6394	26	6386	910	244	ok	99.9502	gamma	99.9353	99.88	95.39	99.8495	908	940
GCA_002279175.1__GCA_002282755.1	GCA_002279175.1	GCA_002282755.1	97-100	test	99.3	strict		NCKQ01000131.1	NCKL01000102.1	99.8441	99.8855	0.7376	0.7703	0.01036	99.1106	180	0.9922	24	0.07	0.9931	99.7284	99.9241	0.1389	2.87	AlfI:99.88,AloI:99.77,BcgI:99.91,FalI:99.83	3681	180	3472	120	18.0389	ok	99.8441	gamma	99.7845	99.79	87.79	99.576	487	559
GCA_002281275.1__GCA_002281915.1	GCA_002281275.1	GCA_002281915.1	97-100	train	99.98	strict		NCFR01000001.1	NCHS01000001.1	99.9993	99.9993	0.9797	0.9591	0.00068	99.9737	14	1	0	inf	1	99.9999	99.9991	0.0017	0	AlfI:100.00,AloI:100.00,BcgI:100.00,FalI:100.00	4658	14	4648	1910	331.429	ok	99.9993	uniform	100	100	96.65	99.9977	840	850
GCA_002284945.1__GCF_002284975.1	GCA_002284945.1	GCF_002284975.1	97-100	test	99.99	strict		MQNN01000083.1	NZ_NMRN01000001.1	99.9992	99.9992	0.9694	0.9723	0.00053	99.8613	126	0.999	8	inf	1	99.9999	99.9991	0.001	0.04	AlfI:100.00,AloI:100.00,BcgI:100.00,FalI:100.00	8484	126	8444	325	66.9206	ok	99.9992	uniform	100	99.98	99.6	99.9889	1106	1131
GCA_002288415.1__GCA_002290545.1	GCA_002288415.1	GCA_002290545.1	97-100	train	99.92	strict		NEUP01000001.1	NEUM01000001.1	99.9769	99.9776	0.9423	0.8571	0.00345	99.5942	83	0.9993	4	0.07	0.9986	99.9616	99.9815	0.0114	0.3	AlfI:99.98,AloI:99.97,BcgI:99.98,FalI:99.97	6064	83	6037	354	72.4578	ok	99.9769	gamma	99.9768	99.93	87.88	99.9538	905	946
GCA_002288415.1__GCA_003528925.1	GCA_002288415.1	GCA_003528925.1	97-100	train	99.59	strict		NEUP01000001.1	DNOX01000091.1	99.9522	99.955	0.6089	0.7228	0.00567	98.9009	355	0.9372	276	0.07	0.9973	99.9374	99.9593	0.0351	1.23	AlfI:99.97,AloI:99.98,BcgI:99.95,FalI:99.94	4609	355	4500	63	12.6085	ok	99.9522	gamma	99.9601	99.85	86.09	98.9711	532	946
GCA_002290545.1__GCA_003528925.1	GCA_002290545.1	GCA_003528925.1	97-100	train	99.63	strict		NEUM01000001.1	DNOX01000091.1	99.9732	99.9744	0.6046	0.7886	0.0041	99.0697	372	0.9299	339	0.07	0.9985	99.9492	99.9804	0.0134	0.18	AlfI:99.98,AloI:99.98,BcgI:99.97,FalI:99.97	4976	372	4890	63	13.0887	ok	99.9732	gamma	99.9687	99.9	93.21	99.3037	568	1074
GCA_002294605.1__GCA_002377215.1	GCA_002294605.1	GCA_002377215.1	97-100	test	98.47	strict		DBEY01000040.1	DFPI01000013.1	98.6717	99.2941	0.8352	0.8173	0.02309	98.5414	77	0.9925	33	0.129	0.9572	98.6505	99.4926	0.1334	0.8	AlfI:99.27,AloI:99.18,BcgI:99.31,FalI:99.32	4523	77	4850	355	57.6623	ok	98.6717	gamma	98.7512	98.53	81.97	98.3185	1586	1817
GCA_002295565.1__GCA_002480705.1	GCA_002295565.1	GCA_002480705.1	97-100	train	100	strict		DBHA01000054.1	DLCQ01000097.1	99.9991	99.9991	0.9128	0.94	0.0009	99.9398	105	0.9858	53	inf	0.9999	99.9957	99.9999	0.0035	0	AlfI:100.00,AloI:100.00,BcgI:100.00,FalI:100.00	3852	105	3808	165	36.1238	ok	99.9991	uniform	99.9998	99.99	97.59	99.9212	1104	1206
GCA_002295625.1__GCA_003513645.1	GCA_002295625.1	GCA_003513645.1	97-100	test	99.82	strict		DBHL01000042.1	DOOQ01000206.1	99.8529	99.8551	0.6161	0.7833	0.01339	98.9522	236	0.9353	166	0.473	0.9911	99.8777	99.8493	0.075	1.03	AlfI:99.87,AloI:99.90,BcgI:99.85,FalI:99.83	2816	236	2674	67	11.1737	ok	99.8529	gamma	99.9189	99.72	96.15	99.3012	518	835
GCA_002295665.1__GCA_002708665.1	GCA_002295665.1	GCA_002708665.1	97-100	test	98.92	strict		DBHN01000014.1	PAPA01000001.1	97.661	99.4625	0.6698	0.3579	0.072	97.1526	30	0.9968	1	0.07	0.9675	98.2113	99.8657	0.9675	3.59	AlfI:98.67,AloI:99.22,BcgI:99.61,FalI:99.64	391	30	405	39	11.3667	ok	97.661	gamma	98.5933	98.44	42.38	98.3816	266	312
GCA_002295765.1__GCF_900457115.1	GCA_002295765.1	GCF_900457115.1	97-100	test	98.01	strict		DBGB01000039.1	NZ_UGYX01000003.1	98.4184	99.0991	0.8121	0.7938	0.02598	98.2157	74	0.9919	36	0.183	0.9452	98.3645	99.3434	0.1479	0.76	AlfI:99.14,AloI:98.99,BcgI:99.08,FalI:99.13	4613	74	5014	333	60.8243	ok	98.4184	gamma	98.4703	97.78	80.08	97.8467	1662	1903
GCA_002295945.1__GCA_002707065.1	GCA_002295945.1	GCA_002707065.1	97-100	train	99.94	strict		DBGT01000087.1	PALR01000001.1	99.9607	99.9629	0.7479	0.9179	0.00594	99.5083	129	0.9886	39	0.07	0.9978	99.9393	99.9689	0.0238	0.45	AlfI:99.96,AloI:99.98,BcgI:99.96,FalI:99.96	3551	129	3537	108	27.1395	ok	99.9607	gamma	99.9641	99.94	97.96	99.8812	973	1242
GCA_002296595.1__GCF_003935565.1	GCA_002296595.1	GCF_003935565.1	97-100	test	98.24	strict		DBIG01000033.1	NZ_RHQY01000100.1	98.7804	98.9379	0.8932	0.8443	0.01953	98.1825	129	0.9895	94	0.761	0.935	98.6517	99.0314	0.0618	0.11	AlfI:98.94,AloI:98.97,BcgI:98.94,FalI:98.91	9033	129	9781	409	69.4961	ok	98.7804	gamma	98.7218	98.39	82.93	98.1356	1281	1430
GCA_002297875.1__GCA_002404685.1	GCA_002297875.1	GCA_002404685.1	97-100	train	98.99	strict		DBKN01000020.1	DHKF01000012.1	99.5332	99.6289	0.8068	0.7287	0.021	98.9153	168	0.9839	41	0.17	0.9775	99.4579	99.6731	0.1524	3.15	AlfI:99.57,AloI:99.58,BcgI:99.69,FalI:99.54	2774	168	2803	73	15.9583	ok	99.5332	gamma	99.5459	99.22	81.01	99.2239	434	514
GCA_002298755.1__GCA_002690205.1	GCA_002298755.1	GCA_002690205.1	97-100	test	97.13	strict		DBLO01000132.1	NZDT01000074.1	96.9102	97.8691	0.7704	0.5721	0.04793	96.495	213	0.9902	28	0.605	0.863	96.8139	98.4737	0.2494	0.89	AlfI:97.99,AloI:97.85,BcgI:97.83,FalI:98.08	3199	213	3867	59	14.3052	ok	96.9102	gamma	96.9533	96.67	59.88	96.7635	455	541
GCA_002299055.1__GCA_002500395.1	GCA_002299055.1	GCA_002500395.1	97-100	test	100	strict		DBNE01000070.1	DLTV01000059.1	99.9991	99.9991	0.9593	0.9619	0.00086	100.053	75	0.9995	2	inf	0.9999	99.9958	99.9999	0.0016	0	AlfI:100.00,AloI:100.00,BcgI:100.00,FalI:100.00	3979	75	3960	214	52.4267	ok	99.9991	uniform	99.9998	99.96	98.76	99.989	1179	1200
GCA_002304695.1__GCA_002425115.1	GCA_002304695.1	GCA_002425115.1	97-100	train	99.98	strict		DBAA01000030.1	DILQ01000003.1	99.9916	99.9916	0.9134	0.8354	0.00481	99.7841	59	0.9955	5	inf	0.9995	99.9579	99.9999	0.0138	0.21	AlfI:99.99,AloI:100.00,BcgI:99.99,FalI:99.99	1191	59	1177	70	19.661	ok	99.9916	uniform	99.9885	99.84	87.06	99.8529	228	238
GCA_002306245.1__GCA_002306405.1	GCA_002306245.1	GCA_002306405.1	97-100	train	99.96	strict		DBSF01000026.1	DBSH01000031.1	99.9999	99.9999	0.989	0.9369	0.20946	99.4197	44	0.9988	9	inf	1	99.9999	99.9999	0	0	AlfI:100.00,AloI:100.00,BcgI:100.00,FalI:100.00	7559	44	7454	941	169	ok	99.9999	uniform	100	100	94.68	99.9891	1495	1507
GCA_002306455.1__GCA_002306535.1	GCA_002306455.1	GCA_002306535.1	97-100	train	99.63	strict		DBSI01000046.1	DBSM01000033.1	99.6962	99.7164	0.895	0.8546	0.0174	99.3865	72	0.9886	36	0.303	0.9828	99.697	99.7217	0.1395	1.87	AlfI:99.78,AloI:99.64,BcgI:99.68,FalI:99.73	3241	72	3275	187	44.375	ok	99.6962	gamma	99.7581	99.34	87.76	99.4959	1002	1098
GCA_002306515.1__GCA_002343515.1	GCA_002306515.1	GCA_002343515.1	97-100	train	99.87	strict		DBSL01000016.1	DDQY01000038.1	99.9973	99.9973	0.9293	0.9344	0.00134	99.8912	101	0.9987	6	inf	0.9998	99.9965	99.9975	0.0046	0.27	AlfI:100.00,AloI:100.00,BcgI:100.00,FalI:100.00	4751	101	4731	176	46.6733	ok	99.9973	uniform	99.9998	99.98	96.62	99.9797	880	930
GCA_002306565.1__GCA_002342765.1	GCA_002306565.1	GCA_002342765.1	97-100	train	97.45	strict		DBSN01000121.1	DDQS01000038.1	97.5949	98.3883	0.689	0.7137	0.0479	97.1923	101	0.9881	28	0.416	0.9006	97.5014	98.7867	0.2093	0.62	AlfI:98.53,AloI:98.46,BcgI:98.32,FalI:98.38	2569	101	2946	164	24.0891	ok	97.5949	gamma	97.6606	97.17	73.49	97.1971	1002	1308
GCA_002313745.1__GCA_002404685.1	GCA_002313745.1	GCA_002404685.1	97-100	train	98.28	strict		DCCJ01000026.1	DHKF01000012.1	99.1612	99.3387	0.7406	0.5862	0.0317	98.1376	161	0.9877	24	0.303	0.9599	99.022	99.4286	0.201	0.7	AlfI:99.31,AloI:99.19,BcgI:99.37,FalI:99.39	2225	161	2261	59	12.9627	ok	99.1612	gamma	99.1501	98.91	67.09	98.5673	361	415
GCA_002313745.1__GCA_002439785.1	GCA_002313745.1	GCA_002439785.1	97-100	train	98.75	strict		DCCJ01000026.1	DJPM01000040.1	99.3262	99.4897	0.7971	0.682	0.02708	98.62	139	0.9976	5	0.208	0.9691	99.2065	99.5665	0.0161	0.01	AlfI:99.50,AloI:99.49,BcgI:99.49,FalI:99.48	2293	139	2362	94	15.9065	ok	99.3262	gamma	99.3209	99.3	73.44	99.1054	370	415
GCA_002313955.1__GCA_002716545.1	GCA_002313955.1	GCA_002716545.1	97-100	test	99.99	strict		DCBF01000053.1	PBBD01000003.1	99.9881	99.9881	0.9348	0.8669	0.00419	99.8761	92	0.9986	3	inf	0.9993	99.9779	99.9907	0.0261	0.92	AlfI:99.98,AloI:99.97,BcgI:99.99,FalI:100.00	2243	92	2244	111	24.25	ok	99.9881	uniform	99.994	99.97	91.91	99.9726	672	684
GCA_002316185.1__GCA_002440275.1	GCA_002316185.1	GCA_002440275.1	97-100	test	98.83	strict		DCDA01000095.1	DJSL01000032.1	99.5158	99.6766	0.7885	0.7396	0.02141	98.9606	153	0.9846	33	0.1	0.9802	99.4189	99.7452	0.0572	0.23	AlfI:99.70,AloI:99.65,BcgI:99.67,FalI:99.71	2582	153	2392	53	14.7974	ok	99.5158	gamma	99.5169	99.3	83.34	98.9012	328	392
GCA_002316375.1__GCA_002439445.1	GCA_002316375.1	GCA_002439445.1	97-100	test	97.6	strict		DCDJ01000023.1	DJUE01000005.1	98.34	98.5292	0.8151	0.7958	0.03935	97.9744	177	0.9916	25	1.224	0.9096	98.1181	98.6938	0.2397	0.48	AlfI:98.59,AloI:98.35,BcgI:98.52,FalI:98.52	3276	177	3651	78	17.7571	ok	98.34	gamma	98.248	97.93	82.75	97.612	1211	1344
GCA_002321345.1__GCA_003499445.1	GCA_002321345.1	GCA_003499445.1	97-100	test	98.75	strict		DCMH01000059.1	DNTH01000035.1	99.5963	99.6517	0.5824	0.6192	0.02752	98.212	152	0.9717	37	0.251	0.9788	99.5061	99.6915	0.0828	0.32	AlfI:99.63,AloI:99.60,BcgI:99.68,FalI:99.66	1694	152	1594	28	9.34868	ok	99.5963	gamma	99.6161	99.3	83.12	98.686	324	452
GCA_002321935.1__GCF_012583295.1	GCA_002321935.1	GCF_012583295.1	97-100	test	99.68	strict		NPIK01000001.1	NZ_VIRO01000001.1	99.7125	99.8407	0.7411	0.8191	0.01759	99.197	79	0.9578	72	0.07	0.9903	99.4898	99.936	0.1016	1.25	AlfI:99.77,AloI:99.85,BcgI:99.84,FalI:99.87	2327	79	1801	92	21.6835	ok	99.7125	gamma	99.5954	99.22	96.73	99.5249	1066	1236
GCA_002322415.1__GCA_002789335.1	GCA_002322415.1	GCA_002789335.1	97-100	train	99.87	strict		DCOO01000047.1	PFTA01000042.1	99.9406	99.9429	0.7528	0.7371	0.01583	99.1364	62	0.9746	18	0.07	0.9965	99.9576	99.9391	0.1763	0.61	AlfI:100.00,AloI:99.82,BcgI:99.96,FalI:99.93	813	62	776	55	12.129	ok	99.9406	gamma	99.9925	99.9	88.91	99.5775	188	232
GCA_002322435.1__GCA_002788415.1	GCA_002322435.1	GCA_002788415.1	97-100	train	99.95	strict		DCOQ01000019.1	PFRG01000034.1	99.964	99.9666	0.7992	0.7996	0.01008	99.4303	82	0.96	43	0.07	0.998	99.9265	99.977	0.0511	0.39	AlfI:99.95,AloI:100.00,BcgI:99.98,FalI:99.96	1125	82	1116	51	13.5854	ok	99.964	gamma	99.971	99.97	90.97	99.781	255	311
GCA_002322435.1__GCA_002792975.1	GCA_002322435.1	GCA_002792975.1	97-100	train	99.94	strict		DCOQ01000019.1	PFPI01000014.1	99.9907	99.9907	0.8148	0.8297	0.00534	99.5535	64	0.9745	27	inf	0.9994	99.9701	99.9961	0.0326	0.21	AlfI:99.98,AloI:99.97,BcgI:100.00,FalI:99.99	1108	64	1095	51	17.1094	ok	99.9907	uniform	99.9947	99.88	92.21	99.8363	264	311
GCA_002322835.1__GCA_002331685.1	GCA_002322835.1	GCA_002331685.1	97-100	train	99.66	strict		DCOF01000016.1	DCXZ01000050.1	99.7642	99.8035	0.9284	0.9194	0.00907	99.4123	71	0.9941	45	0.111	0.9881	99.7278	99.8222	0.0435	0.81	AlfI:99.79,AloI:99.78,BcgI:99.82,FalI:99.77	7731	71	7749	469	107.31	ok	99.7642	gamma	99.7659	99.61	92.68	99.5904	1091	1176
GCA_002323055.1__GCA_002792255.1	GCA_002323055.1	GCA_002792255.1	97-100	test	99.98	strict		DCPJ01000001.1	PFNZ01000002.1	99.99	99.99	0.9091	0.9008	0.00705	99.9253	22	0.9799	13	inf	0.9994	99.975	99.9938	0.0509	0	AlfI:100.00,AloI:100.00,BcgI:100.00,FalI:99.95	667	22	658	73	29.8636	ok	99.99	uniform	99.9987	99.94	96.78	99.9196	235	249
GCA_002323365.1__GCA_002436445.1	GCA_002323365.1	GCA_002436445.1	97-100	train	99.98	strict		DCQG01000161.1	DJMC01000044.1	99.9965	99.9965	0.7041	0.7433	0.00243	99.1753	178	0.9811	32	inf	0.9998	99.9999	99.9956	0.0115	0	AlfI:100.00,AloI:100.00,BcgI:99.99,FalI:100.00	1980	178	1919	29	10.3258	ok	99.9965	uniform	100	99.9	89.8	99.697	449	549
GCA_002325835.1__GCA_002387305.1	GCA_002325835.1	GCA_002387305.1	97-100	train	97.2	strict		DCSX01000013.1	DGLJ01000019.1	97.6696	98.0958	0.8353	0.8191	0.02854	97.1142	141	0.9929	53	0.918	0.8792	97.5023	98.388	0.3258	2.09	AlfI:98.09,AloI:98.00,BcgI:98.08,FalI:98.33	7661	141	9075	228	53.7376	ok	97.6696	gamma	97.5887	97.34	81.52	97.2701	1181	1424
GCA_002331065.1__GCA_014240155.1	GCA_002331065.1	GCA_014240155.1	97-100	train	98.65	strict		DCYL01000046.1	JAAZXL010000010.1	98.9261	98.9772	0.8388	0.799	0.03014	98.4689	171	0.9982	6	1.781	0.937	98.8856	99.0064	0.1697	0.8	AlfI:98.93,AloI:98.86,BcgI:99.00,FalI:99.03	3648	171	3893	90	20.9532	ok	98.9261	gamma	98.9886	98.66	83.56	98.294	565	630
GCA_002331405.1__GCF_009996725.1	GCA_002331405.1	GCF_009996725.1	97-100	test	98.51	strict		DCYE01000024.1	NZ_JAACYG010000010.1	98.9051	99.0055	0.9102	0.834	0.02112	98.4015	109	0.9881	85	1.044	0.939	98.7488	99.0874	0.1886	2.28	AlfI:98.96,AloI:99.15,BcgI:99.01,FalI:99.08	7304	109	7766	302	65.6422	ok	98.9051	gamma	98.8252	98.51	81.41	98.3415	1093	1203
GCA_002332665.1__GCF_018917625.1	GCA_002332665.1	GCF_018917625.1	97-100	train	99.63	strict		DDAR01000122.1	NZ_JAHLOY010000001.1	99.7887	99.8171	0.8964	0.6522	0.01	99.0628	295	0.9985	8	0.129	0.989	99.7472	99.8342	0.05	0.47	AlfI:99.83,AloI:99.83,BcgI:99.81,FalI:99.78	5842	295	5906	133	19.4441	ok	99.7887	gamma	99.7892	99.73	69.14	99.7078	875	905
GCA_002332965.1__GCA_002391835.1	GCA_002332965.1	GCA_002391835.1	97-100	test	98.18	strict		DDAS01000081.1	DGFU01000030.1	98.6404	98.7454	0.6167	0.7758	0.02906	97.6462	230	0.9837	75	1.434	0.9227	98.5436	98.8165	0.0539	0.07	AlfI:98.75,AloI:98.70,BcgI:98.75,FalI:98.73	4902	230	5284	108	20.7217	ok	98.6404	gamma	98.6415	98.09	82.66	97.9642	811	1232
GCA_002333435.1__GCA_016789285.1	GCA_002333435.1	GCA_016789285.1	97-100	test	99.44	strict		DDBS01000100.1	JAEUQJ010000209.1	99.5042	99.5398	0.7773	0.8757	0.016	99.0854	290	0.9717	161	0.473	0.9721	99.518	99.5456	0.0792	0.43	AlfI:99.55,AloI:99.58,BcgI:99.54,FalI:99.50	5954	290	5992	120	20.0793	ok	99.5042	gamma	99.5755	99.27	96.2	99.1457	914	1178
GCA_002335965.1__GCA_002479915.1	GCA_002335965.1	GCA_002479915.1	97-100	test	99	strict		DDDI01000010.1	DLPU01000117.1	99.0738	99.1526	0.7544	0.808	0.03242	98.5232	154	0.982	45	0.831	0.9483	99.0261	99.1914	0.1652	0.89	AlfI:99.14,AloI:99.28,BcgI:99.12,FalI:99.18	2765	154	2836	73	16.974	ok	99.0738	gamma	99.1408	98.52	90.44	98.5428	606	732
GCA_002336125.1__GCA_002473315.1	GCA_002336125.1	GCA_002473315.1	97-100	train	99.98	strict		DDEM01000005.1	DKTL01000203.1	99.998	99.998	0.9176	0.8936	0.00115	99.8429	181	0.9685	158	inf	0.9999	99.9935	99.9991	0.0035	0	AlfI:100.00,AloI:100.00,BcgI:100.00,FalI:100.00	5135	181	5040	207	27.8177	ok	99.998	uniform	99.9988	99.98	96.02	99.9223	1850	1991
GCA_002337535.1__GCA_002379435.1	GCA_002337535.1	GCA_002379435.1	97-100	test	99.78	strict		DDGF01000104.1	DFTO01000013.1	99.9336	99.9485	0.8413	0.8336	0.00472	99.2873	184	0.9866	98	0.07	0.9969	99.7776	99.9903	0.041	1.01	AlfI:99.96,AloI:99.95,BcgI:99.95,FalI:99.91	7474	184	7503	304	40.2065	ok	99.9336	gamma	99.8126	99.81	85.4	99.7317	1111	1319
GCA_002337535.1__GCA_002384965.1	GCA_002337535.1	GCA_002384965.1	97-100	test	99.92	strict		DDGF01000104.1	DGCE01000031.1	99.9754	99.9772	0.8458	0.9194	0.00314	99.4616	110	0.9969	23	0.07	0.9986	99.9205	99.9909	0.0489	1.72	AlfI:99.98,AloI:99.93,BcgI:99.98,FalI:99.98	7457	110	7469	583	67.5455	ok	99.9754	gamma	99.941	99.84	93.62	99.8229	1116	1319
GCA_002338485.1__GCA_902572725.1	GCA_002338485.1	GCA_902572725.1	97-100	train	99.4	low-AF		DDIJ01000151.1	CACGGO010000001.1	99.4249	99.4551	0.4441	0.6171	0.03396	97.6666	127	0.9932	9	0.918	0.9669	99.3414	99.4862	0.0962	0.19	AlfI:99.48,AloI:99.39,BcgI:99.45,FalI:99.48	1586	127	1600	35	11.2835	ok	99.4249	gamma	99.468	98.65	71.61	98.7307	304	599
GCA_002340205.1__GCF_006351725.1	GCA_002340205.1	GCF_006351725.1	97-100	train	99.22	strict		DDLI01000010.1	NZ_VEXA02000001.1	99.396	99.5057	0.8691	0.9608	0.02104	99.2832	29	0.9965	13	0.259	0.9702	99.2929	99.5651	0.0575	0.43	AlfI:99.49,AloI:99.48,BcgI:99.54,FalI:99.49	3769	29	3914	487	128.966	ok	99.396	gamma	99.3783	99.13	92.74	99.161	1357	1549
GCA_002340675.1__GCA_905479305.1	GCA_002340675.1	GCA_905479305.1	97-100	train	99.27	strict		DDMP01000113.1	CAJQLZ010000001.1	99.4092	99.4552	0.8176	0.8396	0.02266	99.0362	185	0.9891	35	0.571	0.9672	99.371	99.4775	0.0486	0.13	AlfI:99.44,AloI:99.49,BcgI:99.46,FalI:99.47	3439	185	3536	114	18.1622	ok	99.4092	gamma	99.4556	99.13	89.9	99.034	623	728
GCA_002340685.1__GCA_002341045.1	GCA_002340685.1	GCA_002341045.1	97-100	train	99.2	strict		DDMX01000148.1	DDNF01000022.1	99.4244	99.6068	0.723	0.7516	0.01752	98.7229	223	0.9903	36	0.111	0.9763	99.3646	99.6693	0.1281	1.71	AlfI:99.60,AloI:99.66,BcgI:99.59,FalI:99.72	4221	223	4245	196	17.565	ok	99.4244	gamma	99.4423	98.91	82.18	98.8247	884	1103
GCA_002341545.1__GCA_002414985.1	GCA_002341545.1	GCA_002414985.1	97-100	train	99.99	strict		DDOG01000005.1	DIBE01000021.1	99.9989	99.9989	0.9805	0.9867	0.00107	100.157	25	0.9959	13	inf	0.9999	99.9949	99.9999	0.0039	0	AlfI:100.00,AloI:100.00,BcgI:100.00,FalI:100.00	3257	25	3218	534	128.52	ok	99.9989	uniform	99.9997	99.99	99.75	99.9758	1058	1075
GCA_002343245.1__GCA_016713455.1	GCA_002343245.1	GCA_016713455.1	97-100	train	99.43	strict		DDRZ01000289.1	JADJPC010000001.1	99.4925	99.7031	0.8378	0.7102	0.01728	99.0507	241	0.9953	14	0.07	0.9821	99.4168	99.7789	0.0713	0.68	AlfI:99.66,AloI:99.73,BcgI:99.72,FalI:99.70	3485	241	3406	71	13.2199	ok	99.4925	gamma	99.5	99.51	78.09	99.4691	937	965
GCA_002343605.1__GCA_002433875.1	GCA_002343605.1	GCA_002433875.1	97-100	train	99.98	strict		DDRL01000001.1	DJIZ01000006.1	99.9975	99.9975	0.9788	0.9782	0.00244	100.234	9	0.9985	2	inf	0.9998	99.9877	99.9999	0.0053	0	AlfI:100.00,AloI:100.00,BcgI:99.99,FalI:100.00	1342	9	1337	318	148.333	ok	99.9975	uniform	99.9994	99.99	99.2	99.987	382	388
GCA_002343805.1__GCA_016860905.1	GCA_002343805.1	GCA_016860905.1	97-100	train	98.79	strict		DDSK01000145.1	BOKI01000001.1	99.1649	99.2311	0.7312	0.6836	0.02276	98.196	260	0.9993	3	0.973	0.9533	98.9761	99.306	0.103	1.48	AlfI:99.29,AloI:99.28,BcgI:99.19,FalI:99.21	4850	260	5142	104	18.2692	ok	99.1649	gamma	99.0633	98.79	70.68	98.6868	837	1023
GCA_002343835.1__GCA_014584615.1	GCA_002343835.1	GCA_014584615.1	97-100	train	99.82	strict		DDRX01000025.1	JACTMM010000156.1	99.9839	99.9847	0.8518	0.8604	0.00424	99.7045	150	0.9695	85	0.07	0.9991	99.9429	99.9956	0.0258	0.76	AlfI:100.00,AloI:99.97,BcgI:99.97,FalI:99.99	3008	150	2875	78	18.9867	ok	99.9839	gamma	99.969	99.91	95.59	99.8737	970	1104
GCA_002344305.1__GCA_003455755.1	GCA_002344305.1	GCA_003455755.1	97-100	train	99.55	strict		DDTI01000085.1	DMQI01000195.1	99.8863	99.9127	0.5659	0.6222	0.00941	98.5281	299	0.9794	56	0.07	0.9947	99.7662	99.9493	0.0393	0.65	AlfI:99.91,AloI:99.91,BcgI:99.91,FalI:99.95	3445	299	3231	50	9.88629	ok	99.8863	gamma	99.8197	99.06	73.98	98.8084	634	909
GCA_002344635.1__GCA_002345945.1	GCA_002344635.1	GCA_002345945.1	97-100	test	99.98	strict		DDUG01000126.1	DDRV01000008.1	99.9881	99.9881	0.9263	0.9105	0.00247	99.7516	135	0.9994	4	inf	0.9993	99.9533	99.9968	0.0162	0.08	AlfI:99.98,AloI:99.99,BcgI:99.99,FalI:100.00	6410	135	6323	171	46.6148	ok	99.9881	uniform	99.9698	99.92	92.68	99.8965	965	1000
GCA_002344645.1__GCA_003501905.1	GCA_002344645.1	GCA_003501905.1	97-100	test	99.95	strict		DDUF01000075.1	DNOP01000389.1	99.9804	99.9804	0.6363	0.7519	0.00363	99.1173	410	0.9306	327	inf	0.9988	99.925	99.9941	0.013	0.62	AlfI:99.98,AloI:99.99,BcgI:99.98,FalI:99.98	5041	410	4824	51	11.6902	ok	99.9804	uniform	99.9492	99.87	87.9	99.1835	662	1102
GCA_002344645.1__GCA_016789285.1	GCA_002344645.1	GCA_016789285.1	97-100	test	99.45	strict		DDUF01000075.1	JAEUQJ010000209.1	99.4953	99.535	0.8139	0.8431	0.01646	99.0504	250	0.9691	169	0.46	0.9718	99.4904	99.5468	0.0861	0.53	AlfI:99.55,AloI:99.58,BcgI:99.53,FalI:99.49	5688	250	5731	168	22.228	ok	99.4953	gamma	99.5508	99.27	91.71	99.159	872	1102
GCA_002344735.1__GCA_002433925.1	GCA_002344735.1	GCA_002433925.1	97-100	train	99.99	strict		DDUI01000013.1	DJJB01000004.1	99.9999	99.9999	0.9627	0.8968	0.51493	99.0966	19	0.9943	7	inf	1	99.9999	99.9999	0	0	AlfI:100.00,AloI:100.00,BcgI:100.00,FalI:100.00	1234	19	1232	211	64.7895	ok	99.9999	uniform	100	99.96	91.16	99.9461	260	266
GCA_002345435.1__GCA_002383725.1	GCA_002345435.1	GCA_002383725.1	97-100	train	99.38	strict		DDVV01000028.1	DGAI01000060.1	99.566	99.5792	0.9081	0.8611	0.01213	99.0541	213	0.9894	96	1.107	0.9745	99.5142	99.596	0.0987	0.75	AlfI:99.58,AloI:99.62,BcgI:99.58,FalI:99.53	9220	213	9423	342	42.9155	ok	99.566	gamma	99.5605	99.12	87.31	99.2149	1486	1628
GCA_002347465.1__GCA_002381895.1	GCA_002347465.1	GCA_002381895.1	97-100	train	99.47	strict		DDXH01000181.1	DFYQ01000026.1	99.6965	99.782	0.7933	0.7637	0.01201	99.0564	234	0.9915	40	0.07	0.9867	99.6596	99.8133	0.0945	1.73	AlfI:99.76,AloI:99.82,BcgI:99.80,FalI:99.73	5004	234	5014	123	20.8376	ok	99.6965	gamma	99.7122	99.41	81.46	99.3653	840	978
GCA_002349035.1__GCA_902791655.1	GCA_002349035.1	GCA_902791655.1	97-100	train	98.19	strict		DECB01000069.1	CADAWU010000001.1	99.0145	99.1033	0.8228	0.6327	0.02706	98.0483	116	0.9892	42	0.892	0.9455	98.9225	99.1587	0.0985	0.72	AlfI:99.14,AloI:99.08,BcgI:99.07,FalI:99.17	4047	116	4253	156	34.1983	ok	99.0145	gamma	99.0203	98.47	65.62	98.3174	719	833
GCA_002349035.1__GCA_902799165.1	GCA_002349035.1	GCA_902799165.1	97-100	train	99.73	strict		DECB01000069.1	CADBZM010000001.1	99.9803	99.9808	0.9013	0.7022	0.00369	99.2124	84	0.9973	12	0.07	0.9988	99.971	99.9832	0.0254	0.71	AlfI:99.99,AloI:99.96,BcgI:99.98,FalI:99.98	4582	84	4555	209	54.0714	ok	99.9803	gamma	99.9856	99.84	72.61	99.8462	773	833
GCA_002349445.1__GCA_002472185.1	GCA_002349445.1	GCA_002472185.1	97-100	train	98.41	strict		DEDC01000029.1	DKRK01000047.1	99.5767	99.6278	0.7956	0.7549	0.02231	98.9153	121	0.9941	14	0.312	0.9773	99.4663	99.6718	0.1502	1.1	AlfI:99.56,AloI:99.71,BcgI:99.63,FalI:99.61	2537	121	2584	111	20.4132	ok	99.5767	gamma	99.5571	99.13	81.49	99.0806	547	637
GCA_002349805.1__GCA_004563465.1	GCA_002349805.1	GCA_004563465.1	97-100	train	98.6	strict		DEEE01000030.1	SFSR01000001.1	99.007	99.1612	0.4112	0.4888	0.04567	97.009	134	0.9323	85	0.487	0.9492	98.9059	99.2388	0.1635	0.61	AlfI:99.17,AloI:99.16,BcgI:99.22,FalI:99.06	1697	134	1424	37	9.73881	ok	99.007	gamma	99.075	98.22	77.19	97.9573	443	829
GCA_002351105.1__GCA_902794375.1	GCA_002351105.1	GCA_902794375.1	97-100	test	98.19	strict		DEGD01000173.1	CADBHF010000001.1	98.8548	99.1387	0.6599	0.7016	0.03876	98.0394	158	0.9894	18	0.335	0.9479	98.6713	99.2892	0.1051	0.55	AlfI:99.09,AloI:99.13,BcgI:99.09,FalI:99.20	2058	158	2129	55	11.6646	ok	98.8548	gamma	98.8224	98.7	82.95	98.2233	594	758
GCA_002351805.1__GCA_902780715.1	GCA_002351805.1	GCA_902780715.1	97-100	test	98.63	strict		DEHH01000020.1	CACZGF010000001.1	98.9497	99.2883	0.9682	0.487	0.0413	98.1932	24	0.9993	1	0.214	0.9564	98.7915	99.4438	0.137	0.42	AlfI:99.27,AloI:99.19,BcgI:99.32,FalI:99.32	1425	24	1540	170	59.1667	ok	98.9497	gamma	98.9614	99.01	49.63	98.9247	495	501
GCA_002352025.1__GCA_002360485.1	GCA_002352025.1	GCA_002360485.1	97-100	test	98.83	strict		DEHR01000125.1	DEQP01000004.1	99.6345	99.7184	0.5331	0.5239	0.02298	97.9521	178	0.9584	63	0.111	0.983	99.583	99.7542	0.2637	4.06	AlfI:99.63,AloI:99.90,BcgI:99.72,FalI:99.76	2076	178	1830	36	9.15169	ok	99.6345	gamma	99.678	99.05	75.8	98.6842	628	872
GCA_002352275.1__GCA_003455755.1	GCA_002352275.1	GCA_003455755.1	97-100	train	99.3	strict		DEIE01000276.1	DMQI01000195.1	99.8887	99.9191	0.5895	0.6401	0.00905	98.6124	287	0.9801	54	0.07	0.9951	99.7266	99.9672	0.0598	1.91	AlfI:99.95,AloI:99.90,BcgI:99.91,FalI:99.89	3398	287	3246	31	10.2439	ok	99.8887	gamma	99.7846	99.31	70.48	98.8455	632	873
GCA_002353445.1__GCA_017940645.1	GCA_002353445.1	GCA_017940645.1	97-100	train	97.63	strict		DEJR01000037.1	JAGAYE010000060.1	97.6729	98.7789	0.5689	0.7029	0.04421	97.2148	73	0.9831	35	0.221	0.925	97.7247	99.1858	0.1872	1.23	AlfI:98.75,AloI:98.89,BcgI:98.71,FalI:98.89	2196	73	2470	126	28.8356	ok	97.6729	gamma	97.8899	98.04	71.06	97.2457	646	1028
GCA_002358415.1__GCA_013316575.1	GCA_002358415.1	GCA_013316575.1	97-100	train	99.88	low-AF		DEOV01000101.1	WSMO01000077.1	99.9634	99.9634	0.4841	0.7473	0.00763	98.5909	138	0.9763	45	inf	0.9978	99.8617	99.9881	0.1886	1.62	AlfI:99.96,AloI:99.79,BcgI:99.97,FalI:99.97	2144	138	2037	82	14.4565	ok	99.9634	uniform	99.9119	99.79	85.83	98.7727	269	558
GCA_002359295.1__GCA_002419625.1	GCA_002359295.1	GCA_002419625.1	97-100	test	98.56	strict		DEMR01000012.1	DIGM01000007.1	98.4866	99.0119	0.9004	0.9237	0.0357	98.7987	57	0.9848	41	0.259	0.9395	98.3469	99.246	0.2071	1.71	AlfI:99.08,AloI:98.87,BcgI:98.93,FalI:99.08	2761	57	3027	250	47.5439	ok	98.4866	gamma	98.4852	98.42	89	98.3366	980	1078
GCA_002360485.1__GCA_003522815.1	GCA_002360485.1	GCA_003522815.1	97-100	test	99.46	strict		DEQP01000004.1	DPHZ01000366.1	99.6937	99.7198	0.3392	0.4652	0.02645	97.3753	160	0.9661	33	0.2	0.9831	99.7444	99.7133	0.2022	1.66	AlfI:99.70,AloI:99.60,BcgI:99.80,FalI:99.69	1622	160	1361	20	6.88125	ok	99.6937	gamma	99.8285	99.3	82.51	98.3342	444	833
GCA_002360855.1__GCA_002707865.1	GCA_002360855.1	GCA_002707865.1	97-100	train	99.87	strict		DERJ01000001.1	PAOA01000018.1	99.8806	99.8806	0.9579	0.6367	0.01205	99.0992	6	0.9996	1	inf	0.9928	99.9336	99.8672	0.1048	3.15	AlfI:99.86,AloI:99.82,BcgI:99.85,FalI:99.93	2751	6	2753	1071	456.833	ok	99.8806	uniform	99.9628	99.87	63.97	99.8282	577	599
GCA_002361075.1__GCA_017385005.1	GCA_002361075.1	GCA_017385005.1	97-100	test	99.5	strict		DERT01000097.1	JAFNSS010000047.1	99.9236	99.9324	0.8304	0.7912	0.00859	99.4067	152	0.9877	35	0.07	0.9959	99.8796	99.9455	0.0446	0.59	AlfI:99.94,AloI:99.95,BcgI:99.93,FalI:99.90	3017	152	3003	89	19.5395	ok	99.9236	gamma	99.9184	99.6	84.54	99.4384	473	540
GCA_002361395.1__GCA_017519245.1	GCA_002361395.1	GCA_017519245.1	97-100	train	97.2	strict		DESU01000117.1	JAFWSU010000141.1	97.6349	98.1256	0.8201	0.5873	0.05049	97.0063	152	0.9821	41	0.831	0.8821	97.404	98.4774	0.4675	1.75	AlfI:98.20,AloI:98.48,BcgI:98.07,FalI:98.02	2528	152	2934	82	15.8355	ok	97.6349	gamma	97.5593	97.41	63.02	97.2699	452	518
GCA_002362375.1__GCF_002700155.1	GCA_002362375.1	GCF_002700155.1	97-100	train	97.83	strict		DERI01000008.1	NZ_PDUT01000001.1	97.9387	98.2583	0.8463	0.8396	0.04931	97.747	36	0.9947	13	0.973	0.8922	97.7645	98.4804	0.077	0.09	AlfI:98.22,AloI:98.27,BcgI:98.29,FalI:98.26	2526	36	2896	276	68.8889	ok	97.9387	gamma	97.9197	97.82	82.54	97.4852	1276	1465
GCA_002362615.1__GCA_002492815.1	GCA_002362615.1	GCA_002492815.1	97-100	train	99.99	strict		DEUN01000013.1	DLAM01000061.1	99.9959	99.9959	0.9531	0.8308	0.00201	99.7462	68	0.9981	6	inf	0.9997	99.9898	99.9974	0.0091	0.15	AlfI:100.00,AloI:99.99,BcgI:100.00,FalI:99.99	3200	68	3186	239	46.8235	ok	99.9959	uniform	99.9982	99.99	85.97	99.963	630	650
GCA_002362815.1__GCA_002363355.1	GCA_002362815.1	GCA_002363355.1	97-100	train	99.83	strict		DEVH01000150.1	DEVD01000046.1	99.9818	99.9829	0.8586	0.8821	0.00372	99.7345	191	0.9895	40	0.07	0.999	99.9309	99.9959	0.029	0.87	AlfI:99.99,AloI:99.99,BcgI:99.99,FalI:99.96	4044	191	4024	103	20.7644	ok	99.9818	gamma	99.956	99.91	95.53	99.8604	770	864
GCA_002362815.1__GCF_004421065.1	GCA_002362815.1	GCF_004421065.1	97-100	train	97.38	strict		DEVH01000150.1	NZ_CP038027.1	97.9535	98.3611	0.8343	0.781	0.04053	97.7098	152	0.9968	10	0.739	0.897	97.783	98.6144	0.2728	2.6	AlfI:98.56,AloI:98.42,BcgI:98.29,FalI:98.31	3355	152	3845	120	21.2105	ok	97.9535	gamma	97.9132	97.55	79.68	97.3925	790	864
GCA_002362895.1__GCA_002363375.1	GCA_002362895.1	GCA_002363375.1	97-100	train	98.57	strict		DEVK01000016.1	DEVM01000013.1	98.909	99.0222	0.9477	0.9324	0.02099	98.6763	47	0.9963	26	0.945	0.9401	98.7172	99.1192	0.2382	3.77	AlfI:99.02,AloI:99.16,BcgI:98.98,FalI:99.22	7280	47	7755	652	151.681	ok	98.909	gamma	98.7944	98.65	90.16	98.4976	1125	1174
GCA_002363355.1__GCF_004421065.1	GCA_002363355.1	GCF_004421065.1	97-100	train	97.42	strict		DEVD01000046.1	NZ_CP038027.1	97.9582	98.3552	0.8536	0.7792	0.04071	97.7562	159	0.9971	9	0.761	0.8966	97.7863	98.6052	0.3163	3.61	AlfI:98.58,AloI:98.46,BcgI:98.26,FalI:98.30	3344	159	3824	151	20.2956	ok	97.9582	gamma	97.9168	97.67	79.13	97.4496	783	839
GCA_002363785.1__GCA_002388535.1	GCA_002363785.1	GCA_002388535.1	97-100	train	99.99	strict		DEWU01000009.1	DGMT01000002.1	99.9989	99.9989	0.9789	0.9749	0.00107	100.124	25	0.9987	4	inf	0.9999	99.9999	99.9986	0.004	0	AlfI:100.00,AloI:100.00,BcgI:100.00,FalI:100.00	3250	25	3213	746	128.52	ok	99.9989	uniform	100	99.99	98.94	99.9757	1058	1069
GCA_002365295.1__GCA_003519345.1	GCA_002365295.1	GCA_003519345.1	97-100	train	99.7	strict		DEZS01000013.1	DOWX01000036.1	99.8284	99.8445	0.5758	0.5883	0.02791	98.2666	75	0.9799	10	0.141	0.9907	99.8025	99.8553	0.0679	0.44	AlfI:99.82,AloI:99.82,BcgI:99.83,FalI:99.89	727	75	674	24	7.49333	ok	99.8284	gamma	99.9016	99.57	83.6	99.162	191	254
GCA_002365435.1__GCA_002384095.1	GCA_002365435.1	GCA_002384095.1	97-100	train	99.87	strict		DFAB01000026.1	DGAV01000006.1	99.8483	99.8483	0.7459	0.8259	0.02397	99.2186	47	0.9859	12	inf	0.9908	99.7106	99.885	0.0474	0.17	AlfI:99.87,AloI:99.83,BcgI:99.83,FalI:99.85	943	47	915	107	18.8511	ok	99.8483	uniform	99.8182	99.57	92.53	99.506	306	370
GCA_002367435.1__GCA_009922895.1	GCA_002367435.1	GCA_009922895.1	97-100	train	98.74	strict		DFCE01000004.1	RFUQ01000001.1	99.7299	99.7686	0.6609	0.5491	0.02175	98.2869	118	0.9756	35	0.133	0.9858	99.7121	99.7834	0.1389	1.42	AlfI:99.85,AloI:99.71,BcgI:99.76,FalI:99.77	1728	118	1639	88	12.8729	ok	99.7299	gamma	99.7937	99.26	66.78	99.1504	356	483
GCA_002371185.1__GCA_002373495.1	GCA_002371185.1	GCA_002373495.1	97-100	test	99.98	strict		DFGH01000151.1	DFKK01000046.1	99.9949	99.9949	0.6476	0.7736	0.00358	99.0663	105	0.9927	9	inf	0.9997	99.9762	99.9999	0.0121	0.12	AlfI:100.00,AloI:100.00,BcgI:99.99,FalI:100.00	1404	105	1376	79	12.7048	ok	99.9949	uniform	99.9958	99.83	87.75	99.8671	348	482
GCA_002371185.1__GCA_002392595.1	GCA_002371185.1	GCA_002392595.1	97-100	test	99.98	strict		DFGH01000151.1	DGHI01000017.1	99.9942	99.9942	0.8575	0.7733	0.00332	99.5358	123	1	0	inf	0.9996	99.973	99.9999	0.0181	0.42	AlfI:100.00,AloI:100.00,BcgI:99.98,FalI:100.00	1835	123	1822	92	14.5122	ok	99.9942	uniform	99.9926	99.97	84.29	99.9751	464	482
GCA_002371595.1__GCA_002395765.1	GCA_002371595.1	GCA_002395765.1	97-100	train	97.47	strict		DFJH01000006.1	DGUO01000054.1	98.0477	98.6281	0.7245	0.8071	0.05321	97.7905	59	0.9753	42	0.416	0.916	97.8628	98.9392	0.2828	1.02	AlfI:98.41,AloI:98.51,BcgI:98.62,FalI:98.69	1767	59	1989	133	29.0847	ok	98.0477	gamma	98.0493	97.86	83.67	97.6575	635	824
GCA_002372155.1__GCF_000621945.1	GCA_002372155.1	GCF_000621945.1	97-100	test	97.71	strict		DFIQ01000096.1	NZ_KK211372.1	97.7878	98.1996	0.7595	0.5224	0.07586	96.856	106	0.9961	3	0.831	0.889	97.5928	98.487	0.9844	3.6	AlfI:97.74,AloI:98.72,BcgI:97.96,FalI:98.29	1267	106	1315	20	8.30189	ok	97.7878	gamma	97.8307	97.78	60.69	97.8896	444	464
GCA_002373125.1__GCA_002395205.1	GCA_002373125.1	GCA_002395205.1	97-100	test	98.95	strict		DFJN01000174.1	DGWG01000017.1	99.1413	99.2684	0.6513	0.4876	0.04114	97.599	114	0.9992	1	0.473	0.9552	99.0279	99.3396	0.3335	1.72	AlfI:99.37,AloI:99.04,BcgI:99.26,FalI:99.34	1443	114	1505	34	11.6754	ok	99.1413	gamma	99.1834	98.8	52.34	98.785	304	415
GCA_002373495.1__GCA_002392595.1	GCA_002373495.1	GCA_002392595.1	97-100	test	99.98	strict		DFKK01000046.1	DGHI01000017.1	99.9999	99.9999	0.9352	0.7072	0.47566	98.6526	61	0.9993	1	inf	1	99.9999	99.9999	0	0	AlfI:100.00,AloI:100.00,BcgI:100.00,FalI:100.00	1568	61	1552	110	25.2951	ok	99.9999	uniform	100	99.93	74.38	99.9736	433	440
GCA_002377845.1__GCF_004794385.1	GCA_002377845.1	GCF_004794385.1	97-100	train	98.08	strict		DFQP01000088.1	NZ_SSDP01000001.1	98.6747	98.8136	0.8659	0.8848	0.02256	98.239	155	0.9947	39	1.075	0.9269	98.5115	98.9178	0.3855	4.31	AlfI:98.84,AloI:98.78,BcgI:98.79,FalI:99.16	7540	155	8255	363	48.2387	ok	98.6747	gamma	98.5901	98.05	86.83	97.9389	1065	1195
GCA_002377925.1__GCA_900299445.1	GCA_002377925.1	GCA_900299445.1	97-100	train	99.99	strict		DFQU01000053.1	OMJX01000001.1	99.9963	99.9963	0.9251	0.907	0.00255	99.9869	89	0.9932	12	inf	0.9998	99.9913	99.9977	0.007	0	AlfI:100.00,AloI:100.00,BcgI:100.00,FalI:99.99	1905	89	1896	86	20.6517	ok	99.9963	uniform	99.9996	99.99	97.32	99.9782	1009	1020
GCA_002378245.1__GCA_002473045.1	GCA_002378245.1	GCA_002473045.1	97-100	test	99.99	strict		DFRL01000033.1	DKTM01000028.1	99.9965	99.9965	0.9649	0.9774	0.00132	99.9159	66	0.9956	29	0.07	0.9998	99.9975	99.9962	0.0047	0.02	AlfI:100.00,AloI:100.00,BcgI:100.00,FalI:100.00	6633	66	6584	759	99.3939	ok	99.9965	gamma	99.9999	99.91	98.74	99.959	1564	1617
GCA_002379435.1__GCA_002384965.1	GCA_002379435.1	GCA_002384965.1	97-100	test	99.73	strict		DFTO01000013.1	DGCE01000031.1	99.9686	99.971	0.844	0.9263	0.00351	99.5121	150	0.9973	20	0.07	0.9982	99.9171	99.9841	0.0132	0.39	AlfI:99.97,AloI:99.96,BcgI:99.97,FalI:99.97	7564	150	7556	336	49.9933	ok	99.9686	gamma	99.9379	99.86	95.11	99.8498	1117	1290
GCA_002379505.1__GCA_002711945.1	GCA_002379505.1	GCA_002711945.1	97-100	train	97.15	strict		DFTZ01000060.1	PASK01000001.1	97.3838	97.9804	0.7765	0.6933	0.05257	97.038	179	0.989	24	0.783	0.8728	97.1813	98.3939	0.3216	0.73	AlfI:97.94,AloI:98.24,BcgI:98.02,FalI:97.92	2538	179	3016	52	13.0559	ok	97.3838	gamma	97.3393	96.93	72.46	96.9717	810	944
GCA_002380515.1__GCA_002453005.1	GCA_002380515.1	GCA_002453005.1	97-100	test	99.97	strict		DFVI01000032.1	DKFZ01000026.1	99.9968	99.9968	0.9402	0.8695	0.0016	99.7326	53	0.9944	23	inf	0.9998	99.996	99.9969	0.0139	0.29	AlfI:100.00,AloI:99.99,BcgI:100.00,FalI:100.00	4186	53	4164	290	78.283	ok	99.9968	uniform	99.9998	99.98	88.59	99.8829	1314	1372
GCA_002380835.1__GCF_001534765.1	GCA_002380835.1	GCF_001534765.1	97-100	test	97.46	strict		DFWJ01000037.1	NZ_CP013217.1	97.7632	98.2509	0.7596	0.69	0.06162	97.3013	128	1	0	0.718	0.8914	97.5596	98.5749	0.4202	1.12	AlfI:98.23,AloI:98.56,BcgI:98.14,FalI:98.31	1648	128	1881	46	10.7188	ok	97.7632	gamma	97.7549	97.66	70.78	97.473	670	719
GCA_002380835.1__GCF_003660425.1	GCA_002380835.1	GCF_003660425.1	97-100	test	97.35	strict		DFWJ01000037.1	NZ_QZNE01000001.1	97.6468	98.1507	0.7567	0.686	0.0639	97.1769	125	0.9992	1	0.761	0.8847	97.4573	98.4904	0.3148	0.59	AlfI:98.13,AloI:98.38,BcgI:98.06,FalI:98.20	1615	125	1865	45	10.568	ok	97.6468	gamma	97.6555	97.41	71.07	97.2961	673	719
GCA_002380895.1__GCA_002454595.1	GCA_002380895.1	GCA_002454595.1	97-100	train	97.1	strict		DFWL01000025.1	DKJG01000018.1	97.3585	97.7642	0.9331	0.9298	0.03888	97.4161	59	0.9937	30	1.26	0.8558	97.1857	98.0959	0.2731	1.72	AlfI:97.82,AloI:97.82,BcgI:97.68,FalI:97.95	4829	59	5896	293	81.1017	ok	97.3585	gamma	97.2959	97.11	89.52	97.1598	1313	1416
GCA_002382185.1__GCA_002422585.1	GCA_002382185.1	GCA_002422585.1	97-100	test	99.71	strict		DFZS01000073.1	DIWK01000030.1	99.8513	99.8862	0.898	0.8086	0.01051	99.4644	100	0.9975	8	0.07	0.9931	99.7567	99.9187	0.0665	0.7	AlfI:99.90,AloI:99.83,BcgI:99.89,FalI:99.89	3348	100	3383	130	32.99	ok	99.8513	gamma	99.8102	99.75	82.78	99.6964	662	709
GCA_002383505.1__GCA_002419535.1	GCA_002383505.1	GCA_002419535.1	97-100	test	99.95	strict		DFZR01000007.1	DIGH01000032.1	99.9999	99.9999	0.9773	0.9626	0.30654	99.5327	35	0.9991	3	inf	1	99.9999	99.9999	0	0	AlfI:100.00,AloI:100.00,BcgI:100.00,FalI:100.00	3623	35	3575	264	101.657	ok	99.9999	uniform	100	99.99	98	99.9896	839	847
GCA_002384255.1__GCF_004353485.1	GCA_002384255.1	GCF_004353485.1	97-100	train	97.59	strict		DGBJ01000027.1	NZ_SKCF01000100.1	98.1205	98.6457	0.8725	0.7902	0.03489	98.0056	103	0.9946	19	0.473	0.9161	97.8881	98.9395	0.4262	4.04	AlfI:98.71,AloI:98.43,BcgI:98.70,FalI:98.28	3681	103	4203	133	35.1748	ok	98.1205	gamma	98.0105	98.02	80.73	97.8306	880	963
GCA_002384615.1__GCA_002388765.1	GCA_002384615.1	GCA_002388765.1	97-100	test	99.93	strict		DGCM01000141.1	DGND01000016.1	99.9769	99.9781	0.953	0.871	0.00364	99.7695	139	0.9998	1	0.07	0.9987	99.9406	99.9872	0.0109	0.74	AlfI:99.98,AloI:99.98,BcgI:99.97,FalI:99.98	5293	139	5286	137	37.8201	ok	99.9769	gamma	99.9611	99.95	89.87	99.8959	998	1019
GCA_002385395.1__GCA_012728345.1	GCA_002385395.1	GCA_012728345.1	97-100	train	99.66	strict		DGDK01000112.1	JAAYFH010000076.1	99.8212	99.8668	0.8178	0.7571	0.01332	99.2731	167	0.9928	16	0.07	0.9919	99.7276	99.9018	0.0406	0.32	AlfI:99.85,AloI:99.89,BcgI:99.88,FalI:99.86	2522	167	2490	71	14.2395	ok	99.8212	gamma	99.7934	99.71	86.31	99.6346	591	638
GCA_002386485.1__GCA_002437745.1	GCA_002386485.1	GCA_002437745.1	97-100	test	99.09	strict		DGIL01000006.1	DJRA01000001.1	99.5217	99.6241	0.7135	0.8013	0.03834	98.8471	50	0.9491	41	0.178	0.9773	99.4137	99.6781	0.5	6.22	AlfI:99.57,AloI:99.93,BcgI:99.65,FalI:99.43	865	50	846	82	16.28	ok	99.5217	gamma	99.5756	99.13	94.28	98.9637	237	308
GCA_002386485.1__GCA_002451575.1	GCA_002386485.1	GCA_002451575.1	97-100	test	99.86	strict		DGIL01000006.1	DKCW01000007.1	99.9392	99.9478	0.9856	0.9894	0.01265	100.239	13	0.9961	4	0.07	0.9968	99.8584	99.9695	0.0616	0.1	AlfI:99.95,AloI:100.00,BcgI:99.94,FalI:99.96	1062	13	1051	206	80.0769	ok	99.9392	gamma	99.9261	99.93	99.99	99.9324	304	308
GCA_002387615.1__GCA_009886705.1	GCA_002387615.1	GCA_009886705.1	97-100	test	99.37	strict		DGJX01000001.1	QXYV01000001.1	99.7408	99.7813	0.7621	0.7317	0.01987	99.0036	141	0.9885	19	0.121	0.9867	99.7184	99.7977	0.0833	0.61	AlfI:99.80,AloI:99.84,BcgI:99.76,FalI:99.78	1899	141	1875	45	12.5745	ok	99.7408	gamma	99.7947	99.58	83.81	99.3194	419	481
GCA_002387705.1__GCA_018607345.1	GCA_002387705.1	GCA_018607345.1	97-100	test	99.63	strict		DGKE01000150.1	JABBBQ010000063.1	99.8907	99.9064	0.8218	0.6422	0.00965	99.0622	233	0.9945	16	0.07	0.9944	99.8519	99.9196	0.0426	0.37	AlfI:99.92,AloI:99.88,BcgI:99.90,FalI:99.91	3270	233	3262	59	13.5107	ok	99.8907	gamma	99.894	99.76	71.95	99.7098	551	607
GCA_002388965.1__GCF_006740765.1	GCA_002388965.1	GCF_006740765.1	97-100	train	99.99	strict		DGNN01000018.1	NZ_CP041159.1	99.9987	99.9987	0.9742	0.9208	0.00073	99.7005	43	0.9987	10	inf	0.9999	99.9957	99.9995	0.0022	0.19	AlfI:100.00,AloI:100.00,BcgI:100.00,FalI:100.00	7618	43	7581	897	176.698	ok	99.9987	uniform	99.9992	99.98	92.67	99.992	1333	1363
GCA_002389565.1__GCA_018609025.1	GCA_002389565.1	GCA_018609025.1	97-100	test	99.71	strict		DGPG01000003.1	JABAYL010000003.1	99.7648	99.8282	0.8821	0.9018	0.01301	99.5726	80	0.9952	16	0.07	0.9896	99.6943	99.8633	0.0666	0.62	AlfI:99.81,AloI:99.77,BcgI:99.84,FalI:99.83	3393	80	3450	203	42.2375	ok	99.7648	gamma	99.754	99.7	92.47	99.692	934	1016
GCA_002390335.1__GCA_018609025.1	GCA_002390335.1	GCA_018609025.1	97-100	test	99.5	verylow-AF		DGPH01000051.1	JABAYL010000003.1	99.9069	99.9069	0.0197	0.018	0.06584	95.4882	3	1	0	inf	0.9943	99.7753	99.9413	0.1602	0.02	AlfI:100.00,AloI:100.00,BcgI:99.89,FalI:99.84	80	3	73	42	23	ok	99.9069	uniform	99.9885			82.7756	65	926
GCA_002391355.1__GCA_012840645.1	GCA_002391355.1	GCA_012840645.1	97-100	test	99.93	strict		DGEW01000039.1	DURZ01000034.1	99.9999	99.9999	0.5444	0.595	0.67598	97.1927	73	0.9855	8	inf	1	99.9999	99.9999	0	0	AlfI:100.00,AloI:100.00,BcgI:100.00,FalI:100.00	845	73	742	42	8.42466	ok	99.9999	uniform	100	99.88	94.19	99.8031	511	636
GCA_002391805.1__GCA_003488365.1	GCA_002391805.1	GCA_003488365.1	97-100	test	98.34	strict		DGFS01000012.1	DNMC01000408.1	98.7489	98.8582	0.5736	0.7407	0.02948	97.8131	375	0.9149	359	1.14	0.9301	98.6694	98.921	0.1927	0.98	AlfI:98.91,AloI:98.97,BcgI:98.83,FalI:98.78	4541	375	4609	48	11.288	ok	98.7489	gamma	98.7709	98.15	88.62	97.6129	844	1443
GCA_002392135.1__GCF_000239915.1	GCA_002392135.1	GCF_000239915.1	97-100	train	99.35	strict		DGGJ01000087.1	NZ_CAGF01000083.1	99.3956	99.4319	0.7837	0.692	0.03792	98.5823	91	0.994	7	0.761	0.9658	99.3514	99.4541	0.1758	1.01	AlfI:99.34,AloI:99.39,BcgI:99.45,FalI:99.51	1341	91	1356	44	13.7363	ok	99.3956	gamma	99.4881	99.31	79.1	99.0418	476	522
GCA_002393085.1__GCA_017940505.1	GCA_002393085.1	GCA_017940505.1	97-100	train	97.87	strict		DGIH01000078.1	JAGAYM010000026.1	98.3058	98.5702	0.6939	0.5744	0.05037	97.2357	156	0.9923	12	0.831	0.9116	98.1401	98.738	0.2838	1.46	AlfI:98.76,AloI:98.50,BcgI:98.55,FalI:98.47	1990	156	2129	47	10.8526	ok	98.3058	gamma	98.308	97.82	70.04	97.856	520	594
GCA_002393085.1__GCA_902789255.1	GCA_002393085.1	GCA_902789255.1	97-100	train	98.01	strict		DGIH01000078.1	CADANU010000001.1	98.3727	98.6339	0.4175	0.4762	0.06055	96.4262	122	0.9628	34	0.783	0.9157	98.2045	98.7946	0.8086	4.51	AlfI:98.85,AloI:98.04,BcgI:98.75,FalI:98.36	1471	122	1394	30	8.20492	ok	98.3727	gamma	98.4092	97.97	74.73	97.0846	340	594
GCA_002394115.1__GCA_002394445.1	GCA_002394115.1	GCA_002394445.1	97-100	train	98.36	strict		DGSX01000041.1	DGTX01000148.1	98.6829	98.9534	0.6346	0.7603	0.04252	97.9333	141	0.9705	53	0.473	0.9362	98.5265	99.0948	0.4338	1.6	AlfI:99.06,AloI:98.62,BcgI:98.94,FalI:98.89	1998	141	2097	106	13.3475	ok	98.6829	gamma	98.6829	98.21	86.08	97.8805	388	553
GCA_002396275.1__GCA_003477385.1	GCA_002396275.1	GCA_003477385.1	97-100	test	97.97	strict		DGXK01000004.1	DMTD01000109.1	98.8874	99.073	0.4145	0.3438	0.06616	96.4895	81	0.9529	25	0.473	0.9438	98.8166	99.1591	0.3365	1.37	AlfI:99.27,AloI:99.33,BcgI:98.99,FalI:99.01	885	81	805	20	7.24691	ok	98.8874	gamma	99.0498	97.53	53.24	97.15	236	397
GCA_002396305.1__GCA_902770955.1	GCA_002396305.1	GCA_902770955.1	97-100	train	98.4	strict		DGVA01000036.1	CACXVC010000001.1	99.1118	99.194	0.7212	0.7151	0.02761	98.2066	148	0.9681	110	0.807	0.951	98.9965	99.2536	0.1856	1.15	AlfI:99.17,AloI:99.35,BcgI:99.18,FalI:99.20	3776	148	3705	89	23.5878	ok	99.1118	gamma	99.0984	98.63	74.22	98.2507	666	921
GCA_002396855.1__GCA_002400165.1	GCA_002396855.1	GCA_002400165.1	97-100	test	99.46	strict		DGZA01000027.1	DHFA01000041.1	99.5307	99.6236	0.6186	0.7997	0.02614	98.6522	112	0.9587	73	0.146	0.9772	99.5308	99.6482	0.0646	0.23	AlfI:99.64,AloI:99.67,BcgI:99.61,FalI:99.61	1887	112	1865	60	16.125	ok	99.5307	gamma	99.6305	99.36	88.48	98.925	461	701
GCA_002396905.1__GCA_002397125.1	GCA_002396905.1	GCA_002397125.1	97-100	train	99.87	strict		DGZB01000008.1	DGZO01000088.1	99.8999	99.9215	0.7887	0.7845	0.0103	99.3168	151	0.982	41	0.07	0.9952	99.7843	99.9574	0.0902	3.42	AlfI:99.90,AloI:99.97,BcgI:99.94,FalI:99.88	2547	151	2487	69	15.7748	ok	99.8999	gamma	99.842	99.48	89.06	99.5527	670	760
GCA_002396905.1__GCA_002427175.1	GCA_002396905.1	GCA_002427175.1	97-100	train	99.82	strict		DGZB01000008.1	DIQD01000071.1	99.8024	99.866	0.7564	0.7151	0.01375	99.0228	162	0.9732	58	0.07	0.9917	99.6612	99.92	0.079	1.27	AlfI:99.88,AloI:99.91,BcgI:99.85,FalI:99.83	2466	162	2402	74	13.9938	ok	99.8024	gamma	99.7356	99.48	81.88	99.4815	634	760
GCA_002397945.1__GCA_012515675.1	GCA_002397945.1	GCA_012515675.1	97-100	train	98.52	strict		DHBR01000043.1	JAAYXW010000040.1	98.8304	99.0927	0.6268	0.5865	0.0489	97.6143	111	0.9746	28	0.355	0.9444	98.7435	99.2049	0.2402	1.38	AlfI:99.17,AloI:99.05,BcgI:99.17,FalI:98.93	1431	111	1379	36	10.6937	ok	98.8304	gamma	98.9251	98.21	76.89	98.0561	308	402
GCA_002397945.1__GCA_019137035.1	GCA_002397945.1	GCA_019137035.1	97-100	train	98.31	strict		DHBR01000043.1	JAGVTB010000041.1	98.7335	99.1019	0.6216	0.6037	0.04914	97.6391	115	0.9681	34	0.251	0.945	98.6921	99.2347	0.0684	0.09	AlfI:99.14,AloI:99.12,BcgI:99.08,FalI:99.11	1369	115	1359	38	9.97391	ok	98.7335	gamma	98.8778	98.15	77.58	97.9292	300	402
GCA_002398185.1__GCA_002424445.1	GCA_002398185.1	GCA_002424445.1	97-100	test	99.54	strict		DHCL01000156.1	DIRX01000013.1	99.7035	99.8072	0.508	0.5501	0.02319	97.9886	111	0.9856	12	0.07	0.9883	99.5852	99.8661	0.1649	2.81	AlfI:99.70,AloI:99.72,BcgI:99.86,FalI:99.86	1385	111	1232	25	8.37838	ok	99.7035	gamma	99.6989	99.01	74.54	98.9098	515	702
GCA_002398265.1__GCA_002424085.1	GCA_002398265.1	GCA_002424085.1	97-100	train	99.02	strict		DHCQ01000074.1	DIPQ01000030.1	99.1603	99.5848	0.7474	0.8642	0.026	98.9452	72	0.9915	17	0.07	0.9748	99.1554	99.7058	0.0984	0.33	AlfI:99.58,AloI:99.51,BcgI:99.59,FalI:99.61	2100	72	2178	108	28.4722	ok	99.1603	gamma	99.2783	98.86	88.04	98.8301	609	766
GCA_002398805.1__GCA_002427175.1	GCA_002398805.1	GCA_002427175.1	97-100	train	99.64	strict		DHBC01000035.1	DIQD01000071.1	99.7507	99.8408	0.6857	0.677	0.01517	98.7731	189	0.9851	30	0.07	0.9902	99.5982	99.9051	0.0901	1.94	AlfI:99.89,AloI:99.85,BcgI:99.82,FalI:99.80	2440	189	2350	52	11.4815	ok	99.7507	gamma	99.6802	99	81.02	99.2196	610	748
GCA_002400245.1__GCA_002427335.1	GCA_002400245.1	GCA_002427335.1	97-100	train	98.87	verylow-AF		DHFE01000020.1	DIQR01000127.1	99.8454	99.8454	0.0079	0.0062	0.15444	95.2213	1	1	0	inf	0.9908	99.9999	99.8079	0.5207	0.01	AlfI:100.00,BcgI:99.48,FalI:100.00	30	1	21	21	21	ok	99.8454	uniform	100					
GCA_002403185.1__GCA_017999775.1	GCA_002403185.1	GCA_017999775.1	97-100	train	97.77	strict		DHHH01000028.1	JAGNLD010000007.1	97.938	98.2239	0.8548	0.8038	0.07388	97.6911	59	0.9961	4	1.14	0.8845	97.7841	98.4378	0.4597	1.68	AlfI:98.07,AloI:98.42,BcgI:98.12,FalI:97.97	1123	59	1299	62	18.3729	ok	97.938	gamma	98.0099	97.6	84.22	97.6928	331	352
GCA_002403255.1__GCA_003543575.1	GCA_002403255.1	GCA_003543575.1	97-100	train	99.37	strict		DHHL01000123.1	DMZY01000160.1	99.8124	99.853	0.4638	0.5889	0.01981	98.0957	156	0.942	64	0.07	0.9911	99.7602	99.878	0.1477	1.19	AlfI:99.89,AloI:99.75,BcgI:99.89,FalI:99.84	1507	156	1304	19	7.66026	ok	99.8124	gamma	99.8428	99.68	91.8	98.8924	360	620
GCA_002405135.1__GCA_002431265.1	GCA_002405135.1	GCA_002431265.1	97-100	train	99.56	strict		DHLD01000016.1	DJEC01000089.1	99.9192	99.9226	0.8271	0.8883	0.00967	99.6033	109	0.9663	90	0.161	0.9953	99.8903	99.9306	0.0869	1.94	AlfI:99.90,AloI:99.86,BcgI:99.94,FalI:99.94	2714	109	2711	88	24.6514	ok	99.9192	gamma	99.9291	99.8	94.33	99.6337	451	567
GCA_002405135.1__GCA_002476685.1	GCA_002405135.1	GCA_002476685.1	97-100	train	99.85	strict		DHLD01000016.1	DLLN01000050.1	99.9248	99.9296	0.8745	0.9538	0.00909	99.8177	58	0.9855	40	0.092	0.9957	99.9112	99.9341	0.0597	0.77	AlfI:99.93,AloI:99.88,BcgI:99.94,FalI:99.92	2776	58	2788	237	47.7414	ok	99.9248	gamma	99.9452	99.92	98.01	99.8308	482	567
GCA_002407765.1__GCA_002426185.1	GCA_002407765.1	GCA_002426185.1	97-100	train	99.72	strict		DHOJ01000033.1	DIOM01000011.1	99.73	99.7947	0.9131	0.874	0.0174	99.5891	64	1	0	0.07	0.9875	99.7117	99.8175	0.0809	1.06	AlfI:99.76,AloI:99.80,BcgI:99.84,FalI:99.78	2350	64	2390	340	36.4219	ok	99.73	gamma	99.7806	99.63	91.19	99.562	614	638
GCA_002408625.1__GCA_018054665.1	GCA_002408625.1	GCA_018054665.1	97-100	test	97.16	low-AF		DHTK01000081.1	JAGPJC010000206.1	97.9795	98.6786	0.3473	0.4844	0.05651	96.2696	136	0.9775	23	0.321	0.919	97.9276	98.9647	0.234	0.58	AlfI:98.75,AloI:98.64,BcgI:98.67,FalI:98.51	1557	136	1558	29	8.34559	ok	97.9795	gamma	98.1275	96.86	64.97	95.7431	270	594
GCA_002412085.1__GCA_002505115.1	GCA_002412085.1	GCA_002505115.1	97-100	train	99.83	strict		GG745544.1	DAUL01000037.1	99.7528	99.8414	0.7099	0.7313	0.02718	98.8915	56	0.9732	18	0.07	0.9904	99.589	99.911	0.1395	0.71	AlfI:99.88,AloI:99.75,BcgI:99.89,FalI:99.82	799	56	765	37	12.6786	ok	99.7528	gamma	99.7302	99.61	86.83	99.6127	207	269
GCA_002413445.1__GCA_902564855.1	GCA_002413445.1	GCA_902564855.1	97-100	test	99.51	strict		DHXB01000062.1	CACFCX010000001.1	99.5748	99.6936	0.6621	0.7578	0.02355	98.7484	149	0.9938	10	0.094	0.9815	99.5474	99.7326	0.1638	2.73	AlfI:99.80,AloI:99.69,BcgI:99.69,FalI:99.63	1897	149	1905	33	11.8054	ok	99.5748	gamma	99.6446	98.96	86.4	99.0796	430	571
GCA_002413545.1__GCA_012964995.1	GCA_002413545.1	GCA_012964995.1	97-100	train	99.54	strict		DHXE01000116.1	DTTE01000001.1	99.792	99.8121	0.6928	0.6392	0.01432	98.6899	231	0.967	93	0.178	0.9885	99.7519	99.8279	0.0861	1.2	AlfI:99.81,AloI:99.84,BcgI:99.83,FalI:99.75	3283	231	3085	80	12.7879	ok	99.792	gamma	99.8081	99.27	75.63	99.0053	786	1008
GCA_002414925.1__GCA_002694475.1	GCA_002414925.1	GCA_002694475.1	97-100	train	99.97	strict		DIBG01000004.1	NZMF01000005.1	99.9812	99.9824	0.9709	0.8863	0.00312	99.7551	82	0.9876	74	0.07	0.9989	99.9278	99.9959	0.0071	0.25	AlfI:99.99,AloI:99.98,BcgI:99.98,FalI:99.98	6026	82	5902	373	72.8659	ok	99.9812	gamma	99.9494	99.98	89.22	99.9437	1286	1336
GCA_002415645.1__GCA_002480445.1	GCA_002415645.1	GCA_002480445.1	97-100	train	99.04	strict		DHZY01000059.1	DLCE01000012.1	99.3326	99.4867	0.8004	0.8804	0.01578	98.9122	211	0.9812	122	0.202	0.969	99.2578	99.5474	0.0401	0.16	AlfI:99.49,AloI:99.46,BcgI:99.49,FalI:99.45	6626	211	6875	184	31.1374	ok	99.3326	gamma	99.3237	98.98	91.18	98.8487	931	1161
GCA_002417865.1__GCA_002418135.1	GCA_002417865.1	GCA_002418135.1	97-100	train	99.88	strict		DICY01000012.1	DIDM01000048.1	99.976	99.976	0.8383	0.8303	0.008	99.5697	56	0.9908	11	inf	0.9985	99.9339	99.9866	0.0321	0.12	AlfI:99.98,AloI:100.00,BcgI:99.98,FalI:99.97	1261	56	1255	203	22.125	ok	99.976	uniform	99.974	99.84	89.11	99.8466	315	357
GCA_002418405.1__GCA_018372615.1	GCA_002418405.1	GCA_018372615.1	97-100	train	98.73	strict		DIDZ01000029.1	JAHAIR010000081.1	98.8853	99.1128	0.8532	0.8892	0.02865	98.7825	138	0.971	108	0.392	0.9458	98.7606	99.2292	0.2234	2.22	AlfI:99.24,AloI:99.15,BcgI:99.02,FalI:99.09	3821	138	4072	128	27.1812	ok	98.8853	gamma	98.8677	98.64	92.44	98.454	1318	1517
GCA_002420065.1__GCA_003529165.1	GCA_002420065.1	GCA_003529165.1	97-100	train	99.49	strict		DIHH01000124.1	DOJP01000096.1	99.8149	99.8921	0.6124	0.637	0.01238	98.5711	193	0.9694	62	0.07	0.9934	99.5652	99.9751	0.0664	1.07	AlfI:99.92,AloI:99.86,BcgI:99.89,FalI:99.87	2528	193	2352	61	11.1658	ok	99.8149	gamma	99.651	99.04	73.29	98.8466	440	606
GCA_002420405.1__GCA_002687415.1	GCA_002420405.1	GCA_002687415.1	97-100	train	99.99	strict		DIHW01000048.1	NZAD01000001.1	99.99	99.9902	0.9076	0.8506	0.00398	99.8344	129	0.9979	4	0.07	0.9994	99.9759	99.9939	0.025	0.43	AlfI:100.00,AloI:100.00,BcgI:99.97,FalI:99.99	2095	129	2062	58	16.0465	ok	99.99	gamma	99.9934	99.96	91.67	99.961	482	490
GCA_002420865.1__GCA_900547885.1	GCA_002420865.1	GCA_900547885.1	97-100	train	98.21	strict		DIIX01000001.1	URIL01000001.1	98.6329	98.6626	0.7565	0.7979	0.0316	98.0173	238	0.9481	224	4.046	0.9179	98.7256	98.6397	0.1426	0.76	AlfI:98.67,AloI:98.67,BcgI:98.70,FalI:98.55	4427	238	4705	112	18.1765	ok	98.6329	gamma	98.8249	98.1	87.3	97.8623	599	883
GCA_002425115.1__GCA_002433925.1	GCA_002425115.1	GCA_002433925.1	97-100	train	99.98	strict		DILQ01000003.1	DJJB01000004.1	99.9999	99.9999	0.9728	0.9696	0.49936	99.3311	23	0.9931	9	inf	1	99.9999	99.9999	0	0	AlfI:100.00,AloI:100.00,BcgI:100.00,FalI:100.00	1313	23	1311	144	57	ok	99.9999	uniform	100	99.94	98.39	99.9263	277	285
GCA_002425625.1__GCF_003086915.1	GCA_002425625.1	GCF_003086915.1	97-100	train	97.11	strict		DIMP01000018.1	NZ_CP026002.1	97.8521	98.1993	0.8667	0.8322	0.02618	97.4096	258	0.9962	31	1.014	0.8862	97.656	98.4533	0.2608	2.41	AlfI:98.17,AloI:98.43,BcgI:98.18,FalI:98.29	8624	258	10046	217	32.8605	ok	97.8521	gamma	97.7369	97.47	79.36	97.1051	1208	1326
GCA_002428535.1__GCA_003454985.1	GCA_002428535.1	GCA_003454985.1	97-100	test	97.95	low-AF		DIWX01000085.1	DMSS01000112.1	98.4694	98.5671	0.484	0.6329	0.04487	96.9726	213	0.9377	143	1.781	0.9111	98.4558	98.6103	0.1552	0.74	AlfI:98.66,AloI:98.64,BcgI:98.50,FalI:98.58	2525	213	2609	44	11.1127	ok	98.4694	gamma	98.5984	97.19	72.71	96.7108	338	678
GCA_002428535.1__GCA_018433905.1	GCA_002428535.1	GCA_018433905.1	97-100	test	97.45	strict		DIWX01000085.1	JAHDQH010000201.1	98.203	98.329	0.7594	0.5606	0.04065	97.0572	185	0.9713	93	1.968	0.8954	98.1379	98.4099	0.2956	2.05	AlfI:98.49,AloI:98.20,BcgI:98.31,FalI:98.25	3480	185	3804	87	18.027	ok	98.203	gamma	98.2635	96.84	60.15	96.9683	536	678
GCA_002430065.1__GCA_017857325.1	GCA_002430065.1	GCA_017857325.1	97-100	test	99.01	strict		DJBO01000051.1	JAFMDJ010000019.1	99.2283	99.2728	0.7228	0.6703	0.02827	98.3295	247	0.9826	46	0.945	0.9561	99.242	99.2813	0.0436	0.04	AlfI:99.28,AloI:99.29,BcgI:99.27,FalI:99.25	3038	247	3059	55	11.4939	ok	99.2283	gamma	99.341	98.75	76.39	98.5754	493	621
GCA_002430565.1__GCA_003455755.1	GCA_002430565.1	GCA_003455755.1	97-100	train	99.89	strict		DJCO01000036.1	DMQI01000195.1	99.9131	99.9358	0.5925	0.5912	0.00815	98.5128	283	0.9672	93	0.07	0.9961	99.7412	99.9845	0.0424	0.73	AlfI:99.95,AloI:99.91,BcgI:99.93,FalI:99.95	3314	283	3171	46	10.7032	ok	99.9131	gamma	99.7981	99.2	70.4	99.139	611	888
GCA_002431195.1__GCA_002708035.1	GCA_002431195.1	GCA_002708035.1	97-100	train	99.52	low-AF		DJDV01000014.1	PAOM01000001.1	99.3812	99.7482	0.4364	0.9031	0.01358	98.3577	88	0.9961	17	0.07	0.9848	99.1419	99.9053	0.1225	2.73	AlfI:99.77,AloI:99.74,BcgI:99.73,FalI:99.85	4447	88	4596	257	50.1136	ok	99.3812	gamma	99.2273	99.65	91.12	99.254	667	1481
GCA_002431265.1__GCA_002476685.1	GCA_002431265.1	GCA_002476685.1	97-100	train	99.58	strict		DJEC01000089.1	DLLN01000050.1	99.9271	99.9271	0.8606	0.8747	0.00949	99.6694	122	0.992	20	inf	0.9956	99.8754	99.9399	0.0594	1.29	AlfI:99.90,AloI:99.96,BcgI:99.94,FalI:99.93	2649	122	2652	88	21.3934	ok	99.9271	uniform	99.9174	99.82	93.25	99.7312	432	485
GCA_002431505.1__GCA_003488365.1	GCA_002431505.1	GCA_003488365.1	97-100	test	99.89	strict		DJFK01000011.1	DNMC01000408.1	99.9738	99.975	0.65	0.8119	0.00399	99.2736	406	0.9213	393	0.07	0.9985	99.9473	99.9817	0.0365	0.82	AlfI:99.97,AloI:99.94,BcgI:99.98,FalI:99.97	5201	406	5021	64	12.3325	ok	99.9738	gamma	99.9669	99.86	94.44	99.2618	871	1393
GCA_002433445.1__GCA_002719855.1	GCA_002433445.1	GCA_002719855.1	97-100	train	99.98	strict		DJID01000005.1	PBFA01000010.1	99.9904	99.9904	0.781	0.8269	0.00427	99.4496	79	0.9971	5	inf	0.9994	99.9905	99.9904	0.0155	0.03	AlfI:99.99,AloI:100.00,BcgI:100.00,FalI:99.98	1819	79	1746	97	22.5823	ok	99.9904	uniform	99.9995	99.96	84.23	99.8074	454	544
GCA_002435455.1__GCA_002438765.1	GCA_002435455.1	GCA_002438765.1	97-100	train	98.77	strict		DJMT01000065.1	DJQP01000052.1	99.1114	99.2422	0.6402	0.8267	0.03559	98.3843	116	0.9839	30	0.487	0.954	98.9841	99.319	0.3178	1.96	AlfI:99.13,AloI:99.45,BcgI:99.27,FalI:99.27	2024	116	2097	58	16.8534	ok	99.1114	gamma	99.1195	98.77	90.33	98.7347	349	528
GCA_002436715.1__GCA_002477875.1	GCA_002436715.1	GCA_002477875.1	97-100	test	99.11	strict		DJNF01000005.1	DLKX01000010.1	99.0859	99.5546	0.927	0.8429	0.04068	99.2819	28	0.9822	15	0.086	0.9731	99	99.7044	0.279	2.21	AlfI:99.61,AloI:99.75,BcgI:99.47,FalI:99.73	891	28	917	102	30.5714	ok	99.0859	gamma	99.2001	99.26	87.49	99.3539	248	269
GCA_002438115.1__GCA_003532415.1	GCA_002438115.1	GCA_003532415.1	97-100	train	97.76	strict		DJSS01000050.1	DOFF01000243.1	98.7008	98.7985	0.5218	0.6242	0.04753	97.258	170	0.9287	128	1.044	0.9265	98.8602	98.7784	0.1017	0.22	AlfI:98.82,AloI:98.87,BcgI:98.84,FalI:98.76	2020	170	1997	55	10.8118	ok	98.7008	gamma	99.0074	98.19	77.56	97.4725	373	670
GCA_002438765.1__GCA_002439715.1	GCA_002438765.1	GCA_002439715.1	97-100	train	98.65	strict		DJQP01000052.1	DJPD01000013.1	99.2457	99.3134	0.7714	0.7188	0.03478	98.509	123	0.9638	65	0.65	0.9584	99.1846	99.3504	0.1761	0.91	AlfI:99.30,AloI:99.44,BcgI:99.27,FalI:99.38	1928	123	1958	55	15.0813	ok	99.2457	gamma	99.3117	98.93	80.65	98.804	328	425
GCA_002440075.1__GCA_002451815.1	GCA_002440075.1	GCA_002451815.1	97-100	train	99.39	strict		DJRE01000024.1	DKDN01000021.1	99.6046	99.6628	0.779	0.8433	0.02406	99.1504	106	0.985	29	0.194	0.9796	99.5547	99.6938	0.0668	0.27	AlfI:99.72,AloI:99.66,BcgI:99.66,FalI:99.65	2139	106	2119	107	18.9434	ok	99.6046	gamma	99.6464	99.47	94.81	99.418	541	656
GCA_002450435.1__GCA_002500965.1	GCA_002450435.1	GCA_002500965.1	97-100	train	99.71	strict		DJZI01000052.1	DLTP01000028.1	99.7398	99.7493	0.5971	0.7941	0.02597	98.7479	106	0.9873	14	0.376	0.9848	99.7774	99.742	0.0521	0.26	AlfI:99.76,AloI:99.77,BcgI:99.72,FalI:99.77	1269	106	1259	78	11.283	ok	99.7398	gamma	99.858	99.2	87.62	99.28	293	436
GCA_002450765.1__GCA_003483585.1	GCA_002450765.1	GCA_003483585.1	97-100	train	99.72	strict		DKAG01000085.1	DMYS01000276.1	99.7915	99.8019	0.5257	0.6621	0.018	98.3984	211	0.9436	103	0.355	0.9879	99.7354	99.8191	0.0894	1.18	AlfI:99.81,AloI:99.88,BcgI:99.79,FalI:99.79	2236	211	2043	29	9.16588	ok	99.7915	gamma	99.8061	99.55	87.33	98.8149	407	698
GCA_002450845.1__GCA_003525265.1	GCA_002450845.1	GCA_003525265.1	97-100	train	99.95	strict		DKAP01000024.1	DQFJ01000293.1	99.9846	99.9846	0.4431	0.5663	0.00581	98.1999	206	0.8873	164	inf	0.9991	99.9782	99.9862	0.027	0.6	AlfI:99.97,AloI:99.97,BcgI:99.99,FalI:99.99	1864	206	1513	25	7.26699	ok	99.9846	uniform	99.9961	99.91	93.81	99.1979	484	885
GCA_002450995.1__GCA_002451215.1	GCA_002450995.1	GCA_002451215.1	97-100	train	99.39	strict		DKAW01000012.1	DKBM01000027.1	99.6509	99.7468	0.877	0.8736	0.01222	99.3896	184	0.9899	53	0.097	0.9847	99.5675	99.7915	0.0714	0.61	AlfI:99.76,AloI:99.72,BcgI:99.75,FalI:99.69	5444	184	5552	193	29.3152	ok	99.6509	gamma	99.6242	99.15	89.59	99.3218	721	815
GCA_002451285.1__GCA_903839765.1	GCA_002451285.1	GCA_903839765.1	97-100	train	99.45	strict		DKBR01000082.1	CAIMDN010000001.1	99.5162	99.536	0.9209	0.855	0.01899	99.2545	107	0.9926	30	0.831	0.972	99.5114	99.5423	0.0634	0.22	AlfI:99.52,AloI:99.48,BcgI:99.55,FalI:99.53	4157	107	4241	246	38.4299	ok	99.5162	gamma	99.58	99.35	87.45	99.2279	569	612
GCA_002452655.1__GCA_003445665.1	GCA_002452655.1	GCA_003445665.1	97-100	train	98.94	strict		DKEV01000226.1	DMCV01000092.1	99.2765	99.4829	0.6448	0.6412	0.0303	98.2016	157	0.9925	12	0.166	0.9686	99.1887	99.5673	0.0735	0.37	AlfI:99.47,AloI:99.47,BcgI:99.53,FalI:99.45	2021	157	2003	35	11.1529	ok	99.2765	gamma	99.3144	99.02	72.91	98.773	529	686
GCA_002453235.1__GCA_003538795.1	GCA_002453235.1	GCA_003538795.1	97-100	train	99.88	strict		DKGL01000013.1	DPRE01000207.1	99.9184	99.9231	0.3762	0.5038	0.01479	97.7941	170	0.9153	92	0.077	0.9953	99.9343	99.92	0.0572	0.66	AlfI:99.94,AloI:99.96,BcgI:99.90,FalI:99.92	1623	170	1241	23	6.84706	ok	99.9184	gamma	99.9741	99.78	93.15	99.0051	467	875
GCA_002453805.1__GCA_002453945.1	GCA_002453805.1	GCA_002453945.1	97-100	train	99.64	strict		DKHP01000030.1	DKHY01000021.1	99.9805	99.9817	0.9586	0.9407	0.00252	99.692	138	0.9916	77	0.07	0.9989	99.9307	99.994	0.0173	0.37	AlfI:99.98,AloI:99.99,BcgI:99.98,FalI:99.97	9247	138	9251	340	66.8333	ok	99.9805	gamma	99.9479	99.93	96.18	99.8788	1189	1256
GCA_002455845.1__GCA_002717065.1	GCA_002455845.1	GCA_002717065.1	97-100	train	99.98	strict		DKLX01000030.1	PBCN01000001.1	99.9836	99.984	0.6557	0.7425	0.00534	98.9426	91	1	0	0.07	0.999	99.9732	99.9866	0.0226	0	AlfI:100.00,AloI:100.00,BcgI:99.98,FalI:99.98	1837	91	1836	74	20.011	ok	99.9836	gamma	99.9927	99.97	80.27	99.9464	336	478
GCA_002457765.1__GCA_003523885.1	GCA_002457765.1	GCA_003523885.1	97-100	train	99.6	strict		NTKW01000001.1	DOFU01000025.1	99.741	99.7553	0.7362	0.5684	0.01725	98.4928	168	0.9564	112	0.441	0.9852	99.6539	99.7805	0.1027	1.44	AlfI:99.80,AloI:99.80,BcgI:99.73,FalI:99.70	2693	168	2681	58	15.619	ok	99.741	gamma	99.7258	99.44	60.5	98.8711	383	519
GCA_002469795.1__GCA_002690685.1	GCA_002469795.1	GCA_002690685.1	97-100	train	99.47	strict		DKNU01000104.1	NZFM01000039.1	99.0068	99.6054	0.8517	0.8192	0.01738	99.111	236	0.994	24	0.07	0.9763	98.9493	99.7813	0.1846	2.69	AlfI:99.64,AloI:99.59,BcgI:99.62,FalI:99.46	4323	236	4477	72	17.8941	ok	99.0068	gamma	99.0438	99.2	84.41	99.2761	745	823
GCA_002469955.1__GCA_003506855.1	GCA_002469955.1	GCA_003506855.1	97-100	train	99.45	strict		DKOQ01000062.1	DNYA01000057.1	99.7917	99.8546	0.5204	0.4958	0.02217	97.9119	89	0.9679	28	0.07	0.9912	99.6707	99.9023	0.1179	1.39	AlfI:99.80,AloI:99.87,BcgI:99.84,FalI:99.91	1069	89	1003	29	10.4831	ok	99.7917	gamma	99.7814	99.66	65.34	99.2108	213	356
GCA_002470035.1__GCA_900299445.1	GCA_002470035.1	GCA_900299445.1	97-100	train	99.97	strict		DKMR01000070.1	OMJX01000001.1	99.9735	99.9739	0.7656	0.7223	0.00723	99.2338	168	0.9977	3	0.07	0.9984	99.981	99.972	0.0215	0.83	AlfI:99.99,AloI:99.98,BcgI:99.97,FalI:99.97	1785	168	1733	27	8.85714	ok	99.9735	gamma	99.9966	99.96	90.98	99.9475	848	860
GCA_002471725.1__GCA_002686325.1	GCA_002471725.1	GCA_002686325.1	97-100	test	99.95	strict		DKQN01000021.1	NZBY01000001.1	99.9802	99.9802	0.6394	0.7837	0.00659	99.0681	128	1	0	inf	0.9988	99.9353	99.9917	0.04	0.39	AlfI:99.98,AloI:99.95,BcgI:99.98,FalI:99.99	1531	128	1535	47	11.6484	ok	99.9802	uniform	99.9718	99.94	87.84	99.9677	326	450
GCA_002472155.1__GCA_902790945.1	GCA_002472155.1	GCA_902790945.1	97-100	train	97.61	strict		DKRI01000063.1	CADATU010000001.1	98.3761	98.9063	0.7508	0.8073	0.02545	98.0172	199	0.9771	124	0.294	0.9331	98.2734	99.1231	0.1211	1.2	AlfI:98.82,AloI:98.91,BcgI:98.94,FalI:98.88	5603	199	6132	138	27.5327	ok	98.3761	gamma	98.3691	97.66	81.29	97.839	660	891
GCA_002472355.1__GCA_002481925.1	GCA_002472355.1	GCA_002481925.1	97-100	train	99.8	strict		DKRT01000039.1	DLEZ01000034.1	99.9839	99.9839	0.8276	0.8863	0.00568	99.7023	83	0.9887	18	inf	0.999	99.9512	99.9924	0.0305	0.68	AlfI:99.99,AloI:100.00,BcgI:99.97,FalI:99.98	1711	83	1690	67	20.0361	ok	99.9839	uniform	99.9808	99.83	96.27	99.8205	504	569
GCA_002473005.1__GCA_016277725.1	GCA_002473005.1	GCA_016277725.1	97-100	train	99.65	strict		DKTH01000026.1	JAEHJU010000001.1	99.9525	99.953	0.7415	0.8755	0.00558	99.3915	211	0.9768	109	0.146	0.9971	99.9727	99.9483	0.0704	4.58	AlfI:99.96,AloI:99.99,BcgI:99.95,FalI:99.92	4876	211	4826	113	22.7915	ok	99.9525	gamma	99.9864	99.84	93.71	99.6848	805	1097
GCA_002473225.1__GCF_013267085.1	GCA_002473225.1	GCF_013267085.1	97-100	test	98	strict		DKTB01000012.1	NZ_JABRVB010000001.1	98.57	98.7356	0.8393	0.771	0.02214	97.7882	191	0.979	175	1.044	0.922	98.3919	98.8591	0.1018	0.68	AlfI:98.75,AloI:98.82,BcgI:98.71,FalI:98.80	8531	191	9261	236	43.6335	ok	98.57	gamma	98.4681	98.1	79.13	97.7991	1178	1432
GCA_002480055.1__GCA_905478815.1	GCA_002480055.1	GCA_905478815.1	97-100	train	99.73	strict		DLQR01000002.1	CAJQJZ010000001.1	99.9733	99.9743	0.8211	0.7083	0.00561	99.2758	178	0.9934	16	0.07	0.9984	99.9563	99.9787	0.0191	0.46	AlfI:99.96,AloI:99.96,BcgI:99.98,FalI:99.98	2685	178	2656	73	14.4551	ok	99.9733	gamma	99.9795	99.93	78.38	99.8048	574	635
GCA_002490555.1__GCA_002491645.1	GCA_002490555.1	GCA_002491645.1	97-100	train	99.99	strict		DKUF01000056.1	DKWJ01000026.1	99.9986	99.9986	0.9441	0.9371	0.00095	99.9281	75	0.997	14	inf	0.9999	99.9966	99.9991	0.0036	0.04	AlfI:100.00,AloI:100.00,BcgI:100.00,FalI:100.00	5137	75	4796	287	63.5067	ok	99.9986	uniform	99.9998	99.97	96.25	99.9651	1058	1100
GCA_002491085.1__GCA_002493585.1	GCA_002491085.1	GCA_002493585.1	97-100	test	99.87	strict		DKVG01000023.1	DKZJ01000034.1	99.8999	99.9096	0.9059	0.6417	0.01186	99.1196	54	0.9975	5	0.07	0.9945	99.8966	99.9128	0.0568	0.57	AlfI:99.92,AloI:99.94,BcgI:99.90,FalI:99.89	2071	54	2078	156	38.1667	ok	99.8999	gamma	99.9388	99.82	66.17	99.8291	406	438
GCA_002491315.1__GCA_002492815.1	GCA_002491315.1	GCA_002492815.1	97-100	train	99.98	strict		DKVS01000057.1	DLAM01000061.1	99.9981	99.9981	0.9209	0.8893	0.00133	99.8125	71	0.9979	7	inf	0.9999	99.9904	99.9999	0.0031	0.03	AlfI:100.00,AloI:100.00,BcgI:100.00,FalI:100.00	3417	71	3404	239	47.8873	ok	99.9981	uniform	99.9983	99.98	92.12	99.8467	685	725
GCA_002491555.1__GCA_002493265.1	GCA_002491555.1	GCA_002493265.1	97-100	train	99.96	strict		DKWF01000068.1	DKYB01000024.1	99.9967	99.9967	0.6764	0.7579	0.00228	99.0801	127	0.972	53	inf	0.9998	99.9836	99.9999	0.014	0.2	AlfI:100.00,AloI:100.00,BcgI:100.00,FalI:99.99	2012	127	1990	47	15.4803	ok	99.9967	uniform	99.9971	99.83	77.96	99.4399	378	554
GCA_002491735.1__GCA_002493555.1	GCA_002491735.1	GCA_002493555.1	97-100	train	99.96	strict		DKWL01000137.1	DKZC01000004.1	99.9744	99.9762	0.7252	0.7373	0.00578	99.1207	155	0.9856	33	0.07	0.9986	99.9206	99.9911	0.0416	1.6	AlfI:99.95,AloI:99.97,BcgI:99.99,FalI:99.99	2606	155	2503	99	15.6194	ok	99.9744	gamma	99.9542	99.92	85.22	99.793	769	954
GCA_002491865.1__GCA_910584515.1	GCA_002491865.1	GCA_910584515.1	97-100	train	99.48	strict		DKWT01000013.1	CAJUAX010000001.1	99.5481	99.5777	0.8535	0.7582	0.02322	98.9365	56	0.9951	12	0.516	0.9745	99.5139	99.5941	0.1674	0.99	AlfI:99.63,AloI:99.46,BcgI:99.56,FalI:99.57	2526	56	2589	169	44.8036	ok	99.5481	gamma	99.6007	99.36	77.84	99.2457	521	596
GCA_002493245.1__GCA_905204545.1	GCA_002493245.1	GCA_905204545.1	97-100	test	99.59	strict		DKYE01000077.1	CAJLAD010000001.1	99.8098	99.8098	0.8716	0.5438	0.01578	98.7653	134	0.9834	39	inf	0.9885	99.774	99.8187	0.0907	0.54	AlfI:99.80,AloI:99.74,BcgI:99.83,FalI:99.80	2487	134	2493	53	18.2463	ok	99.8098	uniform	99.8336	99.6	57.94	99.4254	443	490
GCA_002496995.1__GCA_009387855.1	GCA_002496995.1	GCA_009387855.1	97-100	test	99.07	strict		DAMF01000102.1	GG699208.1	99.6991	99.7934	0.7274	0.7551	0.02688	98.9376	66	0.9988	1	0.07	0.9873	99.6302	99.8391	0.0458	0.12	AlfI:99.78,AloI:99.82,BcgI:99.78,FalI:99.80	1006	66	1011	50	13.4697	ok	99.6991	gamma	99.7468	99.69	83.88	99.5765	390	453
GCA_002497045.1__GCA_003584605.1	GCA_002497045.1	GCA_003584605.1	97-100	train	99.83	strict		DAMI01000007.1	AP017646.1	99.8497	99.8795	0.852	0.6847	0.01192	99.2252	227	0.9996	1	0.07	0.9927	99.7878	99.9042	0.0964	4.26	AlfI:99.86,AloI:99.83,BcgI:99.84,FalI:99.93	2983	227	2942	47	12.1189	ok	99.8497	gamma	99.841	99.87	75.26	99.8161	672	678
GCA_002497705.1__GCA_002503835.1	GCA_002497705.1	GCA_002503835.1	97-100	train	99.6	strict		DAEK01000040.1	DASN01000196.1	99.9013	99.9106	0.5681	0.5372	0.01533	98.2387	133	0.9792	20	0.07	0.9945	99.8997	99.9135	0.066	1.06	AlfI:99.97,AloI:99.91,BcgI:99.90,FalI:99.91	1468	133	1290	37	8.09023	ok	99.9013	gamma	99.9501	99.66	77.13	99.1358	359	480
GCA_002500215.1__GCA_003537275.1	GCA_002500215.1	GCA_003537275.1	97-100	test	98.92	strict		DLSS01000005.1	DQBH01000222.1	99.216	99.263	0.5332	0.6995	0.0233	98.1217	453	0.9027	422	1.002	0.9552	99.188	99.2844	0.1717	1.22	AlfI:99.28,AloI:99.39,BcgI:99.24,FalI:99.22	4751	453	4594	36	9.64238	ok	99.216	gamma	99.2714	98.68	88.58	98.135	788	1515
GCA_002502935.1__GCA_900079125.1	GCA_002502935.1	GCA_900079125.1	97-100	train	98.82	strict		DAQR01000037.1	LT549891.1	98.8756	99.3098	0.8691	0.8017	0.02799	98.8201	139	0.9956	12	0.161	0.9574	98.8004	99.4639	0.2104	1.15	AlfI:99.29,AloI:99.36,BcgI:99.33,FalI:99.15	3049	139	3128	97	20.5827	ok	98.8756	gamma	98.9185	98.94	82.49	98.6249	668	710
GCA_002505035.1__GCA_002763205.1	GCA_002505035.1	GCA_002763205.1	97-100	train	99.75	strict		DAUG01000014.1	PFCF01000012.1	99.9314	99.9383	0.8058	0.8844	0.01146	99.5731	58	0.9933	10	0.07	0.9962	99.8941	99.9494	0.0448	0.74	AlfI:99.96,AloI:99.96,BcgI:99.93,FalI:99.92	1548	58	1547	115	26.3966	ok	99.9314	gamma	99.9425	99.64	91.23	99.6618	185	226
GCA_002505035.1__GCA_002763255.1	GCA_002505035.1	GCA_002763255.1	97-100	train	99.77	strict		DAUG01000014.1	PEZC01000019.1	99.8772	99.8921	0.848	0.8423	0.01481	99.5237	70	0.989	17	0.07	0.9934	99.8684	99.8981	0.0869	0.96	AlfI:99.90,AloI:99.94,BcgI:99.89,FalI:99.85	1626	70	1620	150	22.8286	ok	99.8772	gamma	99.9222	99.75	88.37	99.6015	195	226
GCA_002505645.1__GCA_019056895.1	GCA_002505645.1	GCA_019056895.1	97-100	train	99.98	strict		DAVS01000172.1	DXJX01000301.1	99.9983	99.9983	0.7841	0.6551	0.00163	99.1132	170	0.9847	29	inf	0.9999	99.9999	99.9979	0.0025	0	AlfI:100.00,AloI:100.00,BcgI:100.00,FalI:100.00	2227	170	2159	69	11.9647	ok	99.9983	uniform	100	99.95	79.16	99.8299	768	841
GCA_002509505.1__GCA_017994735.1	GCA_002509505.1	GCA_017994735.1	97-100	test	99.5	strict		DAPL01000129.1	JAGOKG010000034.1	99.6602	99.7122	0.5384	0.7584	0.02065	98.4686	145	0.974	55	0.152	0.9823	99.6477	99.7292	0.1343	1.42	AlfI:99.65,AloI:99.79,BcgI:99.71,FalI:99.71	2289	145	2265	66	15.2	ok	99.6602	gamma	99.7257	99.41	85.71	99.2124	410	728
GCA_002509605.1__GCA_902786095.1	GCA_002509605.1	GCA_902786095.1	97-100	train	98.18	strict		DAWX01000097.1	CADABJ010000001.1	98.987	99.3278	0.4996	0.3989	0.07083	96.9882	40	0.9747	8	0.17	0.959	98.9099	99.4609	0.2898	0.37	AlfI:99.09,AloI:99.31,BcgI:99.26,FalI:99.38	581	40	510	30	8.7	ok	98.987	gamma	99.1892	98.32	68.05	98.2339	350	433
GCA_002689885.1__GCA_902593395.1	GCA_002689885.1	GCA_902593395.1	97-100	train	97.25	strict		NZII01000047.1	CACJIC010000001.1	98.2158	98.584	0.5719	0.4647	0.09212	96.5925	54	0.9903	5	0.605	0.913	98.0484	98.8028	0.6903	1.61	AlfI:98.53,AloI:98.91,BcgI:98.22,FalI:98.70	604	54	664	32	10.4074	ok	98.2158	gamma	98.3573	98.08	54.31	97.0412	216	322
GCA_002692635.1__GCA_002729675.1	GCA_002692635.1	GCA_002729675.1	97-100	train	98.66	strict		NZLG01000001.1	PBYP01000001.1	98.8958	99.1798	0.7329	0.4864	0.03455	97.7118	184	0.9955	9	0.303	0.9504	98.7388	99.3124	0.2688	0.61	AlfI:99.15,AloI:98.99,BcgI:99.19,FalI:99.26	2264	184	2404	52	11.7772	ok	98.8958	gamma	98.8764	98.74	54.12	98.4777	478	566
GCA_002693025.1__GCA_002725105.1	GCA_002693025.1	GCA_002725105.1	97-100	train	99.72	strict		NZNG01000153.1	PBQR01000001.1	99.8442	99.8646	0.5962	0.5821	0.01139	98.2971	195	0.9862	44	0.07	0.9918	99.8544	99.8672	0.0465	0.49	AlfI:99.86,AloI:99.86,BcgI:99.86,FalI:99.90	3396	195	3388	57	17.1487	ok	99.8442	gamma	99.8952	99.22	64.12	99.3073	489	786
GCA_002695845.1__GCA_002702225.1	GCA_002695845.1	GCA_002702225.1	97-100	train	98.28	strict		NZQH01000003.1	NZYL01000017.1	97.9555	98.7454	0.5541	0.5115	0.0811	96.7623	51	0.9854	9	0.294	0.9234	97.8124	99.1121	0.3521	1.1	AlfI:98.64,AloI:98.69,BcgI:98.53,FalI:98.88	699	51	778	31	12.9216	ok	97.9555	gamma	98.1096	98.36	61.78	97.9995	302	478
GCA_002698025.1__GCA_002712225.1	GCA_002698025.1	GCA_002712225.1	97-100	train	97.16	strict		NZUL01000001.1	PASY01000001.1	97.6014	98.34	0.8572	0.7166	0.06929	97.5991	83	0.9893	12	0.487	0.8966	97.4387	98.7505	0.4555	2.03	AlfI:98.64,AloI:98.33,BcgI:98.33,FalI:98.18	1235	83	1422	54	14.3855	ok	97.6014	gamma	97.6654	97.69	78.2	97.0785	528	567
GCA_002700265.1__GCA_017643205.1	GCA_002700265.1	GCA_017643205.1	97-100	train	99.22	strict		PACO01000003.1	JAEPOA010000010.1	99.3921	99.4826	0.8953	0.9282	0.01465	98.9657	47	0.9957	33	0.365	0.9687	99.2391	99.5484	0.1298	1.55	AlfI:99.49,AloI:99.37,BcgI:99.50,FalI:99.46	7794	47	8153	1006	165.426	ok	99.3921	gamma	99.3003	99.02	91.49	99.1053	1098	1279
GCA_002702005.1__GCA_003209665.1	GCA_002702005.1	GCA_003209665.1	97-100	test	97.9	strict		NZXI01000068.1	QCQD01000001.1	98.7109	98.8648	0.5353	0.627	0.05489	97.2866	104	0.9927	8	0.831	0.9303	98.6276	98.9484	0.1473	0.38	AlfI:98.79,AloI:98.84,BcgI:98.93,FalI:98.83	1346	104	1390	32	11.5192	ok	98.7109	gamma	98.815	98.16	71.92	97.6438	479	836
GCA_002705225.1__GCA_003331375.1	GCA_002705225.1	GCA_003331375.1	97-100	test	98.18	strict		PAHX01000048.1	QOQJ01000001.1	98.9911	99.2217	0.4727	0.4616	0.08927	96.9789	42	1	0	0.355	0.9527	98.7428	99.3799	0.6509	1.2	AlfI:98.95,AloI:99.40,BcgI:98.75,FalI:99.31	362	42	377	19	7.7619	ok	98.9911	gamma	99.0871	98.41	57.85	97.9575	205	346
GCA_002712965.1__GCA_009391645.1	GCA_002712965.1	GCA_009391645.1	97-100	train	98.78	strict		PAVE01000036.1	VFGN01000001.1	99.4617	99.5164	0.6342	0.6774	0.04127	98.249	56	0.9901	9	0.392	0.9704	99.4095	99.5466	0.2363	0.85	AlfI:99.61,AloI:99.38,BcgI:99.49,FalI:99.55	1006	56	997	41	17	ok	99.4617	gamma	99.5596	98.62	77.26	98.7232	368	552
GCA_002716425.1__GCA_003448475.1	GCA_002716425.1	GCA_003448475.1	97-100	train	98.7	strict		PBAV01000001.1	DLZH01000183.1	99.4728	99.5357	0.5308	0.2788	0.05001	97.0473	67	0.9453	32	0.286	0.9717	99.4903	99.5484	0.0955	0.19	AlfI:99.61,AloI:99.57,BcgI:99.51,FalI:99.52	718	67	644	29	9.25373	ok	99.4728	gamma	99.6608	98.37	38.86	98.1723	208	316
GCA_002716425.1__GCA_009391675.1	GCA_002716425.1	GCA_009391675.1	97-100	train	98.64	strict		PBAV01000001.1	VFGM01000001.1	99.5299	99.5995	0.6372	0.3077	0.04392	97.4212	64	0.9586	28	0.244	0.9756	99.457	99.6391	0.1483	0.31	AlfI:99.68,AloI:99.53,BcgI:99.59,FalI:99.60	788	64	724	30	11.1406	ok	99.5299	gamma	99.6239	98.18	39.15	98.3831	226	316
GCA_002725245.1__GCA_013330135.1	GCA_002725245.1	GCA_013330135.1	97-100	test	99.72	strict		PBRB01000019.1	DUIX01000058.1	99.9106	99.9192	0.5097	0.6129	0.01806	98.2749	90	0.9174	67	0.07	0.995	99.9034	99.9234	0.0681	0.61	AlfI:99.93,AloI:99.95,BcgI:99.94,FalI:99.88	970	90	842	36	9.26667	ok	99.9106	gamma	99.962	99.64	89.2	99.3845	280	452
GCA_002754795.1__GCF_002271775.1	GCA_002754795.1	GCF_002271775.1	97-100	test	98.95	strict		PEKS01000001.1	NZ_NPCI01000001.1	99.1457	99.2053	0.8651	0.9373	0.02477	98.9819	96	0.9948	22	1.002	0.9517	99.063	99.2487	0.1801	1.31	AlfI:99.26,AloI:99.08,BcgI:99.23,FalI:99.17	4535	96	4602	305	45.0833	ok	99.1457	gamma	99.1521	98.85	96.65	98.7597	1154	1234
GCA_002763255.1__GCA_002785255.1	GCA_002763255.1	GCA_002785255.1	97-100	train	99.49	strict		PEZC01000019.1	PFLY01000087.1	99.8305	99.8666	0.7163	0.7308	0.01721	98.9813	118	0.9585	58	0.07	0.9919	99.7687	99.8914	0.0979	0.69	AlfI:99.87,AloI:99.91,BcgI:99.87,FalI:99.81	1565	118	1491	60	12.339	ok	99.8305	gamma	99.8448	99.76	88.54	99.243	148	228
GCA_002772225.1__GCA_002793275.1	GCA_002772225.1	GCA_002793275.1	97-100	train	99.53	strict		PCSE01000093.1	PFPX01000011.1	99.8341	99.8341	0.4774	0.4736	0.0428	97.6876	31	0.9824	3	inf	0.9899	99.7864	99.8466	0.3107	0.52	AlfI:100.00,AloI:100.00,BcgI:99.84,FalI:99.69	352	31	308	14	6.3871	ok	99.8341	uniform	99.927	99.83	82.75	99.4669	145	182
GCA_002772855.1__GCA_009992265.1	GCA_002772855.1	GCA_009992265.1	97-100	train	99.94	strict		PFDE01000003.1	JAACVW010000018.1	99.995	99.995	0.9463	0.9352	0.0049	100.094	15	0.9885	8	inf	0.9997	99.9999	99.9937	0.0092	0	AlfI:100.00,AloI:100.00,BcgI:100.00,FalI:99.99	703	15	703	142	46.8667	ok	99.995	uniform	100	99.98	97.76	99.9623	305	313
GCA_002779155.1__GCA_002789755.1	GCA_002779155.1	GCA_002789755.1	97-100	train	99.9	strict		PEXH01000073.1	PFTV01000069.1	99.9639	99.9639	0.6157	0.5438	0.01277	98.3819	81	0.9869	8	inf	0.9978	99.9581	99.9655	0.0946	0.83	AlfI:99.91,AloI:100.00,BcgI:99.93,FalI:99.98	852	81	786	23	8.41975	ok	99.9639	uniform	99.9926	99.82	75.92	99.589	315	401
GCA_002781685.1__GCA_002784285.1	GCA_002781685.1	GCA_002784285.1	97-100	test	99.58	strict		PFFR01000114.1	PFKO01000153.1	99.8577	99.8765	0.5901	0.4842	0.02117	98.11	111	0.9748	19	0.07	0.9925	99.8486	99.8842	0.084	0.21	AlfI:99.89,AloI:99.81,BcgI:99.89,FalI:99.88	1176	111	981	32	7.61261	ok	99.8577	gamma	99.921	99.74	77.24	99.2396	376	486
GCA_002781865.1__GCA_009993355.1	GCA_002781865.1	GCA_009993355.1	97-100	test	99.84	strict		PFGF01000070.1	JAACTM010000003.1	99.9897	99.9897	0.7827	0.7619	0.00729	99.3282	60	0.9982	1	inf	0.9994	99.9755	99.9935	0.0436	0	AlfI:100.00,AloI:100.00,BcgI:99.96,FalI:100.00	682	60	668	35	10.4167	ok	99.9897	uniform	99.9987	99.98	88.14	99.6909	219	244
GCA_002782325.1__GCA_002787335.1	GCA_002782325.1	GCA_002787335.1	97-100	test	99.72	strict		PFHL01000019.1	PCWK01000034.1	99.8356	99.8356	0.6373	0.5586	0.04745	98.2629	31	0.9858	3	inf	0.99	99.5651	99.9123	0.2307	0.83	AlfI:99.74,AloI:99.67,BcgI:99.72,FalI:99.90	283	31	266	16	7.70968	ok	99.8356	uniform	99.7953	99.86	79.05	99.6821	96	123
GCA_002785285.1__GCA_002790275.1	GCA_002785285.1	GCA_002790275.1	97-100	train	99.9	strict		PFJZ01000072.1	PFUV01000072.1	99.9847	99.9847	0.6796	0.6574	0.00884	98.8352	69	0.9943	3	inf	0.9991	99.9999	99.9806	0.0709	0.35	AlfI:99.93,AloI:100.00,BcgI:99.98,FalI:100.00	741	69	674	29	8.56522	ok	99.9847	uniform	100	99.95	83.17	99.645	194	226
GCA_002786095.1__GCF_900640075.1	GCA_002786095.1	GCF_900640075.1	97-100	train	99.8	strict		PEQQ01000063.1	NZ_CAAAIU010000001.1	99.8481	99.881	0.8896	0.8408	0.01077	99.5332	110	1	0	0.07	0.9928	99.7706	99.9094	0.0931	3.53	AlfI:99.92,AloI:99.89,BcgI:99.89,FalI:99.83	3482	110	3467	177	30.7909	ok	99.8481	gamma	99.8221	99.79	88.5	99.7629	991	1048
GCA_002788255.1__GCA_002793395.1	GCA_002788255.1	GCA_002793395.1	97-100	train	99.95	strict		PFQY01000025.1	PFQD01000015.1	99.988	99.988	0.711	0.8277	0.00378	99.3571	196	0.9576	116	inf	0.9993	99.9651	99.994	0.0078	0.05	AlfI:99.99,AloI:99.98,BcgI:99.99,FalI:99.99	2937	196	2838	62	14.3724	ok	99.988	uniform	99.9848	99.97	95.5	99.5511	464	648
GCA_002788415.1__GCA_002792975.1	GCA_002788415.1	GCA_002792975.1	97-100	train	99.94	strict		PFRG01000034.1	PFPI01000014.1	99.9537	99.9571	0.7757	0.789	0.01147	99.3375	80	0.9941	6	0.07	0.9974	99.9259	99.9652	0.0697	0.9	AlfI:99.93,AloI:99.91,BcgI:99.98,FalI:99.96	1124	80	1107	56	13.5625	ok	99.9537	gamma	99.9708	99.95	91.59	99.8638	255	293
GCA_002789155.1__GCA_009993785.1	GCA_002789155.1	GCA_009993785.1	97-100	test	99.82	strict		PFSR01000218.1	JAACST010000413.1	99.9365	99.9412	0.596	0.7426	0.00675	98.982	384	0.9593	151	0.07	0.9965	99.9234	99.9454	0.0544	1.26	AlfI:99.96,AloI:99.90,BcgI:99.93,FalI:99.95	4395	384	4124	67	10.2734	ok	99.9365	gamma	99.9499	99.95	94.03	99.2002	444	699
GCA_002790895.1__GCA_002792655.1	GCA_002790895.1	GCA_002792655.1	97-100	train	99.85	strict		PFWA01000002.1	PFOS01000004.1	99.9409	99.9409	0.6856	0.5352	0.02644	98.4514	36	0.9917	2	inf	0.9964	99.7794	99.985	0.2492	1.1	AlfI:100.00,AloI:100.00,BcgI:99.75,FalI:99.98	328	36	300	16	7.63889	ok	99.9409	uniform	99.9246	99.91	70.63	99.7201	118	129
GCA_002792455.1__GCA_002793975.1	GCA_002792455.1	GCA_002793975.1	97-100	train	99.32	strict		PFOI01000008.1	PFDY01000004.1	99.7701	99.7701	0.4195	0.4328	0.05271	97.3786	29	0.975	5	inf	0.9862	99.705	99.787	0.2973	0.27	AlfI:99.81,AloI:100.00,BcgI:99.70,FalI:99.80	337	29	282	19	7.72414	ok	99.7701	uniform	99.8836	99.36	73.44	97.9395	114	174
GCA_002816355.1__GCA_009392645.1	GCA_002816355.1	GCA_009392645.1	97-100	train	98.53	strict		MUCS01000001.1	VFFZ01000001.1	98.8359	98.8792	0.6593	0.3931	0.05094	97.0385	131	0.9361	89	1.888	0.9304	98.9949	98.8407	0.2425	0.83	AlfI:98.76,AloI:99.00,BcgI:98.91,FalI:98.81	1582	131	1526	40	10.9542	ok	98.8359	gamma	99.1515	98.26	50.2	97.9668	352	494
GCA_002839685.1__GCF_012933645.1	GCA_002839685.1	GCF_012933645.1	97-100	train	98.95	strict		PGYN01000267.1	NZ_JABBYL010000015.1	99.0414	99.4699	0.475	0.4869	0.043	97.3203	78	0.9979	1	0.111	0.9673	98.9708	99.6239	0.2776	1.24	AlfI:99.28,AloI:99.55,BcgI:99.54,FalI:99.47	1132	78	1067	18	7	ok	99.0414	gamma	99.1604	99.09	83.54	98.7999	449	490
GCA_002905835.1__GCF_000452525.3	GCA_002905835.1	GCF_000452525.3	97-100	test	98.61	strict		MLEK01000001.1	NZ_CP045799.1	98.8551	99.0426	0.888	0.9192	0.01615	98.235	92	0.9962	45	0.554	0.9417	98.7023	99.1492	0.0948	2.3	AlfI:99.09,AloI:99.03,BcgI:99.01,FalI:99.10	12354	92	12820	930	128.761	ok	98.8551	gamma	98.7627	98.6	89.49	98.5076	1842	2027
GCA_003058485.1__GCA_019100325.1	GCA_003058485.1	GCA_019100325.1	97-100	train	99.65	strict		QBVG01000029.1	JAHRHU010000096.1	99.7695	99.7727	0.8135	0.8632	0.01041	99.3789	348	0.9543	307	1.075	0.9862	99.755	99.7772	0.0094	0.03	AlfI:99.77,AloI:99.77,BcgI:99.77,FalI:99.78	6912	348	6859	157	19.4339	ok	99.7695	gamma	99.7933	99.63	95.25	99.3142	1161	1510
GCA_003131505.1__GCA_003134935.1	GCA_003131505.1	GCA_003134935.1	97-100	train	99.05	strict		PKVS01000090.1	PLCX01000178.1	99.9088	99.9271	0.8499	0.6427	0.00599	99.2204	468	0.9898	61	0.07	0.9956	99.7973	99.9585	0.0438	0.45	AlfI:99.93,AloI:99.92,BcgI:99.93,FalI:99.89	6660	468	6529	78	13.5876	ok	99.9088	gamma	99.8329	99.75	70.54	99.54	799	852
GCA_003131995.1__GCA_003167035.1	GCA_003131995.1	GCA_003167035.1	97-100	train	98.37	strict		PKWI01000130.1	PMUG01000609.1	99.5212	99.682	0.6289	0.6912	0.01352	98.6771	505	0.9586	213	0.1	0.9807	99.4149	99.751	0.0844	0.71	AlfI:99.72,AloI:99.64,BcgI:99.68,FalI:99.68	5966	505	5803	59	10.7663	ok	99.5212	gamma	99.479	99.02	82.37	98.6486	936	1355
GCA_003132345.1__GCA_003134935.1	GCA_003132345.1	GCA_003134935.1	97-100	train	99.01	strict		PKXL01000183.1	PLCX01000178.1	99.6247	99.756	0.7905	0.704	0.01058	98.9313	398	0.9875	82	0.073	0.9853	99.5456	99.8082	0.0608	0.72	AlfI:99.75,AloI:99.71,BcgI:99.76,FalI:99.70	7163	398	7104	154	17.3191	ok	99.6247	gamma	99.597	99.42	74.88	99.052	940	1087
GCA_003132375.1__GCA_003132845.1	GCA_003132375.1	GCA_003132845.1	97-100	train	99.51	strict		PKXO01000069.1	PKYY01000190.1	99.9462	99.9544	0.7246	0.8323	0.00427	99.2192	378	0.9855	112	0.07	0.9972	99.8417	99.9821	0.0393	2.17	AlfI:99.97,AloI:99.94,BcgI:99.95,FalI:99.93	8170	378	8124	132	21.1508	ok	99.9462	gamma	99.8699	99.72	89.28	99.5528	1314	1721
GCA_003132485.1__GCA_003132545.1	GCA_003132485.1	GCA_003132545.1	97-100	train	98.84	strict		PKXX01000014.1	PKYD01000154.1	99.8273	99.8889	0.5788	0.733	0.00852	98.7992	396	0.9695	139	0.07	0.9932	99.6332	99.9527	0.0841	1.76	AlfI:99.92,AloI:99.83,BcgI:99.89,FalI:99.88	5175	396	5033	50	12.1515	ok	99.8273	gamma	99.6878	99.53	85	99.0811	743	1152
GCA_003132485.1__GCA_003132965.1	GCA_003132485.1	GCA_003132965.1	97-100	train	99.15	strict		PKXX01000014.1	PKZH01000024.1	99.8335	99.8928	0.7232	0.7764	0.00759	99.1253	365	0.9873	71	0.07	0.9935	99.6357	99.957	0.0742	1.72	AlfI:99.89,AloI:99.90,BcgI:99.90,FalI:99.83	6140	365	6109	105	16.1315	ok	99.8335	gamma	99.6853	99.62	85.08	99.4381	949	1152
GCA_003132545.1__GCA_003132965.1	GCA_003132545.1	GCA_003132965.1	97-100	train	99	strict		PKYD01000154.1	PKZH01000024.1	99.8914	99.9247	0.7977	0.6751	0.00673	99.1445	385	0.9887	55	0.07	0.9954	99.6999	99.9805	0.0583	1.03	AlfI:99.92,AloI:99.95,BcgI:99.93,FalI:99.89	5488	385	5439	64	13.5143	ok	99.8914	gamma	99.7475	99.64	75.35	99.4423	794	885
GCA_003132845.1__GCA_003140755.1	GCA_003132845.1	GCA_003140755.1	97-100	train	99.75	strict		PKYY01000190.1	PLKX01000093.1	99.9794	99.9805	0.9174	0.7554	0.00268	99.3212	269	0.9982	15	0.07	0.9988	99.9382	99.9908	0.0161	0.8	AlfI:99.99,AloI:99.98,BcgI:99.98,FalI:99.97	8857	269	8787	160	32.3755	ok	99.9794	gamma	99.9547	99.93	78.6	99.8481	1460	1511
GCA_003135235.1__GCA_003161155.1	GCA_003135235.1	GCA_003161155.1	97-100	train	99.07	strict		PLAW01000133.1	PMPA01000008.1	99.5987	99.7788	0.6872	0.6201	0.01667	98.6021	235	0.975	55	0.07	0.9866	99.4288	99.8671	0.0529	0.27	AlfI:99.76,AloI:99.81,BcgI:99.78,FalI:99.81	2772	235	2630	59	10.1106	ok	99.5987	gamma	99.5219	99.08	76.48	98.8992	482	604
GCA_003135655.1__GCA_003169785.1	GCA_003135655.1	GCA_003169785.1	97-100	train	99.69	strict		PLCL01000295.1	PNAN01000027.1	99.9399	99.9438	0.8825	0.6708	0.00624	99.366	353	0.9998	1	0.07	0.9966	99.9291	99.9474	0.0224	0.83	AlfI:99.96,AloI:99.96,BcgI:99.94,FalI:99.95	4684	353	4645	79	12.7422	ok	99.9399	gamma	99.953	99.87	73.51	99.8645	610	616
GCA_003138155.1__GCA_003158015.1	GCA_003138155.1	GCA_003158015.1	97-100	train	99.44	strict		PLFO01000301.1	PMGE01000351.1	99.8575	99.8963	0.6761	0.7128	0.00771	99.0773	506	0.9671	166	0.07	0.9937	99.7209	99.94	0.0458	0.7	AlfI:99.90,AloI:99.86,BcgI:99.90,FalI:99.90	5976	506	5718	55	10.6285	ok	99.8575	gamma	99.7656	99.65	87.41	99.2615	1101	1440
GCA_003138175.1__GCA_003161105.1	GCA_003138175.1	GCA_003161105.1	97-100	test	99.51	strict		PLFR01000182.1	PMPC01000334.1	99.9255	99.9361	0.7335	0.6087	0.00677	98.8952	356	0.981	78	0.07	0.9961	99.8548	99.9562	0.0242	0.23	AlfI:99.93,AloI:99.95,BcgI:99.94,FalI:99.93	4883	356	4553	82	12.3427	ok	99.9255	gamma	99.8903	99.71	71.38	99.407	672	835
GCA_003138335.1__GCA_003156515.1	GCA_003138335.1	GCA_003156515.1	97-100	test	99.81	strict		PLFP01000069.1	PMHE01000043.1	99.9641	99.9674	0.8287	0.9333	0.00496	99.6608	106	0.9952	20	0.07	0.998	99.8998	99.984	0.012	0.2	AlfI:99.96,AloI:99.96,BcgI:99.97,FalI:99.97	4287	106	4271	209	39.9906	ok	99.9641	gamma	99.9298	99.88	96.77	99.8643	728	853
GCA_003138715.1__GCA_003159855.1	GCA_003138715.1	GCA_003159855.1	97-100	test	99.7	strict		PLGV01000028.1	PLPS01000098.1	99.9074	99.9182	0.8958	0.7318	0.00691	99.2387	163	0.9922	42	0.07	0.995	99.881	99.9273	0.0479	1.01	AlfI:99.91,AloI:99.90,BcgI:99.92,FalI:99.94	5583	163	5544	264	33.6258	ok	99.9074	gamma	99.9101	99.77	76.09	99.676	773	851
GCA_003139495.1__GCA_003166935.1	GCA_003139495.1	GCA_003166935.1	97-100	train	99.5	strict		PLIZ01000538.1	PMUL01000140.1	99.851	99.8988	0.7381	0.6809	0.00642	99.152	658	0.9913	61	0.07	0.9939	99.6734	99.9548	0.0633	1.86	AlfI:99.90,AloI:99.90,BcgI:99.91,FalI:99.84	8165	658	8041	57	11.6079	ok	99.851	gamma	99.7145	99.77	77.64	99.4779	1131	1335
GCA_003140725.1__GCA_003153175.1	GCA_003140725.1	GCA_003153175.1	97-100	train	99.45	strict		PLKV01000394.1	PLWY01000271.1	99.9459	99.9531	0.7578	0.8093	0.00364	99.399	690	0.9766	255	0.07	0.9971	99.8649	99.975	0.0127	0.59	AlfI:99.96,AloI:99.96,BcgI:99.95,FalI:99.95	11875	690	11558	112	16.4348	ok	99.9459	gamma	99.8869	99.59	89.87	99.4199	1752	2200
GCA_003150015.1__GCA_018367385.1	GCA_003150015.1	GCA_018367385.1	97-100	train	99.81	strict		QALV01000008.1	JAGZGF010000041.1	99.8313	99.8313	0.4321	0.4831	0.02158	97.5949	47	0.969	38	inf	0.9898	99.8286	99.8321	0.0858	0.82	AlfI:99.86,AloI:99.79,BcgI:99.78,FalI:99.85	1254	47	1250	93	26.234	ok	99.8313	uniform	99.8985	99.64	51.75	99.4781	325	768
GCA_003150885.1__GCA_018381625.1	GCA_003150885.1	GCA_018381625.1	97-100	test	99.98	strict		QAMD01000025.1	JAGZRO010000028.1	99.9999	99.9999	0.881	0.8734	0.34185	99.197	139	0.9597	115	inf	1	99.9999	99.9999	0	0	AlfI:100.00,AloI:100.00,BcgI:100.00,FalI:100.00	2961	139	2880	93	20.6835	ok	99.9999	uniform	100	99.94	96.37	99.8675	915	1035
GCA_003150885.1__GCF_017566165.1	GCA_003150885.1	GCF_017566165.1	97-100	test	99.98	strict		QAMD01000025.1	NZ_JABFCM010000496.1	99.9999	99.9999	0.9556	0.8962	0.33673	99.3052	38	0.9952	14	inf	1	99.9999	99.9999	0	0	AlfI:100.00,AloI:100.00,BcgI:100.00,FalI:100.00	3014	38	2970	257	78.0263	ok	99.9999	uniform	100	99.97	97.7	99.9753	991	1035
GCA_003153795.1__GCA_003157475.1	GCA_003153795.1	GCA_003157475.1	97-100	train	99.32	strict		PMBK01000015.1	PMJP01000399.1	99.9082	99.9282	0.5371	0.715	0.00852	98.7237	307	0.9225	248	0.07	0.9956	99.7767	99.967	0.0721	1.41	AlfI:99.93,AloI:99.88,BcgI:99.92,FalI:99.95	3602	307	3320	41	10.6221	ok	99.9082	gamma	99.8283	99.78	90.51	99.2071	654	1176
GCA_003154505.1__GCA_003155355.1	GCA_003154505.1	GCA_003155355.1	97-100	test	99.32	strict		PMDP01000096.1	PMCL01000014.1	99.8789	99.9043	0.6851	0.7985	0.00764	99.2319	417	0.9527	240	0.07	0.9942	99.7886	99.933	0.0327	0.36	AlfI:99.89,AloI:99.91,BcgI:99.91,FalI:99.92	5492	417	5355	71	12.5875	ok	99.8789	gamma	99.8286	99.74	92.59	99.2839	773	1152
GCA_003154505.1__GCA_003158325.1	GCA_003154505.1	GCA_003158325.1	97-100	test	99.71	strict		PMDP01000096.1	PMIT01000088.1	99.9603	99.9636	0.9039	0.9015	0.00423	99.7278	216	0.9964	23	0.07	0.9978	99.913	99.976	0.0187	0.94	AlfI:99.95,AloI:99.95,BcgI:99.97,FalI:99.97	6652	216	6588	172	30.2222	ok	99.9603	gamma	99.9357	99.89	94.09	99.8503	1077	1152
GCA_003154875.1__GCA_003157795.1	GCA_003154875.1	GCA_003157795.1	97-100	train	98.83	strict		PMEW01000351.1	PMKS01000259.1	99.7713	99.8606	0.5376	0.6233	0.01014	98.4798	424	0.9724	106	0.07	0.9915	99.5731	99.9328	0.0361	0.23	AlfI:99.87,AloI:99.86,BcgI:99.86,FalI:99.83	4772	424	4474	44	9.80189	ok	99.7713	gamma	99.6355	99.46	77.97	98.6172	689	1046
GCA_003155455.1__GCA_003158815.1	GCA_003155455.1	GCA_003158815.1	97-100	test	99.21	strict		PMCT01000164.1	PMLG01000249.1	99.7846	99.8533	0.7281	0.6581	0.0135	98.8543	212	0.971	70	0.07	0.9911	99.6539	99.9037	0.06	0.55	AlfI:99.87,AloI:99.85,BcgI:99.86,FalI:99.81	2840	212	2669	70	12.0519	ok	99.7846	gamma	99.7259	99.57	80.31	99.4147	683	838
GCA_003155455.1__GCA_003161995.1	GCA_003155455.1	GCA_003161995.1	97-100	test	99.27	strict		PMCT01000164.1	PMNB01000035.1	99.8175	99.8756	0.8187	0.7747	0.01196	99.3168	178	0.9858	37	0.07	0.9924	99.6678	99.928	0.0823	1.37	AlfI:99.91,AloI:99.86,BcgI:99.88,FalI:99.83	2939	178	2880	64	15.4607	ok	99.8175	gamma	99.7358	99.59	87.27	99.6255	739	838
GCA_003156515.1__GCA_003169085.1	GCA_003156515.1	GCA_003169085.1	97-100	test	99.73	strict		PMHE01000043.1	PMQL01000045.1	99.9473	99.9542	0.9474	0.9218	0.00586	99.8976	117	0.9875	53	0.07	0.9972	99.8666	99.9757	0.0252	0.42	AlfI:99.95,AloI:99.93,BcgI:99.96,FalI:99.95	4315	117	4319	154	36.6496	ok	99.9473	gamma	99.9014	99.88	95.19	99.8485	731	780
GCA_003156875.1__GCA_003157305.1	GCA_003156875.1	GCA_003157305.1	97-100	train	98.27	strict		PMIB01000149.1	PMJG01000193.1	99.193	99.613	0.5346	0.6015	0.02325	98.0095	235	0.9848	29	0.07	0.9766	99.1514	99.7387	0.1928	3.94	AlfI:99.58,AloI:99.52,BcgI:99.69,FalI:99.50	2538	235	2481	28	8.99149	ok	99.193	gamma	99.2668	99.02	72.52	98.4267	382	598
GCA_003159365.1__GCA_003159975.1	GCA_003159365.1	GCA_003159975.1	97-100	train	99.27	strict		PLOZ01000590.1	PLPU01000388.1	99.8184	99.8803	0.7938	0.7978	0.00646	99.4339	630	0.9869	112	0.07	0.9927	99.644	99.9395	0.0271	0.47	AlfI:99.88,AloI:99.86,BcgI:99.89,FalI:99.87	9651	630	9456	90	14.427	ok	99.8184	gamma	99.6836	99.67	88.81	99.3538	1365	1610
GCA_003161595.1__GCA_003167225.1	GCA_003161595.1	GCA_003167225.1	97-100	test	99.39	strict		PMOC01000217.1	PMTU01000347.1	99.6311	99.7703	0.7534	0.6854	0.01091	98.9794	492	0.9853	84	0.07	0.9861	99.5246	99.8329	0.1038	2.53	AlfI:99.81,AloI:99.71,BcgI:99.76,FalI:99.74	6592	492	6411	55	12.4472	ok	99.6311	gamma	99.5798	99.58	76.81	98.9914	892	1064
GCA_003209665.1__GCA_902594495.1	GCA_003209665.1	GCA_902594495.1	97-100	test	100	strict		QCQD01000001.1	CACJMK010000001.1	99.9999	99.9999	0.9401	0.9401	0.39373	99.3844	86	1	0	inf	1	99.9999	99.9999	0	0	AlfI:100.00,AloI:100.00,BcgI:100.00,FalI:100.00	2147	86	2168	100	24.3023	ok	99.9999	uniform	100	100	99.99	100	690	697
GCA_003218855.1__GCA_003219835.1	GCA_003218855.1	GCA_003219835.1	97-100	train	98.47	strict		QHOT01000067.1	QHQG01000045.1	98.9709	99.107	0.8213	0.6036	0.03053	98.1309	201	0.9875	36	0.605	0.9457	98.8772	99.1768	0.1279	0.5	AlfI:99.14,AloI:99.21,BcgI:99.08,FalI:99.14	3176	201	3315	71	15.1095	ok	98.9709	gamma	98.9894	98.76	66.77	98.5499	513	566
GCA_003225115.1__GCA_003225155.1	GCA_003225115.1	GCA_003225155.1	97-100	train	99.31	strict		QIAY01000266.1	QIAZ01000519.1	99.4212	99.7139	0.5778	0.6344	0.01268	98.4727	549	0.967	170	0.07	0.9826	99.2734	99.8293	0.0515	0.86	AlfI:99.68,AloI:99.71,BcgI:99.73,FalI:99.72	6292	549	6020	38	10.0765	ok	99.4212	gamma	99.343	98.7	76.28	98.366	750	1184
GCA_003241585.1__GCA_003241635.1	GCA_003241585.1	GCA_003241635.1	97-100	test	100	strict		QFOS01000114.1	QFOW01000114.1	99.9998	99.9998	0.9844	0.9844	0.00015	99.0642	156	0.9996	8	inf	1	99.9999	99.9998	0.0002	0	AlfI:100.00,AloI:100.00,BcgI:100.00,FalI:100.00	19517	156	20399	642	121.788	ok	99.9998	uniform	100	99.99	100	100	2690	2703
GCA_003248635.1__GCF_000224715.1	GCA_003248635.1	GCF_000224715.1	97-100	train	98	strict		QFPH01000004.1	NZ_AFYF01000102.1	98.6139	98.9771	0.7913	0.6802	0.02762	98.136	326	0.996	15	0.365	0.9376	98.454	99.1485	0.3105	3.34	AlfI:98.82,AloI:99.07,BcgI:99.02,FalI:99.13	4405	326	4762	59	12.5276	ok	98.6139	gamma	98.5587	98.45	74.09	98.2503	678	738
GCA_003343525.1__GCA_905206385.1	GCA_003343525.1	GCA_905206385.1	97-100	train	98.37	strict		QALG01000019.1	CAJLHE010000001.1	98.9	99.1243	0.6821	0.5809	0.03518	97.709	119	0.9655	78	0.416	0.9464	98.7341	99.2461	0.2729	1.96	AlfI:99.07,AloI:99.18,BcgI:99.10,FalI:99.34	2441	119	2499	72	19.3361	ok	98.9	gamma	98.869	98.41	64.79	98.0672	348	526
GCA_003343635.1__GCF_015550205.1	GCA_003343635.1	GCF_015550205.1	97-100	train	98.87	strict		QAKU01000045.1	NZ_JADNAH010000100.1	99.1528	99.21	0.8608	0.5717	0.0296	98.2782	206	0.9861	38	1.014	0.952	99.083	99.2473	0.1232	0.67	AlfI:99.20,AloI:99.21,BcgI:99.25,FalI:99.12	3087	206	3112	55	14.1165	ok	99.1528	gamma	99.1897	98.89	62.41	98.7531	518	585
GCA_003343635.1__GCF_902386815.1	GCA_003343635.1	GCF_902386815.1	97-100	train	99.9	strict		QAKU01000045.1	NZ_CABMKD010000001.1	99.9142	99.9245	0.9188	0.5971	0.00877	99.1295	176	0.998	6	0.07	0.9954	99.877	99.9363	0.0397	0.52	AlfI:99.91,AloI:99.90,BcgI:99.93,FalI:99.94	3290	176	3217	62	18.0114	ok	99.9142	gamma	99.9152	99.88	62.68	99.8724	554	585
GCA_003385575.1__GCA_003389245.1	GCA_003385575.1	GCA_003389245.1	97-100	train	99.98	strict		QQVL01000004.1	QQVQ01000002.1	99.9986	99.9986	0.9988	0.9989	0.00082	99.9653	8	0.9994	4	inf	0.9999	99.9999	99.9982	0.0035	0.08	AlfI:100.00,AloI:100.00,BcgI:100.00,FalI:100.00	6986	8	6891	2044	862.125	ok	99.9986	uniform	100	100	100	99.9975	1371	1374
GCA_003388515.1__GCA_003389355.1	GCA_003388515.1	GCA_003389355.1	97-100	test	99.5	strict		QQVK01000037.1	QQUX01000107.1	99.62	99.6952	0.8859	0.927	0.00969	99.1888	194	0.9929	74	0.15	0.9816	99.5496	99.732	0.0726	1.96	AlfI:99.74,AloI:99.72,BcgI:99.69,FalI:99.66	10803	194	10693	366	54.1856	ok	99.62	gamma	99.5916	99.48	94.74	99.4521	1591	1780
GCA_003445655.1__GCA_012521605.1	GCA_003445655.1	GCA_012521605.1	97-100	train	99.74	strict		DMCW01000097.1	JAAYMB010000225.1	99.8247	99.8545	0.5412	0.3725	0.02271	97.6813	101	0.9887	7	0.07	0.9911	99.8277	99.8615	0.1658	1.02	AlfI:99.88,AloI:99.72,BcgI:99.89,FalI:99.84	1159	101	953	22	7.08911	ok	99.8247	gamma	99.9065	99.82	57.54	99.2773	273	337
GCA_003446395.1__GCA_902789255.1	GCA_003446395.1	GCA_902789255.1	97-100	train	98.11	strict		DMAV01000172.1	CADANU010000001.1	98.5361	98.7403	0.3665	0.3407	0.06669	96.0546	92	0.9872	7	0.831	0.9225	98.4075	98.8581	0.9213	7.3	AlfI:99.01,AloI:98.48,BcgI:98.93,FalI:98.09	1140	92	1039	23	6.86957	ok	98.5361	gamma	98.6348	97.64	59.25	96.5916	249	430
GCA_003447905.1__GCA_017413135.1	GCA_003447905.1	GCA_017413135.1	97-100	test	97.35	strict		DLYB01000215.1	JAFPUZ010000027.1	98.188	98.5893	0.6685	0.4277	0.04881	96.8377	202	0.9916	14	0.605	0.912	97.9639	98.8427	0.2514	1.12	AlfI:98.51,AloI:98.76,BcgI:98.54,FalI:98.65	2139	202	2292	27	9.17822	ok	98.188	gamma	98.13	97.58	46.98	97.2474	390	480
GCA_003448475.1__GCA_009391675.1	GCA_003448475.1	GCA_009391675.1	97-100	train	99.74	strict		DLZH01000183.1	VFGM01000001.1	99.8628	99.8695	0.5688	0.5158	0.01728	98.1449	147	0.9882	13	0.117	0.992	99.9118	99.8583	0.0808	1.27	AlfI:99.93,AloI:99.89,BcgI:99.85,FalI:99.86	1602	147	1482	25	8.39456	ok	99.8628	gamma	99.9561	99.77	71.14	99.1532	373	495
GCA_003451515.1__GCA_905214595.1	GCA_003451515.1	GCA_905214595.1	97-100	train	97.35	strict		DMGR01000033.1	CAJMMU010000001.1	97.2106	98.2391	0.8096	0.8645	0.05984	97.6436	49	0.9882	20	0.392	0.8906	97.21	98.7387	0.3733	1.73	AlfI:98.19,AloI:98.33,BcgI:97.96,FalI:98.34	1775	49	2118	171	35.1224	ok	97.2106	gamma	97.4029	97.57	86.41	97.3569	691	819
GCA_003452555.1__GCA_018383075.1	GCA_003452555.1	GCA_018383075.1	97-100	train	98.49	strict		DMNW01000038.1	JAGZOU010000037.1	98.9364	99.0517	0.9071	0.6725	0.03138	98.2931	69	0.9902	30	0.783	0.9424	98.8294	99.1196	0.156	0.9	AlfI:99.12,AloI:98.97,BcgI:99.04,FalI:98.96	3158	69	3338	204	44.7826	ok	98.9364	gamma	98.9432	98.49	65.81	98.4688	520	571
GCA_003453075.1__GCA_003535715.1	GCA_003453075.1	GCA_003535715.1	97-100	train	99.64	strict		DMMM01000122.1	DPZK01000182.1	99.7913	99.8307	0.6518	0.5753	0.01825	98.4662	183	0.9834	23	0.084	0.9897	99.7588	99.8492	0.0685	0.81	AlfI:99.79,AloI:99.81,BcgI:99.86,FalI:99.82	1760	183	1702	27	8.44809	ok	99.7913	gamma	99.8322	99.6	72.45	98.9644	291	360
GCA_003459985.1__GCA_014864285.1	GCA_003459985.1	GCA_014864285.1	97-100	train	99.18	strict		QRXM01000001.1	WHBJ01000001.1	99.4991	99.5583	0.7379	0.7864	0.02411	98.7647	98	0.9687	79	0.325	0.973	99.4444	99.5901	0.1189	0.85	AlfI:99.54,AloI:99.48,BcgI:99.60,FalI:99.57	2623	98	2645	145	25.9694	ok	99.4991	gamma	99.5358	98.98	86.06	98.9099	798	1024
GCA_003459985.1__GCA_905196935.1	GCA_003459985.1	GCA_905196935.1	97-100	train	99.19	strict		QRXM01000001.1	CAJJWU010000001.1	99.3077	99.3977	0.7077	0.7894	0.02909	98.5358	89	0.9712	68	0.441	0.9631	99.1926	99.4578	0.0997	0.38	AlfI:99.45,AloI:99.35,BcgI:99.39,FalI:99.40	2440	89	2521	106	26.809	ok	99.3077	gamma	99.3044	99.13	83.35	98.7193	758	1024
GCA_003478565.1__GCA_905196385.1	GCA_003478565.1	GCA_905196385.1	97-100	train	98.11	strict		QUFQ01000001.1	CAJJUS010000001.1	98.1638	98.7535	0.7058	0.8313	0.04093	97.9219	97	0.9835	40	0.355	0.9227	98.0154	99.0369	0.2964	1.9	AlfI:98.71,AloI:98.94,BcgI:98.78,FalI:98.65	2751	97	2891	152	25.5773	ok	98.1638	gamma	98.1629	98.19	85.48	97.9629	923	1198
GCA_003480625.1__GCF_018917925.1	GCA_003480625.1	GCF_018917925.1	97-100	test	98.45	strict		QUJM01000001.1	NZ_JAHLPO010000001.1	98.6316	98.9937	0.7379	0.7212	0.03572	98.0164	101	0.9854	37	0.392	0.9383	98.3869	99.199	0.3359	3.71	AlfI:99.12,AloI:99.00,BcgI:99.00,FalI:98.78	3045	101	2925	157	25.7723	ok	98.6316	gamma	98.5238	98.33	73.59	97.8676	742	939
GCA_003484445.1__GCA_003534055.1	GCA_003484445.1	GCA_003534055.1	97-100	train	99.13	strict		DNCT01000055.1	DQCC01000172.1	99.6864	99.7891	0.555	0.4789	0.02594	97.9186	127	0.9852	12	0.07	0.9873	99.5921	99.8448	0.2875	0.35	AlfI:99.71,AloI:100.00,BcgI:99.80,FalI:99.80	1268	127	1145	20	7.30709	ok	99.6864	gamma	99.7095	99.38	70.01	98.4865	215	275
GCA_003486265.1__GCA_009929385.1	GCA_003486265.1	GCA_009929385.1	97-100	test	98.76	strict		DNGK01000055.1	SAAP01000500.1	99.2423	99.3541	0.6324	0.3097	0.03654	97.2549	164	0.9904	12	0.381	0.9606	99.1824	99.4036	0.2047	1.83	AlfI:99.51,AloI:99.35,BcgI:99.31,FalI:99.32	1751	164	1681	44	8.5122	ok	99.2423	gamma	99.3192	98.87	41.66	98.1879	270	329
GCA_003486585.1__GCA_003507035.1	GCA_003486585.1	GCA_003507035.1	97-100	test	99.41	strict		DNGP01000133.1	DNWU01000043.1	99.565	99.6005	0.4712	0.5294	0.02534	97.7371	222	0.9881	20	0.321	0.9756	99.6099	99.598	0.1146	1	AlfI:99.69,AloI:99.64,BcgI:99.58,FalI:99.57	2247	222	2141	24	8.45946	ok	99.565	gamma	99.6946	99.09	68.25	98.4234	343	550
GCA_003487495.1__GCA_003537815.1	GCA_003487495.1	GCA_003537815.1	97-100	train	98.79	strict		DNDZ01000001.1	DPQO01000001.1	98.9904	99.1466	0.8105	0.8553	0.05189	98.6971	35	0.9801	22	0.473	0.9485	98.9139	99.2232	0.3385	1.12	AlfI:98.90,AloI:98.90,BcgI:99.23,FalI:99.18	1143	35	1201	121	32.0286	ok	98.9904	gamma	99.0994	98.58	88.27	98.6241	466	555
GCA_003491695.1__GCA_018609025.1	GCA_003491695.1	GCA_018609025.1	97-100	test	99.91	strict		DNBX01000432.1	JABAYL010000003.1	99.9629	99.965	0.6495	0.6823	0.00629	98.9039	278	0.9988	3	0.07	0.9979	99.9392	99.9716	0.0237	0.5	AlfI:99.95,AloI:99.97,BcgI:99.97,FalI:99.96	2999	278	2972	39	9.94245	ok	99.9629	gamma	99.9659	99.9	81.42	99.8874	677	823
GCA_003497385.1__GCA_902796015.1	GCA_003497385.1	GCA_902796015.1	97-100	train	98.89	strict		DNOE01000006.1	CADBNK010000001.1	99.143	99.174	0.5863	0.504	0.03673	97.5525	236	0.9597	73	1.434	0.95	99.2568	99.1492	0.1289	0.24	AlfI:99.18,AloI:99.06,BcgI:99.18,FalI:99.18	2346	236	2201	35	8.37288	ok	99.143	gamma	99.3725	98.42	70.07	98.0698	306	442
GCA_003497385.1__GCA_902802235.1	GCA_003497385.1	GCA_902802235.1	97-100	train	98.9	strict		DNOE01000006.1	CADCLL010000001.1	99.22	99.2623	0.7142	0.6226	0.03275	98.1791	219	0.976	50	1.014	0.9554	99.2402	99.2696	0.0891	0.27	AlfI:99.19,AloI:99.25,BcgI:99.27,FalI:99.28	2483	219	2479	36	10.3014	ok	99.22	gamma	99.3506	98.75	75.53	98.4581	355	442
GCA_003499865.1__GCA_003512145.1	GCA_003499865.1	GCA_003512145.1	97-100	train	98.7	strict		DNRT01000050.1	DOSM01000183.1	99.6851	99.7715	0.4418	0.485	0.02811	97.6455	108	0.9631	28	0.07	0.9861	99.6588	99.8023	0.2314	3.89	AlfI:99.92,AloI:99.69,BcgI:99.69,FalI:99.80	1173	108	1013	18	7.76852	ok	99.6851	gamma	99.7709	99.03	74.38	98.5386	269	433
GCA_003500785.1__GCA_003505675.1	GCA_003500785.1	GCA_003505675.1	97-100	test	99.29	strict		DNQO01000273.1	DNXV01000154.1	99.4228	99.4728	0.6054	0.561	0.02391	98.0465	300	0.9773	58	0.441	0.9682	99.4543	99.4776	0.1296	0.65	AlfI:99.44,AloI:99.55,BcgI:99.50,FalI:99.42	3153	300	3042	38	9.32	ok	99.4228	gamma	99.5394	98.82	68.15	98.3325	475	654
GCA_003503375.1__GCA_003525025.1	GCA_003503375.1	GCA_003525025.1	97-100	train	99.4	strict		DOCR01000231.1	DQFR01000013.1	99.619	99.6469	0.5433	0.5734	0.02007	98.1333	321	0.9847	35	0.345	0.9785	99.6453	99.6473	0.1596	2.59	AlfI:99.66,AloI:99.68,BcgI:99.68,FalI:99.52	3118	321	2958	29	7.99688	ok	99.619	gamma	99.7145	99.12	75.54	98.507	551	772
GCA_003509125.1__GCA_003533685.1	GCA_003509125.1	GCA_003533685.1	97-100	test	99.73	strict		DODF01000088.1	DQCZ01000156.1	99.8042	99.8042	0.5684	0.689	0.01561	98.5629	241	0.9757	54	inf	0.9881	99.6829	99.8349	0.0706	0.8	AlfI:99.75,AloI:99.78,BcgI:99.82,FalI:99.80	2792	241	2651	51	10.0124	ok	99.8042	uniform	99.7519	99.5	82.87	98.9843	473	683
GCA_003510855.1__GCA_014764115.1	GCA_003510855.1	GCA_014764115.1	97-100	test	99.02	strict		DOKN01000153.1	JACXUC010000001.1	99.4245	99.5469	0.8201	0.6737	0.01433	98.8031	496	0.995	32	0.234	0.9725	99.2677	99.6206	0.0257	0.12	AlfI:99.55,AloI:99.57,BcgI:99.54,FalI:99.54	7159	496	7365	74	13.9597	ok	99.4245	gamma	99.3309	99.11	72.76	98.8988	780	844
GCA_003511045.1__GCA_003524005.1	GCA_003511045.1	GCA_003524005.1	97-100	train	99.99	strict		DOJR01000008.1	DOFL01000003.1	99.9999	99.9999	0.979	0.982	0.43773	99.4378	12	0.9995	1	inf	1	99.9999	99.9999	0	0	AlfI:100.00,AloI:100.00,BcgI:100.00,FalI:100.00	1836	12	1835	365	152.917	ok	99.9999	uniform	100	99.97	99.09	99.9767	694	703
GCA_003516345.1__GCA_902526635.1	GCA_003516345.1	GCA_902526635.1	97-100	train	99.34	low-AF		DPBW01000084.1	CABZLR010000001.1	99.5255	99.5623	0.4699	0.5839	0.02529	97.7389	154	0.9914	17	0.502	0.9736	99.472	99.5857	0.1557	0.96	AlfI:99.61,AloI:99.62,BcgI:99.54,FalI:99.46	2218	154	2258	75	13.7273	ok	99.5255	gamma	99.5685	98.87	62.87	98.6431	319	652
GCA_003521015.1__GCA_003529415.1	GCA_003521015.1	GCA_003529415.1	97-100	test	99	strict		DOTR01000102.1	DOJH01000097.1	99.161	99.484	0.8439	0.8856	0.01765	98.9925	140	0.9907	49	0.114	0.969	99.112	99.5854	0.0522	0.59	AlfI:99.45,AloI:99.46,BcgI:99.50,FalI:99.50	5440	140	5674	173	38.2071	ok	99.161	gamma	99.1905	99.12	92.01	99.0044	1147	1330
GCA_003526955.1__GCF_015553695.1	GCA_003526955.1	GCF_015553695.1	97-100	test	98.3	strict		DPUC01000025.1	NZ_JADNHD010000010.1	98.6352	98.9803	0.8245	0.661	0.04122	98.0436	78	0.9907	18	0.428	0.9382	98.3463	99.1954	0.1011	0.38	AlfI:99.00,AloI:98.96,BcgI:99.02,FalI:98.92	2070	78	2248	123	25.7051	ok	98.6352	gamma	98.5046	98.29	68.23	98.1154	550	629
GCA_003529475.1__GCA_018379325.1	GCA_003529475.1	GCA_018379325.1	97-100	train	99.58	strict		DPVP01000006.1	JAGZVT010000029.1	99.6597	99.7008	0.8937	0.8866	0.01854	99.4957	79	0.9946	15	0.227	0.9819	99.6054	99.7257	0.0563	0.31	AlfI:99.70,AloI:99.74,BcgI:99.68,FalI:99.72	3107	79	2935	116	36.0253	ok	99.6597	gamma	99.679	99.6	92.01	99.5311	769	830
GCA_003530025.1__GCA_905213035.1	GCA_003530025.1	GCA_905213035.1	97-100	train	98.72	strict		DPTZ01000011.1	CAJMGU010000001.1	98.5453	99.2082	0.7928	0.4459	0.09147	97.5672	18	0.9757	8	0.141	0.9524	98.554	99.4282	0.6424	0.59	AlfI:99.06,AloI:98.84,BcgI:99.48,FalI:99.22	374	18	376	47	18.8333	ok	98.5453	gamma	98.9235	98.47	49.94	98.4404	204	228
GCA_003534915.1__GCA_003545475.1	GCA_003534915.1	GCA_003545475.1	97-100	test	99.94	strict		DPCY01000003.1	DPYF01000006.1	99.9865	99.9867	0.9486	0.9694	0.00662	100.151	13	0.9931	7	0.07	0.9992	99.9839	99.9875	0.0298	0	AlfI:100.00,AloI:100.00,BcgI:100.00,FalI:99.97	1031	13	1028	220	78.8462	ok	99.9865	gamma	99.9992	99.99	98.9	99.9617	328	343
GCA_003534955.1__GCA_905479175.1	GCA_003534955.1	GCA_905479175.1	97-100	test	99.18	strict		DPEJ01000259.1	CAJQLL010000001.1	99.3398	99.3843	0.6937	0.5524	0.03368	98.0599	185	0.9985	2	0.945	0.9629	99.1499	99.4498	0.2102	1.55	AlfI:99.28,AloI:99.44,BcgI:99.39,FalI:99.49	1821	185	1865	26	8.17838	ok	99.3398	gamma	99.2827	98.94	67.51	98.8933	455	510
GCA_003535215.1__GCA_902755205.1	GCA_003535215.1	GCA_902755205.1	97-100	train	98.49	strict		DOHM01000022.1	CACVMA010000001.1	99.1218	99.2143	0.7859	0.4702	0.04103	97.8587	153	0.9967	4	0.669	0.9523	99.0027	99.2804	0.35	2.61	AlfI:99.18,AloI:99.51,BcgI:99.16,FalI:99.20	1666	153	1713	31	8.98693	ok	99.1218	gamma	99.1521	98.54	54.68	98.8656	394	405
GCA_003537025.1__GCF_900156585.1	GCA_003537025.1	GCF_900156585.1	97-100	train	98.73	strict		DPJT01000015.1	NZ_FTNZ01000021.1	98.8262	99.101	0.9161	0.8137	0.03171	98.6559	30	0.9974	9	0.321	0.9451	98.7577	99.2169	0.1155	0.37	AlfI:99.06,AloI:99.18,BcgI:99.09,FalI:99.09	3477	30	3421	554	114.067	ok	98.8262	gamma	98.8748	98.61	74.35	98.5523	1325	1394
GCA_003537815.1__GCA_905201315.1	GCA_003537815.1	GCA_905201315.1	97-100	train	98.79	strict		DPQO01000001.1	CAJKNJ010000001.1	98.9282	99.0883	0.8222	0.7271	0.05378	98.3501	42	0.988	13	0.554	0.9449	98.7957	99.186	0.285	0.51	AlfI:98.88,AloI:99.04,BcgI:99.16,FalI:99.10	1138	42	1204	117	26.381	ok	98.9282	gamma	98.9895	98.29	76.42	98.413	454	520
GCA_003539535.1__GCA_018370305.1	GCA_003539535.1	GCA_018370305.1	97-100	train	98.37	strict		DPOX01000020.1	JAGZAQ010000012.1	98.6046	98.8877	0.8382	0.6379	0.0482	97.9287	50	0.9929	11	0.554	0.9325	98.3423	99.0779	0.2827	0.55	AlfI:98.85,AloI:99.13,BcgI:98.85,FalI:98.93	1640	50	1795	179	31.8	ok	98.6046	gamma	98.5194	98.26	64.96	97.992	434	503
GCA_003542775.1__GCF_016760265.1	GCA_003542775.1	GCF_016760265.1	97-100	train	97.69	strict		DPJZ01000061.1	NZ_BKBT01000001.1	97.7901	97.9932	0.821	0.6951	0.07777	97.199	76	0.9875	13	1.833	0.8739	97.6523	98.1624	0.3752	0.87	AlfI:97.75,AloI:98.05,BcgI:98.12,FalI:97.94	1169	76	1331	65	14.5	ok	97.7901	gamma	97.882	97.31	74.84	97.4351	473	521
GCA_003542775.1__GCF_016760285.1	GCA_003542775.1	GCF_016760285.1	97-100	train	97.68	strict		DPJZ01000061.1	NZ_BKBU01000001.1	97.7903	97.9935	0.8227	0.6964	0.07776	97.2052	75	0.9885	12	1.833	0.8739	97.6524	98.1627	0.3705	0.86	AlfI:97.75,AloI:98.05,BcgI:98.12,FalI:97.93	1169	75	1331	65	14.6933	ok	97.7903	gamma	97.8821	97.3	74.84	97.4554	475	521
GCA_003551885.1__GCA_007121875.1	GCA_003551885.1	GCA_007121875.1	97-100	test	99.58	strict		PUNV01000133.1	SKJS01000057.1	99.6677	99.7268	0.5009	0.71	0.01631	98.4384	329	0.968	93	0.146	0.9836	99.6143	99.7545	0.1741	3.22	AlfI:99.72,AloI:99.89,BcgI:99.72,FalI:99.80	3418	329	3318	40	9.56231	ok	99.6677	gamma	99.683	99.78	86.27	98.4636	380	732
GCA_003553145.1__GCA_003557985.1	GCA_003553145.1	GCA_003557985.1	97-100	train	99.45	strict		PUOY01000015.1	PWNB01000204.1	99.7626	99.7937	0.6428	0.7137	0.0123	98.8355	376	0.9777	88	0.141	0.9875	99.7321	99.809	0.1113	1.25	AlfI:99.82,AloI:99.83,BcgI:99.78,FalI:99.72	4656	376	4422	47	11.2686	ok	99.7626	gamma	99.7816	99.71	87.44	98.9207	626	898
GCA_003555365.1__GCA_017536985.1	GCA_003555365.1	GCA_017536985.1	97-100	train	98.46	strict		PWGZ01000273.1	JAFWCE010000043.1	98.7473	98.8242	0.6843	0.5616	0.02979	97.5586	375	0.9966	13	1.631	0.9277	98.6807	98.8726	0.1503	0.78	AlfI:98.87,AloI:98.76,BcgI:98.79,FalI:98.91	4348	375	4646	55	11.1547	ok	98.7473	gamma	98.7814	98.17	63.04	98.2901	541	669
GCA_003556235.1__GCA_007123475.1	GCA_003556235.1	GCA_007123475.1	97-100	train	99.61	strict		PWRM01000151.1	SKLA01000213.1	99.6503	99.6619	0.6205	0.6001	0.02075	98.3124	242	0.9903	21	0.605	0.9793	99.6961	99.6531	0.1324	2.46	AlfI:99.64,AloI:99.76,BcgI:99.64,FalI:99.77	2621	242	2585	33	9.82231	ok	99.6503	gamma	99.7641	99.59	73.68	99.0395	405	526
GCA_003556465.1__GCA_003564375.1	GCA_003556465.1	GCA_003564375.1	97-100	train	99.35	strict		PWRQ01000053.1	PXFM01000150.1	99.5803	99.5965	0.7461	0.679	0.02206	98.6873	211	0.9794	52	0.739	0.9755	99.5795	99.6012	0.0871	0.51	AlfI:99.61,AloI:99.67,BcgI:99.58,FalI:99.59	2926	211	2856	55	12.7062	ok	99.5803	gamma	99.6564	99.44	82.24	98.9978	500	586
GCA_003556885.1__GCA_007120735.1	GCA_003556885.1	GCA_007120735.1	97-100	train	99.68	strict		PWQE01000180.1	SKNB01000263.1	99.7977	99.8085	0.6763	0.7012	0.01367	98.8706	296	0.979	63	0.294	0.9882	99.7677	99.8192	0.1287	1.71	AlfI:99.86,AloI:99.83,BcgI:99.80,FalI:99.73	3698	296	3413	35	10.9155	ok	99.7977	gamma	99.8193	99.71	88.92	99.3029	787	987
GCA_003557615.1__GCA_007124755.1	GCA_003557615.1	GCA_007124755.1	97-100	train	99.64	strict		PWNX01000236.1	SLEN01000024.1	99.8394	99.851	0.6624	0.7342	0.0108	98.9995	376	0.9619	149	0.141	0.9907	99.8508	99.8511	0.0615	0.97	AlfI:99.86,AloI:99.84,BcgI:99.87,FalI:99.80	4551	376	4279	44	11.0106	ok	99.8394	gamma	99.8873	99.72	92.47	99.2522	825	1114
GCA_003557985.1__GCA_003568175.1	GCA_003557985.1	GCA_003568175.1	97-100	train	99.51	strict		PWNB01000204.1	PWXQ01000375.1	99.78	99.8023	0.7579	0.6622	0.01172	98.9981	411	0.987	53	0.166	0.988	99.7564	99.8136	0.099	0.94	AlfI:99.82,AloI:99.76,BcgI:99.80,FalI:99.86	4823	411	4657	65	10.8248	ok	99.78	gamma	99.8024	99.73	78.2	99.3006	652	750
GCA_003560055.1__GCA_003563265.1	GCA_003560055.1	GCA_003563265.1	97-100	train	99.57	strict		PWJK01000091.1	PWSJ01000050.1	99.8305	99.8415	0.5067	0.5485	0.01524	98.1505	254	0.9547	90	0.194	0.9904	99.8091	99.8501	0.0923	1.07	AlfI:99.85,AloI:99.78,BcgI:99.81,FalI:99.87	2645	254	2336	50	8.4685	ok	99.8305	gamma	99.8652	99.62	78.15	98.9761	567	869
GCA_003560415.1__GCA_003564115.1	GCA_003560415.1	GCA_003564115.1	97-100	train	99.53	strict		PWIM01000125.1	PWRY01000110.1	99.7233	99.7525	0.7271	0.6081	0.01126	98.7326	500	0.9913	49	0.194	0.985	99.705	99.7642	0.0659	0.24	AlfI:99.75,AloI:99.73,BcgI:99.75,FalI:99.79	6351	500	6285	51	12.12	ok	99.7233	gamma	99.749	99.61	70.94	99.2595	788	953
GCA_003560415.1__GCA_007126425.1	GCA_003560415.1	GCA_007126425.1	97-100	train	99.63	low-AF		PWIM01000125.1	SLBJ01000049.1	99.7545	99.7779	0.4102	0.6811	0.01381	98.2542	388	0.9688	101	0.178	0.9866	99.7516	99.7843	0.0502	0.28	AlfI:99.80,AloI:99.75,BcgI:99.77,FalI:99.80	3836	388	3735	36	9.07474	ok	99.7545	gamma	99.8034	99.74	86.02	98.0184	424	953
GCA_003560635.1__GCA_003564175.1	GCA_003560635.1	GCA_003564175.1	97-100	test	99.77	strict		PWKR01000220.1	PXFP01000070.1	99.8635	99.8635	0.4634	0.6238	0.01295	98.303	300	0.9577	97	inf	0.9917	99.8228	99.8733	0.0704	0.95	AlfI:99.84,AloI:99.91,BcgI:99.88,FalI:99.86	2919	300	2616	39	8.32333	ok	99.8635	uniform	99.874	99.75	82.15	98.7779	410	808
GCA_003561075.1__GCA_003561905.1	GCA_003561075.1	GCA_003561905.1	97-100	train	99.55	strict		PWIG01000408.1	PWXN01000212.1	99.6323	99.6571	0.5374	0.4839	0.02061	97.8666	279	0.9826	37	0.325	0.979	99.6766	99.6519	0.1165	1.79	AlfI:99.67,AloI:99.60,BcgI:99.71,FalI:99.59	2888	279	2729	36	8.46953	ok	99.6323	gamma	99.7451	99.47	64.54	98.4358	481	661
GCA_003561415.1__GCA_003564555.1	GCA_003561415.1	GCA_003564555.1	97-100	train	99.5	low-AF		PWWU01000136.1	PXFB01000085.1	99.7389	99.7769	0.3615	0.6643	0.01978	97.9396	168	0.9912	14	0.129	0.9859	99.726	99.7912	0.1442	1.42	AlfI:99.75,AloI:99.81,BcgI:99.79,FalI:99.67	2086	168	1963	44	10.4048	ok	99.7389	gamma	99.7982	99.42	84.01	99.1312	539	1180
GCA_003561545.1__GCA_003564695.1	GCA_003561545.1	GCA_003564695.1	97-100	test	99.45	strict		PWWH01000098.1	PXEQ01000042.1	99.7019	99.7381	0.6876	0.5541	0.0128	98.4891	432	0.9858	66	0.183	0.9842	99.6767	99.7533	0.0834	0.79	AlfI:99.70,AloI:99.73,BcgI:99.75,FalI:99.79	5297	432	5172	52	11.6019	ok	99.7019	gamma	99.7274	99.59	64.84	98.7446	589	738
GCA_003562035.1__GCA_003568175.1	GCA_003562035.1	GCA_003568175.1	97-100	train	99.53	strict		PWWX01000360.1	PWXQ01000375.1	99.8047	99.8232	0.7899	0.6357	0.01136	98.9908	372	0.9868	52	0.161	0.9892	99.781	99.8336	0.0963	1.57	AlfI:99.86,AloI:99.76,BcgI:99.82,FalI:99.81	4567	372	4431	52	11.4435	ok	99.8047	gamma	99.8256	99.73	74.33	99.4232	636	713
GCA_003562135.1__GCA_007121255.1	GCA_003562135.1	GCA_007121255.1	97-100	test	99.91	strict		PWWC01000257.1	SKMC01000132.1	99.9004	99.9073	0.6134	0.776	0.01005	99.1612	248	0.9812	50	0.092	0.9944	99.9	99.9092	0.0529	1.39	AlfI:99.93,AloI:99.95,BcgI:99.90,FalI:99.90	5406	248	3125	56	11.5484	ok	99.9004	gamma	99.9345	99.93	96.44	99.6428	737	1025
GCA_003562135.1__GCA_007136505.1	GCA_003562135.1	GCA_007136505.1	97-100	test	99.9	strict		PWWC01000257.1	SLGV01000304.1	99.9239	99.9265	0.6262	0.7644	0.00891	99.176	254	0.9808	51	0.17	0.9955	99.9009	99.9332	0.0222	0.34	AlfI:99.94,AloI:99.94,BcgI:99.93,FalI:99.92	5323	254	3154	58	11.2795	ok	99.9239	gamma	99.9351	99.94	94.58	99.6257	747	1025
GCA_003562515.1__GCA_007124975.1	GCA_003562515.1	GCA_007124975.1	97-100	train	99.62	low-AF		PWUR01000168.1	SLEC01000145.1	99.7163	99.7476	0.4805	0.6645	0.01535	98.2602	244	0.991	28	0.152	0.9846	99.7548	99.7458	0.2252	2.58	AlfI:99.71,AloI:99.77,BcgI:99.78,FalI:99.55	4383	244	3483	69	13.6721	ok	99.7163	gamma	99.8077	99.72	75.62	98.9593	438	783
GCA_003564115.1__GCA_007126425.1	GCA_003564115.1	GCA_007126425.1	97-100	train	99.73	low-AF		PWRY01000110.1	SLBJ01000049.1	99.829	99.8305	0.3876	0.7702	0.0115	98.4452	374	0.9565	165	0.689	0.9898	99.8866	99.8171	0.1978	0.11	AlfI:99.83,AloI:99.80,BcgI:99.83,FalI:100.00	4214	374	4084	41	10.7059	ok	99.829	gamma	99.9194	99.72	94.86	98.9856	475	1243
GCA_003564595.1__GCA_007116325.1	GCA_003564595.1	GCA_007116325.1	97-100	test	99.89	strict		PXEV01000102.1	SKIT01000164.1	99.9177	99.92	0.4718	0.5377	0.01264	98.06	178	0.9751	35	0.07	0.9952	99.9703	99.9073	0.0581	1.12	AlfI:99.91,AloI:99.94,BcgI:99.94,FalI:99.88	1812	178	1665	28	8.70787	ok	99.9177	gamma	99.9919	99.77	70.67	99.0481	349	589
GCA_003564595.1__GCA_007124025.1	GCA_003564595.1	GCA_007124025.1	97-100	test	99.91	strict		PXEV01000102.1	SLFW01000135.1	99.9173	99.9228	0.5732	0.5844	0.01151	98.386	176	0.986	23	0.07	0.9953	99.9323	99.9204	0.0828	2.31	AlfI:99.92,AloI:99.96,BcgI:99.95,FalI:99.87	2016	176	1945	46	10.2102	ok	99.9173	gamma	99.9663	99.79	71.75	99.5516	412	589
GCA_003564625.1__GCA_007130795.1	GCA_003564625.1	GCA_007130795.1	97-100	train	99.67	strict		PXEU01000039.1	SLRV01000141.1	99.698	99.7035	0.8429	0.917	0.01233	99.4426	263	0.9766	143	1.014	0.9821	99.7131	99.7011	0.0517	0.79	AlfI:99.69,AloI:99.72,BcgI:99.72,FalI:99.67	6309	263	6350	135	23.7414	ok	99.698	gamma	99.7563	99.64	98.09	99.4343	890	1080
GCA_003566115.1__GCA_007129125.1	GCA_003566115.1	GCA_007129125.1	97-100	test	99.65	strict		PXEX01000443.1	SKWD01000114.1	99.7956	99.8008	0.6074	0.6336	0.01252	98.6344	424	0.9749	89	0.487	0.9879	99.8044	99.7999	0.0587	1.09	AlfI:99.83,AloI:99.78,BcgI:99.79,FalI:99.84	4297	424	4117	34	9.1533	ok	99.7956	gamma	99.8479	99.61	80.33	98.9448	554	753
GCA_003567995.1__GCA_007123295.1	GCA_003567995.1	GCA_007123295.1	97-100	train	99.43	strict		PWYC01000090.1	SKLJ01000031.1	99.6703	99.6931	0.5567	0.7754	0.02372	98.5466	125	0.9667	55	0.321	0.9813	99.6667	99.7	0.07	0.42	AlfI:99.72,AloI:99.74,BcgI:99.67,FalI:99.68	1874	125	1817	76	13.768	ok	99.6703	gamma	99.751	99.37	93.16	99.0207	326	546
GCA_003568135.1__GCA_007130225.1	GCA_003568135.1	GCA_007130225.1	97-100	test	99.76	strict		PWXS01000038.1	SLSX01000032.1	99.8848	99.8848	0.5269	0.4192	0.03642	97.7149	26	0.9617	10	inf	0.993	99.8936	99.8823	0.157	0.02	AlfI:99.87,AloI:100.00,BcgI:100.00,FalI:99.84	359	26	310	31	10.6538	ok	99.8848	uniform	99.9811	99.54	54.88	99.3484	74	114
GCA_003577345.1__GCA_013360835.1	GCA_003577345.1	GCA_013360835.1	97-100	train	99.12	strict		QEVA01000220.1	JABWAV010000191.1	99.6404	99.7301	0.7195	0.7998	0.01391	99.0571	316	0.9862	57	0.111	0.9836	99.5598	99.7738	0.0376	0.39	AlfI:99.72,AloI:99.71,BcgI:99.74,FalI:99.71	4692	316	4643	75	13.8924	ok	99.6404	gamma	99.622	99.12	93.04	99.281	854	1066
GCA_003585625.1__GCF_000263655.1	GCA_003585625.1	GCF_000263655.1	97-100	train	97.55	strict		NQOI01000013.1	NZ_ADEW01000001.1	97.9437	98.4814	0.9251	0.9524	0.04823	98.3949	21	0.9954	10	0.538	0.9062	97.7388	98.7938	0.0864	0.12	AlfI:98.51,AloI:98.43,BcgI:98.45,FalI:98.49	2211	21	2557	287	103.762	ok	97.9437	gamma	97.9005	97.7	84.81	97.4181	477	541
GCA_003644685.1__GCA_003644735.1	GCA_003644685.1	GCA_003644735.1	97-100	test	98.51	strict		QNDA01000001.1	QNDD01000001.1	98.8491	99.0294	0.4806	0.5007	0.04635	97.076	189	0.9789	25	0.571	0.9391	98.726	99.1354	0.2328	0.72	AlfI:99.18,AloI:98.95,BcgI:99.03,FalI:99.06	1768	189	1706	27	7.14815	ok	98.8491	gamma	98.8904	98.13	69.17	97.0939	352	512
GCA_003672125.1__GCA_018671035.1	GCA_003672125.1	GCA_018671035.1	97-100	train	99.16	strict		DQKI01000001.1	JABHIM010000078.1	99.4736	99.4736	0.6733	0.7317	0.04293	98.4627	69	0.9594	38	inf	0.9679	99.3991	99.4951	0.164	0.54	AlfI:99.35,AloI:99.41,BcgI:99.49,FalI:99.52	1061	69	1010	52	14	ok	99.4736	uniform	99.5498	98.86	90.8	98.6971	385	495
GCA_003696925.1__GCA_015296045.1	GCA_003696925.1	GCA_015296045.1	97-100	train	99.78	strict		RFFR01000157.1	DVDW01000021.1	99.8048	99.8048	0.8747	0.8491	0.01458	99.566	183	0.9957	12	inf	0.9882	99.8189	99.8013	0.0782	0.38	AlfI:99.82,AloI:99.74,BcgI:99.81,FalI:99.79	3016	183	3019	55	16.082	ok	99.8048	uniform	99.8674	99.74	93.88	99.6785	644	677
GCA_003709175.1__GCA_004124485.1	GCA_003709175.1	GCA_004124485.1	97-100	test	97.65	low-AF		RDRY01000081.1	SCKL01000035.1	98.3074	98.4922	0.3281	0.2647	0.12718	95.4068	35	0.9698	7	1.224	0.9063	98.1999	98.6163	0.2794	0.25	AlfI:98.51,AloI:98.64,BcgI:98.59,FalI:98.36	430	35	363	23	7.42857	ok	98.3074	gamma	98.601	97.13	46.83	96.7001	243	426
GCA_003712035.1__GCA_017641265.1	GCA_003712035.1	GCA_017641265.1	97-100	test	98.91	strict		RHLI01000004.1	JAEPOX010000008.1	99.0812	99.2982	0.9452	0.9273	0.0172	98.8407	22	0.998	15	0.303	0.9574	98.9034	99.4123	0.0491	0.19	AlfI:99.30,AloI:99.31,BcgI:99.29,FalI:99.34	7652	22	8169	1473	346.318	ok	99.0812	gamma	98.9745	99.08	92.01	98.918	1145	1206
GCA_003762755.1__GCA_009775475.1	GCA_003762755.1	GCA_009775475.1	97-100	test	98.97	strict		RIBD01000001.1	VSPR01000001.1	99.1906	99.366	0.7061	0.886	0.02391	98.6648	101	0.9853	52	0.312	0.9616	98.9956	99.471	0.2568	3.73	AlfI:99.48,AloI:99.43,BcgI:99.35,FalI:99.22	3646	101	3834	144	35.4554	ok	99.1906	gamma	99.0957	98.99	92.28	98.8	765	1055
GCA_003762805.1__GCA_009775475.1	GCA_003762805.1	GCA_009775475.1	97-100	test	98.98	strict		RIBF01000001.1	VSPR01000001.1	99.1988	99.3673	0.6983	0.8863	0.02388	98.6515	102	0.9856	51	0.321	0.9617	99.004	99.4702	0.2472	3.48	AlfI:99.47,AloI:99.44,BcgI:99.35,FalI:99.23	3651	102	3834	144	35.1569	ok	99.1988	gamma	99.1037	98.99	92.3	98.7696	767	1055
GCA_003966995.1__GCF_011317485.1	GCA_003966995.1	GCF_011317485.1	97-100	train	99.99	strict		AP017626.1	NZ_WUJM01000001.1	99.9969	99.9969	0.8298	0.8423	0.00101	99.7063	554	0.9413	551	0.07	0.9998	99.9877	99.9992	0.0094	0.39	AlfI:100.00,AloI:100.00,BcgI:100.00,FalI:99.99	10005	554	9390	107	16.9603	ok	99.9969	gamma	99.9942	99.97	99.38	99.6112	1218	1667
GCA_003979385.1__GCF_004803935.1	GCA_003979385.1	GCF_004803935.1	97-100	test	99.29	strict		RYWR01000039.1	NZ_CP039547.1	99.5034	99.6022	0.9271	0.5858	0.0201	98.7042	114	0.999	3	0.17	0.976	99.4623	99.6387	0.0993	0.6	AlfI:99.60,AloI:99.56,BcgI:99.59,FalI:99.66	3206	114	3290	169	27.7368	ok	99.5034	gamma	99.5435	99.4	60.2	99.3156	632	647
GCA_004006215.1__GCF_004551665.1	GCA_004006215.1	GCF_004551665.1	97-100	train	98.13	strict		CP021250.1	NZ_CP033936.1	98.5776	98.7947	0.8955	0.9298	0.02339	98.3545	68	0.9909	67	0.709	0.9258	98.4503	98.9143	0.1673	1.74	AlfI:98.83,AloI:98.91,BcgI:98.74,FalI:98.86	7563	68	7852	811	108.838	ok	98.5776	gamma	98.5321	98.22	88.5	98.0856	1193	1308
GCA_004212715.1__GCA_905478345.1	GCA_004212715.1	GCA_905478345.1	97-100	test	99.33	strict		SHAW01000001.1	CAJQIF010000001.1	99.6081	99.6081	0.6694	0.5553	0.03895	98.1575	79	0.9915	6	inf	0.9762	99.6318	99.6017	0.2203	0.57	AlfI:99.63,AloI:99.41,BcgI:99.61,FalI:99.64	955	79	896	39	9.81013	ok	99.6081	uniform	99.7554	99.09	71.84	99.0971	365	433
GCA_004213355.1__GCA_902604955.1	GCA_004213355.1	GCA_902604955.1	97-100	train	98.26	strict		SGYU01000001.1	CACLAL010000001.1	98.413	98.413	0.678	0.8435	0.10495	97.6516	25	0.9608	20	inf	0.9027	98.4264	98.4118	0.6245	1.02	AlfI:98.86,AloI:98.52,BcgI:98.23,FalI:98.36	539	25	570	57	20.6	ok	98.413	uniform	98.7379	98.01	95.64	97.9152	249	347
GCA_004213395.1__GCA_902572725.1	GCA_004213395.1	GCA_902572725.1	97-100	train	99.5	low-AF		SHAF01000001.1	CACGGO010000001.1	99.5734	99.5734	0.4791	0.7246	0.02866	98.0686	73	0.9727	45	inf	0.9741	99.5428	99.5815	0.1344	0.75	AlfI:99.54,AloI:99.53,BcgI:99.57,FalI:99.66	1738	73	1732	225	22.9452	ok	99.5734	uniform	99.6446	99.27	79.97	98.9929	374	758
GCA_004213445.1__GCA_009391625.1	GCA_004213445.1	GCA_009391625.1	97-100	train	99.67	strict		SGYX01000001.1	VFGS01000001.1	99.7299	99.7299	0.788	0.6314	0.03935	98.7091	50	0.9772	13	inf	0.9835	99.8435	99.6975	0.2285	0.83	AlfI:99.55,AloI:99.66,BcgI:99.71,FalI:99.77	644	50	628	35	12.16	ok	99.7299	uniform	99.9318	99.28	76.59	99.4925	285	315
GCA_004283095.1__GCA_018677255.1	GCA_004283095.1	GCA_018677255.1	97-100	train	99.49	strict		SHLR01000254.1	JAHHNQ010000240.1	99.7979	99.826	0.6678	0.7199	0.01052	99.0169	476	0.9714	127	0.092	0.9895	99.8023	99.8318	0.0101	0.06	AlfI:99.83,AloI:99.83,BcgI:99.82,FalI:99.82	5266	476	5053	39	10.0735	ok	99.7979	gamma	99.8422	99.68	89.55	98.8795	503	675
GCA_004292525.1__GCA_004293465.1	GCA_004292525.1	GCA_004293465.1	97-100	train	99.41	strict		RDXC01000477.1	RDYS01000252.1	99.8887	99.9036	0.5678	0.6267	0.00902	98.6615	394	0.9703	94	0.07	0.9942	99.8609	99.9144	0.0868	1.32	AlfI:99.92,AloI:99.83,BcgI:99.91,FalI:99.89	4738	394	3913	46	8.79949	ok	99.8887	gamma	99.8981	99.53	87.08	99.0954	1107	1530
GCA_004292525.1__GCA_004293515.1	GCA_004292525.1	GCA_004293515.1	97-100	train	99.26	strict		RDXC01000477.1	RDZB01000001.1	99.8346	99.8709	0.7385	0.6647	0.00948	99.0069	366	0.9919	32	0.07	0.9922	99.7679	99.897	0.0689	0.82	AlfI:99.89,AloI:99.82,BcgI:99.87,FalI:99.87	5409	366	4767	69	11.7186	ok	99.8346	gamma	99.8123	99.8	79.9	99.6325	1364	1530
GCA_004292975.1__GCA_004294245.1	GCA_004292975.1	GCA_004294245.1	97-100	test	98.64	strict		RDXS01000237.1	REAC01000065.1	99.2955	99.4464	0.3333	0.3335	0.04797	96.6452	64	1	0	0.221	0.9668	99.2485	99.5035	0.471	3.08	AlfI:99.55,AloI:99.86,BcgI:99.45,FalI:99.39	1096	64	864	13	6.375	ok	99.2955	gamma	99.4312	98.65	64.01	97.2083	419	598
GCA_004293395.1__GCA_004293515.1	GCA_004293395.1	GCA_004293515.1	97-100	train	99.55	strict		RDYI01000333.1	RDZB01000001.1	99.9727	99.9747	0.8061	0.7904	0.00396	99.4692	290	0.9918	40	0.07	0.9985	99.9229	99.9876	0.0168	1.52	AlfI:99.99,AloI:99.97,BcgI:99.97,FalI:99.97	6094	290	5343	81	17.7483	ok	99.9727	gamma	99.9464	99.91	89.23	99.8477	1657	1828
GCA_004552785.1__GCA_900541165.1	GCA_004552785.1	GCA_900541165.1	97-100	train	97.11	strict		SFNL01000031.1	UQIZ01000001.1	97.7671	97.8636	0.7391	0.5653	0.05571	96.5313	125	0.9905	20	3.817	0.8625	97.7217	97.9378	0.2506	0.81	AlfI:97.99,AloI:97.93,BcgI:97.82,FalI:97.74	2337	125	2664	65	17.76	ok	97.7671	gamma	97.8798	96.84	53.45	96.8297	509	597
GCA_004552785.1__GCA_905195025.1	GCA_004552785.1	GCA_905195025.1	97-100	train	97.08	strict		SFNL01000031.1	CAJJUD010000001.1	97.7126	97.9014	0.7649	0.6286	0.05472	96.7644	125	0.9902	21	2.086	0.8652	97.6197	98.0493	0.3862	3.26	AlfI:98.15,AloI:98.07,BcgI:97.76,FalI:97.82	2351	125	2745	64	18.032	ok	97.7126	gamma	97.7774	96.98	57.6	96.919	514	597
GCA_004553345.1__GCA_018385255.1	GCA_004553345.1	GCA_018385255.1	97-100	train	99.45	strict		SFLV01000067.1	JAHAZH010000033.1	99.6022	99.6022	0.7146	0.7268	0.02761	98.6225	64	0.9934	11	inf	0.9757	99.6405	99.5919	0.1246	1.14	AlfI:99.61,AloI:99.67,BcgI:99.54,FalI:99.65	1752	64	1776	70	27	ok	99.6022	uniform	99.7292	99.3	75.83	99.2771	356	450
GCA_004555945.1__GCA_905200965.1	GCA_004555945.1	GCA_905200965.1	97-100	train	97.3	strict		SFJF01000083.1	CAJKMM010000001.1	97.864	98.13	0.8515	0.6967	0.04033	97.2566	131	0.9856	53	1.434	0.8816	97.6024	98.3832	0.3067	3.76	AlfI:98.26,AloI:98.17,BcgI:97.99,FalI:97.96	3860	131	4463	156	28.6336	ok	97.864	gamma	97.7253	97.28	63.57	97.0937	612	692
GCA_004556815.1__GCA_004562555.1	GCA_004556815.1	GCA_004562555.1	97-100	train	98.26	strict		SFFR01000002.1	SFQL01000156.1	98.6251	98.7627	0.5786	0.6689	0.04838	97.4604	168	0.9357	108	1.107	0.924	98.5184	98.8507	0.4556	5.32	AlfI:98.97,AloI:99.03,BcgI:98.57,FalI:98.66	1965	168	1927	45	10.3512	ok	98.6251	gamma	98.6817	98.14	90.41	97.9284	355	559
GCA_004557615.1__GCA_905209415.1	GCA_004557615.1	GCA_905209415.1	97-100	test	99.31	strict		SFGK01000019.1	CAJLSS010000001.1	99.6097	99.635	0.8777	0.8618	0.0178	99.2381	61	0.9912	32	0.538	0.978	99.5068	99.6677	0.1867	3.09	AlfI:99.67,AloI:99.57,BcgI:99.60,FalI:99.76	3709	61	3795	283	60.3443	ok	99.6097	gamma	99.5795	99.29	87.07	99.164	479	551
GCA_004563445.1__GCA_016296925.1	GCA_004563445.1	GCA_016296925.1	97-100	train	99.14	strict		SFTC01000098.1	JAEDHP010000080.1	99.3706	99.4278	0.7042	0.8431	0.02458	98.7432	158	0.976	71	0.588	0.9652	99.2853	99.4669	0.1126	0.75	AlfI:99.41,AloI:99.40,BcgI:99.47,FalI:99.35	3101	158	3195	84	19.2658	ok	99.3706	gamma	99.3793	99.13	94.18	98.8933	500	662
GCA_004768385.1__GCA_004768435.1	GCA_004768385.1	GCA_004768435.1	97-100	train	98.86	strict		SRMN01000021.1	SRMM01000001.1	99.2693	99.5539	0.8185	0.7214	0.02078	98.7851	181	0.9974	8	0.129	0.973	99.0931	99.6771	0.1319	0.43	AlfI:99.56,AloI:99.59,BcgI:99.56,FalI:99.46	3348	181	3493	59	17.9171	ok	99.2693	gamma	99.1932	99.13	74.69	98.8747	481	532
GCA_005768775.1__GCA_905369865.1	GCA_005768775.1	GCA_905369865.1	97-100	train	97.37	strict		VAFN01000005.1	CAJPJQ010000001.1	98.3961	98.6385	0.2759	0.3292	0.09611	95.6888	70	0.9154	38	0.739	0.9164	98.3197	98.7633	0.1942	0.1	AlfI:98.81,AloI:98.61,BcgI:98.64,FalI:98.62	853	70	587	19	6.87143	ok	98.3961	gamma	98.634	98.04	72.49	96.5872	366	642
GCA_005776525.1__GCA_005790695.1	GCA_005776525.1	GCA_005790695.1	97-100	test	99.89	strict		SXOZ01000025.1	SXTZ01000041.1	99.9717	99.9717	0.583	0.6274	0.01266	98.5143	62	0.98	9	inf	0.9983	99.9208	99.9856	0.0812	0.03	AlfI:99.94,AloI:100.00,BcgI:99.92,FalI:100.00	680	62	617	21	8.09677	ok	99.9717	uniform	99.9784	99.9	93.64	99.4614	276	334
GCA_005777705.1__GCA_005790615.1	GCA_005777705.1	GCA_005790615.1	97-100	train	99.92	strict		SXLM01000003.1	SXUG01000047.1	99.9633	99.9644	0.812	0.804	0.00525	99.5034	274	0.9722	111	0.07	0.9978	99.9644	99.9644	0.0359	2.11	AlfI:99.95,AloI:99.99,BcgI:99.97,FalI:99.95	4237	274	4172	67	15.146	ok	99.9633	gamma	99.9814	99.93	89.39	99.6395	615	775
GCA_005777705.1__GCA_005800055.1	GCA_005777705.1	GCA_005800055.1	97-100	train	99.93	strict		SXLM01000003.1	SYHS01000017.1	99.9729	99.9733	0.9217	0.8079	0.00432	99.6323	182	0.9973	12	0.07	0.9984	99.9785	99.9721	0.006	0.07	AlfI:99.98,AloI:99.98,BcgI:99.97,FalI:99.97	4634	182	4604	114	25.1978	ok	99.9729	gamma	99.9906	99.95	85.71	99.9284	747	775
GCA_005777725.1__GCA_005792345.1	GCA_005777725.1	GCA_005792345.1	97-100	test	99.99	strict		SXLJ01000007.1	SXSG01000003.1	99.9972	99.9972	0.6474	0.9799	0.00271	99.4905	13	0.9992	1	inf	0.9998	99.9999	99.9965	0.0071	0	AlfI:100.00,AloI:100.00,BcgI:99.99,FalI:100.00	1220	13	1221	329	93.7692	ok	99.9972	uniform	100	99.94	98.83	99.9977	395	609
GCA_005777725.1__GCA_005797875.1	GCA_005777725.1	GCA_005797875.1	97-100	test	99.99	strict		SXLJ01000007.1	SYKF01000002.1	99.9957	99.9957	0.8039	0.9782	0.00302	99.8319	23	0.998	3	inf	0.9997	99.9999	99.9946	0.011	0	AlfI:100.00,AloI:100.00,BcgI:99.99,FalI:100.00	1552	23	1553	185	67.3913	ok	99.9957	uniform	100	99.97	98.82	99.9943	488	609
GCA_005787845.1__GCA_005799035.1	GCA_005787845.1	GCA_005799035.1	97-100	train	99.79	strict		SXZQ01000009.1	SYHY01000052.1	99.8014	99.8291	0.5133	0.4628	0.03918	97.752	44	0.9435	17	0.07	0.9895	99.8375	99.8267	0.2238	1.09	AlfI:99.69,AloI:99.90,BcgI:99.68,FalI:99.87	491	44	399	17	7.45455	ok	99.8014	gamma	99.9445	99.76	80.63	99.4322	234	318
GCA_005789365.1__GCA_005792965.1	GCA_005789365.1	GCA_005792965.1	97-100	train	99.87	strict		SXXX01000019.1	SXQJ01000012.1	99.8867	99.8897	0.8438	0.7866	0.01423	99.4343	131	0.9987	2	0.227	0.9933	99.9001	99.8871	0.0708	0.73	AlfI:99.92,AloI:99.85,BcgI:99.88,FalI:99.88	1829	131	1814	51	13.145	ok	99.8867	gamma	99.944	99.86	90.34	99.8321	510	526
GCA_005790615.1__GCA_005800055.1	GCA_005790615.1	GCA_005800055.1	97-100	train	99.94	strict		SXUG01000047.1	SYHS01000017.1	99.9646	99.9662	0.8931	0.7903	0.00487	99.6435	290	0.9969	13	0.07	0.998	99.9497	99.9702	0.0206	0.6	AlfI:99.96,AloI:99.96,BcgI:99.97,FalI:99.95	4620	290	4593	69	15.5897	ok	99.9646	gamma	99.9696	99.89	85.65	99.9154	699	723
GCA_005792345.1__GCA_005797875.1	GCA_005792345.1	GCA_005797875.1	97-100	test	99.99	strict		SXSG01000003.1	SYKF01000002.1	99.9999	99.9999	0.7141	0.5745	0.60963	97.5573	14	0.9978	2	inf	1	99.9999	99.9999	0	0	AlfI:100.00,AloI:100.00,BcgI:100.00,FalI:100.00	906	14	906	277	64.6429	ok	99.9999	uniform	100	99.91	57.89	99.9841	286	404
GCA_005792965.1__GCA_005805455.1	GCA_005792965.1	GCA_005805455.1	97-100	train	99.91	strict		SXQJ01000012.1	SYML01000010.1	99.934	99.934	0.9573	0.9621	0.01044	100.069	46	0.9969	6	inf	0.996	99.9102	99.94	0.0318	0.16	AlfI:99.94,AloI:99.91,BcgI:99.93,FalI:99.94	2009	46	2018	174	43.2609	ok	99.934	uniform	99.9496	99.92	99.59	99.927	614	632
GCA_005799295.1__GCA_005808605.1	GCA_005799295.1	GCA_005808605.1	97-100	test	99.42	strict		SYHB01000069.1	SYLO01000039.1	99.5082	99.5289	0.8021	0.6524	0.02463	98.6883	201	0.9882	27	0.631	0.9714	99.6094	99.5081	0.1089	0.2	AlfI:99.52,AloI:99.58,BcgI:99.53,FalI:99.47	2553	201	2534	62	12.2488	ok	99.5082	gamma	99.6878	99.48	74.8	98.9962	270	310
GCA_005877575.1__GCA_005877605.1	GCA_005877575.1	GCA_005877605.1	97-100	train	99.15	strict		VBOH01000108.1	VBOE01000135.1	99.4242	99.587	0.6485	0.6219	0.0209	98.3602	280	0.9849	40	0.147	0.9747	99.3121	99.6617	0.057	0.35	AlfI:99.63,AloI:99.58,BcgI:99.58,FalI:99.57	3467	280	3220	41	10.3321	ok	99.4242	gamma	99.4039	99.03	72.98	98.9484	530	646
GCA_005878575.1__GCA_005879105.1	GCA_005878575.1	GCA_005879105.1	97-100	test	99.45	strict		VBLY01000077.1	VBLQ01000072.1	99.6692	99.7266	0.8126	0.6246	0.01941	98.7916	173	0.9901	22	0.129	0.9831	99.6555	99.7455	0.1917	2.93	AlfI:99.57,AloI:99.66,BcgI:99.77,FalI:99.76	2459	173	2441	72	13.7225	ok	99.6692	gamma	99.7297	99.52	70.78	99.3151	403	447
GCA_005879625.1__GCA_005880215.1	GCA_005879625.1	GCA_005880215.1	97-100	test	98.98	strict		VBJZ01000107.1	VBJO01000119.1	99.3016	99.4983	0.7387	0.8585	0.01662	98.9264	337	0.9752	137	0.178	0.9697	99.1776	99.5842	0.1011	0.48	AlfI:99.48,AloI:99.52,BcgI:99.51,FalI:99.42	5928	337	6099	84	17	ok	99.3016	gamma	99.2506	99.24	94.14	98.8953	664	903
GCA_005880425.1__GCA_005880595.1	GCA_005880425.1	GCA_005880595.1	97-100	train	98.21	strict		VBHH01000346.1	VBIX01000163.1	98.7328	98.9498	0.4083	0.4308	0.03771	96.7184	264	0.9812	34	0.516	0.9358	98.6853	99.0374	0.174	1.2	AlfI:98.84,AloI:98.96,BcgI:99.01,FalI:98.94	2712	264	2626	24	7.73106	ok	98.7328	gamma	98.8191	98.16	60.31	97.0912	486	854
GCA_005881185.1__GCA_005883535.1	GCA_005881185.1	GCA_005883535.1	97-100	train	97.78	strict		VBFB01000260.1	VBFP01000190.1	98.493	98.6372	0.5896	0.7096	0.0367	97.4703	266	0.9643	108	1.336	0.9155	98.3326	98.7508	0.3246	1.22	AlfI:98.70,AloI:98.60,BcgI:98.65,FalI:98.38	3546	266	3657	75	11.9737	ok	98.493	gamma	98.4551	97.94	84.83	97.0948	512	796
GCA_005882515.1__GCA_005885585.1	GCA_005882515.1	GCA_005885585.1	97-100	train	98.54	strict		VAYZ01000091.1	VAWJ01000039.1	99.3559	99.5835	0.8173	0.7005	0.01989	98.8101	222	0.9933	21	0.111	0.9744	99.2834	99.6653	0.321	5.59	AlfI:99.40,AloI:99.50,BcgI:99.63,FalI:99.72	3493	222	3573	60	14.973	ok	99.3559	gamma	99.3721	99.18	77.1	99.1128	535	576
GCA_005883535.1__GCA_005889125.1	GCA_005883535.1	GCA_005889125.1	97-100	train	97.74	strict		VBFP01000190.1	VBEB01000162.1	98.7751	98.8903	0.6633	0.6471	0.03389	97.7793	290	0.9731	74	1.075	0.9319	98.6627	98.9657	0.2516	1.09	AlfI:98.86,AloI:98.67,BcgI:98.92,FalI:98.89	3313	290	3394	44	10.2414	ok	98.7751	gamma	98.7809	97.95	75.48	97.6427	452	589
GCA_005885195.1__GCA_005885225.1	GCA_005885195.1	GCA_005885225.1	97-100	train	98.16	strict		VAXN01000137.1	VAXJ01000144.1	98.912	99.1185	0.6556	0.5611	0.0332	97.7713	270	0.9789	45	0.416	0.9462	98.8087	99.2131	0.2055	0.74	AlfI:99.15,AloI:99.26,BcgI:99.10,FalI:99.06	2820	270	2781	39	8.74815	ok	98.912	gamma	98.9337	97.99	66.9	97.6647	384	463
GCA_006226575.1__GCA_006226625.1	GCA_006226575.1	GCA_006226625.1	97-100	test	99.25	low-AF		SBGY01000252.1	SBGN01000089.1	99.4628	99.5135	0.3943	0.5159	0.02523	97.5267	306	0.9624	76	0.345	0.9702	99.5214	99.5113	0.0577	0.15	AlfI:99.52,AloI:99.50,BcgI:99.52,FalI:99.47	2781	306	2560	62	7.35948	ok	99.4628	gamma	99.6075	99.05	76.11	97.911	419	818
GCA_006228015.1__GCA_006228035.1	GCA_006228015.1	GCA_006228035.1	97-100	train	99.98	strict		VDHC01000001.1	VDHD01000001.1	99.9981	99.9981	0.8665	0.8641	0.00135	99.7701	174	0.9861	43	inf	0.9999	99.9999	99.9976	0.0038	0	AlfI:100.00,AloI:100.00,BcgI:100.00,FalI:100.00	3507	174	3308	89	18.523	ok	99.9981	uniform	100	99.97	98.1	99.8877	711	770
GCA_007116325.1__GCA_007122615.1	GCA_007116325.1	GCA_007122615.1	97-100	test	99.84	strict		SKIT01000164.1	SKTE01000160.1	99.8789	99.8889	0.536	0.4352	0.01457	97.9523	209	0.9715	39	0.07	0.9933	99.9151	99.8823	0.097	2.14	AlfI:99.85,AloI:99.94,BcgI:99.92,FalI:99.86	1961	209	1748	20	7.36842	ok	99.8789	gamma	99.9557	99.2	62.71	98.6896	363	530
GCA_007118405.1__GCA_007132805.1	GCA_007118405.1	GCA_007132805.1	97-100	train	99.5	strict		SKRQ01000137.1	SLNY01000174.1	99.7607	99.7978	0.6973	0.7041	0.01436	98.8532	246	0.9784	62	0.097	0.9877	99.7662	99.8056	0.0622	0.52	AlfI:99.79,AloI:99.85,BcgI:99.79,FalI:99.80	3268	246	3174	53	12.439	ok	99.7607	gamma	99.8202	99.47	84.28	98.9364	341	441
GCA_007118755.1__GCA_007125865.1	GCA_007118755.1	GCA_007125865.1	97-100	train	99.83	strict		SKQY01000299.1	SLCL01000037.1	99.8614	99.8634	0.8213	0.6696	0.0105	99.1841	351	0.9949	18	0.473	0.9917	99.8847	99.8582	0.1258	2.73	AlfI:99.82,AloI:99.90,BcgI:99.87,FalI:99.94	4006	351	3982	44	10.9573	ok	99.8614	gamma	99.918	99.87	77.39	99.7423	570	611
GCA_007118845.1__GCA_007133475.1	GCA_007118845.1	GCA_007133475.1	97-100	test	99.83	strict		SKQT01000015.1	SLMQ01000152.1	99.9052	99.9091	0.8022	0.8312	0.00918	99.4499	200	0.9835	54	0.133	0.9945	99.9108	99.9087	0.0158	0.12	AlfI:99.91,AloI:99.91,BcgI:99.91,FalI:99.92	3580	200	3511	73	17.115	ok	99.9052	gamma	99.9416	99.82	93.91	99.5824	687	803
GCA_007120115.1__GCA_007127115.1	GCA_007120115.1	GCA_007127115.1	97-100	test	99.84	strict		SKOI01000411.1	SKZZ01000281.1	99.8715	99.8752	0.8169	0.6102	0.00888	99.0316	408	0.9904	44	0.286	0.9924	99.8669	99.8773	0.0508	1.12	AlfI:99.87,AloI:99.91,BcgI:99.87,FalI:99.92	5099	408	5068	74	12.1373	ok	99.8715	gamma	99.8991	99.83	69.22	99.5157	587	668
GCA_007121255.1__GCA_007136505.1	GCA_007121255.1	GCA_007136505.1	97-100	test	99.93	strict		SKMC01000132.1	SLGV01000304.1	99.9305	99.9346	0.7672	0.7407	0.00852	99.4085	248	0.9925	19	0.084	0.996	99.9251	99.937	0.0514	2.58	AlfI:99.97,AloI:99.92,BcgI:99.93,FalI:99.92	4840	248	3070	56	11.1008	ok	99.9305	gamma	99.9547	99.94	90.38	99.7746	707	789
GCA_007121905.1__GCA_007129935.1	GCA_007121905.1	GCA_007129935.1	97-100	train	99.91	strict		SKJR01000169.1	SKUP01000003.1	99.9747	99.9755	0.6812	0.5502	0.00463	98.7795	413	0.9851	47	0.07	0.9985	99.961	99.9792	0.0294	2.94	AlfI:99.97,AloI:99.98,BcgI:99.97,FalI:99.99	3988	413	3763	30	8.50363	ok	99.9747	gamma	99.9796	99.76	70.72	99.2168	570	681
GCA_007125865.1__GCA_007132815.1	GCA_007125865.1	GCA_007132815.1	97-100	train	99.92	strict		SLCL01000037.1	SLNW01000203.1	99.9438	99.9451	0.8285	0.8417	0.00599	99.6253	329	0.9906	42	0.121	0.9966	99.9533	99.9431	0.0491	1.71	AlfI:99.93,AloI:99.97,BcgI:99.95,FalI:99.98	4886	329	4905	64	14.5167	ok	99.9438	gamma	99.9717	99.92	94.34	99.7737	719	813
GCA_007129275.1__GCA_007130315.1	GCA_007129275.1	GCA_007130315.1	97-100	train	99.87	strict		SKVV01000064.1	SLSS01000099.1	99.904	99.904	0.8367	0.8794	0.00758	99.595	263	0.9868	71	inf	0.9941	99.8973	99.9058	0.0293	0.4	AlfI:99.92,AloI:99.90,BcgI:99.90,FalI:99.89	5680	263	5521	135	21.1293	ok	99.904	uniform	99.9241	99.89	93.33	99.6904	1082	1246
GCA_007859155.1__GCF_001618265.1	GCA_007859155.1	GCF_001618265.1	97-100	train	99.53	strict		FR872668.1	NZ_LVEB01000001.1	99.5182	99.6803	0.8508	0.8603	0.01941	99.3133	96	0.9802	55	0.082	0.9806	99.4811	99.7337	0.1032	1.69	AlfI:99.68,AloI:99.65,BcgI:99.73,FalI:99.63	3113	96	2930	202	29.3438	ok	99.5182	gamma	99.5657	99.47	94.42	99.418	590	672
GCA_008011925.1__GCA_017997765.1	GCA_008011925.1	GCA_017997765.1	97-100	train	98.76	strict		SSDR01000059.1	JAGOEK010000231.1	99.0516	99.2521	0.7055	0.5322	0.02337	97.8643	319	0.9848	63	0.325	0.9546	98.9448	99.3417	0.1476	1.09	AlfI:99.30,AloI:99.16,BcgI:99.24,FalI:99.20	4591	319	4724	54	13.79	ok	99.0516	gamma	99.0367	98.79	60.22	98.3228	623	824
GCA_008080525.1__GCA_009773225.1	GCA_008080525.1	GCA_009773225.1	97-100	train	99.82	strict		VIKF01000131.1	WPIG01000042.1	99.9934	99.9935	0.9645	0.8639	0.00195	99.7723	130	0.9996	2	0.07	0.9996	99.9821	99.9963	0.0092	0.05	AlfI:99.99,AloI:100.00,BcgI:99.99,FalI:100.00	5509	130	5484	267	42	ok	99.9934	gamma	99.9922	99.99	88.97	99.9715	894	896
GCA_008080525.1__GCA_009773295.1	GCA_008080525.1	GCA_009773295.1	97-100	train	99.8	strict		VIKF01000131.1	WRPD01000034.1	99.9928	99.9929	0.9646	0.8925	0.00204	99.8425	129	0.9998	1	0.07	0.9996	99.9791	99.9963	0.0092	0.01	AlfI:99.99,AloI:100.00,BcgI:99.99,FalI:100.00	5505	129	5486	267	42.3333	ok	99.9928	gamma	99.9902	99.99	91.89	99.9744	893	896
GCA_008363105.1__GCA_014338175.1	GCA_008363105.1	GCA_014338175.1	97-100	train	99.82	strict		RHKL01000061.1	QUBW01000010.1	99.974	99.9748	0.9604	0.7812	0.00319	99.3459	101	0.9996	3	0.07	0.9985	99.964	99.9774	0.0314	0.8	AlfI:99.98,AloI:99.96,BcgI:99.98,FalI:99.95	7902	101	7824	266	77.198	ok	99.974	gamma	99.9771	99.7	79.78	99.872	862	878
GCA_008363445.1__GCA_013360885.1	GCA_008363445.1	GCA_013360885.1	97-100	test	99.3	strict		RHLA01000069.1	JABWAR010000128.1	99.6709	99.7668	0.6312	0.6905	0.01718	98.683	230	0.9423	148	0.07	0.9859	99.6369	99.8015	0.0574	0.36	AlfI:99.78,AloI:99.80,BcgI:99.74,FalI:99.77	3328	230	2728	51	11.5087	ok	99.6709	gamma	99.71	99.43	91.86	99.0672	892	1225
GCA_008501795.1__GCA_016743565.1	GCA_008501795.1	GCA_016743565.1	97-100	test	99.99	strict		QQUC01000004.1	RBMV01000001.1	99.9977	99.9977	0.9903	0.9883	0.00128	100.094	24	0.9987	6	0.07	0.9999	99.9999	99.9971	0.0077	0	AlfI:100.00,AloI:100.00,BcgI:99.99,FalI:100.00	4615	24	4547	1061	189.25	ok	99.9977	gamma	100	99.99	99.87	99.991	1758	1763
GCA_008667525.1__GCA_018380225.1	GCA_008667525.1	GCA_018380225.1	97-100	train	98.32	strict		RQDZ01000109.1	JAGZTZ010000001.1	98.6642	98.6642	0.8561	0.649	0.03408	97.9118	245	0.9988	4	inf	0.9176	98.6177	98.6806	0.078	0.17	AlfI:98.68,AloI:98.68,BcgI:98.67,FalI:98.60	3769	245	4086	57	14.9673	ok	98.6642	uniform	98.7272	98.05	69.38	98.2162	471	489
GCA_008667915.1__GCA_008668315.1	GCA_008667915.1	GCA_008668315.1	97-100	train	99.86	strict		RQDF01000072.1	RQCI01000052.1	99.9213	99.9287	0.9128	0.9024	0.00724	99.7413	113	0.9969	13	0.07	0.9957	99.9018	99.9352	0.0248	0.15	AlfI:99.93,AloI:99.95,BcgI:99.93,FalI:99.92	4456	113	4389	179	38.5664	ok	99.9213	gamma	99.9312	99.85	94.38	99.7986	563	599
GCA_008668375.1__GCA_014866525.1	GCA_008668375.1	GCA_014866525.1	97-100	train	97.72	strict		RQCJ01000174.1	WGWS01000001.1	98.088	98.313	0.8339	0.8442	0.03213	97.7938	210	0.9899	52	1.336	0.8937	97.8833	98.5018	0.2956	1.6	AlfI:98.33,AloI:98.49,BcgI:98.29,FalI:98.19	5892	210	6182	185	25.3238	ok	98.088	gamma	97.9844	97.64	86.26	97.6746	764	887
GCA_008932945.1__GCA_903836985.1	GCA_008932945.1	GCA_903836985.1	97-100	test	98.46	strict		WBXF01000001.1	CAILSY010000001.1	98.9661	99.0778	0.7256	0.6047	0.02478	98.0143	372	0.9631	171	0.807	0.9437	98.829	99.1545	0.1939	1.24	AlfI:99.03,AloI:98.96,BcgI:99.10,FalI:99.15	5520	372	5219	74	13.0027	ok	98.9661	gamma	98.9201	98.11	73.06	98.1392	733	953
GCA_009391445.1__GCA_009392385.1	GCA_009391445.1	GCA_009392385.1	97-100	train	99.34	strict		VFHT01000001.1	VFGO01000001.1	99.518	99.5655	0.6783	0.6717	0.02354	98.5578	267	0.9704	67	0.321	0.9733	99.5422	99.5719	0.1865	2.38	AlfI:99.49,AloI:99.68,BcgI:99.57,FalI:99.52	2780	267	2664	34	9.22472	ok	99.518	gamma	99.6247	99.19	86.4	98.8724	571	705
GCA_009392385.1__GCA_009392625.1	GCA_009392385.1	GCA_009392625.1	97-100	train	99.17	strict		VFGO01000001.1	VFGA01000001.1	99.5337	99.5419	0.4096	0.562	0.02952	97.6405	208	0.9652	46	1.002	0.9718	99.7137	99.4954	0.1684	1.04	AlfI:99.58,AloI:99.42,BcgI:99.57,FalI:99.53	1990	208	1760	34	7.125	ok	99.5337	gamma	99.7925	99.05	87.49	98.1878	361	681
GCA_009697445.1__GCA_013521055.1	GCA_009697445.1	GCA_013521055.1	97-100	train	98.98	strict		SICX01000006.1	JACDOP010000012.1	99.4713	99.4713	0.7128	0.5654	0.0636	98.092	43	1	0	inf	0.9677	99.2173	99.5476	0.2707	0.49	AlfI:99.45,AloI:99.34,BcgI:99.61,FalI:99.47	472	43	481	21	8.74419	ok	99.4713	uniform	99.461	98.76	73.23	98.8821	263	279
GCA_009697445.1__GCA_016106165.1	GCA_009697445.1	GCA_016106165.1	97-100	train	98.99	strict		SICX01000006.1	JADLZW010000009.1	99.5049	99.5049	0.7107	0.5472	0.06088	98.0795	46	1	0	inf	0.9698	99.3609	99.5477	0.1451	0.23	AlfI:99.52,AloI:99.46,BcgI:99.61,FalI:99.48	480	46	487	21	8.56522	ok	99.5049	uniform	99.5792	98.78	71.26	98.9158	259	279
GCA_009697645.1__GCA_009705485.1	GCA_009697645.1	GCA_009705485.1	97-100	train	99.92	strict		WLQJ01000001.1	WLTG01000001.1	99.9908	99.9909	0.9354	0.9204	0.00371	99.9405	24	0.9972	6	0.07	0.9994	99.9924	99.9905	0.0448	0.63	AlfI:99.99,AloI:99.96,BcgI:99.99,FalI:100.00	2173	24	2172	257	90.375	ok	99.9908	gamma	99.9996	99.96	94.02	99.9903	433	458
GCA_009697925.1__GCA_009705485.1	GCA_009697925.1	GCA_009705485.1	97-100	train	99.88	strict		WLRL01000001.1	WLTG01000001.1	99.997	99.997	0.9486	0.9391	0.00208	100.031	29	0.9986	3	0.07	0.9998	99.9999	99.9963	0.006	0	AlfI:100.00,AloI:100.00,BcgI:99.99,FalI:100.00	2212	29	2208	256	75.9655	ok	99.997	gamma	100	99.96	96.1	99.9911	443	458
GCA_009698005.1__GCA_009701225.1	GCA_009698005.1	GCA_009701225.1	97-100	test	99.99	strict		WLRH01000001.1	WLKO01000001.1	99.9999	99.9999	0.9656	0.9754	0.37356	99.4707	13	0.9996	1	inf	1	99.9999	99.9999	0	0	AlfI:100.00,AloI:100.00,BcgI:100.00,FalI:100.00	2357	13	2357	444	181.154	ok	99.9999	uniform	100	100	98.89	99.9965	479	491
GCA_009698145.1__GCA_009698395.1	GCA_009698145.1	GCA_009698395.1	97-100	test	98.82	strict		WLQZ01000001.1	WLQI01000001.1	99.518	99.5878	0.5448	0.5371	0.02631	97.9128	214	0.9781	35	0.202	0.9751	99.5526	99.5968	0.3028	2.18	AlfI:99.53,AloI:99.74,BcgI:99.61,FalI:99.44	2071	214	1961	41	8.29439	ok	99.518	gamma	99.6477	99.25	70.58	98.2999	312	444
GCA_009699675.1__GCA_009705265.1	GCA_009699675.1	GCA_009705265.1	97-100	train	99.55	strict		WLNT01000001.1	WLCO01000001.1	99.7431	99.7518	0.6594	0.669	0.01509	98.7187	333	0.972	89	0.428	0.985	99.776	99.7457	0.0312	0.07	AlfI:99.76,AloI:99.73,BcgI:99.75,FalI:99.74	3648	333	3548	39	10.2823	ok	99.7431	gamma	99.8262	99.45	80.34	98.7636	469	639
GCA_009699785.1__GCA_009706025.1	GCA_009699785.1	GCA_009706025.1	97-100	test	99.56	strict		WLNO01000001.1	WLSB01000001.1	99.823	99.8422	0.753	0.6616	0.01539	98.895	175	0.9858	28	0.097	0.9905	99.842	99.8422	0.0968	1.55	AlfI:99.83,AloI:99.92,BcgI:99.82,FalI:99.87	2278	175	2199	80	12.1143	ok	99.823	gamma	99.8941	99.78	78.85	99.416	359	416
GCA_009700335.1__GCA_009701535.1	GCA_009700335.1	GCA_009701535.1	97-100	test	99.95	strict		WLMG01000001.1	WLJY01000001.1	99.9983	99.9983	0.809	0.8638	0.00172	99.5434	29	0.9995	1	inf	0.9999	99.9999	99.9978	0.0079	0	AlfI:99.99,AloI:100.00,BcgI:100.00,FalI:100.00	1901	29	1893	188	65.069	ok	99.9983	uniform	100	99.99	89.67	99.9618	372	443
GCA_009700745.1__GCA_009706105.1	GCA_009700745.1	GCA_009706105.1	97-100	test	99.97	strict		WLLL01000001.1	WLRY01000001.1	99.9816	99.982	0.9159	0.7718	0.00268	99.5872	412	0.9987	10	0.07	0.9989	99.971	99.9846	0.0116	0.27	AlfI:99.98,AloI:99.97,BcgI:99.98,FalI:99.98	8044	412	7967	88	19.284	ok	99.9816	gamma	99.9825	99.95	83.12	99.9573	828	841
GCA_009701225.1__GCA_009702335.1	GCA_009701225.1	GCA_009702335.1	97-100	test	99.99	strict		WLKO01000001.1	WLIF01000001.1	99.9999	99.9999	0.9218	0.9867	0.38534	99.3853	11	0.9991	2	inf	1	99.9999	99.9999	0	0	AlfI:100.00,AloI:100.00,BcgI:100.00,FalI:100.00	2215	11	2215	444	201.273	ok	99.9999	uniform	100	99.99	99.74	99.9911	450	485
GCA_009702765.1__GCA_009705295.1	GCA_009702765.1	GCA_009705295.1	97-100	train	99.1	low-AF		WLHK01000001.1	WLCN01000001.1	99.4576	99.5219	0.3965	0.4627	0.03673	97.2699	138	0.9912	8	0.214	0.9713	99.6019	99.5012	0.3316	2.23	AlfI:99.64,AloI:99.57,BcgI:99.53,FalI:99.31	1247	138	1170	24	7.51449	ok	99.4576	gamma	99.7162	99.38	64.57	97.1667	204	345
GCA_009702825.1__GCA_009703685.1	GCA_009702825.1	GCA_009703685.1	97-100	train	99.61	strict		WLHH01000001.1	WLFQ01000001.1	99.7419	99.7573	0.7018	0.5865	0.01865	98.5496	216	0.9832	34	0.234	0.9853	99.7912	99.7488	0.1458	1.12	AlfI:99.75,AloI:99.67,BcgI:99.75,FalI:99.82	2394	216	2299	42	10.2361	ok	99.7419	gamma	99.8505	99.41	72.98	98.9079	310	362
GCA_009704135.1__GCA_903899185.1	GCA_009704135.1	GCA_903899185.1	97-100	train	99.26	strict		WLET01000001.1	CAIUIM010000001.1	99.4588	99.5389	0.6861	0.5266	0.03597	98.0828	119	0.9717	28	0.221	0.9721	99.4962	99.5504	0.0731	0.16	AlfI:99.57,AloI:99.56,BcgI:99.54,FalI:99.50	1303	119	1214	47	9.08403	ok	99.4588	gamma	99.6229	98.93	70.89	98.7545	237	291
GCA_009773225.1__GCA_009773295.1	GCA_009773225.1	GCA_009773295.1	97-100	train	99.96	strict		WPIG01000042.1	WRPD01000034.1	99.9995	99.9995	0.9402	0.9715	0.00054	99.8872	64	0.9981	11	inf	1	99.9972	99.9999	0.001	0	AlfI:100.00,AloI:100.00,BcgI:100.00,FalI:100.00	5940	64	5928	360	92.0938	ok	99.9995	uniform	99.9999	100	98.97	99.9871	992	1025
GCA_009774675.1__GCA_910585495.1	GCA_009774675.1	GCA_910585495.1	97-100	test	98.91	strict		VSOF01000001.1	CAJUFG010000001.1	99.0526	99.3101	0.5252	0.7252	0.0264	98.0314	286	0.9914	24	0.251	0.9579	98.8914	99.437	0.0778	0.39	AlfI:99.29,AloI:99.36,BcgI:99.29,FalI:99.33	3611	286	3563	47	10.6783	ok	99.0526	gamma	98.9997	98.76	83.31	98.5059	962	1351
GCA_009774785.1__GCF_016697365.1	GCA_009774785.1	GCF_016697365.1	97-100	train	98.25	strict		VSOJ01000001.1	NZ_CP065321.1	99.0759	99.2455	0.6819	0.5201	0.03165	97.7291	175	0.9973	6	0.416	0.9537	98.9027	99.3518	0.1521	1.58	AlfI:99.33,AloI:99.31,BcgI:99.18,FalI:99.20	2649	175	2714	59	13.8286	ok	99.0759	gamma	99.0258	97.94	56.82	97.9239	672	771
GCA_009786255.1__GCA_009786585.1	GCA_009786255.1	GCA_009786585.1	97-100	train	99.98	strict		WQTO01000001.1	WQRU01000001.1	99.9999	99.9999	0.5841	0.6583	0.54143	97.7204	126	0.9784	20	inf	1	99.9999	99.9999	0	0	AlfI:100.00,AloI:100.00,BcgI:100.00,FalI:100.00	1279	126	1159	38	8.19841	ok	99.9999	uniform	100	99.98	94.36	99.8519	426	560
GCA_009808245.1__GCF_004100005.1	GCA_009808245.1	GCF_004100005.1	97-100	test	98.84	strict		WELM01000001.1	NZ_SCIH01000010.1	98.8261	99.0461	0.8796	0.8783	0.04245	98.7703	34	0.9914	15	0.473	0.942	98.6813	99.1662	0.2046	0.49	AlfI:98.95,AloI:99.15,BcgI:99.07,FalI:99.04	1865	34	1951	192	51.9412	ok	98.8261	gamma	98.8381	98.32	88.02	98.5696	551	619
GCA_009808295.1__GCF_001436795.1	GCA_009808295.1	GCF_001436795.1	97-100	test	99.06	strict		WEPS01000001.1	NZ_JQAQ01000001.1	99.2276	99.3069	0.8472	0.9333	0.03486	99.0918	24	0.9932	13	0.689	0.958	99.0335	99.3884	0.1073	0.71	AlfI:99.27,AloI:99.35,BcgI:99.26,FalI:99.37	1970	24	2041	331	79.8333	ok	99.2276	gamma	99.1684	98.97	91.65	98.7732	590	682
GCA_009811615.2__GCF_009811575.1	GCA_009811615.2	GCF_009811575.1	97-100	train	97.84	strict		AP023408.1	NZ_BLIO01000001.1	98.2845	98.6456	0.864	0.9074	0.02034	97.6472	53	0.9951	52	0.65	0.9157	98.0202	98.8896	0.2927	4.09	AlfI:98.58,AloI:98.66,BcgI:98.64,FalI:98.88	10953	53	12272	1308	201.962	ok	98.2845	gamma	98.0906	97.87	84.82	97.7117	2485	2869
GCA_009835875.1__GCA_009836655.1	GCA_009835875.1	GCA_009836655.1	97-100	test	99.39	strict		VXWN01000049.1	VXVB01000044.1	99.4942	99.5946	0.8177	0.8332	0.02396	99.1846	164	0.9776	48	0.194	0.9748	99.4215	99.6427	0.0764	0.55	AlfI:99.60,AloI:99.63,BcgI:99.57,FalI:99.64	2427	164	2423	64	13.7561	ok	99.4942	gamma	99.5181	99.35	96.26	99.2353	601	691
GCA_009837005.1__GCA_009845075.1	GCA_009837005.1	GCA_009845075.1	97-100	train	99.77	strict		VXUI01000093.1	VYAI01000070.1	99.9379	99.9424	0.6823	0.8219	0.00688	99.3193	334	0.9471	197	0.07	0.9965	99.9203	99.9478	0.0741	0.4	AlfI:99.93,AloI:99.93,BcgI:99.94,FalI:100.00	4009	334	3916	51	11.5539	ok	99.9379	gamma	99.9478	99.84	97.1	99.2667	571	888
GCA_009837765.1__GCA_009844035.1	GCA_009837765.1	GCA_009844035.1	97-100	test	99.29	strict		VXSX01000123.1	VYCG01000003.1	99.6027	99.6147	0.6913	0.8128	0.01564	98.9588	383	0.952	237	1.075	0.9763	99.5265	99.638	0.0329	0.12	AlfI:99.62,AloI:99.62,BcgI:99.61,FalI:99.64	5235	383	5254	68	13.2663	ok	99.6027	gamma	99.5868	99.35	93.76	98.8978	779	1142
GCA_009838555.1__GCA_009840555.1	GCA_009838555.1	GCA_009840555.1	97-100	train	98.28	strict		VXRK01000004.1	VXNN01000027.1	98.6981	99.0162	0.8182	0.6519	0.03592	98.1882	234	0.9995	1	0.387	0.9394	98.5275	99.1758	0.365	1.12	AlfI:99.09,AloI:98.98,BcgI:99.02,FalI:98.72	2492	234	2721	33	9.99145	ok	98.6981	gamma	98.6636	98.2	73.41	98.2072	435	444
GCA_009838585.1__GCA_009843225.1	GCA_009838585.1	GCA_009843225.1	97-100	train	99.74	strict		VXRF01000433.1	VYDV01000156.1	99.9286	99.9359	0.8424	0.747	0.00461	99.3632	554	0.9922	72	0.07	0.9961	99.8946	99.9461	0.0225	1.19	AlfI:99.94,AloI:99.95,BcgI:99.93,FalI:99.93	9946	554	9778	97	17.4549	ok	99.9286	gamma	99.9155	99.85	81.55	99.6641	1204	1336
GCA_009841565.1__GCA_009842715.1	GCA_009841565.1	GCA_009842715.1	97-100	train	99.32	strict		VXLN01000030.1	VYEU01000155.1	99.5039	99.5804	0.7053	0.7484	0.02547	98.752	187	0.9478	105	0.241	0.974	99.4601	99.6137	0.0478	0.15	AlfI:99.56,AloI:99.58,BcgI:99.59,FalI:99.55	2317	187	2211	38	11.1925	ok	99.5039	gamma	99.5577	99.27	94.77	99.0006	555	731
GCA_009841565.1__GCA_009845945.1	GCA_009841565.1	GCA_009845945.1	97-100	train	99.4	strict		VXLN01000030.1	VXYR01000123.1	99.5184	99.5771	0.7878	0.7849	0.02456	98.995	168	0.963	81	0.303	0.9738	99.4747	99.6055	0.1433	1.56	AlfI:99.68,AloI:99.54,BcgI:99.56,FalI:99.59	2449	168	2394	53	13.5655	ok	99.5184	gamma	99.5673	99.26	92.85	99.1475	609	731
GCA_009842775.1__GCA_009845765.1	GCA_009842775.1	GCA_009845765.1	97-100	train	99.98	strict		VYES01000046.1	VXYY01000022.1	99.9972	99.9972	0.9694	0.9752	0.00123	99.9794	75	0.9983	10	inf	0.9998	99.9945	99.9979	0.0039	0.01	AlfI:100.00,AloI:100.00,BcgI:100.00,FalI:100.00	5854	75	5842	335	77.84	ok	99.9972	uniform	99.999	99.98	99.06	99.9755	1207	1233
GCA_009886405.1__GCA_009886595.1	GCA_009886405.1	GCA_009886595.1	97-100	train	99.36	strict		QXZJ01000001.1	QXZB01000001.1	99.5811	99.7417	0.844	0.5528	0.02462	98.6431	93	0.9923	10	0.07	0.9843	99.4914	99.808	0.1013	0.64	AlfI:99.67,AloI:99.76,BcgI:99.75,FalI:99.77	1451	93	1461	53	14.9462	ok	99.5811	gamma	99.6081	99.47	61.88	99.5528	326	356
GCA_009920675.1__GCA_009921965.1	GCA_009920675.1	GCA_009921965.1	97-100	train	99.3	strict		RFZN01000001.1	RFWT01000001.1	99.809	99.8452	0.8416	0.8376	0.00997	99.3813	199	0.9835	80	0.075	0.9906	99.7815	99.8609	0.0722	2.22	AlfI:99.87,AloI:99.80,BcgI:99.83,FalI:99.87	5095	199	5071	231	24.9648	ok	99.809	gamma	99.8234	99.69	90.53	99.5762	724	823
GCA_009920825.1__GCA_012269845.1	GCA_009920825.1	GCA_012269845.1	97-100	test	98	strict		RFZF01000001.1	JAAXJL010000078.1	98.6958	98.7622	0.5063	0.5362	0.03877	97.0689	290	0.9753	50	1.52	0.9231	98.8858	98.7187	0.1558	0.67	AlfI:98.83,AloI:98.73,BcgI:98.79,FalI:98.68	3187	290	2958	26	7.81034	ok	98.6958	gamma	99.0045	97.72	81.13	97.533	569	776
GCA_009926805.1__GCA_009927355.1	GCA_009926805.1	GCA_009927355.1	97-100	train	99	strict		RFOE01000001.1	RFND01000009.1	99.3396	99.4259	0.5833	0.7026	0.02985	98.1829	161	0.9589	86	0.321	0.9652	99.3482	99.4486	0.3236	3.49	AlfI:99.28,AloI:99.60,BcgI:99.35,FalI:99.48	2460	161	2300	83	13.4783	ok	99.3396	gamma	99.4545	99.27	91.2	98.8875	581	840
GCA_009927605.1__GCA_010030285.1	GCA_009927605.1	GCA_010030285.1	97-100	train	99.67	strict		RFMP01000132.1	RGPO01000001.1	99.9469	99.9501	0.5627	0.756	0.01088	98.774	100	0.9736	33	0.07	0.997	99.9292	99.9554	0.0608	0.23	AlfI:99.96,AloI:100.00,BcgI:99.94,FalI:99.95	1511	100	1396	72	13.15	ok	99.9469	gamma	99.9692	99.83	95.38	99.5007	277	401
GCA_009929555.1__GCA_012517135.1	GCA_009929555.1	GCA_012517135.1	97-100	train	99.27	strict		SAAF01000254.1	JAAYVO010000081.1	99.5041	99.5852	0.6561	0.656	0.03039	98.3615	115	0.982	24	0.237	0.975	99.4175	99.6311	0.0884	0.53	AlfI:99.65,AloI:99.56,BcgI:99.57,FalI:99.56	1610	115	1568	50	12.3565	ok	99.5041	gamma	99.5387	99.34	77.34	99.2289	450	545
GCA_009937485.1__GCA_013867285.1	GCA_009937485.1	GCA_013867285.1	97-100	train	99.14	strict		JAACFK010000077.1	JACEMZ010000020.1	99.2087	99.3988	0.5924	0.5375	0.05354	97.6968	81	0.9878	6	0.214	0.9632	99.1708	99.4685	0.082	0.09	AlfI:99.45,AloI:99.39,BcgI:99.37,FalI:99.39	805	81	768	19	7	ok	99.2087	gamma	99.372	99.2	80.77	98.7251	296	331
GCA_010022085.1__GCA_010029675.1	GCA_010022085.1	GCA_010029675.1	97-100	train	98.6	strict		RGLY01000001.1	RGWS01000001.1	99.5035	99.5556	0.4145	0.5954	0.03554	97.6312	99	0.9598	40	0.335	0.973	99.487	99.5747	0.1876	1.11	AlfI:99.44,AloI:99.46,BcgI:99.56,FalI:99.63	1326	99	1220	60	10.6566	ok	99.5035	gamma	99.6144	99.41	83.33	99.0728	190	344
GCA_010025735.1__GCA_010025795.1	GCA_010025735.1	GCA_010025795.1	97-100	test	98.98	strict		RGSS01000001.1	RGSP01000001.1	99.3132	99.4148	0.6385	0.635	0.02418	98.2342	302	0.9714	78	0.355	0.9649	99.2448	99.4599	0.2801	0.86	AlfI:99.40,AloI:99.55,BcgI:99.43,FalI:99.27	3429	302	3319	39	9.76159	ok	99.3132	gamma	99.3398	98.99	79.25	98.1711	221	322
GCA_010026885.1__GCA_010027705.1	GCA_010026885.1	GCA_010027705.1	97-100	train	98.98	strict		RGWH01000001.1	RGUR01000001.1	99.2938	99.4261	0.6438	0.635	0.02401	98.2605	309	0.9733	72	0.274	0.9655	99.2268	99.479	0.3123	1.87	AlfI:99.47,AloI:99.45,BcgI:99.43,FalI:99.15	3406	309	3305	58	9.49191	ok	99.2938	gamma	99.323	98.88	80	98.3685	220	311
GCA_010026885.1__GCA_010030695.1	GCA_010026885.1	GCA_010030695.1	97-100	train	99.35	strict		RGWH01000001.1	RHCB01000001.1	98.9443	99.4752	0.4774	0.6608	0.02691	97.8541	214	0.9778	43	0.106	0.9685	98.8347	99.6501	0.2349	1.07	AlfI:99.48,AloI:99.34,BcgI:99.50,FalI:99.26	2471	214	2475	49	9.83645	ok	98.9443	gamma	98.9661	99.12	84.73	97.9507	161	311
GCA_011525815.1__GCA_900696565.1	GCA_011525815.1	GCA_900696565.1	97-100	train	99.91	strict		WYBQ01000013.1	CAADGP010000001.1	99.9265	99.9265	0.7929	0.918	0.00627	99.5588	258	0.9724	164	inf	0.9955	99.9246	99.927	0.0146	0.31	AlfI:99.92,AloI:99.92,BcgI:99.93,FalI:99.92	6092	258	6078	116	23.4109	ok	99.9265	uniform	99.9464	99.9	98.63	99.7005	973	1250
GCA_011771215.1__GCA_011772325.1	GCA_011771215.1	GCA_011772325.1	97-100	train	100	strict		WWBX01000095.1	WVZT01000241.1	99.9999	99.9999	0.8321	0.8327	0.34404	99.047	203	1	0	inf	1	99.9999	99.9999	0	0	AlfI:100.00,AloI:100.00,BcgI:100.00,FalI:100.00	2694	203	2770	53	12.3941	ok	99.9999	uniform	100	100	98.97	100	888	902
GCA_011771745.1__GCA_011772705.1	GCA_011771745.1	GCA_011772705.1	97-100	train	100	strict		WWAU01000005.1	WVZB01000010.1	99.9999	99.9999	0.9525	0.7612	0.27836	98.9668	37	1	0	inf	1	99.9999	99.9999	0	0	AlfI:100.00,AloI:100.00,BcgI:100.00,FalI:100.00	4223	37	4242	584	112.757	ok	99.9999	uniform	100	100	78.26	100	853	869
GCA_011772115.1__GCA_011777335.1	GCA_011772115.1	GCA_011777335.1	97-100	test	99.09	strict		WWAB01000102.1	JAABVM010000018.1	99.9023	99.9228	0.933	0.9191	0.00537	99.4899	83	0.998	17	0.07	0.9953	99.7922	99.9542	0.0225	1.21	AlfI:99.94,AloI:99.93,BcgI:99.92,FalI:99.92	8559	83	8622	350	102.578	ok	99.9023	gamma	99.8239	99.76	92.66	99.7582	1187	1232
GCA_011772255.1__GCA_011772995.1	GCA_011772255.1	GCA_011772995.1	97-100	train	100	strict		WVZW01000027.1	WVYL01000010.1	99.9999	99.9999	0.8862	0.6253	0.67454	97.9845	21	1	0	inf	1	99.9999	99.9999	0	0	AlfI:100.00,AloI:100.00,BcgI:100.00,FalI:100.00	769	21	754	112	35.1429	ok	99.9999	uniform	100	99.99	67.06	100	241	250
GCA_011772325.1__GCA_011773605.1	GCA_011772325.1	GCA_011773605.1	97-100	train	100	strict		WVZT01000241.1	WVXH01000095.1	99.9999	99.9999	0.8327	0.8321	0.34404	99.0468	203	1	0	inf	1	99.9999	99.9999	0	0	AlfI:100.00,AloI:100.00,BcgI:100.00,FalI:100.00	2694	203	2770	53	12.3941	ok	99.9999	uniform	100	100	98.89	100	888	909
GCA_011800315.1__GCF_000969395.1	GCA_011800315.1	GCF_000969395.1	97-100	test	98.5	strict		JAALFO010000001.1	NZ_JXXL01000001.1	98.615	98.7308	0.8887	0.932	0.02516	98.281	38	0.9969	20	1.392	0.9219	98.4745	98.8212	0.1757	0.82	AlfI:98.76,AloI:98.82,BcgI:98.71,FalI:98.65	6479	38	7119	1076	169.447	ok	98.615	gamma	98.56	98.36	88.84	98.1544	1376	1541
GCA_011801225.1__GCF_011801245.1	GCA_011801225.1	GCF_011801245.1	97-100	train	98.88	strict		CP048045.1	NZ_CP048047.1	99.1175	99.2471	0.9675	0.9888	0.02089	99.1719	14	0.9978	12	0.502	0.9542	98.9761	99.3256	0.2351	4.09	AlfI:99.21,AloI:99.45,BcgI:99.23,FalI:99.40	5561	14	5887	1155	395	ok	99.1175	gamma	99.0574	98.97	98.13	98.8939	1044	1081
GCA_012515675.1__GCA_019137035.1	GCA_012515675.1	GCA_019137035.1	97-100	train	98.16	strict		JAAYXW010000040.1	JAGVTB010000041.1	98.6415	98.922	0.6487	0.6726	0.05073	97.7109	120	0.9711	34	0.416	0.9337	98.6099	99.0294	0.2474	0.87	AlfI:98.94,AloI:99.12,BcgI:98.87,FalI:98.91	1518	120	1542	46	10.5167	ok	98.6415	gamma	98.7886	98.1	86.57	98.1047	301	387
GCA_012797395.1__GCA_017992275.1	GCA_012797395.1	GCA_017992275.1	97-100	train	99.85	strict		JAAZPE010000096.1	JAGOOY010000035.1	99.8941	99.9094	0.7009	0.659	0.01244	98.8845	206	0.9958	6	0.07	0.9945	99.8488	99.9249	0.0791	0.53	AlfI:99.93,AloI:99.85,BcgI:99.91,FalI:99.91	2011	206	1965	29	7.98058	ok	99.8941	gamma	99.9022	99.84	86.22	99.7552	434	456
GCA_012797395.1__GCA_018052725.1	GCA_012797395.1	GCA_018052725.1	97-100	train	99.85	strict		JAAZPE010000096.1	JAGPMU010000047.1	99.9067	99.9147	0.7026	0.6434	0.01205	98.858	207	0.9986	2	0.07	0.9948	99.9076	99.9166	0.0602	0.53	AlfI:99.93,AloI:99.87,BcgI:99.90,FalI:99.92	2023	207	1964	29	8.07246	ok	99.9067	gamma	99.9482	99.83	84.78	99.8286	436	456
GCA_012800225.1__GCA_019136235.1	GCA_012800225.1	GCA_019136235.1	97-100	train	99.73	strict		JAAZJQ010000061.1	JAGVUQ010000022.1	99.8054	99.8054	0.8324	0.6377	0.01846	98.9564	145	0.9976	4	inf	0.9882	99.82	99.8016	0.1219	1.95	AlfI:99.85,AloI:99.91,BcgI:99.78,FalI:99.80	1926	145	1925	74	12.5448	ok	99.8054	uniform	99.8793	99.71	74.05	99.6609	348	354
GCA_012839545.1__GCA_018435075.1	GCA_012839545.1	GCA_018435075.1	97-100	train	99.93	strict		DUND01000021.1	JAHDOB010000006.1	99.9904	99.9905	0.6411	0.8867	0.00386	99.2245	58	0.9971	6	0.07	0.9994	99.9848	99.992	0.014	0.22	AlfI:99.99,AloI:100.00,BcgI:99.99,FalI:99.99	2145	58	2132	228	36.4828	ok	99.9904	gamma	99.9973	99.96	92.61	99.868	586	741
GCA_012839985.1__GCA_018433175.1	GCA_012839985.1	GCA_018433175.1	97-100	train	99.09	low-AF		DUMH01000017.1	JAHDRT010000039.1	99.3329	99.5053	0.4292	0.6797	0.02809	97.8601	186	0.9718	50	0.188	0.9699	99.2234	99.5837	0.2681	3.76	AlfI:99.50,AloI:99.56,BcgI:99.58,FalI:99.31	2224	186	2173	38	10.2742	ok	99.3329	gamma	99.3415	99.16	86.38	98.4195	501	984
GCA_012841125.1__GCA_017995375.1	GCA_012841125.1	GCA_017995375.1	97-100	train	99.13	low-AF		DUVL01000160.1	JAGOJB010000047.1	99.5318	99.6164	0.3633	0.6178	0.02711	97.7067	189	0.9895	14	0.176	0.977	99.5066	99.6443	0.2275	1.11	AlfI:99.58,AloI:99.49,BcgI:99.63,FalI:99.71	1778	189	1723	24	7.97354	ok	99.5318	gamma	99.6131	99.18	82.71	98.314	229	441
GCA_012842385.1__GCF_900102395.1	GCA_012842385.1	GCF_900102395.1	97-100	train	98.16	strict		DUSY01000080.1	NZ_FNBS01000156.1	98.0611	98.9567	0.4854	0.4057	0.05983	96.5991	100	0.9898	7	0.178	0.937	98.1265	99.2578	0.7204	2.5	AlfI:98.94,AloI:99.34,BcgI:98.62,FalI:99.02	1190	100	1167	25	7.78	ok	98.0611	gamma	98.3591	98.55	54.44	96.9121	413	556
GCA_012843125.1__GCF_002300185.1	GCA_012843125.1	GCF_002300185.1	97-100	test	98.78	strict		JABARY010000001.1	NZ_NSDY01000001.1	99.0247	99.1242	0.9356	0.8944	0.01446	98.1864	48	0.9975	33	0.783	0.9465	98.921	99.1858	0.1625	4.6	AlfI:99.13,AloI:99.24,BcgI:99.10,FalI:99.26	13692	48	14408	2047	280.833	ok	99.0247	gamma	98.9743	98.9	85.81	98.7857	2019	2152
GCA_012964395.1__GCA_015663735.1	GCA_012964395.1	GCA_015663735.1	97-100	train	99.66	strict		DTUB01000001.1	DQRN01000189.1	99.8109	99.8431	0.6074	0.7418	0.01496	98.7432	167	0.9779	46	0.092	0.9905	99.768	99.8623	0.0646	1.23	AlfI:99.89,AloI:99.86,BcgI:99.83,FalI:99.82	2421	167	2350	60	13.2156	ok	99.8109	gamma	99.83	99.75	87.7	99.3834	364	537
GCA_012966235.1__GCA_015663465.1	GCA_012966235.1	GCA_015663465.1	97-100	train	99.56	strict		DTQY01000001.1	DQSB01000123.1	99.7836	99.7955	0.5473	0.4871	0.02425	97.9392	126	0.9848	12	0.17	0.9874	99.8511	99.7804	0.0877	0.6	AlfI:99.77,AloI:99.86,BcgI:99.80,FalI:99.78	1354	126	1200	17	7.15079	ok	99.7836	gamma	99.9164	99.45	74.24	99.1357	331	428
GCA_013001085.1__GCA_018679745.1	GCA_013001085.1	GCA_018679745.1	97-100	test	99.17	strict		JABDNF010000040.1	JAHHKO010000264.1	99.5354	99.6045	0.5046	0.4989	0.02897	97.7239	179	0.9781	22	0.147	0.9759	99.6389	99.595	0.1185	1.15	AlfI:99.59,AloI:99.66,BcgI:99.66,FalI:99.54	1875	179	1636	20	6.48603	ok	99.5354	gamma	99.7314	99.21	81.86	98.3511	410	545
GCA_013001175.1__GCA_018677255.1	GCA_013001175.1	GCA_018677255.1	97-100	train	99.5	strict		JABDNA010000082.1	JAHHNQ010000240.1	99.822	99.8443	0.7425	0.7516	0.00992	99.1838	395	0.9546	219	0.082	0.9906	99.8424	99.8448	0.0646	1.37	AlfI:99.87,AloI:99.80,BcgI:99.83,FalI:99.86	5227	395	5071	60	12.6456	ok	99.822	gamma	99.8778	99.75	88.54	99.1761	548	782
GCA_013041895.1__GCA_018679365.1	GCA_013041895.1	GCA_018679365.1	97-100	train	99.84	strict		JABDRE010000176.1	JAHHLO010000112.1	99.9095	99.9172	0.8188	0.7709	0.00997	99.3562	176	0.9891	29	0.07	0.995	99.9085	99.9195	0.0179	0.19	AlfI:99.92,AloI:99.91,BcgI:99.91,FalI:99.92	2959	176	2877	72	15.9034	ok	99.9095	gamma	99.9426	99.89	88.55	99.7684	871	956
GCA_013042885.1__GCA_013043865.1	GCA_013042885.1	GCA_013043865.1	97-100	test	99.3	strict		JABDPE010000093.1	JABDNK010000161.1	99.5152	99.5854	0.7127	0.685	0.02615	98.635	191	0.9726	48	0.234	0.975	99.488	99.612	0.1922	1.28	AlfI:99.52,AloI:99.43,BcgI:99.62,FalI:99.61	2229	191	2105	39	9.93717	ok	99.5152	gamma	99.5866	99.35	89.57	99.1183	656	757
GCA_013042885.1__GCA_018680135.1	GCA_013042885.1	GCA_018680135.1	97-100	test	99.4	strict		JABDPE010000093.1	JAHHJT010000185.1	99.6514	99.6813	0.6849	0.6541	0.02304	98.5982	189	0.9731	47	0.227	0.9808	99.7024	99.6757	0.1679	2.19	AlfI:99.58,AloI:99.57,BcgI:99.74,FalI:99.71	2263	189	2060	36	9.97884	ok	99.6514	gamma	99.7777	99.53	89.6	99.1539	638	757
GCA_013043015.1__GCA_018680535.1	GCA_013043015.1	GCA_018680535.1	97-100	train	99.5	strict		JABDPA010000096.1	JAHHJB010000249.1	99.7434	99.7759	0.7894	0.7633	0.01242	99.2128	344	0.9735	116	0.161	0.9863	99.7069	99.7933	0.074	0.95	AlfI:99.81,AloI:99.74,BcgI:99.77,FalI:99.81	4913	344	4752	69	13.4012	ok	99.7434	gamma	99.7569	99.74	88.79	99.2369	690	834
GCA_013043175.1__GCA_018679895.1	GCA_013043175.1	GCA_018679895.1	97-100	train	100	strict		JABDOR010000163.1	JAHHKL010000163.1	99.9942	99.9942	0.7315	0.7315	0.00288	99.239	237	0.9987	2	0.07	0.9996	99.9999	99.9927	0.0118	0.32	AlfI:100.00,AloI:100.00,BcgI:99.99,FalI:100.00	2320	237	2341	25	7.62025	ok	99.9942	gamma	100	100	99.98	100	606	620
GCA_013043405.1__GCA_018680315.1	GCA_013043405.1	GCA_018680315.1	97-100	test	99.62	strict		JABDOH010000203.1	JAHHJE010000011.1	99.8102	99.8428	0.6515	0.7601	0.01061	98.9295	315	0.9732	112	0.07	0.9904	99.8113	99.8506	0.0664	0.6	AlfI:99.87,AloI:99.83,BcgI:99.84,FalI:99.80	4640	315	4524	85	13.9206	ok	99.8102	gamma	99.8521	99.8	88.83	99.357	654	964
GCA_013112825.1__GCA_016861005.1	GCA_013112825.1	GCA_016861005.1	97-100	train	99.81	strict		JABFFW010000001.1	BOKN01000001.1	99.9441	99.9515	0.8159	0.7615	0.009	99.2541	38	0.9921	16	0.07	0.9971	99.8609	99.9748	0.0886	4.1	AlfI:99.91,AloI:100.00,BcgI:99.98,FalI:99.93	2115	38	2019	182	53.6579	ok	99.9441	gamma	99.9114	99.89	79.23	99.5999	702	815
GCA_013112825.1__GCA_019187325.1	GCA_013112825.1	GCA_019187325.1	97-100	train	99.66	strict		JABFFW010000001.1	JABARD010000007.1	99.8898	99.909	0.881	0.7257	0.01185	99.2615	42	0.9926	16	0.07	0.9945	99.8191	99.9321	0.1072	2.79	AlfI:99.84,AloI:99.93,BcgI:99.94,FalI:99.91	2300	42	2193	180	52.4048	ok	99.8898	gamma	99.8752	99.69	75.17	99.4717	763	815
GCA_013152425.1__GCF_014141945.1	GCA_013152425.1	GCF_014141945.1	97-100	test	99.82	strict		JAADGK010000005.1	NZ_RARU01000001.1	99.9716	99.9734	0.931	0.8286	0.00241	99.1472	283	0.9996	6	0.07	0.9984	99.9322	99.9832	0.0256	0.79	AlfI:99.97,AloI:99.95,BcgI:99.97,FalI:99.98	14713	283	14659	311	51.5548	ok	99.9716	gamma	99.946	99.74	85.06	99.8194	1676	1750
GCA_013155505.1__GCA_013155515.1	GCA_013155505.1	GCA_013155515.1	97-100	test	99.15	strict		JABJQW010000001.1	JABJQX010000001.1	99.3105	99.3697	0.9553	0.9768	0.02349	99.3829	10	0.9989	4	0.669	0.9618	99.2229	99.41	0.0666	0.55	AlfI:99.41,AloI:99.39,BcgI:99.35,FalI:99.36	3680	10	3836	780	365.5	ok	99.3105	gamma	99.3123	99.13	96.29	99.1491	578	598
GCA_013285725.1__GCA_013286175.1	GCA_013285725.1	GCA_013286175.1	97-100	train	99.91	low-AF		JABDHE010000001.1	JABDGG010000001.1	99.984	99.984	0.3564	0.4221	0.00924	97.4627	37	0.9894	6	inf	0.999	99.9457	99.9934	0.0273	0.01	AlfI:100.00,AloI:100.00,BcgI:99.98,FalI:99.97	668	37	611	73	16.1351	ok	99.984	uniform	99.9903	99.12	46.67	98.6493	153	387
GCA_013306055.1__GCA_013306075.1	GCA_013306055.1	GCA_013306075.1	97-100	train	97	strict		JABUBI010000023.1	JABUBG010000039.1	98.0866	98.0866	0.506	0.5793	0.14333	96.2199	36	0.9544	13	inf	0.8798	98.2937	98.0024	0.9404	0.98	AlfI:97.50,AloI:98.44,BcgI:97.89,FalI:98.16	383	36	366	19	8.55556	ok	98.0866	uniform	98.688	96.8	91.57	96.8351	183	255
GCA_013316065.1__GCA_017482695.1	GCA_013316065.1	GCA_017482695.1	97-100	train	99.17	strict		WSNL01000002.1	JAFUMN010000011.1	99.2019	99.3244	0.7673	0.5288	0.03664	98.0532	147	0.9962	5	0.473	0.9587	99.0051	99.4184	0.1648	0.7	AlfI:99.27,AloI:99.43,BcgI:99.34,FalI:99.27	1732	147	1763	41	9.91156	ok	99.2019	gamma	99.1506	99.05	63.1	99.0247	318	327
GCA_013316065.1__GCA_900766715.1	GCA_013316065.1	GCA_900766715.1	97-100	train	99.3	strict		WSNL01000002.1	CAAFWM010000001.1	99.3935	99.4392	0.7779	0.5666	0.03281	98.2998	151	0.9963	5	0.831	0.9657	99.1764	99.5135	0.126	0.7	AlfI:99.35,AloI:99.44,BcgI:99.47,FalI:99.46	1782	151	1801	41	9.9404	ok	99.3935	gamma	99.3088	99.2	68.03	99.1586	319	327
GCA_013316185.1__GCA_910579715.1	GCA_013316185.1	GCA_910579715.1	97-100	train	98.3	strict		WSNI01000139.1	CAJTUO010000001.1	98.8006	98.957	0.7063	0.2537	0.05579	96.8274	104	0.9918	7	0.718	0.9356	98.6725	99.0536	0.1253	0.27	AlfI:99.01,AloI:99.04,BcgI:98.91,FalI:98.93	1256	104	1236	28	9.09615	ok	98.8006	gamma	98.8683	98.36	29.93	97.9344	254	278
GCA_013316485.1__GCA_910585675.1	GCA_013316485.1	GCA_910585675.1	97-100	test	99.36	strict		WSMQ01000056.1	CAJUEQ010000001.1	99.583	99.6169	0.8468	0.6591	0.02052	98.7163	81	0.9986	4	0.46	0.9769	99.4827	99.6518	0.1191	0.85	AlfI:99.62,AloI:99.53,BcgI:99.64,FalI:99.56	3064	81	3045	137	36.2469	ok	99.583	gamma	99.5656	99.12	69.05	99.0487	593	658
GCA_013316575.1__GCA_014237655.1	GCA_013316575.1	GCA_014237655.1	97-100	train	99.94	strict		WSMO01000077.1	JAAZZM010000010.1	99.9593	99.9593	0.8963	0.5079	0.00743	98.8878	131	0.9973	6	inf	0.9975	99.8478	99.9865	0.0415	1.62	AlfI:99.93,AloI:99.94,BcgI:99.97,FalI:99.94	2442	131	2394	139	17.7023	ok	99.9593	uniform	99.8969	99.94	55.02	99.9221	312	321
GCA_013330655.1__GCA_013331135.1	GCA_013330655.1	GCA_013331135.1	97-100	train	98.24	strict		DUHX01000152.1	DUHA01000070.1	99.7801	99.7801	0.4043	0.4031	0.03769	97.3059	42	0.996	1	inf	0.9865	99.7262	99.7948	0.1945	1.64	AlfI:99.76,AloI:99.91,BcgI:99.80,FalI:99.72	663	42	536	15	6.97619	ok	99.7801	uniform	99.857	99.24	73.78	98.733	268	368
GCA_013330725.1__GCA_018303935.1	GCA_013330725.1	GCA_018303935.1	97-100	train	99.38	strict		DUHQ01000024.1	JAGVXE010000008.1	99.9576	99.9576	0.6169	0.8711	0.01223	99.1607	55	0.9752	23	inf	0.9974	99.8647	99.9821	0.0189	0.1	AlfI:99.97,AloI:99.96,BcgI:99.95,FalI:99.96	992	55	974	84	17.4545	ok	99.9576	uniform	99.9327	99.85	94.77	99.577	184	292
GCA_013331705.1__GCA_018303935.1	GCA_013331705.1	GCA_018303935.1	97-100	train	99.43	strict		DUFV01000029.1	JAGVXE010000008.1	99.9458	99.9508	0.6215	0.8846	0.01313	99.1948	53	0.9691	29	0.07	0.997	99.899	99.9645	0.0926	1.98	AlfI:99.89,AloI:99.91,BcgI:99.96,FalI:99.98	1000	53	978	85	18.1887	ok	99.9458	gamma	99.956	99.88	95.6	99.6885	182	300
GCA_013374455.1__GCA_013374465.1	GCA_013374455.1	GCA_013374465.1	97-100	train	97.11	low-AF		QCYW01000193.1	QGHJ01000167.1	97.7234	98.2529	0.3294	0.4052	0.08908	95.5573	80	0.9773	12	0.689	0.89	97.5078	98.6029	0.2465	0.28	AlfI:98.13,AloI:98.37,BcgI:98.26,FalI:98.30	927	80	890	18	7.4625	ok	97.7234	gamma	97.7897	95.86	56.29	94.8422	331	621
GCA_013390845.1__GCA_013390855.1	GCA_013390845.1	GCA_013390855.1	97-100	test	99.75	strict		JACATF010000009.1	JACATD010000001.1	99.8408	99.8408	0.8574	0.8336	0.02689	99.477	40	0.9933	5	inf	0.9902	99.7525	99.8659	0.0371	0.1	AlfI:99.81,AloI:99.82,BcgI:99.84,FalI:99.85	788	40	791	73	19.5	ok	99.8408	uniform	99.8571	99.71	88.05	99.6189	331	356
GCA_013390845.1__GCA_013390875.1	GCA_013390845.1	GCA_013390875.1	97-100	test	99.62	strict		JACATF010000009.1	JACATJ010000011.1	99.6824	99.7048	0.878	0.8394	0.0363	99.3933	39	0.996	3	0.294	0.9819	99.6959	99.7074	0.0781	0.23	AlfI:99.71,AloI:99.70,BcgI:99.77,FalI:99.69	800	39	806	69	20.1795	ok	99.6824	gamma	99.8123	99.65	89.21	99.6192	337	356
GCA_013391495.1__GCF_900199565.1	GCA_013391495.1	GCF_900199565.1	97-100	train	97.32	strict		JACBFA010000001.1	NZ_FZRG01000117.1	97.4062	98.0723	0.7875	0.7797	0.04636	97.2152	84	0.9894	31	0.613	0.879	97.3326	98.4457	0.2831	1.88	AlfI:97.94,AloI:98.11,BcgI:98.06,FalI:98.23	3152	84	3649	182	35.5357	ok	97.4062	gamma	97.4738	97.18	80.38	96.9978	976	1156
GCA_013521055.1__GCA_016106165.1	GCA_013521055.1	GCA_016106165.1	97-100	train	99.91	strict		JACDOP010000012.1	JADLZW010000009.1	99.9522	99.9522	0.8838	0.8605	0.01593	99.7263	32	0.9889	7	inf	0.9971	99.9753	99.9459	0.052	0.32	AlfI:99.97,AloI:99.92,BcgI:99.97,FalI:99.95	662	32	660	65	20.5	ok	99.9522	uniform	99.9987	99.9	93.17	99.8948	372	390
GCA_013530545.1__GCF_001878775.1	GCA_013530545.1	GCF_001878775.1	97-100	train	97.45	strict		SPVA01000011.1	NZ_MJIQ01000001.1	97.8098	98.6711	0.8064	0.7474	0.0397	97.8255	128	0.9917	22	0.274	0.9183	97.8331	98.9965	0.2802	1.2	AlfI:98.74,AloI:98.82,BcgI:98.66,FalI:98.54	2887	128	3242	132	21.6016	ok	97.8098	gamma	97.9744	97.78	80.47	97.638	813	917
GCA_013822525.1__GCF_001598955.1	GCA_013822525.1	GCF_001598955.1	97-100	test	99.18	strict		PNKP01000001.1	NZ_BDAR01000001.1	99.4792	99.54	0.945	0.8654	0.01581	99.1974	93	0.9988	7	0.335	0.9723	99.4439	99.5647	0.1283	0.76	AlfI:99.57,AloI:99.48,BcgI:99.53,FalI:99.60	5907	93	6034	447	62.6559	ok	99.4792	gamma	99.5054	99.26	86.32	99.1663	919	948
GCA_013822565.1__GCF_012641315.1	GCA_013822565.1	GCF_012641315.1	97-100	test	98.07	strict		PNKR01000001.1	NZ_JABAIC010000001.1	98.3792	98.736	0.9138	0.5862	0.02513	97.4295	63	0.9972	18	0.532	0.9221	98.2114	98.928	0.0775	0.13	AlfI:98.73,AloI:98.77,BcgI:98.74,FalI:98.69	6541	63	7330	422	103.302	ok	98.3792	gamma	98.3	98.24	58.15	98.1753	894	953
GCA_014133975.1__GCF_013096875.1	GCA_014133975.1	GCF_013096875.1	97-100	train	97.17	strict		LUCS01000009.1	NZ_SDLD01000100.1	97.1498	98.5803	0.7784	0.7187	0.0377	97.4039	79	0.9803	65	0.251	0.9121	97.295	99.1229	0.6442	9.24	AlfI:98.61,AloI:98.08,BcgI:98.72,FalI:98.22	3736	79	4042	312	41.9114	ok	97.1498	gamma	97.4284	96.88	68.29	96.8774	800	955
GCA_014237205.1__GCA_016841465.1	GCA_014237205.1	GCA_016841465.1	97-100	train	99.09	strict		JAAXOK010000009.1	JAENZC010000121.1	99.3954	99.5015	0.6629	0.7644	0.01575	98.7483	523	0.9252	483	0.244	0.9698	99.3496	99.5423	0.0705	0.42	AlfI:99.51,AloI:99.44,BcgI:99.51,FalI:99.49	7020	523	6758	84	12.4168	ok	99.3954	gamma	99.4121	98.93	93.54	98.53	1236	1930
GCA_014239125.1__GCF_910573905.1	GCA_014239125.1	GCF_910573905.1	97-100	train	97.8	strict		JAAZZS010000100.1	NZ_CAJTBG010000001.1	98.5573	98.7969	0.7359	0.5988	0.04104	97.6421	209	0.9884	23	0.709	0.9252	98.3415	98.9608	0.2269	0.97	AlfI:98.77,AloI:98.86,BcgI:98.85,FalI:98.63	2465	209	2633	49	10.3923	ok	98.5573	gamma	98.4862	97.85	69.11	97.7305	443	479
GCA_014465835.1__GCA_015655785.1	GCA_014465835.1	GCA_015655785.1	97-100	train	97.58	strict		JACTVW010000007.1	DVEZ01000012.1	97.3798	97.9899	0.9304	0.888	0.05619	97.7579	30	0.9967	7	0.739	0.873	97.2391	98.3819	0.3153	0.99	AlfI:98.10,AloI:98.25,BcgI:97.93,FalI:97.95	2433	30	2610	287	71.0667	ok	97.3798	gamma	97.4075	97.58	89.14	97.5096	599	635
GCA_014465935.1__GCA_904374815.1	GCA_014465935.1	GCA_904374815.1	97-100	train	97.7	strict		JACTVS010000050.1	CAJFEN010000001.1	97.9852	98.422	0.8755	0.8712	0.03845	98.0244	90	0.9935	22	0.709	0.9018	97.7244	98.7187	0.3721	1.38	AlfI:98.45,AloI:98.57,BcgI:98.43,FalI:98.20	3752	90	4086	143	38.5667	ok	97.9852	gamma	97.8508	97.69	88.21	97.6162	626	682
GCA_014764115.1__GCF_004794075.1	GCA_014764115.1	GCF_004794075.1	97-100	test	99.4	strict		JACXUC010000001.1	NZ_SRYW01000010.1	99.5877	99.6159	0.9327	0.8897	0.01149	99.1214	142	0.9972	26	0.516	0.9767	99.5144	99.642	0.0656	1.63	AlfI:99.64,AloI:99.66,BcgI:99.59,FalI:99.66	9346	142	9547	318	65.1901	ok	99.5877	gamma	99.5603	99.37	90.05	99.2381	1230	1280
GCA_014796655.1__GCF_014145545.1	GCA_014796655.1	GCF_014145545.1	97-100	test	98.11	strict		JAAVII010000001.1	NZ_JACIVE010000001.1	98.8926	99.2661	0.8661	0.8351	0.0441	98.8379	30	0.9884	15	0.194	0.9555	98.7919	99.4153	0.1836	0.95	AlfI:99.41,AloI:99.31,BcgI:99.22,FalI:99.23	1353	30	1409	147	43.4333	ok	98.8926	gamma	98.9705	98.19	85.31	98.0227	530	595
GCA_014800465.1__GCA_014801805.1	GCA_014800465.1	GCA_014801805.1	97-100	test	97.05	low-AF		JAAVGA010000001.1	JAAVDL010000001.1	97.1369	97.7527	0.5513	0.7756	0.07275	96.3854	36	0.993	10	0.918	0.8565	96.9331	98.2241	0.3026	0.91	AlfI:97.93,AloI:97.97,BcgI:97.69,FalI:97.67	1477	36	1787	151	40.1944	ok	97.1369	gamma	97.142	97.37	73.51	96.917	408	745
GCA_014801695.1__GCA_014801805.1	GCA_014801695.1	GCA_014801805.1	97-100	test	97.15	low-AF		JAAVDP010000001.1	JAAVDL010000001.1	97.4215	97.9647	0.5295	0.6682	0.07377	96.3106	35	0.9952	6	0.866	0.8713	97.2	98.3634	0.2895	0.82	AlfI:98.17,AloI:97.97,BcgI:97.88,FalI:97.94	1312	35	1539	149	36.6857	ok	97.4215	gamma	97.4205	97.31	63.62	96.9931	351	658
GCA_014841765.1__GCA_014841995.1	GCA_014841765.1	GCA_014841995.1	97-100	train	98.41	strict		JACYUN010000001.1	JACYUX010000001.1	98.7152	98.8935	0.9412	0.9675	0.01743	98.2246	31	0.9979	24	0.709	0.9323	98.6147	98.9854	0.1021	0.66	AlfI:98.90,AloI:98.98,BcgI:98.88,FalI:98.94	11774	31	12761	1753	376.032	ok	98.7152	gamma	98.6766	98.57	94.83	98.3908	1645	1733
GCA_014841765.1__GCA_014842315.1	GCA_014841765.1	GCA_014842315.1	97-100	train	98.37	strict		JACYUN010000001.1	JACYVK010000001.1	98.6303	98.8085	0.9432	0.9509	0.01812	98.1073	44	0.9968	37	0.841	0.9269	98.4927	98.9165	0.2007	3.64	AlfI:98.89,AloI:98.87,BcgI:98.77,FalI:98.69	11735	44	12828	1612	263.955	ok	98.6303	gamma	98.5562	98.46	92.76	98.2517	1658	1733
GCA_014841995.1__GCA_014842315.1	GCA_014841995.1	GCA_014842315.1	97-100	train	98.35	strict		JACYUX010000001.1	JACYVK010000001.1	98.6545	98.8223	0.9392	0.9296	0.01808	98.0682	39	0.9973	31	0.841	0.9278	98.5496	98.9148	0.1967	1.11	AlfI:98.84,AloI:98.93,BcgI:98.81,FalI:98.74	11656	39	12687	1915	295.846	ok	98.6545	gamma	98.6127	98.47	91.69	98.2511	1639	1714
GCA_014846275.1__GCA_900759975.1	GCA_014846275.1	GCA_900759975.1	97-100	test	98.58	strict		RKBD01000006.1	CAAEXG010000001.1	98.1862	98.8711	0.7023	0.6862	0.09047	97.6762	44	0.9832	7	0.274	0.9317	98.0185	99.1956	0.7943	1.37	AlfI:98.94,AloI:98.42,BcgI:98.16,FalI:98.95	546	44	573	27	10.3182	ok	98.1862	gamma	98.3594	98.15	78.07	97.9541	339	416
GCA_014846755.1__GCA_900767755.1	GCA_014846755.1	GCA_900767755.1	97-100	train	98.36	strict		RKCD01000035.1	CAAGAI010000001.1	98.4306	98.8059	0.931	0.8127	0.04199	98.4289	44	0.9973	6	0.502	0.9267	98.1766	99.0361	0.0987	0.37	AlfI:98.75,AloI:98.82,BcgI:98.85,FalI:98.76	2323	44	2566	271	51.3409	ok	98.4306	gamma	98.3288	98.56	81.52	98.4353	535	566
GCA_014847325.1__GCA_900767785.1	GCA_014847325.1	GCA_900767785.1	97-100	train	97.15	strict		RKDL01000085.1	CAAGAK010000001.1	97.6211	97.9248	0.7151	0.6603	0.05826	96.8294	177	0.9837	29	1.476	0.8674	97.3939	98.2109	0.3106	1.89	AlfI:98.04,AloI:97.85,BcgI:97.75,FalI:98.06	2215	177	2477	41	10.904	ok	97.6211	gamma	97.5645	97	74.57	96.7044	474	570
GCA_014847495.1__GCA_905213865.1	GCA_014847495.1	GCA_905213865.1	97-100	train	97.48	strict		RKDT01000099.1	CAJMJX010000001.1	98.0988	98.2143	0.8527	0.671	0.04368	97.4185	151	0.9847	45	2.516	0.8881	97.9651	98.3249	0.1991	0.35	AlfI:98.19,AloI:98.10,BcgI:98.21,FalI:98.29	3208	151	3526	96	20.1788	ok	98.0988	gamma	98.0982	97.46	68.71	97.3832	599	658
GCA_014847525.1__GCA_900086605.1	GCA_014847525.1	GCA_900086605.1	97-100	train	98.33	strict		RKDW01000142.1	LT571453.1	98.7328	98.9176	0.713	0.3606	0.04398	97.0792	146	0.9994	1	0.689	0.9335	98.5607	99.041	0.1658	0.42	AlfI:98.94,AloI:98.79,BcgI:98.91,FalI:98.95	2004	146	2095	72	11.7534	ok	98.7328	gamma	98.7172	98.66	39.92	98.2551	518	590
GCA_014847595.1__GCA_016775195.1	GCA_014847595.1	GCA_016775195.1	97-100	test	98.19	strict		RKDY01000048.1	JAEUGO010000001.1	98.5865	98.7706	0.8626	0.6984	0.033	97.9899	127	0.9826	62	0.855	0.9246	98.4492	98.8819	0.6339	5.9	AlfI:98.95,AloI:98.32,BcgI:98.71,FalI:98.72	3715	127	4038	231	28.6457	ok	98.5865	gamma	98.5635	98.1	70.13	98.0243	553	696
GCA_014847725.1__GCA_016297315.1	GCA_014847725.1	GCA_016297315.1	97-100	train	98.88	strict		RKEF01000044.1	JAEDGV010000104.1	99.2994	99.3128	0.6424	0.7884	0.02783	98.4204	192	0.9505	141	2.305	0.958	99.3583	99.2999	0.1289	0.72	AlfI:99.31,AloI:99.32,BcgI:99.34,FalI:99.21	3025	192	3013	107	15.099	ok	99.2994	gamma	99.4503	98.8	91.27	98.2792	443	735
GCA_014848515.1__GCA_905202465.1	GCA_014848515.1	GCA_905202465.1	97-100	train	98.27	strict		RKGE01000060.1	CAJKSD010000001.1	98.5529	98.8188	0.8144	0.8646	0.04031	98.3829	96	0.9859	33	0.623	0.9277	98.3395	98.9908	0.2061	2.02	AlfI:98.91,AloI:98.71,BcgI:98.70,FalI:98.90	2514	96	2717	108	25.0521	ok	98.5529	gamma	98.4832	98.18	87.74	98.0732	761	880
GCA_014863965.1__GCA_900542415.1	GCA_014863965.1	GCA_900542415.1	97-100	train	98.18	strict		WHBW01000001.1	UQND01000001.1	98.2848	98.638	0.9066	0.8083	0.04671	98.2325	57	0.9912	18	0.605	0.9162	98.0999	98.8471	0.2925	2.43	AlfI:98.71,AloI:98.79,BcgI:98.50,FalI:98.77	2154	57	2378	109	36.5789	ok	98.2848	gamma	98.26	98.14	82.19	98.0736	557	594
GCA_014864025.1__GCA_900542415.1	GCA_014864025.1	GCA_900542415.1	97-100	train	98.45	strict		WHBV01000001.1	UQND01000001.1	98.6517	98.8838	0.7654	0.7121	0.04277	98.0435	146	0.9983	3	0.605	0.9319	98.4772	99.0244	0.1584	0.71	AlfI:98.81,AloI:98.97,BcgI:98.86,FalI:98.97	2104	146	2250	54	13.2055	ok	98.6517	gamma	98.6305	98.39	80.38	98.2986	471	516
GCA_014864955.1__GCA_900540585.1	GCA_014864955.1	GCA_900540585.1	97-100	train	97.29	strict		WGZZ01000001.1	UQGK01000001.1	97.7753	98.3466	0.6159	0.5125	0.06621	96.617	126	1	0	0.554	0.8976	97.616	98.6801	0.5673	3.48	AlfI:98.02,AloI:98.59,BcgI:98.13,FalI:98.50	1396	126	1565	29	7.06349	ok	97.7753	gamma	97.8311	97.36	67.02	97.1661	357	391
GCA_014866525.1__GCA_014866585.1	GCA_014866525.1	GCA_014866585.1	97-100	train	97.41	strict		WGWS01000001.1	WGWQ01000001.1	97.7961	98.065	0.8487	0.9006	0.03493	97.602	120	0.9931	35	1.434	0.8767	97.6031	98.2925	0.4247	3.94	AlfI:98.20,AloI:98.17,BcgI:98.01,FalI:97.77	5793	120	6141	333	43.0417	ok	97.7961	gamma	97.7077	97.38	88.75	97.3992	782	924
GCA_014866735.1__GCA_900762975.1	GCA_014866735.1	GCA_900762975.1	97-100	test	98.32	strict		WGWI01000001.1	CAAFIO010000001.1	98.7049	98.7938	0.6323	0.6615	0.03376	97.6568	311	0.9783	65	1.631	0.9255	98.5628	98.8744	0.2282	0.94	AlfI:98.84,AloI:98.87,BcgI:98.78,FalI:98.64	3711	311	3777	38	10.4341	ok	98.7049	gamma	98.6779	98.01	81.65	97.7758	498	654
GCA_014868885.1__GCA_014869095.1	GCA_014868885.1	GCA_014869095.1	97-100	test	97.68	strict		WHEN01000001.1	WHED01000001.1	98.3162	98.5279	0.7582	0.6932	0.03416	97.4836	162	0.9904	38	1.107	0.9084	98.1179	98.6908	0.1588	1.17	AlfI:98.59,AloI:98.54,BcgI:98.47,FalI:98.43	4281	162	4688	231	25.1296	ok	98.3162	gamma	98.2305	97.58	70.39	97.1402	600	719
GCA_014869255.1__GCA_018379115.1	GCA_014869255.1	GCA_018379115.1	97-100	test	98.02	strict		WHDU01000001.1	JAGZWE010000019.1	98.1383	98.4839	0.7819	0.8533	0.03843	97.8718	106	0.9927	24	0.761	0.9054	97.9369	98.7091	0.2375	1.59	AlfI:98.59,AloI:98.60,BcgI:98.44,FalI:98.37	3619	106	3890	120	31.6604	ok	98.1383	gamma	98.0638	97.65	86.21	97.8229	592	740
GCA_014870385.1__GCA_905211415.1	GCA_014870385.1	GCA_905211415.1	97-100	train	98.27	strict		WGVU01000001.1	CAJMAH010000001.1	98.4085	98.6496	0.6373	0.6483	0.09587	97.3063	55	0.9738	12	0.807	0.9184	98.1877	98.8338	1.7008	2.55	AlfI:97.53,AloI:99.24,BcgI:97.88,FalI:98.70	584	55	606	21	9.10909	ok	98.4085	gamma	98.5103	98.04	81.56	97.726	268	343
GCA_014870395.1__GCA_018053635.1	GCA_014870395.1	GCA_018053635.1	97-100	train	99.14	strict		WGVV01000001.1	JAGPLA010000123.1	99.3252	99.3724	0.2408	0.3204	0.09233	96.2465	22	1	0	0.355	0.9622	99.5759	99.3105	0.6402	0.34	AlfI:99.33,AloI:99.59,BcgI:98.95,FalI:99.38	361	22	274	12	5.45455	ok	99.3252	gamma	99.8005	98.99	82.29	97.5015	152	264
GCA_014872345.1__GCA_905193295.1	GCA_014872345.1	GCA_905193295.1	97-100	train	99.04	strict		WHHY01000001.1	CAJJOC010000001.1	99.2862	99.4075	0.7762	0.6664	0.03015	98.5484	207	0.9994	1	0.345	0.964	99.1536	99.4783	0.2448	1.73	AlfI:99.36,AloI:99.59,BcgI:99.41,FalI:99.34	2154	207	2228	32	8.95169	ok	99.2862	gamma	99.2747	98.97	78.7	99.0217	334	347
GCA_014872635.1__GCA_905212425.1	GCA_014872635.1	GCA_905212425.1	97-100	train	97.36	strict		WHHK01000001.1	CAJMED010000001.1	97.6303	98.1027	0.7457	0.7674	0.05642	97.283	136	0.9947	9	0.831	0.8799	97.4715	98.414	0.2373	0.66	AlfI:98.13,AloI:98.14,BcgI:98.02,FalI:98.26	2023	136	2344	44	13.375	ok	97.6303	gamma	97.6431	97.46	86.05	97.5442	501	578
GCA_015059695.1__GCA_017507635.1	GCA_015059695.1	GCA_017507635.1	97-100	train	97.22	strict		SUZY01000003.1	JAFWAP010000120.1	97.9015	97.9651	0.6306	0.726	0.04499	96.9637	288	0.9189	266	4.943	0.8707	97.8833	98.0071	0.4351	3.86	AlfI:97.98,AloI:97.98,BcgI:97.88,FalI:98.32	3593	288	3762	46	11.4583	ok	97.9015	gamma	98.0128	97.16	87.73	96.666	410	739
GCA_015059695.1__GCA_017531965.1	GCA_015059695.1	GCA_017531965.1	97-100	train	97.24	strict		SUZY01000003.1	JAFXKA010000100.1	97.9251	97.9953	0.6731	0.7834	0.0435	97.2339	293	0.9227	271	4.344	0.8728	97.9248	98.0302	0.3726	2.8	AlfI:97.91,AloI:98.15,BcgI:97.96,FalI:98.28	3807	293	3951	49	12.0375	ok	97.9251	gamma	98.0506	97.16	91.78	96.8064	434	739
GCA_015062785.1__GCF_900103565.1	GCA_015062785.1	GCF_900103565.1	97-100	train	98.11	strict		SUTZ01000029.1	NZ_FNHU01000038.1	98.3189	99.0935	0.8807	0.801	0.02761	98.4434	99	0.9936	24	0.178	0.9446	98.2717	99.3616	0.1928	0.64	AlfI:99.10,AloI:98.96,BcgI:99.10,FalI:99.15	3932	99	4321	148	38.7172	ok	98.3189	gamma	98.3856	98.29	79.14	98.0509	871	933
GCA_015228835.1__GCA_015231415.1	GCA_015228835.1	GCA_015231415.1	97-100	train	97.77	strict		JADGCT010000098.1	JADGBQ010000186.1	98.3194	98.5932	0.669	0.5559	0.0533	97.1961	172	0.9935	8	0.739	0.9141	98.1916	98.7532	0.424	1.68	AlfI:98.47,AloI:98.89,BcgI:98.47,FalI:98.67	1849	172	1941	27	8.14535	ok	98.3194	gamma	98.3692	97.9	70.71	97.805	599	666
GCA_015228835.1__GCA_015231655.1	GCA_015228835.1	GCA_015231655.1	97-100	train	97.86	strict		JADGCT010000098.1	JADGBF010000100.1	98.4007	98.6054	0.635	0.5343	0.05411	97.0893	167	0.9897	12	0.918	0.9149	98.2927	98.7262	0.208	0.2	AlfI:98.61,AloI:98.76,BcgI:98.55,FalI:98.61	1800	167	1844	26	7.87425	ok	98.4007	gamma	98.4714	97.91	70.6	97.734	595	666
GCA_015231415.1__GCA_015231655.1	GCA_015231415.1	GCA_015231655.1	97-100	train	98.36	strict		JADGBQ010000186.1	JADGBF010000100.1	98.6085	98.9076	0.7109	0.7246	0.04179	98.0003	174	0.9735	51	0.441	0.9339	98.4895	99.0538	0.2554	1.34	AlfI:99.03,AloI:98.85,BcgI:98.77,FalI:98.91	2320	174	2390	41	11.7644	ok	98.6085	gamma	98.64	98.27	86.3	98.2509	816	979
GCA_015256235.1__GCA_905365325.1	GCA_015256235.1	GCA_905365325.1	97-100	train	98.61	strict		JABZMO010000016.1	CAJPIS010000001.1	98.7512	98.8097	0.455	0.5616	0.07162	96.8943	81	0.9092	69	1.68	0.9268	98.8728	98.7894	0.3219	1.17	AlfI:98.68,AloI:98.80,BcgI:98.73,FalI:99.00	936	81	838	27	9.53086	ok	98.7512	gamma	99.0943	98.2	92.3	98.0647	287	472
GCA_015256235.1__GCA_905373725.1	GCA_015256235.1	GCA_905373725.1	97-100	train	99.1	strict		JABZMO010000016.1	CAJPUF010000001.1	99.2365	99.3353	0.8136	0.7949	0.04489	98.7735	61	0.957	47	0.473	0.9595	99.1331	99.3951	0.0528	0.1	AlfI:99.36,AloI:99.32,BcgI:99.31,FalI:99.36	1147	61	1171	86	18.1475	ok	99.2365	gamma	99.3008	98.97	90.58	98.9033	408	472
GCA_015258305.1__GCA_905371615.1	GCA_015258305.1	GCA_905371615.1	97-100	train	97.4	strict		JABZIN010000022.1	CAJPLW010000001.1	97.4853	97.9903	0.6779	0.4699	0.16112	96.1321	28	0.9764	5	0.807	0.8744	97.3816	98.3098	1.4083	1.4	AlfI:98.14,AloI:98.42,BcgI:97.01,FalI:98.07	294	28	329	22	8.39286	ok	97.4853	gamma	97.8631	97.43	61.61	97.1635	215	236
GCA_015260165.1__GCF_009728485.1	GCA_015260165.1	GCF_009728485.1	97-100	train	97.52	strict		JABZXF010000101.1	NZ_VVIQ01000010.1	97.7501	98.0361	0.8985	0.6715	0.05597	97.3428	121	0.9955	9	1.336	0.8769	97.5698	98.2675	0.1843	0.31	AlfI:98.07,AloI:98.18,BcgI:98.00,FalI:98.02	2255	121	2561	66	17.5124	ok	97.7501	gamma	97.738	97.62	67.74	97.4482	602	620
GCA_015260225.1__GCA_015260255.1	GCA_015260225.1	GCA_015260255.1	97-100	train	97.41	strict		JABZXB010000077.1	JABZXA010000100.1	98.0722	98.1877	0.5714	0.5912	0.05879	96.673	173	0.9949	7	2.239	0.887	98.1207	98.2218	0.3497	1.45	AlfI:98.42,AloI:98.07,BcgI:98.08,FalI:98.19	1924	173	2043	29	8.82081	ok	98.0722	gamma	98.2951	97.44	72.7	97.2133	411	537
GCA_015260735.1__GCA_015260745.1	GCA_015260735.1	GCA_015260745.1	97-100	train	98.15	strict		JABZWC010000100.1	JABZWB010000100.1	98.3734	98.5887	0.809	0.7031	0.04112	97.8647	209	0.9851	37	0.945	0.9131	98.2409	98.7211	0.1784	0.19	AlfI:98.57,AloI:98.75,BcgI:98.59,FalI:98.59	2862	209	3064	59	12.7273	ok	98.3734	gamma	98.3776	98.17	80.08	98.0142	521	584
GCA_015262605.1__GCA_905371525.1	GCA_015262605.1	GCA_905371525.1	97-100	train	98.55	strict		JABZSJ010000062.1	CAJPLR010000001.1	99.0511	99.1147	0.6807	0.7753	0.03318	98.2986	197	0.9562	113	1.002	0.9463	99.049	99.1348	0.168	1	AlfI:99.03,AloI:98.99,BcgI:99.15,FalI:99.15	2856	197	2857	51	13.5178	ok	99.0511	gamma	99.1627	98.66	93.43	98.237	607	826
GCA_015354435.1__GCA_015354475.1	GCA_015354435.1	GCA_015354475.1	97-100	test	99.99	strict		JABUJW010000001.1	JABUJX010000001.1	99.9999	99.9999	0.9942	0.9942	0.31336	99.6191	7	1	0	inf	1	99.9999	99.9999	0	0	AlfI:100.00,AloI:100.00,BcgI:100.00,FalI:100.00	3347	7	3333	880	476	ok	99.9999	uniform	100	100	100	99.9983	632	632
GCA_015485095.1__GCF_007991015.1	GCA_015485095.1	GCF_007991015.1	97-100	test	97.15	strict		WFUD01000001.1	NZ_BJXN01000001.1	97.6205	98.0054	0.7575	0.7933	0.05128	97.2659	157	0.9973	6	1.14	0.8732	97.3713	98.3303	0.0856	0.12	AlfI:98.05,AloI:97.97,BcgI:97.98,FalI:98.01	2552	157	3024	87	15.2484	ok	97.6205	gamma	97.5244	97.1	84.37	97.0164	623	699
GCA_015485775.1__GCA_015494555.1	GCA_015485775.1	GCA_015494555.1	97-100	train	98.38	strict		WFSW01000001.1	WGAZ01000001.1	98.938	98.998	0.3756	0.4231	0.06442	96.5914	101	0.9665	18	1.189	0.939	99.0604	98.979	0.2688	0.65	AlfI:99.19,AloI:98.92,BcgI:98.92,FalI:98.99	1182	101	893	14	6.13861	ok	98.938	gamma	99.2599	98.49	87.02	97.4932	267	444
GCA_015492235.1__GCF_013761125.1	GCA_015492235.1	GCF_013761125.1	97-100	train	97.24	strict		WGFL01000001.1	NZ_JACDUQ010000001.1	97.4118	97.4118	0.8204	0.7084	0.07326	96.746	161	1	0	inf	0.8353	97.3177	97.4654	0.4833	2.36	AlfI:97.62,AloI:97.25,BcgI:97.73,FalI:97.30	1723	161	2038	26	8.75776	ok	97.4118	uniform	97.5149	96.91	81.32	97.0672	479	480
GCA_015656005.1__GCA_904374815.1	GCA_015656005.1	GCA_904374815.1	97-100	train	97.55	strict		DVEN01000043.1	CAJFEN010000001.1	97.9235	98.3764	0.8787	0.8714	0.03924	97.9836	80	0.99	34	0.709	0.8987	97.6792	98.6786	0.4273	1.35	AlfI:98.38,AloI:98.64,BcgI:98.39,FalI:98.21	3815	80	4051	172	42.9625	ok	97.9235	gamma	97.8067	97.68	86.84	97.4239	621	703
GCA_015656245.1__GCA_904502255.1	GCA_015656245.1	GCA_904502255.1	97-100	train	100	strict		JADBOU010000091.1	CAJGDS010000001.1	99.9999	99.9999	0.7854	0.7854	0.50409	98.5383	116	1	0	inf	1	99.9999	99.9999	0	0	AlfI:100.00,AloI:100.00,BcgI:100.00,FalI:100.00	1340	116	1319	40	10.1121	ok	99.9999	uniform	100	100	100	100	335	345
GCA_015656895.1__GCA_017383865.1	GCA_015656895.1	GCA_017383865.1	97-100	train	98.23	strict		JADBNF010000013.1	JAFNUU010000144.1	98.6024	98.7992	0.7809	0.7642	0.03795	98.0857	135	0.9617	106	0.669	0.9268	98.601	98.8689	0.0857	0.25	AlfI:98.87,AloI:98.82,BcgI:98.78,FalI:98.78	2921	135	3041	122	20.7185	ok	98.6024	gamma	98.7294	98.2	86.1	98.0574	538	672
GCA_015656935.1__GCA_904501725.1	GCA_015656935.1	GCA_904501725.1	97-100	train	100	strict		JADBNE010000127.1	CAJGCE010000001.1	99.9999	99.9999	0.8899	0.8899	0.38028	99.2093	136	1	0	inf	1	99.9999	99.9999	0	0	AlfI:100.00,AloI:100.00,BcgI:100.00,FalI:100.00	2245	136	2328	88	15.9118	ok	99.9999	uniform	100	100	100	100	618	628
GCA_015669005.1__GCA_902385415.1	GCA_015669005.1	GCA_902385415.1	97-100	train	98.05	strict		JADOZN010000010.1	CABMFJ010000001.1	98.1936	98.6483	0.7906	0.836	0.04299	98.0086	58	0.9869	33	0.502	0.9169	97.988	98.9113	0.2474	1.01	AlfI:98.78,AloI:98.54,BcgI:98.60,FalI:98.64	2753	58	2912	375	43.7414	ok	98.1936	gamma	98.1376	98.05	81.72	97.84	948	1153
GCA_015688895.1__GCA_017390755.1	GCA_015688895.1	GCA_017390755.1	97-100	train	98.42	strict		JADBNZ010000110.1	JAFPAN010000031.1	99.1487	99.2135	0.333	0.251	0.09318	96.1476	35	0.9891	2	0.689	0.9525	99.2208	99.2113	0.489	0.9	AlfI:99.03,AloI:99.45,BcgI:99.52,FalI:99.17	459	35	340	14	6.17143	ok	99.1487	gamma	99.5074	98.2	58.26	97.74	239	340
GCA_015709405.1__GCF_009823595.1	GCA_015709405.1	GCF_009823595.1	97-100	train	99.02	strict		JACCQF010000110.1	NZ_WUJG01000010.1	99.1971	99.3667	0.8899	0.7818	0.02619	98.8793	121	0.9963	11	0.274	0.9614	99.1047	99.444	0.1573	1.58	AlfI:99.41,AloI:99.44,BcgI:99.39,FalI:99.28	3122	121	3289	131	25.157	ok	99.1971	gamma	99.2078	99.02	80.15	98.9525	717	753
GCA_015904085.1__GCA_015904125.1	GCA_015904085.1	GCA_015904125.1	97-100	train	99.12	strict		JABMDF010000001.1	JABMDD010000001.1	97.6807	99.3633	0.7147	0.7729	0.02191	98.4718	321	0.9606	175	0.07	0.9613	98.3051	99.6891	0.1095	0.84	AlfI:99.35,AloI:99.34,BcgI:99.39,FalI:99.28	5974	321	4851	109	14.3084	ok	97.6807	gamma	98.4125	98.58	76.65	98.1551	842	1107
GCA_016106225.1__GCA_016106265.1	GCA_016106225.1	GCA_016106265.1	97-100	train	99.81	strict		JADMAH010000002.1	JADMAK010000048.1	99.88	99.88	0.6539	0.5162	0.0212	98.316	97	1	0	inf	0.9928	99.8152	99.8966	0.0567	0.33	AlfI:99.89,AloI:99.84,BcgI:99.90,FalI:99.85	911	97	897	22	7.1134	ok	99.88	uniform	99.8997	99.75	72.16	99.6977	239	251
GCA_016178405.1__GCA_016201515.1	GCA_016178405.1	GCA_016201515.1	97-100	train	99.49	strict		JACOTI010000010.1	JACQCS010000047.1	99.6688	99.764	0.7763	0.8788	0.02637	99.3389	75	0.989	12	0.07	0.9857	99.6456	99.797	0.1526	1.53	AlfI:99.86,AloI:99.71,BcgI:99.79,FalI:99.74	1228	75	1208	65	15.3333	ok	99.6688	gamma	99.7512	99.59	97.36	99.7627	423	513
GCA_016181505.1__GCA_016203595.1	GCA_016181505.1	GCA_016203595.1	97-100	train	98.44	strict		JACOZE010000076.1	JACQML010000068.1	99.2299	99.2299	0.236	0.24	0.10769	95.875	18	0.9865	1	inf	0.9532	99.2608	99.2217	0.826	2.68	AlfI:98.76,AloI:98.67,BcgI:99.02,FalI:99.50	316	18	245	8	5.05556	ok	99.2299	uniform	99.582	98.33	63.05	96.6761	129	212
GCA_016188905.1__GCA_016192625.1	GCA_016188905.1	GCA_016192625.1	97-100	train	98.54	strict		JACPGW010000320.1	JACPTU010000021.1	99.2889	99.4391	0.4476	0.6161	0.0247	97.8161	333	0.9727	66	0.221	0.9654	99.2576	99.4911	0.0632	0.33	AlfI:99.48,AloI:99.45,BcgI:99.42,FalI:99.45	3503	333	3184	33	8.06006	ok	99.2889	gamma	99.3531	99.06	87.94	98.1483	660	1169
GCA_016215525.1__GCF_003258855.1	GCA_016215525.1	GCF_003258855.1	97-100	train	97.4	strict		JACRJD010000032.1	NZ_NPEW01000100.1	98.2613	98.4236	0.8013	0.7481	0.02485	97.6942	454	0.9547	368	1.476	0.9015	98.1478	98.5362	0.4796	4.74	AlfI:98.48,AloI:98.21,BcgI:98.40,FalI:98.69	9130	454	9333	107	18.0969	ok	98.2613	gamma	98.2269	97.47	83.3	97.2816	1248	1618
GCA_016215525.1__GCF_900604295.1	GCA_016215525.1	GCF_900604295.1	97-100	train	98.01	strict		JACRJD010000032.1	NZ_UWOC01000001.1	98.573	98.7813	0.9332	0.8354	0.02054	98.1918	218	0.9858	131	0.761	0.9249	98.4412	98.9009	0.1316	0.72	AlfI:98.74,AloI:98.81,BcgI:98.78,FalI:98.88	9878	218	10321	246	42.6239	ok	98.573	gamma	98.5127	98.21	85.49	98.1775	1498	1618
GCA_016280495.1__GCA_905234115.1	GCA_016280495.1	GCA_905234115.1	97-100	train	97.73	low-AF		JAEEGV010000390.1	CAJOGL010000001.1	98.4412	98.8802	0.4555	0.6211	0.0429	97.1258	190	0.9957	7	0.365	0.9317	98.2764	99.0934	0.2337	1.43	AlfI:99.01,AloI:98.95,BcgI:98.89,FalI:98.77	2260	190	2304	41	9.5	ok	98.4412	gamma	98.4351	97.93	73.07	97.5048	494	825
GCA_016281705.1__GCA_902776865.1	GCA_016281705.1	GCA_902776865.1	97-100	train	97.61	strict		JAEEJF010000007.1	CACYRX010000001.1	98.1299	98.9	0.5935	0.6165	0.07819	97.2837	59	0.9451	28	0.266	0.9323	97.9646	99.2395	0.4744	0.91	AlfI:99.03,AloI:99.01,BcgI:98.89,FalI:98.55	685	59	684	34	9.16949	ok	98.1299	gamma	98.2645	97.13	80.88	97.5049	207	288
GCA_016283735.1__GCA_902784395.1	GCA_016283735.1	GCA_902784395.1	97-100	test	97.11	strict		JAEENP010000023.1	CACZUP010000001.1	97.6702	98.1858	0.8238	0.7633	0.04243	97.409	121	0.99	32	0.739	0.8864	97.4652	98.5242	0.2749	0.53	AlfI:98.25,AloI:97.98,BcgI:98.17,FalI:98.16	3408	121	3984	145	27.1322	ok	97.6702	gamma	97.5976	97.2	76.19	97.1082	723	828
GCA_016284055.1__GCA_016285565.1	GCA_016284055.1	GCA_016285565.1	97-100	train	98.84	strict		JAEEOA010000001.1	JAEERA010000130.1	99.1722	99.4694	0.6452	0.6133	0.03154	98.1238	169	0.9843	23	0.137	0.9677	99.0876	99.5787	0.3545	4.99	AlfI:99.34,AloI:99.68,BcgI:99.52,FalI:99.32	1889	169	1879	47	9.53254	ok	99.1722	gamma	99.2239	98.93	77.19	98.3741	295	383
GCA_016288405.1__GCA_017961745.1	GCA_016288405.1	GCA_017961745.1	97-100	train	97.75	strict		JAEEZA010000123.1	JAGCWV010000026.1	98.0028	98.7573	0.8427	0.614	0.03968	97.6987	147	0.9914	21	0.294	0.9235	97.9077	99.0792	0.234	1.22	AlfI:98.86,AloI:98.63,BcgI:98.79,FalI:98.65	2657	147	3040	70	17.5578	ok	98.0028	gamma	98.0528	97.74	63.83	97.8032	513	552
GCA_016288455.1__GCA_017392725.1	GCA_016288455.1	GCA_017392725.1	97-100	train	97.68	strict		JAEEZE010000131.1	JAFOSV010000014.1	99.2576	99.2576	0.3679	0.3855	0.05754	96.7098	81	0.9636	20	inf	0.9548	99.2355	99.2639	0.1983	0.53	AlfI:99.33,AloI:99.16,BcgI:99.14,FalI:99.22	1009	81	795	18	7.54321	ok	99.2576	uniform	99.4258	98.23	69.51	97.0609	263	489
GCA_016290275.1__GCA_902771375.1	GCA_016290275.1	GCA_902771375.1	97-100	test	97.88	strict		JAEETI010000025.1	CACXWQ010000001.1	98.6398	98.8047	0.5856	0.5515	0.04053	97.2378	237	0.9607	86	0.866	0.9256	98.544	98.8985	0.3197	2.99	AlfI:98.60,AloI:98.92,BcgI:98.89,FalI:98.67	2635	237	2682	45	9.8692	ok	98.6398	gamma	98.6818	97.96	68.49	97.4963	408	609
GCA_016290485.1__GCA_017530685.1	GCA_016290485.1	GCA_017530685.1	97-100	train	97.92	strict		JAEEUI010000103.1	JAFXMC010000044.1	98.5837	98.6367	0.5447	0.568	0.04908	97.0301	201	0.9402	106	2.623	0.9139	98.6405	98.6379	0.5101	4.69	AlfI:98.41,AloI:98.78,BcgI:98.52,FalI:98.93	2180	201	2086	40	9.28856	ok	98.5837	gamma	98.7923	97.79	77.07	97.0554	364	569
GCA_016292585.1__GCA_016292835.1	GCA_016292585.1	GCA_016292835.1	97-100	train	98.75	strict		JAEDIF010000064.1	JAEDFJ010000063.1	99.0707	99.1037	0.7508	0.7143	0.05424	98.2544	89	0.9811	18	1.52	0.9459	99.1967	99.0749	0.3759	1.22	AlfI:99.28,AloI:99.23,BcgI:98.90,FalI:99.14	1139	89	1135	39	11.5169	ok	99.0707	gamma	99.3626	98.71	86.88	98.5609	273	324
GCA_016292865.1__GCA_018384285.1	GCA_016292865.1	GCA_018384285.1	97-100	train	99.2	strict		JAEDFI010000068.1	JAHAYZ010000113.1	99.4478	99.4675	0.4937	0.6223	0.03618	97.8453	144	0.9475	66	1.044	0.9678	99.4526	99.472	0.0572	0.06	AlfI:99.43,AloI:99.49,BcgI:99.47,FalI:99.47	1561	144	1450	28	9.27083	ok	99.4478	gamma	99.5743	99.12	87.51	98.8235	315	547
GCA_016293055.1__GCA_900546155.1	GCA_016293055.1	GCA_900546155.1	97-100	train	98.69	strict		JAEDEZ010000017.1	URBT01000001.1	99.0675	99.1443	0.8763	0.8305	0.03646	98.7851	72	0.9916	17	0.918	0.948	98.9857	99.1921	0.2821	1.41	AlfI:99.13,AloI:98.92,BcgI:99.20,FalI:99.06	2117	72	2246	139	28.9583	ok	99.0675	gamma	99.1165	98.79	85.79	98.6269	405	431
GCA_016293115.1__GCA_016293275.1	GCA_016293115.1	GCA_016293275.1	97-100	train	98.87	strict		JAEDEV010000044.1	JAEDEP010000047.1	98.9894	99.1831	0.7863	0.7925	0.04372	98.535	64	0.9867	18	0.392	0.9505	98.8702	99.2779	0.0894	0.15	AlfI:99.14,AloI:99.15,BcgI:99.19,FalI:99.23	1442	64	1508	106	21.7969	ok	98.9894	gamma	99.0366	98.82	88.75	98.6825	337	397
GCA_016293115.1__GCA_905199065.1	GCA_016293115.1	GCA_905199065.1	97-100	train	97.22	strict		JAEDEV010000044.1	CAJKFG010000001.1	97.7615	98.1482	0.6408	0.6709	0.07523	96.8712	91	0.9519	49	0.918	0.8838	97.6234	98.3983	0.3075	0.26	AlfI:98.06,AloI:98.36,BcgI:98.15,FalI:98.18	1175	91	1282	92	11.6593	ok	97.7615	gamma	97.8537	96.66	79.82	96.8378	272	397
GCA_016296895.1__GCA_900551315.1	GCA_016296895.1	GCA_900551315.1	97-100	test	98.88	strict		JAEDHR010000051.1	URVN01000001.1	98.7484	99.3012	0.5855	0.6122	0.07207	97.679	52	0.9746	10	0.126	0.958	98.7508	99.4759	0.1188	0.05	AlfI:99.33,AloI:99.39,BcgI:99.27,FalI:99.30	508	52	515	22	8.38462	ok	98.7484	gamma	99.0477	99.02	77.17	98.8927	273	378
GCA_016297955.1__GCA_018385095.1	GCA_016297955.1	GCA_018385095.1	97-100	train	98.64	strict		JAEDFP010000131.1	JAHAXS010000001.1	99.0228	99.057	0.5967	0.6508	0.03428	97.9202	288	0.9451	133	1.68	0.9424	99.1586	99.0266	0.291	3.31	AlfI:99.05,AloI:99.16,BcgI:98.95,FalI:99.24	3522	288	2768	37	8.95139	ok	99.0228	gamma	99.2674	98.58	88.1	97.9021	390	660
GCA_016302105.1__GCA_016302425.1	GCA_016302105.1	GCA_016302425.1	97-100	test	98.84	strict		JAEDOH010000137.1	JAEDNP010000123.1	99.0649	99.1096	0.7288	0.7734	0.03112	98.4541	233	0.9846	42	1.224	0.9456	99.1674	99.0925	0.2454	3.02	AlfI:99.04,AloI:99.18,BcgI:99.09,FalI:99.28	3508	233	3170	43	12.5579	ok	99.0649	gamma	99.2687	98.74	90.79	98.6499	503	621
GCA_016302335.1__GCA_905199825.1	GCA_016302335.1	GCA_905199825.1	97-100	train	98.88	strict		JAEDNX010000073.1	CAJKIC010000001.1	99.1124	99.1818	0.8018	0.6176	0.03494	98.2259	164	0.985	30	0.807	0.9505	99.1137	99.2017	0.3536	1.86	AlfI:99.12,AloI:99.47,BcgI:99.19,FalI:99.16	2240	164	2308	50	13.0305	ok	99.1124	gamma	99.2356	98.8	69.67	98.7268	331	380
GCA_016405405.1__GCA_905213015.1	GCA_016405405.1	GCA_905213015.1	97-100	test	98.81	strict		JAEKDM010000001.1	CAJMGP010000001.1	99.2014	99.2922	0.6972	0.7206	0.02623	98.1487	62	0.9924	25	0.523	0.9571	99.154	99.3315	0.1179	1.05	AlfI:99.38,AloI:99.30,BcgI:99.26,FalI:99.31	3394	62	3524	344	53.5	ok	99.2014	gamma	99.2511	98.79	73.34	98.5628	687	889
GCA_016462135.1__GCA_016462965.1	GCA_016462135.1	GCA_016462965.1	97-100	train	98.94	strict		JAEMTU010000194.1	JAEMSF010000219.1	99.1715	99.2918	0.7727	0.7558	0.02337	98.6403	306	0.986	53	0.416	0.957	99.1284	99.3386	0.2176	1.37	AlfI:99.34,AloI:99.12,BcgI:99.29,FalI:99.31	4357	306	4445	71	13.1961	ok	99.1715	gamma	99.216	98.93	87.49	98.7833	695	817
GCA_016462475.1__GCA_016462965.1	GCA_016462475.1	GCA_016462965.1	97-100	train	98.91	strict		JAEMTD010000190.1	JAEMSF010000219.1	99.1487	99.2635	0.7225	0.6948	0.02456	98.3891	330	0.991	31	0.487	0.9553	99.0713	99.3192	0.1721	1.69	AlfI:99.21,AloI:99.33,BcgI:99.30,FalI:99.16	4112	330	4202	57	11.297	ok	99.1487	gamma	99.1639	98.91	82.35	98.7808	622	715
GCA_016632365.1__GCA_019148575.1	GCA_016632365.1	GCA_019148575.1	97-100	test	99.88	strict		JAEPBH010000001.1	JAGFEW010000001.1	99.9621	99.9643	0.9193	0.9081	0.00472	99.7344	90	0.9992	4	0.07	0.9978	99.9361	99.9712	0.0266	0.32	AlfI:99.96,AloI:99.94,BcgI:99.97,FalI:99.96	5320	90	5173	237	56.5	ok	99.9621	gamma	99.9577	99.84	95	99.8997	1207	1244
GCA_016703445.1__GCA_016720015.1	GCA_016703445.1	GCA_016720015.1	97-100	test	98.97	strict		JADJCB010000001.1	JADJYB010000001.1	99.2391	99.3953	0.9463	0.8645	0.01747	98.94	45	0.995	32	0.286	0.9633	99.1175	99.4725	0.1592	1.16	AlfI:99.39,AloI:99.48,BcgI:99.40,FalI:99.32	6596	45	6741	733	143.4	ok	99.2391	gamma	99.1891	99.14	85.39	99.1486	1832	1926
GCA_016704395.1__GCA_016709475.1	GCA_016704395.1	GCA_016709475.1	97-100	test	98.21	strict		JADJAF010000001.1	JADJMT010000001.1	98.022	98.7182	0.8651	0.8709	0.03852	98.2989	76	0.9872	39	0.321	0.9218	97.9045	99.0314	0.1793	0.94	AlfI:98.66,AloI:98.62,BcgI:98.80,FalI:98.69	3306	76	3419	253	40.5658	ok	98.022	gamma	98.0439	98.39	86.5	98.3293	1372	1593
GCA_016705185.1__GCA_016708405.1	GCA_016705185.1	GCA_016708405.1	97-100	test	98.24	strict		JADIYS010000001.1	JADJFS010000001.1	98.4888	99.0484	0.8935	0.8398	0.02481	98.447	61	0.9899	54	0.227	0.9417	98.4045	99.2616	0.2117	2.92	AlfI:99.05,AloI:98.99,BcgI:99.10,FalI:98.89	5453	61	5664	655	87.6066	ok	98.4888	gamma	98.5023	98.61	83.53	98.4424	1032	1152
GCA_016706355.1__GCA_016719985.1	GCA_016706355.1	GCA_016719985.1	97-100	train	99.36	strict		JADJJS010000001.1	JADJYA010000001.1	99.3979	99.6576	0.9026	0.9453	0.01434	99.3533	37	0.9962	21	0.077	0.9792	99.3237	99.7453	0.1244	1.73	AlfI:99.67,AloI:99.66,BcgI:99.67,FalI:99.55	5643	37	5609	1363	148.514	ok	99.3979	gamma	99.3933	99.45	92.91	99.4347	1263	1408
GCA_016706435.1__GCA_017989535.1	GCA_016706435.1	GCA_017989535.1	97-100	train	97.84	low-AF		JADJJQ010000001.1	JAGNPQ010000212.1	98.5686	98.9667	0.5083	0.752	0.02581	97.5463	288	0.9479	266	0.335	0.9366	98.4396	99.1443	0.0993	0.58	AlfI:98.96,AloI:99.00,BcgI:98.94,FalI:99.04	5253	288	5638	90	17.816	ok	98.5686	gamma	98.5368	98.06	81.37	97.4866	702	1435
GCA_016706525.1__GCA_016712915.1	GCA_016706525.1	GCA_016712915.1	97-100	train	99.22	strict		JADJJM010000001.1	JADJQB010000001.1	99.4296	99.6261	0.8901	0.8884	0.01043	98.8566	84	0.9943	64	0.106	0.9775	99.3358	99.7006	0.0839	2.08	AlfI:99.63,AloI:99.69,BcgI:99.61,FalI:99.69	11666	84	11389	1015	134.774	ok	99.4296	gamma	99.3846	99.13	84.21	99.223	1484	1662
GCA_016707325.1__GCA_016715315.1	GCA_016707325.1	GCA_016715315.1	97-100	train	99.37	strict		JADJHW010000001.1	JADKAH010000001.1	99.4868	99.6535	0.8905	0.9134	0.01034	98.9086	33	0.9979	22	0.103	0.9791	99.4047	99.7166	0.1136	2.28	AlfI:99.66,AloI:99.76,BcgI:99.64,FalI:99.65	10659	33	10689	1395	317.485	ok	99.4868	gamma	99.4526	99.45	89.33	99.4587	1366	1557
GCA_016707695.1__GCA_016717775.1	GCA_016707695.1	GCA_016717775.1	97-100	train	98.75	strict		JADJHH010000001.1	JADKEZ010000001.1	98.3822	99.3762	0.946	0.8971	0.02804	99.1115	39	0.9928	20	0.082	0.9621	98.5948	99.6198	0.1946	1.29	AlfI:99.40,AloI:99.25,BcgI:99.44,FalI:99.35	2937	39	2980	313	71.5641	ok	98.3822	gamma	98.7256	99.08	89.38	99.0469	1272	1324
GCA_016710535.1__GCA_016710825.1	GCA_016710535.1	GCA_016710825.1	97-100	train	98.8	strict		JADJVO010000001.1	JADJUD010000001.1	98.4365	99.3403	0.7697	0.8859	0.0196	98.5805	113	0.9876	71	0.097	0.9598	98.5532	99.5764	0.3285	6.4	AlfI:99.35,AloI:99.33,BcgI:99.39,FalI:99.06	6450	113	6139	525	51.0531	ok	98.4365	gamma	98.6439	98.97	87.69	98.895	1472	1904
GCA_016712215.1__GCA_016722365.1	GCA_016712215.1	GCA_016722365.1	97-100	train	98.1	strict		JADJRM010000001.1	JADKGH010000001.1	98.3667	98.7809	0.8552	0.861	0.02718	98.1602	63	0.9929	40	0.454	0.9251	98.1749	98.9995	0.2103	1.22	AlfI:98.74,AloI:98.88,BcgI:98.81,FalI:98.67	5847	63	6069	568	90.2857	ok	98.3667	gamma	98.2728	98.26	81.17	98.3204	863	1014
GCA_016713705.1__GCA_017992095.1	GCA_016713705.1	GCA_017992095.1	97-100	train	99.93	strict		JADJOQ010000001.1	JAGOPH010000002.1	99.9161	99.9326	0.8565	0.9822	0.00578	99.6085	61	0.9923	50	0.07	0.9959	99.8048	99.9641	0.0306	0.79	AlfI:99.92,AloI:99.95,BcgI:99.94,FalI:99.93	6671	61	6589	682	106.721	ok	99.9161	gamma	99.8396	99.96	99.19	99.8789	1107	1369
GCA_016718615.1__GCA_018057805.1	GCA_016718615.1	GCA_018057805.1	97-100	train	99.8	strict		JADKDA010000001.1	JAGPDA010000028.1	99.9055	99.9203	0.8768	0.9725	0.0064	99.6367	76	0.9889	71	0.07	0.9951	99.8416	99.9405	0.0561	3.31	AlfI:99.89,AloI:99.91,BcgI:99.93,FalI:99.94	6499	76	6483	349	84.4868	ok	99.9055	gamma	99.8729	99.86	98.89	99.7248	1241	1428
GCA_016743675.1__GCA_016861005.1	GCA_016743675.1	GCA_016861005.1	97-100	train	99.81	strict		RBNC01000043.1	BOKN01000001.1	99.9441	99.9515	0.8159	0.7615	0.009	99.2541	38	0.9921	16	0.07	0.9971	99.8609	99.9748	0.0886	4.1	AlfI:99.91,AloI:100.00,BcgI:99.98,FalI:99.93	2115	38	2019	182	53.6579	ok	99.9441	gamma	99.9114	99.89	79.23	99.5999	702	815
GCA_016756895.1__GCA_016756955.1	GCA_016756895.1	GCA_016756955.1	97-100	train	98.19	strict		JAESPC010000001.1	JAESPB010000001.1	98.5367	99.001	0.825	0.8388	0.02489	98.3745	187	0.9868	67	0.303	0.9388	98.3548	99.2166	0.0554	0.1	AlfI:99.00,AloI:99.02,BcgI:99.01,FalI:98.96	5429	187	5870	154	27.7968	ok	98.5367	gamma	98.4515	98.41	89.24	98.2936	1179	1313
GCA_016777025.1__GCA_016778215.1	GCA_016777025.1	GCA_016778215.1	97-100	train	99.99	strict		JADHSH010000009.1	JADHPZ010000001.1	99.9999	99.9999	0.808	0.8962	0.83924	98.2088	17	0.9959	2	inf	1	99.9999	99.9999	0	0	AlfI:100.00,AloI:100.00,BcgI:100.00,FalI:100.00	503	17	499	108	29.3529	ok	99.9999	uniform	100	99.99	94	99.979	260	300
GCA_016777165.1__GCA_016779745.1	GCA_016777165.1	GCA_016779745.1	97-100	train	99.93	strict		JADHRX010000021.1	JADHNA010000042.1	99.9475	99.9475	0.8973	0.8354	0.00819	99.604	61	0.9929	18	inf	0.9968	99.9309	99.9518	0.058	1.45	AlfI:99.90,AloI:99.94,BcgI:99.96,FalI:99.96	2596	61	2607	168	42.5246	ok	99.9475	uniform	99.9613	99.81	86.03	99.8299	485	535
GCA_016777665.1__GCA_016780545.1	GCA_016777665.1	GCA_016780545.1	97-100	train	99.94	strict		JADHRA010000031.1	JADHLQ010000078.1	99.9704	99.9714	0.8718	0.8795	0.0049	99.6698	119	0.9847	58	0.07	0.9983	99.9614	99.9739	0.0412	1.9	AlfI:99.96,AloI:100.00,BcgI:99.98,FalI:99.96	3878	119	3869	242	32.395	ok	99.9704	gamma	99.9799	99.89	92.45	99.8007	752	859
GCA_016777985.1__GCA_016782805.1	GCA_016777985.1	GCA_016782805.1	97-100	test	99.78	strict		JADHQJ010000193.1	JADHXU010000077.1	99.8713	99.8835	0.6538	0.8298	0.00792	99.032	289	0.9823	101	0.092	0.993	99.8711	99.8865	0.1031	1.46	AlfI:99.90,AloI:99.79,BcgI:99.89,FalI:99.84	6067	289	5933	80	20.3633	ok	99.8713	gamma	99.9007	99.79	89.14	99.2678	688	1092
GCA_016778205.1__GCA_905478865.1	GCA_016778205.1	GCA_905478865.1	97-100	test	98.79	strict		JADHQB010000050.1	CAJQKH010000001.1	99.5753	99.5753	0.4648	0.3936	0.05261	97.2322	62	0.9493	23	inf	0.9744	99.5706	99.5765	0.0838	0.05	AlfI:99.56,AloI:99.64,BcgI:99.59,FalI:99.57	615	62	541	17	7.95161	ok	99.5753	uniform	99.7396	98.81	61.61	97.96	169	269
GCA_016778355.1__GCA_016778375.1	GCA_016778355.1	GCA_016778375.1	97-100	test	99.82	strict		JADHPQ010000092.1	JADHPS010000059.1	99.9411	99.943	0.6211	0.5163	0.01041	98.308	135	0.9848	24	0.07	0.9965	99.9616	99.9384	0.0786	0.69	AlfI:99.95,AloI:100.00,BcgI:99.92,FalI:99.96	1737	135	1705	40	12.5037	ok	99.9411	gamma	99.9869	99.28	58.22	99.0179	245	373
GCA_016778485.1__GCA_016779885.1	GCA_016778485.1	GCA_016779885.1	97-100	train	99.97	strict		JADHPL010000070.1	JADHMU010000038.1	99.9833	99.9833	0.4743	0.699	0.00961	98.4569	59	0.9705	16	inf	0.999	99.9999	99.979	0.0371	0	AlfI:100.00,AloI:100.00,BcgI:100.00,FalI:99.96	653	59	616	26	9.91525	ok	99.9833	uniform	100	99.88	89.44	99.4713	193	352
GCA_016783025.1__GCA_016785045.1	GCA_016783025.1	GCA_016785045.1	97-100	test	99.75	low-AF		JADHXJ010000082.1	JADHTM010000136.1	99.9127	99.9229	0.3529	0.3683	0.01608	97.2696	80	0.9762	22	0.07	0.9953	99.8877	99.9322	0.1227	1.83	AlfI:99.84,AloI:99.92,BcgI:99.96,FalI:99.92	1045	80	1018	38	12.2875	ok	99.9127	gamma	99.9473	99.84	42.11	96.9641	332	785
GCA_016838965.1__GCA_016839085.1	GCA_016838965.1	GCA_016839085.1	97-100	train	98.11	strict		JADLKN010000011.1	JADLKJ010000004.1	98.4218	98.9769	0.7994	0.8913	0.03347	98.4019	42	0.9891	33	0.266	0.9372	98.2918	99.2125	0.1875	1.28	AlfI:99.03,AloI:99.11,BcgI:98.92,FalI:98.97	3069	42	3402	256	72.2381	ok	98.4218	gamma	98.4209	98.45	89.71	98.2953	751	924
GCA_016858235.1__GCF_000812585.1	GCA_016858235.1	GCF_000812585.1	97-100	train	98.65	strict		JAFCYX010000001.1	NZ_JTGE01000001.1	98.9705	99.1074	0.8157	0.8645	0.02205	98.5133	156	0.9769	137	0.669	0.9454	98.7922	99.2052	0.1923	1.64	AlfI:99.12,AloI:99.23,BcgI:99.08,FalI:99.04	6174	156	6438	237	38.1218	ok	98.9705	gamma	98.8753	98.55	88.83	98.3541	1149	1414
GCA_016858235.1__GCF_002994485.1	GCA_016858235.1	GCF_002994485.1	97-100	train	98.06	strict		JAFCYX010000001.1	NZ_MTBD01000086.1	98.4557	98.7704	0.8482	0.8132	0.02622	97.984	79	0.9895	61	0.588	0.924	98.2395	98.963	0.2489	3.78	AlfI:98.85,AloI:98.91,BcgI:98.69,FalI:98.66	6065	79	6577	438	73.9747	ok	98.4557	gamma	98.3327	98.05	80.39	97.7611	1247	1414
GCA_016869095.1__GCA_017302665.1	GCA_016869095.1	GCA_017302665.1	97-100	train	97.3	strict		VGEX01000001.1	JAFLCZ010000001.1	97.5721	98.1513	0.6854	0.7147	0.09181	96.9926	27	0.9893	8	0.669	0.8854	97.4233	98.5028	0.3805	1.31	AlfI:98.37,AloI:98.30,BcgI:98.35,FalI:97.99	800	27	921	84	28.2963	ok	97.5721	gamma	97.71	96.71	70.22	96.9424	408	513
GCA_016887665.1__GCF_002276415.1	GCA_016887665.1	GCF_002276415.1	97-100	train	98.71	strict		JAFEHC010000001.1	NZ_NPBR01000001.1	98.8096	99.0407	0.7731	0.8133	0.02132	98.0134	87	0.9958	29	0.473	0.9411	98.6409	99.1709	0.3043	6.47	AlfI:99.11,AloI:99.17,BcgI:99.05,FalI:98.86	7034	87	7647	329	80.3448	ok	98.8096	gamma	98.7209	98.57	81.1	98.6222	1765	2232
GCA_017305405.1__GCF_003610155.1	GCA_017305405.1	GCF_003610155.1	97-100	train	99.89	strict		JAFKKY010000003.1	NZ_RAIN01000001.1	99.9652	99.9669	0.952	0.7828	0.00255	98.711	69	0.9994	10	0.07	0.998	99.9483	99.9714	0.0076	0.3	AlfI:99.96,AloI:99.97,BcgI:99.97,FalI:99.96	16399	69	16302	1661	235.522	ok	99.9652	gamma	99.9596	99.86	78.6	99.8281	2076	2152
GCA_017306455.1__GCF_001423805.1	GCA_017306455.1	GCF_001423805.1	97-100	train	99.97	strict		JAFKIH010000006.1	NZ_LMPI01000001.1	99.9987	99.9987	0.9901	0.9835	0.00073	99.8965	36	0.9976	18	inf	0.9999	99.9956	99.9995	0.0017	0	AlfI:100.00,AloI:100.00,BcgI:100.00,FalI:100.00	7456	36	7433	950	206.444	ok	99.9987	uniform	99.9992	99.99	98.58	99.9845	942	958
GCA_017306495.1__GCF_001278365.1	GCA_017306495.1	GCF_001278365.1	97-100	train	97.04	strict		JAFKIF010000270.1	NZ_KQ440284.1	97.4222	98.19	0.6857	0.7179	0.03985	97.0986	310	0.9961	12	0.538	0.8851	97.2932	98.6303	0.5472	5.13	AlfI:98.18,AloI:98.45,BcgI:98.13,FalI:98.67	3828	310	4557	39	10.9871	ok	97.4222	gamma	97.4174	97.16	74.11	96.7998	596	745
GCA_017330725.1__GCA_017330985.1	GCA_017330725.1	GCA_017330985.1	97-100	test	99.92	strict		SHCO01000118.1	SHCC01000022.1	99.956	99.9593	0.8952	0.9053	0.00783	99.8594	99	0.9956	10	0.07	0.9975	99.9176	99.971	0.0484	0.59	AlfI:99.97,AloI:100.00,BcgI:99.98,FalI:99.95	2531	99	2401	116	23.7273	ok	99.956	gamma	99.9525	99.96	99.71	99.9386	1305	1327
GCA_017380055.1__GCA_017399985.1	GCA_017380055.1	GCA_017399985.1	97-100	train	97.47	strict		JAFOES010000001.1	JAFQAO010000050.1	97.8468	98.1317	0.7799	0.6317	0.05537	97.1565	192	0.9963	6	1.297	0.8827	97.6238	98.3734	0.2957	1.75	AlfI:98.35,AloI:98.08,BcgI:98.05,FalI:98.10	2093	192	2375	30	9.52604	ok	97.8468	gamma	97.7928	97.4	67.92	97.5151	400	427
GCA_017383565.1__GCA_017391745.1	GCA_017383565.1	GCA_017391745.1	97-100	train	97.68	strict		JAFNXC010000010.1	JAFOXN010000267.1	98.2182	98.3624	0.7755	0.7956	0.04123	97.8287	246	0.9369	199	1.68	0.8979	98.151	98.4515	0.387	3.4	AlfI:98.42,AloI:98.67,BcgI:98.28,FalI:98.61	3395	246	3538	60	13.0122	ok	98.2182	gamma	98.2797	97.58	90.75	97.3965	401	560
GCA_017388805.1__GCA_017455485.1	GCA_017388805.1	GCA_017455485.1	97-100	test	98.3	low-AF		JAFPHD010000033.1	JAFTAS010000045.1	98.8062	98.9317	0.441	0.6275	0.04933	97.1376	103	0.9832	22	0.807	0.9346	98.7987	98.9749	0.0991	0.08	AlfI:98.93,AloI:98.89,BcgI:98.92,FalI:98.99	1495	103	1543	42	13.5146	ok	98.8062	gamma	98.9667	98.37	73.66	98.0735	211	437
GCA_017389045.1__GCA_017444765.1	GCA_017389045.1	GCA_017444765.1	97-100	test	98.39	strict		JAFPGO010000036.1	JAFSVY010000025.1	98.8887	98.9896	0.8272	0.8235	0.03607	98.5157	115	0.99	25	0.973	0.9382	98.7995	99.0525	0.2699	1.83	AlfI:98.96,AloI:99.18,BcgI:99.03,FalI:98.91	2647	115	2817	105	22.4696	ok	98.8887	gamma	98.9252	98.45	85.92	98.2354	496	559
GCA_017389675.1__GCA_902768475.1	GCA_017389675.1	GCA_902768475.1	97-100	train	98.25	strict		JAFPEG010000238.1	CACXLT010000001.1	98.8923	98.9851	0.5592	0.4256	0.04231	97.0579	212	0.9832	25	0.945	0.9372	98.9102	99.0102	0.2566	1.35	AlfI:99.07,AloI:99.11,BcgI:98.97,FalI:98.85	2048	212	2028	32	7.91981	ok	98.8923	gamma	99.0515	98.3	56.2	97.08	294	384
GCA_017400105.1__GCA_017418745.1	GCA_017400105.1	GCA_017418745.1	97-100	train	97.4	strict		JAFQAC010000190.1	JAFOMX010000119.1	98.2279	98.394	0.4116	0.5005	0.05595	96.3242	195	0.9743	31	1.392	0.8995	98.1958	98.4781	0.2109	0.74	AlfI:98.41,AloI:98.46,BcgI:98.45,FalI:98.25	2183	195	1952	20	7.0359	ok	98.2279	gamma	98.37	97.7	82	96.1888	304	535
GCA_017401145.1__GCA_902756765.1	GCA_017401145.1	GCA_902756765.1	97-100	train	98.9	strict		JAFPQT010000022.1	CACVSS010000001.1	99.2715	99.4754	0.7272	0.3543	0.03866	97.6254	101	0.9949	5	0.178	0.9682	99.1687	99.5649	0.1462	0.92	AlfI:99.58,AloI:99.51,BcgI:99.43,FalI:99.44	1272	101	1265	32	10.5842	ok	99.2715	gamma	99.3276	99.03	43.56	99.0038	328	359
GCA_017402825.1__GCA_017509025.1	GCA_017402825.1	GCA_017509025.1	97-100	train	98.44	strict		JAFPLI010000077.1	JAFWQN010000011.1	98.7958	99.0297	0.7995	0.7131	0.03585	98.2186	134	0.9965	8	0.502	0.9407	98.5948	99.1723	0.2122	1.36	AlfI:98.87,AloI:99.08,BcgI:99.08,FalI:99.01	2576	134	2732	65	18.0448	ok	98.7958	gamma	98.7295	98.52	75.28	98.277	445	496
GCA_017412285.1__GCA_017964845.1	GCA_017412285.1	GCA_017964845.1	97-100	train	97.07	strict		JAFPYG010000071.1	JAGCRD010000141.1	97.601	97.9455	0.6363	0.431	0.05418	96.1197	210	0.9629	77	1.189	0.8692	97.4922	98.1797	0.2413	0.4	AlfI:97.96,AloI:98.09,BcgI:97.95,FalI:97.85	2574	210	2765	41	10.5095	ok	97.601	gamma	97.6511	96.55	53.63	96.4538	570	734
GCA_017418325.1__GCA_017633335.1	GCA_017418325.1	GCA_017633335.1	97-100	test	97.14	strict		JAFONV010000013.1	JAGBPO010000131.1	98.137	98.137	0.3857	0.3491	0.14039	95.4331	37	0.9708	5	inf	0.884	98.3512	98.0452	0.4481	0.19	AlfI:98.17,AloI:97.81,BcgI:98.26,FalI:98.12	437	37	363	9	5.48649	ok	98.137	uniform	98.7416	96.91	64.85	95.834	78	124
GCA_017418325.1__GCA_017633555.1	GCA_017418325.1	GCA_017633555.1	97-100	test	97.14	strict		JAFONV010000013.1	JAGBPD010000003.1	97.7692	97.7692	0.6229	0.4643	0.12983	95.9191	52	0.9967	1	inf	0.859	97.7728	97.7732	0.9083	0.96	AlfI:97.81,AloI:97.10,BcgI:98.01,FalI:97.77	488	52	533	16	6.86538	ok	97.7692	uniform	98.1322	97.11	62.08	97.0539	115	124
GCA_017422705.1__GCA_902767505.1	GCA_017422705.1	GCA_902767505.1	97-100	train	99.05	strict		JAFPHX010000023.1	CACXHW010000001.1	99.547	99.6731	0.5767	0.4322	0.03158	97.735	124	0.9533	46	0.106	0.9802	99.4934	99.7219	0.2493	2.25	AlfI:99.81,AloI:99.56,BcgI:99.68,FalI:99.62	1347	124	1139	23	8.57258	ok	99.547	gamma	99.6243	99.14	61.91	98.7989	270	389
GCA_017428825.1__GCA_902790035.1	GCA_017428825.1	GCA_902790035.1	97-100	train	97.27	strict		JAFRQA010000007.1	CADAQD010000001.1	97.7586	98.1934	0.8209	0.8664	0.04528	97.6209	54	0.9932	20	0.831	0.8859	97.5665	98.4927	0.2396	1.59	AlfI:98.31,AloI:98.33,BcgI:98.09,FalI:98.20	3023	54	3554	228	55.3519	ok	97.7586	gamma	97.7074	97.22	85.93	97.3298	700	829
GCA_017430275.1__GCA_017432515.1	GCA_017430275.1	GCA_017432515.1	97-100	train	98.97	strict		JAFRNJ010000010.1	JAFRIZ010000007.1	99.4056	99.5192	0.6935	0.4732	0.02986	97.9489	169	0.9993	1	0.251	0.9709	99.2904	99.5849	0.1966	1.77	AlfI:99.65,AloI:99.58,BcgI:99.45,FalI:99.52	1869	169	1929	38	10.0592	ok	99.4056	gamma	99.4109	98.87	54.89	98.8585	361	427
GCA_017431445.1__GCA_902798735.1	GCA_017431445.1	GCA_902798735.1	97-100	train	98.79	strict		JAFRLC010000116.1	CADBXX010000001.1	99.296	99.4618	0.6933	0.6823	0.02607	98.4033	198	0.9614	96	0.237	0.9667	99.1427	99.5546	0.264	3.56	AlfI:99.34,AloI:99.61,BcgI:99.43,FalI:99.48	2832	198	2783	73	13.0859	ok	99.296	gamma	99.2515	99.08	82.96	98.7055	580	778
GCA_017434165.1__GCA_902801745.1	GCA_017434165.1	GCA_902801745.1	97-100	train	97.64	strict		JAFRFU010000013.1	CADCJJ010000001.1	98.6215	98.8656	0.513	0.6106	0.04164	97.2642	202	0.952	97	0.538	0.9303	98.5518	98.9748	0.1466	0.45	AlfI:98.95,AloI:98.88,BcgI:98.87,FalI:98.80	2517	202	2416	44	10.5198	ok	98.6215	gamma	98.6973	97.96	79.66	97.342	526	868
GCA_017435285.1__GCA_017625895.1	GCA_017435285.1	GCA_017625895.1	97-100	test	97.74	strict		JAFSFJ010000048.1	JAGAJX010000060.1	98.2812	98.4445	0.557	0.5776	0.05581	96.9129	194	0.9815	23	1.392	0.9049	98.1656	98.561	0.3132	0.76	AlfI:98.21,AloI:98.53,BcgI:98.49,FalI:98.47	2041	194	1951	30	7.28866	ok	98.2812	gamma	98.3436	97.57	78.02	96.6873	351	470
GCA_017438915.1__GCA_902777295.1	GCA_017438915.1	GCA_902777295.1	97-100	test	97.21	strict		JAFRUJ010000006.1	CACYTJ010000001.1	97.8211	98.3119	0.8201	0.8391	0.04348	97.6743	67	0.9903	29	0.669	0.8939	97.6393	98.6186	0.3005	1.97	AlfI:98.36,AloI:98.51,BcgI:98.21,FalI:98.33	3062	67	3582	238	45.194	ok	97.8211	gamma	97.7784	97.53	83.16	97.1984	715	841
GCA_017443225.1__GCA_017449315.1	GCA_017443225.1	GCA_017449315.1	97-100	train	97.7	low-AF		JAFSOX010000033.1	JAFSJV010000025.1	98.1827	98.4134	0.3282	0.3668	0.12662	95.5906	40	0.977	6	0.831	0.9017	98.3402	98.4512	0.5118	1.05	AlfI:98.13,AloI:98.11,BcgI:98.23,FalI:98.62	410	40	388	17	7.375	ok	98.1827	gamma	98.7198	97.4	52.45	96.4605	95	168
GCA_017449645.1__GCA_017467645.1	GCA_017449645.1	GCA_017467645.1	97-100	test	98.91	strict		JAFTFH010000385.1	JAFUSL010000086.1	99.2682	99.3881	0.4131	0.5956	0.03433	97.5299	181	0.9844	20	0.286	0.9625	99.2833	99.4183	0.1117	0.31	AlfI:99.42,AloI:99.30,BcgI:99.39,FalI:99.40	1972	181	1798	44	7.96685	ok	99.2682	gamma	99.4076	98.98	87.69	98.1782	378	577
GCA_017449705.1__GCA_017460645.1	GCA_017449705.1	GCA_017460645.1	97-100	test	98.91	low-AF		JAFTFF010000179.1	JAFUAS010000058.1	99.3165	99.3716	0.3655	0.5284	0.04156	97.2176	137	0.9837	15	0.523	0.9619	99.3894	99.3666	0.0945	0.37	AlfI:99.32,AloI:99.38,BcgI:99.42,FalI:99.33	1408	137	1268	26	7.60584	ok	99.3165	gamma	99.526	98.9	80.4	98.3961	302	593
GCA_017454045.1__GCA_017541535.1	GCA_017454045.1	GCA_017541535.1	97-100	train	98.3	strict		JAFTDV010000147.1	JAFXYY010000044.1	98.7107	99.1875	0.7354	0.6241	0.02812	98.0867	299	0.9979	6	0.194	0.9506	98.6166	99.3684	0.3044	2.65	AlfI:99.24,AloI:98.95,BcgI:99.15,FalI:99.26	3547	299	3771	60	10.5853	ok	98.7107	gamma	98.7315	98.58	69.98	98.6168	682	773
GCA_017454725.1__GCA_905236095.1	GCA_017454725.1	GCA_905236095.1	97-100	test	98.11	strict		JAFTCK010000048.1	CAJOOK010000001.1	98.7719	98.8791	0.4304	0.6536	0.04656	97.2308	187	0.9215	131	1.075	0.9313	98.7063	98.9379	0.202	0.94	AlfI:99.03,AloI:98.93,BcgI:98.82,FalI:98.86	1995	187	1883	42	9.21925	ok	98.7719	gamma	98.8642	98.19	91.44	97.7847	382	804
GCA_017455865.1__GCA_017505365.1	GCA_017455865.1	GCA_017505365.1	97-100	train	98.47	strict		JAFTLR010000001.1	JAFVPJ010000007.1	98.7269	98.9161	0.7984	0.8155	0.06765	98.3484	43	0.9502	38	0.783	0.9335	98.4556	99.0723	0.4246	1.27	AlfI:98.97,AloI:98.88,BcgI:98.85,FalI:99.27	782	43	850	74	17.8605	ok	98.7269	gamma	98.7016	98.17	87.96	98.2457	225	278
GCA_017459185.1__GCA_017934165.1	GCA_017459185.1	GCA_017934165.1	97-100	train	98.22	strict		JAFUDM010000020.1	JAGBKA010000034.1	98.853	98.9571	0.6198	0.6508	0.03725	97.6282	152	0.9608	94	1.075	0.936	98.6952	99.0432	0.2118	0.98	AlfI:99.00,AloI:98.85,BcgI:98.92,FalI:99.06	2590	152	2686	98	16.1711	ok	98.853	gamma	98.8272	98.1	72.07	98.0352	677	1016
GCA_017467645.1__GCA_017470285.1	GCA_017467645.1	GCA_017470285.1	97-100	test	98.92	strict		JAFUSL010000086.1	JAFUEU010000313.1	99.3782	99.4959	0.5422	0.387	0.03272	97.4162	168	0.9752	32	0.227	0.9691	99.3371	99.5402	0.2414	1.48	AlfI:99.54,AloI:99.30,BcgI:99.52,FalI:99.51	2033	168	1625	51	8.47619	ok	99.3782	gamma	99.4629	99.1	58.91	98.0184	362	485
GCA_017472515.1__GCA_017542665.1	GCA_017472515.1	GCA_017542665.1	97-100	train	98.5	strict		JAFUQA010000001.1	JAFXWQ010000182.1	99.0708	99.0708	0.347	0.1973	0.09673	95.9261	45	0.9058	31	inf	0.9434	99.0316	99.0848	0.3404	0.5	AlfI:99.13,AloI:99.06,BcgI:98.80,FalI:99.14	515	45	373	35	7.62222	ok	99.0708	uniform	99.3372	98.41	39.81	97.5744	110	235
GCA_017474185.1__GCF_003364175.1	GCA_017474185.1	GCF_003364175.1	97-100	train	98.72	strict		JAFVIJ010000062.1	NZ_NXLT01000010.1	98.5537	98.8319	0.6332	0.5783	0.05531	97.3677	126	1	0	0.554	0.9292	98.4013	98.9868	0.1105	0.25	AlfI:98.76,AloI:98.77,BcgI:98.87,FalI:98.86	1359	126	1445	27	7.93651	ok	98.5537	gamma	98.597	98.43	74.96	98.1471	302	321
GCA_017482695.1__GCA_905213855.1	GCA_017482695.1	GCA_905213855.1	97-100	train	99.05	strict		JAFUMN010000011.1	CAJMJP010000001.1	99.1707	99.2248	0.8857	0.923	0.03263	99.0647	43	0.9895	25	1.189	0.9525	98.9963	99.2938	0.1377	1.08	AlfI:99.16,AloI:99.26,BcgI:99.27,FalI:99.13	2442	43	2555	229	55.6512	ok	99.1707	gamma	99.1182	98.9	93.9	98.9562	596	666
GCA_017507635.1__GCA_017531965.1	GCA_017507635.1	GCA_017531965.1	97-100	train	98.61	strict		JAFWAP010000120.1	JAFXKA010000100.1	99.0145	99.1565	0.6626	0.6577	0.02826	98.1427	351	0.9783	65	0.487	0.949	98.9824	99.2086	0.1913	1.4	AlfI:99.08,AloI:99.09,BcgI:99.17,FalI:99.27	3832	351	3636	31	9.33048	ok	99.0145	gamma	99.0856	98.9	83.42	97.9867	341	440
GCA_017509655.1__GCA_017530685.1	GCA_017509655.1	GCA_017530685.1	97-100	train	98.5	strict		JAFWPC010000030.1	JAFXMC010000044.1	98.9676	99.0183	0.5528	0.5679	0.04078	97.4493	220	0.9555	76	1.26	0.9385	99.1068	98.9894	0.0683	0.16	AlfI:99.06,AloI:99.02,BcgI:98.99,FalI:99.06	2220	220	2095	40	8.40909	ok	98.9676	gamma	99.2338	98.39	75.9	97.2542	338	506
GCA_017509725.1__GCA_902766895.1	GCA_017509725.1	GCA_902766895.1	97-100	train	97.45	strict		JAFWOZ010000327.1	CACXFQ010000001.1	98.0215	98.2484	0.6319	0.4146	0.05304	96.4426	235	0.9945	9	1.336	0.8898	97.8779	98.4171	0.2225	0.94	AlfI:98.30,AloI:98.28,BcgI:98.17,FalI:98.39	2189	235	2396	25	7.98723	ok	98.0215	gamma	98.0417	97.48	51.39	97.0967	322	396
GCA_017511185.1__GCA_017533965.1	GCA_017511185.1	GCA_017533965.1	97-100	train	97.09	low-AF		JAFWLF010000056.1	JAFWHW010000183.1	97.9746	98.2161	0.3343	0.4119	0.06994	95.6901	153	0.9236	84	1.107	0.8878	98.0288	98.3046	0.2131	0.46	AlfI:98.12,AloI:98.34,BcgI:98.18,FalI:98.31	1500	153	1401	27	7.64052	ok	97.9746	gamma	98.2395	97.19	64.28	96.5113	288	689
GCA_017513825.1__GCA_017939145.1	GCA_017513825.1	GCA_017939145.1	97-100	train	98.36	strict		JAFXEI010000023.1	JAGBAC010000063.1	99.0291	99.1164	0.5245	0.492	0.04551	97.2045	128	0.97	39	0.807	0.9461	98.9894	99.1557	0.1598	0.75	AlfI:99.16,AloI:99.10,BcgI:99.17,FalI:99.01	1525	128	1521	36	10.8516	ok	99.0291	gamma	99.1477	98.45	60.9	97.4375	289	478
GCA_017518495.1__GCA_902803045.1	GCA_017518495.1	GCA_902803045.1	97-100	train	98.01	strict		JAFWUU010000104.1	CADCOI010000001.1	98.8115	98.8532	0.5287	0.6574	0.0381	97.5184	279	0.9584	92	2.516	0.9289	98.8182	98.8653	0.3979	1.99	AlfI:98.84,AloI:98.97,BcgI:98.88,FalI:98.57	3030	279	2783	40	8.59498	ok	98.8115	gamma	98.9427	98.31	89.36	97.5626	407	700
GCA_017528985.1__GCA_902760035.1	GCA_017528985.1	GCA_902760035.1	97-100	test	98.56	strict		JAFXOE010000329.1	CACWEX010000001.1	99.1775	99.2221	0.3743	0.4827	0.03542	97.0691	236	0.9725	40	0.945	0.9524	99.2834	99.2041	0.1251	0.34	AlfI:99.25,AloI:99.12,BcgI:99.23,FalI:99.23	2492	236	2170	19	6.98305	ok	99.1775	gamma	99.3972	98.52	79.3	97.234	373	691
GCA_017537385.1__GCA_017549625.1	GCA_017537385.1	GCA_017549625.1	97-100	train	98.87	strict		JAFYKX010000030.1	JAFYUF010000029.1	99.4201	99.4697	0.6373	0.6152	0.03211	98.1736	172	0.9785	31	0.416	0.9675	99.482	99.4663	0.171	0.85	AlfI:99.47,AloI:99.35,BcgI:99.47,FalI:99.52	1995	172	1798	33	9.19767	ok	99.4201	gamma	99.5883	99.28	87.66	98.7672	264	327
GCA_017539435.1__GCA_017616335.1	GCA_017539435.1	GCA_017616335.1	97-100	train	97.83	strict		JAFYGY010000001.1	JAFZYJ010000111.1	98.1461	98.6625	0.6554	0.5614	0.05228	97.1518	130	0.933	108	0.441	0.9177	97.9649	98.9322	0.2111	0.39	AlfI:98.70,AloI:98.81,BcgI:98.64,FalI:98.60	1795	130	1879	43	12.5615	ok	98.1461	gamma	98.1483	97.66	67.04	97.4893	534	740
GCA_017543205.1__GCA_902780085.1	GCA_017543205.1	GCA_902780085.1	97-100	test	97.65	strict		JAFYGO010000011.1	CACZEE010000001.1	98.2823	98.6118	0.5183	0.4707	0.07628	96.5834	90	0.9307	53	0.718	0.9149	97.9928	98.8571	0.1063	0.04	AlfI:98.60,AloI:98.71,BcgI:98.61,FalI:98.61	1014	90	938	26	8.91111	ok	98.2823	gamma	98.2542	97.72	69.86	97.0551	233	356
GCA_017544355.1__GCA_905234335.1	GCA_017544355.1	GCA_905234335.1	97-100	train	97.97	strict		JAFYEI010000088.1	CAJOHB010000001.1	98.6315	98.6966	0.6028	0.3992	0.04131	96.836	256	0.9809	40	2.026	0.9193	98.6784	98.7029	0.0558	0.05	AlfI:98.68,AloI:98.74,BcgI:98.70,FalI:98.68	2699	256	2712	23	9.01953	ok	98.6315	gamma	98.8102	98.15	47.31	96.8575	310	401
GCA_017545885.1__GCA_017624615.1	GCA_017545885.1	GCA_017624615.1	97-100	train	97.73	strict		JAFWXN010000003.1	JAGAMP010000002.1	97.6382	98.174	0.7487	0.5951	0.06229	96.8573	56	0.9816	29	0.689	0.8859	97.4953	98.5	0.1907	0.36	AlfI:98.05,AloI:98.18,BcgI:98.17,FalI:98.24	1649	56	1913	128	28.5536	ok	97.6382	gamma	97.6892	96.96	59.54	97.2617	460	570
GCA_017552555.1__GCA_017615775.1	GCA_017552555.1	GCA_017615775.1	97-100	train	97.36	strict		JAFZPT010000046.1	JAFZZJ010000070.1	98.0379	98.308	0.749	0.7583	0.04199	97.4483	151	0.9674	104	1.14	0.8942	97.8104	98.5277	0.218	1.02	AlfI:98.49,AloI:98.33,BcgI:98.27,FalI:98.29	3361	151	3748	93	21.4636	ok	98.0379	gamma	97.9435	97.19	79.64	97.0657	628	800
GCA_017556185.1__GCA_017612775.1	GCA_017556185.1	GCA_017612775.1	97-100	train	98.75	strict		JAFZCS010000060.1	JAGAFE010000032.1	99.2723	99.3613	0.5684	0.6637	0.03485	98.0407	190	0.9751	38	0.345	0.9616	99.3591	99.3624	0.3118	0.68	AlfI:99.39,AloI:99.08,BcgI:99.38,FalI:99.37	1916	190	1867	30	8.84737	ok	99.2723	gamma	99.476	98.78	84.9	98.284	282	395
GCA_017563205.1__GCA_017964845.1	GCA_017563205.1	GCA_017964845.1	97-100	train	97.1	strict		JAFXUL010000021.1	JAGCRD010000141.1	97.6102	97.9678	0.6478	0.4097	0.05725	96.0568	150	0.9387	123	1.14	0.8707	97.4895	98.2151	0.3393	2.13	AlfI:98.20,AloI:97.88,BcgI:97.86,FalI:98.08	2267	150	2455	68	13.5533	ok	97.6102	gamma	97.6582	96.8	48.53	96.4988	538	759
GCA_017633335.1__GCA_017633555.1	GCA_017633335.1	GCA_017633555.1	97-100	test	98.4	strict		JAGBPO010000131.1	JAGBPD010000003.1	98.7734	98.7734	0.6145	0.5184	0.08761	97.094	63	0.9943	2	inf	0.9253	98.8843	98.736	0.5026	1.1	AlfI:98.43,AloI:98.63,BcgI:98.93,FalI:98.82	597	63	590	16	6.53968	ok	98.7734	uniform	99.1473	98.28	69.35	98.1496	107	124
GCA_017634735.1__GCA_902785505.1	GCA_017634735.1	GCA_902785505.1	97-100	test	97.73	strict		JAGBMV010000011.1	CACZZC010000001.1	98.4463	98.6706	0.8014	0.7963	0.04048	98.006	97	0.9778	60	0.831	0.9173	98.2997	98.8122	0.0831	0.17	AlfI:98.73,AloI:98.65,BcgI:98.67,FalI:98.65	2773	97	3064	140	28.2268	ok	98.4463	gamma	98.4362	97.66	82.61	97.7457	588	724
GCA_017634995.1__GCF_900618225.1	GCA_017634995.1	GCF_900618225.1	97-100	train	98.15	strict		JAGBMH010000043.1	NZ_UYIY01000012.1	98.0757	98.3087	0.7972	0.6672	0.05726	97.4164	126	0.9966	5	1.336	0.8945	97.8155	98.5298	0.1983	0.66	AlfI:98.35,AloI:98.42,BcgI:98.22,FalI:98.38	1838	126	2028	77	12.6667	ok	98.0757	gamma	97.9965	97.96	73.05	97.704	774	814
GCA_017640125.1__GCA_017640205.1	GCA_017640125.1	GCA_017640205.1	97-100	train	98.09	strict		JAGFWG010000001.1	JAGFWC010000001.1	98.5896	98.7327	0.6703	0.6288	0.09672	97.4049	45	0.9894	4	0.918	0.9225	98.6198	98.7752	0.6392	1.32	AlfI:98.41,AloI:98.23,BcgI:98.75,FalI:98.87	517	45	520	28	9.28889	ok	98.5896	gamma	98.9268	98.26	88.64	98.3475	225	244
GCA_017640225.1__GCA_017640265.1	GCA_017640225.1	GCA_017640265.1	97-100	train	98.05	strict		JAGFWB010000001.1	JAGFVZ010000001.1	98.4564	98.6204	0.6642	0.6597	0.10067	97.3605	50	0.9844	6	0.945	0.9154	98.5503	98.6527	0.11	0.04	AlfI:98.68,AloI:98.69,BcgI:98.58,FalI:98.61	528	50	528	27	8.58	ok	98.4564	gamma	98.8613	98.34	91.11	98.2135	213	236
GCA_017641165.1__GCA_017643985.1	GCA_017641165.1	GCA_017643985.1	97-100	train	99.84	strict		JAEPPE010000100.1	JAEPMK010000100.1	99.9784	99.9793	0.7723	0.8187	0.00308	99.4958	454	0.9773	151	0.07	0.9987	99.9532	99.9857	0.0153	0.53	AlfI:99.98,AloI:99.97,BcgI:99.98,FalI:99.97	7206	454	7033	110	15.3106	ok	99.9784	gamma	99.969	99.56	91.52	99.4842	769	953
GCA_017655215.1__GCF_003718675.1	GCA_017655215.1	GCF_003718675.1	97-100	test	99.25	strict		JAGGNG010000252.1	NZ_RHFJ01000100.1	99.492	99.5774	0.8471	0.9057	0.0137	99.1483	206	0.9896	73	0.259	0.9745	99.3744	99.6297	0.1344	2.64	AlfI:99.55,AloI:99.66,BcgI:99.57,FalI:99.69	7333	206	7439	234	34.6408	ok	99.492	gamma	99.433	99.31	94.9	99.2174	1077	1196
GCA_017655215.1__GCF_016583515.1	GCA_017655215.1	GCF_016583515.1	97-100	test	99.23	strict		JAGGNG010000252.1	NZ_NRRH01000001.1	99.4741	99.5599	0.857	0.8403	0.01392	98.9705	191	0.9921	56	0.259	0.9735	99.3853	99.6049	0.1671	3.26	AlfI:99.53,AloI:99.61,BcgI:99.55,FalI:99.70	7412	191	7491	189	37.7016	ok	99.4741	gamma	99.4433	99.04	87.76	99.1662	1098	1196
GCA_017847795.1__GCA_902782365.1	GCA_017847795.1	GCA_902782365.1	97-100	test	97.75	strict		JAGAXO010000085.1	CACZMY010000001.1	98.2992	98.53	0.7219	0.7397	0.037	97.5859	177	0.9807	65	1.014	0.9091	98.0868	98.7053	0.3812	2.91	AlfI:98.50,AloI:98.85,BcgI:98.47,FalI:98.67	3636	177	4010	90	19.7006	ok	98.2992	gamma	98.2094	97.7	78.18	97.5557	600	812
GCA_017847795.1__GCA_902794985.1	GCA_017847795.1	GCA_902794985.1	97-100	test	97.65	strict		JAGAXO010000085.1	CADBJN010000001.1	98.3129	98.4915	0.6092	0.7216	0.03992	97.3614	234	0.9572	126	1.336	0.9065	98.1141	98.6426	0.3145	1.17	AlfI:98.41,AloI:98.73,BcgI:98.52,FalI:98.47	3293	234	3526	51	13.0427	ok	98.3129	gamma	98.2443	97.72	83.87	97.2143	504	812
GCA_017848375.1__GCA_017848395.1	GCA_017848375.1	GCA_017848395.1	97-100	train	99.98	strict		JAFEHY010000132.1	JAFEHW010000052.1	99.9956	99.9956	0.8524	0.8442	0.00219	99.7289	191	0.9778	61	0.07	0.9997	99.9999	99.9945	0.0199	0.5	AlfI:100.00,AloI:100.00,BcgI:100.00,FalI:99.98	3034	191	2880	66	15.0471	ok	99.9956	gamma	100	99.94	96.83	99.8436	552	613
GCA_017848375.1__GCA_017848545.1	GCA_017848375.1	GCA_017848545.1	97-100	train	99.99	strict		JAFEHY010000132.1	JAFEIC010000160.1	99.9988	99.9988	0.7918	0.814	0.00114	99.5547	213	0.9676	85	inf	0.9999	99.994	99.9999	0.0027	0	AlfI:100.00,AloI:100.00,BcgI:100.00,FalI:100.00	2942	213	2763	44	12.9014	ok	99.9988	uniform	99.9997	99.92	97.22	99.6956	505	613
GCA_017848395.1__GCA_017848545.1	GCA_017848395.1	GCA_017848545.1	97-100	train	99.99	strict		JAFEHW010000052.1	JAFEIC010000160.1	99.9966	99.9966	0.8074	0.8399	0.00195	99.6591	221	0.9623	100	inf	0.9998	99.9941	99.9972	0.0073	0	AlfI:99.99,AloI:100.00,BcgI:100.00,FalI:100.00	2966	221	2795	62	12.543	ok	99.9966	uniform	99.9997	99.93	98.26	99.6974	497	617
GCA_017850445.1__GCA_900764815.1	GCA_017850445.1	GCA_900764815.1	97-100	train	99.77	strict		JAFIME010000001.1	CAAFPK010000001.1	99.7317	99.7848	0.7529	0.8951	0.01773	99.279	71	0.9933	15	0.121	0.9869	99.6388	99.8241	0.0695	0.66	AlfI:99.79,AloI:99.81,BcgI:99.74,FalI:99.80	2335	71	2363	113	32.2254	ok	99.7317	gamma	99.7166	99.64	91.93	99.6767	790	1003
GCA_017850955.1__GCA_900545695.1	GCA_017850955.1	GCA_900545695.1	97-100	test	97.73	low-AF		JAFILE010000001.1	UQZV01000001.1	98.1547	98.4422	0.3895	0.3417	0.06887	95.7526	81	0.9913	6	0.945	0.9021	97.9242	98.6628	0.2058	0.5	AlfI:98.32,AloI:98.51,BcgI:98.53,FalI:98.39	1236	81	1287	32	9.40741	ok	98.1547	gamma	98.1479	97.31	47.28	96.6438	365	615
GCA_017851495.1__GCA_018378145.1	GCA_017851495.1	GCA_018378145.1	97-100	test	97.81	strict		JAFIKD010000001.1	JAGZYC010000032.1	98.4165	98.6256	0.4559	0.5267	0.05137	96.6348	147	0.9754	36	0.892	0.915	98.3152	98.7471	0.1399	0.37	AlfI:98.54,AloI:98.64,BcgI:98.63,FalI:98.68	1962	147	1995	42	10.7279	ok	98.4165	gamma	98.4848	97.26	65.52	97.2591	500	838
GCA_017851575.1__GCA_017852015.1	GCA_017851575.1	GCA_017852015.1	97-100	train	99.73	strict		JAFMME010000083.1	JAFMLS010000023.1	99.7383	99.7553	0.8098	0.8063	0.02112	99.2862	142	0.9638	62	0.227	0.9852	99.7851	99.7476	0.0476	0.32	AlfI:99.78,AloI:99.75,BcgI:99.73,FalI:99.77	1902	142	1851	55	12.6197	ok	99.7383	gamma	99.8517	99.66	95.52	99.4175	463	531
GCA_017851575.1__GCA_017853135.1	GCA_017851575.1	GCA_017853135.1	97-100	train	99.76	strict		JAFMME010000083.1	JAFMKD010000017.1	99.7083	99.7555	0.8203	0.8204	0.0211	99.3303	134	0.9678	55	0.111	0.9853	99.723	99.764	0.0625	0.47	AlfI:99.79,AloI:99.75,BcgI:99.73,FalI:99.76	1893	134	1856	50	13.3284	ok	99.7083	gamma	99.7992	99.7	95.25	99.5251	455	531
GCA_017851615.1__GCA_017852475.1	GCA_017851615.1	GCA_017852475.1	97-100	train	99.83	strict		JAFMMI010000062.1	JAFMLC010000242.1	99.9021	99.9021	0.7902	0.7245	0.01154	99.194	183	0.9483	125	inf	0.994	99.915	99.8987	0.0638	2.27	AlfI:99.87,AloI:99.90,BcgI:99.88,FalI:99.94	2631	183	2516	71	13.5355	ok	99.9021	uniform	99.9497	99.8	88.59	99.6036	722	847
GCA_017852015.1__GCA_017853135.1	GCA_017852015.1	GCA_017853135.1	97-100	train	99.69	strict		JAFMLS010000023.1	JAFMKD010000017.1	99.7215	99.7686	0.7912	0.7956	0.02076	99.2415	154	0.9782	35	0.117	0.986	99.6988	99.7867	0.1616	1.93	AlfI:99.73,AloI:99.89,BcgI:99.80,FalI:99.74	1877	154	1818	51	11.2208	ok	99.7215	gamma	99.7793	99.65	95.16	99.4182	443	507
GCA_017853745.1__GCA_903825635.1	GCA_017853745.1	GCA_903825635.1	97-100	train	97.51	strict		JAFMIY010000007.1	CAIKBH010000001.1	97.9282	98.2142	0.8443	0.8124	0.05158	97.775	145	0.9649	74	1.154	0.8877	97.7661	98.4192	0.3153	0.51	AlfI:98.13,AloI:97.99,BcgI:98.24,FalI:98.30	2240	145	2532	83	15.0345	ok	97.9282	gamma	97.9252	97.44	88.67	97.3268	260	321
GCA_017853875.1__GCA_017855075.1	GCA_017853875.1	GCA_017855075.1	97-100	train	99.29	strict		JAFMIQ010000094.1	JAFMGS010000037.1	99.3385	99.5248	0.8868	0.8727	0.02166	99.2351	106	0.9927	23	0.147	0.9715	99.2777	99.5895	0.2623	1.38	AlfI:99.47,AloI:99.74,BcgI:99.54,FalI:99.52	3251	106	3383	199	30.4623	ok	99.3385	gamma	99.37	99.35	91.62	99.255	410	462
GCA_017854185.1__GCA_017854335.1	GCA_017854185.1	GCA_017854335.1	97-100	train	99.2	strict		JAFMIE010000008.1	JAFMHV010000109.1	99.2518	99.4004	0.753	0.7719	0.04039	98.6722	93	0.9616	46	0.234	0.9639	99.2395	99.4478	0.3904	0.94	AlfI:99.36,AloI:99.11,BcgI:99.50,FalI:99.42	1355	93	1332	43	13.3978	ok	99.2518	gamma	99.389	99.18	97.31	99.1655	538	616
GCA_017855415.1__GCA_017859615.1	GCA_017855415.1	GCA_017859615.1	97-100	test	99.5	strict		JAFMGI010000389.1	JAFMMT010000269.1	99.6344	99.6723	0.8052	0.7682	0.01148	99.169	541	0.9834	123	0.259	0.9803	99.6127	99.6872	0.0466	0.5	AlfI:99.67,AloI:99.63,BcgI:99.68,FalI:99.63	8159	541	8098	85	14.4677	ok	99.6344	gamma	99.6573	99.49	87.55	99.1732	917	1056
GCA_017856345.1__GCA_017859075.1	GCA_017856345.1	GCA_017859075.1	97-100	train	99.28	strict		JAFMFF010000135.1	JAFMNN010000066.1	99.3621	99.5138	0.8323	0.8274	0.02281	99.0683	159	0.9932	19	0.194	0.9705	99.2754	99.5775	0.1274	0.45	AlfI:99.49,AloI:99.44,BcgI:99.52,FalI:99.56	3027	159	3125	105	18.5346	ok	99.3621	gamma	99.371	99.12	90.6	99.1471	503	567
GCA_017856345.1__GCA_017859595.1	GCA_017856345.1	GCA_017859595.1	97-100	train	99.32	strict		JAFMFF010000135.1	JAFMMV010000076.1	99.4482	99.539	0.8617	0.8291	0.02182	99.1718	163	0.9935	19	0.282	0.972	99.3425	99.5909	0.135	1.5	AlfI:99.44,AloI:99.46,BcgI:99.56,FalI:99.57	3124	163	3223	125	18.7546	ok	99.4482	gamma	99.4326	99.28	89.46	99.336	520	567
GCA_017856755.1__GCA_903827255.1	GCA_017856755.1	GCA_903827255.1	97-100	train	97.76	strict		JAFMEM010000099.1	CAIKHS010000001.1	98.3065	98.4623	0.7165	0.6208	0.05431	97.3365	170	0.9911	13	1.297	0.9043	98.3057	98.5255	0.2819	0.63	AlfI:98.55,AloI:98.27,BcgI:98.49,FalI:98.45	1848	170	1982	46	9.47647	ok	98.3065	gamma	98.4759	97.72	75.66	97.7658	511	560
GCA_017856755.1__GCA_903926905.1	GCA_017856755.1	GCA_903926905.1	97-100	train	97.76	strict		JAFMEM010000099.1	CAIYKY010000001.1	98.3265	98.4528	0.7273	0.6299	0.0543	97.367	160	0.9959	6	1.584	0.9037	98.3275	98.5028	0.388	1.29	AlfI:98.56,AloI:98.17,BcgI:98.51,FalI:98.43	1851	160	1990	46	10.0938	ok	98.3265	gamma	98.4966	97.82	75.49	97.6959	513	560
GCA_017857535.1__GCF_000189575.1	GCA_017857535.1	GCF_000189575.1	97-100	train	99.06	strict		JAFMCX010000095.1	NC_017275.1	99.1092	99.2646	0.8114	0.6821	0.04593	98.4104	72	0.9971	3	0.404	0.9552	98.9335	99.3708	0.246	1.61	AlfI:99.10,AloI:99.14,BcgI:99.14,FalI:99.35	1287	72	1320	50	15.4306	ok	99.1092	gamma	99.1087	99.03	75.1	98.8339	631	664
GCA_017859085.1__GCA_017859735.1	GCA_017859085.1	GCA_017859735.1	97-100	test	99.71	strict		JAFMNO010000076.1	JAFMMK010000087.1	99.8142	99.8444	0.8557	0.8737	0.01497	99.6005	127	0.9825	37	0.089	0.9905	99.7817	99.8599	0.1527	1.74	AlfI:99.76,AloI:99.89,BcgI:99.85,FalI:99.91	2260	127	2249	113	17.3543	ok	99.8142	gamma	99.8427	99.75	96.52	99.6385	458	520
GCA_017886555.1__GCA_905201965.1	GCA_017886555.1	GCA_905201965.1	97-100	train	99.44	strict		JAGHJR010000015.1	CAJKQF010000001.1	99.6861	99.7396	0.4195	0.5323	0.02669	97.7529	156	0.9313	75	0.107	0.9841	99.6993	99.7504	0.1514	1.65	AlfI:99.66,AloI:99.71,BcgI:99.71,FalI:99.82	1628	156	1255	19	7.51923	ok	99.6861	gamma	99.7942	99.49	96.02	98.9666	412	739
GCA_017886625.1__GCA_904419965.1	GCA_017886625.1	GCA_904419965.1	97-100	train	99.56	strict		JAGHJO010000094.1	CAJFTN010000001.1	99.6105	99.6682	0.8708	0.8659	0.01801	99.4017	167	0.995	16	0.221	0.9795	99.5261	99.7068	0.0292	0.14	AlfI:99.65,AloI:99.66,BcgI:99.68,FalI:99.66	3447	167	3492	87	20.0419	ok	99.6105	gamma	99.5997	99.49	90.86	99.4344	766	832
GCA_017886845.1__GCA_904382625.1	GCA_017886845.1	GCA_904382625.1	97-100	train	99.18	strict		JAGHJB010000105.1	CAJFJC010000001.1	99.2557	99.471	0.8375	0.8227	0.02417	99.0435	183	0.9967	9	0.194	0.9681	99.0857	99.5794	0.1131	1.06	AlfI:99.42,AloI:99.44,BcgI:99.47,FalI:99.53	3058	183	3172	87	15.8852	ok	99.2557	gamma	99.1917	99	88.68	99.0399	759	820
GCA_017887185.1__GCA_904384875.1	GCA_017887185.1	GCA_904384875.1	97-100	test	98.7	strict		JAGHIM010000256.1	CAJFKC010000001.1	98.8995	99.2784	0.6883	0.5409	0.03556	97.8186	168	0.9973	4	0.183	0.9555	98.8367	99.414	0.2255	1.54	AlfI:99.31,AloI:99.12,BcgI:99.34,FalI:99.24	1951	168	2044	40	9.83333	ok	98.8995	gamma	98.981	98.78	64.94	98.6275	498	565
GCA_017888015.1__GCA_904419565.1	GCA_017888015.1	GCA_904419565.1	97-100	train	98.99	strict		JAGHGX010000059.1	CAJFSA010000001.1	99.1926	99.5089	0.8503	0.8288	0.02719	99.0286	83	0.9954	10	0.121	0.9699	99.0941	99.6314	0.0434	0.12	AlfI:99.53,AloI:99.51,BcgI:99.51,FalI:99.49	2290	83	2402	144	27.012	ok	99.1926	gamma	99.2148	99	84.59	98.8945	757	830
GCA_017888575.1__GCA_904420425.1	GCA_017888575.1	GCA_904420425.1	97-100	train	98.66	strict		JAGHFU010000163.1	CAJFVG010000001.1	99.0641	99.2873	0.6917	0.7431	0.03219	98.3876	194	0.9786	45	0.286	0.9559	98.9459	99.3928	0.2839	4.65	AlfI:99.42,AloI:99.17,BcgI:99.37,FalI:99.14	2518	194	2484	61	11.6082	ok	99.0641	gamma	99.0721	99.15	90.32	98.9062	656	837
GCA_017888905.1__GCA_905210025.1	GCA_017888905.1	GCA_905210025.1	97-100	train	98.32	strict		JAGHFE010000252.1	CAJLVG010000001.1	98.6273	98.9769	0.773	0.5713	0.03682	97.8271	220	0.9889	23	0.392	0.9369	98.4292	99.1632	0.1221	0.38	AlfI:99.01,AloI:98.98,BcgI:98.99,FalI:98.89	2663	220	2778	35	10.3136	ok	98.6273	gamma	98.568	98.18	63.48	98.0622	532	584
GCA_017889165.1__GCA_018712755.1	GCA_017889165.1	GCA_018712755.1	97-100	train	99.51	strict		JAGHEQ010000023.1	DVGJ01000078.1	99.5646	99.6016	0.7166	0.8292	0.02317	98.9665	165	0.9753	56	0.392	0.9761	99.5303	99.6201	0.0651	0.34	AlfI:99.63,AloI:99.57,BcgI:99.58,FalI:99.62	2472	165	2480	69	14.4242	ok	99.5646	gamma	99.6176	99.41	94.71	99.1108	395	525
GCA_017889165.1__GCA_900759505.1	GCA_017889165.1	GCA_900759505.1	97-100	train	99.55	strict		JAGHEQ010000023.1	CAAEVP010000001.1	99.606	99.6516	0.8133	0.7821	0.02095	99.045	119	0.9971	7	0.294	0.979	99.5188	99.686	0.0499	0.38	AlfI:99.68,AloI:99.66,BcgI:99.63,FalI:99.66	2611	119	2660	103	21.521	ok	99.606	gamma	99.6042	99.42	83.22	99.3927	456	525
GCA_017889225.1__GCA_904382395.1	GCA_017889225.1	GCA_904382395.1	97-100	train	99.42	strict		JAGHEO010000035.1	CAJFIR010000001.1	99.6392	99.6898	0.712	0.6385	0.0235	98.5908	165	0.9921	12	0.206	0.9813	99.5724	99.722	0.209	1.07	AlfI:99.67,AloI:99.52,BcgI:99.65,FalI:99.72	2067	165	1983	45	10.1758	ok	99.6392	gamma	99.6652	99.56	81.71	99.3717	761	844
GCA_017937515.1__GCA_905193115.1	GCA_017937515.1	GCA_905193115.1	97-100	test	98.89	strict		JAGBDK010000136.1	CAJJNM010000001.1	99.0533	99.3128	0.7441	0.7207	0.02772	98.538	285	1	0	0.251	0.9581	98.8889	99.4368	0.3119	3.14	AlfI:99.30,AloI:99.37,BcgI:99.36,FalI:99.06	3042	285	3128	33	8.84561	ok	99.0533	gamma	99.0039	98.85	85.75	98.8594	489	518
GCA_017948655.1__GCF_003596305.1	GCA_017948655.1	GCF_003596305.1	97-100	test	97.22	strict		JAFNIO010000100.1	NZ_QYZQ01000003.1	97.5673	97.9966	0.7421	0.8102	0.02404	96.4015	116	0.9966	38	0.985	0.8724	97.41	98.2975	0.1315	2.12	AlfI:98.08,AloI:98.02,BcgI:97.95,FalI:98.08	11634	116	13580	628	97.2414	ok	97.5673	gamma	97.4813	97.16	79.06	97.1273	1801	2347
GCA_017962885.1__GCA_902785225.1	GCA_017962885.1	GCA_902785225.1	97-100	test	98.69	strict		JAGCUQ010000006.1	CACZXS010000001.1	99.0592	99.1557	0.8577	0.7899	0.03229	98.6487	109	0.9954	12	0.689	0.9485	98.9992	99.2039	0.2247	1.29	AlfI:99.12,AloI:98.99,BcgI:99.21,FalI:99.18	2726	109	2888	93	24.7523	ok	99.0592	gamma	99.1144	98.66	82.9	98.4847	531	574
GCA_017984815.1__GCA_017993395.1	GCA_017984815.1	GCA_017993395.1	97-100	train	99.96	strict		JAGNYT010000015.1	JAGOMT010000097.1	99.9856	99.9859	0.9168	0.9272	0.00212	99.514	124	0.9963	37	0.07	0.9991	99.9718	99.9893	0.0185	0.36	AlfI:99.98,AloI:99.99,BcgI:99.99,FalI:100.00	10048	124	9937	737	80.5	ok	99.9856	gamma	99.982	99.99	94.42	99.918	1059	1160
GCA_017985345.1__GCA_018053265.1	GCA_017985345.1	GCA_018053265.1	97-100	test	99.1	strict		JAGNXR010000056.1	JAGPLT010000006.1	99.2133	99.3908	0.6689	0.6804	0.04284	98.2322	93	0.9837	16	0.259	0.963	99.0903	99.4792	0.2116	1.26	AlfI:99.53,AloI:99.35,BcgI:99.40,FalI:99.32	1179	93	1190	59	11.3548	ok	99.2133	gamma	99.2608	99.05	81.53	98.8792	297	389
GCA_017985345.1__GCA_018060405.1	GCA_017985345.1	GCA_018060405.1	97-100	test	99.21	strict		JAGNXR010000056.1	JAGOWC010000100.1	99.2477	99.4602	0.6909	0.703	0.03988	98.3989	92	0.9872	13	0.17	0.9672	99.1851	99.5396	0.2241	1.94	AlfI:99.55,AloI:99.48,BcgI:99.54,FalI:99.33	1192	92	1209	55	11.8587	ok	99.2477	gamma	99.3458	99.06	81.36	98.972	301	389
GCA_017985755.1__GCA_017985895.1	GCA_017985755.1	GCA_017985895.1	97-100	train	99.88	strict		JAGNWW010000126.1	JAGNWQ010000037.1	99.926	99.9367	0.8626	0.8677	0.00578	99.4743	154	0.9931	41	0.07	0.9962	99.8539	99.9568	0.0244	1.28	AlfI:99.95,AloI:99.94,BcgI:99.93,FalI:99.93	6137	154	6115	286	39.3052	ok	99.926	gamma	99.8849	99.89	90.09	99.7481	812	925
GCA_017987155.1__GCA_017990255.1	GCA_017987155.1	GCA_017990255.1	97-100	test	99.78	strict		JAGNUB010000057.1	JAGNOG010000331.1	99.8684	99.8854	0.7842	0.7708	0.00744	99.2254	363	0.9719	181	0.07	0.9931	99.8634	99.8907	0.0527	2.03	AlfI:99.87,AloI:99.92,BcgI:99.89,FalI:99.92	6854	363	6668	281	18.2369	ok	99.8684	gamma	99.8922	99.76	85.03	99.4532	889	1144
GCA_017987295.1__GCA_018060035.1	GCA_017987295.1	GCA_018060035.1	97-100	train	99.67	strict		JAGNUA010000205.1	JAGOWW010000153.1	99.7409	99.7784	0.6886	0.3784	0.02574	97.9615	129	0.9953	4	0.114	0.9866	99.7444	99.7876	0.2314	0.79	AlfI:99.76,AloI:99.58,BcgI:99.77,FalI:99.81	1184	129	1169	25	7.62016	ok	99.7409	gamma	99.8346	99.7	50.78	99.4719	222	232
GCA_017988395.1__GCA_018063545.1	GCA_017988395.1	GCA_018063545.1	97-100	test	98.26	strict		JAGNRL010000032.1	JAGPBD010000263.1	98.761	99.1797	0.64	0.5927	0.02554	97.8432	346	0.9604	151	0.208	0.9501	98.6885	99.3291	0.1941	1.59	AlfI:99.19,AloI:99.19,BcgI:99.16,FalI:99.35	4562	346	4408	114	11.5896	ok	98.761	gamma	98.7916	97.83	69.5	97.5849	550	808
GCA_017988415.1__GCA_018059845.1	GCA_017988415.1	GCA_018059845.1	97-100	test	99.61	strict		JAGNRN010000260.1	JAGOXF010000253.1	99.6612	99.6948	0.521	0.5237	0.02907	97.8749	137	0.982	19	0.17	0.9815	99.7377	99.6824	0.2022	1.4	AlfI:99.63,AloI:99.76,BcgI:99.83,FalI:99.68	1460	137	1323	33	8.56204	ok	99.6612	gamma	99.8241	99.51	74.22	99.2852	482	677
GCA_017988525.1__GCA_018059655.1	GCA_017988525.1	GCA_018059655.1	97-100	train	99.63	strict		JAGNRT010000258.1	JAGOXO010000173.1	99.7408	99.7651	0.6004	0.5399	0.02641	98.162	124	0.9926	6	0.178	0.9856	99.7503	99.7692	0.0712	0.27	AlfI:99.74,AloI:99.82,BcgI:99.75,FalI:99.77	1342	124	1180	22	7.5	ok	99.7408	gamma	99.8384	99.7	79.55	99.2423	352	399
GCA_017991735.1__GCA_018057325.1	GCA_017991735.1	GCA_018057325.1	97-100	train	99.9	strict		JAGOQA010000019.1	JAGPDV010000043.1	99.9561	99.9602	0.7301	0.7583	0.01624	99.138	37	0.9705	15	0.07	0.9976	99.909	99.9745	0.1338	0.17	AlfI:99.93,AloI:99.87,BcgI:99.93,FalI:100.00	566	37	537	60	14.3514	ok	99.9561	gamma	99.9752	99.9	94.21	99.8001	155	192
GCA_017992035.1__GCA_905199485.1	GCA_017992035.1	GCA_905199485.1	97-100	test	98.97	strict		JAGOPJ010000027.1	CAJKGP010000001.1	99.1183	99.4261	0.9162	0.3576	0.03904	97.9474	57	0.9875	15	0.133	0.9653	99.0904	99.5215	0.1341	0.68	AlfI:99.52,AloI:99.45,BcgI:99.40,FalI:99.39	1291	57	1319	77	21.8246	ok	99.1183	gamma	99.2523	99.11	37.28	99.0006	261	275
GCA_017992275.1__GCA_018052725.1	GCA_017992275.1	GCA_018052725.1	97-100	train	99.96	strict		JAGOOY010000035.1	JAGPMU010000047.1	99.9433	99.9477	0.9035	0.8796	0.00884	99.7659	70	0.9881	26	0.07	0.9968	99.9188	99.955	0.0158	0.2	AlfI:99.96,AloI:99.96,BcgI:99.94,FalI:99.94	2236	70	2235	178	31.7429	ok	99.9433	gamma	99.9545	99.94	93	99.8824	662	710
GCA_017993015.1__GCA_018436145.1	GCA_017993015.1	GCA_018436145.1	97-100	test	99	strict		JAGONN010000036.1	JAHDMF010000135.1	99.4794	99.5043	0.7291	0.719	0.02713	98.5744	110	0.9745	56	0.761	0.9701	99.4744	99.5124	0.0527	0.07	AlfI:99.50,AloI:99.47,BcgI:99.50,FalI:99.52	2346	110	2304	124	20.4273	ok	99.4794	gamma	99.57	98.96	77.44	98.9697	415	558
GCA_017994995.1__GCA_018056865.1	GCA_017994995.1	GCA_018056865.1	97-100	test	99.05	strict		JAGOJT010000040.1	JAGPEV010000170.1	99.3553	99.4103	0.7046	0.6005	0.03407	98.1727	131	0.9817	28	0.554	0.9642	99.3281	99.4338	0.2225	2.33	AlfI:99.31,AloI:99.53,BcgI:99.36,FalI:99.52	1775	131	1764	64	12.4427	ok	99.3553	gamma	99.4503	99.19	69.48	98.7515	511	621
GCA_017996575.1__GCA_018055745.1	GCA_017996575.1	GCA_018055745.1	97-100	test	99.74	strict		JAGOGR010000253.1	JAGPGZ010000090.1	99.8491	99.8687	0.5632	0.6287	0.0158	98.4587	191	0.9595	63	0.07	0.992	99.8557	99.8721	0.091	0.94	AlfI:99.82,AloI:99.92,BcgI:99.89,FalI:99.86	2059	191	1817	34	8.81675	ok	99.8491	gamma	99.9094	99.75	86.81	99.3123	653	944
GCA_018000135.1__GCA_018435005.1	GCA_018000135.1	GCA_018435005.1	97-100	test	99.99	strict		JAGNKM010000035.1	JAHDOH010000015.1	99.9995	99.9995	0.9809	0.967	0.00045	99.9035	72	0.9954	33	inf	1	99.9977	99.9999	0.0024	0	AlfI:100.00,AloI:100.00,BcgI:100.00,FalI:100.00	7332	72	7200	395	100	ok	99.9995	uniform	99.9999	99.99	98.08	99.9809	1408	1438
GCA_018000175.1__GCA_018002605.1	GCA_018000175.1	GCA_018002605.1	97-100	test	99.98	strict		JAGNKJ010000007.1	JAGNFT010000002.1	99.9955	99.9955	0.9189	0.8989	0.00198	99.8563	110	0.9807	70	inf	0.9997	99.9823	99.9989	0.0148	0.37	AlfI:100.00,AloI:99.99,BcgI:100.00,FalI:99.99	3696	110	3681	112	33.4182	ok	99.9955	uniform	99.9939	99.98	95.25	99.9127	785	856
GCA_018000275.1__GCA_018434105.1	GCA_018000275.1	GCA_018434105.1	97-100	test	98.99	strict		JAGNKF010000019.1	JAHDPY010000079.1	99.1589	99.4247	0.8577	0.8072	0.0202	98.7945	109	0.9859	64	0.156	0.965	99.1023	99.5154	0.1093	0.98	AlfI:99.48,AloI:99.37,BcgI:99.42,FalI:99.39	4674	109	4867	179	42.1376	ok	99.1589	gamma	99.1871	98.99	84.29	98.9061	1076	1225
GCA_018003635.1__GCA_018004195.1	GCA_018003635.1	GCA_018004195.1	97-100	test	99.83	strict		JAGNEF010000011.1	JAGNCR010000081.1	99.8696	99.8873	0.9026	0.8623	0.0088	99.6282	182	0.9927	33	0.084	0.9931	99.8353	99.9003	0.0617	0.92	AlfI:99.90,AloI:99.89,BcgI:99.89,FalI:99.84	4817	182	4768	116	25.7527	ok	99.8696	gamma	99.8723	99.77	92.92	99.7403	960	1028
GCA_018053565.1__GCA_018064065.1	GCA_018053565.1	GCA_018064065.1	97-100	train	99.73	strict		JAGPLC010000131.1	JAGPAC010000187.1	99.8625	99.8676	0.6342	0.6906	0.01654	98.7299	151	0.9687	46	0.17	0.9919	99.8997	99.8592	0.0897	1.28	AlfI:99.89,AloI:99.91,BcgI:99.82,FalI:99.89	1735	151	1636	40	10.4305	ok	99.8625	gamma	99.9456	99.69	86.49	99.307	311	428
GCA_018054145.1__GCA_018058725.1	GCA_018054145.1	GCA_018058725.1	97-100	train	99.67	strict		JAGPJZ010000178.1	JAGOZK010000291.1	99.7758	99.8019	0.6464	0.7377	0.01292	98.8514	301	0.9612	141	0.117	0.988	99.7899	99.8048	0.096	1.33	AlfI:99.77,AloI:99.74,BcgI:99.82,FalI:99.84	3967	301	3850	55	12.5914	ok	99.7758	gamma	99.8366	99.49	85.12	99.0501	427	676
GCA_018054245.1__GCA_902387235.1	GCA_018054245.1	GCA_902387235.1	97-100	train	98.39	strict		JAGPJS010000058.1	CABMLP010000001.1	98.5986	98.8512	0.8487	0.4973	0.04171	97.6848	165	1	0	0.65	0.9292	98.3466	99.0295	0.2178	1.3	AlfI:98.75,AloI:98.70,BcgI:98.92,FalI:98.87	2550	165	2439	46	12.6545	ok	98.5986	gamma	98.4971	98.6	51.12	98.3441	491	512
GCA_018056365.1__GCA_018432205.1	GCA_018056365.1	GCA_018432205.1	97-100	train	99.53	strict		JAGPFU010000175.1	JAHDLF010000044.1	99.6568	99.7647	0.7948	0.6987	0.01927	98.9241	120	0.9963	7	0.073	0.9857	99.5956	99.8092	0.1507	1.47	AlfI:99.69,AloI:99.84,BcgI:99.77,FalI:99.78	2164	120	2159	94	16.7167	ok	99.6568	gamma	99.6817	99.62	78.82	99.4668	615	682
GCA_018056365.1__GCA_018435925.1	GCA_018056365.1	GCA_018435925.1	97-100	train	99.28	strict		JAGPFU010000175.1	JAHDMP010000409.1	99.6647	99.7012	0.3746	0.4332	0.02886	97.3509	139	0.9414	58	0.156	0.9818	99.7279	99.6941	0.2196	2.21	AlfI:99.68,AloI:99.86,BcgI:99.71,FalI:99.64	1627	139	1209	24	7.70504	ok	99.6647	gamma	99.8195	99.28	79.77	98.1473	359	682
GCA_018056495.1__GCA_018059745.1	GCA_018056495.1	GCA_018059745.1	97-100	train	99.96	strict		JAGPFP010000015.1	JAGOXJ010000031.1	99.9742	99.9742	0.8839	0.8917	0.00549	99.804	114	0.9908	25	inf	0.9984	99.971	99.975	0.0168	0.59	AlfI:99.98,AloI:99.98,BcgI:99.97,FalI:99.98	2955	114	2839	80	24.6579	ok	99.9742	uniform	99.9886	99.94	96.63	99.9105	703	755
GCA_018063715.1__GCF_003478795.1	GCA_018063715.1	GCF_003478795.1	97-100	test	98.49	strict		JAGPAT010000048.1	NZ_QUGD01000001.1	98.7492	98.9534	0.8371	0.3692	0.04832	97.434	131	0.9992	1	0.605	0.9357	98.5946	99.0746	0.2555	1.11	AlfI:98.81,AloI:98.88,BcgI:98.99,FalI:99.07	1676	131	1625	34	10.4275	ok	98.7492	gamma	98.7686	98.44	38.65	98.4133	317	330
GCA_018222465.1__GCF_008274645.2	GCA_018222465.1	GCF_008274645.2	97-100	test	98.89	strict		JAAFAF010000188.1	NZ_VTDH02000001.1	99.2174	99.3697	0.7992	0.8085	0.02211	98.8603	291	0.9985	6	0.312	0.9619	99.079	99.458	0.0593	0.25	AlfI:99.41,AloI:99.35,BcgI:99.37,FalI:99.36	4630	291	4762	62	14.5086	ok	99.2174	gamma	99.1667	98.89	87.07	98.7542	1620	1750
GCA_018223325.1__GCF_017309175.1	GCA_018223325.1	GCF_017309175.1	97-100	train	98.41	strict		JAAEYQ010000065.1	NZ_JAEKJV010000001.1	98.6373	98.7598	0.8727	0.8729	0.02115	98.0064	108	0.9985	13	1.26	0.9237	98.5042	98.8494	0.2322	3.95	AlfI:98.82,AloI:98.78,BcgI:98.71,FalI:98.94	9006	108	9851	347	82.6481	ok	98.6373	gamma	98.5765	98.37	87.8	98.3656	1470	1647
GCA_018241295.1__GCA_018241375.1	GCA_018241295.1	GCA_018241375.1	97-100	train	98.91	strict		JAFEEC010000010.1	JAFEDZ010000100.1	99.3637	99.5089	0.7348	0.6897	0.01712	98.5878	320	0.9487	274	0.183	0.9704	99.3195	99.5587	0.1184	1.38	AlfI:99.54,AloI:99.46,BcgI:99.48,FalI:99.58	6093	320	5570	120	16.8469	ok	99.3637	gamma	99.3898	98.83	77.3	98.7025	802	1141
GCA_018265765.1__GCA_018368125.1	GCA_018265765.1	GCA_018368125.1	97-100	train	97.3	strict		JABLYP010000017.1	JAGZET010000001.1	97.8923	98.2103	0.8287	0.8069	0.034	97.5449	212	0.9937	31	1.075	0.8866	97.6949	98.4454	0.5188	10.02	AlfI:98.18,AloI:98.07,BcgI:98.39,FalI:97.87	5418	212	6055	132	23.9009	ok	97.8923	gamma	97.8005	97.44	81.22	97.1129	1027	1163
GCA_018363815.1__GCF_000364325.1	GCA_018363815.1	GCF_000364325.1	97-100	train	99.64	strict		JAGZND010000001.1	NZ_KB822533.1	99.9168	99.9286	0.938	0.9533	0.00963	99.9295	21	0.9996	1	0.07	0.9957	99.8511	99.948	0.0363	0.91	AlfI:99.92,AloI:99.93,BcgI:99.92,FalI:99.95	2544	21	2564	410	120.571	ok	99.9168	gamma	99.8982	99.48	92.01	99.6361	522	540
GCA_018364715.1__GCF_904384175.1	GCA_018364715.1	GCF_904384175.1	97-100	train	99.01	strict		JAGZLI010000007.1	NZ_CAJFJR010000001.1	99.1165	99.3983	0.8927	0.9326	0.0212	99.1602	87	0.9906	40	0.183	0.9635	98.9851	99.5146	0.0932	1.11	AlfI:99.35,AloI:99.34,BcgI:99.43,FalI:99.43	4447	87	4605	240	49.5862	ok	99.1165	gamma	99.0767	99.11	94.92	99.0488	913	1005
GCA_018365095.1__GCA_905197755.1	GCA_018365095.1	GCA_905197755.1	97-100	train	98.77	strict		JAGZKR010000017.1	CAJKAA010000001.1	98.3662	99.0874	0.7016	0.6428	0.05098	97.8414	110	0.9888	11	0.183	0.945	98.2893	99.3691	0.551	1.14	AlfI:99.16,AloI:99.22,BcgI:98.67,FalI:99.10	1343	110	1424	45	9.83636	ok	98.3662	gamma	98.496	98.53	78.61	98.4766	724	825
GCA_018365975.1__GCA_900549115.1	GCA_018365975.1	GCA_900549115.1	97-100	train	99.61	strict		JAGZJB010000028.1	URMY01000001.1	99.6197	99.7529	0.7394	0.7897	0.0201	98.9947	105	0.9646	72	0.073	0.9848	99.5409	99.8111	0.0895	1.03	AlfI:99.76,AloI:99.76,BcgI:99.70,FalI:99.79	2150	105	2133	129	19.6952	ok	99.6197	gamma	99.633	99.49	87.28	99.4762	724	947
GCA_018368295.1__GCF_003477825.1	GCA_018368295.1	GCF_003477825.1	97-100	test	97.62	strict		JAGZEN010000024.1	NZ_QUEA01000001.1	97.7882	98.0939	0.7505	0.6871	0.0695	97.1176	82	0.9906	12	1.189	0.8824	97.5755	98.3496	0.5838	2.45	AlfI:97.62,AloI:97.90,BcgI:97.70,FalI:98.20	1511	82	1686	58	16.4268	ok	97.7882	gamma	97.7884	97.33	68.6	96.8665	627	761
GCA_018369305.1__GCA_018711955.1	GCA_018369305.1	GCA_018711955.1	97-100	train	98.34	strict		JAGZCM010000206.1	DVHQ01000166.1	98.8508	99.0073	0.5858	0.6477	0.03378	97.7318	290	0.967	82	0.669	0.9392	98.7428	99.0926	0.1866	0.86	AlfI:99.04,AloI:98.85,BcgI:99.03,FalI:98.95	3053	290	3079	40	9.28966	ok	98.8508	gamma	98.8644	98.07	81.91	97.807	546	802
GCA_018369305.1__GCA_900759065.1	GCA_018369305.1	GCA_900759065.1	97-100	train	98.39	strict		JAGZCM010000206.1	CAAEUL010000001.1	98.6453	98.89	0.6761	0.6834	0.03436	97.8305	263	0.9853	40	0.588	0.9318	98.4728	99.0337	0.1817	1.46	AlfI:98.94,AloI:98.85,BcgI:98.81,FalI:98.99	3173	263	3411	61	11.1787	ok	98.6453	gamma	98.5967	98.36	75.78	98.1046	600	802
GCA_018370255.1__GCA_900554245.1	GCA_018370255.1	GCA_900554245.1	97-100	test	97.29	strict		JAGZAT010000004.1	USGX01000001.1	97.314	98.1264	0.5061	0.6165	0.10649	96.2968	53	0.9473	29	0.538	0.8835	97.161	98.6074	0.4837	0.52	AlfI:98.18,AloI:98.35,BcgI:97.87,FalI:98.17	683	53	711	31	10.8302	ok	97.314	gamma	97.4952	97.4	79.12	96.8224	351	555
GCA_018371775.1__GCA_900762625.1	GCA_018371775.1	GCA_900762625.1	97-100	test	98.42	strict		JAHAKG010000046.1	CAAFHG010000001.1	98.6572	98.8632	0.7078	0.8623	0.03934	98.1319	52	0.9928	17	0.739	0.9303	98.4249	99.0151	0.0977	0.12	AlfI:98.83,AloI:98.93,BcgI:98.86,FalI:98.87	2480	52	2691	293	46.2692	ok	98.6572	gamma	98.5662	98.27	86.89	98.351	481	660
GCA_018371815.1__GCA_905210625.1	GCA_018371815.1	GCA_905210625.1	97-100	test	99.15	strict		JAHAKI010000012.1	CAJLXG010000001.1	98.9517	99.4956	0.7917	0.8693	0.05175	98.9655	24	0.9921	5	0.082	0.9696	98.9697	99.6539	0.2011	0.51	AlfI:99.42,AloI:99.48,BcgI:99.62,FalI:99.48	685	24	706	141	27.0833	ok	98.9517	gamma	99.2035	99.29	92.54	99.0684	459	536
GCA_018372095.1__GCA_905198425.1	GCA_018372095.1	GCA_905198425.1	97-100	test	98.88	strict		JAHAJR010000099.1	CAJKCR010000001.1	99.1038	99.2972	0.8685	0.8612	0.02506	98.9477	126	0.9923	27	0.312	0.9575	98.965	99.3927	0.1375	2.33	AlfI:99.22,AloI:99.32,BcgI:99.36,FalI:99.22	3809	126	3863	116	28.6111	ok	99.1038	gamma	99.0658	98.89	88.77	98.8503	623	716
GCA_018372155.1__GCF_003864435.1	GCA_018372155.1	GCF_003864435.1	97-100	train	99.44	strict		JAHAJO010000086.1	NZ_BGMM01000001.1	99.5631	99.7	0.9151	0.924	0.00969	99.3582	227	0.9974	26	0.089	0.9817	99.5064	99.7506	0.052	0.87	AlfI:99.72,AloI:99.69,BcgI:99.70,FalI:99.67	11724	227	10735	248	45.793	ok	99.5631	gamma	99.55	99.46	94.14	99.4364	2137	2258
GCA_018372155.1__GCF_009725145.1	GCA_018372155.1	GCF_009725145.1	97-100	train	99.14	strict		JAHAJO010000086.1	NZ_WNZZ01000100.1	99.3176	99.5566	0.8821	0.8994	0.01211	99.0839	221	0.9973	26	0.121	0.973	99.2264	99.6466	0.0954	2.15	AlfI:99.57,AloI:99.53,BcgI:99.58,FalI:99.48	11254	221	10336	229	44.4208	ok	99.3176	gamma	99.2812	99.11	89.96	99.0832	2056	2258
GCA_018373895.1__GCF_002847745.1	GCA_018373895.1	GCF_002847745.1	97-100	test	99.31	strict		JAHAGF010000001.1	NZ_PKGS01000001.1	99.5368	99.6059	0.9367	0.9419	0.03258	99.6464	25	0.9938	8	0.244	0.9762	99.4509	99.6509	0.1738	0.73	AlfI:99.57,AloI:99.74,BcgI:99.57,FalI:99.60	1345	25	1358	255	52.08	ok	99.5368	gamma	99.5769	99.35	94.72	99.2548	618	646
GCA_018374675.1__GCA_905212535.1	GCA_018374675.1	GCA_905212535.1	97-100	test	99.72	strict		JAHAEQ010000006.1	CAJMFC010000001.1	99.7916	99.8351	0.6717	0.6405	0.01369	98.6894	258	0.9964	9	0.086	0.9899	99.7274	99.8629	0.0743	0.72	AlfI:99.86,AloI:99.79,BcgI:99.83,FalI:99.83	2977	258	2953	37	10.5853	ok	99.7916	gamma	99.7879	99.71	73.07	99.5507	542	696
GCA_018375095.1__GCF_000154305.1	GCA_018375095.1	GCF_000154305.1	97-100	train	98.58	strict		JAHADW010000001.1	NZ_DS499744.1	98.6667	99.1694	0.8567	0.8332	0.03179	98.6102	43	0.9895	29	0.214	0.9492	98.5062	99.385	0.2275	2.41	AlfI:99.19,AloI:99.27,BcgI:99.24,FalI:99.04	2872	43	3069	343	64.5349	ok	98.6667	gamma	98.6372	98.59	78.76	98.344	965	1084
GCA_018375635.1__GCF_003477535.1	GCA_018375635.1	GCF_003477535.1	97-100	train	98.89	strict		JAHACV010000241.1	NZ_QUDF01000001.1	98.9065	99.1373	0.8242	0.6443	0.03151	98.2729	213	0.9973	7	0.416	0.9476	98.6884	99.2788	0.0642	0.14	AlfI:99.12,AloI:99.10,BcgI:99.13,FalI:99.17	2958	213	3148	62	13.1127	ok	98.9065	gamma	98.8114	98.82	69.15	98.7554	874	935
GCA_018376195.1__GCF_018785765.1	GCA_018376195.1	GCF_018785765.1	97-100	test	98.6	strict		JAHABU010000001.1	NZ_WQQJ01000007.1	98.7245	98.897	0.9082	0.9099	0.03373	98.6666	26	0.9962	12	0.783	0.9324	98.5367	99.0192	0.0607	0.22	AlfI:98.94,AloI:98.89,BcgI:98.88,FalI:98.94	3252	26	3514	477	122.654	ok	98.7245	gamma	98.6574	98.57	88.91	98.4482	969	1065
GCA_018377655.1__GCA_905213635.1	GCA_018377655.1	GCA_905213635.1	97-100	test	99.28	strict		JAGZYZ010000184.1	CAJMIY010000001.1	99.2413	99.3728	0.6677	0.6617	0.03578	98.2313	156	0.9955	5	0.345	0.962	99.1174	99.4458	0.1863	1.82	AlfI:99.47,AloI:99.43,BcgI:99.28,FalI:99.32	1755	156	1716	29	8.05769	ok	99.2413	gamma	99.2582	99.02	86.74	98.9983	387	420
GCA_018378215.1__GCA_018714405.1	GCA_018378215.1	GCA_018714405.1	97-100	train	97.59	strict		JAGZXX010000037.1	DVNM01000026.1	97.9222	98.2851	0.7272	0.8823	0.04387	97.5988	69	0.9871	37	0.973	0.8926	97.622	98.5845	0.0795	0.11	AlfI:98.26,AloI:98.24,BcgI:98.30,FalI:98.32	3085	69	3435	179	42.0435	ok	97.9222	gamma	97.7612	97.59	88.77	97.4583	512	701
GCA_018380565.1__GCF_015549525.1	GCA_018380565.1	GCF_015549525.1	97-100	train	97.17	strict		JAGZTF010000012.1	NZ_JADNEI010000010.1	96.8739	97.5619	0.8741	0.7812	0.09145	96.9982	44	0.989	11	0.892	0.847	96.7433	98.0661	0.8932	2.14	AlfI:96.79,AloI:97.16,BcgI:97.55,FalI:97.68	1123	44	1330	122	23.4318	ok	96.8739	gamma	97.0024	97.29	78.12	97.1727	514	558
GCA_018380875.1__GCF_003011855.2	GCA_018380875.1	GCF_003011855.2	97-100	train	97.72	strict		JAGZSZ010000039.1	NZ_PXXN02000001.1	97.8936	98.4066	0.8269	0.7425	0.04917	97.6084	65	0.9931	15	0.605	0.9002	97.6909	98.7216	0.5306	3.99	AlfI:98.45,AloI:98.71,BcgI:98.42,FalI:98.18	2362	65	2636	134	34	ok	97.8936	gamma	97.8522	97.73	73.63	97.574	849	964
GCA_018380915.1__GCA_905371925.1	GCA_018380915.1	GCA_905371925.1	97-100	train	99.97	strict		JAGZSX010000028.1	CAJPMS010000001.1	99.9817	99.9817	0.9247	0.9174	0.00293	99.7732	177	0.9881	80	inf	0.9989	99.9784	99.9825	0.0198	0.04	AlfI:99.98,AloI:99.98,BcgI:99.98,FalI:100.00	6907	177	6831	209	38.5537	ok	99.9817	uniform	99.9887	99.9	96.04	99.8756	873	949
GCA_018380915.1__GCF_001005065.1	GCA_018380915.1	GCF_001005065.1	97-100	train	99.2	strict		JAGZSX010000028.1	NZ_LBIB01000001.1	99.4526	99.505	0.9003	0.8826	0.01584	99.0885	113	0.9971	18	0.516	0.9699	99.3304	99.5515	0.1333	1	AlfI:99.48,AloI:99.56,BcgI:99.51,FalI:99.43	6414	113	6576	300	55.6991	ok	99.4526	gamma	99.3945	99.11	87.65	99.0824	883	949
GCA_018381555.1__GCA_905200965.1	GCA_018381555.1	GCA_905200965.1	97-100	train	97.5	strict		JAGZRQ010000040.1	CAJKMM010000001.1	98.0366	98.2516	0.7616	0.7443	0.03675	97.2624	115	0.9833	70	1.476	0.89	97.8326	98.4397	0.1622	1.07	AlfI:98.31,AloI:98.29,BcgI:98.19,FalI:98.15	4381	115	4924	321	36.7391	ok	98.0366	gamma	97.9468	97.27	72.04	96.9033	709	904
GCA_018381625.1__GCF_017566165.1	GCA_018381625.1	GCF_017566165.1	97-100	test	99.99	strict		JAGZRO010000028.1	NZ_JABFCM010000496.1	99.9954	99.9954	0.9135	0.8652	0.00226	99.8349	132	0.9975	7	inf	0.9997	99.9779	99.9999	0.0081	0.29	AlfI:99.99,AloI:100.00,BcgI:100.00,FalI:99.99	2976	132	2950	144	21.947	ok	99.9954	uniform	99.9925	99.98	97.36	99.9575	944	971
GCA_018382175.1__GCA_905204885.1	GCA_018382175.1	GCA_905204885.1	97-100	test	98.18	strict		JAGZQM010000029.1	CAJLBL010000001.1	98.3772	98.5559	0.878	0.6204	0.03838	97.6139	102	0.9923	24	1.189	0.9106	98.2277	98.6819	0.2802	1.98	AlfI:98.65,AloI:98.40,BcgI:98.56,FalI:98.37	3289	102	3603	160	31.1667	ok	98.3772	gamma	98.3541	98.2	64.09	98.0691	540	591
GCA_018383065.1__GCA_900757895.1	GCA_018383065.1	GCA_900757895.1	97-100	train	98.48	strict		JAGZOS010000006.1	CAAEPL010000001.1	98.7867	98.895	0.65	0.6789	0.0488	97.7636	137	0.9268	114	0.918	0.9325	98.8428	98.9144	0.2309	0.89	AlfI:98.73,AloI:98.79,BcgI:98.96,FalI:98.92	1825	137	1710	41	11.5328	ok	98.7867	gamma	99.0019	98.24	92.06	98.1208	456	649
GCA_018383065.1__GCA_905199735.1	GCA_018383065.1	GCA_905199735.1	97-100	train	99.57	strict		JAGZOS010000006.1	CAJKHN010000001.1	99.6133	99.695	0.9336	0.947	0.02241	99.6989	31	0.9966	7	0.114	0.9815	99.6038	99.7199	0.0624	0.33	AlfI:99.74,AloI:99.70,BcgI:99.69,FalI:99.68	2075	31	2122	328	66.6129	ok	99.6133	gamma	99.6898	99.6	96.5	99.4587	617	649
GCA_018383155.1__GCF_000417525.1	GCA_018383155.1	GCF_000417525.1	97-100	test	99.42	strict		JAGZON010000040.1	NZ_APHX01000001.1	99.6867	99.7704	0.8486	0.7404	0.0144	99.0886	123	0.9861	49	0.075	0.986	99.6579	99.7994	0.1605	4.44	AlfI:99.66,AloI:99.82,BcgI:99.81,FalI:99.72	3914	123	3695	142	29.3577	ok	99.6867	gamma	99.719	99.28	80.07	99.3421	649	725
GCA_018384355.1__GCF_002251535.1	GCA_018384355.1	GCF_002251535.1	97-100	test	99.28	strict		JAHAYV010000061.1	NZ_NPJD01000001.1	99.5196	99.5491	0.8974	0.6466	0.02126	98.7672	129	0.9929	22	0.689	0.9728	99.4143	99.5849	0.0746	0.25	AlfI:99.56,AloI:99.61,BcgI:99.54,FalI:99.54	3306	129	3363	86	24.9845	ok	99.5196	gamma	99.4982	99.28	68.69	99.2575	679	705
GCA_018399735.1__GCF_001687065.1	GCA_018399735.1	GCF_001687065.1	97-100	train	98.69	strict		JAGYOF010000001.1	NZ_CP016432.1	98.9851	99.1264	0.9045	0.8441	0.02857	98.6978	23	0.9951	17	0.571	0.9465	98.8737	99.2042	0.1029	0.7	AlfI:99.06,AloI:99.17,BcgI:99.16,FalI:99.09	3544	23	3758	788	152.217	ok	98.9851	gamma	98.9794	98.54	80.44	98.494	651	707
GCA_018401165.1__GCF_002890855.1	GCA_018401165.1	GCF_002890855.1	97-100	train	97.65	strict		JAGYKQ010000006.1	NZ_POUV01000010.1	98.0257	98.4126	0.871	0.6997	0.02706	97.2088	53	0.9936	45	0.739	0.9009	97.8409	98.6546	0.1671	0.86	AlfI:98.36,AloI:98.53,BcgI:98.42,FalI:98.47	7146	53	8178	606	133.057	ok	98.0257	gamma	97.9289	97.79	68.87	97.668	1104	1275
GCA_018432345.1__GCA_018435645.1	GCA_018432345.1	GCA_018435645.1	97-100	train	98.16	strict		JAHDLD010000025.1	JAHDNC010000071.1	98.6095	98.7235	0.5035	0.5252	0.04418	96.967	242	0.9811	29	1.297	0.9212	98.5425	98.788	0.1475	0.59	AlfI:98.71,AloI:98.77,BcgI:98.77,FalI:98.63	2603	242	2397	38	7.20661	ok	98.6095	gamma	98.6886	97.99	81.18	96.7509	385	530
GCA_018433005.1__GCA_018434505.1	GCA_018433005.1	GCA_018434505.1	97-100	train	99.87	strict		JAHDRY010000044.1	JAHDPF010000078.1	99.9278	99.9355	0.8985	0.67	0.00995	99.2489	99	0.9943	12	0.07	0.996	99.8891	99.9477	0.0605	2.48	AlfI:99.94,AloI:99.98,BcgI:99.93,FalI:99.92	2232	99	2202	91	21.9899	ok	99.9278	gamma	99.9316	99.35	71.67	99.8134	611	640
GCA_018607465.1__GCA_905478815.1	GCA_018607465.1	GCA_905478815.1	97-100	train	99.82	strict		JABBBK010000073.1	CAJQJZ010000001.1	99.9093	99.923	0.7434	0.7599	0.0094	99.1515	169	0.9909	24	0.07	0.9954	99.8481	99.9414	0.0285	0.54	AlfI:99.91,AloI:99.93,BcgI:99.93,FalI:99.93	2886	169	2845	98	16.4083	ok	99.9093	gamma	99.8935	99.86	83.88	99.8036	622	764
GCA_018609085.1__GCA_905181845.1	GCA_018609085.1	GCA_905181845.1	97-100	train	98.54	strict		JABAYI010000020.1	CAJIZK010000001.1	98.8985	99.0353	0.5899	0.8924	0.04926	98.2032	64	0.9748	33	0.709	0.9414	98.7643	99.1238	0.1692	0.87	AlfI:99.12,AloI:99.00,BcgI:99.11,FalI:98.95	1381	64	1471	66	20.9375	ok	98.8985	gamma	98.9405	98.55	96.68	98.3472	598	963
GCA_018619875.1__GCA_018619955.1	GCA_018619875.1	GCA_018619955.1	97-100	train	99.77	strict		JAHHFY010000084.1	JAHHFX010000061.1	99.8279	99.832	0.8763	0.889	0.00891	99.5318	261	0.9835	110	0.516	0.9898	99.8043	99.8389	0.0256	0.2	AlfI:99.83,AloI:99.85,BcgI:99.83,FalI:99.83	6892	261	6899	119	26.0728	ok	99.8279	gamma	99.8384	99.46	95.16	99.5936	1224	1378
GCA_018619875.1__GCA_019100325.1	GCA_018619875.1	GCA_019100325.1	97-100	train	99.78	strict		JAHHFY010000084.1	JAHRHU010000096.1	99.8417	99.8417	0.8393	0.8459	0.00871	99.5191	391	0.9625	246	inf	0.9904	99.8233	99.8463	0.0463	0.51	AlfI:99.84,AloI:99.81,BcgI:99.85,FalI:99.86	6900	391	6799	94	17.1355	ok	99.8417	uniform	99.8558	99.7	94.38	99.4939	1114	1378
GCA_018645285.1__GCA_018659985.1	GCA_018645285.1	GCA_018659985.1	97-100	test	99.96	strict		JABGOV010000012.1	JABJLI010000034.1	99.9804	99.9804	0.7985	0.6054	0.00801	98.9247	52	0.9842	16	0.07	0.9988	99.9999	99.975	0.0287	0.01	AlfI:100.00,AloI:100.00,BcgI:99.98,FalI:99.97	1108	52	1063	68	20.1346	ok	99.9804	gamma	100	99.94	68.43	99.8662	515	583
GCA_018645665.1__GCA_018668235.1	GCA_018645665.1	GCA_018668235.1	97-100	train	99.99	strict		JABGWE010000010.1	JABITC010000043.1	99.9999	99.9999	0.7267	0.6927	0.77503	97.6614	51	0.9392	34	inf	1	99.9999	99.9999	0	0	AlfI:100.00,AloI:100.00,BcgI:100.00,FalI:100.00	634	51	579	35	11.2941	ok	99.9999	uniform	100	99.99	89.64	99.7725	176	227
GCA_018645665.1__GCA_018675015.1	GCA_018645665.1	GCA_018675015.1	97-100	train	99.98	strict		JABGWE010000010.1	JABGYY010000014.1	99.9886	99.9886	0.7804	0.8019	0.00802	99.4049	42	0.9578	25	inf	0.9993	99.9999	99.9855	0.0209	0.05	AlfI:100.00,AloI:100.00,BcgI:99.98,FalI:99.99	634	42	613	47	14.5238	ok	99.9886	uniform	100	99.87	96.85	99.8718	190	227
GCA_018647415.1__GCA_018655425.1	GCA_018647415.1	GCA_018655425.1	97-100	train	99.93	strict		JABGTB010000008.1	JABIJS010000032.1	99.9673	99.9677	0.9247	0.871	0.01141	99.841	21	0.9863	12	0.07	0.998	99.9814	99.9639	0.0643	0.12	AlfI:100.00,AloI:100.00,BcgI:99.94,FalI:99.96	890	21	884	155	42.0476	ok	99.9673	gamma	99.999	99.91	92.85	99.902	323	335
GCA_018647545.1__GCA_018648725.1	GCA_018647545.1	GCA_018648725.1	97-100	train	99.98	strict		JABGSZ010000037.1	JABGQO010000055.1	99.9956	99.9956	0.8419	0.6999	0.00432	99.3012	55	0.9987	1	inf	0.9997	99.9999	99.9944	0.0389	0	AlfI:100.00,AloI:99.96,BcgI:100.00,FalI:100.00	837	55	821	53	14.5091	ok	99.9956	uniform	100	99.98	77.52	99.9748	383	414
GCA_018647825.1__GCA_018661435.1	GCA_018647825.1	GCA_018661435.1	97-100	train	99.82	strict		JABGSJ010000070.1	JABJIG010000139.1	99.948	99.9511	0.7852	0.8441	0.0058	99.512	285	0.964	163	0.07	0.997	99.9375	99.9545	0.0495	4.5	AlfI:99.96,AloI:99.99,BcgI:99.94,FalI:99.94	4893	285	4744	101	16.3298	ok	99.948	gamma	99.9596	99.91	96.66	99.6677	1101	1371
GCA_018647825.1__GCA_018700775.1	GCA_018647825.1	GCA_018700775.1	97-100	train	99.78	strict		JABGSJ010000070.1	JABIUP010000125.1	99.937	99.9414	0.8632	0.8836	0.00614	99.6803	222	0.9803	96	0.07	0.9964	99.9253	99.9454	0.0435	1.44	AlfI:99.93,AloI:99.97,BcgI:99.94,FalI:99.95	5183	222	5074	100	22.5541	ok	99.937	gamma	99.9489	99.87	96.52	99.8089	1221	1371
GCA_018648355.1__GCA_018666605.1	GCA_018648355.1	GCA_018666605.1	97-100	test	99.98	strict		JABGRJ010000169.1	JABIYZ010000323.1	99.9956	99.9956	0.9445	0.8568	0.00079	99.0461	476	0.9948	114	0.07	0.9997	99.9927	99.9963	0.0075	3.06	AlfI:100.00,AloI:99.99,BcgI:100.00,FalI:99.99	23070	476	22312	336	46.7185	ok	99.9956	gamma	99.996	99.98	88.58	99.9594	4033	4206
GCA_018648355.1__GCA_018694235.1	GCA_018648355.1	GCA_018694235.1	97-100	test	99.98	strict		JABGRJ010000169.1	JABHNG010000091.1	99.9974	99.9974	0.9424	0.8646	0.00061	99.1141	517	0.9932	148	0.07	0.9998	99.9971	99.9974	0.0075	2.4	AlfI:100.00,AloI:100.00,BcgI:100.00,FalI:99.99	23125	517	22328	271	43.0193	ok	99.9974	gamma	99.999	99.97	89.78	99.952	4002	4206
GCA_018648725.1__GCA_018674115.1	GCA_018648725.1	GCA_018674115.1	97-100	train	99.98	strict		JABGQO010000055.1	JABHAU010000013.1	99.9999	99.9999	0.7766	0.915	0.65076	98.5076	24	0.9916	7	inf	1	99.9999	99.9999	0	0	AlfI:100.00,AloI:100.00,BcgI:100.00,FalI:100.00	874	24	849	103	35.375	ok	99.9999	uniform	100	99.91	95.44	99.963	425	505
GCA_018648885.1__GCA_018676775.1	GCA_018648885.1	GCA_018676775.1	97-100	train	99.85	strict		JABGQI010000102.1	JABHEB010000241.1	99.9365	99.9405	0.6906	0.6409	0.00952	98.7869	162	0.9639	77	0.07	0.9964	99.9279	99.9439	0.0441	0.96	AlfI:99.91,AloI:99.95,BcgI:99.93,FalI:99.96	2434	162	2276	99	13.6975	ok	99.9365	gamma	99.9609	99.83	77.19	99.4318	732	952
GCA_018649045.1__GCA_018660475.1	GCA_018649045.1	GCA_018660475.1	97-100	test	99.48	strict		JABIIR010000060.1	JABJKI010000138.1	99.625	99.7024	0.8143	0.8243	0.01185	99.3312	458	0.9691	198	0.133	0.9821	99.5702	99.7353	0.1438	2.39	AlfI:99.67,AloI:99.58,BcgI:99.72,FalI:99.68	6949	458	6918	78	14.5677	ok	99.625	gamma	99.621	99.52	94.1	99.2178	922	1114
GCA_018649545.1__GCA_018652985.1	GCA_018649545.1	GCA_018652985.1	97-100	train	99.88	strict		JABIHR010000041.1	JABIBC010000014.1	99.9096	99.9177	0.8346	0.8302	0.01613	99.5127	59	0.9767	24	0.07	0.995	99.9088	99.9201	0.0939	0.28	AlfI:99.94,AloI:100.00,BcgI:99.91,FalI:99.91	1150	59	1092	79	18.0169	ok	99.9096	gamma	99.9603	99.9	96.92	99.791	354	385
GCA_018650665.1__GCA_018652185.1	GCA_018650665.1	GCA_018652185.1	97-100	test	99.98	strict		JABIFN010000006.1	JABICP010000003.1	99.9937	99.9937	0.978	0.9759	0.0063	100.272	11	1	0	inf	0.9996	99.9715	99.9999	0.089	0	AlfI:100.00,AloI:100.00,BcgI:99.91,FalI:100.00	588	11	569	106	51.6364	ok	99.9937	uniform	99.9985	100	99.3	99.9891	301	304
GCA_018652545.1__GCA_018673875.1	GCA_018652545.1	GCA_018673875.1	97-100	test	99.43	strict		JABIBX010000033.1	JABHBN010000049.1	99.734	99.7435	0.4512	0.4023	0.03202	97.4279	87	0.9875	6	0.234	0.9844	99.8658	99.7109	0.123	0.63	AlfI:99.79,AloI:99.78,BcgI:99.67,FalI:99.75	1067	87	858	24	6.43678	ok	99.734	gamma	99.937	99.41	76.44	98.586	280	355
GCA_018653505.1__GCA_018697795.1	GCA_018653505.1	GCA_018697795.1	97-100	train	99.96	strict		JABIAB010000071.1	JABING010000024.1	99.9758	99.9765	0.946	0.9274	0.00452	99.9315	80	0.9981	7	0.07	0.9986	99.969	99.9783	0.0152	0.27	AlfI:99.98,AloI:99.97,BcgI:99.98,FalI:99.96	3706	80	3696	320	45.825	ok	99.9758	gamma	99.9855	99.99	96.23	99.9214	635	650
GCA_018654015.1__GCA_018658945.1	GCA_018654015.1	GCA_018658945.1	97-100	test	99.79	strict		JABIMI010000021.1	JABHUJ010000094.1	99.9074	99.9182	0.7842	0.8043	0.01134	99.3629	134	0.9839	30	0.07	0.9951	99.8811	99.9274	0.0754	1.06	AlfI:99.95,AloI:99.87,BcgI:99.91,FalI:99.92	2162	134	2088	107	14.6567	ok	99.9074	gamma	99.9267	99.91	92.97	99.7135	445	522
GCA_018655835.1__GCA_018669755.1	GCA_018655835.1	GCA_018669755.1	97-100	test	99.84	strict		JABIIW010000010.1	JABHST010000063.1	99.9349	99.9397	0.7871	0.797	0.0142	99.3606	68	0.9555	44	0.07	0.9964	99.9195	99.945	0.0795	0.16	AlfI:99.92,AloI:100.00,BcgI:99.93,FalI:99.95	1114	68	1031	55	14.8824	ok	99.9349	gamma	99.9683	99.89	97.64	99.761	327	388
GCA_018656145.1__GCA_018698755.1	GCA_018656145.1	GCA_018698755.1	97-100	test	99.9	strict		JABHZT010000086.1	JABIPE010000048.1	99.953	99.954	0.8139	0.8778	0.00709	99.6106	145	0.9807	55	0.1	0.9972	99.961	99.9523	0.0379	1.33	AlfI:99.93,AloI:99.96,BcgI:99.96,FalI:99.97	3048	145	2978	87	20.2621	ok	99.953	gamma	99.9817	99.9	97.36	99.7341	689	815
GCA_018657695.1__GCA_018662995.1	GCA_018657695.1	GCA_018662995.1	97-100	test	99.74	strict		JABHWR010000216.1	JABJFA010000111.1	99.8314	99.8428	0.6032	0.6344	0.01579	98.5491	222	0.976	42	0.183	0.9905	99.8121	99.8507	0.119	1.74	AlfI:99.79,AloI:99.91,BcgI:99.84,FalI:99.87	2225	222	2108	30	8.70721	ok	99.8314	gamma	99.8704	99.37	82.1	99.0128	282	399
GCA_018658165.1__GCA_018673355.1	GCA_018658165.1	GCA_018673355.1	97-100	test	98.95	strict		JABHVT010000369.1	JABHCX010000200.1	99.3281	99.3876	0.5939	0.5406	0.0224	98.0001	445	0.9815	60	0.538	0.9629	99.333	99.4025	0.1566	1.43	AlfI:99.47,AloI:99.36,BcgI:99.38,FalI:99.31	4312	445	4103	35	8.15281	ok	99.3281	gamma	99.4137	99.08	72.83	98.1391	477	644
GCA_018659665.1__GCA_018668035.1	GCA_018659665.1	GCA_018668035.1	97-100	test	99.54	strict		JABJMB010000233.1	JABIQO010000083.1	99.6928	99.7152	0.6832	0.6791	0.01945	98.6933	222	0.9835	36	0.303	0.9827	99.6818	99.7239	0.1512	1.13	AlfI:99.73,AloI:99.59,BcgI:99.74,FalI:99.70	2658	222	2541	44	10.6441	ok	99.6928	gamma	99.7524	99.62	85.23	99.442	651	790
GCA_018660325.1__GCA_018670185.1	GCA_018660325.1	GCA_018670185.1	97-100	train	99.82	strict		JABJKM010000015.1	JABHRO010000015.1	99.8664	99.8664	0.7177	0.7363	0.03338	98.9425	34	0.9885	4	inf	0.9918	99.9239	99.8502	0.1669	0.18	AlfI:100.00,AloI:99.89,BcgI:99.89,FalI:99.83	456	34	428	32	11.1471	ok	99.8664	uniform	99.9865	99.84	97.78	99.7201	171	191
GCA_018660975.1__GCA_018667435.1	GCA_018660975.1	GCA_018667435.1	97-100	train	99.4	strict		JABJJG010000109.1	JABIUL010000269.1	99.9307	99.9302	0.3212	0.2788	0.02207	96.9908	57	0.9961	1	0.07	0.9958	99.9999	99.9116	0.0666	0.38	AlfI:99.89,AloI:99.91,BcgI:99.96,FalI:99.94	674	57	495	11	5.52632	ok	99.9307	gamma	100	99.38	63.47	98.5261	205	295
GCA_018661435.1__GCA_018700775.1	GCA_018661435.1	GCA_018700775.1	97-100	train	99.8	strict		JABJIG010000139.1	JABIUP010000125.1	99.9271	99.9348	0.8315	0.7936	0.00672	99.5076	316	0.9868	57	0.07	0.996	99.8884	99.9463	0.0131	0.23	AlfI:99.93,AloI:99.94,BcgI:99.94,FalI:99.94	4840	316	4728	67	14.4842	ok	99.9271	gamma	99.9187	99.89	90.79	99.8056	1074	1180
GCA_018662125.1__GCA_018672215.1	GCA_018662125.1	GCA_018672215.1	97-100	train	99.95	strict		JABJGV010000056.1	JABHGF010000611.1	99.9835	99.9835	0.5044	0.6687	0.00378	98.6946	413	0.9007	366	inf	0.999	99.9737	99.9859	0.0099	0.12	AlfI:99.98,AloI:99.98,BcgI:99.99,FalI:99.98	4083	413	3749	34	9.0339	ok	99.9835	uniform	99.9885	99.93	89.56	99.2447	563	1203
GCA_018662385.1__GCA_018665965.1	GCA_018662385.1	GCA_018665965.1	97-100	test	99.95	strict		JABJGG010000057.1	JABJBF010000019.1	99.9999	99.9999	0.7012	0.6126	0.68279	97.5802	73	1	0	inf	1	99.9999	99.9999	0	0	AlfI:100.00,AloI:100.00,BcgI:100.00,FalI:100.00	805	73	745	20	8.54795	ok	99.9999	uniform	100	99.96	81.71	99.8967	284	292
GCA_018663445.1__GCA_018694655.1	GCA_018663445.1	GCA_018694655.1	97-100	test	99.95	strict		JABJQK010000052.1	JABHNY010000100.1	99.9906	99.9906	0.6421	0.6732	0.00542	98.7988	91	0.9593	42	inf	0.9994	99.9999	99.9881	0.0217	0.25	AlfI:100.00,AloI:100.00,BcgI:99.98,FalI:99.99	1180	91	1101	58	11.8791	ok	99.9906	uniform	100	99.96	82.94	99.6631	553	732
GCA_018663585.1__GCA_018666895.1	GCA_018663585.1	GCA_018666895.1	97-100	test	99.94	strict		JABJQA010000167.1	JABIWW010000010.1	99.9729	99.9741	0.5326	0.5288	0.00668	98.2854	226	0.9703	43	0.07	0.9984	99.9479	99.9806	0.0521	1.22	AlfI:99.95,AloI:100.00,BcgI:99.98,FalI:99.99	2134	226	1899	22	7.20796	ok	99.9729	gamma	99.9773	99.51	79.5	98.4066	335	449
GCA_018663585.1__GCA_018667475.1	GCA_018663585.1	GCA_018667475.1	97-100	test	99.94	strict		JABJQA010000167.1	JABIUF010000017.1	99.9666	99.9686	0.6645	0.5487	0.00684	98.6258	240	0.9773	39	0.07	0.9981	99.9323	99.9776	0.0727	1.55	AlfI:99.93,AloI:100.00,BcgI:99.98,FalI:99.98	2388	240	2192	34	8	ok	99.9666	gamma	99.9647	99.83	75.67	99.2996	369	449
GCA_018664225.1__GCA_018670175.1	GCA_018664225.1	GCA_018670175.1	97-100	train	99.92	strict		JABJOV010000033.1	JABHRP010000027.1	99.9642	99.9642	0.7903	0.7831	0.01078	99.3635	74	0.9881	11	inf	0.9978	99.9845	99.9589	0.0552	0.48	AlfI:100.00,AloI:99.95,BcgI:99.94,FalI:99.97	1098	74	1052	58	13.3649	ok	99.9642	uniform	99.9992	99.92	95.62	99.8516	366	398
GCA_018664285.1__GCA_018666415.1	GCA_018664285.1	GCA_018666415.1	97-100	test	99.17	strict		JABJOQ010000022.1	JABIZM010000119.1	99.3437	99.3868	0.6073	0.6187	0.03767	98.0328	154	0.9716	34	0.392	0.9627	99.5988	99.3293	0.1186	0.61	AlfI:99.32,AloI:99.31,BcgI:99.43,FalI:99.35	1597	154	1437	26	8.54545	ok	99.3437	gamma	99.7027	99.34	86.62	98.4616	223	316
GCA_018665205.1__GCA_018676175.1	GCA_018665205.1	GCA_018676175.1	97-100	train	99.91	strict		JABJDV010000237.1	JABHFG010000260.1	99.9745	99.9756	0.5998	0.604	0.00363	98.9294	686	0.9716	144	0.07	0.9985	99.9527	99.9812	0.0553	2.94	AlfI:99.99,AloI:99.94,BcgI:99.98,FalI:99.93	6381	686	5928	29	8.18076	ok	99.9745	gamma	99.9699	99.54	79.79	98.5254	580	828
GCA_018665205.1__GCA_018703045.1	GCA_018665205.1	GCA_018703045.1	97-100	train	99.92	strict		JABJDV010000237.1	JABJEO010000500.1	99.9711	99.9725	0.7177	0.6355	0.00357	99.2393	717	0.9803	119	0.07	0.9983	99.9427	99.9798	0.0258	0.99	AlfI:99.98,AloI:99.99,BcgI:99.97,FalI:99.96	7272	717	6902	47	9.23989	ok	99.9711	gamma	99.9605	99.8	80.15	99.0105	679	828
GCA_018665305.1__GCA_018693955.1	GCA_018665305.1	GCA_018693955.1	97-100	train	99.94	strict		JABJDQ010000065.1	JABHMT010000049.1	99.9748	99.9752	0.7368	0.7933	0.00827	99.294	93	0.9778	25	0.07	0.9985	99.9866	99.9722	0.049	1.02	AlfI:99.97,AloI:99.94,BcgI:99.99,FalI:99.97	1287	93	1220	56	12.828	ok	99.9748	gamma	99.9993	99.95	95.33	99.7822	413	515
GCA_018666605.1__GCA_018694235.1	GCA_018666605.1	GCA_018694235.1	97-100	test	99.98	strict		JABIYZ010000323.1	JABHNG010000091.1	99.9948	99.9949	0.922	0.9336	0.00083	99.1613	549	0.9943	135	0.07	0.9997	99.9919	99.9956	0.0058	2.95	AlfI:100.00,AloI:99.99,BcgI:99.99,FalI:99.99	25002	549	24133	271	43.714	ok	99.9948	gamma	99.9953	99.98	97.08	99.9405	4305	4622
GCA_018666895.1__GCA_018667475.1	GCA_018666895.1	GCA_018667475.1	97-100	test	99.95	strict		JABIWW010000010.1	JABIUF010000017.1	99.9886	99.9886	0.6725	0.5645	0.00403	98.7113	249	0.9841	29	inf	0.9993	99.9784	99.9911	0.0253	0.42	AlfI:99.99,AloI:100.00,BcgI:99.99,FalI:99.97	2483	249	2290	27	8.19679	ok	99.9886	uniform	99.9941	99.79	76.45	99.2578	376	444
GCA_018670915.1__GCA_905480535.1	GCA_018670915.1	GCA_905480535.1	97-100	train	99.74	strict		JABHIQ010000057.1	CAJQQP010000001.1	99.7593	99.7656	0.9037	0.9397	0.01216	99.6207	133	0.9982	9	0.613	0.9859	99.7553	99.7681	0.0997	1.68	AlfI:99.79,AloI:99.74,BcgI:99.77,FalI:99.69	5105	133	5161	229	38.1579	ok	99.7593	gamma	99.7994	99.69	97.11	99.673	1074	1125
GCA_018672975.1__GCA_018674555.1	GCA_018672975.1	GCA_018674555.1	97-100	test	98.73	strict		JABHDR010000224.1	JABGZV010000496.1	99.3655	99.4963	0.4601	0.5651	0.0209	97.832	415	0.9814	57	0.183	0.9694	99.3811	99.5284	0.0379	0.2	AlfI:99.50,AloI:99.50,BcgI:99.48,FalI:99.52	4372	415	3987	51	8.25542	ok	99.3655	gamma	99.4602	99.12	78.76	98.0554	543	906
GCA_018675295.1__GCA_018703335.1	GCA_018675295.1	GCA_018703335.1	97-100	test	99	strict		JABGYL010000055.1	JABJMX010000050.1	99.1118	99.1118	0.7984	0.8262	0.04169	98.6261	89	0.9829	28	inf	0.9459	99.2383	99.0732	0.1372	0.58	AlfI:99.18,AloI:99.21,BcgI:99.08,FalI:99.08	1780	89	1813	99	19.0899	ok	99.1118	uniform	99.3665	98.86	89.19	98.7091	484	559
GCA_018675555.1__GCA_018703045.1	GCA_018675555.1	GCA_018703045.1	97-100	train	99.91	strict		JABGXX010000094.1	JABJEO010000500.1	99.9594	99.9615	0.6961	0.6256	0.00427	99.1488	703	0.9836	96	0.07	0.9977	99.9416	99.9664	0.0245	0.41	AlfI:99.96,AloI:99.95,BcgI:99.96,FalI:99.97	7167	703	6768	44	9.18492	ok	99.9594	gamma	99.9597	99.8	78.88	99.0285	671	827
GCA_018676015.1__GCA_018692055.1	GCA_018676015.1	GCA_018692055.1	97-100	train	99.77	strict		JABGXA010000052.1	JABHJR010000105.1	99.885	99.8899	0.7896	0.8296	0.01239	99.4095	148	0.9736	61	0.156	0.9933	99.9055	99.8858	0.0792	1	AlfI:99.92,AloI:99.84,BcgI:99.90,FalI:99.88	2533	148	2422	50	16.2095	ok	99.885	gamma	99.9428	99.77	97.17	99.5968	474	580
GCA_018676715.1__GCA_018692875.1	GCA_018676715.1	GCA_018692875.1	97-100	test	99.96	strict		JABHEF010000111.1	JABHLE010000189.1	99.9851	99.9854	0.6846	0.6401	0.00403	98.916	280	0.9809	49	0.07	0.9991	99.9722	99.9888	0.025	1.58	AlfI:99.98,AloI:99.97,BcgI:99.99,FalI:99.98	3155	280	2979	44	9.98571	ok	99.9851	gamma	99.989	99.82	79.5	99.5953	578	719
GCA_018678535.1__GCA_018679365.1	GCA_018678535.1	GCA_018679365.1	97-100	train	99.79	strict		JAHHLL010000164.1	JAHHLO010000112.1	99.8929	99.904	0.7078	0.7429	0.01073	99.0853	228	0.9857	36	0.07	0.9942	99.8857	99.9089	0.0615	1.3	AlfI:99.88,AloI:99.94,BcgI:99.89,FalI:99.92	3034	228	2881	65	11.8553	ok	99.8929	gamma	99.9243	99.79	92.66	99.6772	859	968
GCA_018678765.1__GCA_018679365.1	GCA_018678765.1	GCA_018679365.1	97-100	train	99.77	strict		JAHHLN010000103.1	JAHHLO010000112.1	99.9008	99.9123	0.8098	0.8253	0.00999	99.4583	173	0.9791	59	0.07	0.9947	99.8755	99.9222	0.0564	0.74	AlfI:99.94,AloI:99.88,BcgI:99.91,FalI:99.91	3173	173	3040	75	17.0116	ok	99.9008	gamma	99.9149	99.79	97.38	99.7105	960	1073
GCA_018692055.1__GCA_018697545.1	GCA_018692055.1	GCA_018697545.1	97-100	train	99.78	strict		JABHJR010000105.1	JABHTV010000005.1	99.8586	99.8689	0.8423	0.8245	0.01344	99.4782	140	0.9942	13	0.1	0.992	99.8931	99.8626	0.0807	1.85	AlfI:99.91,AloI:99.92,BcgI:99.86,FalI:99.84	2495	140	2449	71	16.95	ok	99.8586	gamma	99.933	99.69	93.06	99.7479	478	517
GCA_018692235.1__GCA_018696855.1	GCA_018692235.1	GCA_018696855.1	97-100	train	99.78	strict		JABHJZ010000121.1	JABHRV010000268.1	99.8725	99.8913	0.834	0.8606	0.00805	99.6275	349	0.9628	195	0.07	0.9934	99.847	99.9024	0.0274	0.49	AlfI:99.90,AloI:99.91,BcgI:99.88,FalI:99.89	5570	349	5468	88	15.4413	ok	99.8725	gamma	99.8804	99.85	96.66	99.5968	771	970
GCA_018692895.1__GCA_018694985.1	GCA_018692895.1	GCA_018694985.1	97-100	train	99.78	strict		JABHLF010000104.1	JABHOP010000086.1	99.8801	99.8914	0.8132	0.799	0.01214	99.3923	159	0.9734	63	0.082	0.9934	99.8816	99.8939	0.0387	0.51	AlfI:99.92,AloI:99.90,BcgI:99.89,FalI:99.88	2567	159	2489	65	15.4906	ok	99.8801	gamma	99.9235	99.78	92.81	99.6779	485	574
GCA_018696255.1__GCA_018700315.1	GCA_018696255.1	GCA_018700315.1	97-100	train	99.48	strict		JABHQK010000523.1	JABITA010000111.1	99.6294	99.6801	0.7586	0.6711	0.01325	98.9879	555	0.9864	69	0.183	0.9808	99.6242	99.694	0.0905	0.55	AlfI:99.67,AloI:99.75,BcgI:99.68,FalI:99.66	6043	555	5926	52	10.0378	ok	99.6294	gamma	99.6755	99.6	81.05	99.0789	698	792
GCA_018701335.1__GCA_018702605.1	GCA_018701335.1	GCA_018702605.1	97-100	train	98.81	strict		JABIWQ010000525.1	JABIYJ010000458.1	99.213	99.2638	0.5952	0.5943	0.02276	98.0393	497	0.9761	92	0.807	0.9552	99.276	99.2604	0.0899	0.89	AlfI:99.20,AloI:99.22,BcgI:99.29,FalI:99.28	4939	497	4770	30	8.5674	ok	99.213	gamma	99.3538	98.9	78.17	97.8186	510	683
GCA_018712515.1__GCA_905192975.1	GCA_018712515.1	GCA_905192975.1	97-100	train	98.1	strict		DVGW01000014.1	CAJJMV010000001.1	98.7357	98.9258	0.6708	0.7702	0.03071	98.0143	237	0.947	193	0.669	0.934	98.5972	99.0351	0.0973	0.34	AlfI:98.98,AloI:98.92,BcgI:98.91,FalI:98.89	3812	237	4036	64	15.5401	ok	98.7357	gamma	98.7075	98.06	86.5	97.7346	474	752
GCA_018713505.1__GCF_904378995.1	GCA_018713505.1	GCF_904378995.1	97-100	test	99.43	strict		DVOL01000018.1	NZ_CAJFHI010000001.1	99.5918	99.6278	0.8549	0.7492	0.02671	99.0509	90	0.9987	2	0.46	0.9775	99.4362	99.679	0.1112	0.78	AlfI:99.67,AloI:99.64,BcgI:99.65,FalI:99.55	1745	90	1786	71	18.5667	ok	99.5918	gamma	99.5478	99.37	80.43	99.4019	444	480
GCA_018713965.1__GCA_905213845.1	GCA_018713965.1	GCA_905213845.1	97-100	train	98.95	strict		DVNZ01000040.1	CAJMJW010000001.1	99.4464	99.4872	0.8096	0.6143	0.02369	98.5716	239	0.9951	13	0.709	0.9688	99.306	99.5362	0.1505	0.59	AlfI:99.51,AloI:99.51,BcgI:99.48,FalI:99.36	3028	239	3067	51	12.0167	ok	99.4464	gamma	99.4005	99.09	69.52	98.9023	376	404
GCA_018714945.1__GCA_904420165.1	GCA_018714945.1	GCA_904420165.1	97-100	train	99.12	strict		DVMO01000021.1	CAJFUG010000001.1	99.3432	99.3991	0.4486	0.5623	0.03925	97.5398	156	0.9385	68	0.709	0.9634	99.1761	99.4634	0.18	1.07	AlfI:99.34,AloI:99.52,BcgI:99.46,FalI:99.34	1545	156	1372	20	7.65385	ok	99.3432	gamma	99.3278	99.13	88.7	98.268	326	581
GCA_018714945.1__GCA_905210585.1	GCA_018714945.1	GCA_905210585.1	97-100	train	98.82	strict		DVMO01000021.1	CAJLXH010000001.1	98.9283	99.2105	0.7763	0.7068	0.03816	98.3486	123	0.9901	16	0.274	0.9519	98.8063	99.3362	0.2859	2.14	AlfI:99.19,AloI:99.45,BcgI:99.19,FalI:99.16	1873	123	1961	52	14.0081	ok	98.9283	gamma	98.9561	98.89	76.38	98.5669	514	581
GCA_018715145.1__GCA_904397225.1	GCA_018715145.1	GCA_904397225.1	97-100	train	99.95	strict		DVMD01000030.1	CAJFON010000001.1	99.9716	99.9722	0.6415	0.606	0.01245	98.6049	70	0.9841	8	0.07	0.9983	99.974	99.9716	0.0487	0.03	AlfI:99.95,AloI:100.00,BcgI:100.00,FalI:99.97	716	70	636	25	8.07143	ok	99.9716	gamma	99.9987	99.91	84.1	99.8349	303	373
GCA_018716545.1__GCA_900753255.1	GCA_018716545.1	GCA_900753255.1	97-100	train	98.32	strict		DVJU01000127.1	CAADYM010000001.1	98.8953	98.9767	0.6442	0.5874	0.036	97.6745	241	0.9707	66	1.297	0.9373	98.7564	99.0484	0.1561	1.19	AlfI:99.05,AloI:98.99,BcgI:98.91,FalI:99.07	2987	241	2787	45	10.083	ok	98.8953	gamma	98.8836	98.08	78.58	97.8398	428	574
GCA_018716545.1__GCA_904419555.1	GCA_018716545.1	GCA_904419555.1	97-100	train	98.21	strict		DVJU01000127.1	CAJFRZ010000001.1	98.722	98.9207	0.792	0.7065	0.03521	98.1406	196	0.9933	17	0.689	0.9337	98.5303	99.0532	0.117	0.58	AlfI:98.97,AloI:99.00,BcgI:98.88,FalI:98.92	3036	196	3135	88	13.8163	ok	98.722	gamma	98.6577	98.36	77.97	98.0992	521	574
GCA_018725105.1__GCA_018725155.1	GCA_018725105.1	GCA_018725155.1	97-100	train	99.34	strict		QLTZ01000001.1	QLUA01000001.1	99.7325	99.7577	0.5662	0.5678	0.0199	98.2243	225	0.9631	60	0.2	0.9854	99.7194	99.7673	0.1585	1.39	AlfI:99.72,AloI:99.88,BcgI:99.77,FalI:99.77	2166	225	2012	30	7.95556	ok	99.7325	gamma	99.7933	99.56	75.92	98.8156	255	385
GCA_018813465.1__GCA_018825445.1	GCA_018813465.1	GCA_018825445.1	97-100	test	99.85	strict		JAHJBS010000042.1	JAHJER010000099.1	99.8984	99.9131	0.6075	0.5858	0.02323	98.3915	61	0.99	4	0.07	0.9947	99.851	99.9294	0.1278	0.59	AlfI:99.92,AloI:99.82,BcgI:99.95,FalI:99.90	582	61	554	21	7.52459	ok	99.8984	gamma	99.9413	99.95	88.42	99.7253	180	210
GCA_018813665.1__GCA_018817785.1	GCA_018813665.1	GCA_018817785.1	97-100	train	99.52	strict		JAHJBG010000008.1	JAHITI010000015.1	99.7821	99.7986	0.5918	0.6447	0.03	98.403	80	0.9704	19	0.173	0.9877	99.8092	99.7958	0.145	1.03	AlfI:99.85,AloI:99.85,BcgI:99.71,FalI:99.82	874	80	773	26	8.7875	ok	99.7821	gamma	99.9004	99.63	92.66	99.2062	279	368
GCA_018814065.1__GCA_018823785.1	GCA_018814065.1	GCA_018823785.1	97-100	train	99.9	strict		JAHJAK010000011.1	JAHJHU010000023.1	99.923	99.923	0.4465	0.4408	0.02721	97.6415	33	1	0	inf	0.9953	99.7711	99.9635	0.2311	0.63	AlfI:99.91,AloI:99.73,BcgI:99.93,FalI:99.96	413	33	361	10	5.39394	ok	99.923	uniform	99.9098	99.97	89.74	99.7333	138	165
GCA_018814585.1__GCA_018817105.1	GCA_018814585.1	GCA_018817105.1	97-100	train	99.95	strict		JAHIZP010000016.1	JAHIUO010000016.1	99.9963	99.9963	0.9273	0.9606	0.00256	100.062	29	0.9939	11	0.07	0.9998	99.9999	99.9954	0.0087	0	AlfI:100.00,AloI:100.00,BcgI:99.99,FalI:100.00	1835	29	1818	155	62.3103	ok	99.9963	gamma	100	99.97	99.28	99.9637	556	587
GCA_018814585.1__GCA_018825025.1	GCA_018814585.1	GCA_018825025.1	97-100	train	99.99	strict		JAHIZP010000016.1	JAHJFA010000014.1	99.9947	99.9947	0.968	0.9682	0.00304	100.16	23	0.9979	4	inf	0.9997	99.9913	99.9956	0.0124	0	AlfI:100.00,AloI:100.00,BcgI:99.99,FalI:100.00	1903	23	1891	176	81.9565	ok	99.9947	uniform	99.9996	99.97	99.26	99.9875	578	587
GCA_018815865.1__GCA_018824105.1	GCA_018815865.1	GCA_018824105.1	97-100	train	99.66	strict		JAHIXA010000087.1	JAHJHH010000035.1	99.9021	99.9172	0.8434	0.855	0.00602	99.4849	306	0.9876	88	0.07	0.995	99.8443	99.9348	0.0482	1.61	AlfI:99.93,AloI:99.89,BcgI:99.91,FalI:99.94	7472	306	7354	158	23.9804	ok	99.9021	gamma	99.8737	99.83	90.9	99.6268	1038	1188
GCA_018817105.1__GCA_018825025.1	GCA_018817105.1	GCA_018825025.1	97-100	train	99.98	strict		JAHIUO010000016.1	JAHJFA010000014.1	99.9945	99.9945	0.961	0.9277	0.00317	100.053	29	0.9972	5	inf	0.9997	99.9909	99.9954	0.0132	0	AlfI:100.00,AloI:100.00,BcgI:99.99,FalI:100.00	1821	29	1812	217	62.1724	ok	99.9945	uniform	99.9995	99.96	95.2	99.9827	553	562
GCA_018819945.1__GCA_018822225.1	GCA_018819945.1	GCA_018822225.1	97-100	test	99.99	strict		JAHJPC010000023.1	JAHJKX010000128.1	99.9951	99.9951	0.8135	0.8237	0.00341	99.5777	112	0.9953	6	0.07	0.9997	99.9999	99.9938	0.0072	0	AlfI:100.00,AloI:100.00,BcgI:100.00,FalI:99.99	1503	112	1459	53	12.3571	ok	99.9951	gamma	100	99.99	97.92	99.98	375	400
GCA_018820225.1__GCA_018820785.1	GCA_018820225.1	GCA_018820785.1	97-100	train	99.9	strict		JAHJOU010000046.1	JAHJNF010000327.1	99.9691	99.9704	0.6817	0.6919	0.00645	98.9925	229	0.9972	5	0.07	0.9982	99.9514	99.9753	0.0258	0.64	AlfI:99.98,AloI:99.98,BcgI:99.98,FalI:99.95	2430	229	2371	36	8.81659	ok	99.9691	gamma	99.9772	99.95	90.85	99.7732	527	602
GCA_018820845.1__GCA_018828805.1	GCA_018820845.1	GCA_018828805.1	97-100	test	100	strict		JAHJNB010000044.1	JAHJVD010000004.1	99.9999	99.9999	0.8187	0.8258	0.81172	98.1333	43	0.9918	4	inf	1	99.9999	99.9999	0	0	AlfI:100.00,AloI:100.00,BcgI:100.00,FalI:100.00	555	43	541	37	12.2558	ok	99.9999	uniform	100	99.99	98.76	99.9515	232	248
GCA_018821125.1__GCA_018827545.1	GCA_018821125.1	GCA_018827545.1	97-100	train	99.99	strict		JAHJMJ010000060.1	JAHJWZ010000045.1	99.9986	99.9986	0.8386	0.8515	0.00135	99.7086	162	0.9612	94	inf	0.9999	99.9999	99.9983	0.0047	0	AlfI:100.00,AloI:100.00,BcgI:100.00,FalI:100.00	2630	162	2503	70	15.3765	ok	99.9986	uniform	100	99.99	99.68	99.8833	1030	1159
GCA_018822025.1__GCA_903929545.1	GCA_018822025.1	GCA_903929545.1	97-100	train	98.48	strict		JAHJLD010000341.1	CAIYVD010000001.1	98.8595	98.9578	0.7559	0.6718	0.02307	98.2155	555	0.9703	171	1.044	0.9363	98.7868	99.0121	0.3184	3.26	AlfI:98.96,AloI:98.98,BcgI:98.94,FalI:99.26	6550	555	6754	42	11.0595	ok	98.8595	gamma	98.8679	98.34	78.62	97.7564	585	747
GCA_018827125.1__GCA_018828325.1	GCA_018827125.1	GCA_018828325.1	97-100	train	99.98	strict		JAHJYE010000019.1	JAHJWD010000038.1	99.9954	99.9955	0.8108	0.9078	0.00169	99.595	151	0.9822	88	0.07	0.9997	99.9901	99.9968	0.0077	0.63	AlfI:99.99,AloI:100.00,BcgI:100.00,FalI:99.99	5094	151	5020	244	33.106	ok	99.9954	gamma	99.9973	99.97	96.25	99.9368	1382	1554
GCA_018829725.1__GCA_018899275.1	GCA_018829725.1	GCA_018899275.1	97-100	train	99.88	strict		JAHJTJ010000009.1	JAHIIJ010000034.1	99.903	99.9118	0.7196	0.6862	0.01489	98.9338	115	0.9363	83	0.07	0.9946	99.9025	99.9143	0.1116	2.72	AlfI:99.91,AloI:99.98,BcgI:99.93,FalI:99.86	1445	115	1345	44	11.6	ok	99.903	gamma	99.9515	99.89	86.1	99.6111	447	577
GCA_018829725.1__GCA_018901505.1	GCA_018829725.1	GCA_018901505.1	97-100	train	99.92	strict		JAHJTJ010000009.1	JAHIET010000021.1	99.9184	99.9255	0.9169	0.8574	0.01277	99.7254	41	0.994	9	0.07	0.9955	99.9048	99.9309	0.082	2.46	AlfI:99.91,AloI:99.98,BcgI:99.94,FalI:99.90	1552	41	1548	159	37.561	ok	99.9184	gamma	99.9503	99.85	89.2	99.8971	546	577
GCA_018895545.1__GCA_018898375.1	GCA_018895545.1	GCA_018898375.1	97-100	train	99.93	strict		JAHIOF010000037.1	JAHIJE010000069.1	99.9765	99.977	0.9052	0.814	0.0047	99.6675	155	0.9885	38	0.07	0.9986	99.9769	99.977	0.0175	0.54	AlfI:99.96,AloI:99.97,BcgI:99.98,FalI:99.98	3622	155	3476	145	22.1226	ok	99.9765	gamma	99.9909	99.99	88.17	99.8643	855	909
GCA_018895735.1__GCA_018897705.1	GCA_018895735.1	GCA_018897705.1	97-100	test	99.95	strict		JAHINP010000003.1	JAHIKL010000028.1	99.9562	99.9588	0.9603	0.964	0.00506	99.9246	67	0.9955	23	0.07	0.9975	99.9362	99.9643	0.0282	1.48	AlfI:99.97,AloI:99.98,BcgI:99.95,FalI:99.96	5182	67	5169	732	76.806	ok	99.9562	gamma	99.9577	99.94	98.21	99.9355	923	955
GCA_018895855.1__GCA_018898335.1	GCA_018895855.1	GCA_018898335.1	97-100	train	100	strict		JAHINT010000053.1	JAHIJT010000003.1	99.9964	99.9964	0.8262	0.8586	0.00349	99.6721	65	0.9988	1	inf	0.9998	99.9825	99.9999	0.01	0	AlfI:100.00,AloI:100.00,BcgI:100.00,FalI:99.99	952	65	945	53	13.8308	ok	99.9964	uniform	99.9991	99.99	98.85	99.9913	346	352
GCA_018896075.1__GCA_018897975.1	GCA_018896075.1	GCA_018897975.1	97-100	test	99.95	strict		JAHINM010000079.1	JAHIJY010000068.1	99.9833	99.9838	0.8822	0.8438	0.00405	99.6772	130	0.9943	18	0.07	0.999	99.9659	99.9885	0.0057	0.1	AlfI:99.98,AloI:99.98,BcgI:99.99,FalI:99.99	3412	130	3296	221	25.0923	ok	99.9833	gamma	99.984	99.97	90.65	99.9006	835	894
GCA_018896145.1__GCA_018900785.1	GCA_018896145.1	GCA_018900785.1	97-100	train	99.82	strict		JAHINL010000018.1	JAHIFW010000007.1	99.8655	99.8825	0.9322	0.9445	0.00848	99.7822	116	0.999	5	0.07	0.9929	99.8658	99.8866	0.0575	1.12	AlfI:99.87,AloI:99.93,BcgI:99.88,FalI:99.89	5282	116	5290	460	45.0862	ok	99.8655	gamma	99.8976	99.84	97.72	99.844	921	954
GCA_018896365.1__GCA_018900475.1	GCA_018896365.1	GCA_018900475.1	97-100	train	99.51	strict		JAHIMU010000036.1	JAHIGD010000087.1	99.8301	99.8796	0.4646	0.4356	0.02565	97.6595	69	0.9641	17	0.07	0.9927	99.6854	99.9309	0.1775	1.94	AlfI:99.96,AloI:100.00,BcgI:99.89,FalI:99.82	784	69	633	27	7.62319	ok	99.8301	gamma	99.8181	99.78	73.26	98.8575	176	288
GCA_018897745.1__GCA_018903105.1	GCA_018897745.1	GCA_018903105.1	97-100	test	99.99	strict		JAHIKE010000097.1	JAHIQX010000009.1	99.9964	99.9964	0.9173	0.7533	0.00158	99.5843	239	0.9995	2	0.07	0.9998	99.9964	99.9964	0.0052	0.54	AlfI:100.00,AloI:99.99,BcgI:100.00,FalI:99.99	4586	239	4533	113	18.569	ok	99.9964	gamma	99.9998	99.98	81.03	99.9885	781	786
GCA_018898795.1__GCA_018903105.1	GCA_018898795.1	GCA_018903105.1	97-100	test	99.95	strict		JAHIJH010000117.1	JAHIQX010000009.1	99.9732	99.9744	0.8754	0.7125	0.00432	99.4545	315	0.9998	1	0.07	0.9984	99.9487	99.9808	0.0316	2.61	AlfI:99.96,AloI:99.99,BcgI:99.98,FalI:99.97	4509	315	4462	80	13.7587	ok	99.9732	gamma	99.969	99.93	79.65	99.908	724	728
GCA_018899975.1__GCA_018903355.1	GCA_018899975.1	GCA_018903355.1	97-100	train	99.98	strict		JAHIHF010000069.1	JAHIEI010000069.1	99.9913	99.9913	0.8266	0.7968	0.00329	99.5637	198	0.9962	9	inf	0.9995	99.9756	99.9953	0.0235	0.29	AlfI:99.98,AloI:99.98,BcgI:100.00,FalI:99.99	2761	198	2649	62	12.9091	ok	99.9913	uniform	99.9917	99.99	88.99	99.8543	577	620
GCA_018971295.1__GCA_018971885.1	GCA_018971295.1	GCA_018971885.1	97-100	test	99.7	strict		JAGXBB010000031.1	JAGWZV010000013.1	99.8682	99.8895	0.878	0.8732	0.00692	99.5328	271	0.9841	115	0.07	0.9933	99.8317	99.9036	0.0668	2.84	AlfI:99.90,AloI:99.89,BcgI:99.87,FalI:99.94	7543	271	7447	125	27.2768	ok	99.8682	gamma	99.8621	99.76	93.08	99.6685	1043	1191
GCA_019042235.1__GCA_900066755.1	GCA_019042235.1	GCA_900066755.1	97-100	test	98.93	strict		JAHQCY010000001.1	FMGB01000121.1	99.0525	99.2367	0.7891	0.8037	0.02375	98.552	178	0.9837	72	0.404	0.9529	98.8644	99.353	0.1992	2.88	AlfI:99.19,AloI:99.34,BcgI:99.27,FalI:99.14	4851	178	4887	148	25.4831	ok	99.0525	gamma	98.9576	98.67	82.57	98.7255	1550	1880
GCA_019084205.1__GCA_019084465.1	GCA_019084205.1	GCA_019084465.1	97-100	train	99.97	strict		JAHRFG010000001.1	JAHRFT010000055.1	99.9968	99.9968	0.9292	0.9513	0.00141	99.8957	87	0.9924	39	inf	0.9998	99.9906	99.9984	0.0078	0.6	AlfI:99.99,AloI:100.00,BcgI:100.00,FalI:100.00	5365	87	5213	201	59.7701	ok	99.9968	uniform	99.9974	99.97	97.24	99.952	1360	1458
GCA_019113095.1__GCA_900540415.1	GCA_019113095.1	GCA_900540415.1	97-100	train	98.86	strict		DXID01000078.1	UQFP01000001.1	99.1147	99.1636	0.8466	0.7091	0.02288	98.5685	353	0.9947	25	1.189	0.9494	99.0985	99.1826	0.332	3.86	AlfI:99.13,AloI:99.46,BcgI:99.15,FalI:99.24	5234	353	5436	76	14.204	ok	99.1147	gamma	99.1791	98.69	78.62	98.7398	715	756
GCA_019113585.1__GCF_904387325.1	GCA_019113585.1	GCF_904387325.1	97-100	train	98.43	strict		DXHD01000020.1	NZ_CAJFLG010000001.1	98.668	98.9564	0.8225	0.7926	0.048	98.4136	108	0.9863	19	0.473	0.9357	98.4442	99.1349	0.2882	1.68	AlfI:98.82,AloI:98.94,BcgI:98.90,FalI:99.11	1606	108	1707	50	13.6481	ok	98.668	gamma	98.6217	98.56	89.02	98.4756	562	613
GCA_019115885.1__GCA_904376945.1	GCA_019115885.1	GCA_904376945.1	97-100	train	98.84	strict		DXCQ01000053.1	CAJFGH010000001.1	99.0601	99.3724	0.8425	0.8136	0.0246	98.7986	102	0.9908	30	0.188	0.9618	98.904	99.5058	0.2027	0.85	AlfI:99.37,AloI:99.42,BcgI:99.38,FalI:99.21	3444	102	3575	359	32.6176	ok	99.0601	gamma	99.0109	98.93	84.3	98.9557	516	603
GCA_019117225.1__GCF_016901895.1	GCA_019117225.1	GCF_016901895.1	97-100	train	98.36	strict		DXAD01000062.1	NZ_JACJLB010000001.1	98.5854	98.9805	0.6194	0.6705	0.05831	97.6236	64	0.9858	13	0.355	0.9376	98.3811	99.1887	0.0974	0.13	AlfI:99.04,AloI:98.98,BcgI:98.98,FalI:98.95	1111	64	1141	55	15.1406	ok	98.5854	gamma	98.6015	98.24	76.9	97.8736	397	548
GCA_019117345.1__GCF_904384215.1	GCA_019117345.1	GCF_904384215.1	97-100	train	98.5	strict		DWZW01000101.1	NZ_CAJFJO010000001.1	98.7976	99.0508	0.5515	0.63	0.0447	97.5297	148	0.9815	25	0.416	0.9414	98.6634	99.1807	0.1966	0.95	AlfI:99.08,AloI:99.03,BcgI:98.96,FalI:99.15	1741	148	1752	35	9.93919	ok	98.7976	gamma	98.8285	97.9	79.08	98.1857	474	707
GCA_019117465.1__GCA_900540445.1	GCA_019117465.1	GCA_900540445.1	97-100	train	97.05	strict		DWZR01000158.1	UQGH01000001.1	97.1921	97.4222	0.7619	0.6442	0.06674	96.3889	182	1	0	2.623	0.8328	97.0102	97.6917	0.4702	1.32	AlfI:97.54,AloI:97.07,BcgI:97.25,FalI:97.46	1929	182	2356	35	9.51648	ok	97.1921	gamma	97.1892	96.65	65.91	96.4437	309	357
GCA_019117465.1__GCA_905201945.1	GCA_019117465.1	GCA_905201945.1	97-100	train	97.13	strict		DWZR01000158.1	CAJKQD010000001.1	97.3585	97.4778	0.7231	0.56	0.06576	96.1895	190	0.9941	9	4.046	0.8369	97.3548	97.5555	0.6956	0.71	AlfI:97.45,AloI:96.84,BcgI:97.52,FalI:97.53	1992	190	2295	33	9.04211	ok	97.3585	gamma	97.5312	96.68	62.7	96.3779	307	357
GCA_019118615.1__GCA_904385455.1	GCA_019118615.1	GCA_904385455.1	97-100	train	98.05	strict		DWYQ01000086.1	CAJFKG010000001.1	98.5006	98.8563	0.7868	0.695	0.0422	98.0114	173	0.9984	3	0.473	0.9289	98.287	99.0638	0.1281	0.47	AlfI:98.93,AloI:98.84,BcgI:98.84,FalI:98.80	2311	173	2437	93	11.6243	ok	98.5006	gamma	98.4401	98.06	78.53	98.1496	536	581
GCA_019119285.1__GCF_016902035.1	GCA_019119285.1	GCF_016902035.1	97-100	train	98.43	strict		DWXJ01000029.1	NZ_JACJLD010000001.1	98.7157	98.8085	0.6707	0.5039	0.04804	97.2691	144	0.9564	70	1.336	0.9259	98.6935	98.8497	0.2958	1.4	AlfI:98.88,AloI:98.59,BcgI:98.87,FalI:98.82	1979	144	1903	45	11.6667	ok	98.7157	gamma	98.8508	98.02	66.46	97.9075	508	655
GCA_019120195.1__GCA_905207605.1	GCA_019120195.1	GCA_905207605.1	97-100	train	98.62	strict		DWVO01000056.1	CAJLLZ010000001.1	98.8346	99.1007	0.6942	0.7038	0.03157	98.0054	152	0.9744	74	0.365	0.9452	98.6849	99.233	0.2024	1.82	AlfI:99.01,AloI:99.05,BcgI:99.11,FalI:99.21	3065	152	3256	81	19.5526	ok	98.8346	gamma	98.8058	98.33	73.38	98.2258	650	883
GCA_019233845.1__GCA_019243545.1	GCA_019233845.1	GCA_019243545.1	97-100	test	99.73	strict		JAFAMC010000630.1	JAFAUF010000092.1	99.8552	99.8803	0.8752	0.7587	0.00614	99.5221	666	0.9948	49	0.07	0.9927	99.8168	99.8959	0.02	0.4	AlfI:99.87,AloI:99.89,BcgI:99.88,FalI:99.87	10533	666	10265	87	15.1321	ok	99.8552	gamma	99.844	99.78	82.81	99.7228	1162	1224
GCA_019234545.1__GCA_019236375.1	GCA_019234545.1	GCA_019236375.1	97-100	train	99.08	strict		JAFALE010000062.1	JAFAJC010000333.1	99.2493	99.3133	0.7072	0.6879	0.02122	98.3919	368	0.9722	126	0.571	0.9585	99.3067	99.3151	0.0958	0.92	AlfI:99.36,AloI:99.39,BcgI:99.29,FalI:99.32	5048	368	5059	72	12.9864	ok	99.2493	gamma	99.3809	99.1	80.38	98.4389	453	628
GCA_019234735.1__GCA_019236045.1	GCA_019234735.1	GCA_019236045.1	97-100	test	98.92	strict		JAFALB010000385.1	JAFAJT010000072.1	99.2623	99.2895	0.6233	0.7507	0.02016	98.4474	497	0.9601	207	1.297	0.957	99.3267	99.2791	0.2417	1.73	AlfI:99.31,AloI:99.07,BcgI:99.30,FalI:99.25	5779	497	5792	52	11.0322	ok	99.2623	gamma	99.3952	98.99	88.92	98.1568	511	839
GCA_019239615.1__GCA_019244155.1	GCA_019239615.1	GCA_019244155.1	97-100	train	99.76	strict		JAFAZS010000071.1	JAFATC010000087.1	99.9652	99.9674	0.9259	0.9489	0.0042	99.8426	123	0.9925	44	0.07	0.998	99.9282	99.977	0.0426	5.9	AlfI:99.96,AloI:100.00,BcgI:99.96,FalI:99.99	6111	123	5958	256	48.2764	ok	99.9652	gamma	99.9497	99.93	97.58	99.848	1116	1186
GCA_019263625.1__GCA_019263685.1	GCA_019263625.1	GCA_019263685.1	97-100	train	99.81	strict		JADQDE010000001.1	JADQDH010000001.1	99.9294	99.9384	0.8369	0.8153	0.00423	99.5394	639	0.9948	53	0.07	0.9962	99.8708	99.9548	0.06	2.9	AlfI:99.94,AloI:99.92,BcgI:99.94,FalI:99.98	11225	639	11064	111	16.7668	ok	99.9294	gamma	99.8927	99.75	90.75	99.5914	1570	1737
GCA_900037355.1__GCF_900168365.1	GCA_900037355.1	GCF_900168365.1	97-100	train	99.99	strict		HG323816.1	NZ_LT799839.1	99.9981	99.9981	0.987	0.9751	0.00186	100.211	11	0.9995	1	inf	0.9999	99.9914	99.9999	0.0321	0	AlfI:100.00,AloI:100.00,BcgI:99.97,FalI:100.00	1945	11	1920	1488	174.091	ok	99.9981	uniform	99.9996	99.99	95.62	99.8877	925	933
GCA_900066385.1__GCA_900066575.1	GCA_900066385.1	GCA_900066575.1	97-100	train	98.18	strict		FMDV01000056.1	FMDX01000066.1	98.396	98.7672	0.7826	0.7465	0.03832	97.8815	69	0.9857	40	0.502	0.9235	98.2026	98.9786	0.1019	0.24	AlfI:98.76,AloI:98.83,BcgI:98.78,FalI:98.72	3083	69	3204	171	40.8986	ok	98.396	gamma	98.3385	98.18	76.11	97.9348	901	1086
GCA_900066495.1__GCF_015550495.1	GCA_900066495.1	GCF_015550495.1	97-100	test	99.89	strict		FMFC01000038.1	NZ_JADNAX010000052.1	99.9042	99.9152	0.8947	0.9085	0.01278	99.7716	37	0.9913	16	0.07	0.9948	99.8778	99.9258	0.0716	0.58	AlfI:99.86,AloI:99.89,BcgI:99.93,FalI:99.92	1947	37	1887	410	50.5135	ok	99.9042	gamma	99.9261	99.88	92.39	99.7845	1034	1114
GCA_900066495.1__GCF_900604535.1	GCA_900066495.1	GCF_900604535.1	97-100	test	99.75	strict		FMFC01000038.1	NZ_UWOT01000033.1	99.841	99.8514	0.8682	0.9059	0.01715	99.6467	41	0.9889	20	0.194	0.991	99.8032	99.8651	0.0571	0.38	AlfI:99.88,AloI:99.84,BcgI:99.90,FalI:99.84	1901	41	1843	243	44.561	ok	99.841	gamma	99.8667	99.7	93.96	99.6817	1012	1114
GCA_900066505.1__GCA_905192905.1	GCA_900066505.1	GCA_905192905.1	97-100	train	98.13	strict		FMFE01000092.1	CAJJMQ010000001.1	98.4985	98.7599	0.6486	0.8511	0.04158	97.8925	78	0.9866	32	0.613	0.9238	98.4006	98.8927	0.1993	0.71	AlfI:98.74,AloI:98.67,BcgI:98.87,FalI:98.75	2565	78	2729	190	31.2564	ok	98.4985	gamma	98.5434	98.03	88.06	97.9663	868	1254
GCA_900066555.1__GCF_003464045.1	GCA_900066555.1	GCF_003464045.1	97-100	test	97.46	strict		FMDW01000038.1	NZ_QSDM01000001.1	97.3998	98.0621	0.7775	0.6935	0.05721	97.0069	65	0.9812	37	0.669	0.8776	97.2229	98.4955	0.3674	2.38	AlfI:98.01,AloI:98.15,BcgI:97.89,FalI:98.26	2106	65	2465	106	30.7231	ok	97.3998	gamma	97.3975	97.19	70.09	97.0987	738	879
GCA_900313455.1__GCA_902755895.1	GCA_900313455.1	GCA_902755895.1	97-100	train	100	strict		OMRL01000305.1	CACVOU010000001.1	99.9999	99.9999	0.8296	0.8296	0.35273	98.9993	186	1	0	inf	1	99.9999	99.9999	0	0	AlfI:100.00,AloI:100.00,BcgI:100.00,FalI:100.00	2551	186	2678	246	12.1774	ok	99.9999	uniform	100	100	99.96	99.9999	519	526
GCA_900313625.1__GCA_902793215.1	GCA_900313625.1	GCA_902793215.1	97-100	train	98.75	strict		OMSB01000281.1	CADBCR010000001.1	99.2919	99.5314	0.5455	0.4999	0.03593	97.6718	132	0.9878	10	0.137	0.9716	99.1692	99.634	0.0721	0.16	AlfI:99.48,AloI:99.53,BcgI:99.54,FalI:99.55	1383	132	1288	22	7.12879	ok	99.2919	gamma	99.3267	99.04	70.06	98.5598	279	350
GCA_900313915.1__GCA_902756425.1	GCA_900313915.1	GCA_902756425.1	97-100	train	99.5	strict		OMTH01000223.1	CACVQZ010000001.1	99.7315	99.8186	0.8128	0.7971	0.0107	99.1188	161	0.9992	4	0.07	0.989	99.6287	99.8656	0.0617	0.48	AlfI:99.82,AloI:99.77,BcgI:99.82,FalI:99.83	5090	161	5165	161	31.1739	ok	99.7315	gamma	99.683	99.63	84.01	99.4031	620	692
GCA_900314325.1__GCA_902803895.1	GCA_900314325.1	GCA_902803895.1	97-100	train	100	strict		OMUQ01000145.1	CADCRQ010000001.1	99.9999	99.9999	0.9033	0.9033	0.36789	99.2838	137	1	0	inf	1	99.9999	99.9999	0	0	AlfI:100.00,AloI:100.00,BcgI:100.00,FalI:100.00	2302	137	2445	93	16.4453	ok	99.9999	uniform	100	100	99.78	100	378	380
GCA_900315135.1__GCA_902759695.1	GCA_900315135.1	GCA_902759695.1	97-100	train	98.96	strict		OMXY01000141.1	CACWDQ010000001.1	99.341	99.3828	0.6786	0.8556	0.02108	98.6714	229	0.9658	152	0.73	0.9627	99.3583	99.3898	0.0544	0.17	AlfI:99.36,AloI:99.42,BcgI:99.39,FalI:99.38	4664	229	4716	91	19.7555	ok	99.341	gamma	99.4325	98.98	93.64	98.6754	766	1131
GCA_900315365.1__GCA_902756905.1	GCA_900315365.1	GCA_902756905.1	97-100	train	100	strict		OMYU01000080.1	CACVSZ010000001.1	99.9999	99.9999	0.9679	0.9679	0.28467	99.57	76	1	0	inf	1	99.9999	99.9999	0	0	AlfI:100.00,AloI:100.00,BcgI:100.00,FalI:100.00	3963	76	4035	251	51.3684	ok	99.9999	uniform	100	100	99.83	100	875	884
GCA_900317145.1__GCA_902762965.1	GCA_900317145.1	GCA_902762965.1	97-100	train	98.76	strict		ONFM01000138.1	CACWPZ010000001.1	99.19	99.5753	0.8683	0.8168	0.02199	99.0947	118	0.996	11	0.082	0.9741	99.1413	99.6978	0.1097	0.92	AlfI:99.58,AloI:99.66,BcgI:99.55,FalI:99.59	2998	118	3102	130	24.4915	ok	99.19	gamma	99.2452	99.27	85.04	99.1237	637	690
GCA_900319115.1__GCA_902776465.1	GCA_900319115.1	GCA_902776465.1	97-100	test	98.3	strict		ONNC01000076.1	CACYQG010000001.1	98.8019	98.9144	0.852	0.8076	0.02566	98.2491	106	0.9928	38	1.044	0.9336	98.6804	98.9914	0.0887	0.84	AlfI:98.97,AloI:98.89,BcgI:98.88,FalI:98.95	5514	106	5847	210	50.5849	ok	98.8019	gamma	98.7706	98.3	81.66	98.2462	999	1147
GCA_900319745.1__GCA_902761165.1	GCA_900319745.1	GCA_902761165.1	97-100	train	98.27	strict		ONPS01000252.1	CACWJF010000001.1	98.7737	99.0127	0.6906	0.7162	0.03339	98.0802	254	0.9736	71	0.46	0.9397	98.64	99.1356	0.2886	2.13	AlfI:99.12,AloI:98.83,BcgI:98.97,FalI:99.10	3130	254	3226	44	11.2953	ok	98.7737	gamma	98.7631	98.22	83.86	98.1929	556	713
GCA_900320875.1__GCA_902802965.1	GCA_900320875.1	GCA_902802965.1	97-100	test	98.25	strict		ONTW01000072.1	CADCNY010000001.1	98.7648	99.0292	0.8492	0.7526	0.03754	98.3881	101	0.9836	37	0.446	0.9399	98.5685	99.1852	0.1542	0.97	AlfI:99.12,AloI:98.98,BcgI:98.97,FalI:99.06	2396	101	2555	113	22.9406	ok	98.7648	gamma	98.7091	98.58	80.67	98.5135	573	643
GCA_900466865.1__GCA_900471955.1	GCA_900466865.1	GCA_900471955.1	97-100	train	99.97	strict		UBNM01000027.1	UICG01000028.1	99.9841	99.9844	0.9778	0.9605	0.00227	99.6295	29	0.9995	5	0.07	0.9991	99.9764	99.9864	0.0063	0.41	AlfI:99.98,AloI:99.98,BcgI:99.99,FalI:99.98	9805	29	9762	1073	335.448	ok	99.9841	gamma	99.9857	99.98	95.64	99.9627	1507	1529
GCA_900467085.1__GCA_900470265.1	GCA_900467085.1	GCA_900470265.1	97-100	test	99.98	strict		UBOO01000077.1	UBZZ01000086.1	99.9988	99.9988	0.9878	0.9876	0.00048	99.3821	96	0.9986	23	inf	0.9999	99.9939	99.9999	0.002	0.09	AlfI:100.00,AloI:100.00,BcgI:100.00,FalI:100.00	16267	96	16192	1142	168.01	ok	99.9988	uniform	99.9973	100	99.97	99.9908	2053	2074
GCA_900468955.1__GCA_900469835.1	GCA_900468955.1	GCA_900469835.1	97-100	train	97.28	strict		UBVL01000125.1	UBYV01000087.1	97.7322	98.0099	0.8778	0.8866	0.02391	96.9603	127	0.9943	64	1.434	0.8733	97.5611	98.2353	0.0767	0.35	AlfI:98.05,AloI:97.98,BcgI:98.00,FalI:97.98	11453	127	13448	650	88.9764	ok	97.7322	gamma	97.6319	97.22	88.97	97.157	1857	2053
GCA_900470005.1__GCA_900470955.1	GCA_900470005.1	GCA_900470955.1	97-100	test	97.75	strict		UBYZ01000041.1	UCCR01000033.1	98.0066	98.2111	0.8849	0.9459	0.02683	97.5987	50	0.9976	19	1.476	0.8873	97.9151	98.3443	0.2375	2.08	AlfI:98.23,AloI:98.01,BcgI:98.25,FalI:98.10	8161	50	9349	551	161.94	ok	98.0066	gamma	97.9971	97.74	91.51	97.6168	1420	1585
GCA_900470265.1__GCA_900470635.1	GCA_900470265.1	GCA_900470635.1	97-100	test	98.55	strict		UBZZ01000086.1	UCBS01000138.1	98.883	98.9724	0.8842	0.8573	0.01552	97.9014	138	0.9952	66	1.107	0.9373	98.8142	99.0223	0.0807	0.93	AlfI:98.95,AloI:98.94,BcgI:98.99,FalI:98.91	13896	138	14803	674	99.2754	ok	98.883	gamma	98.8688	98.35	86.1	98.3663	1850	2068
GCA_900538315.1__GCA_905202305.1	GCA_900538315.1	GCA_905202305.1	97-100	test	100	strict		UPXW01000001.1	CAJKRP010000001.1	99.9999	99.9999	0.9923	0.8619	0.27156	99.2855	19	1	0	inf	1	99.9999	99.9999	0	0	AlfI:100.00,AloI:100.00,BcgI:100.00,FalI:100.00	4656	19	4606	1514	241.737	ok	99.9999	uniform	100	99.99	86.9	100	1494	1494
GCA_900538435.1__GCA_905210765.1	GCA_900538435.1	GCA_905210765.1	97-100	train	99.14	strict		UPYG01000001.1	CAJLYA010000001.1	99.2812	99.4084	0.8837	0.8718	0.03183	99.1315	49	0.9902	19	0.303	0.9639	99.1999	99.469	0.0955	0.51	AlfI:99.46,AloI:99.37,BcgI:99.43,FalI:99.36	1973	49	2064	178	40.0408	ok	99.2812	gamma	99.3227	99.07	88.99	99.1384	716	792
GCA_900538625.1__GCA_905210015.1	GCA_900538625.1	GCA_905210015.1	97-100	train	97.88	strict		UPYW01000001.1	CAJLVD010000001.1	98.0124	98.5207	0.8434	0.8561	0.05403	98.0629	41	0.9913	15	0.502	0.9083	97.8695	98.797	0.3567	3.09	AlfI:98.36,AloI:98.55,BcgI:98.34,FalI:98.70	1842	41	2036	138	42.7317	ok	98.0124	gamma	98.0508	98.25	86.37	97.9785	700	792
GCA_900540215.1__GCF_900169665.1	GCA_900540215.1	GCF_900169665.1	97-100	train	99.15	strict		UQFB01000001.1	NZ_LT835153.1	99.329	99.4114	0.8953	0.747	0.02376	98.8047	76	0.9956	15	0.441	0.9641	99.2433	99.4591	0.1238	0.87	AlfI:99.42,AloI:99.32,BcgI:99.45,FalI:99.38	3647	76	3615	177	45.8158	ok	99.329	gamma	99.3343	99.23	72.42	99.004	836	889
GCA_900540355.1__GCA_900759275.1	GCA_900540355.1	GCA_900759275.1	97-100	train	99.32	strict		UQFT01000001.1	CAAEUS010000001.1	99.5562	99.6841	0.676	0.6407	0.0278	98.4733	123	0.9765	30	0.117	0.9809	99.4357	99.7555	0.1441	0.62	AlfI:99.76,AloI:99.67,BcgI:99.62,FalI:99.69	1605	123	1497	44	11.1301	ok	99.5562	gamma	99.5577	99.25	82.14	99.0588	807	942
GCA_900540355.1__GCA_905206035.1	GCA_900540355.1	GCA_905206035.1	97-100	train	99.01	strict		UQFT01000001.1	CAJLGB010000001.1	99.2539	99.4538	0.692	0.697	0.03681	98.4227	131	0.9731	34	0.208	0.967	99.0922	99.5638	0.3264	2.06	AlfI:99.65,AloI:99.42,BcgI:99.32,FalI:99.46	1561	131	1511	31	10.3969	ok	99.2539	gamma	99.2452	99.01	87.52	98.8817	799	942
GCA_900540415.1__GCA_905209495.1	GCA_900540415.1	GCA_905209495.1	97-100	train	98.59	strict		UQFP01000001.1	CAJLTH010000001.1	98.7676	98.9219	0.8612	0.8536	0.02463	98.4376	180	0.9869	74	0.831	0.9343	98.5906	99.0313	0.3153	6.85	AlfI:98.78,AloI:98.90,BcgI:98.98,FalI:99.09	5842	180	6300	225	31.9333	ok	98.7676	gamma	98.6794	98.47	88.84	98.4018	958	1097
GCA_900540645.1__GCA_905196595.1	GCA_900540645.1	GCA_905196595.1	97-100	train	98.65	strict		UQGW01000001.1	CAJJVR010000001.1	98.7648	98.9198	0.9535	0.839	0.04143	98.6958	23	0.9972	6	0.669	0.9344	98.7871	98.9648	0.2336	2	AlfI:99.02,AloI:98.98,BcgI:98.99,FalI:98.79	2138	23	2299	513	92.5652	ok	98.7648	gamma	98.9273	98.45	84.18	98.4373	447	459
GCA_900540725.1__GCA_900765435.1	GCA_900540725.1	GCA_900765435.1	97-100	train	97.62	strict		UQGZ01000001.1	CAAFSE010000001.1	97.7644	98.4975	0.8075	0.8213	0.05116	97.8627	72	0.9877	23	0.416	0.9075	97.6102	98.8705	0.7701	2.46	AlfI:98.66,AloI:97.89,BcgI:98.50,FalI:98.39	2015	72	2283	132	26.7361	ok	97.7644	gamma	97.7844	98.09	85.29	97.7795	574	676
GCA_900541165.1__GCA_905195025.1	GCA_900541165.1	GCA_905195025.1	97-100	train	97.27	strict		UQIZ01000001.1	CAJJUD010000001.1	97.7597	98.0001	0.7635	0.8463	0.04598	97.2796	73	0.9903	30	1.68	0.8722	97.5437	98.2314	0.2642	2.24	AlfI:98.16,AloI:98.14,BcgI:97.90,FalI:97.97	3222	73	3747	237	43.0685	ok	97.7597	gamma	97.6799	97.09	82.03	97.1107	779	978
GCA_900541705.1__GCA_900759505.1	GCA_900541705.1	GCA_900759505.1	97-100	train	99.46	strict		UQKF01000001.1	CAAEVP010000001.1	99.4577	99.5272	0.8258	0.8111	0.0245	98.9407	51	0.9972	7	0.365	0.9716	99.3357	99.5783	0.1752	1.05	AlfI:99.56,AloI:99.67,BcgI:99.49,FalI:99.54	2586	51	2674	214	50.1176	ok	99.4577	gamma	99.4354	99.06	82.23	99.2639	484	577
GCA_900542415.1__GCA_900752575.1	GCA_900542415.1	GCA_900752575.1	97-100	train	98.35	strict		UQND01000001.1	CAADVW010000001.1	98.49	98.7554	0.7743	0.9295	0.04598	98.3587	41	0.9943	11	0.631	0.9238	98.3447	98.9051	0.5943	3.72	AlfI:98.60,AloI:99.20,BcgI:98.74,FalI:98.80	2001	41	2196	161	47.8049	ok	98.49	gamma	98.5043	98.43	94.21	98.3178	537	677
GCA_900543855.1__GCA_905213035.1	GCA_900543855.1	GCA_905213035.1	97-100	train	98.89	strict		UQSS01000001.1	CAJMGU010000001.1	98.5473	99.1473	0.7788	0.7806	0.07186	98.3694	33	0.9684	18	0.178	0.9486	98.4793	99.3764	0.6732	2.09	AlfI:99.00,AloI:99.61,BcgI:98.94,FalI:99.14	637	33	659	50	17.697	ok	98.5473	gamma	98.7671	98.71	88.37	98.7501	348	404
GCA_900546405.1__GCA_900763325.1	GCA_900546405.1	GCA_900763325.1	97-100	train	98.28	strict		URCW01000001.1	CAAFJV010000001.1	98.7271	98.911	0.6047	0.7606	0.03288	97.9289	285	0.9452	172	0.689	0.9336	98.6061	99.012	0.4228	1.71	AlfI:98.98,AloI:98.56,BcgI:98.90,FalI:98.91	3478	285	3569	67	11.4	ok	98.7271	gamma	98.7234	98.29	92.31	97.774	371	660
GCA_900546405.1__GCA_905192675.1	GCA_900546405.1	GCA_905192675.1	97-100	train	98.21	strict		URCW01000001.1	CAJJLL010000001.1	98.5304	98.8622	0.8361	0.8864	0.03046	98.4608	147	0.9907	36	0.487	0.9304	98.3294	99.0465	0.276	1.1	AlfI:98.83,AloI:98.62,BcgI:98.89,FalI:98.89	4063	147	4455	112	27.0272	ok	98.5304	gamma	98.4409	98.21	90.83	98.0876	574	660
GCA_900547185.1__GCA_905187875.1	GCA_900547185.1	GCA_905187875.1	97-100	train	98.08	strict		URFX01000001.1	CAJJJS010000001.1	98.692	98.7697	0.5374	0.5475	0.04672	97.1044	194	0.9435	97	1.565	0.9236	98.738	98.7812	0.2183	0.94	AlfI:98.71,AloI:98.63,BcgI:98.84,FalI:98.82	2182	194	2014	31	9.35052	ok	98.692	gamma	98.8881	97.92	76.85	96.9997	344	570
GCA_900548065.1__GCA_900761455.1	GCA_900548065.1	GCA_900761455.1	97-100	train	99.75	strict		URJK01000001.1	CAAFDB010000001.1	99.8387	99.8572	0.7834	0.7871	0.0102	99.27	278	0.9731	115	0.117	0.9913	99.8068	99.8698	0.0755	1.98	AlfI:99.86,AloI:99.81,BcgI:99.88,FalI:99.80	4587	278	4507	128	15.9568	ok	99.8387	gamma	99.8482	99.45	89.58	99.442	696	848
GCA_900548105.1__GCA_900759595.1	GCA_900548105.1	GCA_900759595.1	97-100	test	99.23	strict		URJO01000001.1	CAAEWD010000001.1	99.3435	99.5032	0.6914	0.8513	0.02084	98.7275	141	0.9853	53	0.194	0.9699	99.2472	99.5722	0.1262	1.13	AlfI:99.45,AloI:99.57,BcgI:99.52,FalI:99.52	3771	141	3871	107	26.1702	ok	99.3435	gamma	99.335	99.25	90.03	99.0546	507	715
GCA_900549265.1__GCA_905202005.1	GCA_900549265.1	GCA_905202005.1	97-100	test	100	strict		URNV01000001.1	CAJKQM010000001.1	99.9999	99.9999	0.9941	0.9924	0.49907	99.4204	10	0.9986	2	inf	1	99.9999	99.9999	0	0	AlfI:100.00,AloI:100.00,BcgI:100.00,FalI:100.00	1462	10	1412	515	142.5	ok	99.9999	uniform	100	100	99.85	100	655	655
GCA_900549785.1__GCA_905213285.1	GCA_900549785.1	GCA_905213285.1	97-100	train	98.56	strict		URPM01000001.1	CAJMHT010000001.1	98.9849	99.2293	0.5553	0.6038	0.03149	97.7229	245	0.9662	76	0.294	0.9532	98.8566	99.3409	0.3726	3.14	AlfI:99.11,AloI:98.96,BcgI:99.27,FalI:99.34	2785	245	2739	40	9.87755	ok	98.9849	gamma	98.9811	98.11	80.41	97.928	550	811
GCA_900550435.1__GCF_018917285.1	GCA_900550435.1	GCF_018917285.1	97-100	train	97.73	strict		URRY01000001.1	NZ_JAHLOH010000042.1	97.5621	98.3132	0.7922	0.7547	0.05625	97.5105	96	0.9852	27	0.454	0.8963	97.4677	98.7031	0.7578	3.1	AlfI:98.48,AloI:98.58,BcgI:97.82,FalI:98.32	2047	96	2292	80	19.6771	ok	97.5621	gamma	97.6518	97.53	79.51	97.451	1173	1338
GCA_900550535.1__GCA_905203655.1	GCA_900550535.1	GCA_905203655.1	97-100	train	99.19	strict		URSK01000001.1	CAJKWY010000001.1	98.7423	99.4154	0.8047	0.7448	0.06307	98.5936	38	0.9805	9	0.097	0.9647	98.7455	99.6255	0.6036	2.69	AlfI:99.66,AloI:99.66,BcgI:99.06,FalI:99.38	550	38	563	45	12.9211	ok	98.7423	gamma	99.03	99.02	81.53	98.9899	329	372
GCA_900550885.1__GCA_905200885.1	GCA_900550885.1	GCA_905200885.1	97-100	train	99.02	strict		URUB01000001.1	CAJKMC010000001.1	99.2023	99.323	0.6691	0.5936	0.07914	97.8891	37	0.9612	13	0.312	0.9591	99.2577	99.3437	0.4015	0.79	AlfI:99.02,AloI:98.99,BcgI:99.36,FalI:99.39	426	37	401	21	9.7027	ok	99.2023	gamma	99.5167	98.9	74.73	98.7725	304	366
GCA_900551255.1__GCA_905210225.1	GCA_900551255.1	GCA_905210225.1	97-100	train	100	strict		URVH01000001.1	CAJLVY010000001.1	99.9999	99.9999	0.9713	0.9701	0.665	99.071	22	1	0	inf	1	99.9999	99.9999	0	0	AlfI:100.00,AloI:100.00,BcgI:100.00,FalI:100.00	855	22	804	138	36.4545	ok	99.9999	uniform	100	99.99	99.92	100	418	422
GCA_900551275.1__GCF_019127395.1	GCA_900551275.1	GCF_019127395.1	97-100	train	97.34	strict		URVI01000001.1	NZ_JAHOEN010000100.1	97.9608	98.3501	0.6616	0.618	0.03846	97.0116	252	0.9894	35	0.807	0.8973	97.7257	98.6226	0.4558	2.14	AlfI:98.35,AloI:97.95,BcgI:98.41,FalI:98.35	4079	252	4375	48	14.0198	ok	97.9608	gamma	97.8499	96.99	65.22	96.7709	841	1064
GCA_900552435.1__GCA_902796665.1	GCA_900552435.1	GCA_902796665.1	97-100	train	98.02	strict		URZU01000001.1	CADBPT010000001.1	98.2484	98.2484	0.7178	0.6393	0.06127	97.1954	167	0.9935	8	inf	0.8896	98.1878	98.2797	0.315	0.91	AlfI:98.27,AloI:98.03,BcgI:98.34,FalI:98.21	1636	167	1774	26	8.31737	ok	98.2484	uniform	98.3705	97.61	75.1	97.5229	281	318
GCA_900553095.1__GCA_905201245.1	GCA_900553095.1	GCA_905201245.1	97-100	train	98.37	strict		USCG01000001.1	CAJKNI010000001.1	97.4764	98.9642	0.7115	0.7911	0.08391	97.9213	40	1	0	0.137	0.9374	97.8322	99.3902	0.2089	0.24	AlfI:99.07,AloI:98.93,BcgI:99.14,FalI:98.94	551	40	618	28	11.15	ok	97.4764	gamma	98.1709	98.64	84.82	98.2433	352	401
GCA_900554355.1__GCA_900757965.1	GCA_900554355.1	GCA_900757965.1	97-100	test	99.25	strict		USHD01000001.1	CAAEPR010000001.1	99.4379	99.4598	0.785	0.4376	0.04863	97.9144	36	0.9975	2	0.807	0.9672	99.5394	99.4357	0.2207	0.3	AlfI:99.62,AloI:99.40,BcgI:99.48,FalI:99.46	847	36	857	62	22.9722	ok	99.4379	gamma	99.6816	99.18	48.14	98.8794	216	246
GCA_900554425.1__GCA_900752075.1	GCA_900554425.1	GCA_900752075.1	97-100	train	98.4	low-AF		USHJ01000001.1	CAADUA010000001.1	98.8361	99.0617	0.4471	0.4973	0.05074	96.9015	80	0.9945	6	0.473	0.9421	98.675	99.1887	0.2553	1.12	AlfI:99.17,AloI:98.92,BcgI:99.00,FalI:99.07	1241	80	1320	66	14.4625	ok	98.8361	gamma	98.8634	98.32	54.89	97.7692	309	571
GCA_900555935.1__GCA_900763305.1	GCA_900555935.1	GCA_900763305.1	97-100	test	98.98	low-AF		USMY01000001.1	CAAFJT010000001.1	99.3794	99.4037	0.3225	0.4281	0.04211	96.8961	131	0.9804	16	0.973	0.9638	99.4449	99.3925	0.1221	0.39	AlfI:99.42,AloI:99.48,BcgI:99.36,FalI:99.47	1224	131	1128	16	7.1145	ok	99.3794	gamma	99.5824	98.3	61.39	96.9246	156	330
GCA_900638075.1__GCF_000801145.1	GCA_900638075.1	GCF_000801145.1	97-100	train	97.45	strict		LR134486.1	NZ_CP007715.1	96.2389	98.0225	0.95	0.9829	0.05828	97.8387	8	0.9964	7	0.321	0.8755	96.6759	98.7529	0.3223	0.64	AlfI:97.90,AloI:98.22,BcgI:98.07,FalI:98.03	2038	8	2537	476	244.75	ok	96.2389	gamma	96.8534	97.87	89.83	97.6573	733	787
GCA_900752295.1__GCA_905210665.1	GCA_900752295.1	GCA_905210665.1	97-100	train	99.98	strict		CAADUU010000001.1	CAJLXP010000001.1	99.9999	99.9999	0.8814	0.847	0.78769	98.3719	44	0.9981	1	inf	1	99.9999	99.9999	0	0	AlfI:100.00,AloI:100.00,BcgI:100.00,FalI:100.00	594	44	581	43	13.0455	ok	99.9999	uniform	100	99.95	94.91	99.9756	327	339
GCA_900752465.1__GCA_905210705.1	GCA_900752465.1	GCA_905210705.1	97-100	train	99.95	strict		CAADVM010000001.1	CAJLXW010000001.1	99.9892	99.9894	0.8126	0.797	0.00432	99.4883	117	0.99	17	0.07	0.9994	99.974	99.9933	0.0276	0.83	AlfI:99.97,AloI:100.00,BcgI:100.00,FalI:99.99	2048	117	1890	53	15.3162	ok	99.9892	gamma	99.9929	99.96	90.68	99.7844	479	530
GCA_900752585.1__GCA_905197195.1	GCA_900752585.1	GCA_905197195.1	97-100	train	100	strict		CAADVX010000001.1	CAJJXU010000001.1	99.9993	99.9993	0.9425	0.9215	0.00073	99.945	123	0.9981	8	inf	1	99.9999	99.9991	0.0025	0	AlfI:100.00,AloI:100.00,BcgI:100.00,FalI:100.00	4478	123	4403	170	35.6016	ok	99.9993	uniform	100	99.95	96.98	99.9839	885	940
GCA_900752685.1__GCA_905204585.1	GCA_900752685.1	GCA_905204585.1	97-100	train	99.54	strict		CAADWF010000001.1	CAJLAH010000001.1	99.7349	99.753	0.5621	0.5006	0.01887	98.0546	248	0.9628	74	0.286	0.985	99.7182	99.7619	0.0993	0.65	AlfI:99.72,AloI:99.82,BcgI:99.75,FalI:99.77	2475	248	2285	23	8.72984	ok	99.7349	gamma	99.7878	99.27	67.58	97.9603	195	322
GCA_900752915.1__GCA_905208865.1	GCA_900752915.1	GCA_905208865.1	97-100	train	99.19	strict		CAADWY010000001.1	CAJLQU010000001.1	99.4542	99.5182	0.6027	0.4767	0.02851	97.8159	211	0.9912	14	0.303	0.9708	99.4719	99.5308	0.1167	0.66	AlfI:99.58,AloI:99.55,BcgI:99.52,FalI:99.46	2120	211	2028	26	8.44076	ok	99.4542	gamma	99.5735	98.94	61.95	98.231	300	382
GCA_900752915.1__GCA_910585975.1	GCA_900752915.1	GCA_910585975.1	97-100	train	99.15	strict		CAADWY010000001.1	CAJUHU010000001.1	99.3421	99.488	0.7123	0.483	0.02783	98.0149	213	0.9961	7	0.214	0.9689	99.2555	99.553	0.0522	0.18	AlfI:99.51,AloI:99.47,BcgI:99.50,FalI:99.46	2246	213	2297	34	9.41315	ok	99.3421	gamma	99.3684	98.91	57.96	98.7192	339	382
GCA_900752925.1__GCA_905201885.1	GCA_900752925.1	GCA_905201885.1	97-100	train	100	strict		CAADWZ010000001.1	CAJKPP010000001.1	99.9999	99.9999	0.8622	0.8628	0.68498	98.5371	42	0.9986	1	inf	1	99.9999	99.9999	0	0	AlfI:100.00,AloI:100.00,BcgI:100.00,FalI:100.00	776	42	759	57	17.5	ok	99.9999	uniform	100	99.99	96.2	99.9823	449	470
GCA_900753175.1__GCA_905212245.1	GCA_900753175.1	GCA_905212245.1	97-100	test	99.98	strict		CAADYA010000001.1	CAJMDT010000001.1	99.992	99.992	0.9443	0.9431	0.00567	100.114	29	0.9951	4	inf	0.9995	99.9611	99.9999	0.0144	0.03	AlfI:100.00,AloI:100.00,BcgI:99.99,FalI:99.99	870	29	848	78	29.069	ok	99.992	uniform	99.9931	99.96	98.96	99.965	295	302
GCA_900753385.1__GCA_905211105.1	GCA_900753385.1	GCA_905211105.1	97-100	test	99.99	strict		CAADYT010000001.1	CAJLZH010000001.1	99.9999	99.9999	0.9268	0.8631	0.4443	99.0566	50	0.9988	2	inf	1	99.9999	99.9999	0	0	AlfI:100.00,AloI:100.00,BcgI:100.00,FalI:100.00	1763	50	1756	115	34.88	ok	99.9999	uniform	100	99.99	91.97	99.9778	513	530
GCA_900753675.1__GCA_905212905.1	GCA_900753675.1	GCA_905212905.1	97-100	train	99.99	strict		CAADZY010000001.1	CAJMGC010000001.1	99.9892	99.9892	0.5675	0.5897	0.00623	98.4267	95	0.997	2	inf	0.9993	99.9662	99.9954	0.0283	0.29	AlfI:99.97,AloI:100.00,BcgI:99.98,FalI:99.99	1049	95	974	27	8.08421	ok	99.9892	uniform	99.994	99.99	92.98	99.8811	388	422
GCA_900754505.1__GCA_905211625.1	GCA_900754505.1	GCA_905211625.1	97-100	train	99.97	strict		CAAEDA010000001.1	CAJMBJ010000001.1	99.9861	99.9861	0.8498	0.8511	0.00801	99.6705	37	0.9846	11	0.07	0.9992	99.9999	99.9823	0.0297	0.07	AlfI:100.00,AloI:100.00,BcgI:99.97,FalI:99.98	782	37	760	75	20.027	ok	99.9861	gamma	100	99.99	94.13	99.8948	457	486
GCA_900754825.1__GCA_905204375.1	GCA_900754825.1	GCA_905204375.1	97-100	test	99.79	strict		CAAEEF010000001.1	CAJKZN010000001.1	99.8765	99.8908	0.713	0.7689	0.01397	99.108	152	0.9826	30	0.07	0.9932	99.875	99.8952	0.0617	0.73	AlfI:99.85,AloI:99.92,BcgI:99.90,FalI:99.89	1982	152	1931	44	12.1316	ok	99.8765	gamma	99.9229	99.74	92.08	99.6572	493	601
GCA_900754975.1__GCA_905193055.1	GCA_900754975.1	GCA_905193055.1	97-100	train	97.63	strict		CAAEER010000001.1	CAJJNB010000001.1	98.0221	98.3548	0.766	0.4849	0.04613	96.9789	233	0.9972	6	0.918	0.897	97.8088	98.5936	0.1041	0.3	AlfI:98.29,AloI:98.33,BcgI:98.38,FalI:98.39	2638	233	2948	31	10.3219	ok	98.0221	gamma	97.9564	97.67	52.88	97.2854	341	379
GCA_900756475.1__GCA_905198335.1	GCA_900756475.1	GCA_905198335.1	97-100	train	98.48	strict		CAAEKJ010000001.1	CAJKCH010000001.1	98.7334	98.9701	0.8958	0.8312	0.03578	98.6042	81	0.9962	10	0.473	0.9374	98.6442	99.0789	0.1338	0.89	AlfI:99.03,AloI:98.97,BcgI:98.90,FalI:99.01	2709	81	2946	169	33.1728	ok	98.7334	gamma	98.7733	98.47	84.04	98.4166	516	548
GCA_900756895.1__GCA_905205525.1	GCA_900756895.1	GCA_905205525.1	97-100	train	97.62	strict		CAAELU010000001.1	CAJLDY010000001.1	97.8557	98.1716	0.5966	0.6351	0.06197	96.7298	132	0.9754	35	1.107	0.8842	97.6723	98.4102	0.1971	0.64	AlfI:98.28,AloI:98.27,BcgI:98.08,FalI:98.14	1799	132	1902	46	11.5076	ok	97.8557	gamma	97.8625	97.13	76.14	97.078	660	898
GCA_900757365.1__GCA_905205845.1	GCA_900757365.1	GCA_905205845.1	97-100	test	98.23	strict		CAAEOH010000001.1	CAJLFH010000001.1	98.3972	98.823	0.6953	0.6605	0.04543	97.6303	113	0.9948	9	0.416	0.9282	98.2038	99.0453	0.0812	0.1	AlfI:98.81,AloI:98.77,BcgI:98.85,FalI:98.81	2008	113	2149	74	16.3274	ok	98.3972	gamma	98.3695	98.04	75.07	97.9648	550	664
GCA_900757645.1__GCA_905209325.1	GCA_900757645.1	GCA_905209325.1	97-100	test	98.49	strict		CAAEOO010000001.1	CAJLSN010000001.1	98.1429	98.9966	0.6123	0.7152	0.09758	97.6032	25	0.9725	10	0.17	0.9392	98.202	99.2901	1.3721	2.47	AlfI:97.94,AloI:99.24,BcgI:97.87,FalI:99.10	418	25	434	68	15.12	ok	98.1429	gamma	98.5785	97.94	79.54	97.8233	283	374
GCA_900757895.1__GCA_905199735.1	GCA_900757895.1	GCA_905199735.1	97-100	train	98.5	strict		CAAEPL010000001.1	CAJKHN010000001.1	98.5486	98.8028	0.75	0.7375	0.04852	97.998	140	0.9979	3	0.588	0.9267	98.453	98.93	0.2415	0.58	AlfI:98.81,AloI:98.63,BcgI:98.87,FalI:98.79	1796	140	1934	52	11.3214	ok	98.5486	gamma	98.6207	98.22	88.19	98.3335	466	502
GCA_900758145.1__GCA_905200175.1	GCA_900758145.1	GCA_905200175.1	97-100	test	98.48	strict		CAAEQS010000001.1	CAJKJL010000001.1	98.8415	98.911	0.6077	0.5642	0.03826	97.4982	264	0.9593	86	1.476	0.9331	98.8041	98.9462	0.1656	0.63	AlfI:98.88,AloI:98.82,BcgI:98.96,FalI:98.98	2738	264	2633	31	8.68182	ok	98.8415	gamma	98.9332	98.16	76.66	97.584	486	677
GCA_900758175.1__GCA_905204825.1	GCA_900758175.1	GCA_905204825.1	97-100	test	98.83	strict		CAAEQO010000001.1	CAJLBG010000001.1	99.1122	99.2779	0.8782	0.8095	0.02305	98.7992	146	0.9935	28	0.381	0.9557	98.9713	99.3694	0.1187	1.5	AlfI:99.34,AloI:99.22,BcgI:99.25,FalI:99.34	4850	146	4757	271	30.1575	ok	99.1122	gamma	99.0618	98.93	82.33	98.7351	839	911
GCA_900759135.1__GCA_904385455.1	GCA_900759135.1	GCA_904385455.1	97-100	train	98.03	strict		CAAETW010000001.1	CAJFKG010000001.1	98.3332	98.7557	0.782	0.602	0.04745	97.6629	170	0.9993	1	0.46	0.9225	98.1461	98.9872	0.1126	0.24	AlfI:98.76,AloI:98.83,BcgI:98.72,FalI:98.73	1940	170	2121	38	9.81176	ok	98.3332	gamma	98.3144	97.87	68.9	97.8731	450	473
GCA_900759275.1__GCA_905206035.1	GCA_900759275.1	GCA_905206035.1	97-100	train	99.12	strict		CAAEUS010000001.1	CAJLGB010000001.1	99.1145	99.4052	0.6452	0.6983	0.03855	98.2356	114	0.9651	43	0.173	0.9641	98.984	99.5353	0.3077	1.4	AlfI:99.53,AloI:99.44,BcgI:99.23,FalI:99.42	1538	114	1512	34	11.4211	ok	99.1145	gamma	99.1451	99.07	86.2	99.0039	779	987
GCA_900759635.1__GCA_904387045.1	GCA_900759635.1	GCA_904387045.1	97-100	train	99.06	strict		CAAEWC010000001.1	CAJFKW010000001.1	99.2247	99.556	0.6811	0.789	0.02407	98.6391	141	0.9817	45	0.1	0.9726	99.1453	99.6758	0.0901	0.83	AlfI:99.54,AloI:99.59,BcgI:99.59,FalI:99.50	2730	141	2741	68	18.1277	ok	99.2247	gamma	99.2551	99.05	86.11	98.9512	909	1187
GCA_900761175.1__GCA_905213195.1	GCA_900761175.1	GCA_905213195.1	97-100	test	98.75	strict		CAAFBX010000001.1	CAJMHN010000001.1	98.8491	99.0408	0.8122	0.7068	0.03215	98.257	173	0.9743	75	0.538	0.9411	98.7065	99.1479	0.0883	0.48	AlfI:99.00,AloI:99.00,BcgI:99.08,FalI:98.99	3118	173	3305	53	17.4162	ok	98.8491	gamma	98.8252	98.74	76.93	98.604	532	641
GCA_900761245.1__GCA_905188075.1	GCA_900761245.1	GCA_905188075.1	97-100	test	98.41	strict		CAAFCB010000001.1	CAJJKL010000001.1	98.156	98.981	0.7184	0.6394	0.09277	97.659	29	0.9818	7	0.2	0.9386	98.0879	99.3074	0.6374	1.03	AlfI:98.94,AloI:98.95,BcgI:98.43,FalI:99.06	467	29	485	36	14.0345	ok	98.156	gamma	98.4521	98.26	77.05	98.3656	328	374
GCA_900761705.1__GCA_905197205.1	GCA_900761705.1	GCA_905197205.1	97-100	test	98.88	strict		CAAFDU010000001.1	CAJJYD010000001.1	99.2198	99.2198	0.7045	0.7613	0.0323	98.4275	189	0.9358	155	inf	0.9521	99.1752	99.233	0.195	2.76	AlfI:99.11,AloI:99.14,BcgI:99.31,FalI:99.11	2607	189	2583	78	12.9577	ok	99.2198	uniform	99.2863	98.33	91.72	98.4495	457	649
GCA_900762595.1__GCA_905210395.1	GCA_900762595.1	GCA_905210395.1	97-100	train	98.91	strict		CAAFHB010000001.1	CAJLWT010000001.1	99.2432	99.2674	0.5099	0.6223	0.02451	97.8997	439	0.9147	332	1.476	0.9543	99.3291	99.2492	0.1238	1.05	AlfI:99.20,AloI:99.33,BcgI:99.28,FalI:99.24	4652	439	4209	42	9.1139	ok	99.2432	gamma	99.4083	98.71	90.84	97.9628	760	1431
GCA_900762735.1__GCA_905206765.1	GCA_900762735.1	GCA_905206765.1	97-100	train	99.17	strict		CAAFHR010000001.1	CAJLIW010000001.1	99.3041	99.3286	0.6143	0.6063	0.0351	97.9876	180	0.9068	163	1.336	0.9594	99.3198	99.3311	0.2995	1.72	AlfI:99.29,AloI:99.59,BcgI:99.30,FalI:99.38	2108	180	1849	48	9.80556	ok	99.3041	gamma	99.4401	98.91	88.01	98.3712	344	577
GCA_900763325.1__GCA_905192675.1	GCA_900763325.1	GCA_905192675.1	97-100	train	98.47	strict		CAAFJV010000001.1	CAJJLL010000001.1	98.788	98.9913	0.8151	0.6853	0.03067	98.229	257	0.9971	9	0.588	0.9385	98.6076	99.1152	0.1617	0.76	AlfI:99.04,AloI:98.88,BcgI:98.99,FalI:98.91	3534	257	3802	63	13.1556	ok	98.788	gamma	98.7212	98.59	75.87	98.5739	378	401
GCA_900763455.1__GCA_905211365.1	GCA_900763455.1	GCA_905211365.1	97-100	train	99.14	strict		CAAFKH010000001.1	CAJMAF010000001.1	99.2806	99.472	0.7635	0.7461	0.03201	98.6943	119	0.9678	53	0.214	0.9679	99.0889	99.5822	0.1298	1.1	AlfI:99.55,AloI:99.51,BcgI:99.42,FalI:99.43	1842	119	1836	44	14.4034	ok	99.2806	gamma	99.2271	99.09	86.36	98.8282	560	662
GCA_900764205.1__GCA_905196695.1	GCA_900764205.1	GCA_905196695.1	97-100	test	99.69	strict		CAAFND010000001.1	CAJJVY010000001.1	99.8661	99.8875	0.8408	0.7664	0.00857	99.3409	278	0.9928	34	0.07	0.9932	99.8333	99.9011	0.0833	1.75	AlfI:99.86,AloI:99.82,BcgI:99.90,FalI:99.90	5117	278	5051	164	17.8921	ok	99.8661	gamma	99.8697	99.77	84.26	99.5216	605	678
GCA_900764255.1__GCA_905212875.1	GCA_900764255.1	GCA_905212875.1	97-100	train	99.69	strict		CAAFNL010000001.1	CAJMGA010000001.1	99.7072	99.7917	0.8668	0.802	0.01375	99.2262	71	0.9937	22	0.07	0.9874	99.6565	99.8255	0.1346	1.73	AlfI:99.78,AloI:99.68,BcgI:99.82,FalI:99.76	3559	71	3616	239	49.8169	ok	99.7072	gamma	99.7186	99.56	83.57	99.6046	645	724
GCA_900764985.1__GCA_905211565.1	GCA_900764985.1	GCA_905211565.1	97-100	test	97.68	strict		CAAFPZ010000001.1	CAJMBH010000001.1	98.1079	98.6473	0.6952	0.701	0.03516	97.6191	293	0.9908	29	0.416	0.9162	97.985	98.9037	0.1181	0.36	AlfI:98.70,AloI:98.62,BcgI:98.65,FalI:98.58	3829	293	4151	105	11.6451	ok	98.1079	gamma	98.1074	97.85	79.82	97.5618	746	910
GCA_900765505.1__GCA_905213535.1	GCA_900765505.1	GCA_905213535.1	97-100	train	99.99	strict		CAAFRQ010000001.1	CAJMIQ010000001.1	99.9999	99.9999	0.9668	0.9383	0.37057	99.4123	37	0.9991	2	inf	1	99.9999	99.9999	0	0	AlfI:100.00,AloI:100.00,BcgI:100.00,FalI:100.00	2386	37	2380	422	64.1351	ok	99.9999	uniform	100	100	96.42	99.9954	546	554
GCA_900768155.1__GCA_905188115.1	GCA_900768155.1	GCA_905188115.1	97-100	train	98.76	strict		CAAGBU010000001.1	CAJJKR010000001.1	99.1184	99.3016	0.6195	0.8723	0.03235	98.4009	53	0.9851	33	0.355	0.9574	98.9161	99.4185	0.1203	0.4	AlfI:99.24,AloI:99.36,BcgI:99.32,FalI:99.26	2287	53	2405	193	42.2453	ok	99.1184	gamma	99.0465	98.82	88.77	98.6262	501	759
GCA_900768445.1__GCA_902783145.1	GCA_900768445.1	GCA_902783145.1	97-100	train	97.99	strict		CAAGCZ010000001.1	CACZPO010000001.1	97.5089	98.2066	0.4993	0.48	0.16551	95.9265	26	0.9672	6	0.571	0.8889	97.3037	98.6373	0.784	1.24	AlfI:98.35,AloI:98.84,BcgI:98.20,FalI:98.06	289	26	286	25	7.80769	ok	97.5089	gamma	97.8323	97.82	76.61	97.3674	248	333
GCA_900768895.1__GCA_905199185.1	GCA_900768895.1	GCA_905199185.1	97-100	train	98.64	strict		CAAGEO010000001.1	CAJKFO010000001.1	98.9163	98.9819	0.8782	0.8474	0.03265	98.6077	88	0.9882	37	1.631	0.9373	98.7315	99.0662	0.259	3.41	AlfI:99.17,AloI:98.91,BcgI:98.96,FalI:98.91	3252	88	3500	246	36.3409	ok	98.9163	gamma	98.8468	98.67	86.63	98.3896	692	761
GCA_900768985.1__GCA_905212115.1	GCA_900768985.1	GCA_905212115.1	97-100	train	98.32	strict		CAAGEW010000001.1	CAJMDC010000001.1	98.8686	99.1578	0.7841	0.7649	0.03386	98.3505	65	0.9858	34	0.321	0.9489	98.694	99.3021	0.1497	1.32	AlfI:99.09,AloI:99.16,BcgI:99.22,FalI:99.07	2445	65	2639	152	37.2769	ok	98.8686	gamma	98.8278	98.54	80.4	98.2456	407	499
GCA_902383955.1__GCF_002334685.1	GCA_902383955.1	GCF_002334685.1	97-100	train	99.48	strict		CABLZY010000001.1	NZ_CP023415.1	99.5625	99.6321	0.9157	0.7819	0.01643	99.1151	105	0.9942	25	0.251	0.9778	99.4303	99.6845	0.1351	1.55	AlfI:99.64,AloI:99.72,BcgI:99.59,FalI:99.66	4472	105	4563	222	42.0571	ok	99.5625	gamma	99.5016	99.38	78.18	99.204	856	890
GCA_902383955.1__GCF_900243745.1	GCA_902383955.1	GCF_900243745.1	97-100	train	99.49	strict		CABLZY010000001.1	NZ_LT984798.1	99.5685	99.6335	0.9177	0.7821	0.01638	99.1211	104	0.9945	24	0.259	0.9779	99.4453	99.6824	0.1396	1.71	AlfI:99.65,AloI:99.72,BcgI:99.58,FalI:99.66	4480	104	4568	222	42.4808	ok	99.5685	gamma	99.5157	99.38	78.13	99.2448	851	890
GCA_902385445.1__GCF_003481635.1	GCA_902385445.1	GCF_003481635.1	97-100	train	99.97	strict		CABMFN010000001.1	NZ_QULH01000001.1	99.9991	99.9991	0.9658	0.9614	0.00091	100.079	46	0.9972	10	inf	0.9999	99.9954	99.9999	0.0122	0	AlfI:100.00,AloI:99.99,BcgI:100.00,FalI:100.00	3840	46	3593	528	77.413	ok	99.9991	uniform	99.9998	99.98	98.9	99.9829	1011	1021
GCA_902385875.1__GCF_004802515.1	GCA_902385875.1	GCF_004802515.1	97-100	test	99.91	strict		CABMHA010000001.1	NZ_JALP01000001.1	99.9816	99.9826	0.788	0.7895	0.00409	99.5116	297	0.9816	58	0.07	0.9989	99.9317	99.9963	0.032	1.33	AlfI:99.96,AloI:99.99,BcgI:99.98,FalI:99.99	3829	297	3599	71	11.4175	ok	99.9816	gamma	99.9579	99.99	99.03	99.8409	1129	1223
GCA_902386505.1__GCF_001578645.1	GCA_902386505.1	GCF_001578645.1	97-100	train	100	strict		CABMJD010000001.1	NZ_KQ968591.1	99.9999	99.9999	0.9852	0.9852	0.28643	99.6047	37	1	0	inf	1	99.9999	99.9999	0	0	AlfI:100.00,AloI:100.00,BcgI:100.00,FalI:100.00	4094	37	4106	545	109.324	ok	99.9999	uniform	100	100	100	100	1007	1012
GCA_902386885.1__GCA_905212575.1	GCA_902386885.1	GCA_905212575.1	97-100	test	98.82	strict		LR698995.1	CAJMEZ010000001.1	99.0535	99.2509	0.7952	0.8653	0.02725	98.7507	123	0.9625	122	0.365	0.9545	98.8726	99.3624	0.3062	7.09	AlfI:99.36,AloI:99.47,BcgI:99.17,FalI:99.44	3303	123	3498	146	26.4553	ok	99.0535	gamma	98.982	98.85	89.87	98.605	540	725
GCA_902387155.1__GCF_004352985.1	GCA_902387155.1	GCF_004352985.1	97-100	train	99.41	strict		CABMKW010000001.1	NZ_SJZA01000001.1	99.5945	99.6814	0.9166	0.9369	0.00969	99.0971	97	0.9955	49	0.146	0.9807	99.5221	99.722	0.1117	2.04	AlfI:99.70,AloI:99.60,BcgI:99.68,FalI:99.72	11078	97	11205	638	112.608	ok	99.5945	gamma	99.5642	99.18	92.09	99.3092	1797	1925
GCA_902387225.1__GCA_905194855.1	GCA_902387225.1	GCA_905194855.1	97-100	test	98.49	strict		CABMLJ010000001.1	CAJJTL010000001.1	98.8951	99.0123	0.7317	0.846	0.02447	98.4006	304	0.9486	273	0.866	0.9396	98.7709	99.0897	0.1713	1.42	AlfI:98.97,AloI:99.15,BcgI:99.00,FalI:99.07	5466	304	5791	93	17.5888	ok	98.8951	gamma	98.859	98.34	92.14	98.0506	616	934
GCA_902406175.1__GCF_000183605.1	GCA_902406175.1	GCF_000183605.1	97-100	train	97.99	strict		CABPCR010000001.1	NZ_AENO01000058.1	98.485	98.7628	0.883	0.8501	0.03758	98.4189	96	0.9911	25	0.631	0.9245	98.3025	98.9279	0.1166	0.43	AlfI:98.69,AloI:98.73,BcgI:98.78,FalI:98.80	2954	96	3222	112	29.8646	ok	98.485	gamma	98.4349	98.17	87.02	98.178	599	657
GCA_902406215.1__GCA_905196885.1	GCA_902406215.1	GCA_905196885.1	97-100	train	97.35	strict		CABPCZ010000001.1	CAJJWM010000001.1	97.398	98.4529	0.7415	0.7771	0.05024	97.4846	78	0.9826	36	0.335	0.9037	97.3656	98.9392	0.0996	0.12	AlfI:98.42,AloI:98.52,BcgI:98.44,FalI:98.47	2271	78	2550	95	27.0256	ok	97.398	gamma	97.5361	97.24	80.75	97.2907	842	1044
GCA_902406395.1__GCA_905208225.1	GCA_902406395.1	GCA_905208225.1	97-100	train	99.95	strict		CABPDR010000001.1	CAJLOG010000001.1	99.9861	99.9861	0.7591	0.741	0.00491	99.2318	134	0.9538	88	inf	0.9992	99.9916	99.9846	0.0175	0.54	AlfI:99.99,AloI:99.98,BcgI:99.99,FalI:99.98	2072	134	1957	54	14.5448	ok	99.9861	uniform	99.9996	99.95	90.36	99.743	619	760
GCA_902506615.1__GCF_009735725.1	GCA_902506615.1	GCF_009735725.1	97-100	train	99.1	strict		LR733938.1	NZ_SOZF01000100.1	99.1633	99.3919	0.8211	0.8993	0.01728	98.7623	93	0.988	78	0.221	0.9632	99.0177	99.4961	0.1551	1.81	AlfI:99.38,AloI:99.37,BcgI:99.42,FalI:99.27	6720	93	6957	365	70.1613	ok	99.1633	gamma	99.0915	98.85	92.44	98.8612	1466	1722
GCA_902519355.1__GCA_902597475.1	GCA_902519355.1	GCA_902597475.1	97-100	test	100	strict		CABYJZ010000001.1	CACJXW010000001.1	99.9999	99.9999	0.5311	0.7228	0.86548	97.1093	32	0.9629	17	inf	1	99.9999	99.9999	0	0	AlfI:100.00,AloI:100.00,BcgI:100.00,FalI:100.00	505	32	480	36	14.7812	ok	99.9999	uniform	100	99.82	86.63	99.6585	223	386
GCA_902519685.1__GCA_902522335.1	GCA_902519685.1	GCA_902522335.1	97-100	test	99.3	strict		CABYKT010000001.1	CABYVD010000001.1	99.6169	99.6893	0.6378	0.6704	0.02212	98.3733	73	0.9844	31	0.129	0.9813	99.6123	99.7088	0.13	1.14	AlfI:99.72,AloI:99.60,BcgI:99.71,FalI:99.59	2077	73	2095	203	27.8082	ok	99.6169	gamma	99.698	99.07	70.92	99.0412	404	617
GCA_902523575.1__GCA_902561065.1	GCA_902523575.1	GCA_902561065.1	97-100	test	99.92	low-AF		CABYZR010000001.1	CACEOG010000001.1	99.9605	99.9605	0.4095	0.5279	0.02281	97.8081	21	0.9708	7	inf	0.9976	99.8175	99.9999	0.0633	0	AlfI:100.00,AloI:100.00,BcgI:100.00,FalI:99.94	297	21	271	38	12.0952	ok	99.9605	uniform	99.9503	99.66	62.6	99.4478	131	289
GCA_902523575.1__GCA_902564165.1	GCA_902523575.1	GCA_902564165.1	97-100	test	99.94	strict		CABYZR010000001.1	CACEZY010000001.1	99.9335	99.9335	0.5524	0.5472	0.02512	98.1514	24	0.991	3	inf	0.996	99.8238	99.9637	0.1024	0.04	AlfI:100.00,AloI:100.00,BcgI:99.90,FalI:99.92	388	24	375	59	14.7917	ok	99.9335	uniform	99.9398	99.43	60.77	99.7243	173	289
GCA_902529525.1__GCA_902587425.1	GCA_902529525.1	GCA_902587425.1	97-100	test	98.48	strict		CABZWT010000001.1	CACILB010000001.1	98.6281	98.8546	0.6377	0.5387	0.05944	97.2256	64	0.9881	12	0.631	0.9295	98.4803	98.9887	0.2252	0.63	AlfI:99.00,AloI:98.78,BcgI:98.78,FalI:98.89	1134	64	1227	64	16.5938	ok	98.6281	gamma	98.6881	97.63	59.01	98.2158	285	405
GCA_902530005.1__GCA_902561375.1	GCA_902530005.1	GCA_902561375.1	97-100	train	99.99	strict		CABZYT010000001.1	CACEPD010000001.1	99.9848	99.9848	0.6613	0.5547	0.01074	98.4985	34	0.9927	3	inf	0.9991	99.9294	99.9999	0.0258	0	AlfI:100.00,AloI:100.00,BcgI:100.00,FalI:99.97	490	34	465	68	13	ok	99.9848	uniform	99.9875	99.78	68.96	99.8082	219	276
GCA_902530005.1__GCA_902623925.1	GCA_902530005.1	GCA_902623925.1	97-100	train	98.93	strict		CABZYT010000001.1	CACNVZ010000001.1	99.2396	99.2396	0.4378	0.4615	0.09642	96.9303	26	0.9873	3	inf	0.9539	99.2347	99.2419	0.4739	0.64	AlfI:98.87,AloI:99.18,BcgI:99.14,FalI:99.34	325	26	302	21	9.96154	ok	99.2396	uniform	99.5335	98.41	62.88	98.4888	158	276
GCA_902535095.1__GCA_902546325.1	GCA_902535095.1	GCA_902546325.1	97-100	test	97.25	strict		CACASF010000001.1	CACCJP010000001.1	97.597	98.1277	0.6373	0.6759	0.08179	96.7848	49	0.9726	25	0.689	0.883	97.5088	98.4299	0.6974	3.3	AlfI:98.45,AloI:98.49,BcgI:97.79,FalI:98.16	1006	49	1147	72	19.0816	ok	97.597	gamma	97.7604	96.91	77.59	96.9385	413	572
GCA_902542605.1__GCA_902547435.1	GCA_902542605.1	GCA_902547435.1	97-100	train	99.13	strict		CACBVB010000001.1	CACCNR010000001.1	99.3784	99.5568	0.6802	0.7263	0.06142	98.4506	15	0.9848	6	0.129	0.9731	99.3468	99.6183	0.1345	0.15	AlfI:99.49,AloI:99.58,BcgI:99.63,FalI:99.54	425	15	429	82	26.8667	ok	99.3784	gamma	99.5813	98.97	79.85	98.8696	242	326
GCA_902547125.1__GCA_902618475.1	GCA_902547125.1	GCA_902618475.1	97-100	train	99	strict		CACCMT010000001.1	CACNAP010000001.1	99.2258	99.5077	0.5683	0.6001	0.06516	97.8172	24	0.9836	6	0.129	0.9701	99.119	99.6239	0.5719	1.43	AlfI:99.64,AloI:99.10,BcgI:99.67,FalI:99.50	423	24	429	38	15.9583	ok	99.2258	gamma	99.3922	98.94	66.09	98.8268	232	376
GCA_902554565.1__GCA_902570835.1	GCA_902554565.1	GCA_902570835.1	97-100	train	97.29	low-AF		CACDPC010000001.1	CACFZQ010000001.1	97.6589	98.3768	0.3842	0.4585	0.1567	95.7745	23	0.9698	6	0.404	0.8997	97.7025	98.6801	0.5534	0.67	AlfI:98.49,AloI:98.50,BcgI:98.78,FalI:98.23	260	23	276	18	9.3913	ok	97.6589	gamma	98.2084	96.23	59.63	96.8283	138	298
GCA_902555425.1__GCA_902558645.1	GCA_902555425.1	GCA_902558645.1	97-100	train	99.2	strict		CACDRM010000001.1	CACEET010000001.1	99.1528	99.2565	0.6015	0.734	0.06443	98.0372	36	0.9705	18	0.588	0.9551	99.0144	99.3331	0.2443	0.67	AlfI:99.24,AloI:99.45,BcgI:99.40,FalI:99.21	667	36	670	52	17.4444	ok	99.1528	gamma	99.249	98.89	85.07	98.8045	255	385
GCA_902556005.1__GCA_902592035.1	GCA_902556005.1	GCA_902592035.1	97-100	train	97.51	strict		CACDUW010000001.1	CACJDD010000001.1	97.7619	98.2274	0.6958	0.5961	0.06852	96.8401	76	0.986	16	0.831	0.889	97.4567	98.5905	0.1471	0.29	AlfI:98.19,AloI:98.30,BcgI:98.19,FalI:98.34	1289	76	1508	77	15.8553	ok	97.7619	gamma	97.6726	97.4	65.03	97.3312	387	523
GCA_902557815.1__GCA_902559275.1	GCA_902557815.1	GCA_902559275.1	97-100	test	98.14	strict		CACEBN010000001.1	CACEHF010000001.1	98.5491	98.723	0.7714	0.7949	0.06802	98.0328	29	0.9849	14	1.044	0.9221	98.3233	98.876	0.2792	0.59	AlfI:98.81,AloI:98.72,BcgI:98.53,FalI:98.75	990	29	1072	117	32.5517	ok	98.5491	gamma	98.5551	98.01	84.93	97.8578	373	456
GCA_902557815.1__GCA_902596095.1	GCA_902557815.1	GCA_902596095.1	97-100	test	97.76	strict		CACEBN010000001.1	CACJSO010000001.1	98.0909	98.3076	0.654	0.7799	0.08656	97.315	35	0.971	22	1.297	0.8955	97.9452	98.4712	0.2835	0.39	AlfI:98.39,AloI:98.33,BcgI:98.10,FalI:98.34	820	35	903	90	22.0286	ok	98.0909	gamma	98.2153	97.04	84.4	97.4248	312	456
GCA_902559275.1__GCA_902596095.1	GCA_902559275.1	GCA_902596095.1	97-100	test	97.89	strict		CACEHF010000001.1	CACJSO010000001.1	98.3477	98.4751	0.6433	0.7468	0.08081	97.4002	42	0.969	24	1.476	0.9064	98.4092	98.5049	0.447	0.74	AlfI:98.66,AloI:98.22,BcgI:98.42,FalI:98.44	838	42	899	88	18.8571	ok	98.3477	gamma	98.6573	97.6	82.8	97.6164	302	443
GCA_902561375.1__GCA_902623925.1	GCA_902561375.1	GCA_902623925.1	97-100	train	98.89	strict		CACEPD010000001.1	CACNVZ010000001.1	99.127	99.127	0.5162	0.6472	0.08804	97.4839	26	0.9733	10	inf	0.947	99.0598	99.1487	0.0408	0.02	AlfI:99.15,AloI:99.15,BcgI:99.15,FalI:99.11	439	26	420	65	15.0385	ok	99.127	uniform	99.345	98.87	81.86	98.6437	215	352
GCA_902569235.1__GCA_902613625.1	GCA_902569235.1	GCA_902613625.1	97-100	train	98.62	strict		CACFTN010000001.1	CACMHX010000001.1	98.8539	99.0457	0.5743	0.7211	0.0625	97.7153	36	0.9886	9	0.516	0.9417	98.7218	99.1533	0.1925	0.61	AlfI:99.01,AloI:99.08,BcgI:98.95,FalI:99.14	850	36	903	69	22.7222	ok	98.8539	gamma	98.9475	98.36	76.11	98.3826	356	590
GCA_902569815.1__GCA_902617905.1	GCA_902569815.1	GCA_902617905.1	97-100	train	99.98	strict		CACFVU010000001.1	CACMYL010000001.1	99.9838	99.9838	0.657	0.6585	0.00723	98.7416	54	0.9776	22	inf	0.999	99.9681	99.9878	0.1717	0.58	AlfI:99.99,AloI:99.83,BcgI:99.98,FalI:100.00	1061	54	1039	117	18.7593	ok	99.9838	uniform	99.9943	99.61	73.38	99.7338	258	376
GCA_902578135.1__GCA_902593595.1	GCA_902578135.1	GCA_902593595.1	97-100	train	97.24	strict		CACHBU010000001.1	CACJIX010000001.1	98.2808	98.2808	0.4626	0.6183	0.13134	96.4223	19	0.9725	9	inf	0.8942	98.147	98.3426	1.4705	2.1	AlfI:98.79,AloI:98.28,BcgI:97.31,FalI:98.34	384	19	402	83	17.7368	ok	98.2808	uniform	98.5398	96.21	77.46	96.337	188	315
GCA_902590175.1__GCA_902601145.1	GCA_902590175.1	GCA_902601145.1	97-100	train	97.15	strict		CACIVR010000001.1	CACKMD010000001.1	97.6921	97.9915	0.6321	0.5847	0.13109	96.4013	27	0.979	8	1.044	0.8751	97.8528	98.0632	0.6023	1.12	AlfI:98.45,AloI:98.22,BcgI:98.33,FalI:97.85	443	27	485	57	14.8148	ok	97.6921	gamma	98.2314	96.49	68.56	96.7618	239	314
GCA_902591215.1__GCA_902633865.1	GCA_902591215.1	GCA_902633865.1	97-100	train	99.88	strict		CACIZT010000001.1	CACPIG010000001.1	99.9696	99.9709	0.7894	0.6589	0.01299	99.0199	27	0.9875	7	0.07	0.9982	99.946	99.9778	0.0726	0.35	AlfI:99.93,AloI:100.00,BcgI:99.96,FalI:99.98	618	27	607	86	21.4815	ok	99.9696	gamma	99.9904	99.75	74.57	99.5807	306	343
GCA_902591435.1__GCA_902596395.1	GCA_902591435.1	GCA_902596395.1	97-100	train	99.98	strict		CACJAK010000001.1	CACJTR010000001.1	99.9999	99.9999	0.6438	0.55	1.02286	96.6473	23	0.9902	3	inf	1	99.9999	99.9999	0	0	AlfI:100.00,AloI:100.00,BcgI:100.00,FalI:100.00	361	23	339	45	14.1739	ok	99.9999	uniform	100	99.38	67.43	99.6791	190	252
GCA_902599815.1__GCA_902614755.1	GCA_902599815.1	GCA_902614755.1	97-100	test	98.25	low-AF		CACKGZ010000001.1	CACMMA010000001.1	98.6911	99.1495	0.3777	0.4586	0.11264	96.5973	19	0.9841	3	0.208	0.9485	98.6198	99.327	0.8553	5.5	AlfI:99.10,AloI:99.85,BcgI:99.46,FalI:98.99	282	19	261	24	10.7895	ok	98.6911	gamma	99.0475	97.5	68.26	97.9013	157	301
GCA_902614175.1__GCA_902617085.1	GCA_902614175.1	GCA_902617085.1	97-100	train	99.88	strict		CACMJQ010000001.1	CACMVF010000001.1	99.947	99.9521	0.5846	0.7352	0.01809	98.7318	33	0.9669	16	0.07	0.9971	99.9046	99.9652	0.0716	0.02	AlfI:100.00,AloI:100.00,BcgI:99.93,FalI:99.94	541	33	517	52	15.1515	ok	99.947	gamma	99.974	99.7	91.56	99.6536	276	403
GCA_902624155.1__GCA_902630085.1	GCA_902624155.1	GCA_902630085.1	97-100	test	98.37	strict		CACNWN010000001.1	CACOTO010000001.1	98.4916	98.6289	0.5845	0.6384	0.11817	97.0906	27	0.9723	9	1.075	0.9162	98.5565	98.6602	0.3854	0.36	AlfI:98.32,AloI:98.62,BcgI:98.47,FalI:98.70	385	27	385	56	12.7037	ok	98.4916	gamma	98.9194	97.22	73.48	97.3821	183	270
GCA_902755745.1__GCA_902779515.1	GCA_902755745.1	GCA_902779515.1	97-100	test	97.3	strict		CACVOD010000001.1	CACZCA010000001.1	98.5876	98.8584	0.6025	0.6268	0.03705	97.4368	197	0.9855	36	0.538	0.9301	98.4501	98.9993	0.2301	1.46	AlfI:98.95,AloI:98.89,BcgI:98.86,FalI:98.72	2873	197	3042	90	13.4569	ok	98.5876	gamma	98.5824	97.89	68.93	97.4337	549	756
GCA_902755805.1__GCA_902761165.1	GCA_902755805.1	GCA_902761165.1	97-100	train	98.27	strict		CACVPB010000001.1	CACWJF010000001.1	98.7717	99.0113	0.6899	0.7155	0.03344	98.076	254	0.9736	71	0.46	0.9396	98.6384	99.1343	0.2839	2.08	AlfI:99.12,AloI:98.83,BcgI:98.97,FalI:99.10	3130	254	3222	44	11.2953	ok	98.7717	gamma	98.7616	98.22	83.86	98.1929	556	713
GCA_902756215.1__GCA_902779585.1	GCA_902756215.1	GCA_902779585.1	97-100	test	98.89	strict		CACVQK010000001.1	CACZCE010000001.1	98.5386	99.4266	0.8738	0.8165	0.02764	98.8283	57	0.9948	13	0.073	0.9652	98.7435	99.6329	0.0977	0.36	AlfI:99.45,AloI:99.35,BcgI:99.45,FalI:99.41	2577	57	2761	192	44.614	ok	98.5386	gamma	98.8733	99.05	82.58	98.9576	819	914
GCA_902756615.1__GCA_902793825.1	GCA_902756615.1	GCA_902793825.1	97-100	test	98.5	strict		CACVRV010000001.1	CADBFA010000001.1	98.8651	99.1183	0.7478	0.574	0.0325	97.8356	152	0.9744	68	0.376	0.9463	98.7094	99.2485	0.1218	0.33	AlfI:99.15,AloI:99.03,BcgI:99.11,FalI:99.14	2868	152	3018	108	18.0329	ok	98.8651	gamma	98.8341	98.62	63.05	98.2604	616	755
GCA_902756615.1__GCA_902794885.1	GCA_902756615.1	GCA_902794885.1	97-100	test	98.41	strict		CACVRV010000001.1	CADBJG010000001.1	98.8981	99.1422	0.7465	0.4425	0.03179	97.5389	159	0.9728	73	0.355	0.9477	98.7696	99.2593	0.1485	0.95	AlfI:99.16,AloI:99.08,BcgI:99.10,FalI:99.22	2999	159	3052	109	17.4088	ok	98.8981	gamma	98.8914	98.35	50.28	98.2088	634	755
GCA_902756805.1__GCA_902791195.1	GCA_902756805.1	GCA_902791195.1	97-100	train	98.46	strict		CACVSQ010000001.1	CADAVA010000001.1	98.9379	99.0598	0.6168	0.6571	0.03541	97.8532	232	0.9862	29	0.73	0.9432	98.8455	99.126	0.2063	1.62	AlfI:99.05,AloI:99.00,BcgI:99.14,FalI:98.93	2672	232	2636	53	9.93966	ok	98.9379	gamma	98.9733	98.58	77.6	97.5577	328	432
GCA_902757215.1__GCA_902790775.1	GCA_902757215.1	GCA_902790775.1	97-100	train	99.04	strict		CACVUJ010000001.1	CADATG010000001.1	99.4775	99.573	0.6207	0.636	0.02766	98.2041	133	0.9987	2	0.221	0.9736	99.4054	99.6193	0.1005	0.54	AlfI:99.54,AloI:99.63,BcgI:99.58,FalI:99.53	1864	133	1906	67	12.9398	ok	99.4775	gamma	99.5155	99.3	71.37	99.2017	404	557
GCA_902757345.1__GCA_902794225.1	GCA_902757345.1	GCA_902794225.1	97-100	test	98.61	strict		CACVUO010000001.1	CADBGG010000001.1	98.9602	99.3219	0.8544	0.7712	0.02231	98.6949	197	0.9949	22	0.188	0.958	98.8323	99.4704	0.2294	2.52	AlfI:99.26,AloI:99.33,BcgI:99.36,FalI:99.13	4803	197	4841	154	22.6142	ok	98.9602	gamma	98.9264	98.87	80.11	98.6239	714	769
GCA_902759195.1__GCA_902759335.1	GCA_902759195.1	GCA_902759335.1	97-100	train	99.33	strict		CACWBU010000001.1	CACWCK010000001.1	99.7827	99.8278	0.5043	0.622	0.02537	98.1925	87	0.9764	20	0.07	0.9895	99.7632	99.8462	0.3115	0.37	AlfI:99.84,AloI:100.00,BcgI:99.69,FalI:99.82	1316	87	973	48	10.4943	ok	99.7827	gamma	99.8567	99.69	87.87	99.3874	592	853
GCA_902759635.1__GCA_902803545.1	GCA_902759635.1	GCA_902803545.1	97-100	test	98.97	strict		CACWDK010000001.1	CADCQM010000001.1	99.3786	99.3984	0.5728	0.6634	0.02865	98.1175	235	0.955	99	1.336	0.9636	99.3972	99.3988	0.2689	1.19	AlfI:99.40,AloI:99.18,BcgI:99.41,FalI:99.45	2589	235	2495	38	9.93191	ok	99.3786	gamma	99.4954	99.07	82.48	98.351	387	639
GCA_902759815.1__GCA_902766295.1	GCA_902759815.1	GCA_902766295.1	97-100	train	98.78	strict		CACWED010000001.1	CACXDJ010000001.1	99.1201	99.2002	0.6844	0.523	0.035	97.7975	217	0.9915	15	0.669	0.9511	99.1271	99.222	0.4374	4.39	AlfI:98.97,AloI:99.41,BcgI:99.26,FalI:99.20	2252	217	2266	39	9.07834	ok	99.1201	gamma	99.249	98.83	66.06	98.1991	335	380
GCA_902759975.1__GCA_902782525.1	GCA_902759975.1	GCA_902782525.1	97-100	train	99.05	strict		CACWET010000001.1	CACZNJ010000001.1	99.3385	99.3385	0.5321	0.5732	0.06675	97.6	62	0.98	8	inf	0.9599	99.1563	99.3964	0.7389	1.04	AlfI:98.86,AloI:99.42,BcgI:99.60,FalI:99.32	639	62	567	18	7.33871	ok	99.3385	uniform	99.3921	99.05	87.56	98.6341	253	339
GCA_902760585.1__GCA_902786025.1	GCA_902760585.1	GCA_902786025.1	97-100	test	98.32	strict		CACWHG010000001.1	CADAAY010000001.1	99.0076	99.0853	0.6319	0.7164	0.03169	98.0151	223	0.9457	158	1.075	0.9443	98.8871	99.1468	0.2198	0.73	AlfI:99.10,AloI:98.90,BcgI:99.09,FalI:99.12	3185	223	3199	62	13.3408	ok	99.0076	gamma	99.0013	98.4	84.67	98.0945	559	862
GCA_902760875.1__GCA_902800605.1	GCA_902760875.1	GCA_902800605.1	97-100	test	97.65	strict		CACWII010000001.1	CADCEX010000001.1	98.2685	98.8632	0.7302	0.6559	0.03118	97.5793	130	0.9848	58	0.303	0.9303	98.1336	99.1258	0.3038	4.1	AlfI:99.02,AloI:98.96,BcgI:98.84,FalI:98.71	4110	130	4421	118	29.8462	ok	98.2685	gamma	98.2502	97.95	64.68	97.5629	807	1032
GCA_902762005.1__GCA_902804085.1	GCA_902762005.1	GCA_902804085.1	97-100	train	98.45	strict		CACWMV010000001.1	CADCSL010000001.1	98.9896	99.1292	0.5633	0.5637	0.03421	97.5417	230	0.9741	56	0.538	0.9467	98.9216	99.1937	0.1983	1.37	AlfI:99.18,AloI:99.27,BcgI:99.07,FalI:99.12	2645	230	2637	46	10.1391	ok	98.9896	gamma	99.0455	98.53	71.56	97.9936	523	747
GCA_902762075.1__GCA_902784875.1	GCA_902762075.1	GCA_902784875.1	97-100	test	97.99	strict		CACWMU010000001.1	CACZWN010000001.1	98.9055	99.1994	0.7539	0.6018	0.02778	98.0379	227	0.9951	15	0.266	0.9513	98.8045	99.3209	0.1572	2.43	AlfI:99.28,AloI:99.16,BcgI:99.13,FalI:99.28	3543	227	3703	77	14.5507	ok	98.9055	gamma	98.9139	98.55	66.45	98.2027	590	647
GCA_902765195.1__GCA_902777035.1	GCA_902765195.1	GCA_902777035.1	97-100	train	98.68	strict		CACWZD010000001.1	CACYSE010000001.1	99.1688	99.2722	0.5936	0.7254	0.02802	98.1866	271	0.9728	74	0.516	0.956	99.0907	99.3244	0.0344	0.07	AlfI:99.26,AloI:99.28,BcgI:99.27,FalI:99.30	3215	271	3189	43	10.7712	ok	99.1688	gamma	99.1959	98.96	88.36	98.4616	435	649
GCA_902765375.1__GCA_902789945.1	GCA_902765375.1	GCA_902789945.1	97-100	test	98.27	strict		CACWZF010000001.1	CADAPZ010000001.1	98.7651	98.8845	0.8977	0.8346	0.02423	98.3244	102	0.9926	45	1.044	0.9317	98.6405	98.9658	0.0396	0.16	AlfI:98.86,AloI:98.88,BcgI:98.90,FalI:98.90	6382	102	6762	245	60.549	ok	98.7651	gamma	98.7253	98.29	82.67	98.2919	1161	1276
GCA_902767165.1__GCA_902794265.1	GCA_902767165.1	GCA_902794265.1	97-100	test	98.26	strict		CACXGL010000001.1	CADBGS010000001.1	98.8484	98.9095	0.8264	0.6028	0.02884	98.0334	328	0.9976	9	1.68	0.9335	98.8058	98.9424	0.0931	0.33	AlfI:98.88,AloI:98.96,BcgI:98.93,FalI:98.86	4296	328	4545	56	12.4634	ok	98.8484	gamma	98.9042	98.26	65.9	98.2705	545	560
GCA_902769435.1__GCA_902796715.1	GCA_902769435.1	GCA_902796715.1	97-100	test	98.1	strict		CACXOY010000001.1	CADBPY010000001.1	98.8093	99.0482	0.7346	0.8079	0.02888	98.3385	205	0.9582	151	0.376	0.9419	98.7986	99.1264	0.2528	2.3	AlfI:98.96,AloI:99.22,BcgI:99.06,FalI:99.18	3786	205	3963	87	17.8732	ok	98.8093	gamma	98.9038	98.33	89.55	98.1802	445	631
GCA_902770705.1__GCA_902800995.1	GCA_902770705.1	GCA_902800995.1	97-100	test	97.49	strict		CACXTY010000001.1	CADCGN010000001.1	98.1773	98.3786	0.8093	0.6913	0.03625	97.5088	206	0.9963	14	1.297	0.8989	98.026	98.526	0.1713	1.03	AlfI:98.37,AloI:98.51,BcgI:98.34,FalI:98.50	4175	206	4610	113	19.2039	ok	98.1773	gamma	98.1412	97.58	70.42	97.5174	726	809
GCA_902773575.1__GCA_902780355.1	GCA_902773575.1	GCA_902780355.1	97-100	train	98.35	strict		CACYEX010000001.1	CACZFA010000001.1	98.6808	99.097	0.8039	0.8745	0.03047	98.5654	84	0.9952	15	0.286	0.9451	98.4795	99.2942	0.3822	5.95	AlfI:99.03,AloI:99.13,BcgI:99.20,FalI:98.82	3311	84	3515	129	37.7381	ok	98.6808	gamma	98.6015	98.45	88.95	98.322	562	677
GCA_902773775.1__GCA_902778155.1	GCA_902773775.1	GCA_902778155.1	97-100	train	97.14	strict		CACYFP010000001.1	CACYWU010000001.1	97.5531	98.1588	0.7477	0.6164	0.04568	96.9075	175	0.9962	10	0.65	0.8839	97.4048	98.5253	0.094	0.22	AlfI:98.18,AloI:98.17,BcgI:98.12,FalI:98.21	2997	175	3525	76	16.1257	ok	97.5531	gamma	97.5463	97.46	63.53	96.9824	638	752
GCA_902774745.1__GCA_902802715.1	GCA_902774745.1	GCA_902802715.1	97-100	train	98.58	strict		CACYJL010000001.1	CADCNM010000001.1	99.5952	99.7669	0.7118	0.6216	0.0152	98.6129	242	0.96	127	0.07	0.9858	99.4609	99.8469	0.1299	2	AlfI:99.79,AloI:99.81,BcgI:99.78,FalI:99.68	3594	242	3413	68	13.5826	ok	99.5952	gamma	99.5406	98.84	73.34	98.4447	598	791
GCA_902774865.1__GCA_902780355.1	GCA_902774865.1	GCA_902780355.1	97-100	train	98.33	strict		CACYJW010000001.1	CACZFA010000001.1	98.7719	99.1105	0.8328	0.8671	0.03047	98.6239	66	0.9906	29	0.312	0.9459	98.5978	99.2717	0.2414	3.79	AlfI:99.00,AloI:99.15,BcgI:99.20,FalI:98.96	3239	66	3426	365	47.3636	ok	98.7719	gamma	98.718	98.57	87.91	98.3096	574	670
GCA_902775235.1__GCA_902785255.1	GCA_902775235.1	GCA_902785255.1	97-100	train	98	strict		CACYLH010000001.1	CACZYA010000001.1	98.7986	98.9768	0.821	0.8033	0.02796	98.3181	113	0.985	63	0.669	0.9379	98.6213	99.0919	0.0889	0.4	AlfI:99.01,AloI:98.92,BcgI:98.98,FalI:98.92	4475	113	4661	143	37.7168	ok	98.7986	gamma	98.724	98.24	80.7	98.1923	772	933
GCA_902775235.1__GCA_905234415.1	GCA_902775235.1	GCA_905234415.1	97-100	train	97.76	strict		CACYLH010000001.1	CAJOHS010000001.1	98.6804	98.875	0.7285	0.791	0.03085	98.1197	211	0.9579	160	0.761	0.9315	98.4573	99.0159	0.4834	2.41	AlfI:98.92,AloI:98.44,BcgI:98.91,FalI:98.76	4109	211	4264	83	18.2607	ok	98.6804	gamma	98.5688	97.77	83.01	97.6299	665	933
GCA_902775865.1__GCA_902776445.1	GCA_902775865.1	GCA_902776445.1	97-100	test	99.27	strict		CACYNW010000001.1	CACYPX010000001.1	99.6658	99.7433	0.5762	0.5761	0.02115	98.2464	208	0.9851	21	0.092	0.9846	99.6416	99.769	0.1853	1.04	AlfI:99.70,AloI:99.60,BcgI:99.77,FalI:99.78	2207	208	1903	25	7.6875	ok	99.6658	gamma	99.7279	99.57	77.24	98.624	321	436
GCA_902776005.1__GCA_902779955.1	GCA_902776005.1	GCA_902779955.1	97-100	train	98.78	strict		CACYOI010000001.1	CACZDQ010000001.1	99.4143	99.6212	0.72	0.7433	0.01749	98.7205	219	0.9626	146	0.092	0.9771	99.3799	99.6842	0.181	2.49	AlfI:99.64,AloI:99.61,BcgI:99.64,FalI:99.46	4296	219	4148	83	18.1553	ok	99.4143	gamma	99.4575	99.16	82.12	98.6783	539	768
GCA_902776485.1__GCA_902798175.1	GCA_902776485.1	GCA_902798175.1	97-100	test	97.13	strict		CACYQH010000001.1	CADBVR010000001.1	97.7054	98.2187	0.747	0.7951	0.05146	97.3405	48	0.995	11	0.739	0.887	97.4819	98.5713	0.3173	2.27	AlfI:98.32,AloI:98.34,BcgI:98.07,FalI:98.39	2411	48	2683	162	46.5833	ok	97.7054	gamma	97.643	97.3	78.83	97.0952	528	656
GCA_902776905.1__GCA_902780715.1	GCA_902776905.1	GCA_902780715.1	97-100	test	98.58	strict		CACYRT010000001.1	CACZGF010000001.1	98.6497	99.0981	0.9018	0.8905	0.03347	98.7799	30	0.996	11	0.244	0.9447	98.5256	99.2898	0.2775	3.18	AlfI:99.12,AloI:99.13,BcgI:98.92,FalI:99.20	2785	30	3032	417	91.7333	ok	98.6497	gamma	98.657	98.53	89.28	98.5334	921	995
GCA_902777045.1__GCA_902794495.1	GCA_902777045.1	GCA_902794495.1	97-100	test	98.85	strict		CACYSF010000001.1	CADBHS010000001.1	99.5181	99.6718	0.5494	0.6728	0.02833	98.2968	126	0.9556	60	0.086	0.9801	99.4812	99.7269	0.3766	1.91	AlfI:99.37,AloI:99.75,BcgI:99.67,FalI:99.70	2097	126	1495	32	11.2381	ok	99.5181	gamma	99.598	99.26	88.04	98.7965	635	929
GCA_902777565.1__GCA_902779155.1	GCA_902777565.1	GCA_902779155.1	97-100	train	97.3	strict		CACYUJ010000001.1	CACZAP010000001.1	98.0823	98.2665	0.7113	0.7941	0.04401	97.4959	192	0.9584	121	1.476	0.8911	98.0146	98.3813	0.4489	6.64	AlfI:98.34,AloI:98.48,BcgI:98.09,FalI:98.54	3084	192	3411	104	15.526	ok	98.0823	gamma	98.1497	97.44	88.52	97.2533	488	687
GCA_902777795.1__GCA_902789235.1	GCA_902777795.1	GCA_902789235.1	97-100	train	97.76	strict		CACYVF010000001.1	CADANI010000001.1	98.3794	98.8268	0.7468	0.7455	0.03021	97.8018	125	0.9878	51	0.416	0.928	98.1573	99.0676	0.162	1.23	AlfI:98.84,AloI:98.83,BcgI:98.86,FalI:98.70	4476	125	4809	230	34.008	ok	98.3794	gamma	98.2684	97.89	75.04	97.6378	872	1081
GCA_902777795.1__GCA_902795505.1	GCA_902777795.1	GCA_902795505.1	97-100	train	97.82	strict		CACYVF010000001.1	CADBLK010000001.1	98.6624	98.9004	0.6057	0.6945	0.03133	97.5308	139	0.9793	75	0.605	0.9327	98.4636	99.0491	0.1736	1.29	AlfI:98.93,AloI:98.94,BcgI:98.93,FalI:98.76	3905	139	4074	110	26.5396	ok	98.6624	gamma	98.5776	97.96	72.31	97.9105	700	1081
GCA_902780715.1__GCA_902802785.1	GCA_902780715.1	GCA_902802785.1	97-100	test	98.59	strict		CACZGF010000001.1	CADCNK010000001.1	98.7065	99.0846	0.9084	0.8677	0.03333	98.7215	19	0.9986	4	0.278	0.9438	98.591	99.2495	0.2438	2.81	AlfI:99.10,AloI:99.02,BcgI:98.95,FalI:99.20	2861	19	3088	428	147.947	ok	98.7065	gamma	98.719	98.61	86.96	98.5441	941	1005
GCA_902780875.1__GCA_902799165.1	GCA_902780875.1	GCA_902799165.1	97-100	train	97.93	strict		CACZGX010000001.1	CADBZM010000001.1	98.8876	98.9943	0.7817	0.7257	0.0274	98.0254	97	0.9877	53	0.973	0.9387	98.754	99.0709	0.2929	1.48	AlfI:98.99,AloI:98.74,BcgI:99.01,FalI:99.04	4440	97	4713	227	44.7835	ok	98.8876	gamma	98.8522	98.1	73.57	97.9178	834	999
GCA_902781035.1__GCA_902793215.1	GCA_902781035.1	GCA_902793215.1	97-100	train	98.8	strict		CACZHV010000001.1	CADBCR010000001.1	99.3751	99.5724	0.5883	0.616	0.03185	98.1173	140	0.9785	24	0.117	0.9741	99.3207	99.6425	0.0831	0.29	AlfI:99.51,AloI:99.59,BcgI:99.58,FalI:99.60	1646	140	1480	27	8.78571	ok	99.3751	gamma	99.4546	99	82.19	98.645	348	468
GCA_902782365.1__GCA_902794985.1	GCA_902782365.1	GCA_902794985.1	97-100	test	97.77	strict		CACZMY010000001.1	CADBJN010000001.1	98.3021	98.5466	0.5982	0.6965	0.03942	97.3279	242	0.9631	106	0.945	0.9101	98.0997	98.7213	0.1908	0.61	AlfI:98.54,AloI:98.62,BcgI:98.58,FalI:98.43	3256	242	3487	54	12.4298	ok	98.3021	gamma	98.2309	97.83	81.99	97.3471	488	761
GCA_902783145.1__GCA_905206315.1	GCA_902783145.1	GCA_905206315.1	97-100	train	97.93	strict		CACZPO010000001.1	CAJLGQ010000001.1	97.7973	98.3723	0.6658	0.6492	0.13237	96.9589	29	1	0	0.588	0.8993	97.519	98.7645	1.3783	2.13	AlfI:98.55,AloI:98.86,BcgI:97.48,FalI:98.39	355	29	401	27	8.68966	ok	97.7973	gamma	97.9543	97.54	77.49	97.6244	284	313
GCA_902785255.1__GCA_905234415.1	GCA_902785255.1	GCA_905234415.1	97-100	train	97.76	strict		CACZYA010000001.1	CAJOHS010000001.1	98.5636	98.8143	0.6762	0.7692	0.03185	97.8991	229	0.9642	133	0.669	0.9277	98.3385	98.9798	0.2432	2.09	AlfI:98.90,AloI:98.78,BcgI:98.81,FalI:98.66	4104	229	4258	75	16.6201	ok	98.5636	gamma	98.4527	97.65	80.72	97.5828	646	942
GCA_902786785.1__GCA_902795405.1	GCA_902786785.1	GCA_902795405.1	97-100	test	98.07	strict		CADADX010000001.1	CADBLA010000001.1	98.7122	98.8728	0.7328	0.777	0.03392	98.1507	223	0.9665	103	0.739	0.9307	98.6778	98.9393	0.306	2.86	AlfI:98.79,AloI:99.08,BcgI:98.92,FalI:98.77	3415	223	3531	92	14.3094	ok	98.7122	gamma	98.794	98.21	88.36	98.0476	636	830
GCA_902788065.1__GCA_902794915.1	GCA_902788065.1	GCA_902794915.1	97-100	train	97.71	strict		CADAIU010000001.1	CADBJH010000001.1	98.2385	98.7946	0.7489	0.7975	0.03448	97.9065	89	0.9859	47	0.355	0.926	98.0686	99.0621	0.2398	0.97	AlfI:98.80,AloI:98.96,BcgI:98.80,FalI:98.72	3514	89	3844	111	37.8539	ok	98.2385	gamma	98.1947	97.72	80.88	97.727	765	973
GCA_902789235.1__GCA_902795505.1	GCA_902789235.1	GCA_902795505.1	97-100	train	98.38	strict		CADANI010000001.1	CADBLK010000001.1	99.0675	99.2573	0.6563	0.761	0.02428	98.1389	134	0.9828	70	0.365	0.955	98.9012	99.3626	0.2861	2.83	AlfI:99.29,AloI:99.41,BcgI:99.27,FalI:99.12	4306	134	4421	166	30.7612	ok	99.0675	gamma	98.9981	98.35	78.33	98.3146	754	1091
GCA_902789405.1__GCA_902790165.1	GCA_902789405.1	GCA_902790165.1	97-100	train	98.29	strict		CADAOC010000001.1	CADARD010000001.1	99.0713	99.3055	0.6866	0.5681	0.02679	97.8452	160	0.9945	16	0.266	0.9573	98.9338	99.4172	0.0829	0.46	AlfI:99.31,AloI:99.36,BcgI:99.28,FalI:99.34	3331	160	3422	101	19.125	ok	99.0713	gamma	99.0419	98.67	61.55	98.4467	680	834
GCA_902793825.1__GCA_902794885.1	GCA_902793825.1	GCA_902794885.1	97-100	test	99.05	strict		CADBFA010000001.1	CADBJG010000001.1	99.5815	99.7101	0.6432	0.4979	0.01708	98.0344	200	0.9788	65	0.097	0.9824	99.4943	99.7672	0.0196	0.05	AlfI:99.72,AloI:99.72,BcgI:99.71,FalI:99.70	3434	200	3391	82	16.005	ok	99.5815	gamma	99.5719	99.05	56.09	98.436	695	904
GCA_902796015.1__GCA_902802235.1	GCA_902796015.1	GCA_902802235.1	97-100	train	98.63	strict		CADBNK010000001.1	CADCLL010000001.1	99.106	99.1777	0.6001	0.6063	0.03437	97.8402	260	0.9842	31	0.831	0.9502	99.0672	99.2128	0.1858	1.11	AlfI:99.20,AloI:99.04,BcgI:99.11,FalI:99.23	2588	260	2544	30	8.42692	ok	99.106	gamma	99.187	98.54	78.89	98.2777	362	468
GCA_902796665.1__GCA_905196945.1	GCA_902796665.1	GCA_905196945.1	97-100	train	97.98	strict		CADBPT010000001.1	CAJJWT010000001.1	98.1845	98.2883	0.8576	0.8032	0.05541	97.8236	76	0.9933	12	2.444	0.8924	98.1359	98.3578	0.1116	0.29	AlfI:98.23,AloI:98.33,BcgI:98.34,FalI:98.24	1895	76	2130	67	24.2632	ok	98.1845	gamma	98.3043	97.7	82.61	97.6679	436	483
GCA_903813955.1__GCA_903819315.1	GCA_903813955.1	GCA_903819315.1	97-100	train	99.86	strict		CAIIZE010000001.1	CAIJDA010000001.1	99.9052	99.9138	0.6699	0.7834	0.01547	99.0551	99	0.9892	11	0.07	0.9948	99.9045	99.9162	0.1432	1.82	AlfI:99.86,AloI:100.00,BcgI:99.95,FalI:99.92	1291	99	1218	36	11.1515	ok	99.9052	gamma	99.9552	99.64	98.16	99.6293	359	439
GCA_903819625.1__GCA_903831365.1	GCA_903819625.1	GCA_903831365.1	97-100	train	99.4	strict		CAIJEM010000001.1	CAIKXK010000001.1	99.6503	99.7304	0.5611	0.6132	0.01504	98.4521	439	0.975	76	0.097	0.9836	99.6352	99.755	0.0097	0.02	AlfI:99.73,AloI:99.74,BcgI:99.73,FalI:99.73	4451	439	3975	32	7.74943	ok	99.6503	gamma	99.6962	99.48	89.19	98.4594	468	658
GCA_903819625.1__GCA_903917195.1	GCA_903819625.1	GCA_903917195.1	97-100	train	99.35	strict		CAIJEM010000001.1	CAIWZW010000001.1	99.658	99.724	0.7081	0.6296	0.01391	98.8227	486	0.9859	53	0.124	0.9832	99.6294	99.7484	0.0663	0.89	AlfI:99.73,AloI:99.70,BcgI:99.74,FalI:99.68	5134	486	4755	36	8.59877	ok	99.658	gamma	99.6858	99.73	84.78	99.0394	589	658
GCA_903820535.1__GCA_903864235.1	GCA_903820535.1	GCA_903864235.1	97-100	test	100	strict		CAIJIB010000001.1	CAIPEZ010000001.1	99.9995	99.9995	0.9771	0.9602	0.00053	99.949	67	0.9977	14	inf	1	99.9999	99.9993	0.0018	0	AlfI:100.00,AloI:100.00,BcgI:100.00,FalI:100.00	6217	67	6074	431	90.2687	ok	99.9995	uniform	100	99.99	97.7	99.9894	1149	1170
GCA_903820865.1__GCA_903867635.1	GCA_903820865.1	GCA_903867635.1	97-100	train	99.99	strict		CAIJIP010000001.1	CAIPSE010000001.1	99.9992	99.9992	0.9864	0.9864	0.00074	100.097	27	0.9991	4	inf	1	99.9999	99.9991	0.0047	0	AlfI:100.00,AloI:100.00,BcgI:100.00,FalI:100.00	4371	27	4335	777	160.259	ok	99.9992	uniform	100	100	99.98	99.9985	923	927
GCA_903820925.1__GCA_903860705.1	GCA_903820925.1	GCA_903860705.1	97-100	test	99.99	strict		CAIJJG010000001.1	CAIORK010000001.1	99.9814	99.9819	0.6546	0.6883	0.00501	98.972	237	0.95	111	0.07	0.9989	99.9663	99.986	0.0219	0.22	AlfI:99.99,AloI:100.00,BcgI:99.98,FalI:99.98	2843	237	2433	49	9.8903	ok	99.9814	gamma	99.9867	99.95	94.79	99.3927	451	640
GCA_903821125.1__GCA_903860895.1	GCA_903821125.1	GCA_903860895.1	97-100	train	99.65	strict		CAIJJL010000001.1	CAIOSD010000001.1	99.8654	99.8858	0.7876	0.7479	0.01374	99.1784	119	0.9708	56	0.07	0.9931	99.8367	99.8983	0.0594	0.88	AlfI:99.85,AloI:99.85,BcgI:99.91,FalI:99.88	2081	119	2018	88	16.6639	ok	99.8654	gamma	99.8917	99.85	85.18	99.5372	334	409
GCA_903821435.1__GCA_903829215.1	GCA_903821435.1	GCA_903829215.1	97-100	test	99.93	strict		CAIJLE010000001.1	CAIKPG010000001.1	99.9837	99.9841	0.7329	0.8195	0.00332	99.3642	280	0.9534	212	0.07	0.999	99.9787	99.9854	0.0282	2.13	AlfI:99.98,AloI:99.98,BcgI:99.99,FalI:99.96	4781	280	4644	96	16.4929	ok	99.9837	gamma	99.9907	99.97	94.16	99.6541	650	967
GCA_903822265.1__GCA_903879655.1	GCA_903822265.1	GCA_903879655.1	97-100	train	99.78	strict		CAIJON010000001.1	CAIRMI010000001.1	99.8745	99.891	0.8095	0.7074	0.00934	99.1752	263	0.9937	23	0.07	0.9934	99.8638	99.8976	0.0863	1.46	AlfI:99.88,AloI:99.91,BcgI:99.90,FalI:99.82	4082	263	4016	83	14.7605	ok	99.8745	gamma	99.9003	99.91	80.97	99.7749	581	642
GCA_903823235.1__GCA_903861095.1	GCA_903823235.1	GCA_903861095.1	97-100	train	99.75	strict		CAIJSC010000001.1	CAIOSZ010000001.1	99.922	99.922	0.6933	0.695	0.01336	98.8636	89	0.9903	13	inf	0.9953	99.8752	99.9339	0.0782	2.5	AlfI:99.97,AloI:99.91,BcgI:99.89,FalI:99.95	1468	89	1452	69	15.8764	ok	99.922	uniform	99.93	99.45	78.66	99.7206	271	353
GCA_903823235.1__GCA_903880705.1	GCA_903823235.1	GCA_903880705.1	97-100	train	99.66	strict		CAIJSC010000001.1	CAIRQI010000001.1	99.8822	99.8998	0.8086	0.7306	0.01416	99.1922	99	0.9902	15	0.07	0.9939	99.8416	99.9146	0.0739	1.24	AlfI:99.91,AloI:99.95,BcgI:99.88,FalI:99.92	1693	99	1664	115	16.3535	ok	99.8822	gamma	99.9006	99.83	82.92	99.6127	314	353
GCA_903823705.1__GCA_903841775.1	GCA_903823705.1	GCA_903841775.1	97-100	train	99.87	strict		CAIJUA010000001.1	CAIMKE010000001.1	99.9322	99.937	0.7784	0.8522	0.00603	99.4199	272	0.9968	17	0.07	0.9962	99.9232	99.9404	0.0366	1.37	AlfI:99.93,AloI:99.97,BcgI:99.93,FalI:99.95	5629	272	5594	182	20.2316	ok	99.9322	gamma	99.9462	99.87	92.96	99.738	650	764
GCA_903823795.1__GCA_903927125.1	GCA_903823795.1	GCA_903927125.1	97-100	train	99.52	strict		CAIJUE010000001.1	CAIYMA010000001.1	99.7061	99.7404	0.7547	0.7178	0.01146	99.1342	551	0.9767	134	0.152	0.9843	99.7354	99.7416	0.0317	0.16	AlfI:99.74,AloI:99.75,BcgI:99.74,FalI:99.77	6648	551	6381	48	11.1742	ok	99.7061	gamma	99.7768	99.71	86.63	99.1908	610	726
GCA_903824535.1__GCA_903872325.1	GCA_903824535.1	GCA_903872325.1	97-100	train	97.94	strict		CAIJWX010000001.1	CAIQKF010000001.1	98.4804	98.7928	0.5137	0.5496	0.0635	96.9625	106	0.9518	43	0.487	0.9258	98.4333	98.9234	0.4535	1.09	AlfI:98.94,AloI:98.49,BcgI:98.82,FalI:98.75	1154	106	1118	34	9.01887	ok	98.4804	gamma	98.6521	97.94	76.29	97.3689	184	301
GCA_903824795.1__GCA_903958965.1	GCA_903824795.1	GCA_903958965.1	97-100	test	99.95	strict		CAIJYB010000001.1	CAJBVB010000001.1	99.9806	99.9808	0.7529	0.7423	0.0048	99.2736	219	0.9383	170	0.07	0.9988	99.9885	99.9787	0.028	0.24	AlfI:100.00,AloI:99.98,BcgI:99.97,FalI:99.98	3109	219	2824	92	12.7991	ok	99.9806	gamma	99.998	99.93	93.78	99.7225	978	1208
GCA_903825025.1__GCA_903838545.1	GCA_903825025.1	GCA_903838545.1	97-100	test	99.99	strict		CAIJZA010000001.1	CAILYX010000001.1	99.9999	99.9999	0.9143	0.9347	0.38879	99.2986	66	0.994	13	inf	1	99.9999	99.9999	0	0	AlfI:100.00,AloI:100.00,BcgI:100.00,FalI:100.00	2301	66	2246	111	33.6515	ok	99.9999	uniform	100	99.99	99	99.9768	1117	1168
GCA_903825235.1__GCA_903885335.1	GCA_903825235.1	GCA_903885335.1	97-100	train	99.66	strict		CAIJZP010000001.1	CAISIH010000001.1	99.6933	99.7683	0.6815	0.7279	0.01993	98.8346	175	0.9406	114	0.089	0.9859	99.6533	99.7997	0.1086	2	AlfI:99.82,AloI:99.80,BcgI:99.81,FalI:99.72	2224	175	2047	43	11.3143	ok	99.6933	gamma	99.735	99.62	95.88	99.3488	730	956
GCA_903825745.1__GCA_903830245.1	GCA_903825745.1	GCA_903830245.1	97-100	train	99.99	strict		CAIKBW010000001.1	CAIKSV010000001.1	99.9985	99.9985	0.9893	0.9909	0.00105	100.109	24	0.9986	6	0.07	0.9999	99.9999	99.9981	0.0034	0	AlfI:100.00,AloI:100.00,BcgI:100.00,FalI:100.00	4369	24	4341	726	180.667	ok	99.9985	gamma	100	100	100	99.9977	921	931
GCA_903826655.1__GCA_903871525.1	GCA_903826655.1	GCA_903871525.1	97-100	train	99.98	strict		CAIKFG010000001.1	CAIQGW010000001.1	99.9861	99.9861	0.522	0.608	0.00694	98.3965	114	0.9203	68	0.07	0.9992	99.9999	99.9827	0.0232	0	AlfI:100.00,AloI:100.00,BcgI:99.98,FalI:99.98	1073	114	931	24	7.88596	ok	99.9861	gamma	100	99.86	93.75	98.7348	139	269
GCA_903827795.1__GCA_903837615.1	GCA_903827795.1	GCA_903837615.1	97-100	train	99.98	strict		CAIKJQ010000001.1	CAILVD010000001.1	99.9957	99.9957	0.9725	0.9663	0.00213	100.137	61	0.9994	2	inf	0.9997	99.9949	99.9959	0.0075	0.19	AlfI:100.00,AloI:99.99,BcgI:99.99,FalI:100.00	3296	61	3170	206	51.6721	ok	99.9957	uniform	99.9997	99.99	99.1	99.9845	1065	1070
GCA_903828555.1__GCA_903857535.1	GCA_903828555.1	GCA_903857535.1	97-100	test	99.8	strict		CAIKMP010000001.1	CAIOFJ010000001.1	99.9359	99.9453	0.6096	0.5849	0.00865	98.5507	241	0.9953	9	0.07	0.9966	99.8452	99.9722	0.0505	2.22	AlfI:99.94,AloI:99.98,BcgI:99.93,FalI:99.95	2793	241	2527	39	8.97095	ok	99.9359	gamma	99.8932	99.84	79.06	99.6582	639	746
GCA_903828755.1__GCA_903856135.1	GCA_903828755.1	GCA_903856135.1	97-100	test	99.99	strict		CAIKNI010000001.1	CAIOAY010000001.1	99.9952	99.9952	0.8624	0.9508	0.00276	99.8989	52	0.9901	20	inf	0.9997	99.9999	99.9939	0.0101	0.15	AlfI:99.99,AloI:100.00,BcgI:100.00,FalI:99.99	2066	52	2050	163	39.3846	ok	99.9952	uniform	100	99.94	99.32	99.9458	350	407
GCA_903829055.1__GCA_903874865.1	GCA_903829055.1	GCA_903874865.1	97-100	train	99.96	strict		CAIKOP010000001.1	CAIQUC010000001.1	99.9798	99.9801	0.9155	0.8978	0.00293	99.6135	136	0.988	88	0.07	0.9988	99.9798	99.9802	0.0144	0.94	AlfI:99.99,AloI:99.97,BcgI:99.98,FalI:99.98	7420	136	7370	623	54.1838	ok	99.9798	gamma	99.9895	99.95	92.86	99.8992	953	1063
GCA_903829375.1__GCA_903890005.1	GCA_903829375.1	GCA_903890005.1	97-100	test	99.92	strict		CAIKPT010000001.1	CAISZQ010000001.1	99.9412	99.945	0.9598	0.9548	0.00433	99.7406	177	0.9952	45	0.07	0.9967	99.9306	99.9486	0.011	0.15	AlfI:99.94,AloI:99.95,BcgI:99.95,FalI:99.94	9653	177	9482	233	53.1977	ok	99.9412	gamma	99.9476	99.93	98.76	99.9138	1746	1793
GCA_903829985.1__GCA_903860435.1	GCA_903829985.1	GCA_903860435.1	97-100	train	99.86	strict		CAIKSC010000001.1	CAIOQL010000001.1	99.8999	99.9165	0.5768	0.5459	0.02517	98.2189	55	0.9965	1	0.07	0.9949	99.8235	99.942	0.1341	0.21	AlfI:99.93,AloI:100.00,BcgI:99.87,FalI:99.92	504	55	467	12	6.10909	ok	99.8999	gamma	99.9305	99.86	90.02	99.6818	125	136
GCA_903831435.1__GCA_903929145.1	GCA_903831435.1	GCA_903929145.1	97-100	test	99.99	strict		CAIKXP010000001.1	CAIYTI010000001.1	99.9983	99.9983	0.8464	0.8228	0.00121	99.654	260	0.9947	17	inf	0.9999	99.9999	99.9978	0.0032	0	AlfI:100.00,AloI:100.00,BcgI:100.00,FalI:100.00	3627	260	3801	50	13.2192	ok	99.9983	uniform	100	99.99	94.75	99.9829	670	710
GCA_903832185.1__GCA_903837215.1	GCA_903832185.1	GCA_903837215.1	97-100	test	99.87	strict		CAILAN010000001.1	CAILTV010000001.1	99.9048	99.9084	0.8808	0.8763	0.00724	99.6335	229	0.9879	65	0.152	0.9945	99.9114	99.9077	0.0391	1.13	AlfI:99.92,AloI:99.88,BcgI:99.90,FalI:99.90	5609	229	5605	120	24.2009	ok	99.9048	gamma	99.9362	99.89	95.15	99.8145	724	811
GCA_903832305.1__GCA_903909335.1	GCA_903832305.1	GCA_903909335.1	97-100	train	99.84	strict		CAILBA010000001.1	CAIVVJ010000001.1	99.8932	99.9013	0.7097	0.7586	0.01285	99.1268	185	0.9698	55	0.07	0.994	99.9204	99.8961	0.0786	1.71	AlfI:99.92,AloI:99.96,BcgI:99.88,FalI:99.89	2206	185	2067	40	10.5351	ok	99.8932	gamma	99.9568	99.9	97.51	99.6233	689	826
GCA_903832365.1__GCA_903909945.1	GCA_903832365.1	GCA_903909945.1	97-100	test	99.95	strict		CAILBK010000001.1	CAIVXT010000001.1	99.9687	99.9709	0.7029	0.6912	0.00571	99.0873	296	0.9978	5	0.07	0.9982	99.9224	99.9831	0.0154	0.32	AlfI:99.96,AloI:99.98,BcgI:99.97,FalI:99.98	3131	296	2982	22	8.60135	ok	99.9687	gamma	99.9531	99.96	90.47	99.8709	823	864
GCA_903832485.1__GCA_903837715.1	GCA_903832485.1	GCA_903837715.1	97-100	train	99.97	strict		CAILBN010000001.1	CAILVO010000001.1	99.9951	99.9951	0.7552	0.7389	0.00488	99.2182	62	1	0	inf	0.9997	99.9754	99.9999	0.1024	0.01	AlfI:100.00,AloI:99.90,BcgI:100.00,FalI:100.00	687	62	671	24	9.40323	ok	99.9951	uniform	99.9987	99.86	92.17	99.9484	184	187
GCA_903833365.1__GCA_903896845.1	GCA_903833365.1	GCA_903896845.1	97-100	train	99.45	strict		CAILFC010000001.1	CAITZL010000001.1	99.678	99.6967	0.6756	0.6065	0.01738	98.5727	329	0.9812	49	0.303	0.9817	99.7408	99.6857	0.1072	1.07	AlfI:99.71,AloI:99.78,BcgI:99.67,FalI:99.69	3519	329	3253	30	8.76292	ok	99.678	gamma	99.7973	99.7	82.99	99.0539	359	434
GCA_903833645.1__GCA_903931025.1	GCA_903833645.1	GCA_903931025.1	97-100	train	98.2	strict		CAILGD010000001.1	CAIZAX010000001.1	99.0367	99.1349	0.5317	0.591	0.02724	97.7525	433	0.9471	174	0.689	0.9471	99.0277	99.1675	0.281	4.43	AlfI:99.15,AloI:99.36,BcgI:99.08,FalI:99.29	4434	433	3995	40	8.19169	ok	99.0367	gamma	99.1241	98.62	88.19	97.6625	593	1000
GCA_903833765.1__GCA_903903895.1	GCA_903833765.1	GCA_903903895.1	97-100	train	99.95	strict		CAILGK010000001.1	CAIVAM010000001.1	99.9559	99.9559	0.9384	0.9554	0.00768	99.9843	27	0.9971	7	inf	0.9973	99.9455	99.9584	0.0616	0.13	AlfI:99.94,AloI:99.94,BcgI:99.95,FalI:100.00	2417	27	2419	234	89.2593	ok	99.9559	uniform	99.9729	99.86	97.66	99.9337	499	526
GCA_903834125.1__GCA_903897835.1	GCA_903834125.1	GCA_903897835.1	97-100	train	99.89	strict		CAILIE010000001.1	CAIUDE010000001.1	99.967	99.9684	0.6279	0.6168	0.00451	98.933	564	0.978	90	0.07	0.9981	99.9539	99.9719	0.0298	2.53	AlfI:99.98,AloI:99.99,BcgI:99.96,FalI:99.96	5417	564	4998	41	8.10993	ok	99.967	gamma	99.9721	99.8	83.07	98.8755	518	679
GCA_903834125.1__GCA_903913455.1	GCA_903834125.1	GCA_903913455.1	97-100	train	99.91	strict		CAILIE010000001.1	CAIWLG010000001.1	99.979	99.9797	0.7015	0.6426	0.00342	99.1668	591	0.9805	90	0.07	0.9988	99.9616	99.9842	0.0399	0.5	AlfI:99.98,AloI:100.00,BcgI:99.98,FalI:99.96	5931	591	5573	41	8.67005	ok	99.979	gamma	99.9773	99.93	84.01	99.2875	588	679
GCA_903835245.1__GCA_903839075.1	GCA_903835245.1	GCA_903839075.1	97-100	train	99.99	strict		CAILME010000001.1	CAIMAR010000001.1	99.9991	99.9991	0.9895	0.99	0.00085	100.141	22	0.9995	2	inf	0.9999	99.9957	99.9999	0.0116	0	AlfI:100.00,AloI:99.99,BcgI:100.00,FalI:100.00	3789	22	3789	645	171.773	ok	99.9991	uniform	99.9998	100	100	99.9948	983	987
GCA_903835475.1__GCA_903930525.1	GCA_903835475.1	GCA_903930525.1	97-100	train	99.6	strict		CAILND010000001.1	CAIYYY010000001.1	99.7349	99.7937	0.777	0.7817	0.00923	99.4027	624	0.9887	79	0.07	0.9875	99.7349	99.8084	0.068	0.97	AlfI:99.78,AloI:99.76,BcgI:99.80,FalI:99.83	8426	624	7893	66	12.0304	ok	99.7349	gamma	99.7722	99.75	92.36	99.5509	1062	1176
GCA_903835625.1__GCF_001556735.1	GCA_903835625.1	GCF_001556735.1	97-100	test	99.9	strict		CAILNV010000001.1	NZ_LSJO01000001.1	99.9614	99.9636	0.7544	0.7853	0.00392	99.4064	501	0.9569	322	0.07	0.9978	99.9372	99.97	0.0648	9.39	AlfI:99.97,AloI:99.99,BcgI:99.96,FalI:99.93	8129	501	7587	114	15.2555	ok	99.9614	gamma	99.9551	99.79	91.84	99.3478	908	1254
GCA_903835645.1__GCA_903913395.1	GCA_903835645.1	GCA_903913395.1	97-100	test	99.97	strict		CAILNS010000001.1	CAIWKV010000001.1	99.9955	99.9955	0.9541	0.9408	0.00167	99.963	128	0.9963	19	0.07	0.9997	99.9969	99.9952	0.0062	0.03	AlfI:100.00,AloI:99.99,BcgI:100.00,FalI:99.99	5369	128	5280	199	41.1719	ok	99.9955	gamma	99.9998	99.99	98.15	99.9899	1723	1756
GCA_903835775.1__GCA_903889485.1	GCA_903835775.1	GCA_903889485.1	97-100	train	99.98	strict		CAILOH010000001.1	CAISXK010000001.1	99.9963	99.9963	0.9319	0.928	0.00148	99.8616	113	0.9852	77	0.07	0.9998	99.9937	99.9969	0.0078	0.56	AlfI:99.99,AloI:100.00,BcgI:100.00,FalI:100.00	5283	113	5240	268	46.2566	ok	99.9963	gamma	99.9989	99.97	96.2	99.926	1133	1236
GCA_903836845.1__GCA_903927055.1	GCA_903836845.1	GCA_903927055.1	97-100	train	99.39	strict		CAILSL010000001.1	CAIYLT010000001.1	99.7757	99.7846	0.3789	0.3544	0.02256	97.2251	130	0.9893	7	0.234	0.9869	99.8518	99.7669	0.1918	5.01	AlfI:99.89,AloI:99.89,BcgI:99.76,FalI:99.70	1854	130	1439	18	5.96154	ok	99.7757	gamma	99.9123	99.68	80.73	98.8927	546	665
GCA_903837735.1__GCA_903890355.1	GCA_903837735.1	GCA_903890355.1	97-100	train	99.92	strict		CAILVV010000001.1	CAITBA010000001.1	99.9744	99.9749	0.8123	0.8023	0.00316	99.7531	581	0.9783	167	0.07	0.9985	99.9766	99.9745	0.0103	0.65	AlfI:99.98,AloI:99.97,BcgI:99.97,FalI:99.97	10164	581	8360	90	13.9656	ok	99.9744	gamma	99.9865	99.98	94.42	99.7184	1603	1871
GCA_903837745.1__GCA_903896815.1	GCA_903837745.1	GCA_903896815.1	97-100	train	99.99	strict		CAILVP010000001.1	CAITZD010000001.1	99.9935	99.9935	0.9139	0.872	0.00455	99.8758	46	0.992	8	inf	0.9996	99.9999	99.9919	0.014	0	AlfI:100.00,AloI:100.00,BcgI:99.99,FalI:100.00	1074	46	1039	72	22.4565	ok	99.9935	uniform	100	99.99	94.84	99.9648	262	272
GCA_903838455.1__GCA_903852975.1	GCA_903838455.1	GCA_903852975.1	97-100	train	99.74	strict		CAILYB010000001.1	CAINSG010000001.1	99.8523	99.8827	0.7531	0.7605	0.01567	99.1575	123	0.977	33	0.07	0.9929	99.7767	99.9103	0.0936	0.95	AlfI:99.92,AloI:99.83,BcgI:99.88,FalI:99.87	1721	123	1631	53	12.3821	ok	99.8523	gamma	99.8487	99.8	92.91	99.6273	573	658
GCA_903838755.1__GCA_903863065.1	GCA_903838755.1	GCA_903863065.1	97-100	train	99.89	strict		CAILZS010000001.1	CAIPAW010000001.1	99.9585	99.9596	0.8074	0.845	0.00486	99.659	375	0.9514	266	0.07	0.9975	99.9675	99.9576	0.0306	0.53	AlfI:99.96,AloI:99.93,BcgI:99.96,FalI:99.96	6080	375	5569	97	14.8773	ok	99.9585	gamma	99.9818	99.93	98.64	99.5392	893	1168
GCA_903840365.1__GCA_903887125.1	GCA_903840365.1	GCA_903887125.1	97-100	test	99.35	strict		CAIMFS010000001.1	CAISOM010000001.1	99.5301	99.5834	0.3995	0.4247	0.04712	97.1847	70	0.9841	6	0.227	0.9749	99.6158	99.5747	0.2836	2.24	AlfI:99.46,AloI:99.57,BcgI:99.75,FalI:99.54	860	70	647	18	6.3	ok	99.5301	gamma	99.7625	99.48	87.67	98.397	158	232
GCA_903840645.1__GCA_903879355.1	GCA_903840645.1	GCA_903879355.1	97-100	train	99.9	strict		CAIMGW010000001.1	CAIRLK010000001.1	99.9668	99.9681	0.7006	0.6751	0.00422	99.24	601	0.9785	105	0.07	0.9981	99.9548	99.9714	0.0183	0.41	AlfI:99.97,AloI:99.98,BcgI:99.97,FalI:99.96	6368	601	5869	40	8.95008	ok	99.9668	gamma	99.9716	99.93	90.82	99.551	1010	1198
GCA_903840985.1__GCA_903860905.1	GCA_903840985.1	GCA_903860905.1	97-100	train	99.95	strict		CAIMIC010000001.1	CAIOSH010000001.1	99.9796	99.98	0.8611	0.8721	0.00334	99.7734	334	0.9812	104	0.07	0.9988	99.9806	99.9798	0.0148	1.26	AlfI:99.98,AloI:99.99,BcgI:99.98,FalI:99.98	6045	334	5857	84	17.2425	ok	99.9796	gamma	99.9909	99.95	98.12	99.8829	1238	1384
GCA_903841485.1__GCA_903845655.1	GCA_903841485.1	GCA_903845655.1	97-100	train	99.64	strict		CAIMJM010000001.1	CAIMYH010000001.1	99.6864	99.6995	0.8341	0.8442	0.02107	99.3754	156	0.9614	81	0.516	0.9817	99.6833	99.7037	0.1039	1.28	AlfI:99.69,AloI:99.75,BcgI:99.68,FalI:99.78	2264	156	2235	59	13.9359	ok	99.6864	gamma	99.7579	99.58	96.93	99.3014	398	467
GCA_903841725.1__GCA_903940335.1	GCA_903841725.1	GCA_903940335.1	97-100	test	98.56	strict		CAIMJY010000001.1	CAJAKQ010000001.1	98.9294	99.2371	0.5991	0.6894	0.04488	97.9388	103	0.9774	24	0.234	0.9539	98.8365	99.3595	0.1106	0.21	AlfI:99.28,AloI:99.30,BcgI:99.24,FalI:99.19	1396	103	1366	40	11.0874	ok	98.9294	gamma	99.0139	98.67	87.63	98.2691	378	498
GCA_903841775.1__GCA_903921765.1	GCA_903841775.1	GCA_903921765.1	97-100	train	99.86	strict		CAIMKE010000001.1	CAIXRG010000001.1	99.9382	99.9395	0.6946	0.7013	0.0063	99.0733	407	0.9298	338	0.124	0.9963	99.9562	99.9354	0.0471	3.09	AlfI:99.96,AloI:99.98,BcgI:99.93,FalI:99.93	5132	407	4904	55	12.0049	ok	99.9382	gamma	99.9741	99.88	86.01	99.246	453	817
GCA_903841905.1__GCA_903849655.1	GCA_903841905.1	GCA_903849655.1	97-100	train	98.8	strict		CAIMKP010000001.1	CAINJR010000001.1	99.2689	99.3491	0.7064	0.7054	0.01633	98.8349	815	0.9707	205	0.428	0.9607	99.3105	99.3597	0.1881	3.3	AlfI:99.29,AloI:99.48,BcgI:99.36,FalI:99.43	8606	815	8164	77	9.33006	ok	99.2689	gamma	99.3691	99.01	89.89	98.1204	565	734
GCA_903842645.1__GCA_903876355.1	GCA_903842645.1	GCA_903876355.1	97-100	train	99.52	strict		CAIMMU010000001.1	CAIQZV010000001.1	99.7471	99.7875	0.7042	0.727	0.01039	99.1849	606	0.9572	249	0.082	0.9871	99.7865	99.7877	0.1179	1.8	AlfI:99.80,AloI:99.84,BcgI:99.78,FalI:99.72	7073	606	6405	65	10.1832	ok	99.7471	gamma	99.8234	99.71	95.06	98.9686	793	1075
GCA_903842815.1__GCA_903907685.1	GCA_903842815.1	GCA_903907685.1	97-100	train	99.69	strict		CAIMNO010000001.1	CAIVPA010000001.1	99.8444	99.8587	0.7046	0.8186	0.00684	99.4095	550	0.9895	94	0.092	0.9914	99.8705	99.8558	0.1061	10.41	AlfI:99.87,AloI:99.95,BcgI:99.84,FalI:99.88	12582	550	9679	155	17.14	ok	99.8444	gamma	99.8939	99.7	91.27	99.5209	1254	1620
GCA_903843165.1__GCA_903889485.1	GCA_903843165.1	GCA_903889485.1	97-100	train	99.99	strict		CAIMOO010000001.1	CAISXK010000001.1	99.9982	99.9982	0.9319	0.9257	0.00105	99.8613	115	0.985	78	inf	0.9999	99.9969	99.9985	0.0023	0.01	AlfI:100.00,AloI:100.00,BcgI:100.00,FalI:100.00	5269	115	5227	268	45.4261	ok	99.9982	uniform	99.9998	99.96	95.91	99.9254	1130	1233
GCA_903845385.1__GCA_903924745.1	GCA_903845385.1	GCA_903924745.1	97-100	train	99.06	strict		CAIMXG010000001.1	CAIYCQ010000001.1	99.4233	99.5119	0.5734	0.7481	0.03122	98.3516	138	0.956	70	0.259	0.9705	99.4068	99.5409	0.217	2.22	AlfI:99.37,AloI:99.51,BcgI:99.59,FalI:99.46	1765	138	1726	41	12.0145	ok	99.4233	gamma	99.5231	99.4	93.25	98.6214	263	426
GCA_903846065.1__GCA_903913255.1	GCA_903846065.1	GCA_903913255.1	97-100	train	99.9	strict		CAIMZX010000001.1	CAIWKK010000001.1	99.9727	99.9727	0.731	0.7662	0.01221	99.1811	43	0.9944	3	inf	0.9983	99.897	99.9931	0.1016	0.88	AlfI:99.97,AloI:100.00,BcgI:99.90,FalI:99.99	688	43	642	37	13.3953	ok	99.9727	uniform	99.9648	99.93	96.27	99.8261	239	264
GCA_903846165.1__GCA_903875755.1	GCA_903846165.1	GCA_903875755.1	97-100	train	99.98	strict		CAINAB010000001.1	CAIQXH010000001.1	99.9968	99.9968	0.9569	0.9687	0.0012	99.9069	106	0.9973	19	inf	0.9998	99.9977	99.9966	0.0027	0.11	AlfI:100.00,AloI:99.99,BcgI:100.00,FalI:100.00	7348	106	7100	294	66.8113	ok	99.9968	uniform	99.9999	99.98	99.18	99.9785	1343	1387
GCA_903846515.1__GCA_903857725.1	GCA_903846515.1	GCA_903857725.1	97-100	train	99.93	strict		CAINBD010000001.1	CAIOGB010000001.1	99.969	99.9701	0.9243	0.9136	0.00312	99.7968	344	0.9892	104	0.07	0.9982	99.96	99.9725	0.0144	1.67	AlfI:99.98,AloI:99.97,BcgI:99.96,FalI:99.97	10489	344	9850	159	28.6047	ok	99.969	gamma	99.9724	99.97	96.77	99.9211	1316	1419
GCA_903848135.1__GCA_903910075.1	GCA_903848135.1	GCA_903910075.1	97-100	train	99.74	strict		CAINFP010000001.1	CAIVYG010000001.1	99.8636	99.8725	0.8354	0.8559	0.00897	99.5602	287	0.968	157	0.137	0.9923	99.8677	99.8737	0.0453	1.16	AlfI:99.90,AloI:99.88,BcgI:99.86,FalI:99.86	5297	287	5113	106	17.561	ok	99.8636	gamma	99.8997	99.85	96.76	99.5369	705	851
GCA_903848195.1__GCA_903856835.1	GCA_903848195.1	GCA_903856835.1	97-100	train	99.98	strict		CAINFQ010000001.1	CAIODB010000001.1	99.9965	99.9965	0.8337	0.8547	0.00201	99.6721	152	0.9881	31	inf	0.9998	99.9999	99.9956	0.0046	0	AlfI:100.00,AloI:100.00,BcgI:100.00,FalI:100.00	2937	152	2794	86	17.9408	ok	99.9965	uniform	100	100	97.13	99.9349	1131	1225
GCA_903852115.1__GCA_903911315.1	GCA_903852115.1	GCA_903911315.1	97-100	train	99.89	strict		CAINQB010000001.1	CAIWCW010000001.1	99.882	99.8842	0.9153	0.8222	0.01193	99.587	99	0.984	43	0.259	0.993	99.9164	99.8758	0.0725	1.68	AlfI:99.92,AloI:99.89,BcgI:99.85,FalI:99.89	2803	99	2768	176	27.6768	ok	99.882	gamma	99.9495	99.7	88.95	99.7981	704	745
GCA_903853235.1__GCA_903994335.1	GCA_903853235.1	GCA_903994335.1	97-100	test	99.7	strict		CAINSZ010000001.1	CAJEWX010000001.1	99.8832	99.9018	0.5939	0.7209	0.01165	98.6372	102	0.9964	8	0.07	0.9941	99.8414	99.9169	0.0982	2.68	AlfI:99.91,AloI:99.93,BcgI:99.93,FalI:99.83	2444	102	2400	103	22.4706	ok	99.8832	gamma	99.8916	99.36	79.12	99.0068	454	668
GCA_903855505.1__GCA_903866945.1	GCA_903855505.1	GCA_903866945.1	97-100	train	99.97	strict		CAINZF010000001.1	CAIPPG010000001.1	99.9783	99.9783	0.7086	0.6708	0.01084	98.9265	69	0.9939	3	inf	0.9987	99.9227	99.9931	0.0362	0.06	AlfI:99.96,AloI:100.00,BcgI:99.98,FalI:99.98	686	69	640	26	8.04348	ok	99.9783	uniform	99.9789	99.94	90.71	99.7284	160	164
GCA_903858065.1__GCA_903926905.1	GCA_903858065.1	GCA_903926905.1	97-100	train	99.92	strict		CAIOHH010000001.1	CAIYKY010000001.1	99.9372	99.9405	0.8633	0.8381	0.00907	99.6183	128	0.9921	18	0.07	0.9964	99.9401	99.9406	0.0579	3.94	AlfI:99.94,AloI:99.99,BcgI:99.93,FalI:99.93	2488	128	2457	82	18.75	ok	99.9372	gamma	99.9688	99.76	93.32	99.8811	681	717
GCA_903858135.1__GCA_903927455.1	GCA_903858135.1	GCA_903927455.1	97-100	train	99.74	strict		CAIOHQ010000001.1	CAIYNB010000001.1	99.8285	99.8518	0.7965	0.7682	0.0084	99.3258	462	0.9747	159	0.079	0.9911	99.8371	99.8553	0.0327	0.14	AlfI:99.86,AloI:99.87,BcgI:99.85,FalI:99.84	6875	462	6720	108	14.2359	ok	99.8285	gamma	99.8686	99.73	89.72	99.3475	536	668
GCA_903858535.1__GCA_903912005.1	GCA_903858535.1	GCA_903912005.1	97-100	train	99.91	strict		CAIOJC010000001.1	CAIWFL010000001.1	99.9834	99.9838	0.8313	0.8422	0.00371	99.6132	207	0.987	47	0.07	0.999	99.97	99.9872	0.0098	0.18	AlfI:99.98,AloI:99.99,BcgI:99.98,FalI:99.98	3938	207	3822	95	18.3043	ok	99.9834	gamma	99.9859	99.93	93.57	99.8568	783	864
GCA_903858805.1__GCA_903918775.1	GCA_903858805.1	GCA_903918775.1	97-100	train	99.97	strict		CAIOKG010000001.1	CAIXFU010000001.1	99.9954	99.9954	0.9527	0.9428	0.00107	99.5813	188	0.9977	28	0.07	0.9997	99.9909	99.9965	0.007	0.44	AlfI:100.00,AloI:99.99,BcgI:100.00,FalI:100.00	13168	188	12612	376	66.5585	ok	99.9954	gamma	99.9957	99.99	97.26	99.9753	2034	2101
GCA_903860385.1__GCA_903884195.1	GCA_903860385.1	GCA_903884195.1	97-100	train	99.96	strict		CAIOQI010000001.1	CAISDX010000001.1	99.988	99.9882	0.9498	0.9676	0.00157	99.4823	236	0.9981	28	0.07	0.9993	99.9835	99.9893	0.0019	0.01	AlfI:99.99,AloI:99.99,BcgI:99.99,FalI:99.99	15219	236	15070	460	63.2119	ok	99.988	gamma	99.9898	99.98	99.64	99.9703	1887	1964
GCA_903861095.1__GCA_903880705.1	GCA_903861095.1	GCA_903880705.1	97-100	train	99.79	strict		CAIOSZ010000001.1	CAIRQI010000001.1	99.8763	99.8901	0.8235	0.743	0.01481	99.2272	82	0.9874	20	0.07	0.9933	99.8814	99.8923	0.0434	0.5	AlfI:99.92,AloI:99.90,BcgI:99.87,FalI:99.90	1683	82	1666	87	20.1585	ok	99.8763	gamma	99.9315	99.8	81.53	99.771	317	364
GCA_903861215.1__GCA_903867005.1	GCA_903861215.1	GCA_903867005.1	97-100	test	99.98	strict		CAIOTM010000001.1	CAIPPT010000001.1	99.9999	99.9999	0.6984	0.7329	0.76189	97.7253	53	0.961	21	inf	1	99.9999	99.9999	0	0	AlfI:100.00,AloI:100.00,BcgI:100.00,FalI:100.00	649	53	581	40	10.7547	ok	99.9999	uniform	100	99.98	98.35	99.7544	197	247
GCA_903861635.1__GCA_903883725.1	GCA_903861635.1	GCA_903883725.1	97-100	test	99.9	strict		CAIOVC010000001.1	CAISCB010000001.1	99.9076	99.9121	0.8827	0.8448	0.01043	99.6032	102	0.9795	55	0.141	0.9947	99.892	99.9173	0.0591	0.88	AlfI:99.92,AloI:99.96,BcgI:99.90,FalI:99.91	2813	102	2756	173	26.8137	ok	99.9076	gamma	99.9302	99.85	92.7	99.8099	685	751
GCA_903862675.1__GCA_903863635.1	GCA_903862675.1	GCA_903863635.1	97-100	test	99.98	strict		CAIOYZ010000001.1	CAIPDC010000001.1	99.9946	99.9947	0.9429	0.9124	0.00167	99.7082	48	0.9997	2	0.07	0.9997	99.9919	99.9954	0.0146	0.28	AlfI:100.00,AloI:99.99,BcgI:99.99,FalI:100.00	6097	48	6083	493	126.021	ok	99.9946	gamma	99.9978	99.99	92.56	99.9965	985	1022
GCA_903862685.1__GCA_903925335.1	GCA_903862685.1	GCA_903925335.1	97-100	train	99.58	strict		CAIOZE010000001.1	CAIYEV010000001.1	99.8117	99.8319	0.6734	0.6838	0.01515	98.8016	210	0.9803	39	0.106	0.9898	99.8274	99.833	0.0609	0.31	AlfI:99.82,AloI:99.78,BcgI:99.84,FalI:99.84	2620	210	2393	76	10.2381	ok	99.8117	gamma	99.8799	99.81	90.87	99.2819	343	424
GCA_903863065.1__GCA_903909105.1	GCA_903863065.1	GCA_903909105.1	97-100	train	99.81	strict		CAIPAW010000001.1	CAIVUQ010000001.1	99.9095	99.9183	0.8218	0.788	0.00693	99.5523	418	0.9852	75	0.07	0.995	99.8965	99.9237	0.0249	0.51	AlfI:99.91,AloI:99.92,BcgI:99.92,FalI:99.94	6038	418	5572	93	12.9426	ok	99.9095	gamma	99.9234	99.93	93.89	99.6728	864	943
GCA_903863355.1__GCA_903872275.1	GCA_903863355.1	GCA_903872275.1	97-100	test	99.72	strict		CAIPBR010000001.1	CAIQKE010000001.1	99.8201	99.8381	0.7004	0.7606	0.00763	99.4742	796	0.9511	410	0.1	0.99	99.8469	99.8359	0.0312	0.62	AlfI:99.82,AloI:99.83,BcgI:99.84,FalI:99.85	11097	796	9128	66	11.0276	ok	99.8201	gamma	99.873	99.76	96.82	99.1809	1230	1761
GCA_903863915.1__GCA_903915755.1	GCA_903863915.1	GCA_903915755.1	97-100	train	99.96	strict		CAIPDS010000001.1	CAIWUB010000001.1	99.9945	99.9945	0.7805	0.7336	0.0055	99.2648	61	0.9776	12	inf	0.9997	99.9999	99.993	0.014	0	AlfI:100.00,AloI:100.00,BcgI:99.99,FalI:100.00	626	61	606	23	9.59016	ok	99.9945	uniform	100	99.97	91.24	99.79	267	289
GCA_903866155.1__GCA_903874165.1	GCA_903866155.1	GCA_903874165.1	97-100	train	99.99	strict		CAIPMH010000001.1	CAIQRG010000001.1	99.9972	99.9972	0.8565	0.8194	0.0028	99.6345	68	0.9909	10	inf	0.9998	99.9861	99.9999	0.0061	0	AlfI:100.00,AloI:100.00,BcgI:99.99,FalI:100.00	1217	68	1179	51	17.0147	ok	99.9972	uniform	99.9993	99.99	92.35	99.9116	277	304
GCA_903866795.1__GCA_903906845.1	GCA_903866795.1	GCA_903906845.1	97-100	train	99.14	strict		CAIPOW010000001.1	CAIVLO010000001.1	99.1636	99.2796	0.8419	0.712	0.03832	98.5759	77	0.9919	12	0.441	0.9566	99.1192	99.3253	0.173	0.39	AlfI:99.26,AloI:99.20,BcgI:99.27,FalI:99.37	1623	77	1671	150	20.013	ok	99.1636	gamma	99.2614	99.09	78.38	98.9643	299	329
GCA_903867395.1__GCA_903907685.1	GCA_903867395.1	GCA_903907685.1	97-100	train	99.62	strict		CAIPRK010000001.1	CAIVPA010000001.1	99.7776	99.8155	0.691	0.7916	0.00791	99.2745	605	0.993	60	0.092	0.9888	99.7614	99.8286	0.1166	4.92	AlfI:99.84,AloI:99.88,BcgI:99.80,FalI:99.77	11634	605	9484	82	15.0744	ok	99.7776	gamma	99.7938	99.75	88.75	99.4951	1174	1466
GCA_903867425.1__GCA_903894415.1	GCA_903867425.1	GCA_903894415.1	97-100	test	99.9	strict		CAIPRH010000001.1	CAITPW010000001.1	99.9529	99.9564	0.7998	0.809	0.00824	99.4649	147	0.9929	13	0.07	0.9974	99.922	99.965	0.0645	2.08	AlfI:99.98,AloI:100.00,BcgI:99.94,FalI:99.96	2203	147	2125	64	13.4218	ok	99.9529	gamma	99.9577	99.95	98.42	99.9025	536	579
GCA_903867725.1__GCA_903927455.1	GCA_903867725.1	GCA_903927455.1	97-100	train	99.67	strict		CAIPSL010000001.1	CAIYNB010000001.1	99.7778	99.8023	0.8257	0.8332	0.00947	99.4016	395	0.9663	229	0.121	0.9881	99.798	99.8034	0.0516	1	AlfI:99.82,AloI:99.84,BcgI:99.79,FalI:99.80	7151	395	7066	119	17.6278	ok	99.7778	gamma	99.8324	99.77	94.59	99.3124	605	803
GCA_903869215.1__GCA_903915505.1	GCA_903869215.1	GCA_903915505.1	97-100	train	99.45	strict		CAIPYK010000001.1	CAIWTF010000001.1	99.6801	99.747	0.6774	0.65	0.01179	98.8702	588	0.981	93	0.1	0.9848	99.66	99.7685	0.0789	1.67	AlfI:99.72,AloI:99.70,BcgI:99.77,FalI:99.75	6285	588	5924	43	9.15476	ok	99.6801	gamma	99.7089	99.68	84.78	99.1222	660	796
GCA_903869585.1__GCA_903877865.1	GCA_903869585.1	GCA_903877865.1	97-100	test	99.68	strict		CAIPZR010000001.1	CAIRFO010000001.1	99.7551	99.7634	0.8175	0.8173	0.01869	99.3247	147	0.9786	44	0.516	0.9856	99.7345	99.7707	0.0866	1.47	AlfI:99.82,AloI:99.83,BcgI:99.74,FalI:99.75	2295	147	2230	79	14.6667	ok	99.7551	gamma	99.8026	99.68	96.46	99.4617	401	446
GCA_903870845.1__GCA_903881525.1	GCA_903870845.1	GCA_903881525.1	97-100	train	99.84	strict		CAIQEO010000001.1	CAIRTL010000001.1	99.9534	99.9534	0.3942	0.3901	0.02084	97.4351	38	0.9914	2	inf	0.9972	99.9564	99.9526	0.2108	0.48	AlfI:100.00,AloI:99.79,BcgI:99.95,FalI:99.97	415	38	377	19	7.05263	ok	99.9534	uniform	99.9978	99.8	61.35	99.2787	132	183
GCA_903871115.1__GCA_903880575.1	GCA_903871115.1	GCA_903880575.1	97-100	test	99.84	strict		CAIQFK010000001.1	CAIRPV010000001.1	99.9715	99.9713	0.4783	0.4891	0.01432	97.9338	60	0.9467	20	0.07	0.9983	99.9999	99.9637	0.0442	0.06	AlfI:100.00,AloI:100.00,BcgI:99.96,FalI:99.97	612	60	483	18	6.91667	ok	99.9715	gamma	100	99.93	93.77	99.4503	206	280
GCA_903871835.1__GCA_903873465.1	GCA_903871835.1	GCA_903873465.1	97-100	test	99.96	strict		CAIQII010000001.1	CAIQOQ010000001.1	99.9878	99.9881	0.6857	0.6695	0.0042	98.9421	202	0.9943	10	0.07	0.9993	99.9712	99.9925	0.0143	0.01	AlfI:99.99,AloI:100.00,BcgI:99.99,FalI:99.99	2370	202	2280	51	9.61386	ok	99.9878	gamma	99.9902	99.97	90.36	99.8928	909	991
GCA_903872085.1__GCA_903885725.1	GCA_903872085.1	GCA_903885725.1	97-100	train	98.52	strict		CAIQJH010000001.1	CAISJP010000001.1	99.0095	99.0871	0.4805	0.4706	0.06294	97.0117	91	0.9641	22	1.044	0.9449	98.8986	99.1486	0.6148	0.69	AlfI:99.16,AloI:98.55,BcgI:99.12,FalI:99.09	958	91	855	45	7.48352	ok	99.0095	gamma	99.1179	98.21	72.41	97.8356	193	301
GCA_903872635.1__GCA_903912815.1	GCA_903872635.1	GCA_903912815.1	97-100	train	99.98	strict		CAIQLL010000001.1	CAIWIT010000001.1	99.9887	99.989	0.9333	0.911	0.00246	99.8545	178	0.9993	4	0.07	0.9993	99.9752	99.9924	0.0076	0.67	AlfI:99.99,AloI:99.99,BcgI:99.99,FalI:99.99	6118	178	5945	204	33.1292	ok	99.9887	gamma	99.9871	99.97	95.81	99.9818	1073	1092
GCA_903874835.1__GCA_903925215.1	GCA_903874835.1	GCA_903925215.1	97-100	train	99.58	strict		CAIQTS010000001.1	CAIYEL010000001.1	99.8843	99.8946	0.7364	0.7041	0.0152	98.9919	117	0.9812	26	0.07	0.9936	99.9032	99.8924	0.0861	1.2	AlfI:99.89,AloI:99.96,BcgI:99.91,FalI:99.87	1644	117	1538	44	12.6068	ok	99.8843	gamma	99.9495	99.78	89.57	99.5913	545	606
GCA_903877425.1__GCA_903939505.1	GCA_903877425.1	GCA_903939505.1	97-100	test	98.76	strict		CAIRDS010000001.1	CAJAHL010000001.1	99.2647	99.3787	0.553	0.4851	0.03601	97.573	180	0.9669	40	0.286	0.9621	99.3045	99.3998	0.2031	1.1	AlfI:99.36,AloI:99.54,BcgI:99.37,FalI:99.34	1847	180	1650	21	7.5	ok	99.2647	gamma	99.4325	98.63	73.48	98.1203	277	374
GCA_903881285.1__GCA_903902575.1	GCA_903881285.1	GCA_903902575.1	97-100	train	99.85	strict		CAIRSQ010000001.1	CAIUVI010000001.1	99.9041	99.9149	0.8113	0.7889	0.01346	99.4128	137	0.985	21	0.07	0.9948	99.8852	99.9225	0.0636	0.95	AlfI:99.95,AloI:99.89,BcgI:99.91,FalI:99.91	1606	137	1578	57	11.0876	ok	99.9041	gamma	99.9356	99.93	93.62	99.7232	293	324
GCA_903881995.1__GCA_903918775.1	GCA_903881995.1	GCA_903918775.1	97-100	train	99.97	strict		CAIRVL010000001.1	CAIXFU010000001.1	99.9916	99.9917	0.9567	0.9564	0.00144	99.629	202	0.9963	46	0.07	0.9995	99.9871	99.9928	0.0101	1.39	AlfI:99.99,AloI:99.99,BcgI:99.99,FalI:100.00	13365	202	12778	345	62.8366	ok	99.9916	gamma	99.993	99.99	98.82	99.9609	2054	2124
GCA_903882135.1__GCA_903929605.1	GCA_903882135.1	GCA_903929605.1	97-100	train	99.77	strict		CAIRWA010000001.1	CAIYVK010000001.1	99.882	99.8967	0.8485	0.7842	0.00613	99.3035	377	0.9895	90	0.07	0.9938	99.8694	99.9033	0.0451	0.75	AlfI:99.90,AloI:99.87,BcgI:99.89,FalI:99.91	9249	377	8873	158	23.4085	ok	99.882	gamma	99.8939	99.86	84.29	99.7171	1164	1298
GCA_903883795.1__GCA_903893395.1	GCA_903883795.1	GCA_903893395.1	97-100	test	99.43	strict		CAISCJ010000001.1	CAITMA010000001.1	99.6822	99.6912	0.7013	0.7131	0.02318	98.7203	129	0.9758	43	0.605	0.9813	99.7383	99.6788	0.0516	0.21	AlfI:99.72,AloI:99.73,BcgI:99.68,FalI:99.68	2027	129	1953	57	14.4264	ok	99.6822	gamma	99.8103	99.66	84.12	99.1713	325	428
GCA_903884405.1__GCA_903919345.1	GCA_903884405.1	GCA_903919345.1	97-100	train	99.98	strict		CAISEO010000001.1	CAIXHQ010000001.1	99.9999	99.9999	0.4403	0.4141	0.79345	96.3002	66	0.9514	22	inf	1	99.9999	99.9999	0	0	AlfI:100.00,AloI:100.00,BcgI:100.00,FalI:100.00	781	66	567	24	7.5303	ok	99.9999	uniform	100	99.98	77.88	99.4387	162	278
GCA_903884495.1__GCA_903909105.1	GCA_903884495.1	GCA_903909105.1	97-100	train	99.83	strict		CAISFA010000001.1	CAIVUQ010000001.1	99.9135	99.9209	0.8396	0.8211	0.00673	99.656	406	0.9858	74	0.07	0.9952	99.9105	99.9235	0.0189	0.22	AlfI:99.91,AloI:99.91,BcgI:99.92,FalI:99.93	6172	406	5710	114	13.6749	ok	99.9135	gamma	99.9352	99.95	96.07	99.7026	893	975
GCA_903885735.1__GCA_903948135.1	GCA_903885735.1	GCA_903948135.1	97-100	train	99.96	strict		CAISJM010000001.1	CAJAYF010000001.1	99.9855	99.9857	0.8468	0.8381	0.00412	99.6948	197	0.9692	82	0.07	0.9991	99.9824	99.9866	0.0198	1.18	AlfI:99.99,AloI:99.97,BcgI:99.99,FalI:99.97	2914	197	2813	74	14.0914	ok	99.9855	gamma	99.9952	99.97	97.03	99.8969	1096	1216
GCA_903886145.1__GCA_903904315.1	GCA_903886145.1	GCA_903904315.1	97-100	test	97.5	strict		CAISLE010000001.1	CAIVBY010000001.1	98.4437	99.0495	0.501	0.497	0.04069	97.0719	181	0.9809	30	0.214	0.9424	98.3592	99.279	0.2657	0.72	AlfI:99.13,AloI:98.87,BcgI:99.04,FalI:99.02	2337	181	2143	30	9.50829	ok	98.4437	gamma	98.5206	97.81	72.89	97.3182	750	990
GCA_903888535.1__GCA_903911155.1	GCA_903888535.1	GCA_903911155.1	97-100	train	99.77	strict		CAISTZ010000001.1	CAIWCJ010000001.1	99.8883	99.902	0.8888	0.8104	0.00707	99.5937	351	0.9885	69	0.07	0.994	99.875	99.9087	0.0492	2.05	AlfI:99.87,AloI:99.89,BcgI:99.92,FalI:99.89	6723	351	6422	161	17.8718	ok	99.8883	gamma	99.9028	99.88	89.65	99.7664	1176	1247
GCA_903888535.1__GCA_903932365.1	GCA_903888535.1	GCA_903932365.1	97-100	train	99.64	strict		CAISTZ010000001.1	CAIZFW010000001.1	99.7845	99.8279	0.7583	0.7084	0.00978	99.1792	490	0.9603	217	0.073	0.9895	99.77	99.8426	0.0682	0.95	AlfI:99.84,AloI:99.78,BcgI:99.83,FalI:99.83	6438	490	5922	75	11.7082	ok	99.7845	gamma	99.8098	99.75	88.78	99.3901	1007	1247
GCA_903890015.1__GCA_903892685.1	GCA_903890015.1	GCA_903892685.1	97-100	test	98.26	strict		CAISZS010000001.1	CAITJG010000001.1	98.647	98.7208	0.6636	0.6474	0.04698	97.5987	196	0.9606	68	1.911	0.9211	98.5951	98.7659	0.1939	0.54	AlfI:98.60,AloI:98.80,BcgI:98.73,FalI:98.77	2205	196	2103	34	9.45918	ok	98.647	gamma	98.7487	98.22	90.76	97.9605	672	815
GCA_903891225.1__GCA_903925225.1	GCA_903891225.1	GCA_903925225.1	97-100	train	99.58	strict		CAITDV010000001.1	CAIYEK010000001.1	99.9261	99.9261	0.735	0.6576	0.01326	98.9085	115	0.9733	34	inf	0.9955	99.8599	99.9431	0.0411	0.48	AlfI:99.93,AloI:99.91,BcgI:99.95,FalI:99.91	1510	115	1418	56	11.7739	ok	99.9261	uniform	99.9191	99.75	83.75	99.5045	489	572
GCA_903892685.1__GCA_903898705.1	GCA_903892685.1	GCA_903898705.1	97-100	test	99.77	strict		CAITJG010000001.1	CAIUGP010000001.1	99.823	99.8432	0.7732	0.7627	0.01461	99.2358	214	0.9818	38	0.077	0.9905	99.8587	99.8392	0.0816	2.43	AlfI:99.83,AloI:99.89,BcgI:99.81,FalI:99.90	2603	214	2444	54	10.5654	ok	99.823	gamma	99.9053	99.83	96.46	99.6244	698	773
GCA_903893435.1__GCA_903901065.1	GCA_903893435.1	GCA_903901065.1	97-100	test	99.87	strict		CAITMI010000001.1	CAIUPN010000001.1	99.9081	99.9243	0.5538	0.508	0.02184	98.0791	56	0.9966	1	0.07	0.9954	99.8214	99.952	0.164	2.87	AlfI:99.84,AloI:100.00,BcgI:99.84,FalI:99.99	598	56	553	14	6.21429	ok	99.9081	gamma	99.9222	99.92	84.17	99.8069	162	166
GCA_903893645.1__GCA_903895425.1	GCA_903893645.1	GCA_903895425.1	97-100	train	99.98	strict		CAITNC010000001.1	CAITTW010000001.1	99.9954	99.9954	0.9714	0.9669	0.00099	99.534	195	0.9975	37	0.07	0.9997	99.9935	99.9959	0.0035	0.33	AlfI:99.99,AloI:100.00,BcgI:100.00,FalI:100.00	15466	195	14930	443	75.4923	ok	99.9954	gamma	99.9972	99.99	99.15	99.9828	2225	2266
GCA_903894925.1__GCA_903915765.1	GCA_903894925.1	GCA_903915765.1	97-100	train	98.61	strict		CAITRR010000001.1	CAIWUE010000001.1	99.0082	99.0851	0.5014	0.5151	0.04003	97.2928	220	0.9679	44	0.892	0.9441	99.0417	99.0988	0.0697	0.19	AlfI:99.05,AloI:99.10,BcgI:99.12,FalI:99.07	2261	220	1995	19	7.02727	ok	99.0082	gamma	99.1768	98.62	84.91	97.9529	481	646
GCA_903897175.1__GCA_903910525.1	GCA_903897175.1	GCA_903910525.1	97-100	train	99.76	strict		CAIUAP010000001.1	CAIWAA010000001.1	99.8962	99.9208	0.6481	0.6675	0.01088	98.8061	221	0.9871	21	0.07	0.9952	99.7663	99.959	0.0643	1.16	AlfI:99.94,AloI:99.97,BcgI:99.90,FalI:99.92	2327	221	2201	28	8.29864	ok	99.8962	gamma	99.8306	99.87	90.41	99.5848	666	744
GCA_903897835.1__GCA_903913455.1	GCA_903897835.1	GCA_903913455.1	97-100	train	99.85	strict		CAIUDE010000001.1	CAIWLG010000001.1	99.9659	99.9676	0.7228	0.6757	0.00429	99.2327	554	0.98	98	0.07	0.998	99.9449	99.9731	0.0122	0.19	AlfI:99.97,AloI:99.96,BcgI:99.97,FalI:99.96	5995	554	5673	46	9.66968	ok	99.9659	gamma	99.9639	99.91	85.22	99.3169	643	766
GCA_903897845.1__GCA_903911875.1	GCA_903897845.1	GCA_903911875.1	97-100	train	99.47	strict		CAIUDJ010000001.1	CAIWEZ010000001.1	99.7317	99.7383	0.6277	0.7709	0.01549	98.8524	299	0.9612	127	0.65	0.9842	99.7548	99.7341	0.1335	0.83	AlfI:99.75,AloI:99.63,BcgI:99.73,FalI:99.77	3723	299	3586	61	11.5217	ok	99.7317	gamma	99.8072	99.61	93.75	99.0437	497	763
GCA_903898885.1__GCA_903913235.1	GCA_903898885.1	GCA_903913235.1	97-100	train	99.53	strict		CAIUHF010000001.1	CAIWKL010000001.1	99.7829	99.8162	0.6428	0.6814	0.02738	98.6197	72	0.9711	20	0.07	0.9889	99.8221	99.8146	0.1324	0.58	AlfI:99.86,AloI:99.73,BcgI:99.79,FalI:99.84	958	72	837	42	10.3472	ok	99.7829	gamma	99.9071	99.82	94.07	99.4286	228	282
GCA_903900855.1__GCA_903924875.1	GCA_903900855.1	GCA_903924875.1	97-100	train	99.72	strict		CAIUOT010000001.1	CAIYCV010000001.1	99.774	99.7933	0.8146	0.8722	0.01926	99.4488	100	0.9802	34	0.188	0.9875	99.767	99.7999	0.2246	3.14	AlfI:99.84,AloI:99.90,BcgI:99.80,FalI:99.68	1870	100	1842	94	17.79	ok	99.774	gamma	99.8366	99.71	96.94	99.5585	356	410
GCA_903903105.1__GCA_903994335.1	GCA_903903105.1	GCA_903994335.1	97-100	test	99.67	strict		CAIUXH010000001.1	CAJEWX010000001.1	99.8525	99.8721	0.604	0.6855	0.01348	98.5656	120	0.9981	4	0.07	0.9923	99.8582	99.8755	0.1005	1.98	AlfI:99.88,AloI:99.95,BcgI:99.85,FalI:99.89	2367	120	2333	104	18.4417	ok	99.8525	gamma	99.906	99.64	76.64	98.9685	421	585
GCA_903903505.1__GCA_903905345.1	GCA_903903505.1	GCA_903905345.1	97-100	train	99.99	strict		CAIUYY010000001.1	CAIVFX010000001.1	99.986	99.986	0.837	0.8318	0.00403	99.6645	203	0.9845	40	inf	0.9991	99.9713	99.9898	0.0256	0.64	AlfI:99.99,AloI:99.97,BcgI:99.99,FalI:99.98	2979	203	2848	85	13.5074	ok	99.986	uniform	99.9887	99.98	96.44	99.8202	696	744
GCA_903904465.1__GCA_903930105.1	GCA_903904465.1	GCA_903930105.1	97-100	train	99.91	strict		CAIVCW010000001.1	CAIYXN010000001.1	99.9659	99.9675	0.8323	0.7894	0.00311	99.5384	642	0.9946	54	0.07	0.998	99.9497	99.9718	0.0318	1.25	AlfI:99.97,AloI:99.94,BcgI:99.97,FalI:99.97	11215	642	10796	124	16.4579	ok	99.9659	gamma	99.9632	99.95	87.91	99.7973	1476	1570
GCA_903905175.1__GCA_903908075.1	GCA_903905175.1	GCA_903908075.1	97-100	train	99.14	strict		CAIVFO010000001.1	CAIVQR010000001.1	99.6044	99.6335	0.6377	0.5852	0.01397	98.5663	591	0.9818	94	0.392	0.9779	99.5886	99.6448	0.1659	3.12	AlfI:99.58,AloI:99.74,BcgI:99.66,FalI:99.63	7162	591	6134	46	9.5736	ok	99.6044	gamma	99.6413	99.41	74.72	98.4302	866	1122
GCA_903905525.1__GCA_903921315.1	GCA_903905525.1	GCA_903921315.1	97-100	train	99.18	strict		CAIVGU010000001.1	CAIXPM010000001.1	99.2509	99.373	0.6918	0.5579	0.03455	98.0308	171	0.9954	6	0.365	0.9622	99.1281	99.4465	0.19	1.13	AlfI:99.32,AloI:99.24,BcgI:99.31,FalI:99.43	1926	171	1919	41	8.57895	ok	99.2509	gamma	99.2616	99.17	73.97	99.0167	426	444
GCA_903907025.1__GCA_903950355.1	GCA_903907025.1	GCA_903950355.1	97-100	train	99.84	strict		CAIVMP010000001.1	CAJBAK010000001.1	99.9392	99.9433	0.8746	0.8027	0.00467	99.5441	382	0.9916	67	0.07	0.9966	99.9271	99.9473	0.0208	1.11	AlfI:99.95,AloI:99.94,BcgI:99.94,FalI:99.96	9258	382	8366	148	21.6361	ok	99.9392	gamma	99.9457	99.88	88.11	99.7758	1306	1419
GCA_903907545.1__GCA_903912215.1	GCA_903907545.1	GCA_903912215.1	97-100	test	99.81	strict		CAIVOQ010000001.1	CAIWGI010000001.1	99.915	99.9251	0.7548	0.6681	0.00802	99.1527	385	0.989	35	0.07	0.9954	99.873	99.9385	0.0406	0.82	AlfI:99.90,AloI:99.93,BcgI:99.92,FalI:99.94	4077	385	3862	44	9.16623	ok	99.915	gamma	99.9085	99.85	84.31	99.5791	473	512
GCA_903909205.1__GCA_903958055.1	GCA_903909205.1	GCA_903958055.1	97-100	train	98.68	strict		CAIVUY010000001.1	CAJBRU010000001.1	99.1562	99.342	0.5904	0.4916	0.03505	97.6106	181	0.9837	22	0.241	0.9599	99.132	99.4027	0.2467	2.17	AlfI:99.49,AloI:99.46,BcgI:99.32,FalI:99.24	1970	181	1866	28	8.33149	ok	99.1562	gamma	99.2657	98.82	72.14	98.199	320	384
GCA_903910525.1__GCA_903921375.1	GCA_903910525.1	GCA_903921375.1	97-100	train	99.76	strict		CAIWAA010000001.1	CAIXPQ010000001.1	99.9243	99.9329	0.7382	0.6962	0.0099	99.0433	171	0.9757	49	0.07	0.9959	99.8817	99.9455	0.119	0.87	AlfI:99.94,AloI:99.83,BcgI:99.93,FalI:99.94	2423	171	2241	47	12.5146	ok	99.9243	gamma	99.9258	99.82	90.32	99.6779	796	894
GCA_903911155.1__GCA_903932365.1	GCA_903911155.1	GCA_903932365.1	97-100	train	99.65	strict		CAIWCJ010000001.1	CAIZFW010000001.1	99.7695	99.8219	0.7648	0.7826	0.00953	99.3546	507	0.952	292	0.07	0.9891	99.744	99.8416	0.0735	1.38	AlfI:99.83,AloI:99.76,BcgI:99.83,FalI:99.82	6952	507	6474	75	12.43	ok	99.7695	gamma	99.7843	99.77	95.92	99.411	1105	1413
GCA_903911365.1__GCA_903921545.1	GCA_903911365.1	GCA_903921545.1	97-100	test	99.45	strict		CAIWDL010000001.1	CAIXQJ010000001.1	99.7323	99.7589	0.4996	0.5028	0.02129	97.8892	183	0.9782	25	0.194	0.9854	99.7203	99.7692	0.0704	0.79	AlfI:99.74,AloI:99.74,BcgI:99.80,FalI:99.73	2224	183	1825	24	7.12568	ok	99.7323	gamma	99.7973	99.62	91.38	99.1014	798	981
GCA_903913395.1__GCA_903929275.1	GCA_903913395.1	GCA_903929275.1	97-100	test	99.92	strict		CAIWKV010000001.1	CAIYUE010000001.1	99.9749	99.9757	0.9106	0.9434	0.00399	99.8897	156	0.9901	50	0.07	0.9985	99.962	99.9793	0.0129	0.65	AlfI:99.98,AloI:99.97,BcgI:99.98,FalI:99.97	5244	156	5154	199	32.8974	ok	99.9749	gamma	99.9781	99.95	99.15	99.9359	1661	1771
GCA_903914725.1__GCA_903927785.1	GCA_903914725.1	GCA_903927785.1	97-100	train	98.78	strict		CAIWPY010000001.1	CAIYOF010000001.1	98.9919	99.198	0.6657	0.4734	0.04896	97.5162	95	0.9365	69	0.303	0.9513	98.9939	99.2604	0.2769	0.84	AlfI:99.05,AloI:99.33,BcgI:99.25,FalI:99.17	1203	95	1189	58	11.7053	ok	98.9919	gamma	99.172	98.74	59.39	98.259	185	277
GCA_903915245.1__GCA_903925895.1	GCA_903915245.1	GCA_903925895.1	97-100	train	99.54	strict		CAIWSE010000001.1	CAIYHD010000001.1	99.6762	99.7357	0.7562	0.7035	0.01044	99.1694	700	0.9881	80	0.121	0.984	99.6567	99.7554	0.0652	0.8	AlfI:99.72,AloI:99.79,BcgI:99.74,FalI:99.75	8182	700	7904	51	10.4786	ok	99.6762	gamma	99.6993	99.71	87.2	99.3088	829	919
GCA_903916585.1__GCA_903924425.1	GCA_903916585.1	GCA_903924425.1	97-100	test	99.74	strict		CAIWXB010000001.1	CAIYBM010000001.1	99.8529	99.8748	0.8775	0.8623	0.00616	99.6049	530	0.9888	112	0.07	0.9925	99.8431	99.8824	0.0313	0.87	AlfI:99.89,AloI:99.87,BcgI:99.87,FalI:99.86	10741	530	10509	154	19.683	ok	99.8529	gamma	99.8681	99.78	93.92	99.6633	950	1040
GCA_903922225.1__GCA_903926485.1	GCA_903922225.1	GCA_903926485.1	97-100	test	99.92	strict		CAIXTE010000001.1	CAIYJG010000001.1	99.9782	99.9788	0.8154	0.8262	0.00225	99.5085	715	0.997	38	0.07	0.9987	99.9692	99.981	0.0212	0.82	AlfI:99.98,AloI:99.96,BcgI:99.98,FalI:99.99	13812	715	13431	144	18.5399	ok	99.9782	gamma	99.9786	99.94	90.17	99.8554	1333	1465
GCA_903933355.1__GCA_903960955.1	GCA_903933355.1	GCA_903960955.1	97-100	train	99.07	strict		CAIZJR010000001.1	CAJCCS010000001.1	99.4458	99.5355	0.5317	0.5252	0.02895	97.8301	218	0.9742	34	0.214	0.9719	99.4621	99.5553	0.1519	1.82	AlfI:99.53,AloI:99.64,BcgI:99.49,FalI:99.64	2222	218	1874	21	6.88073	ok	99.4458	gamma	99.5686	99.39	87.89	98.7179	377	501
GCA_903933745.1__GCA_903960435.1	GCA_903933745.1	GCA_903960435.1	97-100	test	99.85	strict		CAIZLG010000001.1	CAJCAU010000001.1	99.9229	99.9311	0.828	0.816	0.00446	99.7625	768	0.9969	31	0.07	0.9958	99.89	99.9412	0.0211	0.94	AlfI:99.93,AloI:99.92,BcgI:99.94,FalI:99.92	12496	768	11202	188	13.9909	ok	99.9229	gamma	99.91	99.92	93.5	99.7335	1726	1822
GCA_903933835.1__GCA_903936745.1	GCA_903933835.1	GCA_903936745.1	97-100	train	99.87	strict		CAIZLL010000001.1	CAIZWS010000001.1	99.9291	99.9327	0.9078	0.8895	0.00602	99.6521	159	0.9901	58	0.07	0.9959	99.9445	99.9299	0.0516	1.69	AlfI:99.94,AloI:99.91,BcgI:99.92,FalI:99.96	6060	159	5974	244	37.3333	ok	99.9291	gamma	99.9632	99.88	93.62	99.8548	1109	1203
GCA_903937105.1__GCA_903939605.1	GCA_903937105.1	GCA_903939605.1	97-100	test	99.85	strict		CAIZXY010000001.1	CAJAHP010000001.1	99.9027	99.9171	0.9453	0.9366	0.01005	99.9374	62	0.9908	24	0.07	0.9949	99.8524	99.9331	0.0908	3.89	AlfI:99.91,AloI:99.89,BcgI:99.91,FalI:99.98	2686	62	2666	324	42.7097	ok	99.9027	gamma	99.8982	99.87	98.11	99.8461	417	434
GCA_903937715.1__GCA_903945645.1	GCA_903937715.1	GCA_903945645.1	97-100	test	99.58	strict		CAJAAL010000001.1	CAJAWJ010000001.1	99.908	99.9171	0.6674	0.703	0.00904	99.018	327	0.9385	190	0.07	0.995	99.8998	99.9213	0.0623	1.13	AlfI:99.91,AloI:99.96,BcgI:99.92,FalI:99.90	3698	327	3304	39	9.86544	ok	99.908	gamma	99.9336	99.86	96.9	99.3684	581	836
GCA_903938505.1__GCA_903944685.1	GCA_903938505.1	GCA_903944685.1	97-100	train	99.47	strict		CAJADI010000001.1	CAJASN010000001.1	99.6921	99.7306	0.7582	0.7474	0.01638	99.0649	268	0.9846	44	0.178	0.9838	99.6762	99.7442	0.0991	0.62	AlfI:99.76,AloI:99.79,BcgI:99.73,FalI:99.69	3447	268	3282	84	11.4851	ok	99.6921	gamma	99.7394	99.64	91.02	99.1752	369	416
GCA_903938865.1__GCA_903953635.1	GCA_903938865.1	GCA_903953635.1	97-100	train	99.08	strict		CAJAEX010000001.1	CAJBKQ010000001.1	99.4653	99.5465	0.7178	0.7179	0.01499	98.9179	599	0.9707	171	0.206	0.9727	99.5088	99.5561	0.1053	1.16	AlfI:99.51,AloI:99.60,BcgI:99.56,FalI:99.61	6974	599	6586	54	10.4457	ok	99.4653	gamma	99.5643	99.44	90.25	98.6611	575	730
GCA_903939585.1__GCA_903959885.1	GCA_903939585.1	GCA_903959885.1	97-100	train	99.63	strict		CAJAHO010000001.1	CAJBYQ010000001.1	99.8092	99.8379	0.6454	0.6243	0.01323	98.6828	317	0.9761	59	0.07	0.9902	99.8325	99.8392	0.1856	1.7	AlfI:99.82,AloI:99.91,BcgI:99.85,FalI:99.72	3194	317	2967	49	8.60252	ok	99.8092	gamma	99.8793	99.7	84.25	99.0452	306	402
GCA_903940335.1__GCA_903959055.1	GCA_903940335.1	GCA_903959055.1	97-100	test	99.78	strict		CAJAKQ010000001.1	CAJBVJ010000001.1	99.7968	99.8599	0.8594	0.809	0.01737	99.4661	102	0.9986	2	0.07	0.9915	99.6644	99.9106	0.1355	2.26	AlfI:99.85,AloI:99.96,BcgI:99.88,FalI:99.82	1589	102	1582	60	14.5686	ok	99.7968	gamma	99.7552	99.77	91.25	99.6909	437	450
GCA_903943905.1__GCA_903960655.1	GCA_903943905.1	GCA_903960655.1	97-100	train	99.53	strict		CAJAPR010000001.1	CAJCBR010000001.1	99.8006	99.8156	0.6194	0.7246	0.01461	98.8235	276	0.946	139	0.17	0.9889	99.8103	99.8169	0.0569	0.54	AlfI:99.78,AloI:99.83,BcgI:99.82,FalI:99.83	3066	276	2800	52	9.81522	ok	99.8006	gamma	99.8618	99.74	95.66	98.8795	294	492
GCA_903944965.1__GCA_903958415.1	GCA_903944965.1	GCA_903958415.1	97-100	train	99.93	strict		CAJAUA010000001.1	CAJBTB010000001.1	99.9732	99.9742	0.7382	0.7452	0.00357	99.3827	536	0.9857	84	0.07	0.9984	99.9555	99.9789	0.0251	1.37	AlfI:99.96,AloI:99.99,BcgI:99.98,FalI:99.98	7111	536	6610	69	11.819	ok	99.9732	gamma	99.9712	99.85	89.98	99.5936	978	1160
GCA_903945405.1__GCA_903951815.1	GCA_903945405.1	GCA_903951815.1	97-100	test	99.98	strict		CAJAVL010000001.1	CAJBDI010000001.1	99.9965	99.9965	0.9629	0.9571	0.00154	100.073	90	0.9962	17	inf	0.9998	99.993	99.9974	0.0103	0.9	AlfI:99.99,AloI:100.00,BcgI:100.00,FalI:99.99	5293	90	4658	236	51.0889	ok	99.9965	uniform	99.9988	99.99	98.2	99.9874	858	882
GCA_903949315.1__GCA_903951805.1	GCA_903949315.1	GCA_903951805.1	97-100	train	99.97	strict		CAJAZD010000001.1	CAJBDL010000001.1	99.9915	99.9917	0.856	0.826	0.00221	99.6424	299	0.9857	73	0.07	0.9995	99.9726	99.9963	0.0236	2.92	AlfI:100.00,AloI:100.00,BcgI:99.99,FalI:99.98	5601	299	5438	102	17.8462	ok	99.9915	gamma	99.9857	99.9	93.62	99.8022	1235	1332
GCA_903950175.1__GCA_903953075.1	GCA_903950175.1	GCA_903953075.1	97-100	test	99.97	strict		CAJAZQ010000001.1	CAJBID010000001.1	99.9804	99.9812	0.653	0.5334	0.00383	98.6781	429	0.9926	23	0.07	0.9989	99.9517	99.9883	0.0237	2.4	AlfI:99.97,AloI:99.98,BcgI:99.99,FalI:99.99	4391	429	4119	42	8.17483	ok	99.9804	gamma	99.9721	99.9	74.19	99.5784	662	725
GCA_903950265.1__GCA_903955405.1	GCA_903950265.1	GCA_903955405.1	97-100	train	99.39	strict		CAJBAA010000001.1	CAJBNI010000001.1	99.6059	99.6902	0.5648	0.5023	0.02396	97.9648	198	0.9894	12	0.117	0.9812	99.5884	99.7165	0.0604	0.12	AlfI:99.70,AloI:99.64,BcgI:99.69,FalI:99.70	2022	198	1806	29	6.68182	ok	99.6059	gamma	99.6831	99.71	80.07	98.8377	353	409
GCA_903951895.1__GCA_903954235.1	GCA_903951895.1	GCA_903954235.1	97-100	test	99.68	strict		CAJBDT010000001.1	CAJBMS010000001.1	99.9016	99.9153	0.5457	0.5193	0.01392	98.1954	169	0.9733	28	0.07	0.9949	99.8553	99.9308	0.0233	0.07	AlfI:99.92,AloI:99.93,BcgI:99.91,FalI:99.92	1841	169	1484	29	7.02959	ok	99.9016	gamma	99.9144	99.84	90.39	99.4019	539	674
GCA_903953795.1__GCA_903959245.1	GCA_903953795.1	GCA_903959245.1	97-100	train	99.76	strict		CAJBKY010000001.1	CAJBWF010000001.1	99.9374	99.9374	0.4293	0.4487	0.02364	97.6483	40	0.9956	1	0.07	0.9962	99.9999	99.9203	0.0895	0.27	AlfI:100.00,AloI:100.00,BcgI:99.96,FalI:99.91	458	40	394	11	6.7	ok	99.9374	gamma	100	99.83	88.35	99.1967	127	163
GCA_903955405.1__GCA_903960955.1	GCA_903955405.1	GCA_903960955.1	97-100	train	98.47	strict		CAJBNI010000001.1	CAJCCS010000001.1	99.1189	99.2588	0.4836	0.4916	0.03852	97.3341	190	0.9629	45	0.392	0.955	99.0733	99.3135	0.238	2.42	AlfI:99.33,AloI:99.37,BcgI:99.16,FalI:99.40	2063	190	1736	26	7.15263	ok	99.1189	gamma	99.2159	98.89	85.47	98.1786	387	575
GCA_903955645.1__GCA_903958725.1	GCA_903955645.1	GCA_903958725.1	97-100	test	99.57	strict		CAJBNQ010000001.1	CAJBUK010000001.1	99.8039	99.8237	0.6551	0.6991	0.01062	98.9251	464	0.9673	146	0.129	0.9894	99.8079	99.8275	0.0525	1.68	AlfI:99.79,AloI:99.84,BcgI:99.84,FalI:99.80	5259	464	5014	81	10.3017	ok	99.8039	gamma	99.8473	99.7	87.17	98.5914	404	597
GCA_904373315.1__GCA_905214395.1	GCA_904373315.1	GCA_905214395.1	97-100	train	97.08	strict		CAJFFT010000001.1	CAJMME010000001.1	96.5944	98.3642	0.6605	0.5867	0.10443	96.6462	48	0.9573	21	0.259	0.899	96.9365	99.0387	0.5751	1.92	AlfI:98.69,AloI:98.19,BcgI:98.76,FalI:98.22	598	48	672	31	10.8125	ok	96.5944	gamma	97.2918	97.7	70.88	96.8423	453	542
GCA_904385455.1__GCA_905209125.1	GCA_904385455.1	GCA_905209125.1	97-100	train	97.93	strict		CAJFKG010000001.1	CAJLRS010000001.1	98.6231	98.7908	0.6146	0.6584	0.04521	97.5304	178	0.9366	121	0.892	0.9248	98.4945	98.8988	0.2275	1.25	AlfI:98.84,AloI:98.75,BcgI:98.67,FalI:98.90	2301	178	2202	52	11.0449	ok	98.6231	gamma	98.6486	97.87	87.95	97.6708	515	763
GCA_904390505.1__GCA_904394675.1	GCA_904390505.1	GCA_904394675.1	97-100	train	98.56	strict		CAJFLV010000001.1	CAJFNI010000001.1	98.7999	99.2917	0.7331	0.7318	0.05123	98.3487	74	0.9763	21	0.129	0.9575	98.8257	99.4436	0.4293	0.4	AlfI:98.98,AloI:99.36,BcgI:99.41,FalI:99.29	1054	74	1060	41	12.7027	ok	98.7999	gamma	99.0314	98.35	83.34	98.0642	391	458
GCA_904392065.1__GCA_904418945.1	GCA_904392065.1	GCA_904418945.1	97-100	test	98.83	strict		CAJFMO010000001.1	CAJFPP010000001.1	99.0885	99.267	0.8016	0.7978	0.03359	98.6979	123	0.9638	77	0.355	0.9547	98.9776	99.3567	0.1376	0.72	AlfI:99.26,AloI:99.17,BcgI:99.31,FalI:99.31	2440	123	2331	69	17.6504	ok	99.0885	gamma	99.106	98.91	88.9	98.7547	648	779
GCA_904394205.1__GCA_904419795.1	GCA_904394205.1	GCA_904419795.1	97-100	train	98.77	strict		CAJFNG010000001.1	CAJFSW010000001.1	98.8084	99.1465	0.8239	0.7617	0.03889	98.5432	147	0.9969	5	0.278	0.9477	98.6752	99.2975	0.2747	2.86	AlfI:99.26,AloI:99.07,BcgI:98.98,FalI:99.21	1921	147	2057	74	12.102	ok	98.8084	gamma	98.8273	98.7	82.48	98.6049	456	486
GCA_904418855.1__GCA_904420475.1	GCA_904418855.1	GCA_904420475.1	97-100	test	98.43	strict		CAJFQA010000001.1	CAJFVM010000001.1	99.0189	99.1687	0.651	0.688	0.03518	98.0624	186	0.9592	83	0.516	0.9488	98.8914	99.2552	0.1787	1.05	AlfI:99.23,AloI:99.05,BcgI:99.14,FalI:99.22	2521	186	2387	58	11.4892	ok	99.0189	gamma	99.0226	98.69	87.84	98.2492	524	719
GCA_904418865.1__GCA_905214975.1	GCA_904418865.1	GCA_905214975.1	97-100	train	99.51	strict		CAJFPL010000001.1	CAJMOG010000001.1	99.6154	99.6314	0.5473	0.8134	0.03157	98.506	58	0.9908	11	0.669	0.9777	99.5885	99.6432	0.068	0.16	AlfI:99.64,AloI:99.67,BcgI:99.60,FalI:99.64	1278	58	1284	79	21.3448	ok	99.6154	gamma	99.6997	99.43	88.39	99.285	314	547
GCA_904418895.1__GCA_904419325.1	GCA_904418895.1	GCA_904419325.1	97-100	train	98.63	strict		CAJFPR010000001.1	CAJFRF010000001.1	98.9281	99.1342	0.8161	0.8502	0.02766	98.7133	205	0.9547	166	0.416	0.9471	98.8032	99.2365	0.1574	1.46	AlfI:99.15,AloI:99.02,BcgI:99.18,FalI:99.04	3809	205	3999	74	18.0732	ok	98.9281	gamma	98.9082	98.76	94.09	98.5739	696	880
GCA_904420165.1__GCA_905210585.1	GCA_904420165.1	GCA_905210585.1	97-100	train	99.18	strict		CAJFUG010000001.1	CAJLXH010000001.1	99.2957	99.356	0.7531	0.5401	0.03643	98.107	159	0.9984	2	0.669	0.9607	99.2125	99.398	0.0707	0.25	AlfI:99.34,AloI:99.40,BcgI:99.33,FalI:99.39	1660	159	1705	29	8.67296	ok	99.2957	gamma	99.3462	98.99	65.35	99.1294	354	376
GCA_905182205.1__GCA_905478585.1	GCA_905182205.1	GCA_905478585.1	97-100	test	98.17	strict		CAJJAF010000001.1	CAJQJA010000001.1	98.3071	98.7832	0.8875	0.6915	0.06301	98.0274	20	0.9851	16	0.365	0.9257	98.2178	98.9971	0.2342	0.45	AlfI:98.82,AloI:98.98,BcgI:98.78,FalI:98.74	1085	20	1212	191	53.9	ok	98.3071	gamma	98.4414	98.29	70.95	98.0222	519	573
GCA_905192665.1__GCF_000312405.1	GCA_905192665.1	GCF_000312405.1	97-100	train	98.31	strict		CAJJLJ010000001.1	NZ_HE997173.1	98.5889	98.9234	0.8418	0.856	0.04041	98.4912	54	0.9973	6	0.392	0.9346	98.4803	99.0769	0.7059	6.58	AlfI:98.75,AloI:99.45,BcgI:98.92,FalI:98.95	2372	54	2469	188	41.3889	ok	98.5889	gamma	98.6275	98.6	82.73	98.1653	555	617
GCA_905192665.1__GCF_001437235.1	GCA_905192665.1	GCF_001437235.1	97-100	train	97.31	strict		CAJJLJ010000001.1	NZ_JQBA01000001.1	97.7269	98.1711	0.795	0.7281	0.05634	97.3201	69	0.9874	24	0.761	0.8862	97.6325	98.4297	0.6106	2.98	AlfI:97.95,AloI:98.56,BcgI:98.08,FalI:98.30	2106	69	2323	102	28.2754	ok	97.7269	gamma	97.8065	97.27	75.34	97.0779	532	617
GCA_905200605.1__GCF_007833235.1	GCA_905200605.1	GCF_007833235.1	97-100	train	99.13	strict		CAJKLF010000001.1	NZ_CP042242.1	99.3089	99.5529	0.9346	0.9049	0.02019	99.358	57	0.9972	10	0.107	0.9728	99.2666	99.6303	0.0615	0.45	AlfI:99.58,AloI:99.60,BcgI:99.53,FalI:99.56	3604	57	3734	328	62.5263	ok	99.3089	gamma	99.3548	99.26	91.01	99.1535	741	759
GCA_905205595.1__GCF_014385405.1	GCA_905205595.1	GCF_014385405.1	97-100	train	98.61	strict		CAJLED010000001.1	NZ_JACRTP010000001.1	98.721	99.1047	0.802	0.767	0.0353	98.3223	58	0.9934	16	0.286	0.9455	98.5566	99.287	0.2744	2.35	AlfI:99.26,AloI:98.98,BcgI:99.14,FalI:99.04	2593	58	2721	291	42.4483	ok	98.721	gamma	98.6949	98.31	76.42	98.1782	885	1042
GCA_905208865.1__GCA_910573935.1	GCA_905208865.1	GCA_910573935.1	97-100	train	98.93	strict		CAJLQU010000001.1	CAJTAB010000001.1	99.1366	99.3438	0.8524	0.6636	0.02639	98.561	200	0.9982	5	0.251	0.9601	99.0307	99.4355	0.0842	0.41	AlfI:99.28,AloI:99.37,BcgI:99.36,FalI:99.36	3174	200	3328	120	15.03	ok	99.1366	gamma	99.1366	98.99	73.14	98.9712	528	553
GCA_905209245.1__GCF_003471485.1	GCA_905209245.1	GCF_003471485.1	97-100	test	99.36	strict		CAJLSG010000001.1	NZ_QRJF01000001.1	99.4006	99.5456	0.8758	0.7526	0.03068	99.0128	90	0.9847	25	0.173	0.9726	99.3125	99.6155	0.3153	1.79	AlfI:99.36,AloI:99.42,BcgI:99.68,FalI:99.55	1808	90	1807	52	18.9	ok	99.4006	gamma	99.4357	99.12	79.31	99.1313	648	703
GCA_905210685.1__GCF_003358645.1	GCA_905210685.1	GCF_003358645.1	97-100	train	99.56	strict		CAJLXR010000001.1	NZ_QOOB01000090.1	99.7577	99.8337	0.8416	0.8334	0.00981	99.2554	101	0.9937	34	0.07	0.9899	99.6483	99.8801	0.1452	4.23	AlfI:99.86,AloI:99.71,BcgI:99.85,FalI:99.77	6350	101	5681	257	54.4356	ok	99.7577	gamma	99.6988	99.33	86.09	99.2669	1400	1575
GCA_905212895.1__GCF_003570845.1	GCA_905212895.1	GCF_003570845.1	97-100	test	99.64	strict		CAJMGG010000001.1	NZ_QWKU01000001.1	99.6225	99.6956	0.8059	0.7426	0.03379	99.0078	76	0.9987	1	0.156	0.9815	99.5313	99.7416	0.2201	1.21	AlfI:99.68,AloI:99.83,BcgI:99.61,FalI:99.71	950	76	951	57	11	ok	99.6225	gamma	99.6682	99.63	86.68	99.4637	305	309
GCA_905214355.1__GCA_905373145.1	GCA_905214355.1	GCA_905373145.1	97-100	train	99.48	strict		CAJMMB010000001.1	CAJPSA010000001.1	99.6181	99.6391	0.8012	0.8061	0.01717	99.1801	277	0.9641	134	0.502	0.9781	99.6076	99.6471	0.1105	0.46	AlfI:99.64,AloI:99.70,BcgI:99.63,FalI:99.59	4028	277	3995	78	13.9892	ok	99.6181	gamma	99.6708	99.42	93.64	99.182	673	819
GCA_905373635.1__GCF_900610365.1	GCA_905373635.1	GCF_900610365.1	97-100	train	99.58	strict		CAJPTR010000001.1	NZ_LR584267.1	99.6658	99.7288	0.9072	0.8813	0.01775	99.5235	84	0.9996	1	0.147	0.9835	99.5814	99.7668	0.0789	0.36	AlfI:99.73,AloI:99.69,BcgI:99.73,FalI:99.76	2797	84	2864	347	32.9643	ok	99.6658	gamma	99.6579	99.53	89.9	99.4268	534	548
GCA_905373865.1__GCF_000293155.1	GCA_905373865.1	GCF_000293155.1	97-100	test	99.17	strict		CAJPUB010000001.1	NZ_ALNL01000001.1	99.2909	99.3565	0.94	0.7836	0.0324	98.9816	35	0.993	14	0.65	0.9609	99.1775	99.4074	0.2252	1.49	AlfI:99.28,AloI:99.51,BcgI:99.39,FalI:99.30	2032	35	2115	242	57.4	ok	99.2909	gamma	99.3003	98.88	78.99	98.9809	489	511
GCA_905373865.1__GCF_013394805.1	GCA_905373865.1	GCF_013394805.1	97-100	test	99.13	strict		CAJPUB010000001.1	NZ_JABXYR010000001.1	99.2429	99.3019	0.9418	0.8544	0.0338	99.1044	27	0.997	6	0.831	0.9575	99.125	99.3531	0.0871	0.25	AlfI:99.26,AloI:99.30,BcgI:99.31,FalI:99.34	2035	27	2117	320	74.5185	ok	99.2429	gamma	99.2512	99	79.83	99.0116	493	511
GCA_905618875.1__GCA_905620435.1	GCA_905618875.1	GCA_905620435.1	97-100	train	98.01	low-AF		CAJQTB010000001.1	CAJQTM010000001.1	98.2385	98.7904	0.3686	0.3498	0.15367	95.8786	12	1	0	0.376	0.9263	97.9896	99.0944	0.9749	2	AlfI:98.40,AloI:99.08,BcgI:99.37,FalI:98.64	206	12	208	24	13	ok	98.2385	gamma	98.5451	96.65	45.02	96.6182	110	215
GCA_910575785.1__GCA_910585185.1	GCA_910575785.1	GCA_910585185.1	97-100	test	99.56	strict		CAJTFV010000001.1	CAJUBV010000001.1	99.6031	99.7393	0.6132	0.8554	0.01685	98.7667	71	0.9942	17	0.082	0.9843	99.5089	99.7999	0.0693	0.71	AlfI:99.76,AloI:99.77,BcgI:99.74,FalI:99.70	3233	71	3138	229	42.1831	ok	99.6031	gamma	99.5885	99.39	89.91	99.3433	892	1310
GCA_910575905.1__GCA_910584755.1	GCA_910575905.1	GCA_910584755.1	97-100	test	99.18	low-AF		CAJTGL010000001.1	CAJUCF010000001.1	99.1357	99.4456	0.522	0.8877	0.0232	98.3415	114	0.9807	66	0.146	0.9662	99.0258	99.5689	0.0542	0.3	AlfI:99.47,AloI:99.44,BcgI:99.41,FalI:99.46	3742	114	3698	158	30.386	ok	99.1357	gamma	99.1267	99.01	91.12	98.8901	1058	1958
GCA_910575925.1__GCA_910576265.1	GCA_910575925.1	GCA_910576265.1	97-100	train	99.69	strict		CAJTGR010000001.1	CAJTHS010000001.1	99.8151	99.8571	0.8855	0.8933	0.01083	99.617	125	0.9939	25	0.07	0.9913	99.7508	99.8862	0.0757	3.19	AlfI:99.87,AloI:99.87,BcgI:99.91,FalI:99.83	4551	125	4295	185	33.432	ok	99.8151	gamma	99.7993	99.75	94.3	99.6485	1497	1602
GCA_910584015.1__GCF_902386305.1	GCA_910584015.1	GCF_902386305.1	97-100	test	99.36	strict		CAJTXW010000001.1	NZ_CABMIJ010000001.1	99.465	99.6566	0.8375	0.7854	0.02656	99.0795	65	0.9912	14	0.103	0.9794	99.3392	99.7448	0.1077	0.16	AlfI:99.66,AloI:99.56,BcgI:99.66,FalI:99.66	1692	65	1736	87	25.3846	ok	99.465	gamma	99.4621	99.3	82.51	99.1693	501	559
GCF_000008225.1__GCF_000008405.1	GCF_000008225.1	GCF_000008405.1	97-100	train	98.31	strict		NC_007332.1	NC_006360.1	98.0593	98.5571	0.985	0.9857	0.0914	98.7595	4	0.995	3	0.487	0.9118	97.9284	98.8154	0.566	1.04	AlfI:98.55,AloI:99.03,BcgI:98.64,FalI:98.46	644	4	696	353	151.75	ok	98.0593	gamma	98.2371	98.4	95.98	98.302	286	306
GCF_000010605.1__GCF_009862415.1	GCF_000010605.1	GCF_009862415.1	97-100	test	99.09	strict		NC_010572.1	NZ_WWGO01000001.1	99.4106	99.4717	0.9259	0.9286	0.01201	98.7742	62	0.9949	61	0.516	0.9676	99.284	99.5236	0.1701	5.31	AlfI:99.46,AloI:99.46,BcgI:99.46,FalI:99.63	12205	62	12408	1044	191.597	ok	99.4106	gamma	99.3321	99.13	91.49	99.1284	2642	2848
GCF_000012185.1__GCF_900408185.1	GCF_000012185.1	GCF_900408185.1	97-100	train	97.39	strict		NC_007146.2	NZ_UEXC01000055.1	97.2984	97.9264	0.8209	0.8285	0.07482	97.3386	35	0.9731	34	0.761	0.8694	97.148	98.3442	0.13	0.16	AlfI:97.84,AloI:97.95,BcgI:97.97,FalI:97.95	1320	35	1550	155	36.0857	ok	97.2984	gamma	97.3703	97.53	86.35	97.2407	543	638
GCF_000012525.1__GCF_000817325.1	GCF_000012525.1	GCF_000817325.1	97-100	train	99.99	strict		NC_007604.1	NZ_CP006471.1	99.9987	99.9987	0.997	0.9962	0.0009	100.081	9	0.9986	7	inf	0.9999	99.9967	99.9992	0.0024	0.09	AlfI:100.00,AloI:100.00,BcgI:100.00,FalI:100.00	4998	9	4966	1810	552.222	ok	99.9987	uniform	99.9998	100	99.75	99.9935	910	913
GCF_000018245.1__GCF_002078315.1	GCF_000018245.1	GCF_002078315.1	97-100	test	99.56	strict		NC_009883.1	NZ_CP015010.1	99.6659	99.8158	0.9637	0.928	0.02554	99.8908	18	0.9824	17	0.07	0.9889	99.4554	99.9146	0.3621	2.66	AlfI:99.70,AloI:99.52,BcgI:99.81,FalI:99.88	1149	18	1009	171	53.8333	ok	99.6659	gamma	99.5999	99.63	93.62	99.533	498	509
GCF_000022785.1__GCF_000277205.1	GCF_000022785.1	GCF_000277205.1	97-100	train	99.97	strict		NC_017560.1	NC_017056.1	99.9947	99.9947	0.9993	0.9993	0.00526	100.364	1	1	0	inf	0.9997	99.9999	99.9933	0.0255	0	AlfI:99.97,AloI:100.00,BcgI:100.00,FalI:100.00	654	1	654	654	654	ok	99.9947	uniform	100	99.98	100	99.976	369	370
GCF_000023685.1__GCF_900489655.1	GCF_000023685.1	GCF_900489655.1	97-100	train	99.94	strict		NZ_CP001668.1	NZ_LS483519.1	99.8589	99.9092	0.9979	0.9981	0.02737	100.25	3	0.9955	2	0.07	0.9945	99.6318	99.9894	0.2305	0.27	AlfI:99.88,AloI:100.00,BcgI:99.77,FalI:99.91	459	3	448	431	147.667	ok	99.8589	gamma	99.7998	99.98	99.92	99.9302	358	361
GCF_000025645.1__GCF_000518565.1	GCF_000025645.1	GCF_000518565.1	97-100	train	98.36	strict		NC_013921.1	NZ_KI912455.1	98.1046	98.7703	0.7913	0.7782	0.05346	98.0236	62	0.9598	61	0.312	0.9254	97.9629	99.0812	0.4357	1.22	AlfI:98.86,AloI:98.43,BcgI:98.62,FalI:98.81	1639	62	1747	107	24.5161	ok	98.1046	gamma	98.1589	98.3	80.67	98.04	658	817
GCF_000046685.1__GCF_000708945.1	GCF_000046685.1	GCF_000708945.1	97-100	train	99.82	strict		NC_005955.1	NZ_KL446932.1	99.8289	99.8777	0.9962	0.9911	0.01528	100.141	10	0.9951	9	0.07	0.9926	99.6983	99.9252	0.1209	2.88	AlfI:99.92,AloI:99.95,BcgI:99.88,FalI:99.83	1852	10	1806	752	182.4	ok	99.8289	gamma	99.7789	99.86	97.96	99.7511	524	527
GCF_000093065.1__GCF_014879315.1	GCF_000093065.1	GCF_014879315.1	97-100	train	99.96	strict		NC_014109.1	NZ_CP062474.1	99.9832	99.9832	0.9787	0.9908	0.01186	100.296	5	0.9913	4	inf	0.999	99.9619	99.9892	0.0253	0	AlfI:100.00,AloI:100.00,BcgI:100.00,FalI:99.97	462	5	428	425	92.4	ok	99.9832	uniform	99.998	99.95	100	99.9641	187	193
GCF_000146525.1__GCF_900109835.1	GCF_000146525.1	GCF_900109835.1	97-100	train	97.44	strict		NZ_GL397173.1	NZ_FOBM01000025.1	96.8749	97.9261	0.8705	0.8581	0.06299	97.4131	28	0.9853	27	0.516	0.8704	96.8136	98.538	0.4568	1.77	AlfI:97.64,AloI:98.10,BcgI:97.82,FalI:98.02	1889	28	2333	326	65.6071	ok	96.8749	gamma	97.0039	97.46	80.86	97.1439	617	746
GCF_000154925.1__GCF_015767815.1	GCF_000154925.1	GCF_015767815.1	97-100	test	99.86	strict		NZ_DS570781.1	NZ_CP065258.1	99.9231	99.9424	0.7727	0.6938	0.00497	98.7186	133	0.9991	7	0.07	0.9965	99.7517	99.9908	0.0966	3.14	AlfI:99.94,AloI:99.94,BcgI:99.95,FalI:99.86	7870	133	7666	323	57.7218	ok	99.9231	gamma	99.788	99.83	69.7	99.3682	1785	2232
GCF_000158435.2__GCF_900198355.1	GCF_000158435.2	GCF_900198355.1	97-100	test	97.01	strict		NZ_KI392032.1	NZ_FZMT01000077.1	97.493	98.0797	0.7579	0.8441	0.06019	97.4337	74	0.9618	69	0.709	0.881	97.307	98.4644	0.4675	1.71	AlfI:98.09,AloI:98.28,BcgI:97.81,FalI:98.18	1972	74	2211	112	24.4865	ok	97.493	gamma	97.4923	97.44	88.99	97.1259	667	838
GCF_000160735.1__GCF_003664375.1	GCF_000160735.1	GCF_003664375.1	97-100	train	97.19	low-AF		NZ_CM000770.1	NZ_RAQN01000001.1	96.7557	97.9999	0.2045	0.4913	0.15383	95.0289	27	0.9113	26	0.46	0.8757	96.6777	98.7199	2.5849	6.09	AlfI:95.97,AloI:97.89,BcgI:98.55,FalI:98.22	534	27	382	24	10.8889	ok	96.7557	gamma	97.1506	95.73	69.82	95.199	242	689
GCF_000163595.1__GCF_016404565.1	GCF_000163595.1	GCF_016404565.1	97-100	train	99.72	strict		NZ_GG753599.1	NZ_JAEKCK010000001.1	99.7664	99.769	0.8688	0.9356	0.00978	99.2497	46	0.9944	43	1.352	0.986	99.7479	99.7742	0.0753	1.71	AlfI:99.75,AloI:99.82,BcgI:99.78,FalI:99.80	7712	46	7811	760	166.957	ok	99.7664	gamma	99.7845	99.45	93.53	99.532	1520	1741
GCF_000163875.1__GCF_015767855.1	GCF_000163875.1	GCF_015767855.1	97-100	train	99.98	strict		NZ_CM000913.1	NZ_CP065234.1	99.9886	99.9886	0.8643	0.9769	0.0019	99.3712	6	0.9996	4	inf	0.9993	99.9526	99.9976	0.0069	0.41	AlfI:99.99,AloI:99.99,BcgI:99.99,FalI:99.99	10492	6	10260	4808	1706.5	ok	99.9886	uniform	99.9659	99.97	97.39	99.9266	2460	2851
GCF_000168015.1__GCF_902170545.1	GCF_000168015.1	GCF_902170545.1	97-100	train	99	strict		NZ_AALE02000161.1	NZ_CABHXP010000001.1	99.3838	99.4278	0.7689	0.736	0.02014	98.6407	231	0.9604	179	0.709	0.9655	99.3038	99.4614	0.0844	0.75	AlfI:99.40,AloI:99.40,BcgI:99.44,FalI:99.48	4948	231	4751	90	19.8095	ok	99.3838	gamma	99.3806	99.03	82.53	98.8458	1286	1586
GCF_000170375.1__GCF_902829515.1	GCF_000170375.1	GCF_902829515.1	97-100	train	99.98	strict		NZ_ABBG01000633.1	NZ_CADEQG010000001.1	99.9983	99.9983	0.9496	0.9392	0.00051	99.4852	510	0.9997	5	0.07	0.9999	99.994	99.9994	0.0039	0.41	AlfI:100.00,AloI:100.00,BcgI:100.00,FalI:100.00	19547	510	19191	277	37.2216	ok	99.9983	gamma	99.9972	99.98	98.5	99.9945	2025	2025
GCF_000175995.1__GCF_001471395.2	GCF_000175995.1	GCF_001471395.2	97-100	test	99.97	strict		NZ_ACYV01000074.1	NZ_LOSJ02000002.1	99.9923	99.9924	0.964	0.955	0.00209	99.943	73	0.997	17	0.07	0.9995	99.9794	99.9956	0.0165	1.2	AlfI:99.99,AloI:100.00,BcgI:100.00,FalI:99.98	5853	73	5621	1086	77.2329	ok	99.9923	gamma	99.9903	99.99	98.75	99.9686	1408	1416
GCF_000179515.1__GCF_000567925.1	GCF_000179515.1	GCF_000567925.1	97-100	train	98.95	strict		NZ_AECN01000521.1	NZ_CP004097.1	99.3861	99.4149	0.8669	0.8291	0.01109	98.5819	458	0.9983	25	1.075	0.9647	99.3118	99.4424	0.0875	1.3	AlfI:99.38,AloI:99.45,BcgI:99.43,FalI:99.37	15384	458	15722	182	32.7249	ok	99.3861	gamma	99.3541	98.9	84.83	98.7251	1661	1787
GCF_000180015.1__GCF_901873565.1	GCF_000180015.1	GCF_901873565.1	97-100	train	98.41	strict		NZ_AEKL01000089.1	NZ_CABFLO010000001.1	98.5931	98.9432	0.7903	0.8022	0.04094	98.2809	80	0.9876	25	0.392	0.9355	98.4314	99.1195	0.2518	1.65	AlfI:98.76,AloI:99.01,BcgI:99.01,FalI:98.96	2201	80	2353	84	25.9875	ok	98.5931	gamma	98.5832	98.42	85.25	98.1337	569	657
GCF_000185825.1__GCF_014131675.1	GCF_000185825.1	GCF_014131675.1	97-100	test	98.57	strict		NZ_GL629687.1	NZ_CP036345.1	98.8706	99.2154	0.8902	0.8523	0.03062	98.7879	26	0.994	17	0.259	0.952	98.6777	99.3857	0.1444	1.03	AlfI:99.25,AloI:99.28,BcgI:99.24,FalI:99.14	2936	26	3081	383	108.885	ok	98.8706	gamma	98.8027	98.46	80.16	98.3373	987	1090
GCF_000186145.1__GCF_019037115.1	GCF_000186145.1	GCF_019037115.1	97-100	train	98.36	strict		NZ_GL635750.1	NZ_JAHHXI010000010.1	98.7043	98.9106	0.8182	0.8931	0.02596	98.375	48	0.9943	31	0.669	0.9335	98.4749	99.0616	0.099	0.62	AlfI:98.97,AloI:98.91,BcgI:98.87,FalI:98.91	6723	48	6090	788	114.208	ok	98.7043	gamma	98.5692	98.29	86.33	98.1643	1615	1941
GCF_000195555.1__GCF_001608445.1	GCF_000195555.1	GCF_001608445.1	97-100	test	98.01	strict		NC_017449.1	NZ_LUFR01000001.1	98.4046	98.6643	0.7941	0.816	0.06388	98.0944	48	0.9592	47	0.65	0.919	98.3663	98.78	0.5676	1.79	AlfI:98.85,AloI:98.94,BcgI:98.37,FalI:98.68	1205	48	1281	141	24	ok	98.4046	gamma	98.5782	98.18	91.21	98.0466	554	648
GCF_000195735.1__GCF_000277165.1	GCF_000195735.1	GCF_000277165.1	97-100	train	99.96	strict		NC_000963.1	NC_017049.1	99.9894	99.9894	0.9993	0.9993	0.0075	100.355	1	1	0	inf	0.9994	99.9747	99.9933	0.0266	0	AlfI:99.97,AloI:100.00,BcgI:99.97,FalI:100.00	653	1	654	653	653	ok	99.9894	uniform	99.9987	99.97	100	99.9616	369	370
GCF_000204215.1__GCF_001428965.1	GCF_000204215.1	GCF_001428965.1	97-100	train	97.79	strict		NZ_AFBH01000033.1	NZ_LMJH01000001.1	98.0634	98.4776	0.9403	0.9482	0.02216	97.7949	57	0.9967	33	0.669	0.9053	97.8522	98.7357	0.1776	1.42	AlfI:98.51,AloI:98.61,BcgI:98.44,FalI:98.44	10209	57	11658	964	176.193	ok	98.0634	gamma	97.9257	98	91.45	97.8293	1716	1827
GCF_000210615.1__GCF_015547135.1	GCF_000210615.1	GCF_015547135.1	97-100	train	98.65	strict		NC_021019.1	NZ_JADMUL010000010.1	98.9904	99.1829	0.6207	0.5535	0.05384	97.5589	53	0.9463	52	0.392	0.9504	98.8549	99.2868	0.3763	2.04	AlfI:98.97,AloI:98.99,BcgI:99.35,FalI:99.19	1086	53	1044	96	18.3019	ok	98.9904	gamma	99.0567	97.08	57.24	96.9743	482	655
GCF_000216455.1__GCF_004770455.1	GCF_000216455.1	GCF_004770455.1	97-100	train	97.7	strict		NZ_AFLO01000048.1	NZ_RQHP01000021.1	97.8556	98.2039	0.9173	0.9244	0.04099	97.9374	25	0.9971	11	0.973	0.8877	97.6648	98.461	0.2668	2.51	AlfI:98.26,AloI:98.22,BcgI:98.03,FalI:98.29	3847	25	4413	740	150.16	ok	97.8556	gamma	97.7925	97.83	90.44	97.383	1304	1386
GCF_000226455.1__GCF_009862985.1	GCF_000226455.1	GCF_009862985.1	97-100	train	100	strict		NZ_JH164837.1	NZ_WWIQ01000001.1	99.9999	99.9999	0.9921	0.9921	0.1438	99.1193	66	1	0	inf	1	99.9999	99.9999	0	0	AlfI:100.00,AloI:100.00,BcgI:100.00,FalI:100.00	15337	66	15614	1084	229.924	ok	99.9999	uniform	100	100	100	100	2918	2925
GCF_000226455.1__GCF_900236505.1	GCF_000226455.1	GCF_900236505.1	97-100	train	99.98	strict		NZ_JH164837.1	NZ_LT962942.1	99.9975	99.9975	0.9918	0.9856	0.0007	99.4301	81	0.999	15	0.07	0.9998	99.9958	99.9979	0.0051	0.68	AlfI:100.00,AloI:99.99,BcgI:100.00,FalI:100.00	15955	81	15617	1095	194.383	ok	99.9975	gamma	99.9986	99.99	98.66	99.98	2913	2925
GCF_000227355.1__GCF_009883755.1	GCF_000227355.1	GCF_009883755.1	97-100	test	99.96	strict		NZ_AGFP01000070.1	NZ_CP033512.1	99.9615	99.962	0.8352	0.8002	0.01551	99.4903	39	0.998	1	0.07	0.9977	99.9713	99.9594	0.284	1.09	AlfI:99.72,AloI:99.92,BcgI:100.00,FalI:99.98	619	39	573	45	13.9744	ok	99.9615	gamma	99.9985	99.97	90.63	99.8536	362	363
GCF_000236065.1__GCF_000828875.1	GCF_000236065.1	GCF_000828875.1	97-100	train	98.14	strict		NC_016589.1	NZ_AP014576.1	98.4209	98.5611	0.8612	0.9044	0.01536	96.9674	81	0.9961	76	1.375	0.9108	98.3513	98.6396	0.1935	2.99	AlfI:98.58,AloI:98.45,BcgI:98.57,FalI:98.39	20252	81	21803	3207	243.716	ok	98.4209	gamma	98.4014	98.07	87.21	97.924	2567	2963
GCF_000236065.1__GCF_001988975.1	GCF_000236065.1	GCF_001988975.1	97-100	train	97.75	strict		NC_016589.1	NZ_CP015999.1	98.1843	98.2744	0.8418	0.814	0.01718	96.4038	70	0.9966	65	2.948	0.8916	98.0821	98.3564	0.1818	1.94	AlfI:98.25,AloI:98.27,BcgI:98.30,FalI:98.11	19469	70	21362	2244	270.4	ok	98.1843	gamma	98.1348	97.43	76.43	97.4312	2515	2963
GCF_000237145.1__GCF_002717025.1	GCF_000237145.1	GCF_002717025.1	97-100	train	99.99	strict		NC_017803.1	NZ_CP023298.1	99.9988	99.9988	0.9999	0.9999	0.00049	99.4266	25	0.9985	24	inf	0.9999	99.9969	99.9992	0.0039	0.66	AlfI:100.00,AloI:100.00,BcgI:100.00,FalI:100.00	16188	25	15708	10088	632.32	ok	99.9988	uniform	99.9991	100	99.96	99.9958	3076	3079
GCF_000238895.1__GCF_002836155.1	GCF_000238895.1	GCF_002836155.1	97-100	train	97.69	strict		NZ_BADV01000121.1	NZ_PJBK01000067.1	97.9424	98.3436	0.8222	0.8355	0.03715	97.7533	137	0.9848	60	0.761	0.8979	97.7513	98.6037	0.0751	0.21	AlfI:98.38,AloI:98.33,BcgI:98.31,FalI:98.35	4208	137	4741	166	29.4307	ok	97.9424	gamma	97.8711	97.54	82.94	97.4932	1241	1447
GCF_000239355.1__GCF_902388165.1	GCF_000239355.1	GCF_902388165.1	97-100	test	100	strict		NZ_JH417875.1	NZ_CABMOK010000001.1	99.9999	99.9999	0.9346	0.9358	0.25149	99.4797	137	0.9883	57	inf	1	99.9999	99.9999	0	0	AlfI:100.00,AloI:100.00,BcgI:100.00,FalI:100.00	5030	137	5051	163	36.1022	ok	99.9999	uniform	100	99.99	99.8	99.9541	750	808
GCF_000245715.1__GCF_013394225.1	GCF_000245715.1	GCF_013394225.1	97-100	test	97.9	strict		NZ_JH601036.1	NZ_CP041731.1	98.0713	98.4168	0.901	0.9264	0.02955	97.9779	71	0.995	30	0.841	0.9011	97.8299	98.6648	0.3003	3.77	AlfI:98.41,AloI:98.21,BcgI:98.51,FalI:98.30	6175	71	7002	448	85.0986	ok	98.0713	gamma	97.9265	98	88.06	97.821	1721	1914
GCF_000259345.1__GCF_000825665.2	GCF_000259345.1	GCF_000825665.2	97-100	test	98.96	low-AF		NC_017808.1	NZ_LN609267.1	99.5949	99.6925	0.5975	0.9935	0.03901	99.0963	12	0.9862	11	0.129	0.9814	99.4899	99.7515	0.2107	0.33	AlfI:99.71,AloI:99.56,BcgI:99.77,FalI:99.69	828	12	748	724	66.5	ok	99.5949	gamma	99.6503	99.34	99.82	99.383	307	489
GCF_000261545.1__GCF_018129855.1	GCF_000261545.1	GCF_018129855.1	97-100	train	99.84	strict		NZ_AJPX01000001.1	NZ_JAFCLA010000001.1	99.8957	99.9173	0.8371	0.8057	0.00347	99.0547	848	0.9915	179	0.07	0.995	99.7923	99.9477	0.0674	4.9	AlfI:99.91,AloI:99.93,BcgI:99.92,FalI:99.86	23144	848	22227	205	25.605	ok	99.8957	gamma	99.8123	99.79	86.94	99.5712	2607	2929
GCF_000271825.1__GCF_005862185.2	GCF_000271825.1	GCF_005862185.2	97-100	test	98.81	strict		NZ_JH719386.1	NZ_CP054027.1	99.1254	99.3469	0.8679	0.893	0.01191	98.1638	62	0.9962	56	0.244	0.9605	99.0046	99.4431	0.0683	0.42	AlfI:99.35,AloI:99.29,BcgI:99.35,FalI:99.35	15169	62	15713	1723	240.242	ok	99.1254	gamma	99.0541	98.8	86.59	98.6429	2008	2391
GCF_000275605.1__GCF_008245085.1	GCF_000275605.1	GCF_008245085.1	97-100	test	99.97	strict		NC_018092.1	NZ_CP023154.1	99.9925	99.9925	0.9859	0.9959	0.00375	100.246	4	0.9984	3	inf	0.9995	99.9742	99.9976	0.0126	0.02	AlfI:100.00,AloI:99.99,BcgI:100.00,FalI:99.99	1911	4	1892	1300	472	ok	99.9925	uniform	99.993	99.97	99.58	99.9457	626	636
GCF_000278175.1__GCF_002022705.1	GCF_000278175.1	GCF_002022705.1	97-100	train	99.81	strict		NZ_JH725139.1	NZ_LFMF01000001.1	99.9457	99.9531	0.9254	0.9211	0.00886	99.8978	32	0.9872	26	0.07	0.9972	99.856	99.9788	0.0439	0.92	AlfI:99.97,AloI:99.95,BcgI:99.93,FalI:99.96	2125	32	2062	582	63.7812	ok	99.9457	gamma	99.9069	99.84	97.48	99.7884	607	650
GCF_000278445.1__GCF_004153645.1	GCF_000278445.1	GCF_004153645.1	97-100	test	98.26	strict		NZ_AJVB01000001.1	NZ_SDMJ01000010.1	98.5746	98.7281	0.8352	0.7934	0.02066	98.239	618	0.9993	6	1.075	0.9211	98.4524	98.8274	0.2221	2.75	AlfI:98.81,AloI:98.75,BcgI:98.69,FalI:98.92	9892	618	10644	163	14.8236	ok	98.5746	gamma	98.5226	98.16	84.45	98.1895	1048	1111
GCF_000278445.1__GCF_900455725.1	GCF_000278445.1	GCF_900455725.1	97-100	test	98.39	strict		NZ_AJVB01000001.1	NZ_UGVI01000003.1	98.6865	98.8252	0.8322	0.8059	0.01974	98.3769	621	0.9992	7	1.014	0.9274	98.5682	98.9136	0.2137	3.5	AlfI:98.93,AloI:98.80,BcgI:98.79,FalI:99.01	10056	621	10656	161	14.9275	ok	98.6865	gamma	98.6366	98.12	86.6	98.2863	1049	1111
GCF_000293015.1__GCF_900450505.1	GCF_000293015.1	GCF_900450505.1	97-100	train	98.14	strict		NZ_ALNO01000001.1	NZ_UGGM01000002.1	98.4466	98.6013	0.924	0.9482	0.02983	98.3718	37	0.9963	19	1.26	0.9133	98.3247	98.7058	0.1176	0.36	AlfI:98.61,AloI:98.61,BcgI:98.61,FalI:98.49	5181	37	5689	542	138.054	ok	98.4466	gamma	98.4232	98.01	89.4	98.0682	627	673
GCF_000293155.1__GCF_013394805.1	GCF_000293155.1	GCF_013394805.1	97-100	test	99.12	strict		NZ_ALNL01000001.1	NZ_JABXYR010000001.1	99.2575	99.4519	0.8586	0.8783	0.02897	99.0947	33	0.9972	6	0.227	0.9667	99.0783	99.5572	0.209	2.28	AlfI:99.53,AloI:99.35,BcgI:99.49,FalI:99.32	2204	33	2275	392	64.8788	ok	99.2575	gamma	99.203	98.96	87.19	98.974	537	605
GCF_000294695.2__GCF_017876035.1	GCF_000294695.2	GCF_017876035.1	97-100	test	99.15	strict		NC_018531.1	NZ_JAGINL010000001.1	99.3794	99.4589	0.8889	0.8941	0.01553	98.8548	21	0.9974	19	0.404	0.9668	99.2721	99.5111	0.0706	1.41	AlfI:99.51,AloI:99.49,BcgI:99.43,FalI:99.44	7505	21	7693	2525	351.143	ok	99.3794	gamma	99.3336	99.18	88.18	99.07	1526	1692
GCF_000294715.1__GCF_900475345.1	GCF_000294715.1	GCF_900475345.1	97-100	test	98.31	strict		NC_018533.1	NZ_LS483373.1	98.5483	98.7617	0.9971	0.9971	0.05151	99.0362	8	0.9957	7	0.892	0.9242	98.2073	98.9683	0.542	3.32	AlfI:98.62,AloI:99.17,BcgI:98.68,FalI:98.82	1640	8	1799	688	201.875	ok	98.5483	gamma	98.3897	98.5	98.49	98.4015	517	529
GCF_000312405.1__GCF_001437235.1	GCF_000312405.1	GCF_001437235.1	97-100	train	97.26	strict		NZ_HE997173.1	NZ_JQBA01000001.1	97.5499	98.0687	0.8042	0.7473	0.05757	97.2401	46	0.9798	40	0.739	0.8793	97.4502	98.3838	1.0366	9.49	AlfI:97.95,AloI:98.81,BcgI:97.77,FalI:98.29	2138	46	2390	120	43.2391	ok	97.5499	gamma	97.625	97.45	76.09	96.9397	550	666
GCF_000317265.1__GCF_003990575.1	GCF_000317265.1	GCF_003990575.1	97-100	train	99.94	strict		NZ_AJLM01000001.1	NZ_RSCJ01000001.1	99.9825	99.9832	0.9633	0.9501	0.00276	99.9126	132	0.9966	24	0.07	0.999	99.9527	99.9909	0.0133	1.18	AlfI:99.99,AloI:99.99,BcgI:99.98,FalI:99.98	7998	132	7335	478	54.8939	ok	99.9825	gamma	99.9683	99.96	98.1	99.953	2450	2469
GCF_000317975.2__GCF_900005785.1	GCF_000317975.2	GCF_900005785.1	97-100	test	98.93	strict		NC_019425.2	NZ_CVMZ01000159.1	98.8139	99.1533	0.821	0.8324	0.03689	98.6469	77	0.9647	76	0.294	0.9484	98.6155	99.3303	0.1591	1.23	AlfI:99.13,AloI:99.21,BcgI:99.25,FalI:99.09	2457	77	2357	131	27.974	ok	98.8139	gamma	98.7618	98.77	87.9	98.5486	1031	1216
GCF_000328345.1__GCF_003710885.1	GCF_000328345.1	GCF_003710885.1	97-100	test	99.53	strict		NZ_AOBR01000001.1	NZ_RHHN01000001.1	99.6589	99.7066	0.8584	0.9013	0.01043	99.1721	188	0.9961	33	0.214	0.9822	99.5748	99.7402	0.039	0.62	AlfI:99.71,AloI:99.68,BcgI:99.71,FalI:99.68	8896	188	8935	320	45.9043	ok	99.6589	gamma	99.6193	99.5	93.69	99.4634	1509	1647
GCF_000336235.1__GCF_018127865.1	GCF_000336235.1	GCF_018127865.1	97-100	train	99.99	strict		NZ_ADGJ01000001.1	NZ_CP072341.1	99.9993	99.9993	0.9555	0.9543	0.00066	100.083	132	0.9958	21	inf	1	99.9999	99.9992	0.0014	0	AlfI:100.00,AloI:100.00,BcgI:100.00,FalI:100.00	5536	132	4921	280	38.5606	ok	99.9993	uniform	100	99.98	98.27	99.9912	947	949
GCF_000337255.1__GCF_000485535.1	GCF_000337255.1	GCF_000485535.1	97-100	test	99.97	strict		NZ_AOHV01000001.1	NZ_AXZD01000001.1	99.9974	99.9974	0.9794	0.9735	0.00128	100.049	62	0.996	20	inf	0.9998	99.9936	99.9984	0.009	0.15	AlfI:100.00,AloI:100.00,BcgI:100.00,FalI:99.99	5155	62	5028	388	81.4355	ok	99.9974	uniform	99.9989	99.98	99.13	99.9772	1171	1180
GCF_000337295.1__GCF_000685635.1	GCF_000337295.1	GCF_000685635.1	97-100	test	99.98	strict		NZ_AOLO01000001.1	NZ_CP007551.1	99.9751	99.9769	0.9944	0.9922	0.00352	99.9999	18	0.9995	3	0.07	0.9986	99.9225	99.9906	0.023	0.7	AlfI:99.96,AloI:99.98,BcgI:99.98,FalI:99.97	6379	18	6076	1610	336.556	ok	99.9751	gamma	99.9445	99.98	99.68	99.9769	1287	1289
GCF_000337295.1__GCF_005406325.1	GCF_000337295.1	GCF_005406325.1	97-100	test	100	strict		NZ_AOLO01000001.1	NZ_CP039139.1	99.9995	99.9995	0.9938	0.9925	0.00053	100.033	23	0.9988	7	inf	1	99.9973	99.9999	0.0007	0	AlfI:100.00,AloI:100.00,BcgI:100.00,FalI:100.00	6406	23	6081	1614	265.087	ok	99.9995	uniform	99.9999	100	99.75	99.9951	1288	1289
GCF_000337435.1__GCF_009856455.1	GCF_000337435.1	GCF_009856455.1	97-100	train	98.41	strict		NZ_AOIW01000001.1	NZ_WMFC01000048.1	98.789	99.2519	0.793	0.8358	0.02939	98.583	77	0.9897	29	0.188	0.9532	98.6672	99.4383	0.2269	2.01	AlfI:99.34,AloI:99.35,BcgI:99.21,FalI:99.12	2985	77	3137	202	37.0649	ok	98.789	gamma	98.7896	98.76	86.6	98.4657	921	1090
GCF_000341855.1__GCF_000348765.2	GCF_000341855.1	GCF_000348765.2	97-100	train	99.99	strict		NC_020411.1	NC_020814.1	99.9956	99.9956	0.999	0.999	0.0031	100.313	5	0.9976	4	0.07	0.9997	99.9999	99.9943	0.0057	0	AlfI:100.00,AloI:100.00,BcgI:100.00,FalI:99.99	1688	5	1611	1610	327.6	ok	99.9956	gamma	100	100	100	99.9987	515	517
GCF_000346445.1__GCF_014581725.1	GCF_000346445.1	GCF_014581725.1	97-100	train	98.63	strict		NZ_APIT01000001.1	NZ_JACLBF010000010.1	98.987	99.1963	0.8851	0.9305	0.01603	98.5799	151	0.9956	44	0.392	0.9511	98.809	99.3114	0.2003	2.07	AlfI:99.20,AloI:99.18,BcgI:99.21,FalI:99.01	10142	151	10822	303	66.2384	ok	98.987	gamma	98.8727	98.64	92.94	98.6184	1331	1460
GCF_000347675.2__GCF_001853345.1	GCF_000347675.2	GCF_001853345.1	97-100	train	98.64	strict		NC_020561.1	NZ_MIPT01000001.1	98.9682	99.0808	0.777	0.7773	0.02026	97.9571	48	0.9942	42	0.831	0.9439	98.7996	99.1678	0.1903	1.89	AlfI:99.13,AloI:99.00,BcgI:99.06,FalI:99.19	7409	48	7786	1081	151.167	ok	98.9682	gamma	98.8749	98.28	73.35	98.0511	1241	1541
GCF_000364325.1__GCF_000468815.1	GCF_000364325.1	GCF_000468815.1	97-100	train	99.86	strict		NZ_KB822533.1	NZ_AWUQ01000001.1	99.9576	99.9576	0.9742	0.974	0.00716	100.072	9	0.9974	7	inf	0.9974	99.9274	99.9652	0.0338	1.34	AlfI:99.94,AloI:99.97,BcgI:99.97,FalI:99.97	2724	9	2737	962	302.556	ok	99.9576	uniform	99.9581	99.87	96.65	99.8719	550	568
GCF_000364325.1__GCF_900105895.1	GCF_000364325.1	GCF_900105895.1	97-100	train	99.85	strict		NZ_KB822533.1	NZ_FNSH01000003.1	99.9484	99.9484	0.8962	0.8909	0.00826	99.6974	14	0.9952	12	inf	0.9969	99.9338	99.9521	0.056	0.28	AlfI:99.95,AloI:99.89,BcgI:99.95,FalI:99.95	2527	14	2504	631	179.857	ok	99.9484	uniform	99.9641	99.84	86.3	99.5873	517	568
GCF_000367445.1__GCF_003208575.1	GCF_000367445.1	GCF_003208575.1	97-100	train	98.33	strict		NZ_AMWK01000001.1	NZ_QKLP01000001.1	98.9469	99.3056	0.7747	0.7749	0.08963	98.4984	17	0.9721	8	0.183	0.9581	98.8349	99.4529	1.256	1.39	AlfI:99.33,AloI:98.15,BcgI:99.30,FalI:99.41	326	17	325	40	17.4118	ok	98.9469	gamma	99.1912	98.89	85.38	97.861	223	247
GCF_000371465.1__GCF_015670125.1	GCF_000371465.1	GCF_015670125.1	97-100	test	98.39	strict		NZ_KB850956.1	NZ_JADPHC010000010.1	98.5547	98.8012	0.8595	0.8454	0.04752	98.3843	28	0.988	23	0.623	0.9271	98.3901	98.956	0.6059	3.78	AlfI:98.86,AloI:99.18,BcgI:98.57,FalI:98.75	2040	28	2149	676	68.8929	ok	98.5547	gamma	98.5553	98.15	81.43	98.0569	1040	1164
GCF_000372105.1__GCF_004028055.1	GCF_000372105.1	GCF_004028055.1	97-100	train	98.35	strict		NZ_AQUN01000001.1	NZ_SBHV01000001.1	98.5957	98.9738	0.9191	0.8993	0.0145	97.9744	206	0.9874	201	0.345	0.9374	98.4616	99.1423	0.0946	0.65	AlfI:98.96,AloI:99.06,BcgI:98.97,FalI:98.97	16883	206	17466	389	77.5194	ok	98.5957	gamma	98.5165	98.38	88.68	98.3551	2239	2468
GCF_000377125.1__GCF_000701285.1	GCF_000377125.1	GCF_000701285.1	97-100	train	97.9	strict		NZ_KB897620.1	NZ_JNID01000001.1	98.5325	98.7718	0.9058	0.9237	0.01847	97.9794	124	0.9944	65	0.761	0.9237	98.2962	98.945	0.4186	9.32	AlfI:98.73,AloI:98.69,BcgI:98.77,FalI:99.11	12160	124	13154	607	94.5645	ok	98.5325	gamma	98.3614	98.11	88.72	97.965	2590	2822
GCF_000381685.1__GCF_012396345.1	GCF_000381685.1	GCF_012396345.1	97-100	test	97.8	strict		NZ_KB906854.1	NZ_JAAXPH010000001.1	98.4933	98.8718	0.827	0.8815	0.02355	98.299	225	0.9733	177	0.446	0.9298	98.2712	99.0848	0.4414	7.83	AlfI:98.98,AloI:98.67,BcgI:98.85,FalI:99.11	6943	225	7486	144	29.6489	ok	98.4933	gamma	98.358	98.09	89.56	97.8614	1888	2252
GCF_000394055.1__GCF_902387535.1	GCF_000394055.1	GCF_902387535.1	97-100	test	99.99	strict		NZ_KB946332.1	NZ_CABMMG010000001.1	99.9999	99.9999	0.9645	0.9731	0.3444	99.5195	30	0.991	26	inf	1	99.9999	99.9999	0	0	AlfI:100.00,AloI:100.00,BcgI:100.00,FalI:100.00	3119	30	2890	357	96.3	ok	99.9999	uniform	100	99.99	99.76	99.9534	1152	1185
GCF_000404105.1__GCF_017897245.1	GCF_000404105.1	GCF_017897245.1	97-100	train	97.09	strict		NZ_APMV01000001.1	NZ_JAGJWX010000001.1	97.4025	97.7601	0.8775	0.8898	0.03979	97.2457	83	0.9864	62	1.476	0.8554	97.1547	98.1082	0.3493	2.23	AlfI:97.74,AloI:98.06,BcgI:97.71,FalI:97.92	4744	83	5660	292	55.0723	ok	97.4025	gamma	97.2675	97	84.24	96.8799	1353	1537
GCF_000413455.1__GCF_001810675.1	GCF_000413455.1	GCF_001810675.1	97-100	train	97.03	strict		NZ_KE340333.1	NZ_KV802373.1	96.9389	97.6987	0.8403	0.89	0.07684	97.2824	32	0.978	30	0.718	0.8548	96.9088	98.1608	0.6595	1.58	AlfI:97.23,AloI:97.89,BcgI:97.66,FalI:97.78	1450	32	1714	135	42.6562	ok	96.9389	gamma	97.1298	96.77	88.25	96.79	547	648
GCF_000421805.1__GCF_005435095.1	GCF_000421805.1	GCF_005435095.1	97-100	train	99.08	strict		NZ_ATXS01000001.1	NZ_SGTY01000010.1	99.2066	99.4518	0.7641	0.7864	0.02485	98.6082	62	0.9903	28	0.194	0.9658	99.0385	99.5736	0.3202	3.54	AlfI:99.38,AloI:99.57,BcgI:99.43,FalI:99.25	3022	62	3120	285	46.9355	ok	99.2066	gamma	99.1462	98.9	78.68	98.6697	934	1150
GCF_000424485.1__GCF_900109475.1	GCF_000424485.1	GCF_900109475.1	97-100	train	98.32	strict		NZ_AUJZ01000001.1	NZ_FOBE01000075.1	98.4913	98.9467	0.8307	0.7628	0.02962	98.0954	68	0.9906	38	0.321	0.9356	98.3339	99.1607	0.0542	0.16	AlfI:98.98,AloI:98.94,BcgI:98.95,FalI:98.92	4197	68	4560	658	59.8088	ok	98.4913	gamma	98.4459	98.26	75.38	98.1245	1211	1396
GCF_000424565.1__GCF_900111185.1	GCF_000424565.1	GCF_900111185.1	97-100	test	97.39	strict		NZ_AUKD01000001.1	NZ_FOGJ01000076.1	97.8412	98.3854	0.812	0.792	0.03609	97.5363	82	0.9914	37	0.554	0.9003	97.69	98.6932	0.1073	0.21	AlfI:98.39,AloI:98.45,BcgI:98.34,FalI:98.39	4473	82	5101	206	52.7195	ok	97.8412	gamma	97.8084	97.23	75.18	97.1039	1325	1545
GCF_000428085.1__GCF_001752545.1	GCF_000428085.1	GCF_001752545.1	97-100	train	99.95	strict		NZ_KE386622.1	NZ_JSAG01000022.1	99.997	99.997	0.9497	0.9498	0.00211	100.048	15	0.9944	12	inf	0.9998	99.9999	99.9962	0.0063	0.08	AlfI:99.99,AloI:100.00,BcgI:100.00,FalI:100.00	2173	15	2159	624	143.467	ok	99.997	uniform	100	99.91	97.15	99.9162	585	612
GCF_000468635.1__GCF_000613565.1	GCF_000468635.1	GCF_000613565.1	97-100	train	98.22	strict		NZ_AWEY01000001.1	NZ_BAJF01000094.1	98.5588	98.9143	0.8843	0.8853	0.02715	98.4999	102	0.9849	73	0.392	0.9336	98.4315	99.0801	0.2042	2.64	AlfI:99.04,AloI:98.85,BcgI:98.90,FalI:98.84	5095	102	5447	206	47.7157	ok	98.5588	gamma	98.5313	98.38	87.68	98.2808	885	989
GCF_000470275.1__GCF_000470455.1	GCF_000470275.1	GCF_000470455.1	97-100	train	99.72	strict		NZ_HG427200.1	NZ_HG426454.1	99.9258	99.9387	0.9923	0.9923	0.00866	100.137	2	0.9996	1	0.07	0.9963	99.8223	99.9666	0.0984	1.39	AlfI:99.94,AloI:99.86,BcgI:99.95,FalI:99.85	2592	2	2616	1355	1293.5	ok	99.9258	gamma	99.8736	99.91	99.47	99.7679	660	663
GCF_000472845.1__GCF_902833725.1	GCF_000472845.1	GCF_902833725.1	97-100	train	99.18	strict		NZ_AXAO01000001.1	NZ_CADFGK010000001.1	99.4616	99.5415	0.8058	0.8211	0.00888	98.0964	233	0.9954	85	0.274	0.9724	99.405	99.5768	0.031	0.3	AlfI:99.54,AloI:99.56,BcgI:99.54,FalI:99.57	19576	233	19178	917	79.3348	ok	99.4616	gamma	99.4409	98.99	82.68	98.8541	2338	2748
GCF_000475275.1__GCF_012273635.1	GCF_000475275.1	GCF_012273635.1	97-100	train	98.21	strict		NZ_AXBY01000001.1	NZ_JAAXCR010000010.1	98.3758	98.4718	0.8832	0.969	0.02043	97.6302	40	0.9987	16	2.148	0.9046	98.3148	98.5353	0.1989	3.93	AlfI:98.41,AloI:98.61,BcgI:98.45,FalI:98.60	11999	40	13376	957	298.65	ok	98.3758	gamma	98.3794	98.16	96.61	98.0976	1996	2247
GCF_000477935.1__GCF_000477955.1	GCF_000477935.1	GCF_000477955.1	97-100	test	99.97	strict		NZ_KI515715.1	NZ_KI515716.1	99.9999	99.9999	0.9988	0.9984	0.27508	99.6848	25	0.9945	24	inf	1	99.9999	99.9999	0	0	AlfI:100.00,AloI:100.00,BcgI:100.00,FalI:100.00	4438	25	4244	2076	175.36	ok	99.9999	uniform	100	100	99.88	99.9983	767	771
GCF_000478015.1__GCF_000478075.1	GCF_000478015.1	GCF_000478075.1	97-100	train	99.98	strict		NZ_KI515728.1	NZ_KI515741.1	99.9834	99.9834	0.9827	0.9949	0.00353	100.139	37	0.9924	34	inf	0.999	99.9197	99.9991	0.0358	0.68	AlfI:99.99,AloI:99.95,BcgI:99.99,FalI:99.98	4735	37	4316	1497	120.243	ok	99.9834	uniform	99.9462	99.97	98.01	99.9168	819	847
GCF_000503935.1__GCF_009720185.1	GCF_000503935.1	GCF_009720185.1	97-100	test	99	strict		NZ_KI629793.1	NZ_CP046257.1	99.1842	99.5399	0.9286	0.9229	0.01247	98.944	63	0.9972	27	0.094	0.972	99.1303	99.6502	0.0926	2.21	AlfI:99.57,AloI:99.61,BcgI:99.52,FalI:99.58	9749	63	10001	641	152.032	ok	99.1842	gamma	99.1888	99.02	90.36	98.9044	1570	1644
GCF_000509385.1__GCF_002204305.1	GCF_000509385.1	GCF_002204305.1	97-100	test	99.19	strict		NZ_BASQ01000003.1	NZ_NHRF01000231.1	99.3853	99.4642	0.9697	0.9302	0.01538	99.1821	33	0.996	30	0.416	0.9676	99.2626	99.5179	0.2735	3.52	AlfI:99.41,AloI:99.36,BcgI:99.48,FalI:99.63	7500	33	7529	780	224.818	ok	99.3853	gamma	99.3253	99.23	90.93	99.1526	1094	1130
GCF_000510915.2__GCF_900004755.1	GCF_000510915.2	GCF_900004755.1	97-100	train	99.46	strict		NZ_AOHN01000001.1	NZ_CVTS01000067.1	99.5927	99.6363	0.9118	0.9148	0.01049	99.0592	100	0.9942	64	0.321	0.978	99.5134	99.6677	0.0492	0.82	AlfI:99.62,AloI:99.63,BcgI:99.65,FalI:99.67	11206	100	10905	636	110.32	ok	99.5927	gamma	99.5565	99.39	87.52	99.3462	1828	1975
GCF_000510915.2__GCF_900105815.1	GCF_000510915.2	GCF_900105815.1	97-100	train	99.43	strict		NZ_AOHN01000001.1	NZ_LT629800.1	99.5873	99.6355	0.9219	0.9394	0.01047	99.0377	53	0.9983	18	0.294	0.978	99.5119	99.6671	0.1007	1.9	AlfI:99.62,AloI:99.71,BcgI:99.64,FalI:99.61	10784	53	10974	676	200.736	ok	99.5873	gamma	99.555	99.45	92.6	99.3851	1850	1975
GCF_000512145.1__GCF_000568735.2	GCF_000512145.1	GCF_000568735.2	97-100	train	99.69	strict		NZ_CP007022.1	NZ_CP005851.2	99.8227	99.8309	0.8864	0.8682	0.02778	99.6001	14	0.9851	13	0.183	0.9898	99.8752	99.8184	0.2052	2.21	AlfI:99.95,AloI:99.87,BcgI:100.00,FalI:99.79	899	14	794	788	62.4286	ok	99.8227	gamma	99.9457	99.67	86.76	99.7606	304	342
GCF_000513535.1__GCF_001270075.1	GCF_000513535.1	GCF_001270075.1	97-100	train	98.31	strict		NZ_AUYR01000001.1	NZ_LGAF01000001.1	98.624	98.9066	0.8776	0.8815	0.02645	98.4708	117	0.9929	36	0.473	0.9329	98.5021	99.0453	0.1792	0.97	AlfI:98.92,AloI:98.77,BcgI:98.91,FalI:98.95	5320	117	5733	161	44.2735	ok	98.624	gamma	98.5978	98.25	89.37	98.2087	1143	1251
GCF_000517765.1__GCF_015553015.1	GCF_000517765.1	GCF_015553015.1	97-100	train	99.88	strict		NZ_AZYV01000001.1	NZ_JADNFW010000010.1	99.9662	99.9681	0.9645	0.9663	0.00696	100.089	21	0.9987	3	0.07	0.9981	99.9427	99.9749	0.0783	1	AlfI:99.98,AloI:99.92,BcgI:100.00,FalI:99.96	2333	21	2290	793	108.381	ok	99.9662	gamma	99.9715	99.91	96.82	99.8278	625	634
GCF_000518465.1__GCF_900177285.1	GCF_000518465.1	GCF_900177285.1	97-100	train	98.91	strict		NZ_JADQ01000101.1	NZ_FXAB01000107.1	99.1131	99.3819	0.906	0.9139	0.01717	99.0071	147	0.993	47	0.183	0.9623	99.0261	99.4844	0.0543	0.36	AlfI:99.39,AloI:99.34,BcgI:99.39,FalI:99.36	6985	147	7310	266	46.5714	ok	99.1131	gamma	99.0978	98.87	94.61	98.9203	1466	1561
GCF_000519065.1__GCF_003315425.1	GCF_000519065.1	GCF_003315425.1	97-100	train	97.41	strict		NZ_KI912533.1	NZ_QNSC01000001.1	97.5262	98.0641	0.8156	0.6012	0.04334	96.7826	71	0.9914	27	0.807	0.8782	97.3038	98.4492	0.6809	4.06	AlfI:97.88,AloI:98.56,BcgI:98.09,FalI:98.18	3567	71	4159	358	44.9437	ok	97.5262	gamma	97.4354	97.21	61.03	97.1638	964	1075
GCF_000526615.1__GCF_003722135.1	GCF_000526615.1	GCF_003722135.1	97-100	test	99.75	strict		NZ_JAGK01000001.1	NZ_RIAQ01000041.1	99.892	99.9102	0.8512	0.8517	0.00618	99.257	115	0.9955	34	0.07	0.9946	99.8257	99.9308	0.0287	0.43	AlfI:99.92,AloI:99.89,BcgI:99.91,FalI:99.90	7841	115	7587	536	65.7739	ok	99.892	gamma	99.8564	99.55	86.7	99.5014	1204	1350
GCF_000526895.1__GCF_900445535.1	GCF_000526895.1	GCF_900445535.1	97-100	train	99.99	strict		NZ_JAGY01000001.1	NZ_UFTF01000002.1	99.9999	99.9999	0.9635	0.9269	0.42989	99.3123	32	0.9978	4	inf	1	99.9999	99.9999	0	0	AlfI:100.00,AloI:100.00,BcgI:100.00,FalI:100.00	1984	32	1848	231	58.0625	ok	99.9999	uniform	100	99.99	95.83	99.9966	563	564
GCF_000526895.1__GCF_902728075.1	GCF_000526895.1	GCF_902728075.1	97-100	train	97.89	strict		NZ_JAGY01000001.1	NZ_CACVBC010000001.1	98.3272	98.5433	0.8854	0.8612	0.05769	98.2574	26	0.9973	4	0.945	0.9104	98.226	98.6677	0.3843	1.26	AlfI:98.45,AloI:98.32,BcgI:98.70,FalI:98.53	1602	26	1687	193	56.8846	ok	98.3272	gamma	98.4143	98.2	89.83	97.9297	533	564
GCF_000568425.1__GCF_001941605.1	GCF_000568425.1	GCF_001941605.1	97-100	train	99.06	strict		NZ_ARZX01000001.1	NZ_CP015172.1	98.9499	99.3141	0.8826	0.8802	0.03461	99.0127	40	0.9964	7	0.2	0.9588	98.7686	99.4844	0.2553	1.73	AlfI:99.42,AloI:99.21,BcgI:99.17,FalI:99.31	2057	40	2156	301	49.25	ok	98.9499	gamma	98.9154	99	88.49	98.7904	1181	1249
GCF_000576145.2__GCF_001889445.1	GCF_000576145.2	GCF_001889445.1	97-100	test	98.25	strict		NZ_CP003182.2	NZ_CP018193.1	98.4741	98.7602	0.9818	0.999	0.03011	98.7883	12	0.9975	11	0.605	0.9233	98.3249	98.9169	0.3147	1.71	AlfI:98.74,AloI:98.67,BcgI:98.76,FalI:98.99	4548	12	4958	2335	373.917	ok	98.4741	gamma	98.4303	98.47	97.83	98.4353	885	909
GCF_000585195.1__GCF_000648635.1	GCF_000585195.1	GCF_000648635.1	97-100	train	99.23	strict		NZ_JARV01000001.1	NZ_JATO01000001.1	99.3105	99.4622	0.8342	0.8721	0.038	99.081	28	0.9895	14	0.244	0.9675	99.1525	99.5584	0.1483	0.26	AlfI:99.52,AloI:99.37,BcgI:99.37,FalI:99.47	1399	28	1425	187	48.2143	ok	99.3105	gamma	99.3054	99.03	86.61	99.0767	641	741
GCF_000597945.1__GCF_002188895.1	GCF_000597945.1	GCF_002188895.1	97-100	train	99.83	strict		NZ_CP007448.1	NZ_NHOF01000001.1	99.8932	99.9246	0.8153	0.8418	0.00732	99.3135	96	0.9792	94	0.07	0.9954	99.7043	99.9788	0.0762	2.17	AlfI:99.93,AloI:99.92,BcgI:99.94,FalI:99.86	4576	96	4602	245	47.0312	ok	99.8932	gamma	99.7556	99.7	87.64	99.5023	1339	1616
GCF_000614865.1__GCF_009617915.1	GCF_000614865.1	GCF_009617915.1	97-100	test	99.97	strict		NZ_BALJ01000092.1	NZ_BLAX01000001.1	99.9819	99.9829	0.9733	0.9676	0.00317	99.9723	65	0.9996	2	0.07	0.999	99.9363	99.9948	0.0219	0.35	AlfI:99.98,AloI:100.00,BcgI:99.98,FalI:99.99	5850	65	5641	796	86.2308	ok	99.9819	gamma	99.9569	99.98	99.04	99.9762	1669	1670
GCF_000621365.1__GCF_004766445.2	GCF_000621365.1	GCF_004766445.2	97-100	test	99.42	strict		NZ_KK211261.1	NZ_CP041713.1	99.5224	99.6568	0.9034	0.8551	0.01692	99.2529	46	0.9992	3	0.121	0.9794	99.4324	99.7146	0.0769	0.74	AlfI:99.69,AloI:99.61,BcgI:99.64,FalI:99.63	3934	46	4013	502	83.8696	ok	99.5224	gamma	99.5083	99.12	85.66	99.2756	761	812
GCF_000632125.1__GCF_001598535.1	GCF_000632125.1	GCF_001598535.1	97-100	test	100	strict		NZ_JFZA02000001.1	NZ_BCZD01000001.1	99.9993	99.9993	0.9782	0.9655	0.00051	99.7973	78	0.997	26	0.07	1	99.9999	99.9991	0.0029	0	AlfI:100.00,AloI:100.00,BcgI:100.00,FalI:100.00	8784	78	8678	960	111.5	ok	99.9993	gamma	100	99.99	98.2	99.9786	1280	1315
GCF_000685635.1__GCF_005406325.1	GCF_000685635.1	GCF_005406325.1	97-100	test	99.98	strict		NZ_CP007551.1	NZ_CP039139.1	99.977	99.9785	0.9965	0.9962	0.0034	100.009	11	0.9988	7	0.07	0.9987	99.9305	99.9906	0.0349	1.28	AlfI:99.95,AloI:99.99,BcgI:99.98,FalI:99.97	6385	11	6075	3784	550.909	ok	99.977	gamma	99.9513	99.98	99.71	99.9637	1293	1300
GCF_000706685.1__GCF_002836825.1	GCF_000706685.1	GCF_002836825.1	97-100	test	97.25	strict		NZ_CP007208.1	NZ_PIZO01000010.1	96.7732	97.4353	0.9067	0.9428	0.08321	97.2851	15	0.989	14	1.014	0.8361	96.6501	97.9549	0.7992	1.9	AlfI:97.25,AloI:98.05,BcgI:97.40,FalI:97.43	1358	15	1640	320	85	ok	96.7732	gamma	96.8779	97.14	91.29	97.1466	856	955
GCF_000719785.1__GCF_016834575.1	GCF_000719785.1	GCF_016834575.1	97-100	test	99.31	strict		NZ_JOHU01000001.1	NZ_JAFDML010000001.1	99.5469	99.6015	0.8759	0.9196	0.01077	99.0713	261	0.9835	181	0.335	0.9756	99.4428	99.6435	0.0779	1.1	AlfI:99.60,AloI:99.60,BcgI:99.60,FalI:99.67	11401	261	11470	209	42.3257	ok	99.5469	gamma	99.4875	99.26	95.38	99.2012	2145	2439
GCF_000723565.1__GCF_002079945.1	GCF_000723565.1	GCF_002079945.1	97-100	test	99.33	strict		NZ_CBLY010000001.1	NZ_CP020554.1	99.4125	99.4315	0.9536	0.9634	0.02609	99.4837	13	0.9978	6	1.434	0.9656	99.3535	99.4522	0.4375	3.57	AlfI:99.46,AloI:99.58,BcgI:99.45,FalI:99.14	2696	13	2787	606	205.769	ok	99.4125	gamma	99.4497	99.28	93.92	99.2269	634	656
GCF_000735205.1__GCF_014219705.1	GCF_000735205.1	GCF_014219705.1	97-100	train	97.95	strict		NZ_JNCG01000001.1	NZ_JACLFF010000010.1	97.4517	98.4415	0.8919	0.8457	0.04553	97.9369	59	0.9938	16	0.355	0.9037	97.3668	98.9207	0.3848	2.22	AlfI:98.22,AloI:98.41,BcgI:98.60,FalI:98.45	2724	59	3188	359	44.5593	ok	97.4517	gamma	97.5219	97.85	82.21	97.588	1130	1281
GCF_000735425.1__GCF_900706845.1	GCF_000735425.1	GCF_900706845.1	97-100	train	99.98	strict		NZ_JMPN01000001.1	NZ_CAADJC010000001.1	99.9868	99.9873	0.9863	0.9753	0.00263	99.9608	34	0.9995	3	0.07	0.9992	99.9502	99.9966	0.0246	1.17	AlfI:99.98,AloI:99.97,BcgI:99.99,FalI:99.99	6065	34	5947	1110	175.382	ok	99.9868	gamma	99.9678	99.99	98.14	99.9826	1390	1390
GCF_000735425.1__GCF_902385615.1	GCF_000735425.1	GCF_902385615.1	97-100	train	99.99	strict		NZ_JMPN01000001.1	NZ_CABMGD010000001.1	99.9983	99.9983	0.9823	0.9858	0.00094	99.9941	39	0.998	12	0.07	0.9999	99.9999	99.9979	0.004	0.32	AlfI:100.00,AloI:100.00,BcgI:100.00,FalI:100.00	5990	39	5922	1115	151.256	ok	99.9983	gamma	100	99.99	99.83	99.9863	1379	1390
GCF_000741405.1__GCF_001005065.1	GCF_000741405.1	GCF_001005065.1	97-100	train	99.99	strict		NZ_JGZO01000001.1	NZ_LBIB01000001.1	99.9982	99.9982	0.9804	0.9799	0.00088	99.9155	55	0.9971	21	inf	0.9999	99.9932	99.9994	0.0036	0.22	AlfI:100.00,AloI:100.00,BcgI:100.00,FalI:100.00	7368	55	7204	515	131.164	ok	99.9982	uniform	99.9981	99.99	99.97	99.9737	1015	1031
GCF_000741885.1__GCF_002759215.2	GCF_000741885.1	GCF_002759215.2	97-100	test	99.93	strict		NZ_JPHG01000001.1	NZ_CP020998.2	99.9732	99.9738	0.9412	0.9461	0.00246	99.3336	107	0.9993	9	0.07	0.9984	99.9711	99.9745	0.0227	2.57	AlfI:99.97,AloI:99.99,BcgI:99.98,FalI:99.97	13906	107	13732	860	128.252	ok	99.9732	gamma	99.9801	99.94	94.66	99.8104	1550	1587
GCF_000742335.1__GCF_003795605.1	GCF_000742335.1	GCF_003795605.1	97-100	train	98.43	strict		NZ_JPZD01000001.1	NZ_PQJL01000113.1	98.5105	98.8513	0.8514	0.8898	0.02586	98.4941	253	0.9983	9	0.46	0.9295	98.3614	99.021	0.2228	1.07	AlfI:98.85,AloI:98.95,BcgI:98.87,FalI:98.72	5722	253	6218	108	21.664	ok	98.5105	gamma	98.4551	98.57	94.82	98.4994	1254	1369
GCF_000744755.1__GCF_001587475.1	GCF_000744755.1	GCF_001587475.1	97-100	train	99.19	strict		NZ_JQMN01000001.1	NZ_LQYX01000001.1	99.3343	99.5174	0.8745	0.9049	0.01735	99.1877	85	0.9838	84	0.178	0.9708	99.2026	99.6032	0.0738	0.8	AlfI:99.46,AloI:99.52,BcgI:99.54,FalI:99.51	6107	85	5488	411	61.1765	ok	99.3343	gamma	99.2786	99.11	92.82	99.1763	1095	1248
GCF_000746985.1__GCF_002587065.1	GCF_000746985.1	GCF_002587065.1	97-100	test	97.17	strict		NZ_JPWL01000001.1	NZ_CP023818.1	97.7007	97.9971	0.9252	0.915	0.03025	97.4634	89	0.9969	22	1.392	0.8724	97.5	98.2532	0.3951	7.7	AlfI:97.99,AloI:98.28,BcgI:97.89,FalI:98.27	7239	89	8556	419	80.0899	ok	97.7007	gamma	97.5894	97.52	86	97.2498	1460	1558
GCF_000746985.1__GCF_002906925.1	GCF_000746985.1	GCF_002906925.1	97-100	test	97.2	strict		NZ_JPWL01000001.1	NZ_PPUX01000001.1	97.7109	98.0174	0.8892	0.932	0.03052	97.4768	98	0.9953	32	1.297	0.8738	97.5394	98.2594	0.3262	5.13	AlfI:98.02,AloI:98.25,BcgI:97.93,FalI:98.24	7016	98	8280	382	70.7653	ok	97.7109	gamma	97.63	97.23	89.09	97.287	1395	1558
GCF_000747685.1__GCF_000755325.1	GCF_000747685.1	GCF_000755325.1	97-100	train	98.51	strict		NZ_BBLG01000042.1	NZ_BBMM01000034.1	98.4323	98.9183	0.8988	0.9106	0.04265	98.7005	36	0.9921	16	0.335	0.9342	98.2192	99.169	0.314	1.71	AlfI:99.09,AloI:98.78,BcgI:98.85,FalI:98.90	2084	36	2326	601	56.6667	ok	98.4323	gamma	98.3807	98.52	93.26	98.4288	1000	1065
GCF_000750195.1__GCF_001941605.1	GCF_000750195.1	GCF_001941605.1	97-100	train	98.93	strict		NZ_CP009239.1	NZ_CP015172.1	98.8771	99.2721	0.9189	0.9172	0.03601	99.1311	25	0.9882	24	0.214	0.9562	98.6696	99.4628	0.3588	1.76	AlfI:99.35,AloI:99.03,BcgI:99.39,FalI:99.23	2055	25	2127	450	81.08	ok	98.8771	gamma	98.822	98.8	87.73	98.6897	1190	1274
GCF_000750195.1__GCF_007827205.1	GCF_000750195.1	GCF_007827205.1	97-100	train	99.16	strict		NZ_CP009239.1	NZ_VIRZ01000001.1	98.9399	99.3158	0.9478	0.9706	0.03431	99.3731	23	0.9894	22	0.202	0.9589	98.7288	99.4988	0.151	0.9	AlfI:99.41,AloI:99.26,BcgI:99.29,FalI:99.29	2140	23	2190	478	90.5652	ok	98.9399	gamma	98.8763	99.02	94.2	98.8733	1199	1274
GCF_000754115.1__GCF_003947475.1	GCF_000754115.1	GCF_003947475.1	97-100	test	98.07	strict		NZ_JPLW01000001.1	NZ_QHJK01000010.1	98.3051	98.5015	0.9143	0.8929	0.01852	97.6262	55	0.9969	44	1.224	0.906	98.1102	98.6581	0.8629	41.07	AlfI:98.50,AloI:98.58,BcgI:98.60,FalI:97.74	18110	55	16326	1144	257.909	ok	98.3051	gamma	98.1708	98.09	86.61	97.9173	2713	2971
GCF_000755325.1__GCF_000764815.1	GCF_000755325.1	GCF_000764815.1	97-100	train	98.59	strict		NZ_BBMM01000034.1	NZ_BBNT01000050.1	98.6759	98.9768	0.9062	0.8929	0.04183	98.7716	40	0.99	20	0.46	0.9378	98.4113	99.1748	0.3644	2.21	AlfI:98.91,AloI:99.19,BcgI:98.83,FalI:99.03	2066	40	2256	407	50.575	ok	98.6759	gamma	98.5689	98.73	90.87	98.4619	975	1054
GCF_000757905.1__GCF_004118055.1	GCF_000757905.1	GCF_004118055.1	97-100	test	97.28	strict		NZ_JRLH01000001.1	NZ_MASH01000001.1	97.8775	97.8775	0.4756	0.594	0.07874	96.1027	93	0.932	76	inf	0.8658	97.7902	97.9208	0.4403	1.73	AlfI:97.89,AloI:97.70,BcgI:98.06,FalI:97.62	1342	93	1319	30	12.1935	ok	97.8775	uniform	98.0143	97.08	81.32	96.7765	570	974
GCF_000758175.1__GCF_000968715.2	GCF_000758175.1	GCF_000968715.2	97-100	test	97.58	strict		NZ_JOKD01000001.1	NZ_CP022134.1	98.0932	98.4848	0.8859	0.8345	0.03162	97.8948	98	0.9955	22	0.709	0.9055	97.8598	98.744	0.2891	1.82	AlfI:98.52,AloI:98.40,BcgI:98.45,FalI:98.69	5037	98	5732	262	50.2857	ok	98.0932	gamma	97.9648	97.65	81.08	97.5374	986	1078
GCF_000758345.1__GCF_014854775.1	GCF_000758345.1	GCF_014854775.1	97-100	test	97.08	strict		NZ_CP009460.1	NZ_CP031507.1	97.3797	97.7495	0.9391	0.9689	0.03629	97.3976	23	0.996	22	1.434	0.8542	97.1559	98.095	0.3168	2.08	AlfI:97.78,AloI:97.98,BcgI:97.69,FalI:97.66	5659	23	6850	791	241.087	ok	97.3797	gamma	97.2584	97.14	90.71	97.1068	1563	1684
GCF_000764815.1__GCF_003001855.1	GCF_000764815.1	GCF_003001855.1	97-100	train	98.34	strict		NZ_BBNT01000050.1	NZ_PVNA01000001.1	97.938	98.6892	0.8769	0.8901	0.04863	98.3309	33	0.9942	11	0.335	0.9198	97.7648	99.0573	0.2154	0.97	AlfI:98.85,AloI:98.63,BcgI:98.68,FalI:98.64	1962	33	2257	517	58.2424	ok	97.938	gamma	97.9407	98.24	88.5	98.1169	944	1064
GCF_000771065.1__GCF_009696505.1	GCF_000771065.1	GCF_009696505.1	97-100	train	98.44	strict		NZ_JDTR01000001.1	NZ_VULW01000001.1	98.5428	99.1581	0.9314	0.9522	0.02646	98.9579	35	0.9979	8	0.166	0.9488	98.5236	99.3563	0.164	1.16	AlfI:99.12,AloI:99.12,BcgI:99.16,FalI:99.28	3914	35	4296	395	111.4	ok	98.5428	gamma	98.6326	98.72	94.34	98.5971	672	702
GCF_000771605.1__GCF_900094965.1	GCF_000771605.1	GCF_900094965.1	97-100	train	99.99	strict		NZ_JDUS01000001.1	NZ_FMAM01000017.1	99.9999	99.9999	0.9784	0.983	0.29152	99.5829	22	1	0	inf	1	99.9999	99.9999	0	0	AlfI:100.00,AloI:100.00,BcgI:100.00,FalI:100.00	3846	22	3799	1059	172.318	ok	99.9999	uniform	100	99.99	99.69	99.9949	665	667
GCF_000773675.1__GCF_900445945.1	GCF_000773675.1	GCF_900445945.1	97-100	test	99.65	strict		NZ_JPQP01000001.1	NZ_UFUJ01000002.1	99.7409	99.7455	0.9669	0.9424	0.00969	99.4017	33	0.9981	16	0.918	0.9846	99.7405	99.7467	0.117	1.5	AlfI:99.75,AloI:99.81,BcgI:99.74,FalI:99.69	8756	33	8746	1083	261.485	ok	99.7409	gamma	99.7757	99.57	90.76	99.538	1356	1389
GCF_000783055.1__GCF_002007035.1	GCF_000783055.1	GCF_002007035.1	97-100	train	99.92	strict		NZ_JSZV01000001.1	NZ_CM007716.1	99.9805	99.9805	0.8944	0.9006	0.00383	99.8101	166	0.9697	138	inf	0.9988	99.9679	99.9838	0.0374	2.8	AlfI:100.00,AloI:99.96,BcgI:99.98,FalI:99.98	4821	166	4604	183	27.5964	ok	99.9805	uniform	99.9833	99.85	98.9	99.8735	1652	1795
GCF_000785495.1__GCF_006538965.1	GCF_000785495.1	GCF_006538965.1	97-100	train	99.99	strict		NZ_CP009896.1	NZ_BJMC01000001.1	99.9949	99.9949	0.9913	0.9938	0.00121	99.7129	37	0.9966	36	0.07	0.9997	99.9938	99.9952	0.0067	1.69	AlfI:100.00,AloI:100.00,BcgI:99.99,FalI:100.00	10893	37	10716	1661	289.919	ok	99.9949	gamma	99.9979	100	100	99.9891	1847	1879
GCF_000786255.1__GCF_003201175.1	GCF_000786255.1	GCF_003201175.1	97-100	test	99.12	strict		NZ_JRWI01000001.1	NZ_QICO01000001.1	99.2327	99.3404	0.9139	0.902	0.01813	98.9095	53	0.9967	21	0.441	0.9601	99.1282	99.3994	0.2008	1.78	AlfI:99.32,AloI:99.43,BcgI:99.36,FalI:99.23	6478	53	6795	437	121.132	ok	99.2327	gamma	99.1993	98.97	89.81	98.7903	1484	1580
GCF_000798615.1__GCF_014534735.1	GCF_000798615.1	GCF_014534735.1	97-100	train	98.74	strict		NZ_JTJG01000001.1	NZ_JACVSR010000001.1	98.6612	98.9333	0.9039	0.9525	0.02943	98.7212	37	0.9976	10	0.516	0.9347	98.4408	99.1028	0.0705	0.27	AlfI:98.97,AloI:98.91,BcgI:98.94,FalI:98.90	4237	37	4595	955	111.946	ok	98.6612	gamma	98.5495	98.61	91.84	98.4771	1160	1300
GCF_000798615.1__GCF_016313165.1	GCF_000798615.1	GCF_016313165.1	97-100	train	99.03	strict		NZ_JTJG01000001.1	NZ_CP066219.1	99.0745	99.2362	0.9158	0.9584	0.02428	99.0705	32	0.9986	6	0.392	0.9535	98.9766	99.3151	0.0613	0.23	AlfI:99.25,AloI:99.20,BcgI:99.22,FalI:99.26	4406	32	4637	852	135.656	ok	99.0745	gamma	99.0689	98.97	91.47	98.9225	1197	1300
GCF_000800185.1__GCF_014651795.1	GCF_000800185.1	GCF_014651795.1	97-100	train	97.56	strict		NZ_JTDR01000001.1	NZ_BMXO01000001.1	97.9927	98.4342	0.863	0.8792	0.03077	97.8403	83	0.9899	54	0.65	0.9024	97.8097	98.698	0.1312	0.55	AlfI:98.41,AloI:98.54,BcgI:98.42,FalI:98.52	5506	83	6281	229	65.012	ok	97.9927	gamma	97.9106	97.65	85.94	97.4463	1121	1267
GCF_000800955.1__GCF_003598585.1	GCF_000800955.1	GCF_003598585.1	97-100	test	98.94	strict		NZ_JROX01000001.1	NZ_QPKL01000001.1	99.1513	99.3201	0.7504	0.7908	0.0253	98.5967	197	0.9922	25	0.335	0.9578	99.0254	99.4083	0.2009	1.66	AlfI:99.29,AloI:99.28,BcgI:99.33,FalI:99.48	3584	197	3720	70	17.1269	ok	99.1513	gamma	99.1249	98.92	87.14	98.5664	742	818
GCF_000803285.1__GCF_001510805.1	GCF_000803285.1	GCF_001510805.1	97-100	train	99.96	strict		NZ_JHQK01000001.1	NZ_LQMV01000001.1	99.9809	99.9818	0.9824	0.9877	0.00389	100.096	31	0.9978	9	0.07	0.9989	99.9511	99.9896	0.0283	1.13	AlfI:99.99,AloI:100.00,BcgI:99.98,FalI:99.97	4123	31	4057	556	130.194	ok	99.9809	gamma	99.9718	99.97	100	99.9735	1218	1238
GCF_000804525.1__GCF_000964665.1	GCF_000804525.1	GCF_000964665.1	97-100	train	99.82	strict		NZ_JSEM01000001.1	NZ_LANQ01000001.1	99.878	99.902	0.7993	0.8318	0.0182	99.4555	58	0.9561	44	0.07	0.9941	99.8071	99.9273	0.1341	3.27	AlfI:99.98,AloI:100.00,BcgI:99.91,FalI:99.87	1494	58	1033	59	17.5345	ok	99.878	gamma	99.8886	99.87	98.24	99.6638	475	505
GCF_000805375.1__GCF_001665445.1	GCF_000805375.1	GCF_001665445.1	97-100	train	98.66	strict		NZ_JTLZ01000012.1	NZ_LZSL01000001.1	98.9601	99.0849	0.9141	0.9006	0.01676	98.39	99	0.9917	87	0.739	0.944	98.8093	99.17	0.0863	0.3	AlfI:99.08,AloI:99.13,BcgI:99.08,FalI:99.04	10650	99	11279	619	105.535	ok	98.9601	gamma	98.8716	98.62	88.16	98.5908	1839	2013
GCF_000805375.1__GCF_900236745.1	GCF_000805375.1	GCF_900236745.1	97-100	train	98.86	strict		NZ_JTLZ01000012.1	NZ_LT963299.1	99.1354	99.2875	0.954	0.9436	0.01442	98.7063	51	0.9965	38	0.404	0.9566	98.9831	99.375	0.1413	2.71	AlfI:99.27,AloI:99.41,BcgI:99.28,FalI:99.30	11240	51	11697	1208	215.451	ok	99.1354	gamma	99.0408	98.81	92.07	98.8322	1933	2013
GCF_000807975.1__GCF_001010995.1	GCF_000807975.1	GCF_001010995.1	97-100	train	97.65	strict		NZ_CP005977.1	NZ_LBHR01000001.1	97.6542	98.3271	0.7571	0.7369	0.05371	97.3497	56	0.9735	52	0.523	0.8959	97.4799	98.7109	0.0761	0.1	AlfI:98.28,AloI:98.30,BcgI:98.36,FalI:98.33	2128	56	2350	185	35.0893	ok	97.6542	gamma	97.6545	97.44	79.57	97.1631	701	903
GCF_000812585.1__GCF_002994485.1	GCF_000812585.1	GCF_002994485.1	97-100	train	98.06	strict		NZ_JTGE01000001.1	NZ_MTBD01000086.1	98.532	98.804	0.8715	0.7939	0.0258	98.0995	136	0.9972	16	0.623	0.9262	98.334	98.9712	0.175	1.76	AlfI:98.85,AloI:98.92,BcgI:98.75,FalI:98.77	6057	136	6551	232	43.0515	ok	98.532	gamma	98.4259	98.21	79.94	97.9677	1176	1268
GCF_000813785.1__GCF_000813925.1	GCF_000813785.1	GCF_000813925.1	97-100	test	97.89	strict		NZ_JWLE01000001.1	NZ_JWLH01000001.1	98.0711	98.7432	0.924	0.9147	0.02415	98.1659	64	0.9974	18	0.331	0.9222	97.9374	99.0483	0.1251	2	AlfI:98.82,AloI:98.72,BcgI:98.69,FalI:98.70	7144	64	8143	830	109.797	ok	98.0711	gamma	98.0249	98.27	91.16	98.1831	1401	1493
GCF_000816225.1__GCF_018500385.1	GCF_000816225.1	GCF_018500385.1	97-100	train	99.15	strict		NZ_CP007771.1	NZ_JAHCYN010000010.1	99.1735	99.3355	0.9028	0.8998	0.04103	99.1789	22	0.9849	21	0.294	0.9602	99.1085	99.4055	0.4481	0.6	AlfI:99.36,AloI:98.96,BcgI:99.41,FalI:99.34	1424	22	1476	226	63.4545	ok	99.1735	gamma	99.2624	99.06	92.23	98.8985	456	500
GCF_000820525.2__GCF_016082235.1	GCF_000820525.2	GCF_016082235.1	97-100	train	99.2	strict		NZ_JTLV02000002.1	NZ_JXYY01000106.1	99.7166	99.7166	0.2605	0.4427	0.05257	96.9993	35	0.9034	34	inf	0.9826	99.6835	99.7259	0.1668	0.45	AlfI:99.72,AloI:99.82,BcgI:99.66,FalI:99.71	523	35	360	40	10.0857	ok	99.7166	uniform	99.8512	99.01	84.17	98.6101	342	763
GCF_000825065.1__GCF_000825085.1	GCF_000825065.1	GCF_000825085.1	97-100	test	100	strict		NZ_CCWS01000001.1	NZ_CCWQ01000001.1	99.9994	99.9994	0.9824	0.983	0.00055	100.029	53	0.9983	10	inf	1	99.9999	99.9993	0.0009	0	AlfI:100.00,AloI:100.00,BcgI:100.00,FalI:100.00	5991	53	5778	569	109.925	ok	99.9994	uniform	100	99.99	98.77	99.9796	892	903
GCF_000830905.1__GCF_002007905.1	GCF_000830905.1	GCF_002007905.1	97-100	train	98.24	strict		NZ_CP006950.1	NZ_CP019866.1	97.9339	98.2153	0.8785	0.9224	0.08045	98.0371	6	0.9947	5	1.26	0.8887	97.643	98.4797	0.3728	1.37	AlfI:98.09,AloI:98.37,BcgI:98.47,FalI:98.13	939	6	1103	303	156	ok	97.9339	gamma	97.8942	98.22	91.4	97.9599	393	460
GCF_000833915.1__GCF_002989205.1	GCF_000833915.1	GCF_002989205.1	97-100	train	97.1	strict		NZ_JXMD01000001.1	NZ_MZMD01000001.1	96.6791	97.7122	0.8528	0.8665	0.07841	97.2228	44	0.9831	21	0.588	0.8545	96.7111	98.3123	0.8238	2.27	AlfI:97.74,AloI:98.39,BcgI:97.74,FalI:97.56	1335	44	1621	161	28.8182	ok	96.6791	gamma	96.9356	97.26	88.89	97.1172	544	614
GCF_000835205.1__GCF_001755835.1	GCF_000835205.1	GCF_001755835.1	97-100	train	99.28	strict		NZ_CP002580.1	NZ_MKGK01000011.1	99.4688	99.5384	0.9362	0.9471	0.00929	98.57	74	0.9958	72	0.365	0.9721	99.3367	99.5909	0.1128	1.98	AlfI:99.54,AloI:99.52,BcgI:99.53,FalI:99.63	17498	74	17689	1015	229.757	ok	99.4688	gamma	99.376	99.23	91.54	99.2132	2477	2631
GCF_000835205.1__GCF_902832905.1	GCF_000835205.1	GCF_902832905.1	97-100	train	99.25	strict		NZ_CP002580.1	NZ_CADFDR010000001.1	99.5147	99.5534	0.9327	0.9244	0.00913	98.6093	123	0.9929	121	0.554	0.973	99.3996	99.5931	0.0952	3.18	AlfI:99.55,AloI:99.63,BcgI:99.54,FalI:99.64	17748	123	17658	828	139.114	ok	99.5147	gamma	99.4371	99.23	91.64	99.1902	2445	2631
GCF_000877015.1__GCF_003933955.1	GCF_000877015.1	GCF_003933955.1	97-100	train	97.63	strict		NZ_CEDT01000001.1	NZ_RSDK01000010.1	97.8952	98.6559	0.7817	0.7829	0.05024	97.9155	109	0.9883	20	0.312	0.9175	97.8331	98.9867	0.3359	1.39	AlfI:98.43,AloI:98.77,BcgI:98.67,FalI:98.71	2011	109	2152	54	16.5505	ok	97.8952	gamma	98.0111	98.08	85.34	97.796	616	691
GCF_000940515.1__GCF_900454515.1	GCF_000940515.1	GCF_900454515.1	97-100	train	97.52	strict		NZ_CDQL01000001.1	NZ_UFRH01000002.1	97.168	97.6071	0.9116	0.8942	0.08169	97.3872	18	0.991	11	1.297	0.8471	96.9915	98.0003	0.7874	4.82	AlfI:97.59,AloI:97.58,BcgI:97.14,FalI:97.93	1287	18	1531	153	68.3889	ok	97.168	gamma	97.2189	97.41	84.79	97.233	667	725
GCF_000953895.1__GCF_902387735.1	GCF_000953895.1	GCF_902387735.1	97-100	train	98.76	strict		NZ_BBUQ01000177.1	NZ_CABMND010000001.1	98.8368	98.9742	0.8149	0.9356	0.02356	98.4692	93	0.9956	26	0.807	0.9372	98.7019	99.0622	0.1034	0.47	AlfI:98.98,AloI:99.06,BcgI:98.96,FalI:98.99	6041	93	6507	241	64.1183	ok	98.8368	gamma	98.7867	98.71	91.29	98.5661	1402	1656
GCF_000958465.1__GCF_003076355.1	GCF_000958465.1	GCF_003076355.1	97-100	train	99.88	strict		NZ_CP011043.1	NZ_CP021038.1	99.9006	99.9205	0.9437	0.9951	0.00641	99.783	14	0.9982	11	0.07	0.9952	99.7992	99.95	0.0532	1.74	AlfI:99.90,AloI:99.88,BcgI:99.93,FalI:99.94	6186	14	6245	3040	438.643	ok	99.9006	gamma	99.8354	99.93	99.09	99.8678	1069	1134
GCF_000958465.1__GCF_003693415.1	GCF_000958465.1	GCF_003693415.1	97-100	train	99.86	strict		NZ_CP011043.1	NZ_RDQV01000001.1	99.8978	99.9175	0.9468	0.9748	0.0065	99.784	52	0.9923	48	0.07	0.995	99.806	99.9446	0.0453	1.01	AlfI:99.90,AloI:99.89,BcgI:99.92,FalI:99.94	6301	52	6292	832	119.577	ok	99.8978	gamma	99.8414	99.92	99.23	99.8204	1058	1134
GCF_000963495.1__GCF_016134935.2	GCF_000963495.1	GCF_016134935.2	97-100	train	99.48	strict		NZ_CP005975.1	NZ_CP066169.2	99.5925	99.6051	0.9438	0.9519	0.01056	99.0231	23	0.9981	22	0.892	0.9761	99.5935	99.6081	0.0744	1.08	AlfI:99.60,AloI:99.62,BcgI:99.62,FalI:99.55	11506	23	11630	1523	492.826	ok	99.5925	gamma	99.6318	99.32	94.2	99.3817	1948	2045
GCF_000965005.1__GCF_000965045.1	GCF_000965005.1	GCF_000965045.1	97-100	train	99.62	strict		NZ_LAOI01000001.1	NZ_LAOJ01000001.1	99.6646	99.8	0.9312	0.9084	0.02695	99.7655	27	0.9727	26	0.07	0.988	99.5064	99.8802	0.0607	0.26	AlfI:99.79,AloI:99.79,BcgI:99.76,FalI:99.82	1122	27	979	113	35.2963	ok	99.6646	gamma	99.6457	99.55	89.74	99.5284	491	514
GCF_000965255.1__GCF_007991955.1	GCF_000965255.1	GCF_007991955.1	97-100	train	97.88	strict		NZ_JZCR01000001.1	NZ_BJZI01000001.1	98.0754	98.381	0.8039	0.8382	0.04405	97.8392	96	0.9725	77	0.945	0.8988	97.865	98.6094	0.2748	2.92	AlfI:98.30,AloI:98.53,BcgI:98.27,FalI:98.55	3286	96	3275	182	29.3438	ok	98.0754	gamma	98.0064	97.73	86.55	97.4917	774	940
GCF_000967575.1__GCF_014596995.1	GCF_000967575.1	GCF_014596995.1	97-100	train	97.62	strict		NZ_JXXX01000001.1	NZ_VSSD01000010.1	97.7123	98.0759	0.8743	0.8597	0.03512	97.5929	166	0.996	20	1.044	0.8796	97.5476	98.334	0.146	0.24	AlfI:98.09,AloI:98.19,BcgI:98.04,FalI:98.09	5467	166	6211	195	31.2289	ok	97.7123	gamma	97.654	97.52	84.88	97.3763	1501	1641
GCF_000967825.1__GCF_015390265.1	GCF_000967825.1	GCF_015390265.1	97-100	train	98.07	strict		NZ_JYGY01000001.1	NZ_VUOJ01000001.1	98.2837	98.5135	0.6672	0.9416	0.0312	97.6659	38	0.994	30	0.985	0.9071	98.1584	98.6563	0.2448	2.48	AlfI:98.50,AloI:98.68,BcgI:98.47,FalI:98.72	5099	38	5625	770	132.316	ok	98.2837	gamma	98.2602	98.11	93.33	97.8087	935	1360
GCF_000971865.1__GCF_000971875.1	GCF_000971865.1	GCF_000971875.1	97-100	test	99.98	strict		NZ_JZEZ01000001.1	NZ_JZFA01000001.1	99.9956	99.9956	0.9393	0.9419	0.00194	100.012	95	0.9916	30	inf	0.9997	99.982	99.9989	0.0091	0.37	AlfI:99.99,AloI:100.00,BcgI:100.00,FalI:100.00	3843	95	3658	269	38.2211	ok	99.9956	uniform	99.9938	99.99	99.72	99.937	603	624
GCF_000972245.3__GCF_002237735.1	GCF_000972245.3	GCF_002237735.1	97-100	test	99.79	strict		NZ_CP011974.1	NZ_MWSI01000010.1	99.9234	99.9327	0.88	0.9364	0.00663	99.579	26	0.9959	22	0.07	0.9959	99.8702	99.95	0.0083	0.09	AlfI:99.93,AloI:99.93,BcgI:99.93,FalI:99.94	5490	26	5443	1774	207.462	ok	99.9234	gamma	99.9009	99.39	92.53	99.6561	1588	1767
GCF_001010305.1__GCF_014931035.1	GCF_001010305.1	GCF_014931035.1	97-100	test	97.03	strict		NZ_BBXH01000001.1	NZ_CP063057.1	97.5023	97.8102	0.8218	0.9224	0.02744	96.7932	67	0.9971	27	1.52	0.8593	97.35	98.0654	0.3111	3.12	AlfI:97.84,AloI:98.05,BcgI:97.73,FalI:97.94	9516	67	11365	574	140.045	ok	97.5023	gamma	97.4282	96.94	85.67	96.8862	1541	1824
GCF_001014685.1__GCF_001922405.1	GCF_001014685.1	GCF_001922405.1	97-100	train	99.91	strict		NZ_LAQN01000001.1	NZ_CP018776.1	99.9664	99.9677	0.9468	0.9321	0.00761	99.9979	29	0.9995	1	0.07	0.998	99.9567	99.9706	0.0458	0.72	AlfI:99.95,AloI:100.00,BcgI:99.96,FalI:99.98	1958	29	1902	305	65.0345	ok	99.9664	gamma	99.9829	99.97	94.56	99.8652	839	850
GCF_001014685.1__GCF_004209905.1	GCF_001014685.1	GCF_004209905.1	97-100	train	99.12	strict		NZ_LAQN01000001.1	NZ_RQTE01000010.1	99.5416	99.7197	0.5634	0.5103	0.02659	97.958	132	0.9192	106	0.07	0.9831	99.4642	99.7893	0.1661	2.19	AlfI:99.75,AloI:99.78,BcgI:99.61,FalI:99.78	1811	132	1390	60	10.1364	ok	99.5416	gamma	99.587	98.98	88.01	98.8127	623	850
GCF_001030225.1__GCF_002197345.1	GCF_001030225.1	GCF_002197345.1	97-100	train	98.41	strict		NZ_KQ087598.1	NZ_CP021851.1	98.4292	98.6428	0.9116	0.9069	0.02731	98.1731	26	0.9958	25	0.973	0.916	98.203	98.8087	0.1703	0.95	AlfI:98.66,AloI:98.78,BcgI:98.61,FalI:98.64	5969	26	6683	1155	226.615	ok	98.4292	gamma	98.2959	98.36	86.27	98.1191	1482	1628
GCF_001043875.1__GCF_001476215.1	GCF_001043875.1	GCF_001476215.1	97-100	test	98.69	strict		NZ_JTHG01000001.1	NZ_LDRM01000001.1	98.9108	99.1655	0.762	0.8295	0.01622	98.473	455	0.9898	99	0.355	0.9492	98.7301	99.2971	0.25	4.14	AlfI:99.13,AloI:98.95,BcgI:99.20,FalI:99.16	11663	455	11043	139	22.0198	ok	98.9108	gamma	98.7947	98.76	89.37	98.5232	1636	2038
GCF_001044155.1__GCF_900447205.1	GCF_001044155.1	GCF_900447205.1	97-100	train	99.96	strict		NZ_LDYD01000001.1	NZ_UFXQ01000002.1	99.9739	99.9739	0.9797	0.9736	0.00424	100.01	38	0.9956	21	inf	0.9984	99.8884	99.9949	0.0344	1.41	AlfI:99.98,AloI:100.00,BcgI:99.97,FalI:99.99	4785	38	4719	624	124.789	ok	99.9739	uniform	99.9187	99.97	98.64	99.9495	839	842
GCF_001044175.1__GCF_900475655.1	GCF_001044175.1	GCF_900475655.1	97-100	test	98.11	strict		NZ_LDYE01000001.1	NZ_LS483404.1	98.2037	98.5361	0.9495	0.9762	0.03709	98.502	26	0.9957	15	0.709	0.9088	98.0507	98.731	0.2486	1.39	AlfI:98.53,AloI:98.74,BcgI:98.49,FalI:98.58	3532	26	3992	507	135.154	ok	98.2037	gamma	98.174	98.14	93.12	98.0533	734	769
GCF_001047325.1__GCF_001270485.1	GCF_001047325.1	GCF_001270485.1	97-100	train	99.68	strict		NZ_LFNT01000002.1	NZ_LGUQ01000001.1	99.8285	99.8485	0.9075	0.9424	0.00536	99.0577	246	0.996	67	0.129	0.9907	99.7816	99.8652	0.0338	0.82	AlfI:99.84,AloI:99.86,BcgI:99.85,FalI:99.87	17453	246	17224	625	68.9959	ok	99.8285	gamma	99.8047	99.69	96.51	99.6984	3152	3424
GCF_001050095.1__GCF_009933265.1	GCF_001050095.1	GCF_009933265.1	97-100	test	99.08	strict		NZ_CVRN01000001.1	NZ_MAEK01000001.1	99.1034	99.2213	0.8206	0.8026	0.03453	98.6222	47	0.9813	41	0.588	0.9527	98.9274	99.3113	0.1433	0.95	AlfI:99.33,AloI:99.22,BcgI:99.19,FalI:99.20	2283	47	2349	151	46.7021	ok	99.1034	gamma	99.059	98.59	83.87	98.6091	765	901
GCF_001074295.1__GCF_015551785.1	GCF_001074295.1	GCF_015551785.1	97-100	test	97	strict		NZ_JUTV01000001.1	NZ_JADNDJ010000010.1	97.404	97.9602	0.7475	0.7353	0.06179	97.0493	114	0.9929	12	0.739	0.8721	97.3655	98.2659	0.0471	0.02	AlfI:97.93,AloI:97.96,BcgI:97.98,FalI:97.96	1951	114	2238	96	15.7018	ok	97.404	gamma	97.5502	96.8	80.43	96.7037	582	664
GCF_001077855.1__GCF_014644275.1	GCF_001077855.1	GCF_014644275.1	97-100	test	99.2	strict		NZ_LFEJ01000003.1	NZ_BMKJ01000001.1	99.3053	99.3568	0.9199	0.9689	0.01731	99.0707	35	0.9984	11	0.761	0.9611	99.2255	99.3932	0.1302	1.75	AlfI:99.33,AloI:99.32,BcgI:99.35,FalI:99.45	7012	35	7263	744	197.4	ok	99.3053	gamma	99.2909	99.14	95.13	99.0598	1451	1601
GCF_001078435.1__GCF_018785395.1	GCF_001078435.1	GCF_018785395.1	97-100	train	99.44	strict		NZ_KQ235875.1	NZ_WQPS01000085.1	99.5776	99.6844	0.8654	0.8419	0.01475	99.1318	76	0.9876	60	0.129	0.9805	99.4786	99.7414	0.0982	1.71	AlfI:99.72,AloI:99.62,BcgI:99.68,FalI:99.69	5030	76	5034	473	63.8816	ok	99.5776	gamma	99.5432	99.13	85.41	99.1594	1850	2070
GCF_001183565.1__GCF_001685165.1	GCF_001183565.1	GCF_001685165.1	97-100	train	98.05	strict		NZ_LFUS01000001.1	NZ_MASX01000001.1	98.8157	99.031	0.8707	0.9207	0.0316	98.7808	64	0.9936	20	0.516	0.9408	98.6506	99.1536	0.1476	0.51	AlfI:98.99,AloI:99.14,BcgI:99.04,FalI:99.03	3218	64	3448	262	49.2188	ok	98.8157	gamma	98.7685	98.66	93.57	98.5687	667	756
GCF_001184645.1__GCF_003414885.1	GCF_001184645.1	GCF_003414885.1	97-100	test	97.2	strict		NZ_LFDN01000001.1	NZ_QVKR01000010.1	96.2187	97.6624	0.8979	0.8816	0.08077	97.2232	29	0.9884	14	0.473	0.851	96.4428	98.4247	1.1524	4.13	AlfI:97.74,AloI:96.80,BcgI:97.40,FalI:97.95	1274	29	1608	343	42.1724	ok	96.2187	gamma	96.6721	97.12	89.03	97.2444	539	596
GCF_001189035.1__GCF_900215595.1	GCF_001189035.1	GCF_900215595.1	97-100	train	99.46	strict		NZ_KQ257836.1	NZ_OCNG01000002.1	99.7925	99.8226	0.8643	0.9585	0.00621	98.9051	80	0.9968	47	0.128	0.9891	99.7352	99.8448	0.0433	1.9	AlfI:99.81,AloI:99.79,BcgI:99.83,FalI:99.83	15181	80	15110	903	186.275	ok	99.7925	gamma	99.7622	99.73	95.02	99.6539	3001	3448
GCF_001223385.1__GCF_902173195.1	GCF_001223385.1	GCF_902173195.1	97-100	train	99.5	strict		NZ_CTKU01000001.1	NZ_CABIHQ010000001.1	99.5472	99.587	0.9355	0.9402	0.01757	99.4705	56	0.9965	15	0.473	0.9751	99.4316	99.6273	0.0696	0.21	AlfI:99.60,AloI:99.53,BcgI:99.59,FalI:99.58	4349	56	4465	316	76.5357	ok	99.5472	gamma	99.5036	99.39	94.88	99.3561	1352	1401
GCF_001253055.1__GCF_008083325.1	GCF_001253055.1	GCF_008083325.1	97-100	train	97.74	strict		NZ_CWRW01000001.1	NZ_VSIO01000001.1	97.9579	98.3459	0.8588	0.862	0.03621	97.8001	65	0.9901	41	0.783	0.897	97.778	98.5938	0.3543	2.09	AlfI:98.27,AloI:98.62,BcgI:98.40,FalI:98.27	4283	65	4854	331	63.9077	ok	97.9579	gamma	97.8941	97.63	86.23	97.6207	1173	1317
GCF_001267945.1__GCF_011090275.1	GCF_001267945.1	GCF_011090275.1	97-100	test	98.35	strict		NZ_LFWL01000057.1	NZ_JAAKZN010000100.1	98.6115	98.8739	0.7232	0.7503	0.03221	97.8919	117	0.9739	94	0.554	0.9314	98.4452	99.0235	0.2011	1.77	AlfI:98.76,AloI:98.91,BcgI:98.88,FalI:98.96	3828	117	4018	209	30.9744	ok	98.6115	gamma	98.5612	98.23	79.42	98.0945	1125	1426
GCF_001269685.1__GCF_900102295.1	GCF_001269685.1	GCF_900102295.1	97-100	test	98.72	strict		NZ_LHVF01000001.1	NZ_LT629691.1	99.0698	99.2711	0.9016	0.9379	0.01429	98.5107	59	0.9967	38	0.321	0.9557	98.9364	99.3681	0.1413	2.44	AlfI:99.30,AloI:99.21,BcgI:99.28,FalI:99.16	11725	59	12286	1195	195.305	ok	99.0698	gamma	98.9938	98.86	91.92	98.8029	2043	2244
GCF_001272985.1__GCF_002896635.1	GCF_001272985.1	GCF_002896635.1	97-100	test	99.98	strict		NZ_LFYF01000001.1	NZ_PPEP01000010.1	99.9949	99.9949	0.9859	0.9869	0.00189	100.07	28	0.9985	7	inf	0.9997	99.9966	99.9945	0.0145	1.18	AlfI:100.00,AloI:99.98,BcgI:99.99,FalI:100.00	4913	28	4783	921	170.429	ok	99.9949	uniform	99.9998	99.99	100	99.9859	1795	1806
GCF_001273895.1__GCF_900112635.1	GCF_001273895.1	GCF_900112635.1	97-100	train	98.18	strict		NZ_LIGF01000001.1	NZ_FOML01000026.1	98.2217	98.719	0.8545	0.8609	0.03119	98.1041	41	0.9914	39	0.441	0.921	97.9921	99.003	0.0949	0.64	AlfI:98.69,AloI:98.71,BcgI:98.68,FalI:98.77	4902	41	5204	540	110.341	ok	98.2217	gamma	98.1035	98.02	84.68	98.0276	1364	1583
GCF_001278535.1__GCF_001988975.1	GCF_001278535.1	GCF_001988975.1	97-100	train	97.69	strict		NZ_LGRC01000030.1	NZ_CP015999.1	98.1383	98.2365	0.8504	0.8151	0.01717	96.3704	90	0.9972	54	2.781	0.889	98.0555	98.3149	0.229	1.58	AlfI:98.22,AloI:98.35,BcgI:98.24,FalI:98.12	19960	90	21899	2296	214.722	ok	98.1383	gamma	98.1078	97.58	77.77	97.4561	2567	2983
GCF_001280885.1__GCF_004364395.1	GCF_001280885.1	GCF_004364395.1	97-100	train	98.98	strict		NZ_LGHN01000001.1	NZ_SOCC01000001.1	99.2159	99.3843	0.8972	0.8878	0.01254	98.5507	170	0.9961	49	0.312	0.9624	99.0215	99.4876	0.1815	5.55	AlfI:99.35,AloI:99.44,BcgI:99.37,FalI:99.53	13101	170	13468	679	74.3471	ok	99.2159	gamma	99.0745	98.91	88.21	98.7778	2590	2784
GCF_001280885.1__GCF_004794975.1	GCF_001280885.1	GCF_004794975.1	97-100	train	99.11	strict		NZ_LGHN01000001.1	NZ_SSBH01000089.1	99.4981	99.5412	0.8919	0.8522	0.01069	98.6518	180	0.9948	66	0.532	0.972	99.3832	99.5834	0.1068	2.47	AlfI:99.55,AloI:99.55,BcgI:99.53,FalI:99.63	13362	180	13455	468	71.7944	ok	99.4981	gamma	99.4265	99.12	85.21	98.9835	2581	2784
GCF_001280945.1__GCF_013277735.1	GCF_001280945.1	GCF_013277735.1	97-100	train	97.58	strict		NZ_LJCS01000001.1	NZ_JABBCS010000001.1	98.1292	98.6	0.7496	0.7257	0.04097	97.6566	130	0.9861	37	0.538	0.9135	97.8836	98.8848	0.5009	3.78	AlfI:98.65,AloI:98.89,BcgI:98.63,FalI:98.39	3132	130	3233	84	21.2	ok	98.1292	gamma	98.0253	97.64	76.24	97.4746	1296	1515
GCF_001282985.1__GCF_900197695.1	GCF_001282985.1	GCF_900197695.1	97-100	train	98.22	strict		NZ_CDMH01000001.1	NZ_FZLU01000074.1	98.6235	99.1049	0.8193	0.8114	0.04716	98.5405	66	0.9831	22	0.244	0.9462	98.4413	99.3229	0.9389	1.8	AlfI:98.98,AloI:98.25,BcgI:99.11,FalI:99.19	1424	66	1519	106	20.3485	ok	98.6235	gamma	98.6309	98.58	88.47	98.2748	436	490
GCF_001283025.1__GCF_900197675.1	GCF_001283025.1	GCF_900197675.1	97-100	train	98.34	strict		NZ_CDML01000001.1	NZ_FZMH01000060.1	98.5179	99.0232	0.8483	0.8457	0.04921	98.5872	46	0.9918	11	0.266	0.9412	98.3494	99.2526	0.6475	2.52	AlfI:98.87,AloI:99.52,BcgI:98.96,FalI:99.12	1443	46	1538	110	29.7826	ok	98.5179	gamma	98.5416	98.7	90.46	98.4809	456	498
GCF_001294605.1__GCF_017615005.1	GCF_001294605.1	GCF_017615005.1	97-100	train	97.55	strict		NZ_CP011862.1	NZ_WVUJ01000100.1	98.0582	98.4541	0.8179	0.8611	0.02502	97.5658	162	0.98	161	0.739	0.9029	97.8098	98.7271	0.3732	2.63	AlfI:98.43,AloI:98.48,BcgI:98.44,FalI:98.81	8205	162	9369	195	49.5741	ok	98.0582	gamma	97.8922	97.7	85.99	97.306	1676	2047
GCF_001297765.1__GCF_001297785.1	GCF_001297765.1	GCF_001297785.1	97-100	train	99.97	strict		NZ_LIFV01000001.1	NZ_LIFY01000001.1	99.9916	99.9917	0.9818	0.9809	0.00201	99.9697	53	0.9964	24	0.07	0.9995	99.9825	99.9939	0.0114	0.34	AlfI:99.99,AloI:100.00,BcgI:99.99,FalI:100.00	6910	53	6573	603	125.623	ok	99.9916	gamma	99.9918	99.97	99.76	99.9868	1503	1514
GCF_001297765.1__GCF_001297845.1	GCF_001297765.1	GCF_001297845.1	97-100	train	99.97	strict		NZ_LIFV01000001.1	NZ_LIFU01000001.1	99.9912	99.9912	0.9827	0.9805	0.00206	99.9659	50	0.997	20	inf	0.9995	99.9775	99.9945	0.0151	1.61	AlfI:99.98,AloI:99.99,BcgI:100.00,FalI:100.00	6913	50	6581	604	132.94	ok	99.9912	uniform	99.9883	99.97	99.68	99.992	1503	1514
GCF_001298125.1__GCF_013002825.1	GCF_001298125.1	GCF_013002825.1	97-100	train	99.24	strict		NZ_LHPH01000001.1	NZ_JABEPJ010000058.1	99.3563	99.515	0.8967	0.9036	0.0187	99.1925	64	0.9945	25	0.214	0.9709	99.1788	99.6075	0.0524	0.39	AlfI:99.52,AloI:99.54,BcgI:99.53,FalI:99.49	4752	64	4839	233	71.5469	ok	99.3563	gamma	99.2613	99.06	89.1	99.0208	1450	1563
GCF_001298415.1__GCF_012952265.1	GCF_001298415.1	GCF_012952265.1	97-100	train	98.9	strict		NZ_LITL01000001.1	NZ_JABCJL010000086.1	99.1067	99.2936	0.8628	0.8574	0.02305	98.8229	91	0.9881	52	0.345	0.9576	98.9149	99.4052	0.1295	0.35	AlfI:99.31,AloI:99.18,BcgI:99.27,FalI:99.31	4605	91	4736	249	48.3736	ok	99.1067	gamma	99.0087	98.77	84.89	98.5784	1420	1577
GCF_001299615.1__GCF_012030115.1	GCF_001299615.1	GCF_012030115.1	97-100	test	99.17	strict		NZ_JRHM01000001.1	NZ_JAAUXJ010000100.1	99.2153	99.3843	0.8244	0.8253	0.03242	98.8755	72	0.9888	23	0.259	0.9629	99.1109	99.4701	0.2597	0.86	AlfI:99.25,AloI:99.51,BcgI:99.37,FalI:99.39	2208	72	2235	105	29.25	ok	99.2153	gamma	99.2366	99.05	88.46	98.9748	1219	1399
GCF_001406535.1__GCF_018305165.1	GCF_001406535.1	GCF_018305165.1	97-100	train	98.5	strict		NZ_CZBN01000001.1	NZ_JABTTI010000001.1	98.7318	99.1355	0.6989	0.7187	0.04622	98.0823	81	0.9845	20	0.251	0.9471	98.6024	99.3145	0.2258	1.73	AlfI:99.25,AloI:99.26,BcgI:99.22,FalI:99.03	1537	81	1551	52	16.7037	ok	98.7318	gamma	98.783	98.46	84.54	98.0814	706	827
GCF_001406535.1__GCF_018305205.1	GCF_001406535.1	GCF_018305205.1	97-100	train	98.32	strict		NZ_CZBN01000001.1	NZ_JABTTG010000001.1	98.319	98.9762	0.74	0.7312	0.05019	98.0072	79	0.9868	17	0.244	0.9373	98.1808	99.2629	0.2662	1.9	AlfI:99.16,AloI:99.17,BcgI:98.92,FalI:98.90	1569	79	1610	61	17.1266	ok	98.319	gamma	98.3763	98.16	81.75	97.8824	719	827
GCF_001406595.1__GCF_018305165.1	GCF_001406595.1	GCF_018305165.1	97-100	train	98.91	strict		NZ_CYZQ01000001.1	NZ_JABTTI010000001.1	98.7147	99.379	0.8279	0.8341	0.03713	98.8364	65	0.9827	26	0.103	0.9621	98.7439	99.5798	0.252	1.39	AlfI:99.54,AloI:99.29,BcgI:99.42,FalI:99.35	1684	65	1706	102	23.7846	ok	98.7147	gamma	98.909	98.82	91.17	98.693	766	847
GCF_001422425.1__GCF_001422845.1	GCF_001422425.1	GCF_001422845.1	97-100	train	98.8	strict		NZ_LMMX01000001.1	NZ_LMMW01000001.1	99.1311	99.2336	0.9113	0.9011	0.0177	98.7048	65	0.9955	35	0.605	0.9532	99.0274	99.2936	0.1567	1.86	AlfI:99.26,AloI:99.16,BcgI:99.25,FalI:99.10	8002	65	8368	705	120.862	ok	99.1311	gamma	99.0944	98.9	90.67	98.7268	1431	1533
GCF_001422425.1__GCF_001424745.1	GCF_001422425.1	GCF_001424745.1	97-100	train	98.84	strict		NZ_LMMX01000001.1	NZ_LMRE01000001.1	99.1342	99.2316	0.9121	0.906	0.01772	98.7056	55	0.9971	23	0.669	0.9531	98.9908	99.302	0.1954	1.71	AlfI:99.28,AloI:99.22,BcgI:99.24,FalI:99.08	8041	55	8395	776	143.036	ok	99.1342	gamma	99.0586	98.91	90.64	98.7492	1419	1533
GCF_001422775.1__GCF_001424745.1	GCF_001422775.1	GCF_001424745.1	97-100	train	98.76	strict		NZ_LMMI01000001.1	NZ_LMRE01000001.1	99.1059	99.1988	0.8482	0.9002	0.0181	98.5366	71	0.9963	29	0.73	0.9511	98.9855	99.2618	0.1265	1.11	AlfI:99.25,AloI:99.13,BcgI:99.19,FalI:99.20	8080	71	8396	713	110.887	ok	99.1059	gamma	99.0535	98.61	90.88	98.5987	1433	1629
GCF_001431365.1__GCF_003254095.1	GCF_001431365.1	GCF_003254095.1	97-100	test	99.99	strict		NZ_LKTP01000001.1	NZ_QKZW01000001.1	99.999	99.999	0.9789	0.9794	0.00095	100.122	22	0.9994	2	inf	0.9999	99.9954	99.9999	0.0032	0	AlfI:100.00,AloI:100.00,BcgI:100.00,FalI:100.00	3781	22	3580	590	161.773	ok	99.999	uniform	99.9998	99.99	99.66	99.9936	1237	1240
GCF_001435115.1__GCF_001702175.1	GCF_001435115.1	GCF_001702175.1	97-100	test	99.63	strict		NZ_AZFD01000001.1	NZ_CP014915.1	99.8491	99.8491	0.9185	0.8898	0.01106	99.6185	66	0.9982	7	inf	0.9909	99.771	99.8689	0.0427	0.61	AlfI:99.83,AloI:99.82,BcgI:99.86,FalI:99.86	4305	66	4120	358	61.0909	ok	99.8491	uniform	99.8184	99.75	90.16	99.5906	1063	1092
GCF_001436325.1__GCF_009217765.1	GCF_001436325.1	GCF_009217765.1	97-100	test	98.2	strict		NZ_AZFW01000001.1	NZ_CP045143.1	98.4855	98.8267	0.8232	0.7647	0.03299	98.0663	95	0.994	21	0.516	0.9279	98.2544	99.0325	0.2517	3.29	AlfI:98.90,AloI:98.87,BcgI:98.72,FalI:98.97	3795	95	4005	382	37.3895	ok	98.4855	gamma	98.374	98.16	73.66	97.6358	880	981
GCF_001437465.1__GCF_902386015.1	GCF_001437465.1	GCF_902386015.1	97-100	train	100	strict		NZ_JQCE01000001.1	NZ_CABMHM010000001.1	99.9999	99.9999	0.9677	0.9677	0.317	99.5291	41	1	0	inf	1	99.9999	99.9999	0	0	AlfI:100.00,AloI:100.00,BcgI:100.00,FalI:100.00	3275	41	3268	486	78.5854	ok	99.9999	uniform	100	100	99.94	100	777	779
GCF_001438685.1__GCF_002907065.1	GCF_001438685.1	GCF_002907065.1	97-100	train	99.85	strict		NZ_JQBT01000001.1	NZ_MIXR01000001.1	99.983	99.983	0.9083	0.9271	0.0076	99.9601	19	0.997	3	inf	0.999	99.9513	99.9914	0.0253	0.2	AlfI:99.98,AloI:100.00,BcgI:99.99,FalI:99.97	1068	19	1008	323	52.7895	ok	99.983	uniform	99.9867	99.81	96.54	99.8701	442	467
GCF_001441635.1__GCF_900112725.1	GCF_001441635.1	GCF_900112725.1	97-100	train	99.99	strict		NZ_LAXI01000001.1	NZ_FOMY01000055.1	99.9984	99.9984	0.9844	0.9802	0.00066	99.6517	83	0.999	12	inf	0.9999	99.9972	99.9986	0.0037	0.67	AlfI:100.00,AloI:100.00,BcgI:100.00,FalI:100.00	12024	83	11802	1327	142.446	ok	99.9984	uniform	99.9995	99.99	99.32	99.998	1971	1973
GCF_001447335.1__GCF_001481395.1	GCF_001447335.1	GCF_001481395.1	97-100	test	98.94	strict		NZ_CP013067.1	NZ_LPUO01000001.1	99.1066	99.1822	0.8515	0.9041	0.0199	98.6503	77	0.9886	76	0.841	0.9504	99.0323	99.2262	0.1705	1.71	AlfI:99.15,AloI:99.12,BcgI:99.19,FalI:99.29	6875	77	7074	472	86.4026	ok	99.1066	gamma	99.1051	98.86	91	98.6643	1253	1466
GCF_001460955.1__GCF_002007845.1	GCF_001460955.1	GCF_002007845.1	97-100	train	99.23	strict		NZ_JGVX01000001.1	NZ_CP019867.1	99.2662	99.4467	0.889	0.9127	0.04169	99.2766	7	0.9962	4	0.227	0.9665	99.1155	99.5422	0.1578	0.67	AlfI:99.46,AloI:99.53,BcgI:99.51,FalI:99.38	1089	7	1136	423	152.714	ok	99.2662	gamma	99.2879	99.08	81.57	98.8226	395	439
GCF_001465255.1__GCF_005403365.1	GCF_001465255.1	GCF_005403365.1	97-100	train	99.64	strict		NZ_CP013652.1	NZ_BJCS01000001.1	99.6954	99.7153	0.9065	0.9598	0.01129	99.3611	41	0.9945	40	0.365	0.9827	99.6493	99.7325	0.0344	0.47	AlfI:99.69,AloI:99.72,BcgI:99.73,FalI:99.72	7433	41	7496	777	178.756	ok	99.6954	gamma	99.6933	99.63	95.85	99.5627	1566	1733
GCF_001467785.1__GCF_900101805.1	GCF_001467785.1	GCF_900101805.1	97-100	train	99.98	strict		NZ_LNYH01000001.1	NZ_FMVH01000001.1	99.993	99.9931	0.899	0.8974	0.00279	99.8822	128	0.9859	40	0.07	0.9996	99.9833	99.9957	0.0121	0.49	AlfI:100.00,AloI:100.00,BcgI:100.00,FalI:99.99	3055	128	2954	128	22.7969	ok	99.993	gamma	99.9954	99.97	98.54	99.9333	917	954
GCF_001476855.1__GCF_005250605.1	GCF_001476855.1	GCF_005250605.1	97-100	train	97.89	strict		NZ_LDSV01000001.1	NZ_SULN01000001.1	98.3288	98.615	0.9037	0.9053	0.02348	98.045	122	0.9952	38	0.739	0.9143	98.1698	98.7859	0.1822	1.12	AlfI:98.60,AloI:98.77,BcgI:98.61,FalI:98.58	8364	122	9248	297	66.123	ok	98.3288	gamma	98.2492	97.99	89	97.7464	1550	1647
GCF_001476875.1__GCF_001913135.1	GCF_001476875.1	GCF_001913135.1	97-100	train	97.81	strict		NZ_LDSY01000001.1	NZ_CP018758.1	98.286	98.561	0.8632	0.8904	0.02408	97.8653	117	0.9966	27	0.807	0.9107	98.1424	98.7252	0.0744	0.72	AlfI:98.60,AloI:98.60,BcgI:98.53,FalI:98.58	8297	117	9159	350	68.6923	ok	98.286	gamma	98.2225	97.72	88.34	97.7613	1560	1737
GCF_001485395.1__GCF_002939035.1	GCF_001485395.1	GCF_002939035.1	97-100	train	97.32	strict		NZ_BBQS01000001.1	NZ_PKPB01000001.1	97.7167	98.0457	0.8539	0.8341	0.02322	96.7907	150	0.9975	29	1.174	0.8758	97.5723	98.2805	0.4032	3.58	AlfI:98.02,AloI:97.89,BcgI:98.05,FalI:98.29	11819	150	13903	367	77.9	ok	97.7167	gamma	97.6415	97.56	81.2	97.3159	1634	1859
GCF_001499915.1__GCF_001499925.1	GCF_001499915.1	GCF_001499925.1	97-100	train	98.17	strict		NZ_LQIO01000001.1	NZ_LQIR01000001.1	98.6694	99.0009	0.8725	0.9006	0.01919	98.2531	82	0.994	52	0.387	0.9388	98.4921	99.1672	0.0478	0.06	AlfI:99.01,AloI:99.01,BcgI:99.00,FalI:98.97	8821	82	9646	714	106.415	ok	98.6694	gamma	98.5652	98.23	89.15	98.0726	1534	1710
GCF_001499915.1__GCF_001500105.1	GCF_001499915.1	GCF_001500105.1	97-100	train	98.79	strict		NZ_LQIO01000001.1	NZ_LQIP01000001.1	99.0843	99.2952	0.9434	0.9595	0.01527	98.8303	72	0.9962	37	0.286	0.9571	98.9733	99.3875	0.0962	0.8	AlfI:99.33,AloI:99.23,BcgI:99.30,FalI:99.26	9784	72	10320	795	134.347	ok	99.0843	gamma	99.0349	98.8	95.08	98.7107	1639	1710
GCF_001499925.1__GCF_001500105.1	GCF_001499925.1	GCF_001500105.1	97-100	train	98.33	strict		NZ_LQIR01000001.1	NZ_LQIP01000001.1	98.73	99.0393	0.9041	0.9065	0.01865	98.3713	79	0.9965	31	0.376	0.9412	98.5672	99.1904	0.123	0.95	AlfI:99.09,AloI:98.97,BcgI:99.03,FalI:99.03	8954	79	9758	629	112.38	ok	98.73	gamma	98.6387	98.39	89.59	98.2208	1546	1675
GCF_001515365.1__GCF_003431565.1	GCF_001515365.1	GCF_003431565.1	97-100	train	98.13	strict		NZ_BCND01000001.1	NZ_PEDA01000001.1	98.6132	98.7094	0.893	0.8537	0.02117	98.0421	200	0.9969	28	1.729	0.9202	98.4635	98.7976	0.0948	0.38	AlfI:98.69,AloI:98.79,BcgI:98.71,FalI:98.70	9417	200	10245	189	46.045	ok	98.6132	gamma	98.5349	98.37	84.6	98.1658	1749	1869
GCF_001524825.1__GCF_002925705.1	GCF_001524825.1	GCF_002925705.1	97-100	train	99.31	strict		NZ_LOXU01000001.1	NZ_LFZP01000052.1	99.5106	99.5722	0.9435	0.9372	0.00813	98.4056	110	0.997	62	0.312	0.9742	99.4449	99.6047	0.0561	1.25	AlfI:99.55,AloI:99.60,BcgI:99.58,FalI:99.55	21059	110	21190	1293	187.127	ok	99.5106	gamma	99.478	99.14	93.11	99.2575	2354	2481
GCF_001526385.1__GCF_001532725.1	GCF_001526385.1	GCF_001532725.1	97-100	train	99.08	strict		NZ_LOYQ01000001.1	NZ_LPJE01000001.1	99.2796	99.317	0.908	0.9283	0.01077	98.1327	95	0.9972	53	1.107	0.9587	99.2238	99.3425	0.0871	1.35	AlfI:99.30,AloI:99.38,BcgI:99.31,FalI:99.39	19123	95	19581	963	196.389	ok	99.2796	gamma	99.2638	99.03	91.39	98.9104	2117	2306
GCF_001527555.1__GCF_002223285.1	GCF_001527555.1	GCF_002223285.1	97-100	train	99.41	strict		NZ_LOZO01000001.1	NZ_NKEY01000002.1	99.5453	99.6064	0.9528	0.9825	0.00781	98.5786	100	0.9981	39	0.259	0.9763	99.4966	99.6342	0.0802	1.92	AlfI:99.57,AloI:99.63,BcgI:99.61,FalI:99.65	20990	100	21041	1559	205.33	ok	99.5453	gamma	99.5283	99.32	96.46	99.3743	2340	2430
GCF_001534765.1__GCF_003660425.1	GCF_001534765.1	GCF_003660425.1	97-100	test	99.03	strict		NZ_CP013217.1	NZ_QZNE01000001.1	99.0422	99.2671	0.907	0.9227	0.03373	99.141	39	0.9826	38	0.294	0.9557	98.9132	99.3752	0.2681	1.49	AlfI:99.25,AloI:99.08,BcgI:99.35,FalI:99.23	2248	39	2343	208	56.1538	ok	99.0422	gamma	99.0461	98.92	93.18	98.9425	898	988
GCF_001552095.1__GCF_003024475.1	GCF_001552095.1	GCF_003024475.1	97-100	train	97.91	strict		NZ_BCQN01000001.1	NZ_PVZO01000010.1	98.3328	98.564	0.9115	0.9187	0.03109	98.2151	49	0.9939	30	0.973	0.9095	98.1442	98.733	0.4166	5.56	AlfI:98.48,AloI:98.49,BcgI:98.56,FalI:98.90	4994	49	5589	677	100.49	ok	98.3328	gamma	98.2472	97.93	89.98	97.6918	1103	1189
GCF_001555555.1__GCF_002888235.1	GCF_001555555.1	GCF_002888235.1	97-100	train	99.81	strict		NZ_LNPC01000001.1	NZ_JAVS01000001.1	99.9172	99.9291	0.9082	0.9468	0.0036	99.1292	240	0.9864	236	0.07	0.9957	99.8546	99.9469	0.0276	0.93	AlfI:99.92,AloI:99.92,BcgI:99.93,FalI:99.90	17702	240	17444	457	72.1958	ok	99.9172	gamma	99.8733	99.86	96.79	99.7196	1956	2235
GCF_001556235.1__GCF_003815615.1	GCF_001556235.1	GCF_003815615.1	97-100	train	98.46	strict		NZ_LSIL01000001.1	NZ_CP033914.1	98.7698	99.0881	0.7979	0.809	0.03113	98.4019	93	0.9974	8	0.331	0.9443	98.6073	99.2497	0.1318	0.56	AlfI:99.08,AloI:98.99,BcgI:99.08,FalI:99.12	3434	93	3571	247	34.5591	ok	98.7698	gamma	98.7267	98.48	83.13	98.3336	1194	1342
GCF_001556235.1__GCF_003815635.1	GCF_001556235.1	GCF_003815635.1	97-100	train	98.54	strict		NZ_LSIL01000001.1	NZ_CP033915.1	98.6887	99.0704	0.8056	0.8252	0.03145	98.4307	96	0.9978	7	0.294	0.9432	98.5408	99.2508	0.1975	1.45	AlfI:98.91,AloI:99.05,BcgI:99.10,FalI:99.11	3393	96	3591	243	33.4896	ok	98.6887	gamma	98.6619	98.5	82.84	98.3086	1196	1342
GCF_001556895.1__GCF_001557305.1	GCF_001556895.1	GCF_001557305.1	97-100	test	99.87	strict		NZ_LSJZ01000001.1	NZ_LSJQ01000001.1	99.9784	99.9795	0.8376	0.8026	0.00274	99.4145	382	0.9816	156	0.07	0.9988	99.9435	99.9882	0.0147	1.2	AlfI:99.98,AloI:99.99,BcgI:99.98,FalI:99.98	9074	382	8766	171	22.7749	ok	99.9784	gamma	99.9593	99.79	87.82	99.5863	999	1195
GCF_001558125.2__GCF_900113515.1	GCF_001558125.2	GCF_900113515.1	97-100	train	99.99	strict		NZ_LOBU02000001.1	NZ_FOPQ01000049.1	99.9994	99.9994	0.9894	0.9897	0.00035	99.7385	70	0.9991	14	inf	1	99.998	99.9997	0.0023	0.05	AlfI:100.00,AloI:100.00,BcgI:100.00,FalI:100.00	19976	70	15970	1535	226.771	ok	99.9994	uniform	99.9996	99.99	99.75	99.9861	2713	2728
GCF_001560305.1__GCF_001560515.1	GCF_001560305.1	GCF_001560515.1	97-100	test	99.91	strict		NZ_LPRU01000001.1	NZ_LPSE01000001.1	99.9873	99.9875	0.9778	0.9875	0.00557	100.243	16	0.9964	5	0.07	0.9992	99.977	99.9904	0.0218	0	AlfI:100.00,AloI:100.00,BcgI:100.00,FalI:99.98	1422	16	1417	274	87.9375	ok	99.9873	gamma	99.9959	99.97	99.12	99.9652	725	735
GCF_001560855.1__GCF_009834045.1	GCF_001560855.1	GCF_009834045.1	97-100	train	99.16	strict		NZ_LPUG01000001.1	NZ_CP047158.1	99.3299	99.4309	0.8991	0.8801	0.02134	99.0606	39	0.9964	15	0.355	0.9656	99.2205	99.4901	0.0628	0.55	AlfI:99.45,AloI:99.43,BcgI:99.45,FalI:99.39	4203	39	4357	506	106.231	ok	99.3299	gamma	99.305	99.08	85	98.9767	1078	1164
GCF_001573875.1__GCF_010692705.1	GCF_001573875.1	GCF_010692705.1	97-100	test	98.84	strict		NZ_LFRG01000001.1	NZ_JAAGPU010000001.1	98.7053	99.2239	0.8217	0.8374	0.0394	98.7354	91	0.9862	23	0.17	0.9531	98.6158	99.4268	0.1762	0.82	AlfI:99.11,AloI:99.08,BcgI:99.18,FalI:99.26	2024	91	1967	182	19.044	ok	98.7053	gamma	98.7779	98.82	90.03	98.6623	1166	1252
GCF_001579135.1__GCF_900109835.1	GCF_001579135.1	GCF_900109835.1	97-100	train	97.23	strict		NZ_KQ970569.1	NZ_FOBM01000025.1	96.9356	97.8958	0.7845	0.8265	0.06412	97.1351	33	0.9914	15	0.554	0.8684	96.8767	98.4531	0.4044	1.26	AlfI:97.68,AloI:97.81,BcgI:98.08,FalI:97.89	1882	33	2263	177	53.5758	ok	96.9356	gamma	97.0692	96.97	76.5	96.6621	610	802
GCF_001587475.1__GCF_011405175.1	GCF_001587475.1	GCF_011405175.1	97-100	train	99.29	strict		NZ_LQYX01000001.1	NZ_AP022557.1	99.4663	99.6255	0.8825	0.8539	0.01529	99.1987	82	0.9971	15	0.124	0.9773	99.3699	99.6931	0.0238	0.09	AlfI:99.63,AloI:99.63,BcgI:99.63,FalI:99.61	6214	82	5419	421	63.3537	ok	99.4663	gamma	99.4386	99.22	84.9	99.2393	1072	1159
GCF_001601275.1__GCF_018972165.1	GCF_001601275.1	GCF_018972165.1	97-100	train	98.38	strict		NZ_LORG01000001.1	NZ_CP076686.1	98.4916	98.7812	0.7962	0.9055	0.02686	98.073	35	0.9957	24	0.605	0.9245	98.3078	98.9534	0.1518	0.93	AlfI:98.81,AloI:98.87,BcgI:98.76,FalI:98.72	5642	35	6228	787	160.086	ok	98.4916	gamma	98.4026	97.92	86.56	98.1979	1292	1475
GCF_001610775.1__GCF_013620765.1	GCF_001610775.1	GCF_013620765.1	97-100	test	99.59	strict		NZ_CP011127.1	NZ_JAAEBL010000007.1	99.8527	99.8782	0.8766	0.928	0.01815	99.739	9	0.9936	8	0.07	0.9926	99.817	99.8942	0.1521	6.99	AlfI:99.97,AloI:99.86,BcgI:99.82,FalI:99.84	1271	9	1262	478	138.667	ok	99.8527	gamma	99.8893	99.5	92.58	99.5083	441	488
GCF_001623175.1__GCF_003574045.1	GCF_001623175.1	GCF_003574045.1	97-100	train	99.08	strict		NZ_LWCO01000001.1	NZ_QWKX01000001.1	99.3885	99.7014	0.808	0.8351	0.01707	99.1955	176	0.9816	57	0.07	0.9819	99.2474	99.8207	0.1648	2.27	AlfI:99.68,AloI:99.59,BcgI:99.75,FalI:99.68	3523	176	3479	92	18.2955	ok	99.3885	gamma	99.34	99.17	94.72	99.1249	808	905
GCF_001634305.1__GCF_002075365.1	GCF_001634305.1	GCF_002075365.1	97-100	test	98.49	strict		NZ_CP015436.1	NZ_NASY01000001.1	98.7353	98.9357	0.8324	0.8732	0.02976	98.4185	60	0.9853	59	0.631	0.935	98.564	99.0611	0.1545	0.6	AlfI:98.92,AloI:99.06,BcgI:98.95,FalI:98.90	4127	60	4410	491	66.8167	ok	98.7353	gamma	98.6717	98.52	89.91	98.3248	1097	1289
GCF_001635445.1__GCF_002869505.1	GCF_001635445.1	GCF_002869505.1	97-100	test	98.44	strict		NZ_LWEE01000001.1	NZ_PKUR01000001.1	98.6878	98.7642	0.8231	0.9584	0.02526	98.2718	39	0.9971	18	1.856	0.924	98.5928	98.8236	0.024	0.06	AlfI:98.75,AloI:98.77,BcgI:98.77,FalI:98.77	6378	39	6837	505	159.974	ok	98.6878	gamma	98.6778	98.35	93.01	98.2423	1260	1478
GCF_001636145.1__GCF_009217765.1	GCF_001636145.1	GCF_009217765.1	97-100	test	98.25	strict		NZ_LTDY01000032.1	NZ_CP045143.1	98.6158	98.8378	0.8325	0.7577	0.0338	98.2115	180	0.9964	11	0.739	0.9287	98.3633	99.0053	0.2228	2.06	AlfI:98.79,AloI:98.80,BcgI:98.81,FalI:99.01	3460	180	3736	100	18.0389	ok	98.6158	gamma	98.4847	98.25	69.44	97.9673	761	813
GCF_001636145.1__GCF_009295865.1	GCF_001636145.1	GCF_009295865.1	97-100	test	98.54	strict		NZ_LTDY01000032.1	NZ_CP045180.1	98.905	99.1038	0.8367	0.7682	0.02916	98.5076	179	0.9991	3	0.487	0.9454	98.7242	99.2231	0.1486	1.3	AlfI:99.01,AloI:99.09,BcgI:99.14,FalI:99.16	3524	179	3753	98	18.8715	ok	98.905	gamma	98.8353	98.46	76.18	98.3391	764	813
GCF_001637525.1__GCF_018729275.1	GCF_001637525.1	GCF_018729275.1	97-100	train	99.17	strict		NZ_KV440970.1	NZ_JAHHQB010000001.1	99.3224	99.4089	0.9445	0.9558	0.02095	99.2794	14	0.9976	11	0.46	0.9642	99.1807	99.4747	0.1218	0.95	AlfI:99.41,AloI:99.49,BcgI:99.43,FalI:99.37	4580	14	4764	738	323.5	ok	99.3224	gamma	99.2635	99.13	92.97	99.0589	1292	1363
GCF_001643095.1__GCF_006740745.1	GCF_001643095.1	GCF_006740745.1	97-100	test	98	strict		NZ_LSNC01000001.1	NZ_CP039546.1	98.3296	98.5667	0.6731	0.9023	0.02289	97.3429	68	0.9975	22	0.985	0.9109	98.0961	98.7505	0.3766	4.9	AlfI:98.67,AloI:98.35,BcgI:98.54,FalI:98.73	9176	68	10101	610	131.029	ok	98.3296	gamma	98.1728	98.07	87.03	97.6608	1599	2279
GCF_001643095.1__GCF_009193375.1	GCF_001643095.1	GCF_009193375.1	97-100	test	97.92	strict		NZ_LSNC01000001.1	NZ_WEKV01000001.1	98.3442	98.5755	0.6695	0.8474	0.02283	97.2158	71	0.9976	21	0.973	0.9115	98.1359	98.7458	0.3015	3.1	AlfI:98.65,AloI:98.43,BcgI:98.55,FalI:98.73	9165	71	10050	619	124.662	ok	98.3442	gamma	98.2124	97.93	82.85	97.4918	1602	2279
GCF_001644095.1__GCF_001644685.1	GCF_001644095.1	GCF_001644685.1	97-100	test	97.45	strict		NZ_LUUL01000001.1	NZ_CP014360.1	97.7148	98.1758	0.8525	0.9026	0.02976	97.5145	121	0.9974	17	0.807	0.8847	97.5397	98.4779	0.1222	0.88	AlfI:98.09,AloI:98.22,BcgI:98.20,FalI:98.20	6875	121	7988	278	55.4959	ok	97.7148	gamma	97.6316	97.58	85.63	97.3361	1466	1654
GCF_001655035.1__GCF_004308085.1	GCF_001655035.1	GCF_004308085.1	97-100	train	98.27	strict		NZ_LXEX01000001.1	NZ_SITL01000001.1	98.4215	98.6031	0.8105	0.8459	0.02954	97.8915	77	0.9934	34	1.075	0.9137	98.3017	98.7173	0.1786	0.71	AlfI:98.62,AloI:98.75,BcgI:98.57,FalI:98.63	5322	77	5834	265	67.5065	ok	98.4215	gamma	98.3997	98.17	84.24	98.0074	1426	1656
GCF_001655905.1__GCF_002983685.1	GCF_001655905.1	GCF_002983685.1	97-100	train	99.45	strict		NZ_LXKF01000016.1	NZ_CP027400.1	99.7248	99.8061	0.7339	0.7948	0.03186	99.068	49	0.9922	5	0.07	0.9882	99.6505	99.8514	0.2044	0.37	AlfI:99.86,AloI:99.85,BcgI:99.65,FalI:99.80	788	49	707	96	13.9796	ok	99.7248	gamma	99.7842	99.41	88.7	99.2869	476	518
GCF_001656335.1__GCF_900453075.1	GCF_001656335.1	GCF_900453075.1	97-100	train	97.48	strict		NZ_LXHD01000033.1	NZ_UGPV01000002.1	97.7136	98.4044	0.8971	0.891	0.0517	98.1273	48	0.9913	18	0.487	0.9016	97.5247	98.7913	0.815	5.78	AlfI:98.64,AloI:99.06,BcgI:98.30,FalI:98.24	2135	48	2402	202	43.5833	ok	97.7136	gamma	97.6962	98.17	88.11	97.8861	643	700
GCF_001656355.1__GCF_900453075.1	GCF_001656355.1	GCF_900453075.1	97-100	train	97.47	strict		NZ_LXHC01000021.1	NZ_UGPV01000002.1	97.6463	98.3711	0.9012	0.8947	0.05305	98.0751	23	0.9974	5	0.487	0.8995	97.4612	98.7777	0.8336	6.45	AlfI:98.64,AloI:99.04,BcgI:98.24,FalI:98.20	2014	23	2341	249	84.8261	ok	97.6463	gamma	97.636	98.12	87.51	97.8969	647	699
GCF_001657785.1__GCF_001657875.1	GCF_001657785.1	GCF_001657875.1	97-100	train	99.45	strict		NZ_LWTA01000002.1	NZ_LWTJ01000067.1	99.4658	99.6997	0.7299	0.7215	0.04123	98.7341	47	0.9931	4	0.07	0.9818	99.3791	99.7953	0.4957	3.67	AlfI:99.41,AloI:99.90,BcgI:99.90,FalI:99.68	711	47	664	37	13.2128	ok	99.4658	gamma	99.5665	99.63	92.06	99.5486	433	484
GCF_001660045.1__GCF_009870095.1	GCF_001660045.1	GCF_009870095.1	97-100	train	99.34	strict		NZ_CP015866.1	NZ_WWIE01000001.1	99.5827	99.6171	0.8677	0.8618	0.01029	99.1592	457	0.9615	455	0.441	0.9766	99.4968	99.6486	0.0774	0.93	AlfI:99.62,AloI:99.57,BcgI:99.62,FalI:99.65	12352	457	12007	129	25.8556	ok	99.5827	gamma	99.5384	99.26	92.48	99.1227	2192	2588
GCF_001665445.1__GCF_900236745.1	GCF_001665445.1	GCF_900236745.1	97-100	train	98.55	strict		NZ_LZSL01000001.1	NZ_LT963299.1	98.8766	99.0648	0.8651	0.8955	0.01712	98.2405	97	0.9957	44	0.554	0.9427	98.6966	99.1807	0.095	0.75	AlfI:99.05,AloI:99.14,BcgI:99.06,FalI:99.05	10525	97	11160	528	105.835	ok	98.8766	gamma	98.7614	98.6	87.39	98.4418	1828	2066
GCF_001673235.1__GCF_002086345.1	GCF_001673235.1	GCF_002086345.1	97-100	train	99.42	strict		NZ_LZLI01000001.1	NZ_MVHX01000100.1	99.5501	99.5874	0.9383	0.9121	0.01208	99.2514	193	0.9958	37	0.487	0.975	99.4469	99.6237	0.1008	1.31	AlfI:99.59,AloI:99.59,BcgI:99.58,FalI:99.68	9271	193	9329	280	46.6943	ok	99.5501	gamma	99.4963	99.25	93.41	99.3402	1600	1665
GCF_001679125.1__GCF_016028775.1	GCF_001679125.1	GCF_016028775.1	97-100	train	98.21	strict		NZ_LZDM01000001.1	NZ_CP065728.1	98.4935	98.882	0.893	0.841	0.04399	98.5119	35	0.9916	16	0.428	0.9321	98.2657	99.097	0.512	1.49	AlfI:98.84,AloI:98.48,BcgI:98.99,FalI:98.82	1994	35	2153	229	55.2571	ok	98.4935	gamma	98.4291	98.41	80.38	98.2106	637	684
GCF_001679155.1__GCF_016127895.1	GCF_001679155.1	GCF_016127895.1	97-100	train	98.18	strict		NZ_LZDN01000001.1	NZ_CP066057.1	98.6287	98.9773	0.8742	0.856	0.04178	98.6112	39	0.9902	19	0.404	0.9381	98.4023	99.1694	0.2549	1.9	AlfI:99.00,AloI:98.83,BcgI:99.08,FalI:98.83	2017	39	2160	305	50.2564	ok	98.6287	gamma	98.5614	98.28	82.74	98.1447	657	712
GCF_001683975.1__GCF_003263315.1	GCF_001683975.1	GCF_003263315.1	97-100	train	99.3	strict		NZ_LXTV01000001.1	NZ_AWFE01000001.1	99.6051	99.6402	0.8081	0.8252	0.0133	98.9876	222	0.9951	31	0.312	0.9781	99.6066	99.649	0.0386	0.21	AlfI:99.63,AloI:99.66,BcgI:99.64,FalI:99.65	6655	222	6728	172	29.3874	ok	99.6051	gamma	99.6557	99.01	86.35	99.1191	977	1157
GCF_001685165.1__GCF_900618115.1	GCF_001685165.1	GCF_900618115.1	97-100	train	98.22	strict		NZ_MASX01000001.1	NZ_UYIO01000002.1	98.9321	99.1025	0.9328	0.9343	0.03008	99.0048	37	0.9981	6	0.538	0.9452	98.7826	99.2018	0.1875	0.92	AlfI:99.05,AloI:99.24,BcgI:99.11,FalI:99.12	3313	37	3480	399	87.4595	ok	98.9321	gamma	98.8957	98.79	88.87	98.7389	686	714
GCF_001702115.1__GCF_001702135.1	GCF_001702115.1	GCF_001702135.1	97-100	train	99.96	strict		NZ_CP014872.1	NZ_CP014907.1	99.9932	99.9932	0.9638	0.9488	0.00475	100.145	9	0.9921	8	inf	0.9996	99.9839	99.9957	0.0168	0	AlfI:100.00,AloI:100.00,BcgI:100.00,FalI:99.98	1078	9	1013	343	112.333	ok	99.9932	uniform	99.9992	99.9	94.87	99.9745	459	463
GCF_001702115.1__GCF_002907065.1	GCF_001702115.1	GCF_002907065.1	97-100	train	99.94	strict		NZ_CP014872.1	NZ_MIXR01000001.1	99.9966	99.9966	0.9531	0.936	0.00336	100.097	13	0.988	12	inf	0.9998	99.9999	99.9957	0.0085	0	AlfI:100.00,AloI:100.00,BcgI:100.00,FalI:99.99	1048	13	1001	332	76.8462	ok	99.9966	uniform	100	99.99	95.44	99.952	439	463
GCF_001702155.1__GCF_001702195.1	GCF_001702155.1	GCF_001702195.1	97-100	test	99.92	strict		NZ_CP014912.1	NZ_CP014924.1	99.9576	99.9624	0.9797	0.8897	0.00554	99.8022	10	0.9982	7	0.07	0.9977	99.8824	99.9826	0.1262	2.82	AlfI:99.97,AloI:99.85,BcgI:99.97,FalI:99.96	4213	10	4069	1046	390.1	ok	99.9576	gamma	99.9158	99.91	87.19	99.8848	1094	1105
GCF_001702175.1__GCF_001702195.1	GCF_001702175.1	GCF_001702195.1	97-100	test	99.75	strict		NZ_CP014915.1	NZ_CP014924.1	99.7829	99.8511	0.9117	0.896	0.01091	99.5504	22	0.9958	17	0.07	0.991	99.6497	99.9027	0.1637	2.44	AlfI:99.87,AloI:99.71,BcgI:99.87,FalI:99.84	4379	22	4207	674	182.364	ok	99.7829	gamma	99.7081	99.65	90.4	99.4851	1140	1217
GCF_001715715.1__GCF_900332065.1	GCF_001715715.1	GCF_900332065.1	97-100	test	99.17	strict		NZ_MDLO01000001.1	NZ_OUNC01000083.1	99.2009	99.3743	0.8655	0.8576	0.03469	99.0385	54	0.9855	25	0.266	0.9622	99.0901	99.4581	0.1687	0.89	AlfI:99.40,AloI:99.47,BcgI:99.30,FalI:99.42	1817	54	1868	152	32.5185	ok	99.2009	gamma	99.2276	99.11	88.66	98.9868	758	832
GCF_001718335.1__GCF_016836745.1	GCF_001718335.1	GCF_016836745.1	97-100	test	98.79	strict		NZ_CP013366.1	NZ_JAFCIR010000010.1	99.0495	99.101	0.9021	0.9213	0.01263	97.8947	82	0.9956	79	1.476	0.9454	98.957	99.1441	0.1489	2.54	AlfI:99.08,AloI:99.23,BcgI:99.09,FalI:99.17	18478	82	19141	2561	219.89	ok	99.0495	gamma	99.0027	98.74	89.61	98.6033	2081	2300
GCF_001722585.1__GCF_902385915.1	GCF_001722585.1	GCF_902385915.1	97-100	train	97.77	strict		NZ_MEHC01000001.1	NZ_CABMHK010000001.1	97.8022	98.2189	0.7274	0.7625	0.03413	97.1854	218	0.9653	180	0.866	0.8875	97.5729	98.5253	0.0765	0.26	AlfI:98.25,AloI:98.21,BcgI:98.17,FalI:98.24	5472	218	6207	116	23.9541	ok	97.8022	gamma	97.6799	97.34	78.68	97.415	1907	2496
GCF_001746215.1__GCF_003054835.1	GCF_001746215.1	GCF_003054835.1	97-100	test	97.57	strict		NZ_LZOG01000001.1	NZ_JJMV01000001.1	97.6443	98.2851	0.795	0.7891	0.06575	97.6319	96	0.9906	11	0.538	0.8947	97.4844	98.6557	0.3249	0.96	AlfI:98.14,AloI:98.32,BcgI:98.03,FalI:98.35	1561	96	1691	43	13.0938	ok	97.6443	gamma	97.6975	97.74	84.65	97.4597	849	892
GCF_001747885.1__GCF_001747995.1	GCF_001747885.1	GCF_001747995.1	97-100	train	98.97	strict		NZ_LNMZ01000001.1	NZ_LNNA01000001.1	99.042	99.2403	0.8241	0.8346	0.04188	98.7662	54	0.9936	9	0.376	0.9542	98.836	99.366	0.0779	0.1	AlfI:99.29,AloI:99.21,BcgI:99.22,FalI:99.24	1531	54	1597	145	26.9444	ok	99.042	gamma	99.0014	98.78	90.04	98.6588	829	905
GCF_001755835.1__GCF_902832905.1	GCF_001755835.1	GCF_902832905.1	97-100	train	99.24	strict		NZ_MKGK01000011.1	NZ_CADFDR010000001.1	99.4951	99.5344	0.9089	0.9197	0.00939	98.5013	107	0.9948	87	0.571	0.9719	99.395	99.5705	0.0416	1.28	AlfI:99.56,AloI:99.56,BcgI:99.52,FalI:99.52	17227	107	17388	678	156.766	ok	99.4951	gamma	99.433	99.13	90.06	99.115	2433	2661
GCF_001756795.1__GCF_001853525.1	GCF_001756795.1	GCF_001853525.1	97-100	train	97.94	strict		NZ_MAIH01000001.1	NZ_MLHV01000099.1	98.6455	98.9956	0.8255	0.7592	0.01899	97.8896	183	0.9939	54	0.376	0.9384	98.4614	99.1712	0.1546	2.24	AlfI:99.06,AloI:99.04,BcgI:98.96,FalI:99.12	9220	183	9937	342	48.918	ok	98.6455	gamma	98.5339	98.01	76.53	97.7713	1619	1850
GCF_001758545.1__GCF_001758795.1	GCF_001758545.1	GCF_001758795.1	97-100	train	98.2	strict		NZ_LRHV01000001.1	NZ_LRON01000001.1	98.5062	98.7158	0.8978	0.9349	0.01747	97.9884	189	0.9917	118	0.855	0.9207	98.339	98.8531	0.1554	2.46	AlfI:98.70,AloI:98.77,BcgI:98.70,FalI:98.85	15374	189	15246	918	75.9101	ok	98.5062	gamma	98.3992	98.22	87.52	97.9569	2201	2432
GCF_001762595.1__GCF_017644995.1	GCF_001762595.1	GCF_017644995.1	97-100	train	97.42	strict		NZ_MJXC01000001.1	NZ_JADAOD010000010.1	97.5964	97.7053	0.7586	0.9088	0.07429	97.2842	32	0.9937	9	3.355	0.857	97.7066	97.7195	0.8481	2.82	AlfI:97.67,AloI:97.84,BcgI:97.00,FalI:97.80	1524	32	1721	166	45.6875	ok	97.5964	gamma	97.9122	97.2	88.86	97.0523	478	582
GCF_001807395.1__GCF_001807575.1	GCF_001807395.1	GCF_001807575.1	97-100	test	98.29	strict		NZ_KV788966.1	NZ_KV789371.1	98.861	99.1324	0.9368	0.9429	0.02971	99.0515	47	0.9943	18	0.312	0.9468	98.8014	99.2359	0.1613	0.9	AlfI:99.12,AloI:99.11,BcgI:99.12,FalI:99.27	3236	47	3465	526	68.0851	ok	98.861	gamma	98.9139	98.64	94.09	98.6608	668	706
GCF_001808785.1__GCF_018603625.1	GCF_001808785.1	GCF_018603625.1	97-100	train	99.45	strict		NZ_KV794436.1	NZ_JAHFZD010000010.1	99.3833	99.679	0.8947	0.9582	0.02286	99.5749	21	0.9976	5	0.07	0.9805	99.29	99.7902	0.1173	1.7	AlfI:99.68,AloI:99.65,BcgI:99.76,FalI:99.65	2236	21	2231	444	100.19	ok	99.3833	gamma	99.4026	99.46	97.65	99.5216	615	668
GCF_001869365.1__GCF_900518825.1	GCF_001869365.1	GCF_900518825.1	97-100	train	98.53	strict		NZ_MLNJ01000103.1	NZ_ULFU01000001.1	98.7365	98.899	0.7032	0.7734	0.04944	98.0371	73	0.9985	2	0.718	0.9326	98.6705	98.9768	0.3288	1.29	AlfI:98.75,AloI:98.66,BcgI:98.93,FalI:98.99	1676	73	1649	76	19.6027	ok	98.7365	gamma	98.8409	98.42	86.94	98.3566	491	528
GCF_001869395.1__GCF_900518835.1	GCF_001869395.1	GCF_900518835.1	97-100	train	98.7	strict		NZ_MLNP01000096.1	NZ_ULFW01000001.1	98.9054	99.0359	0.6893	0.6994	0.04751	98.0019	103	0.9586	55	0.689	0.9412	98.8261	99.1033	0.1212	0.14	AlfI:98.96,AloI:99.08,BcgI:99.04,FalI:99.05	1639	103	1542	45	13.3689	ok	98.9054	gamma	98.9937	98.78	90.28	98.38	463	567
GCF_001888095.1__GCF_003722115.1	GCF_001888095.1	GCF_003722115.1	97-100	train	99.99	strict		NZ_JWTK01000001.1	NZ_RJJH01000001.1	99.9999	99.9999	0.9822	0.9407	0.40412	99.3923	17	0.9981	4	inf	1	99.9999	99.9999	0	0	AlfI:100.00,AloI:100.00,BcgI:100.00,FalI:100.00	2094	17	2073	698	121.824	ok	99.9999	uniform	100	99.99	95.64	99.993	651	655
GCF_001888095.1__GCF_900177455.1	GCF_001888095.1	GCF_900177455.1	97-100	train	99.98	strict		NZ_JWTK01000001.1	NZ_FXBN01000009.1	99.9999	99.9999	0.9871	0.9431	0.40323	99.4107	16	0.9986	3	inf	1	99.9999	99.9999	0	0	AlfI:100.00,AloI:100.00,BcgI:100.00,FalI:100.00	2118	16	2082	706	130.812	ok	99.9999	uniform	100	100	95.39	99.9973	654	655
GCF_001889125.1__GCF_014217915.1	GCF_001889125.1	GCF_014217915.1	97-100	train	97.25	strict		NZ_CP013290.1	NZ_CP060120.1	97.7971	98.3621	0.8841	0.9277	0.03089	97.8271	33	0.9943	32	0.605	0.8978	97.563	98.7164	0.5148	8.25	AlfI:98.39,AloI:98.69,BcgI:98.30,FalI:98.82	5673	33	6616	811	168.818	ok	97.7971	gamma	97.6633	97.35	85.89	97.2233	1003	1133
GCF_001889125.1__GCF_014883915.1	GCF_001889125.1	GCF_014883915.1	97-100	train	98.52	strict		NZ_CP013290.1	NZ_CP062789.1	98.8537	99.2219	0.9061	0.866	0.02003	98.6204	31	0.9952	30	0.237	0.9531	98.6816	99.3818	0.4129	10.74	AlfI:99.14,AloI:99.30,BcgI:99.21,FalI:99.55	6329	31	6739	769	199.935	ok	98.8537	gamma	98.7653	98.55	82.39	98.338	1031	1133
GCF_001889445.1__GCF_001889465.1	GCF_001889445.1	GCF_001889465.1	97-100	test	97.73	strict		NZ_CP018193.1	NZ_CP018195.1	98.0193	98.3906	0.9698	0.9859	0.03537	98.3505	20	0.9955	19	0.761	0.899	97.8742	98.6112	0.0955	0.11	AlfI:98.39,AloI:98.41,BcgI:98.39,FalI:98.31	4288	20	4855	1425	212.15	ok	98.0193	gamma	97.988	97.96	94.63	97.8951	858	902
GCF_001901345.1__GCF_001901355.1	GCF_001901345.1	GCF_001901355.1	97-100	test	99.42	strict		NZ_MPJD01000001.1	NZ_MPJC01000001.1	99.5769	99.6326	0.9435	0.9362	0.01131	99.2275	71	0.9976	22	0.251	0.9778	99.5237	99.6602	0.1028	0.94	AlfI:99.64,AloI:99.69,BcgI:99.63,FalI:99.58	9534	71	9433	770	128.803	ok	99.5769	gamma	99.5696	99.36	93.15	99.3542	1591	1663
GCF_001905025.1__GCF_018555775.1	GCF_001905025.1	GCF_018555775.1	97-100	train	97.08	strict		NZ_LWLD01000001.1	NZ_JAAZTW010000100.1	98.302	98.535	0.7361	0.6805	0.02291	97.3749	430	0.9567	397	0.973	0.9081	98.158	98.6872	0.6436	15.67	AlfI:98.54,AloI:98.30,BcgI:98.53,FalI:98.94	10294	430	10384	164	21.4116	ok	98.302	gamma	98.2332	96.99	74.72	96.809	2166	2782
GCF_001913815.1__GCF_900167325.1	GCF_001913815.1	GCF_900167325.1	97-100	test	99.62	strict		NZ_MQNM01000100.1	NZ_FUXD01000109.1	99.7272	99.7705	0.8476	0.8184	0.01561	99.3147	117	0.9885	34	0.146	0.9861	99.6586	99.7991	0.1577	1.79	AlfI:99.75,AloI:99.66,BcgI:99.78,FalI:99.82	3313	117	3147	116	26.0684	ok	99.7272	gamma	99.7247	99.46	87.95	99.5002	854	933
GCF_001942225.1__GCF_001942435.1	GCF_001942225.1	GCF_001942435.1	97-100	test	98	strict		NZ_MKJZ01000001.1	NZ_MKKF01000001.1	98.3354	98.7601	0.8306	0.8629	0.02875	98.1101	82	0.9876	60	0.487	0.9237	98.0849	99.007	0.2175	0.89	AlfI:98.73,AloI:98.73,BcgI:98.76,FalI:98.95	4907	82	5512	304	59.1951	ok	98.3354	gamma	98.1885	98.11	84.51	97.7268	994	1152
GCF_001955615.1__GCF_001955625.1	GCF_001955615.1	GCF_001955625.1	97-100	train	99.65	strict		NZ_MSPU01000010.1	NZ_MSPV01000010.1	99.7669	99.7923	0.9302	0.933	0.01426	99.689	41	0.9948	18	0.188	0.9874	99.6934	99.8189	0.0855	0.67	AlfI:99.78,AloI:99.72,BcgI:99.79,FalI:99.81	3607	41	3565	336	85	ok	99.7669	gamma	99.7525	99.48	93.91	99.4508	1401	1465
GCF_001984525.1__GCF_001984535.1	GCF_001984525.1	GCF_001984535.1	97-100	train	99.93	strict		NZ_MPUJ01000001.1	NZ_MPUI01000001.1	99.9996	99.9996	0.988	0.9872	0.00044	99.9348	41	0.999	7	inf	1	99.9977	99.9999	0.0013	0	AlfI:100.00,AloI:100.00,BcgI:100.00,FalI:100.00	7361	41	7211	991	175.854	ok	99.9996	uniform	99.9999	99.99	99.8	99.9918	1600	1605
GCF_001984525.1__GCF_007833835.1	GCF_001984525.1	GCF_007833835.1	97-100	train	98.64	strict		NZ_MPUJ01000001.1	NZ_CP034211.1	98.8113	98.9427	0.9138	0.9178	0.02347	98.5456	44	0.9976	15	0.973	0.9353	98.5882	99.0586	0.1482	0.9	AlfI:98.95,AloI:98.96,BcgI:98.96,FalI:98.81	6310	44	6789	561	140.591	ok	98.8113	gamma	98.6736	98.65	90.32	98.4978	1478	1605
GCF_001984535.1__GCF_007833835.1	GCF_001984535.1	GCF_007833835.1	97-100	train	98.64	strict		NZ_MPUI01000001.1	NZ_CP034211.1	98.805	98.9409	0.9142	0.9239	0.02349	98.5608	44	0.9977	14	0.945	0.9352	98.5844	99.0575	0.1613	0.94	AlfI:98.95,AloI:98.97,BcgI:98.95,FalI:98.80	6329	44	6793	714	140.75	ok	98.805	gamma	98.6699	98.7	90.63	98.4737	1487	1609
GCF_001989795.2__GCF_003390655.1	GCF_001989795.2	GCF_003390655.1	97-100	test	98.94	strict		NZ_JAHGVD010000001.1	NZ_CP031490.1	99.0739	99.1548	0.8189	0.8669	0.02661	98.6302	69	0.9979	8	0.945	0.9489	98.898	99.2327	0.1699	0.86	AlfI:99.10,AloI:99.27,BcgI:99.16,FalI:99.20	3984	69	4205	399	56.5362	ok	99.0739	gamma	98.9976	98.83	87.33	98.76	1102	1261
GCF_002003305.1__GCF_013294445.1	GCF_002003305.1	GCF_013294445.1	97-100	train	98.32	strict		NZ_CP016087.1	NZ_JABSWN010000001.1	98.2456	98.8208	0.8824	0.8415	0.03488	98.2744	30	0.9916	29	0.312	0.9283	98.118	99.0877	0.3526	2.29	AlfI:98.80,AloI:98.75,BcgI:98.52,FalI:98.87	3605	30	3946	270	114.467	ok	98.2456	gamma	98.2463	98.2	79.81	98.0993	1842	2072
GCF_002003305.1__GCF_013297125.1	GCF_002003305.1	GCF_013297125.1	97-100	train	98.32	strict		NZ_CP016087.1	NZ_JABTEA010000001.1	98.2344	98.817	0.8813	0.8434	0.03497	98.2703	28	0.9921	27	0.312	0.9281	98.1041	99.0883	0.348	2.21	AlfI:98.80,AloI:98.75,BcgI:98.52,FalI:98.86	3604	28	3941	330	122.321	ok	98.2344	gamma	98.2328	98.19	79.74	98.0543	1844	2072
GCF_002006175.1__GCF_002006215.1	GCF_002006175.1	GCF_002006215.1	97-100	train	100	strict		NZ_LZYU01000001.1	NZ_LZYV01000001.1	99.9999	99.9999	0.9051	0.8885	0.3161	99.2951	143	0.9988	4	inf	1	99.9999	99.9999	0	0	AlfI:100.00,AloI:100.00,BcgI:100.00,FalI:100.00	3695	143	3590	135	24.6364	ok	99.9999	uniform	100	100	97.29	99.9992	1528	1535
GCF_002006175.1__GCF_002006235.1	GCF_002006175.1	GCF_002006235.1	97-100	train	98.87	strict		NZ_LZYU01000001.1	NZ_LZYW01000001.1	99.2316	99.4062	0.6999	0.7081	0.0274	98.3877	166	0.9819	48	0.244	0.9642	99.105	99.4995	0.1629	1.3	AlfI:99.31,AloI:99.28,BcgI:99.35,FalI:99.44	3044	166	2995	83	16.6506	ok	99.2316	gamma	99.2142	98.9	83.81	98.5694	1292	1535
GCF_002006215.1__GCF_002006235.1	GCF_002006215.1	GCF_002006235.1	97-100	train	98.83	strict		NZ_LZYV01000001.1	NZ_LZYW01000001.1	99.1546	99.378	0.7113	0.7283	0.0278	98.4122	151	0.9752	69	0.221	0.9625	99.0183	99.4905	0.178	1.06	AlfI:99.30,AloI:99.23,BcgI:99.37,FalI:99.40	3152	151	3065	87	18.9404	ok	99.1546	gamma	99.1309	98.82	86.01	98.4695	1356	1630
GCF_002007845.1__GCF_002007865.1	GCF_002007845.1	GCF_002007865.1	97-100	train	99.98	strict		NZ_CP019867.1	NZ_CP019868.1	99.9927	99.9927	0.9745	0.9983	0.00419	100.257	3	0.9986	2	0.07	0.9996	99.9999	99.9908	0.0165	0.1	AlfI:99.99,AloI:100.00,BcgI:99.98,FalI:100.00	1394	3	1389	1079	463	ok	99.9927	gamma	100	99.99	100	99.9746	465	476
GCF_002037625.1__GCF_009648775.1	GCF_002037625.1	GCF_009648775.1	97-100	test	99.03	strict		NZ_MXOF01000010.1	NZ_CP045766.1	99.1401	99.3038	0.9526	0.9515	0.02187	99.1814	37	0.9974	12	0.365	0.9577	98.9878	99.3951	0.0816	0.78	AlfI:99.25,AloI:99.31,BcgI:99.33,FalI:99.34	4777	37	5025	672	127.405	ok	99.1401	gamma	99.0755	99.08	92.66	99.0072	1379	1422
GCF_002049255.1__GCF_002049395.1	GCF_002049255.1	GCF_002049395.1	97-100	test	99.39	strict		NZ_BDLQ01000001.1	NZ_BDLR01000001.1	99.4363	99.6097	0.8144	0.8407	0.02567	99.1416	88	0.9732	51	0.124	0.9762	99.3381	99.6832	0.1575	1.53	AlfI:99.64,AloI:99.71,BcgI:99.56,FalI:99.56	2082	88	2032	110	22.0795	ok	99.4363	gamma	99.4512	99.26	92.68	99.1691	747	851
GCF_002049255.1__GCF_003047205.1	GCF_002049255.1	GCF_003047205.1	97-100	test	99.16	strict		NZ_BDLQ01000001.1	NZ_CP028491.1	99.1525	99.3996	0.8488	0.9058	0.03214	99.1155	45	0.9957	8	0.227	0.9634	98.9368	99.5341	0.1188	0.77	AlfI:99.45,AloI:99.43,BcgI:99.36,FalI:99.33	2052	45	2051	147	42.3556	ok	99.1525	gamma	99.0761	98.98	88.41	98.8378	781	851
GCF_002057455.1__GCF_012034275.1	GCF_002057455.1	GCF_012034275.1	97-100	train	97.16	strict		NZ_CP017717.1	NZ_JAATEP010000001.1	98.0575	98.4564	0.8313	0.8563	0.01778	96.9191	187	0.9884	186	0.73	0.903	97.8123	98.7297	0.2752	4.57	AlfI:98.43,AloI:98.43,BcgI:98.45,FalI:98.70	16626	187	18639	509	85.5989	ok	98.0575	gamma	97.8709	97.7	82.16	97.2339	3582	4349
GCF_002076915.1__GCF_014646495.1	GCF_002076915.1	GCF_014646495.1	97-100	train	99.49	strict		NZ_CP020468.1	NZ_BMNJ01000001.1	99.6829	99.6988	0.9471	0.9893	0.01683	99.7453	12	0.9968	11	0.669	0.9818	99.535	99.74	0.1695	1.84	AlfI:99.74,AloI:99.62,BcgI:99.68,FalI:99.79	3429	12	3488	746	282.5	ok	99.6829	gamma	99.6085	99.59	98.96	99.5256	743	786
GCF_002086345.1__GCF_002285715.1	GCF_002086345.1	GCF_002285715.1	97-100	train	99.38	strict		NZ_MVHX01000100.1	NZ_CP023147.1	99.5753	99.5945	0.9077	0.9466	0.01207	99.1738	95	0.9977	20	0.783	0.9754	99.5048	99.6175	0.1641	4.22	AlfI:99.60,AloI:99.59,BcgI:99.58,FalI:99.74	9108	95	9159	535	93.6947	ok	99.5753	gamma	99.5521	99.27	94.74	99.1508	1659	1777
GCF_002088815.1__GCF_003202815.1	GCF_002088815.1	GCF_003202815.1	97-100	train	97.83	strict		NZ_NAHS01000001.1	NZ_QGLQ01000001.1	98.2984	98.517	0.6526	0.7181	0.05352	97.4866	146	0.9964	5	0.985	0.9087	98.1942	98.6488	0.1047	0.25	AlfI:98.49,AloI:98.55,BcgI:98.46,FalI:98.57	2135	146	1992	30	10.4247	ok	98.2984	gamma	98.3679	97.8	88.35	97.6604	716	780
GCF_002095995.1__GCF_002128045.1	GCF_002095995.1	GCF_002128045.1	97-100	train	99.94	strict		NZ_CP020711.1	NZ_CP017331.1	99.9751	99.9751	0.9977	0.9976	0.0094	100.326	2	0.999	1	inf	0.9985	99.983	99.973	0.0615	0.1	AlfI:100.00,AloI:99.94,BcgI:99.97,FalI:99.97	1148	2	973	578	485	ok	99.9751	uniform	99.9991	99.97	100	99.9545	272	272
GCF_002097765.1__GCF_900604905.1	GCF_002097765.1	GCF_900604905.1	97-100	train	99.99	strict		NZ_MWFP01000023.1	NZ_UWOX01000081.1	99.9957	99.9957	0.904	0.9674	0.00162	99.8164	36	0.9992	4	inf	0.9997	99.9905	99.9969	0.0276	0.76	AlfI:99.99,AloI:99.97,BcgI:100.00,FalI:100.00	5417	36	5247	713	144.917	ok	99.9957	uniform	99.9974	99.99	98.47	99.9857	1261	1357
GCF_002112365.1__GCF_002113365.1	GCF_002112365.1	GCF_002113365.1	97-100	train	100	strict		NZ_NEHK01000001.1	NZ_NEHL01000001.1	99.9999	99.9999	0.9968	0.9968	0.15252	99.2491	30	0.9993	10	inf	1	99.9999	99.9999	0	0	AlfI:100.00,AloI:100.00,BcgI:100.00,FalI:100.00	13897	30	13753	1623	457.833	ok	99.9999	uniform	100	100	100	99.9978	2077	2079
GCF_002112395.1__GCF_002112455.1	GCF_002112395.1	GCF_002112455.1	97-100	train	100	strict		NZ_NEHN01000001.1	NZ_NEHS01000001.1	99.9999	99.9999	0.997	0.997	0.15251	99.2431	27	0.9994	8	inf	1	99.9999	99.9999	0	0	AlfI:100.00,AloI:100.00,BcgI:100.00,FalI:100.00	13860	27	13754	1619	507.296	ok	99.9999	uniform	100	100	100	99.9984	2074	2078
GCF_002112395.1__GCF_002113365.1	GCF_002112395.1	GCF_002113365.1	97-100	train	100	strict		NZ_NEHN01000001.1	NZ_NEHL01000001.1	99.9999	99.9999	0.9969	0.9968	0.15251	99.2508	30	0.9992	11	inf	1	99.9999	99.9999	0	0	AlfI:100.00,AloI:100.00,BcgI:100.00,FalI:100.00	13912	30	13754	1623	458.367	ok	99.9999	uniform	100	100	100	99.9978	2073	2078
GCF_002113055.1__GCF_002113705.1	GCF_002113055.1	GCF_002113705.1	97-100	test	99.99	strict		NZ_NEJI01000001.1	NZ_NEJK01000001.1	99.9995	99.9995	0.9963	0.9966	0.00033	99.5349	28	0.9995	7	inf	1	99.9999	99.9994	0.0007	0.06	AlfI:100.00,AloI:100.00,BcgI:100.00,FalI:100.00	13642	28	13492	1836	482.179	ok	99.9995	uniform	100	100	100	99.9963	2034	2041
GCF_002127615.1__GCF_002127625.1	GCF_002127615.1	GCF_002127625.1	97-100	test	99.97	strict		NZ_NEHA01000001.1	NZ_NEGY01000001.1	99.9981	99.9981	0.9827	0.9821	0.00063	99.5242	139	0.9987	19	inf	0.9999	99.9911	99.9997	0.0028	0.05	AlfI:100.00,AloI:100.00,BcgI:100.00,FalI:100.00	15338	139	14923	763	107.676	ok	99.9981	uniform	99.9956	99.99	99.84	99.9848	1997	2021
GCF_002128025.1__GCF_009810255.1	GCF_002128025.1	GCF_009810255.1	97-100	test	99.78	strict		NZ_CP017330.1	NZ_BLFT01000001.1	99.8299	99.8299	0.9411	0.9352	0.02507	99.8982	17	0.9828	16	inf	0.9897	99.7553	99.85	0.2621	1.06	AlfI:99.81,AloI:99.62,BcgI:99.88,FalI:99.84	1104	17	948	139	54.6471	ok	99.8299	uniform	99.8519	99.75	98.92	99.7478	254	272
GCF_002142285.1__GCF_002142345.1	GCF_002142285.1	GCF_002142345.1	97-100	train	99.98	strict		NZ_NASB01000001.1	NZ_NASC01000001.1	99.9984	99.9984	0.7593	0.7547	0.00159	99.3035	140	0.9557	90	inf	0.9999	99.9999	99.998	0.004	0	AlfI:100.00,AloI:100.00,BcgI:100.00,FalI:100.00	2451	140	2097	79	14.8786	ok	99.9984	uniform	100	99.98	99.29	99.8196	826	949
GCF_002151115.1__GCF_011801245.1	GCF_002151115.1	GCF_011801245.1	97-100	train	97.95	strict		NZ_MDJX01000373.1	NZ_CP048047.1	98.3468	98.6828	0.7976	0.8609	0.02991	98.1062	189	0.996	18	0.631	0.9185	98.1208	98.8945	0.4956	6.57	AlfI:98.59,AloI:98.94,BcgI:98.66,FalI:99.08	4873	189	5406	223	24.8201	ok	98.3468	gamma	98.225	97.6	87.18	97.8378	860	951
GCF_002151265.1__GCF_900108215.1	GCF_002151265.1	GCF_900108215.1	97-100	test	98.56	strict		NZ_MUMZ01000001.1	NZ_FNVC01000055.1	98.8963	99.1353	0.8387	0.855	0.01854	98.4083	177	0.9937	50	0.392	0.9474	98.7203	99.2621	0.1823	2.5	AlfI:99.14,AloI:99.18,BcgI:99.11,FalI:99.29	8303	177	8774	277	45.7288	ok	98.8963	gamma	98.7929	98.5	85.49	98.3589	1323	1500
GCF_002157125.1__GCF_002157165.1	GCF_002157125.1	GCF_002157165.1	97-100	train	97.22	strict		NZ_CP021366.1	NZ_CP021359.1	97.4707	98.1709	0.7955	0.9498	0.02905	97.3439	57	0.9925	54	0.571	0.8846	97.3578	98.5634	0.2907	0.96	AlfI:98.19,AloI:98.00,BcgI:98.15,FalI:98.29	7315	57	8525	1231	126.175	ok	97.4707	gamma	97.4478	97.41	90.23	97.3035	1255	1566
GCF_002157125.1__GCF_002157185.1	GCF_002157125.1	GCF_002157185.1	97-100	train	99.98	strict		NZ_CP021366.1	NZ_CP021362.1	99.9865	99.9871	0.9738	0.9987	0.002	99.724	32	0.9973	28	0.07	0.9992	99.948	99.9965	0.0238	0.41	AlfI:99.99,AloI:100.00,BcgI:99.99,FalI:99.98	10554	32	10189	9090	322.469	ok	99.9865	gamma	99.9621	99.98	99.91	99.9674	1519	1566
GCF_002157165.1__GCF_002157185.1	GCF_002157165.1	GCF_002157185.1	97-100	train	97.21	strict		NZ_CP021359.1	NZ_CP021362.1	97.4509	98.1643	0.9236	0.8475	0.02915	97.3577	48	0.9936	46	0.571	0.8842	97.331	98.5684	0.1154	0.68	AlfI:98.21,AloI:98.09,BcgI:98.13,FalI:98.19	7295	48	8520	1582	149.125	ok	97.4509	gamma	97.4213	97.41	80.16	97.3252	1242	1351
GCF_002160465.1__GCF_015550635.1	GCF_002160465.1	GCF_015550635.1	97-100	train	98.62	strict		NZ_NFKQ01000001.1	NZ_JADNBD010000010.1	98.7884	99.136	0.6831	0.7977	0.02578	98.0565	64	0.9945	23	0.282	0.9473	98.6419	99.2892	0.1488	0.76	AlfI:99.16,AloI:99.16,BcgI:99.14,FalI:99.01	4470	64	4600	514	65.6406	ok	98.7884	gamma	98.7443	98.73	80.87	98.3215	964	1311
GCF_002162115.1__GCF_016019785.1	GCF_002162115.1	GCF_016019785.1	97-100	test	99.84	strict		NZ_CP021417.1	NZ_JAEANX010000001.1	99.9111	99.9198	0.9795	0.9817	0.00806	99.9828	15	0.9965	14	0.084	0.9951	99.878	99.9302	0.0685	1	AlfI:99.92,AloI:99.86,BcgI:99.93,FalI:99.93	4022	15	4048	1353	267.733	ok	99.9111	gamma	99.9121	99.85	98.7	99.7597	841	857
GCF_002204305.1__GCF_002920555.1	GCF_002204305.1	GCF_002920555.1	97-100	test	99.08	strict		NZ_NHRF01000231.1	NZ_PQSV01000001.1	99.2713	99.3623	0.8926	0.933	0.01683	98.9005	50	0.996	28	0.516	0.9614	99.1225	99.4284	0.2741	2.59	AlfI:99.33,AloI:99.26,BcgI:99.37,FalI:99.54	7169	50	7560	1044	141.88	ok	99.2713	gamma	99.1899	98.68	92.67	98.982	1053	1189
GCF_002206155.2__GCF_900076365.1	GCF_002206155.2	GCF_900076365.1	97-100	train	99.92	strict		NZ_NJEZ02000001.1	NZ_FKBK01000001.1	99.9702	99.9718	0.8882	0.934	0.00355	99.5466	52	0.9931	50	0.07	0.9983	99.9409	99.9794	0.028	0.9	AlfI:99.98,AloI:99.98,BcgI:99.97,FalI:99.95	7331	52	7238	752	138.731	ok	99.9702	gamma	99.9586	99.7	92.66	99.7239	1514	1700
GCF_002213185.1__GCF_002213225.1	GCF_002213185.1	GCF_002213225.1	97-100	train	98.75	strict		NZ_NBOB01000001.1	NZ_NBNX01000001.1	98.9898	99.0687	0.8497	0.9098	0.02053	98.4577	47	0.9965	25	1.075	0.9433	98.886	99.1247	0.1229	0.82	AlfI:99.03,AloI:99.11,BcgI:99.07,FalI:99.15	7163	47	7625	927	151.277	ok	98.9898	gamma	98.9601	98.61	87.48	98.5405	1195	1372
GCF_002213195.1__GCF_002213235.1	GCF_002213195.1	GCF_002213235.1	97-100	train	98.8	strict		NZ_NBNZ01000001.1	NZ_NBOA01000001.1	98.9426	99.0606	0.9019	0.9125	0.02075	98.5417	26	0.9984	11	0.807	0.9428	98.7877	99.1451	0.2312	3.1	AlfI:98.94,AloI:99.10,BcgI:99.08,FalI:99.17	7058	26	7585	1187	269.769	ok	98.9426	gamma	98.8644	98.75	90.27	98.7073	1178	1298
GCF_002213225.1__GCF_002213235.1	GCF_002213225.1	GCF_002213235.1	97-100	train	98.8	strict		NZ_NBNX01000001.1	NZ_NBOA01000001.1	98.9037	99.0204	0.8646	0.9039	0.02116	98.4115	39	0.997	21	0.841	0.9403	98.7887	99.0931	0.0967	0.51	AlfI:98.97,AloI:99.03,BcgI:99.03,FalI:99.07	7085	39	7606	881	180.615	ok	98.9037	gamma	98.8653	98.75	90.24	98.5657	1188	1349
GCF_002215055.1__GCF_902386745.1	GCF_002215055.1	GCF_902386745.1	97-100	test	100	strict		NZ_CP022115.1	NZ_LR698992.1	99.9999	99.9999	0.9979	0.9979	0.21016	99.6082	24	0.9969	23	inf	1	99.9999	99.9999	0	0	AlfI:100.00,AloI:100.00,BcgI:100.00,FalI:100.00	7579	24	7224	7192	308.333	ok	99.9999	uniform	100	100	100	100	1140	1141
GCF_002241275.1__GCF_018790395.1	GCF_002241275.1	GCF_018790395.1	97-100	train	98.71	strict		NZ_NDIH01000126.1	NZ_JAHKEU010000001.1	98.7943	98.9593	0.845	0.806	0.02971	98.4046	126	0.9886	43	0.761	0.9368	98.5817	99.0841	0.1249	1.07	AlfI:98.89,AloI:98.89,BcgI:99.01,FalI:98.96	4072	126	4263	187	30.6349	ok	98.7943	gamma	98.6904	98.55	84.09	98.3838	1106	1220
GCF_002250905.2__GCF_017909435.1	GCF_002250905.2	GCF_017909435.1	97-100	train	99.48	strict		NZ_CP024101.1	NZ_CP066194.1	99.4902	99.6723	0.9234	0.96	0.01738	99.5813	23	0.9946	20	0.092	0.9802	99.3981	99.7489	0.0839	1.36	AlfI:99.73,AloI:99.64,BcgI:99.70,FalI:99.64	4127	23	3870	932	160	ok	99.4902	gamma	99.4777	99.18	92.75	99.3414	1325	1447
GCF_002252745.1__GCF_002252965.1	GCF_002252745.1	GCF_002252965.1	97-100	test	98.84	strict		NZ_NHOX01000040.1	NZ_NHPG01000047.1	99.3114	99.5921	0.7918	0.6058	0.02218	98.4218	108	0.9751	67	0.103	0.9746	99.204	99.702	0.0876	0.19	AlfI:99.55,AloI:99.60,BcgI:99.59,FalI:99.64	2863	108	2872	105	25.287	ok	99.3114	gamma	99.3071	98.89	64.57	98.8343	815	969
GCF_002253455.1__GCF_002253465.1	GCF_002253455.1	GCF_002253465.1	97-100	train	98.8	strict		NZ_NGOR01000001.1	NZ_NGOS01000001.1	98.8837	99.3238	0.8007	0.7621	0.03965	98.5547	42	0.9811	28	0.161	0.9592	98.7657	99.4989	0.0909	0.12	AlfI:99.36,AloI:99.27,BcgI:99.34,FalI:99.31	1574	42	1624	114	35.5952	ok	98.8837	gamma	98.9344	98.87	80.82	98.7016	550	642
GCF_002266475.1__GCF_003176815.1	GCF_002266475.1	GCF_003176815.1	97-100	train	98.82	strict		NZ_NPOU01000001.1	NZ_CP029559.1	98.4179	99.268	0.9526	0.9652	0.03385	99.2136	12	0.9959	9	0.124	0.9557	98.4165	99.5437	0.2265	1.7	AlfI:99.40,AloI:99.23,BcgI:99.18,FalI:99.27	2332	12	2451	595	181.5	ok	98.4179	gamma	98.5676	98.96	93.97	98.8791	677	731
GCF_002285155.1__GCF_007786415.1	GCF_002285155.1	GCF_007786415.1	97-100	train	97.57	strict		NZ_NSGL01000001.1	NZ_VNKN01000001.1	97.9736	98.4054	0.8841	0.8885	0.03564	97.9459	53	0.99	41	0.709	0.8999	97.7437	98.6916	0.3341	2.29	AlfI:98.32,AloI:98.66,BcgI:98.40,FalI:98.37	4159	53	4810	339	77.3774	ok	97.9736	gamma	97.8599	97.78	88.15	97.6115	767	858
GCF_002288145.1__GCF_002288265.1	GCF_002288145.1	GCF_002288265.1	97-100	train	97.07	strict		NZ_CP016775.1	NZ_CP016778.1	97.1008	97.9954	0.9441	0.9478	0.06551	97.8787	3	0.9987	2	0.516	0.8733	97.1042	98.4708	0.4739	3.26	AlfI:97.97,AloI:98.20,BcgI:97.79,FalI:98.26	1587	3	1953	1178	526.667	ok	97.1008	gamma	97.3013	97.14	91.88	97.1085	414	442
GCF_002319065.1__GCF_016307645.1	GCF_002319065.1	GCF_016307645.1	97-100	train	97.25	strict		NZ_NPKB01000109.1	NZ_JAEIKS010000001.1	97.9094	98.197	0.8215	0.8645	0.02554	97.2926	191	0.9853	131	1.189	0.8862	97.7156	98.42	0.2069	2.23	AlfI:98.21,AloI:98.31,BcgI:98.15,FalI:98.35	9220	191	10552	303	47.0942	ok	97.9094	gamma	97.7943	97.38	86.66	97.0164	1720	2050
GCF_002327125.1__GCF_012395955.1	GCF_002327125.1	GCF_012395955.1	97-100	test	98.31	strict		NZ_CP023405.1	NZ_JAAXON010000001.1	98.7331	99.0812	0.8706	0.9123	0.01839	98.3878	100	0.9887	99	0.312	0.9437	98.5889	99.2371	0.1178	0.48	AlfI:99.05,AloI:99.08,BcgI:99.08,FalI:99.17	8910	100	9598	350	87.51	ok	98.7331	gamma	98.6606	98.5	90.26	98.1223	1503	1717
GCF_002368255.1__GCF_014697225.1	GCF_002368255.1	GCF_014697225.1	97-100	train	99.99	strict		NZ_AP018203.1	NZ_JACJRK010000001.1	99.9982	99.9982	0.9158	0.9808	0.00074	99.5457	66	0.994	63	inf	0.9999	99.9922	99.9996	0.0056	1.19	AlfI:100.00,AloI:100.00,BcgI:100.00,FalI:99.99	10706	66	10605	1176	160.394	ok	99.9982	uniform	99.9969	100	99.3	99.9724	2194	2410
GCF_002370195.2__GCF_014202525.1	GCF_002370195.2	GCF_014202525.1	97-100	train	98.65	strict		NZ_AP018335.1	NZ_JACHGZ010000001.1	98.283	99.0658	0.7561	0.8327	0.03817	98.3198	74	0.9667	73	0.2	0.943	98.157	99.3803	0.3799	3.5	AlfI:99.04,AloI:98.84,BcgI:99.22,FalI:99.00	2431	74	2486	90	29.6486	ok	98.283	gamma	98.3139	98.5	87.31	98.2083	876	1162
GCF_002412145.1__GCF_003594765.1	GCF_002412145.1	GCF_003594765.1	97-100	train	98.66	strict		NZ_NDIP01000001.1	NZ_QJSB01000045.1	98.7433	98.9386	0.9214	0.9219	0.02834	98.7153	61	0.993	31	0.689	0.9352	98.4953	99.0901	0.1717	1.75	AlfI:99.05,AloI:98.95,BcgI:98.93,FalI:98.88	4652	61	4943	401	73.5246	ok	98.7433	gamma	98.5993	98.56	92.48	98.5251	1554	1661
GCF_002442575.1__GCF_014651795.1	GCF_002442575.1	GCF_014651795.1	97-100	train	97.44	strict		NZ_CP023656.1	NZ_BMXO01000001.1	97.7792	98.3234	0.8555	0.9253	0.03201	97.784	63	0.9884	62	0.613	0.895	97.6133	98.6421	0.3375	2.4	AlfI:98.31,AloI:98.64,BcgI:98.30,FalI:98.30	5537	63	6333	373	84.6825	ok	97.7792	gamma	97.7159	97.58	86.19	97.3814	1126	1311
GCF_002531885.1__GCF_014193135.1	GCF_002531885.1	GCF_014193135.1	97-100	train	98.34	strict		NZ_NWSZ01000106.1	NZ_JACHYV010000001.1	98.7263	98.923	0.847	0.9084	0.0164	97.8901	114	0.9953	61	0.65	0.9342	98.5793	99.0361	0.0949	0.56	AlfI:98.95,AloI:98.86,BcgI:98.92,FalI:98.90	13176	114	14152	705	113.123	ok	98.7263	gamma	98.6387	98.39	90.04	98.2276	1870	2154
GCF_002552175.1__GCF_002566505.1	GCF_002552175.1	GCF_002566505.1	97-100	test	99.79	strict		NZ_NVLP01000014.1	NZ_NUYF01000004.1	99.8971	99.9098	0.9288	0.9429	0.00925	99.8505	68	0.9958	15	0.07	0.9945	99.8708	99.9204	0.0242	0.46	AlfI:99.91,AloI:99.91,BcgI:99.93,FalI:99.90	3734	68	3689	449	53.7059	ok	99.8971	gamma	99.9075	99.78	96.33	99.8115	1580	1653
GCF_002560575.1__GCF_017498775.1	GCF_002560575.1	GCF_017498775.1	97-100	test	98.53	strict		NZ_NTRO01000100.1	NZ_JAGDQJ010000001.1	99.0124	99.1649	0.8268	0.8595	0.02709	98.6548	79	0.995	19	0.502	0.9493	98.885	99.2543	0.2153	2.22	AlfI:99.22,AloI:99.04,BcgI:99.26,FalI:99.12	4218	79	4220	349	49.038	ok	99.0124	gamma	98.9858	98.42	86.05	98.2608	1507	1674
GCF_002562195.1__GCF_002566035.1	GCF_002562195.1	GCF_002566035.1	97-100	train	99.02	strict		NZ_NTWH01000010.1	NZ_NUVO01000100.1	99.3319	99.4605	0.8198	0.7769	0.0192	98.649	80	0.9886	57	0.274	0.9674	99.2037	99.5354	0.1119	1.22	AlfI:99.39,AloI:99.44,BcgI:99.51,FalI:99.46	5342	80	5285	394	62.55	ok	99.3319	gamma	99.2816	98.72	81.74	98.6331	1667	1891
GCF_002569075.1__GCF_002569205.1	GCF_002569075.1	GCF_002569205.1	97-100	train	99.56	strict		NZ_NVFA01000100.1	NZ_NVGP01000100.1	99.6671	99.774	0.8477	0.8608	0.01285	99.3898	131	0.9951	22	0.07	0.9863	99.6043	99.8207	0.1209	2.13	AlfI:99.83,AloI:99.71,BcgI:99.79,FalI:99.76	5740	131	4836	306	34.8931	ok	99.6671	gamma	99.6622	99.6	92.25	99.4447	1636	1764
GCF_002573675.1__GCF_002688545.1	GCF_002573675.1	GCF_002688545.1	97-100	train	97.86	strict		NZ_PDHU01000001.1	NZ_CP024052.1	98.3378	98.6488	0.9456	0.9553	0.02317	98.302	37	0.9966	28	0.709	0.9157	98.1027	98.8596	0.2839	3.38	AlfI:98.63,AloI:98.69,BcgI:98.62,FalI:98.91	9828	37	9367	884	221.703	ok	98.3378	gamma	98.1823	98.03	90.69	97.914	1983	2143
GCF_002578475.1__GCF_002582955.1	GCF_002578475.1	GCF_002582955.1	97-100	train	99.24	strict		NZ_NUMQ01000134.1	NZ_NUOF01000100.1	99.3573	99.6015	0.868	0.868	0.01732	99.2346	81	0.994	27	0.1	0.9759	99.2729	99.6953	0.1471	3.95	AlfI:99.54,AloI:99.57,BcgI:99.69,FalI:99.57	5914	81	4790	407	55.8519	ok	99.3573	gamma	99.3513	99.06	89.43	99.0897	1735	1880
GCF_002587065.1__GCF_002906925.1	GCF_002587065.1	GCF_002906925.1	97-100	test	97.5	strict		NZ_CP023818.1	NZ_PPUX01000001.1	97.8753	98.2087	0.8527	0.9466	0.02863	97.5657	51	0.993	50	1.014	0.887	97.7098	98.4411	0.3066	3.02	AlfI:98.24,AloI:98.44,BcgI:98.14,FalI:98.24	7226	51	8398	663	139.941	ok	97.8753	gamma	97.7983	97.68	90.22	97.5286	1439	1699
GCF_002632445.1__GCF_014467265.1	GCF_002632445.1	GCF_014467265.1	97-100	train	99.63	strict		NZ_NIBT01000001.1	NZ_NKHQ01000001.1	99.7003	99.8025	0.8504	0.8258	0.01319	99.2992	68	0.9934	27	0.07	0.988	99.5955	99.8554	0.055	0.9	AlfI:99.83,AloI:99.82,BcgI:99.79,FalI:99.77	4381	68	3801	257	61.2059	ok	99.7003	gamma	99.6613	99.57	81.48	99.4137	1148	1389
GCF_002735565.1__GCF_900101325.1	GCF_002735565.1	GCF_900101325.1	97-100	train	97.79	strict		NZ_PDYF01000001.1	NZ_FMUY01000045.1	97.9588	98.3691	0.8292	0.8646	0.05013	97.8923	42	0.9927	16	0.739	0.8992	97.74	98.6472	0.3359	1.17	AlfI:98.41,AloI:98.55,BcgI:98.22,FalI:98.41	2337	42	2623	270	52.619	ok	97.9588	gamma	97.9027	97.77	86.14	97.683	881	1019
GCF_002736045.1__GCF_014269205.2	GCF_002736045.1	GCF_014269205.2	97-100	test	97.85	strict		NZ_CP024086.1	NZ_JABWRY020000001.1	98.0921	98.3319	0.8792	0.9044	0.02192	97.9705	77	0.9932	76	1.26	0.8955	97.8668	98.5342	0.2599	4.86	AlfI:98.23,AloI:98.37,BcgI:98.38,FalI:98.49	18224	77	13044	943	144.182	ok	98.0921	gamma	97.9363	97.73	87.12	97.6168	1810	2060
GCF_002743065.1__GCF_002743135.1	GCF_002743065.1	GCF_002743135.1	97-100	test	97.17	strict		NZ_PDYO01000001.1	NZ_PDYQ01000001.1	97.1868	97.8791	0.8481	0.8889	0.05333	97.4092	38	0.996	10	0.718	0.8655	97.0812	98.3158	0.4195	2.98	AlfI:98.16,AloI:98.00,BcgI:97.74,FalI:97.86	2751	38	3133	506	66.5526	ok	97.1868	gamma	97.2382	96.89	85.5	96.9961	937	1096
GCF_002752195.1__GCF_014304635.1	GCF_002752195.1	GCF_014304635.1	97-100	test	98.79	strict		NZ_MOWO01000007.1	NZ_CP060276.1	98.941	99.0547	0.8858	0.9112	0.01918	98.4825	94	0.9979	17	0.866	0.9423	98.7655	99.1449	0.2296	3.61	AlfI:99.00,AloI:99.23,BcgI:99.06,FalI:99.13	8362	94	8932	340	88.0106	ok	98.941	gamma	98.8366	98.55	90.54	98.4719	1570	1717
GCF_002761935.1__GCF_002763735.1	GCF_002761935.1	GCF_002763735.1	97-100	train	98.04	strict		NZ_PEQX01000001.1	NZ_CP024701.1	97.4227	98.4452	0.9042	0.9325	0.06851	98.2561	11	0.9942	7	0.312	0.9045	97.4665	98.8827	0.5698	1.07	AlfI:98.12,AloI:98.69,BcgI:98.61,FalI:98.41	1479	11	1449	372	109.727	ok	97.4227	gamma	97.7003	98.23	81.22	97.6807	654	764
GCF_002763595.1__GCF_002763815.1	GCF_002763595.1	GCF_002763815.1	97-100	train	97.99	strict		NZ_CP024698.1	NZ_CP024703.1	96.6052	98.2747	0.9625	0.9638	0.07358	98.1874	6	0.9957	5	0.266	0.8938	96.9707	98.9046	0.277	0.48	AlfI:98.44,AloI:98.39,BcgI:98.51,FalI:98.23	1425	6	1455	433	193	ok	96.6052	gamma	97.2164	97.83	84.4	97.7331	660	740
GCF_002777315.1__GCF_013344965.1	GCF_002777315.1	GCF_013344965.1	97-100	train	97.22	strict		NZ_MDVB01000001.1	NZ_JAAEDQ010000001.1	97.6665	98.1743	0.7534	0.7847	0.05565	97.3328	64	0.9967	6	0.761	0.8851	97.4636	98.5081	0.4007	0.95	AlfI:98.20,AloI:98.22,BcgI:98.21,FalI:97.82	1957	64	2288	124	29.5625	ok	97.6665	gamma	97.6362	97.42	81.08	96.9958	666	772
GCF_002777705.1__GCF_002777795.1	GCF_002777705.1	GCF_002777795.1	97-100	test	98.81	strict		NZ_MEIU01000001.1	NZ_MEIT01000001.1	98.965	99.2671	0.827	0.8365	0.03276	98.7806	54	0.9907	20	0.259	0.9558	98.764	99.414	0.2091	1.13	AlfI:99.33,AloI:99.12,BcgI:99.23,FalI:99.18	2661	54	2377	208	40.4444	ok	98.965	gamma	98.9013	98.86	88.27	98.6009	749	836
GCF_002799025.1__GCF_900116025.1	GCF_002799025.1	GCF_900116025.1	97-100	train	98.34	strict		NZ_NEQU01000003.1	NZ_FWEU01000011.1	98.7373	98.891	0.9376	0.9602	0.01828	98.2807	38	0.9968	34	0.892	0.932	98.5541	99.0036	0.0772	0.64	AlfI:98.91,AloI:98.95,BcgI:98.87,FalI:98.92	10794	38	11718	2110	280.474	ok	98.7373	gamma	98.6196	98.33	92.45	98.2801	1444	1529
GCF_002812165.1__GCF_004769805.1	GCF_002812165.1	GCF_004769805.1	97-100	train	98.44	strict		NZ_NPED01000001.1	NZ_RQHJ01000012.1	98.2676	98.8385	0.9302	0.9213	0.03749	98.6155	22	0.9979	6	0.321	0.928	98.1151	99.114	0.2024	1.41	AlfI:98.75,AloI:98.94,BcgI:98.73,FalI:98.87	2968	22	3303	556	132.091	ok	98.2676	gamma	98.2533	98.52	92.37	98.3632	1211	1284
GCF_002813655.1__GCF_002813675.1	GCF_002813655.1	GCF_002813675.1	97-100	train	99.1	strict		NZ_CP017766.1	NZ_CP017767.1	99.1157	99.4647	0.9029	0.9173	0.03832	99.3025	13	0.9906	12	0.124	0.967	99.0402	99.5948	0.2183	1.48	AlfI:99.38,AloI:99.40,BcgI:99.60,FalI:99.46	1320	13	1348	486	98.6154	ok	99.1157	gamma	99.2043	99.09	88.86	99.0285	751	835
GCF_002813835.1__GCF_008107465.1	GCF_002813835.1	GCF_008107465.1	97-100	test	98.91	strict		NZ_CP023291.1	NZ_VSLF01000100.1	99.0161	99.1339	0.8671	0.8106	0.02672	98.5736	68	0.9834	66	0.739	0.9476	98.8049	99.2352	0.1467	0.59	AlfI:99.12,AloI:99.26,BcgI:99.11,FalI:99.17	4175	68	4304	402	58.6176	ok	99.0161	gamma	98.9065	98.84	82.66	98.6338	1134	1284
GCF_002845395.1__GCF_002845485.1	GCF_002845395.1	GCF_002845485.1	97-100	train	99.99	strict		NZ_MBPJ01000001.1	NZ_MBPL01000001.1	99.9999	99.9999	0.9571	0.9558	0.43309	99.3521	30	0.9972	5	inf	1	99.9999	99.9999	0	0	AlfI:100.00,AloI:100.00,BcgI:100.00,FalI:100.00	1841	30	1832	218	60.4667	ok	99.9999	uniform	100	100	100	99.9987	520	527
GCF_002860225.1__GCF_002860245.1	GCF_002860225.1	GCF_002860245.1	97-100	train	99.26	strict		NZ_PGVC01000001.1	NZ_PGVD01000001.1	99.338	99.5145	0.8854	0.8276	0.01817	99.0425	130	0.9877	59	0.183	0.9706	99.2087	99.6007	0.0625	0.67	AlfI:99.50,AloI:99.48,BcgI:99.54,FalI:99.49	5303	130	5178	211	37.4231	ok	99.338	gamma	99.2869	99	85.31	99.0778	1278	1400
GCF_002860225.1__GCF_003944805.1	GCF_002860225.1	GCF_003944805.1	97-100	train	99.29	strict		NZ_PGVC01000001.1	NZ_RWHA01000001.1	99.4374	99.5577	0.855	0.8371	0.0175	99.0773	144	0.9845	73	0.214	0.9732	99.3049	99.6278	0.1123	2.52	AlfI:99.61,AloI:99.50,BcgI:99.59,FalI:99.50	5241	144	5050	154	33.2292	ok	99.4374	gamma	99.3795	99.26	87.97	99.1285	1233	1400
GCF_002860245.1__GCF_003944805.1	GCF_002860245.1	GCF_003944805.1	97-100	train	99.5	strict		NZ_PGVD01000001.1	NZ_RWHA01000001.1	99.5716	99.6519	0.8361	0.8831	0.01512	99.2468	161	0.9857	71	0.188	0.9789	99.471	99.7009	0.0762	1.94	AlfI:99.62,AloI:99.69,BcgI:99.69,FalI:99.61	5418	161	5271	157	31.4348	ok	99.5716	gamma	99.5351	99.43	93.35	99.3243	1302	1505
GCF_002872905.1__GCF_002877195.1	GCF_002872905.1	GCF_002877195.1	97-100	train	99.99	strict		NZ_MCVZ01000001.1	NZ_MCXP01000001.1	99.9969	99.9969	0.8755	0.883	0.00126	99.8401	356	0.9988	7	inf	0.9998	99.9923	99.998	0.0055	0.47	AlfI:99.99,AloI:100.00,BcgI:100.00,FalI:100.00	6596	356	6419	114	17.2331	ok	99.9969	uniform	99.9979	99.98	98.55	99.9713	1521	1541
GCF_002875485.1__GCF_005146585.1	GCF_002875485.1	GCF_005146585.1	97-100	test	99.88	strict		NZ_MDAR01000001.1	NZ_SYVI01000001.1	99.9468	99.9532	0.9483	0.9554	0.0051	99.8611	108	0.9983	10	0.07	0.9972	99.8688	99.9748	0.0242	0.92	AlfI:99.94,AloI:99.95,BcgI:99.96,FalI:99.95	6108	108	6060	198	55.2222	ok	99.9468	gamma	99.8983	99.92	97.81	99.8878	1536	1578
GCF_002875555.1__GCF_002876915.1	GCF_002875555.1	GCF_002876915.1	97-100	test	99.99	strict		NZ_MDAK01000001.1	NZ_MCYT01000001.1	99.998	99.998	0.9341	0.9446	0.00096	99.8537	151	0.9933	45	inf	0.9999	99.9952	99.9988	0.0027	0.01	AlfI:100.00,AloI:100.00,BcgI:100.00,FalI:100.00	7001	151	6868	200	44.9868	ok	99.998	uniform	99.9991	99.99	99.53	99.9681	1799	1880
GCF_002891115.1__GCF_009909265.1	GCF_002891115.1	GCF_009909265.1	97-100	train	99.82	strict		NZ_NBSS01000001.1	NZ_JAAAQH010000001.1	99.9221	99.9325	0.9389	0.9616	0.00347	99.0396	96	0.9947	94	0.07	0.9959	99.863	99.9492	0.0244	0.72	AlfI:99.93,AloI:99.93,BcgI:99.93,FalI:99.95	18186	96	17909	1309	184.958	ok	99.9221	gamma	99.8809	99.88	95.98	99.7959	2087	2248
GCF_002893785.1__GCF_009647615.1	GCF_002893785.1	GCF_009647615.1	97-100	train	98.19	strict		NZ_CP025943.1	NZ_WJFE01000100.1	98.4825	98.7597	0.8485	0.8253	0.03501	98.2908	138	0.9591	137	0.605	0.9235	98.3488	98.9083	0.1929	1.83	AlfI:98.65,AloI:98.71,BcgI:98.85,FalI:98.72	3561	138	3743	157	24.3043	ok	98.4825	gamma	98.4706	98.14	89.45	97.9922	963	1124
GCF_002902105.1__GCF_004684865.1	GCF_002902105.1	GCF_004684865.1	97-100	train	97.91	strict		NZ_PPQT01000001.1	NZ_SRJE01000007.1	97.5126	98.2794	0.7385	0.8221	0.06925	97.5405	82	0.9991	1	0.502	0.8937	97.3243	98.7337	0.3817	1.28	AlfI:98.37,AloI:98.43,BcgI:98.05,FalI:98.35	1396	82	1531	48	13.9024	ok	97.5126	gamma	97.5489	97.84	89.21	97.5778	694	792
GCF_002902745.1__GCF_017368615.1	GCF_002902745.1	GCF_017368615.1	97-100	train	99.58	strict		NZ_PPRR01000001.1	NZ_JAFNLV010000001.1	99.7242	99.7802	0.7272	0.7323	0.02164	98.9397	141	0.9961	5	0.106	0.9867	99.6649	99.8111	0.1128	0.89	AlfI:99.72,AloI:99.69,BcgI:99.80,FalI:99.81	1698	141	1631	35	9.94326	ok	99.7242	gamma	99.7543	99.46	90.44	99.435	757	781
GCF_002906725.1__GCF_016106685.1	GCF_002906725.1	GCF_016106685.1	97-100	train	99.99	strict		NZ_PJJB01000001.1	NZ_WABJ01000100.1	99.9995	99.9995	0.9214	0.9226	0.00048	99.8396	190	0.9769	152	inf	1	99.9999	99.9994	0.0009	0	AlfI:100.00,AloI:100.00,BcgI:100.00,FalI:100.00	6822	190	6628	178	34.8	ok	99.9995	uniform	100	99.99	99.66	99.8983	1455	1598
GCF_002916795.1__GCF_011316565.1	GCF_002916795.1	GCF_011316565.1	97-100	train	99.44	strict		NZ_MTCX01000100.1	NZ_WMHJ01000010.1	98.9232	99.5581	0.768	0.7686	0.03	98.7765	124	0.9946	8	0.07	0.9731	98.9388	99.7467	0.2087	1.83	AlfI:99.57,AloI:99.72,BcgI:99.51,FalI:99.54	1857	124	1854	71	12.8952	ok	98.9232	gamma	99.0871	99.22	89.6	99.1703	898	980
GCF_002923025.1__GCF_002923085.1	GCF_002923025.1	GCF_002923085.1	97-100	train	100	strict		NZ_PQVW01000010.1	NZ_PQVV01000010.1	99.9999	99.9999	0.9909	0.991	0.21048	99.5631	38	0.9994	4	inf	1	99.9999	99.9999	0	0	AlfI:100.00,AloI:100.00,BcgI:100.00,FalI:100.00	7332	38	7255	618	190.474	ok	99.9999	uniform	100	100	100	99.9997	1564	1571
GCF_002931915.1__GCF_002932135.1	GCF_002931915.1	GCF_002932135.1	97-100	train	99.28	strict		NZ_PSUS01000001.1	NZ_PSUY01000001.1	99.5601	99.6065	0.9214	0.9083	0.01488	99.3354	98	0.9943	32	0.365	0.9761	99.4675	99.6423	0.0804	0.47	AlfI:99.62,AloI:99.59,BcgI:99.60,FalI:99.67	5767	98	5850	281	57.6531	ok	99.5601	gamma	99.5285	99.25	92.93	99.2904	931	997
GCF_002931955.1__GCF_002932675.1	GCF_002931955.1	GCF_002932675.1	97-100	test	99.32	strict		NZ_PSWA01000001.1	NZ_PSWI01000001.1	99.5638	99.6003	0.9152	0.9069	0.01486	99.3281	116	0.9921	45	0.446	0.9758	99.4846	99.63	0.0532	0.18	AlfI:99.59,AloI:99.59,BcgI:99.60,FalI:99.64	5864	116	5949	287	49.681	ok	99.5638	gamma	99.5441	99.34	92.85	99.3111	939	1009
GCF_002932535.1__GCF_002933215.1	GCF_002932535.1	GCF_002933215.1	97-100	test	99.27	strict		NZ_PSVT01000001.1	NZ_PSXQ01000029.1	99.5309	99.5596	0.8521	0.9455	0.01567	99.2336	108	0.994	34	0.689	0.9733	99.4271	99.5941	0.2016	2.09	AlfI:99.55,AloI:99.50,BcgI:99.58,FalI:99.38	5805	108	5924	481	52.8148	ok	99.5309	gamma	99.4898	99.26	95.91	99.2161	930	1068
GCF_002978315.1__GCF_002978535.1	GCF_002978315.1	GCF_002978535.1	97-100	test	98.46	strict		NZ_NRMV01000001.1	NZ_NRNM01000001.1	98.5916	98.8445	0.8864	0.8919	0.02622	98.4524	131	0.9868	71	0.605	0.929	98.4238	98.9901	0.1251	1.12	AlfI:98.78,AloI:98.86,BcgI:98.88,FalI:98.90	5558	131	6054	194	41.4504	ok	98.5916	gamma	98.5176	98.53	93.38	98.473	1273	1427
GCF_002979885.1__GCF_002980105.1	GCF_002979885.1	GCF_002980105.1	97-100	test	99.99	strict		NZ_PCPX01000001.1	NZ_PCQK01000001.1	99.9999	99.9999	0.9954	0.9953	0.16101	99.3245	35	0.9996	5	inf	1	99.9999	99.9999	0	0	AlfI:100.00,AloI:100.00,BcgI:100.00,FalI:100.00	12513	35	12386	1592	352.857	ok	99.9999	uniform	100	100	100	99.9969	2000	2006
GCF_002980215.1__GCF_014472375.1	GCF_002980215.1	GCF_014472375.1	97-100	train	99.4	strict		NZ_PCQP01000001.1	NZ_JACSZU010000010.1	99.5269	99.5428	0.9364	0.9331	0.01128	98.9496	83	0.9956	51	1.044	0.9723	99.499	99.5542	0.0979	1.6	AlfI:99.55,AloI:99.63,BcgI:99.53,FalI:99.53	11686	83	11876	903	138.711	ok	99.5269	gamma	99.541	99.36	93.11	99.3119	1882	2006
GCF_002998215.1__GCF_019149305.1	GCF_002998215.1	GCF_019149305.1	97-100	train	97.97	strict		NZ_PVQP01000010.1	NZ_JAFEMG010000002.1	98.1443	98.3988	0.9257	0.9172	0.03661	98.144	33	0.9973	11	1.075	0.9007	97.9324	98.5978	0.2437	1.21	AlfI:98.42,AloI:98.61,BcgI:98.37,FalI:98.37	4123	33	4672	485	122.939	ok	98.1443	gamma	98.0505	97.74	89.41	97.7575	1255	1348
GCF_003012835.1__GCF_003385915.1	GCF_003012835.1	GCF_003385915.1	97-100	train	99.99	strict		NZ_PXXZ01000001.1	NZ_QRDR01000001.1	99.9986	99.9986	0.9811	0.9818	0.00067	99.797	69	0.9993	7	0.07	0.9999	99.9999	99.9983	0.0027	0	AlfI:100.00,AloI:100.00,BcgI:100.00,FalI:100.00	10049	69	9634	908	139.797	ok	99.9986	gamma	100	99.99	99.72	99.9929	2151	2161
GCF_003028395.1__GCF_018344415.1	GCF_003028395.1	GCF_018344415.1	97-100	test	100	strict		NZ_PYSO01000001.1	NZ_JADARA010000001.1	99.9991	99.9991	0.9824	0.9827	0.00065	99.9606	72	0.9991	6	inf	0.9999	99.9999	99.9988	0.0017	0	AlfI:100.00,AloI:100.00,BcgI:100.00,FalI:100.00	6965	72	6896	523	95.5972	ok	99.9991	uniform	100	100	99.94	99.9959	1538	1543
GCF_003034305.1__GCF_006265075.1	GCF_003034305.1	GCF_006265075.1	97-100	test	99.96	strict		NZ_LAUX01000127.1	NZ_VCPG01000001.1	99.9654	99.9654	0.5945	0.5086	0.01994	98.206	30	0.9946	1	inf	0.9979	99.948	99.9704	0.217	0.57	AlfI:100.00,AloI:99.78,BcgI:100.00,FalI:99.98	403	30	315	16	7.1	ok	99.9654	uniform	99.9973	99.97	78.54	99.9578	236	236
GCF_003034305.1__GCF_006265105.1	GCF_003034305.1	GCF_006265105.1	97-100	test	99.96	strict		NZ_LAUX01000127.1	NZ_VCPH01000001.1	99.977	99.977	0.5945	0.5083	0.01624	98.2223	30	0.9946	1	inf	0.9986	99.9999	99.9705	0.1057	0.24	AlfI:100.00,AloI:99.89,BcgI:100.00,FalI:99.98	404	30	315	16	7.1	ok	99.977	uniform	100	99.97	78.48	99.9546	236	236
GCF_003035515.1__GCF_003042715.1	GCF_003035515.1	GCF_003042715.1	97-100	train	99.36	strict		NZ_PYYD01000001.1	NZ_PZIZ01000001.1	99.4859	99.5805	0.688	0.666	0.03133	98.456	113	0.9991	1	0.202	0.9747	99.4131	99.6266	0.1489	0.37	AlfI:99.56,AloI:99.46,BcgI:99.58,FalI:99.61	1560	113	1498	36	10.469	ok	99.4859	gamma	99.5373	99.42	87.47	99.1518	743	767
GCF_003035515.1__GCF_003577625.1	GCF_003035515.1	GCF_003577625.1	97-100	train	99.34	strict		NZ_PYYD01000001.1	NZ_QXSB01000001.1	99.5808	99.6204	0.6146	0.5671	0.03056	98.1079	123	0.9882	12	0.294	0.9771	99.5765	99.6323	0.1501	0.75	AlfI:99.60,AloI:99.52,BcgI:99.58,FalI:99.67	1551	123	1411	31	9.20325	ok	99.5808	gamma	99.6848	99.31	84.88	99.0385	695	767
GCF_003035515.1__GCF_003577975.1	GCF_003035515.1	GCF_003577975.1	97-100	train	98.55	strict		NZ_PYYD01000001.1	NZ_QXSD01000001.1	98.9541	98.9541	0.6166	0.6033	0.05263	97.5569	115	0.9859	13	inf	0.9365	98.7588	99.0189	0.3165	0.72	AlfI:98.87,AloI:98.69,BcgI:99.00,FalI:99.00	1470	115	1387	31	8.87826	ok	98.9541	uniform	98.9403	98.54	88.24	98.333	702	767
GCF_003035835.1__GCF_004135035.1	GCF_003035835.1	GCF_004135035.1	97-100	test	98.92	strict		NZ_PYZN01000001.1	NZ_SDRC01000001.1	99.2342	99.2342	0.7668	0.7423	0.04394	98.4894	93	0.9853	18	inf	0.9537	99.164	99.2553	0.4873	3.07	AlfI:99.33,AloI:98.89,BcgI:99.38,FalI:99.14	1456	93	1423	50	13.9462	ok	99.2342	uniform	99.3149	98.87	89.4	98.777	738	808
GCF_003050685.1__GCF_017301795.1	GCF_003050685.1	GCF_017301795.1	97-100	train	99.4	strict		NZ_CP009750.1	NZ_CP063996.1	99.437	99.6581	0.9475	0.9781	0.00985	99.1966	76	0.9934	75	0.089	0.9793	99.3365	99.7404	0.1884	3.13	AlfI:99.68,AloI:99.71,BcgI:99.65,FalI:99.52	11782	76	11667	1462	149.316	ok	99.437	gamma	99.3847	99.39	97.34	99.3445	1492	1587
GCF_003070625.1__GCF_004920495.1	GCF_003070625.1	GCF_004920495.1	97-100	train	99.99	strict		NZ_QCXK01000010.1	NZ_QFGJ01000010.1	99.9999	99.9999	0.9784	0.9787	0.29072	99.5743	30	0.999	4	inf	1	99.9999	99.9999	0	0	AlfI:100.00,AloI:100.00,BcgI:100.00,FalI:100.00	3870	30	3866	479	128.133	ok	99.9999	uniform	100	99.99	98.92	99.9947	992	996
GCF_003076355.1__GCF_003693415.1	GCF_003076355.1	GCF_003693415.1	97-100	train	99.98	strict		NZ_CP021038.1	NZ_RDQV01000001.1	99.9927	99.9927	0.9748	0.9572	0.00194	99.8894	46	0.9928	44	inf	0.9996	99.9678	99.9987	0.0148	0.2	AlfI:99.99,AloI:99.99,BcgI:99.99,FalI:100.00	6186	46	6138	834	133.196	ok	99.9927	uniform	99.9814	99.99	97.16	99.9479	1038	1078
GCF_003086195.1__GCF_900076365.1	GCF_003086195.1	GCF_900076365.1	97-100	train	99.94	strict		NZ_PCFC01000001.1	NZ_FKBK01000001.1	99.9768	99.9779	0.9255	0.9075	0.00315	99.6089	80	0.997	21	0.07	0.9987	99.945	99.986	0.0116	0.47	AlfI:99.98,AloI:99.99,BcgI:99.98,FalI:99.98	7281	80	7183	372	89.1875	ok	99.9768	gamma	99.9621	99.87	92.81	99.7901	1482	1553
GCF_003086915.1__GCF_016624665.1	GCF_003086915.1	GCF_016624665.1	97-100	train	97.35	strict		NZ_CP026002.1	NZ_JACVTT010000100.1	98.0306	98.2607	0.8532	0.8207	0.02493	97.3821	234	0.9743	233	1.392	0.8904	97.8203	98.4597	0.3728	5.6	AlfI:98.25,AloI:98.59,BcgI:98.22,FalI:98.37	9257	234	10540	198	38.7009	ok	98.0306	gamma	97.8978	97.61	81.44	97.2525	1302	1566
GCF_003111765.1__GCF_003287775.1	GCF_003111765.1	GCF_003287775.1	97-100	train	99.99	strict		NZ_CP027862.1	NZ_QMIO01000001.1	99.9932	99.9932	0.965	0.9768	0.00187	99.9601	67	0.9893	66	inf	0.9996	99.9706	99.9987	0.0133	0.71	AlfI:99.99,AloI:100.00,BcgI:99.99,FalI:100.00	6394	67	6145	363	91.6716	ok	99.9932	uniform	99.9835	99.99	100	99.9428	1188	1253
GCF_003111765.1__GCF_003287795.1	GCF_003111765.1	GCF_003287795.1	97-100	train	99.07	strict		NZ_CP027862.1	NZ_QMIN01000076.1	99.2192	99.4835	0.9082	0.9198	0.01729	99.2102	124	0.9778	123	0.156	0.9687	99.0787	99.5943	0.1279	0.73	AlfI:99.48,AloI:99.41,BcgI:99.49,FalI:99.53	5753	124	5875	222	44.6694	ok	99.2192	gamma	99.1566	99.06	93.54	99.0607	1117	1253
GCF_003121855.1__GCF_003121945.1	GCF_003121855.1	GCF_003121945.1	97-100	train	98.55	strict		NZ_QEWU01000010.1	NZ_QEWT01000001.1	99.0852	99.5535	0.8519	0.8581	0.02524	99.0872	46	0.9918	19	0.075	0.9731	99.0848	99.6864	0.2132	1	AlfI:99.59,AloI:99.38,BcgI:99.58,FalI:99.53	2462	46	2508	400	51.2174	ok	99.0852	gamma	99.2042	98.73	86.18	98.427	735	808
GCF_003124105.1__GCF_016082235.1	GCF_003124105.1	GCF_016082235.1	97-100	train	99.18	strict		NZ_PETF01000001.1	NZ_JXYY01000106.1	99.6786	99.6786	0.3182	0.4562	0.0559	97.1243	35	0.9037	34	inf	0.9803	99.5961	99.7019	0.1711	0.37	AlfI:99.66,AloI:99.76,BcgI:99.59,FalI:99.71	517	35	363	40	10.1143	ok	99.6786	uniform	99.7887	99	84.44	98.7694	332	645
GCF_003124115.1__GCF_003989055.1	GCF_003124115.1	GCF_003989055.1	97-100	test	98.73	strict		NZ_PETG01000001.1	NZ_CM012290.1	99.2727	99.2727	0.3188	0.3579	0.08822	96.4487	29	0.9185	26	inf	0.9554	98.7118	99.4523	0.5864	2.3	AlfI:99.47,AloI:99.62,BcgI:99.03,FalI:99.21	549	29	351	31	11.1034	ok	99.2727	uniform	99.0686	98.06	63.52	98.0007	415	708
GCF_003182235.1__GCF_004216655.1	GCF_003182235.1	GCF_004216655.1	97-100	test	98.63	strict		NZ_QGTP01000001.1	NZ_SGXB01000001.1	98.7782	98.8587	0.9686	0.9492	0.01804	98.283	47	0.9984	18	1.52	0.9299	98.6843	98.9172	0.1866	2.59	AlfI:98.81,AloI:98.90,BcgI:98.86,FalI:99.00	11487	47	12324	1124	240.979	ok	98.7782	gamma	98.7463	98.61	93.64	98.518	1738	1793
GCF_003202855.1__GCF_016101375.1	GCF_003202855.1	GCF_016101375.1	97-100	train	97.55	strict		NZ_QGLH01000001.1	NZ_JACFQO010000009.1	97.8679	98.4056	0.9157	0.9488	0.04513	98.244	19	0.9946	14	0.588	0.9003	97.6653	98.7286	0.0688	0.05	AlfI:98.42,AloI:98.36,BcgI:98.40,FalI:98.43	2645	19	3052	474	136.053	ok	97.8679	gamma	97.8133	97.61	91.55	97.5504	668	722
GCF_003206515.1__GCF_009687825.1	GCF_003206515.1	GCF_009687825.1	97-100	train	97.82	strict		NZ_CP029774.1	NZ_BLBE01000001.1	98.322	98.556	0.8988	0.8007	0.03039	97.8219	10	0.9986	7	1.014	0.9093	98.0939	98.7417	0.071	0.13	AlfI:98.55,AloI:98.58,BcgI:98.55,FalI:98.62	5279	10	5850	1926	513.5	ok	98.322	gamma	98.1949	98.11	77.48	97.7143	1201	1335
GCF_003208415.1__GCF_005281435.1	GCF_003208415.1	GCF_005281435.1	97-100	train	98.43	strict		NZ_QKMJ01000001.1	NZ_CP040095.1	98.5044	98.6857	0.9399	0.9292	0.02325	98.273	37	0.9978	17	0.985	0.919	98.3666	98.8009	0.4605	4.3	AlfI:98.64,AloI:98.96,BcgI:98.72,FalI:98.50	8481	37	8696	1465	211.243	ok	98.5044	gamma	98.4456	98.31	89.49	98.317	1523	1626
GCF_003253775.1__GCF_003584725.1	GCF_003253775.1	GCF_003584725.1	97-100	train	99.96	strict		NZ_CP029543.1	NZ_AP014567.1	99.9948	99.9948	0.9999	0.9999	0.00171	100.04	1	1	0	0.07	0.9997	99.9941	99.995	0.0082	0.71	AlfI:100.00,AloI:100.00,BcgI:99.99,FalI:99.99	5580	1	5568	5563	5563	ok	99.9948	gamma	99.9989	99.98	97.57	99.907	1056	1062
GCF_003258855.1__GCF_900604295.1	GCF_003258855.1	GCF_900604295.1	97-100	train	97.4	strict		NZ_NPEW01000100.1	NZ_UWOC01000001.1	98.0871	98.3508	0.8033	0.7865	0.02455	97.6759	501	0.9903	79	1.107	0.8966	97.8989	98.5467	0.2394	3.17	AlfI:98.44,AloI:98.36,BcgI:98.30,FalI:98.54	9752	501	10251	98	17.1796	ok	98.0871	gamma	97.9769	97.44	83.83	97.3519	1305	1470
GCF_003259625.1__GCF_009865065.1	GCF_003259625.1	GCF_009865065.1	97-100	train	99.99	strict		NZ_QLLV01000001.1	NZ_WWGI01000001.1	99.9984	99.9984	0.9866	0.9851	0.00061	99.5494	93	0.9989	15	inf	0.9999	99.9929	99.9997	0.0038	0.31	AlfI:100.00,AloI:100.00,BcgI:100.00,FalI:100.00	14002	93	13760	2520	147.677	ok	99.9984	uniform	99.9969	100	99.85	99.9921	2681	2688
GCF_003264315.1__GCF_003264355.1	GCF_003264315.1	GCF_003264355.1	97-100	train	99.17	strict		NZ_PXXW01000001.1	NZ_PYAI01000001.1	99.4135	99.4747	0.867	0.8948	0.01262	99.073	413	0.9664	353	0.487	0.968	99.3081	99.5198	0.1536	3.18	AlfI:99.50,AloI:99.48,BcgI:99.45,FalI:99.61	10915	413	11053	201	25.6053	ok	99.4135	gamma	99.3584	99.17	95.82	98.9865	1951	2318
GCF_003264325.1__GCF_003264355.1	GCF_003264325.1	GCF_003264355.1	97-100	train	99.19	strict		NZ_PYAJ01000001.1	NZ_PYAI01000001.1	99.4046	99.4696	0.8702	0.8998	0.01265	99.0902	420	0.9653	367	0.487	0.9677	99.277	99.5218	0.0512	0.52	AlfI:99.47,AloI:99.51,BcgI:99.46,FalI:99.47	10963	420	11118	182	25.3071	ok	99.4046	gamma	99.3282	99.13	96.08	98.9738	1961	2325
GCF_003264385.1__GCF_003264445.1	GCF_003264385.1	GCF_003264445.1	97-100	train	97.88	strict		NZ_PYAH01000001.1	NZ_PYAG01000001.1	98.2025	98.5058	0.9309	0.9011	0.02248	97.7983	104	0.9949	49	0.866	0.9065	97.9606	98.7299	0.3607	6.17	AlfI:98.48,AloI:98.62,BcgI:98.47,FalI:98.83	9807	104	11100	647	92.7212	ok	98.2025	gamma	98.0351	97.93	85.76	97.7135	2136	2295
GCF_003287775.1__GCF_003287795.1	GCF_003287775.1	GCF_003287795.1	97-100	train	99.08	strict		NZ_QMIO01000001.1	NZ_QMIN01000076.1	99.3062	99.5068	0.902	0.9074	0.01692	99.2223	139	0.9855	79	0.173	0.9701	99.1788	99.5953	0.1241	0.86	AlfI:99.51,AloI:99.41,BcgI:99.51,FalI:99.53	5728	139	5809	176	39.5683	ok	99.3062	gamma	99.2534	99.06	92.96	99.0873	1097	1194
GCF_003289585.1__GCF_008802075.1	GCF_003289585.1	GCF_008802075.1	97-100	train	98.37	strict		NZ_QMAM01000001.1	NZ_VZON01000001.1	98.6337	98.8088	0.8585	0.8517	0.05319	98.4542	35	0.993	10	0.866	0.928	98.4669	98.9357	0.8019	3.35	AlfI:98.64,AloI:99.44,BcgI:98.80,FalI:98.82	1516	35	1637	157	41.6286	ok	98.6337	gamma	98.6503	98.36	85.82	98.2117	506	574
GCF_003289865.1__GCF_008000555.1	GCF_003289865.1	GCF_008000555.1	97-100	train	98.29	strict		NZ_QMAF01000001.1	NZ_VOAP01000006.1	98.498	98.7104	0.8404	0.8071	0.05624	98.2053	41	0.995	7	0.831	0.9219	98.3303	98.8571	0.6605	1.7	AlfI:98.42,AloI:99.08,BcgI:98.73,FalI:98.75	1466	41	1604	117	34.7073	ok	98.498	gamma	98.5214	98.29	82.72	97.9196	504	554
GCF_003343265.1__GCF_003343285.1	GCF_003343265.1	GCF_003343285.1	97-100	train	99.99	strict		NZ_CP029237.1	NZ_CP029236.1	99.9933	99.9933	0.9942	0.9942	0.00191	99.9994	12	0.9981	11	inf	0.9996	99.9943	99.9931	0.0082	0.34	AlfI:100.00,AloI:100.00,BcgI:99.99,FalI:99.99	5787	12	5837	2273	481.25	ok	99.9933	uniform	99.999	100	99.84	99.992	1051	1051
GCF_003353445.1__GCF_007991555.1	GCF_003353445.1	GCF_007991555.1	97-100	train	99.99	strict		NZ_QRAS01000001.1	NZ_BJYO01000001.1	99.9999	99.9999	0.9887	0.9904	0.43001	99.4944	8	0.9989	2	inf	1	99.9999	99.9999	0	0	AlfI:100.00,AloI:100.00,BcgI:100.00,FalI:100.00	1809	8	1795	883	223.75	ok	99.9999	uniform	100	100	100	99.982	544	549
GCF_003385915.1__GCF_006539845.1	GCF_003385915.1	GCF_006539845.1	97-100	train	100	strict		NZ_QRDR01000001.1	NZ_BJNU01000001.1	99.9999	99.9999	0.9616	0.9737	0.18619	99.4293	99	0.9932	64	inf	1	99.9999	99.9999	0	0	AlfI:100.00,AloI:100.00,BcgI:100.00,FalI:100.00	9753	99	9513	572	95.8283	ok	99.9999	uniform	100	99.99	99.98	99.9751	2085	2173
GCF_003387275.1__GCF_004366535.1	GCF_003387275.1	GCF_004366535.1	97-100	test	97.69	strict		NZ_QUNA01000001.1	NZ_SORC01000001.1	98.1157	98.2853	0.7444	0.7956	0.01811	96.3659	139	0.992	136	1.68	0.8923	97.9802	98.4181	0.1819	2	AlfI:98.23,AloI:98.33,BcgI:98.29,FalI:98.41	17638	139	19349	800	122.396	ok	98.1157	gamma	98.0364	97.54	76.68	97.2933	2528	3314
GCF_003431765.1__GCF_016745295.1	GCF_003431765.1	GCF_016745295.1	97-100	test	98.97	strict		NZ_PEDI01000001.1	NZ_CP058277.1	99.4471	99.4634	0.8946	0.8602	0.01332	98.92	245	0.9988	11	1.336	0.9675	99.4355	99.4708	0.1237	1.8	AlfI:99.45,AloI:99.57,BcgI:99.46,FalI:99.44	9826	245	9971	202	38.9469	ok	99.4471	gamma	99.4838	99.23	86.77	99.0156	1703	1754
GCF_003433795.1__GCF_015550205.1	GCF_003433795.1	GCF_015550205.1	97-100	train	98.74	strict		NZ_QVEO01000001.1	NZ_JADNAH010000100.1	99.0721	99.1575	0.8259	0.8361	0.0263	98.6779	153	0.9718	111	0.855	0.9487	98.9478	99.2209	0.0693	0.29	AlfI:99.16,AloI:99.11,BcgI:99.18,FalI:99.12	4201	153	4256	107	25.9739	ok	99.0721	gamma	99.0447	98.77	88.78	98.5952	820	976
GCF_003437625.1__GCF_900454955.1	GCF_003437625.1	GCF_900454955.1	97-100	train	98.29	strict		NZ_QSRD01000001.1	NZ_UGTL01000006.1	98.8038	99.0497	0.7441	0.7152	0.03508	98.1831	145	0.9887	28	0.441	0.9422	98.623	99.1884	0.0948	0.22	AlfI:99.03,AloI:99.12,BcgI:99.03,FalI:99.08	3284	145	2820	80	17.9172	ok	98.8038	gamma	98.7554	98.26	77.87	98.141	739	798
GCF_003459765.1__GCF_008569025.1	GCF_003459765.1	GCF_008569025.1	97-100	train	98.47	strict		NZ_QRWT01000001.1	NZ_VWFB01000100.1	98.7323	99.1457	0.6131	0.6124	0.02505	97.6674	254	0.9559	198	0.234	0.9478	98.6266	99.3124	0.0834	0.35	AlfI:99.18,AloI:99.09,BcgI:99.16,FalI:99.13	5345	254	5002	118	17.9055	ok	98.7323	gamma	98.7262	98.29	78.52	97.9399	1361	1967
GCF_003471485.1__GCF_015670895.1	GCF_003471485.1	GCF_015670895.1	97-100	test	97.72	strict		NZ_QRJF01000001.1	NZ_JADPLM010000010.1	97.6747	98.1262	0.7255	0.7379	0.06856	97.1982	80	0.9773	31	0.831	0.8846	97.4841	98.4372	0.4674	1.67	AlfI:98.52,AloI:98.44,BcgI:98.05,FalI:98.07	1581	80	1716	49	17.7125	ok	97.6747	gamma	97.6975	97.49	79.66	97.1047	653	837
GCF_003473685.1__GCF_003479025.1	GCF_003473685.1	GCF_003479025.1	97-100	train	98.26	strict		NZ_QUCK01000001.1	NZ_QUGJ01000001.1	98.08	98.8115	0.7939	0.7627	0.03842	97.9339	67	0.9902	26	0.286	0.9265	97.959	99.1344	0.1836	1.32	AlfI:98.89,AloI:98.93,BcgI:98.75,FalI:98.77	3001	67	3148	213	40.2836	ok	98.08	gamma	98.1016	98.08	77.17	98.0511	1023	1203
GCF_003477535.1__GCF_900103155.1	GCF_003477535.1	GCF_900103155.1	97-100	train	98.78	strict		NZ_QUDF01000001.1	NZ_FNJF01000082.1	98.8893	99.1611	0.8077	0.8702	0.02858	98.6149	67	0.987	44	0.355	0.949	98.6712	99.3154	0.1181	0.93	AlfI:99.16,AloI:99.12,BcgI:99.21,FalI:99.10	3544	67	3728	318	51.0299	ok	98.8893	gamma	98.785	98.45	86.15	98.4597	1168	1394
GCF_003492905.1__GCF_003493325.1	GCF_003492905.1	GCF_003493325.1	97-100	test	98.69	strict		NZ_QQLJ01000001.1	NZ_QQKO01000001.1	98.6935	99.3661	0.9671	0.965	0.02474	99.316	23	0.9979	7	0.103	0.9614	98.7285	99.5521	0.1757	1.11	AlfI:99.41,AloI:99.26,BcgI:99.35,FalI:99.43	3603	23	3633	556	146.609	ok	98.6935	gamma	98.8408	99.08	95.52	98.9579	676	692
GCF_003516165.1__GCF_003958395.1	GCF_003516165.1	GCF_003958395.1	97-100	train	99.94	strict		NZ_CP027798.1	NZ_RCDO01000001.1	99.986	99.9863	0.9534	0.9553	0.00216	99.823	212	0.9779	210	0.07	0.9992	99.9737	99.9894	0.0106	1.68	AlfI:99.99,AloI:100.00,BcgI:99.98,FalI:99.99	9595	212	9370	349	44.7453	ok	99.986	gamma	99.9838	99.99	98.83	99.8708	1627	1745
GCF_003546685.2__GCF_003546725.2	GCF_003546685.2	GCF_003546725.2	97-100	test	99.98	strict		NZ_QBIV01000001.1	NZ_QBIU01000001.1	99.9933	99.9933	0.9963	0.9958	0.00298	100.249	5	0.9988	3	inf	0.9996	99.9866	99.995	0.0122	0.39	AlfI:99.99,AloI:100.00,BcgI:100.00,FalI:100.00	2683	5	2482	1229	495.8	ok	99.9933	uniform	99.9976	99.99	99.75	99.984	914	916
GCF_003576035.1__GCF_016404565.1	GCF_003576035.1	GCF_016404565.1	97-100	train	99.72	strict		NZ_QVOO01000001.1	NZ_JAEKCK010000001.1	99.7684	99.7709	0.8764	0.9325	0.00973	99.2767	58	0.997	23	1.26	0.9862	99.7628	99.7729	0.0878	2.65	AlfI:99.74,AloI:99.82,BcgI:99.78,FalI:99.83	7728	58	7813	554	132.414	ok	99.7684	gamma	99.7983	99.62	93.58	99.5426	1510	1683
GCF_003578925.1__GCF_015235375.1	GCF_003578925.1	GCF_015235375.1	97-100	train	99.57	strict		NZ_QXUL01000001.1	NZ_JADGLJ010000010.1	99.5962	99.6952	0.7925	0.8249	0.02521	99.1758	99	0.9966	5	0.124	0.9816	99.5109	99.7459	0.1969	2.25	AlfI:99.74,AloI:99.85,BcgI:99.70,FalI:99.65	1710	99	1693	66	15.8788	ok	99.5962	gamma	99.6178	99.59	93.89	99.4806	850	924
GCF_003579615.1__GCF_017368615.1	GCF_003579615.1	GCF_017368615.1	97-100	train	99.64	strict		NZ_QXVN01000001.1	NZ_JAFNLV010000001.1	99.6373	99.7268	0.839	0.8478	0.02385	99.3607	89	0.9993	1	0.114	0.9835	99.5562	99.7731	0.248	1.87	AlfI:99.79,AloI:99.54,BcgI:99.77,FalI:99.70	1689	89	1680	94	17.5955	ok	99.6373	gamma	99.6583	99.65	91.21	99.4214	840	875
GCF_003590545.1__GCF_016635095.1	GCF_003590545.1	GCF_016635095.1	97-100	train	98.3	strict		NZ_CP023987.1	NZ_JAABOV010000001.1	98.9681	99.2296	0.6067	0.7014	0.04655	97.9628	66	0.9461	64	0.312	0.9534	98.757	99.3747	0.2403	0.85	AlfI:99.36,AloI:99.12,BcgI:99.20,FalI:99.21	1511	66	1288	81	18.0303	ok	98.9681	gamma	98.9445	98.07	90.61	98.2402	522	750
GCF_003595075.1__GCF_016106695.1	GCF_003595075.1	GCF_016106695.1	97-100	train	99.62	strict		NZ_QZDN01000001.1	NZ_WABH01000100.1	99.7841	99.8387	0.8939	0.8956	0.009	99.5453	197	0.982	113	0.07	0.9902	99.7213	99.8679	0.071	1.1	AlfI:99.84,AloI:99.82,BcgI:99.85,FalI:99.78	6575	197	6502	157	32.3604	ok	99.7841	gamma	99.7633	99.74	97.25	99.6455	1429	1568
GCF_003600795.1__GCF_018971125.1	GCF_003600795.1	GCF_018971125.1	97-100	train	99.77	strict		NZ_NQYF01000001.1	NZ_JAGKQT010000018.1	99.8192	99.8276	0.8615	0.9674	0.01081	99.5235	28	0.9948	27	0.227	0.9895	99.8278	99.8276	0.0732	1.81	AlfI:99.80,AloI:99.77,BcgI:99.80,FalI:99.85	5248	28	5255	1153	186.107	ok	99.8192	gamma	99.8641	99.77	97.01	99.7258	1487	1721
GCF_003634035.1__GCF_016758215.1	GCF_003634035.1	GCF_016758215.1	97-100	train	97.26	strict		NZ_RBIK01000003.1	NZ_QYAE01000001.1	98.0148	98.167	0.8407	0.8636	0.03104	97.4215	55	0.9925	46	2.148	0.8839	97.8477	98.3157	0.4893	3.59	AlfI:98.04,AloI:98.16,BcgI:98.17,FalI:98.53	6193	55	7124	470	111.455	ok	98.0148	gamma	97.9417	96.9	80.36	96.9667	981	1143
GCF_003665885.1__GCF_003665985.1	GCF_003665885.1	GCF_003665985.1	97-100	train	99.29	strict		NZ_QPLN01000001.1	NZ_QPLQ01000001.1	99.4392	99.6162	0.8469	0.8913	0.01553	99.0539	29	0.9967	17	0.124	0.9764	99.3415	99.6902	0.099	0.72	AlfI:99.66,AloI:99.59,BcgI:99.62,FalI:99.56	5283	29	5375	1519	178.655	ok	99.4392	gamma	99.4114	99.11	87.02	99.0489	1209	1371
GCF_003667625.1__GCF_003667675.1	GCF_003667625.1	GCF_003667675.1	97-100	train	99.98	strict		NZ_RCTI01000001.1	NZ_RCTK01000001.1	99.995	99.9951	0.9061	0.9081	0.00184	99.8305	129	0.9977	10	0.07	0.9997	99.9859	99.9974	0.0185	1.42	AlfI:100.00,AloI:99.98,BcgI:100.00,FalI:99.99	4933	129	4657	500	35.3333	ok	99.995	gamma	99.9952	100	99.37	99.9848	847	859
GCF_003692985.1__GCF_003692995.1	GCF_003692985.1	GCF_003692995.1	97-100	train	97.46	strict		NZ_REHE01000001.1	NZ_REHH01000001.1	97.2233	97.9943	0.8714	0.911	0.07942	97.7027	17	0.9954	5	0.605	0.8746	97.1155	98.4527	0.8569	1.29	AlfI:98.03,AloI:97.21,BcgI:97.99,FalI:98.06	1166	17	1354	205	64.4706	ok	97.2233	gamma	97.3566	97.4	87.41	97.3348	484	551
GCF_003722115.1__GCF_900177455.1	GCF_003722115.1	GCF_900177455.1	97-100	train	99.99	strict		NZ_RJJH01000001.1	NZ_FXBN01000009.1	99.9999	99.9999	0.9846	0.9821	0.39924	99.508	16	0.9991	2	inf	1	99.9999	99.9999	0	0	AlfI:100.00,AloI:100.00,BcgI:100.00,FalI:100.00	2159	16	2124	698	133	ok	99.9999	uniform	100	100	99.66	99.998	681	684
GCF_003789135.1__GCF_015099135.1	GCF_003789135.1	GCF_015099135.1	97-100	test	98.06	strict		NZ_RHFN01000001.1	NZ_AP022665.1	98.1296	98.4519	0.8104	0.838	0.02969	97.6147	65	0.997	17	0.841	0.9035	97.9214	98.6724	0.1301	0.81	AlfI:98.47,AloI:98.53,BcgI:98.41,FalI:98.54	5898	65	6606	482	87.8462	ok	98.1296	gamma	98.0186	97.98	80.29	97.5759	1475	1723
GCF_003789135.1__GCF_900452265.1	GCF_003789135.1	GCF_900452265.1	97-100	test	98.08	strict		NZ_RHFN01000001.1	NZ_UGNM01000005.1	98.1288	98.4442	0.8036	0.8726	0.0299	97.6764	63	0.997	17	0.866	0.9029	97.9184	98.6632	0.1203	0.7	AlfI:98.46,AloI:98.53,BcgI:98.41,FalI:98.52	5789	63	6550	482	89.8889	ok	98.1288	gamma	98.0161	98	83.23	97.6682	1440	1723
GCF_003797085.1__GCF_013277795.1	GCF_003797085.1	GCF_013277795.1	97-100	train	98.68	strict		NZ_RKMA01000010.1	NZ_VBTM01000001.1	98.9455	99.0735	0.8636	0.8747	0.01506	97.9338	44	0.9973	36	0.689	0.9433	98.85	99.1426	0.0811	0.9	AlfI:99.09,AloI:99.14,BcgI:99.06,FalI:99.09	13431	44	14135	1554	299.045	ok	98.9455	gamma	98.9051	98.75	84.64	98.5944	1990	2277
GCF_003815615.1__GCF_003815635.1	GCF_003815615.1	GCF_003815635.1	97-100	train	98.45	strict		NZ_CP033914.1	NZ_CP033915.1	98.5116	99.0313	0.8826	0.911	0.03149	98.6886	41	0.9886	40	0.259	0.9408	98.36	99.2655	0.0834	0.32	AlfI:98.97,AloI:99.00,BcgI:99.05,FalI:99.05	3594	41	3787	992	85.6341	ok	98.5116	gamma	98.483	98.39	85.77	98.3404	1292	1463
GCF_003850465.1__GCF_003850525.1	GCF_003850465.1	GCF_003850525.1	97-100	train	99.2	strict		NZ_CP027737.1	NZ_CP027711.1	99.3512	99.536	0.9622	0.9872	0.01073	98.952	43	0.9968	42	0.141	0.9719	99.2969	99.5994	0.1629	3.27	AlfI:99.52,AloI:99.44,BcgI:99.55,FalI:99.60	13288	43	13506	3116	302.953	ok	99.3512	gamma	99.3429	99.23	95.81	99.2142	2220	2304
GCF_003855255.1__GCF_017052695.1	GCF_003855255.1	GCF_017052695.1	97-100	train	99.34	strict		NZ_CP034072.1	NZ_JAFIDD010000001.1	99.5271	99.614	0.9155	0.9412	0.00995	98.8487	40	0.9969	39	0.214	0.9765	99.4233	99.6634	0.0527	0.91	AlfI:99.62,AloI:99.66,BcgI:99.60,FalI:99.64	12615	40	12885	946	311.075	ok	99.5271	gamma	99.4662	99.13	92.32	99.2394	2125	2301
GCF_003947175.1__GCF_015356275.1	GCF_003947175.1	GCF_015356275.1	97-100	test	98.86	strict		NZ_RHIA01000001.1	NZ_JACEQV010000100.1	98.9987	99.1889	0.9406	0.9301	0.02005	98.8942	77	0.9937	41	0.428	0.9509	98.8122	99.3021	0.0948	0.37	AlfI:99.18,AloI:99.25,BcgI:99.20,FalI:99.16	6733	77	7090	554	85.1688	ok	98.9987	gamma	98.8912	98.86	92.73	98.7758	1822	1912
GCF_003985135.1__GCF_014191925.1	GCF_003985135.1	GCF_014191925.1	97-100	train	97.57	strict		NZ_ML133645.1	NZ_JACHXH010000001.1	97.9028	98.3137	0.9071	0.8755	0.0205	97.1435	95	0.9952	63	0.73	0.8943	97.7973	98.5413	0.199	1.49	AlfI:98.29,AloI:98.23,BcgI:98.31,FalI:98.43	13374	95	15227	1102	137.663	ok	97.9028	gamma	97.8622	97.65	84.67	97.5993	1961	2186
GCF_003986875.1__GCF_014779575.1	GCF_003986875.1	GCF_014779575.1	97-100	train	98.26	strict		NZ_RXRN01000001.1	NZ_JACWFD010000001.1	98.514	98.6774	0.8888	0.8612	0.02721	98.1546	98	0.9923	44	1.14	0.9182	98.3342	98.804	0.0414	0.07	AlfI:98.66,AloI:98.70,BcgI:98.68,FalI:98.71	5875	98	6485	296	59.1122	ok	98.514	gamma	98.4264	98.05	84.92	97.9256	1424	1551
GCF_003990125.1__GCF_003990155.1	GCF_003990125.1	GCF_003990155.1	97-100	test	99.8	strict		NZ_RZGW01000001.1	NZ_RZGX01000001.1	99.8394	99.8705	0.9514	0.9331	0.01126	99.8232	48	0.9968	11	0.07	0.9921	99.7911	99.8912	0.0902	2.22	AlfI:99.88,AloI:99.93,BcgI:99.89,FalI:99.83	3481	48	3475	279	71.2917	ok	99.8394	gamma	99.84	99.77	95.88	99.7819	1187	1214
GCF_004028055.1__GCF_004054135.1	GCF_004028055.1	GCF_004054135.1	97-100	train	98.42	strict		NZ_SBHV01000001.1	NZ_SBJG01000010.1	98.6675	99.0163	0.8749	0.9264	0.01416	97.9828	209	0.9961	62	0.335	0.9401	98.5498	99.1666	0.1757	3.05	AlfI:99.01,AloI:99.18,BcgI:99.00,FalI:99.05	16709	209	17409	403	75.9665	ok	98.6675	gamma	98.6038	98.44	92.96	98.4512	2228	2479
GCF_004103265.1__GCF_014925335.1	GCF_004103265.1	GCF_014925335.1	97-100	train	99.94	strict		NZ_RCWG01000001.1	NZ_AQHG01000008.1	99.9669	99.9686	0.9367	0.9264	0.00423	99.8727	159	0.9998	1	0.07	0.9981	99.9434	99.975	0.0184	1.52	AlfI:99.96,AloI:99.97,BcgI:99.98,FalI:99.96	6158	159	5873	233	36.195	ok	99.9669	gamma	99.9625	99.96	97.65	99.9568	1468	1469
GCF_004115565.1__GCF_004119355.1	GCF_004115565.1	GCF_004119355.1	97-100	train	99.13	strict		NZ_QMAQ01000001.1	NZ_QMBL01000010.1	99.2075	99.4896	0.8652	0.865	0.03401	99.1495	45	0.9928	11	0.124	0.9691	99.1423	99.5963	0.3804	2.59	AlfI:99.31,AloI:99.69,BcgI:99.62,FalI:99.48	1668	45	1677	142	34.9111	ok	99.2075	gamma	99.2842	99.07	90.53	99.0319	839	911
GCF_004120665.1__GCF_016406205.1	GCF_004120665.1	GCF_016406205.1	97-100	train	99.44	strict		NZ_QVPC01000013.1	NZ_CP066315.1	99.6656	99.6861	0.8904	0.9294	0.01698	99.4673	34	0.9955	16	0.487	0.9811	99.5684	99.7169	0.0889	1.55	AlfI:99.73,AloI:99.74,BcgI:99.65,FalI:99.68	3671	34	3692	410	105.647	ok	99.6656	gamma	99.6375	99.32	89.36	99.1591	1367	1494
GCF_004126515.1__GCF_900188075.1	GCF_004126515.1	GCF_900188075.1	97-100	train	98.9	strict		NZ_CP034940.1	NZ_FZNK01000049.1	99.0166	99.4159	0.7759	0.7787	0.02524	98.5346	43	0.9864	41	0.152	0.9636	98.8664	99.5807	0.5186	4.44	AlfI:99.46,AloI:99.51,BcgI:99.42,FalI:98.99	3249	43	3256	617	70.3023	ok	99.0166	gamma	98.9794	98.25	79.72	98.3676	1010	1241
GCF_004153645.1__GCF_900455725.1	GCF_004153645.1	GCF_900455725.1	97-100	test	98.94	strict		NZ_SDMJ01000010.1	NZ_UGVI01000003.1	99.1815	99.3025	0.8926	0.9332	0.01463	98.6213	60	0.996	42	0.441	0.9575	99.0758	99.3669	0.2191	3.34	AlfI:99.35,AloI:99.26,BcgI:99.29,FalI:99.47	10700	60	11050	1633	174.267	ok	99.1815	gamma	99.1328	98.75	91.56	98.7994	1489	1642
GCF_004167485.1__GCF_902506715.1	GCF_004167485.1	GCF_902506715.1	97-100	train	99.3	strict		NZ_RCYA01000001.1	NZ_CABWNF010000001.1	99.371	99.4264	0.8967	0.8374	0.01746	98.8459	63	0.9932	41	0.588	0.9652	99.2874	99.464	0.071	0.71	AlfI:99.39,AloI:99.46,BcgI:99.44,FalI:99.41	6085	63	6309	433	95.6508	ok	99.371	gamma	99.3548	99.22	84.94	99.0575	1468	1612
GCF_004208915.1__GCF_018141345.1	GCF_004208915.1	GCF_018141345.1	97-100	train	97.84	strict		NZ_SGPH01000079.1	NZ_CP047237.1	97.8606	98.2448	0.9276	0.9502	0.03241	97.9686	60	0.9964	20	0.866	0.891	97.6723	98.5067	0.1398	1.31	AlfI:98.20,AloI:98.25,BcgI:98.20,FalI:98.34	5966	60	6601	478	93.4333	ok	97.8606	gamma	97.7742	97.8	91.79	97.7162	1654	1750
GCF_004209325.1__GCF_004209355.1	GCF_004209325.1	GCF_004209355.1	97-100	train	97.04	strict		NZ_SGSR01000001.1	NZ_SGSX01000001.1	96.8174	97.8196	0.797	0.8441	0.05424	97.0979	76	0.9869	32	0.571	0.8619	96.7974	98.4045	0.5219	1.58	AlfI:97.84,AloI:98.25,BcgI:97.82,FalI:97.73	2618	76	3196	124	32.75	ok	96.8174	gamma	96.9558	97.14	82.48	96.7497	1093	1289
GCF_004209905.1__GCF_016889965.1	GCF_004209905.1	GCF_016889965.1	97-100	train	99.09	strict		NZ_RQTE01000010.1	NZ_CP069567.1	99.1858	99.59	0.6307	0.7003	0.02899	98.3782	129	1	0	0.07	0.9752	99.1688	99.7093	0.1988	3.01	AlfI:99.55,AloI:99.60,BcgI:99.49,FalI:99.69	1830	129	1747	60	10.3798	ok	99.1858	gamma	99.305	99.02	88.67	99.0867	631	687
GCF_004303535.1__GCF_004304085.1	GCF_004303535.1	GCF_004304085.1	97-100	train	97.03	strict		NZ_SIQE01000002.1	NZ_SIPS01000002.1	97.4095	97.9716	0.8811	0.9164	0.02224	96.6822	90	0.9941	79	0.807	0.8708	97.2643	98.3437	0.1708	1.57	AlfI:97.94,AloI:98.00,BcgI:97.96,FalI:98.11	13856	90	16318	2081	149.844	ok	97.4095	gamma	97.3301	97.15	85.27	97.1116	2112	2413
GCF_004330745.1__GCF_014196235.1	GCF_004330745.1	GCF_014196235.1	97-100	test	97.52	strict		NZ_SJNR01000001.1	NZ_JACIDG010000001.1	97.8963	98.3156	0.8501	0.8603	0.02041	97.0006	121	0.9955	59	0.709	0.8945	97.8029	98.541	0.1753	1.4	AlfI:98.26,AloI:98.22,BcgI:98.33,FalI:98.39	13504	121	15335	913	108.967	ok	97.8963	gamma	97.8676	97.5	83.75	97.3861	2029	2332
GCF_004342375.1__GCF_017918065.1	GCF_004342375.1	GCF_017918065.1	97-100	test	97.44	strict		NZ_SMCC01000001.1	NZ_JAFNEA010000001.1	97.3634	98.7526	0.913	0.8268	0.02892	97.9786	65	0.9925	38	0.188	0.9238	97.6179	99.2004	0.2085	1.99	AlfI:98.72,AloI:98.90,BcgI:98.69,FalI:98.82	5190	65	6021	315	78.3846	ok	97.3634	gamma	97.7258	98.02	81.21	97.8763	1577	1707
GCF_004345845.1__GCF_005930545.1	GCF_004345845.1	GCF_005930545.1	97-100	train	99.53	strict		NZ_SLXX01000001.1	NZ_RWKF01000001.1	99.6316	99.7189	0.8986	0.9036	0.0085	99.1347	112	0.9938	77	0.117	0.983	99.5609	99.7585	0.054	1.25	AlfI:99.72,AloI:99.75,BcgI:99.71,FalI:99.76	14940	112	12750	512	111.018	ok	99.6316	gamma	99.5989	99.45	91.05	99.4531	1824	2013
GCF_004346445.1__GCF_900460335.1	GCF_004346445.1	GCF_900460335.1	97-100	train	99.49	strict		NZ_SMBS01000001.1	NZ_UHHZ01000002.1	99.4714	99.6152	0.9007	0.892	0.02915	99.4233	32	0.9944	9	0.137	0.9766	99.3663	99.6895	0.1924	1.13	AlfI:99.50,AloI:99.51,BcgI:99.69,FalI:99.64	1668	32	1691	214	50.5312	ok	99.4714	gamma	99.4881	99.57	91.4	99.3878	974	1048
GCF_004348575.1__GCF_014205085.1	GCF_004348575.1	GCF_014205085.1	97-100	train	97.17	strict		NZ_SMKB01000100.1	NZ_JACHMV010000001.1	97.8704	98.2395	0.8394	0.8458	0.02427	97.4788	402	0.9975	23	0.945	0.8879	97.6572	98.5115	0.2367	1.54	AlfI:98.16,AloI:98.21,BcgI:98.26,FalI:98.39	10253	402	11610	145	23.9328	ok	97.8704	gamma	97.7329	97.29	84.4	97.0961	2209	2420
GCF_004359605.1__GCF_004359635.1	GCF_004359605.1	GCF_004359635.1	97-100	train	99.55	strict		NZ_SDQG01000010.1	NZ_SDQH01000010.1	99.5384	99.7197	0.9443	0.9288	0.02187	99.6757	18	0.9969	6	0.075	0.9831	99.4438	99.7948	0.0796	0.41	AlfI:99.71,AloI:99.78,BcgI:99.74,FalI:99.70	2015	18	2053	448	109.722	ok	99.5384	gamma	99.5477	99.36	92.89	99.3147	666	703
GCF_004362605.1__GCF_902705945.1	GCF_004362605.1	GCF_902705945.1	97-100	train	99.22	strict		NZ_SNYG01000001.1	NZ_CACSIU010000001.1	99.2379	99.3527	0.9496	0.9646	0.01617	99.0473	53	0.9952	38	0.428	0.9608	99.0974	99.424	0.087	0.85	AlfI:99.35,AloI:99.31,BcgI:99.37,FalI:99.29	8029	53	8408	556	149.774	ok	99.2379	gamma	99.1623	99.13	95.12	99.1513	1775	1868
GCF_004364395.1__GCF_004794975.1	GCF_004364395.1	GCF_004794975.1	97-100	train	98.91	strict		NZ_SOCC01000001.1	NZ_SSBH01000089.1	99.314	99.403	0.8708	0.864	0.01245	98.4251	111	0.9913	109	0.473	0.9635	99.1654	99.4694	0.1007	1.66	AlfI:99.40,AloI:99.43,BcgI:99.39,FalI:99.49	12868	111	13112	671	112.261	ok	99.314	gamma	99.2156	98.78	82.97	98.5855	2582	2913
GCF_004365235.1__GCF_004368825.1	GCF_004365235.1	GCF_004368825.1	97-100	test	100	strict		NZ_SODA01000001.1	NZ_SOEH01000001.1	99.9999	99.9999	0.9524	0.9527	0.39521	99.4037	52	0.9991	2	inf	1	99.9999	99.9999	0	0	AlfI:100.00,AloI:100.00,BcgI:100.00,FalI:100.00	2268	52	2224	175	41.9615	ok	99.9999	uniform	100	100	100	99.9972	1087	1095
GCF_004368175.1__GCF_017350015.1	GCF_004368175.1	GCF_017350015.1	97-100	train	98.17	strict		NZ_RRZJ01000001.1	NZ_JACNAN010000001.1	98.3841	98.7541	0.9535	0.9502	0.0184	98.0494	98	0.9964	42	0.487	0.9232	98.2465	98.937	0.0391	0.33	AlfI:98.73,AloI:98.74,BcgI:98.77,FalI:98.75	12038	98	13370	636	121.031	ok	98.3841	gamma	98.3116	98.41	94.68	98.2709	1952	2035
GCF_004382125.1__GCF_013135445.1	GCF_004382125.1	GCF_013135445.1	97-100	train	99.87	strict		NZ_SDVC01000001.1	NZ_JABGCO010000010.1	99.9304	99.9339	0.9728	0.9732	0.00734	99.9749	23	0.9985	6	0.097	0.996	99.9262	99.9359	0.0528	0.67	AlfI:99.93,AloI:99.89,BcgI:99.94,FalI:99.95	4007	23	4012	1048	173.391	ok	99.9304	gamma	99.9523	99.83	98.71	99.8002	830	842
GCF_004421155.1__GCF_004421195.1	GCF_004421155.1	GCF_004421195.1	97-100	train	99.97	strict		NZ_LXNK01000001.1	NZ_LXJS01000001.1	99.9954	99.9954	0.9524	0.9535	0.00229	100.085	68	0.9993	2	inf	0.9997	99.9891	99.9971	0.0364	0.87	AlfI:100.00,AloI:99.96,BcgI:100.00,FalI:100.00	3206	68	2997	209	43.7059	ok	99.9954	uniform	99.9981	99.98	99.29	99.9911	743	755
GCF_004524045.1__GCF_019048365.1	GCF_004524045.1	GCF_019048365.1	97-100	train	97.69	strict		NZ_QORL01000105.1	NZ_CP077363.1	98.0909	98.3837	0.833	0.9214	0.02785	97.7303	83	0.9984	11	0.945	0.8987	97.9223	98.5809	0.3334	4.99	AlfI:98.38,AloI:98.46,BcgI:98.31,FalI:98.65	6913	83	7866	339	82.0602	ok	98.0909	gamma	98.0116	97.72	91.52	97.6777	1324	1517
GCF_004564155.1__GCF_900101805.1	GCF_004564155.1	GCF_900101805.1	97-100	train	98.7	strict		NZ_CP038254.1	NZ_FMVH01000001.1	99.0401	99.1228	0.8154	0.7854	0.03532	98.5287	93	0.9613	92	0.945	0.9468	98.91	99.1899	0.1366	0.46	AlfI:99.14,AloI:99.21,BcgI:99.15,FalI:99.07	2516	93	2546	120	25.5699	ok	99.0401	gamma	99.0376	98.56	85.29	98.3722	842	989
GCF_004564155.1__GCF_900640145.1	GCF_004564155.1	GCF_900640145.1	97-100	train	98.7	strict		NZ_CP038254.1	NZ_CAAAJA010000001.1	99.0427	99.123	0.8181	0.7864	0.03522	98.5397	94	0.9611	93	0.973	0.9468	98.9091	99.1905	0.1394	0.51	AlfI:99.14,AloI:99.21,BcgI:99.15,FalI:99.07	2542	94	2559	120	25.4149	ok	99.0427	gamma	99.0364	98.55	85.46	98.3314	846	989
GCF_004684865.1__GCF_004745855.1	GCF_004684865.1	GCF_004745855.1	97-100	train	97.9	strict		NZ_SRJE01000007.1	NZ_SRLF01000036.1	97.5974	98.3074	0.8924	0.8229	0.06802	97.8671	28	0.9828	22	0.516	0.8956	97.4031	98.7273	0.3726	0.53	AlfI:98.11,AloI:98.49,BcgI:98.37,FalI:98.30	1396	28	1547	172	45.9643	ok	97.5974	gamma	97.6249	98	82.3	97.6624	756	822
GCF_004769515.1__GCF_004769795.1	GCF_004769515.1	GCF_004769795.1	97-100	train	98.67	strict		NZ_RQFR01000037.1	NZ_RQGY01000003.1	98.6581	99.0614	0.9551	0.9466	0.03253	99.0017	46	0.9971	9	0.286	0.9419	98.5203	99.25	0.1333	0.82	AlfI:98.98,AloI:99.01,BcgI:99.03,FalI:99.12	3137	46	3428	340	67.2391	ok	98.6581	gamma	98.6447	98.75	95.45	98.6384	1244	1275
GCF_004769745.1__GCF_004770835.1	GCF_004769745.1	GCF_004770835.1	97-100	train	99.99	strict		NZ_RQGV01000005.1	NZ_RQGU01000113.1	99.9969	99.9969	0.9897	0.9208	0.00151	99.9238	24	0.9985	7	inf	0.9998	99.9928	99.998	0.0096	0.09	AlfI:99.99,AloI:100.00,BcgI:100.00,FalI:100.00	4671	24	4555	1329	189.167	ok	99.9969	uniform	99.9987	99.97	93.08	99.9918	1380	1387
GCF_004920495.1__GCF_900640065.1	GCF_004920495.1	GCF_900640065.1	97-100	train	99.68	strict		NZ_QFGJ01000010.1	NZ_CAAAIR010000001.1	99.8437	99.855	0.9169	0.9263	0.01138	99.6781	30	0.9975	9	0.214	0.9912	99.7671	99.8771	0.1144	2.63	AlfI:99.85,AloI:99.94,BcgI:99.86,FalI:99.82	3681	30	3695	408	120.867	ok	99.8437	gamma	99.8174	99.5	93.69	99.5421	955	1009
GCF_005233685.1__GCF_900005935.1	GCF_005233685.1	GCF_900005935.1	97-100	train	99.72	strict		NZ_QFZX01000001.1	NZ_CVTL01000048.1	99.7869	99.8178	0.9381	0.9548	0.00731	99.3183	55	0.9972	31	0.124	0.989	99.7386	99.8373	0.0475	0.97	AlfI:99.81,AloI:99.86,BcgI:99.82,FalI:99.82	11289	55	11073	838	200.382	ok	99.7869	gamma	99.7701	99.73	93.82	99.6342	1839	1953
GCF_005503115.1__GCF_014529845.1	GCF_005503115.1	GCF_014529845.1	97-100	test	99.83	strict		NZ_SCOA01000010.1	NZ_JACVHD010000010.1	99.9673	99.9695	0.915	0.9008	0.00253	99.0199	91	0.9987	19	0.07	0.9982	99.925	99.9802	0.0345	2.41	AlfI:99.98,AloI:99.94,BcgI:99.97,FalI:99.95	15238	91	15221	787	166.396	ok	99.9673	gamma	99.9392	99.72	90.78	99.6965	1860	1995
GCF_005670605.1__GCF_900101555.1	GCF_005670605.1	GCF_900101555.1	97-100	train	98.73	strict		NZ_POTO01000001.1	NZ_FMZG01000013.1	99.0061	99.1718	0.945	0.942	0.01613	98.5947	45	0.9976	24	0.487	0.9495	98.8547	99.267	0.0854	1.84	AlfI:99.23,AloI:99.19,BcgI:99.15,FalI:99.23	10333	45	10982	888	226.711	ok	99.0061	gamma	98.917	98.86	92.99	98.7271	1725	1814
GCF_005706215.1__GCF_014524485.1	GCF_005706215.1	GCF_014524485.1	97-100	train	99.05	strict		NZ_CP035309.1	NZ_CP046363.1	98.8807	99.2962	0.9032	0.8676	0.03575	98.9898	18	0.991	17	0.188	0.9574	98.7085	99.4781	0.0752	0.18	AlfI:99.34,AloI:99.30,BcgI:99.27,FalI:99.31	2036	18	2037	679	105.278	ok	98.8807	gamma	98.8611	98.7	82.33	98.8347	667	746
GCF_005860925.2__GCF_013416305.1	GCF_005860925.2	GCF_013416305.1	97-100	test	97.82	strict		NZ_CP054031.1	NZ_JACCEZ010000001.1	98.2567	98.6846	0.8493	0.9454	0.01713	97.5016	81	0.9949	75	0.46	0.9189	98.1557	98.8817	0.0904	0.49	AlfI:98.71,AloI:98.62,BcgI:98.68,FalI:98.71	15190	81	16470	1253	179.926	ok	98.2567	gamma	98.2153	98.11	91.89	97.9241	2122	2521
GCF_005887445.1__GCF_005887475.1	GCF_005887445.1	GCF_005887475.1	97-100	test	99.98	strict		NZ_PNCK01000001.1	NZ_PNCL01000001.1	99.9953	99.9953	0.9247	0.922	0.00163	99.8619	145	0.9938	34	0.07	0.9997	99.9912	99.9963	0.1146	1.49	AlfI:100.00,AloI:99.89,BcgI:100.00,FalI:99.99	5956	145	5657	269	38.7172	ok	99.9953	gamma	99.9976	99.99	99.49	99.9607	1628	1688
GCF_006385265.1__GCF_011800325.1	GCF_006385265.1	GCF_011800325.1	97-100	train	98.65	strict		NZ_VFLQ01000010.1	NZ_JAALFP010000001.1	98.7715	98.8611	0.9279	0.9228	0.02348	98.4743	39	0.9961	26	1.476	0.9302	98.6059	98.9458	0.1878	1.08	AlfI:98.86,AloI:98.88,BcgI:98.88,FalI:98.69	6669	39	7255	850	169.974	ok	98.7715	gamma	98.6881	98.52	91.31	98.3838	1398	1515
GCF_006539265.1__GCF_018257235.1	GCF_006539265.1	GCF_018257235.1	97-100	train	97.52	strict		NZ_BJMR01000001.1	NZ_JAERKG010000010.1	97.9026	98.3265	0.841	0.7998	0.05319	97.7366	59	0.9933	13	0.739	0.8958	97.7112	98.6035	0.3717	2.96	AlfI:98.18,AloI:98.35,BcgI:98.23,FalI:98.55	2040	59	2345	249	33.5424	ok	97.9026	gamma	97.8815	97.56	78.78	97.3305	695	754
GCF_006540325.2__GCF_009738555.1	GCF_006540325.2	GCF_009738555.1	97-100	train	98.95	strict		NZ_BJOW01000001.1	NZ_CP046521.1	99.2333	99.3667	0.8618	0.8079	0.03406	98.8812	40	0.9951	9	0.321	0.9619	99.1431	99.4332	0.2251	1.64	AlfI:99.50,AloI:99.28,BcgI:99.39,FalI:99.32	1944	40	1992	176	47.025	ok	99.2333	gamma	99.2733	98.96	83.75	98.7311	601	654
GCF_006714955.1__GCF_007827525.1	GCF_006714955.1	GCF_007827525.1	97-100	train	99.99	strict		NZ_VFMI01000001.1	NZ_VISQ01000001.1	99.9996	99.9996	0.9994	0.9994	0.00041	99.9294	15	0.9983	13	inf	1	99.9979	99.9999	0.0008	0	AlfI:100.00,AloI:100.00,BcgI:100.00,FalI:100.00	7987	15	7769	4094	521	ok	99.9996	uniform	99.9999	100	100	99.999	1897	1897
GCF_007097495.1__GCF_014207545.1	GCF_007097495.1	GCF_014207545.1	97-100	train	99.99	strict		NZ_VKDA01000001.1	NZ_JACHGS010000001.1	99.9979	99.9979	0.9671	0.9817	0.00117	100.018	50	0.991	46	inf	0.9999	99.9936	99.9991	0.0085	0	AlfI:100.00,AloI:99.99,BcgI:99.99,FalI:100.00	5250	50	5143	687	102.68	ok	99.9979	uniform	99.9989	100	100	99.9774	2251	2322
GCF_007655045.1__GCF_014651795.1	GCF_007655045.1	GCF_014651795.1	97-100	train	97.43	strict		NZ_VBVC01000001.1	NZ_BMXO01000001.1	97.641	98.2679	0.8458	0.9096	0.03278	97.6535	73	0.9895	55	0.588	0.8912	97.4672	98.6401	0.2604	2.74	AlfI:98.31,AloI:98.45,BcgI:98.19,FalI:98.45	5408	73	6326	427	72.1233	ok	97.641	gamma	97.5713	97.57	84.92	97.308	1111	1297
GCF_007676615.1__GCF_007676685.1	GCF_007676615.1	GCF_007676685.1	97-100	test	97.81	strict		NZ_VEJI01000010.1	NZ_VEJJ01000100.1	98.1053	98.5641	0.9191	0.9321	0.02616	98.0691	66	0.9941	41	0.538	0.9108	97.9306	98.8192	0.1979	1.77	AlfI:98.61,AloI:98.66,BcgI:98.57,FalI:98.46	7127	66	8099	679	106.303	ok	98.1053	gamma	98.0195	97.99	89.85	97.8866	1965	2140
GCF_007676615.1__GCF_007680665.1	GCF_007676615.1	GCF_007680665.1	97-100	test	97.88	strict		NZ_VEJI01000010.1	NZ_VEJM01000099.1	98.0985	98.5885	0.9134	0.9146	0.02605	98.0431	73	0.9931	48	0.502	0.9124	97.9181	98.8574	0.128	0.73	AlfI:98.60,AloI:98.65,BcgI:98.60,FalI:98.52	7068	73	8038	692	95.3562	ok	98.0985	gamma	98.0075	98.1	89.36	97.9351	1964	2140
GCF_007676685.1__GCF_007680665.1	GCF_007676685.1	GCF_007680665.1	97-100	test	98	strict		NZ_VEJJ01000100.1	NZ_VEJM01000099.1	98.1201	98.647	0.9196	0.9243	0.02518	98.12	72	0.9949	36	0.446	0.9162	97.9407	98.9245	0.193	2.29	AlfI:98.74,AloI:98.65,BcgI:98.65,FalI:98.54	7277	72	8234	500	99.1389	ok	98.1201	gamma	98.0287	98.21	90.86	98.0856	1978	2142
GCF_007828295.1__GCF_900106025.1	GCF_007828295.1	GCF_900106025.1	97-100	train	99.2	strict		NZ_VIUK01000001.1	NZ_FNTY01000002.1	99.4149	99.478	0.8709	0.9117	0.01167	98.6031	85	0.9974	32	0.46	0.9684	99.3124	99.5221	0.0338	0.16	AlfI:99.47,AloI:99.49,BcgI:99.48,FalI:99.46	12446	85	12799	936	144.188	ok	99.4149	gamma	99.3592	99.13	88.01	99.0433	1998	2246
GCF_007829715.1__GCF_011405175.1	GCF_007829715.1	GCF_011405175.1	97-100	train	97.3	strict		NZ_VJWB01000002.1	NZ_AP022557.1	97.1571	98.0301	0.8123	0.8152	0.04102	97.1692	41	0.9898	39	0.588	0.875	96.9871	98.5737	0.6193	7.13	AlfI:97.94,AloI:97.56,BcgI:98.18,FalI:97.80	4587	41	4865	729	93.6585	ok	97.1571	gamma	97.1117	97.01	66.78	96.6773	949	1180
GCF_007830535.1__GCF_007996985.1	GCF_007830535.1	GCF_007996985.1	97-100	train	99.99	strict		NZ_VLKV01000001.1	NZ_VORK01000001.1	99.998	99.998	0.986	0.9862	0.00086	99.8868	44	0.9979	17	0.07	0.9999	99.9979	99.9981	0.0027	0.31	AlfI:100.00,AloI:100.00,BcgI:100.00,FalI:100.00	8432	44	8093	673	183.477	ok	99.998	gamma	99.9999	99.99	99.8	99.9621	1007	1017
GCF_007845585.1__GCF_007845595.1	GCF_007845585.1	GCF_007845595.1	97-100	train	97.71	strict		NZ_SELH01000015.1	NZ_SELI01000010.1	97.5908	98.4026	0.8885	0.9062	0.06756	98.1385	23	0.9951	6	0.365	0.9015	97.6021	98.756	0.5555	2.74	AlfI:98.25,AloI:98.00,BcgI:98.18,FalI:98.55	1291	23	1473	165	54.0435	ok	97.5908	gamma	97.8268	97.74	89.43	97.6384	733	796
GCF_007989225.1__GCF_012396205.1	GCF_007989225.1	GCF_012396205.1	97-100	train	99.22	strict		NZ_BJVQ01000001.1	NZ_JAAXOZ010000001.1	99.4764	99.5559	0.7224	0.7913	0.01531	98.8083	343	0.962	225	0.274	0.9728	99.4012	99.597	0.1915	3.11	AlfI:99.54,AloI:99.63,BcgI:99.54,FalI:99.73	6425	343	6301	96	17.6239	ok	99.4764	gamma	99.4632	99.17	89.94	98.6276	1047	1402
GCF_007989225.1__GCF_018917805.1	GCF_007989225.1	GCF_018917805.1	97-100	train	98.73	strict		NZ_BJVQ01000001.1	NZ_JAHLPH010000001.1	99.1666	99.3276	0.8161	0.9054	0.01872	98.7945	139	0.9962	23	0.335	0.9588	99.0504	99.4074	0.3694	6.6	AlfI:99.26,AloI:99.44,BcgI:99.31,FalI:99.63	6348	139	6558	284	44.2662	ok	99.1666	gamma	99.1249	98.71	90.11	98.5654	1212	1402
GCF_007991355.1__GCF_014645215.1	GCF_007991355.1	GCF_014645215.1	97-100	train	99.99	strict		NZ_BJYE01000001.1	NZ_BMLL01000001.1	99.9999	99.9999	0.9499	0.9426	0.36997	99.4152	68	0.9996	1	inf	1	99.9999	99.9999	0	0	AlfI:100.00,AloI:100.00,BcgI:100.00,FalI:100.00	2563	68	2528	142	36.75	ok	99.9999	uniform	100	100	98.71	99.9966	903	905
GCF_008016805.1__GCF_009862035.1	GCF_008016805.1	GCF_009862035.1	97-100	train	98.78	strict		NZ_SMSN01000001.1	NZ_WWGN01000001.1	99.242	99.3347	0.901	0.8887	0.01416	98.5868	98	0.9938	67	0.538	0.9592	99.1059	99.4006	0.171	2.41	AlfI:99.34,AloI:99.28,BcgI:99.33,FalI:99.45	11085	98	11381	605	109.847	ok	99.242	gamma	99.1613	98.91	86.96	98.7858	2332	2560
GCF_008016805.1__GCF_009862625.1	GCF_008016805.1	GCF_009862625.1	97-100	train	98.81	strict		NZ_SMSN01000001.1	NZ_WWHM01000001.1	99.31	99.3671	0.8039	0.7853	0.01408	98.6485	464	0.958	433	0.709	0.9612	99.2136	99.4105	0.1667	2.26	AlfI:99.37,AloI:99.31,BcgI:99.37,FalI:99.48	11001	464	10860	109	22.306	ok	99.31	gamma	99.2673	98.9	86.29	98.632	2020	2560
GCF_008271445.1__GCF_008271475.1	GCF_008271445.1	GCF_008271475.1	97-100	train	98.53	strict		NZ_VMDT01000001.1	NZ_VMDV01000001.1	98.8125	99.0783	0.9449	0.929	0.02243	98.7676	47	0.9948	31	0.404	0.9434	98.6353	99.22	0.1357	1.59	AlfI:99.13,AloI:99.17,BcgI:99.05,FalI:99.03	6037	47	6517	437	127.085	ok	98.8125	gamma	98.7215	98.59	92.49	98.6136	1122	1174
GCF_008802135.1__GCF_902832755.1	GCF_008802135.1	GCF_902832755.1	97-100	train	99.2	strict		NZ_VZOJ01000001.1	NZ_CADFCX010000001.1	99.4247	99.454	0.8919	0.8866	0.00955	98.3487	280	0.9977	44	0.892	0.967	99.38	99.4734	0.0748	0.67	AlfI:99.45,AloI:99.46,BcgI:99.45,FalI:99.52	19464	280	19705	429	67.7464	ok	99.4247	gamma	99.4161	99	89.38	99.0716	2043	2230
GCF_008802135.1__GCF_902832795.1	GCF_008802135.1	GCF_902832795.1	97-100	train	99.99	strict		NZ_VZOJ01000001.1	NZ_CADFCV010000001.1	99.9992	99.9992	0.9753	0.9781	0.00033	99.2411	262	0.9988	26	inf	1	99.9984	99.9994	0.0033	0.22	AlfI:100.00,AloI:100.00,BcgI:100.00,FalI:100.00	21665	262	21084	752	80.8702	ok	99.9992	uniform	99.9997	99.99	100	99.996	2222	2230
GCF_008974205.1__GCF_008974225.1	GCF_008974205.1	GCF_008974225.1	97-100	train	99.79	strict		NZ_BKZQ01000001.1	NZ_BKZR01000001.1	99.9188	99.9268	0.8942	0.8847	0.00743	99.6529	104	0.9943	24	0.075	0.9955	99.8913	99.9357	0.0553	0.88	AlfI:99.94,AloI:99.89,BcgI:99.93,FalI:99.93	4596	104	4392	208	41.4327	ok	99.9188	gamma	99.9222	99.76	94.09	99.745	968	1028
GCF_009495795.1__GCF_009495835.1	GCF_009495795.1	GCF_009495835.1	97-100	test	99.98	strict		NZ_WIBH01000099.1	NZ_WIBI01000100.1	99.9983	99.9983	0.9251	0.9251	0.00168	99.9554	24	0.9975	5	inf	0.9999	99.9999	99.9978	0.0036	0	AlfI:100.00,AloI:100.00,BcgI:100.00,FalI:100.00	2094	24	2027	418	83.375	ok	99.9983	uniform	100	99.99	99.22	99.9817	925	950
GCF_009600365.1__GCF_009600385.1	GCF_009600365.1	GCF_009600385.1	97-100	train	99.89	strict		NZ_WIVY01000100.1	NZ_WIWB01000100.1	99.9477	99.952	0.9015	0.8691	0.00388	99.3396	157	0.9973	27	0.07	0.9971	99.9127	99.9615	0.0362	1.04	AlfI:99.96,AloI:99.97,BcgI:99.95,FalI:99.93	10613	157	10246	458	64.7771	ok	99.9477	gamma	99.9313	99.78	89.16	99.7654	1729	1840
GCF_009649495.1__GCF_011028005.1	GCF_009649495.1	GCF_011028005.1	97-100	test	97.43	strict		NZ_WJNB01000010.1	NZ_JAAJBL010000010.1	97.3882	97.8058	0.7637	0.8341	0.06948	97.1208	40	0.9831	26	1.154	0.8613	97.2216	98.1324	0.4524	1.11	AlfI:97.79,AloI:98.11,BcgI:97.66,FalI:97.86	1592	40	1908	120	38.875	ok	97.3882	gamma	97.4227	97.1	82.63	96.8077	618	777
GCF_009665395.1__GCF_009763705.1	GCF_009665395.1	GCF_009763705.1	97-100	train	99.18	strict		NZ_CP035697.1	NZ_CP046802.1	99.2545	99.4106	0.902	0.9351	0.02357	99.2272	22	0.9943	20	0.286	0.9644	99.1021	99.4986	0.1537	1.82	AlfI:99.32,AloI:99.47,BcgI:99.46,FalI:99.41	3872	22	3724	828	159.682	ok	99.2545	gamma	99.1993	99.03	89.91	99.0482	1148	1266
GCF_009678145.1__GCF_902387605.1	GCF_009678145.1	GCF_902387605.1	97-100	test	98.35	strict		NZ_WKPN01000065.1	NZ_CABMMS010000001.1	98.5619	98.9198	0.7637	0.873	0.02415	98.0453	70	0.995	30	0.428	0.9334	98.3552	99.1144	0.104	1.23	AlfI:98.99,AloI:98.92,BcgI:98.88,FalI:98.98	6133	70	6749	617	86.3143	ok	98.5619	gamma	98.4452	98.29	84.44	98.1732	959	1186
GCF_009706165.1__GCF_015739475.1	GCF_009706165.1	GCF_015739475.1	97-100	train	99.46	strict		NZ_WLTQ01000002.1	NZ_JADSTC010000001.1	99.5984	99.6179	0.8612	0.8866	0.01885	99.3104	105	0.9965	12	0.739	0.9769	99.4882	99.6523	0.0933	0.8	AlfI:99.62,AloI:99.55,BcgI:99.65,FalI:99.58	3595	105	3658	149	33.4762	ok	99.5984	gamma	99.5637	99.26	93.1	99.2113	1260	1367
GCF_009707235.1__GCF_014493605.1	GCF_009707235.1	GCF_014493605.1	97-100	test	98.78	strict		NZ_WLCI01000020.1	NZ_JACUWQ010000010.1	99.2983	99.3769	0.9298	0.9479	0.01723	99.1106	71	0.9931	46	0.554	0.9622	99.1608	99.4364	0.0963	0.68	AlfI:99.39,AloI:99.38,BcgI:99.36,FalI:99.46	6832	71	7068	500	94.4085	ok	99.2983	gamma	99.2293	98.97	93.94	98.9099	1353	1445
GCF_009727925.1__GCF_009728085.1	GCF_009727925.1	GCF_009728085.1	97-100	train	99.99	strict		NZ_WOBQ01000001.1	NZ_WOBW01000001.1	99.9992	99.9992	0.9879	0.9878	0.00081	100.116	22	0.9995	2	inf	1	99.9999	99.999	0.0023	0	AlfI:100.00,AloI:100.00,BcgI:100.00,FalI:100.00	4170	22	4108	529	185.5	ok	99.9992	uniform	100	100	100	99.9941	1394	1396
GCF_009763705.1__GCF_009763885.1	GCF_009763705.1	GCF_009763885.1	97-100	train	99.18	strict		NZ_CP046802.1	NZ_CP046848.1	99.2356	99.4116	0.8913	0.9233	0.02365	99.1724	23	0.994	21	0.266	0.9644	99.0667	99.5103	0.0977	0.49	AlfI:99.38,AloI:99.34,BcgI:99.44,FalI:99.42	3845	23	3702	612	152.565	ok	99.2356	gamma	99.1658	99.02	90.3	99.0089	1155	1269
GCF_009763885.1__GCF_900460255.1	GCF_009763885.1	GCF_900460255.1	97-100	train	99.17	strict		NZ_CP046848.1	NZ_UHIE01000003.1	99.1573	99.3694	0.912	0.9276	0.02438	99.1832	21	0.9946	19	0.259	0.9619	98.9858	99.481	0.0782	0.51	AlfI:99.34,AloI:99.41,BcgI:99.40,FalI:99.35	3938	21	3757	823	168.667	ok	99.1573	gamma	99.0877	98.92	91.21	99.0095	1169	1266
GCF_009805845.1__GCF_009805855.1	GCF_009805845.1	GCF_009805855.1	97-100	test	98.4	strict		NZ_MAOJ01000001.1	NZ_MAOK01000001.1	98.6476	98.7411	0.7947	0.847	0.03794	98.2415	113	0.9604	111	1.565	0.9224	98.5781	98.7978	0.1703	0.46	AlfI:98.69,AloI:98.79,BcgI:98.77,FalI:98.62	2841	113	3069	119	24.8496	ok	98.6476	gamma	98.7047	98.23	89.08	97.8811	516	661
GCF_009805855.1__GCF_009805885.1	GCF_009805855.1	GCF_009805885.1	97-100	test	98.59	strict		NZ_MAOK01000001.1	NZ_MAOL01000001.1	98.8482	98.8984	0.8658	0.8042	0.03484	98.4576	118	0.996	11	2.211	0.9324	98.7514	98.9463	0.301	0.59	AlfI:98.91,AloI:99.02,BcgI:98.89,FalI:98.72	2918	118	3143	120	24.4407	ok	98.8482	gamma	98.8709	98.19	82.8	98.277	528	570
GCF_009806145.1__GCF_014636415.1	GCF_009806145.1	GCF_014636415.1	97-100	test	99.99	strict		NZ_LNFN01000001.1	NZ_BMEI01000001.1	99.9999	99.9999	0.9959	0.9957	0.2348	99.5973	8	1	0	inf	1	99.9999	99.9999	0	0	AlfI:100.00,AloI:100.00,BcgI:100.00,FalI:100.00	5843	8	5837	2409	728.5	ok	99.9999	uniform	100	100	100	99.9997	996	996
GCF_009828735.1__GCF_009828745.1	GCF_009828735.1	GCF_009828745.1	97-100	train	97.27	strict		NZ_WTSW01000010.1	NZ_WTSX01000010.1	97.6049	97.9438	0.873	0.8879	0.06193	97.6318	33	0.9906	17	1.26	0.8702	97.4022	98.2276	0.389	2.81	AlfI:98.00,AloI:97.76,BcgI:97.76,FalI:98.15	1857	33	2208	144	55.0606	ok	97.6049	gamma	97.5854	97.24	87.19	97.0209	649	728
GCF_009828735.1__GCF_011421495.1	GCF_009828735.1	GCF_011421495.1	97-100	train	97.14	strict		NZ_WTSW01000010.1	NZ_WPCZ01000010.1	97.281	97.7627	0.8786	0.8317	0.06525	97.2811	29	0.9927	13	1.075	0.8577	97.0911	98.1488	0.443	3.27	AlfI:97.80,AloI:97.55,BcgI:97.56,FalI:98.00	1811	29	2226	250	61.8276	ok	97.281	gamma	97.2788	97.12	78.76	96.8557	645	728
GCF_009862035.1__GCF_009862625.1	GCF_009862035.1	GCF_009862625.1	97-100	train	99.99	strict		NZ_WWGN01000001.1	NZ_WWHM01000001.1	99.9995	99.9995	0.906	0.9083	0.00036	99.7681	507	0.9635	460	inf	1	99.9987	99.9997	0.001	0.1	AlfI:100.00,AloI:100.00,BcgI:100.00,FalI:100.00	13180	507	12636	158	24.9467	ok	99.9995	uniform	100	99.98	99.66	99.82	2302	2650
GCF_009862985.1__GCF_900236505.1	GCF_009862985.1	GCF_900236505.1	97-100	train	99.98	strict		NZ_WWIQ01000001.1	NZ_LT962942.1	99.9975	99.9975	0.9918	0.9856	0.0007	99.4301	81	0.999	15	0.07	0.9998	99.9958	99.9979	0.0051	0.68	AlfI:100.00,AloI:99.99,BcgI:100.00,FalI:100.00	15955	81	15617	1095	194.383	ok	99.9975	gamma	99.9986	99.99	98.66	99.98	2913	2925
GCF_009874035.1__GCF_009876225.1	GCF_009874035.1	GCF_009876225.1	97-100	test	99.97	strict		NZ_WWTK01000010.1	NZ_WWTE01000010.1	99.9877	99.9879	0.9696	0.9716	0.00277	99.9767	43	0.9994	3	0.07	0.9993	99.9836	99.9889	0.0292	3.38	AlfI:99.97,AloI:100.00,BcgI:100.00,FalI:99.97	5073	43	5049	612	116.651	ok	99.9877	gamma	99.9935	99.99	98.85	99.962	699	713
GCF_009876255.1__GCF_009876265.1	GCF_009876255.1	GCF_009876265.1	97-100	train	99.96	strict		NZ_WWTF01000010.1	NZ_WWTG01000010.1	99.9877	99.9879	0.9702	0.9711	0.00278	99.9701	38	0.9992	4	0.07	0.9993	99.9869	99.9881	0.0301	2.54	AlfI:99.98,AloI:99.99,BcgI:99.99,FalI:99.96	5052	38	5041	609	131.579	ok	99.9877	gamma	99.9955	99.97	98.88	99.9628	698	713
GCF_009904585.1__GCF_009904625.1	GCF_009904585.1	GCF_009904625.1	97-100	test	98.5	strict		NZ_WXWW01000266.1	NZ_WXWV01000274.1	98.7529	99.213	0.7933	0.7947	0.02274	98.6414	352	0.9731	124	0.188	0.9522	98.6681	99.3786	0.1969	1.5	AlfI:99.26,AloI:99.06,BcgI:99.19,FalI:99.25	5171	352	5385	101	13.75	ok	98.7529	gamma	98.7623	98.61	92.28	98.4868	1169	1362
GCF_009904915.1__GCF_009904955.1	GCF_009904915.1	GCF_009904955.1	97-100	train	99.97	strict		NZ_WXWG01000214.1	NZ_WXWF01000078.1	99.9963	99.9963	0.813	0.7725	0.00182	99.4998	272	0.9961	12	inf	0.9998	99.9815	99.9999	0.0041	0.01	AlfI:100.00,AloI:100.00,BcgI:100.00,FalI:100.00	3642	272	3572	57	12.261	ok	99.9963	uniform	99.9937	99.99	91.17	99.9331	867	913
GCF_009904955.1__GCF_009905005.1	GCF_009904955.1	GCF_009905005.1	97-100	train	99.97	strict		NZ_WXWF01000078.1	NZ_WXWD01000300.1	99.9948	99.9948	0.6523	0.7242	0.00228	99.0978	305	0.9387	183	0.07	0.9997	99.9948	99.9948	0.0078	0.01	AlfI:99.99,AloI:100.00,BcgI:99.99,FalI:100.00	3552	305	3198	35	10.1934	ok	99.9948	gamma	99.9997	99.98	99.35	99.5501	771	1077
GCF_009911675.1__GCF_009917365.1	GCF_009911675.1	GCF_009917365.1	97-100	test	100	strict		NZ_QWKJ01000265.1	NZ_QWLE01000112.1	99.9992	99.9992	0.8887	0.8625	0.00081	99.7412	143	0.9981	7	inf	0.9999	99.9999	99.999	0.002	0	AlfI:100.00,AloI:100.00,BcgI:100.00,FalI:100.00	4304	143	4021	234	27.1608	ok	99.9992	uniform	100	99.98	96.06	99.9929	957	966
GCF_009914495.1__GCF_009914515.1	GCF_009914495.1	GCF_009914515.1	97-100	train	99.98	strict		NZ_CP045804.1	NZ_CP045805.1	99.9985	99.9985	0.978	0.9977	0.00065	99.6714	24	0.9979	23	0.07	0.9999	99.9999	99.9982	0.0031	0.07	AlfI:100.00,AloI:100.00,BcgI:100.00,FalI:100.00	11124	24	10910	3677	458.417	ok	99.9985	gamma	100	99.99	99.84	99.9836	1760	1798
GCF_009931375.1__GCF_013307145.1	GCF_009931375.1	GCF_013307145.1	97-100	train	99.96	strict		NZ_CP035900.1	NZ_CP021157.1	99.9763	99.9776	0.9737	0.9835	0.00212	99.4545	118	0.993	114	0.07	0.9986	99.9393	99.9868	0.0167	1.09	AlfI:99.97,AloI:99.97,BcgI:99.98,FalI:99.96	16808	118	15811	3684	137.203	ok	99.9763	gamma	99.9518	99.97	96.33	99.9141	2154	2229
GCF_010548115.1__GCF_018310575.1	GCF_010548115.1	GCF_018310575.1	97-100	test	99.04	strict		NZ_JAAGLJ010000001.1	NZ_CP074111.1	99.4016	99.4456	0.8816	0.894	0.01205	98.9436	409	0.9973	32	0.689	0.9662	99.3188	99.4802	0.039	0.42	AlfI:99.45,AloI:99.47,BcgI:99.44,FalI:99.48	12558	409	12828	232	29.8337	ok	99.4016	gamma	99.3652	99.07	91.83	99.0168	2303	2424
GCF_010580965.1__GCF_910574975.1	GCF_010580965.1	GCF_910574975.1	97-100	test	98.48	strict		NZ_VKCA01000001.1	NZ_CAJTCJ010000001.1	98.8222	99.0658	0.7102	0.7703	0.03998	98.2228	121	0.9852	27	0.428	0.9434	98.6484	99.2032	0.1447	0.69	AlfI:99.01,AloI:99.15,BcgI:99.01,FalI:99.12	2138	121	2177	112	15.8182	ok	98.8222	gamma	98.7989	98.22	87.75	98.1516	594	711
GCF_010721695.1__GCF_900576535.1	GCF_010721695.1	GCF_900576535.1	97-100	train	97.9	strict		NZ_BLKO01000001.1	NZ_UXEP01000153.1	98.4685	98.6541	0.8623	0.6918	0.05189	97.9304	71	0.968	55	1.014	0.918	98.2723	98.8007	0.1794	0.22	AlfI:98.58,AloI:98.76,BcgI:98.64,FalI:98.67	1811	71	1953	96	24.4507	ok	98.4685	gamma	98.4472	98.14	73.65	97.8585	571	622
GCF_010868115.1__GCF_010868155.1	GCF_010868115.1	GCF_010868155.1	97-100	train	99.7	strict		NZ_JAAGUX010000010.1	NZ_JAAGUZ010000010.1	99.7837	99.8017	0.9494	0.9577	0.00682	99.3191	199	0.9943	77	0.2	0.988	99.7609	99.8117	0.0534	0.96	AlfI:99.78,AloI:99.81,BcgI:99.81,FalI:99.83	13911	199	13778	279	68.2613	ok	99.7837	gamma	99.7879	99.7	98.22	99.6378	1916	2020
GCF_011007525.1__GCF_013364375.1	GCF_011007525.1	GCF_013364375.1	97-100	train	97.01	strict		NZ_WFLH01000001.1	NZ_CP054920.1	97.876	98.2629	0.8586	0.8503	0.02406	97.1933	105	0.9938	61	0.892	0.8901	97.6546	98.5431	0.4937	7.37	AlfI:98.21,AloI:98.12,BcgI:98.27,FalI:98.61	10055	105	11598	665	93.7429	ok	97.876	gamma	97.7302	97.22	78.59	97.0527	2279	2594
GCF_011008805.1__GCF_014174455.1	GCF_011008805.1	GCF_014174455.1	97-100	train	98.93	strict		NZ_JAAIWL010000010.1	NZ_JACJTZ010000001.1	99.1494	99.3921	0.8254	0.7939	0.02298	98.7686	160	0.9787	82	0.208	0.9631	99.0061	99.508	0.188	2.76	AlfI:99.51,AloI:99.33,BcgI:99.41,FalI:99.35	4083	160	4206	162	24.5938	ok	99.1494	gamma	99.1022	98.87	85.08	98.8028	1480	1671
GCF_011043685.1__GCF_012030475.1	GCF_011043685.1	GCF_012030475.1	97-100	train	99.2	strict		NZ_JAAKGU010000001.1	NZ_JAAUHL010000001.1	99.3026	99.5187	0.9398	0.9584	0.01406	99.1436	46	0.9974	21	0.146	0.9706	99.2134	99.6035	0.1325	3.41	AlfI:99.52,AloI:99.51,BcgI:99.55,FalI:99.42	8131	46	8410	745	173.783	ok	99.3026	gamma	99.2745	99.28	94.93	99.2472	1691	1784
GCF_011064785.1__GCF_011065325.1	GCF_011064785.1	GCF_011065325.1	97-100	train	98.36	strict		NZ_CP047361.1	NZ_CP047363.1	98.458	98.8038	0.824	0.8284	0.0479	98.2425	17	0.991	16	0.516	0.9269	98.2258	99.0171	0.3796	2.62	AlfI:98.56,AloI:98.54,BcgI:98.84,FalI:98.92	1943	17	2011	290	105	ok	98.458	gamma	98.3979	98.07	80.29	97.9302	668	784
GCF_011065955.1__GCF_011065975.1	GCF_011065955.1	GCF_011065975.1	97-100	test	97.17	strict		NZ_JAAMNI010000001.1	NZ_JAAMNJ010000001.1	96.9967	97.6585	0.7015	0.7149	0.0605	96.5244	85	0.9777	49	0.866	0.8531	96.8605	98.1267	0.6866	2.96	AlfI:97.88,AloI:97.90,BcgI:97.21,FalI:97.66	2598	85	2856	107	26.2353	ok	96.9967	gamma	97.0343	97.05	74.27	96.5356	1417	1806
GCF_011090235.1__GCF_012689315.1	GCF_011090235.1	GCF_012689315.1	97-100	train	97.85	strict		NZ_JAAKZJ010000100.1	NZ_JABANI010000001.1	97.7443	98.4486	0.7809	0.7991	0.03948	97.5938	76	0.993	23	0.441	0.9041	97.5936	98.8184	0.2855	2.62	AlfI:98.31,AloI:98.51,BcgI:98.42,FalI:98.60	3527	76	3980	195	44.1053	ok	97.7443	gamma	97.7259	97.65	78.41	97.5258	1118	1326
GCF_011378705.1__GCF_015864705.1	GCF_011378705.1	GCF_015864705.1	97-100	train	98.03	strict		NZ_WTKV01000001.1	NZ_JADYWR010000001.1	98.0426	98.5418	0.8102	0.8551	0.034	97.8866	90	0.9896	44	0.516	0.9108	97.8601	98.819	0.0612	0.09	AlfI:98.57,AloI:98.51,BcgI:98.54,FalI:98.52	4437	90	4947	210	47.3444	ok	98.0426	gamma	97.9758	98.21	84.67	97.7091	1320	1558
GCF_011463375.1__GCF_013184245.1	GCF_011463375.1	GCF_013184245.1	97-100	train	97.5	strict		NZ_CP036357.1	NZ_JABBMS010000001.1	97.9355	98.0897	0.9285	0.9763	0.0286	97.6767	30	0.9961	29	2.239	0.8788	97.7888	98.2337	0.1042	0.37	AlfI:98.08,AloI:98.17,BcgI:98.08,FalI:98.18	7635	30	8770	722	250.8	ok	97.9355	gamma	97.8741	97.41	92.32	97.3606	1354	1506
GCF_011604645.1__GCF_011604665.1	GCF_011604645.1	GCF_011604665.1	97-100	train	98.53	strict		NZ_CP050065.1	NZ_CP050066.1	98.7556	98.9894	0.9322	0.9626	0.01454	97.9956	37	0.9977	36	0.516	0.9383	98.5825	99.1207	0.1588	1.58	AlfI:99.02,AloI:99.07,BcgI:98.98,FalI:98.91	15808	37	16874	1648	417.108	ok	98.7556	gamma	98.6369	98.65	92.73	98.5195	2165	2335
GCF_011682035.1__GCF_018067475.1	GCF_011682035.1	GCF_018067475.1	97-100	test	99.48	strict		NZ_JAAQOJ010000098.1	NZ_JAGKMB010000100.1	99.7359	99.7359	0.8181	0.828	0.01569	99.2347	142	0.9751	87	inf	0.9841	99.6112	99.7682	0.121	2.61	AlfI:99.79,AloI:99.67,BcgI:99.70,FalI:99.73	3685	142	3628	147	24.9577	ok	99.7359	uniform	99.6773	99.42	88.76	99.1972	1272	1473
GCF_011751965.1__GCF_011751985.1	GCF_011751965.1	GCF_011751985.1	97-100	train	99.39	strict		NZ_JAAIJW010000011.1	NZ_JAAIJX010000010.1	99.6731	99.7315	0.9815	0.9757	0.01291	99.7312	36	0.9976	12	0.17	0.9838	99.5597	99.7744	0.131	3.1	AlfI:99.72,AloI:99.74,BcgI:99.72,FalI:99.85	5254	36	5265	718	142.083	ok	99.6731	gamma	99.6184	99.59	98.31	99.5684	939	981
GCF_011753175.1__GCF_902832685.1	GCF_011753175.1	GCF_902832685.1	97-100	train	97.88	strict		NZ_VWWC01000100.1	NZ_CADFCN010000001.1	98.3301	98.5483	0.8388	0.8116	0.01781	97.4038	423	0.9937	91	1.075	0.9099	98.1114	98.7195	0.224	3.56	AlfI:98.60,AloI:98.49,BcgI:98.51,FalI:98.72	15231	423	16758	240	34.8132	ok	98.3301	gamma	98.1707	97.71	80.86	97.5571	2162	2450
GCF_011759615.1__GCF_012932485.1	GCF_011759615.1	GCF_012932485.1	97-100	train	99.65	strict		NZ_JAAOYY010000001.1	NZ_JABCNF010000001.1	99.5886	99.74	0.9623	0.9926	0.01236	99.6496	10	0.9989	6	0.07	0.9843	99.5115	99.7999	0.0729	1.42	AlfI:99.72,AloI:99.80,BcgI:99.72,FalI:99.77	5720	10	5804	2464	561.1	ok	99.5886	gamma	99.5705	99.67	98.41	99.6609	1909	1997
GCF_012273335.1__GCF_016757895.1	GCF_012273335.1	GCF_016757895.1	97-100	test	97.61	strict		NZ_CP050971.1	NZ_JADNQE010000100.1	97.5524	98.4174	0.8802	0.8082	0.03938	97.7492	59	0.9837	58	0.376	0.9023	97.5052	98.8212	0.2551	1.85	AlfI:98.52,AloI:98.27,BcgI:98.52,FalI:98.35	3756	59	4249	399	60.4237	ok	97.5524	gamma	97.6374	97.6	77.25	97.4713	1542	1751
GCF_012295595.1__GCF_900111045.1	GCF_012295595.1	GCF_900111045.1	97-100	test	99.99	strict		NZ_CP051181.1	NZ_FOFW01000027.1	99.9999	99.9999	0.9884	0.9927	0.2065	99.5369	31	0.9962	29	inf	1	99.9999	99.9999	0	0	AlfI:100.00,AloI:100.00,BcgI:100.00,FalI:100.00	7598	31	7554	931	243.839	ok	99.9999	uniform	100	100	100	99.9903	1298	1327
GCF_012396205.1__GCF_018917805.1	GCF_012396205.1	GCF_018917805.1	97-100	train	98.82	strict		NZ_JAAXOZ010000001.1	NZ_JAHLPH010000001.1	99.1621	99.3321	0.7971	0.8173	0.01921	98.7306	288	0.9952	26	0.345	0.959	98.9874	99.4317	0.4114	7.22	AlfI:99.28,AloI:99.41,BcgI:99.32,FalI:99.69	6014	288	6216	101	19.7639	ok	99.1621	gamma	99.066	98.7	84.07	98.3228	1044	1176
GCF_012396665.1__GCF_016760305.1	GCF_012396665.1	GCF_016760305.1	97-100	test	97.74	strict		NZ_JAAXPU010000001.1	NZ_BKBV01000001.1	97.7314	98.0236	0.8341	0.7823	0.07357	97.4387	57	0.9745	31	1.297	0.876	97.5819	98.2443	0.3502	0.56	AlfI:97.78,AloI:98.13,BcgI:98.03,FalI:98.07	1290	57	1476	62	21.8246	ok	97.7314	gamma	97.8016	97.33	83.37	97.3643	548	609
GCF_012584455.1__GCF_018224605.1	GCF_012584455.1	GCF_018224605.1	97-100	train	97.54	strict		NZ_JABAEB010000001.1	NZ_JAGTUL010000099.1	97.7501	98.216	0.8662	0.833	0.03407	97.5238	89	0.9874	64	0.807	0.8885	97.4981	98.5531	0.1574	1.03	AlfI:98.17,AloI:98.27,BcgI:98.19,FalI:98.32	5167	89	6085	310	57.236	ok	97.7501	gamma	97.605	97.63	82.87	97.4841	1465	1667
GCF_012726095.1__GCF_017612575.1	GCF_012726095.1	GCF_017612575.1	97-100	train	97.69	strict		NZ_WOYG01000001.1	NZ_JADPQC010000006.1	97.6677	98.3465	0.8896	0.9083	0.04077	97.9567	33	0.9904	31	0.538	0.8961	97.4489	98.7507	0.6461	2.93	AlfI:98.49,AloI:97.92,BcgI:98.35,FalI:98.57	3386	33	3894	485	97.9697	ok	97.6677	gamma	97.5813	97.86	87.86	97.5307	1024	1130
GCF_012843815.1__GCF_016902075.1	GCF_012843815.1	GCF_016902075.1	97-100	test	97.52	strict		NZ_JABAFV010000001.1	NZ_JACJLG010000001.1	97.0972	98.0616	0.6461	0.7444	0.07747	96.8502	57	0.9766	25	0.487	0.8789	97.0538	98.5785	0.8182	2.8	AlfI:97.72,AloI:98.54,BcgI:98.24,FalI:97.96	1234	57	1382	105	19.2982	ok	97.0972	gamma	97.293	97.55	83.93	97.1931	575	788
GCF_012844035.1__GCF_902386485.1	GCF_012844035.1	GCF_902386485.1	97-100	train	99.66	strict		NZ_JABAGG010000001.1	NZ_CABMJC010000001.1	99.7288	99.7758	0.8739	0.9045	0.01718	99.5407	66	0.9928	19	0.133	0.9864	99.649	99.8122	0.0851	0.81	AlfI:99.71,AloI:99.74,BcgI:99.76,FalI:99.79	2746	66	2777	162	40.9242	ok	99.7288	gamma	99.7203	99.56	93.05	99.4458	1049	1144
GCF_012952265.1__GCF_013002825.1	GCF_012952265.1	GCF_013002825.1	97-100	train	98.9	strict		NZ_JABCJL010000086.1	NZ_JABEPJ010000058.1	98.9823	99.2395	0.8674	0.8813	0.02376	98.8071	84	0.9925	33	0.312	0.9543	98.7591	99.3845	0.0455	0.16	AlfI:99.26,AloI:99.27,BcgI:99.23,FalI:99.23	4616	84	4850	232	53.1548	ok	98.9823	gamma	98.8568	98.66	88.08	98.6771	1435	1609
GCF_013031175.1__GCF_013110885.1	GCF_013031175.1	GCF_013110885.1	97-100	test	97.11	strict		NZ_WPYX01000001.1	NZ_WVRL01000001.1	97.3957	97.8861	0.8961	0.8232	0.03528	97.1016	56	0.9928	40	0.973	0.8644	97.2352	98.243	0.2072	1.5	AlfI:97.94,AloI:97.95,BcgI:97.82,FalI:98.03	5634	56	6816	905	99.3214	ok	97.3957	gamma	97.3378	97.11	81.88	97.0887	1314	1411
GCF_013113955.1__GCF_018779845.1	GCF_013113955.1	GCF_018779845.1	97-100	test	98.61	strict		NZ_VTYJ01000001.1	NZ_JAGFOK010000001.1	98.6401	98.888	0.8896	0.8939	0.02578	98.4139	58	0.9948	29	0.571	0.9323	98.4648	99.035	0.1945	3.5	AlfI:98.89,AloI:98.91,BcgI:98.81,FalI:99.00	5681	58	6200	500	96.5	ok	98.6401	gamma	98.558	98.65	89.52	98.4732	1572	1734
GCF_013294265.1__GCF_014230485.1	GCF_013294265.1	GCF_014230485.1	97-100	train	99.74	strict		NZ_JABSWD010000001.1	NZ_JAAZWO010000010.1	99.8294	99.8757	0.9108	0.9382	0.01274	99.8123	66	0.9763	65	0.07	0.9925	99.7107	99.9228	0.1154	0.92	AlfI:99.89,AloI:99.86,BcgI:99.78,FalI:99.88	2830	66	2799	182	41.6212	ok	99.8294	gamma	99.775	99.68	97.18	99.662	1376	1496
GCF_013299545.1__GCF_013300465.1	GCF_013299545.1	GCF_013300465.1	97-100	train	98.82	strict		NZ_JAAILU010000010.1	NZ_JAAILT010000010.1	99.0724	99.2363	0.7375	0.8084	0.02897	98.4346	77	0.9855	44	0.404	0.9533	98.9444	99.3269	0.0505	0.17	AlfI:99.27,AloI:99.26,BcgI:99.23,FalI:99.22	3281	77	3300	182	39.961	ok	99.0724	gamma	99.0549	98.75	81.24	98.3143	866	1095
GCF_013303395.1__GCF_013303675.1	GCF_013303395.1	GCF_013303675.1	97-100	train	98.99	strict		NZ_JAAIRF010000099.1	NZ_JAAIRT010000099.1	99.2461	99.5176	0.6619	0.7113	0.02365	98.2892	90	0.9845	44	0.133	0.9705	99.1281	99.6298	0.0872	0.69	AlfI:99.57,AloI:99.50,BcgI:99.48,FalI:99.52	2998	90	3068	193	32	ok	99.2461	gamma	99.2333	98.71	74.51	98.5552	898	1211
GCF_013347125.1__GCF_014805345.1	GCF_013347125.1	GCF_014805345.1	97-100	train	99.96	strict		NZ_CP054599.1	NZ_WKFG01000017.1	99.9837	99.984	0.9609	0.9638	0.00225	99.6304	44	0.9965	36	0.07	0.999	99.9722	99.9869	0.0128	1.97	AlfI:99.98,AloI:100.00,BcgI:99.98,FalI:99.99	10500	44	10074	2368	235.318	ok	99.9837	gamma	99.9823	99.94	93.4	99.9292	1582	1639
GCF_013385575.1__GCF_013386805.1	GCF_013385575.1	GCF_013386805.1	97-100	test	99.39	strict		NZ_JACAPS010000001.1	NZ_JACARB010000001.1	99.5405	99.6473	0.8918	0.9495	0.00882	98.798	110	0.9966	49	0.147	0.9786	99.4611	99.6952	0.0303	0.32	AlfI:99.64,AloI:99.66,BcgI:99.65,FalI:99.67	14918	110	15022	648	131.873	ok	99.5405	gamma	99.4997	99.28	94.35	99.2814	2302	2527
GCF_013386305.1__GCF_013387025.1	GCF_013386305.1	GCF_013387025.1	97-100	train	99.02	strict		NZ_JACARY010000001.1	NZ_JACAQP010000001.1	99.1358	99.3875	0.891	0.938	0.01281	98.6278	123	0.9973	32	0.194	0.9629	99.0342	99.4863	0.0441	0.87	AlfI:99.41,AloI:99.40,BcgI:99.37,FalI:99.37	12154	123	12755	825	97.3902	ok	99.1358	gamma	99.0885	99.07	95.19	99.0492	2075	2293
GCF_013414285.1__GCF_900115335.1	GCF_013414285.1	GCF_900115335.1	97-100	train	99.76	strict		NZ_CP058689.1	NZ_FOWA01000127.1	99.8985	99.917	0.8055	0.8774	0.00587	99.1998	110	0.9863	106	0.07	0.995	99.8153	99.9417	0.0279	1.12	AlfI:99.93,AloI:99.94,BcgI:99.91,FalI:99.92	7996	110	7789	477	70.3909	ok	99.8985	gamma	99.8465	99.67	89.59	99.4851	1240	1540
GCF_014076795.1__GCF_014076835.1	GCF_014076795.1	GCF_014076835.1	97-100	test	99.8	strict		NZ_JACGUU010000001.1	NZ_JACGUR010000001.1	99.8584	99.8919	0.9054	0.9145	0.00959	99.6745	56	0.9929	28	0.07	0.9935	99.7515	99.9283	0.0776	1.71	AlfI:99.91,AloI:99.95,BcgI:99.89,FalI:99.87	4118	56	4016	384	70.6964	ok	99.8584	gamma	99.8016	99.84	93.63	99.7276	1379	1476
GCF_014142545.1__GCF_014142725.1	GCF_014142545.1	GCF_014142725.1	97-100	train	100	strict		NZ_RASN01000001.1	NZ_RASW01000001.1	99.9999	99.9999	0.9962	0.9822	0.1457	99.146	39	0.9997	4	inf	1	99.9999	99.9999	0	0	AlfI:100.00,AloI:100.00,BcgI:100.00,FalI:100.00	15135	39	15013	1490	384.436	ok	99.9999	uniform	100	100	98.61	99.9985	1823	1823
GCF_014145085.1__GCF_014145265.1	GCF_014145085.1	GCF_014145265.1	97-100	train	97.47	strict		NZ_JAALDY010000100.1	NZ_JAALEE010000095.1	98.5221	98.8436	0.5691	0.5937	0.03448	97.366	324	0.9738	69	0.487	0.9279	98.3776	99.01	0.2651	3.71	AlfI:99.02,AloI:98.95,BcgI:98.76,FalI:98.97	3455	324	3558	48	8.92901	ok	98.5221	gamma	98.5008	97.49	74.98	96.7395	561	870
GCF_014145165.1__GCF_014145265.1	GCF_014145165.1	GCF_014145265.1	97-100	train	98.1	strict		NZ_JAALEB010000100.1	NZ_JAALEE010000095.1	98.9182	99.1889	0.6056	0.6126	0.02792	97.845	328	0.9788	59	0.294	0.9499	98.8176	99.3035	0.093	0.4	AlfI:99.25,AloI:99.16,BcgI:99.18,FalI:99.20	3635	328	3661	41	9.31098	ok	98.9182	gamma	98.9261	98.18	78.61	97.4725	568	802
GCF_014193045.1__GCF_014193085.1	GCF_014193045.1	GCF_014193085.1	97-100	train	98.24	strict		NZ_JACHYS010000001.1	NZ_JACHYT010000001.1	98.6522	98.8444	0.9502	0.9753	0.01862	98.277	36	0.9973	29	0.761	0.929	98.4908	98.9656	0.1899	2.67	AlfI:98.84,AloI:98.84,BcgI:98.82,FalI:99.01	10913	36	11896	1256	299.722	ok	98.6522	gamma	98.5568	98.35	93.14	98.2761	1840	1944
GCF_014195735.1__GCF_905367735.1	GCF_014195735.1	GCF_905367735.1	97-100	train	98.05	strict		NZ_JACICI010000001.1	NZ_HG999364.1	98.4016	98.6273	0.9278	0.9435	0.01993	97.8767	45	0.9969	34	0.918	0.9151	98.2201	98.7811	0.3394	6.06	AlfI:98.54,AloI:98.88,BcgI:98.65,FalI:98.72	11266	45	12519	1005	246.933	ok	98.4016	gamma	98.2875	98.14	90.17	97.9931	1480	1568
GCF_014200515.1__GCF_014200545.1	GCF_014200515.1	GCF_014200545.1	97-100	test	97.9	strict		NZ_JACHCA010000001.1	NZ_JACHCB010000001.1	97.3669	98.8659	0.8472	0.874	0.02929	98.1234	75	0.9911	39	0.161	0.9308	97.6896	99.3081	0.2043	1.74	AlfI:98.84,AloI:98.77,BcgI:98.82,FalI:98.97	4670	75	5229	235	59.08	ok	97.3669	gamma	97.8035	98.43	86.93	98.2443	1982	2283
GCF_014217915.1__GCF_014883915.1	GCF_014217915.1	GCF_014883915.1	97-100	train	97.22	strict		NZ_CP060120.1	NZ_CP062789.1	97.8696	98.3903	0.8984	0.8722	0.03048	97.7557	32	0.9945	31	0.631	0.8997	97.6237	98.7238	1.1226	10.04	AlfI:98.49,AloI:97.71,BcgI:98.34,FalI:98.83	5740	32	6636	846	175.344	ok	97.8696	gamma	97.7232	97.64	79.77	97.1771	1017	1123
GCF_014223895.1__GCF_014223915.1	GCF_014223895.1	GCF_014223915.1	97-100	test	99.96	strict		NZ_JAASUD010000010.1	NZ_JAASUB010000010.1	99.9743	99.9758	0.9611	0.951	0.0054	100.047	39	0.9971	8	0.07	0.9985	99.931	99.9878	0.0501	2.28	AlfI:99.98,AloI:99.94,BcgI:99.96,FalI:99.99	3038	39	2860	245	72.6923	ok	99.9743	gamma	99.9602	99.96	98.01	99.957	975	988
GCF_014230485.1__GCF_900461245.1	GCF_014230485.1	GCF_900461245.1	97-100	train	99.74	strict		NZ_JAAZWO010000010.1	NZ_UAWI01000011.1	99.8426	99.8793	0.926	0.9138	0.01265	99.8025	72	0.9944	15	0.07	0.9927	99.7482	99.9166	0.1421	1.45	AlfI:99.92,AloI:99.77,BcgI:99.87,FalI:99.89	2809	72	2755	182	37.7917	ok	99.8426	gamma	99.8084	99.67	94.07	99.6897	1361	1415
GCF_014268225.1__GCF_900591125.1	GCF_014268225.1	GCF_900591125.1	97-100	train	99.34	strict		NZ_JABWQC010000001.1	NZ_UUPO01000056.1	99.4578	99.4793	0.9488	0.9583	0.01204	98.9435	56	0.9976	28	1.014	0.9685	99.4339	99.4913	0.0899	0.91	AlfI:99.47,AloI:99.51,BcgI:99.49,FalI:99.42	11657	56	11902	1538	204.911	ok	99.4578	gamma	99.4783	99.23	94.87	99.2162	1893	1983
GCF_014299995.1__GCF_014696195.1	GCF_014299995.1	GCF_014696195.1	97-100	train	97.3	strict		NZ_JACJUZ010000082.1	NZ_JACJPT010000001.1	97.2641	98.607	0.5661	0.5342	0.05931	96.7088	110	0.9712	32	0.244	0.9143	97.3891	99.1214	0.2712	1.38	AlfI:98.76,AloI:98.60,BcgI:98.73,FalI:98.48	1936	110	1666	32	10.8	ok	97.2641	gamma	97.6023	97.37	71.18	97.3465	1390	1683
GCF_014635785.1__GCF_900187075.1	GCF_014635785.1	GCF_900187075.1	97-100	train	99.99	strict		NZ_BMDM01000001.1	NZ_LT906462.1	99.9999	99.9999	0.9763	0.965	0.47541	99.3462	16	0.9993	1	inf	1	99.9999	99.9999	0	0	AlfI:100.00,AloI:100.00,BcgI:100.00,FalI:100.00	1541	16	1540	319	96.1875	ok	99.9999	uniform	100	100	98.02	99.9959	788	792
GCF_014646715.1__GCF_018732265.1	GCF_014646715.1	GCF_018732265.1	97-100	train	97.36	strict		NZ_BMNU01000001.1	NZ_JAHIDY010000100.1	97.8782	98.1252	0.8803	0.8589	0.0261	97.2507	113	0.9904	85	1.434	0.8813	97.7024	98.3258	0.123	0.86	AlfI:98.11,AloI:98.23,BcgI:98.10,FalI:98.22	9089	113	10497	457	79	ok	97.8782	gamma	97.7815	97.34	81.97	97.2815	1737	1976
GCF_014695745.1__GCF_014696015.1	GCF_014695745.1	GCF_014696015.1	97-100	test	97.56	strict		NZ_JACJOV010000001.1	NZ_JACJPJ010000001.1	97.7668	98.3462	0.8368	0.8545	0.02856	97.5672	142	0.9933	44	0.571	0.8968	97.5974	98.6789	0.2318	1.01	AlfI:98.38,AloI:98.15,BcgI:98.35,FalI:98.35	7136	142	7972	245	47.2465	ok	97.7668	gamma	97.69	97.68	85.21	97.4945	2069	2360
GCF_014696495.1__GCF_014696565.1	GCF_014696495.1	GCF_014696565.1	97-100	test	99.99	strict		NZ_JACJQF010000001.1	NZ_JACJQK010000001.1	99.9987	99.9987	0.9774	0.9596	0.00071	100.238	125	0.9962	28	0.07	0.9999	99.9999	99.9984	0.0028	0.12	AlfI:100.00,AloI:100.00,BcgI:100.00,FalI:100.00	11807	125	7907	527	59.648	ok	99.9987	gamma	100	100	97.83	99.9958	3060	3089
GCF_014696905.1__GCF_014697485.1	GCF_014696905.1	GCF_014697485.1	97-100	train	98.4	strict		NZ_JACJQW010000001.1	NZ_JACJRY010000001.1	98.2756	99.1239	0.8081	0.8138	0.02505	98.3508	133	0.9852	67	0.166	0.947	98.2234	99.4198	0.2326	3.31	AlfI:99.11,AloI:98.98,BcgI:99.21,FalI:99.03	5238	133	5232	179	34.5414	ok	98.2756	gamma	98.3295	98.33	80.9	98.1838	2363	2766
GCF_014697225.1__GCF_014697285.1	GCF_014697225.1	GCF_014697285.1	97-100	train	99.99	strict		NZ_JACJRK010000001.1	NZ_JACJRN010000001.1	99.9985	99.9985	0.9875	0.9283	0.00067	99.5793	75	0.9991	9	0.07	0.9999	99.9969	99.9989	0.0136	0.61	AlfI:100.00,AloI:99.99,BcgI:100.00,FalI:100.00	10729	75	10673	1175	141.653	ok	99.9985	gamma	99.9994	100	93.92	99.9932	2200	2212
GCF_014697245.1__GCF_014697285.1	GCF_014697245.1	GCF_014697285.1	97-100	train	99.99	strict		NZ_JACJRL010000001.1	NZ_JACJRN010000001.1	99.9988	99.9988	0.9868	0.9832	0.00057	99.6809	82	0.9995	6	0.07	0.9999	99.9985	99.9989	0.0125	0.77	AlfI:100.00,AloI:99.99,BcgI:100.00,FalI:100.00	11184	82	11215	1171	135.122	ok	99.9988	gamma	100	99.98	99.44	99.9948	2329	2339
GCF_014841695.1__GCF_014842725.1	GCF_014841695.1	GCF_014842725.1	97-100	train	98.66	strict		NZ_JACYUJ010000001.1	NZ_JACYVT010000001.1	98.9507	99.0566	0.9169	0.9248	0.01746	98.4022	34	0.9979	21	0.807	0.9425	98.8894	99.108	0.1605	2.19	AlfI:99.05,AloI:99.19,BcgI:99.03,FalI:99.14	10006	34	10644	964	291.353	ok	98.9507	gamma	98.9521	98.7	91.21	98.5964	1456	1576
GCF_014841935.1__GCF_014842145.1	GCF_014841935.1	GCF_014842145.1	97-100	test	98.52	strict		NZ_JACYUV010000001.1	NZ_JACYVC010000001.1	99.0417	99.1343	0.9513	0.9576	0.017	98.6972	55	0.9964	34	0.783	0.9473	98.9703	99.1831	0.0785	0.35	AlfI:99.13,AloI:99.15,BcgI:99.13,FalI:99.20	9650	55	10221	1041	173.964	ok	99.0417	gamma	99.0324	98.65	94.25	98.632	1320	1380
GCF_014858715.1__GCF_018141345.1	GCF_014858715.1	GCF_018141345.1	97-100	train	97.92	strict		NZ_AQGY01000001.1	NZ_CP047237.1	97.8874	98.3067	0.9445	0.9637	0.03141	98.0624	47	0.9935	37	0.761	0.8951	97.6962	98.5783	0.2368	1.06	AlfI:98.35,AloI:98.48,BcgI:98.24,FalI:98.33	6035	47	6766	480	121.915	ok	97.8874	gamma	97.7967	97.9	92.3	97.8282	1686	1810
GCF_014897385.1__GCF_018333195.1	GCF_014897385.1	GCF_018333195.1	97-100	train	98.58	strict		NZ_JABUYK010000010.1	NZ_BORN01000001.1	98.7175	99.1938	0.7834	0.8317	0.02738	98.5061	95	0.9866	48	0.194	0.951	98.6213	99.3759	0.1878	1.21	AlfI:99.20,AloI:99.07,BcgI:99.25,FalI:99.17	4107	95	3980	388	38.0632	ok	98.7175	gamma	98.7334	98.28	84.74	98.193	1336	1604
GCF_015099135.1__GCF_900452265.1	GCF_015099135.1	GCF_900452265.1	97-100	test	99.95	strict		NZ_AP022665.1	NZ_UGNM01000005.1	99.9875	99.9877	0.898	0.9574	0.00235	99.6144	16	0.9982	13	0.07	0.9993	99.9791	99.9898	0.0213	0.36	AlfI:99.99,AloI:99.98,BcgI:99.99,FalI:100.00	7213	16	7096	1747	440.812	ok	99.9875	gamma	99.9891	99.86	94.84	99.8547	1621	1787
GCF_015163595.1__GCF_018457705.1	GCF_015163595.1	GCF_018457705.1	97-100	test	98.37	strict		NZ_JADDYH010000074.1	NZ_JAGDLB010000001.1	98.5455	98.7997	0.8478	0.9224	0.02696	98.2991	51	0.996	22	0.65	0.9267	98.3536	98.9598	0.3157	3.36	AlfI:98.68,AloI:98.55,BcgI:98.84,FalI:98.86	5648	51	6168	570	108.275	ok	98.5455	gamma	98.4492	98.42	90.49	98.2814	1583	1818
GCF_015477305.1__GCF_015478245.1	GCF_015477305.1	GCF_015478245.1	97-100	train	98.42	strict		NZ_JADLRL010000100.1	NZ_JADLPR010000010.1	98.7866	98.9457	0.8	0.9074	0.01672	97.8132	63	0.9977	28	0.807	0.9352	98.5885	99.0635	0.0613	0.67	AlfI:98.98,AloI:98.99,BcgI:98.93,FalI:98.95	12515	63	13318	1018	192.476	ok	98.7866	gamma	98.6495	98.4	87.33	98.2011	2143	2611
GCF_015548795.1__GCF_015559975.1	GCF_015548795.1	GCF_015559975.1	97-100	test	98.71	strict		NZ_JADMXR010000100.1	NZ_JADMQY010000010.1	98.6997	99.0914	0.7827	0.7835	0.02737	98.294	152	0.9889	44	0.286	0.9446	98.5348	99.2748	0.1353	0.74	AlfI:99.12,AloI:98.99,BcgI:99.12,FalI:99.07	4240	152	4520	110	26.7039	ok	98.6997	gamma	98.6423	98.5	80.43	98.5657	1477	1783
GCF_015552165.1__GCF_016899655.1	GCF_015552165.1	GCF_016899655.1	97-100	train	98.88	strict		NZ_JADNEE010000010.1	NZ_JACJIY010000010.1	99.1082	99.1739	0.8146	0.8389	0.04613	98.711	47	0.9945	7	0.973	0.9498	99.0199	99.2227	0.1509	0.28	AlfI:99.26,AloI:99.11,BcgI:99.18,FalI:99.16	1381	47	1425	98	28.0426	ok	99.1082	gamma	99.1821	98.58	86.93	98.5353	514	595
GCF_015560245.1__GCF_016642415.1	GCF_015560245.1	GCF_016642415.1	97-100	train	97.24	strict		NZ_JADMRL010000010.1	NZ_MRXY01000001.1	96.7301	98.2629	0.9097	0.9119	0.05678	97.8943	29	0.989	21	0.294	0.8922	96.9887	98.8846	0.2935	0.73	AlfI:98.06,AloI:98.33,BcgI:98.36,FalI:98.25	1962	29	2381	303	66	ok	96.7301	gamma	97.1749	97.43	86.72	97.4487	632	713
GCF_015698085.1__GCF_018967085.1	GCF_015698085.1	GCF_018967085.1	97-100	train	98.28	strict		NZ_BLYP01000001.1	NZ_JAHLXP010000100.1	98.0516	98.8642	0.5754	0.6017	0.05458	97.2465	108	0.9782	25	0.259	0.9312	97.8919	99.229	0.565	1.93	AlfI:98.68,AloI:98.40,BcgI:98.87,FalI:98.96	1801	108	1533	35	11.3981	ok	98.0516	gamma	98.1012	98.04	71.11	97.2192	413	519
GCF_015732195.1__GCF_015732255.1	GCF_015732195.1	GCF_015732255.1	97-100	train	97.93	strict		NZ_WIQO01000071.1	NZ_WIQP01000116.1	98.2271	98.6776	0.7356	0.7501	0.04824	97.7331	60	0.9831	31	0.487	0.9187	98.0278	98.9263	0.2428	0.51	AlfI:98.73,AloI:98.49,BcgI:98.69,FalI:98.63	1979	60	2171	157	30.9833	ok	98.2271	gamma	98.197	97.74	78	97.4319	784	951
GCF_015732255.1__GCF_015732315.1	GCF_015732255.1	GCF_015732315.1	97-100	train	97.85	strict		NZ_WIQP01000116.1	NZ_WIQS01000044.1	98.0326	98.6561	0.774	0.7955	0.04817	97.8975	75	0.9892	20	0.392	0.9174	97.8548	98.9717	0.4232	1.81	AlfI:98.72,AloI:98.98,BcgI:98.55,FalI:98.64	2017	75	2253	157	25.4	ok	98.0326	gamma	98.0249	97.62	82.55	97.4642	808	946
GCF_015767755.1__GCF_015767895.1	GCF_015767755.1	GCF_015767895.1	97-100	train	99.99	strict		NZ_CP065248.1	NZ_CP065261.1	99.9972	99.9973	0.9971	0.9955	0.0009	99.7134	13	0.9993	8	0.07	0.9998	99.9909	99.9989	0.0031	0.08	AlfI:100.00,AloI:100.00,BcgI:100.00,FalI:100.00	10872	13	10649	7902	821.615	ok	99.9972	gamma	99.996	100	99.57	99.994	2517	2552
GCF_016008155.1__GCF_016405785.1	GCF_016008155.1	GCF_016405785.1	97-100	test	98.87	strict		NZ_JADTVD010000001.1	NZ_JAEKCF010000001.1	98.8964	99.0916	0.918	0.9217	0.01893	98.5596	56	0.9959	33	0.516	0.9446	98.702	99.2124	0.3112	4.87	AlfI:99.04,AloI:99.28,BcgI:99.12,FalI:98.97	8242	56	8862	674	145.464	ok	98.8964	gamma	98.7747	98.75	89.04	98.5907	1562	1691
GCF_016028775.1__GCF_016127895.1	GCF_016028775.1	GCF_016127895.1	97-100	train	99.99	strict		NZ_CP065728.1	NZ_CP066057.1	99.9999	99.9999	0.988	0.9934	0.36687	99.6027	21	0.9927	19	inf	1	99.9999	99.9999	0	0	AlfI:100.00,AloI:100.00,BcgI:100.00,FalI:100.00	2676	21	2456	2194	124.238	ok	99.9999	uniform	100	100	99.56	99.9986	762	780
GCF_016584005.1__GCF_016584015.1	GCF_016584005.1	GCF_016584015.1	97-100	train	100	strict		NZ_NRSF01000001.1	NZ_NRSE01000001.1	99.9999	99.9999	0.9914	0.9915	0.18922	99.4759	33	0.9992	7	inf	1	99.9999	99.9999	0	0	AlfI:100.00,AloI:100.00,BcgI:100.00,FalI:100.00	8991	33	8969	1347	271.394	ok	99.9999	uniform	100	100	100	99.9964	1302	1308
GCF_016584005.1__GCF_016653175.1	GCF_016584005.1	GCF_016653175.1	97-100	train	100	strict		NZ_NRSF01000001.1	NZ_NHSC01000001.1	99.9999	99.9999	0.9913	0.9925	0.1893	99.4814	35	0.999	9	inf	1	99.9999	99.9999	0	0	AlfI:100.00,AloI:100.00,BcgI:100.00,FalI:100.00	8990	35	8962	1347	256	ok	99.9999	uniform	100	100	100	99.9971	1301	1308
GCF_016584015.1__GCF_016653175.1	GCF_016584015.1	GCF_016653175.1	97-100	train	100	strict		NZ_NRSE01000001.1	NZ_NHSC01000001.1	99.9999	99.9999	0.9917	0.9928	0.1893	99.4804	33	0.9992	7	inf	1	99.9999	99.9999	0	0	AlfI:100.00,AloI:100.00,BcgI:100.00,FalI:100.00	8988	33	8962	1347	271.455	ok	99.9999	uniform	100	100	99.98	99.9973	1301	1308
GCF_016649265.1__GCF_016649295.1	GCF_016649265.1	GCF_016649295.1	97-100	train	99.73	strict		NZ_JADKSQ010000001.1	NZ_JADKSS010000001.1	99.8149	99.8487	0.881	0.9109	0.00481	98.53	122	0.9973	57	0.07	0.9909	99.8004	99.8604	0.0401	2.53	AlfI:99.86,AloI:99.85,BcgI:99.84,FalI:99.88	21553	122	21082	1800	172.287	ok	99.8149	gamma	99.8205	99.66	90.33	99.6955	2640	2957
GCF_016697365.1__GCF_910574985.1	GCF_016697365.1	GCF_910574985.1	97-100	train	98.08	strict		NZ_CP065321.1	NZ_CAJTCQ010000001.1	98.9094	99.2315	0.6615	0.7074	0.02948	97.9556	55	0.9818	54	0.259	0.9528	98.7349	99.3876	0.0756	0.29	AlfI:99.27,AloI:99.24,BcgI:99.23,FalI:99.19	3253	55	3224	399	53.9636	ok	98.9094	gamma	98.8547	98.02	71.11	97.41	939	1267
GCF_016722985.1__GCF_017891745.1	GCF_016722985.1	GCF_017891745.1	97-100	test	98.82	strict		NZ_JAEQMZ010000001.1	NZ_JAESJV010000001.1	98.9586	99.1429	0.8427	0.8325	0.04561	98.7127	50	0.9955	6	0.473	0.9481	98.7828	99.2582	0.1237	0.14	AlfI:99.18,AloI:99.06,BcgI:99.12,FalI:99.15	1482	50	1522	82	27.5	ok	98.9586	gamma	98.9549	98.68	88.88	98.6599	803	853
GCF_016813095.1__GCF_016813775.1	GCF_016813095.1	GCF_016813775.1	97-100	test	100	strict		NZ_JAFBOK010000001.1	NZ_JAFBPQ010000001.1	99.9999	99.9999	0.9821	0.9944	0.21178	99.534	24	0.9996	3	inf	1	99.9999	99.9999	0	0	AlfI:100.00,AloI:100.00,BcgI:100.00,FalI:100.00	7233	24	7189	952	298.833	ok	99.9999	uniform	100	100	100	99.9973	1312	1334
GCF_016814495.1__GCF_016814565.1	GCF_016814495.1	GCF_016814565.1	97-100	train	100	strict		NZ_JAFBRD010000001.1	NZ_JAFBRF010000001.1	99.9999	99.9999	0.9966	0.9953	0.20541	99.5386	17	0.9997	2	inf	1	99.9999	99.9999	0	0	AlfI:100.00,AloI:100.00,BcgI:100.00,FalI:100.00	7659	17	7647	2602	449.059	ok	99.9999	uniform	100	100	99.96	99.996	1391	1393
GCF_016837165.1__GCF_016837225.1	GCF_016837165.1	GCF_016837225.1	97-100	train	99.86	strict		NZ_JACYLH010000001.1	NZ_JACYLK010000001.1	99.965	99.9673	0.8757	0.881	0.00561	99.6625	73	0.9967	11	0.07	0.998	99.9283	99.9771	0.0497	3.36	AlfI:99.99,AloI:99.94,BcgI:99.96,FalI:99.95	3633	73	3481	374	46.5342	ok	99.965	gamma	99.9558	99.84	94.57	99.7593	977	1042
GCF_016899785.1__GCF_904390235.1	GCF_016899785.1	GCF_904390235.1	97-100	train	97.97	strict		NZ_JACJJD010000100.1	NZ_CAJFLS010000001.1	98.609	98.7349	0.5729	0.6568	0.04063	97.2656	121	0.9762	59	1.224	0.9212	98.5317	98.8107	0.3111	3.5	AlfI:98.88,AloI:98.77,BcgI:98.57,FalI:98.64	2740	121	2824	69	20.9669	ok	98.609	gamma	98.6664	98.07	71.56	97.4397	831	1265
GCF_016909095.1__GCF_900156705.1	GCF_016909095.1	GCF_900156705.1	97-100	train	97.61	strict		NZ_JAFBFF010000001.1	NZ_FTOK01000033.1	98.0407	98.5365	0.8304	0.8935	0.04425	98.0724	35	0.9949	13	0.487	0.9087	97.9405	98.7842	0.2809	1.02	AlfI:98.35,AloI:98.63,BcgI:98.51,FalI:98.58	2628	35	2961	241	73.3143	ok	98.0407	gamma	98.0889	97.54	88.49	97.5732	773	885
GCF_016918045.1__GCF_018362795.1	GCF_016918045.1	GCF_018362795.1	97-100	train	99.1	strict		NZ_JAERTX010000012.1	NZ_JAGYYC010000013.1	99.3981	99.4882	0.9458	0.9475	0.01512	99.1887	46	0.9976	17	0.355	0.969	99.2594	99.5494	0.1126	2.15	AlfI:99.54,AloI:99.45,BcgI:99.47,FalI:99.56	7232	46	7482	695	155.239	ok	99.3981	gamma	99.3223	99.14	94.18	99.1587	1209	1264
GCF_016919465.1__GCF_900637875.1	GCF_016919465.1	GCF_900637875.1	97-100	train	98.92	strict		NZ_CP070357.1	NZ_LR134443.1	99.0683	99.2473	0.8855	0.871	0.01748	98.5386	51	0.9937	50	0.376	0.9541	98.9327	99.3392	0.3697	5.83	AlfI:99.21,AloI:99.09,BcgI:99.26,FalI:99.46	7998	51	8463	649	155.314	ok	99.0683	gamma	99.0017	98.9	83.73	98.7403	1354	1539
GCF_016949095.1__GCF_016949215.1	GCF_016949095.1	GCF_016949215.1	97-100	test	99.03	strict		NZ_JACGZZ010000001.1	NZ_JACGEP010000001.1	99.1899	99.5237	0.8477	0.8916	0.01603	98.9622	82	0.9954	27	0.097	0.9712	99.1559	99.6225	0.0805	0.37	AlfI:99.53,AloI:99.49,BcgI:99.52,FalI:99.57	6258	82	6269	587	72.0122	ok	99.1899	gamma	99.2287	98.94	91.01	98.8634	1355	1521
GCF_017052095.1__GCF_017052135.1	GCF_017052095.1	GCF_017052135.1	97-100	train	99.23	strict		NZ_JADWWF010000008.1	NZ_JADWWD010000008.1	99.3547	99.392	0.8691	0.951	0.01743	98.984	37	0.9972	18	0.892	0.9632	99.2949	99.4184	0.0293	0.14	AlfI:99.38,AloI:99.41,BcgI:99.40,FalI:99.38	6453	37	6699	858	173.216	ok	99.3547	gamma	99.3601	99.14	93.84	98.9878	1467	1665
GCF_017368495.1__GCF_017368515.1	GCF_017368495.1	GCF_017368515.1	97-100	train	99.98	strict		NZ_JAFNMB010000001.1	NZ_JAFNMA010000001.1	99.9892	99.9892	0.897	0.8953	0.0054	99.8924	60	0.9966	4	inf	0.9993	99.9612	99.9966	0.0169	0.08	AlfI:100.00,AloI:100.00,BcgI:99.99,FalI:99.98	1318	60	1275	75	20.4333	ok	99.9892	uniform	99.9894	99.99	99.27	99.9811	799	808
GCF_017368515.1__GCF_017368575.1	GCF_017368515.1	GCF_017368575.1	97-100	train	100	strict		NZ_JAFNMA010000001.1	NZ_JAFNMD010000001.1	99.9973	99.9973	0.9036	0.9061	0.00266	99.9435	57	0.9992	1	inf	0.9998	99.9999	99.9966	0.0101	0	AlfI:100.00,AloI:100.00,BcgI:99.99,FalI:100.00	1313	57	1271	75	21.7719	ok	99.9973	uniform	100	100	99.8	99.9983	806	812
GCF_017368655.1__GCF_900458695.1	GCF_017368655.1	GCF_900458695.1	97-100	train	99.58	strict		NZ_JAFNLT010000001.1	NZ_UHDS01000002.1	99.5546	99.731	0.8939	0.9308	0.02358	99.6113	27	0.9951	8	0.07	0.9837	99.4648	99.8035	0.0931	0.24	AlfI:99.73,AloI:99.65,BcgI:99.74,FalI:99.74	1703	27	1702	288	61.7037	ok	99.5546	gamma	99.5763	99.36	93.06	99.2618	905	974
GCF_017788805.1__GCF_900324035.1	GCF_017788805.1	GCF_900324035.1	97-100	train	99.37	strict		NZ_JAGIKT010000001.1	NZ_LS398110.1	99.5883	99.6261	0.8842	0.8666	0.00827	98.4429	150	0.9986	24	0.355	0.9774	99.54	99.648	0.0942	1.69	AlfI:99.62,AloI:99.69,BcgI:99.63,FalI:99.59	18191	150	17960	662	116.913	ok	99.5883	gamma	99.5728	99.26	86.39	99.1186	2325	2541
GCF_017815105.1__GCF_019048705.1	GCF_017815105.1	GCF_019048705.1	97-100	test	98.08	strict		NZ_JAGIQF010000010.1	NZ_CP077395.1	98.4699	98.7583	0.9328	0.9472	0.02402	98.3493	37	0.9974	18	0.631	0.9233	98.2686	98.9364	0.1965	2.33	AlfI:98.73,AloI:98.80,BcgI:98.74,FalI:98.92	7098	37	7895	690	189.811	ok	98.4699	gamma	98.3532	98.35	90.67	98.1303	1330	1412
GCF_017891645.1__GCF_017892725.1	GCF_017891645.1	GCF_017892725.1	97-100	train	99.28	strict		NZ_JAESJN010000001.1	NZ_JAESLQ010000001.1	99.3424	99.4957	0.9007	0.8723	0.03422	99.2713	36	0.9909	13	0.227	0.9696	99.187	99.5843	0.278	3.23	AlfI:99.63,AloI:99.67,BcgI:99.52,FalI:99.39	1510	36	1545	184	40.5	ok	99.3424	gamma	99.3302	99.12	90.31	99.0993	832	871
GCF_017916635.1__GCF_018440465.1	GCF_017916635.1	GCF_018440465.1	97-100	train	98.33	strict		NZ_JAFNBG010000001.1	NZ_JAFNJW010000001.1	98.4891	99.2724	0.9254	0.9099	0.021	98.8658	93	0.9907	51	0.117	0.9561	98.5345	99.5029	0.0707	0.47	AlfI:99.23,AloI:99.27,BcgI:99.27,FalI:99.30	5661	93	6111	373	59.6667	ok	98.4891	gamma	98.6271	98.78	92.04	98.7118	1594	1692
GCF_018068205.1__GCF_018771265.1	GCF_018068205.1	GCF_018771265.1	97-100	train	99.51	strict		NZ_JAGKNL010000010.1	NZ_CP076258.1	99.6526	99.6729	0.9198	0.9268	0.01735	99.5323	46	0.9958	15	0.571	0.9803	99.5197	99.7132	0.0906	1.78	AlfI:99.71,AloI:99.64,BcgI:99.62,FalI:99.70	3704	46	3697	497	78.3696	ok	99.6526	gamma	99.5925	99.32	89.16	99.3428	1336	1420
GCF_018327965.1__GCF_018328505.1	GCF_018327965.1	GCF_018328505.1	97-100	test	97.17	strict		NZ_BNKH01000001.1	NZ_BNLI01000001.1	97.516	97.8224	0.9494	0.9473	0.08261	97.9018	32	0.9907	10	1.434	0.8637	97.4099	98.0517	0.5995	0.45	AlfI:97.91,AloI:97.31,BcgI:97.70,FalI:97.85	1135	32	1323	119	34.375	ok	97.516	gamma	97.6482	97.48	96.77	97.4381	503	516
GCF_018458405.1__GCF_018779875.1	GCF_018458405.1	GCF_018779875.1	97-100	train	98.45	strict		NZ_JAGDJT010000001.1	NZ_JAGFOL010000001.1	98.5392	98.8243	0.8652	0.8852	0.02684	98.2755	60	0.9939	33	0.571	0.9283	98.3399	98.9972	0.2314	2.9	AlfI:98.81,AloI:98.71,BcgI:98.77,FalI:98.94	5557	60	6105	572	91.0833	ok	98.5392	gamma	98.4362	98.5	88.25	98.2642	1552	1759
GCF_018500245.1__GCF_018500355.1	GCF_018500245.1	GCF_018500355.1	97-100	test	97.84	strict		NZ_JAHCYX010000010.1	NZ_JAHCYS010000010.1	98.1211	98.6308	0.8916	0.9027	0.0511	98.4286	53	0.9915	15	0.441	0.917	97.9719	98.8914	0.6755	1.32	AlfI:98.73,AloI:99.27,BcgI:98.59,FalI:98.60	1885	53	2102	129	34	ok	98.1211	gamma	98.1497	98.23	95.85	98.2192	491	525
GCF_018500425.1__GCF_018500505.1	GCF_018500425.1	GCF_018500505.1	97-100	train	98.69	strict		NZ_JAHCYO010000010.1	NZ_JAHCYH010000100.1	98.5738	98.8207	0.8442	0.8237	0.05422	98.3739	47	0.9869	18	0.502	0.9289	98.6132	98.8979	0.9956	5.5	AlfI:98.90,AloI:99.60,BcgI:98.61,FalI:98.80	1487	47	1560	124	29.8298	ok	98.5738	gamma	98.7947	98.62	88.35	98.3655	457	516
GCF_018500425.1__GCF_018500565.1	GCF_018500425.1	GCF_018500565.1	97-100	train	98.66	strict		NZ_JAHCYO010000010.1	NZ_JAHCYG010000100.1	98.5866	98.851	0.8621	0.7916	0.05328	98.3505	40	0.9913	12	0.446	0.9308	98.6214	98.9339	0.3832	0.43	AlfI:98.88,AloI:99.05,BcgI:98.67,FalI:98.86	1485	40	1570	124	35.275	ok	98.5866	gamma	98.8019	98.65	83.92	98.3674	465	516
GCF_018500505.1__GCF_018500565.1	GCF_018500505.1	GCF_018500565.1	97-100	train	98.65	strict		NZ_JAHCYH010000100.1	NZ_JAHCYG010000100.1	98.6064	98.8347	0.8499	0.8044	0.05279	98.3573	51	0.9936	9	0.516	0.9298	98.6432	98.9048	0.5959	1.41	AlfI:98.88,AloI:99.03,BcgI:98.44,FalI:98.86	1550	51	1620	131	28.2157	ok	98.6064	gamma	98.8199	98.66	86.89	98.3649	463	504
GCF_018613105.1__GCF_018613245.1	GCF_018613105.1	GCF_018613245.1	97-100	test	99.92	strict		NZ_JAGGQY010000009.1	NZ_JAGGQO010000009.1	99.9729	99.9745	0.9108	0.8899	0.00394	99.685	118	0.9966	19	0.07	0.9984	99.9335	99.9854	0.0215	1.98	AlfI:99.98,AloI:99.96,BcgI:99.98,FalI:99.97	5888	118	5670	276	47.7712	ok	99.9729	gamma	99.9545	99.94	92.51	99.8875	1865	1987
GCF_018618015.1__GCF_018618055.1	GCF_018618015.1	GCF_018618055.1	97-100	test	99.99	strict		NZ_JACSLG010000001.1	NZ_JACSLI010000001.1	99.9999	99.9999	0.986	0.986	0.27414	99.5925	19	1	0	inf	1	99.9999	99.9999	0	0	AlfI:100.00,AloI:100.00,BcgI:100.00,FalI:100.00	4401	19	4385	1069	230	ok	99.9999	uniform	100	100	99.97	99.9983	922	922
GCF_018618505.1__GCF_018618595.1	GCF_018618505.1	GCF_018618595.1	97-100	test	99.15	strict		NZ_JACSMF010000001.1	NZ_JACSMK010000001.1	99.0377	99.2633	0.9531	0.8897	0.02503	99.1044	55	0.9917	33	0.274	0.955	98.9464	99.3597	0.3724	12.03	AlfI:99.11,AloI:99.24,BcgI:99.19,FalI:99.49	4565	55	4203	492	72.6909	ok	99.0377	gamma	99.0441	99.03	88.34	99.0308	933	973
GCF_018618605.1__GCF_018618725.1	GCF_018618605.1	GCF_018618725.1	97-100	train	98.85	strict		NZ_JACSMI010000001.1	NZ_JACSMP010000001.1	98.9056	99.1314	0.9208	0.9225	0.02746	98.9738	40	0.9927	28	0.355	0.9469	98.8301	99.2264	0.2743	2.8	AlfI:98.96,AloI:99.13,BcgI:99.12,FalI:99.24	4503	40	4148	408	96.55	ok	98.9056	gamma	98.9327	98.73	92.02	98.6699	950	1009
GCF_018618775.1__GCF_018618835.1	GCF_018618775.1	GCF_018618835.1	97-100	train	98.49	strict		NZ_JACSMW010000001.1	NZ_JACSMV010000001.1	98.8488	99.3703	0.8926	0.8744	0.02451	98.9407	47	0.9905	33	0.121	0.9614	98.8154	99.5382	0.1608	2.67	AlfI:99.41,AloI:99.34,BcgI:99.32,FalI:99.48	3567	47	3786	377	74.5745	ok	98.8488	gamma	98.9231	98.68	87.59	98.3669	924	996
GCF_018709825.1__GCF_018847015.1	GCF_018709825.1	GCF_018847015.1	97-100	train	99.98	strict		NZ_JABDHV010000001.1	NZ_CP072018.1	99.9943	99.9943	0.9577	0.9544	0.00215	100.019	71	0.9983	7	inf	0.9996	99.9845	99.9969	0.0135	0.84	AlfI:100.00,AloI:100.00,BcgI:99.99,FalI:100.00	4254	71	4119	259	57.9577	ok	99.9943	uniform	99.9947	99.96	98.08	99.984	997	1008
GCF_018847015.1__GCF_018847695.1	GCF_018847015.1	GCF_018847695.1	97-100	train	99.99	strict		NZ_CP072018.1	NZ_CP072048.1	99.9992	99.9992	0.9993	0.9993	0.00079	100.167	10	0.9979	9	inf	1	99.9962	99.9999	0.0027	0	AlfI:100.00,AloI:100.00,BcgI:100.00,FalI:100.00	4470	10	4216	4213	426.3	ok	99.9992	uniform	99.9998	100	100	99.9998	1056	1058
GCF_018861305.1__GCF_018861855.1	GCF_018861305.1	GCF_018861855.1	97-100	test	98.96	strict		NZ_JAHLDT010000001.1	NZ_JAHLDQ010000001.1	98.9197	99.3067	0.8417	0.8181	0.03034	98.7336	60	0.9869	34	0.178	0.9581	98.7973	99.4687	0.2975	2.37	AlfI:99.41,AloI:99.26,BcgI:99.12,FalI:99.33	2795	60	2870	176	43.7833	ok	98.9197	gamma	98.9238	98.86	82.79	98.6357	1440	1605
GCF_018912935.1__GCF_018913145.1	GCF_018912935.1	GCF_018913145.1	97-100	train	99.36	strict		NZ_JABAOU010000010.1	NZ_JABAPD010000010.1	99.477	99.6912	0.9386	0.9487	0.01875	99.6446	37	0.994	17	0.07	0.9813	99.4214	99.7618	0.1989	2.98	AlfI:99.75,AloI:99.74,BcgI:99.70,FalI:99.55	2885	37	2961	464	77.1622	ok	99.477	gamma	99.5098	99.45	95.48	99.409	605	638
GCF_018916835.1__GCF_900460335.1	GCF_018916835.1	GCF_900460335.1	97-100	train	98.56	strict		NZ_JAHLNM010000001.1	NZ_UHHZ01000002.1	98.2796	98.8286	0.8376	0.8085	0.05524	98.249	33	0.9941	8	0.345	0.9287	98.0702	99.1192	0.7405	1.7	AlfI:99.03,AloI:98.79,BcgI:98.29,FalI:98.85	1485	33	1584	225	41.7879	ok	98.2796	gamma	98.2746	98.32	82.6	98.3017	898	1023
GCF_018917405.1__GCF_900205915.1	GCF_018917405.1	GCF_900205915.1	97-100	train	99.16	strict		NZ_JAHLON010000001.1	NZ_OAOG01000111.1	99.1993	99.4457	0.7996	0.8451	0.02486	98.9464	147	0.9881	35	0.178	0.9664	99.0586	99.5624	0.1001	0.42	AlfI:99.43,AloI:99.36,BcgI:99.45,FalI:99.46	3381	147	3318	143	20.7823	ok	99.1993	gamma	99.1642	99.12	91.26	99.0255	1327	1526
GCF_019036895.1__GCF_019037115.1	GCF_019036895.1	GCF_019037115.1	97-100	train	98.36	strict		NZ_JAHHWV010000010.1	NZ_JAHHXI010000010.1	98.6993	98.9049	0.8897	0.9158	0.02594	98.5922	60	0.996	22	0.669	0.9331	98.4865	99.05	0.1123	0.45	AlfI:98.95,AloI:98.84,BcgI:98.89,FalI:98.91	6646	60	6128	310	91.9167	ok	98.6993	gamma	98.5803	98.3	87.51	98.2827	1616	1796
GCF_019052335.1__GCF_019127335.1	GCF_019052335.1	GCF_019127335.1	97-100	train	98.35	strict		NZ_JAHQUS010000100.1	NZ_JAHOEM010000100.1	98.7259	99.0168	0.7922	0.7525	0.02649	98.1822	165	0.9869	59	0.387	0.9402	98.6035	99.1521	0.3101	3.47	AlfI:99.13,AloI:98.82,BcgI:99.03,FalI:98.94	5027	165	5114	132	27.8364	ok	98.7259	gamma	98.7025	98.45	79.83	98.1716	1034	1207
GCF_900099475.1__GCF_902386265.1	GCF_900099475.1	GCF_902386265.1	97-100	test	98.97	strict		NZ_LT628269.1	NZ_CABMIG010000001.1	98.8859	99.5164	0.7514	0.7586	0.0315	98.6424	89	0.948	85	0.077	0.9709	98.8973	99.6952	0.1654	0.84	AlfI:99.54,AloI:99.61,BcgI:99.45,FalI:99.55	1770	89	1759	75	18.4045	ok	98.8859	gamma	99.0509	98.98	88.73	98.748	697	846
GCF_900101275.1__GCF_900110905.1	GCF_900101275.1	GCF_900110905.1	97-100	train	98.87	strict		NZ_FMUQ01000029.1	NZ_FOFH01000053.1	98.9638	99.1058	0.9144	0.881	0.03739	98.9266	51	0.987	27	0.65	0.9456	98.7742	99.2103	0.2156	1.85	AlfI:99.09,AloI:99.17,BcgI:99.03,FalI:99.25	2170	51	2285	125	41.3333	ok	98.9638	gamma	98.9143	98.71	90.85	98.7132	687	725
GCF_900102395.1__GCF_900112905.1	GCF_900102395.1	GCF_900112905.1	97-100	train	99.15	strict		NZ_FNBS01000156.1	NZ_FONI01000129.1	98.9402	99.5404	0.6939	0.698	0.03113	98.4265	124	0.9806	29	0.07	0.9724	98.9727	99.7094	0.1009	0.55	AlfI:99.59,AloI:99.50,BcgI:99.60,FalI:99.51	1797	124	1773	48	12.8306	ok	98.9402	gamma	99.1225	98.94	80.89	98.7731	675	817
GCF_900103075.1__GCF_900108235.1	GCF_900103075.1	GCF_900108235.1	97-100	test	99.99	strict		NZ_FNGQ01000001.1	NZ_FNUN01000011.1	99.9999	99.9999	0.9951	0.9967	0.18792	99.4724	13	0.9997	3	inf	1	99.9999	99.9999	0	0	AlfI:100.00,AloI:100.00,BcgI:100.00,FalI:100.00	9107	13	9058	2743	697.769	ok	99.9999	uniform	100	100	100	99.9981	1319	1325
GCF_900108495.1__GCF_900167315.1	GCF_900108495.1	GCF_900167315.1	97-100	train	99.99	strict		NZ_FNWT01000025.1	NZ_FUWQ01000015.1	99.9957	99.9957	0.9895	0.9904	0.00171	100.089	22	1	0	0.07	0.9997	99.9891	99.9974	0.0075	0.1	AlfI:99.99,AloI:100.00,BcgI:100.00,FalI:100.00	4595	22	4556	848	206.955	ok	99.9957	gamma	99.997	100	100	99.9951	660	664
GCF_900143165.1__GCF_900168305.1	GCF_900143165.1	GCF_900168305.1	97-100	train	98.24	strict		NZ_FRDO01000012.1	NZ_FVZJ01000032.1	98.2927	98.7442	0.9436	0.9066	0.02349	98.1719	45	0.9962	29	0.441	0.9222	98.1158	98.9802	0.1436	1.83	AlfI:98.77,AloI:98.76,BcgI:98.78,FalI:98.63	7672	45	8652	549	168.889	ok	98.2927	gamma	98.1995	98.3	87.3	98.1805	2140	2281
GCF_900143165.1__GCF_900221055.1	GCF_900143165.1	GCF_900221055.1	97-100	train	98.24	strict		NZ_FRDO01000012.1	NZ_OBQM01000032.1	98.2925	98.744	0.9436	0.9066	0.02349	98.1719	45	0.9962	29	0.441	0.9222	98.1156	98.9801	0.1436	1.82	AlfI:98.77,AloI:98.76,BcgI:98.78,FalI:98.63	7673	45	8651	549	168.844	ok	98.2925	gamma	98.1993	98.26	87.3	98.1786	2141	2281
GCF_900149465.2__GCF_900149615.1	GCF_900149465.2	GCF_900149615.1	97-100	train	98.73	strict		NZ_LT999998.1	NZ_FTPW01000003.1	98.8532	98.9714	0.9947	0.9904	0.05002	99.2476	5	0.9972	4	0.831	0.9372	98.8163	99.0253	0.2289	0.89	AlfI:98.86,AloI:98.81,BcgI:99.00,FalI:99.03	1476	5	1531	913	288	ok	98.8532	gamma	98.986	98.9	96.83	98.8033	356	358
GCF_900177895.1__GCF_900182485.2	GCF_900177895.1	GCF_900182485.2	97-100	train	98.52	strict		NZ_LT841137.1	NZ_FXUV02000107.1	98.5578	98.8914	0.8352	0.8466	0.04407	98.4584	57	0.9721	51	0.487	0.9324	98.3137	99.0881	0.2057	0.33	AlfI:98.92,AloI:98.96,BcgI:98.89,FalI:98.75	2104	57	2059	151	32.193	ok	98.5578	gamma	98.4772	98.63	91.89	98.3614	621	723
GCF_900197675.1__GCF_900197695.1	GCF_900197675.1	GCF_900197695.1	97-100	train	98.15	strict		NZ_FZMH01000060.1	NZ_FZLU01000074.1	98.6022	99.0307	0.814	0.8071	0.04969	98.4443	56	0.9844	20	0.294	0.9416	98.4292	99.2326	0.6925	0.8	AlfI:98.98,AloI:98.38,BcgI:99.04,FalI:99.07	1396	56	1485	106	23.5893	ok	98.6022	gamma	98.6215	98.63	87.25	98.233	441	499
GCF_900197825.1__GCF_900197835.1	GCF_900197825.1	GCF_900197835.1	97-100	test	99.97	strict		NZ_FZML01000068.1	NZ_FZMM01000078.1	99.9924	99.9924	0.9281	0.9275	0.00379	100.019	62	0.9925	13	inf	0.9995	99.9724	99.9976	0.0115	0.14	AlfI:99.99,AloI:100.00,BcgI:100.00,FalI:99.99	1861	62	1804	192	28.6452	ok	99.9924	uniform	99.9925	99.99	99.68	99.9584	674	694
GCF_900379805.1__GCF_900379975.1	GCF_900379805.1	GCF_900379975.1	97-100	train	99.95	strict		NZ_ORYH01000265.1	NZ_ORYX01000396.1	99.9946	99.9946	0.8937	0.888	0.00125	99.704	375	0.984	169	0.07	0.9997	99.9892	99.9959	0.0128	0.81	AlfI:99.99,AloI:99.99,BcgI:100.00,FalI:99.98	11718	375	10683	177	28.6427	ok	99.9946	gamma	99.9949	99.98	96.61	99.8693	1090	1239
GCF_900380115.1__GCF_900380205.1	GCF_900380115.1	GCF_900380205.1	97-100	train	99.96	strict		NZ_ORZN01000279.1	NZ_ORZV01000294.1	99.9939	99.9939	0.9404	0.94	0.00135	99.688	226	0.999	10	0.07	0.9996	99.9921	99.9944	0.0285	1.26	AlfI:99.99,AloI:100.00,BcgI:100.00,FalI:99.97	10493	226	10458	242	44.969	ok	99.9939	gamma	99.9969	99.98	98.71	99.9925	1103	1153
GCF_900447255.1__GCF_900475655.1	GCF_900447255.1	GCF_900475655.1	97-100	test	99.93	strict		NZ_UFYC01000003.1	NZ_LS483404.1	99.9486	99.9525	0.9687	0.9987	0.00608	100.036	16	0.9967	14	0.07	0.9971	99.9255	99.9592	0.0249	0.54	AlfI:99.96,AloI:99.94,BcgI:99.95,FalI:99.94	4263	16	4186	2034	264.812	ok	99.9486	gamma	99.9512	99.95	99.98	99.9186	778	808
GCF_900452285.1__GCF_900637935.1	GCF_900452285.1	GCF_900637935.1	97-100	test	98.77	strict		NZ_UGNP01000002.1	NZ_LR134474.1	97.8524	99.0094	0.8939	0.9461	0.0379	98.7449	29	0.9879	28	0.156	0.9398	97.9919	99.3673	0.4534	6.7	AlfI:99.12,AloI:99.23,BcgI:99.13,FalI:98.77	2585	29	2686	306	79.7586	ok	97.8524	gamma	98.1465	98.78	83.74	98.2197	870	996
GCF_900452545.1__GCF_900639855.1	GCF_900452545.1	GCF_900639855.1	97-100	train	99.99	strict		NZ_UGOB01000002.1	NZ_CAAAHW010000001.1	99.9999	99.9999	0.9713	0.9783	0.29963	99.5886	44	0.9889	42	inf	1	99.9999	99.9999	0	0	AlfI:100.00,AloI:100.00,BcgI:100.00,FalI:100.00	4056	44	3781	673	86.4091	ok	99.9999	uniform	100	100	100	99.9843	1287	1324
GCF_900452715.1__GCF_900640165.1	GCF_900452715.1	GCF_900640165.1	97-100	test	99.97	strict		NZ_UGOG01000002.1	NZ_CAAAJG010000001.1	99.9768	99.978	0.9311	0.9488	0.00459	100	86	0.9761	84	0.07	0.9987	99.9484	99.9855	0.0312	3.46	AlfI:99.97,AloI:99.98,BcgI:99.99,FalI:99.96	3795	86	3498	189	40.907	ok	99.9768	gamma	99.9711	99.99	99.74	99.9173	1197	1275
GCF_900454805.1__GCF_900638655.1	GCF_900454805.1	GCF_900638655.1	97-100	train	98.94	strict		NZ_UGTK01000002.1	NZ_LR134531.1	98.9394	99.2146	0.9658	0.9735	0.02697	99.2188	12	0.9971	10	0.294	0.9523	98.7707	99.3487	0.4488	4.33	AlfI:99.18,AloI:98.84,BcgI:99.29,FalI:99.20	3650	12	3828	743	292.25	ok	98.9394	gamma	98.8794	98.86	95.13	98.8372	1279	1357
GCF_900475945.1__GCF_900625055.1	GCF_900475945.1	GCF_900625055.1	97-100	test	99.99	strict		NZ_LS483433.1	NZ_UYXW01000001.1	99.9862	99.9862	0.989	0.9911	0.00201	99.7777	76	0.9934	75	0.07	0.9992	99.994	99.9843	0.0123	0.95	AlfI:99.99,AloI:99.98,BcgI:99.98,FalI:99.99	11743	76	10956	1294	150.316	ok	99.9862	gamma	99.9979	99.99	99.98	99.9722	1912	1951
GCF_900489685.1__GCF_900489825.1	GCF_900489685.1	GCF_900489825.1	97-100	test	99.95	strict		NZ_LS483506.1	NZ_LS483515.1	99.9421	99.9421	0.9979	0.9979	0.02187	100.297	3	0.9955	2	inf	0.9965	99.7402	99.9999	0.0764	0	AlfI:100.00,AloI:100.00,BcgI:100.00,FalI:99.92	457	3	444	430	147.333	ok	99.9421	uniform	99.878	99.95	99.23	99.9245	357	358
GCF_900706845.1__GCF_902385615.1	GCF_900706845.1	GCF_902385615.1	97-100	train	99.97	strict		NZ_CAADJC010000001.1	NZ_CABMGD010000001.1	99.9807	99.9819	0.9732	0.9896	0.00315	99.96	39	0.9938	37	0.07	0.9989	99.9283	99.9952	0.0181	0.83	AlfI:99.98,AloI:99.97,BcgI:99.99,FalI:99.98	6040	39	5975	1254	152.359	ok	99.9807	gamma	99.9498	99.99	100	99.9622	1385	1438
GCF_902167775.1__GCF_902505515.1	GCF_902167775.1	GCF_902505515.1	97-100	test	98.53	strict		NZ_CABHND010000001.1	NZ_CABWKE010000001.1	98.8769	99.0618	0.7792	0.8618	0.0265	98.3735	60	0.9903	42	0.538	0.9425	98.7502	99.1603	0.239	2.15	AlfI:99.09,AloI:98.95,BcgI:99.09,FalI:98.86	4474	60	4691	302	72.4	ok	98.8769	gamma	98.8484	98.43	83.15	98.2146	732	895
GCF_902170705.1__GCF_902170775.1	GCF_902170705.1	GCF_902170775.1	97-100	train	99.97	strict		NZ_CABHYP010000001.1	NZ_CABHYN010000001.1	99.9901	99.9901	0.9243	0.8849	0.00256	99.7536	114	0.9985	7	inf	0.9994	99.9898	99.9901	0.0201	1.26	AlfI:99.99,AloI:99.97,BcgI:99.99,FalI:99.97	4915	114	4872	169	42.3333	ok	99.9901	uniform	99.9972	99.98	90.98	99.9428	1374	1415
GCF_902173115.1__GCF_902173195.1	GCF_902173115.1	GCF_902173195.1	97-100	train	99.48	strict		NZ_CABIHU010000001.1	NZ_CABIHQ010000001.1	99.5723	99.5936	0.8951	0.928	0.01741	99.3559	54	0.9988	5	0.783	0.9755	99.461	99.628	0.0522	0.11	AlfI:99.59,AloI:99.54,BcgI:99.60,FalI:99.60	4369	54	4464	384	79.3148	ok	99.5723	gamma	99.5313	99.44	94.96	99.3538	1346	1446
GCF_902705905.1__GCF_902706055.1	GCF_902705905.1	GCF_902706055.1	97-100	train	100	strict		NZ_CACSIS010000001.1	NZ_CACSIY010000001.1	99.9999	99.9999	0.9796	0.9784	0.18762	99.466	78	0.9993	6	inf	1	99.9999	99.9999	0	0	AlfI:100.00,AloI:100.00,BcgI:100.00,FalI:100.00	9192	78	9121	529	115.397	ok	99.9999	uniform	100	100	99.98	99.9978	1948	1958
GCF_902706345.1__GCF_902706445.1	GCF_902706345.1	GCF_902706445.1	97-100	test	100	strict		NZ_CACSKG010000001.1	NZ_CACSLA010000001.1	99.9999	99.9999	0.9823	0.9879	0.19277	99.4727	38	0.9997	3	inf	1	99.9999	99.9999	0	0	AlfI:100.00,AloI:100.00,BcgI:100.00,FalI:100.00	8714	38	8640	931	226.553	ok	99.9999	uniform	100	100	99.96	99.9952	1858	1864
GCF_902831645.1__GCF_902831665.1	GCF_902831645.1	GCF_902831665.1	97-100	train	98.25	strict		NZ_CADEYP010000001.1	NZ_CADEYJ010000001.1	98.6868	98.8319	0.826	0.8794	0.01585	97.5702	144	0.9917	124	1.014	0.9284	98.5175	98.9393	0.2525	6.87	AlfI:98.89,AloI:98.88,BcgI:98.79,FalI:99.04	15440	144	16440	650	104.299	ok	98.6868	gamma	98.5733	98.34	84.69	97.937	2292	2716
GCF_902832755.1__GCF_902832795.1	GCF_902832755.1	GCF_902832795.1	97-100	train	99.2	strict		NZ_CADFCX010000001.1	NZ_CADFCV010000001.1	99.4549	99.4743	0.8904	0.9298	0.00937	98.2383	67	0.9975	47	1.107	0.9683	99.4458	99.4817	0.1189	1.91	AlfI:99.45,AloI:99.49,BcgI:99.48,FalI:99.57	19485	67	19613	1368	284.149	ok	99.4549	gamma	99.4802	99.03	91.46	99.1001	2163	2399
GCF_904382665.1__GCF_904419395.1	GCF_904382665.1	GCF_904419395.1	97-100	train	98.77	strict		NZ_CAJFJF010000001.1	NZ_CAJFRM010000001.1	99.2939	99.4058	0.4552	0.6348	0.03152	97.7827	219	0.9296	133	0.335	0.9635	99.229	99.4569	0.1295	0.52	AlfI:99.43,AloI:99.33,BcgI:99.40,FalI:99.46	2378	219	2085	33	9.02283	ok	99.2939	gamma	99.3486	98.88	93.09	98.2206	474	938
GCF_904842695.1__GCF_904848685.1	GCF_904842695.1	GCF_904848685.1	97-100	train	97.51	strict		NZ_CAJGWQ010000001.1	NZ_CAJHCF010000001.1	97.9936	98.3695	0.888	0.8845	0.03406	97.9069	61	0.9918	37	0.761	0.8981	97.8546	98.5889	0.3106	2.05	AlfI:98.44,AloI:98.57,BcgI:98.32,FalI:98.63	4559	61	5237	301	73.9672	ok	97.9936	gamma	97.9638	97.47	83.57	97.5227	683	765
GCF_905109795.1__GCF_905113005.1	GCF_905109795.1	GCF_905113005.1	97-100	train	99.92	strict		NZ_CAJHKM010000001.1	NZ_CAJHLO010000001.1	99.9678	99.9678	0.9664	0.9843	0.00644	100.149	12	0.9996	1	inf	0.998	99.9754	99.9658	0.0149	0.23	AlfI:99.98,AloI:99.97,BcgI:99.96,FalI:99.97	3225	12	2678	674	220.5	ok	99.9678	uniform	99.9916	99.97	99.76	99.9529	675	691
