pairid	q_acc	r_acc	status	syn2b_breakpoints	syn2b_scj_distance	syn2b_breakpoint_density	syn2b_inverted_fraction	syn2b_orientation_mismatches	syn2b_orientation_uninformative	syn2b_observable_fraction	syn2b_observable_adjacencies	syn2b_structural	syn2b_shared_tags	syn2b_repeats_dropped	syn2b_landmarks_collapsed	syn2b_circular
GCA_000319535.1__GCA_000319555.1	GCA_000319535.1	GCA_000319555.1	ok	160	321	0.04098	0.08402	328	0	1.0000	3898	0.9209	3904	146	719	false
GCA_000340945.1__GCF_008638355.1	GCA_000340945.1	GCF_008638355.1	ok	32	325	0.00951	0.45541	1532	0	0.9191	3055	0.9037	3364	84	991	false
GCA_000484895.1__GCA_000484935.1	GCA_000484895.1	GCA_000484935.1	ok	1	23	0.00658	0.28289	43	0	0.8217	106	0.8284	152	9	37	false
GCA_001312785.1__GCF_001286765.1	GCA_001312785.1	GCF_001286765.1	ok	3	150	0.00150	0.40249	807	0	0.9291	1836	0.9246	2005	4	504	false
GCA_001914055.1__GCF_001810345.1	GCA_001914055.1	GCF_001810345.1	ok	3	12	0.00474	0.19431	123	0	0.9952	619	0.9809	633	5	150	false
GCA_001914055.1__GCF_014931375.1	GCA_001914055.1	GCF_014931375.1	ok	0	13	0.00000	0.41104	268	0	0.9800	638	0.9801	652	14	143	false
GCA_001916175.1__GCA_003150745.1	GCA_001916175.1	GCA_003150745.1	ok	17	68	0.03991	0.48826	208	0	0.9403	378	0.8415	426	34	118	false
GCA_002169705.1__GCA_902510115.1	GCA_002169705.1	GCA_902510115.1	ok	0	33	0.00000	0.35983	86	0	0.8923	174	0.8458	239	7	66	false
GCA_002170515.2__GCA_002722675.1	GCA_002170515.2	GCA_002722675.1	ok	1	80	0.00122	0.42892	353	0	0.9828	687	0.8956	823	41	311	false
GCA_002279115.1__GCF_004361875.1	GCA_002279115.1	GCF_004361875.1	ok	8	191	0.00534	0.47698	715	0	0.8702	1294	0.8724	1499	25	574	false
GCA_002279345.1__GCF_000701585.1	GCA_002279345.1	GCF_000701585.1	ok	45	222	0.01077	0.39110	1634	0	0.9847	3990	0.9468	4178	53	1695	false
GCA_002320115.1__GCA_014871775.1	GCA_002320115.1	GCA_014871775.1	ok	0	309	0.00000	0.46771	478	0	0.9930	705	0.6953	1022	11	637	false
GCA_002333025.1__GCA_002477715.1	GCA_002333025.1	GCA_002477715.1	ok	48	330	0.02178	0.48639	1072	0	0.8744	1893	0.8504	2204	5	1021	false
GCA_002335285.1__GCA_002786815.1	GCA_002335285.1	GCA_002786815.1	ok	2	296	0.00091	0.46308	1016	0	0.9556	1807	0.8600	2194	35	563	false
GCA_002352305.1__GCA_002393005.1	GCA_002352305.1	GCA_002393005.1	ok	9	202	0.00649	0.47296	656	0	0.9352	1126	0.8478	1387	3	551	false
GCA_002376145.1__GCA_002477085.1	GCA_002376145.1	GCA_002477085.1	ok	4	58	0.00303	0.46177	610	0	0.9730	1263	0.9560	1321	2	278	false
GCA_002392085.1__GCA_012840325.1	GCA_002392085.1	GCA_012840325.1	ok	13	215	0.00753	0.45191	780	0	0.9441	1369	0.8648	1726	16	713	false
GCA_002396445.1__GCA_002477705.1	GCA_002396445.1	GCA_002477705.1	ok	5	190	0.00166	0.45515	1375	0	0.9643	2809	0.9366	3021	29	1756	false
GCA_002419425.1__GCA_004138125.1	GCA_002419425.1	GCA_004138125.1	ok	8	69	0.00470	0.47297	805	0	0.9903	1638	0.9594	1702	25	496	false
GCA_002422665.1__GCA_019104985.1	GCA_002422665.1	GCA_019104985.1	ok	2	151	0.00409	0.47444	232	0	0.8587	243	0.6262	489	25	125	false
GCA_002483985.1__GCA_018372705.1	GCA_002483985.1	GCA_018372705.1	ok	8	347	0.00814	0.47813	470	0	0.9796	624	0.6408	983	3	279	false
GCA_002490885.1__GCA_900540065.1	GCA_002490885.1	GCA_900540065.1	ok	5	85	0.00266	0.49416	930	0	0.9671	1762	0.9540	1882	5	602	false
GCA_002496085.1__GCA_002507035.1	GCA_002496085.1	GCA_002507035.1	ok	6	163	0.00548	0.49177	538	0	0.9025	842	0.8402	1094	7	280	false
GCA_002684675.1__GCA_002690525.1	GCA_002684675.1	GCA_002690525.1	ok	3	79	0.00305	0.38821	382	0	0.9678	842	0.9143	984	117	230	false
GCA_002689755.1__GCA_011522785.1	GCA_002689755.1	GCA_011522785.1	ok	3	157	0.00267	0.47059	528	0	0.9333	854	0.8458	1122	25	315	false
GCA_002704555.1__GCA_003212435.1	GCA_002704555.1	GCA_003212435.1	ok	0	42	0.00000	0.36364	136	0	0.8920	289	0.8761	374	19	119	false
GCA_002706995.1__GCF_014334315.1	GCA_002706995.1	GCF_014334315.1	ok	24	129	0.00768	0.33397	1044	0	0.9977	3024	0.9588	3126	129	1215	false
GCA_002710335.1__GCA_003509725.1	GCA_002710335.1	GCA_003509725.1	ok	0	84	0.00000	0.46914	266	0	0.9608	417	0.8330	567	19	237	false
GCA_002710405.1__GCA_902635265.1	GCA_002710405.1	GCA_902635265.1	ok	1	13	0.00833	0.44167	53	0	0.8860	101	0.8870	120	3	24	false
GCA_002998695.1__GCA_900176625.1	GCA_002998695.1	GCA_900176625.1	ok	2	8	0.00236	0.17473	148	0	0.9953	842	0.9906	847	37	158	false
GCA_003216875.1__GCF_000015685.1	GCA_003216875.1	GCF_000015685.1	ok	4	43	0.00787	0.48819	248	0	1.0000	472	0.9159	508	7	109	false
GCA_003218855.1__GCA_003219305.1	GCA_003218855.1	GCA_003219305.1	ok	2	219	0.00136	0.48742	717	0	0.9498	1116	0.8371	1471	27	495	false
GCA_003219305.1__GCA_003219835.1	GCA_003219305.1	GCA_003219835.1	ok	2	241	0.00127	0.48066	758	0	0.9550	1209	0.8358	1577	25	579	false
GCA_003241705.1__GCA_009996505.1	GCA_003241705.1	GCA_009996505.1	ok	19	572	0.00458	0.49795	2065	0	0.9934	3590	0.8619	4147	114	1818	false
GCA_003241705.1__GCF_018403535.1	GCA_003241705.1	GCF_018403535.1	ok	21	577	0.00475	0.48224	2132	0	0.9964	3861	0.8694	4421	128	1870	false
GCA_003281865.1__GCA_902559135.1	GCA_003281865.1	GCA_902559135.1	ok	0	43	0.00000	0.43787	148	0	0.9316	286	0.8701	338	0	56	false
GCA_003316735.1__GCF_000585195.1	GCA_003316735.1	GCF_000585195.1	ok	0	9	0.00000	0.43367	255	0	0.9965	567	0.9844	588	19	101	false
GCA_003316735.1__GCF_000648635.1	GCA_003316735.1	GCF_000648635.1	ok	0	17	0.00000	0.31261	186	0	0.9810	569	0.9710	595	8	85	false
GCA_003445605.1__GCA_012521055.1	GCA_003445605.1	GCA_012521055.1	ok	1	113	0.00198	0.45257	229	0	0.7125	280	0.7366	506	16	215	false
GCA_003445875.1__GCF_000803025.1	GCA_003445875.1	GCF_000803025.1	ok	0	90	0.00000	0.41471	141	0	0.5372	130	0.6578	340	14	109	false
GCA_003446955.1__GCA_017528775.1	GCA_003446955.1	GCA_017528775.1	ok	NA	NA	NA	NA	NA	NA	NA	NA	NA	0	0	0	false
GCA_003455175.1__GCA_902773985.1	GCA_003455175.1	GCA_902773985.1	ok	1	160	0.00109	0.47935	441	0	0.7962	664	0.8137	920	8	214	false
GCA_003483435.1__GCA_018265295.1	GCA_003483435.1	GCA_018265295.1	ok	4	172	0.00254	0.49714	783	0	0.9093	1353	0.8877	1575	16	639	false
GCA_003526165.1__GCF_900104195.1	GCA_003526165.1	GCF_900104195.1	ok	0	177	0.00000	0.41100	254	0	0.9857	414	0.7010	618	15	146	false
GCA_003535915.1__GCF_018618775.1	GCA_003535915.1	GCF_018618775.1	ok	3	14	0.00173	0.39701	690	0	0.9983	1721	0.9919	1738	8	410	false
GCA_003535915.1__GCF_018618835.1	GCA_003535915.1	GCF_018618835.1	ok	1	29	0.00060	0.35693	595	0	0.9855	1631	0.9825	1667	10	416	false
GCA_003537795.1__GCA_900544035.1	GCA_003537795.1	GCA_900544035.1	ok	2	31	0.00735	0.38971	106	0	0.9520	238	0.8839	272	4	64	false
GCA_004213165.1__GCF_001632025.1	GCA_004213165.1	GCF_001632025.1	ok	0	86	0.00000	0.46328	574	0	0.9948	1141	0.9300	1239	17	431	false
GCA_004214085.1__GCA_018647415.1	GCA_004214085.1	GCA_018647415.1	ok	0	33	0.00000	0.33113	100	0	0.9850	262	0.8885	302	0	52	false
GCA_004214085.1__GCA_018655425.1	GCA_004214085.1	GCA_018655425.1	ok	0	35	0.00000	0.32441	97	0	0.9583	253	0.8797	299	0	52	false
GCA_004376705.1__GCA_019057855.1	GCA_004376705.1	GCA_019057855.1	ok	0	109	0.00000	0.46923	244	0	0.7346	263	0.7322	520	4	104	false
GCA_004553245.1__GCA_905211025.1	GCA_004553245.1	GCA_905211025.1	ok	15	128	0.01105	0.44952	610	0	0.9556	1227	0.9046	1357	36	509	false
GCA_004557765.1__GCA_905203325.1	GCA_004557765.1	GCA_905203325.1	ok	0	141	0.00000	0.49117	445	0	0.9594	733	0.8390	906	16	264	false
GCA_004560015.1__GCA_015655785.1	GCA_004560015.1	GCA_015655785.1	ok	13	141	0.01764	0.38942	287	0	0.8133	588	0.8084	737	21	265	false
GCA_004563465.1__GCA_018916745.1	GCA_004563465.1	GCA_018916745.1	ok	10	155	0.01572	0.46855	298	0	0.8594	379	0.7151	636	17	203	false
GCA_007096815.1__GCF_014218765.1	GCA_007096815.1	GCF_014218765.1	ok	124	477	0.10000	0.46694	579	0	0.8746	872	0.6175	1240	101	275	false
GCA_007122115.1__GCF_000337715.1	GCA_007122115.1	GCF_000337715.1	ok	8	383	0.00474	0.49882	842	0	0.7474	1225	0.7696	1688	38	875	false
GCA_007845265.1__GCA_015257495.1	GCA_007845265.1	GCA_015257495.1	ok	1	34	0.00360	0.29496	82	0	0.9840	246	0.8781	278	3	53	false
GCA_007845345.1__GCA_015257495.1	GCA_007845345.1	GCA_015257495.1	ok	1	48	0.00441	0.35683	81	0	0.7668	171	0.7867	227	4	49	false
GCA_008033035.1__GCF_009740305.1	GCA_008033035.1	GCF_009740305.1	ok	7	38	0.01728	0.34568	140	0	0.9307	376	0.9071	405	32	87	false
GCA_008662055.1__GCF_003428235.1	GCA_008662055.1	GCF_003428235.1	ok	5	224	0.00293	0.48183	822	0	1.0000	1488	0.8688	1706	30	805	false
GCA_009711595.1__GCA_017751145.1	GCA_009711595.1	GCA_017751145.1	ok	11	62	0.01370	0.28020	225	0	0.9476	760	0.9238	803	52	92	false
GCA_009835815.1__GCA_011523455.1	GCA_009835815.1	GCA_011523455.1	ok	6	267	0.00204	0.47928	1411	0	0.9363	2352	0.8995	2944	110	1094	false
GCA_009837505.1__GCA_009839875.1	GCA_009837505.1	GCA_009839875.1	ok	1	229	0.00075	0.48872	650	0	0.8344	952	0.8114	1330	72	664	false
GCA_009838445.1__GCA_009840025.1	GCA_009838445.1	GCA_009840025.1	ok	5	249	0.00265	0.48834	921	0	0.9643	1566	0.8630	1886	29	715	false
GCA_009842195.1__GCA_009844335.1	GCA_009842195.1	GCA_009844335.1	ok	4	215	0.00216	0.46890	867	0	0.9053	1511	0.8769	1849	4	477	false
GCA_009996505.1__GCF_018403535.1	GCA_009996505.1	GCF_018403535.1	ok	14	94	0.00301	0.47282	2201	0	0.9935	4579	0.9798	4655	46	1876	false
GCA_012843005.1__GCA_018432545.1	GCA_012843005.1	GCA_018432545.1	ok	2	148	0.00181	0.48235	533	0	0.9711	941	0.8641	1105	30	269	false
GCA_013139715.1__GCA_013374455.1	GCA_013139715.1	GCA_013374455.1	ok	1	110	0.00212	0.49894	235	0	0.5467	193	0.6970	471	40	165	false
GCA_013139715.1__GCA_013374465.1	GCA_013139715.1	GCA_013374465.1	ok	2	77	0.00532	0.46277	174	0	0.5412	138	0.7116	376	33	140	false
GCA_013333095.2__GCA_015263645.1	GCA_013333095.2	GCA_015263645.1	ok	0	113	0.00000	0.48284	422	0	0.9554	728	0.8663	874	4	203	false
GCA_014803995.1__GCA_014804015.1	GCA_014803995.1	GCA_014804015.1	ok	37	107	0.02759	0.41834	561	0	0.9931	1297	0.9217	1341	211	500	false
GCA_014847535.1__GCA_900066535.1	GCA_014847535.1	GCA_900066535.1	ok	10	259	0.00847	0.49746	587	0	0.7649	872	0.7771	1180	108	348	false
GCA_014865025.1__GCA_905215165.1	GCA_014865025.1	GCA_905215165.1	ok	2	218	0.00188	0.49247	523	0	0.7633	761	0.7871	1062	6	200	false
GCA_014872635.1__GCA_018370735.1	GCA_014872635.1	GCA_018370735.1	ok	3	166	0.00325	0.47397	437	0	0.8060	702	0.8149	922	12	249	false
GCA_015259595.1__GCA_905372995.1	GCA_015259595.1	GCA_905372995.1	ok	0	125	0.00000	0.49070	501	0	0.9517	847	0.8723	1021	4	182	false
GCA_015295965.1__GCF_016919485.1	GCA_015295965.1	GCF_016919485.1	ok	80	528	0.02705	0.43727	1293	0	0.8559	2530	0.8252	2957	104	1021	false
GCA_015659075.1__GCA_910595815.1	GCA_015659075.1	GCA_910595815.1	ok	0	62	0.00000	0.45679	222	0	0.9493	393	0.8640	486	6	70	false
GCA_015661595.1__GCF_004209405.1	GCA_015661595.1	GCF_004209405.1	ok	0	66	0.00000	0.46366	689	0	0.9762	1396	0.9549	1486	14	351	false
GCA_015762695.1__GCA_015762725.1	GCA_015762695.1	GCA_015762725.1	ok	5	244	0.00278	0.11457	206	0	0.9928	1517	0.8611	1798	27	649	false
GCA_015999485.1__GCF_014269035.2	GCA_015999485.1	GCF_014269035.2	ok	24	87	0.00490	0.29473	1443	0	0.9920	4856	0.9823	4896	142	2250	false
GCA_016284805.1__GCA_902778395.1	GCA_016284805.1	GCA_902778395.1	ok	3	245	0.00288	0.48322	504	0	0.7265	635	0.7380	1043	50	314	false
GCA_016285435.1__GCA_017475125.1	GCA_016285435.1	GCA_017475125.1	ok	20	476	0.00581	0.48925	1684	0	0.9388	2809	0.8554	3442	141	1247	false
GCA_016287345.1__GCA_017527275.1	GCA_016287345.1	GCA_017527275.1	ok	19	107	0.01263	0.44282	666	0	0.9923	1421	0.9291	1504	27	486	false
GCA_016702805.1__GCA_016705825.1	GCA_016702805.1	GCA_016705825.1	ok	112	263	0.02604	0.41920	1803	0	0.9960	4244	0.9402	4301	321	1901	false
GCA_016780855.1__GCA_902539465.1	GCA_016780855.1	GCA_902539465.1	ok	3	85	0.00329	0.48189	439	0	0.9228	777	0.9027	911	9	439	false
GCA_016887665.1__GCF_007679725.1	GCA_016887665.1	GCF_007679725.1	ok	10	70	0.00426	0.47528	1115	0	0.9978	2281	0.9701	2346	27	1027	false
GCA_016887665.1__GCF_015143645.1	GCA_016887665.1	GCF_015143645.1	ok	11	77	0.00478	0.43913	1010	0	0.9807	2230	0.9665	2300	34	967	false
GCA_017388425.1__GCA_902773315.1	GCA_017388425.1	GCA_902773315.1	ok	0	246	0.00000	0.49782	570	0	0.7730	688	0.7518	1145	30	369	false
GCA_017394725.1__GCA_902778865.1	GCA_017394725.1	GCA_902778865.1	ok	5	96	0.00358	0.47350	661	0	0.9667	1279	0.9300	1396	37	409	false
GCA_017400085.1__GCA_017452065.1	GCA_017400085.1	GCA_017452065.1	ok	5	217	0.00353	0.45589	646	0	0.8288	1147	0.8444	1417	30	450	false
GCA_017413135.1__GCA_902756035.1	GCA_017413135.1	GCA_902756035.1	ok	13	105	0.00788	0.42753	705	0	0.9904	1551	0.9362	1649	23	520	false
GCA_017427085.1__GCA_017429405.1	GCA_017427085.1	GCA_017429405.1	ok	7	163	0.00346	0.48047	972	0	0.9968	1849	0.9187	2023	96	742	false
GCA_017437245.1__GCA_017505835.1	GCA_017437245.1	GCA_017505835.1	ok	5	167	0.00489	0.46477	475	0	0.8517	787	0.8291	1022	24	328	false
GCA_017445735.1__GCA_902762425.1	GCA_017445735.1	GCA_902762425.1	ok	3	243	0.00306	0.47347	464	0	0.6947	635	0.7376	980	20	318	false
GCA_017452065.1__GCA_017517885.1	GCA_017452065.1	GCA_017517885.1	ok	2	215	0.00165	0.49218	598	0	0.8453	880	0.8097	1215	17	385	false
GCA_017460465.1__GCA_017470205.1	GCA_017460465.1	GCA_017470205.1	ok	1	80	0.00108	0.50000	461	0	0.9474	774	0.9070	922	10	287	false
GCA_017480725.1__GCA_017635005.1	GCA_017480725.1	GCA_017635005.1	ok	0	111	0.00000	0.40186	606	0	0.9311	1365	0.9252	1508	176	386	false
GCA_017518545.1__GCA_902803705.1	GCA_017518545.1	GCA_902803705.1	ok	0	206	0.00000	0.47777	462	0	0.7731	552	0.7441	967	15	335	false
GCA_017531355.1__GCA_902774955.1	GCA_017531355.1	GCA_902774955.1	ok	11	302	0.00525	0.46374	972	0	0.8548	1737	0.8535	2096	35	985	false
GCA_017540405.1__GCA_902780895.1	GCA_017540405.1	GCA_902780895.1	ok	0	44	0.00000	0.38032	545	0	0.9978	1381	0.9691	1433	9	614	false
GCA_017743455.1__GCA_017743655.1	GCA_017743455.1	GCA_017743655.1	ok	16	297	0.00638	0.47805	1198	0	0.9373	1885	0.8657	2506	61	809	false
GCA_017854185.1__GCA_018667975.1	GCA_017854185.1	GCA_018667975.1	ok	0	183	0.00000	0.48600	243	0	0.4690	212	0.5978	500	16	95	false
GCA_017854335.1__GCA_018667975.1	GCA_017854335.1	GCA_018667975.1	ok	0	160	0.00000	0.49901	252	0	0.5135	209	0.6226	505	14	94	false
GCA_017958655.1__GCA_900321615.1	GCA_017958655.1	GCA_900321615.1	ok	0	128	0.00000	0.46688	296	0	0.7346	357	0.7571	634	19	309	false
GCA_017960495.1__GCA_017963185.1	GCA_017960495.1	GCA_017963185.1	ok	2	183	0.00246	0.49569	403	0	0.8101	499	0.7423	813	30	258	false
GCA_017983885.1__GCA_018241285.1	GCA_017983885.1	GCA_018241285.1	ok	12	275	0.00259	0.48792	2262	0	0.9932	4374	0.9407	4636	59	2023	false
GCA_018056875.1__GCA_018434395.1	GCA_018056875.1	GCA_018434395.1	ok	2	88	0.00312	0.47508	305	0	0.9472	538	0.8599	642	15	157	false
GCA_018265115.1__GCA_905209055.1	GCA_018265115.1	GCA_905209055.1	ok	22	121	0.01326	0.42978	713	0	0.9582	1559	0.9272	1659	14	906	false
GCA_018370735.1__GCA_905212425.1	GCA_018370735.1	GCA_905212425.1	ok	3	81	0.00307	0.44729	437	0	0.9631	887	0.9161	977	3	248	false
GCA_018374455.1__GCF_001053035.1	GCA_018374455.1	GCF_001053035.1	ok	3	30	0.00361	0.43029	358	0	0.9764	785	0.9631	832	11	190	false
GCA_018374935.1__GCA_018379525.1	GCA_018374935.1	GCA_018379525.1	ok	8	98	0.00480	0.46699	778	0	0.9780	1559	0.9406	1666	19	494	false
GCA_018378165.1__GCF_003992235.1	GCA_018378165.1	GCF_003992235.1	ok	3	28	0.00461	0.39017	254	0	0.9984	623	0.9568	651	4	90	false
GCA_018381885.1__GCF_001055885.1	GCA_018381885.1	GCF_001055885.1	ok	2	43	0.00332	0.29685	179	0	0.9387	551	0.9275	603	12	140	false
GCA_018433115.1__GCF_000213235.1	GCA_018433115.1	GCF_000213235.1	ok	1	173	0.00109	0.38913	358	0	0.7922	728	0.8122	920	26	197	false
GCA_018802285.1__GCF_015555385.1	GCA_018802285.1	GCF_015555385.1	ok	12	74	0.01028	0.29392	343	0	0.9554	1114	0.9371	1167	19	242	false
GCA_018970745.1__GCA_903885105.1	GCA_018970745.1	GCA_903885105.1	ok	2	410	0.00098	0.48110	980	0	0.7674	1485	0.7918	2037	57	978	false
GCA_019104985.1__GCF_001747495.1	GCA_019104985.1	GCF_001747495.1	ok	0	196	0.00000	0.49398	287	0	0.9809	359	0.6475	581	5	138	false
GCA_019113725.1__GCA_900554045.1	GCA_019113725.1	GCA_900554045.1	ok	15	216	0.00971	0.49385	763	0	0.8747	1299	0.8579	1545	39	1461	false
GCA_019113725.1__GCA_900753105.1	GCA_019113725.1	GCA_900753105.1	ok	12	297	0.00694	0.46301	801	0	0.9082	1336	0.8192	1730	41	1540	false
GCA_019115645.1__GCA_900754825.1	GCA_019115645.1	GCA_900754825.1	ok	10	149	0.01242	0.49193	396	0	0.9803	646	0.8104	805	9	181	false
GCA_019115645.1__GCA_905204375.1	GCA_019115645.1	GCA_905204375.1	ok	8	110	0.01108	0.40166	290	0	0.8475	578	0.8424	722	5	178	false
GCA_900299445.1__GCF_000350125.1	GCA_900299445.1	GCF_000350125.1	ok	0	267	0.00000	0.42265	265	0	0.9688	342	0.5623	627	0	66	false
GCA_900321465.1__GCA_902760985.1	GCA_900321465.1	GCA_902760985.1	ok	6	175	0.00293	0.46657	956	0	0.9925	1852	0.9135	2049	30	769	false
GCA_900467455.1__GCA_900470735.1	GCA_900467455.1	GCA_900470735.1	ok	10	47	0.00313	0.45019	1437	0	0.9940	3143	0.9852	3192	12	921	false
GCA_900471525.1__GCA_900473675.1	GCA_900471525.1	GCA_900473675.1	ok	53	184	0.01216	0.43782	1908	0	0.9904	4248	0.9580	4358	35	2594	false
GCA_900472885.1__GCF_001424085.1	GCA_900472885.1	GCF_001424085.1	ok	14	97	0.00217	0.42114	2721	0	0.9962	6367	0.9850	6461	31	2654	false
GCA_900539085.1__GCA_900756475.1	GCA_900539085.1	GCA_900756475.1	ok	2	75	0.00169	0.37257	440	0	0.9964	1104	0.9363	1181	3	440	false
GCA_900539085.1__GCA_905198335.1	GCA_900539085.1	GCA_905198335.1	ok	0	10	0.00000	0.11755	142	0	0.9967	1192	0.9917	1208	3	445	false
GCA_900540325.1__GCA_905211165.1	GCA_900540325.1	GCA_905211165.1	ok	5	78	0.00543	0.45109	415	0	0.9794	807	0.9121	920	7	291	false
GCA_900540445.1__GCA_905201945.1	GCA_900540445.1	GCA_905201945.1	ok	7	87	0.00564	0.45089	560	0	0.9966	1159	0.9298	1242	8	466	false
GCA_900541005.1__GCA_900763105.1	GCA_900541005.1	GCA_900763105.1	ok	3	141	0.00192	0.48430	756	0	0.9345	1399	0.9087	1561	19	751	false
GCA_900550655.1__GCA_905206645.1	GCA_900550655.1	GCA_905206645.1	ok	5	35	0.01779	0.40569	114	0	0.9403	252	0.8759	281	2	40	false
GCA_900554055.1__GCA_905211945.1	GCA_900554055.1	GCA_905211945.1	ok	4	91	0.01527	0.41603	109	0	0.5350	107	0.5826	262	3	37	false
GCA_900557325.1__GCF_015560245.1	GCA_900557325.1	GCF_015560245.1	ok	3	167	0.00452	0.44578	296	0	0.7119	467	0.7462	664	7	169	false
GCA_900557325.1__GCF_016642415.1	GCA_900557325.1	GCF_016642415.1	ok	2	164	0.00294	0.49192	335	0	0.9961	508	0.7552	681	6	165	false
GCA_900600405.1__GCF_014841705.1	GCA_900600405.1	GCF_014841705.1	ok	6	31	0.00152	0.27524	1085	0	0.9969	3916	0.9921	3942	14	1848	false
GCA_900758725.1__GCA_905204055.1	GCA_900758725.1	GCA_905204055.1	ok	4	148	0.00279	0.49025	704	0	0.9663	1203	0.8906	1436	5	722	false
GCA_900760895.1__GCA_905204055.1	GCA_900760895.1	GCA_905204055.1	ok	4	181	0.00277	0.47787	691	0	0.8888	1119	0.8635	1446	8	668	false
GCA_900762545.1__GCA_905207685.1	GCA_900762545.1	GCA_905207685.1	ok	19	110	0.02503	0.47694	362	0	0.9088	648	0.8529	759	48	481	false
GCA_900766445.1__GCA_905213715.1	GCA_900766445.1	GCA_905213715.1	ok	0	93	0.00000	0.43478	210	0	0.7809	310	0.7827	483	0	117	false
GCA_900767575.1__GCA_905211815.1	GCA_900767575.1	GCA_905211815.1	ok	5	54	0.00933	0.39552	212	0	0.9168	485	0.8991	536	4	99	false
GCA_900770465.1__GCA_905195055.1	GCA_900770465.1	GCA_905195055.1	ok	0	134	0.00000	0.49240	162	0	0.9586	162	0.5503	329	4	45	false
GCA_900772515.1__GCA_905209655.1	GCA_900772515.1	GCA_905209655.1	ok	8	197	0.00698	0.47731	547	0	0.8512	835	0.8133	1146	13	475	false
GCA_902515425.1__GCA_902521885.1	GCA_902515425.1	GCA_902521885.1	ok	0	22	0.00000	0.42021	79	0	0.9157	152	0.8757	188	1	24	false
GCA_902515425.1__GCA_902555725.1	GCA_902515425.1	GCA_902555725.1	ok	0	27	0.00000	0.25229	55	0	0.9055	182	0.8726	218	1	30	false
GCA_902515955.1__GCA_902603005.1	GCA_902515955.1	GCA_902603005.1	ok	1	30	0.00279	0.42618	153	0	0.9644	325	0.9155	359	0	71	false
GCA_902515955.1__GCA_902604595.1	GCA_902515955.1	GCA_902604595.1	ok	2	35	0.00581	0.28488	98	0	0.9620	304	0.8964	344	0	60	false
GCA_902518535.1__GCA_902521885.1	GCA_902518535.1	GCA_902521885.1	ok	0	20	0.00000	0.41975	68	0	0.9764	124	0.8621	162	0	17	false
GCA_902533225.1__GCA_902548635.1	GCA_902533225.1	GCA_902548635.1	ok	0	48	0.00000	0.40841	136	0	0.9435	267	0.8476	333	1	59	false
GCA_902541505.1__GCA_902579505.1	GCA_902541505.1	GCA_902579505.1	ok	2	35	0.00957	0.38756	81	0	0.8677	164	0.8250	209	0	18	false
GCA_902547785.1__GCA_902612225.1	GCA_902547785.1	GCA_902612225.1	ok	2	25	0.01626	0.26016	32	0	0.8491	90	0.7863	123	0	23	false
GCA_902550055.1__GCA_902556295.1	GCA_902550055.1	GCA_902556295.1	ok	0	23	0.00000	0.46018	52	0	0.9277	77	0.7745	113	0	22	false
GCA_902561665.1__GCA_902577125.1	GCA_902561665.1	GCA_902577125.1	ok	0	28	0.00000	0.28205	44	0	0.9677	120	0.8108	156	8	21	false
GCA_902564545.1__GCA_902613265.1	GCA_902564545.1	GCA_902613265.1	ok	0	28	0.00000	0.31186	92	0	0.9422	261	0.9034	295	0	40	false
GCA_902566515.1__GCA_902593595.1	GCA_902566515.1	GCA_902593595.1	ok	0	16	0.00000	0.42675	67	0	0.9571	134	0.8933	157	1	39	false
GCA_902568715.1__GCA_902614175.1	GCA_902568715.1	GCA_902614175.1	ok	1	25	0.00439	0.20614	47	0	0.9223	190	0.8848	228	0	37	false
GCA_902572765.1__GCA_902588785.1	GCA_902572765.1	GCA_902588785.1	ok	0	29	0.00000	0.41538	81	0	0.8960	155	0.8449	195	0	37	false
GCA_902582915.1__GCA_902602995.1	GCA_902582915.1	GCA_902602995.1	ok	0	21	0.00000	0.37500	57	0	0.9316	109	0.8421	152	2	20	false
GCA_902588785.1__GCA_902597835.1	GCA_902588785.1	GCA_902597835.1	ok	0	31	0.00000	0.39925	107	0	0.8960	224	0.8808	268	0	45	false
GCA_902597955.1__GCA_902622465.1	GCA_902597955.1	GCA_902622465.1	ok	0	30	0.00000	0.42164	113	0	0.9116	227	0.8846	268	0	27	false
GCA_902623315.1__GCA_902624565.1	GCA_902623315.1	GCA_902624565.1	ok	2	24	0.01389	0.38194	55	0	0.8387	104	0.8182	144	2	28	false
GCA_902758795.1__GCA_902767815.1	GCA_902758795.1	GCA_902767815.1	ok	18	76	0.00975	0.22252	411	0	0.9840	1789	0.9589	1847	26	669	false
GCA_902759045.1__GCA_902768775.1	GCA_902759045.1	GCA_902768775.1	ok	0	241	0.00000	0.48022	619	0	0.8376	892	0.7937	1289	13	442	false
GCA_902763715.1__GCA_902779435.1	GCA_902763715.1	GCA_902779435.1	ok	21	117	0.00826	0.49705	1264	0	0.9721	2439	0.9539	2543	31	1003	false
GCA_902767675.1__GCA_902770695.1	GCA_902767675.1	GCA_902770695.1	ok	9	33	0.00594	0.39868	604	0	0.9953	1482	0.9781	1515	23	496	false
GCA_902770275.1__GCA_902784825.1	GCA_902770275.1	GCA_902784825.1	ok	9	131	0.00330	0.46112	1257	0	0.9720	2571	0.9514	2726	40	1023	false
GCA_902771175.1__GCA_902798345.1	GCA_902771175.1	GCA_902798345.1	ok	6	84	0.00454	0.48336	639	0	0.9739	1230	0.9358	1322	26	385	false
GCA_902776575.1__GCA_902790225.1	GCA_902776575.1	GCA_902790225.1	ok	11	167	0.00972	0.46996	532	0	0.9151	905	0.8445	1132	22	429	false
GCA_902777565.1__GCA_902786375.1	GCA_902777565.1	GCA_902786375.1	ok	0	70	0.00000	0.43533	626	0	0.9560	1348	0.9509	1438	9	579	false
GCA_902778955.1__GCA_902800865.1	GCA_902778955.1	GCA_902800865.1	ok	3	151	0.00171	0.37350	654	0	0.9994	1597	0.9135	1751	16	627	false
GCA_902781695.1__GCA_902794995.1	GCA_902781695.1	GCA_902794995.1	ok	15	349	0.00419	0.44351	1586	0	0.9593	3136	0.8998	3576	62	1504	false
GCA_902784185.1__GCA_902784825.1	GCA_902784185.1	GCA_902784825.1	ok	5	130	0.00168	0.46465	1380	0	0.9775	2822	0.9559	2970	38	1032	false
GCA_902785195.1__GCA_902799115.1	GCA_902785195.1	GCA_902799115.1	ok	11	94	0.00502	0.49224	1078	0	0.9877	2084	0.9566	2190	55	549	false
GCA_902786495.1__GCA_902787845.1	GCA_902786495.1	GCA_902787845.1	ok	8	141	0.00413	0.49458	959	0	0.9386	1787	0.9269	1939	36	694	false
GCA_902790455.1__GCA_902794255.1	GCA_902790455.1	GCA_902794255.1	ok	4	551	0.00094	0.46626	1983	0	0.8920	3494	0.8654	4253	62	1316	false
GCA_902793085.1__GCA_902793625.1	GCA_902793085.1	GCA_902793625.1	ok	4	163	0.00195	0.49170	1007	0	0.9319	1847	0.9194	2048	20	723	false
GCA_903833345.1__GCA_903921545.1	GCA_903833345.1	GCA_903921545.1	ok	1	234	0.00117	0.47664	408	0	0.5694	320	0.6303	856	20	123	false
GCA_903833775.1__GCA_903922205.1	GCA_903833775.1	GCA_903922205.1	ok	NA	NA	NA	NA	NA	NA	NA	NA	NA	0	0	0	false
GCA_903873665.1__GCA_903900245.1	GCA_903873665.1	GCA_903900245.1	ok	0	244	0.00000	0.46455	1081	0	0.9511	2022	0.8928	2327	65	734	false
GCA_904373315.1__GCA_905207275.1	GCA_904373315.1	GCA_905207275.1	ok	0	42	0.00000	0.39659	163	0	0.9497	359	0.8953	411	6	63	false
GCA_905187715.1__GCF_002860845.1	GCA_905187715.1	GCF_002860845.1	ok	12	115	0.01253	0.43737	419	0	0.8889	840	0.8796	958	12	220	false
GCA_905199465.1__GCF_008831385.1	GCA_905199465.1	GCF_008831385.1	ok	6	21	0.00951	0.25198	159	0	0.9984	622	0.9670	631	11	130	false
GCA_905200075.1__GCF_015549175.1	GCA_905200075.1	GCF_015549175.1	ok	10	186	0.00555	0.45036	812	0	0.9064	1608	0.8967	1803	16	776	false
GCA_905207275.1__GCA_905214395.1	GCA_905207275.1	GCA_905214395.1	ok	1	50	0.00225	0.48090	214	0	0.9106	377	0.8834	445	7	59	false
GCA_905215445.1__GCF_003467795.1	GCA_905215445.1	GCF_003467795.1	ok	3	103	0.00182	0.46610	770	0	0.9546	1534	0.9371	1652	8	746	false
GCA_905372675.1__GCF_000318195.2	GCA_905372675.1	GCF_000318195.2	ok	29	123	0.01886	0.37126	571	0	0.9648	1451	0.9205	1538	35	511	false
GCA_910575095.1__GCA_910576525.1	GCA_910575095.1	GCA_910576525.1	ok	100	281	0.06993	0.48322	691	0	0.9873	1320	0.8132	1430	62	357	false
GCF_000010045.1__GCF_000378805.1	GCF_000010045.1	GCF_000378805.1	ok	19	41	0.00719	0.25530	674	1	0.9996	2638	0.9846	2641	76	648	false
GCF_000093165.1__GCF_014252515.1	GCF_000093165.1	GCF_014252515.1	ok	0	0	0.00000	0.00000	0	0	1.0000	182	1.0000	182	0	38	true
GCF_000162055.1__GCF_003350215.1	GCF_000162055.1	GCF_003350215.1	ok	13	138	0.00807	0.46865	755	0	0.9973	1484	0.9143	1611	12	405	false
GCF_000167395.1__GCF_016458385.1	GCF_000167395.1	GCF_016458385.1	ok	28	91	0.02806	0.36072	360	0	0.9654	949	0.9104	998	24	219	false
GCF_000235975.1__GCF_017312445.1	GCF_000235975.1	GCF_017312445.1	ok	29	101	0.00774	0.36555	1369	0	0.9898	3687	0.9731	3745	61	2320	false
GCF_000252835.1__GCF_016865275.1	GCF_000252835.1	GCF_016865275.1	ok	22	52	0.02945	0.06693	50	0	0.9852	734	0.9319	747	65	103	false
GCF_000264075.1__GCF_017897585.1	GCF_000264075.1	GCF_017897585.1	ok	12	84	0.00571	0.48597	1022	0	0.9902	2027	0.9600	2103	30	616	false
GCF_000312185.1__GCF_015207115.1	GCF_000312185.1	GCF_015207115.1	ok	174	649	0.14834	0.49702	583	0	0.9673	799	0.4922	1173	95	281	false
GCF_000314615.1__GCF_000369785.1	GCF_000314615.1	GCF_000369785.1	ok	4	40	0.00213	0.49094	921	0	1.0000	1842	0.9787	1876	30	481	false
GCF_000345605.2__GCF_004014595.1	GCF_000345605.2	GCF_004014595.1	ok	1	19	0.00180	0.48201	268	0	0.9773	517	0.9646	556	6	91	false
GCF_000348585.1__GCF_000775195.1	GCF_000348585.1	GCF_000775195.1	ok	4	107	0.00079	0.47771	2432	0	0.9996	4991	0.9790	5091	162	2912	false
GCF_000364285.1__GCF_900198355.1	GCF_000364285.1	GCF_900198355.1	ok	30	117	0.02904	0.42304	437	0	0.9959	969	0.8892	1033	78	234	false
GCF_000367805.1__GCF_002356075.1	GCF_000367805.1	GCF_002356075.1	ok	6	34	0.03191	0.48936	92	0	0.8449	158	0.8220	188	9	27	false
GCF_000368645.1__GCF_000964015.1	GCF_000368645.1	GCF_000964015.1	ok	5	46	0.00360	0.39265	545	0	1.0000	1348	0.9669	1388	28	384	false
GCF_000369145.1__GCF_013417805.1	GCF_000369145.1	GCF_013417805.1	ok	4	35	0.00231	0.38120	661	1	0.9821	1698	0.9798	1735	36	441	false
GCF_000369485.1__GCF_000369545.1	GCF_000369485.1	GCF_000369545.1	ok	10	25	0.00681	0.48910	718	0	0.9993	1462	0.9831	1468	49	450	false
GCF_000406205.1__GCF_009873225.1	GCF_000406205.1	GCF_009873225.1	ok	6	183	0.00223	0.46128	1239	0	0.9996	2513	0.9320	2686	49	726	false
GCF_000413375.1__GCF_002847685.1	GCF_000413375.1	GCF_002847685.1	ok	2	14	0.00081	0.28647	707	0	1.0000	2457	0.9943	2468	22	793	false
GCF_000452225.2__GCF_015668845.1	GCF_000452225.2	GCF_015668845.1	ok	4	66	0.00430	0.41461	386	0	0.9694	854	0.9279	931	18	125	false
GCF_000505765.1__GCF_007989265.1	GCF_000505765.1	GCF_007989265.1	ok	10	57	0.00389	0.46010	1182	0	0.9871	2522	0.9778	2569	9	1112	false
GCF_000506745.1__GCF_003599935.1	GCF_000506745.1	GCF_003599935.1	ok	16	136	0.01401	0.49737	568	0	0.9632	994	0.8781	1142	58	185	false
GCF_000519025.1__GCF_000526975.1	GCF_000519025.1	GCF_000526975.1	ok	2	75	0.00059	0.49777	1675	0	0.9894	3271	0.9776	3365	29	1015	false
GCF_000597925.1__GCF_002901665.1	GCF_000597925.1	GCF_002901665.1	ok	24	138	0.00510	0.39264	1847	0	0.9829	4595	0.9707	4704	96	1968	false
GCF_000613325.1__GCF_018127765.1	GCF_000613325.1	GCF_018127765.1	ok	68	183	0.04114	0.43255	715	0	0.9988	1606	0.8937	1653	100	511	false
GCF_000692275.1__GCF_001022525.2	GCF_000692275.1	GCF_001022525.2	ok	6	42	0.00240	0.35506	888	0	0.9864	2460	0.9832	2501	39	921	false
GCF_000719575.1__GCF_000721715.1	GCF_000719575.1	GCF_000721715.1	ok	54	176	0.01157	0.49743	2322	0	0.9950	4554	0.9624	4668	95	2197	false
GCF_000721345.1__GCF_000721625.1	GCF_000721345.1	GCF_000721625.1	ok	25	285	0.00420	0.49269	2931	0	0.9842	5612	0.9516	5949	102	1547	false
GCF_000738695.1__GCF_000988945.1	GCF_000738695.1	GCF_000988945.1	ok	74	968	0.01047	0.49632	3509	0	0.9989	6211	0.8638	7070	113	2303	false
GCF_000761335.1__GCF_008121555.1	GCF_000761335.1	GCF_008121555.1	ok	20	108	0.00405	0.36973	1825	0	0.9957	4840	0.9781	4936	68	2400	false
GCF_000803285.1__GCF_904887615.1	GCF_000803285.1	GCF_904887615.1	ok	9	41	0.00512	0.22014	387	0	0.9937	1725	0.9767	1758	28	377	false
GCF_000819905.1__GCF_013359465.2	GCF_000819905.1	GCF_013359465.2	ok	3	23	0.00175	0.40269	689	0	0.9959	1690	0.9865	1711	20	601	false
GCF_000819905.1__GCF_014634945.1	GCF_000819905.1	GCF_014634945.1	ok	0	13	0.00000	0.30398	573	0	0.9989	1869	0.9931	1885	6	574	false
GCF_000834105.1__GCF_014836545.1	GCF_000834105.1	GCF_014836545.1	ok	2	113	0.00064	0.43780	1369	0	0.9990	2986	0.9635	3127	18	1697	false
GCF_000877055.1__GCF_000937035.1	GCF_000877055.1	GCF_000937035.1	ok	2	148	0.00242	0.47394	391	0	0.8107	621	0.8129	825	63	208	false
GCF_001070785.1__GCF_003244735.1	GCF_001070785.1	GCF_003244735.1	ok	11	264	0.00294	0.46631	1744	0	0.9468	3414	0.9283	3740	29	2219	false
GCF_001263145.1__GCF_009902355.1	GCF_001263145.1	GCF_009902355.1	ok	6	32	0.00865	0.35447	246	0	0.9780	667	0.9538	694	16	104	false
GCF_001281205.1__GCF_006493415.1	GCF_001281205.1	GCF_006493415.1	ok	0	33	0.00000	0.48855	192	0	0.9944	355	0.9149	393	10	115	false
GCF_001282805.1__GCF_001461995.1	GCF_001282805.1	GCF_001461995.1	ok	40	190	0.00977	0.47789	1956	0	0.9836	3962	0.9538	4093	108	2144	false
GCF_001404815.1__GCF_015549285.1	GCF_001404815.1	GCF_015549285.1	ok	10	67	0.00922	0.45069	489	0	0.9808	1023	0.9380	1085	38	397	false
GCF_001425805.1__GCF_001514045.1	GCF_001425805.1	GCF_001514045.1	ok	54	160	0.00729	0.40000	2964	0	0.9951	7337	0.9785	7410	70	2176	false
GCF_001476555.1__GCF_003580695.1	GCF_001476555.1	GCF_003580695.1	ok	1	144	0.00160	0.36800	230	0	0.9442	457	0.7608	625	5	87	false
GCF_001510805.1__GCF_904887615.1	GCF_001510805.1	GCF_904887615.1	ok	9	37	0.00510	0.38492	679	0	0.9937	1732	0.9790	1764	20	373	false
GCF_001522845.1__GCF_900446275.1	GCF_001522845.1	GCF_900446275.1	ok	18	108	0.00364	0.47372	2343	0	0.9844	4867	0.9782	4946	159	3781	false
GCF_001528995.1__GCF_001636095.1	GCF_001528995.1	GCF_001636095.1	ok	15	96	0.00186	0.46851	3771	0	0.9914	7976	0.9881	8049	173	4434	false
GCF_001562845.1__GCF_016026575.1	GCF_001562845.1	GCF_016026575.1	ok	3	20	0.00334	0.47164	424	0	0.9833	883	0.9778	899	17	317	false
GCF_001573875.1__GCF_018916625.1	GCF_001573875.1	GCF_018916625.1	ok	8	84	0.01087	0.34647	255	0	0.9014	640	0.8841	736	30	133	false
GCF_001597285.1__GCF_900455475.1	GCF_001597285.1	GCF_900455475.1	ok	11	22	0.00278	0.09063	359	0	1.0000	3961	0.9945	3961	153	1630	true
GCF_001675095.1__GCF_003400125.1	GCF_001675095.1	GCF_003400125.1	ok	34	79	0.00463	0.07198	529	0	0.9992	7337	0.9893	7349	234	3137	false
GCF_001678995.1__GCF_002027585.1	GCF_001678995.1	GCF_002027585.1	ok	4	81	0.00235	0.46976	800	0	0.9793	1605	0.9519	1703	44	456	false
GCF_001681635.1__GCF_001682005.1	GCF_001681635.1	GCF_001682005.1	ok	20	73	0.00650	0.46879	1442	0	0.9951	3022	0.9763	3076	19	1189	false
GCF_001704385.2__GCF_900168155.1	GCF_001704385.2	GCF_900168155.1	ok	19	91	0.01070	0.40113	712	0	0.9861	1705	0.9488	1775	42	509	false
GCF_001758545.1__GCF_009380165.1	GCF_001758545.1	GCF_009380165.1	ok	9	64	0.00184	0.38673	1895	0	0.9904	4834	0.9869	4900	188	2465	false
GCF_001758795.1__GCF_009380165.1	GCF_001758795.1	GCF_009380165.1	ok	8	56	0.00169	0.42763	2021	0	0.9989	4670	0.9881	4726	572	2436	false
GCF_001810345.1__GCF_014931375.1	GCF_001810345.1	GCF_014931375.1	ok	3	19	0.00363	0.34220	283	0	0.9843	813	0.9771	827	13	147	false
GCF_001878775.1__GCF_018438165.1	GCF_001878775.1	GCF_018438165.1	ok	2	72	0.00127	0.36479	576	0	0.9987	1511	0.9545	1579	57	447	false
GCF_002112905.1__GCF_004153525.1	GCF_002112905.1	GCF_004153525.1	ok	14	138	0.00314	0.41093	1834	0	0.9966	4340	0.9691	4463	22	2071	false
GCF_002216165.1__GCF_002286955.1	GCF_002216165.1	GCF_002286955.1	ok	10	34	0.00545	0.37473	688	0	1.0000	1821	0.9816	1836	56	770	false
GCF_002258385.1__GCF_002259335.1	GCF_002258385.1	GCF_002259335.1	ok	15	41	0.00243	0.37502	2312	0	0.9990	6130	0.9933	6165	367	2852	false
GCF_002269425.1__GCF_013387095.1	GCF_002269425.1	GCF_013387095.1	ok	14	64	0.00254	0.46598	2568	0	0.9929	5471	0.9884	5511	14	1867	false
GCF_002313185.2__GCF_018917625.1	GCF_002313185.2	GCF_018917625.1	ok	3	48	0.00112	0.46966	1254	0	0.9992	2627	0.9820	2670	47	1144	false
GCF_002368135.1__GCF_002893155.1	GCF_002368135.1	GCF_002893155.1	ok	112	241	0.16255	0.43832	302	0	0.9331	642	0.6894	689	106	108	false
GCF_002368135.1__GCF_002893245.1	GCF_002368135.1	GCF_002893245.1	ok	117	251	0.16295	0.44429	319	0	0.9344	670	0.6913	718	96	119	false
GCF_002553705.1__GCF_007876425.1	GCF_002553705.1	GCF_007876425.1	ok	2	53	0.00300	0.33634	224	0	0.9984	617	0.9207	666	68	131	false
GCF_002555415.1__GCF_002557285.1	GCF_002555415.1	GCF_002557285.1	ok	53	222	0.02185	0.44600	1082	0	0.9830	2249	0.9084	2426	45	396	false
GCF_002739945.1__GCF_013184205.1	GCF_002739945.1	GCF_013184205.1	ok	8	114	0.00198	0.46042	1861	0	0.9789	3936	0.9718	4042	90	2112	false
GCF_002759075.1__GCF_014269035.2	GCF_002759075.1	GCF_014269035.2	ok	19	108	0.00381	0.41054	2049	0	0.9935	4907	0.9784	4991	103	2262	false
GCF_002763625.1__GCF_002763815.1	GCF_002763625.1	GCF_002763815.1	ok	17	34	0.02307	0.21438	158	0	1.0000	737	0.9549	737	45	81	true
GCF_002836675.1__GCF_014841975.1	GCF_002836675.1	GCF_014841975.1	ok	17	144	0.00555	0.49086	1504	0	0.9640	2943	0.9531	3064	34	1724	false
GCF_002843095.1__GCF_003935455.1	GCF_002843095.1	GCF_003935455.1	ok	12	57	0.00307	0.47096	1841	0	0.9938	3855	0.9854	3909	13	1818	false
GCF_002860585.1__GCF_004564745.1	GCF_002860585.1	GCF_004564745.1	ok	6	27	0.00583	0.35146	362	0	0.9921	1005	0.9737	1030	19	143	false
GCF_002871495.1__GCF_003944325.1	GCF_002871495.1	GCF_003944325.1	ok	4	81	0.00503	0.46038	366	0	0.9194	707	0.8972	795	46	160	false
GCF_002877155.1__GCF_005146585.1	GCF_002877155.1	GCF_005146585.1	ok	9	107	0.00268	0.45687	1536	0	0.9753	3235	0.9680	3362	33	609	false
GCF_002894505.1__GCF_008274755.1	GCF_002894505.1	GCF_008274755.1	ok	9	47	0.00241	0.18326	683	0	0.9925	3694	0.9874	3727	75	1847	false
GCF_002938985.1__GCF_009756075.1	GCF_002938985.1	GCF_009756075.1	ok	10	184	0.01035	0.48447	468	0	0.9925	795	0.8103	966	12	108	false
GCF_003015035.1__GCF_010607825.1	GCF_003015035.1	GCF_010607825.1	ok	3	148	0.00060	0.49247	2451	0	0.9841	4770	0.9699	4977	19	2292	false
GCF_003024475.1__GCF_017579825.1	GCF_003024475.1	GCF_017579825.1	ok	0	20	0.00000	0.36300	938	0	1.0000	2563	0.9923	2584	31	725	false
GCF_003044485.1__GCF_003493325.1	GCF_003044485.1	GCF_003493325.1	ok	20	62	0.01229	0.40996	667	0	0.9962	1589	0.9620	1627	62	473	false
GCF_003151025.1__GCF_014324215.1	GCF_003151025.1	GCF_014324215.1	ok	6	19	0.00583	0.13314	137	0	0.9990	1022	0.9816	1029	12	150	false
GCF_003173275.1__GCF_011290345.1	GCF_003173275.1	GCF_011290345.1	ok	74	148	0.01181	0.01899	119	0	1.0000	6268	0.9767	6268	212	1903	true
GCF_003352995.1__GCF_009831195.1	GCF_003352995.1	GCF_009831195.1	ok	13	36	0.01374	0.12262	116	0	0.9989	936	0.9625	946	43	188	false
GCF_003382655.2__GCF_014946905.1	GCF_003382655.2	GCF_014946905.1	ok	17	95	0.00700	0.49815	1209	0	0.9777	2329	0.9606	2427	18	702	false
GCF_003416965.1__GCF_009857635.1	GCF_003416965.1	GCF_009857635.1	ok	26	230	0.00467	0.46405	2582	0	0.9963	5374	0.9588	5564	71	2235	false
GCF_003434755.1__GCF_003480365.1	GCF_003434755.1	GCF_003480365.1	ok	67	181	0.02759	0.46211	1122	0	0.9795	2346	0.9266	2428	74	1081	false
GCF_003434765.1__GCF_003480945.1	GCF_003434765.1	GCF_003480945.1	ok	78	194	0.03433	0.46215	1050	0	0.9813	2199	0.9164	2272	65	1082	false
GCF_003437565.1__GCF_003472325.1	GCF_003437565.1	GCF_003472325.1	ok	8	59	0.00337	0.38085	903	0	0.9927	2311	0.9750	2371	13	821	false
GCF_003493125.1__GCF_013401795.1	GCF_003493125.1	GCF_013401795.1	ok	8	52	0.01242	0.48292	311	0	0.9816	586	0.9177	644	21	134	false
GCF_003637375.1__GCF_004013925.1	GCF_003637375.1	GCF_004013925.1	ok	0	30	0.00000	0.23092	118	0	0.9686	462	0.9393	511	6	84	false
GCF_003814635.1__GCF_015350875.1	GCF_003814635.1	GCF_015350875.1	ok	7	23	0.00240	0.32635	950	0	0.9969	2895	0.9921	2911	13	1270	false
GCF_003992185.1__GCF_003992195.1	GCF_003992185.1	GCF_003992195.1	ok	0	33	0.00000	0.44073	316	0	0.9568	665	0.9530	717	8	88	false
GCF_004054145.1__GCF_004303365.1	GCF_004054145.1	GCF_004303365.1	ok	41	109	0.00589	0.28463	1981	0	0.9958	6923	0.9844	6960	146	3177	false
GCF_004352805.1__GCF_005774755.1	GCF_004352805.1	GCF_005774755.1	ok	46	429	0.00865	0.48589	2583	0	0.9641	4757	0.9170	5316	114	2218	false
GCF_004684015.1__GCF_013337225.1	GCF_004684015.1	GCF_013337225.1	ok	4	25	0.00148	0.29455	795	0	0.9978	2667	0.9907	2699	13	1000	false
GCF_005153965.1__GCF_900095345.1	GCF_005153965.1	GCF_900095345.1	ok	5	21	0.00245	0.46967	960	0	0.9995	2033	0.9898	2044	64	528	false
GCF_007002765.1__GCF_900012565.1	GCF_007002765.1	GCF_900012565.1	ok	9	37	0.00267	0.30885	1043	0	0.9938	3354	0.9891	3377	35	1703	false
GCF_007682295.1__GCF_017579825.1	GCF_007682295.1	GCF_017579825.1	ok	0	6	0.00000	0.25598	674	0	0.9977	2626	0.9977	2633	25	742	false
GCF_007989785.1__GCF_014856535.1	GCF_007989785.1	GCF_014856535.1	ok	6	38	0.00286	0.38377	804	0	0.9932	2059	0.9818	2095	3	502	false
GCF_008326825.1__GCF_014931035.1	GCF_008326825.1	GCF_014931035.1	ok	19	57	0.00499	0.34235	1304	0	0.9947	3788	0.9851	3809	75	2242	false
GCF_008756925.1__GCF_008756975.1	GCF_008756925.1	GCF_008756975.1	ok	1	11	0.00041	0.20081	493	0	0.9971	2443	0.9955	2455	151	639	false
GCF_008756925.1__GCF_009363355.1	GCF_008756925.1	GCF_009363355.1	ok	8	29	0.00287	0.26084	728	0	0.9989	2778	0.9896	2791	95	620	false
GCF_008756975.1__GCF_009363355.1	GCF_008756975.1	GCF_009363355.1	ok	5	15	0.00203	0.39886	982	0	0.9992	2455	0.9939	2462	142	651	false
GCF_008764415.1__GCF_904886855.1	GCF_008764415.1	GCF_904886855.1	ok	14	38	0.00732	0.46914	897	0	0.9968	1889	0.9801	1912	16	472	false
GCF_009600045.1__GCF_009600205.1	GCF_009600045.1	GCF_009600205.1	ok	8	406	0.00217	0.49310	1822	0	0.9166	3209	0.8884	3695	87	1522	false
GCF_009600285.1__GCF_009600525.1	GCF_009600285.1	GCF_009600525.1	ok	21	202	0.00534	0.48651	1912	0	0.9728	3678	0.9478	3930	70	1477	false
GCF_009678265.1__GCF_009678295.1	GCF_009678265.1	GCF_009678295.1	ok	6	22	0.00965	0.36334	226	0	0.9900	597	0.9642	622	9	105	false
GCF_012933495.1__GCF_015864505.1	GCF_012933495.1	GCF_015864505.1	ok	11	63	0.00422	0.47562	1239	2	0.9969	2546	0.9758	2607	40	497	false
GCF_013283495.1__GCF_900116725.1	GCF_013283495.1	GCF_900116725.1	ok	16	73	0.00924	0.26790	464	0	0.9744	1673	0.9579	1732	41	640	false
GCF_013283525.1__GCF_900116725.1	GCF_013283525.1	GCF_900116725.1	ok	13	76	0.00751	0.43385	751	0	0.9982	1672	0.9562	1731	41	649	false
GCF_014076795.1__GCF_014076955.1	GCF_014076795.1	GCF_014076955.1	ok	5	38	0.00340	0.49457	728	0	0.9903	1426	0.9740	1472	25	288	false
GCF_014145525.1__GCF_014397075.1	GCF_014145525.1	GCF_014397075.1	ok	0	25	0.00000	0.42302	283	0	1.0000	641	0.9625	669	32	163	false
GCF_014251295.1__GCF_014251355.1	GCF_014251295.1	GCF_014251355.1	ok	0	0	0.00000	0.00000	0	0	1.0000	154	1.0000	154	3	35	true
GCF_014696495.1__GCF_014696555.1	GCF_014696495.1	GCF_014696555.1	ok	118	375	0.05196	0.43461	987	0	0.9758	2098	0.8408	2271	171	1082	false
GCF_014696555.1__GCF_014696565.1	GCF_014696555.1	GCF_014696565.1	ok	120	371	0.05270	0.49407	1125	0	0.9805	2114	0.8432	2277	167	1113	false
GCF_015477435.1__GCF_015478245.1	GCF_015477435.1	GCF_015478245.1	ok	17	65	0.00373	0.36979	1687	0	0.9945	4515	0.9858	4562	63	2187	false
GCF_016503485.1__GCF_018919525.1	GCF_016503485.1	GCF_018919525.1	ok	7	284	0.00253	0.43486	1205	0	0.8916	2451	0.8972	2771	33	763	false
GCF_016861485.1__GCF_900455475.1	GCF_016861485.1	GCF_900455475.1	ok	22	44	0.00542	0.17003	690	0	1.0000	4058	0.9892	4058	307	1603	true
GCF_016919345.1__GCF_900113075.1	GCF_016919345.1	GCF_900113075.1	ok	7	27	0.00155	0.17361	783	0	0.9971	4496	0.9940	4510	44	1881	false
GCF_017312765.1__GCF_018729305.1	GCF_017312765.1	GCF_018729305.1	ok	9	49	0.00351	0.34335	880	1	0.9961	2524	0.9809	2564	267	1123	false
GCF_017917325.1__GCF_017917955.1	GCF_017917325.1	GCF_017917955.1	ok	5	75	0.00149	0.48153	1616	0	0.9876	3263	0.9775	3356	9	665	false
GCF_018130125.1__GCF_018130205.1	GCF_018130125.1	GCF_018130205.1	ok	36	151	0.00490	0.42270	3106	0	0.9920	7223	0.9794	7348	95	2998	false
GCF_018328665.1__GCF_018328885.1	GCF_018328665.1	GCF_018328885.1	ok	6	23	0.00898	0.41168	275	0	0.9891	635	0.9648	668	16	90	false
GCF_018617985.1__GCF_018618075.1	GCF_018617985.1	GCF_018618075.1	ok	13	47	0.00571	0.39130	891	0	0.9894	2240	0.9794	2277	3	478	false
GCF_900108235.1__GCF_900114965.1	GCF_900108235.1	GCF_900114965.1	ok	12	28	0.00338	0.07636	271	0	1.0000	3539	0.9921	3549	22	1356	false
GCF_900108885.1__GCF_900114395.1	GCF_900108885.1	GCF_900114395.1	ok	33	256	0.00735	0.44019	1976	0	0.9756	4196	0.9423	4489	214	1542	false
GCF_900169325.1__GCF_900451365.1	GCF_900169325.1	GCF_900451365.1	ok	27	63	0.02006	0.28678	386	0	0.9911	1333	0.9540	1346	32	503	false
GCF_900773955.1__GCF_900774285.1	GCF_900773955.1	GCF_900774285.1	ok	22	58	0.01770	0.40708	506	0	0.9919	1219	0.9538	1243	16	333	false
GCF_902196095.1__GCF_902196115.1	GCF_902196095.1	GCF_902196115.1	ok	25	81	0.04472	0.44723	250	0	0.9580	502	0.8559	559	23	70	false
GCF_902381785.1__GCF_902410085.1	GCF_902381785.1	GCF_902410085.1	ok	12	53	0.00492	0.32937	803	0	0.9905	2408	0.9784	2438	76	554	false
GCF_902499025.1__GCF_902499305.1	GCF_902499025.1	GCF_902499305.1	ok	62	205	0.00905	0.48920	3353	0	0.9935	6733	0.9702	6854	154	5621	false
GCA_000219475.3__GCA_002311195.1	GCA_000219475.3	GCA_002311195.1	ok	4	38	0.00412	0.38454	373	0	0.9989	940	0.9610	970	30	128	false
GCA_000300755.1__GCF_016026055.1	GCA_000300755.1	GCF_016026055.1	ok	86	1095	0.00701	0.48578	5963	0	0.9182	11267	0.9112	12275	334	2649	false
GCA_000383155.1__GCA_018673875.1	GCA_000383155.1	GCA_018673875.1	ok	3	222	0.00428	0.45792	321	0	0.5894	402	0.6769	701	40	83	false
GCA_000431435.1__GCA_900538395.1	GCA_000431435.1	GCA_900538395.1	ok	6	72	0.00318	0.47168	891	0	0.9797	1782	0.9611	1889	5	232	false
GCA_000431935.1__GCA_001915685.1	GCA_000431935.1	GCA_001915685.1	ok	42	218	0.01446	0.49449	1436	0	0.9476	2729	0.9253	2904	72	564	false
GCA_000434715.1__GCF_015552165.1	GCA_000434715.1	GCF_015552165.1	ok	7	67	0.00638	0.45811	503	0	0.9714	1020	0.9382	1098	3	102	false
GCA_000436595.1__GCA_900551685.1	GCA_000436595.1	GCA_900551685.1	ok	9	239	0.00372	0.48451	1173	0	0.9832	2170	0.9004	2421	11	1135	false
GCA_000436935.1__GCA_900538615.1	GCA_000436935.1	GCA_900538615.1	ok	8	94	0.00410	0.49565	968	0	0.9914	1845	0.9513	1953	10	198	false
GCA_000437815.1__GCA_900542455.1	GCA_000437815.1	GCA_900542455.1	ok	11	109	0.00789	0.48350	674	0	0.9474	1260	0.9203	1394	6	250	false
GCA_000438335.1__GCA_018377045.1	GCA_000438335.1	GCA_018377045.1	ok	1	61	0.00108	0.27341	254	1	0.9942	860	0.9337	930	1	92	false
GCA_000485415.1__GCF_018603815.1	GCA_000485415.1	GCF_018603815.1	ok	11	92	0.00097	0.47091	5325	0	0.9977	11216	0.9919	11308	71	2714	false
GCA_000508445.1__GCA_900066685.1	GCA_000508445.1	GCA_900066685.1	ok	4	237	0.00434	0.35792	330	0	0.7033	640	0.7410	922	12	90	false
GCA_000687435.1__GCF_014653075.1	GCA_000687435.1	GCF_014653075.1	ok	3	173	0.00041	0.47363	3484	0	0.9993	7126	0.9763	7356	30	1018	false
GCA_000740805.1__GCA_000740865.1	GCA_000740805.1	GCA_000740865.1	ok	22	165	0.02613	0.40855	344	0	0.8670	626	0.7927	842	76	158	false
GCA_000745515.1__GCF_017309995.1	GCA_000745515.1	GCF_017309995.1	ok	16	42	0.00249	0.33863	2173	0	0.9983	6405	0.9935	6417	64	1483	false
GCA_000820745.1__GCF_001717125.1	GCA_000820745.1	GCF_001717125.1	ok	18	371	0.00409	0.47715	2099	0	0.9993	4057	0.9159	4399	25	645	false
GCA_000953195.1__GCF_900444665.1	GCA_000953195.1	GCF_900444665.1	ok	0	0	0.00000	0.00000	0	0	1.0000	947	1.0000	947	23	54	true
GCA_000980475.1__GCA_003512465.1	GCA_000980475.1	GCA_003512465.1	ok	4	70	0.00194	0.47133	970	0	0.9900	1986	0.9659	2058	19	347	false
GCA_000991695.1__GCA_001775325.1	GCA_000991695.1	GCA_001775325.1	ok	0	28	0.00000	0.35981	154	0	0.9949	388	0.9327	428	1	43	false
GCA_000991855.1__GCA_000991935.1	GCA_000991855.1	GCA_000991935.1	ok	0	1	0.00000	0.29557	240	0	0.9987	788	0.9987	812	6	79	false
GCA_000992135.1__GCA_000992505.1	GCA_000992135.1	GCA_000992505.1	ok	1	37	0.00231	0.38194	165	0	0.9897	385	0.9121	432	5	42	false
GCA_000995905.1__GCA_001776705.1	GCA_000995905.1	GCA_001776705.1	ok	0	16	0.00000	0.49545	544	0	0.9926	1071	0.9853	1098	3	98	false
GCA_000996945.1__GCA_003521685.1	GCA_000996945.1	GCA_003521685.1	ok	1	22	0.00347	0.35417	102	0	0.9960	251	0.9194	288	0	42	false
GCA_000997995.1__GCA_001772745.1	GCA_000997995.1	GCA_001772745.1	ok	0	27	0.00000	0.27332	126	0	0.9697	416	0.9391	461	2	33	false
GCA_000998065.1__GCA_003520815.1	GCA_000998065.1	GCA_003520815.1	ok	0	7	0.00000	0.20336	109	0	0.9943	524	0.9868	536	4	52	false
GCA_000998105.1__GCA_001000245.1	GCA_000998105.1	GCA_001000245.1	ok	0	35	0.00000	0.47158	365	0	0.9622	713	0.9533	774	3	67	false
GCA_000998145.1__GCA_003449455.1	GCA_000998145.1	GCA_003449455.1	ok	0	9	0.00000	0.49871	387	0	0.9922	762	0.9883	776	1	70	false
GCA_000998355.1__GCA_001779135.1	GCA_000998355.1	GCA_001779135.1	ok	0	48	0.00000	0.46371	428	0	0.9681	849	0.9465	923	1	83	false
GCA_000998355.1__GCA_001780935.1	GCA_000998355.1	GCA_001780935.1	ok	0	66	0.00000	0.46037	395	0	0.9387	765	0.9208	858	3	78	false
GCA_000998635.1__GCA_003488405.1	GCA_000998635.1	GCA_003488405.1	ok	0	19	0.00000	0.29157	377	1	0.9883	1271	0.9853	1294	3	125	false
GCA_000999405.1__GCA_000999505.1	GCA_000999405.1	GCA_000999505.1	ok	0	15	0.00000	0.40467	329	0	0.9950	793	0.9814	813	2	70	false
GCA_001000245.1__GCA_001000965.1	GCA_001000245.1	GCA_001000965.1	ok	0	42	0.00000	0.41939	385	0	0.9954	859	0.9534	918	3	74	false
GCA_001000345.1__GCA_001001575.1	GCA_001000345.1	GCA_001001575.1	ok	0	6	0.00000	0.41098	464	0	0.9973	1115	0.9946	1129	0	106	false
GCA_001001575.1__GCA_001788675.1	GCA_001001575.1	GCA_001788675.1	ok	0	37	0.00000	0.33472	322	0	0.9653	919	0.9613	962	0	98	false
GCA_001001885.1__GCA_001001955.1	GCA_001001885.1	GCA_001001955.1	ok	0	13	0.00000	0.32926	350	0	0.9933	1045	0.9877	1063	2	77	false
GCA_001002965.1__GCA_001791055.1	GCA_001002965.1	GCA_001791055.1	ok	0	29	0.00000	0.40733	367	0	0.9872	848	0.9669	901	7	59	false
GCA_001188635.1__GCA_905205815.1	GCA_001188635.1	GCA_905205815.1	ok	9	68	0.00708	0.39151	498	0	0.9992	1222	0.9469	1272	24	127	false
GCA_001305095.1__GCF_015550675.1	GCA_001305095.1	GCF_015550675.1	ok	0	27	0.00000	0.20363	483	0	0.9974	2339	0.9886	2372	21	254	false
GCA_001312025.1__GCF_002200915.1	GCA_001312025.1	GCF_002200915.1	ok	1	68	0.00026	0.48258	1870	0	0.9955	3759	0.9823	3875	6	347	false
GCA_001312385.1__GCF_900461315.1	GCA_001312385.1	GCF_900461315.1	ok	0	64	0.00000	0.45265	2146	0	0.9859	4673	0.9865	4741	51	400	false
GCA_001312585.1__GCF_001465255.1	GCA_001312585.1	GCF_001465255.1	ok	2	138	0.00032	0.44357	2775	0	1.0000	6121	0.9779	6256	35	894	false
GCA_001312585.1__GCF_005403365.1	GCA_001312585.1	GCF_005403365.1	ok	2	122	0.00032	0.48767	3007	0	0.9807	6010	0.9801	6166	20	893	false
GCA_001314745.1__GCF_900215475.1	GCA_001314745.1	GCF_900215475.1	ok	3	235	0.00074	0.40814	1644	0	1.0000	3798	0.9417	4028	73	689	false
GCA_001466235.1__GCF_000728775.1	GCA_001466235.1	GCF_000728775.1	ok	1	3	0.00049	0.48180	993	0	1.0000	2049	0.9985	2061	13	272	false
GCA_001487915.2__GCF_000825205.2	GCA_001487915.2	GCF_000825205.2	ok	7	30	0.00055	0.00725	93	0	0.9991	12779	0.9977	12819	41	2957	false
GCA_001508615.1__GCA_018433005.1	GCA_001508615.1	GCA_018433005.1	ok	2	60	0.00096	0.43873	913	0	0.9763	1979	0.9706	2081	5	209	false
GCA_001508615.1__GCA_018434505.1	GCA_001508615.1	GCA_018434505.1	ok	1	54	0.00045	0.46835	1036	0	0.9860	2116	0.9752	2212	9	248	false
GCA_001508665.1__GCA_001509255.1	GCA_001508665.1	GCA_001509255.1	ok	0	100	0.00000	0.33919	695	0	0.9642	1725	0.9457	2049	22	395	false
GCA_001508665.1__GCA_002496255.1	GCA_001508665.1	GCA_002496255.1	ok	3	173	0.00130	0.47532	1098	0	0.9762	1970	0.9195	2310	25	452	false
GCA_001508995.1__GCA_002452655.1	GCA_001508995.1	GCA_002452655.1	ok	0	129	0.00000	0.49414	717	0	0.9781	1249	0.9068	1451	9	195	false
GCA_001508995.1__GCA_003445665.1	GCA_001508995.1	GCA_003445665.1	ok	0	46	0.00000	0.47363	934	0	0.9820	1859	0.9759	1972	24	199	false
GCA_001509255.1__GCA_002503525.1	GCA_001509255.1	GCA_002503525.1	ok	2	147	0.00098	0.45526	931	0	0.9311	1717	0.9218	2045	27	457	false
GCA_001512825.1__GCA_002391705.1	GCA_001512825.1	GCA_002391705.1	ok	1	61	0.00041	0.48008	1181	0	0.9936	2322	0.9744	2460	5	265	false
GCA_001515095.1__GCF_018398255.1	GCA_001515095.1	GCF_018398255.1	ok	0	38	0.00000	0.29307	1400	0	0.9983	4705	0.9920	4777	29	608	false
GCA_001557295.1__GCF_001556725.1	GCA_001557295.1	GCF_001556725.1	ok	2	126	0.00023	0.44878	3921	0	0.9960	8440	0.9853	8737	175	1766	false
GCA_001603365.1__GCA_002482475.1	GCA_001603365.1	GCA_002482475.1	ok	2	56	0.00085	0.47156	1111	0	0.9815	2285	0.9761	2356	18	518	false
GCA_001603365.1__GCF_900168155.1	GCA_001603365.1	GCF_900168155.1	ok	9	57	0.00349	0.39581	1020	0	0.9914	2522	0.9778	2577	41	529	false
GCA_001626545.1__GCA_001626595.1	GCA_001626545.1	GCA_001626595.1	ok	0	231	0.00000	0.49524	2601	0	0.9555	5007	0.9559	5252	6	1079	false
GCA_001626545.1__GCF_017744235.1	GCA_001626545.1	GCF_017744235.1	ok	7	26	0.00236	0.39912	1183	0	0.9993	2950	0.9912	2964	3	1060	false
GCA_001626685.1__GCA_001626755.1	GCA_001626685.1	GCA_001626755.1	ok	0	140	0.00000	0.46061	421	0	0.9055	623	0.8212	914	1	144	false
GCA_001626955.1__GCA_002380095.1	GCA_001626955.1	GCA_002380095.1	ok	10	342	0.00360	0.45791	1273	0	0.9471	2344	0.8731	2780	23	678	false
GCA_001628035.1__GCA_001628185.1	GCA_001628035.1	GCA_001628185.1	ok	0	109	0.00000	0.47473	526	0	0.9583	920	0.8952	1108	3	76	false
GCA_001628475.1__GCA_001629165.1	GCA_001628475.1	GCA_001629165.1	ok	2	129	0.00190	0.46476	488	0	0.9071	830	0.8671	1050	0	166	false
GCA_001628475.1__GCA_002496005.1	GCA_001628475.1	GCA_002496005.1	ok	0	108	0.00000	0.46608	474	0	0.9556	861	0.8891	1017	0	158	false
GCA_001629165.1__GCA_002713925.1	GCA_001629165.1	GCA_002713925.1	ok	0	106	0.00000	0.45639	382	0	0.8600	688	0.8690	837	30	169	false
GCA_001683555.1__GCA_001726015.1	GCA_001683555.1	GCA_001726015.1	ok	8	70	0.00612	0.43994	575	0	0.9905	1245	0.9464	1307	54	173	false
GCA_001705955.1__GCF_003864275.1	GCA_001705955.1	GCF_003864275.1	ok	7	117	0.00116	0.27175	1637	0	0.9832	5910	0.9806	6024	55	1987	false
GCA_001724095.1__GCA_017307975.1	GCA_001724095.1	GCA_017307975.1	ok	2	139	0.00017	0.49419	5826	0	0.9997	11631	0.9882	11789	23	2044	false
GCA_001724385.1__GCA_017306495.1	GCA_001724385.1	GCA_017306495.1	ok	0	490	0.00000	0.49831	2510	0	0.9888	4505	0.9019	5037	3	764	false
GCA_001724385.1__GCF_001278365.1	GCA_001724385.1	GCF_001278365.1	ok	10	114	0.00380	0.44339	1167	0	0.9686	2528	0.9567	2632	4	740	false
GCA_001768435.1__GCA_001769775.1	GCA_001768435.1	GCA_001769775.1	ok	0	131	0.00000	0.42980	848	0	0.9995	1827	0.9331	1973	6	151	false
GCA_001769115.1__GCA_003499605.1	GCA_001769115.1	GCA_003499605.1	ok	0	8	0.00000	0.45212	1799	0	0.9987	3938	0.9980	3979	31	528	false
GCA_001769395.1__GCA_003512225.1	GCA_001769395.1	GCA_003512225.1	ok	1	173	0.00024	0.44928	1860	0	0.9591	3849	0.9571	4140	43	421	false
GCA_001769435.1__GCA_001769695.1	GCA_001769435.1	GCA_001769695.1	ok	0	202	0.00000	0.38352	917	0	0.9418	2021	0.9097	2391	7	307	false
GCA_001769435.1__GCA_003499665.1	GCA_001769435.1	GCA_003499665.1	ok	2	178	0.00074	0.44296	1192	0	0.9992	2463	0.9326	2691	8	334	false
GCA_001769465.1__GCA_001769775.1	GCA_001769465.1	GCA_001769775.1	ok	0	138	0.00000	0.35013	681	0	0.9872	1777	0.9279	1945	6	150	false
GCA_001769465.1__GCA_003542255.1	GCA_001769465.1	GCA_003542255.1	ok	1	254	0.00076	0.42706	565	0	0.9838	1031	0.8026	1323	20	148	false
GCA_001769695.1__GCA_003499665.1	GCA_001769695.1	GCA_003499665.1	ok	0	178	0.00000	0.37029	875	0	0.9991	2132	0.9229	2363	7	309	false
GCA_001771425.1__GCA_001771465.1	GCA_001771425.1	GCA_001771465.1	ok	0	0	0.00000	0.00000	0	1	1.0000	1760	1.0000	1760	6	150	true
GCA_001772855.1__GCA_003485585.1	GCA_001772855.1	GCA_003485585.1	ok	0	31	0.00000	0.45911	247	0	0.9796	481	0.9396	538	0	43	false
GCA_001777735.1__GCA_001780065.1	GCA_001777735.1	GCA_001780065.1	ok	0	16	0.00000	0.31209	284	0	0.9841	868	0.9819	910	5	87	false
GCA_001777875.1__GCA_001780065.1	GCA_001777875.1	GCA_001780065.1	ok	0	18	0.00000	0.30250	278	0	0.9832	876	0.9799	919	5	86	false
GCA_001778615.1__GCA_001778835.1	GCA_001778615.1	GCA_001778835.1	ok	0	3	0.00000	0.28977	153	0	0.9961	510	0.9942	528	3	65	false
GCA_001778705.1__GCA_001780705.1	GCA_001778705.1	GCA_001780705.1	ok	0	25	0.00000	0.18563	124	0	0.9825	618	0.9611	668	0	80	false
GCA_001778815.1__GCA_001780755.1	GCA_001778815.1	GCA_001780755.1	ok	0	26	0.00000	0.29412	110	0	0.9537	309	0.9231	374	2	57	false
GCA_001779255.1__GCA_001779265.1	GCA_001779255.1	GCA_001779265.1	ok	0	39	0.00000	0.31337	293	0	0.9711	874	0.9573	935	0	71	false
GCA_001779425.1__GCA_001780935.1	GCA_001779425.1	GCA_001780935.1	ok	0	79	0.00000	0.29747	282	0	0.9547	821	0.9127	948	6	82	false
GCA_001780475.1__GCA_001780555.1	GCA_001780475.1	GCA_001780555.1	ok	0	4	0.00000	0.22150	171	0	0.9946	739	0.9946	772	5	129	false
GCA_001782205.1__GCA_001783775.1	GCA_001782205.1	GCA_001783775.1	ok	0	2	0.00000	0.30480	146	0	0.9957	463	0.9957	479	2	49	false
GCA_001782635.1__GCA_001783815.1	GCA_001782635.1	GCA_001783815.1	ok	0	21	0.00000	0.36502	361	0	0.9877	963	0.9787	989	3	75	false
GCA_001783815.1__GCA_001784035.1	GCA_001783815.1	GCA_001784035.1	ok	0	4	0.00000	0.07122	73	0	0.9980	1009	0.9961	1025	6	79	false
GCA_001785255.1__GCA_001785785.1	GCA_001785255.1	GCA_001785785.1	ok	0	1	0.00000	0.17935	66	0	0.9942	341	0.9971	368	2	36	false
GCA_001788055.1__GCA_001789405.1	GCA_001788055.1	GCA_001789405.1	ok	0	46	0.00000	0.23096	185	0	0.9614	722	0.9403	801	3	51	false
GCA_001788055.1__GCA_001789895.1	GCA_001788055.1	GCA_001789895.1	ok	0	60	0.00000	0.29847	214	0	0.9255	609	0.9111	717	2	50	false
GCA_001791055.1__GCA_001791535.1	GCA_001791055.1	GCA_001791535.1	ok	0	33	0.00000	0.41183	376	0	0.9884	854	0.9628	913	10	60	false
GCA_001792375.1__GCA_001792575.1	GCA_001792375.1	GCA_001792575.1	ok	0	26	0.00000	0.33900	319	0	0.9740	900	0.9719	941	0	101	false
GCA_001792415.1__GCA_001793165.1	GCA_001792415.1	GCA_001793165.1	ok	0	15	0.00000	0.09458	96	0	0.9908	971	0.9848	1015	3	90	false
GCA_001793985.1__GCA_001794285.1	GCA_001793985.1	GCA_001794285.1	ok	0	2	0.00000	0.21764	116	0	1.0000	518	0.9962	533	1	34	false
GCA_001794965.1__GCA_003535795.1	GCA_001794965.1	GCA_003535795.1	ok	0	9	0.00000	0.41419	905	0	0.9986	2159	0.9958	2185	4	301	false
GCA_001795465.1__GCA_003537935.1	GCA_001795465.1	GCA_003537935.1	ok	0	46	0.00000	0.46745	3238	0	0.9975	6867	0.9933	6927	5	1080	false
GCA_001796065.1__GCA_003530315.1	GCA_001796065.1	GCA_003530315.1	ok	9	87	0.00575	0.43040	674	0	0.9537	1463	0.9437	1566	12	255	false
GCA_001796095.1__GCA_001796185.1	GCA_001796095.1	GCA_001796185.1	ok	2	48	0.00120	0.41053	686	0	0.9834	1596	0.9708	1671	12	263	false
GCA_001796365.1__GCA_003535795.1	GCA_001796365.1	GCA_003535795.1	ok	0	8	0.00000	0.43514	956	0	0.9986	2172	0.9963	2197	5	301	false
GCA_001797945.1__GCA_001829835.1	GCA_001797945.1	GCA_001829835.1	ok	0	99	0.00000	0.47417	927	0	0.9580	1780	0.9474	1955	4	317	false
GCA_001799535.1__GCA_003510505.1	GCA_001799535.1	GCA_003510505.1	ok	3	158	0.00077	0.46144	1789	0	0.9702	3614	0.9581	3877	9	696	false
GCA_001802705.1__GCA_001802975.1	GCA_001802705.1	GCA_001802975.1	ok	2	99	0.00064	0.41182	1289	0	0.9963	2937	0.9674	3130	25	246	false
GCA_001805545.1__GCA_001805805.1	GCA_001805545.1	GCA_001805805.1	ok	0	69	0.00000	0.24298	251	0	0.9587	906	0.9294	1033	4	141	false
GCA_001805605.1__GCA_001805775.1	GCA_001805605.1	GCA_001805775.1	ok	0	18	0.00000	0.47576	314	0	0.9832	586	0.9703	660	4	66	false
GCA_001805735.1__GCA_003508135.1	GCA_001805735.1	GCA_003508135.1	ok	0	83	0.00000	0.44544	645	0	0.9676	1313	0.9406	1448	3	280	false
GCA_001805815.1__GCA_003452895.1	GCA_001805815.1	GCA_003452895.1	ok	5	142	0.00259	0.47641	919	0	0.9932	1749	0.9249	1929	7	359	false
GCA_001805945.1__GCA_003500255.1	GCA_001805945.1	GCA_003500255.1	ok	0	127	0.00000	0.37255	760	0	0.9462	1881	0.9368	2040	1	243	false
GCA_001805995.1__GCA_001806045.1	GCA_001805995.1	GCA_001806045.1	ok	0	85	0.00000	0.38732	990	0	0.9842	2425	0.9662	2556	1	268	false
GCA_001822375.1__GCA_001822455.1	GCA_001822375.1	GCA_001822455.1	ok	0	41	0.00000	0.35948	330	0	0.9795	861	0.9545	918	3	123	false
GCA_001822535.1__GCA_001824735.1	GCA_001822535.1	GCA_001824735.1	ok	2	34	0.00178	0.49331	553	0	0.9859	1052	0.9687	1121	14	141	false
GCA_001822615.1__GCA_001822765.1	GCA_001822615.1	GCA_001822765.1	ok	0	13	0.00000	0.32563	296	0	0.9966	887	0.9856	909	0	121	false
GCA_001824105.1__GCA_001825255.1	GCA_001824105.1	GCA_001825255.1	ok	0	25	0.00000	0.37306	144	0	0.9855	339	0.9313	386	2	31	false
GCA_001824155.1__GCA_001825405.1	GCA_001824155.1	GCA_001825405.1	ok	0	12	0.00000	0.29202	139	0	0.9841	433	0.9730	476	1	35	false
GCA_001830015.1__GCA_003487205.1	GCA_001830015.1	GCA_003487205.1	ok	0	1	0.00000	0.38685	706	0	1.0000	1811	0.9994	1825	5	127	false
GCA_001830635.1__GCA_003487245.1	GCA_001830635.1	GCA_003487245.1	ok	3	50	0.00075	0.49572	1970	0	0.9979	3878	0.9873	3974	3	479	false
GCA_001872145.1__GCA_002790895.1	GCA_001872145.1	GCA_002790895.1	ok	0	33	0.00000	0.43816	124	0	0.9918	241	0.8796	283	4	46	false
GCA_001872145.1__GCA_002792655.1	GCA_001872145.1	GCA_002792655.1	ok	0	22	0.00000	0.33247	128	0	0.9889	355	0.9416	385	4	51	false
GCA_001872435.1__GCA_002786675.1	GCA_001872435.1	GCA_002786675.1	ok	0	23	0.00000	0.32777	157	0	0.9573	404	0.9466	479	1	75	false
GCA_001872855.1__GCA_009993785.1	GCA_001872855.1	GCA_009993785.1	ok	1	284	0.00028	0.46818	1670	1	0.9891	3096	0.9161	3568	47	682	false
GCA_001896735.1__GCA_018434265.1	GCA_001896735.1	GCA_018434265.1	ok	9	350	0.00260	0.48629	1685	0	0.9842	3058	0.8971	3465	100	948	false
GCA_001897265.1__GCF_001423825.1	GCA_001897265.1	GCF_001423825.1	ok	0	24	0.00000	0.38642	2521	0	0.9989	6488	0.9963	6524	7	1292	false
GCA_001898665.1__GCA_017307555.1	GCA_001898665.1	GCA_017307555.1	ok	46	384	0.01251	0.48382	1779	0	0.9817	3333	0.8955	3677	58	1260	false
GCA_001914545.1__GCA_001918075.1	GCA_001914545.1	GCA_001918075.1	ok	1	50	0.00091	0.46301	507	0	0.9676	986	0.9518	1095	7	278	false
GCA_001914615.1__GCA_003220805.1	GCA_001914615.1	GCA_003220805.1	ok	0	115	0.00000	0.46284	1370	0	0.9933	2815	0.9608	2960	18	700	false
GCA_001918475.1__GCA_005877475.1	GCA_001918475.1	GCA_005877475.1	ok	0	46	0.00000	0.43657	351	0	0.9625	719	0.9402	804	9	115	false
GCA_001918555.1__GCA_001919115.1	GCA_001918555.1	GCA_001919115.1	ok	0	40	0.00000	0.41159	682	0	0.9892	1557	0.9750	1657	6	316	false
GCA_001920235.1__GCA_005880655.1	GCA_001920235.1	GCA_005880655.1	ok	3	154	0.00173	0.48989	848	0	0.9096	1418	0.9034	1731	22	647	false
GCA_001942245.1__GCF_016889285.1	GCA_001942245.1	GCF_016889285.1	ok	8	51	0.00402	0.38052	758	0	0.9995	1957	0.9745	1992	26	638	false
GCA_002010295.1__GCA_002494665.1	GCA_002010295.1	GCA_002494665.1	ok	0	59	0.00000	0.46933	1163	0	0.9850	2368	0.9757	2478	21	258	false
GCA_002010385.1__GCA_002376485.1	GCA_002010385.1	GCA_002376485.1	ok	2	139	0.00134	0.45552	681	0	0.9838	1332	0.9054	1495	17	189	false
GCA_002067495.1__GCA_002067955.1	GCA_002067495.1	GCA_002067955.1	ok	2	134	0.00123	0.47634	775	0	0.9597	1381	0.9123	1627	16	158	false
GCA_002070525.1__GCA_012800225.1	GCA_002070525.1	GCA_012800225.1	ok	0	166	0.00000	0.47434	832	0	0.9002	1552	0.9041	1754	2	244	false
GCA_002070525.1__GCA_019136235.1	GCA_002070525.1	GCA_019136235.1	ok	0	27	0.00000	0.45530	983	0	0.9925	2110	0.9874	2159	1	279	false
GCA_002071015.1__GCA_003527065.1	GCA_002071015.1	GCA_003527065.1	ok	4	238	0.00150	0.47689	1269	0	0.9112	2288	0.9065	2661	26	464	false
GCA_002071265.1__GCA_004294795.1	GCA_002071265.1	GCA_004294795.1	ok	0	96	0.00000	0.36745	280	0	0.9683	642	0.8703	762	1	82	false
GCA_002071555.1__GCA_017993015.1	GCA_002071555.1	GCA_017993015.1	ok	0	286	0.00000	0.40410	847	0	0.8427	1704	0.8593	2096	18	377	false
GCA_002071555.1__GCA_018436145.1	GCA_002071555.1	GCA_018436145.1	ok	0	250	0.00000	0.49425	945	0	0.8552	1536	0.8635	1912	37	380	false
GCA_002103135.1__GCA_018713865.1	GCA_002103135.1	GCA_018713865.1	ok	2	212	0.00162	0.49070	607	0	0.8279	967	0.8238	1237	2	177	false
GCA_002168455.2__GCA_002295295.1	GCA_002168455.2	GCA_002295295.1	ok	8	49	0.00725	0.33273	367	0	0.9953	1052	0.9552	1103	137	277	false
GCA_002168805.2__GCA_002502485.1	GCA_002168805.2	GCA_002502485.1	ok	0	89	0.00000	0.45864	560	0	0.9245	1065	0.9238	1221	33	104	false
GCA_002169235.1__GCA_905479245.1	GCA_002169235.1	GCA_905479245.1	ok	1	59	0.00338	0.45270	134	0	0.7500	210	0.7915	296	11	91	false
GCA_002170155.1__GCA_902538015.1	GCA_002170155.1	GCA_902538015.1	ok	0	32	0.00000	0.48394	211	0	0.9159	392	0.9256	436	5	26	false
GCA_002250645.1__GCA_002563805.1	GCA_002250645.1	GCA_002563805.1	ok	11	40	0.00177	0.49703	3092	0	0.9998	6203	0.9936	6221	28	1330	false
GCA_002254585.1__GCA_003695875.1	GCA_002254585.1	GCA_003695875.1	ok	1	202	0.00024	0.45783	1873	0	0.9663	3759	0.9492	4091	61	803	false
GCA_002255865.1__GCA_004000515.1	GCA_002255865.1	GCA_004000515.1	ok	12	129	0.00133	0.35929	3244	0	0.9999	8924	0.9857	9029	136	2050	false
GCA_002256885.1__GCA_002279885.1	GCA_002256885.1	GCA_002279885.1	ok	0	14	0.00000	0.31337	1816	0	0.9988	5769	0.9976	5795	12	1053	false
GCA_002279175.1__GCA_002282755.1	GCA_002279175.1	GCA_002282755.1	ok	0	157	0.00000	0.40863	1288	0	0.9823	2878	0.9484	3152	48	573	false
GCA_002281275.1__GCA_002281915.1	GCA_002281275.1	GCA_002281915.1	ok	0	2	0.00000	0.42087	1819	0	1.0000	4308	0.9995	4322	2	659	false
GCA_002284945.1__GCF_002284975.1	GCA_002284945.1	GCF_002284975.1	ok	0	20	0.00000	0.42547	3308	0	0.9990	7645	0.9974	7775	13	1317	false
GCA_002288415.1__GCA_002290545.1	GCA_002288415.1	GCA_002290545.1	ok	0	61	0.00000	0.38588	2120	0	0.9899	5409	0.9888	5494	9	1063	false
GCA_002288415.1__GCA_003528925.1	GCA_002288415.1	GCA_003528925.1	ok	12	354	0.00289	0.46920	1950	0	0.9200	3750	0.9138	4156	5	967	false
GCA_002290545.1__GCA_003528925.1	GCA_002290545.1	GCA_003528925.1	ok	15	385	0.00333	0.45535	2050	0	0.9170	4098	0.9141	4502	6	1014	false
GCA_002294605.1__GCA_002377215.1	GCA_002294605.1	GCA_002377215.1	ok	3	50	0.00078	0.47782	1842	0	0.9922	3795	0.9870	3855	17	465	false
GCA_002295565.1__GCA_002480705.1	GCA_002295565.1	GCA_002480705.1	ok	0	64	0.00000	0.43671	1594	0	0.9986	3527	0.9822	3650	2	365	false
GCA_002295625.1__GCA_003513645.1	GCA_002295625.1	GCA_003513645.1	ok	0	262	0.00000	0.42634	1091	0	0.9846	2244	0.8956	2559	6	367	false
GCA_002295665.1__GCA_002708665.1	GCA_002295665.1	GCA_002708665.1	ok	0	12	0.00000	0.47887	170	0	0.9810	309	0.9628	355	13	37	false
GCA_002295765.1__GCF_900457115.1	GCA_002295765.1	GCF_900457115.1	ok	15	71	0.00398	0.44583	1679	0	0.9995	3724	0.9812	3766	64	504	false
GCA_002295945.1__GCA_002707065.1	GCA_002295945.1	GCA_002707065.1	ok	1	78	0.00030	0.46669	1562	0	0.9874	3206	0.9762	3347	5	360	false
GCA_002296595.1__GCF_003935565.1	GCA_002296595.1	GCF_003935565.1	ok	2	108	0.00031	0.48316	3157	0	0.9871	6415	0.9834	6534	17	1839	false
GCA_002297875.1__GCA_002404685.1	GCA_002297875.1	GCA_002404685.1	ok	1	143	0.00042	0.43284	1028	0	0.9737	2182	0.9385	2375	9	418	false
GCA_002298755.1__GCA_002690205.1	GCA_002298755.1	GCA_002690205.1	ok	2	181	0.00104	0.47190	907	0	0.9157	1662	0.9025	1922	107	864	false
GCA_002299055.1__GCA_002500395.1	GCA_002299055.1	GCA_002500395.1	ok	0	16	0.00000	0.49551	1874	0	0.9986	3696	0.9957	3782	2	363	false
GCA_002304695.1__GCA_002425115.1	GCA_002304695.1	GCA_002425115.1	ok	0	65	0.00000	0.44414	493	0	0.9895	1041	0.9412	1110	6	144	false
GCA_002306245.1__GCA_002306405.1	GCA_002306245.1	GCA_002306405.1	ok	2	16	0.00029	0.46929	3270	0	0.9988	6925	0.9977	6968	24	920	false
GCA_002306455.1__GCA_002306535.1	GCA_002306455.1	GCA_002306535.1	ok	2	61	0.00069	0.44021	1281	0	0.9919	2828	0.9789	2910	7	287	false
GCA_002306515.1__GCA_002343515.1	GCA_002306515.1	GCA_002343515.1	ok	2	54	0.00045	0.46774	2059	0	0.9894	4299	0.9876	4402	10	639	false
GCA_002306565.1__GCA_002342765.1	GCA_002306565.1	GCA_002342765.1	ok	7	109	0.00367	0.48166	919	0	0.9546	1788	0.9426	1908	11	283	false
GCA_002313745.1__GCA_002404685.1	GCA_002313745.1	GCA_002404685.1	ok	2	146	0.00112	0.46231	828	0	0.9676	1583	0.9157	1791	7	401	false
GCA_002313745.1__GCA_002439785.1	GCA_002313745.1	GCA_002439785.1	ok	7	133	0.00364	0.47166	907	0	0.9949	1766	0.9298	1923	5	386	false
GCA_002313955.1__GCA_002716545.1	GCA_002313955.1	GCA_002716545.1	ok	0	81	0.00000	0.42001	890	0	0.9629	2022	0.9615	2119	7	213	false
GCA_002316185.1__GCA_002440275.1	GCA_002316185.1	GCA_002440275.1	ok	6	100	0.00295	0.42878	873	0	0.9732	1853	0.9488	2036	14	436	false
GCA_002316375.1__GCA_002439445.1	GCA_002316375.1	GCA_002439445.1	ok	7	188	0.00303	0.49437	1142	0	0.9289	2105	0.9180	2310	4	309	false
GCA_002321345.1__GCA_003499445.1	GCA_002321345.1	GCA_003499445.1	ok	1	186	0.00066	0.45424	685	0	0.9304	1243	0.8704	1508	1	197	false
GCA_002321935.1__GCF_012583295.1	GCA_002321935.1	GCF_012583295.1	ok	78	203	0.04503	0.37067	642	0	0.9946	1648	0.8858	1732	130	107	false
GCA_002322415.1__GCA_002789335.1	GCA_002322415.1	GCA_002789335.1	ok	0	46	0.00000	0.46235	350	0	0.9416	661	0.9356	757	3	87	false
GCA_002322435.1__GCA_002788415.1	GCA_002322435.1	GCA_002788415.1	ok	0	57	0.00000	0.47304	500	0	0.9538	970	0.9445	1057	4	121	false
GCA_002322435.1__GCA_002792975.1	GCA_002322435.1	GCA_002792975.1	ok	0	36	0.00000	0.45665	474	0	0.9939	970	0.9642	1038	5	122	false
GCA_002322835.1__GCA_002331685.1	GCA_002322835.1	GCA_002331685.1	ok	3	59	0.00045	0.33607	2255	0	0.9940	6644	0.9912	6710	29	1298	false
GCA_002323055.1__GCA_002792255.1	GCA_002323055.1	GCA_002792255.1	ok	0	17	0.00000	0.47179	301	0	0.9984	613	0.9730	638	1	52	false
GCA_002323365.1__GCA_002436445.1	GCA_002323365.1	GCA_002436445.1	ok	0	177	0.00000	0.47902	902	0	0.9299	1644	0.9031	1883	6	189	false
GCA_002325835.1__GCA_002387305.1	GCA_002325835.1	GCA_002387305.1	ok	23	156	0.00484	0.36224	1721	0	0.9824	4628	0.9672	4751	35	1796	false
GCA_002331065.1__GCA_014240155.1	GCA_002331065.1	GCA_014240155.1	ok	0	166	0.00000	0.48986	1305	0	0.9376	2464	0.9371	2664	1	640	false
GCA_002331405.1__GCF_009996725.1	GCA_002331405.1	GCF_009996725.1	ok	6	97	0.00114	0.48491	2555	0	0.9979	5171	0.9816	5269	48	1370	false
GCA_002332665.1__GCF_018917625.1	GCA_002332665.1	GCF_018917625.1	ok	11	296	0.00211	0.47244	2460	0	0.9453	4887	0.9429	5207	9	962	false
GCA_002332965.1__GCA_002391835.1	GCA_002332965.1	GCA_002391835.1	ok	14	235	0.00409	0.44610	1527	0	0.9612	3173	0.9308	3423	12	968	false
GCA_002333435.1__GCA_016789285.1	GCA_002333435.1	GCA_016789285.1	ok	0	285	0.00000	0.47300	2330	0	0.9566	4585	0.9416	4926	34	892	false
GCA_002335965.1__GCA_002479915.1	GCA_002335965.1	GCA_002479915.1	ok	0	164	0.00000	0.44845	970	0	0.9525	1947	0.9226	2163	5	352	false
GCA_002336125.1__GCA_002473315.1	GCA_002336125.1	GCA_002473315.1	ok	2	190	0.00041	0.49046	2417	0	0.9609	4713	0.9613	4928	12	350	false
GCA_002337535.1__GCA_002379435.1	GCA_002337535.1	GCA_002379435.1	ok	16	194	0.00233	0.49796	3416	0	0.9841	6664	0.9717	6860	6	1304	false
GCA_002337535.1__GCA_002384965.1	GCA_002337535.1	GCA_002384965.1	ok	2	99	0.00029	0.48117	3297	0	0.9967	6741	0.9855	6852	5	1250	false
GCA_002338485.1__GCA_902572725.1	GCA_002338485.1	GCA_902572725.1	ok	3	135	0.00228	0.48216	635	0	0.9023	1117	0.8934	1317	11	296	false
GCA_002340205.1__GCF_006351725.1	GCA_002340205.1	GCF_006351725.1	ok	1	11	0.00031	0.44584	1457	0	0.9991	3249	0.9966	3268	9	330	false
GCA_002340675.1__GCA_905479305.1	GCA_002340675.1	GCA_905479305.1	ok	0	160	0.00000	0.49205	1393	0	0.9557	2611	0.9424	2831	8	522	false
GCA_002340685.1__GCA_002341045.1	GCA_002340685.1	GCA_002341045.1	ok	0	123	0.00000	0.41644	1540	0	0.9810	3358	0.9648	3698	14	527	false
GCA_002341545.1__GCA_002414985.1	GCA_002341545.1	GCA_002414985.1	ok	2	22	0.00065	0.45997	1425	0	0.9951	3070	0.9929	3098	3	244	false
GCA_002343245.1__GCA_016713455.1	GCA_002343245.1	GCA_016713455.1	ok	21	314	0.00713	0.48777	1436	0	0.9010	2640	0.8936	2944	114	308	false
GCA_002343605.1__GCA_002433875.1	GCA_002343605.1	GCA_002433875.1	ok	0	7	0.00000	0.38570	491	0	0.9976	1263	0.9945	1273	1	131	false
GCA_002343805.1__GCA_016860905.1	GCA_002343805.1	GCA_016860905.1	ok	2	269	0.00052	0.49060	1878	0	0.9992	3546	0.9295	3828	19	853	false
GCA_002343835.1__GCA_014584615.1	GCA_002343835.1	GCA_014584615.1	ok	1	141	0.00036	0.40427	1136	0	0.9561	2615	0.9490	2810	17	235	false
GCA_002344305.1__GCA_003455755.1	GCA_002344305.1	GCA_003455755.1	ok	4	347	0.00124	0.46273	1490	0	0.9414	2713	0.8871	3220	7	463	false
GCA_002344635.1__GCA_002345945.1	GCA_002344635.1	GCA_002345945.1	ok	4	130	0.00069	0.42075	2453	0	0.9792	5693	0.9777	5830	12	960	false
GCA_002344645.1__GCA_003501905.1	GCA_002344645.1	GCA_003501905.1	ok	2	448	0.00043	0.46714	2161	0	0.9907	4134	0.9022	4626	20	810	false
GCA_002344645.1__GCA_016789285.1	GCA_002344645.1	GCA_016789285.1	ok	2	263	0.00043	0.47835	2243	0	0.9863	4398	0.9436	4689	38	870	false
GCA_002344735.1__GCA_002433925.1	GCA_002344735.1	GCA_002433925.1	ok	1	17	0.00086	0.48920	566	0	0.9922	1138	0.9853	1157	3	147	false
GCA_002345435.1__GCA_002383725.1	GCA_002345435.1	GCA_002383725.1	ok	11	178	0.00142	0.43944	3403	0	0.9918	7533	0.9769	7744	21	1351	false
GCA_002347465.1__GCA_002381895.1	GCA_002347465.1	GCA_002381895.1	ok	8	204	0.00180	0.47836	2122	0	0.9875	4175	0.9534	4436	30	763	false
GCA_002349035.1__GCA_902791655.1	GCA_002349035.1	GCA_902791655.1	ok	5	93	0.00165	0.47531	1444	0	0.9871	2917	0.9691	3038	23	795	false
GCA_002349035.1__GCA_902799165.1	GCA_002349035.1	GCA_902799165.1	ok	0	44	0.00000	0.48259	2024	0	0.9927	4106	0.9894	4194	13	785	false
GCA_002349445.1__GCA_002472185.1	GCA_002349445.1	GCA_002472185.1	ok	0	114	0.00000	0.43658	974	0	0.9569	2087	0.9483	2231	4	294	false
GCA_002349805.1__GCA_004563465.1	GCA_002349805.1	GCA_004563465.1	ok	2	224	0.00150	0.49286	656	0	0.9817	1070	0.8269	1331	5	193	false
GCA_002351105.1__GCA_902794375.1	GCA_002351105.1	GCA_902794375.1	ok	2	150	0.00121	0.42866	706	0	0.9254	1414	0.9046	1647	14	244	false
GCA_002351805.1__GCA_902780715.1	GCA_002351805.1	GCA_902780715.1	ok	0	13	0.00000	0.48115	587	0	0.9992	1195	0.9892	1220	1	214	false
GCA_002352025.1__GCA_002360485.1	GCA_002352025.1	GCA_002360485.1	ok	4	249	0.00216	0.48168	894	0	0.8766	1470	0.8577	1856	12	223	false
GCA_002352275.1__GCA_003455755.1	GCA_002352275.1	GCA_003455755.1	ok	2	312	0.00063	0.48695	1549	0	0.9361	2694	0.8967	3181	5	467	false
GCA_002353445.1__GCA_017940645.1	GCA_002353445.1	GCA_017940645.1	ok	11	69	0.00640	0.49418	849	0	0.9886	1648	0.9596	1718	26	356	false
GCA_002358415.1__GCA_013316575.1	GCA_002358415.1	GCA_013316575.1	ok	7	125	0.00361	0.47192	916	0	0.9745	1756	0.9335	1941	8	443	false
GCA_002359295.1__GCA_002419625.1	GCA_002359295.1	GCA_002419625.1	ok	3	54	0.00134	0.47659	1069	0	0.9955	2188	0.9759	2243	4	257	false
GCA_002360485.1__GCA_003522815.1	GCA_002360485.1	GCA_003522815.1	ok	1	235	0.00069	0.48445	701	0	0.8949	996	0.8142	1447	15	198	false
GCA_002360855.1__GCA_002707865.1	GCA_002360855.1	GCA_002707865.1	ok	0	3	0.00000	0.01010	25	0	0.9992	2470	0.9988	2476	12	380	false
GCA_002361075.1__GCA_017385005.1	GCA_002361075.1	GCA_017385005.1	ok	1	105	0.00036	0.41791	1153	0	0.9781	2591	0.9611	2759	6	486	false
GCA_002361395.1__GCA_017519245.1	GCA_002361395.1	GCA_017519245.1	ok	0	131	0.00000	0.45523	727	0	0.9561	1414	0.9155	1597	13	533	false
GCA_002362375.1__GCF_002700155.1	GCA_002362375.1	GCF_002700155.1	ok	2	28	0.00114	0.46057	806	0	0.9983	1724	0.9840	1750	13	223	false
GCA_002362615.1__GCA_002492815.1	GCA_002362615.1	GCA_002492815.1	ok	1	16	0.00034	0.47342	1407	0	0.9969	2905	0.9945	2972	2	437	false
GCA_002362815.1__GCA_002363355.1	GCA_002362815.1	GCA_002363355.1	ok	13	90	0.00340	0.46013	1760	0	0.9915	3624	0.9757	3825	5	405	false
GCA_002362815.1__GCF_004421065.1	GCA_002362815.1	GCF_004421065.1	ok	12	180	0.00524	0.46876	1073	0	0.9248	2116	0.9216	2289	24	421	false
GCA_002362895.1__GCA_002363375.1	GCA_002362895.1	GCA_002363375.1	ok	7	36	0.00132	0.35552	1880	0	0.9985	5258	0.9932	5288	29	1322	false
GCA_002363355.1__GCF_004421065.1	GCA_002363355.1	GCF_004421065.1	ok	14	196	0.00612	0.47311	1082	0	1.0000	2118	0.9148	2287	19	406	false
GCA_002363785.1__GCA_002388535.1	GCA_002363785.1	GCA_002388535.1	ok	2	18	0.00065	0.49433	1527	0	0.9990	3065	0.9942	3089	2	246	false
GCA_002365295.1__GCA_003519345.1	GCA_002365295.1	GCA_003519345.1	ok	0	68	0.00000	0.40325	273	0	0.9213	515	0.8861	677	0	65	false
GCA_002365435.1__GCA_002384095.1	GCA_002365435.1	GCA_002384095.1	ok	0	40	0.00000	0.45527	402	0	0.9855	814	0.9532	883	0	82	false
GCA_002367435.1__GCA_009922895.1	GCA_002367435.1	GCA_009922895.1	ok	0	113	0.00000	0.48923	772	0	0.9260	1352	0.9240	1578	1	189	false
GCA_002371185.1__GCA_002373495.1	GCA_002371185.1	GCA_002373495.1	ok	0	86	0.00000	0.46468	625	0	0.9446	1211	0.9339	1345	0	129	false
GCA_002371185.1__GCA_002392595.1	GCA_002371185.1	GCA_002392595.1	ok	0	112	0.00000	0.46316	811	0	0.9988	1613	0.9351	1751	2	157	false
GCA_002371595.1__GCA_002395765.1	GCA_002371595.1	GCA_002395765.1	ok	1	45	0.00075	0.49436	657	0	0.9703	1272	0.9659	1329	6	227	false
GCA_002372155.1__GCF_000621945.1	GCA_002372155.1	GCF_000621945.1	ok	1	174	0.00126	0.45854	365	0	0.9967	610	0.7778	796	16	148	false
GCA_002373125.1__GCA_002395205.1	GCA_002373125.1	GCA_002395205.1	ok	4	140	0.00340	0.47149	554	0	0.8838	1019	0.8796	1175	12	218	false
GCA_002373495.1__GCA_002392595.1	GCA_002373495.1	GCA_002392595.1	ok	0	44	0.00000	0.47572	715	0	0.9979	1435	0.9703	1503	2	142	false
GCA_002377845.1__GCF_004794385.1	GCA_002377845.1	GCF_004794385.1	ok	3	139	0.00057	0.36578	1924	1	0.9940	5112	0.9735	5261	3	1636	false
GCA_002377925.1__GCA_900299445.1	GCA_002377925.1	GCA_900299445.1	ok	0	103	0.00000	0.45610	852	0	0.9494	1744	0.9444	1868	1	75	false
GCA_002378245.1__GCA_002473045.1	GCA_002378245.1	GCA_002473045.1	ok	0	48	0.00000	0.28984	1808	0	0.9966	6166	0.9923	6238	18	663	false
GCA_002379435.1__GCA_002384965.1	GCA_002379435.1	GCA_002384965.1	ok	10	160	0.00144	0.46615	3229	0	0.9971	6769	0.9769	6927	7	1268	false
GCA_002379505.1__GCA_002711945.1	GCA_002379505.1	GCA_002711945.1	ok	2	203	0.00120	0.47863	795	0	0.8902	1411	0.8753	1661	45	340	false
GCA_002380515.1__GCA_002453005.1	GCA_002380515.1	GCA_002453005.1	ok	0	47	0.00000	0.43579	1734	0	0.9954	3919	0.9881	3979	5	390	false
GCA_002380835.1__GCF_001534765.1	GCA_002380835.1	GCF_001534765.1	ok	0	206	0.00000	0.48387	555	0	0.9989	941	0.8204	1147	11	136	false
GCA_002380835.1__GCF_003660425.1	GCA_002380835.1	GCF_003660425.1	ok	1	194	0.00089	0.50000	559	0	0.9890	902	0.8228	1118	5	135	false
GCA_002380895.1__GCA_002454595.1	GCA_002380895.1	GCA_002454595.1	ok	3	41	0.00104	0.37980	1098	0	0.9941	2844	0.9858	2891	12	709	false
GCA_002382185.1__GCA_002422585.1	GCA_002382185.1	GCA_002422585.1	ok	0	100	0.00000	0.46826	1431	0	0.9956	2941	0.9671	3056	9	478	false
GCA_002383505.1__GCA_002419535.1	GCA_002383505.1	GCA_002419535.1	ok	0	6	0.00000	0.37733	1278	0	0.9991	3352	0.9982	3387	10	340	false
GCA_002384255.1__GCF_004353485.1	GCA_002384255.1	GCF_004353485.1	ok	3	96	0.00112	0.45647	1227	0	0.9739	2575	0.9640	2688	17	519	false
GCA_002384615.1__GCA_002388765.1	GCA_002384615.1	GCA_002388765.1	ok	2	131	0.00041	0.44116	2163	0	0.9996	4760	0.9732	4903	9	721	false
GCA_002385395.1__GCA_012728345.1	GCA_002385395.1	GCA_012728345.1	ok	0	130	0.00000	0.38458	893	0	0.9546	2102	0.9419	2322	8	290	false
GCA_002386485.1__GCA_002437745.1	GCA_002386485.1	GCA_002437745.1	ok	6	63	0.00801	0.35514	266	0	0.9957	691	0.9158	749	3	100	false
GCA_002386485.1__GCA_002451575.1	GCA_002386485.1	GCA_002451575.1	ok	0	8	0.00000	0.49694	487	0	0.9959	967	0.9918	980	5	104	false
GCA_002387615.1__GCA_009886705.1	GCA_002387615.1	GCA_009886705.1	ok	0	132	0.00000	0.37442	644	0	0.9391	1527	0.9208	1720	2	217	false
GCA_002387705.1__GCA_018607345.1	GCA_002387705.1	GCA_018607345.1	ok	0	192	0.00000	0.43070	1299	0	0.9895	2733	0.9344	3016	4	458	false
GCA_002388965.1__GCF_006740765.1	GCA_002388965.1	GCF_006740765.1	ok	2	43	0.00028	0.33456	2368	0	0.9990	7038	0.9939	7078	46	988	false
GCA_002389565.1__GCA_018609025.1	GCA_002389565.1	GCA_018609025.1	ok	0	60	0.00000	0.48246	1513	0	0.9852	3054	0.9807	3136	5	324	false
GCA_002390335.1__GCA_018609025.1	GCA_002390335.1	GCA_018609025.1	ok	0	2	0.00000	0.04225	3	0	0.9697	64	0.9701	71	2	278	false
GCA_002391355.1__GCA_012840645.1	GCA_002391355.1	GCA_012840645.1	ok	0	56	0.00000	0.49756	407	0	0.9634	632	0.9202	818	7	20	false
GCA_002391805.1__GCA_003488365.1	GCA_002391805.1	GCA_003488365.1	ok	10	456	0.00304	0.45571	1497	0	0.9986	2837	0.8611	3285	11	686	false
GCA_002392135.1__GCF_000239915.1	GCA_002392135.1	GCF_000239915.1	ok	4	111	0.00354	0.44562	504	0	0.9120	1005	0.9009	1131	15	107	false
GCA_002393085.1__GCA_017940505.1	GCA_002393085.1	GCA_017940505.1	ok	2	201	0.00143	0.48106	673	0	0.9584	1130	0.8497	1399	14	278	false
GCA_002393085.1__GCA_902789255.1	GCA_002393085.1	GCA_902789255.1	ok	2	179	0.00189	0.44939	475	0	0.7921	686	0.8052	1057	6	235	false
GCA_002394115.1__GCA_002394445.1	GCA_002394115.1	GCA_002394445.1	ok	2	111	0.00132	0.40421	614	0	0.9768	1345	0.9237	1519	5	330	false
GCA_002396275.1__GCA_003477385.1	GCA_002396275.1	GCA_003477385.1	ok	1	116	0.00146	0.43129	295	0	0.8970	479	0.8098	684	2	154	false
GCA_002396305.1__GCA_902770955.1	GCA_002396305.1	GCA_902770955.1	ok	7	130	0.00256	0.45152	1234	0	0.9577	2581	0.9520	2733	36	654	false
GCA_002396855.1__GCA_002400165.1	GCA_002396855.1	GCA_002400165.1	ok	1	105	0.00060	0.48523	805	0	0.9928	1527	0.9356	1659	10	221	false
GCA_002396905.1__GCA_002397125.1	GCA_002396905.1	GCA_002397125.1	ok	0	140	0.00000	0.45159	1068	0	0.9663	2149	0.9389	2365	9	282	false
GCA_002396905.1__GCA_002427175.1	GCA_002396905.1	GCA_002427175.1	ok	0	180	0.00000	0.46069	1049	0	0.9612	2032	0.9188	2277	8	291	false
GCA_002397945.1__GCA_012515675.1	GCA_002397945.1	GCA_012515675.1	ok	0	144	0.00000	0.43627	486	0	0.9241	901	0.8639	1114	19	187	false
GCA_002397945.1__GCA_019137035.1	GCA_002397945.1	GCA_019137035.1	ok	0	148	0.00000	0.45704	500	0	0.9068	885	0.8584	1094	2	198	false
GCA_002398185.1__GCA_002424445.1	GCA_002398185.1	GCA_002424445.1	ok	10	193	0.00780	0.49376	633	0	0.9164	986	0.8371	1282	7	104	false
GCA_002398265.1__GCA_002424085.1	GCA_002398265.1	GCA_002424085.1	ok	7	64	0.00378	0.49299	914	0	0.9780	1782	0.9652	1854	8	271	false
GCA_002398805.1__GCA_002427175.1	GCA_002398805.1	GCA_002427175.1	ok	0	211	0.00000	0.43828	980	0	0.9354	1940	0.9022	2236	12	290	false
GCA_002400245.1__GCA_002427335.1	GCA_002400245.1	GCA_002427335.1	ok	0	0	0.00000	0.00000	0	0	1.0000	20	1.0000	20	1	309	true
GCA_002403185.1__GCA_017999775.1	GCA_002403185.1	GCA_017999775.1	ok	0	55	0.00000	0.44385	332	0	0.9868	675	0.9247	748	3	152	false
GCA_002403255.1__GCA_003543575.1	GCA_002403255.1	GCA_003543575.1	ok	4	174	0.00289	0.44910	622	0	0.8707	1098	0.8648	1385	7	174	false
GCA_002405135.1__GCA_002431265.1	GCA_002405135.1	GCA_002431265.1	ok	3	104	0.00121	0.42484	1057	0	0.9983	2375	0.9580	2488	2	393	false
GCA_002405135.1__GCA_002476685.1	GCA_002405135.1	GCA_002476685.1	ok	1	45	0.00039	0.47895	1217	0	0.9984	2484	0.9822	2541	1	402	false
GCA_002407765.1__GCA_002426185.1	GCA_002407765.1	GCA_002426185.1	ok	3	59	0.00140	0.38035	817	0	0.9737	2074	0.9723	2148	3	253	false
GCA_002408625.1__GCA_018054665.1	GCA_002408625.1	GCA_018054665.1	ok	3	165	0.00263	0.47281	539	0	0.8946	840	0.8386	1140	20	359	false
GCA_002412085.1__GCA_002505115.1	GCA_002412085.1	GCA_002505115.1	ok	11	77	0.01871	0.48980	288	0	0.9293	513	0.8677	588	94	64	false
GCA_002413445.1__GCA_902564855.1	GCA_002413445.1	GCA_902564855.1	ok	0	170	0.00000	0.46895	808	0	0.9089	1517	0.8997	1723	2	192	false
GCA_002413545.1__GCA_012964995.1	GCA_002413545.1	GCA_012964995.1	ok	1	229	0.00035	0.49220	1420	0	0.9647	2541	0.9178	2885	90	281	false
GCA_002414925.1__GCA_002694475.1	GCA_002414925.1	GCA_002694475.1	ok	3	78	0.00055	0.48242	2621	0	0.9867	5353	0.9856	5433	138	706	false
GCA_002415645.1__GCA_002480445.1	GCA_002415645.1	GCA_002480445.1	ok	1	177	0.00018	0.42784	2339	0	0.9754	5244	0.9674	5467	3	1283	false
GCA_002417865.1__GCA_002418135.1	GCA_002417865.1	GCA_002418135.1	ok	0	31	0.00000	0.44667	536	0	0.9852	1133	0.9734	1200	2	117	false
GCA_002418405.1__GCA_018372615.1	GCA_002418405.1	GCA_018372615.1	ok	3	138	0.00097	0.40834	1263	0	0.9929	2950	0.9553	3093	7	368	false
GCA_002420065.1__GCA_003529165.1	GCA_002420065.1	GCA_003529165.1	ok	12	267	0.00512	0.38898	911	0	0.9499	2009	0.8825	2342	4	375	false
GCA_002420405.1__GCA_002687415.1	GCA_002420405.1	GCA_002687415.1	ok	0	122	0.00000	0.45062	867	0	0.9994	1794	0.9363	1924	48	222	false
GCA_002420865.1__GCA_900547885.1	GCA_002420865.1	GCA_900547885.1	ok	1	248	0.00034	0.44641	1312	0	0.9993	2681	0.9153	2939	5	878	false
GCA_002425115.1__GCA_002433925.1	GCA_002425115.1	GCA_002433925.1	ok	0	22	0.00000	0.38026	470	0	0.9894	1213	0.9822	1236	2	150	false
GCA_002425625.1__GCF_003086915.1	GCA_002425625.1	GCF_003086915.1	ok	24	286	0.00446	0.44469	2392	0	0.9998	5141	0.9471	5379	37	2018	false
GCA_002428535.1__GCA_003454985.1	GCA_002428535.1	GCA_003454985.1	ok	3	211	0.00183	0.48655	796	0	0.9736	1364	0.8665	1636	37	612	false
GCA_002428535.1__GCA_018433905.1	GCA_002428535.1	GCA_018433905.1	ok	1	177	0.00045	0.49500	1089	0	0.9310	1955	0.9175	2200	19	790	false
GCA_002430065.1__GCA_017857325.1	GCA_002430065.1	GCA_017857325.1	ok	0	256	0.00000	0.47419	1130	0	0.9231	2052	0.8894	2383	6	507	false
GCA_002430565.1__GCA_003455755.1	GCA_002430565.1	GCA_003455755.1	ok	3	285	0.00097	0.46094	1428	0	0.9595	2698	0.9045	3098	7	476	false
GCA_002431195.1__GCA_002708035.1	GCA_002431195.1	GCA_002708035.1	ok	3	70	0.00077	0.44421	1720	0	0.9963	3786	0.9818	3872	79	1208	false
GCA_002431265.1__GCA_002476685.1	GCA_002431265.1	GCA_002476685.1	ok	3	103	0.00123	0.47903	1165	0	0.9905	2302	0.9571	2432	3	381	false
GCA_002431505.1__GCA_003488365.1	GCA_002431505.1	GCA_003488365.1	ok	23	471	0.00474	0.46805	2271	0	0.9076	4392	0.9030	4852	13	682	false
GCA_002433445.1__GCA_002719855.1	GCA_002433445.1	GCA_002719855.1	ok	0	64	0.00000	0.44055	704	0	1.0000	1517	0.9595	1598	72	180	false
GCA_002435455.1__GCA_002438765.1	GCA_002435455.1	GCA_002438765.1	ok	1	102	0.00063	0.47103	748	0	0.9760	1463	0.9348	1588	2	324	false
GCA_002436715.1__GCA_002477875.1	GCA_002436715.1	GCA_002477875.1	ok	3	29	0.00390	0.42338	326	0	0.9906	740	0.9621	770	5	102	false
GCA_002438115.1__GCA_003532415.1	GCA_002438115.1	GCA_003532415.1	ok	6	185	0.00413	0.49931	725	0	0.9944	1236	0.8694	1452	14	338	false
GCA_002438765.1__GCA_002439715.1	GCA_002438765.1	GCA_002439715.1	ok	0	110	0.00000	0.43971	671	0	0.9781	1387	0.9265	1526	4	293	false
GCA_002440075.1__GCA_002451815.1	GCA_002440075.1	GCA_002451815.1	ok	0	71	0.00000	0.35586	674	0	0.9672	1741	0.9611	1894	6	196	false
GCA_002450435.1__GCA_002500965.1	GCA_002450435.1	GCA_002500965.1	ok	0	76	0.00000	0.34956	395	0	0.9745	995	0.9292	1130	2	151	false
GCA_002450765.1__GCA_003483585.1	GCA_002450765.1	GCA_003483585.1	ok	0	260	0.00000	0.46901	946	1	0.8846	1664	0.8662	2018	3	315	false
GCA_002450845.1__GCA_003525265.1	GCA_002450845.1	GCA_003525265.1	ok	0	308	0.00000	0.49718	880	0	0.9965	1418	0.8217	1770	3	161	false
GCA_002450995.1__GCA_002451215.1	GCA_002450995.1	GCA_002451215.1	ok	0	135	0.00000	0.42767	2043	0	0.9839	4578	0.9714	4777	4	916	false
GCA_002451285.1__GCA_903839765.1	GCA_002451285.1	GCA_903839765.1	ok	0	106	0.00000	0.36718	1244	0	0.9879	3268	0.9686	3388	12	745	false
GCA_002452655.1__GCA_003445665.1	GCA_002452655.1	GCA_003445665.1	ok	2	184	0.00116	0.49826	859	0	0.9723	1475	0.8894	1724	21	216	false
GCA_002453235.1__GCA_003538795.1	GCA_002453235.1	GCA_003538795.1	ok	1	287	0.00065	0.46289	711	0	0.9705	1150	0.8017	1536	1	139	false
GCA_002453805.1__GCA_002453945.1	GCA_002453805.1	GCA_002453945.1	ok	9	115	0.00108	0.43200	3615	0	0.9912	8234	0.9862	8368	20	1663	false
GCA_002455845.1__GCA_002717065.1	GCA_002455845.1	GCA_002717065.1	ok	0	89	0.00000	0.45364	778	0	1.0000	1618	0.9479	1715	5	284	false
GCA_002457765.1__GCA_003523885.1	GCA_002457765.1	GCA_003523885.1	ok	0	153	0.00000	0.42020	990	0	0.9339	2147	0.9337	2356	10	535	false
GCA_002469795.1__GCA_002690685.1	GCA_002469795.1	GCA_002690685.1	ok	6	210	0.00164	0.47965	1756	0	0.9939	3406	0.9418	3661	109	574	false
GCA_002469955.1__GCA_003506855.1	GCA_002469955.1	GCA_003506855.1	ok	0	83	0.00000	0.44567	443	0	0.9724	846	0.9110	994	0	148	false
GCA_002470035.1__GCA_900299445.1	GCA_002470035.1	GCA_900299445.1	ok	0	274	0.00000	0.48092	832	0	0.8242	1402	0.8400	1730	3	78	false
GCA_002471725.1__GCA_002686325.1	GCA_002471725.1	GCA_002686325.1	ok	0	138	0.00000	0.37646	547	0	1.0000	1311	0.9048	1453	4	176	false
GCA_002472155.1__GCA_902790945.1	GCA_002472155.1	GCA_902790945.1	ok	22	191	0.00536	0.47151	1936	0	0.9899	3916	0.9533	4106	28	1460	false
GCA_002472355.1__GCA_002481925.1	GCA_002472355.1	GCA_002481925.1	ok	2	65	0.00124	0.39317	633	0	0.9870	1517	0.9589	1610	2	157	false
GCA_002473005.1__GCA_016277725.1	GCA_002473005.1	GCA_016277725.1	ok	0	150	0.00000	0.47169	2108	0	0.9939	4236	0.9658	4469	7	768	false
GCA_002473225.1__GCF_013267085.1	GCA_002473225.1	GCF_013267085.1	ok	6	234	0.00102	0.35018	2065	0	0.9979	5670	0.9603	5897	22	1784	false
GCA_002480055.1__GCA_905478815.1	GCA_002480055.1	GCA_905478815.1	ok	0	138	0.00000	0.46675	1172	0	0.9502	2288	0.9433	2511	12	345	false
GCA_002490555.1__GCA_002491645.1	GCA_002490555.1	GCA_002491645.1	ok	0	36	0.00000	0.47470	2120	0	0.9955	4386	0.9919	4466	22	602	false
GCA_002491085.1__GCA_002493585.1	GCA_002491085.1	GCA_002493585.1	ok	0	29	0.00000	0.45013	862	0	0.9968	1860	0.9846	1915	4	286	false
GCA_002491315.1__GCA_002492815.1	GCA_002491315.1	GCA_002492815.1	ok	1	16	0.00031	0.46719	1488	0	0.9981	3115	0.9949	3185	2	451	false
GCA_002491555.1__GCA_002493265.1	GCA_002491555.1	GCA_002493265.1	ok	0	72	0.00000	0.46450	870	0	0.9665	1733	0.9601	1873	8	301	false
GCA_002491735.1__GCA_002493555.1	GCA_002491735.1	GCA_002493555.1	ok	1	84	0.00041	0.43039	1048	0	0.9867	2222	0.9637	2435	10	255	false
GCA_002491865.1__GCA_910584515.1	GCA_002491865.1	GCA_910584515.1	ok	4	37	0.00186	0.49001	1055	0	0.9953	2098	0.9826	2153	6	341	false
GCA_002493245.1__GCA_905204545.1	GCA_002493245.1	GCA_905204545.1	ok	1	105	0.00045	0.44535	986	0	0.9741	2068	0.9517	2214	3	452	false
GCA_002496995.1__GCA_009387855.1	GCA_002496995.1	GCA_009387855.1	ok	8	112	0.00848	0.46872	442	0	0.8808	820	0.8809	943	9	72	false
GCA_002497045.1__GCA_003584605.1	GCA_002497045.1	GCA_003584605.1	ok	4	284	0.00147	0.47572	1293	0	1.0000	2441	0.8956	2718	36	322	false
GCA_002497705.1__GCA_002503835.1	GCA_002497705.1	GCA_002503835.1	ok	0	179	0.00000	0.48830	647	0	0.8985	1009	0.8527	1325	21	143	false
GCA_002500215.1__GCA_003537275.1	GCA_002500215.1	GCA_003537275.1	ok	26	563	0.00705	0.48739	1797	0	0.8427	3081	0.8469	3687	18	773	false
GCA_002502935.1__GCA_900079125.1	GCA_002502935.1	GCA_900079125.1	ok	14	163	0.00584	0.48145	1155	0	0.9416	2258	0.9324	2399	48	418	false
GCA_002505035.1__GCA_002763205.1	GCA_002505035.1	GCA_002763205.1	ok	0	24	0.00000	0.39216	540	0	0.9910	1315	0.9821	1377	4	318	false
GCA_002505035.1__GCA_002763255.1	GCA_002505035.1	GCA_002763255.1	ok	0	41	0.00000	0.37847	545	0	0.9834	1361	0.9708	1440	3	329	false
GCA_002505645.1__GCA_019056895.1	GCA_002505645.1	GCA_019056895.1	ok	0	73	0.00000	0.48354	1028	0	0.9742	1852	0.9626	2126	13	173	false
GCA_002509505.1__GCA_017994735.1	GCA_002509505.1	GCA_017994735.1	ok	1	121	0.00050	0.47038	937	0	0.9583	1814	0.9376	1992	12	408	false
GCA_002509605.1__GCA_902786095.1	GCA_002509605.1	GCA_902786095.1	ok	2	89	0.00402	0.36546	182	0	0.8741	361	0.8061	498	3	42	false
GCA_002689885.1__GCA_902593395.1	GCA_002689885.1	GCA_902593395.1	ok	0	46	0.00000	0.49061	209	0	0.8977	351	0.8856	426	28	77	false
GCA_002692635.1__GCA_002729675.1	GCA_002692635.1	GCA_002729675.1	ok	0	176	0.00000	0.47178	861	0	0.9102	1601	0.9012	1825	12	408	false
GCA_002693025.1__GCA_002725105.1	GCA_002693025.1	GCA_002725105.1	ok	0	138	0.00000	0.48590	1482	0	0.9772	2827	0.9535	3050	4	761	false
GCA_002695845.1__GCA_002702225.1	GCA_002695845.1	GCA_002702225.1	ok	0	29	0.00000	0.46123	232	0	0.9587	441	0.9386	503	129	84	false
GCA_002698025.1__GCA_002712225.1	GCA_002698025.1	GCA_002712225.1	ok	3	74	0.00373	0.47950	386	0	0.9221	710	0.9059	805	84	135	false
GCA_002700265.1__GCA_017643205.1	GCA_002700265.1	GCA_017643205.1	ok	7	39	0.00119	0.21658	1272	0	0.9971	5843	0.9934	5873	308	1406	false
GCA_002702005.1__GCA_003209665.1	GCA_002702005.1	GCA_003209665.1	ok	2	102	0.00219	0.49399	452	0	0.9460	753	0.8821	915	97	145	false
GCA_002705225.1__GCA_003331375.1	GCA_002705225.1	GCA_003331375.1	ok	0	32	0.00000	0.46575	136	0	0.9707	232	0.8797	292	12	22	false
GCA_002712965.1__GCA_009391645.1	GCA_002712965.1	GCA_009391645.1	ok	5	52	0.00658	0.47368	360	0	0.9649	688	0.9294	760	66	109	false
GCA_002716425.1__GCA_003448475.1	GCA_002716425.1	GCA_003448475.1	ok	0	72	0.00000	0.47106	293	0	0.8567	502	0.8778	622	1	108	false
GCA_002716425.1__GCA_009391675.1	GCA_002716425.1	GCA_009391675.1	ok	0	63	0.00000	0.43928	293	0	0.8843	558	0.9008	667	19	137	false
GCA_002725245.1__GCA_013330135.1	GCA_002725245.1	GCA_013330135.1	ok	0	121	0.00000	0.47222	425	0	0.8447	740	0.8623	900	16	113	false
GCA_002754795.1__GCF_002271775.1	GCA_002754795.1	GCF_002271775.1	ok	0	81	0.00000	0.48489	1604	0	0.9813	3207	0.9754	3308	174	534	false
GCA_002763255.1__GCA_002785255.1	GCA_002763255.1	GCA_002785255.1	ok	0	117	0.00000	0.44220	612	0	0.9862	1218	0.9124	1384	3	327	false
GCA_002772225.1__GCA_002793275.1	GCA_002772225.1	GCA_002793275.1	ok	0	34	0.00000	0.38095	128	0	0.8715	217	0.8722	336	0	12	false
GCA_002772855.1__GCA_009992265.1	GCA_002772855.1	GCA_009992265.1	ok	0	9	0.00000	0.31441	216	0	0.9985	672	0.9868	687	0	30	false
GCA_002779155.1__GCA_002789755.1	GCA_002779155.1	GCA_002789755.1	ok	0	59	0.00000	0.45185	366	0	0.9232	637	0.9173	810	5	61	false
GCA_002781685.1__GCA_002784285.1	GCA_002781685.1	GCA_002784285.1	ok	0	162	0.00000	0.29086	315	0	0.8392	788	0.8349	1083	8	95	false
GCA_002781865.1__GCA_009993355.1	GCA_002781865.1	GCA_009993355.1	ok	0	39	0.00000	0.43498	281	0	0.9755	557	0.9351	646	1	72	false
GCA_002782325.1__GCA_002787335.1	GCA_002782325.1	GCA_002787335.1	ok	0	19	0.00000	0.46125	125	0	0.8970	209	0.9205	271	1	12	false
GCA_002785285.1__GCA_002790275.1	GCA_002785285.1	GCA_002790275.1	ok	0	53	0.00000	0.35650	236	0	0.9144	545	0.9125	662	8	44	false
GCA_002786095.1__GCF_900640075.1	GCA_002786095.1	GCF_900640075.1	ok	0	102	0.00000	0.48510	1563	0	0.9964	3087	0.9680	3222	19	316	false
GCA_002788255.1__GCA_002793395.1	GCA_002788255.1	GCA_002793395.1	ok	0	143	0.00000	0.37533	1007	0	0.9477	2462	0.9452	2683	6	387	false
GCA_002788415.1__GCA_002792975.1	GCA_002788415.1	GCA_002792975.1	ok	0	43	0.00000	0.40896	429	0	0.9686	955	0.9570	1049	7	121	false
GCA_002789155.1__GCA_009993785.1	GCA_002789155.1	GCA_009993785.1	ok	0	316	0.00000	0.44722	1771	1	0.9742	3356	0.9146	3961	33	740	false
GCA_002790895.1__GCA_002792655.1	GCA_002790895.1	GCA_002792655.1	ok	0	44	0.00000	0.46205	140	0	0.8804	243	0.8483	303	2	41	false
GCA_002792455.1__GCA_002793975.1	GCA_002792455.1	GCA_002793975.1	ok	0	26	0.00000	0.42049	119	0	0.9241	207	0.8930	283	4	25	false
GCA_002816355.1__GCA_009392645.1	GCA_002816355.1	GCA_009392645.1	ok	0	146	0.00000	0.44774	514	0	0.9938	966	0.8687	1148	5	232	false
GCA_002839685.1__GCF_012933645.1	GCA_002839685.1	GCF_012933645.1	ok	0	347	0.00000	0.49854	511	0	0.5561	550	0.6530	1025	1	72	false
GCA_002905835.1__GCF_000452525.3	GCA_002905835.1	GCF_000452525.3	ok	18	85	0.00205	0.44350	3901	0	0.9947	8747	0.9904	8796	97	2268	false
GCA_003058485.1__GCA_019100325.1	GCA_003058485.1	GCA_019100325.1	ok	0	380	0.00000	0.45923	2782	0	0.9956	5662	0.9371	6058	24	976	false
GCA_003131505.1__GCA_003134935.1	GCA_003131505.1	GCA_003134935.1	ok	48	511	0.00804	0.47076	2809	0	0.9401	5444	0.9136	5967	43	1299	false
GCA_003131995.1__GCA_003167035.1	GCA_003131995.1	GCA_003167035.1	ok	9	472	0.00171	0.48851	2572	0	0.9733	4557	0.9062	5265	16	850	false
GCA_003132345.1__GCA_003134935.1	GCA_003132345.1	GCA_003134935.1	ok	17	401	0.00277	0.48736	2987	0	0.9543	5683	0.9340	6129	45	1402	false
GCA_003132375.1__GCA_003132845.1	GCA_003132375.1	GCA_003132845.1	ok	23	298	0.00307	0.47184	3536	0	0.9835	7091	0.9596	7494	16	1365	false
GCA_003132485.1__GCA_003132545.1	GCA_003132485.1	GCA_003132545.1	ok	8	384	0.00169	0.48469	2296	0	0.9643	4209	0.9164	4737	9	902	false
GCA_003132485.1__GCA_003132965.1	GCA_003132485.1	GCA_003132965.1	ok	4	357	0.00071	0.47505	2675	0	0.9566	5177	0.9355	5631	10	980	false
GCA_003132545.1__GCA_003132965.1	GCA_003132545.1	GCA_003132965.1	ok	14	366	0.00277	0.47803	2415	0	0.9795	4576	0.9259	5052	7	862	false
GCA_003132845.1__GCA_003140755.1	GCA_003132845.1	GCA_003140755.1	ok	16	207	0.00197	0.48329	3920	0	0.9788	7831	0.9742	8111	27	1419	false
GCA_003135235.1__GCA_003161155.1	GCA_003135235.1	GCA_003161155.1	ok	5	255	0.00201	0.47061	1169	0	0.9294	2080	0.8918	2484	17	343	false
GCA_003135655.1__GCA_003169785.1	GCA_003135655.1	GCA_003169785.1	ok	0	376	0.00000	0.47967	2017	0	0.9995	3806	0.9101	4205	38	807	false
GCA_003138155.1__GCA_003158015.1	GCA_003138155.1	GCA_003158015.1	ok	11	525	0.00199	0.47739	2639	0	0.9533	4782	0.9013	5528	22	709	false
GCA_003138175.1__GCA_003161105.1	GCA_003138175.1	GCA_003161105.1	ok	0	276	0.00000	0.47018	2018	0	0.9605	3815	0.9327	4292	18	834	false
GCA_003138335.1__GCA_003156515.1	GCA_003138335.1	GCA_003156515.1	ok	3	75	0.00076	0.44981	1779	0	0.9941	3843	0.9808	3955	12	589	false
GCA_003138715.1__GCA_003159855.1	GCA_003138715.1	GCA_003159855.1	ok	0	80	0.00000	0.49599	2476	0	0.9893	4810	0.9836	4992	25	1019	false
GCA_003139495.1__GCA_003166935.1	GCA_003139495.1	GCA_003166935.1	ok	21	653	0.00284	0.49465	3655	0	0.9275	6562	0.9095	7389	36	1370	false
GCA_003140725.1__GCA_003153175.1	GCA_003140725.1	GCA_003153175.1	ok	32	673	0.00295	0.48715	5289	0	0.9722	10011	0.9369	10857	37	1782	false
GCA_003150015.1__GCA_018367385.1	GCA_003150015.1	GCA_018367385.1	ok	0	40	0.00000	0.46385	494	0	0.9621	1016	0.9622	1065	76	209	false
GCA_003150885.1__GCA_018381625.1	GCA_003150885.1	GCA_018381625.1	ok	3	148	0.00109	0.47802	1316	0	0.9498	2591	0.9460	2753	44	222	false
GCA_003150885.1__GCF_017566165.1	GCA_003150885.1	GCF_017566165.1	ok	2	36	0.00072	0.16392	458	0	0.9939	2754	0.9871	2794	45	233	false
GCA_003153795.1__GCA_003157475.1	GCA_003153795.1	GCA_003157475.1	ok	4	348	0.00123	0.49278	1603	0	0.8909	2842	0.8916	3253	19	513	false
GCA_003154505.1__GCA_003155355.1	GCA_003154505.1	GCA_003155355.1	ok	7	354	0.00140	0.44874	2250	0	0.9901	4521	0.9273	5014	9	838	false
GCA_003154505.1__GCA_003158325.1	GCA_003154505.1	GCA_003158325.1	ok	0	124	0.00000	0.43802	2668	0	0.9935	5849	0.9793	6091	14	929	false
GCA_003154875.1__GCA_003157795.1	GCA_003154875.1	GCA_003157795.1	ok	19	427	0.00438	0.44450	1930	0	0.9566	3685	0.8961	4342	9	772	false
GCA_003155455.1__GCA_003158815.1	GCA_003155455.1	GCA_003158815.1	ok	2	216	0.00077	0.49082	1283	0	0.9696	2294	0.9141	2614	14	293	false
GCA_003155455.1__GCA_003161995.1	GCA_003155455.1	GCA_003161995.1	ok	0	156	0.00000	0.48016	1307	0	0.9649	2475	0.9409	2722	12	293	false
GCA_003156515.1__GCA_003169085.1	GCA_003156515.1	GCA_003169085.1	ok	1	82	0.00025	0.37223	1477	0	0.9930	3850	0.9791	3968	15	567	false
GCA_003156875.1__GCA_003157305.1	GCA_003156875.1	GCA_003157305.1	ok	1	214	0.00045	0.47411	1062	0	0.9307	1813	0.8956	2240	7	398	false
GCA_003159365.1__GCA_003159975.1	GCA_003159365.1	GCA_003159975.1	ok	3	373	0.00035	0.46389	4008	0	0.9753	7862	0.9548	8640	47	1437	false
GCA_003161595.1__GCA_003167225.1	GCA_003161595.1	GCA_003167225.1	ok	4	441	0.00071	0.49212	2780	0	0.9703	5027	0.9195	5649	89	1083	false
GCA_003209665.1__GCA_902594495.1	GCA_003209665.1	GCA_902594495.1	ok	0	0	0.00000	0.00000	0	0	0.9960	1988	1.0000	2102	4	152	false
GCA_003218855.1__GCA_003219835.1	GCA_003218855.1	GCA_003219835.1	ok	0	176	0.00000	0.49565	1196	0	0.9632	2145	0.9246	2413	18	562	false
GCA_003225115.1__GCA_003225155.1	GCA_003225115.1	GCA_003225155.1	ok	2	547	0.00037	0.49844	2722	2	0.9498	4656	0.8953	5463	10	1178	false
GCA_003241585.1__GCA_003241635.1	GCA_003241585.1	GCA_003241635.1	ok	0	0	0.00000	0.00000	0	0	0.9993	18507	1.0000	18702	108	3358	false
GCA_003248635.1__GCF_000224715.1	GCA_003248635.1	GCF_000224715.1	ok	3	405	0.00089	0.49657	1665	0	0.9851	2914	0.8779	3353	14	769	false
GCA_003343525.1__GCA_905206385.1	GCA_003343525.1	GCA_905206385.1	ok	5	100	0.00290	0.45101	778	0	0.9489	1597	0.9410	1725	92	505	false
GCA_003343635.1__GCF_015550205.1	GCA_003343635.1	GCF_015550205.1	ok	2	165	0.00089	0.49667	1119	0	0.9712	2021	0.9246	2253	90	441	false
GCA_003343635.1__GCF_902386815.1	GCA_003343635.1	GCF_902386815.1	ok	3	172	0.00106	0.46844	1321	1	0.9996	2649	0.9390	2821	110	428	false
GCA_003385575.1__GCA_003389245.1	GCA_003385575.1	GCA_003389245.1	ok	0	3	0.00000	0.00000	0	0	0.9998	6415	0.9995	6421	24	884	false
GCA_003388515.1__GCA_003389355.1	GCA_003388515.1	GCA_003389355.1	ok	12	161	0.00134	0.41487	3704	0	0.9920	8734	0.9819	8928	168	1690	false
GCA_003445655.1__GCA_012521605.1	GCA_003445655.1	GCA_012521605.1	ok	0	139	0.00000	0.45988	447	0	0.8536	682	0.8374	972	15	136	false
GCA_003446395.1__GCA_902789255.1	GCA_003446395.1	GCA_902789255.1	ok	0	151	0.00000	0.42092	346	0	0.7723	458	0.7729	822	7	214	false
GCA_003447905.1__GCA_017413135.1	GCA_003447905.1	GCA_017413135.1	ok	9	231	0.00601	0.48331	724	0	0.8590	1212	0.8410	1498	25	453	false
GCA_003448475.1__GCA_009391675.1	GCA_003448475.1	GCA_009391675.1	ok	0	150	0.00000	0.47802	696	0	0.9341	1134	0.8853	1456	18	179	false
GCA_003451515.1__GCA_905214595.1	GCA_003451515.1	GCA_905214595.1	ok	2	49	0.00153	0.49501	645	0	0.9803	1243	0.9621	1303	4	208	false
GCA_003452555.1__GCA_018383075.1	GCA_003452555.1	GCA_018383075.1	ok	2	58	0.00086	0.48929	1142	0	0.9852	2261	0.9750	2334	23	581	false
GCA_003453075.1__GCA_003535715.1	GCA_003453075.1	GCA_003535715.1	ok	0	126	0.00000	0.46737	752	0	0.9484	1323	0.9138	1609	3	231	false
GCA_003459985.1__GCA_014864285.1	GCA_003459985.1	GCA_014864285.1	ok	3	101	0.00132	0.45064	1027	0	0.9959	2162	0.9554	2279	10	273	false
GCA_003459985.1__GCA_905196935.1	GCA_003459985.1	GCA_905196935.1	ok	3	83	0.00146	0.46582	954	0	0.9934	1954	0.9593	2048	10	268	false
GCA_003478565.1__GCA_905196385.1	GCA_003478565.1	GCA_905196385.1	ok	19	105	0.00959	0.42655	845	0	0.9797	1879	0.9467	1981	42	281	false
GCA_003480625.1__GCF_018917925.1	GCA_003480625.1	GCF_018917925.1	ok	33	142	0.01567	0.37720	794	1	0.9756	2000	0.9327	2106	72	393	false
GCA_003484445.1__GCA_003534055.1	GCA_003484445.1	GCA_003534055.1	ok	2	158	0.00172	0.48495	564	0	0.9064	881	0.8501	1163	6	147	false
GCA_003486265.1__GCA_009929385.1	GCA_003486265.1	GCA_009929385.1	ok	0	163	0.00000	0.45872	650	0	0.9154	1082	0.8720	1417	29	375	false
GCA_003486585.1__GCA_003507035.1	GCA_003486585.1	GCA_003507035.1	ok	1	242	0.00052	0.48474	937	0	0.9371	1535	0.8648	1933	10	397	false
GCA_003487495.1__GCA_003537815.1	GCA_003487495.1	GCA_003537815.1	ok	1	28	0.00107	0.43850	410	0	0.9956	900	0.9698	935	3	86	false
GCA_003491695.1__GCA_018609025.1	GCA_003491695.1	GCA_018609025.1	ok	0	344	0.00000	0.48941	1387	0	0.8714	2439	0.8775	2834	9	325	false
GCA_003497385.1__GCA_902796015.1	GCA_003497385.1	GCA_902796015.1	ok	0	260	0.00000	0.49012	893	0	0.8760	1413	0.8475	1822	9	412	false
GCA_003497385.1__GCA_902802235.1	GCA_003497385.1	GCA_902802235.1	ok	0	201	0.00000	0.48131	953	0	0.9336	1658	0.8927	1980	5	396	false
GCA_003499865.1__GCA_003512145.1	GCA_003499865.1	GCA_003512145.1	ok	1	152	0.00093	0.49814	535	0	0.9207	801	0.8441	1074	7	122	false
GCA_003500785.1__GCA_003505675.1	GCA_003500785.1	GCA_003505675.1	ok	0	262	0.00000	0.48474	1255	0	0.9375	2131	0.8914	2589	5	556	false
GCA_003503375.1__GCA_003525025.1	GCA_003503375.1	GCA_003525025.1	ok	0	300	0.00000	0.47863	1310	0	0.9366	2156	0.8790	2737	5	389	false
GCA_003509125.1__GCA_003533685.1	GCA_003509125.1	GCA_003533685.1	ok	0	221	0.00000	0.49543	1248	0	0.9358	2115	0.9064	2519	3	388	false
GCA_003510855.1__GCA_014764115.1	GCA_003510855.1	GCA_014764115.1	ok	31	530	0.00522	0.46714	2772	0	0.9234	5375	0.9100	5934	21	1435	false
GCA_003511045.1__GCA_003524005.1	GCA_003511045.1	GCA_003524005.1	ok	0	1	0.00000	0.36338	645	0	1.0000	1763	0.9994	1775	1	122	false
GCA_003516345.1__GCA_902526635.1	GCA_003516345.1	GCA_902526635.1	ok	1	147	0.00054	0.46121	856	0	0.9285	1648	0.9186	1856	3	535	false
GCA_003521015.1__GCA_003529415.1	GCA_003521015.1	GCA_003529415.1	ok	2	103	0.00043	0.48507	2274	0	0.9908	4532	0.9778	4688	7	687	false
GCA_003526955.1__GCF_015553695.1	GCA_003526955.1	GCF_015553695.1	ok	7	80	0.00434	0.47055	759	0	0.9702	1530	0.9501	1613	16	262	false
GCA_003529475.1__GCA_018379325.1	GCA_003529475.1	GCA_018379325.1	ok	2	50	0.00078	0.43286	1109	0	0.9884	2476	0.9802	2562	17	286	false
GCA_003530025.1__GCA_905213035.1	GCA_003530025.1	GCA_905213035.1	ok	0	20	0.00000	0.28889	91	0	0.9342	284	0.9349	315	3	29	false
GCA_003534915.1__GCA_003545475.1	GCA_003534915.1	GCA_003545475.1	ok	0	10	0.00000	0.14372	142	0	0.9929	975	0.9898	988	4	67	false
GCA_003534955.1__GCA_905479175.1	GCA_003534955.1	GCA_905479175.1	ok	0	271	0.00000	0.45419	689	0	0.9870	1213	0.8176	1517	7	209	false
GCA_003535215.1__GCA_902755205.1	GCA_003535215.1	GCA_902755205.1	ok	1	213	0.00075	0.45139	599	0	0.8154	1051	0.8359	1327	3	249	false
GCA_003537025.1__GCF_900156585.1	GCA_003537025.1	GCF_900156585.1	ok	10	29	0.00416	0.49480	1190	1	0.9987	2382	0.9879	2406	301	300	false
GCA_003537815.1__GCA_905201315.1	GCA_003537815.1	GCA_905201315.1	ok	2	34	0.00216	0.46270	428	0	0.9800	880	0.9628	925	3	94	false
GCA_003539535.1__GCA_018370305.1	GCA_003539535.1	GCA_018370305.1	ok	0	31	0.00000	0.41257	512	0	0.9891	1185	0.9745	1241	5	230	false
GCA_003542775.1__GCF_016760265.1	GCA_003542775.1	GCF_016760265.1	ok	1	78	0.00133	0.39148	294	0	0.9662	657	0.8939	751	8	102	false
GCA_003542775.1__GCF_016760285.1	GCA_003542775.1	GCF_016760285.1	ok	2	77	0.00266	0.44740	336	0	0.9201	656	0.8952	751	7	100	false
GCA_003551885.1__GCA_007121875.1	GCA_003551885.1	GCA_007121875.1	ok	1	203	0.00034	0.48127	1400	0	0.9704	2490	0.9250	2909	40	644	false
GCA_003553145.1__GCA_003557985.1	GCA_003553145.1	GCA_003557985.1	ok	3	252	0.00075	0.45914	1843	0	0.9486	3488	0.9330	4014	42	757	false
GCA_003555365.1__GCA_017536985.1	GCA_003555365.1	GCA_017536985.1	ok	3	388	0.00099	0.44967	1367	0	0.8764	2587	0.8704	3040	22	951	false
GCA_003556235.1__GCA_007123475.1	GCA_003556235.1	GCA_007123475.1	ok	0	165	0.00000	0.48117	1073	0	0.9676	1882	0.9199	2230	25	415	false
GCA_003556465.1__GCA_003564375.1	GCA_003556465.1	GCA_003564375.1	ok	2	190	0.00081	0.45695	1125	0	0.9522	2151	0.9192	2462	30	378	false
GCA_003556885.1__GCA_007120735.1	GCA_003556885.1	GCA_007120735.1	ok	0	298	0.00000	0.46789	1508	0	0.9421	2766	0.9033	3223	33	373	false
GCA_003557615.1__GCA_007124755.1	GCA_003557615.1	GCA_007124755.1	ok	0	400	0.00000	0.45384	1868	0	0.9238	3550	0.8994	4116	19	567	false
GCA_003557985.1__GCA_003568175.1	GCA_003557985.1	GCA_003568175.1	ok	2	291	0.00049	0.49477	2033	0	0.9717	3576	0.9250	4109	78	772	false
GCA_003560055.1__GCA_003563265.1	GCA_003560055.1	GCA_003563265.1	ok	1	302	0.00042	0.47453	1118	0	0.9384	1903	0.8643	2356	22	297	false
GCA_003560415.1__GCA_003564115.1	GCA_003560415.1	GCA_003564115.1	ok	1	367	0.00018	0.45440	2486	0	0.9446	4855	0.9299	5471	44	1146	false
GCA_003560415.1__GCA_007126425.1	GCA_003560415.1	GCA_007126425.1	ok	0	269	0.00000	0.47922	1603	0	0.9570	2807	0.9131	3345	26	859	false
GCA_003560635.1__GCA_003564175.1	GCA_003560635.1	GCA_003564175.1	ok	0	241	0.00000	0.48914	1194	0	0.9532	2015	0.8941	2441	44	483	false
GCA_003561075.1__GCA_003561905.1	GCA_003561075.1	GCA_003561905.1	ok	0	297	0.00000	0.48963	1228	0	0.8996	1971	0.8715	2508	20	413	false
GCA_003561415.1__GCA_003564555.1	GCA_003561415.1	GCA_003564555.1	ok	0	150	0.00000	0.46477	851	0	0.9189	1530	0.9120	1831	26	255	false
GCA_003561545.1__GCA_003564695.1	GCA_003561545.1	GCA_003564695.1	ok	2	379	0.00044	0.46142	2075	0	0.9390	3958	0.9128	4497	53	1129	false
GCA_003562035.1__GCA_003568175.1	GCA_003562035.1	GCA_003568175.1	ok	2	258	0.00051	0.44473	1758	0	0.9724	3484	0.9312	3953	63	732	false
GCA_003562135.1__GCA_007121255.1	GCA_003562135.1	GCA_007121255.1	ok	0	123	0.00000	0.38247	1095	0	0.9551	2468	0.9531	2863	64	479	false
GCA_003562135.1__GCA_007136505.1	GCA_003562135.1	GCA_007136505.1	ok	0	131	0.00000	0.36464	1052	0	0.9503	2466	0.9503	2885	63	494	false
GCA_003562515.1__GCA_007124975.1	GCA_003562515.1	GCA_007124975.1	ok	5	208	0.00166	0.49867	1503	0	0.9779	2705	0.9286	3014	45	758	false
GCA_003564115.1__GCA_007126425.1	GCA_003564115.1	GCA_007126425.1	ok	0	233	0.00000	0.46836	1732	0	0.9316	3229	0.9331	3698	22	931	false
GCA_003564595.1__GCA_007116325.1	GCA_003564595.1	GCA_007116325.1	ok	0	128	0.00000	0.46042	762	0	0.9271	1360	0.9155	1655	13	250	false
GCA_003564595.1__GCA_007124025.1	GCA_003564595.1	GCA_007124025.1	ok	0	69	0.00000	0.46505	865	0	0.9625	1590	0.9589	1860	12	265	false
GCA_003564625.1__GCA_007130795.1	GCA_003564625.1	GCA_007130795.1	ok	0	218	0.00000	0.47650	2545	0	0.9699	5060	0.9587	5341	35	998	false
GCA_003566115.1__GCA_007129125.1	GCA_003566115.1	GCA_007129125.1	ok	0	365	0.00000	0.49109	1846	0	0.9401	3152	0.8967	3759	28	707	false
GCA_003567995.1__GCA_007123295.1	GCA_003567995.1	GCA_007123295.1	ok	1	120	0.00060	0.46917	776	0	0.9328	1457	0.9245	1654	11	233	false
GCA_003568135.1__GCA_007130225.1	GCA_003568135.1	GCA_007130225.1	ok	0	34	0.00000	0.44860	144	0	0.9635	264	0.8867	321	9	46	false
GCA_003577345.1__GCA_013360835.1	GCA_003577345.1	GCA_013360835.1	ok	3	336	0.00072	0.43402	1809	0	0.9715	3746	0.9178	4168	12	571	false
GCA_003585625.1__GCF_000263655.1	GCA_003585625.1	GCF_000263655.1	ok	5	19	0.00318	0.39072	615	0	0.9974	1557	0.9879	1574	3	349	false
GCA_003644685.1__GCA_003644735.1	GCA_003644685.1	GCA_003644735.1	ok	19	208	0.01391	0.49048	670	0	0.9097	1008	0.8298	1366	25	240	false
GCA_003672125.1__GCA_018671035.1	GCA_003672125.1	GCA_018671035.1	ok	0	77	0.00000	0.48326	433	0	0.9088	777	0.9111	896	7	81	false
GCA_003696925.1__GCA_015296045.1	GCA_003696925.1	GCA_015296045.1	ok	0	167	0.00000	0.47124	1278	0	0.9434	2500	0.9375	2712	6	334	false
GCA_003709175.1__GCA_004124485.1	GCA_003709175.1	GCA_004124485.1	ok	0	53	0.00000	0.39550	123	0	0.7540	190	0.7985	311	6	55	false
GCA_003712035.1__GCA_017641265.1	GCA_003712035.1	GCA_017641265.1	ok	2	13	0.00033	0.25135	1531	0	0.9988	6077	0.9979	6091	17	1356	false
GCA_003762755.1__GCA_009775475.1	GCA_003762755.1	GCA_009775475.1	ok	9	108	0.00297	0.47757	1448	0	0.9885	2913	0.9642	3032	13	488	false
GCA_003762805.1__GCA_009775475.1	GCA_003762805.1	GCA_009775475.1	ok	9	111	0.00297	0.46194	1402	0	0.9878	2914	0.9632	3035	13	486	false
GCA_003966995.1__GCF_011317485.1	GCA_003966995.1	GCF_011317485.1	ok	3	759	0.00033	0.42459	3837	0	0.9096	8217	0.9160	9037	48	1393	false
GCA_003979385.1__GCF_004803935.1	GCA_003979385.1	GCF_004803935.1	ok	0	117	0.00000	0.49530	1369	0	1.0000	2646	0.9577	2764	82	485	false
GCA_004006215.1__GCF_004551665.1	GCA_004006215.1	GCF_004551665.1	ok	5	10	0.00099	0.00060	3	0	1.0000	5034	0.9980	5034	49	1543	true
GCA_004212715.1__GCA_905478345.1	GCA_004212715.1	GCA_905478345.1	ok	0	86	0.00000	0.43705	361	0	0.9174	666	0.8871	826	9	82	false
GCA_004213355.1__GCA_902604955.1	GCA_004213355.1	GCA_902604955.1	ok	0	32	0.00000	0.28382	107	0	0.9140	340	0.9147	377	0	33	false
GCA_004213395.1__GCA_902572725.1	GCA_004213395.1	GCA_902572725.1	ok	4	76	0.00271	0.48951	723	0	0.9921	1390	0.9480	1477	2	315	false
GCA_004213445.1__GCA_009391625.1	GCA_004213445.1	GCA_009391625.1	ok	0	38	0.00000	0.48365	281	0	0.9387	505	0.9310	581	1	68	false
GCA_004283095.1__GCA_018677255.1	GCA_004283095.1	GCA_018677255.1	ok	0	511	0.00000	0.49545	2285	0	0.9272	3910	0.8852	4612	16	977	false
GCA_004292525.1__GCA_004293465.1	GCA_004292525.1	GCA_004293465.1	ok	1	501	0.00025	0.42686	1707	0	0.9165	3141	0.8647	3999	71	403	false
GCA_004292525.1__GCA_004293515.1	GCA_004292525.1	GCA_004293515.1	ok	1	402	0.00022	0.44248	1981	0	0.9029	3768	0.9054	4477	90	474	false
GCA_004292975.1__GCA_004294245.1	GCA_004292975.1	GCA_004294245.1	ok	0	194	0.00000	0.41082	357	0	0.8921	488	0.7264	869	32	96	false
GCA_004293395.1__GCA_004293515.1	GCA_004293395.1	GCA_004293515.1	ok	1	139	0.00020	0.38319	1947	0	0.9777	4649	0.9711	5081	87	505	false
GCA_004552785.1__GCA_900541165.1	GCA_004552785.1	GCA_900541165.1	ok	4	127	0.00298	0.49478	664	0	0.9844	1199	0.9039	1342	40	435	false
GCA_004552785.1__GCA_905195025.1	GCA_004552785.1	GCA_905195025.1	ok	4	117	0.00284	0.49291	695	0	0.9245	1273	0.9159	1410	11	396	false
GCA_004553345.1__GCA_018385255.1	GCA_004553345.1	GCA_018385255.1	ok	5	48	0.00334	0.46421	694	0	0.9808	1427	0.9674	1495	4	274	false
GCA_004555945.1__GCA_905200965.1	GCA_004555945.1	GCA_905200965.1	ok	8	137	0.00342	0.43114	1008	0	0.9699	2188	0.9410	2338	34	891	false
GCA_004556815.1__GCA_004562555.1	GCA_004556815.1	GCA_004562555.1	ok	5	209	0.00350	0.49825	711	0	0.9800	1179	0.8492	1427	10	263	false
GCA_004557615.1__GCA_905209415.1	GCA_004557615.1	GCA_905209415.1	ok	0	45	0.00000	0.40348	1252	0	0.9964	3040	0.9854	3103	7	704	false
GCA_004563445.1__GCA_016296925.1	GCA_004563445.1	GCA_016296925.1	ok	0	124	0.00000	0.44050	1118	0	0.9833	2361	0.9501	2538	13	486	false
GCA_004768385.1__GCA_004768435.1	GCA_004768385.1	GCA_004768435.1	ok	0	149	0.00000	0.47817	1347	0	0.9497	2603	0.9460	2817	16	615	false
GCA_005768775.1__GCA_905369865.1	GCA_005768775.1	GCA_905369865.1	ok	3	173	0.00482	0.48957	305	0	0.6783	390	0.7083	623	9	100	false
GCA_005776525.1__GCA_005790695.1	GCA_005776525.1	GCA_005790695.1	ok	0	54	0.00000	0.39104	253	0	0.9089	489	0.9036	647	7	39	false
GCA_005777705.1__GCA_005790615.1	GCA_005777705.1	GCA_005790615.1	ok	0	157	0.00000	0.46521	1825	0	0.9926	3618	0.9584	3923	6	572	false
GCA_005777705.1__GCA_005800055.1	GCA_005777705.1	GCA_005800055.1	ok	0	112	0.00000	0.49185	2113	0	0.9959	4106	0.9734	4296	10	614	false
GCA_005777725.1__GCA_005792345.1	GCA_005777725.1	GCA_005792345.1	ok	0	2	0.00000	0.15646	184	0	0.9991	1162	0.9983	1176	0	113	false
GCA_005777725.1__GCA_005797875.1	GCA_005777725.1	GCA_005797875.1	ok	0	8	0.00000	0.13320	199	0	0.9980	1470	0.9946	1494	0	126	false
GCA_005787845.1__GCA_005799035.1	GCA_005787845.1	GCA_005799035.1	ok	0	69	0.00000	0.49342	225	0	0.9626	335	0.8317	456	4	25	false
GCA_005789365.1__GCA_005792965.1	GCA_005789365.1	GCA_005792965.1	ok	0	135	0.00000	0.43211	732	0	0.9171	1516	0.9188	1694	4	178	false
GCA_005790615.1__GCA_005800055.1	GCA_005790615.1	GCA_005800055.1	ok	0	231	0.00000	0.43342	1852	0	0.9960	3960	0.9449	4273	8	620	false
GCA_005792345.1__GCA_005797875.1	GCA_005792345.1	GCA_005797875.1	ok	0	2	0.00000	0.11812	103	0	0.9977	857	0.9977	872	0	103	false
GCA_005792965.1__GCA_005805455.1	GCA_005792965.1	GCA_005805455.1	ok	0	19	0.00000	0.28761	543	0	0.9967	1840	0.9898	1888	6	177	false
GCA_005799295.1__GCA_005808605.1	GCA_005799295.1	GCA_005808605.1	ok	0	127	0.00000	0.47235	948	0	0.9699	1772	0.9333	2007	38	540	false
GCA_005877575.1__GCA_005877605.1	GCA_005877575.1	GCA_005877605.1	ok	9	335	0.00322	0.45432	1268	0	0.9070	2331	0.8751	2791	56	497	false
GCA_005878575.1__GCA_005879105.1	GCA_005878575.1	GCA_005879105.1	ok	0	137	0.00000	0.41510	885	0	0.9772	1927	0.9337	2132	31	368	false
GCA_005879625.1__GCA_005880215.1	GCA_005879625.1	GCA_005880215.1	ok	1	302	0.00021	0.46849	2275	0	0.9706	4451	0.9366	4856	58	1135	false
GCA_005880425.1__GCA_005880595.1	GCA_005880425.1	GCA_005880595.1	ok	2	249	0.00098	0.42864	874	0	0.8794	1451	0.8585	2039	23	553	false
GCA_005881185.1__GCA_005883535.1	GCA_005881185.1	GCA_005883535.1	ok	0	273	0.00000	0.46222	1089	0	0.9498	1966	0.8786	2356	42	672	false
GCA_005882515.1__GCA_005885585.1	GCA_005882515.1	GCA_005885585.1	ok	2	234	0.00066	0.49190	1487	0	0.9846	2743	0.9213	3023	8	517	false
GCA_005883535.1__GCA_005889125.1	GCA_005883535.1	GCA_005889125.1	ok	2	270	0.00085	0.48597	1143	0	0.9232	1923	0.8780	2352	23	635	false
GCA_005885195.1__GCA_005885225.1	GCA_005885195.1	GCA_005885225.1	ok	1	288	0.00047	0.48603	1044	0	0.9178	1674	0.8553	2148	29	491	false
GCA_006226575.1__GCA_006226625.1	GCA_006226575.1	GCA_006226625.1	ok	1	293	0.00043	0.42655	993	0	0.9295	1766	0.8599	2328	17	517	false
GCA_006228015.1__GCA_006228035.1	GCA_006228015.1	GCA_006228035.1	ok	0	124	0.00000	0.48599	1544	0	0.9688	2888	0.9591	3177	38	343	false
GCA_007116325.1__GCA_007122615.1	GCA_007116325.1	GCA_007122615.1	ok	0	222	0.00000	0.48831	877	0	0.8926	1372	0.8636	1796	8	252	false
GCA_007118405.1__GCA_007132805.1	GCA_007118405.1	GCA_007132805.1	ok	0	213	0.00000	0.48475	1351	0	0.9575	2456	0.9204	2787	35	655	false
GCA_007118755.1__GCA_007125865.1	GCA_007118755.1	GCA_007125865.1	ok	0	161	0.00000	0.41003	1463	0	0.9581	3157	0.9516	3568	33	636	false
GCA_007118845.1__GCA_007133475.1	GCA_007118845.1	GCA_007133475.1	ok	0	150	0.00000	0.43368	1419	0	0.9684	3005	0.9527	3272	11	423	false
GCA_007120115.1__GCA_007127115.1	GCA_007120115.1	GCA_007127115.1	ok	0	204	0.00000	0.43410	1986	0	0.9661	4105	0.9527	4575	18	908	false
GCA_007121255.1__GCA_007136505.1	GCA_007121255.1	GCA_007136505.1	ok	0	78	0.00000	0.30769	860	0	0.9721	2404	0.9689	2795	55	421	false
GCA_007121905.1__GCA_007129935.1	GCA_007121905.1	GCA_007129935.1	ok	1	396	0.00027	0.48142	1788	0	0.9524	3099	0.8872	3714	12	573	false
GCA_007125865.1__GCA_007132815.1	GCA_007125865.1	GCA_007132815.1	ok	0	104	0.00000	0.33697	1514	0	0.9850	4126	0.9755	4493	28	715	false
GCA_007129275.1__GCA_007130315.1	GCA_007129275.1	GCA_007130315.1	ok	0	134	0.00000	0.49403	2443	0	0.9797	4634	0.9719	4945	150	666	false
GCA_007859155.1__GCF_001618265.1	GCA_007859155.1	GCF_001618265.1	ok	0	109	0.00000	0.45843	1147	0	0.9719	2384	0.9563	2502	81	390	false
GCA_008011925.1__GCA_017997765.1	GCA_008011925.1	GCA_017997765.1	ok	4	244	0.00112	0.46618	1661	0	0.9621	3170	0.9288	3563	61	1026	false
GCA_008080525.1__GCA_009773225.1	GCA_008080525.1	GCA_009773225.1	ok	0	87	0.00000	0.41837	2132	0	0.9833	4960	0.9828	5096	14	845	false
GCA_008080525.1__GCA_009773295.1	GCA_008080525.1	GCA_009773295.1	ok	0	81	0.00000	0.42577	2171	0	0.9843	4964	0.9839	5099	10	770	false
GCA_008363105.1__GCA_014338175.1	GCA_008363105.1	GCA_014338175.1	ok	0	72	0.00000	0.47242	3314	0	0.9898	6909	0.9897	7015	23	1647	false
GCA_008363445.1__GCA_013360885.1	GCA_008363445.1	GCA_013360885.1	ok	5	282	0.00183	0.49507	1355	0	0.9966	2380	0.8939	2737	49	250	false
GCA_008501795.1__GCA_016743565.1	GCA_008501795.1	GCA_016743565.1	ok	1	13	0.00023	0.43082	1890	0	0.9979	4359	0.9970	4387	27	266	false
GCA_008667525.1__GCA_018380225.1	GCA_008667525.1	GCA_018380225.1	ok	0	251	0.00000	0.46508	1132	0	0.9963	2161	0.8960	2434	32	825	false
GCA_008667915.1__GCA_008668315.1	GCA_008667915.1	GCA_008668315.1	ok	0	79	0.00000	0.46049	1818	0	0.9943	3823	0.9798	3948	26	737	false
GCA_008668375.1__GCA_014866525.1	GCA_008668375.1	GCA_014866525.1	ok	22	207	0.00647	0.42794	1455	0	0.9640	3189	0.9387	3400	58	1117	false
GCA_008932945.1__GCA_903836985.1	GCA_008932945.1	GCA_903836985.1	ok	8	390	0.00210	0.48793	1860	0	0.9148	3287	0.8945	3812	117	949	false
GCA_009391445.1__GCA_009392385.1	GCA_009391445.1	GCA_009392385.1	ok	0	209	0.00000	0.49119	1171	0	0.9540	1972	0.9049	2384	9	308	false
GCA_009392385.1__GCA_009392625.1	GCA_009392385.1	GCA_009392625.1	ok	0	211	0.00000	0.49129	818	0	0.9248	1217	0.8557	1665	8	264	false
GCA_009697445.1__GCA_013521055.1	GCA_009697445.1	GCA_013521055.1	ok	0	58	0.00000	0.44068	182	0	0.9765	332	0.8524	413	0	42	false
GCA_009697445.1__GCA_016106165.1	GCA_009697445.1	GCA_016106165.1	ok	0	56	0.00000	0.47017	197	0	0.9826	339	0.8586	419	0	49	false
GCA_009697645.1__GCA_009705485.1	GCA_009697645.1	GCA_009705485.1	ok	2	13	0.00099	0.34750	703	0	0.9970	1999	0.9935	2023	1	300	false
GCA_009697925.1__GCA_009705485.1	GCA_009697925.1	GCA_009705485.1	ok	0	11	0.00000	0.39504	813	0	0.9985	2028	0.9946	2058	1	303	false
GCA_009698005.1__GCA_009701225.1	GCA_009698005.1	GCA_009701225.1	ok	0	4	0.00000	0.43895	967	0	0.9986	2190	0.9982	2203	1	305	false
GCA_009698145.1__GCA_009698395.1	GCA_009698145.1	GCA_009698395.1	ok	1	144	0.00059	0.48292	820	0	0.9419	1362	0.9056	1698	34	375	false
GCA_009699675.1__GCA_009705265.1	GCA_009699675.1	GCA_009705265.1	ok	0	262	0.00000	0.45106	1410	0	0.9467	2699	0.9118	3126	42	672	false
GCA_009699785.1__GCA_009706025.1	GCA_009699785.1	GCA_009706025.1	ok	0	139	0.00000	0.47817	953	0	0.9524	1759	0.9269	1993	26	364	false
GCA_009700335.1__GCA_009701535.1	GCA_009700335.1	GCA_009701535.1	ok	0	11	0.00000	0.40125	707	0	0.9994	1732	0.9937	1762	2	280	false
GCA_009700745.1__GCA_009706105.1	GCA_009700745.1	GCA_009706105.1	ok	0	372	0.00000	0.49380	3545	0	0.9984	6762	0.9479	7179	26	1623	false
GCA_009701225.1__GCA_009702335.1	GCA_009701225.1	GCA_009702335.1	ok	0	3	0.00000	0.46013	952	0	0.9990	2058	0.9985	2069	0	295	false
GCA_009702765.1__GCA_009705295.1	GCA_009702765.1	GCA_009705295.1	ok	3	87	0.00297	0.47076	475	0	0.9279	772	0.9005	1009	26	305	false
GCA_009702825.1__GCA_009703685.1	GCA_009702825.1	GCA_009703685.1	ok	0	211	0.00000	0.42377	870	0	0.9236	1753	0.8932	2053	26	429	false
GCA_009704135.1__GCA_903899185.1	GCA_009704135.1	GCA_903899185.1	ok	0	155	0.00000	0.46230	515	0	0.9066	893	0.8538	1114	12	143	false
GCA_009773225.1__GCA_009773295.1	GCA_009773225.1	GCA_009773295.1	ok	0	24	0.00000	0.13673	755	0	0.9974	5454	0.9956	5522	16	881	false
GCA_009774675.1__GCA_910585495.1	GCA_009774675.1	GCA_910585495.1	ok	6	355	0.00209	0.47436	1360	0	0.9808	2448	0.8732	2867	36	402	false
GCA_009774785.1__GCF_016697365.1	GCA_009774785.1	GCF_016697365.1	ok	9	224	0.00431	0.43514	909	0	0.8927	1864	0.8930	2089	127	366	false
GCA_009786255.1__GCA_009786585.1	GCA_009786255.1	GCA_009786585.1	ok	0	65	0.00000	0.48826	582	0	0.9206	939	0.9371	1192	15	89	false
GCA_009808245.1__GCF_004100005.1	GCA_009808245.1	GCF_004100005.1	ok	5	44	0.00348	0.34168	491	0	0.9844	1391	0.9693	1437	18	194	false
GCA_009808295.1__GCF_001436795.1	GCA_009808295.1	GCF_001436795.1	ok	9	31	0.00567	0.45718	726	0	0.9956	1569	0.9805	1588	8	222	false
GCA_009811615.2__GCF_009811575.1	GCA_009811615.2	GCF_009811575.1	ok	42	84	0.00547	0.10759	826	0	1.0000	7677	0.9891	7677	127	1767	true
GCA_009835875.1__GCA_009836655.1	GCA_009835875.1	GCA_009836655.1	ok	2	118	0.00095	0.46168	976	0	0.9604	1892	0.9415	2114	19	208	false
GCA_009837005.1__GCA_009845075.1	GCA_009837005.1	GCA_009845075.1	ok	0	250	0.00000	0.48981	1778	0	0.9917	3244	0.9286	3630	45	539	false
GCA_009837765.1__GCA_009844035.1	GCA_009837765.1	GCA_009844035.1	ok	2	364	0.00045	0.47124	2097	0	0.9802	4005	0.9167	4450	15	809	false
GCA_009838555.1__GCA_009840555.1	GCA_009838555.1	GCA_009840555.1	ok	1	266	0.00052	0.47837	918	0	0.8472	1608	0.8601	1919	7	403	false
GCA_009838585.1__GCA_009843225.1	GCA_009838585.1	GCA_009843225.1	ok	3	480	0.00034	0.47286	4208	0	0.9864	8274	0.9452	8899	63	1701	false
GCA_009841565.1__GCA_009842715.1	GCA_009841565.1	GCA_009842715.1	ok	0	202	0.00000	0.45672	918	0	0.9847	1735	0.8958	2010	20	211	false
GCA_009841565.1__GCA_009845945.1	GCA_009841565.1	GCA_009845945.1	ok	1	159	0.00048	0.49335	1038	0	0.9832	1876	0.9219	2104	28	234	false
GCA_009842775.1__GCA_009845765.1	GCA_009842775.1	GCA_009845765.1	ok	0	49	0.00000	0.46269	2542	0	0.9932	5417	0.9910	5494	2	684	false
GCA_009886405.1__GCA_009886595.1	GCA_009886405.1	GCA_009886595.1	ok	0	84	0.00000	0.48867	647	0	0.9496	1206	0.9350	1324	5	174	false
GCA_009920675.1__GCA_009921965.1	GCA_009920675.1	GCA_009921965.1	ok	1	171	0.00022	0.33914	1539	0	0.9707	4274	0.9617	4538	5	869	false
GCA_009920825.1__GCA_012269845.1	GCA_009920825.1	GCA_012269845.1	ok	0	356	0.00000	0.45880	1030	0	0.8584	1540	0.8189	2245	37	403	false
GCA_009926805.1__GCA_009927355.1	GCA_009926805.1	GCA_009927355.1	ok	0	230	0.00000	0.43592	915	0	0.9789	1807	0.8873	2099	3	244	false
GCA_009927605.1__GCA_010030285.1	GCA_009927605.1	GCA_010030285.1	ok	0	122	0.00000	0.46360	656	0	0.9125	1199	0.9096	1415	2	178	false
GCA_009929555.1__GCA_012517135.1	GCA_009929555.1	GCA_012517135.1	ok	1	126	0.00072	0.35362	488	0	0.9255	1181	0.9048	1380	14	166	false
GCA_009937485.1__GCA_013867285.1	GCA_009937485.1	GCA_013867285.1	ok	0	130	0.00000	0.48063	335	0	0.8102	491	0.7966	697	2	65	false
GCA_010022085.1__GCA_010029675.1	GCA_010022085.1	GCA_010029675.1	ok	2	104	0.00177	0.43425	492	0	0.9607	881	0.8966	1133	5	214	false
GCA_010025735.1__GCA_010025795.1	GCA_010025735.1	GCA_010025795.1	ok	5	324	0.00186	0.40402	1086	0	0.9251	2161	0.8709	2688	8	853	false
GCA_010026885.1__GCA_010027705.1	GCA_010026885.1	GCA_010027705.1	ok	7	340	0.00263	0.41051	1094	0	0.9180	2139	0.8642	2665	15	858	false
GCA_010026885.1__GCA_010030695.1	GCA_010026885.1	GCA_010030695.1	ok	4	222	0.00198	0.42165	853	0	0.9176	1626	0.8817	2023	6	716	false
GCA_011525815.1__GCA_900696565.1	GCA_011525815.1	GCA_900696565.1	ok	0	219	0.00000	0.41605	2322	0	0.9920	5307	0.9604	5581	9	839	false
GCA_011771215.1__GCA_011772325.1	GCA_011771215.1	GCA_011772325.1	ok	0	0	0.00000	0.00000	0	0	0.9902	2420	1.0000	2731	8	255	false
GCA_011771745.1__GCA_011772705.1	GCA_011771745.1	GCA_011772705.1	ok	0	0	0.00000	0.00000	0	0	0.9987	3950	1.0000	4013	8	543	false
GCA_011772115.1__GCA_011777335.1	GCA_011772115.1	GCA_011777335.1	ok	3	64	0.00039	0.48328	3700	0	0.9967	7564	0.9916	7656	11	1648	false
GCA_011772255.1__GCA_011772995.1	GCA_011772255.1	GCA_011772995.1	ok	0	0	0.00000	0.00000	0	0	0.9943	698	1.0000	737	2	68	false
GCA_011772325.1__GCA_011773605.1	GCA_011772325.1	GCA_011773605.1	ok	0	0	0.00000	0.00000	0	0	0.9902	2420	1.0000	2731	8	255	false
GCA_011800315.1__GCF_000969395.1	GCA_011800315.1	GCF_000969395.1	ok	0	19	0.00000	0.29059	1321	0	0.9987	4520	0.9958	4546	16	933	false
GCA_011801225.1__GCF_011801245.1	GCA_011801225.1	GCF_011801245.1	ok	0	2	0.00000	0.05764	252	0	0.9998	4369	0.9995	4372	19	800	false
GCA_012515675.1__GCA_019137035.1	GCA_012515675.1	GCA_019137035.1	ok	1	143	0.00087	0.41268	475	0	0.9258	936	0.8684	1151	19	191	false
GCA_012797395.1__GCA_017992275.1	GCA_012797395.1	GCA_017992275.1	ok	2	333	0.00105	0.46207	877	0	0.8057	1493	0.8215	1898	3	168	false
GCA_012797395.1__GCA_018052725.1	GCA_012797395.1	GCA_018052725.1	ok	1	320	0.00053	0.49580	944	0	0.8115	1498	0.8279	1904	5	168	false
GCA_012800225.1__GCA_019136235.1	GCA_012800225.1	GCA_019136235.1	ok	0	162	0.00000	0.39769	690	0	0.9942	1545	0.9051	1735	1	247	false
GCA_012839545.1__GCA_018435075.1	GCA_012839545.1	GCA_018435075.1	ok	0	52	0.00000	0.48593	984	0	0.9765	1957	0.9741	2025	11	252	false
GCA_012839985.1__GCA_018433175.1	GCA_012839985.1	GCA_018433175.1	ok	0	226	0.00000	0.44603	843	0	0.9063	1558	0.8752	1890	21	300	false
GCA_012841125.1__GCA_017995375.1	GCA_012841125.1	GCA_017995375.1	ok	0	173	0.00000	0.44400	666	0	0.8813	1166	0.8734	1500	52	337	false
GCA_012842385.1__GCF_900102395.1	GCA_012842385.1	GCF_900102395.1	ok	6	213	0.00613	0.41922	410	0	0.7693	667	0.7680	978	16	131	false
GCA_012843125.1__GCF_002300185.1	GCA_012843125.1	GCF_002300185.1	ok	9	31	0.00089	0.18619	1880	0	0.9999	10081	0.9969	10097	84	2686	false
GCA_012964395.1__GCA_015663735.1	GCA_012964395.1	GCA_015663735.1	ok	1	177	0.00046	0.43478	950	0	0.9524	1922	0.9160	2185	5	373	false
GCA_012966235.1__GCA_015663465.1	GCA_012966235.1	GCA_015663465.1	ok	0	224	0.00000	0.47623	581	0	0.9030	884	0.8018	1220	15	115	false
GCA_013001085.1__GCA_018679745.1	GCA_013001085.1	GCA_018679745.1	ok	1	259	0.00063	0.44725	708	0	0.8305	1019	0.8070	1583	48	172	false
GCA_013001175.1__GCA_018677255.1	GCA_013001175.1	GCA_018677255.1	ok	0	415	0.00000	0.47809	2193	0	0.9312	4089	0.9080	4587	21	970	false
GCA_013041895.1__GCA_018679365.1	GCA_013041895.1	GCA_018679365.1	ok	0	134	0.00000	0.43643	1198	0	0.9657	2502	0.9494	2745	26	223	false
GCA_013042885.1__GCA_013043865.1	GCA_013042885.1	GCA_013043865.1	ok	0	227	0.00000	0.40783	781	0	0.9248	1561	0.8744	1915	33	163	false
GCA_013042885.1__GCA_018680135.1	GCA_013042885.1	GCA_018680135.1	ok	1	248	0.00051	0.49363	969	0	0.9238	1589	0.8664	1963	32	167	false
GCA_013043015.1__GCA_018680535.1	GCA_013043015.1	GCA_018680535.1	ok	2	291	0.00048	0.48035	2017	0	0.9675	3751	0.9281	4199	78	690	false
GCA_013043175.1__GCA_018679895.1	GCA_013043175.1	GCA_018679895.1	ok	0	0	0.00000	0.00000	0	0	0.9632	1882	1.0000	2398	56	210	false
GCA_013043405.1__GCA_018680315.1	GCA_013043405.1	GCA_018680315.1	ok	3	259	0.00073	0.41675	1717	0	0.9536	3698	0.9348	4120	38	751	false
GCA_013112825.1__GCA_016861005.1	GCA_013112825.1	GCA_016861005.1	ok	6	34	0.00314	0.39780	761	0	0.9973	1879	0.9822	1913	15	202	false
GCA_013112825.1__GCA_019187325.1	GCA_013112825.1	GCA_019187325.1	ok	9	34	0.00439	0.39307	805	0	0.9936	2015	0.9833	2048	26	215	false
GCA_013152425.1__GCF_014141945.1	GCA_013152425.1	GCF_014141945.1	ok	3	265	0.00023	0.47297	6220	0	0.9996	12865	0.9798	13151	29	2994	false
GCA_013155505.1__GCA_013155515.1	GCA_013155505.1	GCA_013155515.1	ok	0	3	0.00000	0.41178	1209	0	0.9993	2928	0.9990	2936	10	578	false
GCA_013285725.1__GCA_013286175.1	GCA_013285725.1	GCA_013286175.1	ok	0	18	0.00000	0.28272	162	0	0.9870	530	0.9672	573	13	130	false
GCA_013306055.1__GCA_013306075.1	GCA_013306055.1	GCA_013306075.1	ok	0	37	0.00000	0.44872	105	0	0.7970	161	0.8230	234	4	18	false
GCA_013316065.1__GCA_017482695.1	GCA_013316065.1	GCA_017482695.1	ok	9	239	0.00643	0.49821	697	0	0.9974	1164	0.8286	1399	18	220	false
GCA_013316065.1__GCA_900766715.1	GCA_013316065.1	GCA_900766715.1	ok	7	240	0.00470	0.49228	733	0	0.9928	1242	0.8373	1489	8	215	false
GCA_013316185.1__GCA_910579715.1	GCA_013316185.1	GCA_910579715.1	ok	6	135	0.00662	0.49890	452	0	0.9713	710	0.8404	906	17	257	false
GCA_013316485.1__GCA_910585675.1	GCA_013316485.1	GCA_910585675.1	ok	6	70	0.00243	0.47142	1163	1	0.9802	2375	0.9713	2468	60	464	false
GCA_013316575.1__GCA_014237655.1	GCA_013316575.1	GCA_014237655.1	ok	7	146	0.00317	0.46485	1025	0	0.9961	2054	0.9334	2205	10	482	false
GCA_013330655.1__GCA_013331135.1	GCA_013330655.1	GCA_013331135.1	ok	2	91	0.00334	0.42404	254	0	0.8307	368	0.8135	599	2	44	false
GCA_013330725.1__GCA_018303935.1	GCA_013330725.1	GCA_018303935.1	ok	0	38	0.00000	0.43590	391	0	0.9698	836	0.9565	897	4	159	false
GCA_013331705.1__GCA_018303935.1	GCA_013331705.1	GCA_018303935.1	ok	0	44	0.00000	0.44961	406	0	0.9634	842	0.9503	903	5	164	false
GCA_013374455.1__GCA_013374465.1	GCA_013374455.1	GCA_013374465.1	ok	5	98	0.00812	0.49838	307	0	0.8778	424	0.8144	616	19	169	false
GCA_013390845.1__GCA_013390855.1	GCA_013390845.1	GCA_013390855.1	ok	0	34	0.00000	0.34332	252	0	0.9584	691	0.9532	734	8	42	false
GCA_013390845.1__GCA_013390875.1	GCA_013390845.1	GCA_013390875.1	ok	1	37	0.00137	0.47469	347	0	0.9914	688	0.9489	731	3	38	false
GCA_013391495.1__GCF_900199565.1	GCA_013391495.1	GCF_900199565.1	ok	11	83	0.00529	0.44760	931	0	0.9836	1976	0.9596	2080	44	428	false
GCA_013521055.1__GCA_016106165.1	GCA_013521055.1	GCA_016106165.1	ok	0	16	0.00000	0.34652	219	0	0.9818	594	0.9739	632	0	59	false
GCA_013530545.1__GCF_001878775.1	GCA_013530545.1	GCF_001878775.1	ok	5	114	0.00231	0.49285	1068	0	0.9883	2027	0.9467	2167	33	435	false
GCA_013822525.1__GCF_001598955.1	GCA_013822525.1	GCF_001598955.1	ok	2	83	0.00041	0.38627	1885	0	0.9842	4789	0.9830	4880	15	966	false
GCA_013822565.1__GCF_012641315.1	GCA_013822565.1	GCF_012641315.1	ok	2	49	0.00043	0.46283	2148	0	0.9983	4586	0.9894	4641	43	1776	false
GCA_014133975.1__GCF_013096875.1	GCA_014133975.1	GCF_013096875.1	ok	15	98	0.00585	0.47368	1215	0	0.9721	2477	0.9618	2565	120	717	false
GCA_014237205.1__GCA_016841465.1	GCA_014237205.1	GCA_016841465.1	ok	7	675	0.00118	0.49384	2925	0	0.8813	5183	0.8857	5923	21	921	false
GCA_014239125.1__GCF_910573905.1	GCA_014239125.1	GCF_910573905.1	ok	7	253	0.00396	0.44093	780	0	0.9788	1481	0.8537	1769	22	400	false
GCA_014465835.1__GCA_015655785.1	GCA_014465835.1	GCA_015655785.1	ok	4	33	0.00282	0.28037	397	0	0.9943	1385	0.9767	1416	26	268	false
GCA_014465935.1__GCA_904374815.1	GCA_014465935.1	GCA_904374815.1	ok	11	107	0.00464	0.48354	1146	0	0.9896	2273	0.9548	2370	22	669	false
GCA_014764115.1__GCF_004794075.1	GCA_014764115.1	GCF_004794075.1	ok	7	130	0.00090	0.49807	3877	0	0.9979	7650	0.9833	7784	26	1651	false
GCA_014796655.1__GCF_014145545.1	GCA_014796655.1	GCF_014145545.1	ok	9	29	0.00801	0.32947	370	0	0.9910	1098	0.9741	1123	18	139	false
GCA_014800465.1__GCA_014801805.1	GCA_014800465.1	GCA_014801805.1	ok	1	19	0.00114	0.42531	373	0	0.9871	844	0.9780	877	37	272	false
GCA_014801695.1__GCA_014801805.1	GCA_014801695.1	GCA_014801805.1	ok	0	14	0.00000	0.47215	373	0	0.9974	757	0.9818	790	55	263	false
GCA_014841765.1__GCA_014841995.1	GCA_014841765.1	GCA_014841995.1	ok	13	32	0.00155	0.19099	1599	0	0.9996	8357	0.9962	8372	17	2384	false
GCA_014841765.1__GCA_014842315.1	GCA_014841765.1	GCA_014842315.1	ok	9	35	0.00110	0.33946	2772	0	0.9996	8140	0.9957	8166	18	2401	false
GCA_014841995.1__GCA_014842315.1	GCA_014841995.1	GCA_014842315.1	ok	6	27	0.00074	0.47923	3900	0	0.9996	8112	0.9967	8138	15	2367	false
GCA_014846275.1__GCA_900759975.1	GCA_014846275.1	GCA_900759975.1	ok	1	33	0.00238	0.40380	170	0	0.9485	350	0.9147	421	17	33	false
GCA_014846755.1__GCA_900767755.1	GCA_014846755.1	GCA_900767755.1	ok	4	37	0.00244	0.44519	731	0	0.9956	1598	0.9773	1642	74	307	false
GCA_014847325.1__GCA_900767785.1	GCA_014847325.1	GCA_900767785.1	ok	5	165	0.00380	0.48517	638	0	0.8954	1062	0.8671	1315	33	321	false
GCA_014847495.1__GCA_905213865.1	GCA_014847495.1	GCA_905213865.1	ok	11	129	0.00568	0.49974	967	0	0.9652	1773	0.9319	1935	14	578	false
GCA_014847525.1__GCA_900086605.1	GCA_014847525.1	GCA_900086605.1	ok	8	219	0.00585	0.49123	672	0	0.8311	1132	0.8399	1368	151	310	false
GCA_014847595.1__GCA_016775195.1	GCA_014847595.1	GCA_016775195.1	ok	2	72	0.00098	0.44678	915	0	0.9710	1945	0.9643	2048	470	632	false
GCA_014847725.1__GCA_016297315.1	GCA_014847725.1	GCA_016297315.1	ok	4	167	0.00186	0.47818	1030	0	0.9980	1952	0.9210	2154	171	424	false
GCA_014848515.1__GCA_905202465.1	GCA_014848515.1	GCA_905202465.1	ok	1	78	0.00054	0.47264	881	0	0.9816	1761	0.9576	1864	45	238	false
GCA_014863965.1__GCA_900542415.1	GCA_014863965.1	GCA_900542415.1	ok	4	55	0.00258	0.46323	718	0	0.9861	1489	0.9643	1550	12	266	false
GCA_014864025.1__GCA_900542415.1	GCA_014864025.1	GCA_900542415.1	ok	0	183	0.00000	0.43473	686	0	0.9913	1375	0.8825	1578	9	258	false
GCA_014864955.1__GCA_900540585.1	GCA_014864955.1	GCA_900540585.1	ok	0	289	0.00000	0.47159	473	0	0.6155	597	0.7024	1003	2	178	false
GCA_014866525.1__GCA_014866585.1	GCA_014866525.1	GCA_014866585.1	ok	10	114	0.00320	0.48018	1502	0	0.9830	2999	0.9633	3128	59	1121	false
GCA_014866735.1__GCA_900762975.1	GCA_014866735.1	GCA_900762975.1	ok	12	341	0.00472	0.49017	1246	0	0.9431	2090	0.8596	2542	24	711	false
GCA_014868885.1__GCA_014869095.1	GCA_014868885.1	GCA_014869095.1	ok	15	176	0.00541	0.34631	961	0	0.9837	2589	0.9361	2775	48	951	false
GCA_014869255.1__GCA_018379115.1	GCA_014869255.1	GCA_018379115.1	ok	8	109	0.00346	0.40459	935	0	0.9666	2200	0.9527	2311	20	651	false
GCA_014870385.1__GCA_905211415.1	GCA_014870385.1	GCA_905211415.1	ok	0	47	0.00000	0.42177	186	0	0.9197	355	0.8840	441	1	36	false
GCA_014870395.1__GCA_018053635.1	GCA_014870395.1	GCA_018053635.1	ok	0	57	0.00000	0.47039	143	1	0.7259	143	0.7455	305	4	21	false
GCA_014872345.1__GCA_905193295.1	GCA_014872345.1	GCA_905193295.1	ok	1	284	0.00056	0.42521	759	0	0.9952	1464	0.8374	1785	7	292	false
GCA_014872635.1__GCA_905212425.1	GCA_014872635.1	GCA_905212425.1	ok	0	169	0.00000	0.46662	622	0	0.8757	1120	0.8703	1333	13	255	false
GCA_015059695.1__GCA_017507635.1	GCA_015059695.1	GCA_017507635.1	ok	2	333	0.00103	0.49871	966	0	0.9962	1592	0.8268	1937	74	768	false
GCA_015059695.1__GCA_017531965.1	GCA_015059695.1	GCA_017531965.1	ok	14	351	0.00686	0.47157	962	0	0.9988	1697	0.8274	2040	106	764	false
GCA_015062785.1__GCF_900103565.1	GCA_015062785.1	GCF_900103565.1	ok	3	89	0.00094	0.49213	1564	0	0.9945	3081	0.9719	3178	22	587	false
GCA_015228835.1__GCA_015231415.1	GCA_015228835.1	GCA_015231415.1	ok	7	221	0.00517	0.45381	614	0	0.8131	970	0.8211	1353	12	193	false
GCA_015228835.1__GCA_015231655.1	GCA_015228835.1	GCA_015231655.1	ok	11	238	0.00844	0.48850	637	0	0.9475	957	0.8013	1304	18	177	false
GCA_015231415.1__GCA_015231655.1	GCA_015231415.1	GCA_015231655.1	ok	18	200	0.00994	0.46298	838	0	0.9445	1549	0.8853	1810	20	198	false
GCA_015256235.1__GCA_905365325.1	GCA_015256235.1	GCA_905365325.1	ok	1	134	0.00146	0.45827	313	0	0.9981	538	0.8003	683	2	110	false
GCA_015256235.1__GCA_905373725.1	GCA_015256235.1	GCA_905373725.1	ok	0	61	0.00000	0.29498	282	0	0.9330	878	0.9354	956	3	118	false
GCA_015258305.1__GCA_905371615.1	GCA_015258305.1	GCA_905371615.1	ok	0	32	0.00000	0.33981	70	0	0.8613	149	0.8270	206	0	20	false
GCA_015260165.1__GCF_009728485.1	GCA_015260165.1	GCF_009728485.1	ok	8	133	0.00573	0.47387	662	0	0.9151	1261	0.9044	1397	19	358	false
GCA_015260225.1__GCA_015260255.1	GCA_015260225.1	GCA_015260255.1	ok	1	197	0.00082	0.45305	550	0	0.7917	840	0.8198	1214	3	309	false
GCA_015260735.1__GCA_015260745.1	GCA_015260735.1	GCA_015260745.1	ok	4	203	0.00202	0.46599	925	0	0.9253	1697	0.8938	1985	3	471	false
GCA_015262605.1__GCA_905371525.1	GCA_015262605.1	GCA_905371525.1	ok	2	198	0.00091	0.45558	1000	0	0.9125	1918	0.9073	2195	7	367	false
GCA_015354435.1__GCA_015354475.1	GCA_015354435.1	GCA_015354475.1	ok	0	0	0.00000	0.24168	755	0	1.0000	3117	1.0000	3124	4	405	false
GCA_015485095.1__GCF_007991015.1	GCA_015485095.1	GCF_007991015.1	ok	0	173	0.00000	0.46364	746	0	0.9923	1413	0.8910	1609	20	369	false
GCA_015485775.1__GCA_015494555.1	GCA_015485775.1	GCA_015494555.1	ok	2	193	0.00241	0.49518	411	0	0.8299	488	0.7278	830	50	110	false
GCA_015492235.1__GCF_013761125.1	GCA_015492235.1	GCF_013761125.1	ok	3	250	0.00315	0.46849	446	0	0.6797	643	0.7363	952	3	195	false
GCA_015656005.1__GCA_904374815.1	GCA_015656005.1	GCA_904374815.1	ok	13	91	0.00560	0.46147	1072	0	0.9834	2249	0.9609	2323	23	669	false
GCA_015656245.1__GCA_904502255.1	GCA_015656245.1	GCA_904502255.1	ok	0	0	0.00000	0.00000	0	0	0.9812	1099	1.0000	1300	30	98	false
GCA_015656895.1__GCA_017383865.1	GCA_015656895.1	GCA_017383865.1	ok	3	147	0.00145	0.40464	838	0	0.9948	1910	0.9284	2071	28	447	false
GCA_015656935.1__GCA_904501725.1	GCA_015656935.1	GCA_904501725.1	ok	0	0	0.00000	0.00000	0	0	0.9961	2065	1.0000	2236	12	210	false
GCA_015669005.1__GCA_902385415.1	GCA_015669005.1	GCA_902385415.1	ok	23	73	0.01187	0.48993	949	0	0.9932	1894	0.9625	1937	35	252	false
GCA_015688895.1__GCA_017390755.1	GCA_015688895.1	GCA_017390755.1	ok	0	71	0.00000	0.40227	142	0	0.8000	188	0.7437	353	9	51	false
GCA_015709405.1__GCF_009823595.1	GCA_015709405.1	GCF_009823595.1	ok	4	137	0.00154	0.49731	1292	0	0.9955	2457	0.9471	2598	9	424	false
GCA_015904085.1__GCA_015904125.1	GCA_015904085.1	GCA_015904125.1	ok	275	612	0.07188	0.41950	1605	0	0.9868	3586	0.8445	3826	325	805	false
GCA_016106225.1__GCA_016106265.1	GCA_016106225.1	GCA_016106265.1	ok	0	144	0.00000	0.44666	381	0	0.7975	642	0.8229	853	4	102	false
GCA_016178405.1__GCA_016201515.1	GCA_016178405.1	GCA_016201515.1	ok	0	62	0.00000	0.46849	513	0	0.9794	997	0.9416	1095	20	95	false
GCA_016181505.1__GCA_016203595.1	GCA_016181505.1	GCA_016203595.1	ok	0	41	0.00000	0.49012	124	0	0.6993	100	0.7469	253	4	34	false
GCA_016188905.1__GCA_016192625.1	GCA_016188905.1	GCA_016192625.1	ok	1	358	0.00035	0.48746	1380	0	0.9172	2159	0.8603	2831	70	460	false
GCA_016215525.1__GCF_003258855.1	GCA_016215525.1	GCF_003258855.1	ok	27	564	0.00487	0.49108	2724	0	0.9911	4993	0.8980	5547	65	1642	false
GCA_016215525.1__GCF_900604295.1	GCA_016215525.1	GCF_900604295.1	ok	25	254	0.00376	0.49293	3276	0	0.9783	6416	0.9618	6646	63	1654	false
GCA_016280495.1__GCA_905234115.1	GCA_016280495.1	GCA_905234115.1	ok	6	260	0.00366	0.41489	680	0	0.9786	1329	0.8362	1639	50	345	false
GCA_016281705.1__GCA_902776865.1	GCA_016281705.1	GCA_902776865.1	ok	0	87	0.00000	0.49245	261	0	0.8489	410	0.8287	530	7	89	false
GCA_016283735.1__GCA_902784395.1	GCA_016283735.1	GCA_902784395.1	ok	4	116	0.00180	0.46081	1023	0	0.9603	2080	0.9473	2220	15	663	false
GCA_016284055.1__GCA_016285565.1	GCA_016284055.1	GCA_016285565.1	ok	1	164	0.00063	0.48673	770	0	0.9366	1286	0.8882	1582	13	317	false
GCA_016288405.1__GCA_017961745.1	GCA_016288405.1	GCA_017961745.1	ok	8	145	0.00397	0.43629	880	0	0.9941	1864	0.9276	2017	12	505	false
GCA_016288455.1__GCA_017392725.1	GCA_016288455.1	GCA_017392725.1	ok	1	145	0.00127	0.48793	384	0	0.7474	497	0.7902	787	12	109	false
GCA_016290275.1__GCA_902771375.1	GCA_016290275.1	GCA_902771375.1	ok	3	248	0.00161	0.44802	836	0	0.9291	1508	0.8598	1866	39	524	false
GCA_016290485.1__GCA_017530685.1	GCA_016290485.1	GCA_017530685.1	ok	3	226	0.00209	0.48430	694	0	0.8313	1094	0.8335	1433	54	365	false
GCA_016292585.1__GCA_016292835.1	GCA_016292585.1	GCA_016292835.1	ok	0	75	0.00000	0.47598	426	0	0.9426	756	0.9106	895	5	100	false
GCA_016292865.1__GCA_018384285.1	GCA_016292865.1	GCA_018384285.1	ok	1	156	0.00076	0.48411	640	0	0.9679	1086	0.8749	1322	5	170	false
GCA_016293055.1__GCA_900546155.1	GCA_016293055.1	GCA_900546155.1	ok	0	65	0.00000	0.38551	628	0	0.9879	1549	0.9598	1629	3	308	false
GCA_016293115.1__GCA_016293275.1	GCA_016293115.1	GCA_016293275.1	ok	0	48	0.00000	0.48333	551	0	0.9707	1059	0.9568	1140	5	209	false
GCA_016293115.1__GCA_905199065.1	GCA_016293115.1	GCA_905199065.1	ok	3	93	0.00392	0.37516	287	0	0.9786	640	0.8730	765	3	205	false
GCA_016296895.1__GCA_900551315.1	GCA_016296895.1	GCA_900551315.1	ok	2	68	0.00454	0.41043	181	0	0.8613	354	0.8407	441	6	50	false
GCA_016297955.1__GCA_018385095.1	GCA_016297955.1	GCA_018385095.1	ok	2	296	0.00094	0.46276	988	0	0.9692	1700	0.8521	2135	24	749	false
GCA_016302105.1__GCA_016302425.1	GCA_016302105.1	GCA_016302425.1	ok	1	162	0.00043	0.48048	1120	0	0.9525	2024	0.9263	2331	12	705	false
GCA_016302335.1__GCA_905199825.1	GCA_016302335.1	GCA_905199825.1	ok	0	140	0.00000	0.46846	817	0	0.9686	1543	0.9170	1744	7	372	false
GCA_016405405.1__GCA_905213015.1	GCA_016405405.1	GCA_905213015.1	ok	2	65	0.00073	0.41282	1127	0	0.9873	2648	0.9760	2730	12	508	false
GCA_016462135.1__GCA_016462965.1	GCA_016462135.1	GCA_016462965.1	ok	1	265	0.00028	0.42350	1492	0	0.9594	3075	0.9211	3523	10	572	false
GCA_016462475.1__GCA_016462965.1	GCA_016462475.1	GCA_016462965.1	ok	0	304	0.00000	0.49483	1627	0	0.9145	2759	0.9021	3288	11	577	false
GCA_016632365.1__GCA_019148575.1	GCA_016632365.1	GCA_019148575.1	ok	3	59	0.00062	0.43723	2128	0	0.9983	4723	0.9877	4867	57	539	false
GCA_016703445.1__GCA_016720015.1	GCA_016703445.1	GCA_016720015.1	ok	11	48	0.00210	0.45704	2394	1	0.9988	5206	0.9908	5239	138	776	false
GCA_016704395.1__GCA_016709475.1	GCA_016704395.1	GCA_016709475.1	ok	51	146	0.02368	0.38858	837	0	0.9872	2087	0.9332	2154	220	293	false
GCA_016705185.1__GCA_016708405.1	GCA_016705185.1	GCA_016708405.1	ok	28	60	0.00705	0.13681	543	0	0.9995	3960	0.9850	3969	130	864	false
GCA_016706355.1__GCA_016719985.1	GCA_016706355.1	GCA_016719985.1	ok	20	57	0.00433	0.27560	1273	0	0.9985	4596	0.9877	4619	249	580	false
GCA_016706435.1__GCA_017989535.1	GCA_016706435.1	GCA_017989535.1	ok	5	303	0.00127	0.43678	1717	0	0.9240	3612	0.9227	3931	62	1363	false
GCA_016706525.1__GCA_016712915.1	GCA_016706525.1	GCA_016712915.1	ok	46	126	0.00509	0.37100	3352	0	0.9984	8993	0.9861	9035	356	2142	false
GCA_016707325.1__GCA_016715315.1	GCA_016707325.1	GCA_016715315.1	ok	27	61	0.00318	0.14819	1259	0	0.9992	8478	0.9928	8496	312	2020	false
GCA_016707695.1__GCA_016717775.1	GCA_016707695.1	GCA_016717775.1	ok	13	51	0.00543	0.31104	744	0	0.9966	2364	0.9788	2392	63	210	false
GCA_016710535.1__GCA_016710825.1	GCA_016710535.1	GCA_016710825.1	ok	52	154	0.01205	0.35171	1518	0	0.9951	4245	0.9646	4316	570	685	false
GCA_016712215.1__GCA_016722365.1	GCA_016712215.1	GCA_016722365.1	ok	65	155	0.01716	0.38078	1442	0	0.9963	3750	0.9596	3787	236	1087	false
GCA_016713705.1__GCA_017992095.1	GCA_016713705.1	GCA_017992095.1	ok	4	55	0.00074	0.45192	2444	0	0.9922	5360	0.9898	5408	430	914	false
GCA_016718615.1__GCA_018057805.1	GCA_016718615.1	GCA_018057805.1	ok	3	77	0.00051	0.47874	2838	0	0.9997	5854	0.9870	5928	51	841	false
GCA_016743675.1__GCA_016861005.1	GCA_016743675.1	GCA_016861005.1	ok	6	34	0.00314	0.39780	761	0	0.9973	1879	0.9822	1913	15	202	false
GCA_016756895.1__GCA_016756955.1	GCA_016756895.1	GCA_016756955.1	ok	10	219	0.00237	0.43855	1852	0	0.9717	3979	0.9478	4223	44	726	false
GCA_016777025.1__GCA_016778215.1	GCA_016777025.1	GCA_016778215.1	ok	0	13	0.00000	0.21311	104	0	0.9958	471	0.9731	488	0	35	false
GCA_016777165.1__GCA_016779745.1	GCA_016777165.1	GCA_016779745.1	ok	0	32	0.00000	0.49214	1190	0	0.9941	2357	0.9866	2418	3	328	false
GCA_016777665.1__GCA_016780545.1	GCA_016777665.1	GCA_016780545.1	ok	2	88	0.00055	0.42841	1550	0	0.9943	3492	0.9754	3618	6	483	false
GCA_016777985.1__GCA_016782805.1	GCA_016777985.1	GCA_016782805.1	ok	0	156	0.00000	0.45435	2379	0	0.9904	4932	0.9694	5236	47	1254	false
GCA_016778205.1__GCA_905478865.1	GCA_016778205.1	GCA_905478865.1	ok	0	72	0.00000	0.46388	244	0	0.8532	401	0.8509	526	7	73	false
GCA_016778355.1__GCA_016778375.1	GCA_016778355.1	GCA_016778375.1	ok	0	76	0.00000	0.48630	763	0	0.9718	1412	0.9490	1569	11	387	false
GCA_016778485.1__GCA_016779885.1	GCA_016778485.1	GCA_016779885.1	ok	0	43	0.00000	0.46029	284	0	0.9432	531	0.9255	617	5	62	false
GCA_016783025.1__GCA_016785045.1	GCA_016783025.1	GCA_016785045.1	ok	0	33	0.00000	0.41658	402	0	0.9909	869	0.9635	965	11	194	false
GCA_016838965.1__GCA_016839085.1	GCA_016838965.1	GCA_016839085.1	ok	1	30	0.00041	0.46816	1132	0	0.9983	2385	0.9876	2418	5	459	false
GCA_016858235.1__GCF_000812585.1	GCA_016858235.1	GCF_000812585.1	ok	47	227	0.01008	0.45176	2107	0	0.9985	4510	0.9516	4664	47	863	false
GCA_016858235.1__GCF_002994485.1	GCA_016858235.1	GCF_002994485.1	ok	45	117	0.01041	0.48242	2086	0	0.9984	4281	0.9731	4324	65	886	false
GCA_016869095.1__GCA_017302665.1	GCA_016869095.1	GCA_017302665.1	ok	8	34	0.01444	0.44585	247	0	0.9758	524	0.9384	554	28	68	false
GCA_016887665.1__GCF_002276415.1	GCA_016887665.1	GCF_002276415.1	ok	5	72	0.00091	0.48405	2655	0	0.9967	5408	0.9868	5485	26	1014	false
GCA_017305405.1__GCF_003610155.1	GCA_017305405.1	GCF_003610155.1	ok	2	41	0.00014	0.49292	7241	0	0.9980	14622	0.9972	14690	44	3250	false
GCA_017306455.1__GCF_001423805.1	GCA_017306455.1	GCF_001423805.1	ok	0	24	0.00000	0.36822	2491	0	0.9993	6728	0.9964	6765	10	1309	false
GCA_017306495.1__GCF_001278365.1	GCA_017306495.1	GCF_001278365.1	ok	8	437	0.00306	0.49885	1306	0	0.8186	2125	0.8328	2618	5	736	false
GCA_017330725.1__GCA_017330985.1	GCA_017330725.1	GCA_017330985.1	ok	5	115	0.00216	0.49223	1141	0	0.9955	2197	0.9502	2318	10	121	false
GCA_017380055.1__GCA_017399985.1	GCA_017380055.1	GCA_017399985.1	ok	7	268	0.00536	0.49962	652	0	0.9885	1033	0.7931	1305	56	294	false
GCA_017383565.1__GCA_017391745.1	GCA_017383565.1	GCA_017391745.1	ok	6	270	0.00299	0.46889	942	0	0.8638	1694	0.8642	2009	87	648	false
GCA_017388805.1__GCA_017455485.1	GCA_017388805.1	GCA_017455485.1	ok	0	88	0.00000	0.49672	530	0	0.9514	921	0.9134	1067	20	354	false
GCA_017389045.1__GCA_017444765.1	GCA_017389045.1	GCA_017444765.1	ok	6	106	0.00305	0.45584	898	0	0.9845	1840	0.9454	1970	13	409	false
GCA_017389675.1__GCA_902768475.1	GCA_017389675.1	GCA_902768475.1	ok	0	195	0.00000	0.45461	681	0	0.8838	1126	0.8558	1498	11	452	false
GCA_017400105.1__GCA_017418745.1	GCA_017400105.1	GCA_017418745.1	ok	0	244	0.00000	0.47615	619	0	0.8257	796	0.7772	1300	79	340	false
GCA_017401145.1__GCA_902756765.1	GCA_017401145.1	GCA_902756765.1	ok	2	108	0.00187	0.49860	534	0	0.8963	890	0.8934	1071	24	164	false
GCA_017402825.1__GCA_017509025.1	GCA_017402825.1	GCA_017509025.1	ok	8	137	0.00413	0.43027	833	0	0.9367	1762	0.9280	1936	19	445	false
GCA_017412285.1__GCA_017964845.1	GCA_017412285.1	GCA_017964845.1	ok	4	232	0.00258	0.46512	720	0	0.9263	1231	0.8423	1548	36	497	false
GCA_017418325.1__GCA_017633335.1	GCA_017418325.1	GCA_017633335.1	ok	0	46	0.00000	0.46983	109	0	0.6779	101	0.7262	232	21	59	false
GCA_017418325.1__GCA_017633555.1	GCA_017418325.1	GCA_017633555.1	ok	0	68	0.00000	0.48029	134	0	0.9683	183	0.7291	279	10	62	false
GCA_017422705.1__GCA_902767505.1	GCA_017422705.1	GCA_902767505.1	ok	3	142	0.00271	0.45758	507	0	0.9657	902	0.8640	1108	19	166	false
GCA_017428825.1__GCA_902790035.1	GCA_017428825.1	GCA_902790035.1	ok	5	37	0.00245	0.32958	673	0	0.9975	2003	0.9818	2042	6	444	false
GCA_017430275.1__GCA_017432515.1	GCA_017430275.1	GCA_017432515.1	ok	1	191	0.00063	0.43333	689	0	0.8661	1345	0.8771	1590	34	245	false
GCA_017431445.1__GCA_902798735.1	GCA_017431445.1	GCA_902798735.1	ok	5	242	0.00209	0.46421	1109	0	0.9210	2087	0.8967	2389	10	385	false
GCA_017434165.1__GCA_902801745.1	GCA_017434165.1	GCA_902801745.1	ok	2	242	0.00108	0.46423	863	0	0.8715	1506	0.8637	1859	23	398	false
GCA_017435285.1__GCA_017625895.1	GCA_017435285.1	GCA_017625895.1	ok	2	250	0.00150	0.48614	649	0	0.8207	911	0.7917	1335	27	253	false
GCA_017438915.1__GCA_902777295.1	GCA_017438915.1	GCA_902777295.1	ok	4	54	0.00188	0.49178	1047	0	0.9890	2067	0.9745	2129	1	444	false
GCA_017443225.1__GCA_017449315.1	GCA_017443225.1	GCA_017449315.1	ok	0	44	0.00000	0.44915	106	0	0.7778	154	0.7885	236	47	73	false
GCA_017449645.1__GCA_017467645.1	GCA_017449645.1	GCA_017467645.1	ok	2	231	0.00130	0.49741	767	0	0.8494	1111	0.8336	1542	46	254	false
GCA_017449705.1__GCA_017460645.1	GCA_017449705.1	GCA_017460645.1	ok	0	165	0.00000	0.47606	537	0	0.8803	809	0.8357	1128	20	189	false
GCA_017454045.1__GCA_017541535.1	GCA_017454045.1	GCA_017541535.1	ok	1	363	0.00034	0.48828	1416	0	0.8663	2463	0.8728	2900	16	510	false
GCA_017454725.1__GCA_905236095.1	GCA_017454725.1	GCA_905236095.1	ok	3	231	0.00205	0.49863	728	0	0.8146	1138	0.8364	1460	18	331	false
GCA_017455865.1__GCA_017505365.1	GCA_017455865.1	GCA_017505365.1	ok	0	45	0.00000	0.41216	244	0	0.9182	539	0.9235	592	1	84	false
GCA_017459185.1__GCA_017934165.1	GCA_017459185.1	GCA_017934165.1	ok	2	147	0.00102	0.45882	897	0	0.9308	1763	0.9234	1955	8	352	false
GCA_017467645.1__GCA_017470285.1	GCA_017467645.1	GCA_017470285.1	ok	4	223	0.00276	0.48105	698	0	0.8440	1028	0.8277	1451	123	270	false
GCA_017472515.1__GCA_017542665.1	GCA_017472515.1	GCA_017542665.1	ok	0	96	0.00000	0.44059	178	0	0.9966	291	0.7519	404	5	74	false
GCA_017474185.1__GCF_003364175.1	GCA_017474185.1	GCF_003364175.1	ok	2	258	0.00196	0.45205	462	0	0.6971	702	0.7440	1022	7	170	false
GCA_017482695.1__GCA_905213855.1	GCA_017482695.1	GCA_905213855.1	ok	7	47	0.00365	0.43036	825	1	0.9942	1878	0.9755	1918	17	262	false
GCA_017507635.1__GCA_017531965.1	GCA_017507635.1	GCA_017531965.1	ok	3	362	0.00112	0.46375	1241	0	0.9141	2127	0.8560	2676	140	740	false
GCA_017509655.1__GCA_017530685.1	GCA_017509655.1	GCA_017530685.1	ok	0	233	0.00000	0.49465	786	0	0.8688	1212	0.8422	1589	54	373	false
GCA_017509725.1__GCA_902766895.1	GCA_017509725.1	GCA_902766895.1	ok	0	214	0.00000	0.46643	653	0	0.9447	1043	0.8320	1400	13	541	false
GCA_017511185.1__GCA_017533965.1	GCA_017511185.1	GCA_017533965.1	ok	0	185	0.00000	0.48556	454	0	0.9416	661	0.7846	935	35	349	false
GCA_017513825.1__GCA_017939145.1	GCA_017513825.1	GCA_017939145.1	ok	0	95	0.00000	0.48849	573	0	0.9234	989	0.9133	1173	7	282	false
GCA_017518495.1__GCA_902803045.1	GCA_017518495.1	GCA_902803045.1	ok	1	288	0.00049	0.49532	1006	0	0.9355	1552	0.8453	2031	48	486	false
GCA_017528985.1__GCA_902760035.1	GCA_017528985.1	GCA_902760035.1	ok	0	353	0.00000	0.48823	933	0	0.8538	1285	0.7915	1911	23	380	false
GCA_017537385.1__GCA_017549625.1	GCA_017537385.1	GCA_017549625.1	ok	1	212	0.00065	0.49902	767	0	0.8928	1183	0.8512	1537	51	303	false
GCA_017539435.1__GCA_017616335.1	GCA_017539435.1	GCA_017616335.1	ok	9	163	0.00676	0.49437	658	0	0.8824	1155	0.8769	1331	13	217	false
GCA_017543205.1__GCA_902780085.1	GCA_017543205.1	GCA_902780085.1	ok	6	140	0.00831	0.47507	343	0	0.7865	534	0.7986	722	6	168	false
GCA_017544355.1__GCA_905234335.1	GCA_017544355.1	GCA_905234335.1	ok	9	250	0.00509	0.44262	783	0	0.9203	1363	0.8460	1769	57	601	false
GCA_017545885.1__GCA_017624615.1	GCA_017545885.1	GCA_017624615.1	ok	3	42	0.00269	0.49327	550	0	0.9916	1060	0.9618	1115	17	308	false
GCA_017552555.1__GCA_017615775.1	GCA_017552555.1	GCA_017615775.1	ok	6	152	0.00277	0.45450	984	0	0.9410	1992	0.9291	2165	26	654	false
GCA_017556185.1__GCA_017612775.1	GCA_017556185.1	GCA_017612775.1	ok	1	179	0.00066	0.49637	752	0	0.9015	1208	0.8733	1515	31	324	false
GCA_017563205.1__GCA_017964845.1	GCA_017563205.1	GCA_017964845.1	ok	7	199	0.00501	0.45207	632	0	0.9908	1191	0.8561	1398	33	444	false
GCA_017633335.1__GCA_017633555.1	GCA_017633335.1	GCA_017633555.1	ok	0	106	0.00000	0.43873	179	0	0.9585	277	0.7247	408	19	71	false
GCA_017634735.1__GCA_902785505.1	GCA_017634735.1	GCA_902785505.1	ok	0	76	0.00000	0.48406	972	0	0.9891	1914	0.9618	2008	9	401	false
GCA_017634995.1__GCF_900618225.1	GCA_017634995.1	GCF_900618225.1	ok	13	188	0.01073	0.46777	566	1	0.8396	1010	0.8449	1211	41	159	false
GCA_017640125.1__GCA_017640205.1	GCA_017640125.1	GCA_017640205.1	ok	2	31	0.00528	0.46174	175	0	0.9371	283	0.9034	379	4	39	false
GCA_017640225.1__GCA_017640265.1	GCA_017640225.1	GCA_017640265.1	ok	0	32	0.00000	0.37831	143	0	0.9106	275	0.8987	378	5	40	false
GCA_017641165.1__GCA_017643985.1	GCA_017641165.1	GCA_017643985.1	ok	5	484	0.00076	0.45683	2995	0	0.9639	6004	0.9254	6556	3	1335	false
GCA_017655215.1__GCF_003718675.1	GCA_017655215.1	GCF_003718675.1	ok	2	208	0.00033	0.47060	2857	0	0.9843	5826	0.9656	6071	34	1179	false
GCA_017655215.1__GCF_016583515.1	GCA_017655215.1	GCF_016583515.1	ok	9	208	0.00148	0.49063	2986	0	0.9884	5866	0.9657	6086	43	1224	false
GCA_017847795.1__GCA_902782365.1	GCA_017847795.1	GCA_902782365.1	ok	3	140	0.00123	0.48610	1189	0	0.9768	2229	0.9410	2446	20	719	false
GCA_017847795.1__GCA_902794985.1	GCA_017847795.1	GCA_902794985.1	ok	3	213	0.00138	0.46704	1013	0	0.9785	1868	0.8978	2169	12	685	false
GCA_017848375.1__GCA_017848395.1	GCA_017848375.1	GCA_017848395.1	ok	0	180	0.00000	0.48041	1324	0	0.9653	2530	0.9336	2756	13	354	false
GCA_017848375.1__GCA_017848545.1	GCA_017848375.1	GCA_017848545.1	ok	0	196	0.00000	0.38810	1037	0	0.9491	2407	0.9248	2672	12	351	false
GCA_017848395.1__GCA_017848545.1	GCA_017848395.1	GCA_017848545.1	ok	0	217	0.00000	0.48436	1301	0	0.9664	2414	0.9176	2686	15	351	false
GCA_017850445.1__GCA_900764815.1	GCA_017850445.1	GCA_900764815.1	ok	1	65	0.00046	0.49282	1064	0	0.9938	2070	0.9695	2159	8	179	false
GCA_017850955.1__GCA_900545695.1	GCA_017850955.1	GCA_900545695.1	ok	0	193	0.00000	0.42841	374	0	0.7014	545	0.7584	873	4	206	false
GCA_017851495.1__GCA_018378145.1	GCA_017851495.1	GCA_018378145.1	ok	4	193	0.00294	0.46657	635	0	0.9464	1076	0.8479	1361	39	291	false
GCA_017851575.1__GCA_017852015.1	GCA_017851575.1	GCA_017852015.1	ok	0	139	0.00000	0.42548	728	0	0.9363	1513	0.9163	1711	7	182	false
GCA_017851575.1__GCA_017853135.1	GCA_017851575.1	GCA_017853135.1	ok	0	123	0.00000	0.46608	797	0	0.9714	1528	0.9258	1710	6	180	false
GCA_017851615.1__GCA_017852475.1	GCA_017851615.1	GCA_017852475.1	ok	0	219	0.00000	0.42135	1034	0	0.9179	2190	0.9097	2454	2	239	false
GCA_017852015.1__GCA_017853135.1	GCA_017852015.1	GCA_017853135.1	ok	0	147	0.00000	0.43702	739	0	0.9459	1470	0.9095	1691	9	178	false
GCA_017853745.1__GCA_903825635.1	GCA_017853745.1	GCA_903825635.1	ok	0	132	0.00000	0.45706	612	0	0.9279	1172	0.8992	1339	36	545	false
GCA_017853875.1__GCA_017855075.1	GCA_017853875.1	GCA_017855075.1	ok	0	47	0.00000	0.42773	1163	0	0.9928	2604	0.9823	2719	4	619	false
GCA_017854185.1__GCA_017854335.1	GCA_017854185.1	GCA_017854335.1	ok	0	92	0.00000	0.45617	536	0	0.9839	1040	0.9189	1175	2	95	false
GCA_017855415.1__GCA_017859615.1	GCA_017855415.1	GCA_017859615.1	ok	0	496	0.00000	0.49090	3398	0	0.9555	6252	0.9266	6922	14	1479	false
GCA_017856345.1__GCA_017859075.1	GCA_017856345.1	GCA_017859075.1	ok	0	135	0.00000	0.37882	980	0	0.9578	2383	0.9466	2587	3	399	false
GCA_017856345.1__GCA_017859595.1	GCA_017856345.1	GCA_017859595.1	ok	0	140	0.00000	0.48297	1290	0	0.9564	2479	0.9466	2671	3	415	false
GCA_017856755.1__GCA_903827255.1	GCA_017856755.1	GCA_903827255.1	ok	0	195	0.00000	0.49804	635	0	0.8322	987	0.8395	1275	12	218	false
GCA_017856755.1__GCA_903926905.1	GCA_017856755.1	GCA_903926905.1	ok	0	195	0.00000	0.48230	613	0	0.8300	991	0.8399	1271	11	220	false
GCA_017857535.1__GCF_000189575.1	GCA_017857535.1	GCF_000189575.1	ok	3	122	0.00283	0.47408	503	0	0.9989	945	0.8853	1061	40	78	false
GCA_017859085.1__GCA_017859735.1	GCA_017859085.1	GCA_017859735.1	ok	0	98	0.00000	0.46663	972	0	0.9738	1932	0.9517	2083	3	219	false
GCA_017886555.1__GCA_905201965.1	GCA_017886555.1	GCA_905201965.1	ok	2	284	0.00136	0.45207	665	0	0.7769	1062	0.7977	1471	9	160	false
GCA_017886625.1__GCA_904419965.1	GCA_017886625.1	GCA_904419965.1	ok	1	142	0.00033	0.44104	1324	0	0.9569	2818	0.9521	3002	7	381	false
GCA_017886845.1__GCA_904382625.1	GCA_017886845.1	GCA_904382625.1	ok	0	185	0.00000	0.43274	1126	0	0.9925	2380	0.9279	2602	8	349	false
GCA_017887185.1__GCA_904384875.1	GCA_017887185.1	GCA_904384875.1	ok	2	239	0.00123	0.47531	770	0	0.8305	1303	0.8487	1620	25	247	false
GCA_017888015.1__GCA_904419565.1	GCA_017888015.1	GCA_904419565.1	ok	2	80	0.00099	0.49975	1007	0	0.9938	1920	0.9600	2015	7	234	false
GCA_017888575.1__GCA_904420425.1	GCA_017888575.1	GCA_904420425.1	ok	2	204	0.00097	0.47753	988	0	0.9438	1763	0.8969	2069	26	243	false
GCA_017888905.1__GCA_905210025.1	GCA_017888905.1	GCA_905210025.1	ok	3	252	0.00149	0.48682	979	0	0.9621	1676	0.8695	2011	23	390	false
GCA_017889165.1__GCA_018712755.1	GCA_017889165.1	GCA_018712755.1	ok	0	155	0.00000	0.49522	1035	0	0.9580	1894	0.9245	2090	12	367	false
GCA_017889165.1__GCA_900759505.1	GCA_017889165.1	GCA_900759505.1	ok	2	107	0.00090	0.42940	958	0	0.9962	2107	0.9516	2231	15	379	false
GCA_017889225.1__GCA_904382395.1	GCA_017889225.1	GCA_904382395.1	ok	0	154	0.00000	0.46289	842	0	0.9009	1482	0.9081	1819	15	148	false
GCA_017937515.1__GCA_905193115.1	GCA_017937515.1	GCA_905193115.1	ok	5	434	0.00206	0.45888	1116	0	0.9970	1984	0.8201	2432	32	398	false
GCA_017948655.1__GCF_003596305.1	GCA_017948655.1	GCF_003596305.1	ok	36	153	0.00520	0.41190	2852	0	0.9999	6842	0.9780	6924	102	2810	false
GCA_017962885.1__GCA_902785225.1	GCA_017962885.1	GCA_902785225.1	ok	5	103	0.00236	0.38878	825	0	0.9955	2013	0.9512	2122	6	405	false
GCA_017984815.1__GCA_017993395.1	GCA_017984815.1	GCA_017993395.1	ok	0	66	0.00000	0.45661	4025	0	0.9964	8693	0.9925	8815	95	2067	false
GCA_017985345.1__GCA_018053265.1	GCA_017985345.1	GCA_018053265.1	ok	0	74	0.00000	0.47177	468	0	0.9495	846	0.9204	992	9	152	false
GCA_017985345.1__GCA_018060405.1	GCA_017985345.1	GCA_018060405.1	ok	0	64	0.00000	0.48090	491	0	0.9630	885	0.9331	1021	8	147	false
GCA_017985755.1__GCA_017985895.1	GCA_017985755.1	GCA_017985895.1	ok	0	82	0.00000	0.46840	2557	0	0.9914	5298	0.9848	5459	36	1121	false
GCA_017987155.1__GCA_017990255.1	GCA_017987155.1	GCA_017990255.1	ok	1	268	0.00017	0.48106	2896	0	0.9595	5588	0.9543	6020	64	1180	false
GCA_017987295.1__GCA_018060035.1	GCA_017987295.1	GCA_018060035.1	ok	0	123	0.00000	0.47875	507	0	0.9791	842	0.8731	1059	14	163	false
GCA_017988395.1__GCA_018063545.1	GCA_017988395.1	GCA_018063545.1	ok	8	344	0.00241	0.43891	1455	0	0.9205	2837	0.8925	3315	113	926	false
GCA_017988415.1__GCA_018059845.1	GCA_017988415.1	GCA_018059845.1	ok	0	104	0.00000	0.46677	590	0	0.9483	1009	0.9077	1264	19	160	false
GCA_017988525.1__GCA_018059655.1	GCA_017988525.1	GCA_018059655.1	ok	0	158	0.00000	0.45084	509	0	0.9375	840	0.8440	1129	35	96	false
GCA_017991735.1__GCA_018057325.1	GCA_017991735.1	GCA_018057325.1	ok	0	34	0.00000	0.29596	161	0	0.9880	492	0.9354	544	4	41	false
GCA_017992035.1__GCA_905199485.1	GCA_017992035.1	GCA_905199485.1	ok	0	39	0.00000	0.49534	532	0	0.9769	1017	0.9631	1074	18	246	false
GCA_017992275.1__GCA_018052725.1	GCA_017992275.1	GCA_018052725.1	ok	0	43	0.00000	0.49953	1064	0	0.9861	2057	0.9795	2130	4	178	false
GCA_017993015.1__GCA_018436145.1	GCA_017993015.1	GCA_018436145.1	ok	0	93	0.00000	0.47780	904	0	0.9569	1754	0.9498	1892	29	367	false
GCA_017994995.1__GCA_018056865.1	GCA_017994995.1	GCA_018056865.1	ok	1	122	0.00069	0.41902	608	0	0.9538	1259	0.9123	1451	29	198	false
GCA_017996575.1__GCA_018055745.1	GCA_017996575.1	GCA_018055745.1	ok	0	200	0.00000	0.45304	849	0	0.8925	1511	0.8853	1874	26	169	false
GCA_018000135.1__GCA_018435005.1	GCA_018000135.1	GCA_018435005.1	ok	2	43	0.00030	0.48386	3268	0	0.9951	6682	0.9936	6754	31	825	false
GCA_018000175.1__GCA_018002605.1	GCA_018000175.1	GCA_018002605.1	ok	0	74	0.00000	0.41146	1436	0	0.9788	3375	0.9786	3490	17	371	false
GCA_018000275.1__GCA_018434105.1	GCA_018000275.1	GCA_018434105.1	ok	1	98	0.00025	0.48239	1904	0	0.9810	3828	0.9751	3947	31	579	false
GCA_018003635.1__GCA_018004195.1	GCA_018003635.1	GCA_018004195.1	ok	0	58	0.00000	0.44551	1946	0	0.9900	4167	0.9863	4368	28	508	false
GCA_018053565.1__GCA_018064065.1	GCA_018053565.1	GCA_018064065.1	ok	0	117	0.00000	0.43907	681	0	0.9710	1339	0.9200	1551	22	221	false
GCA_018054145.1__GCA_018058725.1	GCA_018054145.1	GCA_018058725.1	ok	0	256	0.00000	0.48550	1674	0	0.9384	3076	0.9234	3448	54	663	false
GCA_018054245.1__GCA_902387235.1	GCA_018054245.1	GCA_902387235.1	ok	6	194	0.00372	0.49100	791	0	1.0000	1422	0.8795	1611	53	349	false
GCA_018056365.1__GCA_018432205.1	GCA_018056365.1	GCA_018432205.1	ok	0	113	0.00000	0.42760	818	0	0.9921	1748	0.9394	1913	30	200	false
GCA_018056365.1__GCA_018435925.1	GCA_018056365.1	GCA_018435925.1	ok	0	254	0.00000	0.48192	653	0	0.9609	982	0.7963	1355	49	174	false
GCA_018056495.1__GCA_018059745.1	GCA_018056495.1	GCA_018059745.1	ok	0	43	0.00000	0.48232	1282	0	0.9863	2525	0.9833	2658	27	320	false
GCA_018063715.1__GCF_003478795.1	GCA_018063715.1	GCF_003478795.1	ok	3	134	0.00268	0.48214	540	0	0.9948	958	0.8772	1120	20	272	false
GCA_018222465.1__GCF_008274645.2	GCA_018222465.1	GCF_008274645.2	ok	1	410	0.00026	0.48311	1888	0	0.9994	3497	0.8950	3908	42	337	false
GCA_018223325.1__GCF_017309175.1	GCA_018223325.1	GCF_017309175.1	ok	10	105	0.00160	0.48678	3038	0	0.9985	6132	0.9831	6241	30	1677	false
GCA_018241295.1__GCA_018241375.1	GCA_018241295.1	GCA_018241375.1	ok	3	339	0.00066	0.43881	2008	0	0.9265	4197	0.9255	4576	54	1071	false
GCA_018265765.1__GCA_018368125.1	GCA_018265765.1	GCA_018368125.1	ok	10	221	0.00293	0.46057	1571	0	0.9900	3168	0.9346	3411	32	854	false
GCA_018363815.1__GCF_000364325.1	GCA_018363815.1	GCF_000364325.1	ok	0	20	0.00000	0.35608	835	0	1.0000	2323	0.9915	2345	7	357	false
GCA_018364715.1__GCF_904384175.1	GCA_018364715.1	GCF_904384175.1	ok	2	69	0.00055	0.46243	1680	1	0.9924	3549	0.9809	3634	13	589	false
GCA_018365095.1__GCA_905197755.1	GCA_018365095.1	GCA_905197755.1	ok	3	155	0.00262	0.47731	547	0	0.9651	939	0.8584	1146	4	76	false
GCA_018365975.1__GCA_900549115.1	GCA_018365975.1	GCA_900549115.1	ok	0	98	0.00000	0.41911	816	0	0.9945	1823	0.9490	1947	8	206	false
GCA_018368295.1__GCF_003477825.1	GCA_018368295.1	GCF_003477825.1	ok	9	75	0.00904	0.49598	494	0	0.9439	891	0.9223	996	81	178	false
GCA_018369305.1__GCA_018711955.1	GCA_018369305.1	GCA_018711955.1	ok	5	312	0.00218	0.49803	1140	1	0.9137	1842	0.8565	2290	19	493	false
GCA_018369305.1__GCA_900759065.1	GCA_018369305.1	GCA_900759065.1	ok	6	267	0.00255	0.45791	1077	0	0.9051	2004	0.8830	2352	14	541	false
GCA_018370255.1__GCA_900554245.1	GCA_018370255.1	GCA_900554245.1	ok	5	60	0.01037	0.49793	240	0	0.9903	408	0.8704	482	3	64	false
GCA_018371775.1__GCA_900762625.1	GCA_018371775.1	GCA_900762625.1	ok	4	49	0.00221	0.38440	695	0	0.9915	1755	0.9728	1808	13	395	false
GCA_018371815.1__GCA_905210625.1	GCA_018371815.1	GCA_905210625.1	ok	0	16	0.00000	0.41639	254	0	0.9813	576	0.9731	610	5	38	false
GCA_018372095.1__GCA_905198425.1	GCA_018372095.1	GCA_905198425.1	ok	5	63	0.00169	0.46682	1379	0	0.9919	2831	0.9782	2954	13	523	false
GCA_018372155.1__GCF_003864435.1	GCA_018372155.1	GCF_003864435.1	ok	0	205	0.00000	0.48933	4495	0	0.9798	8963	0.9776	9186	75	1412	false
GCA_018372155.1__GCF_009725145.1	GCA_018372155.1	GCF_009725145.1	ok	5	184	0.00059	0.40497	3437	0	0.9815	8269	0.9782	8487	69	1388	false
GCA_018373895.1__GCF_002847745.1	GCA_018373895.1	GCF_002847745.1	ok	5	25	0.00423	0.34039	402	0	0.9957	1158	0.9788	1181	13	87	false
GCA_018374675.1__GCA_905212535.1	GCA_018374675.1	GCA_905212535.1	ok	3	274	0.00112	0.48003	1286	0	0.9886	2342	0.8953	2679	17	413	false
GCA_018375095.1__GCF_000154305.1	GCA_018375095.1	GCF_000154305.1	ok	4	34	0.00171	0.26684	626	0	0.9923	2314	0.9855	2346	21	272	false
GCA_018375635.1__GCF_003477535.1	GCA_018375635.1	GCF_003477535.1	ok	2	236	0.00085	0.43886	1030	0	0.9967	2099	0.8988	2347	18	313	false
GCA_018376195.1__GCF_018785765.1	GCA_018376195.1	GCF_018785765.1	ok	4	19	0.00166	0.41135	993	0	0.9992	2398	0.9921	2414	17	358	false
GCA_018377655.1__GCA_905213635.1	GCA_018377655.1	GCA_905213635.1	ok	0	249	0.00000	0.49413	716	0	0.7923	1049	0.8154	1449	22	154	false
GCA_018378215.1__GCA_018714405.1	GCA_018378215.1	GCA_018714405.1	ok	10	73	0.00531	0.34766	655	0	0.9897	1818	0.9612	1884	19	607	false
GCA_018380565.1__GCF_015549525.1	GCA_018380565.1	GCF_015549525.1	ok	5	48	0.00716	0.45702	319	0	0.9457	645	0.9307	698	8	108	false
GCA_018380875.1__GCF_003011855.2	GCA_018380875.1	GCF_003011855.2	ok	0	51	0.00000	0.45370	735	0	0.9923	1554	0.9682	1620	29	272	false
GCA_018380915.1__GCA_905371925.1	GCA_018380915.1	GCA_905371925.1	ok	0	154	0.00000	0.45100	2807	0	0.9890	6039	0.9751	6224	24	1147	false
GCA_018380915.1__GCF_001005065.1	GCA_018380915.1	GCF_001005065.1	ok	4	106	0.00077	0.48454	2508	0	0.9970	5064	0.9795	5176	27	1156	false
GCA_018381555.1__GCA_905200965.1	GCA_018381555.1	GCA_905200965.1	ok	13	116	0.00483	0.47212	1270	0	0.9731	2567	0.9566	2690	32	985	false
GCA_018381625.1__GCF_017566165.1	GCA_018381625.1	GCF_017566165.1	ok	1	143	0.00035	0.49877	1415	0	0.9513	2675	0.9494	2837	7	237	false
GCA_018382175.1__GCA_905204885.1	GCA_018382175.1	GCA_905204885.1	ok	2	92	0.00092	0.42949	935	0	0.9708	2061	0.9573	2177	33	659	false
GCA_018383065.1__GCA_900757895.1	GCA_018383065.1	GCA_900757895.1	ok	1	209	0.00074	0.47423	644	0	0.8267	1102	0.8441	1358	6	221	false
GCA_018383065.1__GCA_905199735.1	GCA_018383065.1	GCA_905199735.1	ok	1	18	0.00054	0.49946	924	0	0.9945	1820	0.9902	1850	4	222	false
GCA_018383155.1__GCF_000417525.1	GCA_018383155.1	GCF_000417525.1	ok	4	113	0.00123	0.41531	1356	0	0.9886	3112	0.9649	3265	83	497	false
GCA_018384355.1__GCF_002251535.1	GCA_018384355.1	GCF_002251535.1	ok	11	120	0.00396	0.45432	1263	0	0.9689	2647	0.9565	2780	28	426	false
GCA_018399735.1__GCF_001687065.1	GCA_018399735.1	GCF_001687065.1	ok	15	32	0.00561	0.10501	281	0	0.9985	2671	0.9881	2676	80	650	false
GCA_018401165.1__GCF_002890855.1	GCA_018401165.1	GCF_002890855.1	ok	8	51	0.00173	0.44291	2052	1	0.9989	4597	0.9890	4634	111	1709	false
GCA_018432345.1__GCA_018435645.1	GCA_018432345.1	GCA_018435645.1	ok	3	429	0.00165	0.48490	883	0	0.8522	1217	0.7445	1821	15	370	false
GCA_018433005.1__GCA_018434505.1	GCA_018433005.1	GCA_018434505.1	ok	0	68	0.00000	0.31801	664	0	0.9758	1977	0.9668	2088	8	223	false
GCA_018607465.1__GCA_905478815.1	GCA_018607465.1	GCA_905478815.1	ok	0	139	0.00000	0.45523	1210	0	0.9600	2451	0.9464	2658	20	396	false
GCA_018609085.1__GCA_905181845.1	GCA_018609085.1	GCA_905181845.1	ok	0	56	0.00000	0.49410	544	0	0.9808	1021	0.9481	1101	0	113	false
GCA_018619875.1__GCA_018619955.1	GCA_018619875.1	GCA_018619955.1	ok	0	246	0.00000	0.43088	2640	0	0.9781	5840	0.9596	6127	22	951	false
GCA_018619875.1__GCA_019100325.1	GCA_018619875.1	GCA_019100325.1	ok	0	391	0.00000	0.48423	2963	0	0.9470	5647	0.9354	6119	33	958	false
GCA_018645285.1__GCA_018659985.1	GCA_018645285.1	GCA_018659985.1	ok	0	46	0.00000	0.42777	459	0	0.9593	989	0.9559	1073	2	59	false
GCA_018645665.1__GCA_018668235.1	GCA_018645665.1	GCA_018668235.1	ok	0	65	0.00000	0.46634	284	0	0.9817	535	0.8917	609	0	52	false
GCA_018645665.1__GCA_018675015.1	GCA_018645665.1	GCA_018675015.1	ok	0	45	0.00000	0.37213	227	0	0.9392	556	0.9254	610	0	48	false
GCA_018647415.1__GCA_018655425.1	GCA_018647415.1	GCA_018655425.1	ok	0	19	0.00000	0.40888	350	0	0.9940	830	0.9776	856	0	60	false
GCA_018647545.1__GCA_018648725.1	GCA_018647545.1	GCA_018648725.1	ok	0	53	0.00000	0.46289	368	0	0.9973	727	0.9321	795	6	50	false
GCA_018647825.1__GCA_018661435.1	GCA_018647825.1	GCA_018661435.1	ok	1	289	0.00022	0.47719	2197	0	0.9446	4208	0.9360	4604	13	469	false
GCA_018647825.1__GCA_018700775.1	GCA_018647825.1	GCA_018700775.1	ok	0	207	0.00000	0.37192	1799	0	0.9699	4549	0.9565	4837	19	473	false
GCA_018648355.1__GCA_018666605.1	GCA_018648355.1	GCA_018666605.1	ok	4	215	0.00019	0.45978	9558	0	0.9941	20298	0.9895	20788	100	3043	false
GCA_018648355.1__GCA_018694235.1	GCA_018648355.1	GCA_018694235.1	ok	2	238	0.00010	0.48454	10093	0	0.9918	20285	0.9884	20830	99	3025	false
GCA_018648725.1__GCA_018674115.1	GCA_018648725.1	GCA_018674115.1	ok	0	11	0.00000	0.43081	358	0	0.9865	802	0.9865	831	5	50	false
GCA_018648885.1__GCA_018676775.1	GCA_018648885.1	GCA_018676775.1	ok	4	168	0.00176	0.48244	1099	0	0.9319	2026	0.9238	2278	6	215	false
GCA_018649045.1__GCA_018660475.1	GCA_018649045.1	GCA_018660475.1	ok	1	420	0.00017	0.48062	2852	0	0.9696	5385	0.9277	5934	62	1062	false
GCA_018649545.1__GCA_018652985.1	GCA_018649545.1	GCA_018652985.1	ok	0	60	0.00000	0.43905	461	1	0.9493	955	0.9414	1051	9	87	false
GCA_018650665.1__GCA_018652185.1	GCA_018650665.1	GCA_018652185.1	ok	0	6	0.00000	0.20471	113	0	0.9982	540	0.9890	552	4	25	false
GCA_018652545.1__GCA_018673875.1	GCA_018652545.1	GCA_018673875.1	ok	0	142	0.00000	0.46556	419	0	0.8202	552	0.8086	900	29	73	false
GCA_018653505.1__GCA_018697795.1	GCA_018653505.1	GCA_018697795.1	ok	2	48	0.00058	0.49726	1723	0	0.9891	3372	0.9860	3465	10	431	false
GCA_018654015.1__GCA_018658945.1	GCA_018654015.1	GCA_018658945.1	ok	0	82	0.00000	0.47839	941	0	0.9642	1753	0.9556	1967	32	213	false
GCA_018655835.1__GCA_018669755.1	GCA_018655835.1	GCA_018669755.1	ok	0	80	0.00000	0.48780	500	1	0.9851	926	0.9207	1026	8	84	false
GCA_018656145.1__GCA_018698755.1	GCA_018656145.1	GCA_018698755.1	ok	1	146	0.00035	0.47383	1358	0	0.9784	2675	0.9483	2866	3	299	false
GCA_018657695.1__GCA_018662995.1	GCA_018657695.1	GCA_018662995.1	ok	1	243	0.00050	0.47905	949	0	0.9347	1631	0.8711	1981	5	389	false
GCA_018658165.1__GCA_018673355.1	GCA_018658165.1	GCA_018673355.1	ok	4	433	0.00120	0.49655	1657	0	0.9215	2593	0.8589	3337	74	787	false
GCA_018659665.1__GCA_018668035.1	GCA_018659665.1	GCA_018668035.1	ok	2	234	0.00087	0.49149	1126	0	0.9525	1946	0.8931	2291	47	281	false
GCA_018660325.1__GCA_018670185.1	GCA_018660325.1	GCA_018670185.1	ok	0	39	0.00000	0.49512	203	0	0.9196	343	0.8990	410	4	33	false
GCA_018660975.1__GCA_018667435.1	GCA_018660975.1	GCA_018667435.1	ok	0	135	0.00000	0.42338	268	0	0.7812	350	0.7374	633	4	54	false
GCA_018661435.1__GCA_018700775.1	GCA_018661435.1	GCA_018700775.1	ok	0	322	0.00000	0.46573	2113	0	0.9714	4106	0.9274	4537	16	456	false
GCA_018662125.1__GCA_018672215.1	GCA_018662125.1	GCA_018672215.1	ok	0	504	0.00000	0.43107	1651	0	0.8595	3248	0.8671	3830	7	566	false
GCA_018662385.1__GCA_018665965.1	GCA_018662385.1	GCA_018665965.1	ok	0	127	0.00000	0.41036	309	0	0.9806	607	0.8272	753	2	61	false
GCA_018663445.1__GCA_018694655.1	GCA_018663445.1	GCA_018694655.1	ok	0	86	0.00000	0.47007	534	0	0.9171	985	0.9209	1136	2	93	false
GCA_018663585.1__GCA_018666895.1	GCA_018663585.1	GCA_018666895.1	ok	1	308	0.00049	0.48837	987	0	0.8926	1537	0.8358	2021	1	262	false
GCA_018663585.1__GCA_018667475.1	GCA_018663585.1	GCA_018667475.1	ok	1	325	0.00044	0.47870	1079	0	0.8874	1781	0.8479	2254	1	288	false
GCA_018664225.1__GCA_018670175.1	GCA_018664225.1	GCA_018670175.1	ok	0	76	0.00000	0.34175	352	0	0.9582	895	0.9227	1030	9	81	false
GCA_018664285.1__GCA_018666415.1	GCA_018664285.1	GCA_018666415.1	ok	1	155	0.00081	0.46391	572	0	0.9321	961	0.8625	1233	46	203	false
GCA_018665205.1__GCA_018676175.1	GCA_018665205.1	GCA_018676175.1	ok	0	690	0.00000	0.48260	2815	0	0.9281	4789	0.8747	5833	4	1196	false
GCA_018665205.1__GCA_018703045.1	GCA_018665205.1	GCA_018703045.1	ok	1	744	0.00015	0.45438	3023	0	0.9456	5629	0.8837	6653	4	1292	false
GCA_018665305.1__GCA_018693955.1	GCA_018665305.1	GCA_018693955.1	ok	0	58	0.00000	0.44132	534	0	0.9854	1079	0.9491	1210	6	99	false
GCA_018666605.1__GCA_018694235.1	GCA_018666605.1	GCA_018694235.1	ok	6	237	0.00027	0.43913	9865	0	0.9961	21885	0.9893	22465	101	3194	false
GCA_018666895.1__GCA_018667475.1	GCA_018666895.1	GCA_018667475.1	ok	0	308	0.00000	0.49703	1172	0	0.9300	1900	0.8619	2358	0	286	false
GCA_018670915.1__GCA_905480535.1	GCA_018670915.1	GCA_905480535.1	ok	3	128	0.00066	0.47676	2164	0	0.9975	4400	0.9717	4539	13	584	false
GCA_018672975.1__GCA_018674555.1	GCA_018672975.1	GCA_018674555.1	ok	9	481	0.00258	0.46441	1618	1	0.9119	2680	0.8495	3485	138	752	false
GCA_018675295.1__GCA_018703335.1	GCA_018675295.1	GCA_018703335.1	ok	0	91	0.00000	0.41216	549	0	0.9690	1218	0.9305	1332	18	187	false
GCA_018675555.1__GCA_018703045.1	GCA_018675555.1	GCA_018703045.1	ok	1	731	0.00015	0.46789	3045	0	0.9201	5483	0.8828	6508	9	1302	false
GCA_018676015.1__GCA_018692055.1	GCA_018676015.1	GCA_018692055.1	ok	0	132	0.00000	0.44041	994	0	0.9519	2059	0.9399	2257	31	307	false
GCA_018676715.1__GCA_018692875.1	GCA_018676715.1	GCA_018692875.1	ok	0	248	0.00000	0.47893	1409	2	0.9410	2520	0.9109	2944	15	378	false
GCA_018678535.1__GCA_018679365.1	GCA_018678535.1	GCA_018679365.1	ok	0	277	0.00000	0.47880	1355	0	0.9602	2459	0.8991	2830	17	227	false
GCA_018678765.1__GCA_018679365.1	GCA_018678765.1	GCA_018679365.1	ok	0	192	0.00000	0.48712	1437	0	0.9690	2686	0.9334	2950	22	226	false
GCA_018692055.1__GCA_018697545.1	GCA_018692055.1	GCA_018697545.1	ok	0	119	0.00000	0.44279	979	0	0.9547	2023	0.9446	2211	35	301	false
GCA_018692235.1__GCA_018696855.1	GCA_018692235.1	GCA_018696855.1	ok	0	335	0.00000	0.47878	2403	0	0.9813	4606	0.9322	5019	27	808	false
GCA_018692895.1__GCA_018694985.1	GCA_018692895.1	GCA_018694985.1	ok	0	142	0.00000	0.49613	1153	0	0.9554	2120	0.9374	2324	21	304	false
GCA_018696255.1__GCA_018700315.1	GCA_018696255.1	GCA_018700315.1	ok	2	562	0.00039	0.48885	2522	0	0.9648	4414	0.8874	5159	39	1001	false
GCA_018701335.1__GCA_018702605.1	GCA_018701335.1	GCA_018702605.1	ok	4	467	0.00107	0.49053	1838	0	0.9076	2926	0.8645	3747	68	900	false
GCA_018712515.1__GCA_905192975.1	GCA_018712515.1	GCA_905192975.1	ok	2	246	0.00073	0.47908	1317	0	0.9127	2468	0.9097	2749	6	850	false
GCA_018713505.1__GCF_904378995.1	GCA_018713505.1	GCF_904378995.1	ok	1	95	0.00066	0.48000	732	0	0.9349	1408	0.9371	1525	6	186	false
GCA_018713965.1__GCA_905213845.1	GCA_018713965.1	GCA_905213845.1	ok	3	202	0.00123	0.46776	1139	0	0.9244	2152	0.9144	2435	23	560	false
GCA_018714945.1__GCA_904420165.1	GCA_018714945.1	GCA_904420165.1	ok	2	208	0.00157	0.45283	576	0	0.8295	949	0.8252	1272	7	193	false
GCA_018714945.1__GCA_905210585.1	GCA_018714945.1	GCA_905210585.1	ok	1	149	0.00064	0.43078	669	0	0.9148	1375	0.9029	1553	1	216	false
GCA_018715145.1__GCA_904397225.1	GCA_018715145.1	GCA_904397225.1	ok	0	83	0.00000	0.43373	288	0	0.9003	524	0.8657	664	5	54	false
GCA_018716545.1__GCA_900753255.1	GCA_018716545.1	GCA_900753255.1	ok	7	284	0.00333	0.45748	963	0	0.8943	1676	0.8570	2105	30	421	false
GCA_018716545.1__GCA_904419555.1	GCA_018716545.1	GCA_904419555.1	ok	10	229	0.00466	0.49580	1063	0	0.9864	1890	0.8915	2144	33	438	false
GCA_018725105.1__GCA_018725155.1	GCA_018725105.1	GCA_018725155.1	ok	1	250	0.00052	0.49348	946	0	0.9193	1504	0.8596	1917	7	358	false
GCA_018813465.1__GCA_018825445.1	GCA_018813465.1	GCA_018825445.1	ok	0	25	0.00000	0.29946	165	0	0.9551	425	0.9454	551	5	41	false
GCA_018813665.1__GCA_018817785.1	GCA_018813665.1	GCA_018817785.1	ok	0	90	0.00000	0.48615	386	0	0.8930	626	0.8769	794	9	70	false
GCA_018814065.1__GCA_018823785.1	GCA_018814065.1	GCA_018823785.1	ok	0	14	0.00000	0.34694	136	0	0.8063	204	0.9457	392	4	22	false
GCA_018814585.1__GCA_018817105.1	GCA_018814585.1	GCA_018817105.1	ok	0	18	0.00000	0.21420	374	0	0.9913	1708	0.9896	1746	10	142	false
GCA_018814585.1__GCA_018825025.1	GCA_018814585.1	GCA_018825025.1	ok	0	9	0.00000	0.22339	405	0	0.9978	1787	0.9950	1813	5	149	false
GCA_018815865.1__GCA_018824105.1	GCA_018815865.1	GCA_018824105.1	ok	0	230	0.00000	0.48887	3251	0	0.9830	6315	0.9649	6650	53	1237	false
GCA_018817105.1__GCA_018825025.1	GCA_018817105.1	GCA_018825025.1	ok	0	19	0.00000	0.36007	624	0	0.9965	1701	0.9890	1733	9	143	false
GCA_018819945.1__GCA_018822225.1	GCA_018819945.1	GCA_018822225.1	ok	0	12	0.00000	0.30736	430	0	0.9849	1240	0.9905	1399	15	116	false
GCA_018820225.1__GCA_018820785.1	GCA_018820225.1	GCA_018820785.1	ok	0	54	0.00000	0.28213	652	0	0.9549	1862	0.9726	2311	21	256	false
GCA_018820845.1__GCA_018828805.1	GCA_018820845.1	GCA_018828805.1	ok	0	9	0.00000	0.32463	174	0	0.9917	479	0.9816	536	1	34	false
GCA_018821125.1__GCA_018827545.1	GCA_018821125.1	GCA_018827545.1	ok	1	143	0.00040	0.48799	1219	1	0.9969	2284	0.9412	2499	14	167	false
GCA_018822025.1__GCA_903929545.1	GCA_018822025.1	GCA_903929545.1	ok	2	575	0.00043	0.49170	2282	0	0.9291	3919	0.8724	4641	49	1430	false
GCA_018827125.1__GCA_018828325.1	GCA_018827125.1	GCA_018828325.1	ok	1	118	0.00021	0.41859	2018	0	0.9773	4646	0.9752	4821	15	483	false
GCA_018829725.1__GCA_018899275.1	GCA_018829725.1	GCA_018899275.1	ok	0	141	0.00000	0.47202	641	0	0.9876	1197	0.8947	1358	4	131	false
GCA_018829725.1__GCA_018901505.1	GCA_018829725.1	GCA_018901505.1	ok	0	27	0.00000	0.47639	696	0	0.9875	1417	0.9813	1461	5	131	false
GCA_018895545.1__GCA_018898375.1	GCA_018895545.1	GCA_018898375.1	ok	2	63	0.00061	0.35032	1141	0	0.9831	3074	0.9800	3257	55	337	false
GCA_018895735.1__GCA_018897705.1	GCA_018895735.1	GCA_018897705.1	ok	0	47	0.00000	0.38389	1840	0	0.9952	4721	0.9901	4793	13	644	false
GCA_018895855.1__GCA_018898335.1	GCA_018895855.1	GCA_018898335.1	ok	0	83	0.00000	0.45911	421	0	0.9044	823	0.9089	917	0	65	false
GCA_018896075.1__GCA_018897975.1	GCA_018896075.1	GCA_018897975.1	ok	0	45	0.00000	0.39045	1210	0	0.9906	2951	0.9850	3099	46	326	false
GCA_018896145.1__GCA_018900785.1	GCA_018896145.1	GCA_018900785.1	ok	0	120	0.00000	0.46581	2214	0	0.9985	4627	0.9747	4753	26	675	false
GCA_018896365.1__GCA_018900475.1	GCA_018896365.1	GCA_018900475.1	ok	2	94	0.00288	0.45036	313	0	0.9402	519	0.8491	695	8	84	false
GCA_018897745.1__GCA_018903105.1	GCA_018897745.1	GCA_018903105.1	ok	0	233	0.00000	0.45860	1955	0	0.9431	3979	0.9448	4263	15	579	false
GCA_018898795.1__GCA_018903105.1	GCA_018898795.1	GCA_018903105.1	ok	2	322	0.00048	0.47416	1982	0	0.9192	3802	0.9222	4180	16	572	false
GCA_018899975.1__GCA_018903355.1	GCA_018899975.1	GCA_018903355.1	ok	11	158	0.00440	0.49720	1242	0	0.9402	2263	0.9348	2498	26	270	false
GCA_018971295.1__GCA_018971885.1	GCA_018971295.1	GCA_018971885.1	ok	1	193	0.00015	0.41326	2737	0	0.9889	6337	0.9704	6623	70	1212	false
GCA_019042235.1__GCA_900066755.1	GCA_019042235.1	GCA_900066755.1	ok	11	123	0.00291	0.43525	1647	0	0.9848	3620	0.9671	3784	88	452	false
GCA_019084205.1__GCA_019084465.1	GCA_019084205.1	GCA_019084465.1	ok	0	46	0.00000	0.32478	1608	0	0.9912	4857	0.9906	4951	25	492	false
GCA_019113095.1__GCA_900540415.1	GCA_019113095.1	GCA_900540415.1	ok	4	354	0.00102	0.48680	1917	0	0.9879	3522	0.9086	3938	13	942	false
GCA_019113585.1__GCF_904387325.1	GCA_019113585.1	GCF_904387325.1	ok	3	96	0.00238	0.45794	577	0	0.9453	1106	0.9205	1260	9	136	false
GCA_019115885.1__GCA_904376945.1	GCA_019115885.1	GCA_904376945.1	ok	5	99	0.00180	0.48068	1331	2	0.9841	2655	0.9640	2771	13	618	false
GCA_019117225.1__GCF_016901895.1	GCA_019117225.1	GCF_016901895.1	ok	0	74	0.00000	0.36332	315	0	0.9366	754	0.9116	867	15	109	false
GCA_019117345.1__GCF_904384215.1	GCA_019117345.1	GCF_904384215.1	ok	5	180	0.00363	0.47892	659	0	0.9002	1109	0.8622	1376	20	219	false
GCA_019117465.1__GCA_900540445.1	GCA_019117465.1	GCA_900540445.1	ok	0	217	0.00000	0.47194	471	0	0.9948	770	0.7804	998	32	429	false
GCA_019117465.1__GCA_905201945.1	GCA_019117465.1	GCA_905201945.1	ok	1	222	0.00098	0.49114	499	0	0.9580	752	0.7723	1016	32	445	false
GCA_019118615.1__GCA_904385455.1	GCA_019118615.1	GCA_904385455.1	ok	4	199	0.00238	0.49732	836	0	0.9910	1435	0.8780	1681	30	279	false
GCA_019119285.1__GCF_016902035.1	GCA_019119285.1	GCF_016902035.1	ok	2	217	0.00139	0.48022	692	0	0.8594	1155	0.8450	1441	11	208	false
GCA_019120195.1__GCA_905207605.1	GCA_019120195.1	GCA_905207605.1	ok	7	128	0.00292	0.42463	1017	0	0.9807	2230	0.9457	2395	22	501	false
GCA_019233845.1__GCA_019243545.1	GCA_019233845.1	GCA_019243545.1	ok	5	683	0.00055	0.49631	4505	0	0.9316	8344	0.9244	9077	99	1851	false
GCA_019234545.1__GCA_019236375.1	GCA_019234545.1	GCA_019236375.1	ok	4	329	0.00106	0.47450	1796	0	0.9401	3296	0.9096	3785	80	1147	false
GCA_019234735.1__GCA_019236045.1	GCA_019234735.1	GCA_019236045.1	ok	0	457	0.00000	0.48311	2074	0	0.9507	3680	0.8899	4293	78	1355	false
GCA_019239615.1__GCA_019244155.1	GCA_019239615.1	GCA_019244155.1	ok	2	91	0.00036	0.44519	2465	0	0.9934	5404	0.9834	5537	44	767	false
GCA_019263625.1__GCA_019263685.1	GCA_019263625.1	GCA_019263685.1	ok	2	238	0.00020	0.47178	4815	0	0.9784	9374	0.9754	10206	29	1601	false
GCA_900037355.1__GCF_900168365.1	GCA_900037355.1	GCF_900168365.1	ok	1	14	0.00054	0.01077	20	0	0.9995	1845	0.9925	1857	15	117	false
GCA_900066385.1__GCA_900066575.1	GCA_900066385.1	GCA_900066575.1	ok	19	77	0.00866	0.36828	808	0	0.9893	2135	0.9649	2194	67	307	false
GCA_900066495.1__GCF_015550495.1	GCA_900066495.1	GCF_015550495.1	ok	1	24	0.00056	0.13935	250	0	0.9915	1755	0.9865	1794	17	118	false
GCA_900066495.1__GCF_900604535.1	GCA_900066495.1	GCF_900604535.1	ok	3	30	0.00176	0.30603	523	0	0.9917	1672	0.9823	1709	27	116	false
GCA_900066505.1__GCA_905192905.1	GCA_900066505.1	GCA_905192905.1	ok	6	88	0.00315	0.43727	833	0	0.9778	1807	0.9535	1905	52	265	false
GCA_900066555.1__GCF_003464045.1	GCA_900066555.1	GCF_003464045.1	ok	11	73	0.00773	0.48630	692	0	0.9719	1351	0.9487	1423	16	291	false
GCA_900313455.1__GCA_902755895.1	GCA_900313455.1	GCA_902755895.1	ok	0	0	0.00000	0.00000	0	0	0.9906	2330	1.0000	2655	14	274	false
GCA_900313625.1__GCA_902793215.1	GCA_900313625.1	GCA_902793215.1	ok	2	171	0.00175	0.43657	499	0	0.9159	828	0.8325	1143	17	170	false
GCA_900313915.1__GCA_902756425.1	GCA_900313915.1	GCA_902756425.1	ok	1	161	0.00022	0.45481	2023	0	0.9981	4269	0.9636	4448	9	1100	false
GCA_900314325.1__GCA_902803895.1	GCA_900314325.1	GCA_902803895.1	ok	0	0	0.00000	0.00000	0	0	0.9991	2173	1.0000	2326	4	292	false
GCA_900315135.1__GCA_902759695.1	GCA_900315135.1	GCA_902759695.1	ok	4	195	0.00108	0.42745	1585	0	0.9948	3454	0.9465	3708	25	779	false
GCA_900315365.1__GCA_902756905.1	GCA_900315365.1	GCA_902756905.1	ok	0	0	0.00000	0.00000	0	0	0.9995	3732	1.0000	3814	16	424	false
GCA_900317145.1__GCA_902762965.1	GCA_900317145.1	GCA_902762965.1	ok	1	119	0.00038	0.47921	1256	0	0.9936	2479	0.9542	2621	13	351	false
GCA_900319115.1__GCA_902776465.1	GCA_900319115.1	GCA_902776465.1	ok	7	83	0.00178	0.43663	1719	0	0.9912	3833	0.9788	3937	20	899	false
GCA_900319745.1__GCA_902761165.1	GCA_900319745.1	GCA_902761165.1	ok	2	275	0.00084	0.41199	983	0	0.9318	2023	0.8808	2386	13	505	false
GCA_900320875.1__GCA_902802965.1	GCA_900320875.1	GCA_902802965.1	ok	13	100	0.00689	0.48411	914	0	0.9780	1780	0.9465	1888	8	258	false
GCA_900466865.1__GCA_900471955.1	GCA_900466865.1	GCA_900471955.1	ok	1	12	0.00011	0.48601	4343	0	0.9990	8902	0.9987	8936	10	1568	false
GCA_900467085.1__GCA_900470265.1	GCA_900467085.1	GCA_900470265.1	ok	1	42	0.00007	0.42815	6305	0	0.9986	14620	0.9971	14726	17	2870	false
GCA_900468955.1__GCA_900469835.1	GCA_900468955.1	GCA_900469835.1	ok	23	133	0.00335	0.44143	3026	1	0.9937	6735	0.9806	6856	31	2383	false
GCA_900470005.1__GCA_900470955.1	GCA_900470005.1	GCA_900470955.1	ok	12	41	0.00236	0.39429	2001	0	0.9974	5032	0.9919	5075	9	1633	false
GCA_900470265.1__GCA_900470635.1	GCA_900470265.1	GCA_900470635.1	ok	14	127	0.00141	0.44264	4387	0	0.9942	9774	0.9872	9911	17	2930	false
GCA_900538315.1__GCA_905202305.1	GCA_900538315.1	GCA_905202305.1	ok	0	0	0.00000	0.00000	0	0	0.9998	4351	1.0000	4372	12	461	false
GCA_900538435.1__GCA_905210765.1	GCA_900538435.1	GCA_905210765.1	ok	3	42	0.00178	0.35190	594	0	0.9897	1639	0.9750	1688	1	192	false
GCA_900538625.1__GCA_905210015.1	GCA_900538625.1	GCA_905210015.1	ok	0	29	0.00000	0.47208	634	0	0.9901	1303	0.9782	1343	9	151	false
GCA_900540215.1__GCF_900169665.1	GCA_900540215.1	GCF_900169665.1	ok	10	82	0.00355	0.45577	1283	0	1.0000	2752	0.9710	2815	223	464	false
GCA_900540355.1__GCA_900759275.1	GCA_900540355.1	GCA_900759275.1	ok	7	171	0.00478	0.48224	706	0	0.9309	1252	0.8802	1464	6	78	false
GCA_900540355.1__GCA_905206035.1	GCA_900540355.1	GCA_905206035.1	ok	8	165	0.00584	0.42263	579	0	0.9298	1166	0.8762	1370	6	70	false
GCA_900540415.1__GCA_905209495.1	GCA_900540415.1	GCA_905209495.1	ok	5	162	0.00118	0.45506	1929	0	0.9816	4055	0.9615	4239	17	1008	false
GCA_900540645.1__GCA_905196595.1	GCA_900540645.1	GCA_905196595.1	ok	0	13	0.00000	0.31478	509	0	0.9975	1596	0.9919	1617	7	289	false
GCA_900540725.1__GCA_900765435.1	GCA_900540725.1	GCA_900765435.1	ok	4	59	0.00274	0.35205	514	0	0.9844	1384	0.9591	1460	7	217	false
GCA_900541165.1__GCA_905195025.1	GCA_900541165.1	GCA_905195025.1	ok	9	67	0.00450	0.48799	975	0	0.9847	1935	0.9664	1998	49	465	false
GCA_900541705.1__GCA_900759505.1	GCA_900541705.1	GCA_900759505.1	ok	0	38	0.00000	0.43962	961	0	0.9939	2127	0.9825	2186	4	381	false
GCA_900542415.1__GCA_900752575.1	GCA_900542415.1	GCA_900752575.1	ok	1	30	0.00068	0.32880	484	0	0.9931	1431	0.9795	1472	8	243	false
GCA_900543855.1__GCA_905213035.1	GCA_900543855.1	GCA_905213035.1	ok	2	42	0.00366	0.43223	236	0	0.9411	495	0.9219	546	2	38	false
GCA_900546405.1__GCA_900763325.1	GCA_900546405.1	GCA_900763325.1	ok	4	314	0.00159	0.46279	1163	0	0.9690	2155	0.8727	2513	14	735	false
GCA_900546405.1__GCA_905192675.1	GCA_900546405.1	GCA_905192675.1	ok	6	149	0.00203	0.45907	1357	0	0.9661	2797	0.9494	2956	16	797	false
GCA_900547185.1__GCA_905187875.1	GCA_900547185.1	GCA_905187875.1	ok	1	265	0.00066	0.47051	710	0	0.8256	1155	0.8172	1509	1	400	false
GCA_900548065.1__GCA_900761455.1	GCA_900548065.1	GCA_900761455.1	ok	1	238	0.00024	0.41858	1717	0	0.9611	3777	0.9408	4102	13	653	false
GCA_900548105.1__GCA_900759595.1	GCA_900548105.1	GCA_900759595.1	ok	3	102	0.00097	0.47622	1472	0	0.9850	2947	0.9665	3091	9	727	false
GCA_900549265.1__GCA_905202005.1	GCA_900549265.1	GCA_905202005.1	ok	0	0	0.00000	0.00000	0	0	1.0000	1356	1.0000	1364	12	69	false
GCA_900549785.1__GCA_905213285.1	GCA_900549785.1	GCA_905213285.1	ok	2	288	0.00089	0.49269	1112	0	0.9298	1868	0.8672	2257	5	417	false
GCA_900550435.1__GCF_018917285.1	GCA_900550435.1	GCF_018917285.1	ok	11	109	0.00750	0.47063	689	2	0.9791	1358	0.9252	1466	32	177	false
GCA_900550535.1__GCA_905203655.1	GCA_900550535.1	GCA_905203655.1	ok	4	48	0.00820	0.48566	237	0	0.9555	429	0.8994	488	2	33	false
GCA_900550885.1__GCA_905200885.1	GCA_900550885.1	GCA_905200885.1	ok	2	45	0.00545	0.40327	148	0	0.9169	309	0.8725	367	4	17	false
GCA_900551255.1__GCA_905210225.1	GCA_900551255.1	GCA_905210225.1	ok	0	0	0.00000	0.00000	0	0	1.0000	756	1.0000	779	8	34	false
GCA_900551275.1__GCF_019127395.1	GCA_900551275.1	GCF_019127395.1	ok	15	318	0.00573	0.46412	1216	0	0.8990	2242	0.8764	2620	50	734	false
GCA_900552435.1__GCA_902796665.1	GCA_900552435.1	GCA_902796665.1	ok	0	202	0.00000	0.47969	496	0	0.7851	749	0.7943	1034	3	248	false
GCA_900553095.1__GCA_905201245.1	GCA_900553095.1	GCA_905201245.1	ok	0	74	0.00000	0.48025	231	0	1.0000	400	0.8439	481	0	24	false
GCA_900554355.1__GCA_900757965.1	GCA_900554355.1	GCA_900757965.1	ok	0	24	0.00000	0.49078	346	0	0.9955	666	0.9652	705	5	154	false
GCA_900554425.1__GCA_900752075.1	GCA_900554425.1	GCA_900752075.1	ok	0	87	0.00000	0.48330	463	0	0.9884	851	0.9073	958	7	250	false
GCA_900555935.1__GCA_900763305.1	GCA_900555935.1	GCA_900763305.1	ok	1	121	0.00101	0.44737	442	0	0.9043	718	0.8586	988	4	298	false
GCA_900638075.1__GCF_000801145.1	GCA_900638075.1	GCF_000801145.1	ok	3	6	0.00212	0.00141	2	0	1.0000	1415	0.9958	1415	46	295	true
GCA_900752295.1__GCA_905210665.1	GCA_900752295.1	GCA_905210665.1	ok	0	13	0.00000	0.42531	242	0	0.9774	519	0.9756	569	2	30	false
GCA_900752465.1__GCA_905210705.1	GCA_900752465.1	GCA_905210705.1	ok	0	54	0.00000	0.46656	858	0	0.9734	1648	0.9686	1839	12	159	false
GCA_900752585.1__GCA_905197195.1	GCA_900752585.1	GCA_905197195.1	ok	0	11	0.00000	0.49646	2035	0	0.9972	3968	0.9972	4099	22	572	false
GCA_900752685.1__GCA_905204585.1	GCA_900752685.1	GCA_905204585.1	ok	2	251	0.00095	0.49620	1046	0	0.9564	1732	0.8736	2108	3	586	false
GCA_900752915.1__GCA_905208865.1	GCA_900752915.1	GCA_905208865.1	ok	0	222	0.00000	0.47892	852	0	0.8947	1411	0.8659	1779	2	368	false
GCA_900752915.1__GCA_910585975.1	GCA_900752915.1	GCA_910585975.1	ok	1	256	0.00052	0.44444	848	0	0.8642	1585	0.8626	1908	7	380	false
GCA_900752925.1__GCA_905201885.1	GCA_900752925.1	GCA_905201885.1	ok	0	9	0.00000	0.47984	357	0	0.9840	677	0.9870	744	1	47	false
GCA_900753175.1__GCA_905212245.1	GCA_900753175.1	GCA_905212245.1	ok	1	19	0.00122	0.40514	331	0	0.9862	786	0.9764	817	3	58	false
GCA_900753385.1__GCA_905211105.1	GCA_900753385.1	GCA_905211105.1	ok	2	14	0.00118	0.39704	671	0	0.9982	1635	0.9915	1690	1	151	false
GCA_900753675.1__GCA_905212905.1	GCA_900753675.1	GCA_905212905.1	ok	1	100	0.00098	0.47796	488	0	0.9632	758	0.8860	1021	0	63	false
GCA_900754505.1__GCA_905211625.1	GCA_900754505.1	GCA_905211625.1	ok	1	28	0.00134	0.39252	294	0	0.9816	692	0.9612	749	2	55	false
GCA_900754825.1__GCA_905204375.1	GCA_900754825.1	GCA_905204375.1	ok	3	135	0.00162	0.49919	923	0	0.9663	1635	0.9238	1849	6	191	false
GCA_900754975.1__GCA_905193055.1	GCA_900754975.1	GCA_905193055.1	ok	3	218	0.00176	0.48565	829	0	0.8642	1400	0.8671	1707	23	626	false
GCA_900756475.1__GCA_905198335.1	GCA_900756475.1	GCA_905198335.1	ok	1	71	0.00048	0.37270	770	0	0.9674	1987	0.9655	2066	4	423	false
GCA_900756895.1__GCA_905205525.1	GCA_900756895.1	GCA_905205525.1	ok	5	167	0.00410	0.47256	577	0	0.9137	995	0.8573	1221	6	199	false
GCA_900757365.1__GCA_905205845.1	GCA_900757365.1	GCA_905205845.1	ok	6	136	0.00395	0.45885	697	0	0.9862	1360	0.9089	1519	20	246	false
GCA_900757645.1__GCA_905209325.1	GCA_900757645.1	GCA_905209325.1	ok	6	29	0.01676	0.49441	177	0	0.9678	331	0.9181	358	1	28	false
GCA_900757895.1__GCA_905199735.1	GCA_900757895.1	GCA_905199735.1	ok	1	211	0.00074	0.45259	611	0	0.8278	1101	0.8424	1350	4	223	false
GCA_900758145.1__GCA_905200175.1	GCA_900758145.1	GCA_905200175.1	ok	3	305	0.00149	0.46269	930	0	0.9332	1564	0.8378	2010	4	378	false
GCA_900758175.1__GCA_905204825.1	GCA_900758175.1	GCA_905204825.1	ok	5	118	0.00139	0.44266	1598	0	0.9891	3447	0.9669	3610	57	642	false
GCA_900759135.1__GCA_904385455.1	GCA_900759135.1	GCA_904385455.1	ok	0	190	0.00000	0.49066	709	0	0.9934	1198	0.8632	1445	11	270	false
GCA_900759275.1__GCA_905206035.1	GCA_900759275.1	GCA_905206035.1	ok	0	155	0.00000	0.46771	630	0	0.9287	1146	0.8819	1347	10	74	false
GCA_900759635.1__GCA_904387045.1	GCA_900759635.1	GCA_904387045.1	ok	0	124	0.00000	0.44880	1065	0	0.9649	2199	0.9468	2373	20	222	false
GCA_900761175.1__GCA_905213195.1	GCA_900761175.1	GCA_905213195.1	ok	2	177	0.00084	0.42044	1004	0	0.9540	2178	0.9250	2388	3	521	false
GCA_900761245.1__GCA_905188075.1	GCA_900761245.1	GCA_905188075.1	ok	0	38	0.00000	0.35171	134	0	0.9573	336	0.8987	381	3	31	false
GCA_900761705.1__GCA_905197205.1	GCA_900761705.1	GCA_905197205.1	ok	1	216	0.00049	0.48865	990	0	0.9922	1791	0.8923	2026	1	369	false
GCA_900762595.1__GCA_905210395.1	GCA_900762595.1	GCA_905210395.1	ok	13	634	0.00358	0.48266	1754	0	0.9856	2944	0.8224	3634	7	741	false
GCA_900762735.1__GCA_905206765.1	GCA_900762735.1	GCA_905206765.1	ok	0	304	0.00000	0.48667	840	0	0.7986	1364	0.8224	1726	1	216	false
GCA_900763325.1__GCA_905192675.1	GCA_900763325.1	GCA_905192675.1	ok	4	258	0.00153	0.46330	1212	0	0.9936	2317	0.8997	2616	16	722	false
GCA_900763455.1__GCA_905211365.1	GCA_900763455.1	GCA_905211365.1	ok	21	135	0.01323	0.42155	669	0	0.9549	1441	0.9134	1587	17	164	false
GCA_900764205.1__GCA_905196695.1	GCA_900764205.1	GCA_905196695.1	ok	8	236	0.00176	0.47371	2153	0	0.9865	4234	0.9471	4545	9	938	false
GCA_900764255.1__GCA_905212875.1	GCA_900764255.1	GCA_905212875.1	ok	2	59	0.00063	0.39861	1266	0	0.9926	3102	0.9813	3176	7	557	false
GCA_900764985.1__GCA_905211565.1	GCA_900764985.1	GCA_905211565.1	ok	13	319	0.00465	0.44067	1233	0	0.9065	2356	0.8814	2798	9	609	false
GCA_900765505.1__GCA_905213535.1	GCA_900765505.1	GCA_905213535.1	ok	0	19	0.00000	0.36683	825	0	0.9986	2210	0.9915	2249	4	259	false
GCA_900768155.1__GCA_905188115.1	GCA_900768155.1	GCA_905188115.1	ok	6	53	0.00321	0.40653	759	0	0.9961	1811	0.9715	1867	18	326	false
GCA_900768445.1__GCA_902783145.1	GCA_900768445.1	GCA_902783145.1	ok	0	28	0.00000	0.45116	97	0	0.8108	150	0.8511	215	0	14	false
GCA_900768895.1__GCA_905199185.1	GCA_900768895.1	GCA_905199185.1	ok	4	82	0.00164	0.43845	1072	0	0.9837	2351	0.9663	2445	9	425	false
GCA_900768985.1__GCA_905212115.1	GCA_900768985.1	GCA_905212115.1	ok	4	48	0.00206	0.38663	752	0	0.9916	1885	0.9751	1945	6	469	false
GCA_902383955.1__GCF_002334685.1	GCA_902383955.1	GCF_002334685.1	ok	32	129	0.00833	0.45107	1733	0	0.9807	3767	0.9666	3842	68	615	false
GCA_902383955.1__GCF_900243745.1	GCA_902383955.1	GCF_900243745.1	ok	32	130	0.00831	0.43726	1683	0	0.9805	3773	0.9664	3849	67	615	false
GCA_902385445.1__GCF_003481635.1	GCA_902385445.1	GCF_003481635.1	ok	6	25	0.00179	0.46625	1561	0	0.9967	3293	0.9925	3348	82	324	false
GCA_902385875.1__GCF_004802515.1	GCA_902385875.1	GCF_004802515.1	ok	54	296	0.01481	0.41646	1518	0	0.9624	3173	0.9140	3645	4	304	false
GCA_902386505.1__GCF_001578645.1	GCA_902386505.1	GCF_001578645.1	ok	0	0	0.00000	0.00000	0	0	0.9990	3853	1.0000	3906	10	394	false
GCA_902386885.1__GCA_905212575.1	GCA_902386885.1	GCA_905212575.1	ok	0	116	0.00000	0.33776	839	0	1.0000	2367	0.9533	2484	100	570	false
GCA_902387155.1__GCF_004352985.1	GCA_902387155.1	GCF_004352985.1	ok	11	63	0.00117	0.45177	4257	1	0.9969	9367	0.9933	9424	60	1789	false
GCA_902387225.1__GCA_905194855.1	GCA_902387225.1	GCA_905194855.1	ok	13	310	0.00329	0.46763	1849	0	0.9271	3636	0.9213	3954	11	1258	false
GCA_902406175.1__GCF_000183605.1	GCA_902406175.1	GCF_000183605.1	ok	8	82	0.00375	0.48053	1024	0	0.9779	2037	0.9612	2131	35	374	false
GCA_902406215.1__GCA_905196885.1	GCA_902406215.1	GCA_905196885.1	ok	7	68	0.00426	0.45311	744	0	0.9781	1564	0.9582	1642	15	259	false
GCA_902406395.1__GCA_905208225.1	GCA_902406395.1	GCA_905208225.1	ok	0	154	0.00000	0.45316	890	0	0.9878	1784	0.9205	1964	7	187	false
GCA_902506615.1__GCF_009735725.1	GCA_902506615.1	GCF_009735725.1	ok	35	134	0.00638	0.40598	2228	0	0.9887	5407	0.9757	5488	64	877	false
GCA_902519355.1__GCA_902597475.1	GCA_902519355.1	GCA_902597475.1	ok	0	39	0.00000	0.49284	241	0	0.9340	439	0.9186	489	0	40	false
GCA_902519685.1__GCA_902522335.1	GCA_902519685.1	GCA_902522335.1	ok	1	63	0.00055	0.35417	646	0	0.9758	1733	0.9650	1824	1	332	false
GCA_902523575.1__GCA_902561065.1	GCA_902523575.1	GCA_902561065.1	ok	2	25	0.00687	0.43643	127	0	0.9368	252	0.9101	291	0	20	false
GCA_902523575.1__GCA_902564165.1	GCA_902523575.1	GCA_902564165.1	ok	0	27	0.00000	0.35106	132	0	0.9623	332	0.9252	376	0	25	false
GCA_902529525.1__GCA_902587425.1	GCA_902529525.1	GCA_902587425.1	ok	0	57	0.00000	0.44535	383	0	0.9411	767	0.9315	860	17	173	false
GCA_902530005.1__GCA_902561375.1	GCA_902530005.1	GCA_902561375.1	ok	1	44	0.00211	0.44304	210	0	0.9626	412	0.9041	474	2	28	false
GCA_902530005.1__GCA_902623925.1	GCA_902530005.1	GCA_902623925.1	ok	2	34	0.00755	0.46792	124	0	0.8874	205	0.8601	265	2	30	false
GCA_902535095.1__GCA_902546325.1	GCA_902535095.1	GCA_902546325.1	ok	1	54	0.00147	0.43658	296	0	0.9649	604	0.9184	678	3	162	false
GCA_902542605.1__GCA_902547435.1	GCA_902542605.1	GCA_902547435.1	ok	0	22	0.00000	0.40470	155	0	0.9570	356	0.9423	383	0	33	false
GCA_902547125.1__GCA_902618475.1	GCA_902547125.1	GCA_902618475.1	ok	2	28	0.00535	0.43048	161	0	0.9737	333	0.9222	374	3	37	false
GCA_902554565.1__GCA_902570835.1	GCA_902554565.1	GCA_902570835.1	ok	0	22	0.00000	0.45178	89	0	0.9075	157	0.8778	197	0	26	false
GCA_902555425.1__GCA_902558645.1	GCA_902555425.1	GCA_902558645.1	ok	1	48	0.00180	0.37950	211	0	0.9709	501	0.9126	556	0	61	false
GCA_902556005.1__GCA_902592035.1	GCA_902556005.1	GCA_902592035.1	ok	0	77	0.00000	0.49886	437	0	0.9224	761	0.9092	876	1	204	false
GCA_902557815.1__GCA_902559275.1	GCA_902557815.1	GCA_902559275.1	ok	0	37	0.00000	0.31267	227	0	0.9602	675	0.9485	726	1	111	false
GCA_902557815.1__GCA_902596095.1	GCA_902557815.1	GCA_902596095.1	ok	4	40	0.00712	0.44662	251	0	0.9467	515	0.9279	562	0	98	false
GCA_902559275.1__GCA_902596095.1	GCA_902559275.1	GCA_902596095.1	ok	1	45	0.00173	0.40657	235	0	0.9721	522	0.9206	578	1	99	false
GCA_902561375.1__GCA_902623925.1	GCA_902561375.1	GCA_902623925.1	ok	1	31	0.00286	0.39714	139	0	0.9711	302	0.9072	350	2	34	false
GCA_902569235.1__GCA_902613625.1	GCA_902569235.1	GCA_902613625.1	ok	0	33	0.00000	0.30724	208	0	0.9692	630	0.9503	677	4	97	false
GCA_902569815.1__GCA_902617905.1	GCA_902569815.1	GCA_902617905.1	ok	2	61	0.00197	0.46752	475	0	0.9672	944	0.9393	1016	0	110	false
GCA_902578135.1__GCA_902593595.1	GCA_902578135.1	GCA_902593595.1	ok	0	26	0.00000	0.43396	115	0	0.9221	225	0.8984	265	2	36	false
GCA_902590175.1__GCA_902601145.1	GCA_902590175.1	GCA_902601145.1	ok	2	32	0.00707	0.37456	106	0	0.9222	237	0.8819	283	15	36	false
GCA_902591215.1__GCA_902633865.1	GCA_902591215.1	GCA_902633865.1	ok	0	38	0.00000	0.23833	143	0	0.9770	551	0.9357	600	0	39	false
GCA_902591435.1__GCA_902596395.1	GCA_902591435.1	GCA_902596395.1	ok	0	24	0.00000	0.37784	133	0	0.9538	310	0.9290	352	2	21	false
GCA_902599815.1__GCA_902614755.1	GCA_902599815.1	GCA_902614755.1	ok	0	33	0.00000	0.49791	119	0	0.8798	183	0.8527	239	2	15	false
GCA_902614175.1__GCA_902617085.1	GCA_902614175.1	GCA_902617085.1	ok	1	39	0.00192	0.46552	243	0	0.9380	469	0.9237	522	0	36	false
GCA_902624155.1__GCA_902630085.1	GCA_902624155.1	GCA_902630085.1	ok	1	38	0.00351	0.48070	137	0	0.9046	237	0.8628	285	0	32	false
GCA_902755745.1__GCA_902779515.1	GCA_902755745.1	GCA_902779515.1	ok	10	190	0.00471	0.47100	999	0	0.9389	1845	0.9068	2121	21	530	false
GCA_902755805.1__GCA_902761165.1	GCA_902755805.1	GCA_902761165.1	ok	1	275	0.00042	0.41199	983	0	0.9299	2016	0.8808	2386	13	505	false
GCA_902756215.1__GCA_902779585.1	GCA_902756215.1	GCA_902779585.1	ok	0	32	0.00000	0.34939	798	0	0.9915	2227	0.9858	2284	8	258	false
GCA_902756615.1__GCA_902793825.1	GCA_902756615.1	GCA_902793825.1	ok	3	146	0.00133	0.42432	956	0	0.9582	2062	0.9340	2253	9	491	false
GCA_902756615.1__GCA_902794885.1	GCA_902756615.1	GCA_902794885.1	ok	10	184	0.00426	0.49106	1153	0	0.9482	2125	0.9202	2348	18	560	false
GCA_902756805.1__GCA_902791195.1	GCA_902756805.1	GCA_902791195.1	ok	2	209	0.00105	0.49631	941	0	0.9020	1555	0.8830	1896	25	524	false
GCA_902757215.1__GCA_902790775.1	GCA_902757215.1	GCA_902790775.1	ok	0	145	0.00000	0.42500	680	0	0.9958	1421	0.9074	1600	7	300	false
GCA_902757345.1__GCA_902794225.1	GCA_902757345.1	GCA_902794225.1	ok	7	191	0.00190	0.46216	1704	0	0.9934	3474	0.9478	3687	33	806	false
GCA_902759195.1__GCA_902759335.1	GCA_902759195.1	GCA_902759335.1	ok	1	87	0.00102	0.39228	386	0	0.9110	788	0.9030	984	35	60	false
GCA_902759635.1__GCA_902803545.1	GCA_902759635.1	GCA_902803545.1	ok	1	182	0.00049	0.44784	923	0	0.9743	1746	0.9061	2061	16	372	false
GCA_902759815.1__GCA_902766295.1	GCA_902759815.1	GCA_902766295.1	ok	0	224	0.00000	0.44432	794	0	0.9538	1444	0.8666	1787	9	332	false
GCA_902759975.1__GCA_902782525.1	GCA_902759975.1	GCA_902782525.1	ok	0	61	0.00000	0.47901	251	0	0.8641	375	0.8656	524	7	35	false
GCA_902760585.1__GCA_902786025.1	GCA_902760585.1	GCA_902786025.1	ok	15	252	0.00624	0.44135	1061	0	0.9884	2134	0.8939	2404	17	493	false
GCA_902760875.1__GCA_902800605.1	GCA_902760875.1	GCA_902800605.1	ok	43	160	0.01406	0.49820	1524	0	0.9866	2942	0.9477	3059	36	754	false
GCA_902762005.1__GCA_902804085.1	GCA_902762005.1	GCA_902804085.1	ok	0	212	0.00000	0.49806	1029	0	0.9326	1701	0.8904	2066	18	392	false
GCA_902762075.1__GCA_902784875.1	GCA_902762075.1	GCA_902784875.1	ok	12	234	0.00431	0.41388	1151	0	0.9909	2502	0.9141	2781	27	620	false
GCA_902765195.1__GCA_902777035.1	GCA_902765195.1	GCA_902777035.1	ok	1	223	0.00041	0.43251	1067	0	0.9465	2087	0.9042	2467	30	523	false
GCA_902765375.1__GCA_902789945.1	GCA_902765375.1	GCA_902789945.1	ok	6	87	0.00134	0.46837	2103	0	0.9925	4389	0.9805	4490	32	1000	false
GCA_902767165.1__GCA_902794265.1	GCA_902767165.1	GCA_902794265.1	ok	3	330	0.00100	0.48918	1469	0	0.9924	2620	0.8881	3003	27	864	false
GCA_902769435.1__GCA_902796715.1	GCA_902769435.1	GCA_902796715.1	ok	1	209	0.00036	0.44826	1239	0	0.9272	2509	0.9236	2764	21	963	false
GCA_902770705.1__GCA_902800995.1	GCA_902770705.1	GCA_902800995.1	ok	1	189	0.00038	0.47496	1252	0	0.9282	2392	0.9271	2636	36	847	false
GCA_902773575.1__GCA_902780355.1	GCA_902773575.1	GCA_902780355.1	ok	4	70	0.00160	0.36756	920	0	0.9926	2412	0.9718	2503	11	625	false
GCA_902773775.1__GCA_902778155.1	GCA_902773775.1	GCA_902778155.1	ok	4	182	0.00202	0.43573	861	0	0.9921	1764	0.9063	1976	12	594	false
GCA_902774745.1__GCA_902802715.1	GCA_902774745.1	GCA_902802715.1	ok	1	230	0.00032	0.45624	1423	0	0.9856	2800	0.9241	3119	37	561	false
GCA_902774865.1__GCA_902780355.1	GCA_902774865.1	GCA_902780355.1	ok	0	35	0.00000	0.29488	726	0	0.9913	2404	0.9856	2462	8	605	false
GCA_902775235.1__GCA_902785255.1	GCA_902775235.1	GCA_902785255.1	ok	7	98	0.00217	0.46085	1489	0	0.9783	3112	0.9694	3231	29	732	false
GCA_902775235.1__GCA_905234415.1	GCA_902775235.1	GCA_905234415.1	ok	21	229	0.00723	0.49948	1450	0	0.9390	2678	0.9208	2903	25	664	false
GCA_902775865.1__GCA_902776445.1	GCA_902775865.1	GCA_902776445.1	ok	1	134	0.00057	0.31558	551	0	0.9232	1346	0.9117	1746	38	282	false
GCA_902776005.1__GCA_902779955.1	GCA_902776005.1	GCA_902779955.1	ok	4	218	0.00115	0.39885	1386	0	0.9464	3215	0.9365	3475	35	834	false
GCA_902776485.1__GCA_902798175.1	GCA_902776485.1	GCA_902798175.1	ok	4	35	0.00262	0.33094	506	0	0.9867	1483	0.9769	1529	9	391	false
GCA_902776905.1__GCA_902780715.1	GCA_902776905.1	GCA_902780715.1	ok	0	12	0.00000	0.39816	907	0	0.9965	2255	0.9947	2278	4	311	false
GCA_902777045.1__GCA_902794495.1	GCA_902777045.1	GCA_902794495.1	ok	4	118	0.00288	0.36547	508	1	0.9005	1167	0.9098	1391	56	143	false
GCA_902777565.1__GCA_902779155.1	GCA_902777565.1	GCA_902779155.1	ok	1	181	0.00051	0.44450	873	0	0.9776	1746	0.9061	1964	11	585	false
GCA_902777795.1__GCA_902789235.1	GCA_902777795.1	GCA_902789235.1	ok	13	92	0.00405	0.42189	1353	0	0.9879	3098	0.9711	3207	34	855	false
GCA_902777795.1__GCA_902795505.1	GCA_902777795.1	GCA_902795505.1	ok	0	86	0.00000	0.37590	1045	0	0.9914	2645	0.9685	2780	29	815	false
GCA_902780715.1__GCA_902802785.1	GCA_902780715.1	GCA_902802785.1	ok	4	17	0.00173	0.41857	969	0	0.9987	2296	0.9926	2315	7	320	false
GCA_902780875.1__GCA_902799165.1	GCA_902780875.1	GCA_902799165.1	ok	16	86	0.00494	0.49753	1613	0	0.9881	3159	0.9734	3242	19	843	false
GCA_902781035.1__GCA_902793215.1	GCA_902781035.1	GCA_902793215.1	ok	2	162	0.00150	0.39085	521	0	0.9136	1047	0.8680	1333	18	194	false
GCA_902782365.1__GCA_902794985.1	GCA_902782365.1	GCA_902794985.1	ok	5	229	0.00228	0.41595	913	0	0.9107	1857	0.8912	2195	12	690	false
GCA_902783145.1__GCA_905206315.1	GCA_902783145.1	GCA_905206315.1	ok	0	41	0.00000	0.39098	104	0	0.9757	201	0.8320	266	2	14	false
GCA_902785255.1__GCA_905234415.1	GCA_902785255.1	GCA_905234415.1	ok	16	234	0.00557	0.43783	1257	0	0.9805	2619	0.9175	2871	28	722	false
GCA_902786785.1__GCA_902795405.1	GCA_902786785.1	GCA_902795405.1	ok	4	240	0.00159	0.48667	1223	0	0.9651	2211	0.9022	2513	14	523	false
GCA_902788065.1__GCA_902794915.1	GCA_902788065.1	GCA_902794915.1	ok	3	53	0.00116	0.49073	1271	0	0.9964	2510	0.9793	2590	27	592	false
GCA_902789235.1__GCA_902795505.1	GCA_902789235.1	GCA_902795505.1	ok	11	100	0.00332	0.28709	952	0	0.9794	3182	0.9694	3316	37	808	false
GCA_902789405.1__GCA_902790165.1	GCA_902789405.1	GCA_902790165.1	ok	4	162	0.00150	0.48929	1302	0	0.9439	2423	0.9376	2661	35	578	false
GCA_902793825.1__GCA_902794885.1	GCA_902793825.1	GCA_902794885.1	ok	5	191	0.00167	0.34759	1040	0	0.9651	2709	0.9343	2992	17	601	false
GCA_902796015.1__GCA_902802235.1	GCA_902796015.1	GCA_902802235.1	ok	0	284	0.00000	0.44439	899	0	0.8772	1586	0.8508	2023	10	436	false
GCA_902796665.1__GCA_905196945.1	GCA_902796665.1	GCA_905196945.1	ok	5	67	0.00408	0.48082	589	0	0.9896	1139	0.9443	1225	3	290	false
GCA_903813955.1__GCA_903819315.1	GCA_903813955.1	GCA_903819315.1	ok	3	86	0.00255	0.47704	561	0	0.9653	1000	0.9213	1176	24	96	false
GCA_903819625.1__GCA_903831365.1	GCA_903819625.1	GCA_903831365.1	ok	2	554	0.00054	0.49705	1856	0	0.9012	2838	0.8392	3734	107	592	false
GCA_903819625.1__GCA_903917195.1	GCA_903819625.1	GCA_903917195.1	ok	4	564	0.00093	0.48287	2086	0	0.9350	3426	0.8606	4320	110	648	false
GCA_903820535.1__GCA_903864235.1	GCA_903820535.1	GCA_903864235.1	ok	1	20	0.00018	0.22656	1288	0	0.9991	5619	0.9965	5685	37	712	false
GCA_903820865.1__GCA_903867635.1	GCA_903820865.1	GCA_903867635.1	ok	0	12	0.00000	0.33953	1389	0	0.9985	4061	0.9971	4091	7	484	false
GCA_903820925.1__GCA_903860705.1	GCA_903820925.1	GCA_903860705.1	ok	3	298	0.00117	0.41924	1072	0	0.8854	2117	0.8782	2557	26	315	false
GCA_903821125.1__GCA_903860895.1	GCA_903821125.1	GCA_903860895.1	ok	1	108	0.00053	0.41903	784	1	0.9828	1714	0.9408	1872	32	253	false
GCA_903821435.1__GCA_903829215.1	GCA_903821435.1	GCA_903829215.1	ok	1	263	0.00023	0.43342	1914	0	0.9983	4086	0.9395	4416	9	693	false
GCA_903822265.1__GCA_903879655.1	GCA_903822265.1	GCA_903879655.1	ok	3	167	0.00081	0.40626	1506	0	0.9813	3357	0.9527	3707	33	567	false
GCA_903823235.1__GCA_903861095.1	GCA_903823235.1	GCA_903861095.1	ok	0	64	0.00000	0.47325	637	0	0.9849	1238	0.9509	1346	4	216	false
GCA_903823235.1__GCA_903880705.1	GCA_903823235.1	GCA_903880705.1	ok	0	84	0.00000	0.37275	580	0	0.9801	1428	0.9445	1556	4	235	false
GCA_903823705.1__GCA_903841775.1	GCA_903823705.1	GCA_903841775.1	ok	0	267	0.00000	0.42384	2137	0	0.9495	4720	0.9466	5042	9	1080	false
GCA_903823795.1__GCA_903927125.1	GCA_903823795.1	GCA_903927125.1	ok	8	603	0.00145	0.49422	2736	0	0.9288	4776	0.8882	5536	117	1224	false
GCA_903824535.1__GCA_903872325.1	GCA_903824535.1	GCA_903872325.1	ok	0	111	0.00000	0.46117	386	0	0.9574	652	0.8562	837	12	179	false
GCA_903824795.1__GCA_903958965.1	GCA_903824795.1	GCA_903958965.1	ok	2	312	0.00067	0.49949	1483	0	0.9883	2620	0.8937	2969	12	189	false
GCA_903825025.1__GCA_903838545.1	GCA_903825025.1	GCA_903838545.1	ok	3	29	0.00138	0.34855	756	0	0.9919	2088	0.9863	2169	14	161	false
GCA_903825235.1__GCA_903885335.1	GCA_903825235.1	GCA_903885335.1	ok	0	230	0.00000	0.45513	928	0	0.8825	1735	0.8845	2039	15	141	false
GCA_903825745.1__GCA_903830245.1	GCA_903825745.1	GCA_903830245.1	ok	0	8	0.00000	0.08922	365	0	0.9985	4067	0.9980	4091	8	482	false
GCA_903826655.1__GCA_903871525.1	GCA_903826655.1	GCA_903871525.1	ok	0	151	0.00000	0.48008	482	0	0.8468	796	0.8435	1004	1	147	false
GCA_903827795.1__GCA_903837615.1	GCA_903827795.1	GCA_903837615.1	ok	0	19	0.00000	0.27525	834	0	0.9940	2966	0.9936	3030	25	226	false
GCA_903828555.1__GCA_903857535.1	GCA_903828555.1	GCA_903857535.1	ok	7	360	0.00277	0.49051	1240	0	0.9635	2034	0.8504	2528	33	235	false
GCA_903828755.1__GCA_903856135.1	GCA_903828755.1	GCA_903856135.1	ok	0	26	0.00000	0.29618	566	0	0.9888	1858	0.9862	1911	4	277	false
GCA_903829055.1__GCA_903874865.1	GCA_903829055.1	GCA_903874865.1	ok	1	114	0.00015	0.41613	2796	0	0.9855	6574	0.9830	6719	18	1288	false
GCA_903829375.1__GCA_903890005.1	GCA_903829375.1	GCA_903890005.1	ok	0	107	0.00000	0.48630	4241	0	0.9935	8522	0.9876	8721	67	1139	false
GCA_903829985.1__GCA_903860435.1	GCA_903829985.1	GCA_903860435.1	ok	0	109	0.00000	0.47835	232	0	0.7333	330	0.7646	485	0	24	false
GCA_903831435.1__GCA_903929145.1	GCA_903831435.1	GCA_903929145.1	ok	2	33	0.00055	0.13947	511	0	0.9928	3320	0.9902	3664	10	414	false
GCA_903832185.1__GCA_903837215.1	GCA_903832185.1	GCA_903837215.1	ok	0	107	0.00000	0.40611	2048	0	0.9821	4781	0.9781	5043	14	897	false
GCA_903832305.1__GCA_903909335.1	GCA_903832305.1	GCA_903909335.1	ok	1	190	0.00049	0.48227	993	0	0.9313	1748	0.9028	2059	19	135	false
GCA_903832365.1__GCA_903909945.1	GCA_903832365.1	GCA_903909945.1	ok	1	325	0.00034	0.48967	1422	0	0.8639	2316	0.8797	2904	28	286	false
GCA_903832485.1__GCA_903837715.1	GCA_903832485.1	GCA_903837715.1	ok	0	99	0.00000	0.47504	314	0	0.8282	540	0.8489	661	0	42	false
GCA_903833365.1__GCA_903896845.1	GCA_903833365.1	GCA_903896845.1	ok	1	399	0.00034	0.47348	1375	0	0.9276	2292	0.8533	2904	80	519	false
GCA_903833645.1__GCA_903931025.1	GCA_903833645.1	GCA_903931025.1	ok	3	593	0.00090	0.49520	1652	0	0.9263	2527	0.8117	3336	64	650	false
GCA_903833765.1__GCA_903903895.1	GCA_903833765.1	GCA_903903895.1	ok	0	13	0.00000	0.42254	941	0	0.9982	2198	0.9941	2227	1	341	false
GCA_903834125.1__GCA_903897835.1	GCA_903834125.1	GCA_903897835.1	ok	1	662	0.00020	0.46918	2344	0	0.9260	4015	0.8596	4996	6	874	false
GCA_903834125.1__GCA_903913455.1	GCA_903834125.1	GCA_903913455.1	ok	1	751	0.00018	0.48758	2670	0	0.9448	4520	0.8578	5476	4	915	false
GCA_903835245.1__GCA_903839075.1	GCA_903835245.1	GCA_903839075.1	ok	0	3	0.00000	0.15018	539	0	0.9997	3567	0.9992	3589	6	385	false
GCA_903835475.1__GCA_903930525.1	GCA_903835475.1	GCA_903930525.1	ok	5	577	0.00071	0.49836	3489	0	0.9299	6140	0.9146	7001	132	1178	false
GCA_903835625.1__GCF_001556735.1	GCA_903835625.1	GCF_001556735.1	ok	10	630	0.00140	0.49202	3516	0	0.9819	6453	0.9110	7146	151	1310	false
GCA_903835645.1__GCA_903913395.1	GCA_903835645.1	GCA_903913395.1	ok	0	40	0.00000	0.43349	2180	1	0.9959	4893	0.9919	5030	25	445	false
GCA_903835775.1__GCA_903889485.1	GCA_903835775.1	GCA_903889485.1	ok	0	90	0.00000	0.49468	2465	0	0.9818	4853	0.9818	4983	6	560	false
GCA_903836845.1__GCA_903927055.1	GCA_903836845.1	GCA_903927055.1	ok	3	380	0.00180	0.49040	817	0	0.7046	849	0.7171	1666	19	115	false
GCA_903837735.1__GCA_903890355.1	GCA_903837735.1	GCA_903890355.1	ok	9	334	0.00114	0.45754	3621	0	0.9836	7097	0.9553	7914	187	1048	false
GCA_903837745.1__GCA_903896815.1	GCA_903837745.1	GCA_903896815.1	ok	0	19	0.00000	0.26761	266	0	0.9884	940	0.9802	994	5	86	false
GCA_903838455.1__GCA_903852975.1	GCA_903838455.1	GCA_903852975.1	ok	0	131	0.00000	0.48441	777	0	0.9493	1385	0.9144	1604	15	129	false
GCA_903838755.1__GCA_903863065.1	GCA_903838755.1	GCA_903863065.1	ok	2	383	0.00038	0.48041	2514	0	0.9913	4774	0.9257	5233	86	747	false
GCA_903840365.1__GCA_903887125.1	GCA_903840365.1	GCA_903887125.1	ok	2	163	0.00280	0.46154	330	0	0.7899	436	0.7409	715	19	62	false
GCA_903840645.1__GCA_903879355.1	GCA_903840645.1	GCA_903879355.1	ok	6	747	0.00102	0.49721	2937	0	0.9089	4828	0.8672	5907	28	722	false
GCA_903840985.1__GCA_903860905.1	GCA_903840985.1	GCA_903860905.1	ok	1	233	0.00018	0.44253	2495	0	0.9685	5191	0.9572	5638	18	598	false
GCA_903841485.1__GCA_903845655.1	GCA_903841485.1	GCA_903845655.1	ok	2	171	0.00102	0.47738	939	0	0.9416	1772	0.9121	1967	14	243	false
GCA_903841725.1__GCA_903940335.1	GCA_903841725.1	GCA_903940335.1	ok	3	145	0.00263	0.49474	564	0	0.9315	939	0.8667	1140	18	158	false
GCA_903841775.1__GCA_903921765.1	GCA_903841775.1	GCA_903921765.1	ok	0	447	0.00000	0.47128	2166	0	0.9019	4082	0.9017	4596	8	1027	false
GCA_903841905.1__GCA_903849655.1	GCA_903841905.1	GCA_903849655.1	ok	11	830	0.00178	0.44947	2784	0	0.9174	4985	0.8584	6194	300	1799	false
GCA_903842645.1__GCA_903876355.1	GCA_903842645.1	GCA_903876355.1	ok	5	746	0.00084	0.48500	2877	0	0.9439	4996	0.8705	5932	148	1007	false
GCA_903842815.1__GCA_903907685.1	GCA_903842815.1	GCA_903907685.1	ok	12	481	0.00140	0.47982	4114	0	0.9596	7855	0.9424	8574	193	1752	false
GCA_903843165.1__GCA_903889485.1	GCA_903843165.1	GCA_903889485.1	ok	0	90	0.00000	0.47608	2368	0	0.9820	4846	0.9818	4974	6	558	false
GCA_903845385.1__GCA_903924745.1	GCA_903845385.1	GCA_903924745.1	ok	0	125	0.00000	0.36170	527	0	0.9200	1265	0.9109	1457	17	270	false
GCA_903846065.1__GCA_903913255.1	GCA_903846065.1	GCA_903913255.1	ok	0	40	0.00000	0.47717	303	0	0.9271	547	0.9328	635	6	27	false
GCA_903846165.1__GCA_903875755.1	GCA_903846165.1	GCA_903875755.1	ok	3	43	0.00045	0.49932	3327	0	0.9973	6548	0.9935	6663	44	797	false
GCA_903846515.1__GCA_903857725.1	GCA_903846515.1	GCA_903857725.1	ok	7	183	0.00078	0.40801	3646	0	0.9871	8564	0.9791	8936	132	1582	false
GCA_903848135.1__GCA_903910075.1	GCA_903848135.1	GCA_903910075.1	ok	2	298	0.00043	0.47064	2188	0	0.9507	4281	0.9350	4649	40	790	false
GCA_903848195.1__GCA_903856835.1	GCA_903848195.1	GCA_903856835.1	ok	1	80	0.00036	0.40299	1107	0	0.9859	2525	0.9694	2747	27	180	false
GCA_903852115.1__GCA_903911315.1	GCA_903852115.1	GCA_903911315.1	ok	0	105	0.00000	0.47693	1230	0	0.9757	2454	0.9590	2579	13	265	false
GCA_903853235.1__GCA_903994335.1	GCA_903853235.1	GCA_903994335.1	ok	1	114	0.00046	0.34448	752	0	0.9946	2036	0.9470	2183	39	410	false
GCA_903855505.1__GCA_903866945.1	GCA_903855505.1	GCA_903866945.1	ok	0	91	0.00000	0.44094	280	0	0.9750	506	0.8486	635	2	56	false
GCA_903858065.1__GCA_903926905.1	GCA_903858065.1	GCA_903926905.1	ok	0	98	0.00000	0.41761	963	0	0.9648	2141	0.9563	2306	22	234	false
GCA_903858135.1__GCA_903927455.1	GCA_903858135.1	GCA_903927455.1	ok	2	471	0.00034	0.49682	2889	0	0.9567	5231	0.9175	5815	64	1563	false
GCA_903858535.1__GCA_903912005.1	GCA_903858535.1	GCA_903912005.1	ok	1	146	0.00027	0.46145	1682	0	0.9778	3393	0.9588	3645	32	417	false
GCA_903858805.1__GCA_903918775.1	GCA_903858805.1	GCA_903918775.1	ok	3	85	0.00026	0.33588	3915	0	0.9958	11434	0.9926	11656	91	1823	false
GCA_903860385.1__GCA_903884195.1	GCA_903860385.1	GCA_903884195.1	ok	2	97	0.00015	0.41862	5723	0	0.9954	13407	0.9928	13671	95	2577	false
GCA_903861095.1__GCA_903880705.1	GCA_903861095.1	GCA_903880705.1	ok	0	56	0.00000	0.44171	682	0	0.9797	1449	0.9628	1544	4	225	false
GCA_903861215.1__GCA_903867005.1	GCA_903861215.1	GCA_903867005.1	ok	0	51	0.00000	0.36334	226	0	0.8957	524	0.9133	622	2	41	false
GCA_903861635.1__GCA_903883725.1	GCA_903861635.1	GCA_903883725.1	ok	0	111	0.00000	0.47569	1233	0	0.9665	2453	0.9568	2592	25	260	false
GCA_903862675.1__GCA_903863635.1	GCA_903862675.1	GCA_903863635.1	ok	0	13	0.00000	0.18378	1031	0	0.9991	5556	0.9977	5610	16	943	false
GCA_903862685.1__GCA_903925335.1	GCA_903862685.1	GCA_903925335.1	ok	2	198	0.00091	0.43753	963	0	0.9301	1783	0.9021	2201	88	324	false
GCA_903863065.1__GCA_903909105.1	GCA_903863065.1	GCA_903909105.1	ok	0	390	0.00000	0.43698	2250	0	0.9437	4557	0.9216	5149	110	751	false
GCA_903863355.1__GCA_903872275.1	GCA_903863355.1	GCA_903872275.1	ok	7	880	0.00082	0.49247	4216	0	0.9688	7401	0.8940	8561	175	1267	false
GCA_903863915.1__GCA_903915755.1	GCA_903863915.1	GCA_903915755.1	ok	0	35	0.00000	0.34437	208	1	0.9630	520	0.9374	605	0	41	false
GCA_903866155.1__GCA_903874165.1	GCA_903866155.1	GCA_903874165.1	ok	1	62	0.00087	0.43657	499	0	0.9626	1055	0.9445	1143	4	118	false
GCA_903866795.1__GCA_903906845.1	GCA_903866795.1	GCA_903906845.1	ok	0	78	0.00000	0.49226	636	0	0.9768	1181	0.9382	1292	25	231	false
GCA_903867395.1__GCA_903907685.1	GCA_903867395.1	GCA_903907685.1	ok	5	531	0.00060	0.49779	4171	0	0.9822	7595	0.9347	8379	107	1737	false
GCA_903867425.1__GCA_903894415.1	GCA_903867425.1	GCA_903894415.1	ok	0	57	0.00000	0.15896	323	0	0.9711	1782	0.9694	2032	45	184	false
GCA_903867725.1__GCA_903927455.1	GCA_903867725.1	GCA_903927455.1	ok	0	401	0.00000	0.48263	2903	0	0.9488	5536	0.9326	6015	48	1586	false
GCA_903869215.1__GCA_903915505.1	GCA_903869215.1	GCA_903915505.1	ok	3	652	0.00055	0.49522	2692	0	0.9357	4427	0.8728	5436	53	1032	false
GCA_903869585.1__GCA_903877865.1	GCA_903869585.1	GCA_903877865.1	ok	2	162	0.00101	0.45694	902	0	0.9562	1770	0.9164	1974	42	239	false
GCA_903870845.1__GCA_903881525.1	GCA_903870845.1	GCA_903881525.1	ok	0	64	0.00000	0.49364	194	0	0.9213	281	0.8182	393	2	33	false
GCA_903871115.1__GCA_903880575.1	GCA_903871115.1	GCA_903880575.1	ok	0	105	0.00000	0.44898	264	0	0.9400	423	0.8037	588	2	29	false
GCA_903871835.1__GCA_903873465.1	GCA_903871835.1	GCA_903873465.1	ok	0	86	0.00000	0.31156	706	1	0.9439	1833	0.9564	2267	12	181	false
GCA_903872085.1__GCA_903885725.1	GCA_903872085.1	GCA_903885725.1	ok	0	134	0.00000	0.39722	286	0	0.8395	502	0.7960	720	11	97	false
GCA_903872635.1__GCA_903912815.1	GCA_903872635.1	GCA_903912815.1	ok	7	147	0.00126	0.47245	2632	0	0.9755	5378	0.9734	5571	29	707	false
GCA_903874835.1__GCA_903925215.1	GCA_903874835.1	GCA_903925215.1	ok	0	130	0.00000	0.45136	696	0	0.9388	1334	0.9120	1542	15	94	false
GCA_903877425.1__GCA_903939505.1	GCA_903877425.1	GCA_903939505.1	ok	4	252	0.00275	0.41942	609	0	0.8727	1056	0.8108	1452	42	255	false
GCA_903881285.1__GCA_903902575.1	GCA_903881285.1	GCA_903902575.1	ok	1	77	0.00067	0.38067	571	0	0.9641	1317	0.9451	1500	7	184	false
GCA_903881995.1__GCA_903918775.1	GCA_903881995.1	GCA_903918775.1	ok	3	110	0.00025	0.30293	3570	0	0.9944	11548	0.9906	11785	93	1832	false
GCA_903882135.1__GCA_903929605.1	GCA_903882135.1	GCA_903929605.1	ok	11	213	0.00139	0.46379	3663	0	0.9861	7466	0.9723	7898	177	1487	false
GCA_903883795.1__GCA_903893395.1	GCA_903883795.1	GCA_903893395.1	ok	2	153	0.00116	0.43511	751	0	0.9472	1526	0.9094	1726	25	277	false
GCA_903884405.1__GCA_903919345.1	GCA_903884405.1	GCA_903919345.1	ok	0	87	0.00000	0.48348	322	0	0.9783	495	0.8525	666	7	57	false
GCA_903884495.1__GCA_903909105.1	GCA_903884495.1	GCA_903909105.1	ok	0	363	0.00000	0.41386	2174	0	0.9485	4675	0.9284	5253	122	764	false
GCA_903885735.1__GCA_903948135.1	GCA_903885735.1	GCA_903948135.1	ok	3	166	0.00107	0.37620	1059	0	0.9838	2550	0.9389	2815	5	168	false
GCA_903886145.1__GCA_903904315.1	GCA_903886145.1	GCA_903904315.1	ok	1	273	0.00056	0.49528	892	0	0.8846	1372	0.8371	1801	48	265	false
GCA_903888535.1__GCA_903911155.1	GCA_903888535.1	GCA_903911155.1	ok	1	313	0.00017	0.46156	2732	0	0.9623	5458	0.9459	5919	121	667	false
GCA_903888535.1__GCA_903932365.1	GCA_903888535.1	GCA_903932365.1	ok	4	586	0.00071	0.49154	2761	0	0.9199	4870	0.8934	5617	103	650	false
GCA_903890015.1__GCA_903892685.1	GCA_903890015.1	GCA_903892685.1	ok	0	257	0.00000	0.42232	647	0	0.9247	1204	0.8246	1532	28	193	false
GCA_903891225.1__GCA_903925225.1	GCA_903891225.1	GCA_903925225.1	ok	0	124	0.00000	0.44592	639	0	0.9282	1228	0.9094	1433	10	80	false
GCA_903892685.1__GCA_903898705.1	GCA_903892685.1	GCA_903898705.1	ok	0	182	0.00000	0.37018	864	0	0.9459	1957	0.9159	2334	42	197	false
GCA_903893435.1__GCA_903901065.1	GCA_903893435.1	GCA_903901065.1	ok	0	135	0.00000	0.45760	259	0	0.9722	385	0.7429	566	4	35	false
GCA_903893645.1__GCA_903895425.1	GCA_903893645.1	GCA_903895425.1	ok	1	71	0.00007	0.28827	3913	0	0.9972	13380	0.9947	13574	49	2579	false
GCA_903894925.1__GCA_903915765.1	GCA_903894925.1	GCA_903915765.1	ok	0	361	0.00000	0.49767	854	0	0.8217	1129	0.7665	1716	23	233	false
GCA_903897175.1__GCA_903910525.1	GCA_903897175.1	GCA_903910525.1	ok	1	353	0.00046	0.49681	1091	0	0.8320	1689	0.8318	2196	11	180	false
GCA_903897835.1__GCA_903913455.1	GCA_903897835.1	GCA_903913455.1	ok	0	641	0.00000	0.48829	2690	0	0.9441	4657	0.8796	5509	8	919	false
GCA_903897845.1__GCA_903911875.1	GCA_903897845.1	GCA_903911875.1	ok	1	290	0.00031	0.48764	1559	0	0.9622	2778	0.9058	3197	29	566	false
GCA_903898885.1__GCA_903913235.1	GCA_903898885.1	GCA_903913235.1	ok	2	95	0.00243	0.49392	406	0	0.9018	652	0.8752	822	31	87	false
GCA_903900855.1__GCA_903924875.1	GCA_903900855.1	GCA_903924875.1	ok	0	103	0.00000	0.43976	719	0	0.9588	1489	0.9357	1635	21	263	false
GCA_903903105.1__GCA_903994335.1	GCA_903903105.1	GCA_903994335.1	ok	0	135	0.00000	0.34011	719	0	0.9260	1915	0.9349	2114	40	386	false
GCA_903903505.1__GCA_903905345.1	GCA_903903505.1	GCA_903905345.1	ok	0	221	0.00000	0.45432	1268	0	0.9362	2494	0.9191	2791	14	224	false
GCA_903904465.1__GCA_903930105.1	GCA_903904465.1	GCA_903930105.1	ok	2	406	0.00020	0.43520	4369	0	0.9894	9275	0.9581	10039	45	1555	false
GCA_903905175.1__GCA_903908075.1	GCA_903905175.1	GCA_903908075.1	ok	11	427	0.00206	0.47917	2553	2	0.9406	4416	0.9128	5330	130	991	false
GCA_903905525.1__GCA_903921315.1	GCA_903905525.1	GCA_903921315.1	ok	3	291	0.00185	0.49077	798	0	0.7973	1223	0.8141	1626	13	168	false
GCA_903907025.1__GCA_903950355.1	GCA_903907025.1	GCA_903950355.1	ok	8	251	0.00105	0.47066	3593	0	0.9794	7165	0.9662	7634	195	1130	false
GCA_903907545.1__GCA_903912215.1	GCA_903907545.1	GCA_903912215.1	ok	4	461	0.00110	0.48045	1745	0	0.8830	3027	0.8690	3632	42	559	false
GCA_903909205.1__GCA_903958055.1	GCA_903909205.1	GCA_903958055.1	ok	0	263	0.00000	0.49351	760	0	0.8254	1130	0.8175	1540	55	279	false
GCA_903910525.1__GCA_903921375.1	GCA_903910525.1	GCA_903921375.1	ok	1	227	0.00044	0.49556	1116	0	0.9374	1946	0.8960	2252	17	184	false
GCA_903911155.1__GCA_903932365.1	GCA_903911155.1	GCA_903932365.1	ok	7	601	0.00115	0.49099	2996	0	0.9171	5364	0.8999	6102	96	687	false
GCA_903911365.1__GCA_903921545.1	GCA_903911365.1	GCA_903921545.1	ok	4	377	0.00203	0.46224	912	0	0.8339	1285	0.7818	1973	34	129	false
GCA_903913395.1__GCA_903929275.1	GCA_903913395.1	GCA_903929275.1	ok	3	122	0.00061	0.49500	2427	1	0.9860	4724	0.9748	4904	30	439	false
GCA_903914725.1__GCA_903927785.1	GCA_903914725.1	GCA_903927785.1	ok	0	111	0.00000	0.47391	445	0	0.9842	810	0.8796	939	15	235	false
GCA_903915245.1__GCA_903925895.1	GCA_903915245.1	GCA_903925895.1	ok	8	752	0.00114	0.47073	3297	0	0.9098	5918	0.8882	7004	83	1252	false
GCA_903916585.1__GCA_903924425.1	GCA_903916585.1	GCA_903924425.1	ok	8	542	0.00088	0.48164	4395	0	0.9787	8495	0.9401	9125	116	2262	false
GCA_903922225.1__GCA_903926485.1	GCA_903922225.1	GCA_903926485.1	ok	2	691	0.00016	0.47797	5848	0	0.9466	11390	0.9429	12235	45	2547	false
GCA_903933355.1__GCA_903960955.1	GCA_903933355.1	GCA_903960955.1	ok	3	291	0.00171	0.49601	870	0	0.8529	1177	0.8088	1754	95	241	false
GCA_903933745.1__GCA_903960435.1	GCA_903933745.1	GCA_903960435.1	ok	18	520	0.00175	0.48937	5041	0	0.9898	9301	0.9471	10301	164	1446	false
GCA_903933835.1__GCA_903936745.1	GCA_903933835.1	GCA_903936745.1	ok	1	134	0.00018	0.45257	2514	0	0.9889	5363	0.9756	5555	24	703	false
GCA_903937105.1__GCA_903939605.1	GCA_903937105.1	GCA_903939605.1	ok	0	66	0.00000	0.36122	885	0	0.9855	2375	0.9730	2450	12	350	false
GCA_903937715.1__GCA_903945645.1	GCA_903937715.1	GCA_903945645.1	ok	0	456	0.00000	0.47635	1611	0	0.9649	2855	0.8625	3382	18	426	false
GCA_903938505.1__GCA_903944685.1	GCA_903938505.1	GCA_903944685.1	ok	5	265	0.00177	0.48722	1373	0	0.9520	2400	0.9014	2818	79	570	false
GCA_903938865.1__GCA_903953635.1	GCA_903938865.1	GCA_903953635.1	ok	18	578	0.00339	0.48306	2566	1	0.9327	4463	0.8857	5313	209	1348	false
GCA_903939585.1__GCA_903959885.1	GCA_903939585.1	GCA_903959885.1	ok	2	374	0.00070	0.47204	1342	0	0.9053	2284	0.8609	2843	19	511	false
GCA_903940335.1__GCA_903959055.1	GCA_903940335.1	GCA_903959055.1	ok	0	72	0.00000	0.46424	675	0	0.9458	1308	0.9482	1454	19	143	false
GCA_903943905.1__GCA_903960655.1	GCA_903943905.1	GCA_903960655.1	ok	1	275	0.00039	0.46745	1199	0	0.8876	2117	0.8872	2565	77	526	false
GCA_903944965.1__GCA_903958415.1	GCA_903944965.1	GCA_903958415.1	ok	2	591	0.00031	0.47566	3039	0	0.9565	5568	0.9045	6389	42	936	false
GCA_903945405.1__GCA_903951815.1	GCA_903945405.1	GCA_903951815.1	ok	1	28	0.00023	0.21580	934	0	0.9976	4236	0.9934	4328	41	577	false
GCA_903949315.1__GCA_903951805.1	GCA_903949315.1	GCA_903951805.1	ok	1	311	0.00019	0.48932	2566	0	0.9729	4840	0.9398	5244	15	580	false
GCA_903950175.1__GCA_903953075.1	GCA_903950175.1	GCA_903953075.1	ok	0	615	0.00000	0.49577	2050	0	0.9513	3265	0.8427	4135	5	523	false
GCA_903950265.1__GCA_903955405.1	GCA_903950265.1	GCA_903955405.1	ok	0	347	0.00000	0.48655	868	0	0.8965	1238	0.7846	1784	23	225	false
GCA_903951895.1__GCA_903954235.1	GCA_903951895.1	GCA_903954235.1	ok	0	289	0.00000	0.46135	764	0	0.8425	1129	0.8033	1656	50	116	false
GCA_903953795.1__GCA_903959245.1	GCA_903953795.1	GCA_903959245.1	ok	0	71	0.00000	0.47442	204	0	0.7910	265	0.8033	430	2	43	false
GCA_903955405.1__GCA_903960955.1	GCA_903955405.1	GCA_903960955.1	ok	3	334	0.00189	0.48395	769	0	0.8721	1071	0.7676	1589	59	236	false
GCA_903955645.1__GCA_903958725.1	GCA_903955645.1	GCA_903958725.1	ok	1	497	0.00022	0.48373	2215	0	0.9383	3890	0.8874	4579	10	1072	false
GCA_904373315.1__GCA_905214395.1	GCA_904373315.1	GCA_905214395.1	ok	0	50	0.00000	0.46187	212	0	0.9680	393	0.8871	459	7	68	false
GCA_904385455.1__GCA_905209125.1	GCA_904385455.1	GCA_905209125.1	ok	1	223	0.00060	0.48476	811	0	0.9922	1391	0.8619	1673	15	280	false
GCA_904390505.1__GCA_904394675.1	GCA_904390505.1	GCA_904394675.1	ok	0	68	0.00000	0.34933	313	0	0.9572	783	0.9204	896	8	81	false
GCA_904392065.1__GCA_904418945.1	GCA_904392065.1	GCA_904418945.1	ok	8	123	0.00431	0.37137	690	0	0.9925	1717	0.9329	1858	16	235	false
GCA_904394205.1__GCA_904419795.1	GCA_904394205.1	GCA_904419795.1	ok	2	192	0.00128	0.47668	746	0	0.9927	1367	0.8767	1565	2	226	false
GCA_904418855.1__GCA_904420475.1	GCA_904418855.1	GCA_904420475.1	ok	1	215	0.00052	0.40580	784	0	0.8983	1617	0.8841	1932	22	293	false
GCA_904418865.1__GCA_905214975.1	GCA_904418865.1	GCA_905214975.1	ok	0	40	0.00000	0.47335	524	0	0.9756	1038	0.9629	1107	3	176	false
GCA_904418895.1__GCA_904419325.1	GCA_904418895.1	GCA_904419325.1	ok	2	205	0.00067	0.43183	1289	0	0.9291	2737	0.9306	2985	11	531	false
GCA_904420165.1__GCA_905210585.1	GCA_904420165.1	GCA_905210585.1	ok	0	230	0.00000	0.44542	608	0	0.8049	1060	0.8271	1365	6	205	false
GCA_905182205.1__GCA_905478585.1	GCA_905182205.1	GCA_905478585.1	ok	0	16	0.00000	0.21329	183	0	0.9813	838	0.9813	858	6	85	false
GCA_905192665.1__GCF_000312405.1	GCA_905192665.1	GCF_000312405.1	ok	7	57	0.00403	0.41268	716	0	0.9734	1683	0.9671	1735	19	320	false
GCA_905192665.1__GCF_001437235.1	GCA_905192665.1	GCF_001437235.1	ok	9	81	0.00657	0.46496	637	0	0.9727	1284	0.9404	1370	20	315	false
GCA_905200605.1__GCF_007833235.1	GCA_905200605.1	GCF_007833235.1	ok	6	60	0.00194	0.35226	1092	0	0.9997	3052	0.9807	3100	33	492	false
GCA_905205595.1__GCF_014385405.1	GCA_905205595.1	GCF_014385405.1	ok	17	75	0.00826	0.48445	997	0	0.9970	2006	0.9637	2058	29	231	false
GCA_905208865.1__GCA_910573935.1	GCA_905208865.1	GCA_910573935.1	ok	2	223	0.00077	0.48009	1254	0	0.9962	2364	0.9137	2612	33	459	false
GCA_905209245.1__GCF_003471485.1	GCA_905209245.1	GCF_003471485.1	ok	8	96	0.00513	0.43710	681	0	0.9634	1448	0.9377	1558	16	160	false
GCA_905210685.1__GCF_003358645.1	GCA_905210685.1	GCF_003358645.1	ok	7	80	0.00136	0.44187	2269	0	0.9919	5033	0.9843	5135	67	579	false
GCA_905212895.1__GCF_003570845.1	GCA_905212895.1	GCF_003570845.1	ok	3	124	0.00354	0.45218	383	1	0.8430	714	0.8539	848	11	83	false
GCA_905214355.1__GCA_905373145.1	GCA_905214355.1	GCA_905373145.1	ok	1	284	0.00029	0.46110	1606	0	0.9698	3144	0.9172	3483	13	467	false
GCA_905373635.1__GCF_900610365.1	GCA_905373635.1	GCF_900610365.1	ok	1	93	0.00040	0.34840	871	0	0.9620	2404	0.9628	2500	3	324	false
GCA_905373865.1__GCF_000293155.1	GCA_905373865.1	GCF_000293155.1	ok	0	23	0.00000	0.49758	823	0	0.9920	1620	0.9860	1654	24	243	false
GCA_905373865.1__GCF_013394805.1	GCA_905373865.1	GCF_013394805.1	ok	5	27	0.00308	0.32759	532	0	0.9883	1603	0.9834	1624	37	237	false
GCA_905618875.1__GCA_905620435.1	GCA_905618875.1	GCA_905620435.1	ok	1	18	0.00606	0.32121	53	0	0.8993	125	0.8784	165	0	25	false
GCA_910575785.1__GCA_910585185.1	GCA_910575785.1	GCA_910585185.1	ok	5	63	0.00181	0.46643	1292	0	0.9864	2681	0.9770	2770	62	333	false
GCA_910575905.1__GCA_910584755.1	GCA_910575905.1	GCA_910584755.1	ok	7	101	0.00232	0.36171	1092	0	0.9921	2899	0.9663	3019	112	478	false
GCA_910575925.1__GCA_910576265.1	GCA_910575925.1	GCA_910576265.1	ok	3	69	0.00076	0.41859	1653	0	0.9890	3788	0.9821	3949	70	376	false
GCA_910584015.1__GCF_902386305.1	GCA_910584015.1	GCF_902386305.1	ok	0	67	0.00000	0.41196	627	0	0.9665	1444	0.9557	1522	2	171	false
GCF_000008225.1__GCF_000008405.1	GCF_000008225.1	GCF_000008405.1	ok	2	4	0.00446	0.31696	142	0	1.0000	448	0.9911	448	20	31	true
GCF_000010605.1__GCF_009862415.1	GCF_000010605.1	GCF_009862415.1	ok	15	66	0.00152	0.45728	4523	0	1.0000	9854	0.9933	9891	299	1549	false
GCF_000012185.1__GCF_900408185.1	GCF_000012185.1	GCF_900408185.1	ok	6	46	0.00688	0.44495	388	0	0.9587	835	0.9475	872	30	108	false
GCF_000012525.1__GCF_000817325.1	GCF_000012525.1	GCF_000817325.1	ok	2	8	0.00043	0.06675	308	0	0.9996	4610	0.9983	4614	20	648	false
GCF_000018245.1__GCF_002078315.1	GCF_000018245.1	GCF_002078315.1	ok	19	38	0.02059	0.42795	395	0	1.0000	923	0.9597	923	18	53	true
GCF_000022785.1__GCF_000277205.1	GCF_000022785.1	GCF_000277205.1	ok	0	0	0.00000	0.00000	0	0	1.0000	633	1.0000	633	0	40	true
GCF_000023685.1__GCF_900489655.1	GCF_000023685.1	GCF_900489655.1	ok	0	0	0.00000	0.00000	0	0	1.0000	405	1.0000	405	16	23	true
GCF_000025645.1__GCF_000518565.1	GCF_000025645.1	GCF_000518565.1	ok	26	81	0.02093	0.28986	360	0	0.9694	1203	0.9357	1242	29	114	false
GCF_000046685.1__GCF_000708945.1	GCF_000046685.1	GCF_000708945.1	ok	2	7	0.00123	0.49200	799	0	0.9988	1621	0.9957	1624	37	172	false
GCF_000093065.1__GCF_014879315.1	GCF_000093065.1	GCF_014879315.1	ok	0	0	0.00000	0.00261	1	0	1.0000	383	1.0000	383	36	18	true
GCF_000146525.1__GCF_900109835.1	GCF_000146525.1	GCF_900109835.1	ok	6	25	0.00458	0.43086	564	0	0.9893	1293	0.9809	1309	14	203	false
GCF_000154925.1__GCF_015767815.1	GCF_000154925.1	GCF_015767815.1	ok	6	129	0.00087	0.46210	3176	0	0.9827	6752	0.9812	6873	396	1116	false
GCF_000158435.2__GCF_900198355.1	GCF_000158435.2	GCF_900198355.1	ok	48	152	0.03756	0.41706	533	0	1.0000	1214	0.8847	1278	42	238	false
GCF_000160735.1__GCF_003664375.1	GCF_000160735.1	GCF_003664375.1	ok	36	80	0.14118	0.36078	92	0	0.9644	244	0.7222	255	86	64	false
GCF_000163595.1__GCF_016404565.1	GCF_000163595.1	GCF_016404565.1	ok	9	45	0.00132	0.36051	2454	0	0.9962	6773	0.9934	6807	11	1049	false
GCF_000163875.1__GCF_015767855.1	GCF_000163875.1	GCF_015767855.1	ok	1	2	0.00011	0.04905	467	0	1.0000	9519	0.9998	9521	130	1201	false
GCF_000168015.1__GCF_902170545.1	GCF_000168015.1	GCF_902170545.1	ok	1	291	0.00025	0.48019	1915	0	0.9873	3666	0.9265	3988	51	451	false
GCF_000170375.1__GCF_902829515.1	GCF_000170375.1	GCF_902829515.1	ok	3	578	0.00017	0.43319	7482	0	0.9998	16655	0.9665	17272	65	3820	false
GCF_000175995.1__GCF_001471395.2	GCF_000175995.1	GCF_001471395.2	ok	15	97	0.00284	0.36364	1920	0	0.9996	5213	0.9817	5280	42	628	false
GCF_000179515.1__GCF_000567925.1	GCF_000179515.1	GCF_000567925.1	ok	18	515	0.00153	0.44071	5199	0	0.9571	11289	0.9564	11797	161	3371	false
GCF_000180015.1__GCF_901873565.1	GCF_000180015.1	GCF_901873565.1	ok	2	76	0.00116	0.41435	716	0	0.9746	1613	0.9551	1728	8	227	false
GCF_000185825.1__GCF_014131675.1	GCF_000185825.1	GCF_014131675.1	ok	10	33	0.00422	0.22068	523	0	0.9996	2357	0.9861	2370	23	266	false
GCF_000186145.1__GCF_019037115.1	GCF_000186145.1	GCF_019037115.1	ok	13	42	0.00309	0.26300	1108	0	0.9967	4177	0.9900	4213	69	694	false
GCF_000195555.1__GCF_001608445.1	GCF_000195555.1	GCF_001608445.1	ok	2	58	0.00223	0.42094	378	0	0.9320	836	0.9354	898	13	80	false
GCF_000195735.1__GCF_000277165.1	GCF_000195735.1	GCF_000277165.1	ok	0	0	0.00000	0.00000	0	0	1.0000	632	1.0000	632	0	40	true
GCF_000204215.1__GCF_001428965.1	GCF_000204215.1	GCF_001428965.1	ok	24	64	0.00347	0.30107	2084	0	1.0000	6897	0.9908	6922	35	1821	false
GCF_000210615.1__GCF_015547135.1	GCF_000210615.1	GCF_015547135.1	ok	41	132	0.04525	0.47020	426	0	1.0000	855	0.8605	906	3	126	false
GCF_000216455.1__GCF_004770455.1	GCF_000216455.1	GCF_004770455.1	ok	3	23	0.00115	0.40493	1052	0	0.9973	2576	0.9911	2598	13	396	false
GCF_000226455.1__GCF_009862985.1	GCF_000226455.1	GCF_009862985.1	ok	0	0	0.00000	0.00000	0	0	0.9999	14581	1.0000	14658	10	1920	false
GCF_000226455.1__GCF_900236505.1	GCF_000226455.1	GCF_900236505.1	ok	23	101	0.00159	0.46839	6795	0	0.9955	14440	0.9930	14507	160	1947	false
GCF_000227355.1__GCF_009883755.1	GCF_000227355.1	GCF_009883755.1	ok	0	55	0.00000	0.45811	257	0	0.8929	500	0.9018	561	15	16	false
GCF_000236065.1__GCF_000828875.1	GCF_000236065.1	GCF_000828875.1	ok	61	130	0.00484	0.17406	2194	0	0.9998	12596	0.9897	12605	324	4711	false
GCF_000236065.1__GCF_001988975.1	GCF_000236065.1	GCF_001988975.1	ok	42	91	0.00376	0.18062	2015	0	0.9997	11148	0.9919	11156	419	4865	false
GCF_000237145.1__GCF_002717025.1	GCF_000237145.1	GCF_002717025.1	ok	2	4	0.00014	0.05776	841	0	1.0000	14559	0.9997	14559	161	1907	true
GCF_000238895.1__GCF_002836155.1	GCF_000238895.1	GCF_002836155.1	ok	1	123	0.00035	0.42263	1210	0	0.9784	2716	0.9567	2863	67	505	false
GCF_000239355.1__GCF_902388165.1	GCF_000239355.1	GCF_902388165.1	ok	0	79	0.00000	0.00000	0	0	0.9814	4540	0.9829	4719	10	738	false
GCF_000245715.1__GCF_013394225.1	GCF_000245715.1	GCF_013394225.1	ok	12	67	0.00288	0.00144	6	0	0.9897	4128	0.9840	4172	49	828	false
GCF_000259345.1__GCF_000825665.2	GCF_000259345.1	GCF_000825665.2	ok	0	0	0.00000	0.00000	0	0	1.0000	657	1.0000	657	21	53	true
GCF_000261545.1__GCF_018129855.1	GCF_000261545.1	GCF_018129855.1	ok	28	922	0.00141	0.34792	6915	0	0.9644	18783	0.9533	19875	240	4102	false
GCF_000271825.1__GCF_005862185.2	GCF_000271825.1	GCF_005862185.2	ok	11	30	0.00104	0.47085	4975	0	0.9997	10557	0.9972	10566	1208	3086	false
GCF_000275605.1__GCF_008245085.1	GCF_000275605.1	GCF_008245085.1	ok	2	4	0.00111	0.31410	566	0	1.0000	1802	0.9978	1802	14	142	true
GCF_000278175.1__GCF_002022705.1	GCF_000278175.1	GCF_002022705.1	ok	4	53	0.00203	0.49237	968	0	1.0000	1915	0.9730	1966	25	168	false
GCF_000278445.1__GCF_004153645.1	GCF_000278445.1	GCF_004153645.1	ok	1	824	0.00015	0.47137	3153	0	0.8622	5751	0.8766	6689	30	1951	false
GCF_000278445.1__GCF_900455725.1	GCF_000278445.1	GCF_900455725.1	ok	7	857	0.00102	0.49710	3425	0	0.8627	5942	0.8757	6890	66	1960	false
GCF_000293015.1__GCF_900450505.1	GCF_000293015.1	GCF_900450505.1	ok	4	30	0.00119	0.30602	1027	0	0.9997	3334	0.9911	3356	27	1254	false
GCF_000293155.1__GCF_013394805.1	GCF_000293155.1	GCF_013394805.1	ok	4	33	0.00219	0.36000	657	0	0.9835	1793	0.9819	1825	55	246	false
GCF_000294695.2__GCF_017876035.1	GCF_000294695.2	GCF_017876035.1	ok	10	23	0.00163	0.00049	3	0	0.9998	6114	0.9962	6118	82	1036	false
GCF_000294715.1__GCF_900475345.1	GCF_000294715.1	GCF_900475345.1	ok	2	4	0.00171	0.46114	540	0	1.0000	1171	0.9966	1171	43	181	true
GCF_000312405.1__GCF_001437235.1	GCF_000312405.1	GCF_001437235.1	ok	14	65	0.01018	0.40073	551	0	0.9685	1324	0.9528	1375	15	321	false
GCF_000317265.1__GCF_003990575.1	GCF_000317265.1	GCF_003990575.1	ok	16	135	0.00231	0.47889	3312	0	0.9857	6745	0.9804	6916	66	664	false
GCF_000317975.2__GCF_900005785.1	GCF_000317975.2	GCF_900005785.1	ok	7	89	0.00381	0.44589	820	0	0.9994	1764	0.9518	1839	41	149	false
GCF_000328345.1__GCF_003710885.1	GCF_000328345.1	GCF_003710885.1	ok	8	179	0.00105	0.44158	3375	0	0.9926	7396	0.9764	7643	59	1318	false
GCF_000336235.1__GCF_018127865.1	GCF_000336235.1	GCF_018127865.1	ok	0	106	0.00000	0.48913	2114	0	0.9995	4215	0.9755	4322	200	722	false
GCF_000337255.1__GCF_000485535.1	GCF_000337255.1	GCF_000485535.1	ok	0	56	0.00000	0.44846	2123	0	0.9959	4668	0.9881	4734	52	493	false
GCF_000337295.1__GCF_000685635.1	GCF_000337295.1	GCF_000685635.1	ok	4	19	0.00071	0.00124	7	0	0.9981	5637	0.9966	5652	43	701	false
GCF_000337295.1__GCF_005406325.1	GCF_000337295.1	GCF_005406325.1	ok	0	18	0.00000	0.11974	680	0	0.9975	5661	0.9968	5679	45	703	false
GCF_000337435.1__GCF_009856455.1	GCF_000337435.1	GCF_009856455.1	ok	12	103	0.00491	0.48301	1180	0	0.9862	2354	0.9579	2443	24	330	false
GCF_000341855.1__GCF_000348765.2	GCF_000341855.1	GCF_000348765.2	ok	0	0	0.00000	0.00000	0	0	1.0000	1500	1.0000	1500	46	124	true
GCF_000346445.1__GCF_014581725.1	GCF_000346445.1	GCF_014581725.1	ok	13	142	0.00168	0.45463	3512	0	0.9860	7599	0.9816	7725	20	2107	false
GCF_000347675.2__GCF_001853345.1	GCF_000347675.2	GCF_001853345.1	ok	17	37	0.00317	0.01904	102	0	0.9998	5353	0.9931	5357	221	1517	false
GCF_000364325.1__GCF_000468815.1	GCF_000364325.1	GCF_000468815.1	ok	0	3	0.00000	0.25598	642	0	0.9988	2503	0.9988	2508	7	369	false
GCF_000364325.1__GCF_900105895.1	GCF_000364325.1	GCF_900105895.1	ok	2	9	0.00088	0.06842	156	0	0.9991	2275	0.9961	2280	86	372	false
GCF_000367445.1__GCF_003208575.1	GCF_000367445.1	GCF_003208575.1	ok	4	23	0.01439	0.34173	95	0	0.9509	252	0.9154	278	4	21	false
GCF_000371465.1__GCF_015670125.1	GCF_000371465.1	GCF_015670125.1	ok	13	52	0.00837	0.15701	244	0	0.9813	1519	0.9667	1554	18	174	false
GCF_000372105.1__GCF_004028055.1	GCF_000372105.1	GCF_004028055.1	ok	15	172	0.00129	0.49047	5712	0	0.9998	11501	0.9852	11646	349	3366	false
GCF_000377125.1__GCF_000701285.1	GCF_000377125.1	GCF_000701285.1	ok	33	123	0.00387	0.41943	3574	0	0.9959	8430	0.9856	8521	114	1715	false
GCF_000381685.1__GCF_012396345.1	GCF_000381685.1	GCF_012396345.1	ok	18	237	0.00352	0.49746	2546	0	0.9943	4894	0.9537	5118	71	896	false
GCF_000394055.1__GCF_902387535.1	GCF_000394055.1	GCF_902387535.1	ok	2	39	0.00072	0.47727	1323	0	0.9996	2734	0.9859	2772	19	227	false
GCF_000404105.1__GCF_017897245.1	GCF_000404105.1	GCF_017897245.1	ok	19	88	0.00695	0.47896	1309	0	0.9841	2668	0.9679	2733	62	620	false
GCF_000413455.1__GCF_001810675.1	GCF_000413455.1	GCF_001810675.1	ok	6	36	0.00651	0.36876	340	0	1.0000	896	0.9611	922	18	139	false
GCF_000421805.1__GCF_005435095.1	GCF_000421805.1	GCF_005435095.1	ok	2	60	0.00079	0.25491	649	0	0.9904	2481	0.9764	2546	30	370	false
GCF_000424485.1__GCF_900109475.1	GCF_000424485.1	GCF_900109475.1	ok	14	86	0.00425	0.44691	1473	0	0.9868	3218	0.9739	3296	34	479	false
GCF_000424565.1__GCF_900111185.1	GCF_000424565.1	GCF_900111185.1	ok	20	101	0.00627	0.44312	1414	0	0.9892	3105	0.9683	3191	18	601	false
GCF_000428085.1__GCF_001752545.1	GCF_000428085.1	GCF_001752545.1	ok	0	12	0.00000	0.19854	407	0	0.9946	2035	0.9941	2050	7	203	false
GCF_000468635.1__GCF_000613565.1	GCF_000468635.1	GCF_000613565.1	ok	19	112	0.00527	0.45593	1645	0	0.9949	3515	0.9690	3608	28	1261	false
GCF_000470275.1__GCF_000470455.1	GCF_000470275.1	GCF_000470455.1	ok	0	0	0.00000	0.00000	0	0	1.0000	2429	1.0000	2429	1	279	true
GCF_000472845.1__GCF_902833725.1	GCF_000472845.1	GCF_902833725.1	ok	40	249	0.00265	0.34582	5226	0	0.9955	14860	0.9835	15112	324	4144	false
GCF_000475275.1__GCF_012273635.1	GCF_000475275.1	GCF_012273635.1	ok	4	28	0.00051	0.33145	2582	0	0.9997	7760	0.9964	7790	15	2254	false
GCF_000477935.1__GCF_000477955.1	GCF_000477935.1	GCF_000477955.1	ok	0	2	0.00000	0.17626	686	0	1.0000	3889	0.9995	3892	32	590	false
GCF_000478015.1__GCF_000478075.1	GCF_000478015.1	GCF_000478075.1	ok	7	21	0.00181	0.16667	644	0	0.9997	3855	0.9946	3864	91	577	false
GCF_000503935.1__GCF_009720185.1	GCF_000503935.1	GCF_009720185.1	ok	4	42	0.00049	0.39580	3204	0	0.9999	8060	0.9948	8095	107	1527	false
GCF_000509385.1__GCF_002204305.1	GCF_000509385.1	GCF_002204305.1	ok	3	23	0.00053	0.42551	2399	0	1.0000	5618	0.9959	5638	448	1159	false
GCF_000510915.2__GCF_900004755.1	GCF_000510915.2	GCF_900004755.1	ok	6	69	0.00069	0.33725	2930	0	0.9956	8614	0.9920	8688	470	1671	false
GCF_000510915.2__GCF_900105815.1	GCF_000510915.2	GCF_900105815.1	ok	6	48	0.00066	0.47574	4343	0	0.9961	9092	0.9947	9129	45	1631	false
GCF_000512145.1__GCF_000568735.2	GCF_000512145.1	GCF_000568735.2	ok	0	0	0.00000	0.00000	0	0	1.0000	727	1.0000	727	29	54	true
GCF_000513535.1__GCF_001270075.1	GCF_000513535.1	GCF_001270075.1	ok	3	110	0.00076	0.45881	1821	0	0.9809	3849	0.9722	3969	36	718	false
GCF_000517765.1__GCF_015553015.1	GCF_000517765.1	GCF_015553015.1	ok	3	16	0.00139	0.27957	605	0	0.9954	2143	0.9926	2164	8	210	false
GCF_000518465.1__GCF_900177285.1	GCF_000518465.1	GCF_900177285.1	ok	3	102	0.00052	0.43161	2493	0	0.9912	5619	0.9822	5776	48	979	false
GCF_000519065.1__GCF_003315425.1	GCF_000519065.1	GCF_003315425.1	ok	25	190	0.01109	0.47095	1062	0	0.9237	2057	0.9160	2255	80	564	false
GCF_000526615.1__GCF_003722135.1	GCF_000526615.1	GCF_003722135.1	ok	11	85	0.00163	0.33873	2279	0	0.9909	6630	0.9873	6728	196	1262	false
GCF_000526895.1__GCF_900445535.1	GCF_000526895.1	GCF_900445535.1	ok	0	35	0.00000	0.32536	558	0	0.9778	1676	0.9796	1715	78	168	false
GCF_000526895.1__GCF_902728075.1	GCF_000526895.1	GCF_902728075.1	ok	4	29	0.00376	0.31925	340	0	0.9838	1031	0.9726	1065	41	167	false
GCF_000568425.1__GCF_001941605.1	GCF_000568425.1	GCF_001941605.1	ok	5	51	0.00288	0.35250	613	0	0.9735	1692	0.9707	1739	18	139	false
GCF_000576145.2__GCF_001889445.1	GCF_000576145.2	GCF_001889445.1	ok	3	6	0.00093	0.00000	0	0	1.0000	3210	0.9981	3210	39	648	true
GCF_000585195.1__GCF_000648635.1	GCF_000585195.1	GCF_000648635.1	ok	5	18	0.00415	0.13765	166	0	0.9966	1184	0.9850	1206	15	108	false
GCF_000597945.1__GCF_002188895.1	GCF_000597945.1	GCF_002188895.1	ok	17	114	0.00393	0.46172	1996	0	0.9806	4236	0.9737	4323	58	428	false
GCF_000614865.1__GCF_009617915.1	GCF_000614865.1	GCF_009617915.1	ok	0	80	0.00000	0.40808	2173	0	0.9842	5240	0.9850	5325	41	539	false
GCF_000621365.1__GCF_004766445.2	GCF_000621365.1	GCF_004766445.2	ok	4	51	0.00117	0.46626	1589	0	0.9865	3360	0.9850	3408	45	535	false
GCF_000632125.1__GCF_001598535.1	GCF_000632125.1	GCF_001598535.1	ok	1	34	0.00013	0.43014	3439	0	0.9961	7906	0.9957	7995	40	1355	false
GCF_000685635.1__GCF_005406325.1	GCF_000685635.1	GCF_005406325.1	ok	4	16	0.00071	0.11708	660	0	0.9993	5629	0.9972	5637	58	704	false
GCF_000706685.1__GCF_002836825.1	GCF_000706685.1	GCF_002836825.1	ok	0	10	0.00000	0.33580	272	0	0.9864	798	0.9876	810	25	103	false
GCF_000719785.1__GCF_016834575.1	GCF_000719785.1	GCF_016834575.1	ok	65	345	0.00677	0.46892	4503	0	0.9928	9339	0.9642	9603	83	1426	false
GCF_000723565.1__GCF_002079945.1	GCF_000723565.1	GCF_002079945.1	ok	6	16	0.00270	0.43834	974	0	0.9977	2216	0.9928	2222	16	269	false
GCF_000735205.1__GCF_014219705.1	GCF_000735205.1	GCF_014219705.1	ok	4	58	0.00195	0.47105	968	0	0.9813	1996	0.9717	2055	11	263	false
GCF_000735425.1__GCF_900706845.1	GCF_000735425.1	GCF_900706845.1	ok	3	42	0.00054	0.00145	8	0	0.9937	5490	0.9924	5527	82	688	false
GCF_000735425.1__GCF_902385615.1	GCF_000735425.1	GCF_902385615.1	ok	1	26	0.00018	0.30950	1723	0	0.9978	5516	0.9953	5567	26	683	false
GCF_000741405.1__GCF_001005065.1	GCF_000741405.1	GCF_001005065.1	ok	2	45	0.00030	0.48581	3201	0	0.9968	6535	0.9932	6589	37	1173	false
GCF_000741885.1__GCF_002759215.2	GCF_000741885.1	GCF_002759215.2	ok	6	129	0.00049	0.49353	6024	0	0.9898	12079	0.9894	12206	96	2856	false
GCF_000742335.1__GCF_003795605.1	GCF_000742335.1	GCF_003795605.1	ok	3	290	0.00071	0.47421	1995	0	0.9962	3899	0.9308	4207	75	708	false
GCF_000744755.1__GCF_001587475.1	GCF_000744755.1	GCF_001587475.1	ok	4	87	0.00092	0.45234	1974	0	0.9998	4284	0.9801	4364	158	730	false
GCF_000746985.1__GCF_002587065.1	GCF_000746985.1	GCF_002587065.1	ok	23	108	0.00523	0.48068	2115	0	0.9850	4333	0.9756	4400	54	1238	false
GCF_000746985.1__GCF_002906925.1	GCF_000746985.1	GCF_002906925.1	ok	9	94	0.00208	0.44282	1913	0	0.9860	4237	0.9783	4320	22	1196	false
GCF_000747685.1__GCF_000755325.1	GCF_000747685.1	GCF_000755325.1	ok	3	29	0.00179	0.19714	331	0	0.9897	1635	0.9826	1679	2	171	false
GCF_000750195.1__GCF_001941605.1	GCF_000750195.1	GCF_001941605.1	ok	3	6	0.00180	0.00000	0	0	1.0000	1666	0.9964	1666	34	137	true
GCF_000750195.1__GCF_007827205.1	GCF_000750195.1	GCF_007827205.1	ok	2	4	0.00117	0.00000	0	0	1.0000	1715	0.9977	1715	38	140	true
GCF_000754115.1__GCF_003947475.1	GCF_000754115.1	GCF_003947475.1	ok	26	73	0.00271	0.31988	3067	0	0.9993	9561	0.9924	9588	114	2948	false
GCF_000755325.1__GCF_000764815.1	GCF_000755325.1	GCF_000764815.1	ok	0	27	0.00000	0.46930	772	0	0.9876	1597	0.9834	1645	4	173	false
GCF_000757905.1__GCF_004118055.1	GCF_000757905.1	GCF_004118055.1	ok	9	136	0.01164	0.43467	336	0	0.9969	639	0.8225	773	31	129	false
GCF_000758175.1__GCF_000968715.2	GCF_000758175.1	GCF_000968715.2	ok	13	97	0.00382	0.46602	1584	0	0.9768	3319	0.9715	3399	30	878	false
GCF_000758345.1__GCF_014854775.1	GCF_000758345.1	GCF_014854775.1	ok	6	12	0.00183	0.00000	0	0	1.0000	3284	0.9964	3284	81	749	true
GCF_000764815.1__GCF_003001855.1	GCF_000764815.1	GCF_003001855.1	ok	5	31	0.00327	0.35252	539	0	0.9848	1494	0.9797	1529	10	170	false
GCF_000771065.1__GCF_009696505.1	GCF_000771065.1	GCF_009696505.1	ok	0	24	0.00000	0.32997	1046	0	1.0000	3140	0.9924	3170	4	688	false
GCF_000771605.1__GCF_900094965.1	GCF_000771605.1	GCF_900094965.1	ok	0	16	0.00000	0.36992	1311	0	0.9949	3509	0.9955	3544	16	528	false
GCF_000773675.1__GCF_900445945.1	GCF_000773675.1	GCF_900445945.1	ok	4	27	0.00054	0.42018	3140	0	0.9999	7454	0.9964	7473	75	1320	false
GCF_000783055.1__GCF_002007035.1	GCF_000783055.1	GCF_002007035.1	ok	2	211	0.00045	0.31051	1388	1	0.9574	4249	0.9528	4471	24	368	false
GCF_000785495.1__GCF_006538965.1	GCF_000785495.1	GCF_006538965.1	ok	0	33	0.00000	0.48850	4842	0	0.9999	9879	0.9967	9912	36	1501	false
GCF_000786255.1__GCF_003201175.1	GCF_000786255.1	GCF_003201175.1	ok	2	31	0.00038	0.33201	1761	0	0.9955	5261	0.9941	5304	12	719	false
GCF_000798615.1__GCF_014534735.1	GCF_000798615.1	GCF_014534735.1	ok	5	32	0.00156	0.27971	899	0	0.9938	3182	0.9900	3214	19	524	false
GCF_000798615.1__GCF_016313165.1	GCF_000798615.1	GCF_016313165.1	ok	2	31	0.00057	0.39603	1398	0	0.9923	3502	0.9912	3530	22	531	false
GCF_000800185.1__GCF_014651795.1	GCF_000800185.1	GCF_014651795.1	ok	0	40	0.00000	0.48237	1806	0	0.9946	3693	0.9893	3744	35	932	false
GCF_000800955.1__GCF_003598585.1	GCF_000800955.1	GCF_003598585.1	ok	3	240	0.00102	0.46396	1358	0	0.9870	2663	0.9173	2927	15	516	false
GCF_000803285.1__GCF_001510805.1	GCF_000803285.1	GCF_001510805.1	ok	0	20	0.00000	0.28863	1102	0	0.9971	3786	0.9947	3818	22	390	false
GCF_000804525.1__GCF_000964665.1	GCF_000804525.1	GCF_000964665.1	ok	60	137	0.06085	0.47769	471	0	0.9990	969	0.8690	986	36	87	false
GCF_000805375.1__GCF_001665445.1	GCF_000805375.1	GCF_001665445.1	ok	6	81	0.00075	0.41431	3295	0	0.9918	7875	0.9898	7953	45	1652	false
GCF_000805375.1__GCF_900236745.1	GCF_000805375.1	GCF_900236745.1	ok	38	80	0.00433	0.15805	1388	0	0.9995	8764	0.9909	8782	80	1651	false
GCF_000807975.1__GCF_001010995.1	GCF_000807975.1	GCF_001010995.1	ok	4	66	0.00276	0.41586	603	0	0.9986	1387	0.9545	1450	53	236	false
GCF_000812585.1__GCF_002994485.1	GCF_000812585.1	GCF_002994485.1	ok	7	142	0.00160	0.47010	2052	0	0.9723	4206	0.9673	4365	64	881	false
GCF_000813785.1__GCF_000813925.1	GCF_000813785.1	GCF_000813925.1	ok	8	70	0.00149	0.38576	2070	0	0.9904	5279	0.9869	5366	20	1153	false
GCF_000816225.1__GCF_018500385.1	GCF_000816225.1	GCF_018500385.1	ok	2	23	0.00168	0.30420	362	0	0.9840	1170	0.9807	1190	13	107	false
GCF_000820525.2__GCF_016082235.1	GCF_000820525.2	GCF_016082235.1	ok	11	88	0.02540	0.48961	212	0	0.8194	354	0.8000	433	38	31	false
GCF_000825065.1__GCF_000825085.1	GCF_000825065.1	GCF_000825085.1	ok	0	5	0.00000	0.00114	6	0	0.9992	5201	0.9990	5257	92	852	false
GCF_000830905.1__GCF_002007905.1	GCF_000830905.1	GCF_002007905.1	ok	0	0	0.00000	0.00000	0	0	1.0000	639	1.0000	639	1	93	true
GCF_000833915.1__GCF_002989205.1	GCF_000833915.1	GCF_002989205.1	ok	9	42	0.01040	0.37225	322	0	0.9750	819	0.9509	865	33	109	false
GCF_000835205.1__GCF_001755835.1	GCF_000835205.1	GCF_001755835.1	ok	26	75	0.00186	0.21410	3000	0	0.9999	13989	0.9947	14012	197	3143	false
GCF_000835205.1__GCF_902832905.1	GCF_000835205.1	GCF_902832905.1	ok	52	154	0.00374	0.47881	6666	0	0.9999	13872	0.9890	13922	232	3126	false
GCF_000877015.1__GCF_003933955.1	GCF_000877015.1	GCF_003933955.1	ok	6	108	0.00401	0.48663	728	0	0.9781	1339	0.9252	1496	26	212	false
GCF_000940515.1__GCF_900454515.1	GCF_000940515.1	GCF_900454515.1	ok	6	20	0.00814	0.38670	285	0	0.9905	729	0.9731	737	66	123	false
GCF_000953895.1__GCF_902387735.1	GCF_000953895.1	GCF_902387735.1	ok	7	89	0.00155	0.27409	1240	0	0.9869	4432	0.9803	4524	15	812	false
GCF_000958465.1__GCF_003076355.1	GCF_000958465.1	GCF_003076355.1	ok	11	22	0.00196	0.04013	225	0	1.0000	5605	0.9961	5607	43	883	false
GCF_000958465.1__GCF_003693415.1	GCF_000958465.1	GCF_003693415.1	ok	1	57	0.00018	0.38898	2216	0	0.9903	5638	0.9900	5697	33	890	false
GCF_000963495.1__GCF_016134935.2	GCF_000963495.1	GCF_016134935.2	ok	6	12	0.00063	0.00031	3	0	1.0000	9547	0.9987	9547	47	1727	true
GCF_000965005.1__GCF_000965045.1	GCF_000965005.1	GCF_000965045.1	ok	31	62	0.03452	0.41425	372	0	1.0000	898	0.9333	898	19	54	true
GCF_000965255.1__GCF_007991955.1	GCF_000965255.1	GCF_007991955.1	ok	2	100	0.00100	0.42310	850	0	0.9943	1904	0.9500	2009	83	338	false
GCF_000967575.1__GCF_014596995.1	GCF_000967575.1	GCF_014596995.1	ok	6	168	0.00175	0.44519	1523	0	0.9558	3242	0.9507	3421	51	673	false
GCF_000967825.1__GCF_015390265.1	GCF_000967825.1	GCF_015390265.1	ok	14	45	0.00420	0.47073	1568	0	0.9970	3312	0.9865	3331	100	1054	false
GCF_000971865.1__GCF_000971875.1	GCF_000971865.1	GCF_000971875.1	ok	3	88	0.00090	0.43866	1466	0	0.9844	3219	0.9734	3342	111	465	false
GCF_000972245.3__GCF_002237735.1	GCF_000972245.3	GCF_002237735.1	ok	3	27	0.00059	0.49408	2502	1	0.9962	5041	0.9947	5065	35	582	false
GCF_001010305.1__GCF_014931035.1	GCF_001010305.1	GCF_014931035.1	ok	15	75	0.00277	0.20590	1116	0	0.9998	5375	0.9862	5420	66	2244	false
GCF_001014685.1__GCF_001922405.1	GCF_001014685.1	GCF_001922405.1	ok	0	32	0.00000	0.47809	862	0	0.9994	1771	0.9823	1803	23	166	false
GCF_001014685.1__GCF_004209905.1	GCF_001014685.1	GCF_004209905.1	ok	4	286	0.00255	0.49458	776	0	0.9968	1263	0.8149	1569	36	176	false
GCF_001030225.1__GCF_002197345.1	GCF_001030225.1	GCF_002197345.1	ok	3	6	0.00072	0.00000	0	0	1.0000	4174	0.9986	4174	69	792	true
GCF_001043875.1__GCF_001476215.1	GCF_001043875.1	GCF_001476215.1	ok	34	440	0.00423	0.49155	3954	0	0.9659	7422	0.9440	8044	165	1806	false
GCF_001044155.1__GCF_900447205.1	GCF_001044155.1	GCF_900447205.1	ok	22	51	0.00509	0.44365	1917	0	0.9972	4308	0.9882	4321	76	639	false
GCF_001044175.1__GCF_900475655.1	GCF_001044175.1	GCF_900475655.1	ok	9	22	0.00368	0.26618	650	1	0.9971	2435	0.9910	2443	20	526	false
GCF_001047325.1__GCF_001270485.1	GCF_001047325.1	GCF_001270485.1	ok	11	133	0.00072	0.27518	4232	0	0.9960	15098	0.9913	15379	80	2353	false
GCF_001050095.1__GCF_009933265.1	GCF_001050095.1	GCF_009933265.1	ok	12	56	0.00657	0.48357	883	1	0.9989	1790	0.9695	1827	24	215	false
GCF_001074295.1__GCF_015551785.1	GCF_001074295.1	GCF_015551785.1	ok	3	108	0.00234	0.48752	625	0	0.9852	1133	0.9129	1282	9	253	false
GCF_001077855.1__GCF_014644275.1	GCF_001077855.1	GCF_014644275.1	ok	2	18	0.00037	0.38405	2052	0	0.9998	5318	0.9966	5343	229	850	false
GCF_001078435.1__GCF_018785395.1	GCF_001078435.1	GCF_018785395.1	ok	11	83	0.00247	0.46559	2077	0	0.9973	4381	0.9814	4461	44	460	false
GCF_001183565.1__GCF_001685165.1	GCF_001183565.1	GCF_001685165.1	ok	4	61	0.00165	0.12644	307	0	0.9862	2355	0.9747	2428	17	488	false
GCF_001184645.1__GCF_003414885.1	GCF_001184645.1	GCF_003414885.1	ok	6	29	0.00699	0.47203	405	0	0.9870	832	0.9661	858	14	97	false
GCF_001189035.1__GCF_900215595.1	GCF_001189035.1	GCF_900215595.1	ok	54	112	0.00404	0.34970	4678	1	0.9987	13358	0.9917	13378	141	2044	false
GCF_001223385.1__GCF_902173195.1	GCF_001223385.1	GCF_902173195.1	ok	4	54	0.00106	0.37566	1423	0	0.9904	3722	0.9857	3788	7	373	false
GCF_001253055.1__GCF_008083325.1	GCF_001253055.1	GCF_008083325.1	ok	2	48	0.00070	0.41304	1185	0	0.9950	2809	0.9832	2869	37	580	false
GCF_001267945.1__GCF_011090275.1	GCF_001267945.1	GCF_011090275.1	ok	2	124	0.00070	0.34480	982	0	0.9963	2708	0.9562	2848	47	463	false
GCF_001269685.1__GCF_900102295.1	GCF_001269685.1	GCF_900102295.1	ok	3	26	0.00033	0.42144	3873	0	1.0000	9169	0.9972	9190	77	1820	false
GCF_001272985.1__GCF_002896635.1	GCF_001272985.1	GCF_002896635.1	ok	0	10	0.00000	0.17653	808	1	0.9996	4546	0.9978	4578	17	365	false
GCF_001273895.1__GCF_900112635.1	GCF_001273895.1	GCF_900112635.1	ok	26	69	0.00763	0.46551	1586	1	0.9938	3385	0.9799	3408	109	518	false
GCF_001278535.1__GCF_001988975.1	GCF_001278535.1	GCF_001988975.1	ok	49	140	0.00430	0.20883	2380	0	0.9996	11353	0.9878	11397	357	4973	false
GCF_001280885.1__GCF_004364395.1	GCF_001280885.1	GCF_004364395.1	ok	36	198	0.00343	0.49018	5143	0	0.9867	10350	0.9812	10492	169	1798	false
GCF_001280885.1__GCF_004794975.1	GCF_001280885.1	GCF_004794975.1	ok	24	189	0.00218	0.47110	5176	0	0.9906	10802	0.9828	10987	102	1852	false
GCF_001280945.1__GCF_013277735.1	GCF_001280945.1	GCF_013277735.1	ok	17	132	0.00798	0.48849	1040	0	0.9663	1978	0.9371	2129	127	288	false
GCF_001282985.1__GCF_900197695.1	GCF_001282985.1	GCF_900197695.1	ok	3	52	0.00258	0.47039	548	0	0.9791	1078	0.9540	1165	15	95	false
GCF_001283025.1__GCF_900197675.1	GCF_001283025.1	GCF_900197675.1	ok	5	46	0.00428	0.25834	302	0	0.9848	1104	0.9599	1169	12	103	false
GCF_001294605.1__GCF_017615005.1	GCF_001294605.1	GCF_017615005.1	ok	9	163	0.00161	0.48075	2684	0	0.9998	5438	0.9709	5583	32	1353	false
GCF_001297765.1__GCF_001297785.1	GCF_001297765.1	GCF_001297785.1	ok	0	4	0.00000	0.24623	1502	0	0.9993	6061	0.9993	6100	100	728	false
GCF_001297765.1__GCF_001297845.1	GCF_001297765.1	GCF_001297845.1	ok	1	4	0.00016	0.33798	2061	0	0.9993	6060	0.9993	6098	99	729	false
GCF_001298125.1__GCF_013002825.1	GCF_001298125.1	GCF_013002825.1	ok	3	50	0.00075	0.31891	1275	0	0.9929	3931	0.9874	3998	42	482	false
GCF_001298415.1__GCF_012952265.1	GCF_001298415.1	GCF_012952265.1	ok	6	73	0.00162	0.49581	1833	0	0.9937	3614	0.9802	3697	45	473	false
GCF_001299615.1__GCF_012030115.1	GCF_001299615.1	GCF_012030115.1	ok	4	63	0.00213	0.37859	711	0	0.9846	1796	0.9661	1878	28	107	false
GCF_001406535.1__GCF_018305165.1	GCF_001406535.1	GCF_018305165.1	ok	9	120	0.00716	0.46221	581	0	0.9682	1128	0.9035	1257	18	126	false
GCF_001406535.1__GCF_018305205.1	GCF_001406535.1	GCF_018305205.1	ok	21	125	0.01699	0.47977	593	0	0.9407	1110	0.8977	1236	26	132	false
GCF_001406595.1__GCF_018305165.1	GCF_001406595.1	GCF_018305165.1	ok	4	75	0.00278	0.45758	658	0	0.9712	1348	0.9473	1438	26	118	false
GCF_001422425.1__GCF_001422845.1	GCF_001422425.1	GCF_001422845.1	ok	13	56	0.00210	0.41332	2556	0	0.9967	6132	0.9909	6184	40	1231	false
GCF_001422425.1__GCF_001424745.1	GCF_001422425.1	GCF_001424745.1	ok	17	56	0.00275	0.20998	1300	0	0.9982	6143	0.9909	6191	44	1233	false
GCF_001422775.1__GCF_001424745.1	GCF_001422775.1	GCF_001424745.1	ok	33	93	0.00537	0.37868	2327	0	0.9980	6090	0.9849	6145	50	1279	false
GCF_001431365.1__GCF_003254095.1	GCF_001431365.1	GCF_003254095.1	ok	0	9	0.00000	0.47419	1617	0	0.9982	3375	0.9973	3410	27	302	false
GCF_001435115.1__GCF_001702175.1	GCF_001435115.1	GCF_001702175.1	ok	12	91	0.00321	0.39047	1458	0	0.9809	3656	0.9757	3734	46	418	false
GCF_001436325.1__GCF_009217765.1	GCF_001436325.1	GCF_009217765.1	ok	16	108	0.00595	0.46989	1264	0	0.9676	2602	0.9600	2690	92	563	false
GCF_001437465.1__GCF_902386015.1	GCF_001437465.1	GCF_902386015.1	ok	0	0	0.00000	0.00000	0	0	0.9980	3030	1.0000	3097	8	350	false
GCF_001438685.1__GCF_002907065.1	GCF_001438685.1	GCF_002907065.1	ok	0	14	0.00000	0.48163	472	0	0.9937	950	0.9855	980	16	60	false
GCF_001441635.1__GCF_900112725.1	GCF_001441635.1	GCF_900112725.1	ok	1	46	0.00009	0.47522	5207	0	0.9996	10866	0.9958	10957	60	1620	false
GCF_001447335.1__GCF_001481395.1	GCF_001447335.1	GCF_001481395.1	ok	23	82	0.00444	0.45107	2337	0	0.9923	5140	0.9842	5181	74	959	false
GCF_001460955.1__GCF_002007845.1	GCF_001460955.1	GCF_002007845.1	ok	3	15	0.00321	0.11432	107	0	0.9914	927	0.9840	936	7	116	false
GCF_001465255.1__GCF_005403365.1	GCF_001465255.1	GCF_005403365.1	ok	0	32	0.00000	0.26640	1722	0	1.0000	6431	0.9950	6464	49	891	false
GCF_001467785.1__GCF_900101805.1	GCF_001467785.1	GCF_900101805.1	ok	7	70	0.00243	0.45761	1317	0	0.9938	2709	0.9748	2878	23	207	false
GCF_001476855.1__GCF_005250605.1	GCF_001476855.1	GCF_005250605.1	ok	7	183	0.00122	0.42172	2427	0	0.9708	5555	0.9682	5755	55	1283	false
GCF_001476875.1__GCF_001913135.1	GCF_001476875.1	GCF_001913135.1	ok	19	157	0.00340	0.49553	2769	0	0.9767	5457	0.9720	5588	131	1298	false
GCF_001485395.1__GCF_002939035.1	GCF_001485395.1	GCF_002939035.1	ok	2	129	0.00028	0.29979	2118	0	0.9988	6927	0.9817	7065	21	3029	false
GCF_001499915.1__GCF_001499925.1	GCF_001499915.1	GCF_001499925.1	ok	8	65	0.00119	0.49322	3312	0	0.9949	6644	0.9903	6715	28	1515	false
GCF_001499915.1__GCF_001500105.1	GCF_001499915.1	GCF_001500105.1	ok	2	38	0.00026	0.31284	2442	0	0.9970	7738	0.9951	7806	41	1528	false
GCF_001499925.1__GCF_001500105.1	GCF_001499925.1	GCF_001500105.1	ok	2	50	0.00029	0.44176	3034	0	0.9972	6796	0.9927	6868	23	1509	false
GCF_001515365.1__GCF_003431565.1	GCF_001515365.1	GCF_003431565.1	ok	3	205	0.00047	0.43017	2766	0	0.9726	6201	0.9680	6430	47	1490	false
GCF_001524825.1__GCF_002925705.1	GCF_001524825.1	GCF_002925705.1	ok	7	67	0.00042	0.30611	5086	0	0.9978	16520	0.9960	16615	157	4554	false
GCF_001526385.1__GCF_001532725.1	GCF_001526385.1	GCF_001532725.1	ok	7	55	0.00050	0.47090	6627	0	0.9985	13998	0.9961	14073	129	4433	false
GCF_001527555.1__GCF_002223285.1	GCF_001527555.1	GCF_002223285.1	ok	6	64	0.00036	0.38992	6480	0	0.9969	16555	0.9961	16619	132	4503	false
GCF_001534765.1__GCF_003660425.1	GCF_001534765.1	GCF_003660425.1	ok	0	37	0.00000	0.27987	520	0	0.9790	1818	0.9801	1858	14	149	false
GCF_001552095.1__GCF_003024475.1	GCF_001552095.1	GCF_003024475.1	ok	6	41	0.00175	0.18015	619	0	0.9956	3398	0.9881	3436	30	712	false
GCF_001555555.1__GCF_002888235.1	GCF_001555555.1	GCF_002888235.1	ok	12	235	0.00078	0.43124	6610	0	1.0000	15113	0.9847	15328	126	3490	false
GCF_001556235.1__GCF_003815615.1	GCF_001556235.1	GCF_003815615.1	ok	9	132	0.00333	0.45391	1226	0	0.9526	2572	0.9512	2701	42	315	false
GCF_001556235.1__GCF_003815635.1	GCF_001556235.1	GCF_003815635.1	ok	4	134	0.00148	0.44798	1210	0	0.9489	2562	0.9504	2701	33	320	false
GCF_001556895.1__GCF_001557305.1	GCF_001556895.1	GCF_001557305.1	ok	15	276	0.00192	0.45500	3549	0	0.9913	7311	0.9636	7800	256	1598	false
GCF_001558125.2__GCF_900113515.1	GCF_001558125.2	GCF_900113515.1	ok	3	56	0.00021	0.49469	7219	0	0.9986	14511	0.9962	14593	109	2468	false
GCF_001560305.1__GCF_001560515.1	GCF_001560305.1	GCF_001560515.1	ok	0	16	0.00000	0.00000	0	0	0.9912	1347	0.9883	1365	5	76	false
GCF_001560855.1__GCF_009834045.1	GCF_001560855.1	GCF_009834045.1	ok	7	38	0.00199	0.20898	735	0	0.9929	3491	0.9892	3517	44	506	false
GCF_001573875.1__GCF_010692705.1	GCF_001573875.1	GCF_010692705.1	ok	16	134	0.00994	0.37702	607	0	0.9724	1477	0.9161	1610	39	131	false
GCF_001579135.1__GCF_900109835.1	GCF_001579135.1	GCF_900109835.1	ok	34	95	0.02640	0.40916	527	0	0.9709	1234	0.9269	1288	13	213	false
GCF_001587475.1__GCF_011405175.1	GCF_001587475.1	GCF_011405175.1	ok	5	87	0.00113	0.45831	2034	0	0.9998	4361	0.9804	4438	171	748	false
GCF_001601275.1__GCF_018972165.1	GCF_001601275.1	GCF_018972165.1	ok	10	34	0.00243	0.01020	42	0	0.9998	4103	0.9918	4117	46	782	false
GCF_001610775.1__GCF_013620765.1	GCF_001610775.1	GCF_013620765.1	ok	6	19	0.00514	0.01285	15	0	0.9991	1160	0.9838	1167	13	119	false
GCF_001623175.1__GCF_003574045.1	GCF_001623175.1	GCF_003574045.1	ok	2	190	0.00064	0.42375	1317	0	0.9640	2840	0.9375	3108	44	335	false
GCF_001634305.1__GCF_002075365.1	GCF_001634305.1	GCF_002075365.1	ok	24	80	0.00778	0.39008	1203	0	0.9877	3045	0.9742	3084	47	511	false
GCF_001635445.1__GCF_002869505.1	GCF_001635445.1	GCF_002869505.1	ok	15	47	0.00347	0.35343	1530	0	0.9968	4304	0.9892	4329	125	958	false
GCF_001636145.1__GCF_009217765.1	GCF_001636145.1	GCF_009217765.1	ok	8	222	0.00317	0.40650	1026	0	0.9108	2298	0.9123	2524	76	511	false
GCF_001636145.1__GCF_009295865.1	GCF_001636145.1	GCF_009295865.1	ok	12	224	0.00439	0.38743	1060	0	0.9199	2516	0.9184	2736	106	504	false
GCF_001637525.1__GCF_018729275.1	GCF_001637525.1	GCF_018729275.1	ok	4	14	0.00105	0.28174	1074	0	0.9992	3806	0.9963	3812	29	466	false
GCF_001643095.1__GCF_006740745.1	GCF_001643095.1	GCF_006740745.1	ok	17	83	0.00281	0.34287	2074	0	0.9998	6000	0.9863	6049	97	1878	false
GCF_001643095.1__GCF_009193375.1	GCF_001643095.1	GCF_009193375.1	ok	16	77	0.00264	0.34875	2111	0	0.9987	5990	0.9873	6053	97	1928	false
GCF_001644095.1__GCF_001644685.1	GCF_001644095.1	GCF_001644685.1	ok	13	136	0.00296	0.43423	1908	0	0.9731	4274	0.9691	4394	127	1137	false
GCF_001655035.1__GCF_004308085.1	GCF_001655035.1	GCF_004308085.1	ok	3	64	0.00082	0.39342	1447	0	0.9912	3590	0.9825	3678	41	684	false
GCF_001655905.1__GCF_002983685.1	GCF_001655905.1	GCF_002983685.1	ok	2	62	0.00305	0.48702	319	0	1.0000	596	0.9055	655	33	39	false
GCF_001656335.1__GCF_900453075.1	GCF_001656335.1	GCF_900453075.1	ok	3	40	0.00214	0.31170	437	0	0.9993	1368	0.9715	1402	74	229	false
GCF_001656355.1__GCF_900453075.1	GCF_001656355.1	GCF_900453075.1	ok	1	24	0.00070	0.36613	521	0	0.9993	1401	0.9831	1423	38	224	false
GCF_001657785.1__GCF_001657875.1	GCF_001657785.1	GCF_001657875.1	ok	3	37	0.00477	0.40223	253	0	0.9700	550	0.9369	629	20	32	false
GCF_001660045.1__GCF_009870095.1	GCF_001660045.1	GCF_009870095.1	ok	10	535	0.00100	0.46435	4663	0	0.9454	9492	0.9468	10042	280	1438	false
GCF_001665445.1__GCF_900236745.1	GCF_001665445.1	GCF_900236745.1	ok	30	123	0.00383	0.42429	3326	0	0.9923	7767	0.9844	7839	75	1689	false
GCF_001673235.1__GCF_002086345.1	GCF_001673235.1	GCF_002086345.1	ok	3	168	0.00039	0.44498	3413	0	0.9948	7458	0.9780	7670	63	1234	false
GCF_001679125.1__GCF_016028775.1	GCF_001679125.1	GCF_016028775.1	ok	10	41	0.00669	0.47157	705	0	0.9839	1470	0.9727	1495	57	178	false
GCF_001679155.1__GCF_016127895.1	GCF_001679155.1	GCF_016127895.1	ok	11	45	0.00716	0.39297	604	0	0.9993	1513	0.9709	1537	48	183	false
GCF_001683975.1__GCF_003263315.1	GCF_001683975.1	GCF_003263315.1	ok	2	235	0.00036	0.48946	2694	0	0.9631	5243	0.9572	5504	140	1155	false
GCF_001685165.1__GCF_900618115.1	GCF_001685165.1	GCF_900618115.1	ok	2	40	0.00081	0.41390	1024	0	0.9842	2434	0.9838	2474	58	508	false
GCF_001702115.1__GCF_001702135.1	GCF_001702115.1	GCF_001702135.1	ok	0	0	0.00000	0.00000	0	0	1.0000	966	1.0000	966	31	59	true
GCF_001702115.1__GCF_002907065.1	GCF_001702115.1	GCF_002907065.1	ok	1	17	0.00104	0.17409	168	0	0.9989	950	0.9824	965	24	60	false
GCF_001702155.1__GCF_001702195.1	GCF_001702155.1	GCF_001702195.1	ok	4	9	0.00109	0.03942	144	0	0.9997	3649	0.9975	3653	90	399	false
GCF_001702175.1__GCF_001702195.1	GCF_001702175.1	GCF_001702195.1	ok	18	44	0.00483	0.49705	1852	0	0.9989	3713	0.9882	3726	95	414	false
GCF_001715715.1__GCF_900332065.1	GCF_001715715.1	GCF_900332065.1	ok	2	45	0.00131	0.48192	733	0	0.9852	1464	0.9702	1521	6	165	false
GCF_001718335.1__GCF_016836745.1	GCF_001718335.1	GCF_016836745.1	ok	25	78	0.00195	0.33143	4240	0	0.9980	12765	0.9939	12793	174	4443	false
GCF_001722585.1__GCF_902385915.1	GCF_001722585.1	GCF_902385915.1	ok	24	245	0.00639	0.18114	680	0	0.9488	3521	0.9348	3754	24	606	false
GCF_001746215.1__GCF_003054835.1	GCF_001746215.1	GCF_003054835.1	ok	41	212	0.03727	0.47909	527	0	0.8517	936	0.8124	1100	23	96	false
GCF_001747885.1__GCF_001747995.1	GCF_001747885.1	GCF_001747995.1	ok	1	56	0.00079	0.44226	563	0	0.9918	1204	0.9555	1273	4	117	false
GCF_001755835.1__GCF_902832905.1	GCF_001755835.1	GCF_902832905.1	ok	40	121	0.00291	0.41967	5770	0	0.9975	13693	0.9912	13749	131	3123	false
GCF_001756795.1__GCF_001853525.1	GCF_001756795.1	GCF_001853525.1	ok	12	164	0.00177	0.42272	2858	0	0.9835	6596	0.9757	6761	133	1741	false
GCF_001758545.1__GCF_001758795.1	GCF_001758545.1	GCF_001758795.1	ok	16	88	0.00174	0.29207	2680	0	0.9959	9079	0.9904	9176	710	2529	false
GCF_001762595.1__GCF_017644995.1	GCF_001762595.1	GCF_017644995.1	ok	3	28	0.00337	0.38808	345	0	0.9931	858	0.9683	889	43	166	false
GCF_001807395.1__GCF_001807575.1	GCF_001807395.1	GCF_001807575.1	ok	3	36	0.00118	0.32914	838	0	0.9944	2499	0.9858	2546	2	488	false
GCF_001808785.1__GCF_018603625.1	GCF_001808785.1	GCF_018603625.1	ok	6	29	0.00306	0.21093	413	0	0.9907	1918	0.9851	1958	21	196	false
GCF_001869365.1__GCF_900518825.1	GCF_001869365.1	GCF_900518825.1	ok	4	112	0.00365	0.33728	370	0	0.8969	974	0.8974	1097	134	159	false
GCF_001869395.1__GCF_900518835.1	GCF_001869395.1	GCF_900518835.1	ok	0	147	0.00000	0.48444	576	0	0.9527	1007	0.8735	1189	62	151	false
GCF_001888095.1__GCF_003722115.1	GCF_001888095.1	GCF_003722115.1	ok	0	8	0.00000	0.14719	291	0	0.9975	1958	0.9959	1977	7	188	false
GCF_001888095.1__GCF_900177455.1	GCF_001888095.1	GCF_900177455.1	ok	0	8	0.00000	0.45008	888	0	0.9964	1959	0.9959	1973	17	190	false
GCF_001889125.1__GCF_014217915.1	GCF_001889125.1	GCF_014217915.1	ok	7	14	0.00185	0.00053	2	0	1.0000	3774	0.9963	3774	52	1134	true
GCF_001889125.1__GCF_014883915.1	GCF_001889125.1	GCF_014883915.1	ok	0	0	0.00000	0.00020	1	0	1.0000	4952	1.0000	4952	68	1132	true
GCF_001889445.1__GCF_001889465.1	GCF_001889445.1	GCF_001889465.1	ok	4	8	0.00141	0.00071	2	0	1.0000	2834	0.9972	2834	38	654	true
GCF_001901345.1__GCF_001901355.1	GCF_001901345.1	GCF_001901355.1	ok	5	50	0.00064	0.39587	3104	0	0.9986	7771	0.9936	7841	71	1376	false
GCF_001905025.1__GCF_018555775.1	GCF_001905025.1	GCF_018555775.1	ok	42	599	0.00640	0.46960	3082	0	0.9156	5974	0.9089	6563	164	1567	false
GCF_001913815.1__GCF_900167325.1	GCF_001913815.1	GCF_900167325.1	ok	14	115	0.00497	0.47815	1346	0	0.9845	2670	0.9585	2815	53	330	false
GCF_001942225.1__GCF_001942435.1	GCF_001942225.1	GCF_001942435.1	ok	11	71	0.00310	0.49845	1771	0	0.9957	3495	0.9800	3553	17	873	false
GCF_001955615.1__GCF_001955625.1	GCF_001955615.1	GCF_001955625.1	ok	12	44	0.00370	0.42571	1381	0	0.9963	3204	0.9864	3244	18	274	false
GCF_001984525.1__GCF_001984535.1	GCF_001984525.1	GCF_001984535.1	ok	0	10	0.00000	0.37773	2564	0	0.9991	6742	0.9985	6788	46	786	false
GCF_001984525.1__GCF_007833835.1	GCF_001984525.1	GCF_007833835.1	ok	9	47	0.00194	0.35687	1653	0	0.9937	4602	0.9899	4632	85	773	false
GCF_001984535.1__GCF_007833835.1	GCF_001984535.1	GCF_007833835.1	ok	7	46	0.00151	0.39702	1839	0	0.9998	4600	0.9901	4632	85	771	false
GCF_001989795.2__GCF_003390655.1	GCF_001989795.2	GCF_003390655.1	ok	10	86	0.00322	0.38216	1187	0	0.9768	3032	0.9724	3106	9	490	false
GCF_002003305.1__GCF_013294445.1	GCF_002003305.1	GCF_013294445.1	ok	13	30	0.00469	0.00036	1	1	0.9996	2769	0.9892	2773	76	288	false
GCF_002003305.1__GCF_013297125.1	GCF_002003305.1	GCF_013297125.1	ok	14	29	0.00505	0.00036	1	1	0.9996	2768	0.9896	2770	68	287	false
GCF_002006175.1__GCF_002006215.1	GCF_002006175.1	GCF_002006215.1	ok	0	115	0.00000	0.47635	1672	0	0.9622	3283	0.9663	3510	27	238	false
GCF_002006175.1__GCF_002006235.1	GCF_002006175.1	GCF_002006235.1	ok	5	211	0.00192	0.47814	1247	0	0.9544	2342	0.9175	2608	29	223	false
GCF_002006215.1__GCF_002006235.1	GCF_002006215.1	GCF_002006235.1	ok	5	190	0.00189	0.49452	1309	0	0.9751	2424	0.9273	2647	42	237	false
GCF_002007845.1__GCF_002007865.1	GCF_002007845.1	GCF_002007865.1	ok	0	0	0.00000	0.00000	0	0	1.0000	1325	1.0000	1325	4	116	true
GCF_002037625.1__GCF_009648775.1	GCF_002037625.1	GCF_009648775.1	ok	15	45	0.00383	0.32235	1262	0	0.9946	3893	0.9885	3915	44	408	false
GCF_002049255.1__GCF_002049395.1	GCF_002049255.1	GCF_002049395.1	ok	2	86	0.00112	0.47819	855	0	0.9865	1679	0.9513	1788	38	173	false
GCF_002049255.1__GCF_003047205.1	GCF_002049255.1	GCF_003047205.1	ok	10	62	0.00601	0.49249	820	0	0.9712	1616	0.9629	1665	44	174	false
GCF_002057455.1__GCF_012034275.1	GCF_002057455.1	GCF_012034275.1	ok	80	258	0.00727	0.40805	4491	0	0.9896	10890	0.9767	11006	200	2785	false
GCF_002076915.1__GCF_014646495.1	GCF_002076915.1	GCF_014646495.1	ok	2	13	0.00067	0.01140	34	0	0.9997	2973	0.9956	2982	15	408	false
GCF_002086345.1__GCF_002285715.1	GCF_002086345.1	GCF_002285715.1	ok	0	78	0.00000	0.37899	2861	0	0.9999	7471	0.9897	7549	46	1242	false
GCF_002088815.1__GCF_003202815.1	GCF_002088815.1	GCF_003202815.1	ok	3	283	0.00229	0.49541	648	0	0.7465	966	0.7816	1308	46	171	false
GCF_002095995.1__GCF_002128045.1	GCF_002095995.1	GCF_002128045.1	ok	3	6	0.00341	0.00000	0	0	1.0000	881	0.9932	881	26	126	true
GCF_002097765.1__GCF_900604905.1	GCF_002097765.1	GCF_900604905.1	ok	2	23	0.00041	0.42060	2074	0	0.9996	4868	0.9953	4931	37	611	false
GCF_002112365.1__GCF_002113365.1	GCF_002112365.1	GCF_002113365.1	ok	0	8	0.00000	0.26472	3359	0	0.9995	12659	0.9994	12689	49	2017	false
GCF_002112395.1__GCF_002112455.1	GCF_002112395.1	GCF_002112455.1	ok	1	6	0.00008	0.03860	490	0	0.9998	12668	0.9995	12695	45	2017	false
GCF_002112395.1__GCF_002113365.1	GCF_002112395.1	GCF_002113365.1	ok	0	9	0.00000	0.18788	2385	0	0.9995	12664	0.9993	12694	47	2016	false
GCF_002113055.1__GCF_002113705.1	GCF_002113055.1	GCF_002113705.1	ok	4	14	0.00032	0.19216	2397	0	0.9997	12451	0.9989	12474	34	1948	false
GCF_002127615.1__GCF_002127625.1	GCF_002127615.1	GCF_002127625.1	ok	8	76	0.00059	0.14052	1909	1	0.9988	13444	0.9944	13586	111	2459	false
GCF_002128025.1__GCF_009810255.1	GCF_002128025.1	GCF_009810255.1	ok	2	27	0.00238	0.37902	318	0	0.9988	816	0.9679	839	25	129	false
GCF_002142285.1__GCF_002142345.1	GCF_002142285.1	GCF_002142345.1	ok	3	197	0.00137	0.45160	989	1	0.9016	1916	0.9078	2191	32	163	false
GCF_002151115.1__GCF_011801245.1	GCF_002151115.1	GCF_011801245.1	ok	12	218	0.00350	0.45004	1545	0	0.9397	3224	0.9366	3433	25	825	false
GCF_002151265.1__GCF_900108215.1	GCF_002151265.1	GCF_900108215.1	ok	12	171	0.00192	0.43501	2714	0	0.9959	6069	0.9725	6239	103	1501	false
GCF_002157125.1__GCF_002157165.1	GCF_002157125.1	GCF_002157165.1	ok	17	34	0.00369	0.05685	262	0	1.0000	4607	0.9926	4609	165	1597	false
GCF_002157125.1__GCF_002157185.1	GCF_002157125.1	GCF_002157185.1	ok	0	8	0.00000	0.07919	715	0	0.9996	9021	0.9991	9029	180	1665	false
GCF_002157165.1__GCF_002157185.1	GCF_002157165.1	GCF_002157185.1	ok	17	36	0.00371	0.02986	137	0	0.9998	4585	0.9922	4588	107	1574	false
GCF_002160465.1__GCF_015550635.1	GCF_002160465.1	GCF_015550635.1	ok	7	59	0.00207	0.45315	1533	0	0.9973	3328	0.9825	3383	32	637	false
GCF_002162115.1__GCF_016019785.1	GCF_002162115.1	GCF_016019785.1	ok	3	13	0.00082	0.13915	510	0	0.9984	3658	0.9965	3665	15	509	false
GCF_002204305.1__GCF_002920555.1	GCF_002204305.1	GCF_002920555.1	ok	0	20	0.00000	0.45759	2422	0	0.9970	5269	0.9962	5293	451	1164	false
GCF_002206155.2__GCF_900076365.1	GCF_002206155.2	GCF_900076365.1	ok	13	63	0.00195	0.21807	1453	0	0.9998	6625	0.9906	6663	71	924	false
GCF_002213185.1__GCF_002213225.1	GCF_002213185.1	GCF_002213225.1	ok	14	47	0.00262	0.35229	1883	0	0.9977	5311	0.9912	5345	17	1225	false
GCF_002213195.1__GCF_002213235.1	GCF_002213195.1	GCF_002213235.1	ok	0	12	0.00000	0.45052	2390	0	0.9979	5278	0.9977	5305	9	1164	false
GCF_002213225.1__GCF_002213235.1	GCF_002213225.1	GCF_002213235.1	ok	7	30	0.00133	0.45639	2402	0	0.9989	5237	0.9943	5263	12	1172	false
GCF_002215055.1__GCF_902386745.1	GCF_002215055.1	GCF_902386745.1	ok	0	0	0.00000	0.00000	0	0	1.0000	6442	1.0000	6442	162	1164	true
GCF_002241275.1__GCF_018790395.1	GCF_002241275.1	GCF_018790395.1	ok	0	115	0.00000	0.44087	1316	0	0.9756	2843	0.9611	2985	25	502	false
GCF_002250905.2__GCF_017909435.1	GCF_002250905.2	GCF_017909435.1	ok	6	16	0.00183	0.04126	135	0	0.9994	3267	0.9951	3272	76	325	false
GCF_002252745.1__GCF_002252965.1	GCF_002252745.1	GCF_002252965.1	ok	11	116	0.00443	0.46132	1145	0	0.9937	2362	0.9530	2482	17	328	false
GCF_002253455.1__GCF_002253465.1	GCF_002253455.1	GCF_002253465.1	ok	4	48	0.00301	0.29142	387	0	0.9710	1274	0.9637	1328	10	136	false
GCF_002266475.1__GCF_003176815.1	GCF_002266475.1	GCF_003176815.1	ok	5	13	0.00265	0.16799	317	0	0.9979	1882	0.9931	1887	61	205	false
GCF_002285155.1__GCF_007786415.1	GCF_002285155.1	GCF_007786415.1	ok	9	49	0.00321	0.40036	1123	0	0.9921	2771	0.9826	2805	53	715	false
GCF_002288145.1__GCF_002288265.1	GCF_002288145.1	GCF_002288265.1	ok	0	0	0.00000	0.00000	0	0	1.0000	1074	1.0000	1074	0	274	true
GCF_002319065.1__GCF_016307645.1	GCF_002319065.1	GCF_016307645.1	ok	8	166	0.00139	0.48500	2796	0	0.9934	5588	0.9711	5765	41	1740	false
GCF_002327125.1__GCF_012395955.1	GCF_002327125.1	GCF_012395955.1	ok	13	75	0.00192	0.37688	2556	0	0.9999	6733	0.9890	6782	74	1633	false
GCF_002368255.1__GCF_014697225.1	GCF_002368255.1	GCF_014697225.1	ok	0	65	0.00000	0.45001	4474	0	0.9935	9874	0.9935	9942	78	1286	false
GCF_002370195.2__GCF_014202525.1	GCF_002370195.2	GCF_014202525.1	ok	8	81	0.00445	0.48637	874	0	0.9605	1725	0.9550	1797	104	264	false
GCF_002412145.1__GCF_003594765.1	GCF_002412145.1	GCF_003594765.1	ok	14	74	0.00402	0.43288	1506	0	0.9950	3414	0.9787	3479	33	477	false
GCF_002442575.1__GCF_014651795.1	GCF_002442575.1	GCF_014651795.1	ok	7	40	0.00192	0.34374	1255	0	0.9929	3624	0.9891	3651	59	951	false
GCF_002531885.1__GCF_014193135.1	GCF_002531885.1	GCF_014193135.1	ok	34	147	0.00362	0.46789	4393	0	0.9955	9283	0.9844	9389	64	2736	false
GCF_002552175.1__GCF_002566505.1	GCF_002552175.1	GCF_002566505.1	ok	1	47	0.00029	0.30192	1054	0	0.9942	3411	0.9864	3491	13	231	false
GCF_002560575.1__GCF_017498775.1	GCF_002560575.1	GCF_017498775.1	ok	11	97	0.00340	0.38549	1249	0	0.9920	3119	0.9698	3240	31	391	false
GCF_002562195.1__GCF_002566035.1	GCF_002562195.1	GCF_002566035.1	ok	14	120	0.00318	0.47879	2111	0	0.9967	4292	0.9727	4409	37	553	false
GCF_002569075.1__GCF_002569205.1	GCF_002569075.1	GCF_002569205.1	ok	10	139	0.00227	0.49887	2198	0	0.9754	4157	0.9677	4406	43	414	false
GCF_002573675.1__GCF_002688545.1	GCF_002573675.1	GCF_002688545.1	ok	25	60	0.00436	0.24564	1408	0	0.9998	5722	0.9896	5732	203	1225	false
GCF_002578475.1__GCF_002582955.1	GCF_002578475.1	GCF_002582955.1	ok	8	86	0.00193	0.41942	1741	0	0.9904	4025	0.9791	4151	51	436	false
GCF_002587065.1__GCF_002906925.1	GCF_002587065.1	GCF_002906925.1	ok	6	36	0.00130	0.26146	1209	0	0.9998	4600	0.9922	4624	48	1218	false
GCF_002632445.1__GCF_014467265.1	GCF_002632445.1	GCF_014467265.1	ok	7	71	0.00258	0.41688	1131	0	0.9872	2616	0.9736	2713	649	325	false
GCF_002735565.1__GCF_900101325.1	GCF_002735565.1	GCF_900101325.1	ok	7	56	0.00428	0.45471	743	0	0.9862	1575	0.9656	1634	23	190	false
GCF_002736045.1__GCF_014269205.2	GCF_002736045.1	GCF_014269205.2	ok	34	78	0.00483	0.07650	539	0	0.9987	7036	0.9890	7046	242	2253	false
GCF_002743065.1__GCF_002743135.1	GCF_002743065.1	GCF_002743135.1	ok	7	35	0.00410	0.39472	673	1	0.9864	1669	0.9794	1706	18	333	false
GCF_002752195.1__GCF_014304635.1	GCF_002752195.1	GCF_014304635.1	ok	2	85	0.00032	0.45821	2873	0	0.9874	6189	0.9864	6270	37	1231	false
GCF_002761935.1__GCF_002763735.1	GCF_002761935.1	GCF_002763735.1	ok	6	16	0.00665	0.00111	1	0	0.9967	898	0.9824	902	77	71	false
GCF_002763595.1__GCF_002763815.1	GCF_002763595.1	GCF_002763815.1	ok	15	30	0.01663	0.00554	5	0	1.0000	902	0.9673	902	48	70	true
GCF_002777315.1__GCF_013344965.1	GCF_002777315.1	GCF_013344965.1	ok	11	74	0.00853	0.46393	598	0	0.9976	1222	0.9424	1289	68	257	false
GCF_002777705.1__GCF_002777795.1	GCF_002777705.1	GCF_002777795.1	ok	8	53	0.00442	0.45022	814	0	0.9876	1748	0.9705	1808	100	240	false
GCF_002799025.1__GCF_900116025.1	GCF_002799025.1	GCF_900116025.1	ok	5	21	0.00066	0.06644	502	0	0.9988	7543	0.9972	7556	23	2317	false
GCF_002812165.1__GCF_004769805.1	GCF_002812165.1	GCF_004769805.1	ok	3	19	0.00128	0.30273	709	0	0.9953	2322	0.9919	2342	12	260	false
GCF_002813655.1__GCF_002813675.1	GCF_002813655.1	GCF_002813675.1	ok	5	10	0.00443	0.06997	79	0	1.0000	1129	0.9912	1129	25	68	true
GCF_002813835.1__GCF_008107465.1	GCF_002813835.1	GCF_008107465.1	ok	11	88	0.00347	0.45744	1451	0	1.0000	3104	0.9723	3172	35	506	false
GCF_002845395.1__GCF_002845485.1	GCF_002845395.1	GCF_002845485.1	ok	0	6	0.00000	0.11230	199	0	0.9965	1724	0.9965	1772	5	124	false
GCF_002860225.1__GCF_002860245.1	GCF_002860225.1	GCF_002860245.1	ok	4	126	0.00093	0.48132	2061	1	0.9828	4125	0.9704	4283	23	569	false
GCF_002860225.1__GCF_003944805.1	GCF_002860225.1	GCF_003944805.1	ok	4	149	0.00094	0.35349	1508	1	0.9858	4090	0.9649	4267	33	560	false
GCF_002860245.1__GCF_003944805.1	GCF_002860245.1	GCF_003944805.1	ok	2	151	0.00044	0.38382	1741	1	0.9846	4345	0.9664	4537	28	567	false
GCF_002872905.1__GCF_002877195.1	GCF_002872905.1	GCF_002877195.1	ok	12	503	0.00194	0.46654	2886	0	0.9974	5658	0.9183	6186	35	592	false
GCF_002875485.1__GCF_005146585.1	GCF_002875485.1	GCF_005146585.1	ok	4	28	0.00070	0.48022	2731	0	0.9966	5547	0.9950	5687	23	609	false
GCF_002875555.1__GCF_002876915.1	GCF_002875555.1	GCF_002876915.1	ok	1	68	0.00015	0.48296	3160	0	0.9957	6324	0.9894	6543	30	655	false
GCF_002891115.1__GCF_009909265.1	GCF_002891115.1	GCF_009909265.1	ok	13	97	0.00083	0.44170	6921	0	0.9953	15594	0.9938	15669	214	3538	false
GCF_002893785.1__GCF_009647615.1	GCF_002893785.1	GCF_009647615.1	ok	9	192	0.00347	0.47761	1237	0	0.9996	2416	0.9261	2590	29	378	false
GCF_002902105.1__GCF_004684865.1	GCF_002902105.1	GCF_004684865.1	ok	3	145	0.00312	0.47921	461	0	0.9988	816	0.8486	962	21	94	false
GCF_002902745.1__GCF_017368615.1	GCF_002902745.1	GCF_017368615.1	ok	0	251	0.00000	0.40656	620	0	0.8107	1229	0.8344	1525	14	111	false
GCF_002906725.1__GCF_016106685.1	GCF_002906725.1	GCF_016106685.1	ok	2	227	0.00031	0.46926	2984	0	0.9984	6095	0.9641	6359	24	736	false
GCF_002916795.1__GCF_011316565.1	GCF_002916795.1	GCF_011316565.1	ok	2	184	0.00121	0.43194	714	0	0.8830	1404	0.8857	1653	28	103	false
GCF_002923025.1__GCF_002923085.1	GCF_002923025.1	GCF_002923085.1	ok	0	5	0.00000	0.20647	1411	0	0.9997	6796	0.9993	6834	26	776	false
GCF_002931915.1__GCF_002932135.1	GCF_002931915.1	GCF_002932135.1	ok	8	67	0.00165	0.38607	1874	0	0.9952	4762	0.9861	4854	30	834	false
GCF_002931955.1__GCF_002932675.1	GCF_002931955.1	GCF_002932675.1	ok	7	78	0.00142	0.43113	2122	0	0.9936	4808	0.9840	4922	30	841	false
GCF_002932535.1__GCF_002933215.1	GCF_002932535.1	GCF_002933215.1	ok	15	88	0.00311	0.40195	1941	0	0.9908	4720	0.9817	4829	34	849	false
GCF_002978315.1__GCF_002978535.1	GCF_002978315.1	GCF_002978535.1	ok	10	145	0.00244	0.41000	1681	0	0.9796	3946	0.9645	4100	21	698	false
GCF_002979885.1__GCF_002980105.1	GCF_002979885.1	GCF_002980105.1	ok	1	8	0.00009	0.18642	2134	0	0.9997	11411	0.9993	11447	17	1840	false
GCF_002980215.1__GCF_014472375.1	GCF_002980215.1	GCF_014472375.1	ok	13	78	0.00136	0.44630	4276	0	0.9959	9507	0.9919	9581	20	1814	false
GCF_002998215.1__GCF_019149305.1	GCF_002998215.1	GCF_019149305.1	ok	5	23	0.00177	0.38198	1081	0	0.9964	2800	0.9918	2830	18	456	false
GCF_003012835.1__GCF_003385915.1	GCF_003012835.1	GCF_003385915.1	ok	0	30	0.00000	0.32368	2940	0	0.9968	9001	0.9967	9083	60	998	false
GCF_003028395.1__GCF_018344415.1	GCF_003028395.1	GCF_018344415.1	ok	0	35	0.00000	0.41389	2694	0	0.9947	6426	0.9946	6509	21	721	false
GCF_003034305.1__GCF_006265075.1	GCF_003034305.1	GCF_006265075.1	ok	0	100	0.00000	0.01802	6	0	0.6333	209	0.6979	333	27	12	false
GCF_003034305.1__GCF_006265105.1	GCF_003034305.1	GCF_006265105.1	ok	0	102	0.00000	0.01791	6	0	0.6336	211	0.6946	335	28	12	false
GCF_003035515.1__GCF_003042715.1	GCF_003035515.1	GCF_003042715.1	ok	5	263	0.00367	0.36510	498	0	0.9973	1098	0.8060	1364	15	69	false
GCF_003035515.1__GCF_003577625.1	GCF_003035515.1	GCF_003577625.1	ok	3	206	0.00220	0.48972	667	0	0.9382	1032	0.8356	1362	10	70	false
GCF_003035515.1__GCF_003577975.1	GCF_003035515.1	GCF_003577975.1	ok	4	197	0.00363	0.48047	529	0	0.9287	794	0.8040	1101	14	71	false
GCF_003035835.1__GCF_004135035.1	GCF_003035835.1	GCF_004135035.1	ok	1	128	0.00087	0.47125	541	1	0.9118	992	0.8864	1149	13	116	false
GCF_003050685.1__GCF_017301795.1	GCF_003050685.1	GCF_017301795.1	ok	23	46	0.00244	0.19086	1800	0	1.0000	9431	0.9951	9431	190	2196	true
GCF_003070625.1__GCF_004920495.1	GCF_003070625.1	GCF_004920495.1	ok	0	10	0.00000	0.29748	1098	0	0.9975	3649	0.9973	3691	7	349	false
GCF_003076355.1__GCF_003693415.1	GCF_003076355.1	GCF_003693415.1	ok	0	47	0.00000	0.40243	2287	0	0.9998	5635	0.9917	5683	24	865	false
GCF_003086195.1__GCF_900076365.1	GCF_003086195.1	GCF_900076365.1	ok	15	104	0.00224	0.38104	2556	0	0.9973	6611	0.9845	6708	21	906	false
GCF_003086915.1__GCF_016624665.1	GCF_003086915.1	GCF_016624665.1	ok	21	238	0.00369	0.42248	2406	0	0.9998	5499	0.9584	5695	42	2119	false
GCF_003111765.1__GCF_003287775.1	GCF_003111765.1	GCF_003287775.1	ok	5	76	0.00087	0.49117	2810	0	0.9871	5646	0.9867	5721	56	751	false
GCF_003111765.1__GCF_003287795.1	GCF_003111765.1	GCF_003287795.1	ok	17	143	0.00361	0.49194	2318	0	0.9998	4603	0.9698	4712	52	760	false
GCF_003121855.1__GCF_003121945.1	GCF_003121855.1	GCF_003121945.1	ok	3	33	0.00141	0.35078	744	0	0.9962	2083	0.9844	2121	30	261	false
GCF_003124105.1__GCF_016082235.1	GCF_003124105.1	GCF_016082235.1	ok	7	86	0.01613	0.49539	215	0	1.0000	361	0.8045	434	31	31	false
GCF_003124115.1__GCF_003989055.1	GCF_003124115.1	GCF_003989055.1	ok	50	104	0.13405	0.37265	139	0	0.9595	355	0.7476	373	61	30	false
GCF_003182235.1__GCF_004216655.1	GCF_003182235.1	GCF_004216655.1	ok	9	37	0.00113	0.38835	3101	0	0.9995	7950	0.9954	7985	42	2131	false
GCF_003202855.1__GCF_016101375.1	GCF_003202855.1	GCF_016101375.1	ok	5	17	0.00274	0.38424	702	0	0.9978	1816	0.9907	1827	11	353	false
GCF_003206515.1__GCF_009687825.1	GCF_003206515.1	GCF_009687825.1	ok	10	26	0.00284	0.12252	432	0	0.9994	3518	0.9926	3526	66	851	false
GCF_003208415.1__GCF_005281435.1	GCF_003208415.1	GCF_005281435.1	ok	17	57	0.00312	0.27793	1515	0	0.9960	5427	0.9896	5451	39	1309	false
GCF_003253775.1__GCF_003584725.1	GCF_003253775.1	GCF_003584725.1	ok	0	0	0.00000	0.00000	0	0	1.0000	5133	1.0000	5133	36	830	true
GCF_003258855.1__GCF_900604295.1	GCF_003258855.1	GCF_900604295.1	ok	34	634	0.00580	0.43018	2523	0	0.9810	5227	0.8913	5865	90	1726	false
GCF_003259625.1__GCF_009865065.1	GCF_003259625.1	GCF_009865065.1	ok	6	53	0.00047	0.41871	5390	1	0.9989	12766	0.9959	12874	57	1644	false
GCF_003264315.1__GCF_003264355.1	GCF_003264315.1	GCF_003264355.1	ok	21	470	0.00234	0.47016	4222	0	0.9515	8480	0.9476	8980	46	1462	false
GCF_003264325.1__GCF_003264355.1	GCF_003264325.1	GCF_003264355.1	ok	12	472	0.00133	0.48565	4367	0	0.9964	8515	0.9474	8992	48	1466	false
GCF_003264385.1__GCF_003264445.1	GCF_003264385.1	GCF_003264445.1	ok	9	82	0.00135	0.45796	3050	0	0.9965	6581	0.9877	6660	39	1501	false
GCF_003287775.1__GCF_003287795.1	GCF_003287775.1	GCF_003287795.1	ok	13	132	0.00276	0.45873	2162	0	0.9920	4567	0.9719	4713	36	761	false
GCF_003289585.1__GCF_008802075.1	GCF_003289585.1	GCF_008802075.1	ok	6	42	0.00530	0.37721	427	0	0.9927	1088	0.9627	1132	12	139	false
GCF_003289865.1__GCF_008000555.1	GCF_003289865.1	GCF_008000555.1	ok	8	53	0.00736	0.38730	421	0	0.9952	1037	0.9511	1087	6	136	false
GCF_003343265.1__GCF_003343285.1	GCF_003343265.1	GCF_003343285.1	ok	0	0	0.00000	0.00000	0	0	1.0000	5351	1.0000	5351	26	816	true
GCF_003353445.1__GCF_007991555.1	GCF_003353445.1	GCF_007991555.1	ok	0	5	0.00000	0.08759	151	0	1.0000	1712	0.9971	1724	3	142	false
GCF_003385915.1__GCF_006539845.1	GCF_003385915.1	GCF_006539845.1	ok	0	88	0.00000	0.46321	4186	0	0.9998	8899	0.9902	9037	41	988	false
GCF_003387275.1__GCF_004366535.1	GCF_003387275.1	GCF_004366535.1	ok	86	174	0.00836	0.13201	1358	0	0.9999	10283	0.9832	10287	481	4110	false
GCF_003431765.1__GCF_016745295.1	GCF_003431765.1	GCF_016745295.1	ok	17	328	0.00216	0.47052	3703	0	0.9595	7550	0.9584	7870	122	1447	false
GCF_003433795.1__GCF_015550205.1	GCF_003433795.1	GCF_015550205.1	ok	18	172	0.00566	0.41284	1312	0	0.9921	3011	0.9457	3178	34	507	false
GCF_003437625.1__GCF_900454955.1	GCF_003437625.1	GCF_900454955.1	ok	21	206	0.01037	0.46298	938	0	0.9105	1842	0.8991	2026	234	385	false
GCF_003459765.1__GCF_008569025.1	GCF_003459765.1	GCF_008569025.1	ok	23	507	0.00539	0.46804	1999	0	0.9911	3774	0.8810	4271	27	660	false
GCF_003471485.1__GCF_015670895.1	GCF_003471485.1	GCF_015670895.1	ok	9	75	0.00847	0.40640	432	0	0.9758	969	0.9277	1063	19	171	false
GCF_003473685.1__GCF_003479025.1	GCF_003473685.1	GCF_003479025.1	ok	21	87	0.00968	0.48686	1056	0	0.9901	2097	0.9599	2169	51	318	false
GCF_003477535.1__GCF_900103155.1	GCF_003477535.1	GCF_900103155.1	ok	11	78	0.00387	0.47359	1345	0	0.9819	2764	0.9725	2840	26	333	false
GCF_003492905.1__GCF_003493325.1	GCF_003492905.1	GCF_003493325.1	ok	6	20	0.00212	0.26440	748	0	0.9972	2804	0.9929	2829	57	457	false
GCF_003516165.1__GCF_003958395.1	GCF_003516165.1	GCF_003958395.1	ok	93	326	0.01072	0.42233	3665	0	0.9816	8516	0.9628	8678	94	1293	false
GCF_003546685.2__GCF_003546725.2	GCF_003546685.2	GCF_003546725.2	ok	0	2	0.00000	0.29425	675	0	0.9996	2291	0.9991	2294	76	202	false
GCF_003576035.1__GCF_016404565.1	GCF_003576035.1	GCF_016404565.1	ok	6	49	0.00088	0.36041	2454	0	0.9962	6752	0.9928	6809	19	1049	false
GCF_003578925.1__GCF_015235375.1	GCF_003578925.1	GCF_015235375.1	ok	1	131	0.00066	0.42801	651	0	0.9978	1380	0.9132	1521	10	110	false
GCF_003579615.1__GCF_017368615.1	GCF_003579615.1	GCF_017368615.1	ok	8	132	0.00522	0.39961	613	0	0.9181	1402	0.9140	1534	10	106	false
GCF_003590545.1__GCF_016635095.1	GCF_003590545.1	GCF_016635095.1	ok	8	141	0.00739	0.41867	453	0	0.9990	956	0.8705	1082	119	104	false
GCF_003595075.1__GCF_016106695.1	GCF_003595075.1	GCF_016106695.1	ok	8	204	0.00133	0.46756	2803	0	0.9960	5733	0.9656	5995	11	738	false
GCF_003600795.1__GCF_018971125.1	GCF_003600795.1	GCF_018971125.1	ok	0	22	0.00000	0.37292	1774	1	0.9954	4735	0.9954	4758	38	557	false
GCF_003634035.1__GCF_016758215.1	GCF_003634035.1	GCF_016758215.1	ok	1	13	0.00027	0.25740	956	0	0.9981	3700	0.9965	3714	9	1448	false
GCF_003665885.1__GCF_003665985.1	GCF_003665885.1	GCF_003665985.1	ok	16	34	0.00353	0.44690	2024	0	0.9987	4506	0.9925	4529	42	649	false
GCF_003667625.1__GCF_003667675.1	GCF_003667625.1	GCF_003667675.1	ok	9	37	0.00209	0.42615	1835	0	0.9932	4120	0.9911	4306	78	631	false
GCF_003692985.1__GCF_003692995.1	GCF_003692985.1	GCF_003692995.1	ok	0	6	0.00000	0.00264	2	0	0.9973	740	0.9920	758	18	134	false
GCF_003722115.1__GCF_900177455.1	GCF_003722115.1	GCF_900177455.1	ok	0	10	0.00000	0.42510	857	0	0.9945	1998	0.9950	2016	18	192	false
GCF_003789135.1__GCF_015099135.1	GCF_003789135.1	GCF_015099135.1	ok	4	62	0.00101	0.35675	1412	0	0.9856	3897	0.9843	3958	111	819	false
GCF_003789135.1__GCF_900452265.1	GCF_003789135.1	GCF_900452265.1	ok	5	65	0.00127	0.44609	1750	0	0.9995	3866	0.9834	3923	92	805	false
GCF_003797085.1__GCF_013277795.1	GCF_003797085.1	GCF_013277795.1	ok	19	54	0.00194	0.41936	4106	0	0.9984	9767	0.9945	9791	104	2732	false
GCF_003815615.1__GCF_003815635.1	GCF_003815615.1	GCF_003815635.1	ok	9	18	0.00328	0.00255	7	0	1.0000	2744	0.9935	2744	53	317	true
GCF_003850465.1__GCF_003850525.1	GCF_003850465.1	GCF_003850525.1	ok	8	16	0.00073	0.00009	1	0	1.0000	10979	0.9985	10979	76	1924	true
GCF_003855255.1__GCF_017052695.1	GCF_003855255.1	GCF_017052695.1	ok	11	23	0.00103	0.40418	4298	0	1.0000	10632	0.9978	10634	76	1991	false
GCF_003947175.1__GCF_015356275.1	GCF_003947175.1	GCF_015356275.1	ok	1	57	0.00019	0.49747	2653	0	0.9921	5250	0.9893	5333	44	714	false
GCF_003985135.1__GCF_014191925.1	GCF_003985135.1	GCF_014191925.1	ok	23	96	0.00272	0.27461	2324	0	0.9979	8396	0.9887	8463	239	3095	false
GCF_003986875.1__GCF_014779575.1	GCF_003986875.1	GCF_014779575.1	ok	1	66	0.00024	0.49830	2055	0	0.9899	4037	0.9839	4124	20	824	false
GCF_003990125.1__GCF_003990155.1	GCF_003990125.1	GCF_003990155.1	ok	1	21	0.00031	0.49907	1611	0	0.9965	3171	0.9934	3228	16	287	false
GCF_004028055.1__GCF_004054135.1	GCF_004028055.1	GCF_004054135.1	ok	27	186	0.00231	0.49321	5777	0	0.9899	11555	0.9841	11713	308	3348	false
GCF_004103265.1__GCF_014925335.1	GCF_004103265.1	GCF_014925335.1	ok	0	199	0.00000	0.43564	2403	0	0.9602	5289	0.9639	5516	70	553	false
GCF_004115565.1__GCF_004119355.1	GCF_004115565.1	GCF_004119355.1	ok	2	42	0.00138	0.28700	415	0	0.9761	1387	0.9706	1446	10	93	false
GCF_004120665.1__GCF_016406205.1	GCF_004120665.1	GCF_016406205.1	ok	11	40	0.00340	0.25743	832	0	0.9944	3213	0.9877	3232	42	304	false
GCF_004126515.1__GCF_900188075.1	GCF_004126515.1	GCF_900188075.1	ok	24	69	0.00907	0.43273	1145	0	0.9902	2617	0.9741	2646	74	374	false
GCF_004153645.1__GCF_900455725.1	GCF_004153645.1	GCF_900455725.1	ok	7	35	0.00085	0.48865	4005	0	0.9998	8174	0.9957	8196	70	2037	false
GCF_004167485.1__GCF_902506715.1	GCF_004167485.1	GCF_902506715.1	ok	5	60	0.00100	0.37854	1898	0	0.9922	4950	0.9880	5014	26	760	false
GCF_004208915.1__GCF_018141345.1	GCF_004208915.1	GCF_018141345.1	ok	10	70	0.00262	0.31890	1215	0	0.9995	3760	0.9817	3810	72	684	false
GCF_004209325.1__GCF_004209355.1	GCF_004209325.1	GCF_004209355.1	ok	14	73	0.00812	0.41357	713	0	0.9815	1646	0.9572	1724	18	294	false
GCF_004209905.1__GCF_016889965.1	GCF_004209905.1	GCF_016889965.1	ok	5	311	0.00319	0.48151	755	0	0.9992	1267	0.8023	1568	40	185	false
GCF_004303535.1__GCF_004304085.1	GCF_004303535.1	GCF_004304085.1	ok	36	87	0.00438	0.12859	1056	0	0.9994	8191	0.9894	8212	202	3171	false
GCF_004330745.1__GCF_014196235.1	GCF_004330745.1	GCF_014196235.1	ok	24	127	0.00278	0.34815	3008	0	0.9971	8546	0.9853	8640	89	3208	false
GCF_004342375.1__GCF_017918065.1	GCF_004342375.1	GCF_017918065.1	ok	4	43	0.00096	0.25891	1075	0	0.9976	4100	0.9896	4152	20	659	false
GCF_004345845.1__GCF_005930545.1	GCF_004345845.1	GCF_005930545.1	ok	5	80	0.00047	0.44031	4710	0	0.9983	10605	0.9925	10697	115	2214	false
GCF_004346445.1__GCF_900460335.1	GCF_004346445.1	GCF_900460335.1	ok	5	38	0.00337	0.31717	471	0	0.9993	1457	0.9745	1485	26	91	false
GCF_004348575.1__GCF_014205085.1	GCF_004348575.1	GCF_014205085.1	ok	26	514	0.00397	0.48588	3183	0	0.9224	6042	0.9218	6551	91	1561	false
GCF_004359605.1__GCF_004359635.1	GCF_004359605.1	GCF_004359635.1	ok	3	16	0.00166	0.43767	790	0	0.9966	1784	0.9911	1805	12	193	false
GCF_004362605.1__GCF_902705945.1	GCF_004362605.1	GCF_902705945.1	ok	3	39	0.00046	0.48692	3184	0	0.9995	6491	0.9940	6539	25	939	false
GCF_004364395.1__GCF_004794975.1	GCF_004364395.1	GCF_004794975.1	ok	34	142	0.00331	0.47858	4916	0	0.9921	10187	0.9862	10272	187	1858	false
GCF_004365235.1__GCF_004368825.1	GCF_004365235.1	GCF_004368825.1	ok	0	6	0.00000	0.11814	254	1	0.9966	2078	0.9971	2151	26	115	false
GCF_004368175.1__GCF_017350015.1	GCF_004368175.1	GCF_017350015.1	ok	7	86	0.00081	0.41197	3580	0	0.9950	8587	0.9901	8690	29	2032	false
GCF_004382125.1__GCF_013135445.1	GCF_004382125.1	GCF_013135445.1	ok	3	18	0.00081	0.37245	1371	0	0.9984	3657	0.9951	3681	4	517	false
GCF_004421155.1__GCF_004421195.1	GCF_004421155.1	GCF_004421195.1	ok	2	10	0.00070	0.44863	1275	0	0.9964	2745	0.9964	2842	39	274	false
GCF_004524045.1__GCF_019048365.1	GCF_004524045.1	GCF_019048365.1	ok	5	87	0.00110	0.34153	1556	0	0.9998	4479	0.9809	4556	42	1243	false
GCF_004564155.1__GCF_900101805.1	GCF_004564155.1	GCF_900101805.1	ok	7	124	0.00363	0.49223	950	0	0.9347	1803	0.9359	1930	40	212	false
GCF_004564155.1__GCF_900640145.1	GCF_004564155.1	GCF_900640145.1	ok	8	129	0.00414	0.45553	881	0	0.9995	1821	0.9336	1934	41	215	false
GCF_004684865.1__GCF_004745855.1	GCF_004684865.1	GCF_004745855.1	ok	6	31	0.00623	0.47871	461	0	0.9989	937	0.9678	963	16	81	false
GCF_004769515.1__GCF_004769795.1	GCF_004769515.1	GCF_004769795.1	ok	0	53	0.00000	0.41133	1053	0	0.9960	2505	0.9793	2560	12	272	false
GCF_004769745.1__GCF_004770835.1	GCF_004769745.1	GCF_004770835.1	ok	0	15	0.00000	0.26423	1156	0	0.9984	4336	0.9966	4375	10	354	false
GCF_004920495.1__GCF_900640065.1	GCF_004920495.1	GCF_900640065.1	ok	3	25	0.00089	0.38191	1292	0	0.9970	3344	0.9926	3383	8	347	false
GCF_005233685.1__GCF_900005935.1	GCF_005233685.1	GCF_900005935.1	ok	1	23	0.00010	0.37995	3676	0	0.9998	9633	0.9976	9675	168	1531	false
GCF_005503115.1__GCF_014529845.1	GCF_005503115.1	GCF_014529845.1	ok	1	61	0.00007	0.40946	5594	0	0.9991	13576	0.9955	13662	20	3034	false
GCF_005670605.1__GCF_900101555.1	GCF_005670605.1	GCF_900101555.1	ok	13	44	0.00163	0.29712	2363	0	0.9995	7927	0.9945	7953	27	1674	false
GCF_005706215.1__GCF_014524485.1	GCF_005706215.1	GCF_014524485.1	ok	8	16	0.00505	0.00000	0	1	1.0000	1584	0.9899	1584	33	179	true
GCF_005860925.2__GCF_013416305.1	GCF_005860925.2	GCF_013416305.1	ok	16	58	0.00156	0.42633	4378	0	0.9978	10241	0.9944	10269	124	3224	false
GCF_005887445.1__GCF_005887475.1	GCF_005887445.1	GCF_005887475.1	ok	0	68	0.00000	0.42992	2331	0	0.9873	5223	0.9872	5422	47	504	false
GCF_006385265.1__GCF_011800325.1	GCF_006385265.1	GCF_011800325.1	ok	3	27	0.00062	0.38239	1837	0	0.9983	4773	0.9944	4804	11	905	false
GCF_006539265.1__GCF_018257235.1	GCF_006539265.1	GCF_018257235.1	ok	4	67	0.00281	0.41210	586	0	0.9655	1345	0.9526	1422	11	229	false
GCF_006540325.2__GCF_009738555.1	GCF_006540325.2	GCF_009738555.1	ok	5	42	0.00311	0.43657	702	0	0.9795	1574	0.9739	1608	24	180	false
GCF_006714955.1__GCF_007827525.1	GCF_006714955.1	GCF_007827525.1	ok	0	2	0.00000	0.00000	0	0	0.9999	7231	0.9997	7234	72	829	false
GCF_007097495.1__GCF_014207545.1	GCF_007097495.1	GCF_014207545.1	ok	0	53	0.00000	0.39111	1936	0	0.9992	4897	0.9893	4950	53	301	false
GCF_007655045.1__GCF_014651795.1	GCF_007655045.1	GCF_014651795.1	ok	0	30	0.00000	0.30863	1112	0	0.9939	3561	0.9917	3603	37	1003	false
GCF_007676615.1__GCF_007676685.1	GCF_007676615.1	GCF_007676685.1	ok	8	47	0.00155	0.45319	2343	0	0.9961	5119	0.9909	5170	17	880	false
GCF_007676615.1__GCF_007680665.1	GCF_007676615.1	GCF_007680665.1	ok	7	46	0.00136	0.42890	2214	0	0.9980	5112	0.9911	5162	17	873	false
GCF_007676685.1__GCF_007680665.1	GCF_007676685.1	GCF_007680665.1	ok	3	41	0.00056	0.42240	2270	0	0.9966	5313	0.9923	5374	20	873	false
GCF_007828295.1__GCF_900106025.1	GCF_007828295.1	GCF_900106025.1	ok	3	57	0.00030	0.40547	4107	0	1.0000	10076	0.9944	10129	61	2001	false
GCF_007829715.1__GCF_011405175.1	GCF_007829715.1	GCF_011405175.1	ok	40	81	0.01566	0.46554	1189	0	0.9992	2551	0.9688	2554	183	722	false
GCF_007830535.1__GCF_007996985.1	GCF_007830535.1	GCF_007996985.1	ok	7	34	0.00096	0.47959	3489	0	0.9977	7231	0.9953	7275	55	1501	false
GCF_007845585.1__GCF_007845595.1	GCF_007845585.1	GCF_007845595.1	ok	8	36	0.00812	0.43553	429	0	0.9866	956	0.9635	985	7	82	false
GCF_007989225.1__GCF_012396205.1	GCF_007989225.1	GCF_012396205.1	ok	25	408	0.00471	0.47813	2536	0	0.9427	4874	0.9227	5304	30	959	false
GCF_007989225.1__GCF_018917805.1	GCF_007989225.1	GCF_018917805.1	ok	9	151	0.00178	0.41927	2124	0	0.9978	4930	0.9702	5066	19	951	false
GCF_007991355.1__GCF_014645215.1	GCF_007991355.1	GCF_014645215.1	ok	0	20	0.00000	0.31406	766	0	0.9912	2356	0.9916	2439	9	188	false
GCF_008016805.1__GCF_009862035.1	GCF_008016805.1	GCF_009862035.1	ok	12	74	0.00138	0.48004	4185	0	0.9979	8655	0.9915	8718	94	1540	false
GCF_008016805.1__GCF_009862625.1	GCF_008016805.1	GCF_009862625.1	ok	13	586	0.00150	0.49180	4258	0	0.9333	8052	0.9323	8658	101	1528	false
GCF_008271445.1__GCF_008271475.1	GCF_008271445.1	GCF_008271475.1	ok	4	45	0.00085	0.44297	2074	0	0.9938	4634	0.9904	4682	11	906	false
GCF_008802135.1__GCF_902832755.1	GCF_008802135.1	GCF_902832755.1	ok	12	277	0.00081	0.47032	6925	0	0.9828	14449	0.9812	14724	163	4537	false
GCF_008802135.1__GCF_902832795.1	GCF_008802135.1	GCF_902832795.1	ok	2	245	0.00011	0.47390	8850	0	0.9998	18413	0.9869	18675	157	4475	false
GCF_008974205.1__GCF_008974225.1	GCF_008974205.1	GCF_008974225.1	ok	1	77	0.00025	0.33350	1348	0	0.9903	3893	0.9806	4042	41	535	false
GCF_009495795.1__GCF_009495835.1	GCF_009495795.1	GCF_009495835.1	ok	0	14	0.00000	0.41671	823	0	0.9974	1918	0.9928	1975	16	148	false
GCF_009600365.1__GCF_009600385.1	GCF_009600365.1	GCF_009600385.1	ok	5	148	0.00053	0.49347	4644	0	0.9875	9214	0.9842	9411	69	1478	false
GCF_009649495.1__GCF_011028005.1	GCF_009649495.1	GCF_011028005.1	ok	0	24	0.00000	0.31409	321	0	0.9801	984	0.9762	1022	18	171	false
GCF_009665395.1__GCF_009763705.1	GCF_009665395.1	GCF_009763705.1	ok	11	26	0.00372	0.00034	1	0	0.9993	2950	0.9912	2954	97	343	false
GCF_009678145.1__GCF_902387605.1	GCF_009678145.1	GCF_902387605.1	ok	5	50	0.00109	0.36770	1680	0	0.9980	4515	0.9890	4569	28	1129	false
GCF_009706165.1__GCF_015739475.1	GCF_009706165.1	GCF_015739475.1	ok	4	100	0.00127	0.41240	1297	0	0.9699	3033	0.9681	3145	12	296	false
GCF_009707235.1__GCF_014493605.1	GCF_009707235.1	GCF_014493605.1	ok	15	79	0.00275	0.39187	2140	1	0.9961	5404	0.9856	5462	22	994	false
GCF_009727925.1__GCF_009728085.1	GCF_009727925.1	GCF_009728085.1	ok	0	9	0.00000	0.33977	1337	0	0.9980	3903	0.9977	3935	20	293	false
GCF_009763705.1__GCF_009763885.1	GCF_009763705.1	GCF_009763885.1	ok	15	32	0.00507	0.22989	680	0	0.9997	2955	0.9892	2958	102	345	false
GCF_009763885.1__GCF_900460255.1	GCF_009763885.1	GCF_900460255.1	ok	4	12	0.00136	0.00000	0	0	0.9993	2942	0.9959	2946	109	349	false
GCF_009805845.1__GCF_009805855.1	GCF_009805845.1	GCF_009805855.1	ok	0	111	0.00000	0.49615	966	0	0.9995	1835	0.9430	1947	20	473	false
GCF_009805855.1__GCF_009805885.1	GCF_009805855.1	GCF_009805885.1	ok	0	106	0.00000	0.41085	848	0	0.9990	1951	0.9485	2064	19	463	false
GCF_009806145.1__GCF_014636415.1	GCF_009806145.1	GCF_014636415.1	ok	0	2	0.00000	0.29024	1576	1	0.9994	5418	0.9996	5431	0	808	false
GCF_009828735.1__GCF_009828745.1	GCF_009828735.1	GCF_009828745.1	ok	6	36	0.00511	0.30979	364	0	0.9887	1141	0.9693	1175	9	246	false
GCF_009828735.1__GCF_011421495.1	GCF_009828735.1	GCF_011421495.1	ok	0	22	0.00000	0.44513	503	0	0.9919	1103	0.9804	1130	9	248	false
GCF_009862035.1__GCF_009862625.1	GCF_009862035.1	GCF_009862625.1	ok	1	600	0.00008	0.48720	5860	0	0.9482	11358	0.9500	12028	87	1548	false
GCF_009862985.1__GCF_900236505.1	GCF_009862985.1	GCF_900236505.1	ok	23	101	0.00159	0.46839	6795	0	0.9955	14440	0.9930	14507	160	1947	false
GCF_009874035.1__GCF_009876225.1	GCF_009874035.1	GCF_009876225.1	ok	1	11	0.00022	0.06726	309	0	0.9996	4548	0.9976	4594	22	853	false
GCF_009876255.1__GCF_009876265.1	GCF_009876255.1	GCF_009876265.1	ok	2	7	0.00044	0.16482	757	0	0.9993	4550	0.9985	4593	21	851	false
GCF_009904585.1__GCF_009904625.1	GCF_009904585.1	GCF_009904625.1	ok	8	310	0.00188	0.45457	1936	0	0.9481	3784	0.9246	4259	23	585	false
GCF_009904915.1__GCF_009904955.1	GCF_009904915.1	GCF_009904955.1	ok	0	273	0.00000	0.45715	1579	0	0.9187	3029	0.9181	3454	14	346	false
GCF_009904955.1__GCF_009905005.1	GCF_009904955.1	GCF_009905005.1	ok	0	351	0.00000	0.42849	1438	0	0.8858	2832	0.8912	3356	11	339	false
GCF_009911675.1__GCF_009917365.1	GCF_009911675.1	GCF_009917365.1	ok	0	109	0.00000	0.26746	1030	0	0.9947	3584	0.9706	3851	52	411	false
GCF_009914495.1__GCF_009914515.1	GCF_009914495.1	GCF_009914515.1	ok	0	0	0.00000	0.00000	0	0	1.0000	10035	1.0000	10035	79	1586	true
GCF_009931375.1__GCF_013307145.1	GCF_009931375.1	GCF_013307145.1	ok	5	18	0.00037	0.00015	2	0	0.9997	13651	0.9987	13659	536	2776	false
GCF_010548115.1__GCF_018310575.1	GCF_010548115.1	GCF_018310575.1	ok	10	480	0.00098	0.47734	4877	0	0.9523	9729	0.9531	10217	113	1556	false
GCF_010580965.1__GCF_910574975.1	GCF_010580965.1	GCF_910574975.1	ok	4	126	0.00246	0.41621	678	0	0.9744	1449	0.9200	1629	33	213	false
GCF_010721695.1__GCF_900576535.1	GCF_010721695.1	GCF_900576535.1	ok	4	74	0.00307	0.44248	577	0	0.9927	1229	0.9430	1304	24	197	false
GCF_010868115.1__GCF_010868155.1	GCF_010868115.1	GCF_010868155.1	ok	13	147	0.00109	0.48251	5752	0	0.9934	11703	0.9876	11921	117	2183	false
GCF_011007525.1__GCF_013364375.1	GCF_011007525.1	GCF_013364375.1	ok	17	75	0.00259	0.31260	2050	0	0.9934	6513	0.9886	6558	80	1557	false
GCF_011008805.1__GCF_014174455.1	GCF_011008805.1	GCF_014174455.1	ok	10	167	0.00287	0.46760	1631	0	0.9842	3304	0.9518	3488	20	368	false
GCF_011043685.1__GCF_012030475.1	GCF_011043685.1	GCF_012030475.1	ok	3	42	0.00043	0.37901	2625	0	0.9965	6872	0.9939	6926	23	1003	false
GCF_011064785.1__GCF_011065325.1	GCF_011064785.1	GCF_011065325.1	ok	9	18	0.00653	0.00073	1	1	1.0000	1379	0.9870	1379	39	189	true
GCF_011065955.1__GCF_011065975.1	GCF_011065955.1	GCF_011065975.1	ok	31	135	0.01963	0.45028	711	0	0.9562	1464	0.9143	1579	91	222	false
GCF_011090235.1__GCF_012689315.1	GCF_011090235.1	GCF_012689315.1	ok	13	81	0.00522	0.36010	897	1	0.9786	2424	0.9675	2492	61	443	false
GCF_011378705.1__GCF_015864705.1	GCF_011378705.1	GCF_015864705.1	ok	13	90	0.00412	0.46770	1477	1	0.9900	3079	0.9715	3159	49	528	false
GCF_011463375.1__GCF_013184245.1	GCF_011463375.1	GCF_013184245.1	ok	9	33	0.00200	0.37783	1701	0	0.9964	4485	0.9927	4502	38	1335	false
GCF_011604645.1__GCF_011604665.1	GCF_011604645.1	GCF_011604665.1	ok	14	28	0.00124	0.00027	3	0	1.0000	11254	0.9975	11254	178	3044	true
GCF_011682035.1__GCF_018067475.1	GCF_011682035.1	GCF_018067475.1	ok	2	134	0.00061	0.42192	1378	0	0.9898	3106	0.9586	3266	29	295	false
GCF_011751965.1__GCF_011751985.1	GCF_011751965.1	GCF_011751985.1	ok	3	21	0.00072	0.49091	2053	0	0.9978	4144	0.9950	4182	221	658	false
GCF_011753175.1__GCF_902832685.1	GCF_011753175.1	GCF_902832685.1	ok	22	413	0.00223	0.44885	4427	0	0.9968	9464	0.9581	9863	154	3297	false
GCF_011759615.1__GCF_012932485.1	GCF_011759615.1	GCF_012932485.1	ok	0	0	0.00000	0.39891	2046	0	1.0000	5124	1.0000	5129	29	520	false
GCF_012273335.1__GCF_016757895.1	GCF_012273335.1	GCF_016757895.1	ok	7	70	0.00261	0.35437	949	0	0.9996	2622	0.9739	2678	52	380	false
GCF_012295595.1__GCF_900111045.1	GCF_012295595.1	GCF_900111045.1	ok	0	26	0.00000	0.27268	1909	0	0.9966	6975	0.9963	7001	37	993	false
GCF_012396205.1__GCF_018917805.1	GCF_012396205.1	GCF_018917805.1	ok	12	339	0.00251	0.45833	2189	0	0.9982	4455	0.9291	4776	29	930	false
GCF_012396665.1__GCF_016760305.1	GCF_012396665.1	GCF_016760305.1	ok	4	55	0.00468	0.43911	375	0	0.9728	788	0.9348	854	8	100	false
GCF_012584455.1__GCF_018224605.1	GCF_012584455.1	GCF_018224605.1	ok	15	94	0.00432	0.47756	1660	0	0.9974	3395	0.9729	3476	29	662	false
GCF_012726095.1__GCF_017612575.1	GCF_012726095.1	GCF_017612575.1	ok	17	47	0.00736	0.20303	469	0	1.0000	2295	0.9798	2310	32	421	false
GCF_012843815.1__GCF_016902075.1	GCF_012843815.1	GCF_016902075.1	ok	10	79	0.01166	0.49068	421	0	0.9535	780	0.9073	858	18	104	false
GCF_012844035.1__GCF_902386485.1	GCF_012844035.1	GCF_902386485.1	ok	6	66	0.00236	0.35442	902	0	0.9844	2469	0.9739	2545	14	181	false
GCF_012952265.1__GCF_013002825.1	GCF_012952265.1	GCF_013002825.1	ok	13	68	0.00349	0.46131	1717	0	0.9910	3650	0.9817	3722	40	472	false
GCF_013031175.1__GCF_013110885.1	GCF_013031175.1	GCF_013110885.1	ok	47	102	0.01346	0.38076	1330	0	0.9994	3467	0.9710	3493	11	1009	false
GCF_013113955.1__GCF_018779845.1	GCF_013113955.1	GCF_018779845.1	ok	3	41	0.00070	0.44797	1933	0	0.9939	4252	0.9904	4315	19	683	false
GCF_013294265.1__GCF_014230485.1	GCF_013294265.1	GCF_014230485.1	ok	8	80	0.00304	0.45123	1189	0	0.9996	2571	0.9697	2635	41	158	false
GCF_013299545.1__GCF_013300465.1	GCF_013299545.1	GCF_013300465.1	ok	18	79	0.00710	0.45938	1165	0	0.9952	2467	0.9688	2536	19	415	false
GCF_013303395.1__GCF_013303675.1	GCF_013303395.1	GCF_013303675.1	ok	10	87	0.00383	0.45580	1191	0	0.9850	2501	0.9663	2613	12	344	false
GCF_013347125.1__GCF_014805345.1	GCF_013347125.1	GCF_014805345.1	ok	11	37	0.00122	0.26934	2427	0	0.9991	8995	0.9959	9011	275	1597	false
GCF_013385575.1__GCF_013386805.1	GCF_013385575.1	GCF_013386805.1	ok	3	83	0.00024	0.44675	5604	0	0.9958	12437	0.9934	12544	53	2337	false
GCF_013386305.1__GCF_013387025.1	GCF_013386305.1	GCF_013387025.1	ok	6	116	0.00060	0.47207	4708	0	0.9973	9838	0.9883	9973	22	1861	false
GCF_013414285.1__GCF_900115335.1	GCF_013414285.1	GCF_900115335.1	ok	15	119	0.00216	0.48968	3394	0	0.9861	6831	0.9829	6931	206	1294	false
GCF_014076795.1__GCF_014076835.1	GCF_014076795.1	GCF_014076835.1	ok	13	47	0.00346	0.48470	1822	0	0.9973	3697	0.9874	3759	39	301	false
GCF_014142545.1__GCF_014142725.1	GCF_014142545.1	GCF_014142725.1	ok	0	2	0.00000	0.35066	4757	0	0.9999	13527	0.9999	13566	20	2848	false
GCF_014145085.1__GCF_014145265.1	GCF_014145085.1	GCF_014145265.1	ok	1	183	0.00039	0.46560	1191	0	0.9071	1981	0.9179	2558	8	593	false
GCF_014145165.1__GCF_014145265.1	GCF_014145165.1	GCF_014145265.1	ok	4	193	0.00139	0.48493	1400	0	0.9188	2274	0.9240	2887	6	560	false
GCF_014193045.1__GCF_014193085.1	GCF_014193045.1	GCF_014193085.1	ok	10	24	0.00129	0.01517	118	0	0.9995	7772	0.9969	7778	25	1947	false
GCF_014195735.1__GCF_905367735.1	GCF_014195735.1	GCF_905367735.1	ok	9	29	0.00121	0.49697	3695	0	0.9987	7424	0.9961	7435	37	2671	false
GCF_014200515.1__GCF_014200545.1	GCF_014200515.1	GCF_014200545.1	ok	15	86	0.00404	0.43676	1623	1	0.9932	3651	0.9769	3717	30	474	false
GCF_014217915.1__GCF_014883915.1	GCF_014217915.1	GCF_014883915.1	ok	10	20	0.00263	0.00000	0	0	1.0000	3807	0.9948	3807	74	1142	true
GCF_014223895.1__GCF_014223915.1	GCF_014223895.1	GCF_014223915.1	ok	4	27	0.00147	0.48304	1310	0	0.9944	2661	0.9899	2712	29	245	false
GCF_014230485.1__GCF_900461245.1	GCF_014230485.1	GCF_900461245.1	ok	12	84	0.00464	0.47759	1236	0	0.9783	2522	0.9676	2588	55	154	false
GCF_014268225.1__GCF_900591125.1	GCF_014268225.1	GCF_900591125.1	ok	4	33	0.00043	0.42847	4028	0	0.9985	9354	0.9965	9401	21	1795	false
GCF_014299995.1__GCF_014696195.1	GCF_014299995.1	GCF_014696195.1	ok	37	256	0.02697	0.49563	680	0	0.9316	1104	0.8085	1372	53	122	false
GCF_014635785.1__GCF_900187075.1	GCF_014635785.1	GCF_900187075.1	ok	0	17	0.00000	0.49337	744	0	0.9993	1491	0.9887	1508	3	64	false
GCF_014646715.1__GCF_018732265.1	GCF_014646715.1	GCF_018732265.1	ok	12	104	0.00214	0.48857	2736	0	0.9978	5502	0.9814	5600	25	1666	false
GCF_014695745.1__GCF_014696015.1	GCF_014695745.1	GCF_014696015.1	ok	22	155	0.00458	0.43136	2074	0	0.9898	4648	0.9676	4808	51	893	false
GCF_014696495.1__GCF_014696565.1	GCF_014696495.1	GCF_014696565.1	ok	3	36	0.00043	0.20990	1450	1	0.9963	6793	0.9947	6909	176	1203	false
GCF_014696905.1__GCF_014697485.1	GCF_014696905.1	GCF_014697485.1	ok	34	169	0.00858	0.42655	1690	0	0.9855	3815	0.9573	3962	84	386	false
GCF_014697225.1__GCF_014697285.1	GCF_014697225.1	GCF_014697285.1	ok	2	13	0.00020	0.41612	4167	0	0.9993	9935	0.9987	10014	29	1282	false
GCF_014697245.1__GCF_014697285.1	GCF_014697245.1	GCF_014697285.1	ok	2	15	0.00019	0.05226	551	0	0.9993	10459	0.9986	10544	29	1309	false
GCF_014841695.1__GCF_014842725.1	GCF_014841695.1	GCF_014842725.1	ok	0	16	0.00000	0.49653	3654	0	0.9986	7334	0.9978	7359	17	1861	false
GCF_014841935.1__GCF_014842145.1	GCF_014841935.1	GCF_014842145.1	ok	5	37	0.00069	0.35700	2574	0	0.9981	7174	0.9949	7210	22	1826	false
GCF_014858715.1__GCF_018141345.1	GCF_014858715.1	GCF_018141345.1	ok	6	24	0.00154	0.21690	847	0	0.9995	3893	0.9939	3905	144	675	false
GCF_014897385.1__GCF_018333195.1	GCF_014897385.1	GCF_018333195.1	ok	9	101	0.00292	0.49676	1533	0	0.9848	2986	0.9672	3086	41	341	false
GCF_015099135.1__GCF_900452265.1	GCF_015099135.1	GCF_900452265.1	ok	6	17	0.00091	0.42175	2773	0	0.9995	6569	0.9974	6575	155	790	false
GCF_015163595.1__GCF_018457705.1	GCF_015163595.1	GCF_018457705.1	ok	3	26	0.00072	0.27623	1153	0	0.9973	4132	0.9937	4174	27	683	false
GCF_015477305.1__GCF_015478245.1	GCF_015477305.1	GCF_015478245.1	ok	8	47	0.00090	0.41411	3691	0	0.9992	8862	0.9947	8913	72	2372	false
GCF_015548795.1__GCF_015559975.1	GCF_015548795.1	GCF_015559975.1	ok	7	148	0.00206	0.46188	1569	0	0.9661	3223	0.9561	3397	38	453	false
GCF_015552165.1__GCF_016899655.1	GCF_015552165.1	GCF_016899655.1	ok	6	52	0.00538	0.39103	436	0	0.9897	1055	0.9529	1115	4	102	false
GCF_015560245.1__GCF_016642415.1	GCF_015560245.1	GCF_016642415.1	ok	4	23	0.00273	0.37090	543	0	0.9918	1444	0.9843	1464	13	218	false
GCF_015698085.1__GCF_018967085.1	GCF_015698085.1	GCF_018967085.1	ok	2	134	0.00177	0.49250	558	0	0.9400	940	0.8757	1133	132	200	false
GCF_015732195.1__GCF_015732255.1	GCF_015732195.1	GCF_015732255.1	ok	2	69	0.00134	0.47043	700	0	0.9810	1392	0.9529	1488	6	221	false
GCF_015732255.1__GCF_015732315.1	GCF_015732255.1	GCF_015732315.1	ok	9	87	0.00588	0.41280	632	0	0.9649	1429	0.9425	1531	3	214	false
GCF_015767755.1__GCF_015767895.1	GCF_015767755.1	GCF_015767895.1	ok	1	2	0.00010	0.15152	1465	0	1.0000	9667	0.9998	9669	250	1128	false
GCF_016008155.1__GCF_016405785.1	GCF_016008155.1	GCF_016405785.1	ok	5	34	0.00079	0.39126	2470	0	0.9978	6272	0.9946	6313	23	1225	false
GCF_016028775.1__GCF_016127895.1	GCF_016028775.1	GCF_016127895.1	ok	0	0	0.00000	0.00000	0	0	1.0000	2229	1.0000	2229	93	188	true
GCF_016584005.1__GCF_016584015.1	GCF_016584005.1	GCF_016584015.1	ok	0	12	0.00000	0.17919	1471	0	0.9990	8172	0.9985	8209	28	1468	false
GCF_016584005.1__GCF_016653175.1	GCF_016584005.1	GCF_016653175.1	ok	0	10	0.00000	0.19946	1636	0	0.9996	8169	0.9988	8202	28	1468	false
GCF_016584015.1__GCF_016653175.1	GCF_016584015.1	GCF_016653175.1	ok	0	8	0.00000	0.02036	167	0	0.9998	8172	0.9990	8204	28	1470	false
GCF_016649265.1__GCF_016649295.1	GCF_016649265.1	GCF_016649295.1	ok	7	61	0.00038	0.40050	7302	0	0.9981	18124	0.9966	18232	151	4167	false
GCF_016697365.1__GCF_910574985.1	GCF_016697365.1	GCF_910574985.1	ok	73	149	0.02924	0.13016	325	0	0.9952	2484	0.9418	2497	140	389	false
GCF_016722985.1__GCF_017891745.1	GCF_016722985.1	GCF_017891745.1	ok	2	59	0.00172	0.47418	551	1	0.9936	1095	0.9488	1163	20	115	false
GCF_016813095.1__GCF_016813775.1	GCF_016813095.1	GCF_016813775.1	ok	0	6	0.00000	0.00000	0	0	0.9994	6697	0.9991	6724	16	900	false
GCF_016814495.1__GCF_016814565.1	GCF_016814495.1	GCF_016814565.1	ok	0	6	0.00000	0.00098	7	0	0.9996	7150	0.9992	7168	10	941	false
GCF_016837165.1__GCF_016837225.1	GCF_016837165.1	GCF_016837225.1	ok	3	55	0.00091	0.41981	1382	0	0.9912	3165	0.9829	3292	57	291	false
GCF_016899785.1__GCF_904390235.1	GCF_016899785.1	GCF_904390235.1	ok	9	143	0.00469	0.49870	958	0	0.9691	1755	0.9246	1921	37	384	false
GCF_016909095.1__GCF_900156705.1	GCF_016909095.1	GCF_900156705.1	ok	4	32	0.00207	0.36777	712	0	0.9942	1899	0.9834	1936	14	310	false
GCF_016918045.1__GCF_018362795.1	GCF_016918045.1	GCF_018362795.1	ok	16	63	0.00268	0.49799	2975	0	0.9961	5934	0.9895	5974	21	1091	false
GCF_016919465.1__GCF_900637875.1	GCF_016919465.1	GCF_900637875.1	ok	9	47	0.00143	0.31648	1991	0	0.9955	6262	0.9925	6291	71	1346	false
GCF_016949095.1__GCF_016949215.1	GCF_016949095.1	GCF_016949215.1	ok	0	59	0.00000	0.46997	2434	0	0.9920	5064	0.9885	5179	69	754	false
GCF_017052095.1__GCF_017052135.1	GCF_017052095.1	GCF_017052135.1	ok	8	31	0.00151	0.00113	6	0	0.9977	5271	0.9941	5300	24	701	false
GCF_017368495.1__GCF_017368515.1	GCF_017368495.1	GCF_017368515.1	ok	0	20	0.00000	0.44596	557	0	0.9855	1159	0.9831	1249	13	57	false
GCF_017368515.1__GCF_017368575.1	GCF_017368515.1	GCF_017368575.1	ok	0	4	0.00000	0.43955	549	0	0.9923	1167	0.9966	1249	13	59	false
GCF_017368655.1__GCF_900458695.1	GCF_017368655.1	GCF_900458695.1	ok	1	22	0.00065	0.22258	341	0	0.9876	1511	0.9856	1532	13	110	false
GCF_017788805.1__GCF_900324035.1	GCF_017788805.1	GCF_900324035.1	ok	2	132	0.00014	0.47900	6978	0	0.9999	14440	0.9909	14568	206	3387	false
GCF_017815105.1__GCF_019048705.1	GCF_017815105.1	GCF_019048705.1	ok	9	39	0.00176	0.32981	1683	0	0.9998	5082	0.9924	5103	35	1160	false
GCF_017891645.1__GCF_017892725.1	GCF_017891645.1	GCF_017892725.1	ok	2	33	0.00153	0.33716	441	1	0.9867	1259	0.9745	1309	12	104	false
GCF_017916635.1__GCF_018440465.1	GCF_017916635.1	GCF_018440465.1	ok	1	68	0.00021	0.47011	2257	0	0.9895	4704	0.9858	4801	13	629	false
GCF_018068205.1__GCF_018771265.1	GCF_018068205.1	GCF_018771265.1	ok	0	32	0.00000	0.33198	1064	0	0.9997	3173	0.9900	3205	45	294	false
GCF_018327965.1__GCF_018328505.1	GCF_018327965.1	GCF_018328505.1	ok	7	25	0.00993	0.49362	348	0	0.9897	673	0.9638	705	12	97	false
GCF_018458405.1__GCF_018779875.1	GCF_018458405.1	GCF_018779875.1	ok	3	44	0.00072	0.43935	1829	0	0.9927	4102	0.9894	4163	26	673	false
GCF_018500245.1__GCF_018500355.1	GCF_018500245.1	GCF_018500355.1	ok	8	58	0.00579	0.48336	668	0	0.9812	1308	0.9574	1382	17	233	false
GCF_018500425.1__GCF_018500505.1	GCF_018500425.1	GCF_018500505.1	ok	3	43	0.00265	0.46555	527	0	0.9841	1051	0.9608	1132	16	131	false
GCF_018500425.1__GCF_018500565.1	GCF_018500425.1	GCF_018500565.1	ok	5	36	0.00439	0.47193	538	0	0.9808	1074	0.9676	1140	12	132	false
GCF_018500505.1__GCF_018500565.1	GCF_018500505.1	GCF_018500565.1	ok	4	54	0.00341	0.43990	516	0	0.9792	1081	0.9526	1173	16	143	false
GCF_018613105.1__GCF_018613245.1	GCF_018613105.1	GCF_018613245.1	ok	5	46	0.00093	0.37680	2020	0	0.9958	5236	0.9913	5361	48	523	false
GCF_018618015.1__GCF_018618055.1	GCF_018618015.1	GCF_018618055.1	ok	0	0	0.00000	0.43641	1805	0	0.9998	4113	1.0000	4136	12	473	false
GCF_018618505.1__GCF_018618595.1	GCF_018618505.1	GCF_018618595.1	ok	0	20	0.00000	0.42601	1353	0	0.9975	3144	0.9937	3176	33	679	false
GCF_018618605.1__GCF_018618725.1	GCF_018618605.1	GCF_018618725.1	ok	4	18	0.00132	0.37744	1141	0	0.9993	3001	0.9940	3023	38	662	false
GCF_018618775.1__GCF_018618835.1	GCF_018618775.1	GCF_018618835.1	ok	5	38	0.00165	0.48036	1455	0	0.9920	2990	0.9874	3029	10	434	false
GCF_018709825.1__GCF_018847015.1	GCF_018709825.1	GCF_018847015.1	ok	3	78	0.00077	0.33052	1291	0	0.9997	3834	0.9800	3906	43	389	false
GCF_018847015.1__GCF_018847695.1	GCF_018847015.1	GCF_018847695.1	ok	0	0	0.00000	0.00000	0	0	1.0000	3937	1.0000	3937	70	382	true
GCF_018861305.1__GCF_018861855.1	GCF_018861305.1	GCF_018861855.1	ok	2	48	0.00085	0.38796	909	0	0.9839	2267	0.9793	2343	35	182	false
GCF_018912935.1__GCF_018913145.1	GCF_018912935.1	GCF_018913145.1	ok	3	23	0.00118	0.41343	1053	0	0.9953	2515	0.9909	2547	14	350	false
GCF_018916835.1__GCF_900460335.1	GCF_018916835.1	GCF_900460335.1	ok	4	39	0.00347	0.35702	412	0	0.9991	1123	0.9663	1154	28	92	false
GCF_018917405.1__GCF_900205915.1	GCF_018917405.1	GCF_900205915.1	ok	1	158	0.00036	0.42135	1176	0	0.9789	2596	0.9427	2791	30	277	false
GCF_019036895.1__GCF_019037115.1	GCF_019036895.1	GCF_019037115.1	ok	23	82	0.00542	0.39458	1675	0	0.9929	4188	0.9807	4245	48	672	false
GCF_019052335.1__GCF_019127335.1	GCF_019052335.1	GCF_019127335.1	ok	19	187	0.00511	0.44244	1645	0	0.9747	3471	0.9488	3718	44	756	false
GCF_900099475.1__GCF_902386265.1	GCF_900099475.1	GCF_902386265.1	ok	11	130	0.00718	0.49739	762	0	0.9227	1409	0.9154	1532	53	137	false
GCF_900101275.1__GCF_900110905.1	GCF_900101275.1	GCF_900110905.1	ok	0	38	0.00000	0.46414	783	0	0.9813	1630	0.9772	1687	18	212	false
GCF_900102395.1__GCF_900112905.1	GCF_900102395.1	GCF_900112905.1	ok	5	137	0.00314	0.48239	767	0	0.9576	1399	0.9110	1590	30	136	false
GCF_900103075.1__GCF_900108235.1	GCF_900103075.1	GCF_900108235.1	ok	0	0	0.00000	0.15948	1335	0	1.0000	8361	1.0000	8371	22	1344	false
GCF_900108495.1__GCF_900167315.1	GCF_900108495.1	GCF_900167315.1	ok	0	9	0.00000	0.47783	2004	0	1.0000	4171	0.9978	4194	8	685	false
GCF_900143165.1__GCF_900168305.1	GCF_900143165.1	GCF_900168305.1	ok	1	19	0.00017	0.49713	2859	0	0.9993	5721	0.9967	5751	12	964	false
GCF_900143165.1__GCF_900221055.1	GCF_900143165.1	GCF_900221055.1	ok	1	19	0.00017	0.31699	1823	0	0.9993	5721	0.9967	5751	12	962	false
GCF_900149465.2__GCF_900149615.1	GCF_900149465.2	GCF_900149615.1	ok	2	6	0.00187	0.00000	0	0	1.0000	1068	0.9944	1071	24	175	false
GCF_900177895.1__GCF_900182485.2	GCF_900177895.1	GCF_900182485.2	ok	3	70	0.00211	0.45314	643	0	0.9490	1341	0.9505	1419	70	171	false
GCF_900197675.1__GCF_900197695.1	GCF_900197675.1	GCF_900197695.1	ok	4	50	0.00355	0.49467	557	0	0.9703	1045	0.9543	1126	11	104	false
GCF_900197825.1__GCF_900197835.1	GCF_900197825.1	GCF_900197835.1	ok	3	39	0.00172	0.49743	870	0	0.9893	1658	0.9770	1749	16	126	false
GCF_900379805.1__GCF_900379975.1	GCF_900379805.1	GCF_900379975.1	ok	13	224	0.00140	0.15967	1484	0	0.9960	8875	0.9754	9294	332	2354	false
GCF_900380115.1__GCF_900380205.1	GCF_900380115.1	GCF_900380205.1	ok	2	42	0.00021	0.10206	959	0	0.9966	9092	0.9954	9396	50	2184	false
GCF_900447255.1__GCF_900475655.1	GCF_900447255.1	GCF_900475655.1	ok	0	0	0.00000	0.00000	0	1	1.0000	3787	1.0000	3787	84	547	true
GCF_900452285.1__GCF_900637935.1	GCF_900452285.1	GCF_900637935.1	ok	22	44	0.01134	0.42577	826	0	1.0000	1940	0.9776	1940	67	201	true
GCF_900452545.1__GCF_900639855.1	GCF_900452545.1	GCF_900639855.1	ok	5	43	0.00139	0.29780	1070	0	0.9908	3558	0.9880	3593	49	256	false
GCF_900452715.1__GCF_900640165.1	GCF_900452715.1	GCF_900640165.1	ok	10	105	0.00300	0.35015	1166	0	0.9727	3237	0.9685	3330	58	276	false
GCF_900454805.1__GCF_900638655.1	GCF_900454805.1	GCF_900638655.1	ok	11	22	0.00384	0.00070	2	0	1.0000	2867	0.9924	2867	73	307	true
GCF_900475945.1__GCF_900625055.1	GCF_900475945.1	GCF_900625055.1	ok	0	42	0.00000	0.46828	4709	0	0.9959	10014	0.9958	10056	60	1576	false
GCF_900489685.1__GCF_900489825.1	GCF_900489685.1	GCF_900489825.1	ok	0	0	0.00000	0.00000	0	0	1.0000	404	1.0000	404	16	24	true
GCF_900706845.1__GCF_902385615.1	GCF_900706845.1	GCF_902385615.1	ok	6	47	0.00109	0.30938	1705	0	1.0000	5474	0.9915	5511	76	689	false
GCF_902167775.1__GCF_902505515.1	GCF_902167775.1	GCF_902505515.1	ok	21	62	0.00640	0.45990	1508	0	0.9966	3246	0.9811	3279	34	863	false
GCF_902170705.1__GCF_902170775.1	GCF_902170705.1	GCF_902170775.1	ok	4	122	0.00086	0.45151	2109	0	0.9985	4533	0.9738	4671	10	408	false
GCF_902173115.1__GCF_902173195.1	GCF_902173115.1	GCF_902173195.1	ok	1	45	0.00026	0.37391	1413	0	0.9989	3709	0.9880	3779	14	381	false
GCF_902705905.1__GCF_902706055.1	GCF_902705905.1	GCF_902706055.1	ok	0	10	0.00000	0.11050	951	0	0.9989	8498	0.9988	8606	37	989	false
GCF_902706345.1__GCF_902706445.1	GCF_902706345.1	GCF_902706445.1	ok	0	13	0.00000	0.44776	3656	0	0.9989	8111	0.9984	8165	25	931	false
GCF_902831645.1__GCF_902831665.1	GCF_902831645.1	GCF_902831665.1	ok	47	130	0.00450	0.44573	4657	0	0.9992	10401	0.9876	10448	175	3278	false
GCF_902832755.1__GCF_902832795.1	GCF_902832755.1	GCF_902832795.1	ok	12	44	0.00081	0.45785	6757	0	0.9993	14725	0.9970	14758	152	4536	false
GCF_904382665.1__GCF_904419395.1	GCF_904382665.1	GCF_904419395.1	ok	1	287	0.00051	0.43900	860	0	0.9870	1596	0.8477	1959	17	312	false
GCF_904842695.1__GCF_904848685.1	GCF_904842695.1	GCF_904848685.1	ok	9	58	0.00301	0.31940	955	0	0.9949	2939	0.9806	2990	13	991	false
GCF_905109795.1__GCF_905113005.1	GCF_905109795.1	GCF_905113005.1	ok	0	5	0.00000	0.25977	645	0	0.9980	2466	0.9980	2483	39	234	false
