query	reference	ani	ani_uniform	af_query	af_reference	std_err	synteny_blocks	synteny_score	breakpoint_count	het_shape	retention	ani_from_loss	ani_from_hist	enzyme_spread	enzyme_chi2	per_enzyme	n_anchors	n_chains	n_tags	max_block_anchors	mean_block_anchors	flag	ani_gated	gate
NZ_CP050272.1	NZ_CP044493.1	99.1363	99.3295	0.8924	0.9351	0.03542	16	0.9920	15	0.303	0.9595	98.9384	99.4496	0.0748	0.21	AlfI:99.33,AloI:99.28,BcgI:99.28,FalI:99.35	1988	16	1987	326	117.25	ok	99.1363	gamma
NZ_CP050272.1	NZ_AP019720.1	99.2241	99.3350	0.8995	0.9367	0.03502	18	0.9911	17	0.446	0.9598	99.0665	99.4167	0.0713	0.24	AlfI:99.29,AloI:99.30,BcgI:99.32,FalI:99.36	1996	18	1999	335	105.61111111111111	ok	99.2241	gamma
NZ_CP050272.1	NZ_CP133475.1	99.2186	99.3313	0.8997	0.9370	0.03512	17	0.9916	16	0.441	0.9596	99.0665	99.4119	0.0915	0.34	AlfI:99.27,AloI:99.30,BcgI:99.32,FalI:99.36	1992	17	1999	335	111.47058823529412	ok	99.2186	gamma
NZ_CP050272.1	NZ_CP044221.1	99.1602	99.3116	0.8976	0.9542	0.03576	16	0.9920	15	0.355	0.9584	99.0215	99.4004	0.1127	0.21	AlfI:99.27,AloI:99.38,BcgI:99.33,FalI:99.31	1981	16	1990	336	117.3125	ok	99.1602	gamma
NZ_CP050272.1	NZ_CM170107.1	NaN	NaN	0.0000	0.0000	NaN	0	0.0000	0	NaN	NaN	NaN	NaN	0.0000	NaN	-	0	0	0	0	0	BELOW_DETECTION	NaN	none
NZ_CP050272.1	NZ_CP098924.1	NaN	NaN	0.0000	0.0000	NaN	0	0.0000	0	NaN	NaN	NaN	NaN	0.0000	NaN	-	0	0	0	0	0	BELOW_DETECTION	NaN	none
NZ_CP050272.1	NZ_CP126309.1	NaN	NaN	0.0000	0.0000	NaN	0	0.0000	0	NaN	NaN	NaN	NaN	0.0000	NaN	-	0	0	0	0	0	BELOW_DETECTION	NaN	none
NZ_CP050272.1	NZ_CM178757.1	NaN	NaN	0.0000	0.0000	NaN	0	0.0000	0	NaN	NaN	NaN	NaN	0.0000	NaN	-	0	0	0	0	0	BELOW_DETECTION	NaN	none
NZ_CP050272.1	NZ_CP024593.1	NaN	NaN	0.0000	0.0000	NaN	0	0.0000	0	NaN	NaN	NaN	NaN	0.0000	NaN	-	0	0	0	0	0	BELOW_DETECTION	NaN	none
NZ_CP050272.1	NZ_CP084119.1	NaN	NaN	0.0000	0.0000	NaN	0	0.0000	0	NaN	NaN	NaN	NaN	0.0000	NaN	-	50	0	0	0	0	BELOW_DETECTION	NaN	none
NZ_CP050272.1	NZ_CP084137.1	NaN	NaN	0.0000	0.0000	NaN	0	0.0000	0	NaN	NaN	NaN	NaN	0.0000	NaN	-	50	0	0	0	0	BELOW_DETECTION	NaN	none
NZ_CP050272.1	NZ_CP077126.1	NaN	NaN	0.0000	0.0000	NaN	0	0.0000	0	NaN	NaN	NaN	NaN	0.0000	NaN	-	50	0	0	0	0	BELOW_DETECTION	NaN	none
NZ_CP050272.1	NZ_CP084131.1	NaN	NaN	0.0000	0.0000	NaN	0	0.0000	0	NaN	NaN	NaN	NaN	0.0000	NaN	-	50	0	0	0	0	BELOW_DETECTION	NaN	none
NZ_CP050272.1	NZ_CP084142.1	NaN	NaN	0.0000	0.0000	NaN	0	0.0000	0	NaN	NaN	NaN	NaN	0.0000	NaN	-	50	0	0	0	0	BELOW_DETECTION	NaN	none
NZ_CP050272.1	NZ_CP085094.1	NaN	NaN	0.0000	0.0000	NaN	0	0.0000	0	NaN	NaN	NaN	NaN	0.0000	NaN	-	0	0	0	0	0	BELOW_DETECTION	NaN	none
NZ_CP050272.1	NZ_CP104882.1	NaN	NaN	0.0000	0.0000	NaN	0	0.0000	0	NaN	NaN	NaN	NaN	0.0000	NaN	-	0	0	0	0	0	BELOW_DETECTION	NaN	none
NZ_CP050272.1	NZ_CP093913.1	NaN	NaN	0.0000	0.0000	NaN	0	0.0000	0	NaN	NaN	NaN	NaN	0.0000	NaN	-	0	0	0	0	0	BELOW_DETECTION	NaN	none
NZ_CP050272.1	NZ_CP085090.1	NaN	NaN	0.0000	0.0000	NaN	0	0.0000	0	NaN	NaN	NaN	NaN	0.0000	NaN	-	0	0	0	0	0	BELOW_DETECTION	NaN	none
NZ_CP050272.1	NZ_CP085091.1	NaN	NaN	0.0000	0.0000	NaN	0	0.0000	0	NaN	NaN	NaN	NaN	0.0000	NaN	-	0	0	0	0	0	BELOW_DETECTION	NaN	none
NZ_CP050272.1	NZ_CP071434.1	NaN	NaN	0.0000	0.0000	NaN	0	0.0000	0	NaN	NaN	NaN	NaN	0.0000	NaN	-	84	0	0	0	0	BELOW_DETECTION	NaN	none
NZ_CP050272.1	NZ_CP071433.1	NaN	NaN	0.0000	0.0000	NaN	0	0.0000	0	NaN	NaN	NaN	NaN	0.0000	NaN	-	80	0	0	0	0	BELOW_DETECTION	NaN	none
NZ_CP050272.1	NZ_CP071435.1	NaN	NaN	0.0000	0.0000	NaN	0	0.0000	0	NaN	NaN	NaN	NaN	0.0000	NaN	-	81	0	0	0	0	BELOW_DETECTION	NaN	none
NZ_CP050272.1	NZ_CP071431.1	NaN	NaN	0.0000	0.0000	NaN	0	0.0000	0	NaN	NaN	NaN	NaN	0.0000	NaN	-	80	0	0	0	0	BELOW_DETECTION	NaN	none
NZ_CP050272.1	NZ_CP071414.1	NaN	NaN	0.0000	0.0000	NaN	0	0.0000	0	NaN	NaN	NaN	NaN	0.0000	NaN	-	84	0	0	0	0	BELOW_DETECTION	NaN	none
NZ_CP050272.1	NZ_CP117955.1	NaN	NaN	0.0000	0.0000	NaN	0	0.0000	0	NaN	NaN	NaN	NaN	0.0000	NaN	-	0	0	0	0	0	BELOW_DETECTION	NaN	none
NZ_CP050272.1	NZ_CP036550.1	NaN	NaN	0.0000	0.0000	NaN	0	0.0000	0	NaN	NaN	NaN	NaN	0.0000	NaN	-	0	0	0	0	0	BELOW_DETECTION	NaN	none
NZ_CP050272.1	NZ_CP098482.1	NaN	NaN	0.0000	0.0000	NaN	0	0.0000	0	NaN	NaN	NaN	NaN	0.0000	NaN	-	0	0	0	0	0	BELOW_DETECTION	NaN	none
NZ_CP050272.1	NZ_CP069563.1	NaN	NaN	0.0000	0.0000	NaN	0	0.0000	0	NaN	NaN	NaN	NaN	0.0000	NaN	-	0	0	0	0	0	BELOW_DETECTION	NaN	none
NZ_CP050272.1	NZ_CP131534.1	NaN	NaN	0.0000	0.0000	NaN	0	0.0000	0	NaN	NaN	NaN	NaN	0.0000	NaN	-	0	0	0	0	0	BELOW_DETECTION	NaN	none
NZ_CP050272.1	NZ_CP157286.1	NaN	NaN	0.0000	0.0000	NaN	0	0.0000	0	NaN	NaN	NaN	NaN	0.0000	NaN	-	1	0	0	0	0	BELOW_DETECTION	NaN	none
NZ_CP050272.1	NZ_CP065380.1	NaN	NaN	0.0000	0.0000	NaN	0	0.0000	0	NaN	NaN	NaN	NaN	0.0000	NaN	-	0	0	0	0	0	BELOW_DETECTION	NaN	none
NZ_CP050272.1	NZ_CP186690.1	NaN	NaN	0.0000	0.0000	NaN	0	0.0000	0	NaN	NaN	NaN	NaN	0.0000	NaN	-	1	0	0	0	0	BELOW_DETECTION	NaN	none
NZ_CP050272.1	NZ_CP030777.1	NaN	NaN	0.0000	0.0000	NaN	0	0.0000	0	NaN	NaN	NaN	NaN	0.0000	NaN	-	1	0	0	0	0	BELOW_DETECTION	NaN	none
NZ_CP050272.1	NZ_CP170812.1	NaN	NaN	0.0000	0.0000	NaN	0	0.0000	0	NaN	NaN	NaN	NaN	0.0000	NaN	-	0	0	0	0	0	BELOW_DETECTION	NaN	none
NZ_CP050272.1	NZ_CM151391.1	NaN	NaN	0.0000	0.0000	NaN	0	0.0000	0	NaN	NaN	NaN	NaN	0.0000	NaN	-	0	0	0	0	0	BELOW_DETECTION	NaN	none
NZ_CP050272.1	NZ_CP029705.1	NaN	NaN	0.0000	0.0000	NaN	0	0.0000	0	NaN	NaN	NaN	NaN	0.0000	NaN	-	0	0	0	0	0	BELOW_DETECTION	NaN	none
NZ_CP050272.1	NZ_CP027007.1	NaN	NaN	0.0000	0.0000	NaN	0	0.0000	0	NaN	NaN	NaN	NaN	0.0000	NaN	-	0	0	0	0	0	BELOW_DETECTION	NaN	none
NZ_CP050272.1	NZ_CP029703.1	NaN	NaN	0.0000	0.0000	NaN	0	0.0000	0	NaN	NaN	NaN	NaN	0.0000	NaN	-	0	0	0	0	0	BELOW_DETECTION	NaN	none
NZ_CP050272.1	NZ_CP072028.1	NaN	NaN	0.0000	0.0000	NaN	0	0.0000	0	NaN	NaN	NaN	NaN	0.0000	NaN	-	0	0	0	0	0	BELOW_DETECTION	NaN	none
NZ_CP050272.1	NZ_CP046514.1	NaN	NaN	0.0000	0.0000	NaN	0	0.0000	0	NaN	NaN	NaN	NaN	0.0000	NaN	-	20	0	0	0	0	BELOW_DETECTION	NaN	none
NZ_CP050272.1	NZ_CP026999.1	NaN	NaN	0.0000	0.0000	NaN	0	0.0000	0	NaN	NaN	NaN	NaN	0.0000	NaN	-	20	0	0	0	0	BELOW_DETECTION	NaN	none
NZ_CP050272.1	NZ_CP072500.1	NaN	NaN	0.0000	0.0000	NaN	0	0.0000	0	NaN	NaN	NaN	NaN	0.0000	NaN	-	20	0	0	0	0	BELOW_DETECTION	NaN	none
NZ_CP050272.1	NZ_CP010453.1	NaN	NaN	0.0000	0.0000	NaN	0	0.0000	0	NaN	NaN	NaN	NaN	0.0000	NaN	-	15	0	0	0	0	BELOW_DETECTION	NaN	none
NZ_CP050272.1	NZ_CP143939.1	NaN	NaN	0.0000	0.0000	NaN	0	0.0000	0	NaN	NaN	NaN	NaN	0.0000	NaN	-	20	0	0	0	0	BELOW_DETECTION	NaN	none
NZ_CP050272.1	NZ_CP102289.1	NaN	NaN	0.0000	0.0000	NaN	0	0.0000	0	NaN	NaN	NaN	NaN	0.0000	NaN	-	0	0	0	0	0	BELOW_DETECTION	NaN	none
NZ_CP050272.1	NZ_CP097279.1	NaN	NaN	0.0000	0.0000	NaN	0	0.0000	0	NaN	NaN	NaN	NaN	0.0000	NaN	-	0	0	0	0	0	BELOW_DETECTION	NaN	none
NZ_CP050272.1	NZ_JADNJF010000010.1	NaN	NaN	0.0000	0.0000	NaN	0	0.0000	0	NaN	NaN	NaN	NaN	0.0000	NaN	-	5	0	0	0	0	BELOW_DETECTION	NaN	none
NZ_CP050272.1	NZ_JADNLD010000100.1	NaN	NaN	0.0000	0.0000	NaN	0	0.0000	0	NaN	NaN	NaN	NaN	0.0000	NaN	-	5	0	0	0	0	BELOW_DETECTION	NaN	none
NZ_CP050272.1	NZ_JAQEFF010000001.1	NaN	NaN	0.0000	0.0000	NaN	0	0.0000	0	NaN	NaN	NaN	NaN	0.0000	NaN	-	5	0	0	0	0	BELOW_DETECTION	NaN	none
NZ_CP044493.1	NZ_AP019720.1	99.4902	99.6032	0.9752	0.9843	0.02620	14	0.9936	13	0.176	0.9761	99.3802	99.6668	0.3068	3.44	AlfI:99.62,AloI:99.81,BcgI:99.51,FalI:99.61	2113	14	2086	1238	145.92857142857142	ok	99.4902	gamma
NZ_CP044493.1	NZ_CP133475.1	99.4852	99.6015	0.9747	0.9838	0.02626	14	0.9936	13	0.170	0.9760	99.3802	99.6645	0.3068	3.46	AlfI:99.60,AloI:99.81,BcgI:99.51,FalI:99.61	2109	14	2086	1234	145.5	ok	99.4852	gamma
NZ_CP044493.1	NZ_CP044221.1	99.1609	99.4044	0.9593	0.9883	0.03273	8	0.9964	7	0.200	0.9641	99.0136	99.5225	0.0884	0.37	AlfI:99.41,AloI:99.35,BcgI:99.34,FalI:99.43	2042	8	2059	1107	241.625	ok	99.1609	gamma
NZ_CP044493.1	NZ_CM170107.1	NaN	NaN	0.0000	0.0000	NaN	0	0.0000	0	NaN	NaN	NaN	NaN	0.0000	NaN	-	0	0	0	0	0	BELOW_DETECTION	NaN	none
NZ_CP044493.1	NZ_CP098924.1	NaN	NaN	0.0000	0.0000	NaN	0	0.0000	0	NaN	NaN	NaN	NaN	0.0000	NaN	-	0	0	0	0	0	BELOW_DETECTION	NaN	none
NZ_CP044493.1	NZ_CP126309.1	NaN	NaN	0.0000	0.0000	NaN	0	0.0000	0	NaN	NaN	NaN	NaN	0.0000	NaN	-	0	0	0	0	0	BELOW_DETECTION	NaN	none
NZ_CP044493.1	NZ_CM178757.1	NaN	NaN	0.0000	0.0000	NaN	0	0.0000	0	NaN	NaN	NaN	NaN	0.0000	NaN	-	0	0	0	0	0	BELOW_DETECTION	NaN	none
NZ_CP044493.1	NZ_CP024593.1	NaN	NaN	0.0000	0.0000	NaN	0	0.0000	0	NaN	NaN	NaN	NaN	0.0000	NaN	-	0	0	0	0	0	BELOW_DETECTION	NaN	none
NZ_CP044493.1	NZ_CP084119.1	NaN	NaN	0.0000	0.0000	NaN	0	0.0000	0	NaN	NaN	NaN	NaN	0.0000	NaN	-	50	0	0	0	0	BELOW_DETECTION	NaN	none
NZ_CP044493.1	NZ_CP084137.1	NaN	NaN	0.0000	0.0000	NaN	0	0.0000	0	NaN	NaN	NaN	NaN	0.0000	NaN	-	50	0	0	0	0	BELOW_DETECTION	NaN	none
NZ_CP044493.1	NZ_CP077126.1	NaN	NaN	0.0000	0.0000	NaN	0	0.0000	0	NaN	NaN	NaN	NaN	0.0000	NaN	-	50	0	0	0	0	BELOW_DETECTION	NaN	none
NZ_CP044493.1	NZ_CP084131.1	NaN	NaN	0.0000	0.0000	NaN	0	0.0000	0	NaN	NaN	NaN	NaN	0.0000	NaN	-	50	0	0	0	0	BELOW_DETECTION	NaN	none
NZ_CP044493.1	NZ_CP084142.1	NaN	NaN	0.0000	0.0000	NaN	0	0.0000	0	NaN	NaN	NaN	NaN	0.0000	NaN	-	50	0	0	0	0	BELOW_DETECTION	NaN	none
NZ_CP044493.1	NZ_CP085094.1	NaN	NaN	0.0000	0.0000	NaN	0	0.0000	0	NaN	NaN	NaN	NaN	0.0000	NaN	-	0	0	0	0	0	BELOW_DETECTION	NaN	none
NZ_CP044493.1	NZ_CP104882.1	NaN	NaN	0.0000	0.0000	NaN	0	0.0000	0	NaN	NaN	NaN	NaN	0.0000	NaN	-	0	0	0	0	0	BELOW_DETECTION	NaN	none
NZ_CP044493.1	NZ_CP093913.1	NaN	NaN	0.0000	0.0000	NaN	0	0.0000	0	NaN	NaN	NaN	NaN	0.0000	NaN	-	0	0	0	0	0	BELOW_DETECTION	NaN	none
NZ_CP044493.1	NZ_CP085090.1	NaN	NaN	0.0000	0.0000	NaN	0	0.0000	0	NaN	NaN	NaN	NaN	0.0000	NaN	-	0	0	0	0	0	BELOW_DETECTION	NaN	none
NZ_CP044493.1	NZ_CP085091.1	NaN	NaN	0.0000	0.0000	NaN	0	0.0000	0	NaN	NaN	NaN	NaN	0.0000	NaN	-	0	0	0	0	0	BELOW_DETECTION	NaN	none
NZ_CP044493.1	NZ_CP071434.1	NaN	NaN	0.0000	0.0000	NaN	0	0.0000	0	NaN	NaN	NaN	NaN	0.0000	NaN	-	84	0	0	0	0	BELOW_DETECTION	NaN	none
NZ_CP044493.1	NZ_CP071433.1	NaN	NaN	0.0000	0.0000	NaN	0	0.0000	0	NaN	NaN	NaN	NaN	0.0000	NaN	-	81	0	0	0	0	BELOW_DETECTION	NaN	none
NZ_CP044493.1	NZ_CP071435.1	89.6421	89.6421	0.0172	0.0135	1.57922	1	1.0000	0	inf	0.2833	88.9730	94.0479	3.4609	0.13	AlfI:89.24,AloI:87.01,BcgI:89.99,FalI:90.47	84	1	28	7	7	INCONSISTENT	89.6421	uniform_fallback
NZ_CP044493.1	NZ_CP071431.1	NaN	NaN	0.0000	0.0000	NaN	0	0.0000	0	NaN	NaN	NaN	NaN	0.0000	NaN	-	83	0	0	0	0	BELOW_DETECTION	NaN	none
NZ_CP044493.1	NZ_CP071414.1	NaN	NaN	0.0000	0.0000	NaN	0	0.0000	0	NaN	NaN	NaN	NaN	0.0000	NaN	-	85	0	0	0	0	BELOW_DETECTION	NaN	none
NZ_CP044493.1	NZ_CP117955.1	NaN	NaN	0.0000	0.0000	NaN	0	0.0000	0	NaN	NaN	NaN	NaN	0.0000	NaN	-	0	0	0	0	0	BELOW_DETECTION	NaN	none
NZ_CP044493.1	NZ_CP036550.1	NaN	NaN	0.0000	0.0000	NaN	0	0.0000	0	NaN	NaN	NaN	NaN	0.0000	NaN	-	0	0	0	0	0	BELOW_DETECTION	NaN	none
NZ_CP044493.1	NZ_CP098482.1	NaN	NaN	0.0000	0.0000	NaN	0	0.0000	0	NaN	NaN	NaN	NaN	0.0000	NaN	-	0	0	0	0	0	BELOW_DETECTION	NaN	none
NZ_CP044493.1	NZ_CP069563.1	NaN	NaN	0.0000	0.0000	NaN	0	0.0000	0	NaN	NaN	NaN	NaN	0.0000	NaN	-	0	0	0	0	0	BELOW_DETECTION	NaN	none
NZ_CP044493.1	NZ_CP131534.1	NaN	NaN	0.0000	0.0000	NaN	0	0.0000	0	NaN	NaN	NaN	NaN	0.0000	NaN	-	0	0	0	0	0	BELOW_DETECTION	NaN	none
NZ_CP044493.1	NZ_CP157286.1	NaN	NaN	0.0000	0.0000	NaN	0	0.0000	0	NaN	NaN	NaN	NaN	0.0000	NaN	-	1	0	0	0	0	BELOW_DETECTION	NaN	none
NZ_CP044493.1	NZ_CP065380.1	NaN	NaN	0.0000	0.0000	NaN	0	0.0000	0	NaN	NaN	NaN	NaN	0.0000	NaN	-	2	0	0	0	0	BELOW_DETECTION	NaN	none
NZ_CP044493.1	NZ_CP186690.1	NaN	NaN	0.0000	0.0000	NaN	0	0.0000	0	NaN	NaN	NaN	NaN	0.0000	NaN	-	1	0	0	0	0	BELOW_DETECTION	NaN	none
NZ_CP044493.1	NZ_CP030777.1	NaN	NaN	0.0000	0.0000	NaN	0	0.0000	0	NaN	NaN	NaN	NaN	0.0000	NaN	-	1	0	0	0	0	BELOW_DETECTION	NaN	none
NZ_CP044493.1	NZ_CP170812.1	NaN	NaN	0.0000	0.0000	NaN	0	0.0000	0	NaN	NaN	NaN	NaN	0.0000	NaN	-	0	0	0	0	0	BELOW_DETECTION	NaN	none
NZ_CP044493.1	NZ_CM151391.1	NaN	NaN	0.0000	0.0000	NaN	0	0.0000	0	NaN	NaN	NaN	NaN	0.0000	NaN	-	0	0	0	0	0	BELOW_DETECTION	NaN	none
NZ_CP044493.1	NZ_CP029705.1	NaN	NaN	0.0000	0.0000	NaN	0	0.0000	0	NaN	NaN	NaN	NaN	0.0000	NaN	-	0	0	0	0	0	BELOW_DETECTION	NaN	none
NZ_CP044493.1	NZ_CP027007.1	NaN	NaN	0.0000	0.0000	NaN	0	0.0000	0	NaN	NaN	NaN	NaN	0.0000	NaN	-	0	0	0	0	0	BELOW_DETECTION	NaN	none
NZ_CP044493.1	NZ_CP029703.1	NaN	NaN	0.0000	0.0000	NaN	0	0.0000	0	NaN	NaN	NaN	NaN	0.0000	NaN	-	0	0	0	0	0	BELOW_DETECTION	NaN	none
NZ_CP044493.1	NZ_CP072028.1	NaN	NaN	0.0000	0.0000	NaN	0	0.0000	0	NaN	NaN	NaN	NaN	0.0000	NaN	-	0	0	0	0	0	BELOW_DETECTION	NaN	none
NZ_CP044493.1	NZ_CP046514.1	NaN	NaN	0.0000	0.0000	NaN	0	0.0000	0	NaN	NaN	NaN	NaN	0.0000	NaN	-	20	0	0	0	0	BELOW_DETECTION	NaN	none
NZ_CP044493.1	NZ_CP026999.1	NaN	NaN	0.0000	0.0000	NaN	0	0.0000	0	NaN	NaN	NaN	NaN	0.0000	NaN	-	20	0	0	0	0	BELOW_DETECTION	NaN	none
NZ_CP044493.1	NZ_CP072500.1	NaN	NaN	0.0000	0.0000	NaN	0	0.0000	0	NaN	NaN	NaN	NaN	0.0000	NaN	-	20	0	0	0	0	BELOW_DETECTION	NaN	none
NZ_CP044493.1	NZ_CP010453.1	NaN	NaN	0.0000	0.0000	NaN	0	0.0000	0	NaN	NaN	NaN	NaN	0.0000	NaN	-	15	0	0	0	0	BELOW_DETECTION	NaN	none
NZ_CP044493.1	NZ_CP143939.1	NaN	NaN	0.0000	0.0000	NaN	0	0.0000	0	NaN	NaN	NaN	NaN	0.0000	NaN	-	20	0	0	0	0	BELOW_DETECTION	NaN	none
NZ_CP044493.1	NZ_CP102289.1	NaN	NaN	0.0000	0.0000	NaN	0	0.0000	0	NaN	NaN	NaN	NaN	0.0000	NaN	-	1	0	0	0	0	BELOW_DETECTION	NaN	none
NZ_CP044493.1	NZ_CP097279.1	NaN	NaN	0.0000	0.0000	NaN	0	0.0000	0	NaN	NaN	NaN	NaN	0.0000	NaN	-	1	0	0	0	0	BELOW_DETECTION	NaN	none
NZ_CP044493.1	NZ_JADNJF010000010.1	NaN	NaN	0.0000	0.0000	NaN	0	0.0000	0	NaN	NaN	NaN	NaN	0.0000	NaN	-	5	0	0	0	0	BELOW_DETECTION	NaN	none
NZ_CP044493.1	NZ_JADNLD010000100.1	NaN	NaN	0.0000	0.0000	NaN	0	0.0000	0	NaN	NaN	NaN	NaN	0.0000	NaN	-	5	0	0	0	0	BELOW_DETECTION	NaN	none
NZ_CP044493.1	NZ_JAQEFF010000001.1	NaN	NaN	0.0000	0.0000	NaN	0	0.0000	0	NaN	NaN	NaN	NaN	0.0000	NaN	-	5	0	0	0	0	BELOW_DETECTION	NaN	none
NZ_AP019720.1	NZ_CP133475.1	99.9950	99.9950	0.9987	0.9987	0.00284	16	0.9930	15	0.070	0.9997	99.9999	99.9937	0.0180	0.44	AlfI:99.98,AloI:100.00,BcgI:100.00,FalI:100.00	2210	16	2104	1926	134.875	ok	99.9950	gamma
NZ_AP019720.1	NZ_CP044221.1	99.3320	99.4213	0.9689	0.9770	0.03207	11	0.9949	10	0.416	0.9651	99.1954	99.4884	0.0501	0.13	AlfI:99.39,AloI:99.40,BcgI:99.41,FalI:99.44	2068	11	2057	1103	179.1818181818182	ok	99.3320	gamma
NZ_AP019720.1	NZ_CM170107.1	NaN	NaN	0.0000	0.0000	NaN	0	0.0000	0	NaN	NaN	NaN	NaN	0.0000	NaN	-	0	0	0	0	0	BELOW_DETECTION	NaN	none
NZ_AP019720.1	NZ_CP098924.1	NaN	NaN	0.0000	0.0000	NaN	0	0.0000	0	NaN	NaN	NaN	NaN	0.0000	NaN	-	0	0	0	0	0	BELOW_DETECTION	NaN	none
NZ_AP019720.1	NZ_CP126309.1	NaN	NaN	0.0000	0.0000	NaN	0	0.0000	0	NaN	NaN	NaN	NaN	0.0000	NaN	-	0	0	0	0	0	BELOW_DETECTION	NaN	none
NZ_AP019720.1	NZ_CM178757.1	NaN	NaN	0.0000	0.0000	NaN	0	0.0000	0	NaN	NaN	NaN	NaN	0.0000	NaN	-	0	0	0	0	0	BELOW_DETECTION	NaN	none
NZ_AP019720.1	NZ_CP024593.1	NaN	NaN	0.0000	0.0000	NaN	0	0.0000	0	NaN	NaN	NaN	NaN	0.0000	NaN	-	0	0	0	0	0	BELOW_DETECTION	NaN	none
NZ_AP019720.1	NZ_CP084119.1	NaN	NaN	0.0000	0.0000	NaN	0	0.0000	0	NaN	NaN	NaN	NaN	0.0000	NaN	-	50	0	0	0	0	BELOW_DETECTION	NaN	none
NZ_AP019720.1	NZ_CP084137.1	NaN	NaN	0.0000	0.0000	NaN	0	0.0000	0	NaN	NaN	NaN	NaN	0.0000	NaN	-	50	0	0	0	0	BELOW_DETECTION	NaN	none
NZ_AP019720.1	NZ_CP077126.1	NaN	NaN	0.0000	0.0000	NaN	0	0.0000	0	NaN	NaN	NaN	NaN	0.0000	NaN	-	50	0	0	0	0	BELOW_DETECTION	NaN	none
NZ_AP019720.1	NZ_CP084131.1	NaN	NaN	0.0000	0.0000	NaN	0	0.0000	0	NaN	NaN	NaN	NaN	0.0000	NaN	-	50	0	0	0	0	BELOW_DETECTION	NaN	none
NZ_AP019720.1	NZ_CP084142.1	NaN	NaN	0.0000	0.0000	NaN	0	0.0000	0	NaN	NaN	NaN	NaN	0.0000	NaN	-	50	0	0	0	0	BELOW_DETECTION	NaN	none
NZ_AP019720.1	NZ_CP085094.1	NaN	NaN	0.0000	0.0000	NaN	0	0.0000	0	NaN	NaN	NaN	NaN	0.0000	NaN	-	0	0	0	0	0	BELOW_DETECTION	NaN	none
NZ_AP019720.1	NZ_CP104882.1	NaN	NaN	0.0000	0.0000	NaN	0	0.0000	0	NaN	NaN	NaN	NaN	0.0000	NaN	-	0	0	0	0	0	BELOW_DETECTION	NaN	none
NZ_AP019720.1	NZ_CP093913.1	NaN	NaN	0.0000	0.0000	NaN	0	0.0000	0	NaN	NaN	NaN	NaN	0.0000	NaN	-	0	0	0	0	0	BELOW_DETECTION	NaN	none
NZ_AP019720.1	NZ_CP085090.1	NaN	NaN	0.0000	0.0000	NaN	0	0.0000	0	NaN	NaN	NaN	NaN	0.0000	NaN	-	0	0	0	0	0	BELOW_DETECTION	NaN	none
NZ_AP019720.1	NZ_CP085091.1	NaN	NaN	0.0000	0.0000	NaN	0	0.0000	0	NaN	NaN	NaN	NaN	0.0000	NaN	-	0	0	0	0	0	BELOW_DETECTION	NaN	none
NZ_AP019720.1	NZ_CP071434.1	NaN	NaN	0.0000	0.0000	NaN	0	0.0000	0	NaN	NaN	NaN	NaN	0.0000	NaN	-	84	0	0	0	0	BELOW_DETECTION	NaN	none
NZ_AP019720.1	NZ_CP071433.1	NaN	NaN	0.0000	0.0000	NaN	0	0.0000	0	NaN	NaN	NaN	NaN	0.0000	NaN	-	81	0	0	0	0	BELOW_DETECTION	NaN	none
NZ_AP019720.1	NZ_CP071435.1	89.4503	89.4503	0.0172	0.0135	1.57903	1	1.0000	0	inf	0.2749	88.7585	94.0479	2.9761	0.10	AlfI:89.24,AloI:87.01,BcgI:89.99,FalI:89.87	84	1	29	7	7	INCONSISTENT	89.4503	uniform_fallback
NZ_AP019720.1	NZ_CP071431.1	NaN	NaN	0.0000	0.0000	NaN	0	0.0000	0	NaN	NaN	NaN	NaN	0.0000	NaN	-	82	0	0	0	0	BELOW_DETECTION	NaN	none
NZ_AP019720.1	NZ_CP071414.1	NaN	NaN	0.0000	0.0000	NaN	0	0.0000	0	NaN	NaN	NaN	NaN	0.0000	NaN	-	85	0	0	0	0	BELOW_DETECTION	NaN	none
NZ_AP019720.1	NZ_CP117955.1	NaN	NaN	0.0000	0.0000	NaN	0	0.0000	0	NaN	NaN	NaN	NaN	0.0000	NaN	-	0	0	0	0	0	BELOW_DETECTION	NaN	none
NZ_AP019720.1	NZ_CP036550.1	NaN	NaN	0.0000	0.0000	NaN	0	0.0000	0	NaN	NaN	NaN	NaN	0.0000	NaN	-	0	0	0	0	0	BELOW_DETECTION	NaN	none
NZ_AP019720.1	NZ_CP098482.1	NaN	NaN	0.0000	0.0000	NaN	0	0.0000	0	NaN	NaN	NaN	NaN	0.0000	NaN	-	0	0	0	0	0	BELOW_DETECTION	NaN	none
NZ_AP019720.1	NZ_CP069563.1	NaN	NaN	0.0000	0.0000	NaN	0	0.0000	0	NaN	NaN	NaN	NaN	0.0000	NaN	-	0	0	0	0	0	BELOW_DETECTION	NaN	none
NZ_AP019720.1	NZ_CP131534.1	NaN	NaN	0.0000	0.0000	NaN	0	0.0000	0	NaN	NaN	NaN	NaN	0.0000	NaN	-	0	0	0	0	0	BELOW_DETECTION	NaN	none
NZ_AP019720.1	NZ_CP157286.1	NaN	NaN	0.0000	0.0000	NaN	0	0.0000	0	NaN	NaN	NaN	NaN	0.0000	NaN	-	1	0	0	0	0	BELOW_DETECTION	NaN	none
NZ_AP019720.1	NZ_CP065380.1	NaN	NaN	0.0000	0.0000	NaN	0	0.0000	0	NaN	NaN	NaN	NaN	0.0000	NaN	-	0	0	0	0	0	BELOW_DETECTION	NaN	none
NZ_AP019720.1	NZ_CP186690.1	NaN	NaN	0.0000	0.0000	NaN	0	0.0000	0	NaN	NaN	NaN	NaN	0.0000	NaN	-	1	0	0	0	0	BELOW_DETECTION	NaN	none
NZ_AP019720.1	NZ_CP030777.1	NaN	NaN	0.0000	0.0000	NaN	0	0.0000	0	NaN	NaN	NaN	NaN	0.0000	NaN	-	1	0	0	0	0	BELOW_DETECTION	NaN	none
NZ_AP019720.1	NZ_CP170812.1	NaN	NaN	0.0000	0.0000	NaN	0	0.0000	0	NaN	NaN	NaN	NaN	0.0000	NaN	-	0	0	0	0	0	BELOW_DETECTION	NaN	none
NZ_AP019720.1	NZ_CM151391.1	NaN	NaN	0.0000	0.0000	NaN	0	0.0000	0	NaN	NaN	NaN	NaN	0.0000	NaN	-	0	0	0	0	0	BELOW_DETECTION	NaN	none
NZ_AP019720.1	NZ_CP029705.1	NaN	NaN	0.0000	0.0000	NaN	0	0.0000	0	NaN	NaN	NaN	NaN	0.0000	NaN	-	0	0	0	0	0	BELOW_DETECTION	NaN	none
NZ_AP019720.1	NZ_CP027007.1	NaN	NaN	0.0000	0.0000	NaN	0	0.0000	0	NaN	NaN	NaN	NaN	0.0000	NaN	-	0	0	0	0	0	BELOW_DETECTION	NaN	none
NZ_AP019720.1	NZ_CP029703.1	NaN	NaN	0.0000	0.0000	NaN	0	0.0000	0	NaN	NaN	NaN	NaN	0.0000	NaN	-	0	0	0	0	0	BELOW_DETECTION	NaN	none
NZ_AP019720.1	NZ_CP072028.1	NaN	NaN	0.0000	0.0000	NaN	0	0.0000	0	NaN	NaN	NaN	NaN	0.0000	NaN	-	0	0	0	0	0	BELOW_DETECTION	NaN	none
NZ_AP019720.1	NZ_CP046514.1	NaN	NaN	0.0000	0.0000	NaN	0	0.0000	0	NaN	NaN	NaN	NaN	0.0000	NaN	-	20	0	0	0	0	BELOW_DETECTION	NaN	none
NZ_AP019720.1	NZ_CP026999.1	NaN	NaN	0.0000	0.0000	NaN	0	0.0000	0	NaN	NaN	NaN	NaN	0.0000	NaN	-	20	0	0	0	0	BELOW_DETECTION	NaN	none
NZ_AP019720.1	NZ_CP072500.1	NaN	NaN	0.0000	0.0000	NaN	0	0.0000	0	NaN	NaN	NaN	NaN	0.0000	NaN	-	20	0	0	0	0	BELOW_DETECTION	NaN	none
NZ_AP019720.1	NZ_CP010453.1	NaN	NaN	0.0000	0.0000	NaN	0	0.0000	0	NaN	NaN	NaN	NaN	0.0000	NaN	-	15	0	0	0	0	BELOW_DETECTION	NaN	none
NZ_AP019720.1	NZ_CP143939.1	NaN	NaN	0.0000	0.0000	NaN	0	0.0000	0	NaN	NaN	NaN	NaN	0.0000	NaN	-	20	0	0	0	0	BELOW_DETECTION	NaN	none
NZ_AP019720.1	NZ_CP102289.1	NaN	NaN	0.0000	0.0000	NaN	0	0.0000	0	NaN	NaN	NaN	NaN	0.0000	NaN	-	1	0	0	0	0	BELOW_DETECTION	NaN	none
NZ_AP019720.1	NZ_CP097279.1	NaN	NaN	0.0000	0.0000	NaN	0	0.0000	0	NaN	NaN	NaN	NaN	0.0000	NaN	-	1	0	0	0	0	BELOW_DETECTION	NaN	none
NZ_AP019720.1	NZ_JADNJF010000010.1	NaN	NaN	0.0000	0.0000	NaN	0	0.0000	0	NaN	NaN	NaN	NaN	0.0000	NaN	-	5	0	0	0	0	BELOW_DETECTION	NaN	none
NZ_AP019720.1	NZ_JADNLD010000100.1	NaN	NaN	0.0000	0.0000	NaN	0	0.0000	0	NaN	NaN	NaN	NaN	0.0000	NaN	-	5	0	0	0	0	BELOW_DETECTION	NaN	none
NZ_AP019720.1	NZ_JAQEFF010000001.1	NaN	NaN	0.0000	0.0000	NaN	0	0.0000	0	NaN	NaN	NaN	NaN	0.0000	NaN	-	5	0	0	0	0	BELOW_DETECTION	NaN	none
NZ_CP133475.1	NZ_CP044221.1	99.3320	99.4240	0.9686	0.9766	0.03203	9	0.9959	8	0.404	0.9652	99.1943	99.4922	0.0468	0.12	AlfI:99.39,AloI:99.40,BcgI:99.41,FalI:99.44	2066	9	2054	1103	218.44444444444446	ok	99.3320	gamma
NZ_CP133475.1	NZ_CM170107.1	NaN	NaN	0.0000	0.0000	NaN	0	0.0000	0	NaN	NaN	NaN	NaN	0.0000	NaN	-	0	0	0	0	0	BELOW_DETECTION	NaN	none
NZ_CP133475.1	NZ_CP098924.1	NaN	NaN	0.0000	0.0000	NaN	0	0.0000	0	NaN	NaN	NaN	NaN	0.0000	NaN	-	0	0	0	0	0	BELOW_DETECTION	NaN	none
NZ_CP133475.1	NZ_CP126309.1	NaN	NaN	0.0000	0.0000	NaN	0	0.0000	0	NaN	NaN	NaN	NaN	0.0000	NaN	-	0	0	0	0	0	BELOW_DETECTION	NaN	none
NZ_CP133475.1	NZ_CM178757.1	NaN	NaN	0.0000	0.0000	NaN	0	0.0000	0	NaN	NaN	NaN	NaN	0.0000	NaN	-	0	0	0	0	0	BELOW_DETECTION	NaN	none
NZ_CP133475.1	NZ_CP024593.1	NaN	NaN	0.0000	0.0000	NaN	0	0.0000	0	NaN	NaN	NaN	NaN	0.0000	NaN	-	0	0	0	0	0	BELOW_DETECTION	NaN	none
NZ_CP133475.1	NZ_CP084119.1	NaN	NaN	0.0000	0.0000	NaN	0	0.0000	0	NaN	NaN	NaN	NaN	0.0000	NaN	-	50	0	0	0	0	BELOW_DETECTION	NaN	none
NZ_CP133475.1	NZ_CP084137.1	NaN	NaN	0.0000	0.0000	NaN	0	0.0000	0	NaN	NaN	NaN	NaN	0.0000	NaN	-	50	0	0	0	0	BELOW_DETECTION	NaN	none
NZ_CP133475.1	NZ_CP077126.1	NaN	NaN	0.0000	0.0000	NaN	0	0.0000	0	NaN	NaN	NaN	NaN	0.0000	NaN	-	50	0	0	0	0	BELOW_DETECTION	NaN	none
NZ_CP133475.1	NZ_CP084131.1	NaN	NaN	0.0000	0.0000	NaN	0	0.0000	0	NaN	NaN	NaN	NaN	0.0000	NaN	-	50	0	0	0	0	BELOW_DETECTION	NaN	none
NZ_CP133475.1	NZ_CP084142.1	NaN	NaN	0.0000	0.0000	NaN	0	0.0000	0	NaN	NaN	NaN	NaN	0.0000	NaN	-	50	0	0	0	0	BELOW_DETECTION	NaN	none
NZ_CP133475.1	NZ_CP085094.1	NaN	NaN	0.0000	0.0000	NaN	0	0.0000	0	NaN	NaN	NaN	NaN	0.0000	NaN	-	0	0	0	0	0	BELOW_DETECTION	NaN	none
NZ_CP133475.1	NZ_CP104882.1	NaN	NaN	0.0000	0.0000	NaN	0	0.0000	0	NaN	NaN	NaN	NaN	0.0000	NaN	-	0	0	0	0	0	BELOW_DETECTION	NaN	none
NZ_CP133475.1	NZ_CP093913.1	NaN	NaN	0.0000	0.0000	NaN	0	0.0000	0	NaN	NaN	NaN	NaN	0.0000	NaN	-	0	0	0	0	0	BELOW_DETECTION	NaN	none
NZ_CP133475.1	NZ_CP085090.1	NaN	NaN	0.0000	0.0000	NaN	0	0.0000	0	NaN	NaN	NaN	NaN	0.0000	NaN	-	0	0	0	0	0	BELOW_DETECTION	NaN	none
NZ_CP133475.1	NZ_CP085091.1	NaN	NaN	0.0000	0.0000	NaN	0	0.0000	0	NaN	NaN	NaN	NaN	0.0000	NaN	-	0	0	0	0	0	BELOW_DETECTION	NaN	none
NZ_CP133475.1	NZ_CP071434.1	NaN	NaN	0.0000	0.0000	NaN	0	0.0000	0	NaN	NaN	NaN	NaN	0.0000	NaN	-	84	0	0	0	0	BELOW_DETECTION	NaN	none
NZ_CP133475.1	NZ_CP071433.1	NaN	NaN	0.0000	0.0000	NaN	0	0.0000	0	NaN	NaN	NaN	NaN	0.0000	NaN	-	81	0	0	0	0	BELOW_DETECTION	NaN	none
NZ_CP133475.1	NZ_CP071435.1	89.4503	89.4503	0.0172	0.0135	1.57903	1	1.0000	0	inf	0.2749	88.7585	94.0479	2.9761	0.10	AlfI:89.24,AloI:87.01,BcgI:89.99,FalI:89.87	84	1	29	7	7	INCONSISTENT	89.4503	uniform_fallback
NZ_CP133475.1	NZ_CP071431.1	NaN	NaN	0.0000	0.0000	NaN	0	0.0000	0	NaN	NaN	NaN	NaN	0.0000	NaN	-	82	0	0	0	0	BELOW_DETECTION	NaN	none
NZ_CP133475.1	NZ_CP071414.1	NaN	NaN	0.0000	0.0000	NaN	0	0.0000	0	NaN	NaN	NaN	NaN	0.0000	NaN	-	85	0	0	0	0	BELOW_DETECTION	NaN	none
NZ_CP133475.1	NZ_CP117955.1	NaN	NaN	0.0000	0.0000	NaN	0	0.0000	0	NaN	NaN	NaN	NaN	0.0000	NaN	-	0	0	0	0	0	BELOW_DETECTION	NaN	none
NZ_CP133475.1	NZ_CP036550.1	NaN	NaN	0.0000	0.0000	NaN	0	0.0000	0	NaN	NaN	NaN	NaN	0.0000	NaN	-	0	0	0	0	0	BELOW_DETECTION	NaN	none
NZ_CP133475.1	NZ_CP098482.1	NaN	NaN	0.0000	0.0000	NaN	0	0.0000	0	NaN	NaN	NaN	NaN	0.0000	NaN	-	0	0	0	0	0	BELOW_DETECTION	NaN	none
NZ_CP133475.1	NZ_CP069563.1	NaN	NaN	0.0000	0.0000	NaN	0	0.0000	0	NaN	NaN	NaN	NaN	0.0000	NaN	-	0	0	0	0	0	BELOW_DETECTION	NaN	none
NZ_CP133475.1	NZ_CP131534.1	NaN	NaN	0.0000	0.0000	NaN	0	0.0000	0	NaN	NaN	NaN	NaN	0.0000	NaN	-	0	0	0	0	0	BELOW_DETECTION	NaN	none
NZ_CP133475.1	NZ_CP157286.1	NaN	NaN	0.0000	0.0000	NaN	0	0.0000	0	NaN	NaN	NaN	NaN	0.0000	NaN	-	1	0	0	0	0	BELOW_DETECTION	NaN	none
NZ_CP133475.1	NZ_CP065380.1	NaN	NaN	0.0000	0.0000	NaN	0	0.0000	0	NaN	NaN	NaN	NaN	0.0000	NaN	-	0	0	0	0	0	BELOW_DETECTION	NaN	none
NZ_CP133475.1	NZ_CP186690.1	NaN	NaN	0.0000	0.0000	NaN	0	0.0000	0	NaN	NaN	NaN	NaN	0.0000	NaN	-	1	0	0	0	0	BELOW_DETECTION	NaN	none
NZ_CP133475.1	NZ_CP030777.1	NaN	NaN	0.0000	0.0000	NaN	0	0.0000	0	NaN	NaN	NaN	NaN	0.0000	NaN	-	1	0	0	0	0	BELOW_DETECTION	NaN	none
NZ_CP133475.1	NZ_CP170812.1	NaN	NaN	0.0000	0.0000	NaN	0	0.0000	0	NaN	NaN	NaN	NaN	0.0000	NaN	-	0	0	0	0	0	BELOW_DETECTION	NaN	none
NZ_CP133475.1	NZ_CM151391.1	NaN	NaN	0.0000	0.0000	NaN	0	0.0000	0	NaN	NaN	NaN	NaN	0.0000	NaN	-	0	0	0	0	0	BELOW_DETECTION	NaN	none
NZ_CP133475.1	NZ_CP029705.1	NaN	NaN	0.0000	0.0000	NaN	0	0.0000	0	NaN	NaN	NaN	NaN	0.0000	NaN	-	0	0	0	0	0	BELOW_DETECTION	NaN	none
NZ_CP133475.1	NZ_CP027007.1	NaN	NaN	0.0000	0.0000	NaN	0	0.0000	0	NaN	NaN	NaN	NaN	0.0000	NaN	-	0	0	0	0	0	BELOW_DETECTION	NaN	none
NZ_CP133475.1	NZ_CP029703.1	NaN	NaN	0.0000	0.0000	NaN	0	0.0000	0	NaN	NaN	NaN	NaN	0.0000	NaN	-	0	0	0	0	0	BELOW_DETECTION	NaN	none
NZ_CP133475.1	NZ_CP072028.1	NaN	NaN	0.0000	0.0000	NaN	0	0.0000	0	NaN	NaN	NaN	NaN	0.0000	NaN	-	0	0	0	0	0	BELOW_DETECTION	NaN	none
NZ_CP133475.1	NZ_CP046514.1	NaN	NaN	0.0000	0.0000	NaN	0	0.0000	0	NaN	NaN	NaN	NaN	0.0000	NaN	-	20	0	0	0	0	BELOW_DETECTION	NaN	none
NZ_CP133475.1	NZ_CP026999.1	NaN	NaN	0.0000	0.0000	NaN	0	0.0000	0	NaN	NaN	NaN	NaN	0.0000	NaN	-	20	0	0	0	0	BELOW_DETECTION	NaN	none
NZ_CP133475.1	NZ_CP072500.1	NaN	NaN	0.0000	0.0000	NaN	0	0.0000	0	NaN	NaN	NaN	NaN	0.0000	NaN	-	20	0	0	0	0	BELOW_DETECTION	NaN	none
NZ_CP133475.1	NZ_CP010453.1	NaN	NaN	0.0000	0.0000	NaN	0	0.0000	0	NaN	NaN	NaN	NaN	0.0000	NaN	-	15	0	0	0	0	BELOW_DETECTION	NaN	none
NZ_CP133475.1	NZ_CP143939.1	NaN	NaN	0.0000	0.0000	NaN	0	0.0000	0	NaN	NaN	NaN	NaN	0.0000	NaN	-	20	0	0	0	0	BELOW_DETECTION	NaN	none
NZ_CP133475.1	NZ_CP102289.1	NaN	NaN	0.0000	0.0000	NaN	0	0.0000	0	NaN	NaN	NaN	NaN	0.0000	NaN	-	1	0	0	0	0	BELOW_DETECTION	NaN	none
NZ_CP133475.1	NZ_CP097279.1	NaN	NaN	0.0000	0.0000	NaN	0	0.0000	0	NaN	NaN	NaN	NaN	0.0000	NaN	-	1	0	0	0	0	BELOW_DETECTION	NaN	none
NZ_CP133475.1	NZ_JADNJF010000010.1	NaN	NaN	0.0000	0.0000	NaN	0	0.0000	0	NaN	NaN	NaN	NaN	0.0000	NaN	-	5	0	0	0	0	BELOW_DETECTION	NaN	none
NZ_CP133475.1	NZ_JADNLD010000100.1	NaN	NaN	0.0000	0.0000	NaN	0	0.0000	0	NaN	NaN	NaN	NaN	0.0000	NaN	-	5	0	0	0	0	BELOW_DETECTION	NaN	none
NZ_CP133475.1	NZ_JAQEFF010000001.1	NaN	NaN	0.0000	0.0000	NaN	0	0.0000	0	NaN	NaN	NaN	NaN	0.0000	NaN	-	5	0	0	0	0	BELOW_DETECTION	NaN	none
NZ_CP044221.1	NZ_CM170107.1	NaN	NaN	0.0000	0.0000	NaN	0	0.0000	0	NaN	NaN	NaN	NaN	0.0000	NaN	-	0	0	0	0	0	BELOW_DETECTION	NaN	none
NZ_CP044221.1	NZ_CP098924.1	NaN	NaN	0.0000	0.0000	NaN	0	0.0000	0	NaN	NaN	NaN	NaN	0.0000	NaN	-	0	0	0	0	0	BELOW_DETECTION	NaN	none
NZ_CP044221.1	NZ_CP126309.1	NaN	NaN	0.0000	0.0000	NaN	0	0.0000	0	NaN	NaN	NaN	NaN	0.0000	NaN	-	0	0	0	0	0	BELOW_DETECTION	NaN	none
NZ_CP044221.1	NZ_CM178757.1	NaN	NaN	0.0000	0.0000	NaN	0	0.0000	0	NaN	NaN	NaN	NaN	0.0000	NaN	-	0	0	0	0	0	BELOW_DETECTION	NaN	none
NZ_CP044221.1	NZ_CP024593.1	NaN	NaN	0.0000	0.0000	NaN	0	0.0000	0	NaN	NaN	NaN	NaN	0.0000	NaN	-	0	0	0	0	0	BELOW_DETECTION	NaN	none
NZ_CP044221.1	NZ_CP084119.1	NaN	NaN	0.0000	0.0000	NaN	0	0.0000	0	NaN	NaN	NaN	NaN	0.0000	NaN	-	50	0	0	0	0	BELOW_DETECTION	NaN	none
NZ_CP044221.1	NZ_CP084137.1	NaN	NaN	0.0000	0.0000	NaN	0	0.0000	0	NaN	NaN	NaN	NaN	0.0000	NaN	-	50	0	0	0	0	BELOW_DETECTION	NaN	none
NZ_CP044221.1	NZ_CP077126.1	NaN	NaN	0.0000	0.0000	NaN	0	0.0000	0	NaN	NaN	NaN	NaN	0.0000	NaN	-	50	0	0	0	0	BELOW_DETECTION	NaN	none
NZ_CP044221.1	NZ_CP084131.1	NaN	NaN	0.0000	0.0000	NaN	0	0.0000	0	NaN	NaN	NaN	NaN	0.0000	NaN	-	50	0	0	0	0	BELOW_DETECTION	NaN	none
NZ_CP044221.1	NZ_CP084142.1	NaN	NaN	0.0000	0.0000	NaN	0	0.0000	0	NaN	NaN	NaN	NaN	0.0000	NaN	-	50	0	0	0	0	BELOW_DETECTION	NaN	none
NZ_CP044221.1	NZ_CP085094.1	NaN	NaN	0.0000	0.0000	NaN	0	0.0000	0	NaN	NaN	NaN	NaN	0.0000	NaN	-	0	0	0	0	0	BELOW_DETECTION	NaN	none
NZ_CP044221.1	NZ_CP104882.1	NaN	NaN	0.0000	0.0000	NaN	0	0.0000	0	NaN	NaN	NaN	NaN	0.0000	NaN	-	0	0	0	0	0	BELOW_DETECTION	NaN	none
NZ_CP044221.1	NZ_CP093913.1	NaN	NaN	0.0000	0.0000	NaN	0	0.0000	0	NaN	NaN	NaN	NaN	0.0000	NaN	-	0	0	0	0	0	BELOW_DETECTION	NaN	none
NZ_CP044221.1	NZ_CP085090.1	NaN	NaN	0.0000	0.0000	NaN	0	0.0000	0	NaN	NaN	NaN	NaN	0.0000	NaN	-	0	0	0	0	0	BELOW_DETECTION	NaN	none
NZ_CP044221.1	NZ_CP085091.1	NaN	NaN	0.0000	0.0000	NaN	0	0.0000	0	NaN	NaN	NaN	NaN	0.0000	NaN	-	0	0	0	0	0	BELOW_DETECTION	NaN	none
NZ_CP044221.1	NZ_CP071434.1	NaN	NaN	0.0000	0.0000	NaN	0	0.0000	0	NaN	NaN	NaN	NaN	0.0000	NaN	-	85	0	0	0	0	BELOW_DETECTION	NaN	none
NZ_CP044221.1	NZ_CP071433.1	NaN	NaN	0.0000	0.0000	NaN	0	0.0000	0	NaN	NaN	NaN	NaN	0.0000	NaN	-	81	0	0	0	0	BELOW_DETECTION	NaN	none
NZ_CP044221.1	NZ_CP071435.1	NaN	NaN	0.0000	0.0000	NaN	0	0.0000	0	NaN	NaN	NaN	NaN	0.0000	NaN	-	82	0	0	0	0	BELOW_DETECTION	NaN	none
NZ_CP044221.1	NZ_CP071431.1	NaN	NaN	0.0000	0.0000	NaN	0	0.0000	0	NaN	NaN	NaN	NaN	0.0000	NaN	-	85	0	0	0	0	BELOW_DETECTION	NaN	none
NZ_CP044221.1	NZ_CP071414.1	87.8614	87.8614	0.0167	0.0141	1.80722	1	1.0000	0	inf	0.2062	86.8035	95.7394	1.8487	0.12	AlfI:87.69,BcgI:87.76,FalI:89.54	84	1	30	5	5	INCONSISTENT	87.8614	uniform_fallback
NZ_CP044221.1	NZ_CP117955.1	NaN	NaN	0.0000	0.0000	NaN	0	0.0000	0	NaN	NaN	NaN	NaN	0.0000	NaN	-	0	0	0	0	0	BELOW_DETECTION	NaN	none
NZ_CP044221.1	NZ_CP036550.1	NaN	NaN	0.0000	0.0000	NaN	0	0.0000	0	NaN	NaN	NaN	NaN	0.0000	NaN	-	0	0	0	0	0	BELOW_DETECTION	NaN	none
NZ_CP044221.1	NZ_CP098482.1	NaN	NaN	0.0000	0.0000	NaN	0	0.0000	0	NaN	NaN	NaN	NaN	0.0000	NaN	-	0	0	0	0	0	BELOW_DETECTION	NaN	none
NZ_CP044221.1	NZ_CP069563.1	NaN	NaN	0.0000	0.0000	NaN	0	0.0000	0	NaN	NaN	NaN	NaN	0.0000	NaN	-	0	0	0	0	0	BELOW_DETECTION	NaN	none
NZ_CP044221.1	NZ_CP131534.1	NaN	NaN	0.0000	0.0000	NaN	0	0.0000	0	NaN	NaN	NaN	NaN	0.0000	NaN	-	0	0	0	0	0	BELOW_DETECTION	NaN	none
NZ_CP044221.1	NZ_CP157286.1	NaN	NaN	0.0000	0.0000	NaN	0	0.0000	0	NaN	NaN	NaN	NaN	0.0000	NaN	-	1	0	0	0	0	BELOW_DETECTION	NaN	none
NZ_CP044221.1	NZ_CP065380.1	NaN	NaN	0.0000	0.0000	NaN	0	0.0000	0	NaN	NaN	NaN	NaN	0.0000	NaN	-	0	0	0	0	0	BELOW_DETECTION	NaN	none
NZ_CP044221.1	NZ_CP186690.1	NaN	NaN	0.0000	0.0000	NaN	0	0.0000	0	NaN	NaN	NaN	NaN	0.0000	NaN	-	1	0	0	0	0	BELOW_DETECTION	NaN	none
NZ_CP044221.1	NZ_CP030777.1	NaN	NaN	0.0000	0.0000	NaN	0	0.0000	0	NaN	NaN	NaN	NaN	0.0000	NaN	-	1	0	0	0	0	BELOW_DETECTION	NaN	none
NZ_CP044221.1	NZ_CP170812.1	NaN	NaN	0.0000	0.0000	NaN	0	0.0000	0	NaN	NaN	NaN	NaN	0.0000	NaN	-	0	0	0	0	0	BELOW_DETECTION	NaN	none
NZ_CP044221.1	NZ_CM151391.1	NaN	NaN	0.0000	0.0000	NaN	0	0.0000	0	NaN	NaN	NaN	NaN	0.0000	NaN	-	0	0	0	0	0	BELOW_DETECTION	NaN	none
NZ_CP044221.1	NZ_CP029705.1	NaN	NaN	0.0000	0.0000	NaN	0	0.0000	0	NaN	NaN	NaN	NaN	0.0000	NaN	-	0	0	0	0	0	BELOW_DETECTION	NaN	none
NZ_CP044221.1	NZ_CP027007.1	NaN	NaN	0.0000	0.0000	NaN	0	0.0000	0	NaN	NaN	NaN	NaN	0.0000	NaN	-	0	0	0	0	0	BELOW_DETECTION	NaN	none
NZ_CP044221.1	NZ_CP029703.1	NaN	NaN	0.0000	0.0000	NaN	0	0.0000	0	NaN	NaN	NaN	NaN	0.0000	NaN	-	0	0	0	0	0	BELOW_DETECTION	NaN	none
NZ_CP044221.1	NZ_CP072028.1	NaN	NaN	0.0000	0.0000	NaN	0	0.0000	0	NaN	NaN	NaN	NaN	0.0000	NaN	-	0	0	0	0	0	BELOW_DETECTION	NaN	none
NZ_CP044221.1	NZ_CP046514.1	NaN	NaN	0.0000	0.0000	NaN	0	0.0000	0	NaN	NaN	NaN	NaN	0.0000	NaN	-	20	0	0	0	0	BELOW_DETECTION	NaN	none
NZ_CP044221.1	NZ_CP026999.1	NaN	NaN	0.0000	0.0000	NaN	0	0.0000	0	NaN	NaN	NaN	NaN	0.0000	NaN	-	20	0	0	0	0	BELOW_DETECTION	NaN	none
NZ_CP044221.1	NZ_CP072500.1	NaN	NaN	0.0000	0.0000	NaN	0	0.0000	0	NaN	NaN	NaN	NaN	0.0000	NaN	-	20	0	0	0	0	BELOW_DETECTION	NaN	none
NZ_CP044221.1	NZ_CP010453.1	NaN	NaN	0.0000	0.0000	NaN	0	0.0000	0	NaN	NaN	NaN	NaN	0.0000	NaN	-	15	0	0	0	0	BELOW_DETECTION	NaN	none
NZ_CP044221.1	NZ_CP143939.1	NaN	NaN	0.0000	0.0000	NaN	0	0.0000	0	NaN	NaN	NaN	NaN	0.0000	NaN	-	20	0	0	0	0	BELOW_DETECTION	NaN	none
NZ_CP044221.1	NZ_CP102289.1	NaN	NaN	0.0000	0.0000	NaN	0	0.0000	0	NaN	NaN	NaN	NaN	0.0000	NaN	-	1	0	0	0	0	BELOW_DETECTION	NaN	none
NZ_CP044221.1	NZ_CP097279.1	NaN	NaN	0.0000	0.0000	NaN	0	0.0000	0	NaN	NaN	NaN	NaN	0.0000	NaN	-	1	0	0	0	0	BELOW_DETECTION	NaN	none
NZ_CP044221.1	NZ_JADNJF010000010.1	NaN	NaN	0.0000	0.0000	NaN	0	0.0000	0	NaN	NaN	NaN	NaN	0.0000	NaN	-	5	0	0	0	0	BELOW_DETECTION	NaN	none
NZ_CP044221.1	NZ_JADNLD010000100.1	NaN	NaN	0.0000	0.0000	NaN	0	0.0000	0	NaN	NaN	NaN	NaN	0.0000	NaN	-	5	0	0	0	0	BELOW_DETECTION	NaN	none
NZ_CP044221.1	NZ_JAQEFF010000001.1	NaN	NaN	0.0000	0.0000	NaN	0	0.0000	0	NaN	NaN	NaN	NaN	0.0000	NaN	-	5	0	0	0	0	BELOW_DETECTION	NaN	none
NZ_CM170107.1	NZ_CP098924.1	98.6642	98.9194	0.9127	0.8701	0.03165	53	0.9857	52	0.571	0.9338	98.4237	99.0865	0.4820	7.81	AlfI:99.09,AloI:98.79,BcgI:98.98,FalI:98.60	3823	53	3939	573	68.71698113207547	ok	98.6642	gamma
NZ_CM170107.1	NZ_CP126309.1	98.7706	98.9850	0.9074	0.8921	0.03075	51	0.9860	50	0.605	0.9379	98.4998	99.1443	0.1537	1.15	AlfI:99.04,AloI:98.89,BcgI:99.01,FalI:98.89	3817	51	3894	582	70.17647058823529	ok	98.7706	gamma
NZ_CM170107.1	NZ_CM178757.1	99.6469	99.8332	0.8826	0.8958	0.01219	57	0.9850	56	0.070	0.9899	99.3633	99.9553	0.3036	17.72	AlfI:99.91,AloI:99.69,BcgI:99.90,FalI:99.61	3979	57	3805	283	65.57894736842105	ok	99.6469	gamma
NZ_CM170107.1	NZ_CP024593.1	98.6914	98.9891	0.9164	0.8832	0.03054	57	0.9847	56	0.446	0.9382	98.4598	99.1635	0.4379	5.96	AlfI:99.12,AloI:98.69,BcgI:99.04,FalI:98.80	3928	57	3943	599	64.33333333333333	ok	98.6914	gamma
NZ_CM170107.1	NZ_CP084119.1	NaN	NaN	0.0000	0.0000	NaN	0	0.0000	0	NaN	NaN	NaN	NaN	0.0000	NaN	-	2	0	0	0	0	BELOW_DETECTION	NaN	none
NZ_CM170107.1	NZ_CP084137.1	NaN	NaN	0.0000	0.0000	NaN	0	0.0000	0	NaN	NaN	NaN	NaN	0.0000	NaN	-	2	0	0	0	0	BELOW_DETECTION	NaN	none
NZ_CM170107.1	NZ_CP077126.1	NaN	NaN	0.0000	0.0000	NaN	0	0.0000	0	NaN	NaN	NaN	NaN	0.0000	NaN	-	2	0	0	0	0	BELOW_DETECTION	NaN	none
NZ_CM170107.1	NZ_CP084131.1	NaN	NaN	0.0000	0.0000	NaN	0	0.0000	0	NaN	NaN	NaN	NaN	0.0000	NaN	-	2	0	0	0	0	BELOW_DETECTION	NaN	none
NZ_CM170107.1	NZ_CP084142.1	NaN	NaN	0.0000	0.0000	NaN	0	0.0000	0	NaN	NaN	NaN	NaN	0.0000	NaN	-	2	0	0	0	0	BELOW_DETECTION	NaN	none
NZ_CM170107.1	NZ_CP085094.1	NaN	NaN	0.0000	0.0000	NaN	0	0.0000	0	NaN	NaN	NaN	NaN	0.0000	NaN	-	2	0	0	0	0	BELOW_DETECTION	NaN	none
NZ_CM170107.1	NZ_CP104882.1	NaN	NaN	0.0000	0.0000	NaN	0	0.0000	0	NaN	NaN	NaN	NaN	0.0000	NaN	-	2	0	0	0	0	BELOW_DETECTION	NaN	none
NZ_CM170107.1	NZ_CP093913.1	NaN	NaN	0.0000	0.0000	NaN	0	0.0000	0	NaN	NaN	NaN	NaN	0.0000	NaN	-	2	0	0	0	0	BELOW_DETECTION	NaN	none
NZ_CM170107.1	NZ_CP085090.1	NaN	NaN	0.0000	0.0000	NaN	0	0.0000	0	NaN	NaN	NaN	NaN	0.0000	NaN	-	2	0	0	0	0	BELOW_DETECTION	NaN	none
NZ_CM170107.1	NZ_CP085091.1	NaN	NaN	0.0000	0.0000	NaN	0	0.0000	0	NaN	NaN	NaN	NaN	0.0000	NaN	-	2	0	0	0	0	BELOW_DETECTION	NaN	none
NZ_CM170107.1	NZ_CP071434.1	NaN	NaN	0.0000	0.0000	NaN	0	0.0000	0	NaN	NaN	NaN	NaN	0.0000	NaN	-	0	0	0	0	0	BELOW_DETECTION	NaN	none
NZ_CM170107.1	NZ_CP071433.1	NaN	NaN	0.0000	0.0000	NaN	0	0.0000	0	NaN	NaN	NaN	NaN	0.0000	NaN	-	0	0	0	0	0	BELOW_DETECTION	NaN	none
NZ_CM170107.1	NZ_CP071435.1	NaN	NaN	0.0000	0.0000	NaN	0	0.0000	0	NaN	NaN	NaN	NaN	0.0000	NaN	-	0	0	0	0	0	BELOW_DETECTION	NaN	none
NZ_CM170107.1	NZ_CP071431.1	NaN	NaN	0.0000	0.0000	NaN	0	0.0000	0	NaN	NaN	NaN	NaN	0.0000	NaN	-	0	0	0	0	0	BELOW_DETECTION	NaN	none
NZ_CM170107.1	NZ_CP071414.1	NaN	NaN	0.0000	0.0000	NaN	0	0.0000	0	NaN	NaN	NaN	NaN	0.0000	NaN	-	0	0	0	0	0	BELOW_DETECTION	NaN	none
NZ_CM170107.1	NZ_CP117955.1	NaN	NaN	0.0000	0.0000	NaN	0	0.0000	0	NaN	NaN	NaN	NaN	0.0000	NaN	-	12	0	0	0	0	BELOW_DETECTION	NaN	none
NZ_CM170107.1	NZ_CP036550.1	NaN	NaN	0.0000	0.0000	NaN	0	0.0000	0	NaN	NaN	NaN	NaN	0.0000	NaN	-	11	0	0	0	0	BELOW_DETECTION	NaN	none
NZ_CM170107.1	NZ_CP098482.1	NaN	NaN	0.0000	0.0000	NaN	0	0.0000	0	NaN	NaN	NaN	NaN	0.0000	NaN	-	11	0	0	0	0	BELOW_DETECTION	NaN	none
NZ_CM170107.1	NZ_CP069563.1	NaN	NaN	0.0000	0.0000	NaN	0	0.0000	0	NaN	NaN	NaN	NaN	0.0000	NaN	-	12	0	0	0	0	BELOW_DETECTION	NaN	none
NZ_CM170107.1	NZ_CP131534.1	NaN	NaN	0.0000	0.0000	NaN	0	0.0000	0	NaN	NaN	NaN	NaN	0.0000	NaN	-	11	0	0	0	0	BELOW_DETECTION	NaN	none
NZ_CM170107.1	NZ_CP157286.1	NaN	NaN	0.0000	0.0000	NaN	0	0.0000	0	NaN	NaN	NaN	NaN	0.0000	NaN	-	0	0	0	0	0	BELOW_DETECTION	NaN	none
NZ_CM170107.1	NZ_CP065380.1	NaN	NaN	0.0000	0.0000	NaN	0	0.0000	0	NaN	NaN	NaN	NaN	0.0000	NaN	-	0	0	0	0	0	BELOW_DETECTION	NaN	none
NZ_CM170107.1	NZ_CP186690.1	NaN	NaN	0.0000	0.0000	NaN	0	0.0000	0	NaN	NaN	NaN	NaN	0.0000	NaN	-	0	0	0	0	0	BELOW_DETECTION	NaN	none
NZ_CM170107.1	NZ_CP030777.1	NaN	NaN	0.0000	0.0000	NaN	0	0.0000	0	NaN	NaN	NaN	NaN	0.0000	NaN	-	0	0	0	0	0	BELOW_DETECTION	NaN	none
NZ_CM170107.1	NZ_CP170812.1	NaN	NaN	0.0000	0.0000	NaN	0	0.0000	0	NaN	NaN	NaN	NaN	0.0000	NaN	-	0	0	0	0	0	BELOW_DETECTION	NaN	none
NZ_CM170107.1	NZ_CM151391.1	NaN	NaN	0.0000	0.0000	NaN	0	0.0000	0	NaN	NaN	NaN	NaN	0.0000	NaN	-	0	0	0	0	0	BELOW_DETECTION	NaN	none
NZ_CM170107.1	NZ_CP029705.1	NaN	NaN	0.0000	0.0000	NaN	0	0.0000	0	NaN	NaN	NaN	NaN	0.0000	NaN	-	0	0	0	0	0	BELOW_DETECTION	NaN	none
NZ_CM170107.1	NZ_CP027007.1	NaN	NaN	0.0000	0.0000	NaN	0	0.0000	0	NaN	NaN	NaN	NaN	0.0000	NaN	-	0	0	0	0	0	BELOW_DETECTION	NaN	none
NZ_CM170107.1	NZ_CP029703.1	NaN	NaN	0.0000	0.0000	NaN	0	0.0000	0	NaN	NaN	NaN	NaN	0.0000	NaN	-	0	0	0	0	0	BELOW_DETECTION	NaN	none
NZ_CM170107.1	NZ_CP072028.1	NaN	NaN	0.0000	0.0000	NaN	0	0.0000	0	NaN	NaN	NaN	NaN	0.0000	NaN	-	0	0	0	0	0	BELOW_DETECTION	NaN	none
NZ_CM170107.1	NZ_CP046514.1	NaN	NaN	0.0000	0.0000	NaN	0	0.0000	0	NaN	NaN	NaN	NaN	0.0000	NaN	-	0	0	0	0	0	BELOW_DETECTION	NaN	none
NZ_CM170107.1	NZ_CP026999.1	NaN	NaN	0.0000	0.0000	NaN	0	0.0000	0	NaN	NaN	NaN	NaN	0.0000	NaN	-	0	0	0	0	0	BELOW_DETECTION	NaN	none
NZ_CM170107.1	NZ_CP072500.1	NaN	NaN	0.0000	0.0000	NaN	0	0.0000	0	NaN	NaN	NaN	NaN	0.0000	NaN	-	0	0	0	0	0	BELOW_DETECTION	NaN	none
NZ_CM170107.1	NZ_CP010453.1	NaN	NaN	0.0000	0.0000	NaN	0	0.0000	0	NaN	NaN	NaN	NaN	0.0000	NaN	-	0	0	0	0	0	BELOW_DETECTION	NaN	none
NZ_CM170107.1	NZ_CP143939.1	NaN	NaN	0.0000	0.0000	NaN	0	0.0000	0	NaN	NaN	NaN	NaN	0.0000	NaN	-	0	0	0	0	0	BELOW_DETECTION	NaN	none
NZ_CM170107.1	NZ_CP102289.1	NaN	NaN	0.0000	0.0000	NaN	0	0.0000	0	NaN	NaN	NaN	NaN	0.0000	NaN	-	1	0	0	0	0	BELOW_DETECTION	NaN	none
NZ_CM170107.1	NZ_CP097279.1	NaN	NaN	0.0000	0.0000	NaN	0	0.0000	0	NaN	NaN	NaN	NaN	0.0000	NaN	-	1	0	0	0	0	BELOW_DETECTION	NaN	none
NZ_CM170107.1	NZ_JADNJF010000010.1	NaN	NaN	0.0000	0.0000	NaN	0	0.0000	0	NaN	NaN	NaN	NaN	0.0000	NaN	-	1	0	0	0	0	BELOW_DETECTION	NaN	none
NZ_CM170107.1	NZ_JADNLD010000100.1	NaN	NaN	0.0000	0.0000	NaN	0	0.0000	0	NaN	NaN	NaN	NaN	0.0000	NaN	-	1	0	0	0	0	BELOW_DETECTION	NaN	none
NZ_CM170107.1	NZ_JAQEFF010000001.1	NaN	NaN	0.0000	0.0000	NaN	0	0.0000	0	NaN	NaN	NaN	NaN	0.0000	NaN	-	1	0	0	0	0	BELOW_DETECTION	NaN	none
NZ_CP098924.1	NZ_CP126309.1	98.4741	98.8552	0.8998	0.9356	0.03239	36	0.9904	35	0.460	0.9298	98.2209	99.0775	0.4264	6.60	AlfI:98.89,AloI:98.87,BcgI:98.95,FalI:98.53	3791	36	4053	594	101.19444444444444	ok	98.4741	gamma
NZ_CP098924.1	NZ_CM178757.1	98.5842	98.9164	0.8654	0.9242	0.03204	47	0.9871	46	0.487	0.9336	98.2956	99.1290	0.4614	7.76	AlfI:98.98,AloI:98.97,BcgI:99.01,FalI:98.55	3770	47	3897	468	75.91489361702128	ok	98.5842	gamma
NZ_CP098924.1	NZ_CP024593.1	98.6094	98.8991	0.8951	0.9217	0.03171	40	0.9895	39	0.554	0.9325	98.3240	99.0965	0.3659	5.27	AlfI:98.98,AloI:98.90,BcgI:98.97,FalI:98.61	3950	40	4034	652	93.275	ok	98.6094	gamma
NZ_CP098924.1	NZ_CP084119.1	NaN	NaN	0.0000	0.0000	NaN	0	0.0000	0	NaN	NaN	NaN	NaN	0.0000	NaN	-	2	0	0	0	0	BELOW_DETECTION	NaN	none
NZ_CP098924.1	NZ_CP084137.1	NaN	NaN	0.0000	0.0000	NaN	0	0.0000	0	NaN	NaN	NaN	NaN	0.0000	NaN	-	2	0	0	0	0	BELOW_DETECTION	NaN	none
NZ_CP098924.1	NZ_CP077126.1	NaN	NaN	0.0000	0.0000	NaN	0	0.0000	0	NaN	NaN	NaN	NaN	0.0000	NaN	-	2	0	0	0	0	BELOW_DETECTION	NaN	none
NZ_CP098924.1	NZ_CP084131.1	NaN	NaN	0.0000	0.0000	NaN	0	0.0000	0	NaN	NaN	NaN	NaN	0.0000	NaN	-	2	0	0	0	0	BELOW_DETECTION	NaN	none
NZ_CP098924.1	NZ_CP084142.1	NaN	NaN	0.0000	0.0000	NaN	0	0.0000	0	NaN	NaN	NaN	NaN	0.0000	NaN	-	2	0	0	0	0	BELOW_DETECTION	NaN	none
NZ_CP098924.1	NZ_CP085094.1	NaN	NaN	0.0000	0.0000	NaN	0	0.0000	0	NaN	NaN	NaN	NaN	0.0000	NaN	-	2	0	0	0	0	BELOW_DETECTION	NaN	none
NZ_CP098924.1	NZ_CP104882.1	NaN	NaN	0.0000	0.0000	NaN	0	0.0000	0	NaN	NaN	NaN	NaN	0.0000	NaN	-	2	0	0	0	0	BELOW_DETECTION	NaN	none
NZ_CP098924.1	NZ_CP093913.1	NaN	NaN	0.0000	0.0000	NaN	0	0.0000	0	NaN	NaN	NaN	NaN	0.0000	NaN	-	2	0	0	0	0	BELOW_DETECTION	NaN	none
NZ_CP098924.1	NZ_CP085090.1	NaN	NaN	0.0000	0.0000	NaN	0	0.0000	0	NaN	NaN	NaN	NaN	0.0000	NaN	-	2	0	0	0	0	BELOW_DETECTION	NaN	none
NZ_CP098924.1	NZ_CP085091.1	NaN	NaN	0.0000	0.0000	NaN	0	0.0000	0	NaN	NaN	NaN	NaN	0.0000	NaN	-	2	0	0	0	0	BELOW_DETECTION	NaN	none
NZ_CP098924.1	NZ_CP071434.1	NaN	NaN	0.0000	0.0000	NaN	0	0.0000	0	NaN	NaN	NaN	NaN	0.0000	NaN	-	0	0	0	0	0	BELOW_DETECTION	NaN	none
NZ_CP098924.1	NZ_CP071433.1	NaN	NaN	0.0000	0.0000	NaN	0	0.0000	0	NaN	NaN	NaN	NaN	0.0000	NaN	-	0	0	0	0	0	BELOW_DETECTION	NaN	none
NZ_CP098924.1	NZ_CP071435.1	NaN	NaN	0.0000	0.0000	NaN	0	0.0000	0	NaN	NaN	NaN	NaN	0.0000	NaN	-	0	0	0	0	0	BELOW_DETECTION	NaN	none
NZ_CP098924.1	NZ_CP071431.1	NaN	NaN	0.0000	0.0000	NaN	0	0.0000	0	NaN	NaN	NaN	NaN	0.0000	NaN	-	0	0	0	0	0	BELOW_DETECTION	NaN	none
NZ_CP098924.1	NZ_CP071414.1	NaN	NaN	0.0000	0.0000	NaN	0	0.0000	0	NaN	NaN	NaN	NaN	0.0000	NaN	-	0	0	0	0	0	BELOW_DETECTION	NaN	none
NZ_CP098924.1	NZ_CP117955.1	NaN	NaN	0.0000	0.0000	NaN	0	0.0000	0	NaN	NaN	NaN	NaN	0.0000	NaN	-	13	0	0	0	0	BELOW_DETECTION	NaN	none
NZ_CP098924.1	NZ_CP036550.1	NaN	NaN	0.0000	0.0000	NaN	0	0.0000	0	NaN	NaN	NaN	NaN	0.0000	NaN	-	13	0	0	0	0	BELOW_DETECTION	NaN	none
NZ_CP098924.1	NZ_CP098482.1	NaN	NaN	0.0000	0.0000	NaN	0	0.0000	0	NaN	NaN	NaN	NaN	0.0000	NaN	-	13	0	0	0	0	BELOW_DETECTION	NaN	none
NZ_CP098924.1	NZ_CP069563.1	NaN	NaN	0.0000	0.0000	NaN	0	0.0000	0	NaN	NaN	NaN	NaN	0.0000	NaN	-	14	0	0	0	0	BELOW_DETECTION	NaN	none
NZ_CP098924.1	NZ_CP131534.1	NaN	NaN	0.0000	0.0000	NaN	0	0.0000	0	NaN	NaN	NaN	NaN	0.0000	NaN	-	13	0	0	0	0	BELOW_DETECTION	NaN	none
NZ_CP098924.1	NZ_CP157286.1	NaN	NaN	0.0000	0.0000	NaN	0	0.0000	0	NaN	NaN	NaN	NaN	0.0000	NaN	-	0	0	0	0	0	BELOW_DETECTION	NaN	none
NZ_CP098924.1	NZ_CP065380.1	NaN	NaN	0.0000	0.0000	NaN	0	0.0000	0	NaN	NaN	NaN	NaN	0.0000	NaN	-	0	0	0	0	0	BELOW_DETECTION	NaN	none
NZ_CP098924.1	NZ_CP186690.1	NaN	NaN	0.0000	0.0000	NaN	0	0.0000	0	NaN	NaN	NaN	NaN	0.0000	NaN	-	0	0	0	0	0	BELOW_DETECTION	NaN	none
NZ_CP098924.1	NZ_CP030777.1	NaN	NaN	0.0000	0.0000	NaN	0	0.0000	0	NaN	NaN	NaN	NaN	0.0000	NaN	-	0	0	0	0	0	BELOW_DETECTION	NaN	none
NZ_CP098924.1	NZ_CP170812.1	NaN	NaN	0.0000	0.0000	NaN	0	0.0000	0	NaN	NaN	NaN	NaN	0.0000	NaN	-	0	0	0	0	0	BELOW_DETECTION	NaN	none
NZ_CP098924.1	NZ_CM151391.1	NaN	NaN	0.0000	0.0000	NaN	0	0.0000	0	NaN	NaN	NaN	NaN	0.0000	NaN	-	0	0	0	0	0	BELOW_DETECTION	NaN	none
NZ_CP098924.1	NZ_CP029705.1	NaN	NaN	0.0000	0.0000	NaN	0	0.0000	0	NaN	NaN	NaN	NaN	0.0000	NaN	-	0	0	0	0	0	BELOW_DETECTION	NaN	none
NZ_CP098924.1	NZ_CP027007.1	NaN	NaN	0.0000	0.0000	NaN	0	0.0000	0	NaN	NaN	NaN	NaN	0.0000	NaN	-	0	0	0	0	0	BELOW_DETECTION	NaN	none
NZ_CP098924.1	NZ_CP029703.1	NaN	NaN	0.0000	0.0000	NaN	0	0.0000	0	NaN	NaN	NaN	NaN	0.0000	NaN	-	0	0	0	0	0	BELOW_DETECTION	NaN	none
NZ_CP098924.1	NZ_CP072028.1	NaN	NaN	0.0000	0.0000	NaN	0	0.0000	0	NaN	NaN	NaN	NaN	0.0000	NaN	-	0	0	0	0	0	BELOW_DETECTION	NaN	none
NZ_CP098924.1	NZ_CP046514.1	NaN	NaN	0.0000	0.0000	NaN	0	0.0000	0	NaN	NaN	NaN	NaN	0.0000	NaN	-	0	0	0	0	0	BELOW_DETECTION	NaN	none
NZ_CP098924.1	NZ_CP026999.1	NaN	NaN	0.0000	0.0000	NaN	0	0.0000	0	NaN	NaN	NaN	NaN	0.0000	NaN	-	0	0	0	0	0	BELOW_DETECTION	NaN	none
NZ_CP098924.1	NZ_CP072500.1	NaN	NaN	0.0000	0.0000	NaN	0	0.0000	0	NaN	NaN	NaN	NaN	0.0000	NaN	-	0	0	0	0	0	BELOW_DETECTION	NaN	none
NZ_CP098924.1	NZ_CP010453.1	NaN	NaN	0.0000	0.0000	NaN	0	0.0000	0	NaN	NaN	NaN	NaN	0.0000	NaN	-	0	0	0	0	0	BELOW_DETECTION	NaN	none
NZ_CP098924.1	NZ_CP143939.1	NaN	NaN	0.0000	0.0000	NaN	0	0.0000	0	NaN	NaN	NaN	NaN	0.0000	NaN	-	0	0	0	0	0	BELOW_DETECTION	NaN	none
NZ_CP098924.1	NZ_CP102289.1	NaN	NaN	0.0000	0.0000	NaN	0	0.0000	0	NaN	NaN	NaN	NaN	0.0000	NaN	-	1	0	0	0	0	BELOW_DETECTION	NaN	none
NZ_CP098924.1	NZ_CP097279.1	NaN	NaN	0.0000	0.0000	NaN	0	0.0000	0	NaN	NaN	NaN	NaN	0.0000	NaN	-	1	0	0	0	0	BELOW_DETECTION	NaN	none
NZ_CP098924.1	NZ_JADNJF010000010.1	NaN	NaN	0.0000	0.0000	NaN	0	0.0000	0	NaN	NaN	NaN	NaN	0.0000	NaN	-	1	0	0	0	0	BELOW_DETECTION	NaN	none
NZ_CP098924.1	NZ_JADNLD010000100.1	NaN	NaN	0.0000	0.0000	NaN	0	0.0000	0	NaN	NaN	NaN	NaN	0.0000	NaN	-	1	0	0	0	0	BELOW_DETECTION	NaN	none
NZ_CP098924.1	NZ_JAQEFF010000001.1	NaN	NaN	0.0000	0.0000	NaN	0	0.0000	0	NaN	NaN	NaN	NaN	0.0000	NaN	-	1	0	0	0	0	BELOW_DETECTION	NaN	none
NZ_CP126309.1	NZ_CM178757.1	98.7137	98.9703	0.8944	0.9191	0.03107	43	0.9882	42	0.538	0.9370	98.4368	99.1475	0.1958	2.23	AlfI:99.02,AloI:98.84,BcgI:99.02,FalI:98.83	3740	43	3891	267	82.72093023255815	ok	98.7137	gamma
NZ_CP126309.1	NZ_CP024593.1	98.7062	98.9264	0.9216	0.9181	0.03129	35	0.9908	34	0.631	0.9342	98.4694	99.0793	0.2490	3.20	AlfI:98.99,AloI:98.74,BcgI:98.98,FalI:98.76	3939	35	3989	587	105.37142857142857	ok	98.7062	gamma
NZ_CP126309.1	NZ_CP084119.1	NaN	NaN	0.0000	0.0000	NaN	0	0.0000	0	NaN	NaN	NaN	NaN	0.0000	NaN	-	2	0	0	0	0	BELOW_DETECTION	NaN	none
NZ_CP126309.1	NZ_CP084137.1	NaN	NaN	0.0000	0.0000	NaN	0	0.0000	0	NaN	NaN	NaN	NaN	0.0000	NaN	-	2	0	0	0	0	BELOW_DETECTION	NaN	none
NZ_CP126309.1	NZ_CP077126.1	NaN	NaN	0.0000	0.0000	NaN	0	0.0000	0	NaN	NaN	NaN	NaN	0.0000	NaN	-	2	0	0	0	0	BELOW_DETECTION	NaN	none
NZ_CP126309.1	NZ_CP084131.1	NaN	NaN	0.0000	0.0000	NaN	0	0.0000	0	NaN	NaN	NaN	NaN	0.0000	NaN	-	2	0	0	0	0	BELOW_DETECTION	NaN	none
NZ_CP126309.1	NZ_CP084142.1	NaN	NaN	0.0000	0.0000	NaN	0	0.0000	0	NaN	NaN	NaN	NaN	0.0000	NaN	-	2	0	0	0	0	BELOW_DETECTION	NaN	none
NZ_CP126309.1	NZ_CP085094.1	NaN	NaN	0.0000	0.0000	NaN	0	0.0000	0	NaN	NaN	NaN	NaN	0.0000	NaN	-	2	0	0	0	0	BELOW_DETECTION	NaN	none
NZ_CP126309.1	NZ_CP104882.1	NaN	NaN	0.0000	0.0000	NaN	0	0.0000	0	NaN	NaN	NaN	NaN	0.0000	NaN	-	2	0	0	0	0	BELOW_DETECTION	NaN	none
NZ_CP126309.1	NZ_CP093913.1	NaN	NaN	0.0000	0.0000	NaN	0	0.0000	0	NaN	NaN	NaN	NaN	0.0000	NaN	-	2	0	0	0	0	BELOW_DETECTION	NaN	none
NZ_CP126309.1	NZ_CP085090.1	NaN	NaN	0.0000	0.0000	NaN	0	0.0000	0	NaN	NaN	NaN	NaN	0.0000	NaN	-	2	0	0	0	0	BELOW_DETECTION	NaN	none
NZ_CP126309.1	NZ_CP085091.1	NaN	NaN	0.0000	0.0000	NaN	0	0.0000	0	NaN	NaN	NaN	NaN	0.0000	NaN	-	2	0	0	0	0	BELOW_DETECTION	NaN	none
NZ_CP126309.1	NZ_CP071434.1	NaN	NaN	0.0000	0.0000	NaN	0	0.0000	0	NaN	NaN	NaN	NaN	0.0000	NaN	-	0	0	0	0	0	BELOW_DETECTION	NaN	none
NZ_CP126309.1	NZ_CP071433.1	NaN	NaN	0.0000	0.0000	NaN	0	0.0000	0	NaN	NaN	NaN	NaN	0.0000	NaN	-	0	0	0	0	0	BELOW_DETECTION	NaN	none
NZ_CP126309.1	NZ_CP071435.1	NaN	NaN	0.0000	0.0000	NaN	0	0.0000	0	NaN	NaN	NaN	NaN	0.0000	NaN	-	0	0	0	0	0	BELOW_DETECTION	NaN	none
NZ_CP126309.1	NZ_CP071431.1	NaN	NaN	0.0000	0.0000	NaN	0	0.0000	0	NaN	NaN	NaN	NaN	0.0000	NaN	-	0	0	0	0	0	BELOW_DETECTION	NaN	none
NZ_CP126309.1	NZ_CP071414.1	NaN	NaN	0.0000	0.0000	NaN	0	0.0000	0	NaN	NaN	NaN	NaN	0.0000	NaN	-	0	0	0	0	0	BELOW_DETECTION	NaN	none
NZ_CP126309.1	NZ_CP117955.1	NaN	NaN	0.0000	0.0000	NaN	0	0.0000	0	NaN	NaN	NaN	NaN	0.0000	NaN	-	13	0	0	0	0	BELOW_DETECTION	NaN	none
NZ_CP126309.1	NZ_CP036550.1	NaN	NaN	0.0000	0.0000	NaN	0	0.0000	0	NaN	NaN	NaN	NaN	0.0000	NaN	-	13	0	0	0	0	BELOW_DETECTION	NaN	none
NZ_CP126309.1	NZ_CP098482.1	NaN	NaN	0.0000	0.0000	NaN	0	0.0000	0	NaN	NaN	NaN	NaN	0.0000	NaN	-	13	0	0	0	0	BELOW_DETECTION	NaN	none
NZ_CP126309.1	NZ_CP069563.1	NaN	NaN	0.0000	0.0000	NaN	0	0.0000	0	NaN	NaN	NaN	NaN	0.0000	NaN	-	14	0	0	0	0	BELOW_DETECTION	NaN	none
NZ_CP126309.1	NZ_CP131534.1	99.9999	99.9999	0.0013	0.0017	6.37576	3	0.9130	2	inf	1.0000	99.9999	99.9999	0.0000	0.00	AlfI:100.00,AloI:100.00,BcgI:100.00,FalI:100.00	38	3	8	8	8	ok	99.9999	uniform
NZ_CP126309.1	NZ_CP157286.1	NaN	NaN	0.0000	0.0000	NaN	0	0.0000	0	NaN	NaN	NaN	NaN	0.0000	NaN	-	0	0	0	0	0	BELOW_DETECTION	NaN	none
NZ_CP126309.1	NZ_CP065380.1	NaN	NaN	0.0000	0.0000	NaN	0	0.0000	0	NaN	NaN	NaN	NaN	0.0000	NaN	-	0	0	0	0	0	BELOW_DETECTION	NaN	none
NZ_CP126309.1	NZ_CP186690.1	NaN	NaN	0.0000	0.0000	NaN	0	0.0000	0	NaN	NaN	NaN	NaN	0.0000	NaN	-	0	0	0	0	0	BELOW_DETECTION	NaN	none
NZ_CP126309.1	NZ_CP030777.1	NaN	NaN	0.0000	0.0000	NaN	0	0.0000	0	NaN	NaN	NaN	NaN	0.0000	NaN	-	0	0	0	0	0	BELOW_DETECTION	NaN	none
NZ_CP126309.1	NZ_CP170812.1	NaN	NaN	0.0000	0.0000	NaN	0	0.0000	0	NaN	NaN	NaN	NaN	0.0000	NaN	-	0	0	0	0	0	BELOW_DETECTION	NaN	none
NZ_CP126309.1	NZ_CM151391.1	NaN	NaN	0.0000	0.0000	NaN	0	0.0000	0	NaN	NaN	NaN	NaN	0.0000	NaN	-	0	0	0	0	0	BELOW_DETECTION	NaN	none
NZ_CP126309.1	NZ_CP029705.1	NaN	NaN	0.0000	0.0000	NaN	0	0.0000	0	NaN	NaN	NaN	NaN	0.0000	NaN	-	0	0	0	0	0	BELOW_DETECTION	NaN	none
NZ_CP126309.1	NZ_CP027007.1	NaN	NaN	0.0000	0.0000	NaN	0	0.0000	0	NaN	NaN	NaN	NaN	0.0000	NaN	-	0	0	0	0	0	BELOW_DETECTION	NaN	none
NZ_CP126309.1	NZ_CP029703.1	NaN	NaN	0.0000	0.0000	NaN	0	0.0000	0	NaN	NaN	NaN	NaN	0.0000	NaN	-	0	0	0	0	0	BELOW_DETECTION	NaN	none
NZ_CP126309.1	NZ_CP072028.1	NaN	NaN	0.0000	0.0000	NaN	0	0.0000	0	NaN	NaN	NaN	NaN	0.0000	NaN	-	0	0	0	0	0	BELOW_DETECTION	NaN	none
NZ_CP126309.1	NZ_CP046514.1	NaN	NaN	0.0000	0.0000	NaN	0	0.0000	0	NaN	NaN	NaN	NaN	0.0000	NaN	-	0	0	0	0	0	BELOW_DETECTION	NaN	none
NZ_CP126309.1	NZ_CP026999.1	NaN	NaN	0.0000	0.0000	NaN	0	0.0000	0	NaN	NaN	NaN	NaN	0.0000	NaN	-	0	0	0	0	0	BELOW_DETECTION	NaN	none
NZ_CP126309.1	NZ_CP072500.1	NaN	NaN	0.0000	0.0000	NaN	0	0.0000	0	NaN	NaN	NaN	NaN	0.0000	NaN	-	0	0	0	0	0	BELOW_DETECTION	NaN	none
NZ_CP126309.1	NZ_CP010453.1	NaN	NaN	0.0000	0.0000	NaN	0	0.0000	0	NaN	NaN	NaN	NaN	0.0000	NaN	-	0	0	0	0	0	BELOW_DETECTION	NaN	none
NZ_CP126309.1	NZ_CP143939.1	NaN	NaN	0.0000	0.0000	NaN	0	0.0000	0	NaN	NaN	NaN	NaN	0.0000	NaN	-	0	0	0	0	0	BELOW_DETECTION	NaN	none
NZ_CP126309.1	NZ_CP102289.1	NaN	NaN	0.0000	0.0000	NaN	0	0.0000	0	NaN	NaN	NaN	NaN	0.0000	NaN	-	1	0	0	0	0	BELOW_DETECTION	NaN	none
NZ_CP126309.1	NZ_CP097279.1	NaN	NaN	0.0000	0.0000	NaN	0	0.0000	0	NaN	NaN	NaN	NaN	0.0000	NaN	-	1	0	0	0	0	BELOW_DETECTION	NaN	none
NZ_CP126309.1	NZ_JADNJF010000010.1	NaN	NaN	0.0000	0.0000	NaN	0	0.0000	0	NaN	NaN	NaN	NaN	0.0000	NaN	-	1	0	0	0	0	BELOW_DETECTION	NaN	none
NZ_CP126309.1	NZ_JADNLD010000100.1	NaN	NaN	0.0000	0.0000	NaN	0	0.0000	0	NaN	NaN	NaN	NaN	0.0000	NaN	-	1	0	0	0	0	BELOW_DETECTION	NaN	none
NZ_CP126309.1	NZ_JAQEFF010000001.1	NaN	NaN	0.0000	0.0000	NaN	0	0.0000	0	NaN	NaN	NaN	NaN	0.0000	NaN	-	1	0	0	0	0	BELOW_DETECTION	NaN	none
NZ_CM178757.1	NZ_CP024593.1	98.7886	99.0296	0.9218	0.9004	0.03007	35	0.9906	34	0.502	0.9407	98.5458	99.1861	0.3240	3.93	AlfI:99.14,AloI:98.81,BcgI:99.07,FalI:98.87	3870	35	3880	517	102.94285714285714	ok	98.7886	gamma
NZ_CM178757.1	NZ_CP084119.1	NaN	NaN	0.0000	0.0000	NaN	0	0.0000	0	NaN	NaN	NaN	NaN	0.0000	NaN	-	2	0	0	0	0	BELOW_DETECTION	NaN	none
NZ_CM178757.1	NZ_CP084137.1	NaN	NaN	0.0000	0.0000	NaN	0	0.0000	0	NaN	NaN	NaN	NaN	0.0000	NaN	-	2	0	0	0	0	BELOW_DETECTION	NaN	none
NZ_CM178757.1	NZ_CP077126.1	NaN	NaN	0.0000	0.0000	NaN	0	0.0000	0	NaN	NaN	NaN	NaN	0.0000	NaN	-	2	0	0	0	0	BELOW_DETECTION	NaN	none
NZ_CM178757.1	NZ_CP084131.1	NaN	NaN	0.0000	0.0000	NaN	0	0.0000	0	NaN	NaN	NaN	NaN	0.0000	NaN	-	2	0	0	0	0	BELOW_DETECTION	NaN	none
NZ_CM178757.1	NZ_CP084142.1	NaN	NaN	0.0000	0.0000	NaN	0	0.0000	0	NaN	NaN	NaN	NaN	0.0000	NaN	-	2	0	0	0	0	BELOW_DETECTION	NaN	none
NZ_CM178757.1	NZ_CP085094.1	NaN	NaN	0.0000	0.0000	NaN	0	0.0000	0	NaN	NaN	NaN	NaN	0.0000	NaN	-	2	0	0	0	0	BELOW_DETECTION	NaN	none
NZ_CM178757.1	NZ_CP104882.1	NaN	NaN	0.0000	0.0000	NaN	0	0.0000	0	NaN	NaN	NaN	NaN	0.0000	NaN	-	2	0	0	0	0	BELOW_DETECTION	NaN	none
NZ_CM178757.1	NZ_CP093913.1	NaN	NaN	0.0000	0.0000	NaN	0	0.0000	0	NaN	NaN	NaN	NaN	0.0000	NaN	-	2	0	0	0	0	BELOW_DETECTION	NaN	none
NZ_CM178757.1	NZ_CP085090.1	NaN	NaN	0.0000	0.0000	NaN	0	0.0000	0	NaN	NaN	NaN	NaN	0.0000	NaN	-	2	0	0	0	0	BELOW_DETECTION	NaN	none
NZ_CM178757.1	NZ_CP085091.1	NaN	NaN	0.0000	0.0000	NaN	0	0.0000	0	NaN	NaN	NaN	NaN	0.0000	NaN	-	2	0	0	0	0	BELOW_DETECTION	NaN	none
NZ_CM178757.1	NZ_CP071434.1	NaN	NaN	0.0000	0.0000	NaN	0	0.0000	0	NaN	NaN	NaN	NaN	0.0000	NaN	-	0	0	0	0	0	BELOW_DETECTION	NaN	none
NZ_CM178757.1	NZ_CP071433.1	NaN	NaN	0.0000	0.0000	NaN	0	0.0000	0	NaN	NaN	NaN	NaN	0.0000	NaN	-	0	0	0	0	0	BELOW_DETECTION	NaN	none
NZ_CM178757.1	NZ_CP071435.1	NaN	NaN	0.0000	0.0000	NaN	0	0.0000	0	NaN	NaN	NaN	NaN	0.0000	NaN	-	0	0	0	0	0	BELOW_DETECTION	NaN	none
NZ_CM178757.1	NZ_CP071431.1	NaN	NaN	0.0000	0.0000	NaN	0	0.0000	0	NaN	NaN	NaN	NaN	0.0000	NaN	-	0	0	0	0	0	BELOW_DETECTION	NaN	none
NZ_CM178757.1	NZ_CP071414.1	NaN	NaN	0.0000	0.0000	NaN	0	0.0000	0	NaN	NaN	NaN	NaN	0.0000	NaN	-	0	0	0	0	0	BELOW_DETECTION	NaN	none
NZ_CM178757.1	NZ_CP117955.1	NaN	NaN	0.0000	0.0000	NaN	0	0.0000	0	NaN	NaN	NaN	NaN	0.0000	NaN	-	13	0	0	0	0	BELOW_DETECTION	NaN	none
NZ_CM178757.1	NZ_CP036550.1	NaN	NaN	0.0000	0.0000	NaN	0	0.0000	0	NaN	NaN	NaN	NaN	0.0000	NaN	-	13	0	0	0	0	BELOW_DETECTION	NaN	none
NZ_CM178757.1	NZ_CP098482.1	NaN	NaN	0.0000	0.0000	NaN	0	0.0000	0	NaN	NaN	NaN	NaN	0.0000	NaN	-	13	0	0	0	0	BELOW_DETECTION	NaN	none
NZ_CM178757.1	NZ_CP069563.1	NaN	NaN	0.0000	0.0000	NaN	0	0.0000	0	NaN	NaN	NaN	NaN	0.0000	NaN	-	14	0	0	0	0	BELOW_DETECTION	NaN	none
NZ_CM178757.1	NZ_CP131534.1	NaN	NaN	0.0000	0.0000	NaN	0	0.0000	0	NaN	NaN	NaN	NaN	0.0000	NaN	-	13	0	0	0	0	BELOW_DETECTION	NaN	none
NZ_CM178757.1	NZ_CP157286.1	NaN	NaN	0.0000	0.0000	NaN	0	0.0000	0	NaN	NaN	NaN	NaN	0.0000	NaN	-	0	0	0	0	0	BELOW_DETECTION	NaN	none
NZ_CM178757.1	NZ_CP065380.1	NaN	NaN	0.0000	0.0000	NaN	0	0.0000	0	NaN	NaN	NaN	NaN	0.0000	NaN	-	0	0	0	0	0	BELOW_DETECTION	NaN	none
NZ_CM178757.1	NZ_CP186690.1	NaN	NaN	0.0000	0.0000	NaN	0	0.0000	0	NaN	NaN	NaN	NaN	0.0000	NaN	-	0	0	0	0	0	BELOW_DETECTION	NaN	none
NZ_CM178757.1	NZ_CP030777.1	NaN	NaN	0.0000	0.0000	NaN	0	0.0000	0	NaN	NaN	NaN	NaN	0.0000	NaN	-	0	0	0	0	0	BELOW_DETECTION	NaN	none
NZ_CM178757.1	NZ_CP170812.1	NaN	NaN	0.0000	0.0000	NaN	0	0.0000	0	NaN	NaN	NaN	NaN	0.0000	NaN	-	0	0	0	0	0	BELOW_DETECTION	NaN	none
NZ_CM178757.1	NZ_CM151391.1	NaN	NaN	0.0000	0.0000	NaN	0	0.0000	0	NaN	NaN	NaN	NaN	0.0000	NaN	-	0	0	0	0	0	BELOW_DETECTION	NaN	none
NZ_CM178757.1	NZ_CP029705.1	NaN	NaN	0.0000	0.0000	NaN	0	0.0000	0	NaN	NaN	NaN	NaN	0.0000	NaN	-	0	0	0	0	0	BELOW_DETECTION	NaN	none
NZ_CM178757.1	NZ_CP027007.1	NaN	NaN	0.0000	0.0000	NaN	0	0.0000	0	NaN	NaN	NaN	NaN	0.0000	NaN	-	0	0	0	0	0	BELOW_DETECTION	NaN	none
NZ_CM178757.1	NZ_CP029703.1	NaN	NaN	0.0000	0.0000	NaN	0	0.0000	0	NaN	NaN	NaN	NaN	0.0000	NaN	-	0	0	0	0	0	BELOW_DETECTION	NaN	none
NZ_CM178757.1	NZ_CP072028.1	NaN	NaN	0.0000	0.0000	NaN	0	0.0000	0	NaN	NaN	NaN	NaN	0.0000	NaN	-	0	0	0	0	0	BELOW_DETECTION	NaN	none
NZ_CM178757.1	NZ_CP046514.1	NaN	NaN	0.0000	0.0000	NaN	0	0.0000	0	NaN	NaN	NaN	NaN	0.0000	NaN	-	0	0	0	0	0	BELOW_DETECTION	NaN	none
NZ_CM178757.1	NZ_CP026999.1	NaN	NaN	0.0000	0.0000	NaN	0	0.0000	0	NaN	NaN	NaN	NaN	0.0000	NaN	-	0	0	0	0	0	BELOW_DETECTION	NaN	none
NZ_CM178757.1	NZ_CP072500.1	NaN	NaN	0.0000	0.0000	NaN	0	0.0000	0	NaN	NaN	NaN	NaN	0.0000	NaN	-	0	0	0	0	0	BELOW_DETECTION	NaN	none
NZ_CM178757.1	NZ_CP010453.1	NaN	NaN	0.0000	0.0000	NaN	0	0.0000	0	NaN	NaN	NaN	NaN	0.0000	NaN	-	0	0	0	0	0	BELOW_DETECTION	NaN	none
NZ_CM178757.1	NZ_CP143939.1	NaN	NaN	0.0000	0.0000	NaN	0	0.0000	0	NaN	NaN	NaN	NaN	0.0000	NaN	-	0	0	0	0	0	BELOW_DETECTION	NaN	none
NZ_CM178757.1	NZ_CP102289.1	NaN	NaN	0.0000	0.0000	NaN	0	0.0000	0	NaN	NaN	NaN	NaN	0.0000	NaN	-	1	0	0	0	0	BELOW_DETECTION	NaN	none
NZ_CM178757.1	NZ_CP097279.1	NaN	NaN	0.0000	0.0000	NaN	0	0.0000	0	NaN	NaN	NaN	NaN	0.0000	NaN	-	1	0	0	0	0	BELOW_DETECTION	NaN	none
NZ_CM178757.1	NZ_JADNJF010000010.1	NaN	NaN	0.0000	0.0000	NaN	0	0.0000	0	NaN	NaN	NaN	NaN	0.0000	NaN	-	1	0	0	0	0	BELOW_DETECTION	NaN	none
NZ_CM178757.1	NZ_JADNLD010000100.1	NaN	NaN	0.0000	0.0000	NaN	0	0.0000	0	NaN	NaN	NaN	NaN	0.0000	NaN	-	1	0	0	0	0	BELOW_DETECTION	NaN	none
NZ_CM178757.1	NZ_JAQEFF010000001.1	NaN	NaN	0.0000	0.0000	NaN	0	0.0000	0	NaN	NaN	NaN	NaN	0.0000	NaN	-	1	0	0	0	0	BELOW_DETECTION	NaN	none
NZ_CP024593.1	NZ_CP084119.1	NaN	NaN	0.0000	0.0000	NaN	0	0.0000	0	NaN	NaN	NaN	NaN	0.0000	NaN	-	2	0	0	0	0	BELOW_DETECTION	NaN	none
NZ_CP024593.1	NZ_CP084137.1	NaN	NaN	0.0000	0.0000	NaN	0	0.0000	0	NaN	NaN	NaN	NaN	0.0000	NaN	-	2	0	0	0	0	BELOW_DETECTION	NaN	none
NZ_CP024593.1	NZ_CP077126.1	NaN	NaN	0.0000	0.0000	NaN	0	0.0000	0	NaN	NaN	NaN	NaN	0.0000	NaN	-	2	0	0	0	0	BELOW_DETECTION	NaN	none
NZ_CP024593.1	NZ_CP084131.1	NaN	NaN	0.0000	0.0000	NaN	0	0.0000	0	NaN	NaN	NaN	NaN	0.0000	NaN	-	2	0	0	0	0	BELOW_DETECTION	NaN	none
NZ_CP024593.1	NZ_CP084142.1	NaN	NaN	0.0000	0.0000	NaN	0	0.0000	0	NaN	NaN	NaN	NaN	0.0000	NaN	-	2	0	0	0	0	BELOW_DETECTION	NaN	none
NZ_CP024593.1	NZ_CP085094.1	NaN	NaN	0.0000	0.0000	NaN	0	0.0000	0	NaN	NaN	NaN	NaN	0.0000	NaN	-	2	0	0	0	0	BELOW_DETECTION	NaN	none
NZ_CP024593.1	NZ_CP104882.1	NaN	NaN	0.0000	0.0000	NaN	0	0.0000	0	NaN	NaN	NaN	NaN	0.0000	NaN	-	2	0	0	0	0	BELOW_DETECTION	NaN	none
NZ_CP024593.1	NZ_CP093913.1	NaN	NaN	0.0000	0.0000	NaN	0	0.0000	0	NaN	NaN	NaN	NaN	0.0000	NaN	-	2	0	0	0	0	BELOW_DETECTION	NaN	none
NZ_CP024593.1	NZ_CP085090.1	NaN	NaN	0.0000	0.0000	NaN	0	0.0000	0	NaN	NaN	NaN	NaN	0.0000	NaN	-	2	0	0	0	0	BELOW_DETECTION	NaN	none
NZ_CP024593.1	NZ_CP085091.1	NaN	NaN	0.0000	0.0000	NaN	0	0.0000	0	NaN	NaN	NaN	NaN	0.0000	NaN	-	2	0	0	0	0	BELOW_DETECTION	NaN	none
NZ_CP024593.1	NZ_CP071434.1	NaN	NaN	0.0000	0.0000	NaN	0	0.0000	0	NaN	NaN	NaN	NaN	0.0000	NaN	-	0	0	0	0	0	BELOW_DETECTION	NaN	none
NZ_CP024593.1	NZ_CP071433.1	NaN	NaN	0.0000	0.0000	NaN	0	0.0000	0	NaN	NaN	NaN	NaN	0.0000	NaN	-	0	0	0	0	0	BELOW_DETECTION	NaN	none
NZ_CP024593.1	NZ_CP071435.1	NaN	NaN	0.0000	0.0000	NaN	0	0.0000	0	NaN	NaN	NaN	NaN	0.0000	NaN	-	0	0	0	0	0	BELOW_DETECTION	NaN	none
NZ_CP024593.1	NZ_CP071431.1	NaN	NaN	0.0000	0.0000	NaN	0	0.0000	0	NaN	NaN	NaN	NaN	0.0000	NaN	-	0	0	0	0	0	BELOW_DETECTION	NaN	none
NZ_CP024593.1	NZ_CP071414.1	NaN	NaN	0.0000	0.0000	NaN	0	0.0000	0	NaN	NaN	NaN	NaN	0.0000	NaN	-	0	0	0	0	0	BELOW_DETECTION	NaN	none
NZ_CP024593.1	NZ_CP117955.1	NaN	NaN	0.0000	0.0000	NaN	0	0.0000	0	NaN	NaN	NaN	NaN	0.0000	NaN	-	14	0	0	0	0	BELOW_DETECTION	NaN	none
NZ_CP024593.1	NZ_CP036550.1	NaN	NaN	0.0000	0.0000	NaN	0	0.0000	0	NaN	NaN	NaN	NaN	0.0000	NaN	-	14	0	0	0	0	BELOW_DETECTION	NaN	none
NZ_CP024593.1	NZ_CP098482.1	NaN	NaN	0.0000	0.0000	NaN	0	0.0000	0	NaN	NaN	NaN	NaN	0.0000	NaN	-	14	0	0	0	0	BELOW_DETECTION	NaN	none
NZ_CP024593.1	NZ_CP069563.1	NaN	NaN	0.0000	0.0000	NaN	0	0.0000	0	NaN	NaN	NaN	NaN	0.0000	NaN	-	15	0	0	0	0	BELOW_DETECTION	NaN	none
NZ_CP024593.1	NZ_CP131534.1	NaN	NaN	0.0000	0.0000	NaN	0	0.0000	0	NaN	NaN	NaN	NaN	0.0000	NaN	-	15	0	0	0	0	BELOW_DETECTION	NaN	none
NZ_CP024593.1	NZ_CP157286.1	NaN	NaN	0.0000	0.0000	NaN	0	0.0000	0	NaN	NaN	NaN	NaN	0.0000	NaN	-	0	0	0	0	0	BELOW_DETECTION	NaN	none
NZ_CP024593.1	NZ_CP065380.1	NaN	NaN	0.0000	0.0000	NaN	0	0.0000	0	NaN	NaN	NaN	NaN	0.0000	NaN	-	0	0	0	0	0	BELOW_DETECTION	NaN	none
NZ_CP024593.1	NZ_CP186690.1	NaN	NaN	0.0000	0.0000	NaN	0	0.0000	0	NaN	NaN	NaN	NaN	0.0000	NaN	-	0	0	0	0	0	BELOW_DETECTION	NaN	none
NZ_CP024593.1	NZ_CP030777.1	NaN	NaN	0.0000	0.0000	NaN	0	0.0000	0	NaN	NaN	NaN	NaN	0.0000	NaN	-	0	0	0	0	0	BELOW_DETECTION	NaN	none
NZ_CP024593.1	NZ_CP170812.1	NaN	NaN	0.0000	0.0000	NaN	0	0.0000	0	NaN	NaN	NaN	NaN	0.0000	NaN	-	0	0	0	0	0	BELOW_DETECTION	NaN	none
NZ_CP024593.1	NZ_CM151391.1	NaN	NaN	0.0000	0.0000	NaN	0	0.0000	0	NaN	NaN	NaN	NaN	0.0000	NaN	-	0	0	0	0	0	BELOW_DETECTION	NaN	none
NZ_CP024593.1	NZ_CP029705.1	NaN	NaN	0.0000	0.0000	NaN	0	0.0000	0	NaN	NaN	NaN	NaN	0.0000	NaN	-	0	0	0	0	0	BELOW_DETECTION	NaN	none
NZ_CP024593.1	NZ_CP027007.1	NaN	NaN	0.0000	0.0000	NaN	0	0.0000	0	NaN	NaN	NaN	NaN	0.0000	NaN	-	0	0	0	0	0	BELOW_DETECTION	NaN	none
NZ_CP024593.1	NZ_CP029703.1	NaN	NaN	0.0000	0.0000	NaN	0	0.0000	0	NaN	NaN	NaN	NaN	0.0000	NaN	-	0	0	0	0	0	BELOW_DETECTION	NaN	none
NZ_CP024593.1	NZ_CP072028.1	NaN	NaN	0.0000	0.0000	NaN	0	0.0000	0	NaN	NaN	NaN	NaN	0.0000	NaN	-	0	0	0	0	0	BELOW_DETECTION	NaN	none
NZ_CP024593.1	NZ_CP046514.1	NaN	NaN	0.0000	0.0000	NaN	0	0.0000	0	NaN	NaN	NaN	NaN	0.0000	NaN	-	0	0	0	0	0	BELOW_DETECTION	NaN	none
NZ_CP024593.1	NZ_CP026999.1	NaN	NaN	0.0000	0.0000	NaN	0	0.0000	0	NaN	NaN	NaN	NaN	0.0000	NaN	-	0	0	0	0	0	BELOW_DETECTION	NaN	none
NZ_CP024593.1	NZ_CP072500.1	NaN	NaN	0.0000	0.0000	NaN	0	0.0000	0	NaN	NaN	NaN	NaN	0.0000	NaN	-	0	0	0	0	0	BELOW_DETECTION	NaN	none
NZ_CP024593.1	NZ_CP010453.1	NaN	NaN	0.0000	0.0000	NaN	0	0.0000	0	NaN	NaN	NaN	NaN	0.0000	NaN	-	0	0	0	0	0	BELOW_DETECTION	NaN	none
NZ_CP024593.1	NZ_CP143939.1	NaN	NaN	0.0000	0.0000	NaN	0	0.0000	0	NaN	NaN	NaN	NaN	0.0000	NaN	-	0	0	0	0	0	BELOW_DETECTION	NaN	none
NZ_CP024593.1	NZ_CP102289.1	NaN	NaN	0.0000	0.0000	NaN	0	0.0000	0	NaN	NaN	NaN	NaN	0.0000	NaN	-	1	0	0	0	0	BELOW_DETECTION	NaN	none
NZ_CP024593.1	NZ_CP097279.1	NaN	NaN	0.0000	0.0000	NaN	0	0.0000	0	NaN	NaN	NaN	NaN	0.0000	NaN	-	1	0	0	0	0	BELOW_DETECTION	NaN	none
NZ_CP024593.1	NZ_JADNJF010000010.1	NaN	NaN	0.0000	0.0000	NaN	0	0.0000	0	NaN	NaN	NaN	NaN	0.0000	NaN	-	1	0	0	0	0	BELOW_DETECTION	NaN	none
NZ_CP024593.1	NZ_JADNLD010000100.1	NaN	NaN	0.0000	0.0000	NaN	0	0.0000	0	NaN	NaN	NaN	NaN	0.0000	NaN	-	1	0	0	0	0	BELOW_DETECTION	NaN	none
NZ_CP024593.1	NZ_JAQEFF010000001.1	NaN	NaN	0.0000	0.0000	NaN	0	0.0000	0	NaN	NaN	NaN	NaN	0.0000	NaN	-	1	0	0	0	0	BELOW_DETECTION	NaN	none
NZ_CP084119.1	NZ_CP084137.1	97.6490	99.0686	0.9324	0.9869	0.05377	30	0.9771	29	0.121	0.9433	97.9990	99.4627	0.5194	0.63	AlfI:99.17,AloI:99.01,BcgI:98.65,FalI:99.09	1354	30	1345	352	42.233333333333334	ok	97.6490	gamma
NZ_CP084119.1	NZ_CP077126.1	90.6664	93.1533	0.6202	0.6749	0.20593	38	0.9301	37	1.520	0.5334	92.1416	95.5825	1.7629	2.61	AlfI:94.63,AloI:93.94,BcgI:94.09,FalI:92.86	687	38	953	70	13.947368421052632	ok	90.6664	gamma
NZ_CP084119.1	NZ_CP084131.1	98.1241	99.2259	0.9682	0.9746	0.04749	31	0.9776	30	0.100	0.9529	98.3827	99.5170	0.5828	1.80	AlfI:99.49,AloI:99.07,BcgI:98.91,FalI:99.24	1437	31	1387	429	43.225806451612904	ok	98.1241	gamma
NZ_CP084119.1	NZ_CP084142.1	98.2203	99.1992	0.8898	0.9426	0.04970	33	0.9748	32	0.117	0.9513	98.3575	99.4928	0.4246	0.79	AlfI:99.12,AloI:99.10,BcgI:98.81,FalI:99.24	1353	33	1316	311	38.484848484848484	ok	98.2203	gamma
NZ_CP084119.1	NZ_CP085094.1	NaN	NaN	0.0000	0.0000	NaN	0	0.0000	0	NaN	NaN	NaN	NaN	0.0000	NaN	-	1	0	0	0	0	BELOW_DETECTION	NaN	none
NZ_CP084119.1	NZ_CP104882.1	NaN	NaN	0.0000	0.0000	NaN	0	0.0000	0	NaN	NaN	NaN	NaN	0.0000	NaN	-	1	0	0	0	0	BELOW_DETECTION	NaN	none
NZ_CP084119.1	NZ_CP093913.1	NaN	NaN	0.0000	0.0000	NaN	0	0.0000	0	NaN	NaN	NaN	NaN	0.0000	NaN	-	1	0	0	0	0	BELOW_DETECTION	NaN	none
NZ_CP084119.1	NZ_CP085090.1	NaN	NaN	0.0000	0.0000	NaN	0	0.0000	0	NaN	NaN	NaN	NaN	0.0000	NaN	-	1	0	0	0	0	BELOW_DETECTION	NaN	none
NZ_CP084119.1	NZ_CP085091.1	NaN	NaN	0.0000	0.0000	NaN	0	0.0000	0	NaN	NaN	NaN	NaN	0.0000	NaN	-	1	0	0	0	0	BELOW_DETECTION	NaN	none
NZ_CP084119.1	NZ_CP071434.1	NaN	NaN	0.0000	0.0000	NaN	0	0.0000	0	NaN	NaN	NaN	NaN	0.0000	NaN	-	40	0	0	0	0	BELOW_DETECTION	NaN	none
NZ_CP084119.1	NZ_CP071433.1	NaN	NaN	0.0000	0.0000	NaN	0	0.0000	0	NaN	NaN	NaN	NaN	0.0000	NaN	-	40	0	0	0	0	BELOW_DETECTION	NaN	none
NZ_CP084119.1	NZ_CP071435.1	NaN	NaN	0.0000	0.0000	NaN	0	0.0000	0	NaN	NaN	NaN	NaN	0.0000	NaN	-	40	0	0	0	0	BELOW_DETECTION	NaN	none
NZ_CP084119.1	NZ_CP071431.1	NaN	NaN	0.0000	0.0000	NaN	0	0.0000	0	NaN	NaN	NaN	NaN	0.0000	NaN	-	40	0	0	0	0	BELOW_DETECTION	NaN	none
NZ_CP084119.1	NZ_CP071414.1	NaN	NaN	0.0000	0.0000	NaN	0	0.0000	0	NaN	NaN	NaN	NaN	0.0000	NaN	-	40	0	0	0	0	BELOW_DETECTION	NaN	none
NZ_CP084119.1	NZ_CP117955.1	NaN	NaN	0.0000	0.0000	NaN	0	0.0000	0	NaN	NaN	NaN	NaN	0.0000	NaN	-	4	0	0	0	0	BELOW_DETECTION	NaN	none
NZ_CP084119.1	NZ_CP036550.1	NaN	NaN	0.0000	0.0000	NaN	0	0.0000	0	NaN	NaN	NaN	NaN	0.0000	NaN	-	4	0	0	0	0	BELOW_DETECTION	NaN	none
NZ_CP084119.1	NZ_CP098482.1	NaN	NaN	0.0000	0.0000	NaN	0	0.0000	0	NaN	NaN	NaN	NaN	0.0000	NaN	-	4	0	0	0	0	BELOW_DETECTION	NaN	none
NZ_CP084119.1	NZ_CP069563.1	NaN	NaN	0.0000	0.0000	NaN	0	0.0000	0	NaN	NaN	NaN	NaN	0.0000	NaN	-	4	0	0	0	0	BELOW_DETECTION	NaN	none
NZ_CP084119.1	NZ_CP131534.1	NaN	NaN	0.0000	0.0000	NaN	0	0.0000	0	NaN	NaN	NaN	NaN	0.0000	NaN	-	4	0	0	0	0	BELOW_DETECTION	NaN	none
NZ_CP084119.1	NZ_CP157286.1	NaN	NaN	0.0000	0.0000	NaN	0	0.0000	0	NaN	NaN	NaN	NaN	0.0000	NaN	-	0	0	0	0	0	BELOW_DETECTION	NaN	none
NZ_CP084119.1	NZ_CP065380.1	NaN	NaN	0.0000	0.0000	NaN	0	0.0000	0	NaN	NaN	NaN	NaN	0.0000	NaN	-	0	0	0	0	0	BELOW_DETECTION	NaN	none
NZ_CP084119.1	NZ_CP186690.1	NaN	NaN	0.0000	0.0000	NaN	0	0.0000	0	NaN	NaN	NaN	NaN	0.0000	NaN	-	0	0	0	0	0	BELOW_DETECTION	NaN	none
NZ_CP084119.1	NZ_CP030777.1	NaN	NaN	0.0000	0.0000	NaN	0	0.0000	0	NaN	NaN	NaN	NaN	0.0000	NaN	-	0	0	0	0	0	BELOW_DETECTION	NaN	none
NZ_CP084119.1	NZ_CP170812.1	NaN	NaN	0.0000	0.0000	NaN	0	0.0000	0	NaN	NaN	NaN	NaN	0.0000	NaN	-	0	0	0	0	0	BELOW_DETECTION	NaN	none
NZ_CP084119.1	NZ_CM151391.1	NaN	NaN	0.0000	0.0000	NaN	0	0.0000	0	NaN	NaN	NaN	NaN	0.0000	NaN	-	0	0	0	0	0	BELOW_DETECTION	NaN	none
NZ_CP084119.1	NZ_CP029705.1	NaN	NaN	0.0000	0.0000	NaN	0	0.0000	0	NaN	NaN	NaN	NaN	0.0000	NaN	-	0	0	0	0	0	BELOW_DETECTION	NaN	none
NZ_CP084119.1	NZ_CP027007.1	NaN	NaN	0.0000	0.0000	NaN	0	0.0000	0	NaN	NaN	NaN	NaN	0.0000	NaN	-	0	0	0	0	0	BELOW_DETECTION	NaN	none
NZ_CP084119.1	NZ_CP029703.1	NaN	NaN	0.0000	0.0000	NaN	0	0.0000	0	NaN	NaN	NaN	NaN	0.0000	NaN	-	0	0	0	0	0	BELOW_DETECTION	NaN	none
NZ_CP084119.1	NZ_CP072028.1	NaN	NaN	0.0000	0.0000	NaN	0	0.0000	0	NaN	NaN	NaN	NaN	0.0000	NaN	-	0	0	0	0	0	BELOW_DETECTION	NaN	none
NZ_CP084119.1	NZ_CP046514.1	NaN	NaN	0.0000	0.0000	NaN	0	0.0000	0	NaN	NaN	NaN	NaN	0.0000	NaN	-	0	0	0	0	0	BELOW_DETECTION	NaN	none
NZ_CP084119.1	NZ_CP026999.1	NaN	NaN	0.0000	0.0000	NaN	0	0.0000	0	NaN	NaN	NaN	NaN	0.0000	NaN	-	0	0	0	0	0	BELOW_DETECTION	NaN	none
NZ_CP084119.1	NZ_CP072500.1	NaN	NaN	0.0000	0.0000	NaN	0	0.0000	0	NaN	NaN	NaN	NaN	0.0000	NaN	-	0	0	0	0	0	BELOW_DETECTION	NaN	none
NZ_CP084119.1	NZ_CP010453.1	NaN	NaN	0.0000	0.0000	NaN	0	0.0000	0	NaN	NaN	NaN	NaN	0.0000	NaN	-	0	0	0	0	0	BELOW_DETECTION	NaN	none
NZ_CP084119.1	NZ_CP143939.1	NaN	NaN	0.0000	0.0000	NaN	0	0.0000	0	NaN	NaN	NaN	NaN	0.0000	NaN	-	0	0	0	0	0	BELOW_DETECTION	NaN	none
NZ_CP084119.1	NZ_CP102289.1	NaN	NaN	0.0000	0.0000	NaN	0	0.0000	0	NaN	NaN	NaN	NaN	0.0000	NaN	-	0	0	0	0	0	BELOW_DETECTION	NaN	none
NZ_CP084119.1	NZ_CP097279.1	NaN	NaN	0.0000	0.0000	NaN	0	0.0000	0	NaN	NaN	NaN	NaN	0.0000	NaN	-	0	0	0	0	0	BELOW_DETECTION	NaN	none
NZ_CP084119.1	NZ_JADNJF010000010.1	NaN	NaN	0.0000	0.0000	NaN	0	0.0000	0	NaN	NaN	NaN	NaN	0.0000	NaN	-	5	0	0	0	0	BELOW_DETECTION	NaN	none
NZ_CP084119.1	NZ_JADNLD010000100.1	NaN	NaN	0.0000	0.0000	NaN	0	0.0000	0	NaN	NaN	NaN	NaN	0.0000	NaN	-	5	0	0	0	0	BELOW_DETECTION	NaN	none
NZ_CP084119.1	NZ_JAQEFF010000001.1	NaN	NaN	0.0000	0.0000	NaN	0	0.0000	0	NaN	NaN	NaN	NaN	0.0000	NaN	-	5	0	0	0	0	BELOW_DETECTION	NaN	none
NZ_CP084137.1	NZ_CP077126.1	91.3389	93.2441	0.6578	0.6769	0.20350	40	0.9283	39	1.833	0.5397	92.3690	95.3231	1.0911	1.22	AlfI:93.85,AloI:93.92,BcgI:94.13,FalI:93.04	676	40	948	78	13.625	ok	91.3389	gamma
NZ_CP084137.1	NZ_CP084131.1	98.2832	99.2083	0.9467	0.9060	0.04940	33	0.9748	32	0.114	0.9518	98.4404	99.4724	0.7255	8.69	AlfI:99.76,AloI:99.04,BcgI:99.17,FalI:99.19	1363	33	1305	274	38.45454545454545	ok	98.2832	gamma
NZ_CP084137.1	NZ_CP084142.1	98.4835	99.3190	0.9562	0.9572	0.04530	27	0.9798	26	0.094	0.9586	98.6346	99.5467	0.2928	0.69	AlfI:99.44,AloI:99.15,BcgI:99.31,FalI:99.34	1381	27	1316	412	47.74074074074074	ok	98.4835	gamma
NZ_CP084137.1	NZ_CP085094.1	NaN	NaN	0.0000	0.0000	NaN	0	0.0000	0	NaN	NaN	NaN	NaN	0.0000	NaN	-	1	0	0	0	0	BELOW_DETECTION	NaN	none
NZ_CP084137.1	NZ_CP104882.1	NaN	NaN	0.0000	0.0000	NaN	0	0.0000	0	NaN	NaN	NaN	NaN	0.0000	NaN	-	1	0	0	0	0	BELOW_DETECTION	NaN	none
NZ_CP084137.1	NZ_CP093913.1	NaN	NaN	0.0000	0.0000	NaN	0	0.0000	0	NaN	NaN	NaN	NaN	0.0000	NaN	-	1	0	0	0	0	BELOW_DETECTION	NaN	none
NZ_CP084137.1	NZ_CP085090.1	NaN	NaN	0.0000	0.0000	NaN	0	0.0000	0	NaN	NaN	NaN	NaN	0.0000	NaN	-	1	0	0	0	0	BELOW_DETECTION	NaN	none
NZ_CP084137.1	NZ_CP085091.1	NaN	NaN	0.0000	0.0000	NaN	0	0.0000	0	NaN	NaN	NaN	NaN	0.0000	NaN	-	1	0	0	0	0	BELOW_DETECTION	NaN	none
NZ_CP084137.1	NZ_CP071434.1	NaN	NaN	0.0000	0.0000	NaN	0	0.0000	0	NaN	NaN	NaN	NaN	0.0000	NaN	-	40	0	0	0	0	BELOW_DETECTION	NaN	none
NZ_CP084137.1	NZ_CP071433.1	NaN	NaN	0.0000	0.0000	NaN	0	0.0000	0	NaN	NaN	NaN	NaN	0.0000	NaN	-	40	0	0	0	0	BELOW_DETECTION	NaN	none
NZ_CP084137.1	NZ_CP071435.1	NaN	NaN	0.0000	0.0000	NaN	0	0.0000	0	NaN	NaN	NaN	NaN	0.0000	NaN	-	40	0	0	0	0	BELOW_DETECTION	NaN	none
NZ_CP084137.1	NZ_CP071431.1	NaN	NaN	0.0000	0.0000	NaN	0	0.0000	0	NaN	NaN	NaN	NaN	0.0000	NaN	-	40	0	0	0	0	BELOW_DETECTION	NaN	none
NZ_CP084137.1	NZ_CP071414.1	NaN	NaN	0.0000	0.0000	NaN	0	0.0000	0	NaN	NaN	NaN	NaN	0.0000	NaN	-	40	0	0	0	0	BELOW_DETECTION	NaN	none
NZ_CP084137.1	NZ_CP117955.1	NaN	NaN	0.0000	0.0000	NaN	0	0.0000	0	NaN	NaN	NaN	NaN	0.0000	NaN	-	4	0	0	0	0	BELOW_DETECTION	NaN	none
NZ_CP084137.1	NZ_CP036550.1	NaN	NaN	0.0000	0.0000	NaN	0	0.0000	0	NaN	NaN	NaN	NaN	0.0000	NaN	-	4	0	0	0	0	BELOW_DETECTION	NaN	none
NZ_CP084137.1	NZ_CP098482.1	NaN	NaN	0.0000	0.0000	NaN	0	0.0000	0	NaN	NaN	NaN	NaN	0.0000	NaN	-	4	0	0	0	0	BELOW_DETECTION	NaN	none
NZ_CP084137.1	NZ_CP069563.1	NaN	NaN	0.0000	0.0000	NaN	0	0.0000	0	NaN	NaN	NaN	NaN	0.0000	NaN	-	4	0	0	0	0	BELOW_DETECTION	NaN	none
NZ_CP084137.1	NZ_CP131534.1	NaN	NaN	0.0000	0.0000	NaN	0	0.0000	0	NaN	NaN	NaN	NaN	0.0000	NaN	-	4	0	0	0	0	BELOW_DETECTION	NaN	none
NZ_CP084137.1	NZ_CP157286.1	NaN	NaN	0.0000	0.0000	NaN	0	0.0000	0	NaN	NaN	NaN	NaN	0.0000	NaN	-	0	0	0	0	0	BELOW_DETECTION	NaN	none
NZ_CP084137.1	NZ_CP065380.1	NaN	NaN	0.0000	0.0000	NaN	0	0.0000	0	NaN	NaN	NaN	NaN	0.0000	NaN	-	0	0	0	0	0	BELOW_DETECTION	NaN	none
NZ_CP084137.1	NZ_CP186690.1	NaN	NaN	0.0000	0.0000	NaN	0	0.0000	0	NaN	NaN	NaN	NaN	0.0000	NaN	-	0	0	0	0	0	BELOW_DETECTION	NaN	none
NZ_CP084137.1	NZ_CP030777.1	NaN	NaN	0.0000	0.0000	NaN	0	0.0000	0	NaN	NaN	NaN	NaN	0.0000	NaN	-	0	0	0	0	0	BELOW_DETECTION	NaN	none
NZ_CP084137.1	NZ_CP170812.1	NaN	NaN	0.0000	0.0000	NaN	0	0.0000	0	NaN	NaN	NaN	NaN	0.0000	NaN	-	0	0	0	0	0	BELOW_DETECTION	NaN	none
NZ_CP084137.1	NZ_CM151391.1	NaN	NaN	0.0000	0.0000	NaN	0	0.0000	0	NaN	NaN	NaN	NaN	0.0000	NaN	-	0	0	0	0	0	BELOW_DETECTION	NaN	none
NZ_CP084137.1	NZ_CP029705.1	NaN	NaN	0.0000	0.0000	NaN	0	0.0000	0	NaN	NaN	NaN	NaN	0.0000	NaN	-	0	0	0	0	0	BELOW_DETECTION	NaN	none
NZ_CP084137.1	NZ_CP027007.1	NaN	NaN	0.0000	0.0000	NaN	0	0.0000	0	NaN	NaN	NaN	NaN	0.0000	NaN	-	0	0	0	0	0	BELOW_DETECTION	NaN	none
NZ_CP084137.1	NZ_CP029703.1	NaN	NaN	0.0000	0.0000	NaN	0	0.0000	0	NaN	NaN	NaN	NaN	0.0000	NaN	-	0	0	0	0	0	BELOW_DETECTION	NaN	none
NZ_CP084137.1	NZ_CP072028.1	NaN	NaN	0.0000	0.0000	NaN	0	0.0000	0	NaN	NaN	NaN	NaN	0.0000	NaN	-	0	0	0	0	0	BELOW_DETECTION	NaN	none
NZ_CP084137.1	NZ_CP046514.1	NaN	NaN	0.0000	0.0000	NaN	0	0.0000	0	NaN	NaN	NaN	NaN	0.0000	NaN	-	0	0	0	0	0	BELOW_DETECTION	NaN	none
NZ_CP084137.1	NZ_CP026999.1	NaN	NaN	0.0000	0.0000	NaN	0	0.0000	0	NaN	NaN	NaN	NaN	0.0000	NaN	-	0	0	0	0	0	BELOW_DETECTION	NaN	none
NZ_CP084137.1	NZ_CP072500.1	NaN	NaN	0.0000	0.0000	NaN	0	0.0000	0	NaN	NaN	NaN	NaN	0.0000	NaN	-	0	0	0	0	0	BELOW_DETECTION	NaN	none
NZ_CP084137.1	NZ_CP010453.1	NaN	NaN	0.0000	0.0000	NaN	0	0.0000	0	NaN	NaN	NaN	NaN	0.0000	NaN	-	0	0	0	0	0	BELOW_DETECTION	NaN	none
NZ_CP084137.1	NZ_CP143939.1	NaN	NaN	0.0000	0.0000	NaN	0	0.0000	0	NaN	NaN	NaN	NaN	0.0000	NaN	-	0	0	0	0	0	BELOW_DETECTION	NaN	none
NZ_CP084137.1	NZ_CP102289.1	NaN	NaN	0.0000	0.0000	NaN	0	0.0000	0	NaN	NaN	NaN	NaN	0.0000	NaN	-	0	0	0	0	0	BELOW_DETECTION	NaN	none
NZ_CP084137.1	NZ_CP097279.1	NaN	NaN	0.0000	0.0000	NaN	0	0.0000	0	NaN	NaN	NaN	NaN	0.0000	NaN	-	0	0	0	0	0	BELOW_DETECTION	NaN	none
NZ_CP084137.1	NZ_JADNJF010000010.1	NaN	NaN	0.0000	0.0000	NaN	0	0.0000	0	NaN	NaN	NaN	NaN	0.0000	NaN	-	5	0	0	0	0	BELOW_DETECTION	NaN	none
NZ_CP084137.1	NZ_JADNLD010000100.1	NaN	NaN	0.0000	0.0000	NaN	0	0.0000	0	NaN	NaN	NaN	NaN	0.0000	NaN	-	5	0	0	0	0	BELOW_DETECTION	NaN	none
NZ_CP084137.1	NZ_JAQEFF010000001.1	NaN	NaN	0.0000	0.0000	NaN	0	0.0000	0	NaN	NaN	NaN	NaN	0.0000	NaN	-	5	0	0	0	0	BELOW_DETECTION	NaN	none
NZ_CP077126.1	NZ_CP084131.1	91.4084	93.6700	0.7327	0.6768	0.19839	40	0.9297	39	1.434	0.5688	92.6591	95.8248	3.0951	3.32	AlfI:92.66,AloI:94.48,BcgI:95.75,FalI:93.50	704	40	927	87	13.9	ok	91.4084	gamma
NZ_CP077126.1	NZ_CP084142.1	92.0839	93.6074	0.7015	0.6841	0.20125	42	0.9245	41	2.026	0.5648	92.7737	95.4194	1.2526	0.58	AlfI:93.61,AloI:93.90,BcgI:94.76,FalI:93.51	674	42	898	49	12.952380952380953	ok	92.0839	gamma
NZ_CP077126.1	NZ_CP085094.1	NaN	NaN	0.0000	0.0000	NaN	0	0.0000	0	NaN	NaN	NaN	NaN	0.0000	NaN	-	1	0	0	0	0	BELOW_DETECTION	NaN	none
NZ_CP077126.1	NZ_CP104882.1	NaN	NaN	0.0000	0.0000	NaN	0	0.0000	0	NaN	NaN	NaN	NaN	0.0000	NaN	-	1	0	0	0	0	BELOW_DETECTION	NaN	none
NZ_CP077126.1	NZ_CP093913.1	NaN	NaN	0.0000	0.0000	NaN	0	0.0000	0	NaN	NaN	NaN	NaN	0.0000	NaN	-	1	0	0	0	0	BELOW_DETECTION	NaN	none
NZ_CP077126.1	NZ_CP085090.1	NaN	NaN	0.0000	0.0000	NaN	0	0.0000	0	NaN	NaN	NaN	NaN	0.0000	NaN	-	1	0	0	0	0	BELOW_DETECTION	NaN	none
NZ_CP077126.1	NZ_CP085091.1	NaN	NaN	0.0000	0.0000	NaN	0	0.0000	0	NaN	NaN	NaN	NaN	0.0000	NaN	-	1	0	0	0	0	BELOW_DETECTION	NaN	none
NZ_CP077126.1	NZ_CP071434.1	NaN	NaN	0.0000	0.0000	NaN	0	0.0000	0	NaN	NaN	NaN	NaN	0.0000	NaN	-	40	0	0	0	0	BELOW_DETECTION	NaN	none
NZ_CP077126.1	NZ_CP071433.1	NaN	NaN	0.0000	0.0000	NaN	0	0.0000	0	NaN	NaN	NaN	NaN	0.0000	NaN	-	40	0	0	0	0	BELOW_DETECTION	NaN	none
NZ_CP077126.1	NZ_CP071435.1	NaN	NaN	0.0000	0.0000	NaN	0	0.0000	0	NaN	NaN	NaN	NaN	0.0000	NaN	-	40	0	0	0	0	BELOW_DETECTION	NaN	none
NZ_CP077126.1	NZ_CP071431.1	NaN	NaN	0.0000	0.0000	NaN	0	0.0000	0	NaN	NaN	NaN	NaN	0.0000	NaN	-	40	0	0	0	0	BELOW_DETECTION	NaN	none
NZ_CP077126.1	NZ_CP071414.1	NaN	NaN	0.0000	0.0000	NaN	0	0.0000	0	NaN	NaN	NaN	NaN	0.0000	NaN	-	40	0	0	0	0	BELOW_DETECTION	NaN	none
NZ_CP077126.1	NZ_CP117955.1	NaN	NaN	0.0000	0.0000	NaN	0	0.0000	0	NaN	NaN	NaN	NaN	0.0000	NaN	-	4	0	0	0	0	BELOW_DETECTION	NaN	none
NZ_CP077126.1	NZ_CP036550.1	NaN	NaN	0.0000	0.0000	NaN	0	0.0000	0	NaN	NaN	NaN	NaN	0.0000	NaN	-	4	0	0	0	0	BELOW_DETECTION	NaN	none
NZ_CP077126.1	NZ_CP098482.1	NaN	NaN	0.0000	0.0000	NaN	0	0.0000	0	NaN	NaN	NaN	NaN	0.0000	NaN	-	4	0	0	0	0	BELOW_DETECTION	NaN	none
NZ_CP077126.1	NZ_CP069563.1	NaN	NaN	0.0000	0.0000	NaN	0	0.0000	0	NaN	NaN	NaN	NaN	0.0000	NaN	-	4	0	0	0	0	BELOW_DETECTION	NaN	none
NZ_CP077126.1	NZ_CP131534.1	NaN	NaN	0.0000	0.0000	NaN	0	0.0000	0	NaN	NaN	NaN	NaN	0.0000	NaN	-	4	0	0	0	0	BELOW_DETECTION	NaN	none
NZ_CP077126.1	NZ_CP157286.1	NaN	NaN	0.0000	0.0000	NaN	0	0.0000	0	NaN	NaN	NaN	NaN	0.0000	NaN	-	0	0	0	0	0	BELOW_DETECTION	NaN	none
NZ_CP077126.1	NZ_CP065380.1	NaN	NaN	0.0000	0.0000	NaN	0	0.0000	0	NaN	NaN	NaN	NaN	0.0000	NaN	-	0	0	0	0	0	BELOW_DETECTION	NaN	none
NZ_CP077126.1	NZ_CP186690.1	NaN	NaN	0.0000	0.0000	NaN	0	0.0000	0	NaN	NaN	NaN	NaN	0.0000	NaN	-	0	0	0	0	0	BELOW_DETECTION	NaN	none
NZ_CP077126.1	NZ_CP030777.1	NaN	NaN	0.0000	0.0000	NaN	0	0.0000	0	NaN	NaN	NaN	NaN	0.0000	NaN	-	0	0	0	0	0	BELOW_DETECTION	NaN	none
NZ_CP077126.1	NZ_CP170812.1	NaN	NaN	0.0000	0.0000	NaN	0	0.0000	0	NaN	NaN	NaN	NaN	0.0000	NaN	-	0	0	0	0	0	BELOW_DETECTION	NaN	none
NZ_CP077126.1	NZ_CM151391.1	NaN	NaN	0.0000	0.0000	NaN	0	0.0000	0	NaN	NaN	NaN	NaN	0.0000	NaN	-	0	0	0	0	0	BELOW_DETECTION	NaN	none
NZ_CP077126.1	NZ_CP029705.1	NaN	NaN	0.0000	0.0000	NaN	0	0.0000	0	NaN	NaN	NaN	NaN	0.0000	NaN	-	0	0	0	0	0	BELOW_DETECTION	NaN	none
NZ_CP077126.1	NZ_CP027007.1	NaN	NaN	0.0000	0.0000	NaN	0	0.0000	0	NaN	NaN	NaN	NaN	0.0000	NaN	-	0	0	0	0	0	BELOW_DETECTION	NaN	none
NZ_CP077126.1	NZ_CP029703.1	NaN	NaN	0.0000	0.0000	NaN	0	0.0000	0	NaN	NaN	NaN	NaN	0.0000	NaN	-	0	0	0	0	0	BELOW_DETECTION	NaN	none
NZ_CP077126.1	NZ_CP072028.1	NaN	NaN	0.0000	0.0000	NaN	0	0.0000	0	NaN	NaN	NaN	NaN	0.0000	NaN	-	0	0	0	0	0	BELOW_DETECTION	NaN	none
NZ_CP077126.1	NZ_CP046514.1	NaN	NaN	0.0000	0.0000	NaN	0	0.0000	0	NaN	NaN	NaN	NaN	0.0000	NaN	-	0	0	0	0	0	BELOW_DETECTION	NaN	none
NZ_CP077126.1	NZ_CP026999.1	NaN	NaN	0.0000	0.0000	NaN	0	0.0000	0	NaN	NaN	NaN	NaN	0.0000	NaN	-	0	0	0	0	0	BELOW_DETECTION	NaN	none
NZ_CP077126.1	NZ_CP072500.1	NaN	NaN	0.0000	0.0000	NaN	0	0.0000	0	NaN	NaN	NaN	NaN	0.0000	NaN	-	0	0	0	0	0	BELOW_DETECTION	NaN	none
NZ_CP077126.1	NZ_CP010453.1	NaN	NaN	0.0000	0.0000	NaN	0	0.0000	0	NaN	NaN	NaN	NaN	0.0000	NaN	-	0	0	0	0	0	BELOW_DETECTION	NaN	none
NZ_CP077126.1	NZ_CP143939.1	NaN	NaN	0.0000	0.0000	NaN	0	0.0000	0	NaN	NaN	NaN	NaN	0.0000	NaN	-	0	0	0	0	0	BELOW_DETECTION	NaN	none
NZ_CP077126.1	NZ_CP102289.1	NaN	NaN	0.0000	0.0000	NaN	0	0.0000	0	NaN	NaN	NaN	NaN	0.0000	NaN	-	0	0	0	0	0	BELOW_DETECTION	NaN	none
NZ_CP077126.1	NZ_CP097279.1	NaN	NaN	0.0000	0.0000	NaN	0	0.0000	0	NaN	NaN	NaN	NaN	0.0000	NaN	-	0	0	0	0	0	BELOW_DETECTION	NaN	none
NZ_CP077126.1	NZ_JADNJF010000010.1	NaN	NaN	0.0000	0.0000	NaN	0	0.0000	0	NaN	NaN	NaN	NaN	0.0000	NaN	-	5	0	0	0	0	BELOW_DETECTION	NaN	none
NZ_CP077126.1	NZ_JADNLD010000100.1	NaN	NaN	0.0000	0.0000	NaN	0	0.0000	0	NaN	NaN	NaN	NaN	0.0000	NaN	-	5	0	0	0	0	BELOW_DETECTION	NaN	none
NZ_CP077126.1	NZ_JAQEFF010000001.1	NaN	NaN	0.0000	0.0000	NaN	0	0.0000	0	NaN	NaN	NaN	NaN	0.0000	NaN	-	5	0	0	0	0	BELOW_DETECTION	NaN	none
NZ_CP084131.1	NZ_CP084142.1	98.5285	99.3105	0.8739	0.9211	0.04608	35	0.9733	34	0.103	0.9581	98.6213	99.5411	0.5649	1.14	AlfI:99.23,AloI:99.26,BcgI:98.78,FalI:99.35	1364	35	1291	292	36.42857142857143	ok	98.5285	gamma
NZ_CP084131.1	NZ_CP085094.1	NaN	NaN	0.0000	0.0000	NaN	0	0.0000	0	NaN	NaN	NaN	NaN	0.0000	NaN	-	1	0	0	0	0	BELOW_DETECTION	NaN	none
NZ_CP084131.1	NZ_CP104882.1	NaN	NaN	0.0000	0.0000	NaN	0	0.0000	0	NaN	NaN	NaN	NaN	0.0000	NaN	-	1	0	0	0	0	BELOW_DETECTION	NaN	none
NZ_CP084131.1	NZ_CP093913.1	NaN	NaN	0.0000	0.0000	NaN	0	0.0000	0	NaN	NaN	NaN	NaN	0.0000	NaN	-	1	0	0	0	0	BELOW_DETECTION	NaN	none
NZ_CP084131.1	NZ_CP085090.1	NaN	NaN	0.0000	0.0000	NaN	0	0.0000	0	NaN	NaN	NaN	NaN	0.0000	NaN	-	1	0	0	0	0	BELOW_DETECTION	NaN	none
NZ_CP084131.1	NZ_CP085091.1	NaN	NaN	0.0000	0.0000	NaN	0	0.0000	0	NaN	NaN	NaN	NaN	0.0000	NaN	-	1	0	0	0	0	BELOW_DETECTION	NaN	none
NZ_CP084131.1	NZ_CP071434.1	NaN	NaN	0.0000	0.0000	NaN	0	0.0000	0	NaN	NaN	NaN	NaN	0.0000	NaN	-	40	0	0	0	0	BELOW_DETECTION	NaN	none
NZ_CP084131.1	NZ_CP071433.1	NaN	NaN	0.0000	0.0000	NaN	0	0.0000	0	NaN	NaN	NaN	NaN	0.0000	NaN	-	40	0	0	0	0	BELOW_DETECTION	NaN	none
NZ_CP084131.1	NZ_CP071435.1	NaN	NaN	0.0000	0.0000	NaN	0	0.0000	0	NaN	NaN	NaN	NaN	0.0000	NaN	-	40	0	0	0	0	BELOW_DETECTION	NaN	none
NZ_CP084131.1	NZ_CP071431.1	NaN	NaN	0.0000	0.0000	NaN	0	0.0000	0	NaN	NaN	NaN	NaN	0.0000	NaN	-	40	0	0	0	0	BELOW_DETECTION	NaN	none
NZ_CP084131.1	NZ_CP071414.1	NaN	NaN	0.0000	0.0000	NaN	0	0.0000	0	NaN	NaN	NaN	NaN	0.0000	NaN	-	40	0	0	0	0	BELOW_DETECTION	NaN	none
NZ_CP084131.1	NZ_CP117955.1	NaN	NaN	0.0000	0.0000	NaN	0	0.0000	0	NaN	NaN	NaN	NaN	0.0000	NaN	-	4	0	0	0	0	BELOW_DETECTION	NaN	none
NZ_CP084131.1	NZ_CP036550.1	NaN	NaN	0.0000	0.0000	NaN	0	0.0000	0	NaN	NaN	NaN	NaN	0.0000	NaN	-	4	0	0	0	0	BELOW_DETECTION	NaN	none
NZ_CP084131.1	NZ_CP098482.1	NaN	NaN	0.0000	0.0000	NaN	0	0.0000	0	NaN	NaN	NaN	NaN	0.0000	NaN	-	4	0	0	0	0	BELOW_DETECTION	NaN	none
NZ_CP084131.1	NZ_CP069563.1	NaN	NaN	0.0000	0.0000	NaN	0	0.0000	0	NaN	NaN	NaN	NaN	0.0000	NaN	-	4	0	0	0	0	BELOW_DETECTION	NaN	none
NZ_CP084131.1	NZ_CP131534.1	NaN	NaN	0.0000	0.0000	NaN	0	0.0000	0	NaN	NaN	NaN	NaN	0.0000	NaN	-	4	0	0	0	0	BELOW_DETECTION	NaN	none
NZ_CP084131.1	NZ_CP157286.1	NaN	NaN	0.0000	0.0000	NaN	0	0.0000	0	NaN	NaN	NaN	NaN	0.0000	NaN	-	0	0	0	0	0	BELOW_DETECTION	NaN	none
NZ_CP084131.1	NZ_CP065380.1	NaN	NaN	0.0000	0.0000	NaN	0	0.0000	0	NaN	NaN	NaN	NaN	0.0000	NaN	-	0	0	0	0	0	BELOW_DETECTION	NaN	none
NZ_CP084131.1	NZ_CP186690.1	NaN	NaN	0.0000	0.0000	NaN	0	0.0000	0	NaN	NaN	NaN	NaN	0.0000	NaN	-	0	0	0	0	0	BELOW_DETECTION	NaN	none
NZ_CP084131.1	NZ_CP030777.1	NaN	NaN	0.0000	0.0000	NaN	0	0.0000	0	NaN	NaN	NaN	NaN	0.0000	NaN	-	0	0	0	0	0	BELOW_DETECTION	NaN	none
NZ_CP084131.1	NZ_CP170812.1	NaN	NaN	0.0000	0.0000	NaN	0	0.0000	0	NaN	NaN	NaN	NaN	0.0000	NaN	-	0	0	0	0	0	BELOW_DETECTION	NaN	none
NZ_CP084131.1	NZ_CM151391.1	NaN	NaN	0.0000	0.0000	NaN	0	0.0000	0	NaN	NaN	NaN	NaN	0.0000	NaN	-	0	0	0	0	0	BELOW_DETECTION	NaN	none
NZ_CP084131.1	NZ_CP029705.1	NaN	NaN	0.0000	0.0000	NaN	0	0.0000	0	NaN	NaN	NaN	NaN	0.0000	NaN	-	0	0	0	0	0	BELOW_DETECTION	NaN	none
NZ_CP084131.1	NZ_CP027007.1	NaN	NaN	0.0000	0.0000	NaN	0	0.0000	0	NaN	NaN	NaN	NaN	0.0000	NaN	-	0	0	0	0	0	BELOW_DETECTION	NaN	none
NZ_CP084131.1	NZ_CP029703.1	NaN	NaN	0.0000	0.0000	NaN	0	0.0000	0	NaN	NaN	NaN	NaN	0.0000	NaN	-	0	0	0	0	0	BELOW_DETECTION	NaN	none
NZ_CP084131.1	NZ_CP072028.1	NaN	NaN	0.0000	0.0000	NaN	0	0.0000	0	NaN	NaN	NaN	NaN	0.0000	NaN	-	0	0	0	0	0	BELOW_DETECTION	NaN	none
NZ_CP084131.1	NZ_CP046514.1	NaN	NaN	0.0000	0.0000	NaN	0	0.0000	0	NaN	NaN	NaN	NaN	0.0000	NaN	-	0	0	0	0	0	BELOW_DETECTION	NaN	none
NZ_CP084131.1	NZ_CP026999.1	NaN	NaN	0.0000	0.0000	NaN	0	0.0000	0	NaN	NaN	NaN	NaN	0.0000	NaN	-	0	0	0	0	0	BELOW_DETECTION	NaN	none
NZ_CP084131.1	NZ_CP072500.1	NaN	NaN	0.0000	0.0000	NaN	0	0.0000	0	NaN	NaN	NaN	NaN	0.0000	NaN	-	0	0	0	0	0	BELOW_DETECTION	NaN	none
NZ_CP084131.1	NZ_CP010453.1	NaN	NaN	0.0000	0.0000	NaN	0	0.0000	0	NaN	NaN	NaN	NaN	0.0000	NaN	-	0	0	0	0	0	BELOW_DETECTION	NaN	none
NZ_CP084131.1	NZ_CP143939.1	NaN	NaN	0.0000	0.0000	NaN	0	0.0000	0	NaN	NaN	NaN	NaN	0.0000	NaN	-	0	0	0	0	0	BELOW_DETECTION	NaN	none
NZ_CP084131.1	NZ_CP102289.1	NaN	NaN	0.0000	0.0000	NaN	0	0.0000	0	NaN	NaN	NaN	NaN	0.0000	NaN	-	0	0	0	0	0	BELOW_DETECTION	NaN	none
NZ_CP084131.1	NZ_CP097279.1	NaN	NaN	0.0000	0.0000	NaN	0	0.0000	0	NaN	NaN	NaN	NaN	0.0000	NaN	-	0	0	0	0	0	BELOW_DETECTION	NaN	none
NZ_CP084131.1	NZ_JADNJF010000010.1	NaN	NaN	0.0000	0.0000	NaN	0	0.0000	0	NaN	NaN	NaN	NaN	0.0000	NaN	-	5	0	0	0	0	BELOW_DETECTION	NaN	none
NZ_CP084131.1	NZ_JADNLD010000100.1	NaN	NaN	0.0000	0.0000	NaN	0	0.0000	0	NaN	NaN	NaN	NaN	0.0000	NaN	-	5	0	0	0	0	BELOW_DETECTION	NaN	none
NZ_CP084131.1	NZ_JAQEFF010000001.1	NaN	NaN	0.0000	0.0000	NaN	0	0.0000	0	NaN	NaN	NaN	NaN	0.0000	NaN	-	5	0	0	0	0	BELOW_DETECTION	NaN	none
NZ_CP084142.1	NZ_CP085094.1	NaN	NaN	0.0000	0.0000	NaN	0	0.0000	0	NaN	NaN	NaN	NaN	0.0000	NaN	-	1	0	0	0	0	BELOW_DETECTION	NaN	none
NZ_CP084142.1	NZ_CP104882.1	NaN	NaN	0.0000	0.0000	NaN	0	0.0000	0	NaN	NaN	NaN	NaN	0.0000	NaN	-	1	0	0	0	0	BELOW_DETECTION	NaN	none
NZ_CP084142.1	NZ_CP093913.1	NaN	NaN	0.0000	0.0000	NaN	0	0.0000	0	NaN	NaN	NaN	NaN	0.0000	NaN	-	1	0	0	0	0	BELOW_DETECTION	NaN	none
NZ_CP084142.1	NZ_CP085090.1	NaN	NaN	0.0000	0.0000	NaN	0	0.0000	0	NaN	NaN	NaN	NaN	0.0000	NaN	-	1	0	0	0	0	BELOW_DETECTION	NaN	none
NZ_CP084142.1	NZ_CP085091.1	NaN	NaN	0.0000	0.0000	NaN	0	0.0000	0	NaN	NaN	NaN	NaN	0.0000	NaN	-	1	0	0	0	0	BELOW_DETECTION	NaN	none
NZ_CP084142.1	NZ_CP071434.1	NaN	NaN	0.0000	0.0000	NaN	0	0.0000	0	NaN	NaN	NaN	NaN	0.0000	NaN	-	40	0	0	0	0	BELOW_DETECTION	NaN	none
NZ_CP084142.1	NZ_CP071433.1	NaN	NaN	0.0000	0.0000	NaN	0	0.0000	0	NaN	NaN	NaN	NaN	0.0000	NaN	-	40	0	0	0	0	BELOW_DETECTION	NaN	none
NZ_CP084142.1	NZ_CP071435.1	NaN	NaN	0.0000	0.0000	NaN	0	0.0000	0	NaN	NaN	NaN	NaN	0.0000	NaN	-	40	0	0	0	0	BELOW_DETECTION	NaN	none
NZ_CP084142.1	NZ_CP071431.1	NaN	NaN	0.0000	0.0000	NaN	0	0.0000	0	NaN	NaN	NaN	NaN	0.0000	NaN	-	40	0	0	0	0	BELOW_DETECTION	NaN	none
NZ_CP084142.1	NZ_CP071414.1	NaN	NaN	0.0000	0.0000	NaN	0	0.0000	0	NaN	NaN	NaN	NaN	0.0000	NaN	-	40	0	0	0	0	BELOW_DETECTION	NaN	none
NZ_CP084142.1	NZ_CP117955.1	NaN	NaN	0.0000	0.0000	NaN	0	0.0000	0	NaN	NaN	NaN	NaN	0.0000	NaN	-	4	0	0	0	0	BELOW_DETECTION	NaN	none
NZ_CP084142.1	NZ_CP036550.1	NaN	NaN	0.0000	0.0000	NaN	0	0.0000	0	NaN	NaN	NaN	NaN	0.0000	NaN	-	4	0	0	0	0	BELOW_DETECTION	NaN	none
NZ_CP084142.1	NZ_CP098482.1	NaN	NaN	0.0000	0.0000	NaN	0	0.0000	0	NaN	NaN	NaN	NaN	0.0000	NaN	-	4	0	0	0	0	BELOW_DETECTION	NaN	none
NZ_CP084142.1	NZ_CP069563.1	NaN	NaN	0.0000	0.0000	NaN	0	0.0000	0	NaN	NaN	NaN	NaN	0.0000	NaN	-	4	0	0	0	0	BELOW_DETECTION	NaN	none
NZ_CP084142.1	NZ_CP131534.1	NaN	NaN	0.0000	0.0000	NaN	0	0.0000	0	NaN	NaN	NaN	NaN	0.0000	NaN	-	4	0	0	0	0	BELOW_DETECTION	NaN	none
NZ_CP084142.1	NZ_CP157286.1	NaN	NaN	0.0000	0.0000	NaN	0	0.0000	0	NaN	NaN	NaN	NaN	0.0000	NaN	-	0	0	0	0	0	BELOW_DETECTION	NaN	none
NZ_CP084142.1	NZ_CP065380.1	NaN	NaN	0.0000	0.0000	NaN	0	0.0000	0	NaN	NaN	NaN	NaN	0.0000	NaN	-	0	0	0	0	0	BELOW_DETECTION	NaN	none
NZ_CP084142.1	NZ_CP186690.1	NaN	NaN	0.0000	0.0000	NaN	0	0.0000	0	NaN	NaN	NaN	NaN	0.0000	NaN	-	0	0	0	0	0	BELOW_DETECTION	NaN	none
NZ_CP084142.1	NZ_CP030777.1	NaN	NaN	0.0000	0.0000	NaN	0	0.0000	0	NaN	NaN	NaN	NaN	0.0000	NaN	-	0	0	0	0	0	BELOW_DETECTION	NaN	none
NZ_CP084142.1	NZ_CP170812.1	NaN	NaN	0.0000	0.0000	NaN	0	0.0000	0	NaN	NaN	NaN	NaN	0.0000	NaN	-	0	0	0	0	0	BELOW_DETECTION	NaN	none
NZ_CP084142.1	NZ_CM151391.1	NaN	NaN	0.0000	0.0000	NaN	0	0.0000	0	NaN	NaN	NaN	NaN	0.0000	NaN	-	0	0	0	0	0	BELOW_DETECTION	NaN	none
NZ_CP084142.1	NZ_CP029705.1	NaN	NaN	0.0000	0.0000	NaN	0	0.0000	0	NaN	NaN	NaN	NaN	0.0000	NaN	-	0	0	0	0	0	BELOW_DETECTION	NaN	none
NZ_CP084142.1	NZ_CP027007.1	NaN	NaN	0.0000	0.0000	NaN	0	0.0000	0	NaN	NaN	NaN	NaN	0.0000	NaN	-	0	0	0	0	0	BELOW_DETECTION	NaN	none
NZ_CP084142.1	NZ_CP029703.1	NaN	NaN	0.0000	0.0000	NaN	0	0.0000	0	NaN	NaN	NaN	NaN	0.0000	NaN	-	0	0	0	0	0	BELOW_DETECTION	NaN	none
NZ_CP084142.1	NZ_CP072028.1	NaN	NaN	0.0000	0.0000	NaN	0	0.0000	0	NaN	NaN	NaN	NaN	0.0000	NaN	-	0	0	0	0	0	BELOW_DETECTION	NaN	none
NZ_CP084142.1	NZ_CP046514.1	NaN	NaN	0.0000	0.0000	NaN	0	0.0000	0	NaN	NaN	NaN	NaN	0.0000	NaN	-	0	0	0	0	0	BELOW_DETECTION	NaN	none
NZ_CP084142.1	NZ_CP026999.1	NaN	NaN	0.0000	0.0000	NaN	0	0.0000	0	NaN	NaN	NaN	NaN	0.0000	NaN	-	0	0	0	0	0	BELOW_DETECTION	NaN	none
NZ_CP084142.1	NZ_CP072500.1	NaN	NaN	0.0000	0.0000	NaN	0	0.0000	0	NaN	NaN	NaN	NaN	0.0000	NaN	-	0	0	0	0	0	BELOW_DETECTION	NaN	none
NZ_CP084142.1	NZ_CP010453.1	NaN	NaN	0.0000	0.0000	NaN	0	0.0000	0	NaN	NaN	NaN	NaN	0.0000	NaN	-	0	0	0	0	0	BELOW_DETECTION	NaN	none
NZ_CP084142.1	NZ_CP143939.1	NaN	NaN	0.0000	0.0000	NaN	0	0.0000	0	NaN	NaN	NaN	NaN	0.0000	NaN	-	0	0	0	0	0	BELOW_DETECTION	NaN	none
NZ_CP084142.1	NZ_CP102289.1	NaN	NaN	0.0000	0.0000	NaN	0	0.0000	0	NaN	NaN	NaN	NaN	0.0000	NaN	-	0	0	0	0	0	BELOW_DETECTION	NaN	none
NZ_CP084142.1	NZ_CP097279.1	NaN	NaN	0.0000	0.0000	NaN	0	0.0000	0	NaN	NaN	NaN	NaN	0.0000	NaN	-	0	0	0	0	0	BELOW_DETECTION	NaN	none
NZ_CP084142.1	NZ_JADNJF010000010.1	NaN	NaN	0.0000	0.0000	NaN	0	0.0000	0	NaN	NaN	NaN	NaN	0.0000	NaN	-	5	0	0	0	0	BELOW_DETECTION	NaN	none
NZ_CP084142.1	NZ_JADNLD010000100.1	NaN	NaN	0.0000	0.0000	NaN	0	0.0000	0	NaN	NaN	NaN	NaN	0.0000	NaN	-	5	0	0	0	0	BELOW_DETECTION	NaN	none
NZ_CP084142.1	NZ_JAQEFF010000001.1	NaN	NaN	0.0000	0.0000	NaN	0	0.0000	0	NaN	NaN	NaN	NaN	0.0000	NaN	-	5	0	0	0	0	BELOW_DETECTION	NaN	none
NZ_CP085094.1	NZ_CP104882.1	99.7202	99.8224	0.9561	0.9794	0.01569	9	0.9966	8	0.070	0.9893	99.5802	99.8838	0.1875	3.68	AlfI:99.81,AloI:99.93,BcgI:99.84,FalI:99.75	2357	9	2405	391	258.8888888888889	ok	99.7202	gamma
NZ_CP085094.1	NZ_CP093913.1	98.7488	99.3345	0.9355	0.9555	0.03161	13	0.9944	12	0.126	0.9597	98.7078	99.5196	0.3291	2.13	AlfI:99.32,AloI:99.52,BcgI:99.37,FalI:99.19	2180	13	2364	508	166.3846153846154	ok	98.7488	gamma
NZ_CP085094.1	NZ_CP085090.1	99.7534	99.8347	0.9561	0.9794	0.01515	8	0.9970	7	0.070	0.9900	99.6268	99.8872	0.0882	1.65	AlfI:99.81,AloI:99.82,BcgI:99.87,FalI:99.78	2336	8	2395	498	289.875	ok	99.7534	gamma
NZ_CP085094.1	NZ_CP085091.1	99.7757	99.8530	0.9564	0.9801	0.01427	9	0.9966	8	0.070	0.9911	99.6207	99.9116	0.0885	1.85	AlfI:99.83,AloI:99.86,BcgI:99.89,FalI:99.80	2342	9	2400	498	258.1111111111111	ok	99.7757	gamma
NZ_CP085094.1	NZ_CP071434.1	NaN	NaN	0.0000	0.0000	NaN	0	0.0000	0	NaN	NaN	NaN	NaN	0.0000	NaN	-	0	0	0	0	0	BELOW_DETECTION	NaN	none
NZ_CP085094.1	NZ_CP071433.1	NaN	NaN	0.0000	0.0000	NaN	0	0.0000	0	NaN	NaN	NaN	NaN	0.0000	NaN	-	0	0	0	0	0	BELOW_DETECTION	NaN	none
NZ_CP085094.1	NZ_CP071435.1	NaN	NaN	0.0000	0.0000	NaN	0	0.0000	0	NaN	NaN	NaN	NaN	0.0000	NaN	-	0	0	0	0	0	BELOW_DETECTION	NaN	none
NZ_CP085094.1	NZ_CP071431.1	NaN	NaN	0.0000	0.0000	NaN	0	0.0000	0	NaN	NaN	NaN	NaN	0.0000	NaN	-	0	0	0	0	0	BELOW_DETECTION	NaN	none
NZ_CP085094.1	NZ_CP071414.1	NaN	NaN	0.0000	0.0000	NaN	0	0.0000	0	NaN	NaN	NaN	NaN	0.0000	NaN	-	0	0	0	0	0	BELOW_DETECTION	NaN	none
NZ_CP085094.1	NZ_CP117955.1	NaN	NaN	0.0000	0.0000	NaN	0	0.0000	0	NaN	NaN	NaN	NaN	0.0000	NaN	-	5	0	0	0	0	BELOW_DETECTION	NaN	none
NZ_CP085094.1	NZ_CP036550.1	NaN	NaN	0.0000	0.0000	NaN	0	0.0000	0	NaN	NaN	NaN	NaN	0.0000	NaN	-	5	0	0	0	0	BELOW_DETECTION	NaN	none
NZ_CP085094.1	NZ_CP098482.1	NaN	NaN	0.0000	0.0000	NaN	0	0.0000	0	NaN	NaN	NaN	NaN	0.0000	NaN	-	5	0	0	0	0	BELOW_DETECTION	NaN	none
NZ_CP085094.1	NZ_CP069563.1	NaN	NaN	0.0000	0.0000	NaN	0	0.0000	0	NaN	NaN	NaN	NaN	0.0000	NaN	-	5	0	0	0	0	BELOW_DETECTION	NaN	none
NZ_CP085094.1	NZ_CP131534.1	NaN	NaN	0.0000	0.0000	NaN	0	0.0000	0	NaN	NaN	NaN	NaN	0.0000	NaN	-	5	0	0	0	0	BELOW_DETECTION	NaN	none
NZ_CP085094.1	NZ_CP157286.1	NaN	NaN	0.0000	0.0000	NaN	0	0.0000	0	NaN	NaN	NaN	NaN	0.0000	NaN	-	0	0	0	0	0	BELOW_DETECTION	NaN	none
NZ_CP085094.1	NZ_CP065380.1	NaN	NaN	0.0000	0.0000	NaN	0	0.0000	0	NaN	NaN	NaN	NaN	0.0000	NaN	-	0	0	0	0	0	BELOW_DETECTION	NaN	none
NZ_CP085094.1	NZ_CP186690.1	NaN	NaN	0.0000	0.0000	NaN	0	0.0000	0	NaN	NaN	NaN	NaN	0.0000	NaN	-	0	0	0	0	0	BELOW_DETECTION	NaN	none
NZ_CP085094.1	NZ_CP030777.1	NaN	NaN	0.0000	0.0000	NaN	0	0.0000	0	NaN	NaN	NaN	NaN	0.0000	NaN	-	0	0	0	0	0	BELOW_DETECTION	NaN	none
NZ_CP085094.1	NZ_CP170812.1	NaN	NaN	0.0000	0.0000	NaN	0	0.0000	0	NaN	NaN	NaN	NaN	0.0000	NaN	-	0	0	0	0	0	BELOW_DETECTION	NaN	none
NZ_CP085094.1	NZ_CM151391.1	NaN	NaN	0.0000	0.0000	NaN	0	0.0000	0	NaN	NaN	NaN	NaN	0.0000	NaN	-	0	0	0	0	0	BELOW_DETECTION	NaN	none
NZ_CP085094.1	NZ_CP029705.1	NaN	NaN	0.0000	0.0000	NaN	0	0.0000	0	NaN	NaN	NaN	NaN	0.0000	NaN	-	0	0	0	0	0	BELOW_DETECTION	NaN	none
NZ_CP085094.1	NZ_CP027007.1	NaN	NaN	0.0000	0.0000	NaN	0	0.0000	0	NaN	NaN	NaN	NaN	0.0000	NaN	-	0	0	0	0	0	BELOW_DETECTION	NaN	none
NZ_CP085094.1	NZ_CP029703.1	NaN	NaN	0.0000	0.0000	NaN	0	0.0000	0	NaN	NaN	NaN	NaN	0.0000	NaN	-	0	0	0	0	0	BELOW_DETECTION	NaN	none
NZ_CP085094.1	NZ_CP072028.1	NaN	NaN	0.0000	0.0000	NaN	0	0.0000	0	NaN	NaN	NaN	NaN	0.0000	NaN	-	0	0	0	0	0	BELOW_DETECTION	NaN	none
NZ_CP085094.1	NZ_CP046514.1	NaN	NaN	0.0000	0.0000	NaN	0	0.0000	0	NaN	NaN	NaN	NaN	0.0000	NaN	-	0	0	0	0	0	BELOW_DETECTION	NaN	none
NZ_CP085094.1	NZ_CP026999.1	NaN	NaN	0.0000	0.0000	NaN	0	0.0000	0	NaN	NaN	NaN	NaN	0.0000	NaN	-	0	0	0	0	0	BELOW_DETECTION	NaN	none
NZ_CP085094.1	NZ_CP072500.1	NaN	NaN	0.0000	0.0000	NaN	0	0.0000	0	NaN	NaN	NaN	NaN	0.0000	NaN	-	0	0	0	0	0	BELOW_DETECTION	NaN	none
NZ_CP085094.1	NZ_CP010453.1	NaN	NaN	0.0000	0.0000	NaN	0	0.0000	0	NaN	NaN	NaN	NaN	0.0000	NaN	-	0	0	0	0	0	BELOW_DETECTION	NaN	none
NZ_CP085094.1	NZ_CP143939.1	NaN	NaN	0.0000	0.0000	NaN	0	0.0000	0	NaN	NaN	NaN	NaN	0.0000	NaN	-	0	0	0	0	0	BELOW_DETECTION	NaN	none
NZ_CP085094.1	NZ_CP102289.1	NaN	NaN	0.0000	0.0000	NaN	0	0.0000	0	NaN	NaN	NaN	NaN	0.0000	NaN	-	6	0	0	0	0	BELOW_DETECTION	NaN	none
NZ_CP085094.1	NZ_CP097279.1	NaN	NaN	0.0000	0.0000	NaN	0	0.0000	0	NaN	NaN	NaN	NaN	0.0000	NaN	-	6	0	0	0	0	BELOW_DETECTION	NaN	none
NZ_CP085094.1	NZ_JADNJF010000010.1	NaN	NaN	0.0000	0.0000	NaN	0	0.0000	0	NaN	NaN	NaN	NaN	0.0000	NaN	-	6	0	0	0	0	BELOW_DETECTION	NaN	none
NZ_CP085094.1	NZ_JADNLD010000100.1	NaN	NaN	0.0000	0.0000	NaN	0	0.0000	0	NaN	NaN	NaN	NaN	0.0000	NaN	-	6	0	0	0	0	BELOW_DETECTION	NaN	none
NZ_CP085094.1	NZ_JAQEFF010000001.1	NaN	NaN	0.0000	0.0000	NaN	0	0.0000	0	NaN	NaN	NaN	NaN	0.0000	NaN	-	8	0	0	0	0	BELOW_DETECTION	NaN	none
NZ_CP104882.1	NZ_CP093913.1	98.9267	99.3898	0.9501	0.9520	0.02990	14	0.9941	13	0.129	0.9631	98.8434	99.5474	0.1749	0.73	AlfI:99.34,AloI:99.52,BcgI:99.40,FalI:99.39	2237	14	2399	351	158.42857142857142	ok	98.9267	gamma
NZ_CP104882.1	NZ_CP085090.1	99.6065	99.7754	0.9731	0.9755	0.01764	7	0.9974	6	0.070	0.9864	99.4544	99.8579	0.0896	1.05	AlfI:99.79,AloI:99.71,BcgI:99.80,FalI:99.72	2341	7	2425	699	330.85714285714283	ok	99.6065	gamma
NZ_CP104882.1	NZ_CP085091.1	99.6266	99.7946	0.9731	0.9761	0.01688	7	0.9974	6	0.070	0.9876	99.4408	99.8855	0.0949	1.24	AlfI:99.81,AloI:99.75,BcgI:99.82,FalI:99.72	2337	7	2425	696	330.57142857142856	ok	99.6266	gamma
NZ_CP104882.1	NZ_CP071434.1	NaN	NaN	0.0000	0.0000	NaN	0	0.0000	0	NaN	NaN	NaN	NaN	0.0000	NaN	-	0	0	0	0	0	BELOW_DETECTION	NaN	none
NZ_CP104882.1	NZ_CP071433.1	NaN	NaN	0.0000	0.0000	NaN	0	0.0000	0	NaN	NaN	NaN	NaN	0.0000	NaN	-	0	0	0	0	0	BELOW_DETECTION	NaN	none
NZ_CP104882.1	NZ_CP071435.1	NaN	NaN	0.0000	0.0000	NaN	0	0.0000	0	NaN	NaN	NaN	NaN	0.0000	NaN	-	0	0	0	0	0	BELOW_DETECTION	NaN	none
NZ_CP104882.1	NZ_CP071431.1	NaN	NaN	0.0000	0.0000	NaN	0	0.0000	0	NaN	NaN	NaN	NaN	0.0000	NaN	-	0	0	0	0	0	BELOW_DETECTION	NaN	none
NZ_CP104882.1	NZ_CP071414.1	NaN	NaN	0.0000	0.0000	NaN	0	0.0000	0	NaN	NaN	NaN	NaN	0.0000	NaN	-	0	0	0	0	0	BELOW_DETECTION	NaN	none
NZ_CP104882.1	NZ_CP117955.1	NaN	NaN	0.0000	0.0000	NaN	0	0.0000	0	NaN	NaN	NaN	NaN	0.0000	NaN	-	5	0	0	0	0	BELOW_DETECTION	NaN	none
NZ_CP104882.1	NZ_CP036550.1	NaN	NaN	0.0000	0.0000	NaN	0	0.0000	0	NaN	NaN	NaN	NaN	0.0000	NaN	-	5	0	0	0	0	BELOW_DETECTION	NaN	none
NZ_CP104882.1	NZ_CP098482.1	NaN	NaN	0.0000	0.0000	NaN	0	0.0000	0	NaN	NaN	NaN	NaN	0.0000	NaN	-	5	0	0	0	0	BELOW_DETECTION	NaN	none
NZ_CP104882.1	NZ_CP069563.1	NaN	NaN	0.0000	0.0000	NaN	0	0.0000	0	NaN	NaN	NaN	NaN	0.0000	NaN	-	5	0	0	0	0	BELOW_DETECTION	NaN	none
NZ_CP104882.1	NZ_CP131534.1	NaN	NaN	0.0000	0.0000	NaN	0	0.0000	0	NaN	NaN	NaN	NaN	0.0000	NaN	-	5	0	0	0	0	BELOW_DETECTION	NaN	none
NZ_CP104882.1	NZ_CP157286.1	NaN	NaN	0.0000	0.0000	NaN	0	0.0000	0	NaN	NaN	NaN	NaN	0.0000	NaN	-	0	0	0	0	0	BELOW_DETECTION	NaN	none
NZ_CP104882.1	NZ_CP065380.1	NaN	NaN	0.0000	0.0000	NaN	0	0.0000	0	NaN	NaN	NaN	NaN	0.0000	NaN	-	0	0	0	0	0	BELOW_DETECTION	NaN	none
NZ_CP104882.1	NZ_CP186690.1	NaN	NaN	0.0000	0.0000	NaN	0	0.0000	0	NaN	NaN	NaN	NaN	0.0000	NaN	-	0	0	0	0	0	BELOW_DETECTION	NaN	none
NZ_CP104882.1	NZ_CP030777.1	NaN	NaN	0.0000	0.0000	NaN	0	0.0000	0	NaN	NaN	NaN	NaN	0.0000	NaN	-	0	0	0	0	0	BELOW_DETECTION	NaN	none
NZ_CP104882.1	NZ_CP170812.1	NaN	NaN	0.0000	0.0000	NaN	0	0.0000	0	NaN	NaN	NaN	NaN	0.0000	NaN	-	0	0	0	0	0	BELOW_DETECTION	NaN	none
NZ_CP104882.1	NZ_CM151391.1	NaN	NaN	0.0000	0.0000	NaN	0	0.0000	0	NaN	NaN	NaN	NaN	0.0000	NaN	-	0	0	0	0	0	BELOW_DETECTION	NaN	none
NZ_CP104882.1	NZ_CP029705.1	NaN	NaN	0.0000	0.0000	NaN	0	0.0000	0	NaN	NaN	NaN	NaN	0.0000	NaN	-	0	0	0	0	0	BELOW_DETECTION	NaN	none
NZ_CP104882.1	NZ_CP027007.1	NaN	NaN	0.0000	0.0000	NaN	0	0.0000	0	NaN	NaN	NaN	NaN	0.0000	NaN	-	0	0	0	0	0	BELOW_DETECTION	NaN	none
NZ_CP104882.1	NZ_CP029703.1	NaN	NaN	0.0000	0.0000	NaN	0	0.0000	0	NaN	NaN	NaN	NaN	0.0000	NaN	-	0	0	0	0	0	BELOW_DETECTION	NaN	none
NZ_CP104882.1	NZ_CP072028.1	NaN	NaN	0.0000	0.0000	NaN	0	0.0000	0	NaN	NaN	NaN	NaN	0.0000	NaN	-	0	0	0	0	0	BELOW_DETECTION	NaN	none
NZ_CP104882.1	NZ_CP046514.1	NaN	NaN	0.0000	0.0000	NaN	0	0.0000	0	NaN	NaN	NaN	NaN	0.0000	NaN	-	0	0	0	0	0	BELOW_DETECTION	NaN	none
NZ_CP104882.1	NZ_CP026999.1	NaN	NaN	0.0000	0.0000	NaN	0	0.0000	0	NaN	NaN	NaN	NaN	0.0000	NaN	-	0	0	0	0	0	BELOW_DETECTION	NaN	none
NZ_CP104882.1	NZ_CP072500.1	NaN	NaN	0.0000	0.0000	NaN	0	0.0000	0	NaN	NaN	NaN	NaN	0.0000	NaN	-	0	0	0	0	0	BELOW_DETECTION	NaN	none
NZ_CP104882.1	NZ_CP010453.1	NaN	NaN	0.0000	0.0000	NaN	0	0.0000	0	NaN	NaN	NaN	NaN	0.0000	NaN	-	0	0	0	0	0	BELOW_DETECTION	NaN	none
NZ_CP104882.1	NZ_CP143939.1	NaN	NaN	0.0000	0.0000	NaN	0	0.0000	0	NaN	NaN	NaN	NaN	0.0000	NaN	-	0	0	0	0	0	BELOW_DETECTION	NaN	none
NZ_CP104882.1	NZ_CP102289.1	NaN	NaN	0.0000	0.0000	NaN	0	0.0000	0	NaN	NaN	NaN	NaN	0.0000	NaN	-	6	0	0	0	0	BELOW_DETECTION	NaN	none
NZ_CP104882.1	NZ_CP097279.1	NaN	NaN	0.0000	0.0000	NaN	0	0.0000	0	NaN	NaN	NaN	NaN	0.0000	NaN	-	6	0	0	0	0	BELOW_DETECTION	NaN	none
NZ_CP104882.1	NZ_JADNJF010000010.1	NaN	NaN	0.0000	0.0000	NaN	0	0.0000	0	NaN	NaN	NaN	NaN	0.0000	NaN	-	6	0	0	0	0	BELOW_DETECTION	NaN	none
NZ_CP104882.1	NZ_JADNLD010000100.1	NaN	NaN	0.0000	0.0000	NaN	0	0.0000	0	NaN	NaN	NaN	NaN	0.0000	NaN	-	6	0	0	0	0	BELOW_DETECTION	NaN	none
NZ_CP104882.1	NZ_JAQEFF010000001.1	NaN	NaN	0.0000	0.0000	NaN	0	0.0000	0	NaN	NaN	NaN	NaN	0.0000	NaN	-	8	0	0	0	0	BELOW_DETECTION	NaN	none
NZ_CP093913.1	NZ_CP085090.1	98.8160	99.3447	0.9593	0.9759	0.03130	11	0.9954	10	0.133	0.9603	98.7429	99.5214	0.0875	0.28	AlfI:99.37,AloI:99.35,BcgI:99.35,FalI:99.28	2184	11	2368	714	196.72727272727272	ok	98.8160	gamma
NZ_CP093913.1	NZ_CP085091.1	98.7807	99.3591	0.9585	0.9772	0.03097	11	0.9954	10	0.121	0.9612	98.7358	99.5417	0.1154	0.41	AlfI:99.37,AloI:99.40,BcgI:99.37,FalI:99.28	2181	11	2367	714	196.54545454545453	ok	98.7807	gamma
NZ_CP093913.1	NZ_CP071434.1	NaN	NaN	0.0000	0.0000	NaN	0	0.0000	0	NaN	NaN	NaN	NaN	0.0000	NaN	-	0	0	0	0	0	BELOW_DETECTION	NaN	none
NZ_CP093913.1	NZ_CP071433.1	NaN	NaN	0.0000	0.0000	NaN	0	0.0000	0	NaN	NaN	NaN	NaN	0.0000	NaN	-	0	0	0	0	0	BELOW_DETECTION	NaN	none
NZ_CP093913.1	NZ_CP071435.1	NaN	NaN	0.0000	0.0000	NaN	0	0.0000	0	NaN	NaN	NaN	NaN	0.0000	NaN	-	0	0	0	0	0	BELOW_DETECTION	NaN	none
NZ_CP093913.1	NZ_CP071431.1	NaN	NaN	0.0000	0.0000	NaN	0	0.0000	0	NaN	NaN	NaN	NaN	0.0000	NaN	-	0	0	0	0	0	BELOW_DETECTION	NaN	none
NZ_CP093913.1	NZ_CP071414.1	NaN	NaN	0.0000	0.0000	NaN	0	0.0000	0	NaN	NaN	NaN	NaN	0.0000	NaN	-	0	0	0	0	0	BELOW_DETECTION	NaN	none
NZ_CP093913.1	NZ_CP117955.1	NaN	NaN	0.0000	0.0000	NaN	0	0.0000	0	NaN	NaN	NaN	NaN	0.0000	NaN	-	5	0	0	0	0	BELOW_DETECTION	NaN	none
NZ_CP093913.1	NZ_CP036550.1	NaN	NaN	0.0000	0.0000	NaN	0	0.0000	0	NaN	NaN	NaN	NaN	0.0000	NaN	-	5	0	0	0	0	BELOW_DETECTION	NaN	none
NZ_CP093913.1	NZ_CP098482.1	NaN	NaN	0.0000	0.0000	NaN	0	0.0000	0	NaN	NaN	NaN	NaN	0.0000	NaN	-	5	0	0	0	0	BELOW_DETECTION	NaN	none
NZ_CP093913.1	NZ_CP069563.1	NaN	NaN	0.0000	0.0000	NaN	0	0.0000	0	NaN	NaN	NaN	NaN	0.0000	NaN	-	5	0	0	0	0	BELOW_DETECTION	NaN	none
NZ_CP093913.1	NZ_CP131534.1	NaN	NaN	0.0000	0.0000	NaN	0	0.0000	0	NaN	NaN	NaN	NaN	0.0000	NaN	-	5	0	0	0	0	BELOW_DETECTION	NaN	none
NZ_CP093913.1	NZ_CP157286.1	NaN	NaN	0.0000	0.0000	NaN	0	0.0000	0	NaN	NaN	NaN	NaN	0.0000	NaN	-	0	0	0	0	0	BELOW_DETECTION	NaN	none
NZ_CP093913.1	NZ_CP065380.1	NaN	NaN	0.0000	0.0000	NaN	0	0.0000	0	NaN	NaN	NaN	NaN	0.0000	NaN	-	0	0	0	0	0	BELOW_DETECTION	NaN	none
NZ_CP093913.1	NZ_CP186690.1	NaN	NaN	0.0000	0.0000	NaN	0	0.0000	0	NaN	NaN	NaN	NaN	0.0000	NaN	-	0	0	0	0	0	BELOW_DETECTION	NaN	none
NZ_CP093913.1	NZ_CP030777.1	NaN	NaN	0.0000	0.0000	NaN	0	0.0000	0	NaN	NaN	NaN	NaN	0.0000	NaN	-	0	0	0	0	0	BELOW_DETECTION	NaN	none
NZ_CP093913.1	NZ_CP170812.1	NaN	NaN	0.0000	0.0000	NaN	0	0.0000	0	NaN	NaN	NaN	NaN	0.0000	NaN	-	0	0	0	0	0	BELOW_DETECTION	NaN	none
NZ_CP093913.1	NZ_CM151391.1	NaN	NaN	0.0000	0.0000	NaN	0	0.0000	0	NaN	NaN	NaN	NaN	0.0000	NaN	-	0	0	0	0	0	BELOW_DETECTION	NaN	none
NZ_CP093913.1	NZ_CP029705.1	NaN	NaN	0.0000	0.0000	NaN	0	0.0000	0	NaN	NaN	NaN	NaN	0.0000	NaN	-	0	0	0	0	0	BELOW_DETECTION	NaN	none
NZ_CP093913.1	NZ_CP027007.1	NaN	NaN	0.0000	0.0000	NaN	0	0.0000	0	NaN	NaN	NaN	NaN	0.0000	NaN	-	0	0	0	0	0	BELOW_DETECTION	NaN	none
NZ_CP093913.1	NZ_CP029703.1	NaN	NaN	0.0000	0.0000	NaN	0	0.0000	0	NaN	NaN	NaN	NaN	0.0000	NaN	-	0	0	0	0	0	BELOW_DETECTION	NaN	none
NZ_CP093913.1	NZ_CP072028.1	NaN	NaN	0.0000	0.0000	NaN	0	0.0000	0	NaN	NaN	NaN	NaN	0.0000	NaN	-	0	0	0	0	0	BELOW_DETECTION	NaN	none
NZ_CP093913.1	NZ_CP046514.1	NaN	NaN	0.0000	0.0000	NaN	0	0.0000	0	NaN	NaN	NaN	NaN	0.0000	NaN	-	0	0	0	0	0	BELOW_DETECTION	NaN	none
NZ_CP093913.1	NZ_CP026999.1	NaN	NaN	0.0000	0.0000	NaN	0	0.0000	0	NaN	NaN	NaN	NaN	0.0000	NaN	-	0	0	0	0	0	BELOW_DETECTION	NaN	none
NZ_CP093913.1	NZ_CP072500.1	NaN	NaN	0.0000	0.0000	NaN	0	0.0000	0	NaN	NaN	NaN	NaN	0.0000	NaN	-	0	0	0	0	0	BELOW_DETECTION	NaN	none
NZ_CP093913.1	NZ_CP010453.1	NaN	NaN	0.0000	0.0000	NaN	0	0.0000	0	NaN	NaN	NaN	NaN	0.0000	NaN	-	0	0	0	0	0	BELOW_DETECTION	NaN	none
NZ_CP093913.1	NZ_CP143939.1	NaN	NaN	0.0000	0.0000	NaN	0	0.0000	0	NaN	NaN	NaN	NaN	0.0000	NaN	-	0	0	0	0	0	BELOW_DETECTION	NaN	none
NZ_CP093913.1	NZ_CP102289.1	NaN	NaN	0.0000	0.0000	NaN	0	0.0000	0	NaN	NaN	NaN	NaN	0.0000	NaN	-	6	0	0	0	0	BELOW_DETECTION	NaN	none
NZ_CP093913.1	NZ_CP097279.1	NaN	NaN	0.0000	0.0000	NaN	0	0.0000	0	NaN	NaN	NaN	NaN	0.0000	NaN	-	6	0	0	0	0	BELOW_DETECTION	NaN	none
NZ_CP093913.1	NZ_JADNJF010000010.1	NaN	NaN	0.0000	0.0000	NaN	0	0.0000	0	NaN	NaN	NaN	NaN	0.0000	NaN	-	6	0	0	0	0	BELOW_DETECTION	NaN	none
NZ_CP093913.1	NZ_JADNLD010000100.1	NaN	NaN	0.0000	0.0000	NaN	0	0.0000	0	NaN	NaN	NaN	NaN	0.0000	NaN	-	6	0	0	0	0	BELOW_DETECTION	NaN	none
NZ_CP093913.1	NZ_JAQEFF010000001.1	NaN	NaN	0.0000	0.0000	NaN	0	0.0000	0	NaN	NaN	NaN	NaN	0.0000	NaN	-	8	0	0	0	0	BELOW_DETECTION	NaN	none
NZ_CP085090.1	NZ_CP085091.1	99.9490	99.9490	0.9999	0.9999	0.00828	1	1.0000	0	inf	0.9969	99.9525	99.9481	0.0292	0.69	AlfI:99.94,AloI:99.93,BcgI:99.96,FalI:99.94	2416	1	2434	2399	2399	ok	99.9490	uniform
NZ_CP085090.1	NZ_CP071434.1	NaN	NaN	0.0000	0.0000	NaN	0	0.0000	0	NaN	NaN	NaN	NaN	0.0000	NaN	-	0	0	0	0	0	BELOW_DETECTION	NaN	none
NZ_CP085090.1	NZ_CP071433.1	NaN	NaN	0.0000	0.0000	NaN	0	0.0000	0	NaN	NaN	NaN	NaN	0.0000	NaN	-	0	0	0	0	0	BELOW_DETECTION	NaN	none
NZ_CP085090.1	NZ_CP071435.1	NaN	NaN	0.0000	0.0000	NaN	0	0.0000	0	NaN	NaN	NaN	NaN	0.0000	NaN	-	0	0	0	0	0	BELOW_DETECTION	NaN	none
NZ_CP085090.1	NZ_CP071431.1	NaN	NaN	0.0000	0.0000	NaN	0	0.0000	0	NaN	NaN	NaN	NaN	0.0000	NaN	-	0	0	0	0	0	BELOW_DETECTION	NaN	none
NZ_CP085090.1	NZ_CP071414.1	NaN	NaN	0.0000	0.0000	NaN	0	0.0000	0	NaN	NaN	NaN	NaN	0.0000	NaN	-	0	0	0	0	0	BELOW_DETECTION	NaN	none
NZ_CP085090.1	NZ_CP117955.1	NaN	NaN	0.0000	0.0000	NaN	0	0.0000	0	NaN	NaN	NaN	NaN	0.0000	NaN	-	5	0	0	0	0	BELOW_DETECTION	NaN	none
NZ_CP085090.1	NZ_CP036550.1	NaN	NaN	0.0000	0.0000	NaN	0	0.0000	0	NaN	NaN	NaN	NaN	0.0000	NaN	-	5	0	0	0	0	BELOW_DETECTION	NaN	none
NZ_CP085090.1	NZ_CP098482.1	NaN	NaN	0.0000	0.0000	NaN	0	0.0000	0	NaN	NaN	NaN	NaN	0.0000	NaN	-	5	0	0	0	0	BELOW_DETECTION	NaN	none
NZ_CP085090.1	NZ_CP069563.1	NaN	NaN	0.0000	0.0000	NaN	0	0.0000	0	NaN	NaN	NaN	NaN	0.0000	NaN	-	5	0	0	0	0	BELOW_DETECTION	NaN	none
NZ_CP085090.1	NZ_CP131534.1	NaN	NaN	0.0000	0.0000	NaN	0	0.0000	0	NaN	NaN	NaN	NaN	0.0000	NaN	-	5	0	0	0	0	BELOW_DETECTION	NaN	none
NZ_CP085090.1	NZ_CP157286.1	NaN	NaN	0.0000	0.0000	NaN	0	0.0000	0	NaN	NaN	NaN	NaN	0.0000	NaN	-	0	0	0	0	0	BELOW_DETECTION	NaN	none
NZ_CP085090.1	NZ_CP065380.1	NaN	NaN	0.0000	0.0000	NaN	0	0.0000	0	NaN	NaN	NaN	NaN	0.0000	NaN	-	0	0	0	0	0	BELOW_DETECTION	NaN	none
NZ_CP085090.1	NZ_CP186690.1	NaN	NaN	0.0000	0.0000	NaN	0	0.0000	0	NaN	NaN	NaN	NaN	0.0000	NaN	-	0	0	0	0	0	BELOW_DETECTION	NaN	none
NZ_CP085090.1	NZ_CP030777.1	NaN	NaN	0.0000	0.0000	NaN	0	0.0000	0	NaN	NaN	NaN	NaN	0.0000	NaN	-	0	0	0	0	0	BELOW_DETECTION	NaN	none
NZ_CP085090.1	NZ_CP170812.1	NaN	NaN	0.0000	0.0000	NaN	0	0.0000	0	NaN	NaN	NaN	NaN	0.0000	NaN	-	0	0	0	0	0	BELOW_DETECTION	NaN	none
NZ_CP085090.1	NZ_CM151391.1	NaN	NaN	0.0000	0.0000	NaN	0	0.0000	0	NaN	NaN	NaN	NaN	0.0000	NaN	-	0	0	0	0	0	BELOW_DETECTION	NaN	none
NZ_CP085090.1	NZ_CP029705.1	NaN	NaN	0.0000	0.0000	NaN	0	0.0000	0	NaN	NaN	NaN	NaN	0.0000	NaN	-	0	0	0	0	0	BELOW_DETECTION	NaN	none
NZ_CP085090.1	NZ_CP027007.1	NaN	NaN	0.0000	0.0000	NaN	0	0.0000	0	NaN	NaN	NaN	NaN	0.0000	NaN	-	0	0	0	0	0	BELOW_DETECTION	NaN	none
NZ_CP085090.1	NZ_CP029703.1	NaN	NaN	0.0000	0.0000	NaN	0	0.0000	0	NaN	NaN	NaN	NaN	0.0000	NaN	-	0	0	0	0	0	BELOW_DETECTION	NaN	none
NZ_CP085090.1	NZ_CP072028.1	NaN	NaN	0.0000	0.0000	NaN	0	0.0000	0	NaN	NaN	NaN	NaN	0.0000	NaN	-	0	0	0	0	0	BELOW_DETECTION	NaN	none
NZ_CP085090.1	NZ_CP046514.1	NaN	NaN	0.0000	0.0000	NaN	0	0.0000	0	NaN	NaN	NaN	NaN	0.0000	NaN	-	0	0	0	0	0	BELOW_DETECTION	NaN	none
NZ_CP085090.1	NZ_CP026999.1	NaN	NaN	0.0000	0.0000	NaN	0	0.0000	0	NaN	NaN	NaN	NaN	0.0000	NaN	-	0	0	0	0	0	BELOW_DETECTION	NaN	none
NZ_CP085090.1	NZ_CP072500.1	NaN	NaN	0.0000	0.0000	NaN	0	0.0000	0	NaN	NaN	NaN	NaN	0.0000	NaN	-	0	0	0	0	0	BELOW_DETECTION	NaN	none
NZ_CP085090.1	NZ_CP010453.1	NaN	NaN	0.0000	0.0000	NaN	0	0.0000	0	NaN	NaN	NaN	NaN	0.0000	NaN	-	0	0	0	0	0	BELOW_DETECTION	NaN	none
NZ_CP085090.1	NZ_CP143939.1	NaN	NaN	0.0000	0.0000	NaN	0	0.0000	0	NaN	NaN	NaN	NaN	0.0000	NaN	-	0	0	0	0	0	BELOW_DETECTION	NaN	none
NZ_CP085090.1	NZ_CP102289.1	NaN	NaN	0.0000	0.0000	NaN	0	0.0000	0	NaN	NaN	NaN	NaN	0.0000	NaN	-	6	0	0	0	0	BELOW_DETECTION	NaN	none
NZ_CP085090.1	NZ_CP097279.1	NaN	NaN	0.0000	0.0000	NaN	0	0.0000	0	NaN	NaN	NaN	NaN	0.0000	NaN	-	6	0	0	0	0	BELOW_DETECTION	NaN	none
NZ_CP085090.1	NZ_JADNJF010000010.1	NaN	NaN	0.0000	0.0000	NaN	0	0.0000	0	NaN	NaN	NaN	NaN	0.0000	NaN	-	6	0	0	0	0	BELOW_DETECTION	NaN	none
NZ_CP085090.1	NZ_JADNLD010000100.1	NaN	NaN	0.0000	0.0000	NaN	0	0.0000	0	NaN	NaN	NaN	NaN	0.0000	NaN	-	6	0	0	0	0	BELOW_DETECTION	NaN	none
NZ_CP085090.1	NZ_JAQEFF010000001.1	NaN	NaN	0.0000	0.0000	NaN	0	0.0000	0	NaN	NaN	NaN	NaN	0.0000	NaN	-	8	0	0	0	0	BELOW_DETECTION	NaN	none
NZ_CP085091.1	NZ_CP071434.1	NaN	NaN	0.0000	0.0000	NaN	0	0.0000	0	NaN	NaN	NaN	NaN	0.0000	NaN	-	0	0	0	0	0	BELOW_DETECTION	NaN	none
NZ_CP085091.1	NZ_CP071433.1	NaN	NaN	0.0000	0.0000	NaN	0	0.0000	0	NaN	NaN	NaN	NaN	0.0000	NaN	-	0	0	0	0	0	BELOW_DETECTION	NaN	none
NZ_CP085091.1	NZ_CP071435.1	NaN	NaN	0.0000	0.0000	NaN	0	0.0000	0	NaN	NaN	NaN	NaN	0.0000	NaN	-	0	0	0	0	0	BELOW_DETECTION	NaN	none
NZ_CP085091.1	NZ_CP071431.1	NaN	NaN	0.0000	0.0000	NaN	0	0.0000	0	NaN	NaN	NaN	NaN	0.0000	NaN	-	0	0	0	0	0	BELOW_DETECTION	NaN	none
NZ_CP085091.1	NZ_CP071414.1	NaN	NaN	0.0000	0.0000	NaN	0	0.0000	0	NaN	NaN	NaN	NaN	0.0000	NaN	-	0	0	0	0	0	BELOW_DETECTION	NaN	none
NZ_CP085091.1	NZ_CP117955.1	NaN	NaN	0.0000	0.0000	NaN	0	0.0000	0	NaN	NaN	NaN	NaN	0.0000	NaN	-	5	0	0	0	0	BELOW_DETECTION	NaN	none
NZ_CP085091.1	NZ_CP036550.1	NaN	NaN	0.0000	0.0000	NaN	0	0.0000	0	NaN	NaN	NaN	NaN	0.0000	NaN	-	5	0	0	0	0	BELOW_DETECTION	NaN	none
NZ_CP085091.1	NZ_CP098482.1	NaN	NaN	0.0000	0.0000	NaN	0	0.0000	0	NaN	NaN	NaN	NaN	0.0000	NaN	-	5	0	0	0	0	BELOW_DETECTION	NaN	none
NZ_CP085091.1	NZ_CP069563.1	NaN	NaN	0.0000	0.0000	NaN	0	0.0000	0	NaN	NaN	NaN	NaN	0.0000	NaN	-	5	0	0	0	0	BELOW_DETECTION	NaN	none
NZ_CP085091.1	NZ_CP131534.1	NaN	NaN	0.0000	0.0000	NaN	0	0.0000	0	NaN	NaN	NaN	NaN	0.0000	NaN	-	5	0	0	0	0	BELOW_DETECTION	NaN	none
NZ_CP085091.1	NZ_CP157286.1	NaN	NaN	0.0000	0.0000	NaN	0	0.0000	0	NaN	NaN	NaN	NaN	0.0000	NaN	-	0	0	0	0	0	BELOW_DETECTION	NaN	none
NZ_CP085091.1	NZ_CP065380.1	NaN	NaN	0.0000	0.0000	NaN	0	0.0000	0	NaN	NaN	NaN	NaN	0.0000	NaN	-	0	0	0	0	0	BELOW_DETECTION	NaN	none
NZ_CP085091.1	NZ_CP186690.1	NaN	NaN	0.0000	0.0000	NaN	0	0.0000	0	NaN	NaN	NaN	NaN	0.0000	NaN	-	0	0	0	0	0	BELOW_DETECTION	NaN	none
NZ_CP085091.1	NZ_CP030777.1	NaN	NaN	0.0000	0.0000	NaN	0	0.0000	0	NaN	NaN	NaN	NaN	0.0000	NaN	-	0	0	0	0	0	BELOW_DETECTION	NaN	none
NZ_CP085091.1	NZ_CP170812.1	NaN	NaN	0.0000	0.0000	NaN	0	0.0000	0	NaN	NaN	NaN	NaN	0.0000	NaN	-	0	0	0	0	0	BELOW_DETECTION	NaN	none
NZ_CP085091.1	NZ_CM151391.1	NaN	NaN	0.0000	0.0000	NaN	0	0.0000	0	NaN	NaN	NaN	NaN	0.0000	NaN	-	0	0	0	0	0	BELOW_DETECTION	NaN	none
NZ_CP085091.1	NZ_CP029705.1	NaN	NaN	0.0000	0.0000	NaN	0	0.0000	0	NaN	NaN	NaN	NaN	0.0000	NaN	-	0	0	0	0	0	BELOW_DETECTION	NaN	none
NZ_CP085091.1	NZ_CP027007.1	NaN	NaN	0.0000	0.0000	NaN	0	0.0000	0	NaN	NaN	NaN	NaN	0.0000	NaN	-	0	0	0	0	0	BELOW_DETECTION	NaN	none
NZ_CP085091.1	NZ_CP029703.1	NaN	NaN	0.0000	0.0000	NaN	0	0.0000	0	NaN	NaN	NaN	NaN	0.0000	NaN	-	0	0	0	0	0	BELOW_DETECTION	NaN	none
NZ_CP085091.1	NZ_CP072028.1	NaN	NaN	0.0000	0.0000	NaN	0	0.0000	0	NaN	NaN	NaN	NaN	0.0000	NaN	-	0	0	0	0	0	BELOW_DETECTION	NaN	none
NZ_CP085091.1	NZ_CP046514.1	NaN	NaN	0.0000	0.0000	NaN	0	0.0000	0	NaN	NaN	NaN	NaN	0.0000	NaN	-	0	0	0	0	0	BELOW_DETECTION	NaN	none
NZ_CP085091.1	NZ_CP026999.1	NaN	NaN	0.0000	0.0000	NaN	0	0.0000	0	NaN	NaN	NaN	NaN	0.0000	NaN	-	0	0	0	0	0	BELOW_DETECTION	NaN	none
NZ_CP085091.1	NZ_CP072500.1	NaN	NaN	0.0000	0.0000	NaN	0	0.0000	0	NaN	NaN	NaN	NaN	0.0000	NaN	-	0	0	0	0	0	BELOW_DETECTION	NaN	none
NZ_CP085091.1	NZ_CP010453.1	NaN	NaN	0.0000	0.0000	NaN	0	0.0000	0	NaN	NaN	NaN	NaN	0.0000	NaN	-	0	0	0	0	0	BELOW_DETECTION	NaN	none
NZ_CP085091.1	NZ_CP143939.1	NaN	NaN	0.0000	0.0000	NaN	0	0.0000	0	NaN	NaN	NaN	NaN	0.0000	NaN	-	0	0	0	0	0	BELOW_DETECTION	NaN	none
NZ_CP085091.1	NZ_CP102289.1	NaN	NaN	0.0000	0.0000	NaN	0	0.0000	0	NaN	NaN	NaN	NaN	0.0000	NaN	-	6	0	0	0	0	BELOW_DETECTION	NaN	none
NZ_CP085091.1	NZ_CP097279.1	NaN	NaN	0.0000	0.0000	NaN	0	0.0000	0	NaN	NaN	NaN	NaN	0.0000	NaN	-	6	0	0	0	0	BELOW_DETECTION	NaN	none
NZ_CP085091.1	NZ_JADNJF010000010.1	NaN	NaN	0.0000	0.0000	NaN	0	0.0000	0	NaN	NaN	NaN	NaN	0.0000	NaN	-	6	0	0	0	0	BELOW_DETECTION	NaN	none
NZ_CP085091.1	NZ_JADNLD010000100.1	NaN	NaN	0.0000	0.0000	NaN	0	0.0000	0	NaN	NaN	NaN	NaN	0.0000	NaN	-	6	0	0	0	0	BELOW_DETECTION	NaN	none
NZ_CP085091.1	NZ_JAQEFF010000001.1	NaN	NaN	0.0000	0.0000	NaN	0	0.0000	0	NaN	NaN	NaN	NaN	0.0000	NaN	-	8	0	0	0	0	BELOW_DETECTION	NaN	none
NZ_CP071434.1	NZ_CP071433.1	94.8147	95.5066	0.8908	0.9433	0.09315	33	0.9807	32	2.305	0.6918	94.8606	96.3751	0.8956	1.78	AlfI:95.45,AloI:94.80,BcgI:95.39,FalI:95.70	1697	33	2504	349	50.333333333333336	ok	94.8147	gamma
NZ_CP071434.1	NZ_CP071435.1	95.0230	95.8162	0.9140	0.9257	0.08858	33	0.9818	32	1.833	0.7156	95.0964	96.7035	0.7487	1.78	AlfI:95.79,AloI:95.26,BcgI:95.65,FalI:96.00	1801	33	2565	367	53.18181818181818	ok	95.0230	gamma
NZ_CP071434.1	NZ_CP071431.1	94.7991	95.6435	0.8781	0.8963	0.09220	34	0.9800	33	1.888	0.7023	94.8468	96.6814	0.9530	5.30	AlfI:95.03,AloI:95.17,BcgI:95.64,FalI:95.98	1698	34	2505	367	48.588235294117645	ok	94.7991	gamma
NZ_CP071434.1	NZ_CP071414.1	94.8710	95.7507	0.9110	0.9439	0.08950	29	0.9835	28	1.729	0.7105	94.9718	96.7158	1.1768	3.65	AlfI:95.48,AloI:94.83,BcgI:95.75,FalI:96.00	1752	29	2571	371	58.55172413793103	ok	94.8710	gamma
NZ_CP071434.1	NZ_CP117955.1	NaN	NaN	0.0000	0.0000	NaN	0	0.0000	0	NaN	NaN	NaN	NaN	0.0000	NaN	-	1	0	0	0	0	BELOW_DETECTION	NaN	none
NZ_CP071434.1	NZ_CP036550.1	NaN	NaN	0.0000	0.0000	NaN	0	0.0000	0	NaN	NaN	NaN	NaN	0.0000	NaN	-	1	0	0	0	0	BELOW_DETECTION	NaN	none
NZ_CP071434.1	NZ_CP098482.1	NaN	NaN	0.0000	0.0000	NaN	0	0.0000	0	NaN	NaN	NaN	NaN	0.0000	NaN	-	1	0	0	0	0	BELOW_DETECTION	NaN	none
NZ_CP071434.1	NZ_CP069563.1	NaN	NaN	0.0000	0.0000	NaN	0	0.0000	0	NaN	NaN	NaN	NaN	0.0000	NaN	-	1	0	0	0	0	BELOW_DETECTION	NaN	none
NZ_CP071434.1	NZ_CP131534.1	NaN	NaN	0.0000	0.0000	NaN	0	0.0000	0	NaN	NaN	NaN	NaN	0.0000	NaN	-	1	0	0	0	0	BELOW_DETECTION	NaN	none
NZ_CP071434.1	NZ_CP157286.1	NaN	NaN	0.0000	0.0000	NaN	0	0.0000	0	NaN	NaN	NaN	NaN	0.0000	NaN	-	0	0	0	0	0	BELOW_DETECTION	NaN	none
NZ_CP071434.1	NZ_CP065380.1	NaN	NaN	0.0000	0.0000	NaN	0	0.0000	0	NaN	NaN	NaN	NaN	0.0000	NaN	-	0	0	0	0	0	BELOW_DETECTION	NaN	none
NZ_CP071434.1	NZ_CP186690.1	NaN	NaN	0.0000	0.0000	NaN	0	0.0000	0	NaN	NaN	NaN	NaN	0.0000	NaN	-	0	0	0	0	0	BELOW_DETECTION	NaN	none
NZ_CP071434.1	NZ_CP030777.1	NaN	NaN	0.0000	0.0000	NaN	0	0.0000	0	NaN	NaN	NaN	NaN	0.0000	NaN	-	0	0	0	0	0	BELOW_DETECTION	NaN	none
NZ_CP071434.1	NZ_CP170812.1	NaN	NaN	0.0000	0.0000	NaN	0	0.0000	0	NaN	NaN	NaN	NaN	0.0000	NaN	-	0	0	0	0	0	BELOW_DETECTION	NaN	none
NZ_CP071434.1	NZ_CM151391.1	NaN	NaN	0.0000	0.0000	NaN	0	0.0000	0	NaN	NaN	NaN	NaN	0.0000	NaN	-	0	0	0	0	0	BELOW_DETECTION	NaN	none
NZ_CP071434.1	NZ_CP029705.1	NaN	NaN	0.0000	0.0000	NaN	0	0.0000	0	NaN	NaN	NaN	NaN	0.0000	NaN	-	0	0	0	0	0	BELOW_DETECTION	NaN	none
NZ_CP071434.1	NZ_CP027007.1	NaN	NaN	0.0000	0.0000	NaN	0	0.0000	0	NaN	NaN	NaN	NaN	0.0000	NaN	-	0	0	0	0	0	BELOW_DETECTION	NaN	none
NZ_CP071434.1	NZ_CP029703.1	NaN	NaN	0.0000	0.0000	NaN	0	0.0000	0	NaN	NaN	NaN	NaN	0.0000	NaN	-	0	0	0	0	0	BELOW_DETECTION	NaN	none
NZ_CP071434.1	NZ_CP072028.1	NaN	NaN	0.0000	0.0000	NaN	0	0.0000	0	NaN	NaN	NaN	NaN	0.0000	NaN	-	0	0	0	0	0	BELOW_DETECTION	NaN	none
NZ_CP071434.1	NZ_CP046514.1	NaN	NaN	0.0000	0.0000	NaN	0	0.0000	0	NaN	NaN	NaN	NaN	0.0000	NaN	-	16	0	0	0	0	BELOW_DETECTION	NaN	none
NZ_CP071434.1	NZ_CP026999.1	NaN	NaN	0.0000	0.0000	NaN	0	0.0000	0	NaN	NaN	NaN	NaN	0.0000	NaN	-	16	0	0	0	0	BELOW_DETECTION	NaN	none
NZ_CP071434.1	NZ_CP072500.1	NaN	NaN	0.0000	0.0000	NaN	0	0.0000	0	NaN	NaN	NaN	NaN	0.0000	NaN	-	16	0	0	0	0	BELOW_DETECTION	NaN	none
NZ_CP071434.1	NZ_CP010453.1	NaN	NaN	0.0000	0.0000	NaN	0	0.0000	0	NaN	NaN	NaN	NaN	0.0000	NaN	-	12	0	0	0	0	BELOW_DETECTION	NaN	none
NZ_CP071434.1	NZ_CP143939.1	NaN	NaN	0.0000	0.0000	NaN	0	0.0000	0	NaN	NaN	NaN	NaN	0.0000	NaN	-	16	0	0	0	0	BELOW_DETECTION	NaN	none
NZ_CP071434.1	NZ_CP102289.1	NaN	NaN	0.0000	0.0000	NaN	0	0.0000	0	NaN	NaN	NaN	NaN	0.0000	NaN	-	1	0	0	0	0	BELOW_DETECTION	NaN	none
NZ_CP071434.1	NZ_CP097279.1	NaN	NaN	0.0000	0.0000	NaN	0	0.0000	0	NaN	NaN	NaN	NaN	0.0000	NaN	-	1	0	0	0	0	BELOW_DETECTION	NaN	none
NZ_CP071434.1	NZ_JADNJF010000010.1	NaN	NaN	0.0000	0.0000	NaN	0	0.0000	0	NaN	NaN	NaN	NaN	0.0000	NaN	-	5	0	0	0	0	BELOW_DETECTION	NaN	none
NZ_CP071434.1	NZ_JADNLD010000100.1	NaN	NaN	0.0000	0.0000	NaN	0	0.0000	0	NaN	NaN	NaN	NaN	0.0000	NaN	-	5	0	0	0	0	BELOW_DETECTION	NaN	none
NZ_CP071434.1	NZ_JAQEFF010000001.1	NaN	NaN	0.0000	0.0000	NaN	0	0.0000	0	NaN	NaN	NaN	NaN	0.0000	NaN	-	5	0	0	0	0	BELOW_DETECTION	NaN	none
NZ_CP071433.1	NZ_CP071435.1	95.0698	95.8965	0.9864	0.9956	0.08347	19	0.9907	18	1.729	0.7218	95.1381	96.7934	0.5828	1.08	AlfI:95.73,AloI:95.42,BcgI:95.94,FalI:96.00	1978	19	2827	1489	101.52631578947368	ok	95.0698	gamma
NZ_CP071433.1	NZ_CP071431.1	95.1086	95.7802	0.9716	0.9875	0.08520	16	0.9921	15	2.148	0.7130	95.1094	96.6083	0.8184	4.34	AlfI:95.22,AloI:95.65,BcgI:95.83,FalI:96.03	1919	16	2783	883	118	ok	95.1086	gamma
NZ_CP071433.1	NZ_CP071414.1	95.1167	95.8425	0.9674	0.9927	0.08495	16	0.9919	15	1.968	0.7178	95.1322	96.6924	0.8972	3.03	AlfI:95.64,AloI:95.20,BcgI:95.69,FalI:96.10	1931	16	2760	550	116.0625	ok	95.1167	gamma
NZ_CP071433.1	NZ_CP117955.1	NaN	NaN	0.0000	0.0000	NaN	0	0.0000	0	NaN	NaN	NaN	NaN	0.0000	NaN	-	1	0	0	0	0	BELOW_DETECTION	NaN	none
NZ_CP071433.1	NZ_CP036550.1	NaN	NaN	0.0000	0.0000	NaN	0	0.0000	0	NaN	NaN	NaN	NaN	0.0000	NaN	-	1	0	0	0	0	BELOW_DETECTION	NaN	none
NZ_CP071433.1	NZ_CP098482.1	NaN	NaN	0.0000	0.0000	NaN	0	0.0000	0	NaN	NaN	NaN	NaN	0.0000	NaN	-	1	0	0	0	0	BELOW_DETECTION	NaN	none
NZ_CP071433.1	NZ_CP069563.1	NaN	NaN	0.0000	0.0000	NaN	0	0.0000	0	NaN	NaN	NaN	NaN	0.0000	NaN	-	1	0	0	0	0	BELOW_DETECTION	NaN	none
NZ_CP071433.1	NZ_CP131534.1	NaN	NaN	0.0000	0.0000	NaN	0	0.0000	0	NaN	NaN	NaN	NaN	0.0000	NaN	-	1	0	0	0	0	BELOW_DETECTION	NaN	none
NZ_CP071433.1	NZ_CP157286.1	NaN	NaN	0.0000	0.0000	NaN	0	0.0000	0	NaN	NaN	NaN	NaN	0.0000	NaN	-	1	0	0	0	0	BELOW_DETECTION	NaN	none
NZ_CP071433.1	NZ_CP065380.1	NaN	NaN	0.0000	0.0000	NaN	0	0.0000	0	NaN	NaN	NaN	NaN	0.0000	NaN	-	1	0	0	0	0	BELOW_DETECTION	NaN	none
NZ_CP071433.1	NZ_CP186690.1	NaN	NaN	0.0000	0.0000	NaN	0	0.0000	0	NaN	NaN	NaN	NaN	0.0000	NaN	-	1	0	0	0	0	BELOW_DETECTION	NaN	none
NZ_CP071433.1	NZ_CP030777.1	NaN	NaN	0.0000	0.0000	NaN	0	0.0000	0	NaN	NaN	NaN	NaN	0.0000	NaN	-	1	0	0	0	0	BELOW_DETECTION	NaN	none
NZ_CP071433.1	NZ_CP170812.1	NaN	NaN	0.0000	0.0000	NaN	0	0.0000	0	NaN	NaN	NaN	NaN	0.0000	NaN	-	0	0	0	0	0	BELOW_DETECTION	NaN	none
NZ_CP071433.1	NZ_CM151391.1	NaN	NaN	0.0000	0.0000	NaN	0	0.0000	0	NaN	NaN	NaN	NaN	0.0000	NaN	-	0	0	0	0	0	BELOW_DETECTION	NaN	none
NZ_CP071433.1	NZ_CP029705.1	NaN	NaN	0.0000	0.0000	NaN	0	0.0000	0	NaN	NaN	NaN	NaN	0.0000	NaN	-	0	0	0	0	0	BELOW_DETECTION	NaN	none
NZ_CP071433.1	NZ_CP027007.1	NaN	NaN	0.0000	0.0000	NaN	0	0.0000	0	NaN	NaN	NaN	NaN	0.0000	NaN	-	0	0	0	0	0	BELOW_DETECTION	NaN	none
NZ_CP071433.1	NZ_CP029703.1	NaN	NaN	0.0000	0.0000	NaN	0	0.0000	0	NaN	NaN	NaN	NaN	0.0000	NaN	-	0	0	0	0	0	BELOW_DETECTION	NaN	none
NZ_CP071433.1	NZ_CP072028.1	NaN	NaN	0.0000	0.0000	NaN	0	0.0000	0	NaN	NaN	NaN	NaN	0.0000	NaN	-	0	0	0	0	0	BELOW_DETECTION	NaN	none
NZ_CP071433.1	NZ_CP046514.1	NaN	NaN	0.0000	0.0000	NaN	0	0.0000	0	NaN	NaN	NaN	NaN	0.0000	NaN	-	16	0	0	0	0	BELOW_DETECTION	NaN	none
NZ_CP071433.1	NZ_CP026999.1	NaN	NaN	0.0000	0.0000	NaN	0	0.0000	0	NaN	NaN	NaN	NaN	0.0000	NaN	-	16	0	0	0	0	BELOW_DETECTION	NaN	none
NZ_CP071433.1	NZ_CP072500.1	NaN	NaN	0.0000	0.0000	NaN	0	0.0000	0	NaN	NaN	NaN	NaN	0.0000	NaN	-	16	0	0	0	0	BELOW_DETECTION	NaN	none
NZ_CP071433.1	NZ_CP010453.1	NaN	NaN	0.0000	0.0000	NaN	0	0.0000	0	NaN	NaN	NaN	NaN	0.0000	NaN	-	12	0	0	0	0	BELOW_DETECTION	NaN	none
NZ_CP071433.1	NZ_CP143939.1	NaN	NaN	0.0000	0.0000	NaN	0	0.0000	0	NaN	NaN	NaN	NaN	0.0000	NaN	-	16	0	0	0	0	BELOW_DETECTION	NaN	none
NZ_CP071433.1	NZ_CP102289.1	NaN	NaN	0.0000	0.0000	NaN	0	0.0000	0	NaN	NaN	NaN	NaN	0.0000	NaN	-	1	0	0	0	0	BELOW_DETECTION	NaN	none
NZ_CP071433.1	NZ_CP097279.1	NaN	NaN	0.0000	0.0000	NaN	0	0.0000	0	NaN	NaN	NaN	NaN	0.0000	NaN	-	1	0	0	0	0	BELOW_DETECTION	NaN	none
NZ_CP071433.1	NZ_JADNJF010000010.1	NaN	NaN	0.0000	0.0000	NaN	0	0.0000	0	NaN	NaN	NaN	NaN	0.0000	NaN	-	5	0	0	0	0	BELOW_DETECTION	NaN	none
NZ_CP071433.1	NZ_JADNLD010000100.1	NaN	NaN	0.0000	0.0000	NaN	0	0.0000	0	NaN	NaN	NaN	NaN	0.0000	NaN	-	5	0	0	0	0	BELOW_DETECTION	NaN	none
NZ_CP071433.1	NZ_JAQEFF010000001.1	NaN	NaN	0.0000	0.0000	NaN	0	0.0000	0	NaN	NaN	NaN	NaN	0.0000	NaN	-	5	0	0	0	0	BELOW_DETECTION	NaN	none
NZ_CP071435.1	NZ_CP071431.1	94.8971	95.8595	0.9644	0.9927	0.08339	19	0.9907	18	1.520	0.7192	95.0518	96.8313	0.7984	4.51	AlfI:95.37,AloI:95.32,BcgI:95.89,FalI:96.12	1980	19	2886	1446	102.26315789473684	ok	94.8971	gamma
NZ_CP071435.1	NZ_CP071414.1	94.9343	95.9263	0.9613	0.9899	0.08300	20	0.9901	19	1.476	0.7244	95.0588	96.9303	1.0550	2.51	AlfI:95.94,AloI:95.03,BcgI:95.85,FalI:96.08	1990	20	2871	556	95.6	ok	94.9343	gamma
NZ_CP071435.1	NZ_CP117955.1	NaN	NaN	0.0000	0.0000	NaN	0	0.0000	0	NaN	NaN	NaN	NaN	0.0000	NaN	-	1	0	0	0	0	BELOW_DETECTION	NaN	none
NZ_CP071435.1	NZ_CP036550.1	NaN	NaN	0.0000	0.0000	NaN	0	0.0000	0	NaN	NaN	NaN	NaN	0.0000	NaN	-	1	0	0	0	0	BELOW_DETECTION	NaN	none
NZ_CP071435.1	NZ_CP098482.1	NaN	NaN	0.0000	0.0000	NaN	0	0.0000	0	NaN	NaN	NaN	NaN	0.0000	NaN	-	1	0	0	0	0	BELOW_DETECTION	NaN	none
NZ_CP071435.1	NZ_CP069563.1	NaN	NaN	0.0000	0.0000	NaN	0	0.0000	0	NaN	NaN	NaN	NaN	0.0000	NaN	-	1	0	0	0	0	BELOW_DETECTION	NaN	none
NZ_CP071435.1	NZ_CP131534.1	NaN	NaN	0.0000	0.0000	NaN	0	0.0000	0	NaN	NaN	NaN	NaN	0.0000	NaN	-	1	0	0	0	0	BELOW_DETECTION	NaN	none
NZ_CP071435.1	NZ_CP157286.1	NaN	NaN	0.0000	0.0000	NaN	0	0.0000	0	NaN	NaN	NaN	NaN	0.0000	NaN	-	1	0	0	0	0	BELOW_DETECTION	NaN	none
NZ_CP071435.1	NZ_CP065380.1	NaN	NaN	0.0000	0.0000	NaN	0	0.0000	0	NaN	NaN	NaN	NaN	0.0000	NaN	-	0	0	0	0	0	BELOW_DETECTION	NaN	none
NZ_CP071435.1	NZ_CP186690.1	NaN	NaN	0.0000	0.0000	NaN	0	0.0000	0	NaN	NaN	NaN	NaN	0.0000	NaN	-	1	0	0	0	0	BELOW_DETECTION	NaN	none
NZ_CP071435.1	NZ_CP030777.1	NaN	NaN	0.0000	0.0000	NaN	0	0.0000	0	NaN	NaN	NaN	NaN	0.0000	NaN	-	1	0	0	0	0	BELOW_DETECTION	NaN	none
NZ_CP071435.1	NZ_CP170812.1	NaN	NaN	0.0000	0.0000	NaN	0	0.0000	0	NaN	NaN	NaN	NaN	0.0000	NaN	-	0	0	0	0	0	BELOW_DETECTION	NaN	none
NZ_CP071435.1	NZ_CM151391.1	NaN	NaN	0.0000	0.0000	NaN	0	0.0000	0	NaN	NaN	NaN	NaN	0.0000	NaN	-	0	0	0	0	0	BELOW_DETECTION	NaN	none
NZ_CP071435.1	NZ_CP029705.1	NaN	NaN	0.0000	0.0000	NaN	0	0.0000	0	NaN	NaN	NaN	NaN	0.0000	NaN	-	0	0	0	0	0	BELOW_DETECTION	NaN	none
NZ_CP071435.1	NZ_CP027007.1	NaN	NaN	0.0000	0.0000	NaN	0	0.0000	0	NaN	NaN	NaN	NaN	0.0000	NaN	-	0	0	0	0	0	BELOW_DETECTION	NaN	none
NZ_CP071435.1	NZ_CP029703.1	NaN	NaN	0.0000	0.0000	NaN	0	0.0000	0	NaN	NaN	NaN	NaN	0.0000	NaN	-	0	0	0	0	0	BELOW_DETECTION	NaN	none
NZ_CP071435.1	NZ_CP072028.1	NaN	NaN	0.0000	0.0000	NaN	0	0.0000	0	NaN	NaN	NaN	NaN	0.0000	NaN	-	0	0	0	0	0	BELOW_DETECTION	NaN	none
NZ_CP071435.1	NZ_CP046514.1	NaN	NaN	0.0000	0.0000	NaN	0	0.0000	0	NaN	NaN	NaN	NaN	0.0000	NaN	-	16	0	0	0	0	BELOW_DETECTION	NaN	none
NZ_CP071435.1	NZ_CP026999.1	NaN	NaN	0.0000	0.0000	NaN	0	0.0000	0	NaN	NaN	NaN	NaN	0.0000	NaN	-	16	0	0	0	0	BELOW_DETECTION	NaN	none
NZ_CP071435.1	NZ_CP072500.1	NaN	NaN	0.0000	0.0000	NaN	0	0.0000	0	NaN	NaN	NaN	NaN	0.0000	NaN	-	16	0	0	0	0	BELOW_DETECTION	NaN	none
NZ_CP071435.1	NZ_CP010453.1	NaN	NaN	0.0000	0.0000	NaN	0	0.0000	0	NaN	NaN	NaN	NaN	0.0000	NaN	-	12	0	0	0	0	BELOW_DETECTION	NaN	none
NZ_CP071435.1	NZ_CP143939.1	NaN	NaN	0.0000	0.0000	NaN	0	0.0000	0	NaN	NaN	NaN	NaN	0.0000	NaN	-	16	0	0	0	0	BELOW_DETECTION	NaN	none
NZ_CP071435.1	NZ_CP102289.1	NaN	NaN	0.0000	0.0000	NaN	0	0.0000	0	NaN	NaN	NaN	NaN	0.0000	NaN	-	1	0	0	0	0	BELOW_DETECTION	NaN	none
NZ_CP071435.1	NZ_CP097279.1	NaN	NaN	0.0000	0.0000	NaN	0	0.0000	0	NaN	NaN	NaN	NaN	0.0000	NaN	-	1	0	0	0	0	BELOW_DETECTION	NaN	none
NZ_CP071435.1	NZ_JADNJF010000010.1	NaN	NaN	0.0000	0.0000	NaN	0	0.0000	0	NaN	NaN	NaN	NaN	0.0000	NaN	-	5	0	0	0	0	BELOW_DETECTION	NaN	none
NZ_CP071435.1	NZ_JADNLD010000100.1	NaN	NaN	0.0000	0.0000	NaN	0	0.0000	0	NaN	NaN	NaN	NaN	0.0000	NaN	-	5	0	0	0	0	BELOW_DETECTION	NaN	none
NZ_CP071435.1	NZ_JAQEFF010000001.1	NaN	NaN	0.0000	0.0000	NaN	0	0.0000	0	NaN	NaN	NaN	NaN	0.0000	NaN	-	5	0	0	0	0	BELOW_DETECTION	NaN	none
NZ_CP071431.1	NZ_CP071414.1	95.0790	95.8536	0.9448	0.9773	0.08355	17	0.9916	16	1.833	0.7188	95.1434	96.6988	0.5661	1.82	AlfI:95.62,AloI:95.49,BcgI:95.77,FalI:96.05	1962	17	2846	507	112.52941176470588	ok	95.0790	gamma
NZ_CP071431.1	NZ_CP117955.1	NaN	NaN	0.0000	0.0000	NaN	0	0.0000	0	NaN	NaN	NaN	NaN	0.0000	NaN	-	1	0	0	0	0	BELOW_DETECTION	NaN	none
NZ_CP071431.1	NZ_CP036550.1	NaN	NaN	0.0000	0.0000	NaN	0	0.0000	0	NaN	NaN	NaN	NaN	0.0000	NaN	-	1	0	0	0	0	BELOW_DETECTION	NaN	none
NZ_CP071431.1	NZ_CP098482.1	NaN	NaN	0.0000	0.0000	NaN	0	0.0000	0	NaN	NaN	NaN	NaN	0.0000	NaN	-	1	0	0	0	0	BELOW_DETECTION	NaN	none
NZ_CP071431.1	NZ_CP069563.1	NaN	NaN	0.0000	0.0000	NaN	0	0.0000	0	NaN	NaN	NaN	NaN	0.0000	NaN	-	1	0	0	0	0	BELOW_DETECTION	NaN	none
NZ_CP071431.1	NZ_CP131534.1	NaN	NaN	0.0000	0.0000	NaN	0	0.0000	0	NaN	NaN	NaN	NaN	0.0000	NaN	-	1	0	0	0	0	BELOW_DETECTION	NaN	none
NZ_CP071431.1	NZ_CP157286.1	NaN	NaN	0.0000	0.0000	NaN	0	0.0000	0	NaN	NaN	NaN	NaN	0.0000	NaN	-	1	0	0	0	0	BELOW_DETECTION	NaN	none
NZ_CP071431.1	NZ_CP065380.1	NaN	NaN	0.0000	0.0000	NaN	0	0.0000	0	NaN	NaN	NaN	NaN	0.0000	NaN	-	0	0	0	0	0	BELOW_DETECTION	NaN	none
NZ_CP071431.1	NZ_CP186690.1	NaN	NaN	0.0000	0.0000	NaN	0	0.0000	0	NaN	NaN	NaN	NaN	0.0000	NaN	-	1	0	0	0	0	BELOW_DETECTION	NaN	none
NZ_CP071431.1	NZ_CP030777.1	NaN	NaN	0.0000	0.0000	NaN	0	0.0000	0	NaN	NaN	NaN	NaN	0.0000	NaN	-	1	0	0	0	0	BELOW_DETECTION	NaN	none
NZ_CP071431.1	NZ_CP170812.1	NaN	NaN	0.0000	0.0000	NaN	0	0.0000	0	NaN	NaN	NaN	NaN	0.0000	NaN	-	0	0	0	0	0	BELOW_DETECTION	NaN	none
NZ_CP071431.1	NZ_CM151391.1	NaN	NaN	0.0000	0.0000	NaN	0	0.0000	0	NaN	NaN	NaN	NaN	0.0000	NaN	-	0	0	0	0	0	BELOW_DETECTION	NaN	none
NZ_CP071431.1	NZ_CP029705.1	NaN	NaN	0.0000	0.0000	NaN	0	0.0000	0	NaN	NaN	NaN	NaN	0.0000	NaN	-	0	0	0	0	0	BELOW_DETECTION	NaN	none
NZ_CP071431.1	NZ_CP027007.1	NaN	NaN	0.0000	0.0000	NaN	0	0.0000	0	NaN	NaN	NaN	NaN	0.0000	NaN	-	0	0	0	0	0	BELOW_DETECTION	NaN	none
NZ_CP071431.1	NZ_CP029703.1	NaN	NaN	0.0000	0.0000	NaN	0	0.0000	0	NaN	NaN	NaN	NaN	0.0000	NaN	-	0	0	0	0	0	BELOW_DETECTION	NaN	none
NZ_CP071431.1	NZ_CP072028.1	NaN	NaN	0.0000	0.0000	NaN	0	0.0000	0	NaN	NaN	NaN	NaN	0.0000	NaN	-	0	0	0	0	0	BELOW_DETECTION	NaN	none
NZ_CP071431.1	NZ_CP046514.1	NaN	NaN	0.0000	0.0000	NaN	0	0.0000	0	NaN	NaN	NaN	NaN	0.0000	NaN	-	16	0	0	0	0	BELOW_DETECTION	NaN	none
NZ_CP071431.1	NZ_CP026999.1	NaN	NaN	0.0000	0.0000	NaN	0	0.0000	0	NaN	NaN	NaN	NaN	0.0000	NaN	-	16	0	0	0	0	BELOW_DETECTION	NaN	none
NZ_CP071431.1	NZ_CP072500.1	NaN	NaN	0.0000	0.0000	NaN	0	0.0000	0	NaN	NaN	NaN	NaN	0.0000	NaN	-	16	0	0	0	0	BELOW_DETECTION	NaN	none
NZ_CP071431.1	NZ_CP010453.1	NaN	NaN	0.0000	0.0000	NaN	0	0.0000	0	NaN	NaN	NaN	NaN	0.0000	NaN	-	12	0	0	0	0	BELOW_DETECTION	NaN	none
NZ_CP071431.1	NZ_CP143939.1	NaN	NaN	0.0000	0.0000	NaN	0	0.0000	0	NaN	NaN	NaN	NaN	0.0000	NaN	-	16	0	0	0	0	BELOW_DETECTION	NaN	none
NZ_CP071431.1	NZ_CP102289.1	NaN	NaN	0.0000	0.0000	NaN	0	0.0000	0	NaN	NaN	NaN	NaN	0.0000	NaN	-	1	0	0	0	0	BELOW_DETECTION	NaN	none
NZ_CP071431.1	NZ_CP097279.1	NaN	NaN	0.0000	0.0000	NaN	0	0.0000	0	NaN	NaN	NaN	NaN	0.0000	NaN	-	1	0	0	0	0	BELOW_DETECTION	NaN	none
NZ_CP071431.1	NZ_JADNJF010000010.1	NaN	NaN	0.0000	0.0000	NaN	0	0.0000	0	NaN	NaN	NaN	NaN	0.0000	NaN	-	5	0	0	0	0	BELOW_DETECTION	NaN	none
NZ_CP071431.1	NZ_JADNLD010000100.1	NaN	NaN	0.0000	0.0000	NaN	0	0.0000	0	NaN	NaN	NaN	NaN	0.0000	NaN	-	5	0	0	0	0	BELOW_DETECTION	NaN	none
NZ_CP071431.1	NZ_JAQEFF010000001.1	NaN	NaN	0.0000	0.0000	NaN	0	0.0000	0	NaN	NaN	NaN	NaN	0.0000	NaN	-	5	0	0	0	0	BELOW_DETECTION	NaN	none
NZ_CP071414.1	NZ_CP117955.1	NaN	NaN	0.0000	0.0000	NaN	0	0.0000	0	NaN	NaN	NaN	NaN	0.0000	NaN	-	1	0	0	0	0	BELOW_DETECTION	NaN	none
NZ_CP071414.1	NZ_CP036550.1	NaN	NaN	0.0000	0.0000	NaN	0	0.0000	0	NaN	NaN	NaN	NaN	0.0000	NaN	-	1	0	0	0	0	BELOW_DETECTION	NaN	none
NZ_CP071414.1	NZ_CP098482.1	NaN	NaN	0.0000	0.0000	NaN	0	0.0000	0	NaN	NaN	NaN	NaN	0.0000	NaN	-	2	0	0	0	0	BELOW_DETECTION	NaN	none
NZ_CP071414.1	NZ_CP069563.1	NaN	NaN	0.0000	0.0000	NaN	0	0.0000	0	NaN	NaN	NaN	NaN	0.0000	NaN	-	1	0	0	0	0	BELOW_DETECTION	NaN	none
NZ_CP071414.1	NZ_CP131534.1	NaN	NaN	0.0000	0.0000	NaN	0	0.0000	0	NaN	NaN	NaN	NaN	0.0000	NaN	-	1	0	0	0	0	BELOW_DETECTION	NaN	none
NZ_CP071414.1	NZ_CP157286.1	NaN	NaN	0.0000	0.0000	NaN	0	0.0000	0	NaN	NaN	NaN	NaN	0.0000	NaN	-	1	0	0	0	0	BELOW_DETECTION	NaN	none
NZ_CP071414.1	NZ_CP065380.1	NaN	NaN	0.0000	0.0000	NaN	0	0.0000	0	NaN	NaN	NaN	NaN	0.0000	NaN	-	0	0	0	0	0	BELOW_DETECTION	NaN	none
NZ_CP071414.1	NZ_CP186690.1	NaN	NaN	0.0000	0.0000	NaN	0	0.0000	0	NaN	NaN	NaN	NaN	0.0000	NaN	-	1	0	0	0	0	BELOW_DETECTION	NaN	none
NZ_CP071414.1	NZ_CP030777.1	NaN	NaN	0.0000	0.0000	NaN	0	0.0000	0	NaN	NaN	NaN	NaN	0.0000	NaN	-	1	0	0	0	0	BELOW_DETECTION	NaN	none
NZ_CP071414.1	NZ_CP170812.1	NaN	NaN	0.0000	0.0000	NaN	0	0.0000	0	NaN	NaN	NaN	NaN	0.0000	NaN	-	0	0	0	0	0	BELOW_DETECTION	NaN	none
NZ_CP071414.1	NZ_CM151391.1	NaN	NaN	0.0000	0.0000	NaN	0	0.0000	0	NaN	NaN	NaN	NaN	0.0000	NaN	-	0	0	0	0	0	BELOW_DETECTION	NaN	none
NZ_CP071414.1	NZ_CP029705.1	NaN	NaN	0.0000	0.0000	NaN	0	0.0000	0	NaN	NaN	NaN	NaN	0.0000	NaN	-	0	0	0	0	0	BELOW_DETECTION	NaN	none
NZ_CP071414.1	NZ_CP027007.1	NaN	NaN	0.0000	0.0000	NaN	0	0.0000	0	NaN	NaN	NaN	NaN	0.0000	NaN	-	0	0	0	0	0	BELOW_DETECTION	NaN	none
NZ_CP071414.1	NZ_CP029703.1	NaN	NaN	0.0000	0.0000	NaN	0	0.0000	0	NaN	NaN	NaN	NaN	0.0000	NaN	-	0	0	0	0	0	BELOW_DETECTION	NaN	none
NZ_CP071414.1	NZ_CP072028.1	NaN	NaN	0.0000	0.0000	NaN	0	0.0000	0	NaN	NaN	NaN	NaN	0.0000	NaN	-	0	0	0	0	0	BELOW_DETECTION	NaN	none
NZ_CP071414.1	NZ_CP046514.1	NaN	NaN	0.0000	0.0000	NaN	0	0.0000	0	NaN	NaN	NaN	NaN	0.0000	NaN	-	16	0	0	0	0	BELOW_DETECTION	NaN	none
NZ_CP071414.1	NZ_CP026999.1	NaN	NaN	0.0000	0.0000	NaN	0	0.0000	0	NaN	NaN	NaN	NaN	0.0000	NaN	-	16	0	0	0	0	BELOW_DETECTION	NaN	none
NZ_CP071414.1	NZ_CP072500.1	NaN	NaN	0.0000	0.0000	NaN	0	0.0000	0	NaN	NaN	NaN	NaN	0.0000	NaN	-	16	0	0	0	0	BELOW_DETECTION	NaN	none
NZ_CP071414.1	NZ_CP010453.1	NaN	NaN	0.0000	0.0000	NaN	0	0.0000	0	NaN	NaN	NaN	NaN	0.0000	NaN	-	12	0	0	0	0	BELOW_DETECTION	NaN	none
NZ_CP071414.1	NZ_CP143939.1	NaN	NaN	0.0000	0.0000	NaN	0	0.0000	0	NaN	NaN	NaN	NaN	0.0000	NaN	-	16	0	0	0	0	BELOW_DETECTION	NaN	none
NZ_CP071414.1	NZ_CP102289.1	NaN	NaN	0.0000	0.0000	NaN	0	0.0000	0	NaN	NaN	NaN	NaN	0.0000	NaN	-	1	0	0	0	0	BELOW_DETECTION	NaN	none
NZ_CP071414.1	NZ_CP097279.1	NaN	NaN	0.0000	0.0000	NaN	0	0.0000	0	NaN	NaN	NaN	NaN	0.0000	NaN	-	1	0	0	0	0	BELOW_DETECTION	NaN	none
NZ_CP071414.1	NZ_JADNJF010000010.1	NaN	NaN	0.0000	0.0000	NaN	0	0.0000	0	NaN	NaN	NaN	NaN	0.0000	NaN	-	5	0	0	0	0	BELOW_DETECTION	NaN	none
NZ_CP071414.1	NZ_JADNLD010000100.1	NaN	NaN	0.0000	0.0000	NaN	0	0.0000	0	NaN	NaN	NaN	NaN	0.0000	NaN	-	5	0	0	0	0	BELOW_DETECTION	NaN	none
NZ_CP071414.1	NZ_JAQEFF010000001.1	NaN	NaN	0.0000	0.0000	NaN	0	0.0000	0	NaN	NaN	NaN	NaN	0.0000	NaN	-	5	0	0	0	0	BELOW_DETECTION	NaN	none
NZ_CP117955.1	NZ_CP036550.1	99.0988	99.2835	0.8762	0.9042	0.02153	44	0.9916	43	0.392	0.9563	98.8377	99.4190	0.1102	0.80	AlfI:99.27,AloI:99.37,BcgI:99.29,FalI:99.26	5272	44	5561	533	116.61363636363636	ok	99.0988	gamma
NZ_CP117955.1	NZ_CP098482.1	99.0138	99.2313	0.8659	0.8666	0.02250	51	0.9902	50	0.381	0.9531	98.7584	99.3775	0.1157	1.39	AlfI:99.31,AloI:99.27,BcgI:99.21,FalI:99.19	5259	51	5495	388	99.88235294117646	ok	99.0138	gamma
NZ_CP117955.1	NZ_CP069563.1	99.1173	99.2696	0.8588	0.8608	0.02193	46	0.9911	45	0.473	0.9554	98.8551	99.3955	0.1092	0.79	AlfI:99.28,AloI:99.32,BcgI:99.28,FalI:99.22	5178	46	5450	530	109.3913043478261	ok	99.1173	gamma
NZ_CP117955.1	NZ_CP131534.1	98.9912	99.2279	0.8696	0.8324	0.02256	52	0.9899	51	0.355	0.9529	98.7384	99.3794	0.0460	0.17	AlfI:99.23,AloI:99.25,BcgI:99.24,FalI:99.20	5250	52	5495	526	97.57692307692308	ok	98.9912	gamma
NZ_CP117955.1	NZ_CP157286.1	NaN	NaN	0.0000	0.0000	NaN	0	0.0000	0	NaN	NaN	NaN	NaN	0.0000	NaN	-	0	0	0	0	0	BELOW_DETECTION	NaN	none
NZ_CP117955.1	NZ_CP065380.1	NaN	NaN	0.0000	0.0000	NaN	0	0.0000	0	NaN	NaN	NaN	NaN	0.0000	NaN	-	0	0	0	0	0	BELOW_DETECTION	NaN	none
NZ_CP117955.1	NZ_CP186690.1	NaN	NaN	0.0000	0.0000	NaN	0	0.0000	0	NaN	NaN	NaN	NaN	0.0000	NaN	-	0	0	0	0	0	BELOW_DETECTION	NaN	none
NZ_CP117955.1	NZ_CP030777.1	NaN	NaN	0.0000	0.0000	NaN	0	0.0000	0	NaN	NaN	NaN	NaN	0.0000	NaN	-	0	0	0	0	0	BELOW_DETECTION	NaN	none
NZ_CP117955.1	NZ_CP170812.1	NaN	NaN	0.0000	0.0000	NaN	0	0.0000	0	NaN	NaN	NaN	NaN	0.0000	NaN	-	0	0	0	0	0	BELOW_DETECTION	NaN	none
NZ_CP117955.1	NZ_CM151391.1	NaN	NaN	0.0000	0.0000	NaN	0	0.0000	0	NaN	NaN	NaN	NaN	0.0000	NaN	-	1	0	0	0	0	BELOW_DETECTION	NaN	none
NZ_CP117955.1	NZ_CP029705.1	NaN	NaN	0.0000	0.0000	NaN	0	0.0000	0	NaN	NaN	NaN	NaN	0.0000	NaN	-	1	0	0	0	0	BELOW_DETECTION	NaN	none
NZ_CP117955.1	NZ_CP027007.1	NaN	NaN	0.0000	0.0000	NaN	0	0.0000	0	NaN	NaN	NaN	NaN	0.0000	NaN	-	1	0	0	0	0	BELOW_DETECTION	NaN	none
NZ_CP117955.1	NZ_CP029703.1	NaN	NaN	0.0000	0.0000	NaN	0	0.0000	0	NaN	NaN	NaN	NaN	0.0000	NaN	-	1	0	0	0	0	BELOW_DETECTION	NaN	none
NZ_CP117955.1	NZ_CP072028.1	NaN	NaN	0.0000	0.0000	NaN	0	0.0000	0	NaN	NaN	NaN	NaN	0.0000	NaN	-	4	0	0	0	0	BELOW_DETECTION	NaN	none
NZ_CP117955.1	NZ_CP046514.1	NaN	NaN	0.0000	0.0000	NaN	0	0.0000	0	NaN	NaN	NaN	NaN	0.0000	NaN	-	0	0	0	0	0	BELOW_DETECTION	NaN	none
NZ_CP117955.1	NZ_CP026999.1	NaN	NaN	0.0000	0.0000	NaN	0	0.0000	0	NaN	NaN	NaN	NaN	0.0000	NaN	-	0	0	0	0	0	BELOW_DETECTION	NaN	none
NZ_CP117955.1	NZ_CP072500.1	NaN	NaN	0.0000	0.0000	NaN	0	0.0000	0	NaN	NaN	NaN	NaN	0.0000	NaN	-	0	0	0	0	0	BELOW_DETECTION	NaN	none
NZ_CP117955.1	NZ_CP010453.1	NaN	NaN	0.0000	0.0000	NaN	0	0.0000	0	NaN	NaN	NaN	NaN	0.0000	NaN	-	0	0	0	0	0	BELOW_DETECTION	NaN	none
NZ_CP117955.1	NZ_CP143939.1	NaN	NaN	0.0000	0.0000	NaN	0	0.0000	0	NaN	NaN	NaN	NaN	0.0000	NaN	-	0	0	0	0	0	BELOW_DETECTION	NaN	none
NZ_CP117955.1	NZ_CP102289.1	NaN	NaN	0.0000	0.0000	NaN	0	0.0000	0	NaN	NaN	NaN	NaN	0.0000	NaN	-	2	0	0	0	0	BELOW_DETECTION	NaN	none
NZ_CP117955.1	NZ_CP097279.1	NaN	NaN	0.0000	0.0000	NaN	0	0.0000	0	NaN	NaN	NaN	NaN	0.0000	NaN	-	2	0	0	0	0	BELOW_DETECTION	NaN	none
NZ_CP117955.1	NZ_JADNJF010000010.1	NaN	NaN	0.0000	0.0000	NaN	0	0.0000	0	NaN	NaN	NaN	NaN	0.0000	NaN	-	2	0	0	0	0	BELOW_DETECTION	NaN	none
NZ_CP117955.1	NZ_JADNLD010000100.1	NaN	NaN	0.0000	0.0000	NaN	0	0.0000	0	NaN	NaN	NaN	NaN	0.0000	NaN	-	2	0	0	0	0	BELOW_DETECTION	NaN	none
NZ_CP117955.1	NZ_JAQEFF010000001.1	NaN	NaN	0.0000	0.0000	NaN	0	0.0000	0	NaN	NaN	NaN	NaN	0.0000	NaN	-	2	0	0	0	0	BELOW_DETECTION	NaN	none
NZ_CP036550.1	NZ_CP098482.1	99.1802	99.3890	0.8714	0.8509	0.01986	44	0.9917	43	0.259	0.9628	98.9797	99.5092	0.0687	0.50	AlfI:99.42,AloI:99.40,BcgI:99.39,FalI:99.35	5318	44	5512	681	117.22727272727273	ok	99.1802	gamma
NZ_CP036550.1	NZ_CP069563.1	99.2688	99.4143	0.8648	0.8660	0.01943	42	0.9920	41	0.321	0.9643	99.0705	99.5139	0.0783	0.88	AlfI:99.41,AloI:99.40,BcgI:99.45,FalI:99.37	5293	42	5483	559	122.45238095238095	ok	99.2688	gamma
NZ_CP036550.1	NZ_CP131534.1	99.2317	99.4127	0.8609	0.8112	0.01950	50	0.9905	49	0.266	0.9642	99.0390	99.5211	0.0938	1.01	AlfI:99.38,AloI:99.36,BcgI:99.45,FalI:99.40	5368	50	5470	688	103.38	ok	99.2317	gamma
NZ_CP036550.1	NZ_CP157286.1	NaN	NaN	0.0000	0.0000	NaN	0	0.0000	0	NaN	NaN	NaN	NaN	0.0000	NaN	-	0	0	0	0	0	BELOW_DETECTION	NaN	none
NZ_CP036550.1	NZ_CP065380.1	NaN	NaN	0.0000	0.0000	NaN	0	0.0000	0	NaN	NaN	NaN	NaN	0.0000	NaN	-	0	0	0	0	0	BELOW_DETECTION	NaN	none
NZ_CP036550.1	NZ_CP186690.1	NaN	NaN	0.0000	0.0000	NaN	0	0.0000	0	NaN	NaN	NaN	NaN	0.0000	NaN	-	0	0	0	0	0	BELOW_DETECTION	NaN	none
NZ_CP036550.1	NZ_CP030777.1	NaN	NaN	0.0000	0.0000	NaN	0	0.0000	0	NaN	NaN	NaN	NaN	0.0000	NaN	-	0	0	0	0	0	BELOW_DETECTION	NaN	none
NZ_CP036550.1	NZ_CP170812.1	NaN	NaN	0.0000	0.0000	NaN	0	0.0000	0	NaN	NaN	NaN	NaN	0.0000	NaN	-	0	0	0	0	0	BELOW_DETECTION	NaN	none
NZ_CP036550.1	NZ_CM151391.1	NaN	NaN	0.0000	0.0000	NaN	0	0.0000	0	NaN	NaN	NaN	NaN	0.0000	NaN	-	1	0	0	0	0	BELOW_DETECTION	NaN	none
NZ_CP036550.1	NZ_CP029705.1	NaN	NaN	0.0000	0.0000	NaN	0	0.0000	0	NaN	NaN	NaN	NaN	0.0000	NaN	-	1	0	0	0	0	BELOW_DETECTION	NaN	none
NZ_CP036550.1	NZ_CP027007.1	NaN	NaN	0.0000	0.0000	NaN	0	0.0000	0	NaN	NaN	NaN	NaN	0.0000	NaN	-	1	0	0	0	0	BELOW_DETECTION	NaN	none
NZ_CP036550.1	NZ_CP029703.1	NaN	NaN	0.0000	0.0000	NaN	0	0.0000	0	NaN	NaN	NaN	NaN	0.0000	NaN	-	1	0	0	0	0	BELOW_DETECTION	NaN	none
NZ_CP036550.1	NZ_CP072028.1	NaN	NaN	0.0000	0.0000	NaN	0	0.0000	0	NaN	NaN	NaN	NaN	0.0000	NaN	-	5	0	0	0	0	BELOW_DETECTION	NaN	none
NZ_CP036550.1	NZ_CP046514.1	NaN	NaN	0.0000	0.0000	NaN	0	0.0000	0	NaN	NaN	NaN	NaN	0.0000	NaN	-	0	0	0	0	0	BELOW_DETECTION	NaN	none
NZ_CP036550.1	NZ_CP026999.1	NaN	NaN	0.0000	0.0000	NaN	0	0.0000	0	NaN	NaN	NaN	NaN	0.0000	NaN	-	0	0	0	0	0	BELOW_DETECTION	NaN	none
NZ_CP036550.1	NZ_CP072500.1	NaN	NaN	0.0000	0.0000	NaN	0	0.0000	0	NaN	NaN	NaN	NaN	0.0000	NaN	-	0	0	0	0	0	BELOW_DETECTION	NaN	none
NZ_CP036550.1	NZ_CP010453.1	NaN	NaN	0.0000	0.0000	NaN	0	0.0000	0	NaN	NaN	NaN	NaN	0.0000	NaN	-	0	0	0	0	0	BELOW_DETECTION	NaN	none
NZ_CP036550.1	NZ_CP143939.1	NaN	NaN	0.0000	0.0000	NaN	0	0.0000	0	NaN	NaN	NaN	NaN	0.0000	NaN	-	0	0	0	0	0	BELOW_DETECTION	NaN	none
NZ_CP036550.1	NZ_CP102289.1	NaN	NaN	0.0000	0.0000	NaN	0	0.0000	0	NaN	NaN	NaN	NaN	0.0000	NaN	-	2	0	0	0	0	BELOW_DETECTION	NaN	none
NZ_CP036550.1	NZ_CP097279.1	NaN	NaN	0.0000	0.0000	NaN	0	0.0000	0	NaN	NaN	NaN	NaN	0.0000	NaN	-	2	0	0	0	0	BELOW_DETECTION	NaN	none
NZ_CP036550.1	NZ_JADNJF010000010.1	NaN	NaN	0.0000	0.0000	NaN	0	0.0000	0	NaN	NaN	NaN	NaN	0.0000	NaN	-	2	0	0	0	0	BELOW_DETECTION	NaN	none
NZ_CP036550.1	NZ_JADNLD010000100.1	NaN	NaN	0.0000	0.0000	NaN	0	0.0000	0	NaN	NaN	NaN	NaN	0.0000	NaN	-	2	0	0	0	0	BELOW_DETECTION	NaN	none
NZ_CP036550.1	NZ_JAQEFF010000001.1	NaN	NaN	0.0000	0.0000	NaN	0	0.0000	0	NaN	NaN	NaN	NaN	0.0000	NaN	-	2	0	0	0	0	BELOW_DETECTION	NaN	none
NZ_CP098482.1	NZ_CP069563.1	99.3943	99.4472	0.8623	0.8843	0.01860	40	0.9926	39	0.631	0.9663	99.2395	99.5060	0.0851	1.11	AlfI:99.46,AloI:99.39,BcgI:99.48,FalI:99.41	5438	40	5578	874	132.325	ok	99.3943	gamma
NZ_CP098482.1	NZ_CP131534.1	99.4063	99.4722	0.8314	0.8236	0.01835	49	0.9908	48	0.441	0.9678	99.3052	99.5191	0.0693	0.48	AlfI:99.47,AloI:99.43,BcgI:99.49,FalI:99.46	5419	49	5449	486	106.91836734693878	ok	99.4063	gamma
NZ_CP098482.1	NZ_CP157286.1	NaN	NaN	0.0000	0.0000	NaN	0	0.0000	0	NaN	NaN	NaN	NaN	0.0000	NaN	-	0	0	0	0	0	BELOW_DETECTION	NaN	none
NZ_CP098482.1	NZ_CP065380.1	NaN	NaN	0.0000	0.0000	NaN	0	0.0000	0	NaN	NaN	NaN	NaN	0.0000	NaN	-	0	0	0	0	0	BELOW_DETECTION	NaN	none
NZ_CP098482.1	NZ_CP186690.1	NaN	NaN	0.0000	0.0000	NaN	0	0.0000	0	NaN	NaN	NaN	NaN	0.0000	NaN	-	0	0	0	0	0	BELOW_DETECTION	NaN	none
NZ_CP098482.1	NZ_CP030777.1	NaN	NaN	0.0000	0.0000	NaN	0	0.0000	0	NaN	NaN	NaN	NaN	0.0000	NaN	-	0	0	0	0	0	BELOW_DETECTION	NaN	none
NZ_CP098482.1	NZ_CP170812.1	NaN	NaN	0.0000	0.0000	NaN	0	0.0000	0	NaN	NaN	NaN	NaN	0.0000	NaN	-	0	0	0	0	0	BELOW_DETECTION	NaN	none
NZ_CP098482.1	NZ_CM151391.1	NaN	NaN	0.0000	0.0000	NaN	0	0.0000	0	NaN	NaN	NaN	NaN	0.0000	NaN	-	1	0	0	0	0	BELOW_DETECTION	NaN	none
NZ_CP098482.1	NZ_CP029705.1	NaN	NaN	0.0000	0.0000	NaN	0	0.0000	0	NaN	NaN	NaN	NaN	0.0000	NaN	-	1	0	0	0	0	BELOW_DETECTION	NaN	none
NZ_CP098482.1	NZ_CP027007.1	NaN	NaN	0.0000	0.0000	NaN	0	0.0000	0	NaN	NaN	NaN	NaN	0.0000	NaN	-	1	0	0	0	0	BELOW_DETECTION	NaN	none
NZ_CP098482.1	NZ_CP029703.1	NaN	NaN	0.0000	0.0000	NaN	0	0.0000	0	NaN	NaN	NaN	NaN	0.0000	NaN	-	1	0	0	0	0	BELOW_DETECTION	NaN	none
NZ_CP098482.1	NZ_CP072028.1	NaN	NaN	0.0000	0.0000	NaN	0	0.0000	0	NaN	NaN	NaN	NaN	0.0000	NaN	-	5	0	0	0	0	BELOW_DETECTION	NaN	none
NZ_CP098482.1	NZ_CP046514.1	NaN	NaN	0.0000	0.0000	NaN	0	0.0000	0	NaN	NaN	NaN	NaN	0.0000	NaN	-	0	0	0	0	0	BELOW_DETECTION	NaN	none
NZ_CP098482.1	NZ_CP026999.1	NaN	NaN	0.0000	0.0000	NaN	0	0.0000	0	NaN	NaN	NaN	NaN	0.0000	NaN	-	0	0	0	0	0	BELOW_DETECTION	NaN	none
NZ_CP098482.1	NZ_CP072500.1	NaN	NaN	0.0000	0.0000	NaN	0	0.0000	0	NaN	NaN	NaN	NaN	0.0000	NaN	-	0	0	0	0	0	BELOW_DETECTION	NaN	none
NZ_CP098482.1	NZ_CP010453.1	NaN	NaN	0.0000	0.0000	NaN	0	0.0000	0	NaN	NaN	NaN	NaN	0.0000	NaN	-	0	0	0	0	0	BELOW_DETECTION	NaN	none
NZ_CP098482.1	NZ_CP143939.1	NaN	NaN	0.0000	0.0000	NaN	0	0.0000	0	NaN	NaN	NaN	NaN	0.0000	NaN	-	0	0	0	0	0	BELOW_DETECTION	NaN	none
NZ_CP098482.1	NZ_CP102289.1	NaN	NaN	0.0000	0.0000	NaN	0	0.0000	0	NaN	NaN	NaN	NaN	0.0000	NaN	-	2	0	0	0	0	BELOW_DETECTION	NaN	none
NZ_CP098482.1	NZ_CP097279.1	NaN	NaN	0.0000	0.0000	NaN	0	0.0000	0	NaN	NaN	NaN	NaN	0.0000	NaN	-	2	0	0	0	0	BELOW_DETECTION	NaN	none
NZ_CP098482.1	NZ_JADNJF010000010.1	NaN	NaN	0.0000	0.0000	NaN	0	0.0000	0	NaN	NaN	NaN	NaN	0.0000	NaN	-	2	0	0	0	0	BELOW_DETECTION	NaN	none
NZ_CP098482.1	NZ_JADNLD010000100.1	NaN	NaN	0.0000	0.0000	NaN	0	0.0000	0	NaN	NaN	NaN	NaN	0.0000	NaN	-	2	0	0	0	0	BELOW_DETECTION	NaN	none
NZ_CP098482.1	NZ_JAQEFF010000001.1	NaN	NaN	0.0000	0.0000	NaN	0	0.0000	0	NaN	NaN	NaN	NaN	0.0000	NaN	-	2	0	0	0	0	BELOW_DETECTION	NaN	none
NZ_CP069563.1	NZ_CP131534.1	99.3159	99.3997	0.8584	0.8320	0.01944	53	0.9904	51	0.516	0.9634	99.1247	99.4791	0.1010	1.77	AlfI:99.37,AloI:99.37,BcgI:99.45,FalI:99.35	5477	53	5586	666	100.05660377358491	ok	99.3159	gamma
NZ_CP069563.1	NZ_CP157286.1	NaN	NaN	0.0000	0.0000	NaN	0	0.0000	0	NaN	NaN	NaN	NaN	0.0000	NaN	-	0	0	0	0	0	BELOW_DETECTION	NaN	none
NZ_CP069563.1	NZ_CP065380.1	NaN	NaN	0.0000	0.0000	NaN	0	0.0000	0	NaN	NaN	NaN	NaN	0.0000	NaN	-	2	0	0	0	0	BELOW_DETECTION	NaN	none
NZ_CP069563.1	NZ_CP186690.1	NaN	NaN	0.0000	0.0000	NaN	0	0.0000	0	NaN	NaN	NaN	NaN	0.0000	NaN	-	0	0	0	0	0	BELOW_DETECTION	NaN	none
NZ_CP069563.1	NZ_CP030777.1	NaN	NaN	0.0000	0.0000	NaN	0	0.0000	0	NaN	NaN	NaN	NaN	0.0000	NaN	-	0	0	0	0	0	BELOW_DETECTION	NaN	none
NZ_CP069563.1	NZ_CP170812.1	NaN	NaN	0.0000	0.0000	NaN	0	0.0000	0	NaN	NaN	NaN	NaN	0.0000	NaN	-	0	0	0	0	0	BELOW_DETECTION	NaN	none
NZ_CP069563.1	NZ_CM151391.1	NaN	NaN	0.0000	0.0000	NaN	0	0.0000	0	NaN	NaN	NaN	NaN	0.0000	NaN	-	1	0	0	0	0	BELOW_DETECTION	NaN	none
NZ_CP069563.1	NZ_CP029705.1	NaN	NaN	0.0000	0.0000	NaN	0	0.0000	0	NaN	NaN	NaN	NaN	0.0000	NaN	-	1	0	0	0	0	BELOW_DETECTION	NaN	none
NZ_CP069563.1	NZ_CP027007.1	NaN	NaN	0.0000	0.0000	NaN	0	0.0000	0	NaN	NaN	NaN	NaN	0.0000	NaN	-	1	0	0	0	0	BELOW_DETECTION	NaN	none
NZ_CP069563.1	NZ_CP029703.1	NaN	NaN	0.0000	0.0000	NaN	0	0.0000	0	NaN	NaN	NaN	NaN	0.0000	NaN	-	1	0	0	0	0	BELOW_DETECTION	NaN	none
NZ_CP069563.1	NZ_CP072028.1	NaN	NaN	0.0000	0.0000	NaN	0	0.0000	0	NaN	NaN	NaN	NaN	0.0000	NaN	-	3	0	0	0	0	BELOW_DETECTION	NaN	none
NZ_CP069563.1	NZ_CP046514.1	NaN	NaN	0.0000	0.0000	NaN	0	0.0000	0	NaN	NaN	NaN	NaN	0.0000	NaN	-	0	0	0	0	0	BELOW_DETECTION	NaN	none
NZ_CP069563.1	NZ_CP026999.1	NaN	NaN	0.0000	0.0000	NaN	0	0.0000	0	NaN	NaN	NaN	NaN	0.0000	NaN	-	0	0	0	0	0	BELOW_DETECTION	NaN	none
NZ_CP069563.1	NZ_CP072500.1	NaN	NaN	0.0000	0.0000	NaN	0	0.0000	0	NaN	NaN	NaN	NaN	0.0000	NaN	-	0	0	0	0	0	BELOW_DETECTION	NaN	none
NZ_CP069563.1	NZ_CP010453.1	NaN	NaN	0.0000	0.0000	NaN	0	0.0000	0	NaN	NaN	NaN	NaN	0.0000	NaN	-	0	0	0	0	0	BELOW_DETECTION	NaN	none
NZ_CP069563.1	NZ_CP143939.1	NaN	NaN	0.0000	0.0000	NaN	0	0.0000	0	NaN	NaN	NaN	NaN	0.0000	NaN	-	0	0	0	0	0	BELOW_DETECTION	NaN	none
NZ_CP069563.1	NZ_CP102289.1	NaN	NaN	0.0000	0.0000	NaN	0	0.0000	0	NaN	NaN	NaN	NaN	0.0000	NaN	-	2	0	0	0	0	BELOW_DETECTION	NaN	none
NZ_CP069563.1	NZ_CP097279.1	NaN	NaN	0.0000	0.0000	NaN	0	0.0000	0	NaN	NaN	NaN	NaN	0.0000	NaN	-	2	0	0	0	0	BELOW_DETECTION	NaN	none
NZ_CP069563.1	NZ_JADNJF010000010.1	NaN	NaN	0.0000	0.0000	NaN	0	0.0000	0	NaN	NaN	NaN	NaN	0.0000	NaN	-	2	0	0	0	0	BELOW_DETECTION	NaN	none
NZ_CP069563.1	NZ_JADNLD010000100.1	NaN	NaN	0.0000	0.0000	NaN	0	0.0000	0	NaN	NaN	NaN	NaN	0.0000	NaN	-	2	0	0	0	0	BELOW_DETECTION	NaN	none
NZ_CP069563.1	NZ_JAQEFF010000001.1	NaN	NaN	0.0000	0.0000	NaN	0	0.0000	0	NaN	NaN	NaN	NaN	0.0000	NaN	-	2	0	0	0	0	BELOW_DETECTION	NaN	none
NZ_CP131534.1	NZ_CP157286.1	NaN	NaN	0.0000	0.0000	NaN	0	0.0000	0	NaN	NaN	NaN	NaN	0.0000	NaN	-	0	0	0	0	0	BELOW_DETECTION	NaN	none
NZ_CP131534.1	NZ_CP065380.1	NaN	NaN	0.0000	0.0000	NaN	0	0.0000	0	NaN	NaN	NaN	NaN	0.0000	NaN	-	0	0	0	0	0	BELOW_DETECTION	NaN	none
NZ_CP131534.1	NZ_CP186690.1	NaN	NaN	0.0000	0.0000	NaN	0	0.0000	0	NaN	NaN	NaN	NaN	0.0000	NaN	-	0	0	0	0	0	BELOW_DETECTION	NaN	none
NZ_CP131534.1	NZ_CP030777.1	NaN	NaN	0.0000	0.0000	NaN	0	0.0000	0	NaN	NaN	NaN	NaN	0.0000	NaN	-	0	0	0	0	0	BELOW_DETECTION	NaN	none
NZ_CP131534.1	NZ_CP170812.1	NaN	NaN	0.0000	0.0000	NaN	0	0.0000	0	NaN	NaN	NaN	NaN	0.0000	NaN	-	1	0	0	0	0	BELOW_DETECTION	NaN	none
NZ_CP131534.1	NZ_CM151391.1	NaN	NaN	0.0000	0.0000	NaN	0	0.0000	0	NaN	NaN	NaN	NaN	0.0000	NaN	-	1	0	0	0	0	BELOW_DETECTION	NaN	none
NZ_CP131534.1	NZ_CP029705.1	NaN	NaN	0.0000	0.0000	NaN	0	0.0000	0	NaN	NaN	NaN	NaN	0.0000	NaN	-	1	0	0	0	0	BELOW_DETECTION	NaN	none
NZ_CP131534.1	NZ_CP027007.1	NaN	NaN	0.0000	0.0000	NaN	0	0.0000	0	NaN	NaN	NaN	NaN	0.0000	NaN	-	1	0	0	0	0	BELOW_DETECTION	NaN	none
NZ_CP131534.1	NZ_CP029703.1	NaN	NaN	0.0000	0.0000	NaN	0	0.0000	0	NaN	NaN	NaN	NaN	0.0000	NaN	-	1	0	0	0	0	BELOW_DETECTION	NaN	none
NZ_CP131534.1	NZ_CP072028.1	NaN	NaN	0.0000	0.0000	NaN	0	0.0000	0	NaN	NaN	NaN	NaN	0.0000	NaN	-	8	0	0	0	0	BELOW_DETECTION	NaN	none
NZ_CP131534.1	NZ_CP046514.1	NaN	NaN	0.0000	0.0000	NaN	0	0.0000	0	NaN	NaN	NaN	NaN	0.0000	NaN	-	0	0	0	0	0	BELOW_DETECTION	NaN	none
NZ_CP131534.1	NZ_CP026999.1	NaN	NaN	0.0000	0.0000	NaN	0	0.0000	0	NaN	NaN	NaN	NaN	0.0000	NaN	-	0	0	0	0	0	BELOW_DETECTION	NaN	none
NZ_CP131534.1	NZ_CP072500.1	NaN	NaN	0.0000	0.0000	NaN	0	0.0000	0	NaN	NaN	NaN	NaN	0.0000	NaN	-	0	0	0	0	0	BELOW_DETECTION	NaN	none
NZ_CP131534.1	NZ_CP010453.1	NaN	NaN	0.0000	0.0000	NaN	0	0.0000	0	NaN	NaN	NaN	NaN	0.0000	NaN	-	0	0	0	0	0	BELOW_DETECTION	NaN	none
NZ_CP131534.1	NZ_CP143939.1	NaN	NaN	0.0000	0.0000	NaN	0	0.0000	0	NaN	NaN	NaN	NaN	0.0000	NaN	-	0	0	0	0	0	BELOW_DETECTION	NaN	none
NZ_CP131534.1	NZ_CP102289.1	NaN	NaN	0.0000	0.0000	NaN	0	0.0000	0	NaN	NaN	NaN	NaN	0.0000	NaN	-	2	0	0	0	0	BELOW_DETECTION	NaN	none
NZ_CP131534.1	NZ_CP097279.1	NaN	NaN	0.0000	0.0000	NaN	0	0.0000	0	NaN	NaN	NaN	NaN	0.0000	NaN	-	2	0	0	0	0	BELOW_DETECTION	NaN	none
NZ_CP131534.1	NZ_JADNJF010000010.1	NaN	NaN	0.0000	0.0000	NaN	0	0.0000	0	NaN	NaN	NaN	NaN	0.0000	NaN	-	2	0	0	0	0	BELOW_DETECTION	NaN	none
NZ_CP131534.1	NZ_JADNLD010000100.1	NaN	NaN	0.0000	0.0000	NaN	0	0.0000	0	NaN	NaN	NaN	NaN	0.0000	NaN	-	2	0	0	0	0	BELOW_DETECTION	NaN	none
NZ_CP131534.1	NZ_JAQEFF010000001.1	NaN	NaN	0.0000	0.0000	NaN	0	0.0000	0	NaN	NaN	NaN	NaN	0.0000	NaN	-	2	0	0	0	0	BELOW_DETECTION	NaN	none
NZ_CP157286.1	NZ_CP065380.1	88.9120	91.9574	0.2887	0.3016	0.15319	70	0.9097	69	1.833	0.4096	91.2055	95.0392	1.1661	2.46	AlfI:91.95,AloI:92.68,BcgI:91.52,FalI:92.53	1267	70	1933	59	10.928571428571429	ok	88.9120	gamma
NZ_CP157286.1	NZ_CP186690.1	88.9424	92.2386	0.4721	0.4543	0.11755	107	0.9176	106	1.631	0.4295	91.3718	95.4706	1.3919	3.99	AlfI:92.36,AloI:93.18,BcgI:91.79,FalI:92.34	1817	107	3147	82	12.037383177570094	ok	88.9424	gamma
NZ_CP157286.1	NZ_CP030777.1	89.8643	92.1425	0.4135	0.4223	0.12360	107	0.9067	106	2.239	0.4217	91.4463	94.9241	1.2110	3.92	AlfI:92.09,AloI:92.56,BcgI:91.74,FalI:92.95	1619	107	2850	76	10.626168224299066	ok	89.8643	gamma
NZ_CP157286.1	NZ_CP170812.1	86.4590	91.0552	0.2917	0.2915	0.16618	63	0.9129	62	1.631	0.3506	90.2190	95.2053	1.7503	5.18	AlfI:90.29,AloI:91.64,BcgI:91.26,FalI:92.04	1184	63	1953	54	11.317460317460318	ok	86.4590	gamma
NZ_CP157286.1	NZ_CM151391.1	NaN	NaN	0.0000	0.0000	NaN	0	0.0000	0	NaN	NaN	NaN	NaN	0.0000	NaN	-	0	0	0	0	0	BELOW_DETECTION	NaN	none
NZ_CP157286.1	NZ_CP029705.1	NaN	NaN	0.0000	0.0000	NaN	0	0.0000	0	NaN	NaN	NaN	NaN	0.0000	NaN	-	0	0	0	0	0	BELOW_DETECTION	NaN	none
NZ_CP157286.1	NZ_CP027007.1	NaN	NaN	0.0000	0.0000	NaN	0	0.0000	0	NaN	NaN	NaN	NaN	0.0000	NaN	-	0	0	0	0	0	BELOW_DETECTION	NaN	none
NZ_CP157286.1	NZ_CP029703.1	NaN	NaN	0.0000	0.0000	NaN	0	0.0000	0	NaN	NaN	NaN	NaN	0.0000	NaN	-	0	0	0	0	0	BELOW_DETECTION	NaN	none
NZ_CP157286.1	NZ_CP072028.1	NaN	NaN	0.0000	0.0000	NaN	0	0.0000	0	NaN	NaN	NaN	NaN	0.0000	NaN	-	0	0	0	0	0	BELOW_DETECTION	NaN	none
NZ_CP157286.1	NZ_CP046514.1	NaN	NaN	0.0000	0.0000	NaN	0	0.0000	0	NaN	NaN	NaN	NaN	0.0000	NaN	-	4	0	0	0	0	BELOW_DETECTION	NaN	none
NZ_CP157286.1	NZ_CP026999.1	NaN	NaN	0.0000	0.0000	NaN	0	0.0000	0	NaN	NaN	NaN	NaN	0.0000	NaN	-	3	0	0	0	0	BELOW_DETECTION	NaN	none
NZ_CP157286.1	NZ_CP072500.1	NaN	NaN	0.0000	0.0000	NaN	0	0.0000	0	NaN	NaN	NaN	NaN	0.0000	NaN	-	2	0	0	0	0	BELOW_DETECTION	NaN	none
NZ_CP157286.1	NZ_CP010453.1	NaN	NaN	0.0000	0.0000	NaN	0	0.0000	0	NaN	NaN	NaN	NaN	0.0000	NaN	-	3	0	0	0	0	BELOW_DETECTION	NaN	none
NZ_CP157286.1	NZ_CP143939.1	NaN	NaN	0.0000	0.0000	NaN	0	0.0000	0	NaN	NaN	NaN	NaN	0.0000	NaN	-	3	0	0	0	0	BELOW_DETECTION	NaN	none
NZ_CP157286.1	NZ_CP102289.1	93.1640	93.1640	0.0030	0.0021	1.53367	1	1.0000	0	inf	0.5131	91.7077	97.1439	8.8685	0.33	AloI:100.00,BcgI:91.13,FalI:93.58	16	1	17	7	7	INCONSISTENT	93.1640	uniform_fallback
NZ_CP157286.1	NZ_CP097279.1	97.2832	97.2832	0.0066	0.0055	0.84653	1	1.0000	0	inf	0.8262	97.0906	97.4027	8.7259	1.78	AlfI:91.27,AloI:100.00,BcgI:99.22,FalI:96.77	26	1	16	13	13	ok	97.2832	uniform
NZ_CP157286.1	NZ_JADNJF010000010.1	NaN	NaN	0.0000	0.0000	NaN	0	0.0000	0	NaN	NaN	NaN	NaN	0.0000	NaN	-	8	0	0	0	0	BELOW_DETECTION	NaN	none
NZ_CP157286.1	NZ_JADNLD010000100.1	NaN	NaN	0.0000	0.0000	NaN	0	0.0000	0	NaN	NaN	NaN	NaN	0.0000	NaN	-	13	0	0	0	0	BELOW_DETECTION	NaN	none
NZ_CP157286.1	NZ_JAQEFF010000001.1	96.4702	96.4702	0.0025	0.0019	1.03641	2	0.9000	1	inf	0.7668	97.5746	95.5513	2.7910	0.55	AlfI:98.44,AloI:96.30,BcgI:96.67,FalI:95.65	25	2	13	6	5.5	INCONSISTENT	96.4702	uniform
NZ_CP065380.1	NZ_CP186690.1	90.2411	92.6272	0.2758	0.2593	0.15905	73	0.8983	72	1.911	0.4581	91.8543	95.2731	1.2844	1.92	AlfI:92.62,AloI:93.62,BcgI:92.33,FalI:92.64	1224	73	1589	59	9.712328767123287	ok	90.2411	gamma
NZ_CP065380.1	NZ_CP030777.1	90.7099	92.8575	0.2445	0.2424	0.16181	72	0.8909	71	1.968	0.4743	92.1033	95.3057	0.8327	0.89	AlfI:92.93,AloI:93.37,BcgI:92.54,FalI:93.08	1154	72	1463	59	9.055555555555555	ok	90.7099	gamma
NZ_CP065380.1	NZ_CP170812.1	89.2325	91.6767	0.2805	0.2656	0.16797	66	0.9012	65	2.374	0.3913	90.9955	94.6108	0.7240	0.83	AlfI:91.82,AloI:91.45,BcgI:91.83,FalI:91.10	1087	66	1683	45	9.984848484848484	ok	89.2325	gamma
NZ_CP065380.1	NZ_CM151391.1	NaN	NaN	0.0000	0.0000	NaN	0	0.0000	0	NaN	NaN	NaN	NaN	0.0000	NaN	-	2	0	0	0	0	BELOW_DETECTION	NaN	none
NZ_CP065380.1	NZ_CP029705.1	NaN	NaN	0.0000	0.0000	NaN	0	0.0000	0	NaN	NaN	NaN	NaN	0.0000	NaN	-	2	0	0	0	0	BELOW_DETECTION	NaN	none
NZ_CP065380.1	NZ_CP027007.1	NaN	NaN	0.0000	0.0000	NaN	0	0.0000	0	NaN	NaN	NaN	NaN	0.0000	NaN	-	2	0	0	0	0	BELOW_DETECTION	NaN	none
NZ_CP065380.1	NZ_CP029703.1	NaN	NaN	0.0000	0.0000	NaN	0	0.0000	0	NaN	NaN	NaN	NaN	0.0000	NaN	-	2	0	0	0	0	BELOW_DETECTION	NaN	none
NZ_CP065380.1	NZ_CP072028.1	NaN	NaN	0.0000	0.0000	NaN	0	0.0000	0	NaN	NaN	NaN	NaN	0.0000	NaN	-	2	0	0	0	0	BELOW_DETECTION	NaN	none
NZ_CP065380.1	NZ_CP046514.1	NaN	NaN	0.0000	0.0000	NaN	0	0.0000	0	NaN	NaN	NaN	NaN	0.0000	NaN	-	7	0	0	0	0	BELOW_DETECTION	NaN	none
NZ_CP065380.1	NZ_CP026999.1	NaN	NaN	0.0000	0.0000	NaN	0	0.0000	0	NaN	NaN	NaN	NaN	0.0000	NaN	-	6	0	0	0	0	BELOW_DETECTION	NaN	none
NZ_CP065380.1	NZ_CP072500.1	NaN	NaN	0.0000	0.0000	NaN	0	0.0000	0	NaN	NaN	NaN	NaN	0.0000	NaN	-	7	0	0	0	0	BELOW_DETECTION	NaN	none
NZ_CP065380.1	NZ_CP010453.1	NaN	NaN	0.0000	0.0000	NaN	0	0.0000	0	NaN	NaN	NaN	NaN	0.0000	NaN	-	5	0	0	0	0	BELOW_DETECTION	NaN	none
NZ_CP065380.1	NZ_CP143939.1	NaN	NaN	0.0000	0.0000	NaN	0	0.0000	0	NaN	NaN	NaN	NaN	0.0000	NaN	-	5	0	0	0	0	BELOW_DETECTION	NaN	none
NZ_CP065380.1	NZ_CP102289.1	97.1882	97.1882	0.0021	0.0014	1.12242	1	1.0000	0	inf	0.8139	95.7600	98.2444	3.3801	1.45	AlfI:95.31,BcgI:98.69	20	1	10	7	7	INCONSISTENT	97.1882	uniform
NZ_CP065380.1	NZ_CP097279.1	97.8084	97.8084	0.0031	0.0021	0.88637	1	1.0000	0	inf	0.8597	97.2455	98.1307	3.1249	0.08	AlfI:96.88,BcgI:97.81,FalI:100.00	18	1	11	9	9	ok	97.8084	uniform
NZ_CP065380.1	NZ_JADNJF010000010.1	NaN	NaN	0.0000	0.0000	NaN	0	0.0000	0	NaN	NaN	NaN	NaN	0.0000	NaN	-	8	0	0	0	0	BELOW_DETECTION	NaN	none
NZ_CP065380.1	NZ_JADNLD010000100.1	NaN	NaN	0.0000	0.0000	NaN	0	0.0000	0	NaN	NaN	NaN	NaN	0.0000	NaN	-	7	0	0	0	0	BELOW_DETECTION	NaN	none
NZ_CP065380.1	NZ_JAQEFF010000001.1	98.1765	98.1765	0.0030	0.0020	0.81342	1	1.0000	0	inf	0.8856	97.2455	98.6366	8.7259	1.55	AlfI:91.27,BcgI:99.10,FalI:100.00	20	1	11	9	9	INCONSISTENT	98.1765	uniform
NZ_CP186690.1	NZ_CP030777.1	97.1035	97.7850	0.8413	0.9214	0.04077	51	0.9887	50	0.783	0.8577	97.0113	98.2292	0.4133	3.98	AlfI:97.88,AloI:98.04,BcgI:97.63,FalI:97.65	4706	51	5489	669	86.84313725490196	ok	97.1035	gamma
NZ_CP186690.1	NZ_CP170812.1	87.1948	91.8177	0.2603	0.2673	0.16614	68	0.9054	67	1.375	0.4004	90.8794	95.6271	1.3401	3.58	AlfI:91.17,AloI:92.24,BcgI:92.14,FalI:92.51	1218	68	1714	62	10.426470588235293	ok	87.1948	gamma
NZ_CP186690.1	NZ_CM151391.1	NaN	NaN	0.0000	0.0000	NaN	0	0.0000	0	NaN	NaN	NaN	NaN	0.0000	NaN	-	2	0	0	0	0	BELOW_DETECTION	NaN	none
NZ_CP186690.1	NZ_CP029705.1	NaN	NaN	0.0000	0.0000	NaN	0	0.0000	0	NaN	NaN	NaN	NaN	0.0000	NaN	-	2	0	0	0	0	BELOW_DETECTION	NaN	none
NZ_CP186690.1	NZ_CP027007.1	NaN	NaN	0.0000	0.0000	NaN	0	0.0000	0	NaN	NaN	NaN	NaN	0.0000	NaN	-	2	0	0	0	0	BELOW_DETECTION	NaN	none
NZ_CP186690.1	NZ_CP029703.1	NaN	NaN	0.0000	0.0000	NaN	0	0.0000	0	NaN	NaN	NaN	NaN	0.0000	NaN	-	2	0	0	0	0	BELOW_DETECTION	NaN	none
NZ_CP186690.1	NZ_CP072028.1	NaN	NaN	0.0000	0.0000	NaN	0	0.0000	0	NaN	NaN	NaN	NaN	0.0000	NaN	-	2	0	0	0	0	BELOW_DETECTION	NaN	none
NZ_CP186690.1	NZ_CP046514.1	NaN	NaN	0.0000	0.0000	NaN	0	0.0000	0	NaN	NaN	NaN	NaN	0.0000	NaN	-	8	0	0	0	0	BELOW_DETECTION	NaN	none
NZ_CP186690.1	NZ_CP026999.1	NaN	NaN	0.0000	0.0000	NaN	0	0.0000	0	NaN	NaN	NaN	NaN	0.0000	NaN	-	8	0	0	0	0	BELOW_DETECTION	NaN	none
NZ_CP186690.1	NZ_CP072500.1	NaN	NaN	0.0000	0.0000	NaN	0	0.0000	0	NaN	NaN	NaN	NaN	0.0000	NaN	-	8	0	0	0	0	BELOW_DETECTION	NaN	none
NZ_CP186690.1	NZ_CP010453.1	NaN	NaN	0.0000	0.0000	NaN	0	0.0000	0	NaN	NaN	NaN	NaN	0.0000	NaN	-	10	0	0	0	0	BELOW_DETECTION	NaN	none
NZ_CP186690.1	NZ_CP143939.1	NaN	NaN	0.0000	0.0000	NaN	0	0.0000	0	NaN	NaN	NaN	NaN	0.0000	NaN	-	8	0	0	0	0	BELOW_DETECTION	NaN	none
NZ_CP186690.1	NZ_CP102289.1	96.1830	96.1830	0.0076	0.0068	0.78304	3	0.9231	2	inf	0.7480	95.2302	97.1205	4.3171	0.11	AlfI:100.00,AloI:96.30,BcgI:96.67,FalI:95.68	49	3	31	12	9	ok	96.1830	uniform
NZ_CP186690.1	NZ_CP097279.1	NaN	NaN	0.0000	0.0000	NaN	0	0.0000	0	NaN	NaN	NaN	NaN	0.0000	NaN	-	8	0	0	0	0	BELOW_DETECTION	NaN	none
NZ_CP186690.1	NZ_JADNJF010000010.1	98.6523	98.6523	0.0019	0.0015	0.59864	1	1.0000	0	inf	0.9168	99.9999	98.1897	3.1249	0.16	AlfI:96.88,AloI:100.00,BcgI:98.96,FalI:98.41	30	1	13	13	13	INCONSISTENT	98.6523	uniform
NZ_CP186690.1	NZ_JADNLD010000100.1	96.3586	96.3586	0.0079	0.0026	0.84974	2	0.9375	1	inf	0.7595	95.6745	97.0512	0.5254	0.02	AlfI:96.74,AloI:96.30,BcgI:96.46,FalI:96.21	24	2	24	9	8.5	ok	96.3586	uniform
NZ_CP186690.1	NZ_JAQEFF010000001.1	97.2395	97.2395	0.0104	0.0047	0.50355	5	0.8919	4	inf	0.8212	96.3988	97.8597	3.2816	4.09	AlfI:98.01,AloI:99.48,BcgI:96.20,FalI:96.63	65	5	50	12	7.6	ok	97.2395	uniform
NZ_CP030777.1	NZ_CP170812.1	88.8817	92.3537	0.2193	0.2038	0.17601	66	0.8875	65	1.520	0.4369	91.4510	95.6364	2.4458	8.69	AlfI:91.46,AloI:92.24,BcgI:92.70,FalI:93.91	1081	66	1377	37	8.772727272727273	INCONSISTENT	88.8817	gamma
NZ_CP030777.1	NZ_CM151391.1	NaN	NaN	0.0000	0.0000	NaN	0	0.0000	0	NaN	NaN	NaN	NaN	0.0000	NaN	-	3	0	0	0	0	BELOW_DETECTION	NaN	none
NZ_CP030777.1	NZ_CP029705.1	NaN	NaN	0.0000	0.0000	NaN	0	0.0000	0	NaN	NaN	NaN	NaN	0.0000	NaN	-	3	0	0	0	0	BELOW_DETECTION	NaN	none
NZ_CP030777.1	NZ_CP027007.1	NaN	NaN	0.0000	0.0000	NaN	0	0.0000	0	NaN	NaN	NaN	NaN	0.0000	NaN	-	3	0	0	0	0	BELOW_DETECTION	NaN	none
NZ_CP030777.1	NZ_CP029703.1	NaN	NaN	0.0000	0.0000	NaN	0	0.0000	0	NaN	NaN	NaN	NaN	0.0000	NaN	-	3	0	0	0	0	BELOW_DETECTION	NaN	none
NZ_CP030777.1	NZ_CP072028.1	NaN	NaN	0.0000	0.0000	NaN	0	0.0000	0	NaN	NaN	NaN	NaN	0.0000	NaN	-	3	0	0	0	0	BELOW_DETECTION	NaN	none
NZ_CP030777.1	NZ_CP046514.1	NaN	NaN	0.0000	0.0000	NaN	0	0.0000	0	NaN	NaN	NaN	NaN	0.0000	NaN	-	9	0	0	0	0	BELOW_DETECTION	NaN	none
NZ_CP030777.1	NZ_CP026999.1	NaN	NaN	0.0000	0.0000	NaN	0	0.0000	0	NaN	NaN	NaN	NaN	0.0000	NaN	-	9	0	0	0	0	BELOW_DETECTION	NaN	none
NZ_CP030777.1	NZ_CP072500.1	NaN	NaN	0.0000	0.0000	NaN	0	0.0000	0	NaN	NaN	NaN	NaN	0.0000	NaN	-	9	0	0	0	0	BELOW_DETECTION	NaN	none
NZ_CP030777.1	NZ_CP010453.1	NaN	NaN	0.0000	0.0000	NaN	0	0.0000	0	NaN	NaN	NaN	NaN	0.0000	NaN	-	12	0	0	0	0	BELOW_DETECTION	NaN	none
NZ_CP030777.1	NZ_CP143939.1	NaN	NaN	0.0000	0.0000	NaN	0	0.0000	0	NaN	NaN	NaN	NaN	0.0000	NaN	-	9	0	0	0	0	BELOW_DETECTION	NaN	none
NZ_CP030777.1	NZ_CP102289.1	97.4016	97.4016	0.0081	0.0062	0.68272	3	0.9231	2	inf	0.8343	96.1158	98.3493	6.2772	1.32	AlfI:98.93,AloI:100.00,BcgI:93.72,FalI:97.41	51	3	27	14	9	INCONSISTENT	97.4016	uniform
NZ_CP030777.1	NZ_CP097279.1	NaN	NaN	0.0000	0.0000	NaN	0	0.0000	0	NaN	NaN	NaN	NaN	0.0000	NaN	-	4	0	0	0	0	BELOW_DETECTION	NaN	none
NZ_CP030777.1	NZ_JADNJF010000010.1	98.3758	98.3758	0.0021	0.0016	0.72333	1	1.0000	0	inf	0.8999	98.6377	98.2889	3.1249	0.08	AlfI:96.88,AloI:100.00,BcgI:98.33,FalI:98.41	27	1	12	11	11	INCONSISTENT	98.3758	uniform
NZ_CP030777.1	NZ_JADNLD010000100.1	96.4159	96.4159	0.0027	0.0018	1.31566	1	1.0000	0	inf	0.7618	98.0095	95.1565	6.2662	0.14	AlfI:100.00,AloI:96.30,BcgI:93.73,FalI:96.30	11	1	8	7	7	ok	96.4159	uniform
NZ_CP030777.1	NZ_JAQEFF010000001.1	98.0794	98.0794	0.0102	0.0063	0.43846	3	0.9412	2	inf	0.8786	97.7130	98.2672	1.5159	0.69	AlfI:98.44,AloI:98.95,BcgI:98.36,FalI:97.43	62	3	41	18	11.666666666666666	ok	98.0794	uniform
NZ_CP170812.1	NZ_CM151391.1	NaN	NaN	0.0000	0.0000	NaN	0	0.0000	0	NaN	NaN	NaN	NaN	0.0000	NaN	-	1	0	0	0	0	BELOW_DETECTION	NaN	none
NZ_CP170812.1	NZ_CP029705.1	NaN	NaN	0.0000	0.0000	NaN	0	0.0000	0	NaN	NaN	NaN	NaN	0.0000	NaN	-	1	0	0	0	0	BELOW_DETECTION	NaN	none
NZ_CP170812.1	NZ_CP027007.1	NaN	NaN	0.0000	0.0000	NaN	0	0.0000	0	NaN	NaN	NaN	NaN	0.0000	NaN	-	1	0	0	0	0	BELOW_DETECTION	NaN	none
NZ_CP170812.1	NZ_CP029703.1	NaN	NaN	0.0000	0.0000	NaN	0	0.0000	0	NaN	NaN	NaN	NaN	0.0000	NaN	-	1	0	0	0	0	BELOW_DETECTION	NaN	none
NZ_CP170812.1	NZ_CP072028.1	NaN	NaN	0.0000	0.0000	NaN	0	0.0000	0	NaN	NaN	NaN	NaN	0.0000	NaN	-	1	0	0	0	0	BELOW_DETECTION	NaN	none
NZ_CP170812.1	NZ_CP046514.1	NaN	NaN	0.0000	0.0000	NaN	0	0.0000	0	NaN	NaN	NaN	NaN	0.0000	NaN	-	6	0	0	0	0	BELOW_DETECTION	NaN	none
NZ_CP170812.1	NZ_CP026999.1	NaN	NaN	0.0000	0.0000	NaN	0	0.0000	0	NaN	NaN	NaN	NaN	0.0000	NaN	-	5	0	0	0	0	BELOW_DETECTION	NaN	none
NZ_CP170812.1	NZ_CP072500.1	NaN	NaN	0.0000	0.0000	NaN	0	0.0000	0	NaN	NaN	NaN	NaN	0.0000	NaN	-	5	0	0	0	0	BELOW_DETECTION	NaN	none
NZ_CP170812.1	NZ_CP010453.1	NaN	NaN	0.0000	0.0000	NaN	0	0.0000	0	NaN	NaN	NaN	NaN	0.0000	NaN	-	5	0	0	0	0	BELOW_DETECTION	NaN	none
NZ_CP170812.1	NZ_CP143939.1	NaN	NaN	0.0000	0.0000	NaN	0	0.0000	0	NaN	NaN	NaN	NaN	0.0000	NaN	-	6	0	0	0	0	BELOW_DETECTION	NaN	none
NZ_CP170812.1	NZ_CP102289.1	93.9578	93.9578	0.0046	0.0033	1.16185	2	0.9167	1	inf	0.5770	94.1436	93.7976	7.2182	1.97	AlfI:96.88,AloI:98.15,BcgI:90.93,FalI:93.98	21	2	22	7	6.5	ok	93.9578	uniform
NZ_CP170812.1	NZ_CP097279.1	92.9191	92.9191	0.0039	0.0027	1.58780	1	1.0000	0	inf	0.5033	91.9582	95.2993	8.6615	2.77	AlfI:91.27,AloI:96.30,BcgI:98.33,FalI:89.67	11	1	16	6	6	ok	92.9191	uniform
NZ_CP170812.1	NZ_JADNJF010000010.1	NaN	NaN	0.0000	0.0000	NaN	0	0.0000	0	NaN	NaN	NaN	NaN	0.0000	NaN	-	9	0	0	0	0	BELOW_DETECTION	NaN	none
NZ_CP170812.1	NZ_JADNLD010000100.1	NaN	NaN	0.0000	0.0000	NaN	0	0.0000	0	NaN	NaN	NaN	NaN	0.0000	NaN	-	10	0	0	0	0	BELOW_DETECTION	NaN	none
NZ_CP170812.1	NZ_JAQEFF010000001.1	NaN	NaN	0.0000	0.0000	NaN	0	0.0000	0	NaN	NaN	NaN	NaN	0.0000	NaN	-	21	0	0	0	0	BELOW_DETECTION	NaN	none
NZ_CM151391.1	NZ_CP029705.1	97.7999	98.2921	0.9488	0.9382	0.04506	32	0.9895	31	0.669	0.8911	97.6584	98.5848	0.2398	1.22	AlfI:98.26,AloI:98.37,BcgI:98.36,FalI:98.13	2997	32	3376	726	91.9375	ok	97.7999	gamma
NZ_CM151391.1	NZ_CP027007.1	98.6816	99.0783	0.9652	0.9878	0.03160	34	0.9898	33	0.274	0.9424	98.5818	99.2460	0.3107	5.04	AlfI:99.23,AloI:99.12,BcgI:98.98,FalI:98.92	3310	34	3425	756	95.3529411764706	ok	98.6816	gamma
NZ_CM151391.1	NZ_CP029703.1	97.7999	98.2921	0.9488	0.9382	0.04506	32	0.9895	31	0.669	0.8911	97.6584	98.5848	0.2398	1.22	AlfI:98.26,AloI:98.37,BcgI:98.36,FalI:98.13	2997	32	3376	726	91.9375	ok	97.7999	gamma
NZ_CM151391.1	NZ_CP072028.1	98.3767	98.8043	0.9230	0.9251	0.03721	35	0.9886	34	0.416	0.9249	98.2314	99.0188	0.3764	3.57	AlfI:98.93,AloI:98.84,BcgI:98.79,FalI:98.55	3111	35	3299	506	85.57142857142857	ok	98.3767	gamma
NZ_CM151391.1	NZ_CP046514.1	NaN	NaN	0.0000	0.0000	NaN	0	0.0000	0	NaN	NaN	NaN	NaN	0.0000	NaN	-	13	0	0	0	0	BELOW_DETECTION	NaN	none
NZ_CM151391.1	NZ_CP026999.1	NaN	NaN	0.0000	0.0000	NaN	0	0.0000	0	NaN	NaN	NaN	NaN	0.0000	NaN	-	12	0	0	0	0	BELOW_DETECTION	NaN	none
NZ_CM151391.1	NZ_CP072500.1	NaN	NaN	0.0000	0.0000	NaN	0	0.0000	0	NaN	NaN	NaN	NaN	0.0000	NaN	-	12	0	0	0	0	BELOW_DETECTION	NaN	none
NZ_CM151391.1	NZ_CP010453.1	NaN	NaN	0.0000	0.0000	NaN	0	0.0000	0	NaN	NaN	NaN	NaN	0.0000	NaN	-	9	0	0	0	0	BELOW_DETECTION	NaN	none
NZ_CM151391.1	NZ_CP143939.1	NaN	NaN	0.0000	0.0000	NaN	0	0.0000	0	NaN	NaN	NaN	NaN	0.0000	NaN	-	13	0	0	0	0	BELOW_DETECTION	NaN	none
NZ_CM151391.1	NZ_CP102289.1	NaN	NaN	0.0000	0.0000	NaN	0	0.0000	0	NaN	NaN	NaN	NaN	0.0000	NaN	-	0	0	0	0	0	BELOW_DETECTION	NaN	none
NZ_CM151391.1	NZ_CP097279.1	NaN	NaN	0.0000	0.0000	NaN	0	0.0000	0	NaN	NaN	NaN	NaN	0.0000	NaN	-	0	0	0	0	0	BELOW_DETECTION	NaN	none
NZ_CM151391.1	NZ_JADNJF010000010.1	NaN	NaN	0.0000	0.0000	NaN	0	0.0000	0	NaN	NaN	NaN	NaN	0.0000	NaN	-	0	0	0	0	0	BELOW_DETECTION	NaN	none
NZ_CM151391.1	NZ_JADNLD010000100.1	NaN	NaN	0.0000	0.0000	NaN	0	0.0000	0	NaN	NaN	NaN	NaN	0.0000	NaN	-	1	0	0	0	0	BELOW_DETECTION	NaN	none
NZ_CM151391.1	NZ_JAQEFF010000001.1	NaN	NaN	0.0000	0.0000	NaN	0	0.0000	0	NaN	NaN	NaN	NaN	0.0000	NaN	-	1	0	0	0	0	BELOW_DETECTION	NaN	none
NZ_CP029705.1	NZ_CP027007.1	97.5983	98.1090	0.9006	0.9603	0.04792	29	0.9902	28	0.783	0.8786	97.4316	98.4480	0.3089	1.66	AlfI:98.15,AloI:98.25,BcgI:98.04,FalI:97.94	2956	29	3369	436	99	ok	97.5983	gamma
NZ_CP029705.1	NZ_CP029703.1	99.9999	99.9999	0.9991	0.9991	0.30340	14	0.9965	13	inf	1.0000	99.9999	99.9999	0.0000	0.00	AlfI:100.00,AloI:100.00,BcgI:100.00,FalI:100.00	3851	14	3654	3647	268.35714285714283	ok	99.9999	uniform
NZ_CP029705.1	NZ_CP072028.1	97.4208	98.0933	0.9053	0.9411	0.04820	28	0.9905	27	0.631	0.8775	97.3119	98.4895	0.3702	2.21	AlfI:98.24,AloI:98.05,BcgI:98.11,FalI:97.87	2937	28	3395	511	101.39285714285714	ok	97.4208	gamma
NZ_CP029705.1	NZ_CP046514.1	NaN	NaN	0.0000	0.0000	NaN	0	0.0000	0	NaN	NaN	NaN	NaN	0.0000	NaN	-	14	0	0	0	0	BELOW_DETECTION	NaN	none
NZ_CP029705.1	NZ_CP026999.1	NaN	NaN	0.0000	0.0000	NaN	0	0.0000	0	NaN	NaN	NaN	NaN	0.0000	NaN	-	13	0	0	0	0	BELOW_DETECTION	NaN	none
NZ_CP029705.1	NZ_CP072500.1	NaN	NaN	0.0000	0.0000	NaN	0	0.0000	0	NaN	NaN	NaN	NaN	0.0000	NaN	-	13	0	0	0	0	BELOW_DETECTION	NaN	none
NZ_CP029705.1	NZ_CP010453.1	NaN	NaN	0.0000	0.0000	NaN	0	0.0000	0	NaN	NaN	NaN	NaN	0.0000	NaN	-	10	0	0	0	0	BELOW_DETECTION	NaN	none
NZ_CP029705.1	NZ_CP143939.1	NaN	NaN	0.0000	0.0000	NaN	0	0.0000	0	NaN	NaN	NaN	NaN	0.0000	NaN	-	14	0	0	0	0	BELOW_DETECTION	NaN	none
NZ_CP029705.1	NZ_CP102289.1	NaN	NaN	0.0000	0.0000	NaN	0	0.0000	0	NaN	NaN	NaN	NaN	0.0000	NaN	-	0	0	0	0	0	BELOW_DETECTION	NaN	none
NZ_CP029705.1	NZ_CP097279.1	NaN	NaN	0.0000	0.0000	NaN	0	0.0000	0	NaN	NaN	NaN	NaN	0.0000	NaN	-	0	0	0	0	0	BELOW_DETECTION	NaN	none
NZ_CP029705.1	NZ_JADNJF010000010.1	NaN	NaN	0.0000	0.0000	NaN	0	0.0000	0	NaN	NaN	NaN	NaN	0.0000	NaN	-	0	0	0	0	0	BELOW_DETECTION	NaN	none
NZ_CP029705.1	NZ_JADNLD010000100.1	NaN	NaN	0.0000	0.0000	NaN	0	0.0000	0	NaN	NaN	NaN	NaN	0.0000	NaN	-	0	0	0	0	0	BELOW_DETECTION	NaN	none
NZ_CP029705.1	NZ_JAQEFF010000001.1	NaN	NaN	0.0000	0.0000	NaN	0	0.0000	0	NaN	NaN	NaN	NaN	0.0000	NaN	-	0	0	0	0	0	BELOW_DETECTION	NaN	none
NZ_CP027007.1	NZ_CP029703.1	97.5160	98.0829	0.9248	0.9165	0.04827	30	0.9899	29	0.739	0.8768	97.3557	98.4509	0.4427	3.09	AlfI:98.16,AloI:98.24,BcgI:98.04,FalI:97.79	2956	30	3390	479	95.7	ok	97.5160	gamma
NZ_CP027007.1	NZ_CP072028.1	98.3291	98.7915	0.9266	0.9339	0.03699	33	0.9895	32	0.416	0.9240	98.1412	99.0378	0.2972	2.34	AlfI:98.91,AloI:98.79,BcgI:98.78,FalI:98.61	3185	33	3398	686	92.6969696969697	ok	98.3291	gamma
NZ_CP027007.1	NZ_CP046514.1	NaN	NaN	0.0000	0.0000	NaN	0	0.0000	0	NaN	NaN	NaN	NaN	0.0000	NaN	-	14	0	0	0	0	BELOW_DETECTION	NaN	none
NZ_CP027007.1	NZ_CP026999.1	NaN	NaN	0.0000	0.0000	NaN	0	0.0000	0	NaN	NaN	NaN	NaN	0.0000	NaN	-	13	0	0	0	0	BELOW_DETECTION	NaN	none
NZ_CP027007.1	NZ_CP072500.1	NaN	NaN	0.0000	0.0000	NaN	0	0.0000	0	NaN	NaN	NaN	NaN	0.0000	NaN	-	13	0	0	0	0	BELOW_DETECTION	NaN	none
NZ_CP027007.1	NZ_CP010453.1	NaN	NaN	0.0000	0.0000	NaN	0	0.0000	0	NaN	NaN	NaN	NaN	0.0000	NaN	-	10	0	0	0	0	BELOW_DETECTION	NaN	none
NZ_CP027007.1	NZ_CP143939.1	NaN	NaN	0.0000	0.0000	NaN	0	0.0000	0	NaN	NaN	NaN	NaN	0.0000	NaN	-	14	0	0	0	0	BELOW_DETECTION	NaN	none
NZ_CP027007.1	NZ_CP102289.1	NaN	NaN	0.0000	0.0000	NaN	0	0.0000	0	NaN	NaN	NaN	NaN	0.0000	NaN	-	0	0	0	0	0	BELOW_DETECTION	NaN	none
NZ_CP027007.1	NZ_CP097279.1	NaN	NaN	0.0000	0.0000	NaN	0	0.0000	0	NaN	NaN	NaN	NaN	0.0000	NaN	-	0	0	0	0	0	BELOW_DETECTION	NaN	none
NZ_CP027007.1	NZ_JADNJF010000010.1	NaN	NaN	0.0000	0.0000	NaN	0	0.0000	0	NaN	NaN	NaN	NaN	0.0000	NaN	-	0	0	0	0	0	BELOW_DETECTION	NaN	none
NZ_CP027007.1	NZ_JADNLD010000100.1	NaN	NaN	0.0000	0.0000	NaN	0	0.0000	0	NaN	NaN	NaN	NaN	0.0000	NaN	-	0	0	0	0	0	BELOW_DETECTION	NaN	none
NZ_CP027007.1	NZ_JAQEFF010000001.1	NaN	NaN	0.0000	0.0000	NaN	0	0.0000	0	NaN	NaN	NaN	NaN	0.0000	NaN	-	0	0	0	0	0	BELOW_DETECTION	NaN	none
NZ_CP029703.1	NZ_CP072028.1	97.4208	98.0933	0.9053	0.9411	0.04820	28	0.9905	27	0.631	0.8775	97.3119	98.4895	0.3702	2.21	AlfI:98.24,AloI:98.05,BcgI:98.11,FalI:97.87	2937	28	3395	511	101.39285714285714	ok	97.4208	gamma
NZ_CP029703.1	NZ_CP046514.1	NaN	NaN	0.0000	0.0000	NaN	0	0.0000	0	NaN	NaN	NaN	NaN	0.0000	NaN	-	14	0	0	0	0	BELOW_DETECTION	NaN	none
NZ_CP029703.1	NZ_CP026999.1	NaN	NaN	0.0000	0.0000	NaN	0	0.0000	0	NaN	NaN	NaN	NaN	0.0000	NaN	-	13	0	0	0	0	BELOW_DETECTION	NaN	none
NZ_CP029703.1	NZ_CP072500.1	NaN	NaN	0.0000	0.0000	NaN	0	0.0000	0	NaN	NaN	NaN	NaN	0.0000	NaN	-	13	0	0	0	0	BELOW_DETECTION	NaN	none
NZ_CP029703.1	NZ_CP010453.1	NaN	NaN	0.0000	0.0000	NaN	0	0.0000	0	NaN	NaN	NaN	NaN	0.0000	NaN	-	10	0	0	0	0	BELOW_DETECTION	NaN	none
NZ_CP029703.1	NZ_CP143939.1	NaN	NaN	0.0000	0.0000	NaN	0	0.0000	0	NaN	NaN	NaN	NaN	0.0000	NaN	-	14	0	0	0	0	BELOW_DETECTION	NaN	none
NZ_CP029703.1	NZ_CP102289.1	NaN	NaN	0.0000	0.0000	NaN	0	0.0000	0	NaN	NaN	NaN	NaN	0.0000	NaN	-	0	0	0	0	0	BELOW_DETECTION	NaN	none
NZ_CP029703.1	NZ_CP097279.1	NaN	NaN	0.0000	0.0000	NaN	0	0.0000	0	NaN	NaN	NaN	NaN	0.0000	NaN	-	0	0	0	0	0	BELOW_DETECTION	NaN	none
NZ_CP029703.1	NZ_JADNJF010000010.1	NaN	NaN	0.0000	0.0000	NaN	0	0.0000	0	NaN	NaN	NaN	NaN	0.0000	NaN	-	0	0	0	0	0	BELOW_DETECTION	NaN	none
NZ_CP029703.1	NZ_JADNLD010000100.1	NaN	NaN	0.0000	0.0000	NaN	0	0.0000	0	NaN	NaN	NaN	NaN	0.0000	NaN	-	0	0	0	0	0	BELOW_DETECTION	NaN	none
NZ_CP029703.1	NZ_JAQEFF010000001.1	NaN	NaN	0.0000	0.0000	NaN	0	0.0000	0	NaN	NaN	NaN	NaN	0.0000	NaN	-	0	0	0	0	0	BELOW_DETECTION	NaN	none
NZ_CP072028.1	NZ_CP046514.1	NaN	NaN	0.0000	0.0000	NaN	0	0.0000	0	NaN	NaN	NaN	NaN	0.0000	NaN	-	13	0	0	0	0	BELOW_DETECTION	NaN	none
NZ_CP072028.1	NZ_CP026999.1	NaN	NaN	0.0000	0.0000	NaN	0	0.0000	0	NaN	NaN	NaN	NaN	0.0000	NaN	-	12	0	0	0	0	BELOW_DETECTION	NaN	none
NZ_CP072028.1	NZ_CP072500.1	NaN	NaN	0.0000	0.0000	NaN	0	0.0000	0	NaN	NaN	NaN	NaN	0.0000	NaN	-	12	0	0	0	0	BELOW_DETECTION	NaN	none
NZ_CP072028.1	NZ_CP010453.1	NaN	NaN	0.0000	0.0000	NaN	0	0.0000	0	NaN	NaN	NaN	NaN	0.0000	NaN	-	9	0	0	0	0	BELOW_DETECTION	NaN	none
NZ_CP072028.1	NZ_CP143939.1	NaN	NaN	0.0000	0.0000	NaN	0	0.0000	0	NaN	NaN	NaN	NaN	0.0000	NaN	-	13	0	0	0	0	BELOW_DETECTION	NaN	none
NZ_CP072028.1	NZ_CP102289.1	NaN	NaN	0.0000	0.0000	NaN	0	0.0000	0	NaN	NaN	NaN	NaN	0.0000	NaN	-	0	0	0	0	0	BELOW_DETECTION	NaN	none
NZ_CP072028.1	NZ_CP097279.1	NaN	NaN	0.0000	0.0000	NaN	0	0.0000	0	NaN	NaN	NaN	NaN	0.0000	NaN	-	0	0	0	0	0	BELOW_DETECTION	NaN	none
NZ_CP072028.1	NZ_JADNJF010000010.1	NaN	NaN	0.0000	0.0000	NaN	0	0.0000	0	NaN	NaN	NaN	NaN	0.0000	NaN	-	0	0	0	0	0	BELOW_DETECTION	NaN	none
NZ_CP072028.1	NZ_JADNLD010000100.1	NaN	NaN	0.0000	0.0000	NaN	0	0.0000	0	NaN	NaN	NaN	NaN	0.0000	NaN	-	0	0	0	0	0	BELOW_DETECTION	NaN	none
NZ_CP072028.1	NZ_JAQEFF010000001.1	NaN	NaN	0.0000	0.0000	NaN	0	0.0000	0	NaN	NaN	NaN	NaN	0.0000	NaN	-	0	0	0	0	0	BELOW_DETECTION	NaN	none
NZ_CP046514.1	NZ_CP026999.1	98.8425	99.2323	0.9298	0.9484	0.02471	32	0.9925	31	0.221	0.9532	98.6868	99.3975	0.1060	0.48	AlfI:99.19,AloI:99.30,BcgI:99.24,FalI:99.25	4207	32	4434	847	129.28125	ok	98.8425	gamma
NZ_CP046514.1	NZ_CP072500.1	98.7329	99.1901	0.8894	0.9255	0.02593	35	0.9914	34	0.208	0.9505	98.6109	99.3693	0.1448	1.13	AlfI:99.20,AloI:99.30,BcgI:99.16,FalI:99.25	4014	35	4283	814	113.08571428571429	ok	98.7329	gamma
NZ_CP046514.1	NZ_CP010453.1	99.0582	99.3468	0.9180	0.8906	0.02274	42	0.9901	41	0.214	0.9602	98.8978	99.4763	0.0777	0.17	AlfI:99.35,AloI:99.31,BcgI:99.35,FalI:99.39	4192	42	4379	722	98.69047619047619	ok	99.0582	gamma
NZ_CP046514.1	NZ_CP143939.1	98.7503	99.1848	0.8875	0.8140	0.02604	44	0.9891	43	0.221	0.9502	98.6134	99.3615	0.0697	0.23	AlfI:99.18,AloI:99.21,BcgI:99.18,FalI:99.24	4016	44	4268	550	89.72727272727273	ok	98.7503	gamma
NZ_CP046514.1	NZ_CP102289.1	NaN	NaN	0.0000	0.0000	NaN	0	0.0000	0	NaN	NaN	NaN	NaN	0.0000	NaN	-	0	0	0	0	0	BELOW_DETECTION	NaN	none
NZ_CP046514.1	NZ_CP097279.1	NaN	NaN	0.0000	0.0000	NaN	0	0.0000	0	NaN	NaN	NaN	NaN	0.0000	NaN	-	0	0	0	0	0	BELOW_DETECTION	NaN	none
NZ_CP046514.1	NZ_JADNJF010000010.1	NaN	NaN	0.0000	0.0000	NaN	0	0.0000	0	NaN	NaN	NaN	NaN	0.0000	NaN	-	4	0	0	0	0	BELOW_DETECTION	NaN	none
NZ_CP046514.1	NZ_JADNLD010000100.1	NaN	NaN	0.0000	0.0000	NaN	0	0.0000	0	NaN	NaN	NaN	NaN	0.0000	NaN	-	4	0	0	0	0	BELOW_DETECTION	NaN	none
NZ_CP046514.1	NZ_JAQEFF010000001.1	NaN	NaN	0.0000	0.0000	NaN	0	0.0000	0	NaN	NaN	NaN	NaN	0.0000	NaN	-	4	0	0	0	0	BELOW_DETECTION	NaN	none
NZ_CP026999.1	NZ_CP072500.1	98.9036	99.2277	0.8914	0.9374	0.02457	37	0.9914	36	0.251	0.9529	98.7548	99.3705	0.1311	0.78	AlfI:99.23,AloI:99.22,BcgI:99.21,FalI:99.34	4248	37	4491	527	112.89189189189189	ok	98.9036	gamma
NZ_CP026999.1	NZ_CP010453.1	98.8852	99.2341	0.9066	0.9126	0.02431	41	0.9906	40	0.234	0.9533	98.7395	99.3831	0.0991	0.47	AlfI:99.25,AloI:99.24,BcgI:99.22,FalI:99.31	4315	41	4551	550	103.7560975609756	ok	98.8852	gamma
NZ_CP026999.1	NZ_CP143939.1	98.8049	99.1661	0.8613	0.8201	0.02606	52	0.9874	51	0.266	0.9490	98.6457	99.3275	0.1209	1.09	AlfI:99.20,AloI:99.24,BcgI:99.13,FalI:99.25	4120	52	4351	364	77.75	ok	98.8049	gamma
NZ_CP026999.1	NZ_CP102289.1	NaN	NaN	0.0000	0.0000	NaN	0	0.0000	0	NaN	NaN	NaN	NaN	0.0000	NaN	-	0	0	0	0	0	BELOW_DETECTION	NaN	none
NZ_CP026999.1	NZ_CP097279.1	NaN	NaN	0.0000	0.0000	NaN	0	0.0000	0	NaN	NaN	NaN	NaN	0.0000	NaN	-	0	0	0	0	0	BELOW_DETECTION	NaN	none
NZ_CP026999.1	NZ_JADNJF010000010.1	NaN	NaN	0.0000	0.0000	NaN	0	0.0000	0	NaN	NaN	NaN	NaN	0.0000	NaN	-	4	0	0	0	0	BELOW_DETECTION	NaN	none
NZ_CP026999.1	NZ_JADNLD010000100.1	NaN	NaN	0.0000	0.0000	NaN	0	0.0000	0	NaN	NaN	NaN	NaN	0.0000	NaN	-	4	0	0	0	0	BELOW_DETECTION	NaN	none
NZ_CP026999.1	NZ_JAQEFF010000001.1	NaN	NaN	0.0000	0.0000	NaN	0	0.0000	0	NaN	NaN	NaN	NaN	0.0000	NaN	-	4	0	0	0	0	BELOW_DETECTION	NaN	none
NZ_CP072500.1	NZ_CP010453.1	98.7739	99.1710	0.8540	0.8785	0.02574	62	0.9854	61	0.244	0.9493	98.6227	99.3408	0.0955	0.42	AlfI:99.20,AloI:99.13,BcgI:99.16,FalI:99.22	4203	62	4438	860	67.29032258064517	ok	98.7739	gamma
NZ_CP072500.1	NZ_CP143939.1	98.5742	99.0986	0.8431	0.8238	0.02718	64	0.9846	63	0.227	0.9448	98.4459	99.3091	0.1664	1.06	AlfI:99.11,AloI:99.11,BcgI:99.07,FalI:99.24	4128	64	4398	506	63.90625	ok	98.5742	gamma
NZ_CP072500.1	NZ_CP102289.1	NaN	NaN	0.0000	0.0000	NaN	0	0.0000	0	NaN	NaN	NaN	NaN	0.0000	NaN	-	0	0	0	0	0	BELOW_DETECTION	NaN	none
NZ_CP072500.1	NZ_CP097279.1	NaN	NaN	0.0000	0.0000	NaN	0	0.0000	0	NaN	NaN	NaN	NaN	0.0000	NaN	-	0	0	0	0	0	BELOW_DETECTION	NaN	none
NZ_CP072500.1	NZ_JADNJF010000010.1	NaN	NaN	0.0000	0.0000	NaN	0	0.0000	0	NaN	NaN	NaN	NaN	0.0000	NaN	-	4	0	0	0	0	BELOW_DETECTION	NaN	none
NZ_CP072500.1	NZ_JADNLD010000100.1	NaN	NaN	0.0000	0.0000	NaN	0	0.0000	0	NaN	NaN	NaN	NaN	0.0000	NaN	-	4	0	0	0	0	BELOW_DETECTION	NaN	none
NZ_CP072500.1	NZ_JAQEFF010000001.1	NaN	NaN	0.0000	0.0000	NaN	0	0.0000	0	NaN	NaN	NaN	NaN	0.0000	NaN	-	4	0	0	0	0	BELOW_DETECTION	NaN	none
NZ_CP010453.1	NZ_CP143939.1	98.5631	99.0957	0.8240	0.8143	0.02747	68	0.9833	67	0.234	0.9447	98.4093	99.3180	0.1614	1.41	AlfI:99.15,AloI:99.13,BcgI:99.05,FalI:99.21	4064	68	4332	572	59.10294117647059	ok	98.5631	gamma
NZ_CP010453.1	NZ_CP102289.1	NaN	NaN	0.0000	0.0000	NaN	0	0.0000	0	NaN	NaN	NaN	NaN	0.0000	NaN	-	1	0	0	0	0	BELOW_DETECTION	NaN	none
NZ_CP010453.1	NZ_CP097279.1	NaN	NaN	0.0000	0.0000	NaN	0	0.0000	0	NaN	NaN	NaN	NaN	0.0000	NaN	-	0	0	0	0	0	BELOW_DETECTION	NaN	none
NZ_CP010453.1	NZ_JADNJF010000010.1	NaN	NaN	0.0000	0.0000	NaN	0	0.0000	0	NaN	NaN	NaN	NaN	0.0000	NaN	-	4	0	0	0	0	BELOW_DETECTION	NaN	none
NZ_CP010453.1	NZ_JADNLD010000100.1	NaN	NaN	0.0000	0.0000	NaN	0	0.0000	0	NaN	NaN	NaN	NaN	0.0000	NaN	-	3	0	0	0	0	BELOW_DETECTION	NaN	none
NZ_CP010453.1	NZ_JAQEFF010000001.1	99.9999	99.9999	0.0031	0.0019	5.39163	1	1.0000	0	inf	1.0000	99.9999	99.9999	0.0000	0.00	AlfI:100.00,AloI:100.00,BcgI:100.00,FalI:100.00	16	1	12	12	12	ok	99.9999	uniform
NZ_CP143939.1	NZ_CP102289.1	NaN	NaN	0.0000	0.0000	NaN	0	0.0000	0	NaN	NaN	NaN	NaN	0.0000	NaN	-	0	0	0	0	0	BELOW_DETECTION	NaN	none
NZ_CP143939.1	NZ_CP097279.1	NaN	NaN	0.0000	0.0000	NaN	0	0.0000	0	NaN	NaN	NaN	NaN	0.0000	NaN	-	0	0	0	0	0	BELOW_DETECTION	NaN	none
NZ_CP143939.1	NZ_JADNJF010000010.1	NaN	NaN	0.0000	0.0000	NaN	0	0.0000	0	NaN	NaN	NaN	NaN	0.0000	NaN	-	4	0	0	0	0	BELOW_DETECTION	NaN	none
NZ_CP143939.1	NZ_JADNLD010000100.1	NaN	NaN	0.0000	0.0000	NaN	0	0.0000	0	NaN	NaN	NaN	NaN	0.0000	NaN	-	4	0	0	0	0	BELOW_DETECTION	NaN	none
NZ_CP143939.1	NZ_JAQEFF010000001.1	NaN	NaN	0.0000	0.0000	NaN	0	0.0000	0	NaN	NaN	NaN	NaN	0.0000	NaN	-	4	0	0	0	0	BELOW_DETECTION	NaN	none
NZ_CP102289.1	NZ_CP097279.1	98.5609	99.2596	0.7804	0.8732	0.02646	38	0.9895	37	0.141	0.9550	98.5050	99.4960	0.1906	2.68	AlfI:99.30,AloI:99.25,BcgI:99.32,FalI:99.13	3672	38	3892	612	92.60526315789474	ok	98.5609	gamma
NZ_CP102289.1	NZ_JADNJF010000010.1	98.6164	99.2669	0.7462	0.7960	0.02659	74	0.9789	73	0.147	0.9554	98.5321	99.4967	0.2209	2.05	AlfI:99.29,AloI:99.39,BcgI:99.29,FalI:99.17	3636	74	3814	281	46.83783783783784	ok	98.6164	gamma
NZ_CP102289.1	NZ_JADNLD010000100.1	98.7419	99.2989	0.7399	0.7136	0.02614	77	0.9778	76	0.156	0.9574	98.6079	99.5121	0.1029	0.92	AlfI:99.35,AloI:99.36,BcgI:99.27,FalI:99.26	3646	77	3752	223	44.44155844155844	ok	98.7419	gamma
NZ_CP102289.1	NZ_JAQEFF010000001.1	98.5220	99.2661	0.7410	0.8272	0.02677	63	0.9818	62	0.137	0.9554	98.4719	99.5157	0.2318	3.34	AlfI:99.36,AloI:99.29,BcgI:99.29,FalI:99.12	3602	63	3782	244	54.19047619047619	ok	98.5220	gamma
NZ_CP097279.1	NZ_JADNJF010000010.1	98.7076	99.3449	0.8001	0.7825	0.02519	64	0.9817	63	0.124	0.9602	98.6511	99.5558	0.1057	0.71	AlfI:99.37,AloI:99.39,BcgI:99.36,FalI:99.28	3567	64	3759	283	53.75	ok	98.7076	gamma
NZ_CP097279.1	NZ_JADNLD010000100.1	98.8424	99.3473	0.7848	0.7033	0.02518	68	0.9805	67	0.147	0.9604	98.7109	99.5393	0.0836	0.79	AlfI:99.40,AloI:99.39,BcgI:99.32,FalI:99.32	3656	68	3728	377	50.470588235294116	ok	98.8424	gamma
NZ_CP097279.1	NZ_JAQEFF010000001.1	98.5300	99.2838	0.8039	0.8357	0.02655	47	0.9864	46	0.129	0.9565	98.4980	99.5293	0.1448	1.03	AlfI:99.31,AloI:99.35,BcgI:99.30,FalI:99.21	3546	47	3745	511	72.06382978723404	ok	98.5300	gamma
NZ_JADNJF010000010.1	NZ_JADNLD010000100.1	98.8620	99.2923	0.7810	0.7187	0.02614	85	0.9882	40	0.183	0.9570	98.7123	99.4695	0.1805	1.07	AlfI:99.33,AloI:99.15,BcgI:99.31,FalI:99.28	3647	85	3754	183	40.294117647058826	ok	98.8620	gamma
NZ_JADNJF010000010.1	NZ_JAQEFF010000001.1	98.7085	99.3175	0.7908	0.8401	0.02562	75	0.9927	25	0.137	0.9585	98.6230	99.5304	0.2060	1.61	AlfI:99.37,AloI:99.17,BcgI:99.34,FalI:99.28	3608	75	3795	191	46.026666666666664	ok	98.7085	gamma
NZ_JADNLD010000100.1	NZ_JAQEFF010000001.1	98.7847	99.3303	0.7137	0.8377	0.02554	71	0.9943	19	0.146	0.9593	98.6666	99.5320	0.2257	2.97	AlfI:99.44,AloI:99.21,BcgI:99.32,FalI:99.27	3590	71	3732	373	47.690140845070424	ok	98.7847	gamma
