query	reference	band	group	band_by_ani	query_path	ref_path
GCA_013390615.1	GCA_903839205.1	0.8-0.85	p__Acidobacteriota	0.8375	/lustre1/g/aos_shihuang/data/gtdb-r207/genomes_all/GCA_013390615.1.fna	/lustre1/g/aos_shihuang/data/gtdb-r207/genomes_all/GCA_903839205.1.fna
GCA_001914815.1	GCA_001918935.1	0.8-0.85	p__Acidobacteriota	0.8458	/lustre1/g/aos_shihuang/data/gtdb-r207/genomes_all/GCA_001914815.1.fna	/lustre1/g/aos_shihuang/data/gtdb-r207/genomes_all/GCA_001918935.1.fna
GCA_011772475.1	GCA_011049545.1	0.8-0.85	p__Acidobacteriota	0.8300	/lustre1/g/aos_shihuang/data/gtdb-r207/genomes_all/GCA_011772475.1.fna	/lustre1/g/aos_shihuang/data/gtdb-r207/genomes_all/GCA_011049545.1.fna
GCA_016789705.1	GCA_018000455.1	0.8-0.85	p__Acidobacteriota	0.8274	/lustre1/g/aos_shihuang/data/gtdb-r207/genomes_all/GCA_016789705.1.fna	/lustre1/g/aos_shihuang/data/gtdb-r207/genomes_all/GCA_018000455.1.fna
GCA_016720465.1	GCA_016722505.1	0.8-0.85	p__Acidobacteriota	0.8371	/lustre1/g/aos_shihuang/data/gtdb-r207/genomes_all/GCA_016720465.1.fna	/lustre1/g/aos_shihuang/data/gtdb-r207/genomes_all/GCA_016722505.1.fna
GCF_000428885.1	GCA_017859995.1	0.8-0.85	p__Acidobacteriota	0.8445	/lustre1/g/aos_shihuang/data/gtdb-r207/genomes_all/GCF_000428885.1.fna	/lustre1/g/aos_shihuang/data/gtdb-r207/genomes_all/GCA_017859995.1.fna
GCA_016192845.1	GCA_001767525.1	0.8-0.85	p__Acidobacteriota	0.8489	/lustre1/g/aos_shihuang/data/gtdb-r207/genomes_all/GCA_016192845.1.fna	/lustre1/g/aos_shihuang/data/gtdb-r207/genomes_all/GCA_001767525.1.fna
GCA_009835985.1	GCA_002238705.1	0.8-0.85	p__Acidobacteriota	0.8479	/lustre1/g/aos_shihuang/data/gtdb-r207/genomes_all/GCA_009835985.1.fna	/lustre1/g/aos_shihuang/data/gtdb-r207/genomes_all/GCA_002238705.1.fna
GCA_003530835.1	GCA_014189895.1	0.8-0.85	p__Acidobacteriota	0.8424	/lustre1/g/aos_shihuang/data/gtdb-r207/genomes_all/GCA_003530835.1.fna	/lustre1/g/aos_shihuang/data/gtdb-r207/genomes_all/GCA_014189895.1.fna
GCA_002414905.1	GCA_016714815.1	0.8-0.85	p__Acidobacteriota	0.8491	/lustre1/g/aos_shihuang/data/gtdb-r207/genomes_all/GCA_002414905.1.fna	/lustre1/g/aos_shihuang/data/gtdb-r207/genomes_all/GCA_016714815.1.fna
GCA_009694585.1	GCA_014190275.1	0.8-0.85	p__Actinobacteriota	0.8315	/lustre1/g/aos_shihuang/data/gtdb-r207/genomes_all/GCA_009694585.1.fna	/lustre1/g/aos_shihuang/data/gtdb-r207/genomes_all/GCA_014190275.1.fna
GCF_010287905.1	GCA_014803435.1	0.8-0.85	p__Actinobacteriota	0.8386	/lustre1/g/aos_shihuang/data/gtdb-r207/genomes_all/GCF_010287905.1.fna	/lustre1/g/aos_shihuang/data/gtdb-r207/genomes_all/GCA_014803435.1.fna
GCF_000152705.1	GCF_001427985.1	0.8-0.85	p__Actinobacteriota	0.8390	/lustre1/g/aos_shihuang/data/gtdb-r207/genomes_all/GCF_000152705.1.fna	/lustre1/g/aos_shihuang/data/gtdb-r207/genomes_all/GCF_001427985.1.fna
GCA_900538305.1	GCA_000333815.1	0.8-0.85	p__Actinobacteriota	0.8339	/lustre1/g/aos_shihuang/data/gtdb-r207/genomes_all/GCA_900538305.1.fna	/lustre1/g/aos_shihuang/data/gtdb-r207/genomes_all/GCA_000333815.1.fna
GCF_007994135.1	GCA_019112525.1	0.8-0.85	p__Actinobacteriota	0.8402	/lustre1/g/aos_shihuang/data/gtdb-r207/genomes_all/GCF_007994135.1.fna	/lustre1/g/aos_shihuang/data/gtdb-r207/genomes_all/GCA_019112525.1.fna
GCF_001575205.1	GCF_000312385.1	0.8-0.85	p__Actinobacteriota	0.8273	/lustre1/g/aos_shihuang/data/gtdb-r207/genomes_all/GCF_001575205.1.fna	/lustre1/g/aos_shihuang/data/gtdb-r207/genomes_all/GCF_000312385.1.fna
GCF_001592045.1	GCF_001517975.1	0.8-0.85	p__Actinobacteriota	0.8434	/lustre1/g/aos_shihuang/data/gtdb-r207/genomes_all/GCF_001592045.1.fna	/lustre1/g/aos_shihuang/data/gtdb-r207/genomes_all/GCF_001517975.1.fna
GCF_016918015.1	GCF_003933745.1	0.8-0.85	p__Actinobacteriota	0.8489	/lustre1/g/aos_shihuang/data/gtdb-r207/genomes_all/GCF_016918015.1.fna	/lustre1/g/aos_shihuang/data/gtdb-r207/genomes_all/GCF_003933745.1.fna
GCF_004025965.2	GCF_011383005.1	0.8-0.85	p__Actinobacteriota	0.8402	/lustre1/g/aos_shihuang/data/gtdb-r207/genomes_all/GCF_004025965.2.fna	/lustre1/g/aos_shihuang/data/gtdb-r207/genomes_all/GCF_011383005.1.fna
GCF_014694315.1	GCF_001428005.1	0.8-0.85	p__Actinobacteriota	0.8330	/lustre1/g/aos_shihuang/data/gtdb-r207/genomes_all/GCF_014694315.1.fna	/lustre1/g/aos_shihuang/data/gtdb-r207/genomes_all/GCF_001428005.1.fna
GCA_001914705.1	GCA_005888315.1	0.8-0.85	p__Actinobacteriota	0.8397	/lustre1/g/aos_shihuang/data/gtdb-r207/genomes_all/GCA_001914705.1.fna	/lustre1/g/aos_shihuang/data/gtdb-r207/genomes_all/GCA_005888315.1.fna
GCF_004078655.1	GCF_003990045.1	0.8-0.85	p__Actinobacteriota	0.8266	/lustre1/g/aos_shihuang/data/gtdb-r207/genomes_all/GCF_004078655.1.fna	/lustre1/g/aos_shihuang/data/gtdb-r207/genomes_all/GCF_003990045.1.fna
GCF_009733845.1	GCF_009733815.1	0.8-0.85	p__Actinobacteriota	0.8395	/lustre1/g/aos_shihuang/data/gtdb-r207/genomes_all/GCF_009733845.1.fna	/lustre1/g/aos_shihuang/data/gtdb-r207/genomes_all/GCF_009733815.1.fna
GCF_008040105.1	GCA_003454135.1	0.8-0.85	p__Actinobacteriota	0.8482	/lustre1/g/aos_shihuang/data/gtdb-r207/genomes_all/GCF_008040105.1.fna	/lustre1/g/aos_shihuang/data/gtdb-r207/genomes_all/GCA_003454135.1.fna
GCF_003003175.1	GCF_019173455.1	0.8-0.85	p__Actinobacteriota	0.8341	/lustre1/g/aos_shihuang/data/gtdb-r207/genomes_all/GCF_003003175.1.fna	/lustre1/g/aos_shihuang/data/gtdb-r207/genomes_all/GCF_019173455.1.fna
GCF_900112815.1	GCF_016612865.1	0.8-0.85	p__Actinobacteriota	0.8348	/lustre1/g/aos_shihuang/data/gtdb-r207/genomes_all/GCF_900112815.1.fna	/lustre1/g/aos_shihuang/data/gtdb-r207/genomes_all/GCF_016612865.1.fna
GCF_003610585.1	GCF_002936985.1	0.8-0.85	p__Actinobacteriota	0.8497	/lustre1/g/aos_shihuang/data/gtdb-r207/genomes_all/GCF_003610585.1.fna	/lustre1/g/aos_shihuang/data/gtdb-r207/genomes_all/GCF_002936985.1.fna
GCF_003751785.1	GCF_003755185.1	0.8-0.85	p__Actinobacteriota	0.8344	/lustre1/g/aos_shihuang/data/gtdb-r207/genomes_all/GCF_003751785.1.fna	/lustre1/g/aos_shihuang/data/gtdb-r207/genomes_all/GCF_003755185.1.fna
GCF_006716305.1	GCF_001657475.1	0.8-0.85	p__Actinobacteriota	0.8318	/lustre1/g/aos_shihuang/data/gtdb-r207/genomes_all/GCF_006716305.1.fna	/lustre1/g/aos_shihuang/data/gtdb-r207/genomes_all/GCF_001657475.1.fna
GCF_009742705.1	GCF_900101785.1	0.8-0.85	p__Actinobacteriota	0.8411	/lustre1/g/aos_shihuang/data/gtdb-r207/genomes_all/GCF_009742705.1.fna	/lustre1/g/aos_shihuang/data/gtdb-r207/genomes_all/GCF_900101785.1.fna
GCA_000620545.1	GCF_006717025.1	0.8-0.85	p__Actinobacteriota	0.8423	/lustre1/g/aos_shihuang/data/gtdb-r207/genomes_all/GCA_000620545.1.fna	/lustre1/g/aos_shihuang/data/gtdb-r207/genomes_all/GCF_006717025.1.fna
GCF_003121705.1	GCF_004786095.1	0.8-0.85	p__Actinobacteriota	0.8393	/lustre1/g/aos_shihuang/data/gtdb-r207/genomes_all/GCF_003121705.1.fna	/lustre1/g/aos_shihuang/data/gtdb-r207/genomes_all/GCF_004786095.1.fna
GCF_900104895.1	GCF_004217495.1	0.8-0.85	p__Actinobacteriota	0.8461	/lustre1/g/aos_shihuang/data/gtdb-r207/genomes_all/GCF_900104895.1.fna	/lustre1/g/aos_shihuang/data/gtdb-r207/genomes_all/GCF_004217495.1.fna
GCF_011751745.2	GCF_011751765.2	0.8-0.85	p__Actinobacteriota	0.8485	/lustre1/g/aos_shihuang/data/gtdb-r207/genomes_all/GCF_011751745.2.fna	/lustre1/g/aos_shihuang/data/gtdb-r207/genomes_all/GCF_011751765.2.fna
GCF_004323735.1	GCF_000826685.1	0.8-0.85	p__Actinobacteriota	0.8472	/lustre1/g/aos_shihuang/data/gtdb-r207/genomes_all/GCF_004323735.1.fna	/lustre1/g/aos_shihuang/data/gtdb-r207/genomes_all/GCF_000826685.1.fna
GCF_900108175.1	GCF_006363815.1	0.8-0.85	p__Actinobacteriota	0.8432	/lustre1/g/aos_shihuang/data/gtdb-r207/genomes_all/GCF_900108175.1.fna	/lustre1/g/aos_shihuang/data/gtdb-r207/genomes_all/GCF_006363815.1.fna
GCF_001592045.1	GCF_001660385.1	0.8-0.85	p__Actinobacteriota	0.8348	/lustre1/g/aos_shihuang/data/gtdb-r207/genomes_all/GCF_001592045.1.fna	/lustre1/g/aos_shihuang/data/gtdb-r207/genomes_all/GCF_001660385.1.fna
GCA_009702325.1	GCA_900299235.1	0.8-0.85	p__Actinobacteriota	0.8401	/lustre1/g/aos_shihuang/data/gtdb-r207/genomes_all/GCA_009702325.1.fna	/lustre1/g/aos_shihuang/data/gtdb-r207/genomes_all/GCA_900299235.1.fna
GCF_014200305.1	GCF_014201135.1	0.8-0.85	p__Actinobacteriota	0.8492	/lustre1/g/aos_shihuang/data/gtdb-r207/genomes_all/GCF_014200305.1.fna	/lustre1/g/aos_shihuang/data/gtdb-r207/genomes_all/GCF_014201135.1.fna
GCA_002296525.1	GCA_002448715.1	0.8-0.85	p__Actinobacteriota	0.8402	/lustre1/g/aos_shihuang/data/gtdb-r207/genomes_all/GCA_002296525.1.fna	/lustre1/g/aos_shihuang/data/gtdb-r207/genomes_all/GCA_002448715.1.fna
GCA_014360645.1	GCA_015711825.1	0.8-0.85	p__Actinobacteriota	0.8423	/lustre1/g/aos_shihuang/data/gtdb-r207/genomes_all/GCA_014360645.1.fna	/lustre1/g/aos_shihuang/data/gtdb-r207/genomes_all/GCA_015711825.1.fna
GCF_003096675.1	GCF_004363095.1	0.8-0.85	p__Actinobacteriota	0.8461	/lustre1/g/aos_shihuang/data/gtdb-r207/genomes_all/GCF_003096675.1.fna	/lustre1/g/aos_shihuang/data/gtdb-r207/genomes_all/GCF_004363095.1.fna
GCF_015690345.1	GCF_016862935.1	0.8-0.85	p__Actinobacteriota	0.8491	/lustre1/g/aos_shihuang/data/gtdb-r207/genomes_all/GCF_015690345.1.fna	/lustre1/g/aos_shihuang/data/gtdb-r207/genomes_all/GCF_016862935.1.fna
GCF_000482865.1	GCF_900111175.1	0.8-0.85	p__Actinobacteriota	0.8414	/lustre1/g/aos_shihuang/data/gtdb-r207/genomes_all/GCF_000482865.1.fna	/lustre1/g/aos_shihuang/data/gtdb-r207/genomes_all/GCF_900111175.1.fna
GCF_000224415.1	GCF_005877055.1	0.8-0.85	p__Actinobacteriota	0.8447	/lustre1/g/aos_shihuang/data/gtdb-r207/genomes_all/GCF_000224415.1.fna	/lustre1/g/aos_shihuang/data/gtdb-r207/genomes_all/GCF_005877055.1.fna
GCF_001591405.1	GCA_019116945.1	0.8-0.85	p__Actinobacteriota	0.8454	/lustre1/g/aos_shihuang/data/gtdb-r207/genomes_all/GCF_001591405.1.fna	/lustre1/g/aos_shihuang/data/gtdb-r207/genomes_all/GCA_019116945.1.fna
GCF_008001015.1	GCF_008386315.1	0.8-0.85	p__Actinobacteriota	0.8393	/lustre1/g/aos_shihuang/data/gtdb-r207/genomes_all/GCF_008001015.1.fna	/lustre1/g/aos_shihuang/data/gtdb-r207/genomes_all/GCF_008386315.1.fna
GCF_001422285.1	GCF_000878135.1	0.8-0.85	p__Actinobacteriota	0.8350	/lustre1/g/aos_shihuang/data/gtdb-r207/genomes_all/GCF_001422285.1.fna	/lustre1/g/aos_shihuang/data/gtdb-r207/genomes_all/GCF_000878135.1.fna
GCA_016463095.1	GCA_000428345.2	0.8-0.85	p__Actinobacteriota	0.8451	/lustre1/g/aos_shihuang/data/gtdb-r207/genomes_all/GCA_016463095.1.fna	/lustre1/g/aos_shihuang/data/gtdb-r207/genomes_all/GCA_000428345.2.fna
GCF_000152705.1	GCF_000768675.1	0.8-0.85	p__Actinobacteriota	0.8348	/lustre1/g/aos_shihuang/data/gtdb-r207/genomes_all/GCF_000152705.1.fna	/lustre1/g/aos_shihuang/data/gtdb-r207/genomes_all/GCF_000768675.1.fna
GCA_018260615.1	GCA_018260755.1	0.8-0.85	p__Altiarchaeota	0.8480	/lustre1/g/aos_shihuang/data/gtdb-r207/genomes_all/GCA_018260615.1.fna	/lustre1/g/aos_shihuang/data/gtdb-r207/genomes_all/GCA_018260755.1.fna
GCA_016839265.1	GCA_001940665.1	0.8-0.85	p__Asgardarchaeota	0.8114	/lustre1/g/aos_shihuang/data/gtdb-r207/genomes_all/GCA_016839265.1.fna	/lustre1/g/aos_shihuang/data/gtdb-r207/genomes_all/GCA_001940665.1.fna
GCA_002897695.1	GCA_013151915.1	0.8-0.85	p__BMS3Abin14	0.8349	/lustre1/g/aos_shihuang/data/gtdb-r207/genomes_all/GCA_002897695.1.fna	/lustre1/g/aos_shihuang/data/gtdb-r207/genomes_all/GCA_013151915.1.fna
GCF_014252255.1	GCF_014252115.1	0.8-0.85	p__Bacteroidota	0.8400	/lustre1/g/aos_shihuang/data/gtdb-r207/genomes_all/GCF_014252255.1.fna	/lustre1/g/aos_shihuang/data/gtdb-r207/genomes_all/GCF_014252115.1.fna
GCF_017355785.1	GCF_017355835.1	0.8-0.85	p__Bacteroidota	0.8400	/lustre1/g/aos_shihuang/data/gtdb-r207/genomes_all/GCF_017355785.1.fna	/lustre1/g/aos_shihuang/data/gtdb-r207/genomes_all/GCF_017355835.1.fna
GCA_903821715.1	GCA_005786915.1	0.8-0.85	p__Bacteroidota	0.8346	/lustre1/g/aos_shihuang/data/gtdb-r207/genomes_all/GCA_903821715.1.fna	/lustre1/g/aos_shihuang/data/gtdb-r207/genomes_all/GCA_005786915.1.fna
GCF_001735745.1	GCA_018673215.1	0.8-0.85	p__Bacteroidota	0.8462	/lustre1/g/aos_shihuang/data/gtdb-r207/genomes_all/GCF_001735745.1.fna	/lustre1/g/aos_shihuang/data/gtdb-r207/genomes_all/GCA_018673215.1.fna
GCA_018608725.1	GCA_018673215.1	0.8-0.85	p__Bacteroidota	0.8374	/lustre1/g/aos_shihuang/data/gtdb-r207/genomes_all/GCA_018608725.1.fna	/lustre1/g/aos_shihuang/data/gtdb-r207/genomes_all/GCA_018673215.1.fna
GCA_002400885.1	GCA_016764435.1	0.8-0.85	p__Bacteroidota	0.8317	/lustre1/g/aos_shihuang/data/gtdb-r207/genomes_all/GCA_002400885.1.fna	/lustre1/g/aos_shihuang/data/gtdb-r207/genomes_all/GCA_016764435.1.fna
GCF_015330165.1	GCF_015330125.1	0.8-0.85	p__Bacteroidota	0.8377	/lustre1/g/aos_shihuang/data/gtdb-r207/genomes_all/GCF_015330165.1.fna	/lustre1/g/aos_shihuang/data/gtdb-r207/genomes_all/GCF_015330125.1.fna
GCF_014251575.1	GCF_011290385.1	0.8-0.85	p__Bacteroidota	0.8483	/lustre1/g/aos_shihuang/data/gtdb-r207/genomes_all/GCF_014251575.1.fna	/lustre1/g/aos_shihuang/data/gtdb-r207/genomes_all/GCF_011290385.1.fna
GCF_008180195.1	GCF_014692515.1	0.8-0.85	p__Bacteroidota	0.8427	/lustre1/g/aos_shihuang/data/gtdb-r207/genomes_all/GCF_008180195.1.fna	/lustre1/g/aos_shihuang/data/gtdb-r207/genomes_all/GCF_014692515.1.fna
GCF_900168045.1	GCF_000745315.1	0.8-0.85	p__Bacteroidota	0.8370	/lustre1/g/aos_shihuang/data/gtdb-r207/genomes_all/GCF_900168045.1.fna	/lustre1/g/aos_shihuang/data/gtdb-r207/genomes_all/GCF_000745315.1.fna
GCA_003158475.1	GCA_003161955.1	0.8-0.85	p__Bacteroidota	0.8367	/lustre1/g/aos_shihuang/data/gtdb-r207/genomes_all/GCA_003158475.1.fna	/lustre1/g/aos_shihuang/data/gtdb-r207/genomes_all/GCA_003161955.1.fna
GCF_000799235.1	GCF_002835665.1	0.8-0.85	p__Bacteroidota	0.8301	/lustre1/g/aos_shihuang/data/gtdb-r207/genomes_all/GCF_000799235.1.fna	/lustre1/g/aos_shihuang/data/gtdb-r207/genomes_all/GCF_002835665.1.fna
GCA_017651425.1	GCA_002311645.1	0.8-0.85	p__Bacteroidota	0.8387	/lustre1/g/aos_shihuang/data/gtdb-r207/genomes_all/GCA_017651425.1.fna	/lustre1/g/aos_shihuang/data/gtdb-r207/genomes_all/GCA_002311645.1.fna
GCF_015476655.1	GCF_900176595.1	0.8-0.85	p__Bacteroidota	0.8438	/lustre1/g/aos_shihuang/data/gtdb-r207/genomes_all/GCF_015476655.1.fna	/lustre1/g/aos_shihuang/data/gtdb-r207/genomes_all/GCF_900176595.1.fna
GCF_007827275.1	GCF_000258765.1	0.8-0.85	p__Bacteroidota	0.8281	/lustre1/g/aos_shihuang/data/gtdb-r207/genomes_all/GCF_007827275.1.fna	/lustre1/g/aos_shihuang/data/gtdb-r207/genomes_all/GCF_000258765.1.fna
GCA_016866355.1	GCA_016868475.1	0.8-0.85	p__Bacteroidota	0.8136	/lustre1/g/aos_shihuang/data/gtdb-r207/genomes_all/GCA_016866355.1.fna	/lustre1/g/aos_shihuang/data/gtdb-r207/genomes_all/GCA_016868475.1.fna
GCF_011762155.1	GCF_011927765.1	0.8-0.85	p__Bacteroidota	0.8434	/lustre1/g/aos_shihuang/data/gtdb-r207/genomes_all/GCF_011762155.1.fna	/lustre1/g/aos_shihuang/data/gtdb-r207/genomes_all/GCF_011927765.1.fna
GCF_004364165.1	GCF_900155985.1	0.8-0.85	p__Bacteroidota	0.8324	/lustre1/g/aos_shihuang/data/gtdb-r207/genomes_all/GCF_004364165.1.fna	/lustre1/g/aos_shihuang/data/gtdb-r207/genomes_all/GCF_900155985.1.fna
GCF_000745315.1	GCF_900142975.1	0.8-0.85	p__Bacteroidota	0.8473	/lustre1/g/aos_shihuang/data/gtdb-r207/genomes_all/GCF_000745315.1.fna	/lustre1/g/aos_shihuang/data/gtdb-r207/genomes_all/GCF_900142975.1.fna
GCA_013287545.1	GCA_013288015.1	0.8-0.85	p__Bacteroidota	0.8440	/lustre1/g/aos_shihuang/data/gtdb-r207/genomes_all/GCA_013287545.1.fna	/lustre1/g/aos_shihuang/data/gtdb-r207/genomes_all/GCA_013288015.1.fna
GCF_001577755.1	GCF_009913235.1	0.8-0.85	p__Bacteroidota	0.8478	/lustre1/g/aos_shihuang/data/gtdb-r207/genomes_all/GCF_001577755.1.fna	/lustre1/g/aos_shihuang/data/gtdb-r207/genomes_all/GCF_009913235.1.fna
GCF_003014695.1	GCF_000023125.1	0.8-0.85	p__Bacteroidota	0.8404	/lustre1/g/aos_shihuang/data/gtdb-r207/genomes_all/GCF_003014695.1.fna	/lustre1/g/aos_shihuang/data/gtdb-r207/genomes_all/GCF_000023125.1.fna
GCF_014692515.1	GCF_014692525.1	0.8-0.85	p__Bacteroidota	0.8335	/lustre1/g/aos_shihuang/data/gtdb-r207/genomes_all/GCF_014692515.1.fna	/lustre1/g/aos_shihuang/data/gtdb-r207/genomes_all/GCF_014692525.1.fna
GCF_000382125.1	GCA_905479615.1	0.8-0.85	p__Bacteroidota	0.8329	/lustre1/g/aos_shihuang/data/gtdb-r207/genomes_all/GCF_000382125.1.fna	/lustre1/g/aos_shihuang/data/gtdb-r207/genomes_all/GCA_905479615.1.fna
GCA_900539915.1	GCA_001689515.1	0.8-0.85	p__Bacteroidota	0.8462	/lustre1/g/aos_shihuang/data/gtdb-r207/genomes_all/GCA_900539915.1.fna	/lustre1/g/aos_shihuang/data/gtdb-r207/genomes_all/GCA_001689515.1.fna
GCF_005047595.1	GCF_011777505.1	0.8-0.85	p__Bacteroidota	0.8278	/lustre1/g/aos_shihuang/data/gtdb-r207/genomes_all/GCF_005047595.1.fna	/lustre1/g/aos_shihuang/data/gtdb-r207/genomes_all/GCF_011777505.1.fna
GCF_000023465.1	GCF_900112105.1	0.8-0.85	p__Bacteroidota	0.8351	/lustre1/g/aos_shihuang/data/gtdb-r207/genomes_all/GCF_000023465.1.fna	/lustre1/g/aos_shihuang/data/gtdb-r207/genomes_all/GCF_900112105.1.fna
GCA_002715445.1	GCA_002170235.1	0.8-0.85	p__Bacteroidota	0.8442	/lustre1/g/aos_shihuang/data/gtdb-r207/genomes_all/GCA_002715445.1.fna	/lustre1/g/aos_shihuang/data/gtdb-r207/genomes_all/GCA_002170235.1.fna
GCA_002440975.1	GCA_015709215.1	0.8-0.85	p__Bacteroidota	0.8363	/lustre1/g/aos_shihuang/data/gtdb-r207/genomes_all/GCA_002440975.1.fna	/lustre1/g/aos_shihuang/data/gtdb-r207/genomes_all/GCA_015709215.1.fna
GCA_903907915.1	GCA_002479785.1	0.8-0.85	p__Bacteroidota	0.8434	/lustre1/g/aos_shihuang/data/gtdb-r207/genomes_all/GCA_903907915.1.fna	/lustre1/g/aos_shihuang/data/gtdb-r207/genomes_all/GCA_002479785.1.fna
GCF_007197735.1	GCF_001439665.1	0.8-0.85	p__Bacteroidota	0.8378	/lustre1/g/aos_shihuang/data/gtdb-r207/genomes_all/GCF_007197735.1.fna	/lustre1/g/aos_shihuang/data/gtdb-r207/genomes_all/GCF_001439665.1.fna
GCA_017464285.1	GCA_017446025.1	0.8-0.85	p__Bacteroidota	0.8437	/lustre1/g/aos_shihuang/data/gtdb-r207/genomes_all/GCA_017464285.1.fna	/lustre1/g/aos_shihuang/data/gtdb-r207/genomes_all/GCA_017446025.1.fna
GCF_000943555.1	GCF_000943565.1	0.8-0.85	p__Bacteroidota	0.8307	/lustre1/g/aos_shihuang/data/gtdb-r207/genomes_all/GCF_000943555.1.fna	/lustre1/g/aos_shihuang/data/gtdb-r207/genomes_all/GCF_000943565.1.fna
GCA_016868875.1	GCA_005799025.1	0.8-0.85	p__Bacteroidota	0.8405	/lustre1/g/aos_shihuang/data/gtdb-r207/genomes_all/GCA_016868875.1.fna	/lustre1/g/aos_shihuang/data/gtdb-r207/genomes_all/GCA_005799025.1.fna
GCA_002381125.1	GCA_002305015.1	0.8-0.85	p__Bacteroidota	0.8315	/lustre1/g/aos_shihuang/data/gtdb-r207/genomes_all/GCA_002381125.1.fna	/lustre1/g/aos_shihuang/data/gtdb-r207/genomes_all/GCA_002305015.1.fna
GCA_009926405.1	GCA_903856555.1	0.8-0.85	p__Bacteroidota	0.8483	/lustre1/g/aos_shihuang/data/gtdb-r207/genomes_all/GCA_009926405.1.fna	/lustre1/g/aos_shihuang/data/gtdb-r207/genomes_all/GCA_903856555.1.fna
GCA_002389465.1	GCA_003648625.1	0.8-0.85	p__Bacteroidota	0.8447	/lustre1/g/aos_shihuang/data/gtdb-r207/genomes_all/GCA_002389465.1.fna	/lustre1/g/aos_shihuang/data/gtdb-r207/genomes_all/GCA_003648625.1.fna
GCA_002366675.1	GCF_003148645.1	0.8-0.85	p__Bacteroidota	0.8470	/lustre1/g/aos_shihuang/data/gtdb-r207/genomes_all/GCA_002366675.1.fna	/lustre1/g/aos_shihuang/data/gtdb-r207/genomes_all/GCF_003148645.1.fna
GCA_002171975.2	GCA_002696965.1	0.8-0.85	p__Bacteroidota	0.8225	/lustre1/g/aos_shihuang/data/gtdb-r207/genomes_all/GCA_002171975.2.fna	/lustre1/g/aos_shihuang/data/gtdb-r207/genomes_all/GCA_002696965.1.fna
GCF_004115975.1	GCF_014062315.1	0.8-0.85	p__Bacteroidota	0.8219	/lustre1/g/aos_shihuang/data/gtdb-r207/genomes_all/GCF_004115975.1.fna	/lustre1/g/aos_shihuang/data/gtdb-r207/genomes_all/GCF_014062315.1.fna
GCA_014376445.1	GCA_014378525.1	0.8-0.85	p__Bdellovibrionota	0.8499	/lustre1/g/aos_shihuang/data/gtdb-r207/genomes_all/GCA_014376445.1.fna	/lustre1/g/aos_shihuang/data/gtdb-r207/genomes_all/GCA_014378525.1.fna
GCA_001770015.1	GCA_001769975.1	0.8-0.85	p__Bdellovibrionota	0.8305	/lustre1/g/aos_shihuang/data/gtdb-r207/genomes_all/GCA_001770015.1.fna	/lustre1/g/aos_shihuang/data/gtdb-r207/genomes_all/GCA_001769975.1.fna
GCA_002715375.1	GCA_002474345.1	0.8-0.85	p__Bdellovibrionota	0.8366	/lustre1/g/aos_shihuang/data/gtdb-r207/genomes_all/GCA_002715375.1.fna	/lustre1/g/aos_shihuang/data/gtdb-r207/genomes_all/GCA_002474345.1.fna
GCA_903871855.1	GCF_003570935.1	0.8-0.85	p__Caldisericota	0.8470	/lustre1/g/aos_shihuang/data/gtdb-r207/genomes_all/GCA_903871855.1.fna	/lustre1/g/aos_shihuang/data/gtdb-r207/genomes_all/GCF_003570935.1.fna
GCA_004116455.1	GCF_004116625.1	0.8-0.85	p__Campylobacterota	0.8460	/lustre1/g/aos_shihuang/data/gtdb-r207/genomes_all/GCA_004116455.1.fna	/lustre1/g/aos_shihuang/data/gtdb-r207/genomes_all/GCF_004116625.1.fna
GCF_000277405.1	GCF_000259275.1	0.8-0.85	p__Campylobacterota	0.8231	/lustre1/g/aos_shihuang/data/gtdb-r207/genomes_all/GCF_000277405.1.fna	/lustre1/g/aos_shihuang/data/gtdb-r207/genomes_all/GCF_000259275.1.fna
GCF_000024885.1	GCF_000265295.1	0.8-0.85	p__Campylobacterota	0.8314	/lustre1/g/aos_shihuang/data/gtdb-r207/genomes_all/GCF_000024885.1.fna	/lustre1/g/aos_shihuang/data/gtdb-r207/genomes_all/GCF_000265295.1.fna
GCF_000259275.1	GCF_900461455.1	0.8-0.85	p__Campylobacterota	0.8244	/lustre1/g/aos_shihuang/data/gtdb-r207/genomes_all/GCF_000259275.1.fna	/lustre1/g/aos_shihuang/data/gtdb-r207/genomes_all/GCF_900461455.1.fna
GCF_003544935.1	GCF_003544855.1	0.8-0.85	p__Campylobacterota	0.8282	/lustre1/g/aos_shihuang/data/gtdb-r207/genomes_all/GCF_003544935.1.fna	/lustre1/g/aos_shihuang/data/gtdb-r207/genomes_all/GCF_003544855.1.fna
GCF_002272925.1	GCF_002272875.1	0.8-0.85	p__Campylobacterota	0.8399	/lustre1/g/aos_shihuang/data/gtdb-r207/genomes_all/GCF_002272925.1.fna	/lustre1/g/aos_shihuang/data/gtdb-r207/genomes_all/GCF_002272875.1.fna
GCF_013177675.1	GCF_013201935.1	0.8-0.85	p__Campylobacterota	0.8288	/lustre1/g/aos_shihuang/data/gtdb-r207/genomes_all/GCF_013177675.1.fna	/lustre1/g/aos_shihuang/data/gtdb-r207/genomes_all/GCF_013201935.1.fna
GCF_004006315.1	GCF_000021725.1	0.8-0.85	p__Campylobacterota	0.8455	/lustre1/g/aos_shihuang/data/gtdb-r207/genomes_all/GCF_004006315.1.fna	/lustre1/g/aos_shihuang/data/gtdb-r207/genomes_all/GCF_000021725.1.fna
GCA_002869535.1	GCF_000092245.1	0.8-0.85	p__Campylobacterota	0.8497	/lustre1/g/aos_shihuang/data/gtdb-r207/genomes_all/GCA_002869535.1.fna	/lustre1/g/aos_shihuang/data/gtdb-r207/genomes_all/GCF_000092245.1.fna
GCA_015488995.1	GCA_015485845.1	0.8-0.85	p__Campylobacterota	0.8454	/lustre1/g/aos_shihuang/data/gtdb-r207/genomes_all/GCA_015488995.1.fna	/lustre1/g/aos_shihuang/data/gtdb-r207/genomes_all/GCA_015485845.1.fna
GCA_004116725.1	GCF_003346775.1	0.8-0.85	p__Campylobacterota	0.8186	/lustre1/g/aos_shihuang/data/gtdb-r207/genomes_all/GCA_004116725.1.fna	/lustre1/g/aos_shihuang/data/gtdb-r207/genomes_all/GCF_003346775.1.fna
GCA_011065175.1	GCA_011064875.1	0.8-0.85	p__Chlamydiota	0.8389	/lustre1/g/aos_shihuang/data/gtdb-r207/genomes_all/GCA_011065175.1.fna	/lustre1/g/aos_shihuang/data/gtdb-r207/genomes_all/GCA_011064875.1.fna
GCA_011065175.1	GCA_011065045.1	0.8-0.85	p__Chlamydiota	0.8336	/lustre1/g/aos_shihuang/data/gtdb-r207/genomes_all/GCA_011065175.1.fna	/lustre1/g/aos_shihuang/data/gtdb-r207/genomes_all/GCA_011065045.1.fna
GCF_000012125.1	GCF_900169085.1	0.8-0.85	p__Chlamydiota	0.8139	/lustre1/g/aos_shihuang/data/gtdb-r207/genomes_all/GCF_000012125.1.fna	/lustre1/g/aos_shihuang/data/gtdb-r207/genomes_all/GCF_900169085.1.fna
GCA_003577245.1	GCA_015075555.1	0.8-0.85	p__Chloroflexota	0.8284	/lustre1/g/aos_shihuang/data/gtdb-r207/genomes_all/GCA_003577245.1.fna	/lustre1/g/aos_shihuang/data/gtdb-r207/genomes_all/GCA_015075555.1.fna
GCA_002719675.1	GCA_009392295.1	0.8-0.85	p__Chloroflexota	0.8375	/lustre1/g/aos_shihuang/data/gtdb-r207/genomes_all/GCA_002719675.1.fna	/lustre1/g/aos_shihuang/data/gtdb-r207/genomes_all/GCA_009392295.1.fna
GCA_002898215.1	GCA_011048275.1	0.8-0.85	p__Chloroflexota	0.8230	/lustre1/g/aos_shihuang/data/gtdb-r207/genomes_all/GCA_002898215.1.fna	/lustre1/g/aos_shihuang/data/gtdb-r207/genomes_all/GCA_011048275.1.fna
GCA_013112725.1	GCA_014584575.1	0.8-0.85	p__Chloroflexota	0.8416	/lustre1/g/aos_shihuang/data/gtdb-r207/genomes_all/GCA_013112725.1.fna	/lustre1/g/aos_shihuang/data/gtdb-r207/genomes_all/GCA_014584575.1.fna
GCA_003130875.1	GCA_011362805.1	0.8-0.85	p__Chloroflexota	0.8391	/lustre1/g/aos_shihuang/data/gtdb-r207/genomes_all/GCA_003130875.1.fna	/lustre1/g/aos_shihuang/data/gtdb-r207/genomes_all/GCA_011362805.1.fna
GCA_002412595.1	GCF_003966975.1	0.8-0.85	p__Chloroflexota	0.8184	/lustre1/g/aos_shihuang/data/gtdb-r207/genomes_all/GCA_002412595.1.fna	/lustre1/g/aos_shihuang/data/gtdb-r207/genomes_all/GCF_003966975.1.fna
GCA_011191975.1	GCA_016932435.1	0.8-0.85	p__Chloroflexota	0.8223	/lustre1/g/aos_shihuang/data/gtdb-r207/genomes_all/GCA_011191975.1.fna	/lustre1/g/aos_shihuang/data/gtdb-r207/genomes_all/GCA_016932435.1.fna
GCA_008373165.1	GCA_002725925.1	0.8-0.85	p__Chloroflexota	0.8264	/lustre1/g/aos_shihuang/data/gtdb-r207/genomes_all/GCA_008373165.1.fna	/lustre1/g/aos_shihuang/data/gtdb-r207/genomes_all/GCA_002725925.1.fna
GCA_002718395.1	GCA_002710905.1	0.8-0.85	p__Chloroflexota	0.8491	/lustre1/g/aos_shihuang/data/gtdb-r207/genomes_all/GCA_002718395.1.fna	/lustre1/g/aos_shihuang/data/gtdb-r207/genomes_all/GCA_002710905.1.fna
GCA_905614375.1	GCA_018649665.1	0.8-0.85	p__Chloroflexota	0.8447	/lustre1/g/aos_shihuang/data/gtdb-r207/genomes_all/GCA_905614375.1.fna	/lustre1/g/aos_shihuang/data/gtdb-r207/genomes_all/GCA_018649665.1.fna
GCA_014874475.1	GCA_014360895.1	0.8-0.85	p__Chloroflexota	0.8437	/lustre1/g/aos_shihuang/data/gtdb-r207/genomes_all/GCA_014874475.1.fna	/lustre1/g/aos_shihuang/data/gtdb-r207/genomes_all/GCA_014360895.1.fna
GCA_005880575.1	GCA_005883775.1	0.8-0.85	p__Chloroflexota	0.8411	/lustre1/g/aos_shihuang/data/gtdb-r207/genomes_all/GCA_005880575.1.fna	/lustre1/g/aos_shihuang/data/gtdb-r207/genomes_all/GCA_005883775.1.fna
GCA_016875875.1	GCA_001795315.1	0.8-0.85	p__Chloroflexota	0.8454	/lustre1/g/aos_shihuang/data/gtdb-r207/genomes_all/GCA_016875875.1.fna	/lustre1/g/aos_shihuang/data/gtdb-r207/genomes_all/GCA_001795315.1.fna
GCA_002712125.1	GCA_002708145.1	0.8-0.85	p__Chloroflexota	0.8178	/lustre1/g/aos_shihuang/data/gtdb-r207/genomes_all/GCA_002712125.1.fna	/lustre1/g/aos_shihuang/data/gtdb-r207/genomes_all/GCA_002708145.1.fna
GCA_016930185.1	GCA_016926705.1	0.8-0.85	p__Chloroflexota	0.8494	/lustre1/g/aos_shihuang/data/gtdb-r207/genomes_all/GCA_016930185.1.fna	/lustre1/g/aos_shihuang/data/gtdb-r207/genomes_all/GCA_016926705.1.fna
GCA_001567485.1	GCA_016716525.1	0.8-0.85	p__Chloroflexota	0.8438	/lustre1/g/aos_shihuang/data/gtdb-r207/genomes_all/GCA_001567485.1.fna	/lustre1/g/aos_shihuang/data/gtdb-r207/genomes_all/GCA_016716525.1.fna
GCA_012728875.1	GCA_012522635.1	0.8-0.85	p__Cloacimonadota	0.8479	/lustre1/g/aos_shihuang/data/gtdb-r207/genomes_all/GCA_012728875.1.fna	/lustre1/g/aos_shihuang/data/gtdb-r207/genomes_all/GCA_012522635.1.fna
GCF_016807185.1	GCA_003249025.1	0.8-0.85	p__Cyanobacteria	0.8369	/lustre1/g/aos_shihuang/data/gtdb-r207/genomes_all/GCF_016807185.1.fna	/lustre1/g/aos_shihuang/data/gtdb-r207/genomes_all/GCA_003249025.1.fna
GCF_014697425.1	GCF_014697475.1	0.8-0.85	p__Cyanobacteria	0.8409	/lustre1/g/aos_shihuang/data/gtdb-r207/genomes_all/GCF_014697425.1.fna	/lustre1/g/aos_shihuang/data/gtdb-r207/genomes_all/GCF_014697475.1.fna
GCA_003212515.1	GCA_003279445.1	0.8-0.85	p__Cyanobacteria	0.8326	/lustre1/g/aos_shihuang/data/gtdb-r207/genomes_all/GCA_003212515.1.fna	/lustre1/g/aos_shihuang/data/gtdb-r207/genomes_all/GCA_003279445.1.fna
GCF_003007785.1	GCF_017312365.1	0.8-0.85	p__Cyanobacteria	0.8377	/lustre1/g/aos_shihuang/data/gtdb-r207/genomes_all/GCF_003007785.1.fna	/lustre1/g/aos_shihuang/data/gtdb-r207/genomes_all/GCF_017312365.1.fna
GCF_001637315.1	GCF_009846485.1	0.8-0.85	p__Cyanobacteria	0.8461	/lustre1/g/aos_shihuang/data/gtdb-r207/genomes_all/GCF_001637315.1.fna	/lustre1/g/aos_shihuang/data/gtdb-r207/genomes_all/GCF_009846485.1.fna
GCF_000317225.1	GCF_000317245.1	0.8-0.85	p__Cyanobacteria	0.8444	/lustre1/g/aos_shihuang/data/gtdb-r207/genomes_all/GCF_000317225.1.fna	/lustre1/g/aos_shihuang/data/gtdb-r207/genomes_all/GCF_000317245.1.fna
GCF_000025125.1	GCA_000737945.1	0.8-0.85	p__Cyanobacteria	0.8370	/lustre1/g/aos_shihuang/data/gtdb-r207/genomes_all/GCF_000025125.1.fna	/lustre1/g/aos_shihuang/data/gtdb-r207/genomes_all/GCA_000737945.1.fna
GCA_003216835.1	GCA_003279015.1	0.8-0.85	p__Cyanobacteria	0.8336	/lustre1/g/aos_shihuang/data/gtdb-r207/genomes_all/GCA_003216835.1.fna	/lustre1/g/aos_shihuang/data/gtdb-r207/genomes_all/GCA_003279015.1.fna
GCA_002168155.1	GCA_002470305.1	0.8-0.85	p__Cyanobacteria	0.8269	/lustre1/g/aos_shihuang/data/gtdb-r207/genomes_all/GCA_002168155.1.fna	/lustre1/g/aos_shihuang/data/gtdb-r207/genomes_all/GCA_002470305.1.fna
GCF_003846445.1	GCF_000010065.1	0.8-0.85	p__Cyanobacteria	0.8444	/lustre1/g/aos_shihuang/data/gtdb-r207/genomes_all/GCF_003846445.1.fna	/lustre1/g/aos_shihuang/data/gtdb-r207/genomes_all/GCF_000010065.1.fna
GCF_001548435.1	GCF_001485215.1	0.8-0.85	p__Cyanobacteria	0.8337	/lustre1/g/aos_shihuang/data/gtdb-r207/genomes_all/GCF_001548435.1.fna	/lustre1/g/aos_shihuang/data/gtdb-r207/genomes_all/GCF_001485215.1.fna
GCF_015840335.1	GCA_016882385.1	0.8-0.85	p__Cyanobacteria	0.8425	/lustre1/g/aos_shihuang/data/gtdb-r207/genomes_all/GCF_015840335.1.fna	/lustre1/g/aos_shihuang/data/gtdb-r207/genomes_all/GCA_016882385.1.fna
GCA_003215795.1	GCA_003212515.1	0.8-0.85	p__Cyanobacteria	0.8264	/lustre1/g/aos_shihuang/data/gtdb-r207/genomes_all/GCA_003215795.1.fna	/lustre1/g/aos_shihuang/data/gtdb-r207/genomes_all/GCA_003212515.1.fna
GCF_004323185.1	GCF_000317225.1	0.8-0.85	p__Cyanobacteria	0.8366	/lustre1/g/aos_shihuang/data/gtdb-r207/genomes_all/GCF_004323185.1.fna	/lustre1/g/aos_shihuang/data/gtdb-r207/genomes_all/GCF_000317225.1.fna
GCF_012912105.1	GCF_000828085.3	0.8-0.85	p__Cyanobacteria	0.8475	/lustre1/g/aos_shihuang/data/gtdb-r207/genomes_all/GCF_012912105.1.fna	/lustre1/g/aos_shihuang/data/gtdb-r207/genomes_all/GCF_000828085.3.fna
GCA_003277985.1	GCA_902564695.1	0.8-0.85	p__Cyanobacteria	0.8375	/lustre1/g/aos_shihuang/data/gtdb-r207/genomes_all/GCA_003277985.1.fna	/lustre1/g/aos_shihuang/data/gtdb-r207/genomes_all/GCA_902564695.1.fna
GCF_900009275.2	GCA_903893625.1	0.8-0.85	p__Cyanobacteria	0.8473	/lustre1/g/aos_shihuang/data/gtdb-r207/genomes_all/GCF_900009275.2.fna	/lustre1/g/aos_shihuang/data/gtdb-r207/genomes_all/GCA_903893625.1.fna
GCF_001597745.1	GCF_000316645.1	0.8-0.85	p__Cyanobacteria	0.8406	/lustre1/g/aos_shihuang/data/gtdb-r207/genomes_all/GCF_001597745.1.fna	/lustre1/g/aos_shihuang/data/gtdb-r207/genomes_all/GCF_000316645.1.fna
GCA_019116905.1	GCA_910586745.1	0.8-0.85	p__Deferribacterota	0.8442	/lustre1/g/aos_shihuang/data/gtdb-r207/genomes_all/GCA_019116905.1.fna	/lustre1/g/aos_shihuang/data/gtdb-r207/genomes_all/GCA_910586745.1.fna
GCA_001603805.1	GCF_004087915.1	0.8-0.85	p__Deferribacterota	0.8152	/lustre1/g/aos_shihuang/data/gtdb-r207/genomes_all/GCA_001603805.1.fna	/lustre1/g/aos_shihuang/data/gtdb-r207/genomes_all/GCF_004087915.1.fna
GCF_003426945.1	GCA_002355995.1	0.8-0.85	p__Deinococcota	0.8476	/lustre1/g/aos_shihuang/data/gtdb-r207/genomes_all/GCF_003426945.1.fna	/lustre1/g/aos_shihuang/data/gtdb-r207/genomes_all/GCA_002355995.1.fna
GCA_015488545.1	GCA_015490435.1	0.8-0.85	p__Deinococcota	0.8331	/lustre1/g/aos_shihuang/data/gtdb-r207/genomes_all/GCA_015488545.1.fna	/lustre1/g/aos_shihuang/data/gtdb-r207/genomes_all/GCA_015490435.1.fna
GCF_000091545.1	GCF_004307015.1	0.8-0.85	p__Deinococcota	0.8372	/lustre1/g/aos_shihuang/data/gtdb-r207/genomes_all/GCF_000091545.1.fna	/lustre1/g/aos_shihuang/data/gtdb-r207/genomes_all/GCF_004307015.1.fna
GCF_000794385.1	GCF_002964845.1	0.8-0.85	p__Deinococcota	0.8428	/lustre1/g/aos_shihuang/data/gtdb-r207/genomes_all/GCF_000794385.1.fna	/lustre1/g/aos_shihuang/data/gtdb-r207/genomes_all/GCF_002964845.1.fna
GCF_013389365.1	GCF_000745975.1	0.8-0.85	p__Desulfobacterota	0.8421	/lustre1/g/aos_shihuang/data/gtdb-r207/genomes_all/GCF_013389365.1.fna	/lustre1/g/aos_shihuang/data/gtdb-r207/genomes_all/GCF_000745975.1.fna
GCF_008330225.1	GCA_003151775.1	0.8-0.85	p__Desulfobacterota	0.8406	/lustre1/g/aos_shihuang/data/gtdb-r207/genomes_all/GCF_008330225.1.fna	/lustre1/g/aos_shihuang/data/gtdb-r207/genomes_all/GCA_003151775.1.fna
GCA_903869265.1	GCA_002841785.1	0.8-0.85	p__Desulfobacterota	0.8462	/lustre1/g/aos_shihuang/data/gtdb-r207/genomes_all/GCA_903869265.1.fna	/lustre1/g/aos_shihuang/data/gtdb-r207/genomes_all/GCA_002841785.1.fna
GCF_004917065.1	GCF_016458305.1	0.8-0.85	p__Desulfobacterota	0.8369	/lustre1/g/aos_shihuang/data/gtdb-r207/genomes_all/GCF_004917065.1.fna	/lustre1/g/aos_shihuang/data/gtdb-r207/genomes_all/GCF_016458305.1.fna
GCA_002747145.1	GCF_000373985.1	0.8-0.85	p__Desulfobacterota	0.8379	/lustre1/g/aos_shihuang/data/gtdb-r207/genomes_all/GCA_002747145.1.fna	/lustre1/g/aos_shihuang/data/gtdb-r207/genomes_all/GCF_000373985.1.fna
GCA_903869265.1	GCA_001799285.1	0.8-0.85	p__Desulfobacterota	0.8232	/lustre1/g/aos_shihuang/data/gtdb-r207/genomes_all/GCA_903869265.1.fna	/lustre1/g/aos_shihuang/data/gtdb-r207/genomes_all/GCA_001799285.1.fna
GCA_012728915.1	GCA_013177795.1	0.8-0.85	p__Desulfobacterota	0.8440	/lustre1/g/aos_shihuang/data/gtdb-r207/genomes_all/GCA_012728915.1.fna	/lustre1/g/aos_shihuang/data/gtdb-r207/genomes_all/GCA_013177795.1.fna
GCF_004917065.1	GCF_018986915.1	0.8-0.85	p__Desulfobacterota	0.8359	/lustre1/g/aos_shihuang/data/gtdb-r207/genomes_all/GCF_004917065.1.fna	/lustre1/g/aos_shihuang/data/gtdb-r207/genomes_all/GCF_018986915.1.fna
GCF_000175115.2	GCF_016458305.1	0.8-0.85	p__Desulfobacterota	0.8487	/lustre1/g/aos_shihuang/data/gtdb-r207/genomes_all/GCF_000175115.2.fna	/lustre1/g/aos_shihuang/data/gtdb-r207/genomes_all/GCF_016458305.1.fna
GCF_013389365.1	GCF_000373985.1	0.8-0.85	p__Desulfobacterota	0.8411	/lustre1/g/aos_shihuang/data/gtdb-r207/genomes_all/GCF_013389365.1.fna	/lustre1/g/aos_shihuang/data/gtdb-r207/genomes_all/GCF_000373985.1.fna
GCA_005774545.1	GCA_012026975.1	0.8-0.85	p__Desulfobacterota	0.8312	/lustre1/g/aos_shihuang/data/gtdb-r207/genomes_all/GCA_005774545.1.fna	/lustre1/g/aos_shihuang/data/gtdb-r207/genomes_all/GCA_012026975.1.fna
GCA_002419215.1	GCA_018053845.1	0.8-0.85	p__Desulfobacterota	0.8378	/lustre1/g/aos_shihuang/data/gtdb-r207/genomes_all/GCA_002419215.1.fna	/lustre1/g/aos_shihuang/data/gtdb-r207/genomes_all/GCA_018053845.1.fna
GCA_003574885.1	GCF_018476905.1	0.8-0.85	p__Desulfobacterota	0.8279	/lustre1/g/aos_shihuang/data/gtdb-r207/genomes_all/GCA_003574885.1.fna	/lustre1/g/aos_shihuang/data/gtdb-r207/genomes_all/GCF_018476905.1.fna
GCA_011046855.1	GCA_003712145.1	0.8-0.85	p__Desulfobacterota	0.8297	/lustre1/g/aos_shihuang/data/gtdb-r207/genomes_all/GCA_011046855.1.fna	/lustre1/g/aos_shihuang/data/gtdb-r207/genomes_all/GCA_003712145.1.fna
GCA_001797465.1	GCA_016182655.1	0.8-0.85	p__Desulfobacterota	0.8481	/lustre1/g/aos_shihuang/data/gtdb-r207/genomes_all/GCA_001797465.1.fna	/lustre1/g/aos_shihuang/data/gtdb-r207/genomes_all/GCA_016182655.1.fna
GCA_002869015.1	GCA_002869005.1	0.8-0.85	p__Desulfobacterota_C	0.8192	/lustre1/g/aos_shihuang/data/gtdb-r207/genomes_all/GCA_002869015.1.fna	/lustre1/g/aos_shihuang/data/gtdb-r207/genomes_all/GCA_002869005.1.fna
GCA_003105225.1	GCA_001798885.1	0.8-0.85	p__Desulfobacterota_E	0.8349	/lustre1/g/aos_shihuang/data/gtdb-r207/genomes_all/GCA_003105225.1.fna	/lustre1/g/aos_shihuang/data/gtdb-r207/genomes_all/GCA_001798885.1.fna
GCA_002067165.1	GCA_002067475.1	0.8-0.85	p__Desulfobacterota_G	0.8375	/lustre1/g/aos_shihuang/data/gtdb-r207/genomes_all/GCA_002067165.1.fna	/lustre1/g/aos_shihuang/data/gtdb-r207/genomes_all/GCA_002067475.1.fna
GCF_009914765.1	GCF_900129975.1	0.8-0.85	p__Desulfobacterota_I	0.8376	/lustre1/g/aos_shihuang/data/gtdb-r207/genomes_all/GCF_009914765.1.fna	/lustre1/g/aos_shihuang/data/gtdb-r207/genomes_all/GCF_900129975.1.fna
GCF_001936595.1	GCA_000307955.1	0.8-0.85	p__Desulfobacterota_I	0.8462	/lustre1/g/aos_shihuang/data/gtdb-r207/genomes_all/GCF_001936595.1.fna	/lustre1/g/aos_shihuang/data/gtdb-r207/genomes_all/GCA_000307955.1.fna
GCF_013376475.1	GCF_013376455.1	0.8-0.85	p__Desulfobacterota_I	0.8351	/lustre1/g/aos_shihuang/data/gtdb-r207/genomes_all/GCF_013376475.1.fna	/lustre1/g/aos_shihuang/data/gtdb-r207/genomes_all/GCF_013376455.1.fna
GCF_000020965.1	GCF_000021645.1	0.8-0.85	p__Dictyoglomota	0.8190	/lustre1/g/aos_shihuang/data/gtdb-r207/genomes_all/GCF_000020965.1.fna	/lustre1/g/aos_shihuang/data/gtdb-r207/genomes_all/GCF_000021645.1.fna
GCA_003135895.1	GCA_003162415.1	0.8-0.85	p__Dormibacterota	0.8338	/lustre1/g/aos_shihuang/data/gtdb-r207/genomes_all/GCA_003135895.1.fna	/lustre1/g/aos_shihuang/data/gtdb-r207/genomes_all/GCA_003162415.1.fna
GCA_003132805.1	GCA_003131685.1	0.8-0.85	p__Dormibacterota	0.8316	/lustre1/g/aos_shihuang/data/gtdb-r207/genomes_all/GCA_003132805.1.fna	/lustre1/g/aos_shihuang/data/gtdb-r207/genomes_all/GCA_003131685.1.fna
GCA_001799715.1	GCA_001799845.1	0.8-0.85	p__Elusimicrobiota	0.8282	/lustre1/g/aos_shihuang/data/gtdb-r207/genomes_all/GCA_001799715.1.fna	/lustre1/g/aos_shihuang/data/gtdb-r207/genomes_all/GCA_001799845.1.fna
GCA_002311025.1	GCA_017417005.1	0.8-0.85	p__Elusimicrobiota	0.8480	/lustre1/g/aos_shihuang/data/gtdb-r207/genomes_all/GCA_002311025.1.fna	/lustre1/g/aos_shihuang/data/gtdb-r207/genomes_all/GCA_017417005.1.fna
GCA_009773155.1	GCA_019135865.1	0.8-0.85	p__Elusimicrobiota	0.8466	/lustre1/g/aos_shihuang/data/gtdb-r207/genomes_all/GCA_009773155.1.fna	/lustre1/g/aos_shihuang/data/gtdb-r207/genomes_all/GCA_019135865.1.fna
GCA_002402375.1	GCA_016218625.1	0.8-0.85	p__Elusimicrobiota	0.8482	/lustre1/g/aos_shihuang/data/gtdb-r207/genomes_all/GCA_002402375.1.fna	/lustre1/g/aos_shihuang/data/gtdb-r207/genomes_all/GCA_016218625.1.fna
GCA_003151115.1	GCA_013036095.1	0.8-0.85	p__Eremiobacterota	0.8306	/lustre1/g/aos_shihuang/data/gtdb-r207/genomes_all/GCA_003151115.1.fna	/lustre1/g/aos_shihuang/data/gtdb-r207/genomes_all/GCA_013036095.1.fna
GCF_002797675.1	GCA_017959225.1	0.8-0.85	p__Fibrobacterota	0.8365	/lustre1/g/aos_shihuang/data/gtdb-r207/genomes_all/GCF_002797675.1.fna	/lustre1/g/aos_shihuang/data/gtdb-r207/genomes_all/GCA_017959225.1.fna
GCA_903861835.1	GCA_903915125.1	0.8-0.85	p__Firestonebacteria	0.8425	/lustre1/g/aos_shihuang/data/gtdb-r207/genomes_all/GCA_903861835.1.fna	/lustre1/g/aos_shihuang/data/gtdb-r207/genomes_all/GCA_903915125.1.fna
GCF_000739975.1	GCF_016027715.1	0.8-0.85	p__Firmicutes	0.8374	/lustre1/g/aos_shihuang/data/gtdb-r207/genomes_all/GCF_000739975.1.fna	/lustre1/g/aos_shihuang/data/gtdb-r207/genomes_all/GCF_016027715.1.fna
GCA_002493865.1	GCA_910584255.1	0.8-0.85	p__Firmicutes	0.8349	/lustre1/g/aos_shihuang/data/gtdb-r207/genomes_all/GCA_002493865.1.fna	/lustre1/g/aos_shihuang/data/gtdb-r207/genomes_all/GCA_910584255.1.fna
GCF_000380245.2	GCF_016908835.1	0.8-0.85	p__Firmicutes	0.8390	/lustre1/g/aos_shihuang/data/gtdb-r207/genomes_all/GCF_000380245.2.fna	/lustre1/g/aos_shihuang/data/gtdb-r207/genomes_all/GCF_016908835.1.fna
GCF_001274945.1	GCF_002813185.1	0.8-0.85	p__Firmicutes	0.8497	/lustre1/g/aos_shihuang/data/gtdb-r207/genomes_all/GCF_001274945.1.fna	/lustre1/g/aos_shihuang/data/gtdb-r207/genomes_all/GCF_002813185.1.fna
GCF_900168685.1	GCF_014836905.1	0.8-0.85	p__Firmicutes	0.8319	/lustre1/g/aos_shihuang/data/gtdb-r207/genomes_all/GCF_900168685.1.fna	/lustre1/g/aos_shihuang/data/gtdb-r207/genomes_all/GCF_014836905.1.fna
GCF_001570745.1	GCF_900156755.1	0.8-0.85	p__Firmicutes	0.8258	/lustre1/g/aos_shihuang/data/gtdb-r207/genomes_all/GCF_001570745.1.fna	/lustre1/g/aos_shihuang/data/gtdb-r207/genomes_all/GCF_900156755.1.fna
GCF_000238995.1	GCF_000200735.1	0.8-0.85	p__Firmicutes	0.8378	/lustre1/g/aos_shihuang/data/gtdb-r207/genomes_all/GCF_000238995.1.fna	/lustre1/g/aos_shihuang/data/gtdb-r207/genomes_all/GCF_000200735.1.fna
GCF_000407445.1	GCF_002141365.1	0.8-0.85	p__Firmicutes	0.8366	/lustre1/g/aos_shihuang/data/gtdb-r207/genomes_all/GCF_000407445.1.fna	/lustre1/g/aos_shihuang/data/gtdb-r207/genomes_all/GCF_002141365.1.fna
GCA_019119225.1	GCF_001696685.1	0.8-0.85	p__Firmicutes	0.8369	/lustre1/g/aos_shihuang/data/gtdb-r207/genomes_all/GCA_019119225.1.fna	/lustre1/g/aos_shihuang/data/gtdb-r207/genomes_all/GCF_001696685.1.fna
GCF_002804245.1	GCF_002804105.1	0.8-0.85	p__Firmicutes	0.8497	/lustre1/g/aos_shihuang/data/gtdb-r207/genomes_all/GCF_002804245.1.fna	/lustre1/g/aos_shihuang/data/gtdb-r207/genomes_all/GCF_002804105.1.fna
GCF_002441885.1	GCF_002260845.1	0.8-0.85	p__Firmicutes	0.8257	/lustre1/g/aos_shihuang/data/gtdb-r207/genomes_all/GCF_002441885.1.fna	/lustre1/g/aos_shihuang/data/gtdb-r207/genomes_all/GCF_002260845.1.fna
GCA_904501845.1	GCF_001183965.1	0.8-0.85	p__Firmicutes	0.8443	/lustre1/g/aos_shihuang/data/gtdb-r207/genomes_all/GCA_904501845.1.fna	/lustre1/g/aos_shihuang/data/gtdb-r207/genomes_all/GCF_001183965.1.fna
GCA_001641225.1	GCA_001641205.1	0.8-0.85	p__Firmicutes	0.8465	/lustre1/g/aos_shihuang/data/gtdb-r207/genomes_all/GCA_001641225.1.fna	/lustre1/g/aos_shihuang/data/gtdb-r207/genomes_all/GCA_001641205.1.fna
GCF_001730295.1	GCF_017377505.1	0.8-0.85	p__Firmicutes	0.8366	/lustre1/g/aos_shihuang/data/gtdb-r207/genomes_all/GCF_001730295.1.fna	/lustre1/g/aos_shihuang/data/gtdb-r207/genomes_all/GCF_017377505.1.fna
GCF_900120005.1	GCF_000327285.1	0.8-0.85	p__Firmicutes	0.8269	/lustre1/g/aos_shihuang/data/gtdb-r207/genomes_all/GCF_900120005.1.fna	/lustre1/g/aos_shihuang/data/gtdb-r207/genomes_all/GCF_000327285.1.fna
GCF_004005475.1	GCA_011524565.1	0.8-0.85	p__Firmicutes	0.8401	/lustre1/g/aos_shihuang/data/gtdb-r207/genomes_all/GCF_004005475.1.fna	/lustre1/g/aos_shihuang/data/gtdb-r207/genomes_all/GCA_011524565.1.fna
GCF_006740705.1	GCF_003336365.1	0.8-0.85	p__Firmicutes	0.8397	/lustre1/g/aos_shihuang/data/gtdb-r207/genomes_all/GCF_006740705.1.fna	/lustre1/g/aos_shihuang/data/gtdb-r207/genomes_all/GCF_003336365.1.fna
GCA_017612805.1	GCA_016282415.1	0.8-0.85	p__Firmicutes	0.8369	/lustre1/g/aos_shihuang/data/gtdb-r207/genomes_all/GCA_017612805.1.fna	/lustre1/g/aos_shihuang/data/gtdb-r207/genomes_all/GCA_016282415.1.fna
GCA_900554305.1	GCA_900554315.1	0.8-0.85	p__Firmicutes	0.8214	/lustre1/g/aos_shihuang/data/gtdb-r207/genomes_all/GCA_900554305.1.fna	/lustre1/g/aos_shihuang/data/gtdb-r207/genomes_all/GCA_900554315.1.fna
GCA_900754115.1	GCA_000433015.1	0.8-0.85	p__Firmicutes	0.8270	/lustre1/g/aos_shihuang/data/gtdb-r207/genomes_all/GCA_900754115.1.fna	/lustre1/g/aos_shihuang/data/gtdb-r207/genomes_all/GCA_000433015.1.fna
GCF_907165215.1	GCA_002159085.1	0.8-0.85	p__Firmicutes	0.8486	/lustre1/g/aos_shihuang/data/gtdb-r207/genomes_all/GCF_907165215.1.fna	/lustre1/g/aos_shihuang/data/gtdb-r207/genomes_all/GCA_002159085.1.fna
GCF_001886495.1	GCF_001886855.1	0.8-0.85	p__Firmicutes	0.8265	/lustre1/g/aos_shihuang/data/gtdb-r207/genomes_all/GCF_001886495.1.fna	/lustre1/g/aos_shihuang/data/gtdb-r207/genomes_all/GCF_001886855.1.fna
GCF_000017425.1	GCF_000742895.1	0.8-0.85	p__Firmicutes	0.8455	/lustre1/g/aos_shihuang/data/gtdb-r207/genomes_all/GCF_000017425.1.fna	/lustre1/g/aos_shihuang/data/gtdb-r207/genomes_all/GCF_000742895.1.fna
GCF_002290085.1	GCF_000701525.1	0.8-0.85	p__Firmicutes	0.8428	/lustre1/g/aos_shihuang/data/gtdb-r207/genomes_all/GCF_002290085.1.fna	/lustre1/g/aos_shihuang/data/gtdb-r207/genomes_all/GCF_000701525.1.fna
GCA_000517385.1	GCF_012163115.1	0.8-0.85	p__Firmicutes	0.8484	/lustre1/g/aos_shihuang/data/gtdb-r207/genomes_all/GCA_000517385.1.fna	/lustre1/g/aos_shihuang/data/gtdb-r207/genomes_all/GCF_012163115.1.fna
GCF_000014445.1	GCF_008107645.1	0.8-0.85	p__Firmicutes	0.8364	/lustre1/g/aos_shihuang/data/gtdb-r207/genomes_all/GCF_000014445.1.fna	/lustre1/g/aos_shihuang/data/gtdb-r207/genomes_all/GCF_008107645.1.fna
GCF_002813185.1	GCF_001955655.1	0.8-0.85	p__Firmicutes	0.8457	/lustre1/g/aos_shihuang/data/gtdb-r207/genomes_all/GCF_002813185.1.fna	/lustre1/g/aos_shihuang/data/gtdb-r207/genomes_all/GCF_001955655.1.fna
GCF_008764245.1	GCF_017355205.1	0.8-0.85	p__Firmicutes	0.8368	/lustre1/g/aos_shihuang/data/gtdb-r207/genomes_all/GCF_008764245.1.fna	/lustre1/g/aos_shihuang/data/gtdb-r207/genomes_all/GCF_017355205.1.fna
GCA_017633835.1	GCA_017394375.1	0.8-0.85	p__Firmicutes	0.8487	/lustre1/g/aos_shihuang/data/gtdb-r207/genomes_all/GCA_017633835.1.fna	/lustre1/g/aos_shihuang/data/gtdb-r207/genomes_all/GCA_017394375.1.fna
GCA_002383695.1	GCA_002383285.1	0.8-0.85	p__Firmicutes	0.8401	/lustre1/g/aos_shihuang/data/gtdb-r207/genomes_all/GCA_002383695.1.fna	/lustre1/g/aos_shihuang/data/gtdb-r207/genomes_all/GCA_002383285.1.fna
GCA_016297695.1	GCA_902795845.1	0.8-0.85	p__Firmicutes	0.8456	/lustre1/g/aos_shihuang/data/gtdb-r207/genomes_all/GCA_016297695.1.fna	/lustre1/g/aos_shihuang/data/gtdb-r207/genomes_all/GCA_902795845.1.fna
GCF_016722965.1	GCF_000714935.1	0.8-0.85	p__Firmicutes	0.8353	/lustre1/g/aos_shihuang/data/gtdb-r207/genomes_all/GCF_016722965.1.fna	/lustre1/g/aos_shihuang/data/gtdb-r207/genomes_all/GCF_000714935.1.fna
GCF_014202595.1	GCF_001696685.1	0.8-0.85	p__Firmicutes	0.8371	/lustre1/g/aos_shihuang/data/gtdb-r207/genomes_all/GCF_014202595.1.fna	/lustre1/g/aos_shihuang/data/gtdb-r207/genomes_all/GCF_001696685.1.fna
GCA_017941235.1	GCA_002477275.1	0.8-0.85	p__Firmicutes	0.8315	/lustre1/g/aos_shihuang/data/gtdb-r207/genomes_all/GCA_017941235.1.fna	/lustre1/g/aos_shihuang/data/gtdb-r207/genomes_all/GCA_002477275.1.fna
GCA_001695645.1	GCF_004365815.1	0.8-0.85	p__Firmicutes	0.8427	/lustre1/g/aos_shihuang/data/gtdb-r207/genomes_all/GCA_001695645.1.fna	/lustre1/g/aos_shihuang/data/gtdb-r207/genomes_all/GCF_004365815.1.fna
GCF_010882125.1	GCF_003073175.1	0.8-0.85	p__Firmicutes	0.8366	/lustre1/g/aos_shihuang/data/gtdb-r207/genomes_all/GCF_010882125.1.fna	/lustre1/g/aos_shihuang/data/gtdb-r207/genomes_all/GCF_003073175.1.fna
GCA_003481775.1	GCA_017161075.1	0.8-0.85	p__Firmicutes	0.8398	/lustre1/g/aos_shihuang/data/gtdb-r207/genomes_all/GCA_003481775.1.fna	/lustre1/g/aos_shihuang/data/gtdb-r207/genomes_all/GCA_017161075.1.fna
GCF_000744285.1	GCF_000745125.1	0.8-0.85	p__Firmicutes	0.8440	/lustre1/g/aos_shihuang/data/gtdb-r207/genomes_all/GCF_000744285.1.fna	/lustre1/g/aos_shihuang/data/gtdb-r207/genomes_all/GCF_000745125.1.fna
GCF_014635565.1	GCF_903994035.1	0.8-0.85	p__Firmicutes	0.8421	/lustre1/g/aos_shihuang/data/gtdb-r207/genomes_all/GCF_014635565.1.fna	/lustre1/g/aos_shihuang/data/gtdb-r207/genomes_all/GCF_903994035.1.fna
GCF_000518725.1	GCF_002843565.1	0.8-0.85	p__Firmicutes	0.8472	/lustre1/g/aos_shihuang/data/gtdb-r207/genomes_all/GCF_000518725.1.fna	/lustre1/g/aos_shihuang/data/gtdb-r207/genomes_all/GCF_002843565.1.fna
GCF_001553085.1	GCA_015257355.1	0.8-0.85	p__Firmicutes_A	0.8442	/lustre1/g/aos_shihuang/data/gtdb-r207/genomes_all/GCF_001553085.1.fna	/lustre1/g/aos_shihuang/data/gtdb-r207/genomes_all/GCA_015257355.1.fna
GCF_002266425.1	GCF_900128955.1	0.8-0.85	p__Firmicutes_A	0.8283	/lustre1/g/aos_shihuang/data/gtdb-r207/genomes_all/GCF_002266425.1.fna	/lustre1/g/aos_shihuang/data/gtdb-r207/genomes_all/GCF_900128955.1.fna
GCA_904397895.1	GCF_015140235.1	0.8-0.85	p__Firmicutes_A	0.8419	/lustre1/g/aos_shihuang/data/gtdb-r207/genomes_all/GCA_904397895.1.fna	/lustre1/g/aos_shihuang/data/gtdb-r207/genomes_all/GCF_015140235.1.fna
GCF_009696605.1	GCA_000751555.1	0.8-0.85	p__Firmicutes_A	0.8272	/lustre1/g/aos_shihuang/data/gtdb-r207/genomes_all/GCF_009696605.1.fna	/lustre1/g/aos_shihuang/data/gtdb-r207/genomes_all/GCA_000751555.1.fna
GCF_014333445.1	GCA_902363255.1	0.8-0.85	p__Firmicutes_A	0.8461	/lustre1/g/aos_shihuang/data/gtdb-r207/genomes_all/GCF_014333445.1.fna	/lustre1/g/aos_shihuang/data/gtdb-r207/genomes_all/GCA_902363255.1.fna
GCA_012838125.1	GCA_012521555.1	0.8-0.85	p__Firmicutes_A	0.8293	/lustre1/g/aos_shihuang/data/gtdb-r207/genomes_all/GCA_012838125.1.fna	/lustre1/g/aos_shihuang/data/gtdb-r207/genomes_all/GCA_012521555.1.fna
GCF_002161085.1	GCF_900626285.1	0.8-0.85	p__Firmicutes_A	0.8481	/lustre1/g/aos_shihuang/data/gtdb-r207/genomes_all/GCF_002161085.1.fna	/lustre1/g/aos_shihuang/data/gtdb-r207/genomes_all/GCF_900626285.1.fna
GCA_002376545.1	GCF_900095305.1	0.8-0.85	p__Firmicutes_A	0.8247	/lustre1/g/aos_shihuang/data/gtdb-r207/genomes_all/GCA_002376545.1.fna	/lustre1/g/aos_shihuang/data/gtdb-r207/genomes_all/GCF_900095305.1.fna
GCF_008281175.1	GCF_017566055.1	0.8-0.85	p__Firmicutes_A	0.8299	/lustre1/g/aos_shihuang/data/gtdb-r207/genomes_all/GCF_008281175.1.fna	/lustre1/g/aos_shihuang/data/gtdb-r207/genomes_all/GCF_017566055.1.fna
GCF_001655775.1	GCA_017889345.1	0.8-0.85	p__Firmicutes_A	0.8293	/lustre1/g/aos_shihuang/data/gtdb-r207/genomes_all/GCF_001655775.1.fna	/lustre1/g/aos_shihuang/data/gtdb-r207/genomes_all/GCA_017889345.1.fna
GCA_012730095.1	GCA_001512485.1	0.8-0.85	p__Firmicutes_A	0.8483	/lustre1/g/aos_shihuang/data/gtdb-r207/genomes_all/GCA_012730095.1.fna	/lustre1/g/aos_shihuang/data/gtdb-r207/genomes_all/GCA_001512485.1.fna
GCA_017397955.1	GCA_015064945.1	0.8-0.85	p__Firmicutes_A	0.8462	/lustre1/g/aos_shihuang/data/gtdb-r207/genomes_all/GCA_017397955.1.fna	/lustre1/g/aos_shihuang/data/gtdb-r207/genomes_all/GCA_015064945.1.fna
GCA_015064255.1	GCA_017532425.1	0.8-0.85	p__Firmicutes_A	0.8358	/lustre1/g/aos_shihuang/data/gtdb-r207/genomes_all/GCA_015064255.1.fna	/lustre1/g/aos_shihuang/data/gtdb-r207/genomes_all/GCA_017532425.1.fna
GCF_904420205.1	GCA_900542005.1	0.8-0.85	p__Firmicutes_A	0.8454	/lustre1/g/aos_shihuang/data/gtdb-r207/genomes_all/GCF_904420205.1.fna	/lustre1/g/aos_shihuang/data/gtdb-r207/genomes_all/GCA_900542005.1.fna
GCA_015055975.1	GCA_016287155.1	0.8-0.85	p__Firmicutes_A	0.8455	/lustre1/g/aos_shihuang/data/gtdb-r207/genomes_all/GCA_015055975.1.fna	/lustre1/g/aos_shihuang/data/gtdb-r207/genomes_all/GCA_016287155.1.fna
GCF_014323405.1	GCF_012317385.1	0.8-0.85	p__Firmicutes_A	0.8437	/lustre1/g/aos_shihuang/data/gtdb-r207/genomes_all/GCF_014323405.1.fna	/lustre1/g/aos_shihuang/data/gtdb-r207/genomes_all/GCF_012317385.1.fna
GCA_015065865.1	GCA_015065885.1	0.8-0.85	p__Firmicutes_A	0.8334	/lustre1/g/aos_shihuang/data/gtdb-r207/genomes_all/GCA_015065865.1.fna	/lustre1/g/aos_shihuang/data/gtdb-r207/genomes_all/GCA_015065885.1.fna
GCF_001006285.1	GCF_015668515.1	0.8-0.85	p__Firmicutes_A	0.8460	/lustre1/g/aos_shihuang/data/gtdb-r207/genomes_all/GCF_001006285.1.fna	/lustre1/g/aos_shihuang/data/gtdb-r207/genomes_all/GCF_015668515.1.fna
GCA_012728365.1	GCA_012735405.1	0.8-0.85	p__Firmicutes_A	0.8496	/lustre1/g/aos_shihuang/data/gtdb-r207/genomes_all/GCA_012728365.1.fna	/lustre1/g/aos_shihuang/data/gtdb-r207/genomes_all/GCA_012735405.1.fna
GCA_017547245.1	GCA_017847995.1	0.8-0.85	p__Firmicutes_A	0.8435	/lustre1/g/aos_shihuang/data/gtdb-r207/genomes_all/GCA_017547245.1.fna	/lustre1/g/aos_shihuang/data/gtdb-r207/genomes_all/GCA_017847995.1.fna
GCA_017510725.1	GCA_017432075.1	0.8-0.85	p__Firmicutes_A	0.8448	/lustre1/g/aos_shihuang/data/gtdb-r207/genomes_all/GCA_017510725.1.fna	/lustre1/g/aos_shihuang/data/gtdb-r207/genomes_all/GCA_017432075.1.fna
GCA_017397765.1	GCA_015056325.1	0.8-0.85	p__Firmicutes_A	0.8483	/lustre1/g/aos_shihuang/data/gtdb-r207/genomes_all/GCA_017397765.1.fna	/lustre1/g/aos_shihuang/data/gtdb-r207/genomes_all/GCA_015056325.1.fna
GCA_017461985.1	GCA_017500745.1	0.8-0.85	p__Firmicutes_A	0.8359	/lustre1/g/aos_shihuang/data/gtdb-r207/genomes_all/GCA_017461985.1.fna	/lustre1/g/aos_shihuang/data/gtdb-r207/genomes_all/GCA_017500745.1.fna
GCF_014323405.1	GCA_900604495.1	0.8-0.85	p__Firmicutes_A	0.8425	/lustre1/g/aos_shihuang/data/gtdb-r207/genomes_all/GCF_014323405.1.fna	/lustre1/g/aos_shihuang/data/gtdb-r207/genomes_all/GCA_900604495.1.fna
GCA_910579155.1	GCA_910577525.1	0.8-0.85	p__Firmicutes_A	0.8422	/lustre1/g/aos_shihuang/data/gtdb-r207/genomes_all/GCA_910579155.1.fna	/lustre1/g/aos_shihuang/data/gtdb-r207/genomes_all/GCA_910577525.1.fna
GCA_902772845.1	GCA_002310055.1	0.8-0.85	p__Firmicutes_A	0.8367	/lustre1/g/aos_shihuang/data/gtdb-r207/genomes_all/GCA_902772845.1.fna	/lustre1/g/aos_shihuang/data/gtdb-r207/genomes_all/GCA_002310055.1.fna
GCF_018917235.1	GCF_000498755.1	0.8-0.85	p__Firmicutes_A	0.8383	/lustre1/g/aos_shihuang/data/gtdb-r207/genomes_all/GCF_018917235.1.fna	/lustre1/g/aos_shihuang/data/gtdb-r207/genomes_all/GCF_000498755.1.fna
GCA_900604495.1	GCF_012317385.1	0.8-0.85	p__Firmicutes_A	0.8489	/lustre1/g/aos_shihuang/data/gtdb-r207/genomes_all/GCA_900604495.1.fna	/lustre1/g/aos_shihuang/data/gtdb-r207/genomes_all/GCF_012317385.1.fna
GCA_910583695.1	GCA_910584465.1	0.8-0.85	p__Firmicutes_A	0.8436	/lustre1/g/aos_shihuang/data/gtdb-r207/genomes_all/GCA_910583695.1.fna	/lustre1/g/aos_shihuang/data/gtdb-r207/genomes_all/GCA_910584465.1.fna
GCF_004345005.1	GCF_008281175.1	0.8-0.85	p__Firmicutes_A	0.8321	/lustre1/g/aos_shihuang/data/gtdb-r207/genomes_all/GCF_004345005.1.fna	/lustre1/g/aos_shihuang/data/gtdb-r207/genomes_all/GCF_008281175.1.fna
GCA_910584395.1	GCA_910579775.1	0.8-0.85	p__Firmicutes_A	0.8434	/lustre1/g/aos_shihuang/data/gtdb-r207/genomes_all/GCA_910584395.1.fna	/lustre1/g/aos_shihuang/data/gtdb-r207/genomes_all/GCA_910579775.1.fna
GCA_012735245.1	GCA_012728125.1	0.8-0.85	p__Firmicutes_A	0.8329	/lustre1/g/aos_shihuang/data/gtdb-r207/genomes_all/GCA_012735245.1.fna	/lustre1/g/aos_shihuang/data/gtdb-r207/genomes_all/GCA_012728125.1.fna
GCA_017428635.1	GCA_017518975.1	0.8-0.85	p__Firmicutes_A	0.8480	/lustre1/g/aos_shihuang/data/gtdb-r207/genomes_all/GCA_017428635.1.fna	/lustre1/g/aos_shihuang/data/gtdb-r207/genomes_all/GCA_017518975.1.fna
GCA_017394605.1	GCA_017556125.1	0.8-0.85	p__Firmicutes_A	0.8446	/lustre1/g/aos_shihuang/data/gtdb-r207/genomes_all/GCA_017394605.1.fna	/lustre1/g/aos_shihuang/data/gtdb-r207/genomes_all/GCA_017556125.1.fna
GCF_000189775.2	GCF_000145615.1	0.8-0.85	p__Firmicutes_A	0.8388	/lustre1/g/aos_shihuang/data/gtdb-r207/genomes_all/GCF_000189775.2.fna	/lustre1/g/aos_shihuang/data/gtdb-r207/genomes_all/GCF_000145615.1.fna
GCA_017613735.1	GCA_015066565.1	0.8-0.85	p__Firmicutes_A	0.8321	/lustre1/g/aos_shihuang/data/gtdb-r207/genomes_all/GCA_017613735.1.fna	/lustre1/g/aos_shihuang/data/gtdb-r207/genomes_all/GCA_015066565.1.fna
GCA_002308615.1	GCA_017443595.1	0.8-0.85	p__Firmicutes_A	0.8442	/lustre1/g/aos_shihuang/data/gtdb-r207/genomes_all/GCA_002308615.1.fna	/lustre1/g/aos_shihuang/data/gtdb-r207/genomes_all/GCA_017443595.1.fna
GCF_900176615.1	GCF_017100085.1	0.8-0.85	p__Firmicutes_A	0.8355	/lustre1/g/aos_shihuang/data/gtdb-r207/genomes_all/GCF_900176615.1.fna	/lustre1/g/aos_shihuang/data/gtdb-r207/genomes_all/GCF_017100085.1.fna
GCF_000312025.1	GCF_900454685.1	0.8-0.85	p__Firmicutes_A	0.8451	/lustre1/g/aos_shihuang/data/gtdb-r207/genomes_all/GCF_000312025.1.fna	/lustre1/g/aos_shihuang/data/gtdb-r207/genomes_all/GCF_900454685.1.fna
GCA_019120515.1	GCF_002161285.1	0.8-0.85	p__Firmicutes_A	0.8469	/lustre1/g/aos_shihuang/data/gtdb-r207/genomes_all/GCA_019120515.1.fna	/lustre1/g/aos_shihuang/data/gtdb-r207/genomes_all/GCF_002161285.1.fna
GCF_000243155.2	GCF_900143285.1	0.8-0.85	p__Firmicutes_B	0.8471	/lustre1/g/aos_shihuang/data/gtdb-r207/genomes_all/GCF_000243155.2.fna	/lustre1/g/aos_shihuang/data/gtdb-r207/genomes_all/GCF_900143285.1.fna
GCF_009877435.1	GCF_009877425.1	0.8-0.85	p__Firmicutes_B	0.8427	/lustre1/g/aos_shihuang/data/gtdb-r207/genomes_all/GCF_009877435.1.fna	/lustre1/g/aos_shihuang/data/gtdb-r207/genomes_all/GCF_009877425.1.fna
GCA_016841725.1	GCA_016841325.1	0.8-0.85	p__Firmicutes_B	0.8317	/lustre1/g/aos_shihuang/data/gtdb-r207/genomes_all/GCA_016841725.1.fna	/lustre1/g/aos_shihuang/data/gtdb-r207/genomes_all/GCA_016841325.1.fna
GCF_000430885.1	GCF_900113335.1	0.8-0.85	p__Firmicutes_B	0.8435	/lustre1/g/aos_shihuang/data/gtdb-r207/genomes_all/GCF_000430885.1.fna	/lustre1/g/aos_shihuang/data/gtdb-r207/genomes_all/GCF_900113335.1.fna
GCF_900129285.1	GCF_003627965.1	0.8-0.85	p__Firmicutes_B	0.8432	/lustre1/g/aos_shihuang/data/gtdb-r207/genomes_all/GCF_900129285.1.fna	/lustre1/g/aos_shihuang/data/gtdb-r207/genomes_all/GCF_003627965.1.fna
GCF_900129285.1	GCF_900142025.1	0.8-0.85	p__Firmicutes_B	0.8457	/lustre1/g/aos_shihuang/data/gtdb-r207/genomes_all/GCF_900129285.1.fna	/lustre1/g/aos_shihuang/data/gtdb-r207/genomes_all/GCF_900142025.1.fna
GCF_001950325.1	GCF_001950255.1	0.8-0.85	p__Firmicutes_B	0.8422	/lustre1/g/aos_shihuang/data/gtdb-r207/genomes_all/GCF_001950325.1.fna	/lustre1/g/aos_shihuang/data/gtdb-r207/genomes_all/GCF_001950255.1.fna
GCA_018436095.1	GCA_018434325.1	0.8-0.85	p__Firmicutes_B	0.8448	/lustre1/g/aos_shihuang/data/gtdb-r207/genomes_all/GCA_018436095.1.fna	/lustre1/g/aos_shihuang/data/gtdb-r207/genomes_all/GCA_018434325.1.fna
GCF_900106585.1	GCF_009696675.1	0.8-0.85	p__Firmicutes_C	0.8405	/lustre1/g/aos_shihuang/data/gtdb-r207/genomes_all/GCF_900106585.1.fna	/lustre1/g/aos_shihuang/data/gtdb-r207/genomes_all/GCF_009696675.1.fna
GCA_000436095.1	GCA_003150755.1	0.8-0.85	p__Firmicutes_C	0.8436	/lustre1/g/aos_shihuang/data/gtdb-r207/genomes_all/GCA_000436095.1.fna	/lustre1/g/aos_shihuang/data/gtdb-r207/genomes_all/GCA_003150755.1.fna
GCF_003269275.1	GCA_900544795.1	0.8-0.85	p__Firmicutes_C	0.8248	/lustre1/g/aos_shihuang/data/gtdb-r207/genomes_all/GCF_003269275.1.fna	/lustre1/g/aos_shihuang/data/gtdb-r207/genomes_all/GCA_900544795.1.fna
GCA_900544795.1	GCA_900545535.1	0.8-0.85	p__Firmicutes_C	0.8270	/lustre1/g/aos_shihuang/data/gtdb-r207/genomes_all/GCA_900544795.1.fna	/lustre1/g/aos_shihuang/data/gtdb-r207/genomes_all/GCA_900545535.1.fna
GCA_002337925.1	GCF_004339805.1	0.8-0.85	p__Firmicutes_C	0.8352	/lustre1/g/aos_shihuang/data/gtdb-r207/genomes_all/GCA_002337925.1.fna	/lustre1/g/aos_shihuang/data/gtdb-r207/genomes_all/GCF_004339805.1.fna
GCA_902364065.1	GCF_000155955.1	0.8-0.85	p__Firmicutes_C	0.8350	/lustre1/g/aos_shihuang/data/gtdb-r207/genomes_all/GCA_902364065.1.fna	/lustre1/g/aos_shihuang/data/gtdb-r207/genomes_all/GCF_000155955.1.fna
GCA_900544795.1	GCA_900551745.1	0.8-0.85	p__Firmicutes_C	0.8204	/lustre1/g/aos_shihuang/data/gtdb-r207/genomes_all/GCA_900544795.1.fna	/lustre1/g/aos_shihuang/data/gtdb-r207/genomes_all/GCA_900551745.1.fna
GCA_012521405.1	GCA_012523945.1	0.8-0.85	p__Firmicutes_D	0.8301	/lustre1/g/aos_shihuang/data/gtdb-r207/genomes_all/GCA_012521405.1.fna	/lustre1/g/aos_shihuang/data/gtdb-r207/genomes_all/GCA_012523945.1.fna
GCA_012800855.1	GCA_012510625.1	0.8-0.85	p__Firmicutes_D	0.8397	/lustre1/g/aos_shihuang/data/gtdb-r207/genomes_all/GCA_012800855.1.fna	/lustre1/g/aos_shihuang/data/gtdb-r207/genomes_all/GCA_012510625.1.fna
GCF_000183545.2	GCF_000184705.1	0.8-0.85	p__Firmicutes_E	0.8402	/lustre1/g/aos_shihuang/data/gtdb-r207/genomes_all/GCF_000183545.2.fna	/lustre1/g/aos_shihuang/data/gtdb-r207/genomes_all/GCF_000184705.1.fna
GCF_003053565.1	GCF_900156285.1	0.8-0.85	p__Firmicutes_F	0.8445	/lustre1/g/aos_shihuang/data/gtdb-r207/genomes_all/GCF_003053565.1.fna	/lustre1/g/aos_shihuang/data/gtdb-r207/genomes_all/GCF_900156285.1.fna
GCA_012727675.1	GCA_012510855.1	0.8-0.85	p__Firmicutes_G	0.8460	/lustre1/g/aos_shihuang/data/gtdb-r207/genomes_all/GCA_012727675.1.fna	/lustre1/g/aos_shihuang/data/gtdb-r207/genomes_all/GCA_012510855.1.fna
GCA_012518595.1	GCA_002398515.1	0.8-0.85	p__Firmicutes_G	0.8410	/lustre1/g/aos_shihuang/data/gtdb-r207/genomes_all/GCA_012518595.1.fna	/lustre1/g/aos_shihuang/data/gtdb-r207/genomes_all/GCA_002398515.1.fna
GCA_012837705.1	GCF_013664685.1	0.8-0.85	p__Firmicutes_G	0.8292	/lustre1/g/aos_shihuang/data/gtdb-r207/genomes_all/GCA_012837705.1.fna	/lustre1/g/aos_shihuang/data/gtdb-r207/genomes_all/GCF_013664685.1.fna
GCA_017578085.1	GCA_002159155.1	0.8-0.85	p__Firmicutes_G	0.8430	/lustre1/g/aos_shihuang/data/gtdb-r207/genomes_all/GCA_017578085.1.fna	/lustre1/g/aos_shihuang/data/gtdb-r207/genomes_all/GCA_002159155.1.fna
GCA_000007325.1	GCF_000163935.1	0.8-0.85	p__Fusobacteriota	0.8421	/lustre1/g/aos_shihuang/data/gtdb-r207/genomes_all/GCA_000007325.1.fna	/lustre1/g/aos_shihuang/data/gtdb-r207/genomes_all/GCF_000163935.1.fna
GCA_900542625.1	GCA_900545035.1	0.8-0.85	p__Fusobacteriota	0.8437	/lustre1/g/aos_shihuang/data/gtdb-r207/genomes_all/GCA_900542625.1.fna	/lustre1/g/aos_shihuang/data/gtdb-r207/genomes_all/GCA_900545035.1.fna
GCF_000024565.1	GCF_009733925.1	0.8-0.85	p__Fusobacteriota	0.8376	/lustre1/g/aos_shihuang/data/gtdb-r207/genomes_all/GCF_000024565.1.fna	/lustre1/g/aos_shihuang/data/gtdb-r207/genomes_all/GCF_009733925.1.fna
GCA_002428805.1	GCA_905216205.1	0.8-0.85	p__Fusobacteriota	0.8349	/lustre1/g/aos_shihuang/data/gtdb-r207/genomes_all/GCA_002428805.1.fna	/lustre1/g/aos_shihuang/data/gtdb-r207/genomes_all/GCA_905216205.1.fna
GCF_001891165.1	GCF_009733925.1	0.8-0.85	p__Fusobacteriota	0.8414	/lustre1/g/aos_shihuang/data/gtdb-r207/genomes_all/GCF_001891165.1.fna	/lustre1/g/aos_shihuang/data/gtdb-r207/genomes_all/GCF_009733925.1.fna
GCF_001559775.1	GCF_001891165.1	0.8-0.85	p__Fusobacteriota	0.8437	/lustre1/g/aos_shihuang/data/gtdb-r207/genomes_all/GCF_001559775.1.fna	/lustre1/g/aos_shihuang/data/gtdb-r207/genomes_all/GCF_001891165.1.fna
GCF_004006635.1	GCF_003019695.1	0.8-0.85	p__Fusobacteriota	0.8393	/lustre1/g/aos_shihuang/data/gtdb-r207/genomes_all/GCF_004006635.1.fna	/lustre1/g/aos_shihuang/data/gtdb-r207/genomes_all/GCF_003019695.1.fna
GCA_001919865.1	GCA_003222135.1	0.8-0.85	p__Gemmatimonadota	0.8340	/lustre1/g/aos_shihuang/data/gtdb-r207/genomes_all/GCA_001919865.1.fna	/lustre1/g/aos_shihuang/data/gtdb-r207/genomes_all/GCA_003222135.1.fna
GCA_001919865.1	GCA_001917665.1	0.8-0.85	p__Gemmatimonadota	0.8280	/lustre1/g/aos_shihuang/data/gtdb-r207/genomes_all/GCA_001919865.1.fna	/lustre1/g/aos_shihuang/data/gtdb-r207/genomes_all/GCA_001917665.1.fna
GCA_001917665.1	GCA_003220795.1	0.8-0.85	p__Gemmatimonadota	0.8357	/lustre1/g/aos_shihuang/data/gtdb-r207/genomes_all/GCA_001917665.1.fna	/lustre1/g/aos_shihuang/data/gtdb-r207/genomes_all/GCA_003220795.1.fna
GCA_003220935.1	GCA_003222135.1	0.8-0.85	p__Gemmatimonadota	0.8346	/lustre1/g/aos_shihuang/data/gtdb-r207/genomes_all/GCA_003220935.1.fna	/lustre1/g/aos_shihuang/data/gtdb-r207/genomes_all/GCA_003222135.1.fna
GCF_005576615.1	GCF_000337175.1	0.8-0.85	p__Halobacteriota	0.8366	/lustre1/g/aos_shihuang/data/gtdb-r207/genomes_all/GCF_005576615.1.fna	/lustre1/g/aos_shihuang/data/gtdb-r207/genomes_all/GCF_000337175.1.fna
GCF_009831625.1	GCA_003020945.1	0.8-0.85	p__Halobacteriota	0.8377	/lustre1/g/aos_shihuang/data/gtdb-r207/genomes_all/GCF_009831625.1.fna	/lustre1/g/aos_shihuang/data/gtdb-r207/genomes_all/GCA_003020945.1.fna
GCF_002844335.1	GCF_010119195.1	0.8-0.85	p__Halobacteriota	0.8324	/lustre1/g/aos_shihuang/data/gtdb-r207/genomes_all/GCF_002844335.1.fna	/lustre1/g/aos_shihuang/data/gtdb-r207/genomes_all/GCF_010119195.1.fna
GCF_003697815.1	GCF_000196895.1	0.8-0.85	p__Halobacteriota	0.8464	/lustre1/g/aos_shihuang/data/gtdb-r207/genomes_all/GCF_003697815.1.fna	/lustre1/g/aos_shihuang/data/gtdb-r207/genomes_all/GCF_000196895.1.fna
GCF_017874235.1	GCF_001307315.1	0.8-0.85	p__Halobacteriota	0.8412	/lustre1/g/aos_shihuang/data/gtdb-r207/genomes_all/GCF_017874235.1.fna	/lustre1/g/aos_shihuang/data/gtdb-r207/genomes_all/GCF_001307315.1.fna
GCF_000376445.1	GCF_001625445.1	0.8-0.85	p__Halobacteriota	0.8395	/lustre1/g/aos_shihuang/data/gtdb-r207/genomes_all/GCF_000376445.1.fna	/lustre1/g/aos_shihuang/data/gtdb-r207/genomes_all/GCF_001625445.1.fna
GCF_000970325.1	GCF_900774055.1	0.8-0.85	p__Halobacteriota	0.8400	/lustre1/g/aos_shihuang/data/gtdb-r207/genomes_all/GCF_000970325.1.fna	/lustre1/g/aos_shihuang/data/gtdb-r207/genomes_all/GCF_900774055.1.fna
GCF_014647455.2	GCF_017874335.1	0.8-0.85	p__Halobacteriota	0.8403	/lustre1/g/aos_shihuang/data/gtdb-r207/genomes_all/GCF_014647455.2.fna	/lustre1/g/aos_shihuang/data/gtdb-r207/genomes_all/GCF_017874335.1.fna
GCF_900107665.1	GCF_003342675.1	0.8-0.85	p__Halobacteriota	0.8394	/lustre1/g/aos_shihuang/data/gtdb-r207/genomes_all/GCF_900107665.1.fna	/lustre1/g/aos_shihuang/data/gtdb-r207/genomes_all/GCF_003342675.1.fna
GCA_002508425.1	GCA_002067275.1	0.8-0.85	p__Halobacteriota	0.8271	/lustre1/g/aos_shihuang/data/gtdb-r207/genomes_all/GCA_002508425.1.fna	/lustre1/g/aos_shihuang/data/gtdb-r207/genomes_all/GCA_002067275.1.fna
GCF_000230715.2	GCF_900104065.1	0.8-0.85	p__Halobacteriota	0.8419	/lustre1/g/aos_shihuang/data/gtdb-r207/genomes_all/GCF_000230715.2.fna	/lustre1/g/aos_shihuang/data/gtdb-r207/genomes_all/GCF_900104065.1.fna
GCF_004944975.1	GCF_900880625.1	0.8-0.85	p__Halobacteriota	0.8395	/lustre1/g/aos_shihuang/data/gtdb-r207/genomes_all/GCF_004944975.1.fna	/lustre1/g/aos_shihuang/data/gtdb-r207/genomes_all/GCF_900880625.1.fna
GCF_003856835.1	GCF_003336245.1	0.8-0.85	p__Halobacteriota	0.8477	/lustre1/g/aos_shihuang/data/gtdb-r207/genomes_all/GCF_003856835.1.fna	/lustre1/g/aos_shihuang/data/gtdb-r207/genomes_all/GCF_003336245.1.fna
GCF_002844195.1	GCA_004116405.1	0.8-0.85	p__Halobacteriota	0.8362	/lustre1/g/aos_shihuang/data/gtdb-r207/genomes_all/GCF_002844195.1.fna	/lustre1/g/aos_shihuang/data/gtdb-r207/genomes_all/GCA_004116405.1.fna
GCA_017094465.1	GCA_017094525.1	0.8-0.85	p__Halobacteriota	0.8482	/lustre1/g/aos_shihuang/data/gtdb-r207/genomes_all/GCA_017094465.1.fna	/lustre1/g/aos_shihuang/data/gtdb-r207/genomes_all/GCA_017094525.1.fna
GCF_900110535.1	GCF_008124605.1	0.8-0.85	p__Halobacteriota	0.8300	/lustre1/g/aos_shihuang/data/gtdb-r207/genomes_all/GCF_900110535.1.fna	/lustre1/g/aos_shihuang/data/gtdb-r207/genomes_all/GCF_008124605.1.fna
GCF_900110865.1	GCF_000337615.1	0.8-0.85	p__Halobacteriota	0.8373	/lustre1/g/aos_shihuang/data/gtdb-r207/genomes_all/GCF_900110865.1.fna	/lustre1/g/aos_shihuang/data/gtdb-r207/genomes_all/GCF_000337615.1.fna
GCF_900115785.1	GCF_000337095.1	0.8-0.85	p__Halobacteriota	0.8312	/lustre1/g/aos_shihuang/data/gtdb-r207/genomes_all/GCF_900115785.1.fna	/lustre1/g/aos_shihuang/data/gtdb-r207/genomes_all/GCF_000337095.1.fna
GCF_000337815.1	GCF_001469875.2	0.8-0.85	p__Halobacteriota	0.8331	/lustre1/g/aos_shihuang/data/gtdb-r207/genomes_all/GCF_000337815.1.fna	/lustre1/g/aos_shihuang/data/gtdb-r207/genomes_all/GCF_001469875.2.fna
GCF_900112175.1	GCF_900115785.1	0.8-0.85	p__Halobacteriota	0.8455	/lustre1/g/aos_shihuang/data/gtdb-r207/genomes_all/GCF_900112175.1.fna	/lustre1/g/aos_shihuang/data/gtdb-r207/genomes_all/GCF_900115785.1.fna
GCF_003856835.1	GCF_000427685.1	0.8-0.85	p__Halobacteriota	0.8426	/lustre1/g/aos_shihuang/data/gtdb-r207/genomes_all/GCF_003856835.1.fna	/lustre1/g/aos_shihuang/data/gtdb-r207/genomes_all/GCF_000427685.1.fna
GCA_013152685.1	GCA_015521615.1	0.8-0.85	p__Hydrothermarchaeota	0.8476	/lustre1/g/aos_shihuang/data/gtdb-r207/genomes_all/GCA_013152685.1.fna	/lustre1/g/aos_shihuang/data/gtdb-r207/genomes_all/GCA_015521615.1.fna
GCA_016703265.1	GCA_903912525.1	0.8-0.85	p__Krumholzibacteriota	0.8337	/lustre1/g/aos_shihuang/data/gtdb-r207/genomes_all/GCA_016703265.1.fna	/lustre1/g/aos_shihuang/data/gtdb-r207/genomes_all/GCA_903912525.1.fna
GCA_016867395.1	GCA_009691525.1	0.8-0.85	p__Latescibacterota	0.8269	/lustre1/g/aos_shihuang/data/gtdb-r207/genomes_all/GCA_016867395.1.fna	/lustre1/g/aos_shihuang/data/gtdb-r207/genomes_all/GCA_009691525.1.fna
GCA_016867395.1	GCA_016187725.1	0.8-0.85	p__Latescibacterota	0.8338	/lustre1/g/aos_shihuang/data/gtdb-r207/genomes_all/GCA_016867395.1.fna	/lustre1/g/aos_shihuang/data/gtdb-r207/genomes_all/GCA_016187725.1.fna
GCA_001771575.1	GCA_018822365.1	0.8-0.85	p__Margulisbacteria	0.8314	/lustre1/g/aos_shihuang/data/gtdb-r207/genomes_all/GCA_001771575.1.fna	/lustre1/g/aos_shihuang/data/gtdb-r207/genomes_all/GCA_018822365.1.fna
GCA_002707645.1	GCA_002705605.1	0.8-0.85	p__Marinisomatota	0.8186	/lustre1/g/aos_shihuang/data/gtdb-r207/genomes_all/GCA_002707645.1.fna	/lustre1/g/aos_shihuang/data/gtdb-r207/genomes_all/GCA_002705605.1.fna
GCA_014381415.1	GCA_004124405.1	0.8-0.85	p__Marinisomatota	0.8392	/lustre1/g/aos_shihuang/data/gtdb-r207/genomes_all/GCA_014381415.1.fna	/lustre1/g/aos_shihuang/data/gtdb-r207/genomes_all/GCA_004124405.1.fna
GCA_018658715.1	GCA_016784605.1	0.8-0.85	p__Marinisomatota	0.8225	/lustre1/g/aos_shihuang/data/gtdb-r207/genomes_all/GCA_018658715.1.fna	/lustre1/g/aos_shihuang/data/gtdb-r207/genomes_all/GCA_016784605.1.fna
GCA_011370395.1	GCF_003264935.1	0.8-0.85	p__Methanobacteriota	0.8484	/lustre1/g/aos_shihuang/data/gtdb-r207/genomes_all/GCA_011370395.1.fna	/lustre1/g/aos_shihuang/data/gtdb-r207/genomes_all/GCF_003264935.1.fna
GCA_016217785.1	GCF_000302455.1	0.8-0.85	p__Methanobacteriota	0.8358	/lustre1/g/aos_shihuang/data/gtdb-r207/genomes_all/GCA_016217785.1.fna	/lustre1/g/aos_shihuang/data/gtdb-r207/genomes_all/GCF_000302455.1.fna
GCF_000006175.1	GCF_017875625.1	0.8-0.85	p__Methanobacteriota_A	0.8457	/lustre1/g/aos_shihuang/data/gtdb-r207/genomes_all/GCF_000006175.1.fna	/lustre1/g/aos_shihuang/data/gtdb-r207/genomes_all/GCF_017875625.1.fna
GCF_000739065.1	GCF_000023985.1	0.8-0.85	p__Methanobacteriota_A	0.8282	/lustre1/g/aos_shihuang/data/gtdb-r207/genomes_all/GCF_000739065.1.fna	/lustre1/g/aos_shihuang/data/gtdb-r207/genomes_all/GCF_000023985.1.fna
GCA_001788495.1	GCA_016179875.1	0.8-0.85	p__Methylomirabilota	0.8357	/lustre1/g/aos_shihuang/data/gtdb-r207/genomes_all/GCA_001788495.1.fna	/lustre1/g/aos_shihuang/data/gtdb-r207/genomes_all/GCA_016179875.1.fna
GCA_001465015.1	GCA_016793325.1	0.8-0.85	p__Myxococcota	0.8365	/lustre1/g/aos_shihuang/data/gtdb-r207/genomes_all/GCA_001465015.1.fna	/lustre1/g/aos_shihuang/data/gtdb-r207/genomes_all/GCA_016793325.1.fna
GCA_016930215.1	GCA_011367485.1	0.8-0.85	p__Myxococcota	0.8434	/lustre1/g/aos_shihuang/data/gtdb-r207/genomes_all/GCA_016930215.1.fna	/lustre1/g/aos_shihuang/data/gtdb-r207/genomes_all/GCA_011367485.1.fna
GCA_016926755.1	GCF_000737315.1	0.8-0.85	p__Myxococcota	0.8461	/lustre1/g/aos_shihuang/data/gtdb-r207/genomes_all/GCA_016926755.1.fna	/lustre1/g/aos_shihuang/data/gtdb-r207/genomes_all/GCF_000737315.1.fna
GCA_012798435.1	GCA_011368045.1	0.8-0.85	p__Myxococcota	0.8378	/lustre1/g/aos_shihuang/data/gtdb-r207/genomes_all/GCA_012798435.1.fna	/lustre1/g/aos_shihuang/data/gtdb-r207/genomes_all/GCA_011368045.1.fna
GCA_012797735.1	GCA_016930215.1	0.8-0.85	p__Myxococcota	0.8498	/lustre1/g/aos_shihuang/data/gtdb-r207/genomes_all/GCA_012797735.1.fna	/lustre1/g/aos_shihuang/data/gtdb-r207/genomes_all/GCA_016930215.1.fna
GCF_012933655.1	GCF_014656495.1	0.8-0.85	p__Myxococcota	0.8435	/lustre1/g/aos_shihuang/data/gtdb-r207/genomes_all/GCF_012933655.1.fna	/lustre1/g/aos_shihuang/data/gtdb-r207/genomes_all/GCF_014656495.1.fna
GCA_903857665.1	GCA_903847405.1	0.8-0.85	p__Myxococcota	0.8493	/lustre1/g/aos_shihuang/data/gtdb-r207/genomes_all/GCA_903857665.1.fna	/lustre1/g/aos_shihuang/data/gtdb-r207/genomes_all/GCA_903847405.1.fna
GCA_017881345.1	GCA_003818285.1	0.8-0.85	p__Myxococcota	0.8416	/lustre1/g/aos_shihuang/data/gtdb-r207/genomes_all/GCA_017881345.1.fna	/lustre1/g/aos_shihuang/data/gtdb-r207/genomes_all/GCA_003818285.1.fna
GCA_903874275.1	GCA_903855945.1	0.8-0.85	p__Myxococcota	0.8452	/lustre1/g/aos_shihuang/data/gtdb-r207/genomes_all/GCA_903874275.1.fna	/lustre1/g/aos_shihuang/data/gtdb-r207/genomes_all/GCA_903855945.1.fna
GCF_013116825.1	GCF_010894405.1	0.8-0.85	p__Myxococcota	0.8477	/lustre1/g/aos_shihuang/data/gtdb-r207/genomes_all/GCF_013116825.1.fna	/lustre1/g/aos_shihuang/data/gtdb-r207/genomes_all/GCF_010894405.1.fna
GCA_014879945.1	GCA_016879935.1	0.8-0.85	p__Myxococcota	0.8328	/lustre1/g/aos_shihuang/data/gtdb-r207/genomes_all/GCA_014879945.1.fna	/lustre1/g/aos_shihuang/data/gtdb-r207/genomes_all/GCA_016879935.1.fna
GCA_014240455.1	GCA_018698915.1	0.8-0.85	p__Nanoarchaeota	0.8220	/lustre1/g/aos_shihuang/data/gtdb-r207/genomes_all/GCA_014240455.1.fna	/lustre1/g/aos_shihuang/data/gtdb-r207/genomes_all/GCA_018698915.1.fna
GCA_002731115.1	GCA_002689985.1	0.8-0.85	p__Nanoarchaeota	0.8496	/lustre1/g/aos_shihuang/data/gtdb-r207/genomes_all/GCA_002731115.1.fna	/lustre1/g/aos_shihuang/data/gtdb-r207/genomes_all/GCA_002689985.1.fna
GCA_018302205.1	GCA_018302165.1	0.8-0.85	p__Nanoarchaeota	0.8486	/lustre1/g/aos_shihuang/data/gtdb-r207/genomes_all/GCA_018302205.1.fna	/lustre1/g/aos_shihuang/data/gtdb-r207/genomes_all/GCA_018302165.1.fna
GCA_018830225.1	GCA_016929255.1	0.8-0.85	p__Nanoarchaeota	0.8433	/lustre1/g/aos_shihuang/data/gtdb-r207/genomes_all/GCA_018830225.1.fna	/lustre1/g/aos_shihuang/data/gtdb-r207/genomes_all/GCA_016929255.1.fna
GCA_017610275.1	GCA_018819345.1	0.8-0.85	p__Nanoarchaeota	0.8426	/lustre1/g/aos_shihuang/data/gtdb-r207/genomes_all/GCA_017610275.1.fna	/lustre1/g/aos_shihuang/data/gtdb-r207/genomes_all/GCA_018819345.1.fna
GCA_018302605.1	GCA_016203205.1	0.8-0.85	p__Nanoarchaeota	0.8482	/lustre1/g/aos_shihuang/data/gtdb-r207/genomes_all/GCA_018302605.1.fna	/lustre1/g/aos_shihuang/data/gtdb-r207/genomes_all/GCA_016203205.1.fna
GCA_014382285.1	GCA_905612265.1	0.8-0.85	p__Nitrospinota	0.8305	/lustre1/g/aos_shihuang/data/gtdb-r207/genomes_all/GCA_014382285.1.fna	/lustre1/g/aos_shihuang/data/gtdb-r207/genomes_all/GCA_905612265.1.fna
GCA_009840285.1	GCA_002238765.1	0.8-0.85	p__Nitrospirota	0.8391	/lustre1/g/aos_shihuang/data/gtdb-r207/genomes_all/GCA_009840285.1.fna	/lustre1/g/aos_shihuang/data/gtdb-r207/genomes_all/GCA_002238765.1.fna
GCA_011523385.1	GCA_002238765.1	0.8-0.85	p__Nitrospirota	0.8373	/lustre1/g/aos_shihuang/data/gtdb-r207/genomes_all/GCA_011523385.1.fna	/lustre1/g/aos_shihuang/data/gtdb-r207/genomes_all/GCA_002238765.1.fna
GCA_002083555.1	GCA_900299245.1	0.8-0.85	p__Nitrospirota	0.8479	/lustre1/g/aos_shihuang/data/gtdb-r207/genomes_all/GCA_002083555.1.fna	/lustre1/g/aos_shihuang/data/gtdb-r207/genomes_all/GCA_900299245.1.fna
GCA_002328825.1	GCA_002726235.1	0.8-0.85	p__Nitrospirota	0.8377	/lustre1/g/aos_shihuang/data/gtdb-r207/genomes_all/GCA_002328825.1.fna	/lustre1/g/aos_shihuang/data/gtdb-r207/genomes_all/GCA_002726235.1.fna
GCA_009692155.1	GCA_001805245.1	0.8-0.85	p__Nitrospirota	0.8370	/lustre1/g/aos_shihuang/data/gtdb-r207/genomes_all/GCA_009692155.1.fna	/lustre1/g/aos_shihuang/data/gtdb-r207/genomes_all/GCA_001805245.1.fna
GCA_011051565.1	GCA_013152485.1	0.8-0.85	p__Nitrospirota	0.8377	/lustre1/g/aos_shihuang/data/gtdb-r207/genomes_all/GCA_011051565.1.fna	/lustre1/g/aos_shihuang/data/gtdb-r207/genomes_all/GCA_013152485.1.fna
GCA_018812705.1	GCA_001805965.1	0.8-0.85	p__Omnitrophota	0.8461	/lustre1/g/aos_shihuang/data/gtdb-r207/genomes_all/GCA_018812705.1.fna	/lustre1/g/aos_shihuang/data/gtdb-r207/genomes_all/GCA_001805965.1.fna
GCA_002421805.1	GCF_004102945.1	0.8-0.85	p__Omnitrophota	0.8295	/lustre1/g/aos_shihuang/data/gtdb-r207/genomes_all/GCA_002421805.1.fna	/lustre1/g/aos_shihuang/data/gtdb-r207/genomes_all/GCF_004102945.1.fna
GCA_000503835.1	GCA_001773385.1	0.8-0.85	p__Patescibacteria	0.8309	/lustre1/g/aos_shihuang/data/gtdb-r207/genomes_all/GCA_000503835.1.fna	/lustre1/g/aos_shihuang/data/gtdb-r207/genomes_all/GCA_001773385.1.fna
GCA_000998805.1	GCA_000998045.1	0.8-0.85	p__Patescibacteria	0.8469	/lustre1/g/aos_shihuang/data/gtdb-r207/genomes_all/GCA_000998805.1.fna	/lustre1/g/aos_shihuang/data/gtdb-r207/genomes_all/GCA_000998045.1.fna
GCA_001872945.1	GCA_000993275.1	0.8-0.85	p__Patescibacteria	0.8473	/lustre1/g/aos_shihuang/data/gtdb-r207/genomes_all/GCA_001872945.1.fna	/lustre1/g/aos_shihuang/data/gtdb-r207/genomes_all/GCA_000993275.1.fna
GCA_016214465.1	GCA_003514455.1	0.8-0.85	p__Patescibacteria	0.8345	/lustre1/g/aos_shihuang/data/gtdb-r207/genomes_all/GCA_016214465.1.fna	/lustre1/g/aos_shihuang/data/gtdb-r207/genomes_all/GCA_003514455.1.fna
GCA_016432645.1	GCA_019248265.1	0.8-0.85	p__Patescibacteria	0.8472	/lustre1/g/aos_shihuang/data/gtdb-r207/genomes_all/GCA_016432645.1.fna	/lustre1/g/aos_shihuang/data/gtdb-r207/genomes_all/GCA_019248265.1.fna
GCA_001001925.1	GCA_016212585.1	0.8-0.85	p__Patescibacteria	0.8384	/lustre1/g/aos_shihuang/data/gtdb-r207/genomes_all/GCA_001001925.1.fna	/lustre1/g/aos_shihuang/data/gtdb-r207/genomes_all/GCA_016212585.1.fna
GCA_903945435.1	GCA_903857815.1	0.8-0.85	p__Patescibacteria	0.8345	/lustre1/g/aos_shihuang/data/gtdb-r207/genomes_all/GCA_903945435.1.fna	/lustre1/g/aos_shihuang/data/gtdb-r207/genomes_all/GCA_903857815.1.fna
GCA_018656065.1	GCA_018656655.1	0.8-0.85	p__Patescibacteria	0.8451	/lustre1/g/aos_shihuang/data/gtdb-r207/genomes_all/GCA_018656065.1.fna	/lustre1/g/aos_shihuang/data/gtdb-r207/genomes_all/GCA_018656655.1.fna
GCA_000996895.1	GCA_001773135.1	0.8-0.85	p__Patescibacteria	0.8286	/lustre1/g/aos_shihuang/data/gtdb-r207/genomes_all/GCA_000996895.1.fna	/lustre1/g/aos_shihuang/data/gtdb-r207/genomes_all/GCA_001773135.1.fna
GCA_903855135.1	GCA_000991205.1	0.8-0.85	p__Patescibacteria	0.8468	/lustre1/g/aos_shihuang/data/gtdb-r207/genomes_all/GCA_903855135.1.fna	/lustre1/g/aos_shihuang/data/gtdb-r207/genomes_all/GCA_000991205.1.fna
GCA_014238205.1	GCA_002722935.1	0.8-0.85	p__Planctomycetota	0.8220	/lustre1/g/aos_shihuang/data/gtdb-r207/genomes_all/GCA_014238205.1.fna	/lustre1/g/aos_shihuang/data/gtdb-r207/genomes_all/GCA_002722935.1.fna
GCA_009691785.1	GCA_005787685.1	0.8-0.85	p__Planctomycetota	0.8314	/lustre1/g/aos_shihuang/data/gtdb-r207/genomes_all/GCA_009691785.1.fna	/lustre1/g/aos_shihuang/data/gtdb-r207/genomes_all/GCA_005787685.1.fna
GCA_011525805.1	GCA_900696685.1	0.8-0.85	p__Planctomycetota	0.8367	/lustre1/g/aos_shihuang/data/gtdb-r207/genomes_all/GCA_011525805.1.fna	/lustre1/g/aos_shihuang/data/gtdb-r207/genomes_all/GCA_900696685.1.fna
GCA_016188675.1	GCA_016235875.1	0.8-0.85	p__Planctomycetota	0.8450	/lustre1/g/aos_shihuang/data/gtdb-r207/genomes_all/GCA_016188675.1.fna	/lustre1/g/aos_shihuang/data/gtdb-r207/genomes_all/GCA_016235875.1.fna
GCA_016794425.1	GCA_016794035.1	0.8-0.85	p__Planctomycetota	0.8414	/lustre1/g/aos_shihuang/data/gtdb-r207/genomes_all/GCA_016794425.1.fna	/lustre1/g/aos_shihuang/data/gtdb-r207/genomes_all/GCA_016794035.1.fna
GCA_002683135.1	GCA_013213915.1	0.8-0.85	p__Planctomycetota	0.8485	/lustre1/g/aos_shihuang/data/gtdb-r207/genomes_all/GCA_002683135.1.fna	/lustre1/g/aos_shihuang/data/gtdb-r207/genomes_all/GCA_013213915.1.fna
GCA_017347445.1	GCA_002009475.1	0.8-0.85	p__Planctomycetota	0.8408	/lustre1/g/aos_shihuang/data/gtdb-r207/genomes_all/GCA_017347445.1.fna	/lustre1/g/aos_shihuang/data/gtdb-r207/genomes_all/GCA_002009475.1.fna
GCA_016793015.1	GCA_017303555.1	0.8-0.85	p__Planctomycetota	0.8415	/lustre1/g/aos_shihuang/data/gtdb-r207/genomes_all/GCA_016793015.1.fna	/lustre1/g/aos_shihuang/data/gtdb-r207/genomes_all/GCA_017303555.1.fna
GCA_005798445.1	GCA_003669125.1	0.8-0.85	p__Planctomycetota	0.8425	/lustre1/g/aos_shihuang/data/gtdb-r207/genomes_all/GCA_005798445.1.fna	/lustre1/g/aos_shihuang/data/gtdb-r207/genomes_all/GCA_003669125.1.fna
GCA_002724245.1	GCA_002709225.1	0.8-0.85	p__Planctomycetota	0.8378	/lustre1/g/aos_shihuang/data/gtdb-r207/genomes_all/GCA_002724245.1.fna	/lustre1/g/aos_shihuang/data/gtdb-r207/genomes_all/GCA_002709225.1.fna
GCA_903857265.1	GCA_003170415.1	0.8-0.85	p__Planctomycetota	0.8434	/lustre1/g/aos_shihuang/data/gtdb-r207/genomes_all/GCA_903857265.1.fna	/lustre1/g/aos_shihuang/data/gtdb-r207/genomes_all/GCA_003170415.1.fna
GCA_015709575.1	GCA_016710275.1	0.8-0.85	p__Planctomycetota	0.8334	/lustre1/g/aos_shihuang/data/gtdb-r207/genomes_all/GCA_015709575.1.fna	/lustre1/g/aos_shihuang/data/gtdb-r207/genomes_all/GCA_016710275.1.fna
GCA_016872795.1	GCA_903928115.1	0.8-0.85	p__Planctomycetota	0.8354	/lustre1/g/aos_shihuang/data/gtdb-r207/genomes_all/GCA_016872795.1.fna	/lustre1/g/aos_shihuang/data/gtdb-r207/genomes_all/GCA_903928115.1.fna
GCA_009691815.1	GCA_005808665.1	0.8-0.85	p__Planctomycetota	0.8335	/lustre1/g/aos_shihuang/data/gtdb-r207/genomes_all/GCA_009691815.1.fna	/lustre1/g/aos_shihuang/data/gtdb-r207/genomes_all/GCA_005808665.1.fna
GCF_013618625.1	GCF_007748115.1	0.8-0.85	p__Planctomycetota	0.8271	/lustre1/g/aos_shihuang/data/gtdb-r207/genomes_all/GCF_013618625.1.fna	/lustre1/g/aos_shihuang/data/gtdb-r207/genomes_all/GCF_007748115.1.fna
GCA_016872645.1	GCA_005798445.1	0.8-0.85	p__Planctomycetota	0.8356	/lustre1/g/aos_shihuang/data/gtdb-r207/genomes_all/GCA_016872645.1.fna	/lustre1/g/aos_shihuang/data/gtdb-r207/genomes_all/GCA_005798445.1.fna
GCF_000735345.1	GCF_006438725.1	0.8-0.85	p__Proteobacteria	0.8296	/lustre1/g/aos_shihuang/data/gtdb-r207/genomes_all/GCF_000735345.1.fna	/lustre1/g/aos_shihuang/data/gtdb-r207/genomes_all/GCF_006438725.1.fna
GCF_900109745.1	GCF_003387155.1	0.8-0.85	p__Proteobacteria	0.8329	/lustre1/g/aos_shihuang/data/gtdb-r207/genomes_all/GCF_900109745.1.fna	/lustre1/g/aos_shihuang/data/gtdb-r207/genomes_all/GCF_003387155.1.fna
GCF_900116015.1	GCF_001888805.2	0.8-0.85	p__Proteobacteria	0.8442	/lustre1/g/aos_shihuang/data/gtdb-r207/genomes_all/GCF_900116015.1.fna	/lustre1/g/aos_shihuang/data/gtdb-r207/genomes_all/GCF_001888805.2.fna
GCF_000526275.1	GCF_900142185.1	0.8-0.85	p__Proteobacteria	0.8265	/lustre1/g/aos_shihuang/data/gtdb-r207/genomes_all/GCF_000526275.1.fna	/lustre1/g/aos_shihuang/data/gtdb-r207/genomes_all/GCF_900142185.1.fna
GCA_903909015.1	GCA_903953055.1	0.8-0.85	p__Proteobacteria	0.8465	/lustre1/g/aos_shihuang/data/gtdb-r207/genomes_all/GCA_903909015.1.fna	/lustre1/g/aos_shihuang/data/gtdb-r207/genomes_all/GCA_903953055.1.fna
GCF_001468395.1	GCF_014595975.1	0.8-0.85	p__Proteobacteria	0.8400	/lustre1/g/aos_shihuang/data/gtdb-r207/genomes_all/GCF_001468395.1.fna	/lustre1/g/aos_shihuang/data/gtdb-r207/genomes_all/GCF_014595975.1.fna
GCF_000312485.1	GCF_001155565.1	0.8-0.85	p__Proteobacteria	0.8381	/lustre1/g/aos_shihuang/data/gtdb-r207/genomes_all/GCF_000312485.1.fna	/lustre1/g/aos_shihuang/data/gtdb-r207/genomes_all/GCF_001155565.1.fna
GCA_002320455.1	GCF_003788585.1	0.8-0.85	p__Proteobacteria	0.8381	/lustre1/g/aos_shihuang/data/gtdb-r207/genomes_all/GCA_002320455.1.fna	/lustre1/g/aos_shihuang/data/gtdb-r207/genomes_all/GCF_003788585.1.fna
GCF_004115925.1	GCF_001652505.2	0.8-0.85	p__Proteobacteria	0.8462	/lustre1/g/aos_shihuang/data/gtdb-r207/genomes_all/GCF_004115925.1.fna	/lustre1/g/aos_shihuang/data/gtdb-r207/genomes_all/GCF_001652505.2.fna
GCA_016704435.1	GCA_018058035.1	0.8-0.85	p__Proteobacteria	0.8389	/lustre1/g/aos_shihuang/data/gtdb-r207/genomes_all/GCA_016704435.1.fna	/lustre1/g/aos_shihuang/data/gtdb-r207/genomes_all/GCA_018058035.1.fna
GCF_005222785.1	GCF_002900975.1	0.8-0.85	p__Proteobacteria	0.8339	/lustre1/g/aos_shihuang/data/gtdb-r207/genomes_all/GCF_005222785.1.fna	/lustre1/g/aos_shihuang/data/gtdb-r207/genomes_all/GCF_002900975.1.fna
GCF_000175255.2	GCF_006715975.1	0.8-0.85	p__Proteobacteria	0.8459	/lustre1/g/aos_shihuang/data/gtdb-r207/genomes_all/GCF_000175255.2.fna	/lustre1/g/aos_shihuang/data/gtdb-r207/genomes_all/GCF_006715975.1.fna
GCF_900111105.1	GCF_018494085.1	0.8-0.85	p__Proteobacteria	0.8314	/lustre1/g/aos_shihuang/data/gtdb-r207/genomes_all/GCF_900111105.1.fna	/lustre1/g/aos_shihuang/data/gtdb-r207/genomes_all/GCF_018494085.1.fna
GCF_015234305.1	GCA_002421005.1	0.8-0.85	p__Proteobacteria	0.8459	/lustre1/g/aos_shihuang/data/gtdb-r207/genomes_all/GCF_015234305.1.fna	/lustre1/g/aos_shihuang/data/gtdb-r207/genomes_all/GCA_002421005.1.fna
GCF_013283195.1	GCF_016919405.1	0.8-0.85	p__Proteobacteria	0.8407	/lustre1/g/aos_shihuang/data/gtdb-r207/genomes_all/GCF_013283195.1.fna	/lustre1/g/aos_shihuang/data/gtdb-r207/genomes_all/GCF_016919405.1.fna
GCF_900109145.1	GCA_006226775.1	0.8-0.85	p__Proteobacteria	0.8327	/lustre1/g/aos_shihuang/data/gtdb-r207/genomes_all/GCF_900109145.1.fna	/lustre1/g/aos_shihuang/data/gtdb-r207/genomes_all/GCA_006226775.1.fna
GCF_002002905.1	GCF_003201855.1	0.8-0.85	p__Proteobacteria	0.8467	/lustre1/g/aos_shihuang/data/gtdb-r207/genomes_all/GCF_002002905.1.fna	/lustre1/g/aos_shihuang/data/gtdb-r207/genomes_all/GCF_003201855.1.fna
GCF_001676055.1	GCF_003996855.1	0.8-0.85	p__Proteobacteria	0.8336	/lustre1/g/aos_shihuang/data/gtdb-r207/genomes_all/GCF_001676055.1.fna	/lustre1/g/aos_shihuang/data/gtdb-r207/genomes_all/GCF_003996855.1.fna
GCA_018670435.1	GCA_018667355.1	0.8-0.85	p__Proteobacteria	0.8223	/lustre1/g/aos_shihuang/data/gtdb-r207/genomes_all/GCA_018670435.1.fna	/lustre1/g/aos_shihuang/data/gtdb-r207/genomes_all/GCA_018667355.1.fna
GCA_016794005.1	GCA_016794025.1	0.8-0.85	p__Proteobacteria	0.8475	/lustre1/g/aos_shihuang/data/gtdb-r207/genomes_all/GCA_016794005.1.fna	/lustre1/g/aos_shihuang/data/gtdb-r207/genomes_all/GCA_016794025.1.fna
GCA_003695905.1	GCA_015488115.1	0.8-0.85	p__Proteobacteria	0.8382	/lustre1/g/aos_shihuang/data/gtdb-r207/genomes_all/GCA_003695905.1.fna	/lustre1/g/aos_shihuang/data/gtdb-r207/genomes_all/GCA_015488115.1.fna
GCA_902518075.1	GCA_016778085.1	0.8-0.85	p__Proteobacteria	0.8331	/lustre1/g/aos_shihuang/data/gtdb-r207/genomes_all/GCA_902518075.1.fna	/lustre1/g/aos_shihuang/data/gtdb-r207/genomes_all/GCA_016778085.1.fna
GCA_009776435.1	GCA_009782565.1	0.8-0.85	p__Proteobacteria	0.8295	/lustre1/g/aos_shihuang/data/gtdb-r207/genomes_all/GCA_009776435.1.fna	/lustre1/g/aos_shihuang/data/gtdb-r207/genomes_all/GCA_009782565.1.fna
GCF_000319385.1	GCF_000510265.1	0.8-0.85	p__Proteobacteria	0.8300	/lustre1/g/aos_shihuang/data/gtdb-r207/genomes_all/GCF_000319385.1.fna	/lustre1/g/aos_shihuang/data/gtdb-r207/genomes_all/GCF_000510265.1.fna
GCF_900107095.1	GCF_002564105.1	0.8-0.85	p__Proteobacteria	0.8441	/lustre1/g/aos_shihuang/data/gtdb-r207/genomes_all/GCF_900107095.1.fna	/lustre1/g/aos_shihuang/data/gtdb-r207/genomes_all/GCF_002564105.1.fna
GCF_004296575.1	GCF_014297575.1	0.8-0.85	p__Proteobacteria	0.8404	/lustre1/g/aos_shihuang/data/gtdb-r207/genomes_all/GCF_004296575.1.fna	/lustre1/g/aos_shihuang/data/gtdb-r207/genomes_all/GCF_014297575.1.fna
GCA_002709005.1	GCF_004354915.1	0.8-0.85	p__Proteobacteria	0.8355	/lustre1/g/aos_shihuang/data/gtdb-r207/genomes_all/GCA_002709005.1.fna	/lustre1/g/aos_shihuang/data/gtdb-r207/genomes_all/GCF_004354915.1.fna
GCA_900455085.1	GCF_001874625.1	0.8-0.85	p__Proteobacteria	0.8467	/lustre1/g/aos_shihuang/data/gtdb-r207/genomes_all/GCA_900455085.1.fna	/lustre1/g/aos_shihuang/data/gtdb-r207/genomes_all/GCF_001874625.1.fna
GCA_016869285.1	GCA_016792585.1	0.8-0.85	p__Proteobacteria	0.8421	/lustre1/g/aos_shihuang/data/gtdb-r207/genomes_all/GCA_016869285.1.fna	/lustre1/g/aos_shihuang/data/gtdb-r207/genomes_all/GCA_016792585.1.fna
GCF_000186705.1	GCA_002729695.1	0.8-0.85	p__Proteobacteria	0.8323	/lustre1/g/aos_shihuang/data/gtdb-r207/genomes_all/GCF_000186705.1.fna	/lustre1/g/aos_shihuang/data/gtdb-r207/genomes_all/GCA_002729695.1.fna
GCF_003260095.1	GCF_901764975.1	0.8-0.85	p__Proteobacteria	0.8290	/lustre1/g/aos_shihuang/data/gtdb-r207/genomes_all/GCF_003260095.1.fna	/lustre1/g/aos_shihuang/data/gtdb-r207/genomes_all/GCF_901764975.1.fna
GCA_903832735.1	GCA_903904605.1	0.8-0.85	p__Proteobacteria	0.8402	/lustre1/g/aos_shihuang/data/gtdb-r207/genomes_all/GCA_903832735.1.fna	/lustre1/g/aos_shihuang/data/gtdb-r207/genomes_all/GCA_903904605.1.fna
GCF_000474945.1	GCF_000382285.1	0.8-0.85	p__Proteobacteria	0.8478	/lustre1/g/aos_shihuang/data/gtdb-r207/genomes_all/GCF_000474945.1.fna	/lustre1/g/aos_shihuang/data/gtdb-r207/genomes_all/GCF_000382285.1.fna
GCF_010131535.1	GCA_015654925.1	0.8-0.85	p__Proteobacteria	0.8329	/lustre1/g/aos_shihuang/data/gtdb-r207/genomes_all/GCF_010131535.1.fna	/lustre1/g/aos_shihuang/data/gtdb-r207/genomes_all/GCA_015654925.1.fna
GCF_004362405.1	GCF_015624425.1	0.8-0.85	p__Proteobacteria	0.8479	/lustre1/g/aos_shihuang/data/gtdb-r207/genomes_all/GCF_004362405.1.fna	/lustre1/g/aos_shihuang/data/gtdb-r207/genomes_all/GCF_015624425.1.fna
GCF_011302915.1	GCF_014396975.1	0.8-0.85	p__Proteobacteria	0.8318	/lustre1/g/aos_shihuang/data/gtdb-r207/genomes_all/GCF_011302915.1.fna	/lustre1/g/aos_shihuang/data/gtdb-r207/genomes_all/GCF_014396975.1.fna
GCF_000378405.1	GCA_902776415.1	0.8-0.85	p__Proteobacteria	0.8434	/lustre1/g/aos_shihuang/data/gtdb-r207/genomes_all/GCF_000378405.1.fna	/lustre1/g/aos_shihuang/data/gtdb-r207/genomes_all/GCA_902776415.1.fna
GCF_900454865.1	GCF_002850605.1	0.8-0.85	p__Proteobacteria	0.8436	/lustre1/g/aos_shihuang/data/gtdb-r207/genomes_all/GCF_900454865.1.fna	/lustre1/g/aos_shihuang/data/gtdb-r207/genomes_all/GCF_002850605.1.fna
GCA_902624425.1	GCA_902605165.1	0.8-0.85	p__Proteobacteria	0.8331	/lustre1/g/aos_shihuang/data/gtdb-r207/genomes_all/GCA_902624425.1.fna	/lustre1/g/aos_shihuang/data/gtdb-r207/genomes_all/GCA_902605165.1.fna
GCA_009668205.1	GCF_900215375.1	0.8-0.85	p__Proteobacteria	0.8431	/lustre1/g/aos_shihuang/data/gtdb-r207/genomes_all/GCA_009668205.1.fna	/lustre1/g/aos_shihuang/data/gtdb-r207/genomes_all/GCF_900215375.1.fna
GCF_003076595.1	GCF_001660005.1	0.8-0.85	p__Spirochaetota	0.8354	/lustre1/g/aos_shihuang/data/gtdb-r207/genomes_all/GCF_003076595.1.fna	/lustre1/g/aos_shihuang/data/gtdb-r207/genomes_all/GCF_001660005.1.fna
GCF_000445425.4	GCF_000500065.1	0.8-0.85	p__Spirochaetota	0.8333	/lustre1/g/aos_shihuang/data/gtdb-r207/genomes_all/GCF_000445425.4.fna	/lustre1/g/aos_shihuang/data/gtdb-r207/genomes_all/GCF_000500065.1.fna
GCF_000445425.4	GCF_000500045.1	0.8-0.85	p__Spirochaetota	0.8339	/lustre1/g/aos_shihuang/data/gtdb-r207/genomes_all/GCF_000445425.4.fna	/lustre1/g/aos_shihuang/data/gtdb-r207/genomes_all/GCF_000500045.1.fna
GCF_000332455.1	GCF_004769235.1	0.8-0.85	p__Spirochaetota	0.8449	/lustre1/g/aos_shihuang/data/gtdb-r207/genomes_all/GCF_000332455.1.fna	/lustre1/g/aos_shihuang/data/gtdb-r207/genomes_all/GCF_004769235.1.fna
GCF_011812965.1	GCF_011812995.1	0.8-0.85	p__Spirochaetota	0.8267	/lustre1/g/aos_shihuang/data/gtdb-r207/genomes_all/GCF_011812965.1.fna	/lustre1/g/aos_shihuang/data/gtdb-r207/genomes_all/GCF_011812995.1.fna
GCA_009908925.1	GCA_009908735.1	0.8-0.85	p__Spirochaetota	0.8432	/lustre1/g/aos_shihuang/data/gtdb-r207/genomes_all/GCA_009908925.1.fna	/lustre1/g/aos_shihuang/data/gtdb-r207/genomes_all/GCA_009908735.1.fna
GCF_001701045.1	GCF_000585335.1	0.8-0.85	p__Synergistota	0.8405	/lustre1/g/aos_shihuang/data/gtdb-r207/genomes_all/GCF_001701045.1.fna	/lustre1/g/aos_shihuang/data/gtdb-r207/genomes_all/GCF_000585335.1.fna
GCA_018398915.1	GCA_016756725.1	0.8-0.85	p__Synergistota	0.8442	/lustre1/g/aos_shihuang/data/gtdb-r207/genomes_all/GCA_018398915.1.fna	/lustre1/g/aos_shihuang/data/gtdb-r207/genomes_all/GCA_016756725.1.fna
GCA_002504905.1	GCA_902593945.1	0.8-0.85	p__Thermoplasmatota	0.8446	/lustre1/g/aos_shihuang/data/gtdb-r207/genomes_all/GCA_002504905.1.fna	/lustre1/g/aos_shihuang/data/gtdb-r207/genomes_all/GCA_902593945.1.fna
GCA_905202485.1	GCF_000404225.1	0.8-0.85	p__Thermoplasmatota	0.8413	/lustre1/g/aos_shihuang/data/gtdb-r207/genomes_all/GCA_905202485.1.fna	/lustre1/g/aos_shihuang/data/gtdb-r207/genomes_all/GCF_000404225.1.fna
GCA_002502095.1	GCA_002506825.1	0.8-0.85	p__Thermoplasmatota	0.8181	/lustre1/g/aos_shihuang/data/gtdb-r207/genomes_all/GCA_002502095.1.fna	/lustre1/g/aos_shihuang/data/gtdb-r207/genomes_all/GCA_002506825.1.fna
GCA_002498205.1	GCA_002692465.1	0.8-0.85	p__Thermoplasmatota	0.8445	/lustre1/g/aos_shihuang/data/gtdb-r207/genomes_all/GCA_002498205.1.fna	/lustre1/g/aos_shihuang/data/gtdb-r207/genomes_all/GCA_002692465.1.fna
GCA_001421175.1	GCA_012522645.1	0.8-0.85	p__Thermoplasmatota	0.8446	/lustre1/g/aos_shihuang/data/gtdb-r207/genomes_all/GCA_001421175.1.fna	/lustre1/g/aos_shihuang/data/gtdb-r207/genomes_all/GCA_012522645.1.fna
GCA_003135935.1	GCA_003153895.1	0.8-0.85	p__Thermoplasmatota	0.8395	/lustre1/g/aos_shihuang/data/gtdb-r207/genomes_all/GCA_003135935.1.fna	/lustre1/g/aos_shihuang/data/gtdb-r207/genomes_all/GCA_003153895.1.fna
GCA_015520565.1	GCF_000025665.1	0.8-0.85	p__Thermoplasmatota	0.8358	/lustre1/g/aos_shihuang/data/gtdb-r207/genomes_all/GCA_015520565.1.fna	/lustre1/g/aos_shihuang/data/gtdb-r207/genomes_all/GCF_000025665.1.fna
GCA_012729095.1	GCA_013329565.1	0.8-0.85	p__Thermoplasmatota	0.8436	/lustre1/g/aos_shihuang/data/gtdb-r207/genomes_all/GCA_012729095.1.fna	/lustre1/g/aos_shihuang/data/gtdb-r207/genomes_all/GCA_013329565.1.fna
GCA_002504525.1	GCA_001421185.1	0.8-0.85	p__Thermoplasmatota	0.8300	/lustre1/g/aos_shihuang/data/gtdb-r207/genomes_all/GCA_002504525.1.fna	/lustre1/g/aos_shihuang/data/gtdb-r207/genomes_all/GCA_001421185.1.fna
GCA_902563095.1	GCA_002709705.1	0.8-0.85	p__Thermoplasmatota	0.8199	/lustre1/g/aos_shihuang/data/gtdb-r207/genomes_all/GCA_902563095.1.fna	/lustre1/g/aos_shihuang/data/gtdb-r207/genomes_all/GCA_002709705.1.fna
GCA_002696315.1	GCA_002720275.1	0.8-0.85	p__Thermoplasmatota	0.8199	/lustre1/g/aos_shihuang/data/gtdb-r207/genomes_all/GCA_002696315.1.fna	/lustre1/g/aos_shihuang/data/gtdb-r207/genomes_all/GCA_002720275.1.fna
GCA_002722135.1	GCA_003602635.1	0.8-0.85	p__Thermoplasmatota	0.8450	/lustre1/g/aos_shihuang/data/gtdb-r207/genomes_all/GCA_002722135.1.fna	/lustre1/g/aos_shihuang/data/gtdb-r207/genomes_all/GCA_003602635.1.fna
GCA_014361245.1	GCA_014361195.1	0.8-0.85	p__Thermoplasmatota	0.8163	/lustre1/g/aos_shihuang/data/gtdb-r207/genomes_all/GCA_014361245.1.fna	/lustre1/g/aos_shihuang/data/gtdb-r207/genomes_all/GCA_014361195.1.fna
GCA_011369655.1	GCA_018396815.1	0.8-0.85	p__Thermoproteota	0.8463	/lustre1/g/aos_shihuang/data/gtdb-r207/genomes_all/GCA_011369655.1.fna	/lustre1/g/aos_shihuang/data/gtdb-r207/genomes_all/GCA_018396815.1.fna
GCF_000092185.1	GCA_011053855.1	0.8-0.85	p__Thermoproteota	0.8469	/lustre1/g/aos_shihuang/data/gtdb-r207/genomes_all/GCF_000092185.1.fna	/lustre1/g/aos_shihuang/data/gtdb-r207/genomes_all/GCA_011053855.1.fna
GCA_002495905.1	GCA_013306035.1	0.8-0.85	p__Thermoproteota	0.8295	/lustre1/g/aos_shihuang/data/gtdb-r207/genomes_all/GCA_002495905.1.fna	/lustre1/g/aos_shihuang/data/gtdb-r207/genomes_all/GCA_013306035.1.fna
GCA_002737445.1	GCA_005798405.1	0.8-0.85	p__Thermoproteota	0.8377	/lustre1/g/aos_shihuang/data/gtdb-r207/genomes_all/GCA_002737445.1.fna	/lustre1/g/aos_shihuang/data/gtdb-r207/genomes_all/GCA_005798405.1.fna
GCA_002506595.1	GCF_000317795.1	0.8-0.85	p__Thermoproteota	0.8356	/lustre1/g/aos_shihuang/data/gtdb-r207/genomes_all/GCA_002506595.1.fna	/lustre1/g/aos_shihuang/data/gtdb-r207/genomes_all/GCF_000317795.1.fna
GCA_016927895.1	GCA_001273335.1	0.8-0.85	p__Thermoproteota	0.8256	/lustre1/g/aos_shihuang/data/gtdb-r207/genomes_all/GCA_016927895.1.fna	/lustre1/g/aos_shihuang/data/gtdb-r207/genomes_all/GCA_001273335.1.fna
GCA_016927015.1	GCA_001273335.1	0.8-0.85	p__Thermoproteota	0.8304	/lustre1/g/aos_shihuang/data/gtdb-r207/genomes_all/GCA_016927015.1.fna	/lustre1/g/aos_shihuang/data/gtdb-r207/genomes_all/GCA_001273335.1.fna
GCA_013288545.1	GCF_900167955.1	0.8-0.85	p__Thermoproteota	0.8355	/lustre1/g/aos_shihuang/data/gtdb-r207/genomes_all/GCA_013288545.1.fna	/lustre1/g/aos_shihuang/data/gtdb-r207/genomes_all/GCF_900167955.1.fna
GCA_001717025.1	GCA_001717035.1	0.8-0.85	p__Thermoproteota	0.8237	/lustre1/g/aos_shihuang/data/gtdb-r207/genomes_all/GCA_001717025.1.fna	/lustre1/g/aos_shihuang/data/gtdb-r207/genomes_all/GCA_001717035.1.fna
GCA_005798405.1	GCA_000204585.1	0.8-0.85	p__Thermoproteota	0.8417	/lustre1/g/aos_shihuang/data/gtdb-r207/genomes_all/GCA_005798405.1.fna	/lustre1/g/aos_shihuang/data/gtdb-r207/genomes_all/GCA_000204585.1.fna
GCA_011338225.1	GCA_018396775.1	0.8-0.85	p__Thermoproteota	0.8381	/lustre1/g/aos_shihuang/data/gtdb-r207/genomes_all/GCA_011338225.1.fna	/lustre1/g/aos_shihuang/data/gtdb-r207/genomes_all/GCA_018396775.1.fna
GCA_016784625.1	GCA_013215285.1	0.8-0.85	p__Thermoproteota	0.8488	/lustre1/g/aos_shihuang/data/gtdb-r207/genomes_all/GCA_016784625.1.fna	/lustre1/g/aos_shihuang/data/gtdb-r207/genomes_all/GCA_013215285.1.fna
GCA_004322465.1	GCA_016844685.1	0.8-0.85	p__Thermoproteota	0.8439	/lustre1/g/aos_shihuang/data/gtdb-r207/genomes_all/GCA_004322465.1.fna	/lustre1/g/aos_shihuang/data/gtdb-r207/genomes_all/GCA_016844685.1.fna
GCA_011362045.1	GCA_017601345.1	0.8-0.85	p__Thermoproteota	0.8439	/lustre1/g/aos_shihuang/data/gtdb-r207/genomes_all/GCA_011362045.1.fna	/lustre1/g/aos_shihuang/data/gtdb-r207/genomes_all/GCA_017601345.1.fna
GCA_011605775.1	GCA_011355215.1	0.8-0.85	p__Thermoproteota	0.8401	/lustre1/g/aos_shihuang/data/gtdb-r207/genomes_all/GCA_011605775.1.fna	/lustre1/g/aos_shihuang/data/gtdb-r207/genomes_all/GCA_011355215.1.fna
GCA_018396815.1	GCA_018396775.1	0.8-0.85	p__Thermoproteota	0.8414	/lustre1/g/aos_shihuang/data/gtdb-r207/genomes_all/GCA_018396815.1.fna	/lustre1/g/aos_shihuang/data/gtdb-r207/genomes_all/GCA_018396775.1.fna
GCA_011605825.1	GCA_011372955.1	0.8-0.85	p__Thermoproteota	0.8437	/lustre1/g/aos_shihuang/data/gtdb-r207/genomes_all/GCA_011605825.1.fna	/lustre1/g/aos_shihuang/data/gtdb-r207/genomes_all/GCA_011372955.1.fna
GCA_009889515.1	GCA_002898395.1	0.8-0.85	p__Thermoproteota	0.8280	/lustre1/g/aos_shihuang/data/gtdb-r207/genomes_all/GCA_009889515.1.fna	/lustre1/g/aos_shihuang/data/gtdb-r207/genomes_all/GCA_002898395.1.fna
GCA_001316125.1	GCA_001316285.1	0.8-0.85	p__Thermoproteota	0.8315	/lustre1/g/aos_shihuang/data/gtdb-r207/genomes_all/GCA_001316125.1.fna	/lustre1/g/aos_shihuang/data/gtdb-r207/genomes_all/GCA_001316285.1.fna
GCA_017557885.1	GCA_017650925.1	0.8-0.85	p__UBA3054	0.8429	/lustre1/g/aos_shihuang/data/gtdb-r207/genomes_all/GCA_017557885.1.fna	/lustre1/g/aos_shihuang/data/gtdb-r207/genomes_all/GCA_017650925.1.fna
GCA_016933315.1	GCA_002440765.1	0.8-0.85	p__UBA6266	0.8428	/lustre1/g/aos_shihuang/data/gtdb-r207/genomes_all/GCA_016933315.1.fna	/lustre1/g/aos_shihuang/data/gtdb-r207/genomes_all/GCA_002440765.1.fna
GCA_017645765.1	GCA_002310035.1	0.8-0.85	p__UBP6	0.8402	/lustre1/g/aos_shihuang/data/gtdb-r207/genomes_all/GCA_017645765.1.fna	/lustre1/g/aos_shihuang/data/gtdb-r207/genomes_all/GCA_002310035.1.fna
GCA_905479975.1	GCF_902728235.1	0.8-0.85	p__Verrucomicrobiota	0.8353	/lustre1/g/aos_shihuang/data/gtdb-r207/genomes_all/GCA_905479975.1.fna	/lustre1/g/aos_shihuang/data/gtdb-r207/genomes_all/GCF_902728235.1.fna
GCA_005777315.1	GCA_009695275.1	0.8-0.85	p__Verrucomicrobiota	0.8414	/lustre1/g/aos_shihuang/data/gtdb-r207/genomes_all/GCA_005777315.1.fna	/lustre1/g/aos_shihuang/data/gtdb-r207/genomes_all/GCA_009695275.1.fna
GCA_016871755.1	GCA_903862595.1	0.8-0.85	p__Verrucomicrobiota	0.8458	/lustre1/g/aos_shihuang/data/gtdb-r207/genomes_all/GCA_016871755.1.fna	/lustre1/g/aos_shihuang/data/gtdb-r207/genomes_all/GCA_903862595.1.fna
GCA_019243005.1	GCA_019247695.1	0.8-0.85	p__Verrucomicrobiota	0.8479	/lustre1/g/aos_shihuang/data/gtdb-r207/genomes_all/GCA_019243005.1.fna	/lustre1/g/aos_shihuang/data/gtdb-r207/genomes_all/GCA_019247695.1.fna
GCF_011044495.1	GCF_003315205.1	0.8-0.85	p__Verrucomicrobiota	0.8347	/lustre1/g/aos_shihuang/data/gtdb-r207/genomes_all/GCF_011044495.1.fna	/lustre1/g/aos_shihuang/data/gtdb-r207/genomes_all/GCF_003315205.1.fna
GCA_903831825.1	GCA_903863035.1	0.8-0.85	p__Verrucomicrobiota	0.8468	/lustre1/g/aos_shihuang/data/gtdb-r207/genomes_all/GCA_903831825.1.fna	/lustre1/g/aos_shihuang/data/gtdb-r207/genomes_all/GCA_903863035.1.fna
GCA_002708885.1	GCA_902591645.1	0.8-0.85	p__Verrucomicrobiota	0.8443	/lustre1/g/aos_shihuang/data/gtdb-r207/genomes_all/GCA_002708885.1.fna	/lustre1/g/aos_shihuang/data/gtdb-r207/genomes_all/GCA_902591645.1.fna
GCA_003532555.1	GCA_002338345.1	0.8-0.85	p__Verrucomicrobiota	0.8431	/lustre1/g/aos_shihuang/data/gtdb-r207/genomes_all/GCA_003532555.1.fna	/lustre1/g/aos_shihuang/data/gtdb-r207/genomes_all/GCA_002338345.1.fna
GCA_017450695.1	GCA_017544725.1	0.8-0.85	p__Verrucomicrobiota	0.8444	/lustre1/g/aos_shihuang/data/gtdb-r207/genomes_all/GCA_017450695.1.fna	/lustre1/g/aos_shihuang/data/gtdb-r207/genomes_all/GCA_017544725.1.fna
GCA_009697455.1	GCA_005808865.1	0.85-0.9	p__Acidobacteriota	0.8932	/lustre1/g/aos_shihuang/data/gtdb-r207/genomes_all/GCA_009697455.1.fna	/lustre1/g/aos_shihuang/data/gtdb-r207/genomes_all/GCA_005808865.1.fna
GCA_013822245.1	GCA_014860455.1	0.85-0.9	p__Acidobacteriota	0.8917	/lustre1/g/aos_shihuang/data/gtdb-r207/genomes_all/GCA_013822245.1.fna	/lustre1/g/aos_shihuang/data/gtdb-r207/genomes_all/GCA_014860455.1.fna
GCA_009694745.1	GCA_016716905.1	0.85-0.9	p__Acidobacteriota	0.8858	/lustre1/g/aos_shihuang/data/gtdb-r207/genomes_all/GCA_009694745.1.fna	/lustre1/g/aos_shihuang/data/gtdb-r207/genomes_all/GCA_016716905.1.fna
GCA_011053445.1	GCA_011056055.1	0.85-0.9	p__Acidobacteriota	0.8695	/lustre1/g/aos_shihuang/data/gtdb-r207/genomes_all/GCA_011053445.1.fna	/lustre1/g/aos_shihuang/data/gtdb-r207/genomes_all/GCA_011056055.1.fna
GCA_009845425.1	GCA_012270995.1	0.85-0.9	p__Acidobacteriota	0.8742	/lustre1/g/aos_shihuang/data/gtdb-r207/genomes_all/GCA_009845425.1.fna	/lustre1/g/aos_shihuang/data/gtdb-r207/genomes_all/GCA_012270995.1.fna
GCA_012719455.1	GCA_016934555.1	0.85-0.9	p__Acidobacteriota	0.8682	/lustre1/g/aos_shihuang/data/gtdb-r207/genomes_all/GCA_012719455.1.fna	/lustre1/g/aos_shihuang/data/gtdb-r207/genomes_all/GCA_016934555.1.fna
GCA_004377005.1	GCA_011773465.1	0.85-0.9	p__Acidobacteriota	0.8873	/lustre1/g/aos_shihuang/data/gtdb-r207/genomes_all/GCA_004377005.1.fna	/lustre1/g/aos_shihuang/data/gtdb-r207/genomes_all/GCA_011773465.1.fna
GCA_902505605.1	GCA_005223145.1	0.85-0.9	p__Acidobacteriota	0.8811	/lustre1/g/aos_shihuang/data/gtdb-r207/genomes_all/GCA_902505605.1.fna	/lustre1/g/aos_shihuang/data/gtdb-r207/genomes_all/GCA_005223145.1.fna
GCA_003132145.1	GCA_003142215.1	0.85-0.9	p__Acidobacteriota	0.8869	/lustre1/g/aos_shihuang/data/gtdb-r207/genomes_all/GCA_003132145.1.fna	/lustre1/g/aos_shihuang/data/gtdb-r207/genomes_all/GCA_003142215.1.fna
GCA_011049425.1	GCA_016926835.1	0.85-0.9	p__Acidobacteriota	0.8601	/lustre1/g/aos_shihuang/data/gtdb-r207/genomes_all/GCA_011049425.1.fna	/lustre1/g/aos_shihuang/data/gtdb-r207/genomes_all/GCA_016926835.1.fna
GCA_003170915.1	GCA_003142355.1	0.85-0.9	p__Acidobacteriota	0.8853	/lustre1/g/aos_shihuang/data/gtdb-r207/genomes_all/GCA_003170915.1.fna	/lustre1/g/aos_shihuang/data/gtdb-r207/genomes_all/GCA_003142355.1.fna
GCA_009861545.1	GCA_011523845.1	0.85-0.9	p__Acidobacteriota	0.8632	/lustre1/g/aos_shihuang/data/gtdb-r207/genomes_all/GCA_009861545.1.fna	/lustre1/g/aos_shihuang/data/gtdb-r207/genomes_all/GCA_011523845.1.fna
GCA_017998715.1	GCA_018057705.1	0.85-0.9	p__Acidobacteriota	0.8540	/lustre1/g/aos_shihuang/data/gtdb-r207/genomes_all/GCA_017998715.1.fna	/lustre1/g/aos_shihuang/data/gtdb-r207/genomes_all/GCA_018057705.1.fna
GCA_003151335.1	GCA_003152695.1	0.85-0.9	p__Acidobacteriota	0.8992	/lustre1/g/aos_shihuang/data/gtdb-r207/genomes_all/GCA_003151335.1.fna	/lustre1/g/aos_shihuang/data/gtdb-r207/genomes_all/GCA_003152695.1.fna
GCA_019239425.1	GCA_019242475.1	0.85-0.9	p__Acidobacteriota	0.8874	/lustre1/g/aos_shihuang/data/gtdb-r207/genomes_all/GCA_019239425.1.fna	/lustre1/g/aos_shihuang/data/gtdb-r207/genomes_all/GCA_019242475.1.fna
GCA_002731215.1	GCA_002722645.1	0.85-0.9	p__Acidobacteriota	0.8916	/lustre1/g/aos_shihuang/data/gtdb-r207/genomes_all/GCA_002731215.1.fna	/lustre1/g/aos_shihuang/data/gtdb-r207/genomes_all/GCA_002722645.1.fna
GCA_011523845.1	GCA_011523485.1	0.85-0.9	p__Acidobacteriota	0.8730	/lustre1/g/aos_shihuang/data/gtdb-r207/genomes_all/GCA_011523845.1.fna	/lustre1/g/aos_shihuang/data/gtdb-r207/genomes_all/GCA_011523485.1.fna
GCA_003152325.1	GCA_003167255.1	0.85-0.9	p__Acidobacteriota	0.8880	/lustre1/g/aos_shihuang/data/gtdb-r207/genomes_all/GCA_003152325.1.fna	/lustre1/g/aos_shihuang/data/gtdb-r207/genomes_all/GCA_003167255.1.fna
GCA_016716705.1	GCA_016714815.1	0.85-0.9	p__Acidobacteriota	0.8912	/lustre1/g/aos_shihuang/data/gtdb-r207/genomes_all/GCA_016716705.1.fna	/lustre1/g/aos_shihuang/data/gtdb-r207/genomes_all/GCA_016714815.1.fna
GCA_903937385.1	GCA_903880675.1	0.85-0.9	p__Acidobacteriota	0.8508	/lustre1/g/aos_shihuang/data/gtdb-r207/genomes_all/GCA_903937385.1.fna	/lustre1/g/aos_shihuang/data/gtdb-r207/genomes_all/GCA_903880675.1.fna
GCA_009837085.1	GCA_012270995.1	0.85-0.9	p__Acidobacteriota	0.8807	/lustre1/g/aos_shihuang/data/gtdb-r207/genomes_all/GCA_009837085.1.fna	/lustre1/g/aos_shihuang/data/gtdb-r207/genomes_all/GCA_012270995.1.fna
GCA_012270995.1	GCA_009843505.1	0.85-0.9	p__Acidobacteriota	0.8705	/lustre1/g/aos_shihuang/data/gtdb-r207/genomes_all/GCA_012270995.1.fna	/lustre1/g/aos_shihuang/data/gtdb-r207/genomes_all/GCA_009843505.1.fna
GCA_016719485.1	GCA_002414905.1	0.85-0.9	p__Acidobacteriota	0.8697	/lustre1/g/aos_shihuang/data/gtdb-r207/genomes_all/GCA_016719485.1.fna	/lustre1/g/aos_shihuang/data/gtdb-r207/genomes_all/GCA_002414905.1.fna
GCF_003344865.1	GCF_003073135.1	0.85-0.9	p__Actinobacteriota	0.8884	/lustre1/g/aos_shihuang/data/gtdb-r207/genomes_all/GCF_003344865.1.fna	/lustre1/g/aos_shihuang/data/gtdb-r207/genomes_all/GCF_003073135.1.fna
GCF_018324685.1	GCF_016865425.1	0.85-0.9	p__Actinobacteriota	0.8932	/lustre1/g/aos_shihuang/data/gtdb-r207/genomes_all/GCF_018324685.1.fna	/lustre1/g/aos_shihuang/data/gtdb-r207/genomes_all/GCF_016865425.1.fna
GCA_018896525.1	GCA_018894655.1	0.85-0.9	p__Actinobacteriota	0.8590	/lustre1/g/aos_shihuang/data/gtdb-r207/genomes_all/GCA_018896525.1.fna	/lustre1/g/aos_shihuang/data/gtdb-r207/genomes_all/GCA_018894655.1.fna
GCF_001423185.1	GCF_900177795.1	0.85-0.9	p__Actinobacteriota	0.8832	/lustre1/g/aos_shihuang/data/gtdb-r207/genomes_all/GCF_001423185.1.fna	/lustre1/g/aos_shihuang/data/gtdb-r207/genomes_all/GCF_900177795.1.fna
GCF_900106035.1	GCF_003236295.1	0.85-0.9	p__Actinobacteriota	0.8876	/lustre1/g/aos_shihuang/data/gtdb-r207/genomes_all/GCF_900106035.1.fna	/lustre1/g/aos_shihuang/data/gtdb-r207/genomes_all/GCF_003236295.1.fna
GCF_002159915.1	GCF_002899695.1	0.85-0.9	p__Actinobacteriota	0.8900	/lustre1/g/aos_shihuang/data/gtdb-r207/genomes_all/GCF_002159915.1.fna	/lustre1/g/aos_shihuang/data/gtdb-r207/genomes_all/GCF_002899695.1.fna
GCF_900103975.1	GCA_014218215.1	0.85-0.9	p__Actinobacteriota	0.8545	/lustre1/g/aos_shihuang/data/gtdb-r207/genomes_all/GCF_900103975.1.fna	/lustre1/g/aos_shihuang/data/gtdb-r207/genomes_all/GCA_014218215.1.fna
GCF_006715515.1	GCF_014648255.1	0.85-0.9	p__Actinobacteriota	0.8902	/lustre1/g/aos_shihuang/data/gtdb-r207/genomes_all/GCF_006715515.1.fna	/lustre1/g/aos_shihuang/data/gtdb-r207/genomes_all/GCF_014648255.1.fna
GCA_003158895.1	GCA_003153855.1	0.85-0.9	p__Actinobacteriota	0.8621	/lustre1/g/aos_shihuang/data/gtdb-r207/genomes_all/GCA_003158895.1.fna	/lustre1/g/aos_shihuang/data/gtdb-r207/genomes_all/GCA_003153855.1.fna
GCA_905182565.1	GCA_905477545.1	0.85-0.9	p__Actinobacteriota	0.8954	/lustre1/g/aos_shihuang/data/gtdb-r207/genomes_all/GCA_905182565.1.fna	/lustre1/g/aos_shihuang/data/gtdb-r207/genomes_all/GCA_905477545.1.fna
GCA_019247305.1	GCA_019240665.1	0.85-0.9	p__Actinobacteriota	0.8503	/lustre1/g/aos_shihuang/data/gtdb-r207/genomes_all/GCA_019247305.1.fna	/lustre1/g/aos_shihuang/data/gtdb-r207/genomes_all/GCA_019240665.1.fna
GCF_900108585.1	GCA_001594145.1	0.85-0.9	p__Actinobacteriota	0.8667	/lustre1/g/aos_shihuang/data/gtdb-r207/genomes_all/GCF_900108585.1.fna	/lustre1/g/aos_shihuang/data/gtdb-r207/genomes_all/GCA_001594145.1.fna
GCF_003387475.1	GCF_018263855.1	0.85-0.9	p__Actinobacteriota	0.8788	/lustre1/g/aos_shihuang/data/gtdb-r207/genomes_all/GCF_003387475.1.fna	/lustre1/g/aos_shihuang/data/gtdb-r207/genomes_all/GCF_018263855.1.fna
GCF_016862555.1	GCF_003387075.1	0.85-0.9	p__Actinobacteriota	0.8540	/lustre1/g/aos_shihuang/data/gtdb-r207/genomes_all/GCF_016862555.1.fna	/lustre1/g/aos_shihuang/data/gtdb-r207/genomes_all/GCF_003387075.1.fna
GCA_013698135.1	GCA_013812395.1	0.85-0.9	p__Actinobacteriota	0.8653	/lustre1/g/aos_shihuang/data/gtdb-r207/genomes_all/GCA_013698135.1.fna	/lustre1/g/aos_shihuang/data/gtdb-r207/genomes_all/GCA_013812395.1.fna
GCA_003170375.1	GCA_003166375.1	0.85-0.9	p__Actinobacteriota	0.8968	/lustre1/g/aos_shihuang/data/gtdb-r207/genomes_all/GCA_003170375.1.fna	/lustre1/g/aos_shihuang/data/gtdb-r207/genomes_all/GCA_003166375.1.fna
GCF_007991735.1	GCF_001429185.1	0.85-0.9	p__Actinobacteriota	0.8785	/lustre1/g/aos_shihuang/data/gtdb-r207/genomes_all/GCF_007991735.1.fna	/lustre1/g/aos_shihuang/data/gtdb-r207/genomes_all/GCF_001429185.1.fna
GCF_011250635.1	GCF_011250645.1	0.85-0.9	p__Actinobacteriota	0.8538	/lustre1/g/aos_shihuang/data/gtdb-r207/genomes_all/GCF_011250635.1.fna	/lustre1/g/aos_shihuang/data/gtdb-r207/genomes_all/GCF_011250645.1.fna
GCA_003170375.1	GCA_003139355.1	0.85-0.9	p__Actinobacteriota	0.8558	/lustre1/g/aos_shihuang/data/gtdb-r207/genomes_all/GCA_003170375.1.fna	/lustre1/g/aos_shihuang/data/gtdb-r207/genomes_all/GCA_003139355.1.fna
GCA_902373435.1	GCF_000411415.1	0.85-0.9	p__Actinobacteriota	0.8890	/lustre1/g/aos_shihuang/data/gtdb-r207/genomes_all/GCA_902373435.1.fna	/lustre1/g/aos_shihuang/data/gtdb-r207/genomes_all/GCF_000411415.1.fna
GCF_003550025.1	GCF_000515355.1	0.85-0.9	p__Actinobacteriota	0.8715	/lustre1/g/aos_shihuang/data/gtdb-r207/genomes_all/GCF_003550025.1.fna	/lustre1/g/aos_shihuang/data/gtdb-r207/genomes_all/GCF_000515355.1.fna
GCA_001767575.1	GCA_018333515.1	0.85-0.9	p__Actinobacteriota	0.8834	/lustre1/g/aos_shihuang/data/gtdb-r207/genomes_all/GCA_001767575.1.fna	/lustre1/g/aos_shihuang/data/gtdb-r207/genomes_all/GCA_018333515.1.fna
GCF_006517435.1	GCF_006517535.1	0.85-0.9	p__Actinobacteriota	0.8766	/lustre1/g/aos_shihuang/data/gtdb-r207/genomes_all/GCF_006517435.1.fna	/lustre1/g/aos_shihuang/data/gtdb-r207/genomes_all/GCF_006517535.1.fna
GCA_003132645.1	GCA_003157715.1	0.85-0.9	p__Actinobacteriota	0.8906	/lustre1/g/aos_shihuang/data/gtdb-r207/genomes_all/GCA_003132645.1.fna	/lustre1/g/aos_shihuang/data/gtdb-r207/genomes_all/GCA_003157715.1.fna
GCF_018139695.1	GCF_000504285.1	0.85-0.9	p__Actinobacteriota	0.8694	/lustre1/g/aos_shihuang/data/gtdb-r207/genomes_all/GCF_018139695.1.fna	/lustre1/g/aos_shihuang/data/gtdb-r207/genomes_all/GCF_000504285.1.fna
GCF_002263495.1	GCF_014201195.1	0.85-0.9	p__Actinobacteriota	0.8671	/lustre1/g/aos_shihuang/data/gtdb-r207/genomes_all/GCF_002263495.1.fna	/lustre1/g/aos_shihuang/data/gtdb-r207/genomes_all/GCF_014201195.1.fna
GCF_009834925.2	GCF_003339815.1	0.85-0.9	p__Actinobacteriota	0.8742	/lustre1/g/aos_shihuang/data/gtdb-r207/genomes_all/GCF_009834925.2.fna	/lustre1/g/aos_shihuang/data/gtdb-r207/genomes_all/GCF_003339815.1.fna
GCF_000768675.1	GCF_007992835.1	0.85-0.9	p__Actinobacteriota	0.8771	/lustre1/g/aos_shihuang/data/gtdb-r207/genomes_all/GCF_000768675.1.fna	/lustre1/g/aos_shihuang/data/gtdb-r207/genomes_all/GCF_007992835.1.fna
GCF_002871995.1	GCF_000411155.1	0.85-0.9	p__Actinobacteriota	0.8746	/lustre1/g/aos_shihuang/data/gtdb-r207/genomes_all/GCF_002871995.1.fna	/lustre1/g/aos_shihuang/data/gtdb-r207/genomes_all/GCF_000411155.1.fna
GCF_014126825.1	GCF_007559025.1	0.85-0.9	p__Actinobacteriota	0.8824	/lustre1/g/aos_shihuang/data/gtdb-r207/genomes_all/GCF_014126825.1.fna	/lustre1/g/aos_shihuang/data/gtdb-r207/genomes_all/GCF_007559025.1.fna
GCA_009837815.1	GCA_012270885.1	0.85-0.9	p__Actinobacteriota	0.8693	/lustre1/g/aos_shihuang/data/gtdb-r207/genomes_all/GCA_009837815.1.fna	/lustre1/g/aos_shihuang/data/gtdb-r207/genomes_all/GCA_012270885.1.fna
GCF_002259645.1	GCF_003952005.1	0.85-0.9	p__Actinobacteriota	0.8712	/lustre1/g/aos_shihuang/data/gtdb-r207/genomes_all/GCF_002259645.1.fna	/lustre1/g/aos_shihuang/data/gtdb-r207/genomes_all/GCF_003952005.1.fna
GCF_009708005.2	GCF_010287905.1	0.85-0.9	p__Actinobacteriota	0.8892	/lustre1/g/aos_shihuang/data/gtdb-r207/genomes_all/GCF_009708005.2.fna	/lustre1/g/aos_shihuang/data/gtdb-r207/genomes_all/GCF_010287905.1.fna
GCA_009844405.1	GCA_009843735.1	0.85-0.9	p__Actinobacteriota	0.8849	/lustre1/g/aos_shihuang/data/gtdb-r207/genomes_all/GCA_009844405.1.fna	/lustre1/g/aos_shihuang/data/gtdb-r207/genomes_all/GCA_009843735.1.fna
GCF_000341185.1	GCF_000341245.1	0.85-0.9	p__Actinobacteriota	0.8822	/lustre1/g/aos_shihuang/data/gtdb-r207/genomes_all/GCF_000341185.1.fna	/lustre1/g/aos_shihuang/data/gtdb-r207/genomes_all/GCF_000341245.1.fna
GCF_016862515.1	GCF_900107455.1	0.85-0.9	p__Actinobacteriota	0.8665	/lustre1/g/aos_shihuang/data/gtdb-r207/genomes_all/GCF_016862515.1.fna	/lustre1/g/aos_shihuang/data/gtdb-r207/genomes_all/GCF_900107455.1.fna
GCA_900544245.1	GCA_900556425.1	0.85-0.9	p__Actinobacteriota	0.8827	/lustre1/g/aos_shihuang/data/gtdb-r207/genomes_all/GCA_900544245.1.fna	/lustre1/g/aos_shihuang/data/gtdb-r207/genomes_all/GCA_900556425.1.fna
GCF_011764565.1	GCF_011764545.1	0.85-0.9	p__Actinobacteriota	0.8826	/lustre1/g/aos_shihuang/data/gtdb-r207/genomes_all/GCF_011764565.1.fna	/lustre1/g/aos_shihuang/data/gtdb-r207/genomes_all/GCF_011764545.1.fna
GCF_016918015.1	GCF_003265355.1	0.85-0.9	p__Actinobacteriota	0.8573	/lustre1/g/aos_shihuang/data/gtdb-r207/genomes_all/GCF_016918015.1.fna	/lustre1/g/aos_shihuang/data/gtdb-r207/genomes_all/GCF_003265355.1.fna
GCA_002346305.1	GCA_009694285.1	0.85-0.9	p__Actinobacteriota	0.8551	/lustre1/g/aos_shihuang/data/gtdb-r207/genomes_all/GCA_002346305.1.fna	/lustre1/g/aos_shihuang/data/gtdb-r207/genomes_all/GCA_009694285.1.fna
GCA_016198685.1	GCA_018304585.1	0.85-0.9	p__Aenigmatarchaeota	0.8736	/lustre1/g/aos_shihuang/data/gtdb-r207/genomes_all/GCA_016198685.1.fna	/lustre1/g/aos_shihuang/data/gtdb-r207/genomes_all/GCA_018304585.1.fna
GCF_004339575.1	GCA_003978805.1	0.85-0.9	p__Aquificota	0.8607	/lustre1/g/aos_shihuang/data/gtdb-r207/genomes_all/GCF_004339575.1.fna	/lustre1/g/aos_shihuang/data/gtdb-r207/genomes_all/GCA_003978805.1.fna
GCA_015490195.1	GCA_015488335.1	0.85-0.9	p__Aquificota	0.8939	/lustre1/g/aos_shihuang/data/gtdb-r207/genomes_all/GCA_015490195.1.fna	/lustre1/g/aos_shihuang/data/gtdb-r207/genomes_all/GCA_015488335.1.fna
GCF_000213785.1	GCA_002878215.1	0.85-0.9	p__Aquificota	0.8905	/lustre1/g/aos_shihuang/data/gtdb-r207/genomes_all/GCF_000213785.1.fna	/lustre1/g/aos_shihuang/data/gtdb-r207/genomes_all/GCA_002878215.1.fna
GCA_903951425.1	GCA_903885605.1	0.85-0.9	p__Armatimonadota	0.8855	/lustre1/g/aos_shihuang/data/gtdb-r207/genomes_all/GCA_903951425.1.fna	/lustre1/g/aos_shihuang/data/gtdb-r207/genomes_all/GCA_903885605.1.fna
GCA_018056145.1	GCA_013314775.1	0.85-0.9	p__Armatimonadota	0.8755	/lustre1/g/aos_shihuang/data/gtdb-r207/genomes_all/GCA_018056145.1.fna	/lustre1/g/aos_shihuang/data/gtdb-r207/genomes_all/GCA_013314775.1.fna
GCA_018335335.1	GCA_014730275.1	0.85-0.9	p__Asgardarchaeota	0.8951	/lustre1/g/aos_shihuang/data/gtdb-r207/genomes_all/GCA_018335335.1.fna	/lustre1/g/aos_shihuang/data/gtdb-r207/genomes_all/GCA_014730275.1.fna
GCA_013375355.1	GCA_019058315.1	0.85-0.9	p__Asgardarchaeota	0.8546	/lustre1/g/aos_shihuang/data/gtdb-r207/genomes_all/GCA_013375355.1.fna	/lustre1/g/aos_shihuang/data/gtdb-r207/genomes_all/GCA_019058315.1.fna
GCA_001563335.1	GCA_002825515.1	0.85-0.9	p__Asgardarchaeota	0.8520	/lustre1/g/aos_shihuang/data/gtdb-r207/genomes_all/GCA_001563335.1.fna	/lustre1/g/aos_shihuang/data/gtdb-r207/genomes_all/GCA_002825515.1.fna
GCA_013138615.1	GCA_018238375.1	0.85-0.9	p__Asgardarchaeota	0.8928	/lustre1/g/aos_shihuang/data/gtdb-r207/genomes_all/GCA_013138615.1.fna	/lustre1/g/aos_shihuang/data/gtdb-r207/genomes_all/GCA_018238375.1.fna
GCA_003451675.1	GCA_002849045.2	0.85-0.9	p__Atribacterota	0.8920	/lustre1/g/aos_shihuang/data/gtdb-r207/genomes_all/GCA_003451675.1.fna	/lustre1/g/aos_shihuang/data/gtdb-r207/genomes_all/GCA_002849045.2.fna
GCA_012517635.1	GCA_012517485.1	0.85-0.9	p__Atribacterota	0.8925	/lustre1/g/aos_shihuang/data/gtdb-r207/genomes_all/GCA_012517635.1.fna	/lustre1/g/aos_shihuang/data/gtdb-r207/genomes_all/GCA_012517485.1.fna
GCA_002084865.1	GCA_003451675.1	0.85-0.9	p__Atribacterota	0.8747	/lustre1/g/aos_shihuang/data/gtdb-r207/genomes_all/GCA_002084865.1.fna	/lustre1/g/aos_shihuang/data/gtdb-r207/genomes_all/GCA_003451675.1.fna
GCF_015775515.1	GCA_012517485.1	0.85-0.9	p__Atribacterota	0.8556	/lustre1/g/aos_shihuang/data/gtdb-r207/genomes_all/GCF_015775515.1.fna	/lustre1/g/aos_shihuang/data/gtdb-r207/genomes_all/GCA_012517485.1.fna
GCA_003542295.1	GCA_012517485.1	0.85-0.9	p__Atribacterota	0.8563	/lustre1/g/aos_shihuang/data/gtdb-r207/genomes_all/GCA_003542295.1.fna	/lustre1/g/aos_shihuang/data/gtdb-r207/genomes_all/GCA_012517485.1.fna
GCA_002849045.2	GCA_014894735.1	0.85-0.9	p__Atribacterota	0.8722	/lustre1/g/aos_shihuang/data/gtdb-r207/genomes_all/GCA_002849045.2.fna	/lustre1/g/aos_shihuang/data/gtdb-r207/genomes_all/GCA_014894735.1.fna
GCF_000382125.1	GCA_013042925.1	0.85-0.9	p__Bacteroidota	0.8811	/lustre1/g/aos_shihuang/data/gtdb-r207/genomes_all/GCF_000382125.1.fna	/lustre1/g/aos_shihuang/data/gtdb-r207/genomes_all/GCA_013042925.1.fna
GCA_013334855.1	GCF_001747405.1	0.85-0.9	p__Bacteroidota	0.8701	/lustre1/g/aos_shihuang/data/gtdb-r207/genomes_all/GCA_013334855.1.fna	/lustre1/g/aos_shihuang/data/gtdb-r207/genomes_all/GCF_001747405.1.fna
GCA_002786785.1	GCA_018818165.1	0.85-0.9	p__Bacteroidota	0.8739	/lustre1/g/aos_shihuang/data/gtdb-r207/genomes_all/GCA_002786785.1.fna	/lustre1/g/aos_shihuang/data/gtdb-r207/genomes_all/GCA_018818165.1.fna
GCA_012798745.1	GCA_002305015.1	0.85-0.9	p__Bacteroidota	0.8663	/lustre1/g/aos_shihuang/data/gtdb-r207/genomes_all/GCA_012798745.1.fna	/lustre1/g/aos_shihuang/data/gtdb-r207/genomes_all/GCA_002305015.1.fna
GCA_002440745.1	GCA_016937295.1	0.85-0.9	p__Bacteroidota	0.8527	/lustre1/g/aos_shihuang/data/gtdb-r207/genomes_all/GCA_002440745.1.fna	/lustre1/g/aos_shihuang/data/gtdb-r207/genomes_all/GCA_016937295.1.fna
GCA_013298805.1	GCF_003148625.1	0.85-0.9	p__Bacteroidota	0.8531	/lustre1/g/aos_shihuang/data/gtdb-r207/genomes_all/GCA_013298805.1.fna	/lustre1/g/aos_shihuang/data/gtdb-r207/genomes_all/GCF_003148625.1.fna
GCA_902519955.1	GCA_902629505.1	0.85-0.9	p__Bacteroidota	0.8531	/lustre1/g/aos_shihuang/data/gtdb-r207/genomes_all/GCA_902519955.1.fna	/lustre1/g/aos_shihuang/data/gtdb-r207/genomes_all/GCA_902629505.1.fna
GCA_003331875.1	GCA_902609185.1	0.85-0.9	p__Bacteroidota	0.8998	/lustre1/g/aos_shihuang/data/gtdb-r207/genomes_all/GCA_003331875.1.fna	/lustre1/g/aos_shihuang/data/gtdb-r207/genomes_all/GCA_902609185.1.fna
GCA_002728855.1	GCA_002702405.1	0.85-0.9	p__Bacteroidota	0.8556	/lustre1/g/aos_shihuang/data/gtdb-r207/genomes_all/GCA_002728855.1.fna	/lustre1/g/aos_shihuang/data/gtdb-r207/genomes_all/GCA_002702405.1.fna
GCA_009937085.1	GCA_003331305.1	0.85-0.9	p__Bacteroidota	0.8796	/lustre1/g/aos_shihuang/data/gtdb-r207/genomes_all/GCA_009937085.1.fna	/lustre1/g/aos_shihuang/data/gtdb-r207/genomes_all/GCA_003331305.1.fna
GCA_002842575.1	GCA_001873105.1	0.85-0.9	p__Bacteroidota	0.8630	/lustre1/g/aos_shihuang/data/gtdb-r207/genomes_all/GCA_002842575.1.fna	/lustre1/g/aos_shihuang/data/gtdb-r207/genomes_all/GCA_001873105.1.fna
GCA_002451695.1	GCA_002437495.1	0.85-0.9	p__Bacteroidota	0.8650	/lustre1/g/aos_shihuang/data/gtdb-r207/genomes_all/GCA_002451695.1.fna	/lustre1/g/aos_shihuang/data/gtdb-r207/genomes_all/GCA_002437495.1.fna
GCF_003574965.1	GCF_001483135.1	0.85-0.9	p__Bacteroidota	0.8853	/lustre1/g/aos_shihuang/data/gtdb-r207/genomes_all/GCF_003574965.1.fna	/lustre1/g/aos_shihuang/data/gtdb-r207/genomes_all/GCF_001483135.1.fna
GCA_018608485.1	GCA_905479435.1	0.85-0.9	p__Bacteroidota	0.8515	/lustre1/g/aos_shihuang/data/gtdb-r207/genomes_all/GCA_018608485.1.fna	/lustre1/g/aos_shihuang/data/gtdb-r207/genomes_all/GCA_905479435.1.fna
GCA_003447535.1	GCA_002862745.1	0.85-0.9	p__Bacteroidota	0.8843	/lustre1/g/aos_shihuang/data/gtdb-r207/genomes_all/GCA_003447535.1.fna	/lustre1/g/aos_shihuang/data/gtdb-r207/genomes_all/GCA_002862745.1.fna
GCA_001487125.1	GCA_900543425.1	0.85-0.9	p__Bacteroidota	0.8751	/lustre1/g/aos_shihuang/data/gtdb-r207/genomes_all/GCA_001487125.1.fna	/lustre1/g/aos_shihuang/data/gtdb-r207/genomes_all/GCA_900543425.1.fna
GCA_903958625.1	GCA_903861125.1	0.85-0.9	p__Bacteroidota	0.8723	/lustre1/g/aos_shihuang/data/gtdb-r207/genomes_all/GCA_903958625.1.fna	/lustre1/g/aos_shihuang/data/gtdb-r207/genomes_all/GCA_903861125.1.fna
GCA_902635965.1	GCA_902595825.1	0.85-0.9	p__Bacteroidota	0.8768	/lustre1/g/aos_shihuang/data/gtdb-r207/genomes_all/GCA_902635965.1.fna	/lustre1/g/aos_shihuang/data/gtdb-r207/genomes_all/GCA_902595825.1.fna
GCA_002709185.1	GCA_002690085.1	0.85-0.9	p__Bacteroidota	0.8972	/lustre1/g/aos_shihuang/data/gtdb-r207/genomes_all/GCA_002709185.1.fna	/lustre1/g/aos_shihuang/data/gtdb-r207/genomes_all/GCA_002690085.1.fna
GCA_902533655.1	GCA_002716345.1	0.85-0.9	p__Bacteroidota	0.8990	/lustre1/g/aos_shihuang/data/gtdb-r207/genomes_all/GCA_902533655.1.fna	/lustre1/g/aos_shihuang/data/gtdb-r207/genomes_all/GCA_002716345.1.fna
GCA_002364085.1	GCA_017643645.1	0.85-0.9	p__Bacteroidota	0.8747	/lustre1/g/aos_shihuang/data/gtdb-r207/genomes_all/GCA_002364085.1.fna	/lustre1/g/aos_shihuang/data/gtdb-r207/genomes_all/GCA_017643645.1.fna
GCF_003730015.1	GCA_002345565.1	0.85-0.9	p__Bacteroidota	0.8598	/lustre1/g/aos_shihuang/data/gtdb-r207/genomes_all/GCF_003730015.1.fna	/lustre1/g/aos_shihuang/data/gtdb-r207/genomes_all/GCA_002345565.1.fna
GCA_017409345.1	GCA_015060975.1	0.85-0.9	p__Bacteroidota	0.8584	/lustre1/g/aos_shihuang/data/gtdb-r207/genomes_all/GCA_017409345.1.fna	/lustre1/g/aos_shihuang/data/gtdb-r207/genomes_all/GCA_015060975.1.fna
GCF_003201775.1	GCF_018860365.1	0.85-0.9	p__Bacteroidota	0.8754	/lustre1/g/aos_shihuang/data/gtdb-r207/genomes_all/GCF_003201775.1.fna	/lustre1/g/aos_shihuang/data/gtdb-r207/genomes_all/GCF_018860365.1.fna
GCF_000426725.1	GCA_017745095.1	0.85-0.9	p__Bacteroidota	0.8928	/lustre1/g/aos_shihuang/data/gtdb-r207/genomes_all/GCF_000426725.1.fna	/lustre1/g/aos_shihuang/data/gtdb-r207/genomes_all/GCA_017745095.1.fna
GCF_011090385.1	GCF_011250515.1	0.85-0.9	p__Bacteroidota	0.8799	/lustre1/g/aos_shihuang/data/gtdb-r207/genomes_all/GCF_011090385.1.fna	/lustre1/g/aos_shihuang/data/gtdb-r207/genomes_all/GCF_011250515.1.fna
GCA_018335795.1	GCA_002839825.1	0.85-0.9	p__Bacteroidota	0.8629	/lustre1/g/aos_shihuang/data/gtdb-r207/genomes_all/GCA_018335795.1.fna	/lustre1/g/aos_shihuang/data/gtdb-r207/genomes_all/GCA_002839825.1.fna
GCA_905233625.1	GCA_017964255.1	0.85-0.9	p__Bacteroidota	0.8574	/lustre1/g/aos_shihuang/data/gtdb-r207/genomes_all/GCA_905233625.1.fna	/lustre1/g/aos_shihuang/data/gtdb-r207/genomes_all/GCA_017964255.1.fna
GCA_011049175.1	GCA_011042635.1	0.85-0.9	p__Bacteroidota	0.8997	/lustre1/g/aos_shihuang/data/gtdb-r207/genomes_all/GCA_011049175.1.fna	/lustre1/g/aos_shihuang/data/gtdb-r207/genomes_all/GCA_011042635.1.fna
GCA_002898675.1	GCA_003695605.1	0.85-0.9	p__Bacteroidota	0.8992	/lustre1/g/aos_shihuang/data/gtdb-r207/genomes_all/GCA_002898675.1.fna	/lustre1/g/aos_shihuang/data/gtdb-r207/genomes_all/GCA_003695605.1.fna
GCA_905181835.1	GCA_004213605.1	0.85-0.9	p__Bacteroidota	0.8665	/lustre1/g/aos_shihuang/data/gtdb-r207/genomes_all/GCA_905181835.1.fna	/lustre1/g/aos_shihuang/data/gtdb-r207/genomes_all/GCA_004213605.1.fna
GCF_003860135.1	GCF_001006485.1	0.85-0.9	p__Bacteroidota	0.8813	/lustre1/g/aos_shihuang/data/gtdb-r207/genomes_all/GCF_003860135.1.fna	/lustre1/g/aos_shihuang/data/gtdb-r207/genomes_all/GCF_001006485.1.fna
GCA_016716225.1	GCA_016708125.1	0.85-0.9	p__Bacteroidota	0.8861	/lustre1/g/aos_shihuang/data/gtdb-r207/genomes_all/GCA_016716225.1.fna	/lustre1/g/aos_shihuang/data/gtdb-r207/genomes_all/GCA_016708125.1.fna
GCA_017534705.1	GCA_017509605.1	0.85-0.9	p__Bacteroidota	0.8657	/lustre1/g/aos_shihuang/data/gtdb-r207/genomes_all/GCA_017534705.1.fna	/lustre1/g/aos_shihuang/data/gtdb-r207/genomes_all/GCA_017509605.1.fna
GCA_018674025.1	GCA_004213995.1	0.85-0.9	p__Bacteroidota	0.8980	/lustre1/g/aos_shihuang/data/gtdb-r207/genomes_all/GCA_018674025.1.fna	/lustre1/g/aos_shihuang/data/gtdb-r207/genomes_all/GCA_004213995.1.fna
GCF_014518315.1	GCA_002409405.1	0.85-0.9	p__Bacteroidota	0.8575	/lustre1/g/aos_shihuang/data/gtdb-r207/genomes_all/GCF_014518315.1.fna	/lustre1/g/aos_shihuang/data/gtdb-r207/genomes_all/GCA_002409405.1.fna
GCA_019117165.1	GCF_000519105.1	0.85-0.9	p__Bacteroidota	0.8961	/lustre1/g/aos_shihuang/data/gtdb-r207/genomes_all/GCA_019117165.1.fna	/lustre1/g/aos_shihuang/data/gtdb-r207/genomes_all/GCF_000519105.1.fna
GCF_008271695.1	GCF_017916365.1	0.85-0.9	p__Bacteroidota	0.8787	/lustre1/g/aos_shihuang/data/gtdb-r207/genomes_all/GCF_008271695.1.fna	/lustre1/g/aos_shihuang/data/gtdb-r207/genomes_all/GCF_017916365.1.fna
GCF_004785645.1	GCF_013116755.1	0.85-0.9	p__Bacteroidota	0.8599	/lustre1/g/aos_shihuang/data/gtdb-r207/genomes_all/GCF_004785645.1.fna	/lustre1/g/aos_shihuang/data/gtdb-r207/genomes_all/GCF_013116755.1.fna
GCA_007129985.1	GCA_007695365.1	0.85-0.9	p__Bacteroidota	0.8650	/lustre1/g/aos_shihuang/data/gtdb-r207/genomes_all/GCA_007129985.1.fna	/lustre1/g/aos_shihuang/data/gtdb-r207/genomes_all/GCA_007695365.1.fna
GCA_002711995.1	GCA_002718735.1	0.85-0.9	p__Bdellovibrionota	0.8507	/lustre1/g/aos_shihuang/data/gtdb-r207/genomes_all/GCA_002711995.1.fna	/lustre1/g/aos_shihuang/data/gtdb-r207/genomes_all/GCA_002718735.1.fna
GCA_016791465.1	GCA_016713885.1	0.85-0.9	p__Bdellovibrionota	0.8827	/lustre1/g/aos_shihuang/data/gtdb-r207/genomes_all/GCA_016791465.1.fna	/lustre1/g/aos_shihuang/data/gtdb-r207/genomes_all/GCA_016713885.1.fna
GCA_016714165.1	GCA_016716765.1	0.85-0.9	p__Bdellovibrionota	0.8879	/lustre1/g/aos_shihuang/data/gtdb-r207/genomes_all/GCA_016714165.1.fna	/lustre1/g/aos_shihuang/data/gtdb-r207/genomes_all/GCA_016716765.1.fna
GCA_003552425.1	GCA_003551325.1	0.85-0.9	p__Bipolaricaulota	0.8622	/lustre1/g/aos_shihuang/data/gtdb-r207/genomes_all/GCA_003552425.1.fna	/lustre1/g/aos_shihuang/data/gtdb-r207/genomes_all/GCA_003551325.1.fna
GCA_008933615.1	GCA_016787925.1	0.85-0.9	p__CLD3	0.8872	/lustre1/g/aos_shihuang/data/gtdb-r207/genomes_all/GCA_008933615.1.fna	/lustre1/g/aos_shihuang/data/gtdb-r207/genomes_all/GCA_016787925.1.fna
GCA_013824685.1	GCF_003570935.1	0.85-0.9	p__Caldisericota	0.8683	/lustre1/g/aos_shihuang/data/gtdb-r207/genomes_all/GCA_013824685.1.fna	/lustre1/g/aos_shihuang/data/gtdb-r207/genomes_all/GCF_003570935.1.fna
GCA_012517765.1	GCA_017992475.1	0.85-0.9	p__Caldisericota	0.8882	/lustre1/g/aos_shihuang/data/gtdb-r207/genomes_all/GCA_012517765.1.fna	/lustre1/g/aos_shihuang/data/gtdb-r207/genomes_all/GCA_017992475.1.fna
GCA_012517765.1	GCA_002070635.1	0.85-0.9	p__Caldisericota	0.8873	/lustre1/g/aos_shihuang/data/gtdb-r207/genomes_all/GCA_012517765.1.fna	/lustre1/g/aos_shihuang/data/gtdb-r207/genomes_all/GCA_002070635.1.fna
GCA_903871855.1	GCF_003570925.1	0.85-0.9	p__Caldisericota	0.8556	/lustre1/g/aos_shihuang/data/gtdb-r207/genomes_all/GCA_903871855.1.fna	/lustre1/g/aos_shihuang/data/gtdb-r207/genomes_all/GCF_003570925.1.fna
GCA_013824685.1	GCF_003570925.1	0.85-0.9	p__Caldisericota	0.8799	/lustre1/g/aos_shihuang/data/gtdb-r207/genomes_all/GCA_013824685.1.fna	/lustre1/g/aos_shihuang/data/gtdb-r207/genomes_all/GCF_003570925.1.fna
GCA_002898315.1	GCA_011364105.1	0.85-0.9	p__Calescibacterota	0.8949	/lustre1/g/aos_shihuang/data/gtdb-r207/genomes_all/GCA_002898315.1.fna	/lustre1/g/aos_shihuang/data/gtdb-r207/genomes_all/GCA_011364105.1.fna
GCF_018861145.1	GCF_009208075.1	0.85-0.9	p__Campylobacterota	0.8719	/lustre1/g/aos_shihuang/data/gtdb-r207/genomes_all/GCF_018861145.1.fna	/lustre1/g/aos_shihuang/data/gtdb-r207/genomes_all/GCF_009208075.1.fna
GCF_016629565.1	GCF_000010325.1	0.85-0.9	p__Campylobacterota	0.8879	/lustre1/g/aos_shihuang/data/gtdb-r207/genomes_all/GCF_016629565.1.fna	/lustre1/g/aos_shihuang/data/gtdb-r207/genomes_all/GCF_000010325.1.fna
GCF_002139915.1	GCF_002139875.1	0.85-0.9	p__Campylobacterota	0.8925	/lustre1/g/aos_shihuang/data/gtdb-r207/genomes_all/GCF_002139915.1.fna	/lustre1/g/aos_shihuang/data/gtdb-r207/genomes_all/GCF_002139875.1.fna
GCA_017502485.1	GCF_008693005.1	0.85-0.9	p__Campylobacterota	0.8892	/lustre1/g/aos_shihuang/data/gtdb-r207/genomes_all/GCA_017502485.1.fna	/lustre1/g/aos_shihuang/data/gtdb-r207/genomes_all/GCF_008693005.1.fna
GCA_016744805.1	GCA_016744315.1	0.85-0.9	p__Campylobacterota	0.8904	/lustre1/g/aos_shihuang/data/gtdb-r207/genomes_all/GCA_016744805.1.fna	/lustre1/g/aos_shihuang/data/gtdb-r207/genomes_all/GCA_016744315.1.fna
GCF_001602095.1	GCF_003364115.1	0.85-0.9	p__Campylobacterota	0.8875	/lustre1/g/aos_shihuang/data/gtdb-r207/genomes_all/GCF_001602095.1.fna	/lustre1/g/aos_shihuang/data/gtdb-r207/genomes_all/GCF_003364115.1.fna
GCA_014799985.1	GCA_910578285.1	0.85-0.9	p__Campylobacterota	0.8518	/lustre1/g/aos_shihuang/data/gtdb-r207/genomes_all/GCA_014799985.1.fna	/lustre1/g/aos_shihuang/data/gtdb-r207/genomes_all/GCA_910578285.1.fna
GCA_018816105.1	GCF_013177675.1	0.85-0.9	p__Campylobacterota	0.8809	/lustre1/g/aos_shihuang/data/gtdb-r207/genomes_all/GCA_018816105.1.fna	/lustre1/g/aos_shihuang/data/gtdb-r207/genomes_all/GCF_013177675.1.fna
GCF_003544855.1	GCF_002837275.1	0.85-0.9	p__Campylobacterota	0.8824	/lustre1/g/aos_shihuang/data/gtdb-r207/genomes_all/GCF_003544855.1.fna	/lustre1/g/aos_shihuang/data/gtdb-r207/genomes_all/GCF_002837275.1.fna
GCF_013372105.1	GCF_004357905.1	0.85-0.9	p__Campylobacterota	0.8935	/lustre1/g/aos_shihuang/data/gtdb-r207/genomes_all/GCF_013372105.1.fna	/lustre1/g/aos_shihuang/data/gtdb-r207/genomes_all/GCF_004357905.1.fna
GCF_900197855.1	GCF_000200595.1	0.85-0.9	p__Campylobacterota	0.8779	/lustre1/g/aos_shihuang/data/gtdb-r207/genomes_all/GCF_900197855.1.fna	/lustre1/g/aos_shihuang/data/gtdb-r207/genomes_all/GCF_000200595.1.fna
GCF_000024885.1	GCA_009930355.1	0.85-0.9	p__Campylobacterota	0.8744	/lustre1/g/aos_shihuang/data/gtdb-r207/genomes_all/GCF_000024885.1.fna	/lustre1/g/aos_shihuang/data/gtdb-r207/genomes_all/GCA_009930355.1.fna
GCF_001457695.1	GCF_000254135.1	0.85-0.9	p__Campylobacterota	0.8689	/lustre1/g/aos_shihuang/data/gtdb-r207/genomes_all/GCF_001457695.1.fna	/lustre1/g/aos_shihuang/data/gtdb-r207/genomes_all/GCF_000254135.1.fna
GCF_013201725.1	GCF_013177635.1	0.85-0.9	p__Campylobacterota	0.8591	/lustre1/g/aos_shihuang/data/gtdb-r207/genomes_all/GCF_013201725.1.fna	/lustre1/g/aos_shihuang/data/gtdb-r207/genomes_all/GCF_013177635.1.fna
GCF_016937535.1	GCA_014859645.1	0.85-0.9	p__Campylobacterota	0.8645	/lustre1/g/aos_shihuang/data/gtdb-r207/genomes_all/GCF_016937535.1.fna	/lustre1/g/aos_shihuang/data/gtdb-r207/genomes_all/GCA_014859645.1.fna
GCF_018642185.1	GCF_901000775.1	0.85-0.9	p__Chlamydiota	0.8953	/lustre1/g/aos_shihuang/data/gtdb-r207/genomes_all/GCF_018642185.1.fna	/lustre1/g/aos_shihuang/data/gtdb-r207/genomes_all/GCF_901000775.1.fna
GCF_018642185.1	GCA_003176115.1	0.85-0.9	p__Chlamydiota	0.8802	/lustre1/g/aos_shihuang/data/gtdb-r207/genomes_all/GCF_018642185.1.fna	/lustre1/g/aos_shihuang/data/gtdb-r207/genomes_all/GCA_003176115.1.fna
GCF_015356815.1	GCF_901000775.1	0.85-0.9	p__Chlamydiota	0.8730	/lustre1/g/aos_shihuang/data/gtdb-r207/genomes_all/GCF_015356815.1.fna	/lustre1/g/aos_shihuang/data/gtdb-r207/genomes_all/GCF_901000775.1.fna
GCA_011064875.1	GCA_011064905.1	0.85-0.9	p__Chlamydiota	0.8852	/lustre1/g/aos_shihuang/data/gtdb-r207/genomes_all/GCA_011064875.1.fna	/lustre1/g/aos_shihuang/data/gtdb-r207/genomes_all/GCA_011064905.1.fna
GCF_015356815.1	GCF_018642185.1	0.85-0.9	p__Chlamydiota	0.8991	/lustre1/g/aos_shihuang/data/gtdb-r207/genomes_all/GCF_015356815.1.fna	/lustre1/g/aos_shihuang/data/gtdb-r207/genomes_all/GCF_018642185.1.fna
GCA_002696685.1	GCA_009391195.1	0.85-0.9	p__Chloroflexota	0.8755	/lustre1/g/aos_shihuang/data/gtdb-r207/genomes_all/GCA_002696685.1.fna	/lustre1/g/aos_shihuang/data/gtdb-r207/genomes_all/GCA_009391195.1.fna
GCA_017998555.1	GCA_016714465.1	0.85-0.9	p__Chloroflexota	0.8818	/lustre1/g/aos_shihuang/data/gtdb-r207/genomes_all/GCA_017998555.1.fna	/lustre1/g/aos_shihuang/data/gtdb-r207/genomes_all/GCA_016714465.1.fna
GCA_011523785.1	GCA_009839425.1	0.85-0.9	p__Chloroflexota	0.8858	/lustre1/g/aos_shihuang/data/gtdb-r207/genomes_all/GCA_011523785.1.fna	/lustre1/g/aos_shihuang/data/gtdb-r207/genomes_all/GCA_009839425.1.fna
GCA_009692725.1	GCA_016875695.1	0.85-0.9	p__Chloroflexota	0.8568	/lustre1/g/aos_shihuang/data/gtdb-r207/genomes_all/GCA_009692725.1.fna	/lustre1/g/aos_shihuang/data/gtdb-r207/genomes_all/GCA_016875695.1.fna
GCA_009838625.1	GCA_009840225.1	0.85-0.9	p__Chloroflexota	0.8567	/lustre1/g/aos_shihuang/data/gtdb-r207/genomes_all/GCA_009838625.1.fna	/lustre1/g/aos_shihuang/data/gtdb-r207/genomes_all/GCA_009840225.1.fna
GCA_005889405.1	GCA_005882255.1	0.85-0.9	p__Chloroflexota	0.8937	/lustre1/g/aos_shihuang/data/gtdb-r207/genomes_all/GCA_005889405.1.fna	/lustre1/g/aos_shihuang/data/gtdb-r207/genomes_all/GCA_005882255.1.fna
GCA_016932435.1	GCA_001796415.1	0.85-0.9	p__Chloroflexota	0.8551	/lustre1/g/aos_shihuang/data/gtdb-r207/genomes_all/GCA_016932435.1.fna	/lustre1/g/aos_shihuang/data/gtdb-r207/genomes_all/GCA_001796415.1.fna
GCA_002238425.1	GCA_009838965.1	0.85-0.9	p__Chloroflexota	0.8871	/lustre1/g/aos_shihuang/data/gtdb-r207/genomes_all/GCA_002238425.1.fna	/lustre1/g/aos_shihuang/data/gtdb-r207/genomes_all/GCA_009838965.1.fna
GCA_002419135.1	GCA_012719115.1	0.85-0.9	p__Chloroflexota	0.8898	/lustre1/g/aos_shihuang/data/gtdb-r207/genomes_all/GCA_002419135.1.fna	/lustre1/g/aos_shihuang/data/gtdb-r207/genomes_all/GCA_012719115.1.fna
GCA_002716645.1	GCA_002724585.1	0.85-0.9	p__Chloroflexota	0.8525	/lustre1/g/aos_shihuang/data/gtdb-r207/genomes_all/GCA_002716645.1.fna	/lustre1/g/aos_shihuang/data/gtdb-r207/genomes_all/GCA_002724585.1.fna
GCA_003142375.1	GCA_002311135.1	0.85-0.9	p__Chloroflexota	0.8551	/lustre1/g/aos_shihuang/data/gtdb-r207/genomes_all/GCA_003142375.1.fna	/lustre1/g/aos_shihuang/data/gtdb-r207/genomes_all/GCA_002311135.1.fna
GCA_005882985.1	GCA_005880075.1	0.85-0.9	p__Chloroflexota	0.8550	/lustre1/g/aos_shihuang/data/gtdb-r207/genomes_all/GCA_005882985.1.fna	/lustre1/g/aos_shihuang/data/gtdb-r207/genomes_all/GCA_005880075.1.fna
GCA_002500485.1	GCA_003228105.1	0.85-0.9	p__Chloroflexota	0.8631	/lustre1/g/aos_shihuang/data/gtdb-r207/genomes_all/GCA_002500485.1.fna	/lustre1/g/aos_shihuang/data/gtdb-r207/genomes_all/GCA_003228105.1.fna
GCA_003599735.1	GCA_016875635.1	0.85-0.9	p__Chloroflexota	0.8639	/lustre1/g/aos_shihuang/data/gtdb-r207/genomes_all/GCA_003599735.1.fna	/lustre1/g/aos_shihuang/data/gtdb-r207/genomes_all/GCA_016875635.1.fna
GCA_903924005.1	GCA_903925955.1	0.85-0.9	p__Chloroflexota	0.8928	/lustre1/g/aos_shihuang/data/gtdb-r207/genomes_all/GCA_903924005.1.fna	/lustre1/g/aos_shihuang/data/gtdb-r207/genomes_all/GCA_903925955.1.fna
GCA_002687335.1	GCA_009392215.1	0.85-0.9	p__Chloroflexota	0.8918	/lustre1/g/aos_shihuang/data/gtdb-r207/genomes_all/GCA_002687335.1.fna	/lustre1/g/aos_shihuang/data/gtdb-r207/genomes_all/GCA_009392215.1.fna
GCA_009838625.1	GCA_011523365.1	0.85-0.9	p__Chloroflexota	0.8520	/lustre1/g/aos_shihuang/data/gtdb-r207/genomes_all/GCA_009838625.1.fna	/lustre1/g/aos_shihuang/data/gtdb-r207/genomes_all/GCA_011523365.1.fna
GCA_002450515.1	GCA_009392515.1	0.85-0.9	p__Chloroflexota	0.8991	/lustre1/g/aos_shihuang/data/gtdb-r207/genomes_all/GCA_002450515.1.fna	/lustre1/g/aos_shihuang/data/gtdb-r207/genomes_all/GCA_009392515.1.fna
GCA_000018565.1	GCF_003205875.1	0.85-0.9	p__Chloroflexota	0.8524	/lustre1/g/aos_shihuang/data/gtdb-r207/genomes_all/GCA_000018565.1.fna	/lustre1/g/aos_shihuang/data/gtdb-r207/genomes_all/GCF_003205875.1.fna
GCF_001748285.1	GCF_003268475.1	0.85-0.9	p__Chloroflexota	0.8803	/lustre1/g/aos_shihuang/data/gtdb-r207/genomes_all/GCF_001748285.1.fna	/lustre1/g/aos_shihuang/data/gtdb-r207/genomes_all/GCF_003268475.1.fna
GCA_014874455.1	GCA_011054265.1	0.85-0.9	p__Chloroflexota	0.8501	/lustre1/g/aos_shihuang/data/gtdb-r207/genomes_all/GCA_014874455.1.fna	/lustre1/g/aos_shihuang/data/gtdb-r207/genomes_all/GCA_011054265.1.fna
GCA_011047455.1	GCA_011380505.1	0.85-0.9	p__Chloroflexota	0.8862	/lustre1/g/aos_shihuang/data/gtdb-r207/genomes_all/GCA_011047455.1.fna	/lustre1/g/aos_shihuang/data/gtdb-r207/genomes_all/GCA_011380505.1.fna
GCA_002687335.1	GCA_002725925.1	0.85-0.9	p__Chloroflexota	0.8571	/lustre1/g/aos_shihuang/data/gtdb-r207/genomes_all/GCA_002687335.1.fna	/lustre1/g/aos_shihuang/data/gtdb-r207/genomes_all/GCA_002725925.1.fna
GCA_011388675.1	GCA_011192125.1	0.85-0.9	p__Chloroflexota	0.8596	/lustre1/g/aos_shihuang/data/gtdb-r207/genomes_all/GCA_011388675.1.fna	/lustre1/g/aos_shihuang/data/gtdb-r207/genomes_all/GCA_011192125.1.fna
GCA_014860845.1	GCA_002842045.1	0.85-0.9	p__Chloroflexota	0.8689	/lustre1/g/aos_shihuang/data/gtdb-r207/genomes_all/GCA_014860845.1.fna	/lustre1/g/aos_shihuang/data/gtdb-r207/genomes_all/GCA_002842045.1.fna
GCA_003670425.1	GCA_003569365.1	0.85-0.9	p__Chloroflexota	0.8668	/lustre1/g/aos_shihuang/data/gtdb-r207/genomes_all/GCA_003670425.1.fna	/lustre1/g/aos_shihuang/data/gtdb-r207/genomes_all/GCA_003569365.1.fna
GCA_015494815.1	GCA_013153375.1	0.85-0.9	p__Chloroflexota	0.8523	/lustre1/g/aos_shihuang/data/gtdb-r207/genomes_all/GCA_015494815.1.fna	/lustre1/g/aos_shihuang/data/gtdb-r207/genomes_all/GCA_013153375.1.fna
GCA_002898875.1	GCA_011054265.1	0.85-0.9	p__Chloroflexota	0.8848	/lustre1/g/aos_shihuang/data/gtdb-r207/genomes_all/GCA_002898875.1.fna	/lustre1/g/aos_shihuang/data/gtdb-r207/genomes_all/GCA_011054265.1.fna
GCF_003268475.1	GCF_000702505.1	0.85-0.9	p__Chloroflexota	0.8780	/lustre1/g/aos_shihuang/data/gtdb-r207/genomes_all/GCF_003268475.1.fna	/lustre1/g/aos_shihuang/data/gtdb-r207/genomes_all/GCF_000702505.1.fna
GCA_002421585.1	GCA_002419135.1	0.85-0.9	p__Chloroflexota	0.8884	/lustre1/g/aos_shihuang/data/gtdb-r207/genomes_all/GCA_002421585.1.fna	/lustre1/g/aos_shihuang/data/gtdb-r207/genomes_all/GCA_002419135.1.fna
GCA_002721615.1	GCA_002708085.1	0.85-0.9	p__Chloroflexota	0.8997	/lustre1/g/aos_shihuang/data/gtdb-r207/genomes_all/GCA_002721615.1.fna	/lustre1/g/aos_shihuang/data/gtdb-r207/genomes_all/GCA_002708085.1.fna
GCA_011380505.1	GCA_002898715.1	0.85-0.9	p__Chloroflexota	0.8626	/lustre1/g/aos_shihuang/data/gtdb-r207/genomes_all/GCA_011380505.1.fna	/lustre1/g/aos_shihuang/data/gtdb-r207/genomes_all/GCA_002898715.1.fna
GCA_014874485.1	GCA_011333425.1	0.85-0.9	p__Chloroflexota	0.8730	/lustre1/g/aos_shihuang/data/gtdb-r207/genomes_all/GCA_014874485.1.fna	/lustre1/g/aos_shihuang/data/gtdb-r207/genomes_all/GCA_011333425.1.fna
GCA_019243675.1	GCA_019240835.1	0.85-0.9	p__Chloroflexota	0.8837	/lustre1/g/aos_shihuang/data/gtdb-r207/genomes_all/GCA_019243675.1.fna	/lustre1/g/aos_shihuang/data/gtdb-r207/genomes_all/GCA_019240835.1.fna
GCA_011328975.1	GCA_011389395.1	0.85-0.9	p__Chloroflexota	0.8973	/lustre1/g/aos_shihuang/data/gtdb-r207/genomes_all/GCA_011328975.1.fna	/lustre1/g/aos_shihuang/data/gtdb-r207/genomes_all/GCA_011389395.1.fna
GCA_011366485.1	GCA_011333005.1	0.85-0.9	p__Chloroflexota	0.8717	/lustre1/g/aos_shihuang/data/gtdb-r207/genomes_all/GCA_011366485.1.fna	/lustre1/g/aos_shihuang/data/gtdb-r207/genomes_all/GCA_011333005.1.fna
GCA_012798455.1	GCA_012797815.1	0.85-0.9	p__Chloroflexota	0.8607	/lustre1/g/aos_shihuang/data/gtdb-r207/genomes_all/GCA_012798455.1.fna	/lustre1/g/aos_shihuang/data/gtdb-r207/genomes_all/GCA_012797815.1.fna
GCA_012270665.1	GCA_009838465.1	0.85-0.9	p__Chloroflexota	0.8595	/lustre1/g/aos_shihuang/data/gtdb-r207/genomes_all/GCA_012270665.1.fna	/lustre1/g/aos_shihuang/data/gtdb-r207/genomes_all/GCA_009838465.1.fna
GCA_002721445.1	GCA_002723415.1	0.85-0.9	p__Chloroflexota	0.8664	/lustre1/g/aos_shihuang/data/gtdb-r207/genomes_all/GCA_002721445.1.fna	/lustre1/g/aos_shihuang/data/gtdb-r207/genomes_all/GCA_002723415.1.fna
GCA_017882065.1	GCA_903873975.1	0.85-0.9	p__Chloroflexota	0.8550	/lustre1/g/aos_shihuang/data/gtdb-r207/genomes_all/GCA_017882065.1.fna	/lustre1/g/aos_shihuang/data/gtdb-r207/genomes_all/GCA_903873975.1.fna
GCA_003456035.1	GCA_003609755.1	0.85-0.9	p__Cyanobacteria	0.8975	/lustre1/g/aos_shihuang/data/gtdb-r207/genomes_all/GCA_003456035.1.fna	/lustre1/g/aos_shihuang/data/gtdb-r207/genomes_all/GCA_003609755.1.fna
GCA_009836025.1	GCA_001007665.1	0.85-0.9	p__Cyanobacteria	0.8606	/lustre1/g/aos_shihuang/data/gtdb-r207/genomes_all/GCA_009836025.1.fna	/lustre1/g/aos_shihuang/data/gtdb-r207/genomes_all/GCA_001007665.1.fna
GCF_000238775.1	GCF_018336915.1	0.85-0.9	p__Cyanobacteria	0.8604	/lustre1/g/aos_shihuang/data/gtdb-r207/genomes_all/GCF_000238775.1.fna	/lustre1/g/aos_shihuang/data/gtdb-r207/genomes_all/GCF_018336915.1.fna
GCF_014696105.1	GCA_012031475.1	0.85-0.9	p__Cyanobacteria	0.8689	/lustre1/g/aos_shihuang/data/gtdb-r207/genomes_all/GCF_014696105.1.fna	/lustre1/g/aos_shihuang/data/gtdb-r207/genomes_all/GCA_012031475.1.fna
GCA_017115095.1	GCF_014698505.1	0.85-0.9	p__Cyanobacteria	0.8721	/lustre1/g/aos_shihuang/data/gtdb-r207/genomes_all/GCA_017115095.1.fna	/lustre1/g/aos_shihuang/data/gtdb-r207/genomes_all/GCF_014698505.1.fna
GCF_003013815.1	GCF_000169335.1	0.85-0.9	p__Cyanobacteria	0.8640	/lustre1/g/aos_shihuang/data/gtdb-r207/genomes_all/GCF_003013815.1.fna	/lustre1/g/aos_shihuang/data/gtdb-r207/genomes_all/GCF_000169335.1.fna
GCF_002939305.1	GCF_001904655.1	0.85-0.9	p__Cyanobacteria	0.8727	/lustre1/g/aos_shihuang/data/gtdb-r207/genomes_all/GCF_002939305.1.fna	/lustre1/g/aos_shihuang/data/gtdb-r207/genomes_all/GCF_001904655.1.fna
GCA_017114995.1	GCF_002949735.1	0.85-0.9	p__Cyanobacteria	0.8662	/lustre1/g/aos_shihuang/data/gtdb-r207/genomes_all/GCA_017114995.1.fna	/lustre1/g/aos_shihuang/data/gtdb-r207/genomes_all/GCF_002949735.1.fna
GCF_003555505.1	GCA_015296025.1	0.85-0.9	p__Cyanobacteria	0.8740	/lustre1/g/aos_shihuang/data/gtdb-r207/genomes_all/GCF_003555505.1.fna	/lustre1/g/aos_shihuang/data/gtdb-r207/genomes_all/GCA_015296025.1.fna
GCA_002018045.1	GCF_000586015.1	0.85-0.9	p__Cyanobacteria	0.8674	/lustre1/g/aos_shihuang/data/gtdb-r207/genomes_all/GCA_002018045.1.fna	/lustre1/g/aos_shihuang/data/gtdb-r207/genomes_all/GCF_000586015.1.fna
GCF_014695775.1	GCF_014695395.1	0.85-0.9	p__Cyanobacteria	0.8923	/lustre1/g/aos_shihuang/data/gtdb-r207/genomes_all/GCF_014695775.1.fna	/lustre1/g/aos_shihuang/data/gtdb-r207/genomes_all/GCF_014695395.1.fna
GCF_015841355.1	GCF_002252625.1	0.85-0.9	p__Cyanobacteria	0.8728	/lustre1/g/aos_shihuang/data/gtdb-r207/genomes_all/GCF_015841355.1.fna	/lustre1/g/aos_shihuang/data/gtdb-r207/genomes_all/GCF_002252625.1.fna
GCA_003326215.1	GCF_016056275.1	0.85-0.9	p__Cyanobacteria	0.8770	/lustre1/g/aos_shihuang/data/gtdb-r207/genomes_all/GCA_003326215.1.fna	/lustre1/g/aos_shihuang/data/gtdb-r207/genomes_all/GCF_016056275.1.fna
GCF_014696825.1	GCA_004293145.1	0.85-0.9	p__Cyanobacteria	0.8737	/lustre1/g/aos_shihuang/data/gtdb-r207/genomes_all/GCF_014696825.1.fna	/lustre1/g/aos_shihuang/data/gtdb-r207/genomes_all/GCA_004293145.1.fna
GCF_000317575.1	GCF_002355455.1	0.85-0.9	p__Cyanobacteria	0.8967	/lustre1/g/aos_shihuang/data/gtdb-r207/genomes_all/GCF_000317575.1.fna	/lustre1/g/aos_shihuang/data/gtdb-r207/genomes_all/GCF_002355455.1.fna
GCA_903893625.1	GCF_014697575.1	0.85-0.9	p__Cyanobacteria	0.8562	/lustre1/g/aos_shihuang/data/gtdb-r207/genomes_all/GCA_903893625.1.fna	/lustre1/g/aos_shihuang/data/gtdb-r207/genomes_all/GCF_014697575.1.fna
GCA_003499955.1	GCA_001784535.1	0.85-0.9	p__Cyanobacteria	0.8600	/lustre1/g/aos_shihuang/data/gtdb-r207/genomes_all/GCA_003499955.1.fna	/lustre1/g/aos_shihuang/data/gtdb-r207/genomes_all/GCA_001784535.1.fna
GCA_003209755.1	GCA_003216295.1	0.85-0.9	p__Cyanobacteria	0.8565	/lustre1/g/aos_shihuang/data/gtdb-r207/genomes_all/GCA_003209755.1.fna	/lustre1/g/aos_shihuang/data/gtdb-r207/genomes_all/GCA_003216295.1.fna
GCF_003555505.1	GCF_000505665.1	0.85-0.9	p__Cyanobacteria	0.8858	/lustre1/g/aos_shihuang/data/gtdb-r207/genomes_all/GCF_003555505.1.fna	/lustre1/g/aos_shihuang/data/gtdb-r207/genomes_all/GCF_000505665.1.fna
GCF_001904725.1	GCF_015207735.1	0.85-0.9	p__Cyanobacteria	0.8632	/lustre1/g/aos_shihuang/data/gtdb-r207/genomes_all/GCF_001904725.1.fna	/lustre1/g/aos_shihuang/data/gtdb-r207/genomes_all/GCF_015207735.1.fna
GCF_015207755.1	GCF_002218065.1	0.85-0.9	p__Cyanobacteria	0.8915	/lustre1/g/aos_shihuang/data/gtdb-r207/genomes_all/GCF_015207755.1.fna	/lustre1/g/aos_shihuang/data/gtdb-r207/genomes_all/GCF_002218065.1.fna
GCF_002368335.1	GCF_017164015.1	0.85-0.9	p__Cyanobacteria	0.8959	/lustre1/g/aos_shihuang/data/gtdb-r207/genomes_all/GCF_002368335.1.fna	/lustre1/g/aos_shihuang/data/gtdb-r207/genomes_all/GCF_017164015.1.fna
GCA_004292745.1	GCA_004294385.1	0.85-0.9	p__Cyanobacteria	0.8684	/lustre1/g/aos_shihuang/data/gtdb-r207/genomes_all/GCA_004292745.1.fna	/lustre1/g/aos_shihuang/data/gtdb-r207/genomes_all/GCA_004294385.1.fna
GCA_017472545.1	GCA_017536545.1	0.85-0.9	p__Cyanobacteria	0.8510	/lustre1/g/aos_shihuang/data/gtdb-r207/genomes_all/GCA_017472545.1.fna	/lustre1/g/aos_shihuang/data/gtdb-r207/genomes_all/GCA_017536545.1.fna
GCA_011331985.1	GCF_016446395.1	0.85-0.9	p__Cyanobacteria	0.8878	/lustre1/g/aos_shihuang/data/gtdb-r207/genomes_all/GCA_011331985.1.fna	/lustre1/g/aos_shihuang/data/gtdb-r207/genomes_all/GCF_016446395.1.fna
GCA_016882385.1	GCF_014697415.1	0.85-0.9	p__Cyanobacteria	0.8679	/lustre1/g/aos_shihuang/data/gtdb-r207/genomes_all/GCA_016882385.1.fna	/lustre1/g/aos_shihuang/data/gtdb-r207/genomes_all/GCF_014697415.1.fna
GCF_000346485.2	GCF_009725235.1	0.85-0.9	p__Cyanobacteria	0.8751	/lustre1/g/aos_shihuang/data/gtdb-r207/genomes_all/GCF_000346485.2.fna	/lustre1/g/aos_shihuang/data/gtdb-r207/genomes_all/GCF_009725235.1.fna
GCA_017396695.1	GCA_017505585.1	0.85-0.9	p__Cyanobacteria	0.8738	/lustre1/g/aos_shihuang/data/gtdb-r207/genomes_all/GCA_017396695.1.fna	/lustre1/g/aos_shihuang/data/gtdb-r207/genomes_all/GCA_017505585.1.fna
GCF_018282115.1	GCF_000284455.1	0.85-0.9	p__Cyanobacteria	0.8762	/lustre1/g/aos_shihuang/data/gtdb-r207/genomes_all/GCF_018282115.1.fna	/lustre1/g/aos_shihuang/data/gtdb-r207/genomes_all/GCF_000284455.1.fna
GCF_003003845.1	GCF_000317145.1	0.85-0.9	p__Cyanobacteria	0.8884	/lustre1/g/aos_shihuang/data/gtdb-r207/genomes_all/GCF_003003845.1.fna	/lustre1/g/aos_shihuang/data/gtdb-r207/genomes_all/GCF_000317145.1.fna
GCF_000340565.2	GCF_015207755.1	0.85-0.9	p__Cyanobacteria	0.8824	/lustre1/g/aos_shihuang/data/gtdb-r207/genomes_all/GCF_000340565.2.fna	/lustre1/g/aos_shihuang/data/gtdb-r207/genomes_all/GCF_015207755.1.fna
GCF_000169335.1	GCF_000017845.1	0.85-0.9	p__Cyanobacteria	0.8580	/lustre1/g/aos_shihuang/data/gtdb-r207/genomes_all/GCF_000169335.1.fna	/lustre1/g/aos_shihuang/data/gtdb-r207/genomes_all/GCF_000017845.1.fna
GCF_009725235.1	GCF_000760695.4	0.85-0.9	p__Cyanobacteria	0.8651	/lustre1/g/aos_shihuang/data/gtdb-r207/genomes_all/GCF_009725235.1.fna	/lustre1/g/aos_shihuang/data/gtdb-r207/genomes_all/GCF_000760695.4.fna
GCA_009840445.1	GCA_001007665.1	0.85-0.9	p__Cyanobacteria	0.8689	/lustre1/g/aos_shihuang/data/gtdb-r207/genomes_all/GCA_009840445.1.fna	/lustre1/g/aos_shihuang/data/gtdb-r207/genomes_all/GCA_001007665.1.fna
GCF_015207705.1	GCA_003990705.1	0.85-0.9	p__Cyanobacteria	0.8989	/lustre1/g/aos_shihuang/data/gtdb-r207/genomes_all/GCF_015207705.1.fna	/lustre1/g/aos_shihuang/data/gtdb-r207/genomes_all/GCA_003990705.1.fna
GCA_002749975.1	GCF_002964865.1	0.85-0.9	p__Cyanobacteria	0.8688	/lustre1/g/aos_shihuang/data/gtdb-r207/genomes_all/GCA_002749975.1.fna	/lustre1/g/aos_shihuang/data/gtdb-r207/genomes_all/GCF_002964865.1.fna
GCA_018993265.1	GCF_014697615.1	0.85-0.9	p__Cyanobacteria	0.8914	/lustre1/g/aos_shihuang/data/gtdb-r207/genomes_all/GCA_018993265.1.fna	/lustre1/g/aos_shihuang/data/gtdb-r207/genomes_all/GCF_014697615.1.fna
GCF_014698035.1	GCF_014023275.1	0.85-0.9	p__Cyanobacteria	0.8789	/lustre1/g/aos_shihuang/data/gtdb-r207/genomes_all/GCF_014698035.1.fna	/lustre1/g/aos_shihuang/data/gtdb-r207/genomes_all/GCF_014023275.1.fna
GCA_015295825.1	GCA_015296025.1	0.85-0.9	p__Cyanobacteria	0.8768	/lustre1/g/aos_shihuang/data/gtdb-r207/genomes_all/GCA_015295825.1.fna	/lustre1/g/aos_shihuang/data/gtdb-r207/genomes_all/GCA_015296025.1.fna
GCA_004299065.1	GCF_009846485.1	0.85-0.9	p__Cyanobacteria	0.8618	/lustre1/g/aos_shihuang/data/gtdb-r207/genomes_all/GCA_004299065.1.fna	/lustre1/g/aos_shihuang/data/gtdb-r207/genomes_all/GCF_009846485.1.fna
GCA_012842325.1	GCA_001513125.1	0.85-0.9	p__DTU030	0.8559	/lustre1/g/aos_shihuang/data/gtdb-r207/genomes_all/GCA_012842325.1.fna	/lustre1/g/aos_shihuang/data/gtdb-r207/genomes_all/GCA_001513125.1.fna
GCA_011330655.1	GCF_000183745.1	0.85-0.9	p__Deinococcota	0.8880	/lustre1/g/aos_shihuang/data/gtdb-r207/genomes_all/GCA_011330655.1.fna	/lustre1/g/aos_shihuang/data/gtdb-r207/genomes_all/GCF_000183745.1.fna
GCF_001880325.1	GCF_001280255.1	0.85-0.9	p__Deinococcota	0.8512	/lustre1/g/aos_shihuang/data/gtdb-r207/genomes_all/GCF_001880325.1.fna	/lustre1/g/aos_shihuang/data/gtdb-r207/genomes_all/GCF_001280255.1.fna
GCF_000430045.1	GCF_003574095.1	0.85-0.9	p__Deinococcota	0.8815	/lustre1/g/aos_shihuang/data/gtdb-r207/genomes_all/GCF_000430045.1.fna	/lustre1/g/aos_shihuang/data/gtdb-r207/genomes_all/GCF_003574095.1.fna
GCF_000373205.1	GCF_000430045.1	0.85-0.9	p__Deinococcota	0.8760	/lustre1/g/aos_shihuang/data/gtdb-r207/genomes_all/GCF_000373205.1.fna	/lustre1/g/aos_shihuang/data/gtdb-r207/genomes_all/GCF_000430045.1.fna
GCF_003426945.1	GCF_000236585.1	0.85-0.9	p__Deinococcota	0.8508	/lustre1/g/aos_shihuang/data/gtdb-r207/genomes_all/GCF_003426945.1.fna	/lustre1/g/aos_shihuang/data/gtdb-r207/genomes_all/GCF_000236585.1.fna
GCF_003226535.1	GCF_000092125.1	0.85-0.9	p__Deinococcota	0.8713	/lustre1/g/aos_shihuang/data/gtdb-r207/genomes_all/GCF_003226535.1.fna	/lustre1/g/aos_shihuang/data/gtdb-r207/genomes_all/GCF_000092125.1.fna
GCA_002401785.1	GCA_016763165.1	0.85-0.9	p__Dependentiae	0.8728	/lustre1/g/aos_shihuang/data/gtdb-r207/genomes_all/GCA_002401785.1.fna	/lustre1/g/aos_shihuang/data/gtdb-r207/genomes_all/GCA_016763165.1.fna
GCA_003153775.1	GCA_003142295.1	0.85-0.9	p__Desulfobacterota	0.8647	/lustre1/g/aos_shihuang/data/gtdb-r207/genomes_all/GCA_003153775.1.fna	/lustre1/g/aos_shihuang/data/gtdb-r207/genomes_all/GCA_003142295.1.fna
GCA_016844545.1	GCA_016208525.1	0.85-0.9	p__Desulfobacterota	0.8814	/lustre1/g/aos_shihuang/data/gtdb-r207/genomes_all/GCA_016844545.1.fna	/lustre1/g/aos_shihuang/data/gtdb-r207/genomes_all/GCA_016208525.1.fna
GCA_015493715.1	GCA_015489765.1	0.85-0.9	p__Desulfobacterota	0.8595	/lustre1/g/aos_shihuang/data/gtdb-r207/genomes_all/GCA_015493715.1.fna	/lustre1/g/aos_shihuang/data/gtdb-r207/genomes_all/GCA_015489765.1.fna
GCA_011390615.1	GCA_011390635.1	0.85-0.9	p__Desulfobacterota	0.8586	/lustre1/g/aos_shihuang/data/gtdb-r207/genomes_all/GCA_011390615.1.fna	/lustre1/g/aos_shihuang/data/gtdb-r207/genomes_all/GCA_011390635.1.fna
GCA_011051875.1	GCA_015484845.1	0.85-0.9	p__Desulfobacterota	0.8733	/lustre1/g/aos_shihuang/data/gtdb-r207/genomes_all/GCA_011051875.1.fna	/lustre1/g/aos_shihuang/data/gtdb-r207/genomes_all/GCA_015484845.1.fna
GCF_007830435.1	GCF_006175995.1	0.85-0.9	p__Desulfobacterota	0.8809	/lustre1/g/aos_shihuang/data/gtdb-r207/genomes_all/GCF_007830435.1.fna	/lustre1/g/aos_shihuang/data/gtdb-r207/genomes_all/GCF_006175995.1.fna
GCA_016874945.1	GCA_016874915.1	0.85-0.9	p__Desulfobacterota	0.8666	/lustre1/g/aos_shihuang/data/gtdb-r207/genomes_all/GCA_016874945.1.fna	/lustre1/g/aos_shihuang/data/gtdb-r207/genomes_all/GCA_016874915.1.fna
GCA_015489765.1	GCA_011322715.1	0.85-0.9	p__Desulfobacterota	0.8889	/lustre1/g/aos_shihuang/data/gtdb-r207/genomes_all/GCA_015489765.1.fna	/lustre1/g/aos_shihuang/data/gtdb-r207/genomes_all/GCA_011322715.1.fna
GCA_003142295.1	GCA_003142635.1	0.85-0.9	p__Desulfobacterota	0.8660	/lustre1/g/aos_shihuang/data/gtdb-r207/genomes_all/GCA_003142295.1.fna	/lustre1/g/aos_shihuang/data/gtdb-r207/genomes_all/GCA_003142635.1.fna
GCA_003566995.1	GCA_007125915.1	0.85-0.9	p__Desulfobacterota	0.8528	/lustre1/g/aos_shihuang/data/gtdb-r207/genomes_all/GCA_003566995.1.fna	/lustre1/g/aos_shihuang/data/gtdb-r207/genomes_all/GCA_007125915.1.fna
GCA_018333535.1	GCA_016874935.1	0.85-0.9	p__Desulfobacterota	0.8734	/lustre1/g/aos_shihuang/data/gtdb-r207/genomes_all/GCA_018333535.1.fna	/lustre1/g/aos_shihuang/data/gtdb-r207/genomes_all/GCA_016874935.1.fna
GCA_018823005.1	GCA_011391695.1	0.85-0.9	p__Desulfobacterota	0.8555	/lustre1/g/aos_shihuang/data/gtdb-r207/genomes_all/GCA_018823005.1.fna	/lustre1/g/aos_shihuang/data/gtdb-r207/genomes_all/GCA_011391695.1.fna
GCF_008802355.1	GCF_008330225.1	0.85-0.9	p__Desulfobacterota	0.8908	/lustre1/g/aos_shihuang/data/gtdb-r207/genomes_all/GCF_008802355.1.fna	/lustre1/g/aos_shihuang/data/gtdb-r207/genomes_all/GCF_008330225.1.fna
GCF_000215975.1	GCA_011361985.1	0.85-0.9	p__Desulfobacterota	0.8960	/lustre1/g/aos_shihuang/data/gtdb-r207/genomes_all/GCF_000215975.1.fna	/lustre1/g/aos_shihuang/data/gtdb-r207/genomes_all/GCA_011361985.1.fna
GCA_011390695.1	GCA_011390615.1	0.85-0.9	p__Desulfobacterota	0.8972	/lustre1/g/aos_shihuang/data/gtdb-r207/genomes_all/GCA_011390695.1.fna	/lustre1/g/aos_shihuang/data/gtdb-r207/genomes_all/GCA_011390615.1.fna
GCF_014201505.1	GCA_000769715.1	0.85-0.9	p__Desulfobacterota	0.8798	/lustre1/g/aos_shihuang/data/gtdb-r207/genomes_all/GCF_014201505.1.fna	/lustre1/g/aos_shihuang/data/gtdb-r207/genomes_all/GCA_000769715.1.fna
GCA_003153775.1	GCA_903893135.1	0.85-0.9	p__Desulfobacterota	0.8643	/lustre1/g/aos_shihuang/data/gtdb-r207/genomes_all/GCA_003153775.1.fna	/lustre1/g/aos_shihuang/data/gtdb-r207/genomes_all/GCA_903893135.1.fna
GCA_015233625.1	GCA_015233295.1	0.85-0.9	p__Desulfobacterota	0.8783	/lustre1/g/aos_shihuang/data/gtdb-r207/genomes_all/GCA_015233625.1.fna	/lustre1/g/aos_shihuang/data/gtdb-r207/genomes_all/GCA_015233295.1.fna
GCA_003641645.1	GCA_017656385.1	0.85-0.9	p__Desulfobacterota	0.8754	/lustre1/g/aos_shihuang/data/gtdb-r207/genomes_all/GCA_003641645.1.fna	/lustre1/g/aos_shihuang/data/gtdb-r207/genomes_all/GCA_017656385.1.fna
GCA_013619105.1	GCA_001751225.1	0.85-0.9	p__Desulfobacterota	0.8983	/lustre1/g/aos_shihuang/data/gtdb-r207/genomes_all/GCA_013619105.1.fna	/lustre1/g/aos_shihuang/data/gtdb-r207/genomes_all/GCA_001751225.1.fna
GCA_015233055.1	GCA_015233625.1	0.85-0.9	p__Desulfobacterota	0.8820	/lustre1/g/aos_shihuang/data/gtdb-r207/genomes_all/GCA_015233055.1.fna	/lustre1/g/aos_shihuang/data/gtdb-r207/genomes_all/GCA_015233625.1.fna
GCA_002841865.1	GCA_013177825.1	0.85-0.9	p__Desulfobacterota	0.8966	/lustre1/g/aos_shihuang/data/gtdb-r207/genomes_all/GCA_002841865.1.fna	/lustre1/g/aos_shihuang/data/gtdb-r207/genomes_all/GCA_013177825.1.fna
GCA_006226895.1	GCA_012974435.1	0.85-0.9	p__Desulfobacterota	0.8968	/lustre1/g/aos_shihuang/data/gtdb-r207/genomes_all/GCA_006226895.1.fna	/lustre1/g/aos_shihuang/data/gtdb-r207/genomes_all/GCA_012974435.1.fna
GCA_012513605.1	GCA_016931115.1	0.85-0.9	p__Desulfobacterota	0.8660	/lustre1/g/aos_shihuang/data/gtdb-r207/genomes_all/GCA_012513605.1.fna	/lustre1/g/aos_shihuang/data/gtdb-r207/genomes_all/GCA_016931115.1.fna
GCA_003486165.1	GCA_002868985.1	0.85-0.9	p__Desulfobacterota	0.8856	/lustre1/g/aos_shihuang/data/gtdb-r207/genomes_all/GCA_003486165.1.fna	/lustre1/g/aos_shihuang/data/gtdb-r207/genomes_all/GCA_002868985.1.fna
GCF_008330225.1	GCF_008802365.1	0.85-0.9	p__Desulfobacterota	0.8832	/lustre1/g/aos_shihuang/data/gtdb-r207/genomes_all/GCF_008330225.1.fna	/lustre1/g/aos_shihuang/data/gtdb-r207/genomes_all/GCF_008802365.1.fna
GCA_015492245.1	GCA_011371515.1	0.85-0.9	p__Desulfobacterota	0.8572	/lustre1/g/aos_shihuang/data/gtdb-r207/genomes_all/GCA_015492245.1.fna	/lustre1/g/aos_shihuang/data/gtdb-r207/genomes_all/GCA_011371515.1.fna
GCA_903893135.1	GCA_003142635.1	0.85-0.9	p__Desulfobacterota	0.8635	/lustre1/g/aos_shihuang/data/gtdb-r207/genomes_all/GCA_903893135.1.fna	/lustre1/g/aos_shihuang/data/gtdb-r207/genomes_all/GCA_003142635.1.fna
GCA_011042305.1	GCA_002327445.1	0.85-0.9	p__Desulfobacterota	0.8548	/lustre1/g/aos_shihuang/data/gtdb-r207/genomes_all/GCA_011042305.1.fna	/lustre1/g/aos_shihuang/data/gtdb-r207/genomes_all/GCA_002327445.1.fna
GCA_018399235.1	GCA_018334555.1	0.85-0.9	p__Desulfobacterota	0.8520	/lustre1/g/aos_shihuang/data/gtdb-r207/genomes_all/GCA_018399235.1.fna	/lustre1/g/aos_shihuang/data/gtdb-r207/genomes_all/GCA_018334555.1.fna
GCA_011390235.1	GCA_011390335.1	0.85-0.9	p__Desulfobacterota	0.8993	/lustre1/g/aos_shihuang/data/gtdb-r207/genomes_all/GCA_011390235.1.fna	/lustre1/g/aos_shihuang/data/gtdb-r207/genomes_all/GCA_011390335.1.fna
GCA_011390065.1	GCA_011389855.1	0.85-0.9	p__Desulfobacterota	0.8783	/lustre1/g/aos_shihuang/data/gtdb-r207/genomes_all/GCA_011390065.1.fna	/lustre1/g/aos_shihuang/data/gtdb-r207/genomes_all/GCA_011389855.1.fna
GCA_004193595.1	GCA_001751005.1	0.85-0.9	p__Desulfobacterota	0.8940	/lustre1/g/aos_shihuang/data/gtdb-r207/genomes_all/GCA_004193595.1.fna	/lustre1/g/aos_shihuang/data/gtdb-r207/genomes_all/GCA_001751005.1.fna
GCA_004028505.1	GCA_004028495.1	0.85-0.9	p__Desulfobacterota	0.8774	/lustre1/g/aos_shihuang/data/gtdb-r207/genomes_all/GCA_004028505.1.fna	/lustre1/g/aos_shihuang/data/gtdb-r207/genomes_all/GCA_004028495.1.fna
GCA_016218095.1	GCA_001797465.1	0.85-0.9	p__Desulfobacterota	0.8687	/lustre1/g/aos_shihuang/data/gtdb-r207/genomes_all/GCA_016218095.1.fna	/lustre1/g/aos_shihuang/data/gtdb-r207/genomes_all/GCA_001797465.1.fna
GCA_903885795.1	GCA_003451635.1	0.85-0.9	p__Desulfobacterota	0.8789	/lustre1/g/aos_shihuang/data/gtdb-r207/genomes_all/GCA_903885795.1.fna	/lustre1/g/aos_shihuang/data/gtdb-r207/genomes_all/GCA_003451635.1.fna
GCA_014859605.1	GCA_002841765.1	0.85-0.9	p__Desulfobacterota	0.8630	/lustre1/g/aos_shihuang/data/gtdb-r207/genomes_all/GCA_014859605.1.fna	/lustre1/g/aos_shihuang/data/gtdb-r207/genomes_all/GCA_002841765.1.fna
GCA_007134025.1	GCA_003561875.1	0.85-0.9	p__Desulfobacterota	0.8809	/lustre1/g/aos_shihuang/data/gtdb-r207/genomes_all/GCA_007134025.1.fna	/lustre1/g/aos_shihuang/data/gtdb-r207/genomes_all/GCA_003561875.1.fna
GCA_003141195.1	GCA_001873745.1	0.85-0.9	p__Desulfobacterota	0.8508	/lustre1/g/aos_shihuang/data/gtdb-r207/genomes_all/GCA_003141195.1.fna	/lustre1/g/aos_shihuang/data/gtdb-r207/genomes_all/GCA_001873745.1.fna
GCA_015233285.1	GCA_015233625.1	0.85-0.9	p__Desulfobacterota	0.8844	/lustre1/g/aos_shihuang/data/gtdb-r207/genomes_all/GCA_015233285.1.fna	/lustre1/g/aos_shihuang/data/gtdb-r207/genomes_all/GCA_015233625.1.fna
GCA_002238415.1	GCA_011523265.1	0.85-0.9	p__Desulfobacterota_B	0.8925	/lustre1/g/aos_shihuang/data/gtdb-r207/genomes_all/GCA_002238415.1.fna	/lustre1/g/aos_shihuang/data/gtdb-r207/genomes_all/GCA_011523265.1.fna
GCA_005888095.1	GCA_005879585.1	0.85-0.9	p__Desulfobacterota_B	0.8533	/lustre1/g/aos_shihuang/data/gtdb-r207/genomes_all/GCA_005888095.1.fna	/lustre1/g/aos_shihuang/data/gtdb-r207/genomes_all/GCA_005879585.1.fna
GCA_005879205.1	GCA_005888095.1	0.85-0.9	p__Desulfobacterota_B	0.8741	/lustre1/g/aos_shihuang/data/gtdb-r207/genomes_all/GCA_005879205.1.fna	/lustre1/g/aos_shihuang/data/gtdb-r207/genomes_all/GCA_005888095.1.fna
GCA_009837205.1	GCA_009840385.1	0.85-0.9	p__Desulfobacterota_D	0.8571	/lustre1/g/aos_shihuang/data/gtdb-r207/genomes_all/GCA_009837205.1.fna	/lustre1/g/aos_shihuang/data/gtdb-r207/genomes_all/GCA_009840385.1.fna
GCA_018654605.1	GCA_002701865.2	0.85-0.9	p__Desulfobacterota_D	0.8694	/lustre1/g/aos_shihuang/data/gtdb-r207/genomes_all/GCA_018654605.1.fna	/lustre1/g/aos_shihuang/data/gtdb-r207/genomes_all/GCA_002701865.2.fna
GCA_002697665.2	GCA_902609885.1	0.85-0.9	p__Desulfobacterota_D	0.8991	/lustre1/g/aos_shihuang/data/gtdb-r207/genomes_all/GCA_002697665.2.fna	/lustre1/g/aos_shihuang/data/gtdb-r207/genomes_all/GCA_902609885.1.fna
GCA_001775255.1	GCA_902826595.1	0.85-0.9	p__Desulfobacterota_D	0.8751	/lustre1/g/aos_shihuang/data/gtdb-r207/genomes_all/GCA_001775255.1.fna	/lustre1/g/aos_shihuang/data/gtdb-r207/genomes_all/GCA_902826595.1.fna
GCA_002715585.2	GCA_002697665.2	0.85-0.9	p__Desulfobacterota_D	0.8936	/lustre1/g/aos_shihuang/data/gtdb-r207/genomes_all/GCA_002715585.2.fna	/lustre1/g/aos_shihuang/data/gtdb-r207/genomes_all/GCA_002697665.2.fna
GCA_001873935.1	GCA_007280195.1	0.85-0.9	p__Desulfobacterota_E	0.8836	/lustre1/g/aos_shihuang/data/gtdb-r207/genomes_all/GCA_001873935.1.fna	/lustre1/g/aos_shihuang/data/gtdb-r207/genomes_all/GCA_007280195.1.fna
GCA_017881405.1	GCA_001797445.1	0.85-0.9	p__Desulfobacterota_E	0.8627	/lustre1/g/aos_shihuang/data/gtdb-r207/genomes_all/GCA_017881405.1.fna	/lustre1/g/aos_shihuang/data/gtdb-r207/genomes_all/GCA_001797445.1.fna
GCA_001873935.1	GCA_001797445.1	0.85-0.9	p__Desulfobacterota_E	0.8538	/lustre1/g/aos_shihuang/data/gtdb-r207/genomes_all/GCA_001873935.1.fna	/lustre1/g/aos_shihuang/data/gtdb-r207/genomes_all/GCA_001797445.1.fna
GCF_000512235.1	GCA_002067165.1	0.85-0.9	p__Desulfobacterota_G	0.8514	/lustre1/g/aos_shihuang/data/gtdb-r207/genomes_all/GCF_000512235.1.fna	/lustre1/g/aos_shihuang/data/gtdb-r207/genomes_all/GCA_002067165.1.fna
GCA_002418945.1	GCA_017992765.1	0.85-0.9	p__Desulfobacterota_G	0.8523	/lustre1/g/aos_shihuang/data/gtdb-r207/genomes_all/GCA_002418945.1.fna	/lustre1/g/aos_shihuang/data/gtdb-r207/genomes_all/GCA_017992765.1.fna
GCF_000422565.1	GCA_002382645.1	0.85-0.9	p__Desulfobacterota_I	0.8571	/lustre1/g/aos_shihuang/data/gtdb-r207/genomes_all/GCF_000422565.1.fna	/lustre1/g/aos_shihuang/data/gtdb-r207/genomes_all/GCA_002382645.1.fna
GCA_018822105.1	GCA_903843965.1	0.85-0.9	p__Desulfobacterota_I	0.8565	/lustre1/g/aos_shihuang/data/gtdb-r207/genomes_all/GCA_018822105.1.fna	/lustre1/g/aos_shihuang/data/gtdb-r207/genomes_all/GCA_903843965.1.fna
GCA_003135255.1	GCA_003141695.1	0.85-0.9	p__Dormibacterota	0.8973	/lustre1/g/aos_shihuang/data/gtdb-r207/genomes_all/GCA_003135255.1.fna	/lustre1/g/aos_shihuang/data/gtdb-r207/genomes_all/GCA_003141695.1.fna
GCA_005880855.1	GCA_005880315.1	0.85-0.9	p__Dormibacterota	0.8735	/lustre1/g/aos_shihuang/data/gtdb-r207/genomes_all/GCA_005880855.1.fna	/lustre1/g/aos_shihuang/data/gtdb-r207/genomes_all/GCA_005880315.1.fna
GCA_003153215.1	GCA_003142035.1	0.85-0.9	p__Dormibacterota	0.8891	/lustre1/g/aos_shihuang/data/gtdb-r207/genomes_all/GCA_003153215.1.fna	/lustre1/g/aos_shihuang/data/gtdb-r207/genomes_all/GCA_003142035.1.fna
GCA_017610525.1	GCA_003660865.1	0.85-0.9	p__EX4484-52	0.8849	/lustre1/g/aos_shihuang/data/gtdb-r207/genomes_all/GCA_017610525.1.fna	/lustre1/g/aos_shihuang/data/gtdb-r207/genomes_all/GCA_003660865.1.fna
GCA_018821925.1	GCA_001777915.1	0.85-0.9	p__Edwardsbacteria	0.8826	/lustre1/g/aos_shihuang/data/gtdb-r207/genomes_all/GCA_018821925.1.fna	/lustre1/g/aos_shihuang/data/gtdb-r207/genomes_all/GCA_001777915.1.fna
GCA_005893275.1	GCA_005893265.1	0.85-0.9	p__Eisenbacteria	0.8526	/lustre1/g/aos_shihuang/data/gtdb-r207/genomes_all/GCA_005893275.1.fna	/lustre1/g/aos_shihuang/data/gtdb-r207/genomes_all/GCA_005893265.1.fna
GCA_016710095.1	GCA_016215625.1	0.85-0.9	p__Eisenbacteria	0.8991	/lustre1/g/aos_shihuang/data/gtdb-r207/genomes_all/GCA_016710095.1.fna	/lustre1/g/aos_shihuang/data/gtdb-r207/genomes_all/GCA_016215625.1.fna
GCA_003500765.1	GCA_009773155.1	0.85-0.9	p__Elusimicrobiota	0.8781	/lustre1/g/aos_shihuang/data/gtdb-r207/genomes_all/GCA_003500765.1.fna	/lustre1/g/aos_shihuang/data/gtdb-r207/genomes_all/GCA_009773155.1.fna
GCA_017651625.1	GCA_017528425.1	0.85-0.9	p__Elusimicrobiota	0.8831	/lustre1/g/aos_shihuang/data/gtdb-r207/genomes_all/GCA_017651625.1.fna	/lustre1/g/aos_shihuang/data/gtdb-r207/genomes_all/GCA_017528425.1.fna
GCA_016208085.1	GCA_018829985.1	0.85-0.9	p__Elusimicrobiota	0.8508	/lustre1/g/aos_shihuang/data/gtdb-r207/genomes_all/GCA_016208085.1.fna	/lustre1/g/aos_shihuang/data/gtdb-r207/genomes_all/GCA_018829985.1.fna
GCA_003167155.1	GCA_013289785.1	0.85-0.9	p__Eremiobacterota	0.8812	/lustre1/g/aos_shihuang/data/gtdb-r207/genomes_all/GCA_003167155.1.fna	/lustre1/g/aos_shihuang/data/gtdb-r207/genomes_all/GCA_013289785.1.fna
GCA_003158175.1	GCA_013289785.1	0.85-0.9	p__Eremiobacterota	0.8552	/lustre1/g/aos_shihuang/data/gtdb-r207/genomes_all/GCA_003158175.1.fna	/lustre1/g/aos_shihuang/data/gtdb-r207/genomes_all/GCA_013289785.1.fna
GCA_902791745.1	GCA_902790465.1	0.85-0.9	p__Eremiobacterota	0.8683	/lustre1/g/aos_shihuang/data/gtdb-r207/genomes_all/GCA_902791745.1.fna	/lustre1/g/aos_shihuang/data/gtdb-r207/genomes_all/GCA_902790465.1.fna
GCA_004554425.1	GCA_900772775.1	0.85-0.9	p__Eremiobacterota	0.8668	/lustre1/g/aos_shihuang/data/gtdb-r207/genomes_all/GCA_004554425.1.fna	/lustre1/g/aos_shihuang/data/gtdb-r207/genomes_all/GCA_900772775.1.fna
GCA_017959225.1	GCA_002390045.1	0.85-0.9	p__Fibrobacterota	0.8555	/lustre1/g/aos_shihuang/data/gtdb-r207/genomes_all/GCA_017959225.1.fna	/lustre1/g/aos_shihuang/data/gtdb-r207/genomes_all/GCA_002390045.1.fna
GCA_016715065.1	GCA_016699655.1	0.85-0.9	p__Fibrobacterota	0.8718	/lustre1/g/aos_shihuang/data/gtdb-r207/genomes_all/GCA_016715065.1.fna	/lustre1/g/aos_shihuang/data/gtdb-r207/genomes_all/GCA_016699655.1.fna
GCA_017625775.1	GCA_017631885.1	0.85-0.9	p__Fibrobacterota	0.8656	/lustre1/g/aos_shihuang/data/gtdb-r207/genomes_all/GCA_017625775.1.fna	/lustre1/g/aos_shihuang/data/gtdb-r207/genomes_all/GCA_017631885.1.fna
GCA_902796785.1	GCA_017650365.1	0.85-0.9	p__Fibrobacterota	0.8977	/lustre1/g/aos_shihuang/data/gtdb-r207/genomes_all/GCA_902796785.1.fna	/lustre1/g/aos_shihuang/data/gtdb-r207/genomes_all/GCA_017650365.1.fna
GCA_903916325.1	GCA_903915125.1	0.85-0.9	p__Firestonebacteria	0.8777	/lustre1/g/aos_shihuang/data/gtdb-r207/genomes_all/GCA_903916325.1.fna	/lustre1/g/aos_shihuang/data/gtdb-r207/genomes_all/GCA_903915125.1.fna
GCA_903916325.1	GCA_903861835.1	0.85-0.9	p__Firestonebacteria	0.8519	/lustre1/g/aos_shihuang/data/gtdb-r207/genomes_all/GCA_903916325.1.fna	/lustre1/g/aos_shihuang/data/gtdb-r207/genomes_all/GCA_903861835.1.fna
GCF_003001905.1	GCF_900113175.1	0.85-0.9	p__Firmicutes	0.8975	/lustre1/g/aos_shihuang/data/gtdb-r207/genomes_all/GCF_003001905.1.fna	/lustre1/g/aos_shihuang/data/gtdb-r207/genomes_all/GCF_900113175.1.fna
GCF_000632715.1	GCF_011761475.1	0.85-0.9	p__Firmicutes	0.8994	/lustre1/g/aos_shihuang/data/gtdb-r207/genomes_all/GCF_000632715.1.fna	/lustre1/g/aos_shihuang/data/gtdb-r207/genomes_all/GCF_011761475.1.fna
GCA_001916215.1	GCA_900547045.1	0.85-0.9	p__Firmicutes	0.8856	/lustre1/g/aos_shihuang/data/gtdb-r207/genomes_all/GCA_001916215.1.fna	/lustre1/g/aos_shihuang/data/gtdb-r207/genomes_all/GCA_900547045.1.fna
GCF_000935355.1	GCF_008364765.1	0.85-0.9	p__Firmicutes	0.8889	/lustre1/g/aos_shihuang/data/gtdb-r207/genomes_all/GCF_000935355.1.fna	/lustre1/g/aos_shihuang/data/gtdb-r207/genomes_all/GCF_008364765.1.fna
GCF_900114715.1	GCF_900115625.1	0.85-0.9	p__Firmicutes	0.8605	/lustre1/g/aos_shihuang/data/gtdb-r207/genomes_all/GCF_900114715.1.fna	/lustre1/g/aos_shihuang/data/gtdb-r207/genomes_all/GCF_900115625.1.fna
GCF_002742685.1	GCF_900111795.1	0.85-0.9	p__Firmicutes	0.8610	/lustre1/g/aos_shihuang/data/gtdb-r207/genomes_all/GCF_002742685.1.fna	/lustre1/g/aos_shihuang/data/gtdb-r207/genomes_all/GCF_900111795.1.fna
GCA_900538465.1	GCF_004343035.1	0.85-0.9	p__Firmicutes	0.8664	/lustre1/g/aos_shihuang/data/gtdb-r207/genomes_all/GCA_900538465.1.fna	/lustre1/g/aos_shihuang/data/gtdb-r207/genomes_all/GCF_004343035.1.fna
GCA_016298185.1	GCA_016290145.1	0.85-0.9	p__Firmicutes	0.8649	/lustre1/g/aos_shihuang/data/gtdb-r207/genomes_all/GCA_016298185.1.fna	/lustre1/g/aos_shihuang/data/gtdb-r207/genomes_all/GCA_016290145.1.fna
GCA_910588025.1	GCA_910587775.1	0.85-0.9	p__Firmicutes	0.8744	/lustre1/g/aos_shihuang/data/gtdb-r207/genomes_all/GCA_910588025.1.fna	/lustre1/g/aos_shihuang/data/gtdb-r207/genomes_all/GCA_910587775.1.fna
GCA_910576855.1	GCA_009917405.1	0.85-0.9	p__Firmicutes	0.8710	/lustre1/g/aos_shihuang/data/gtdb-r207/genomes_all/GCA_910576855.1.fna	/lustre1/g/aos_shihuang/data/gtdb-r207/genomes_all/GCA_009917405.1.fna
GCF_001592085.1	GCF_003946545.1	0.85-0.9	p__Firmicutes	0.8857	/lustre1/g/aos_shihuang/data/gtdb-r207/genomes_all/GCF_001592085.1.fna	/lustre1/g/aos_shihuang/data/gtdb-r207/genomes_all/GCF_003946545.1.fna
GCF_001578185.1	GCF_017355165.1	0.85-0.9	p__Firmicutes	0.8973	/lustre1/g/aos_shihuang/data/gtdb-r207/genomes_all/GCF_001578185.1.fna	/lustre1/g/aos_shihuang/data/gtdb-r207/genomes_all/GCF_017355165.1.fna
GCF_003931795.1	GCF_900637845.1	0.85-0.9	p__Firmicutes	0.8840	/lustre1/g/aos_shihuang/data/gtdb-r207/genomes_all/GCF_003931795.1.fna	/lustre1/g/aos_shihuang/data/gtdb-r207/genomes_all/GCF_900637845.1.fna
GCA_014238525.1	GCA_014238225.1	0.85-0.9	p__Firmicutes	0.8604	/lustre1/g/aos_shihuang/data/gtdb-r207/genomes_all/GCA_014238525.1.fna	/lustre1/g/aos_shihuang/data/gtdb-r207/genomes_all/GCA_014238225.1.fna
GCA_017633835.1	GCA_017645255.1	0.85-0.9	p__Firmicutes	0.8683	/lustre1/g/aos_shihuang/data/gtdb-r207/genomes_all/GCA_017633835.1.fna	/lustre1/g/aos_shihuang/data/gtdb-r207/genomes_all/GCA_017645255.1.fna
GCF_003339585.1	GCF_000685865.1	0.85-0.9	p__Firmicutes	0.8647	/lustre1/g/aos_shihuang/data/gtdb-r207/genomes_all/GCF_003339585.1.fna	/lustre1/g/aos_shihuang/data/gtdb-r207/genomes_all/GCF_000685865.1.fna
GCF_002096815.1	GCF_001579025.1	0.85-0.9	p__Firmicutes	0.8682	/lustre1/g/aos_shihuang/data/gtdb-r207/genomes_all/GCF_002096815.1.fna	/lustre1/g/aos_shihuang/data/gtdb-r207/genomes_all/GCF_001579025.1.fna
GCA_003554025.1	GCA_003552925.1	0.85-0.9	p__Firmicutes	0.8519	/lustre1/g/aos_shihuang/data/gtdb-r207/genomes_all/GCA_003554025.1.fna	/lustre1/g/aos_shihuang/data/gtdb-r207/genomes_all/GCA_003552925.1.fna
GCF_900115605.1	GCF_900116255.1	0.85-0.9	p__Firmicutes	0.8546	/lustre1/g/aos_shihuang/data/gtdb-r207/genomes_all/GCF_900115605.1.fna	/lustre1/g/aos_shihuang/data/gtdb-r207/genomes_all/GCF_900116255.1.fna
GCF_018967645.1	GCF_018138385.1	0.85-0.9	p__Firmicutes	0.8828	/lustre1/g/aos_shihuang/data/gtdb-r207/genomes_all/GCF_018967645.1.fna	/lustre1/g/aos_shihuang/data/gtdb-r207/genomes_all/GCF_018138385.1.fna
GCF_904424705.1	GCF_001591825.1	0.85-0.9	p__Firmicutes	0.8515	/lustre1/g/aos_shihuang/data/gtdb-r207/genomes_all/GCF_904424705.1.fna	/lustre1/g/aos_shihuang/data/gtdb-r207/genomes_all/GCF_001591825.1.fna
GCF_900129085.1	GCA_019116785.1	0.85-0.9	p__Firmicutes	0.8566	/lustre1/g/aos_shihuang/data/gtdb-r207/genomes_all/GCF_900129085.1.fna	/lustre1/g/aos_shihuang/data/gtdb-r207/genomes_all/GCA_019116785.1.fna
GCF_000833605.1	GCF_014201585.1	0.85-0.9	p__Firmicutes	0.8751	/lustre1/g/aos_shihuang/data/gtdb-r207/genomes_all/GCF_000833605.1.fna	/lustre1/g/aos_shihuang/data/gtdb-r207/genomes_all/GCF_014201585.1.fna
GCA_900754615.1	GCA_900547815.1	0.85-0.9	p__Firmicutes	0.8886	/lustre1/g/aos_shihuang/data/gtdb-r207/genomes_all/GCA_900754615.1.fna	/lustre1/g/aos_shihuang/data/gtdb-r207/genomes_all/GCA_900547815.1.fna
GCA_900110015.1	GCF_002272135.1	0.85-0.9	p__Firmicutes	0.8871	/lustre1/g/aos_shihuang/data/gtdb-r207/genomes_all/GCA_900110015.1.fna	/lustre1/g/aos_shihuang/data/gtdb-r207/genomes_all/GCF_002272135.1.fna
GCF_003458715.1	GCF_003436425.1	0.85-0.9	p__Firmicutes	0.8828	/lustre1/g/aos_shihuang/data/gtdb-r207/genomes_all/GCF_003458715.1.fna	/lustre1/g/aos_shihuang/data/gtdb-r207/genomes_all/GCF_003436425.1.fna
GCF_000484595.1	GCF_003058165.1	0.85-0.9	p__Firmicutes	0.8727	/lustre1/g/aos_shihuang/data/gtdb-r207/genomes_all/GCF_000484595.1.fna	/lustre1/g/aos_shihuang/data/gtdb-r207/genomes_all/GCF_003058165.1.fna
GCA_900544435.1	GCF_003024675.1	0.85-0.9	p__Firmicutes	0.8982	/lustre1/g/aos_shihuang/data/gtdb-r207/genomes_all/GCA_900544435.1.fna	/lustre1/g/aos_shihuang/data/gtdb-r207/genomes_all/GCF_003024675.1.fna
GCF_002874535.1	GCF_018613195.1	0.85-0.9	p__Firmicutes	0.8637	/lustre1/g/aos_shihuang/data/gtdb-r207/genomes_all/GCF_002874535.1.fna	/lustre1/g/aos_shihuang/data/gtdb-r207/genomes_all/GCF_018613195.1.fna
GCF_000307855.1	GCA_012840465.1	0.85-0.9	p__Firmicutes	0.8779	/lustre1/g/aos_shihuang/data/gtdb-r207/genomes_all/GCF_000307855.1.fna	/lustre1/g/aos_shihuang/data/gtdb-r207/genomes_all/GCA_012840465.1.fna
GCA_000438415.1	GCA_003524085.1	0.85-0.9	p__Firmicutes	0.8737	/lustre1/g/aos_shihuang/data/gtdb-r207/genomes_all/GCA_000438415.1.fna	/lustre1/g/aos_shihuang/data/gtdb-r207/genomes_all/GCA_003524085.1.fna
GCA_900754715.1	GCA_900543035.1	0.85-0.9	p__Firmicutes	0.8879	/lustre1/g/aos_shihuang/data/gtdb-r207/genomes_all/GCA_900754715.1.fna	/lustre1/g/aos_shihuang/data/gtdb-r207/genomes_all/GCA_900543035.1.fna
GCF_003316765.1	GCF_008180615.1	0.85-0.9	p__Firmicutes	0.8634	/lustre1/g/aos_shihuang/data/gtdb-r207/genomes_all/GCF_003316765.1.fna	/lustre1/g/aos_shihuang/data/gtdb-r207/genomes_all/GCF_008180615.1.fna
GCF_006861775.1	GCF_900111345.1	0.85-0.9	p__Firmicutes	0.8604	/lustre1/g/aos_shihuang/data/gtdb-r207/genomes_all/GCF_006861775.1.fna	/lustre1/g/aos_shihuang/data/gtdb-r207/genomes_all/GCF_900111345.1.fna
GCA_012839485.1	GCA_012838635.1	0.85-0.9	p__Firmicutes	0.8871	/lustre1/g/aos_shihuang/data/gtdb-r207/genomes_all/GCA_012839485.1.fna	/lustre1/g/aos_shihuang/data/gtdb-r207/genomes_all/GCA_012838635.1.fna
GCA_910579535.1	GCA_910583945.1	0.85-0.9	p__Firmicutes	0.8783	/lustre1/g/aos_shihuang/data/gtdb-r207/genomes_all/GCA_910579535.1.fna	/lustre1/g/aos_shihuang/data/gtdb-r207/genomes_all/GCA_910583945.1.fna
GCA_012513195.1	GCA_012516175.1	0.85-0.9	p__Firmicutes	0.8650	/lustre1/g/aos_shihuang/data/gtdb-r207/genomes_all/GCA_012513195.1.fna	/lustre1/g/aos_shihuang/data/gtdb-r207/genomes_all/GCA_012516175.1.fna
GCF_018390575.1	GCF_000348905.1	0.85-0.9	p__Firmicutes	0.8779	/lustre1/g/aos_shihuang/data/gtdb-r207/genomes_all/GCF_018390575.1.fna	/lustre1/g/aos_shihuang/data/gtdb-r207/genomes_all/GCF_000348905.1.fna
GCF_900107305.1	GCF_004341445.1	0.85-0.9	p__Firmicutes	0.8749	/lustre1/g/aos_shihuang/data/gtdb-r207/genomes_all/GCF_900107305.1.fna	/lustre1/g/aos_shihuang/data/gtdb-r207/genomes_all/GCF_004341445.1.fna
GCA_017962745.1	GCA_017617065.1	0.85-0.9	p__Firmicutes	0.8537	/lustre1/g/aos_shihuang/data/gtdb-r207/genomes_all/GCA_017962745.1.fna	/lustre1/g/aos_shihuang/data/gtdb-r207/genomes_all/GCA_017617065.1.fna
GCA_017646825.1	GCA_017397315.1	0.85-0.9	p__Firmicutes_A	0.8645	/lustre1/g/aos_shihuang/data/gtdb-r207/genomes_all/GCA_017646825.1.fna	/lustre1/g/aos_shihuang/data/gtdb-r207/genomes_all/GCA_017397315.1.fna
GCA_017616855.1	GCA_017620395.1	0.85-0.9	p__Firmicutes_A	0.8535	/lustre1/g/aos_shihuang/data/gtdb-r207/genomes_all/GCA_017616855.1.fna	/lustre1/g/aos_shihuang/data/gtdb-r207/genomes_all/GCA_017620395.1.fna
GCF_000244875.1	GCF_000022065.1	0.85-0.9	p__Firmicutes_A	0.8710	/lustre1/g/aos_shihuang/data/gtdb-r207/genomes_all/GCF_000244875.1.fna	/lustre1/g/aos_shihuang/data/gtdb-r207/genomes_all/GCF_000022065.1.fna
GCA_012523915.1	GCA_012735285.1	0.85-0.9	p__Firmicutes_A	0.8640	/lustre1/g/aos_shihuang/data/gtdb-r207/genomes_all/GCA_012523915.1.fna	/lustre1/g/aos_shihuang/data/gtdb-r207/genomes_all/GCA_012735285.1.fna
GCA_017379935.1	GCA_017415025.1	0.85-0.9	p__Firmicutes_A	0.8721	/lustre1/g/aos_shihuang/data/gtdb-r207/genomes_all/GCA_017379935.1.fna	/lustre1/g/aos_shihuang/data/gtdb-r207/genomes_all/GCA_017415025.1.fna
GCA_012511525.1	GCA_012523135.1	0.85-0.9	p__Firmicutes_A	0.8876	/lustre1/g/aos_shihuang/data/gtdb-r207/genomes_all/GCA_012511525.1.fna	/lustre1/g/aos_shihuang/data/gtdb-r207/genomes_all/GCA_012523135.1.fna
GCA_000702525.1	GCA_017392525.1	0.85-0.9	p__Firmicutes_A	0.8516	/lustre1/g/aos_shihuang/data/gtdb-r207/genomes_all/GCA_000702525.1.fna	/lustre1/g/aos_shihuang/data/gtdb-r207/genomes_all/GCA_017392525.1.fna
GCF_904384255.1	GCA_900554165.1	0.85-0.9	p__Firmicutes_A	0.8985	/lustre1/g/aos_shihuang/data/gtdb-r207/genomes_all/GCF_904384255.1.fna	/lustre1/g/aos_shihuang/data/gtdb-r207/genomes_all/GCA_900554165.1.fna
GCA_017416855.1	GCA_015068865.1	0.85-0.9	p__Firmicutes_A	0.8839	/lustre1/g/aos_shihuang/data/gtdb-r207/genomes_all/GCA_017416855.1.fna	/lustre1/g/aos_shihuang/data/gtdb-r207/genomes_all/GCA_015068865.1.fna
GCA_017619985.1	GCA_017557505.1	0.85-0.9	p__Firmicutes_A	0.8785	/lustre1/g/aos_shihuang/data/gtdb-r207/genomes_all/GCA_017619985.1.fna	/lustre1/g/aos_shihuang/data/gtdb-r207/genomes_all/GCA_017557505.1.fna
GCA_017428635.1	GCA_017545225.1	0.85-0.9	p__Firmicutes_A	0.8731	/lustre1/g/aos_shihuang/data/gtdb-r207/genomes_all/GCA_017428635.1.fna	/lustre1/g/aos_shihuang/data/gtdb-r207/genomes_all/GCA_017545225.1.fna
GCA_015068285.1	GCA_017547995.1	0.85-0.9	p__Firmicutes_A	0.8782	/lustre1/g/aos_shihuang/data/gtdb-r207/genomes_all/GCA_015068285.1.fna	/lustre1/g/aos_shihuang/data/gtdb-r207/genomes_all/GCA_017547995.1.fna
GCF_900538275.1	GCA_002841495.1	0.85-0.9	p__Firmicutes_A	0.8669	/lustre1/g/aos_shihuang/data/gtdb-r207/genomes_all/GCF_900538275.1.fna	/lustre1/g/aos_shihuang/data/gtdb-r207/genomes_all/GCA_002841495.1.fna
GCA_017441925.1	GCA_902782895.1	0.85-0.9	p__Firmicutes_A	0.8562	/lustre1/g/aos_shihuang/data/gtdb-r207/genomes_all/GCA_017441925.1.fna	/lustre1/g/aos_shihuang/data/gtdb-r207/genomes_all/GCA_902782895.1.fna
GCA_001513385.1	GCA_012522015.1	0.85-0.9	p__Firmicutes_A	0.8745	/lustre1/g/aos_shihuang/data/gtdb-r207/genomes_all/GCA_001513385.1.fna	/lustre1/g/aos_shihuang/data/gtdb-r207/genomes_all/GCA_012522015.1.fna
GCA_017548765.1	GCA_017543445.1	0.85-0.9	p__Firmicutes_A	0.8800	/lustre1/g/aos_shihuang/data/gtdb-r207/genomes_all/GCA_017548765.1.fna	/lustre1/g/aos_shihuang/data/gtdb-r207/genomes_all/GCA_017543445.1.fna
GCA_017425305.1	GCF_015668515.1	0.85-0.9	p__Firmicutes_A	0.8597	/lustre1/g/aos_shihuang/data/gtdb-r207/genomes_all/GCA_017425305.1.fna	/lustre1/g/aos_shihuang/data/gtdb-r207/genomes_all/GCF_015668515.1.fna
GCA_017548765.1	GCA_900319565.1	0.85-0.9	p__Firmicutes_A	0.8512	/lustre1/g/aos_shihuang/data/gtdb-r207/genomes_all/GCA_017548765.1.fna	/lustre1/g/aos_shihuang/data/gtdb-r207/genomes_all/GCA_900319565.1.fna
GCA_017613995.1	GCA_902796565.1	0.85-0.9	p__Firmicutes_A	0.8578	/lustre1/g/aos_shihuang/data/gtdb-r207/genomes_all/GCA_017613995.1.fna	/lustre1/g/aos_shihuang/data/gtdb-r207/genomes_all/GCA_902796565.1.fna
GCA_002841435.1	GCA_002841495.1	0.85-0.9	p__Firmicutes_A	0.8866	/lustre1/g/aos_shihuang/data/gtdb-r207/genomes_all/GCA_002841435.1.fna	/lustre1/g/aos_shihuang/data/gtdb-r207/genomes_all/GCA_002841495.1.fna
GCA_017524445.1	GCA_017393775.1	0.85-0.9	p__Firmicutes_A	0.8599	/lustre1/g/aos_shihuang/data/gtdb-r207/genomes_all/GCA_017524445.1.fna	/lustre1/g/aos_shihuang/data/gtdb-r207/genomes_all/GCA_017393775.1.fna
GCA_017507985.1	GCA_015064805.1	0.85-0.9	p__Firmicutes_A	0.8573	/lustre1/g/aos_shihuang/data/gtdb-r207/genomes_all/GCA_017507985.1.fna	/lustre1/g/aos_shihuang/data/gtdb-r207/genomes_all/GCA_015064805.1.fna
GCA_012518535.1	GCA_002385665.1	0.85-0.9	p__Firmicutes_A	0.8920	/lustre1/g/aos_shihuang/data/gtdb-r207/genomes_all/GCA_012518535.1.fna	/lustre1/g/aos_shihuang/data/gtdb-r207/genomes_all/GCA_002385665.1.fna
GCA_017619295.1	GCA_900103495.1	0.85-0.9	p__Firmicutes_A	0.8999	/lustre1/g/aos_shihuang/data/gtdb-r207/genomes_all/GCA_017619295.1.fna	/lustre1/g/aos_shihuang/data/gtdb-r207/genomes_all/GCA_900103495.1.fna
GCA_900539725.1	GCF_000312505.2	0.85-0.9	p__Firmicutes_A	0.8921	/lustre1/g/aos_shihuang/data/gtdb-r207/genomes_all/GCA_900539725.1.fna	/lustre1/g/aos_shihuang/data/gtdb-r207/genomes_all/GCF_000312505.2.fna
GCA_017938145.1	GCA_017622795.1	0.85-0.9	p__Firmicutes_A	0.8612	/lustre1/g/aos_shihuang/data/gtdb-r207/genomes_all/GCA_017938145.1.fna	/lustre1/g/aos_shihuang/data/gtdb-r207/genomes_all/GCA_017622795.1.fna
GCA_900539655.1	GCA_900540475.1	0.85-0.9	p__Firmicutes_A	0.8749	/lustre1/g/aos_shihuang/data/gtdb-r207/genomes_all/GCA_900539655.1.fna	/lustre1/g/aos_shihuang/data/gtdb-r207/genomes_all/GCA_900540475.1.fna
GCA_012521175.1	GCA_012519955.1	0.85-0.9	p__Firmicutes_A	0.8884	/lustre1/g/aos_shihuang/data/gtdb-r207/genomes_all/GCA_012521175.1.fna	/lustre1/g/aos_shihuang/data/gtdb-r207/genomes_all/GCA_012519955.1.fna
GCA_900315945.1	GCA_002373675.1	0.85-0.9	p__Firmicutes_A	0.8735	/lustre1/g/aos_shihuang/data/gtdb-r207/genomes_all/GCA_900315945.1.fna	/lustre1/g/aos_shihuang/data/gtdb-r207/genomes_all/GCA_002373675.1.fna
GCA_017556805.1	GCA_015057365.1	0.85-0.9	p__Firmicutes_A	0.8857	/lustre1/g/aos_shihuang/data/gtdb-r207/genomes_all/GCA_017556805.1.fna	/lustre1/g/aos_shihuang/data/gtdb-r207/genomes_all/GCA_015057365.1.fna
GCA_017531925.1	GCA_017483195.1	0.85-0.9	p__Firmicutes_A	0.8971	/lustre1/g/aos_shihuang/data/gtdb-r207/genomes_all/GCA_017531925.1.fna	/lustre1/g/aos_shihuang/data/gtdb-r207/genomes_all/GCA_017483195.1.fna
GCA_900753135.1	GCA_900765095.1	0.85-0.9	p__Firmicutes_A	0.8912	/lustre1/g/aos_shihuang/data/gtdb-r207/genomes_all/GCA_900753135.1.fna	/lustre1/g/aos_shihuang/data/gtdb-r207/genomes_all/GCA_900765095.1.fna
GCA_900544965.1	GCA_900547135.1	0.85-0.9	p__Firmicutes_A	0.8819	/lustre1/g/aos_shihuang/data/gtdb-r207/genomes_all/GCA_900544965.1.fna	/lustre1/g/aos_shihuang/data/gtdb-r207/genomes_all/GCA_900547135.1.fna
GCA_016650135.1	GCA_016650115.1	0.85-0.9	p__Firmicutes_A	0.8854	/lustre1/g/aos_shihuang/data/gtdb-r207/genomes_all/GCA_016650135.1.fna	/lustre1/g/aos_shihuang/data/gtdb-r207/genomes_all/GCA_016650115.1.fna
GCA_002404515.1	GCA_900553925.1	0.85-0.9	p__Firmicutes_A	0.8632	/lustre1/g/aos_shihuang/data/gtdb-r207/genomes_all/GCA_002404515.1.fna	/lustre1/g/aos_shihuang/data/gtdb-r207/genomes_all/GCA_900553925.1.fna
GCA_019114065.1	GCA_902406105.1	0.85-0.9	p__Firmicutes_A	0.8540	/lustre1/g/aos_shihuang/data/gtdb-r207/genomes_all/GCA_019114065.1.fna	/lustre1/g/aos_shihuang/data/gtdb-r207/genomes_all/GCA_902406105.1.fna
GCA_015064725.1	GCA_017621475.1	0.85-0.9	p__Firmicutes_A	0.8953	/lustre1/g/aos_shihuang/data/gtdb-r207/genomes_all/GCA_015064725.1.fna	/lustre1/g/aos_shihuang/data/gtdb-r207/genomes_all/GCA_017621475.1.fna
GCA_900553865.1	GCA_900553405.1	0.85-0.9	p__Firmicutes_A	0.8873	/lustre1/g/aos_shihuang/data/gtdb-r207/genomes_all/GCA_900553865.1.fna	/lustre1/g/aos_shihuang/data/gtdb-r207/genomes_all/GCA_900553405.1.fna
GCA_902794055.1	GCA_017523925.1	0.85-0.9	p__Firmicutes_A	0.8770	/lustre1/g/aos_shihuang/data/gtdb-r207/genomes_all/GCA_902794055.1.fna	/lustre1/g/aos_shihuang/data/gtdb-r207/genomes_all/GCA_017523925.1.fna
GCF_003589745.1	GCF_003862475.1	0.85-0.9	p__Firmicutes_A	0.8570	/lustre1/g/aos_shihuang/data/gtdb-r207/genomes_all/GCF_003589745.1.fna	/lustre1/g/aos_shihuang/data/gtdb-r207/genomes_all/GCF_003862475.1.fna
GCF_000018425.1	GCA_002294005.1	0.85-0.9	p__Firmicutes_B	0.8568	/lustre1/g/aos_shihuang/data/gtdb-r207/genomes_all/GCF_000018425.1.fna	/lustre1/g/aos_shihuang/data/gtdb-r207/genomes_all/GCA_002294005.1.fna
GCA_003513005.1	GCA_003485325.1	0.85-0.9	p__Firmicutes_B	0.8672	/lustre1/g/aos_shihuang/data/gtdb-r207/genomes_all/GCA_003513005.1.fna	/lustre1/g/aos_shihuang/data/gtdb-r207/genomes_all/GCA_003485325.1.fna
GCF_000024605.1	GCF_003368535.1	0.85-0.9	p__Firmicutes_B	0.8904	/lustre1/g/aos_shihuang/data/gtdb-r207/genomes_all/GCF_000024605.1.fna	/lustre1/g/aos_shihuang/data/gtdb-r207/genomes_all/GCF_003368535.1.fna
GCA_002424365.1	GCA_012729715.1	0.85-0.9	p__Firmicutes_B	0.8519	/lustre1/g/aos_shihuang/data/gtdb-r207/genomes_all/GCA_002424365.1.fna	/lustre1/g/aos_shihuang/data/gtdb-r207/genomes_all/GCA_012729715.1.fna
GCF_900129285.1	GCA_000214705.1	0.85-0.9	p__Firmicutes_B	0.8626	/lustre1/g/aos_shihuang/data/gtdb-r207/genomes_all/GCF_900129285.1.fna	/lustre1/g/aos_shihuang/data/gtdb-r207/genomes_all/GCA_000214705.1.fna
GCA_002382755.1	GCA_003513005.1	0.85-0.9	p__Firmicutes_B	0.8680	/lustre1/g/aos_shihuang/data/gtdb-r207/genomes_all/GCA_002382755.1.fna	/lustre1/g/aos_shihuang/data/gtdb-r207/genomes_all/GCA_003513005.1.fna
GCA_002402825.1	GCA_002327235.1	0.85-0.9	p__Firmicutes_B	0.8625	/lustre1/g/aos_shihuang/data/gtdb-r207/genomes_all/GCA_002402825.1.fna	/lustre1/g/aos_shihuang/data/gtdb-r207/genomes_all/GCA_002327235.1.fna
GCA_016841875.1	GCA_016841245.1	0.85-0.9	p__Firmicutes_B	0.8945	/lustre1/g/aos_shihuang/data/gtdb-r207/genomes_all/GCA_016841875.1.fna	/lustre1/g/aos_shihuang/data/gtdb-r207/genomes_all/GCA_016841245.1.fna
GCA_900759105.1	GCA_900553245.1	0.85-0.9	p__Firmicutes_B	0.8575	/lustre1/g/aos_shihuang/data/gtdb-r207/genomes_all/GCA_900759105.1.fna	/lustre1/g/aos_shihuang/data/gtdb-r207/genomes_all/GCA_900553245.1.fna
GCA_012516535.1	GCA_012842275.1	0.85-0.9	p__Firmicutes_B	0.8985	/lustre1/g/aos_shihuang/data/gtdb-r207/genomes_all/GCA_012516535.1.fna	/lustre1/g/aos_shihuang/data/gtdb-r207/genomes_all/GCA_012842275.1.fna
GCA_003509545.1	GCF_013167955.1	0.85-0.9	p__Firmicutes_B	0.8670	/lustre1/g/aos_shihuang/data/gtdb-r207/genomes_all/GCA_003509545.1.fna	/lustre1/g/aos_shihuang/data/gtdb-r207/genomes_all/GCF_013167955.1.fna
GCA_011048115.1	GCA_003445475.1	0.85-0.9	p__Firmicutes_B	0.8681	/lustre1/g/aos_shihuang/data/gtdb-r207/genomes_all/GCA_011048115.1.fna	/lustre1/g/aos_shihuang/data/gtdb-r207/genomes_all/GCA_003445475.1.fna
GCA_000681355.2	GCA_002327235.1	0.85-0.9	p__Firmicutes_B	0.8631	/lustre1/g/aos_shihuang/data/gtdb-r207/genomes_all/GCA_000681355.2.fna	/lustre1/g/aos_shihuang/data/gtdb-r207/genomes_all/GCA_002327235.1.fna
GCA_000961765.1	GCA_000802045.1	0.85-0.9	p__Firmicutes_B	0.8822	/lustre1/g/aos_shihuang/data/gtdb-r207/genomes_all/GCA_000961765.1.fna	/lustre1/g/aos_shihuang/data/gtdb-r207/genomes_all/GCA_000802045.1.fna
GCF_002257705.1	GCA_017889675.1	0.85-0.9	p__Firmicutes_C	0.8762	/lustre1/g/aos_shihuang/data/gtdb-r207/genomes_all/GCF_002257705.1.fna	/lustre1/g/aos_shihuang/data/gtdb-r207/genomes_all/GCA_017889675.1.fna
GCF_003992135.1	GCA_900766245.1	0.85-0.9	p__Firmicutes_C	0.8981	/lustre1/g/aos_shihuang/data/gtdb-r207/genomes_all/GCF_003992135.1.fna	/lustre1/g/aos_shihuang/data/gtdb-r207/genomes_all/GCA_900766245.1.fna
GCA_015058545.1	GCF_003992065.1	0.85-0.9	p__Firmicutes_C	0.8688	/lustre1/g/aos_shihuang/data/gtdb-r207/genomes_all/GCA_015058545.1.fna	/lustre1/g/aos_shihuang/data/gtdb-r207/genomes_all/GCF_003992065.1.fna
GCA_900545535.1	GCF_003269275.1	0.85-0.9	p__Firmicutes_C	0.8578	/lustre1/g/aos_shihuang/data/gtdb-r207/genomes_all/GCA_900545535.1.fna	/lustre1/g/aos_shihuang/data/gtdb-r207/genomes_all/GCF_003269275.1.fna
GCF_902810435.1	GCF_002959775.1	0.85-0.9	p__Firmicutes_C	0.8711	/lustre1/g/aos_shihuang/data/gtdb-r207/genomes_all/GCF_902810435.1.fna	/lustre1/g/aos_shihuang/data/gtdb-r207/genomes_all/GCF_002959775.1.fna
GCF_003467125.1	GCA_900095875.1	0.85-0.9	p__Firmicutes_C	0.8868	/lustre1/g/aos_shihuang/data/gtdb-r207/genomes_all/GCF_003467125.1.fna	/lustre1/g/aos_shihuang/data/gtdb-r207/genomes_all/GCA_900095875.1.fna
GCF_003463825.1	GCF_002959915.1	0.85-0.9	p__Firmicutes_C	0.8514	/lustre1/g/aos_shihuang/data/gtdb-r207/genomes_all/GCF_003463825.1.fna	/lustre1/g/aos_shihuang/data/gtdb-r207/genomes_all/GCF_002959915.1.fna
GCF_003992135.1	GCF_003999875.1	0.85-0.9	p__Firmicutes_C	0.8967	/lustre1/g/aos_shihuang/data/gtdb-r207/genomes_all/GCF_003992135.1.fna	/lustre1/g/aos_shihuang/data/gtdb-r207/genomes_all/GCF_003999875.1.fna
GCA_900554395.1	GCA_003150755.1	0.85-0.9	p__Firmicutes_C	0.8601	/lustre1/g/aos_shihuang/data/gtdb-r207/genomes_all/GCA_900554395.1.fna	/lustre1/g/aos_shihuang/data/gtdb-r207/genomes_all/GCA_003150755.1.fna
GCF_000271485.2	GCF_900114615.1	0.85-0.9	p__Firmicutes_C	0.8811	/lustre1/g/aos_shihuang/data/gtdb-r207/genomes_all/GCF_000271485.2.fna	/lustre1/g/aos_shihuang/data/gtdb-r207/genomes_all/GCF_900114615.1.fna
GCF_000374545.1	GCA_009929485.1	0.85-0.9	p__Firmicutes_C	0.8914	/lustre1/g/aos_shihuang/data/gtdb-r207/genomes_all/GCF_000374545.1.fna	/lustre1/g/aos_shihuang/data/gtdb-r207/genomes_all/GCA_009929485.1.fna
GCF_000702545.1	GCA_017635515.1	0.85-0.9	p__Firmicutes_C	0.8649	/lustre1/g/aos_shihuang/data/gtdb-r207/genomes_all/GCF_000702545.1.fna	/lustre1/g/aos_shihuang/data/gtdb-r207/genomes_all/GCA_017635515.1.fna
GCA_902782705.1	GCA_017619685.1	0.85-0.9	p__Firmicutes_C	0.8916	/lustre1/g/aos_shihuang/data/gtdb-r207/genomes_all/GCA_902782705.1.fna	/lustre1/g/aos_shihuang/data/gtdb-r207/genomes_all/GCA_017619685.1.fna
GCA_017444395.1	GCA_016280345.1	0.85-0.9	p__Firmicutes_C	0.8657	/lustre1/g/aos_shihuang/data/gtdb-r207/genomes_all/GCA_017444395.1.fna	/lustre1/g/aos_shihuang/data/gtdb-r207/genomes_all/GCA_016280345.1.fna
GCA_017635515.1	GCA_015058655.1	0.85-0.9	p__Firmicutes_C	0.8917	/lustre1/g/aos_shihuang/data/gtdb-r207/genomes_all/GCA_017635515.1.fna	/lustre1/g/aos_shihuang/data/gtdb-r207/genomes_all/GCA_015058655.1.fna
GCF_003992005.1	GCF_003992055.1	0.85-0.9	p__Firmicutes_C	0.8742	/lustre1/g/aos_shihuang/data/gtdb-r207/genomes_all/GCF_003992005.1.fna	/lustre1/g/aos_shihuang/data/gtdb-r207/genomes_all/GCF_003992055.1.fna
GCF_000024945.1	GCA_900552445.1	0.85-0.9	p__Firmicutes_C	0.8958	/lustre1/g/aos_shihuang/data/gtdb-r207/genomes_all/GCF_000024945.1.fna	/lustre1/g/aos_shihuang/data/gtdb-r207/genomes_all/GCA_900552445.1.fna
GCA_900554395.1	GCA_000436095.1	0.85-0.9	p__Firmicutes_C	0.8601	/lustre1/g/aos_shihuang/data/gtdb-r207/genomes_all/GCA_900554395.1.fna	/lustre1/g/aos_shihuang/data/gtdb-r207/genomes_all/GCA_000436095.1.fna
GCA_012798135.1	GCA_002329525.1	0.85-0.9	p__Firmicutes_C	0.8936	/lustre1/g/aos_shihuang/data/gtdb-r207/genomes_all/GCA_012798135.1.fna	/lustre1/g/aos_shihuang/data/gtdb-r207/genomes_all/GCA_002329525.1.fna
GCF_000702545.1	GCA_902780915.1	0.85-0.9	p__Firmicutes_C	0.8560	/lustre1/g/aos_shihuang/data/gtdb-r207/genomes_all/GCF_000702545.1.fna	/lustre1/g/aos_shihuang/data/gtdb-r207/genomes_all/GCA_902780915.1.fna
GCF_000286455.1	GCF_000234095.1	0.85-0.9	p__Firmicutes_C	0.8629	/lustre1/g/aos_shihuang/data/gtdb-r207/genomes_all/GCF_000286455.1.fna	/lustre1/g/aos_shihuang/data/gtdb-r207/genomes_all/GCF_000234095.1.fna
GCF_900114615.1	GCF_000271665.2	0.85-0.9	p__Firmicutes_C	0.8838	/lustre1/g/aos_shihuang/data/gtdb-r207/genomes_all/GCF_900114615.1.fna	/lustre1/g/aos_shihuang/data/gtdb-r207/genomes_all/GCF_000271665.2.fna
GCA_002314325.1	GCA_900554895.1	0.85-0.9	p__Firmicutes_C	0.8674	/lustre1/g/aos_shihuang/data/gtdb-r207/genomes_all/GCA_002314325.1.fna	/lustre1/g/aos_shihuang/data/gtdb-r207/genomes_all/GCA_900554895.1.fna
GCF_900111575.1	GCF_900142275.1	0.85-0.9	p__Firmicutes_D	0.8651	/lustre1/g/aos_shihuang/data/gtdb-r207/genomes_all/GCF_900111575.1.fna	/lustre1/g/aos_shihuang/data/gtdb-r207/genomes_all/GCF_900142275.1.fna
GCA_012841735.1	GCA_012521345.1	0.85-0.9	p__Firmicutes_D	0.8552	/lustre1/g/aos_shihuang/data/gtdb-r207/genomes_all/GCA_012841735.1.fna	/lustre1/g/aos_shihuang/data/gtdb-r207/genomes_all/GCA_012521345.1.fna
GCA_018725345.1	GCA_018333455.1	0.85-0.9	p__Firmicutes_D	0.8687	/lustre1/g/aos_shihuang/data/gtdb-r207/genomes_all/GCA_018725345.1.fna	/lustre1/g/aos_shihuang/data/gtdb-r207/genomes_all/GCA_018333455.1.fna
GCA_018335695.1	GCA_018333635.1	0.85-0.9	p__Firmicutes_D	0.8820	/lustre1/g/aos_shihuang/data/gtdb-r207/genomes_all/GCA_018335695.1.fna	/lustre1/g/aos_shihuang/data/gtdb-r207/genomes_all/GCA_018333635.1.fna
GCA_012522075.1	GCA_012521345.1	0.85-0.9	p__Firmicutes_D	0.8785	/lustre1/g/aos_shihuang/data/gtdb-r207/genomes_all/GCA_012522075.1.fna	/lustre1/g/aos_shihuang/data/gtdb-r207/genomes_all/GCA_012521345.1.fna
GCA_018333455.1	GCA_018333635.1	0.85-0.9	p__Firmicutes_D	0.8545	/lustre1/g/aos_shihuang/data/gtdb-r207/genomes_all/GCA_018333455.1.fna	/lustre1/g/aos_shihuang/data/gtdb-r207/genomes_all/GCA_018333635.1.fna
GCF_001280565.1	GCF_900176145.1	0.85-0.9	p__Firmicutes_E	0.8836	/lustre1/g/aos_shihuang/data/gtdb-r207/genomes_all/GCF_001280565.1.fna	/lustre1/g/aos_shihuang/data/gtdb-r207/genomes_all/GCF_900176145.1.fna
GCA_012842495.1	GCA_014896535.1	0.85-0.9	p__Firmicutes_E	0.8740	/lustre1/g/aos_shihuang/data/gtdb-r207/genomes_all/GCA_012842495.1.fna	/lustre1/g/aos_shihuang/data/gtdb-r207/genomes_all/GCA_014896535.1.fna
GCF_000009905.1	GCA_003242675.1	0.85-0.9	p__Firmicutes_E	0.8758	/lustre1/g/aos_shihuang/data/gtdb-r207/genomes_all/GCF_000009905.1.fna	/lustre1/g/aos_shihuang/data/gtdb-r207/genomes_all/GCA_003242675.1.fna
GCF_001693735.1	GCF_003001995.1	0.85-0.9	p__Firmicutes_F	0.8592	/lustre1/g/aos_shihuang/data/gtdb-r207/genomes_all/GCF_001693735.1.fna	/lustre1/g/aos_shihuang/data/gtdb-r207/genomes_all/GCF_003001995.1.fna
GCA_015666175.1	GCA_007130465.1	0.85-0.9	p__Firmicutes_F	0.8761	/lustre1/g/aos_shihuang/data/gtdb-r207/genomes_all/GCA_015666175.1.fna	/lustre1/g/aos_shihuang/data/gtdb-r207/genomes_all/GCA_007130465.1.fna
GCA_002398515.1	GCA_012512055.1	0.85-0.9	p__Firmicutes_G	0.8819	/lustre1/g/aos_shihuang/data/gtdb-r207/genomes_all/GCA_002398515.1.fna	/lustre1/g/aos_shihuang/data/gtdb-r207/genomes_all/GCA_012512055.1.fna
GCA_012735195.1	GCA_012839115.1	0.85-0.9	p__Firmicutes_G	0.8685	/lustre1/g/aos_shihuang/data/gtdb-r207/genomes_all/GCA_012735195.1.fna	/lustre1/g/aos_shihuang/data/gtdb-r207/genomes_all/GCA_012839115.1.fna
GCA_012799075.1	GCA_012522085.1	0.85-0.9	p__Firmicutes_G	0.8560	/lustre1/g/aos_shihuang/data/gtdb-r207/genomes_all/GCA_012799075.1.fna	/lustre1/g/aos_shihuang/data/gtdb-r207/genomes_all/GCA_012522085.1.fna
GCA_012727895.1	GCA_012839115.1	0.85-0.9	p__Firmicutes_G	0.8538	/lustre1/g/aos_shihuang/data/gtdb-r207/genomes_all/GCA_012727895.1.fna	/lustre1/g/aos_shihuang/data/gtdb-r207/genomes_all/GCA_012839115.1.fna
GCA_012727675.1	GCA_012735435.1	0.85-0.9	p__Firmicutes_G	0.8901	/lustre1/g/aos_shihuang/data/gtdb-r207/genomes_all/GCA_012727675.1.fna	/lustre1/g/aos_shihuang/data/gtdb-r207/genomes_all/GCA_012735435.1.fna
GCA_012521755.1	GCA_012522085.1	0.85-0.9	p__Firmicutes_G	0.8759	/lustre1/g/aos_shihuang/data/gtdb-r207/genomes_all/GCA_012521755.1.fna	/lustre1/g/aos_shihuang/data/gtdb-r207/genomes_all/GCA_012522085.1.fna
GCF_008327825.1	GCF_000469385.1	0.85-0.9	p__Fusobacteriota	0.8591	/lustre1/g/aos_shihuang/data/gtdb-r207/genomes_all/GCF_008327825.1.fna	/lustre1/g/aos_shihuang/data/gtdb-r207/genomes_all/GCF_000469385.1.fna
GCF_000426625.1	GCA_002084825.1	0.85-0.9	p__Fusobacteriota	0.8670	/lustre1/g/aos_shihuang/data/gtdb-r207/genomes_all/GCF_000426625.1.fna	/lustre1/g/aos_shihuang/data/gtdb-r207/genomes_all/GCA_002084825.1.fna
GCF_000023905.1	GCF_007990635.1	0.85-0.9	p__Fusobacteriota	0.8833	/lustre1/g/aos_shihuang/data/gtdb-r207/genomes_all/GCF_000023905.1.fna	/lustre1/g/aos_shihuang/data/gtdb-r207/genomes_all/GCF_007990635.1.fna
GCF_000469505.1	GCF_001274535.1	0.85-0.9	p__Fusobacteriota	0.8931	/lustre1/g/aos_shihuang/data/gtdb-r207/genomes_all/GCF_000469505.1.fna	/lustre1/g/aos_shihuang/data/gtdb-r207/genomes_all/GCF_001274535.1.fna
GCF_000482505.1	GCF_007990635.1	0.85-0.9	p__Fusobacteriota	0.8840	/lustre1/g/aos_shihuang/data/gtdb-r207/genomes_all/GCF_000482505.1.fna	/lustre1/g/aos_shihuang/data/gtdb-r207/genomes_all/GCF_007990635.1.fna
GCA_013361745.1	GCA_013361935.1	0.85-0.9	p__Gemmatimonadota	0.8880	/lustre1/g/aos_shihuang/data/gtdb-r207/genomes_all/GCA_013361745.1.fna	/lustre1/g/aos_shihuang/data/gtdb-r207/genomes_all/GCA_013361935.1.fna
GCA_002238605.1	GCA_012267435.1	0.85-0.9	p__Gemmatimonadota	0.8874	/lustre1/g/aos_shihuang/data/gtdb-r207/genomes_all/GCA_002238605.1.fna	/lustre1/g/aos_shihuang/data/gtdb-r207/genomes_all/GCA_012267435.1.fna
GCA_009840525.1	GCA_002238605.1	0.85-0.9	p__Gemmatimonadota	0.8791	/lustre1/g/aos_shihuang/data/gtdb-r207/genomes_all/GCA_009840525.1.fna	/lustre1/g/aos_shihuang/data/gtdb-r207/genomes_all/GCA_002238605.1.fna
GCA_009838765.1	GCA_012270965.1	0.85-0.9	p__Gemmatimonadota	0.8740	/lustre1/g/aos_shihuang/data/gtdb-r207/genomes_all/GCA_009838765.1.fna	/lustre1/g/aos_shihuang/data/gtdb-r207/genomes_all/GCA_012270965.1.fna
GCA_017881545.1	GCA_017881465.1	0.85-0.9	p__Gemmatimonadota	0.8714	/lustre1/g/aos_shihuang/data/gtdb-r207/genomes_all/GCA_017881545.1.fna	/lustre1/g/aos_shihuang/data/gtdb-r207/genomes_all/GCA_017881465.1.fna
GCA_016712265.1	GCA_016794835.1	0.85-0.9	p__Gemmatimonadota	0.8816	/lustre1/g/aos_shihuang/data/gtdb-r207/genomes_all/GCA_016712265.1.fna	/lustre1/g/aos_shihuang/data/gtdb-r207/genomes_all/GCA_016794835.1.fna
GCA_002238605.1	GCA_009843625.1	0.85-0.9	p__Gemmatimonadota	0.8857	/lustre1/g/aos_shihuang/data/gtdb-r207/genomes_all/GCA_002238605.1.fna	/lustre1/g/aos_shihuang/data/gtdb-r207/genomes_all/GCA_009843625.1.fna
GCA_002724575.1	GCA_002501085.1	0.85-0.9	p__Gemmatimonadota	0.8753	/lustre1/g/aos_shihuang/data/gtdb-r207/genomes_all/GCA_002724575.1.fna	/lustre1/g/aos_shihuang/data/gtdb-r207/genomes_all/GCA_002501085.1.fna
GCA_003142495.1	GCA_013697785.1	0.85-0.9	p__Gemmatimonadota	0.8651	/lustre1/g/aos_shihuang/data/gtdb-r207/genomes_all/GCA_003142495.1.fna	/lustre1/g/aos_shihuang/data/gtdb-r207/genomes_all/GCA_013697785.1.fna
GCA_012270965.1	GCA_009840115.1	0.85-0.9	p__Gemmatimonadota	0.8812	/lustre1/g/aos_shihuang/data/gtdb-r207/genomes_all/GCA_012270965.1.fna	/lustre1/g/aos_shihuang/data/gtdb-r207/genomes_all/GCA_009840115.1.fna
GCA_002839855.1	GCA_016937715.1	0.85-0.9	p__Goldbacteria	0.8949	/lustre1/g/aos_shihuang/data/gtdb-r207/genomes_all/GCA_002839855.1.fna	/lustre1/g/aos_shihuang/data/gtdb-r207/genomes_all/GCA_016937715.1.fna
GCA_018725485.1	GCA_018725175.1	0.85-0.9	p__HKB111	0.8619	/lustre1/g/aos_shihuang/data/gtdb-r207/genomes_all/GCA_018725485.1.fna	/lustre1/g/aos_shihuang/data/gtdb-r207/genomes_all/GCA_018725175.1.fna
GCA_001515185.1	GCA_004375695.1	0.85-0.9	p__Hadarchaeota	0.8993	/lustre1/g/aos_shihuang/data/gtdb-r207/genomes_all/GCA_001515185.1.fna	/lustre1/g/aos_shihuang/data/gtdb-r207/genomes_all/GCA_004375695.1.fna
GCF_000328685.1	GCF_000337675.1	0.85-0.9	p__Halobacteriota	0.8674	/lustre1/g/aos_shihuang/data/gtdb-r207/genomes_all/GCF_000328685.1.fna	/lustre1/g/aos_shihuang/data/gtdb-r207/genomes_all/GCF_000337675.1.fna
GCF_000336635.1	GCF_000337775.1	0.85-0.9	p__Halobacteriota	0.8875	/lustre1/g/aos_shihuang/data/gtdb-r207/genomes_all/GCF_000336635.1.fna	/lustre1/g/aos_shihuang/data/gtdb-r207/genomes_all/GCF_000337775.1.fna
GCA_003162175.1	GCA_003139855.1	0.85-0.9	p__Halobacteriota	0.8913	/lustre1/g/aos_shihuang/data/gtdb-r207/genomes_all/GCA_003162175.1.fna	/lustre1/g/aos_shihuang/data/gtdb-r207/genomes_all/GCA_003139855.1.fna
GCA_016926855.1	GCA_001412355.1	0.85-0.9	p__Halobacteriota	0.8927	/lustre1/g/aos_shihuang/data/gtdb-r207/genomes_all/GCA_016926855.1.fna	/lustre1/g/aos_shihuang/data/gtdb-r207/genomes_all/GCA_001412355.1.fna
GCF_000196895.1	GCF_001593955.1	0.85-0.9	p__Halobacteriota	0.8552	/lustre1/g/aos_shihuang/data/gtdb-r207/genomes_all/GCF_000196895.1.fna	/lustre1/g/aos_shihuang/data/gtdb-r207/genomes_all/GCF_001593955.1.fna
GCA_011048835.1	GCA_016841665.1	0.85-0.9	p__Halobacteriota	0.8566	/lustre1/g/aos_shihuang/data/gtdb-r207/genomes_all/GCA_011048835.1.fna	/lustre1/g/aos_shihuang/data/gtdb-r207/genomes_all/GCA_016841665.1.fna
GCF_000328685.1	GCA_003559215.1	0.85-0.9	p__Halobacteriota	0.8701	/lustre1/g/aos_shihuang/data/gtdb-r207/genomes_all/GCF_000328685.1.fna	/lustre1/g/aos_shihuang/data/gtdb-r207/genomes_all/GCA_003559215.1.fna
GCA_012910725.1	GCA_905067535.1	0.85-0.9	p__Halobacteriota	0.8811	/lustre1/g/aos_shihuang/data/gtdb-r207/genomes_all/GCA_012910725.1.fna	/lustre1/g/aos_shihuang/data/gtdb-r207/genomes_all/GCA_905067535.1.fna
GCF_014647115.1	GCF_014647155.1	0.85-0.9	p__Halobacteriota	0.8989	/lustre1/g/aos_shihuang/data/gtdb-r207/genomes_all/GCF_014647115.1.fna	/lustre1/g/aos_shihuang/data/gtdb-r207/genomes_all/GCF_014647155.1.fna
GCF_000336615.1	GCF_001280425.1	0.85-0.9	p__Halobacteriota	0.8922	/lustre1/g/aos_shihuang/data/gtdb-r207/genomes_all/GCF_000336615.1.fna	/lustre1/g/aos_shihuang/data/gtdb-r207/genomes_all/GCF_001280425.1.fna
GCA_016926455.1	GCA_016935475.1	0.85-0.9	p__Halobacteriota	0.8562	/lustre1/g/aos_shihuang/data/gtdb-r207/genomes_all/GCA_016926455.1.fna	/lustre1/g/aos_shihuang/data/gtdb-r207/genomes_all/GCA_016935475.1.fna
GCA_015520115.1	GCF_000025505.1	0.85-0.9	p__Halobacteriota	0.8690	/lustre1/g/aos_shihuang/data/gtdb-r207/genomes_all/GCA_015520115.1.fna	/lustre1/g/aos_shihuang/data/gtdb-r207/genomes_all/GCF_000025505.1.fna
GCF_013415885.1	GCF_000337455.1	0.85-0.9	p__Halobacteriota	0.8962	/lustre1/g/aos_shihuang/data/gtdb-r207/genomes_all/GCF_013415885.1.fna	/lustre1/g/aos_shihuang/data/gtdb-r207/genomes_all/GCF_000337455.1.fna
GCF_016065055.1	GCF_000337455.1	0.85-0.9	p__Halobacteriota	0.8956	/lustre1/g/aos_shihuang/data/gtdb-r207/genomes_all/GCF_016065055.1.fna	/lustre1/g/aos_shihuang/data/gtdb-r207/genomes_all/GCF_000337455.1.fna
GCA_905067555.1	GCA_012910725.1	0.85-0.9	p__Halobacteriota	0.8765	/lustre1/g/aos_shihuang/data/gtdb-r207/genomes_all/GCA_905067555.1.fna	/lustre1/g/aos_shihuang/data/gtdb-r207/genomes_all/GCA_012910725.1.fna
GCF_002487355.1	GCA_905339155.1	0.85-0.9	p__Halobacteriota	0.8621	/lustre1/g/aos_shihuang/data/gtdb-r207/genomes_all/GCF_002487355.1.fna	/lustre1/g/aos_shihuang/data/gtdb-r207/genomes_all/GCA_905339155.1.fna
GCA_003022745.1	GCA_018609945.1	0.85-0.9	p__Halobacteriota	0.8617	/lustre1/g/aos_shihuang/data/gtdb-r207/genomes_all/GCA_003022745.1.fna	/lustre1/g/aos_shihuang/data/gtdb-r207/genomes_all/GCA_018609945.1.fna
GCF_003781945.1	GCF_001261915.1	0.85-0.9	p__Halobacteriota	0.8656	/lustre1/g/aos_shihuang/data/gtdb-r207/genomes_all/GCF_003781945.1.fna	/lustre1/g/aos_shihuang/data/gtdb-r207/genomes_all/GCF_001261915.1.fna
GCF_000711215.1	GCA_017553245.1	0.85-0.9	p__Halobacteriota	0.8908	/lustre1/g/aos_shihuang/data/gtdb-r207/genomes_all/GCF_000711215.1.fna	/lustre1/g/aos_shihuang/data/gtdb-r207/genomes_all/GCA_017553245.1.fna
GCF_007004735.1	GCF_002906575.1	0.85-0.9	p__Halobacteriota	0.8549	/lustre1/g/aos_shihuang/data/gtdb-r207/genomes_all/GCF_007004735.1.fna	/lustre1/g/aos_shihuang/data/gtdb-r207/genomes_all/GCF_002906575.1.fna
GCA_012511245.1	GCF_001017125.1	0.85-0.9	p__Halobacteriota	0.8659	/lustre1/g/aos_shihuang/data/gtdb-r207/genomes_all/GCA_012511245.1.fna	/lustre1/g/aos_shihuang/data/gtdb-r207/genomes_all/GCF_001017125.1.fna
GCA_007128515.1	GCA_007129135.1	0.85-0.9	p__Halobacteriota	0.8987	/lustre1/g/aos_shihuang/data/gtdb-r207/genomes_all/GCA_007128515.1.fna	/lustre1/g/aos_shihuang/data/gtdb-r207/genomes_all/GCA_007129135.1.fna
GCA_016841625.1	GCA_016841265.1	0.85-0.9	p__Halobacteriota	0.8710	/lustre1/g/aos_shihuang/data/gtdb-r207/genomes_all/GCA_016841625.1.fna	/lustre1/g/aos_shihuang/data/gtdb-r207/genomes_all/GCA_016841265.1.fna
GCF_000970045.1	GCA_016841625.1	0.85-0.9	p__Halobacteriota	0.8699	/lustre1/g/aos_shihuang/data/gtdb-r207/genomes_all/GCF_000970045.1.fna	/lustre1/g/aos_shihuang/data/gtdb-r207/genomes_all/GCA_016841625.1.fna
GCA_001896715.1	GCA_019136335.1	0.85-0.9	p__Halobacteriota	0.8940	/lustre1/g/aos_shihuang/data/gtdb-r207/genomes_all/GCA_001896715.1.fna	/lustre1/g/aos_shihuang/data/gtdb-r207/genomes_all/GCA_019136335.1.fna
GCA_018609665.1	GCA_003020965.1	0.85-0.9	p__Halobacteriota	0.8990	/lustre1/g/aos_shihuang/data/gtdb-r207/genomes_all/GCA_018609665.1.fna	/lustre1/g/aos_shihuang/data/gtdb-r207/genomes_all/GCA_003020965.1.fna
GCF_001469955.1	GCF_003439925.1	0.85-0.9	p__Halobacteriota	0.8602	/lustre1/g/aos_shihuang/data/gtdb-r207/genomes_all/GCF_001469955.1.fna	/lustre1/g/aos_shihuang/data/gtdb-r207/genomes_all/GCF_003439925.1.fna
GCF_900110215.1	GCF_004118325.1	0.85-0.9	p__Halobacteriota	0.8909	/lustre1/g/aos_shihuang/data/gtdb-r207/genomes_all/GCF_900110215.1.fna	/lustre1/g/aos_shihuang/data/gtdb-r207/genomes_all/GCF_004118325.1.fna
GCF_000328685.1	GCF_000337695.1	0.85-0.9	p__Halobacteriota	0.8798	/lustre1/g/aos_shihuang/data/gtdb-r207/genomes_all/GCF_000328685.1.fna	/lustre1/g/aos_shihuang/data/gtdb-r207/genomes_all/GCF_000337695.1.fna
GCA_013329455.1	GCA_002502785.1	0.85-0.9	p__Halobacteriota	0.8660	/lustre1/g/aos_shihuang/data/gtdb-r207/genomes_all/GCA_013329455.1.fna	/lustre1/g/aos_shihuang/data/gtdb-r207/genomes_all/GCA_002502785.1.fna
GCF_017874335.1	GCF_014647115.1	0.85-0.9	p__Halobacteriota	0.8873	/lustre1/g/aos_shihuang/data/gtdb-r207/genomes_all/GCF_017874335.1.fna	/lustre1/g/aos_shihuang/data/gtdb-r207/genomes_all/GCF_014647115.1.fna
GCF_004681185.1	GCF_010119205.1	0.85-0.9	p__Halobacteriota	0.8973	/lustre1/g/aos_shihuang/data/gtdb-r207/genomes_all/GCF_004681185.1.fna	/lustre1/g/aos_shihuang/data/gtdb-r207/genomes_all/GCF_010119205.1.fna
GCA_003336485.1	GCA_013139985.1	0.85-0.9	p__Halobacteriota	0.8960	/lustre1/g/aos_shihuang/data/gtdb-r207/genomes_all/GCA_003336485.1.fna	/lustre1/g/aos_shihuang/data/gtdb-r207/genomes_all/GCA_013139985.1.fna
GCF_014647155.1	GCF_017874335.1	0.85-0.9	p__Halobacteriota	0.8730	/lustre1/g/aos_shihuang/data/gtdb-r207/genomes_all/GCF_014647155.1.fna	/lustre1/g/aos_shihuang/data/gtdb-r207/genomes_all/GCF_017874335.1.fna
GCF_004799685.1	GCF_000739575.1	0.85-0.9	p__Halobacteriota	0.8514	/lustre1/g/aos_shihuang/data/gtdb-r207/genomes_all/GCF_004799685.1.fna	/lustre1/g/aos_shihuang/data/gtdb-r207/genomes_all/GCF_000739575.1.fna
GCF_900116205.1	GCF_000517625.1	0.85-0.9	p__Halobacteriota	0.8724	/lustre1/g/aos_shihuang/data/gtdb-r207/genomes_all/GCF_900116205.1.fna	/lustre1/g/aos_shihuang/data/gtdb-r207/genomes_all/GCF_000517625.1.fna
GCA_001602645.1	GCF_000235565.1	0.85-0.9	p__Halobacteriota	0.8947	/lustre1/g/aos_shihuang/data/gtdb-r207/genomes_all/GCA_001602645.1.fna	/lustre1/g/aos_shihuang/data/gtdb-r207/genomes_all/GCF_000235565.1.fna
GCF_002025255.2	GCF_000739555.1	0.85-0.9	p__Halobacteriota	0.8698	/lustre1/g/aos_shihuang/data/gtdb-r207/genomes_all/GCF_002025255.2.fna	/lustre1/g/aos_shihuang/data/gtdb-r207/genomes_all/GCF_000739555.1.fna
GCA_015661395.1	GCA_003158275.1	0.85-0.9	p__Halobacteriota	0.8896	/lustre1/g/aos_shihuang/data/gtdb-r207/genomes_all/GCA_015661395.1.fna	/lustre1/g/aos_shihuang/data/gtdb-r207/genomes_all/GCA_003158275.1.fna
GCF_002844335.1	GCF_000337775.1	0.85-0.9	p__Halobacteriota	0.8978	/lustre1/g/aos_shihuang/data/gtdb-r207/genomes_all/GCF_002844335.1.fna	/lustre1/g/aos_shihuang/data/gtdb-r207/genomes_all/GCF_000337775.1.fna
GCA_003552765.1	GCA_007118235.1	0.85-0.9	p__Hydrogenedentota	0.8818	/lustre1/g/aos_shihuang/data/gtdb-r207/genomes_all/GCA_003552765.1.fna	/lustre1/g/aos_shihuang/data/gtdb-r207/genomes_all/GCA_007118235.1.fna
GCA_011338105.1	GCA_000493945.1	0.85-0.9	p__Hydrogenedentota	0.8961	/lustre1/g/aos_shihuang/data/gtdb-r207/genomes_all/GCA_011338105.1.fna	/lustre1/g/aos_shihuang/data/gtdb-r207/genomes_all/GCA_000493945.1.fna
GCA_003230355.1	GCA_002923215.1	0.85-0.9	p__Hydrothermarchaeota	0.8787	/lustre1/g/aos_shihuang/data/gtdb-r207/genomes_all/GCA_003230355.1.fna	/lustre1/g/aos_shihuang/data/gtdb-r207/genomes_all/GCA_002923215.1.fna
GCA_015521945.1	GCA_013152995.1	0.85-0.9	p__Hydrothermarchaeota	0.8676	/lustre1/g/aos_shihuang/data/gtdb-r207/genomes_all/GCA_015521945.1.fna	/lustre1/g/aos_shihuang/data/gtdb-r207/genomes_all/GCA_013152995.1.fna
GCA_016187745.1	GCA_018304445.1	0.85-0.9	p__Iainarchaeota	0.8909	/lustre1/g/aos_shihuang/data/gtdb-r207/genomes_all/GCA_016187745.1.fna	/lustre1/g/aos_shihuang/data/gtdb-r207/genomes_all/GCA_018304445.1.fna
GCA_009837395.1	GCA_012270975.1	0.85-0.9	p__JAAXHH01	0.8681	/lustre1/g/aos_shihuang/data/gtdb-r207/genomes_all/GCA_009837395.1.fna	/lustre1/g/aos_shihuang/data/gtdb-r207/genomes_all/GCA_012270975.1.fna
GCA_012270975.1	GCA_009841265.1	0.85-0.9	p__JAAXHH01	0.8696	/lustre1/g/aos_shihuang/data/gtdb-r207/genomes_all/GCA_012270975.1.fna	/lustre1/g/aos_shihuang/data/gtdb-r207/genomes_all/GCA_009841265.1.fna
GCA_903847545.1	GCA_903859215.1	0.85-0.9	p__Krumholzibacteriota	0.8938	/lustre1/g/aos_shihuang/data/gtdb-r207/genomes_all/GCA_903847545.1.fna	/lustre1/g/aos_shihuang/data/gtdb-r207/genomes_all/GCA_903859215.1.fna
GCA_002691365.1	GCA_002707905.1	0.85-0.9	p__Marinisomatota	0.8624	/lustre1/g/aos_shihuang/data/gtdb-r207/genomes_all/GCA_002691365.1.fna	/lustre1/g/aos_shihuang/data/gtdb-r207/genomes_all/GCA_002707905.1.fna
GCA_012964825.1	GCA_004124465.1	0.85-0.9	p__Marinisomatota	0.8870	/lustre1/g/aos_shihuang/data/gtdb-r207/genomes_all/GCA_012964825.1.fna	/lustre1/g/aos_shihuang/data/gtdb-r207/genomes_all/GCA_004124465.1.fna
GCA_003644575.1	GCA_001509335.1	0.85-0.9	p__Marinisomatota	0.8537	/lustre1/g/aos_shihuang/data/gtdb-r207/genomes_all/GCA_003644575.1.fna	/lustre1/g/aos_shihuang/data/gtdb-r207/genomes_all/GCA_001509335.1.fna
GCA_902525615.1	GCA_902624275.1	0.85-0.9	p__Marinisomatota	0.8853	/lustre1/g/aos_shihuang/data/gtdb-r207/genomes_all/GCA_902525615.1.fna	/lustre1/g/aos_shihuang/data/gtdb-r207/genomes_all/GCA_902624275.1.fna
GCA_002256485.1	GCA_002436185.1	0.85-0.9	p__Marinisomatota	0.8720	/lustre1/g/aos_shihuang/data/gtdb-r207/genomes_all/GCA_002256485.1.fna	/lustre1/g/aos_shihuang/data/gtdb-r207/genomes_all/GCA_002436185.1.fna
GCA_902581045.1	GCA_002713455.1	0.85-0.9	p__Marinisomatota	0.8631	/lustre1/g/aos_shihuang/data/gtdb-r207/genomes_all/GCA_902581045.1.fna	/lustre1/g/aos_shihuang/data/gtdb-r207/genomes_all/GCA_002713455.1.fna
GCA_002471865.1	GCA_002402135.1	0.85-0.9	p__Marinisomatota	0.8543	/lustre1/g/aos_shihuang/data/gtdb-r207/genomes_all/GCA_002471865.1.fna	/lustre1/g/aos_shihuang/data/gtdb-r207/genomes_all/GCA_002402135.1.fna
GCF_003264935.1	GCA_012840175.1	0.85-0.9	p__Methanobacteriota	0.8795	/lustre1/g/aos_shihuang/data/gtdb-r207/genomes_all/GCF_003264935.1.fna	/lustre1/g/aos_shihuang/data/gtdb-r207/genomes_all/GCA_012840175.1.fna
GCA_011370395.1	GCA_001507955.1	0.85-0.9	p__Methanobacteriota	0.8586	/lustre1/g/aos_shihuang/data/gtdb-r207/genomes_all/GCA_011370395.1.fna	/lustre1/g/aos_shihuang/data/gtdb-r207/genomes_all/GCA_001507955.1.fna
GCA_003158115.1	GCA_003151535.1	0.85-0.9	p__Methanobacteriota	0.8912	/lustre1/g/aos_shihuang/data/gtdb-r207/genomes_all/GCA_003158115.1.fna	/lustre1/g/aos_shihuang/data/gtdb-r207/genomes_all/GCA_003151535.1.fna
GCA_012840175.1	GCA_001507955.1	0.85-0.9	p__Methanobacteriota	0.8879	/lustre1/g/aos_shihuang/data/gtdb-r207/genomes_all/GCA_012840175.1.fna	/lustre1/g/aos_shihuang/data/gtdb-r207/genomes_all/GCA_001507955.1.fna
GCA_013330915.1	GCA_016282985.1	0.85-0.9	p__Methanobacteriota	0.8534	/lustre1/g/aos_shihuang/data/gtdb-r207/genomes_all/GCA_013330915.1.fna	/lustre1/g/aos_shihuang/data/gtdb-r207/genomes_all/GCA_016282985.1.fna
GCF_000145295.1	GCF_000828575.1	0.85-0.9	p__Methanobacteriota	0.8825	/lustre1/g/aos_shihuang/data/gtdb-r207/genomes_all/GCF_000145295.1.fna	/lustre1/g/aos_shihuang/data/gtdb-r207/genomes_all/GCF_000828575.1.fna
GCA_012838205.1	GCA_002496805.1	0.85-0.9	p__Methanobacteriota	0.8984	/lustre1/g/aos_shihuang/data/gtdb-r207/genomes_all/GCA_012838205.1.fna	/lustre1/g/aos_shihuang/data/gtdb-r207/genomes_all/GCA_002496805.1.fna
GCA_003151535.1	GCA_003164415.1	0.85-0.9	p__Methanobacteriota	0.8662	/lustre1/g/aos_shihuang/data/gtdb-r207/genomes_all/GCA_003151535.1.fna	/lustre1/g/aos_shihuang/data/gtdb-r207/genomes_all/GCA_003164415.1.fna
GCA_016217785.1	GCA_000309865.1	0.85-0.9	p__Methanobacteriota	0.8739	/lustre1/g/aos_shihuang/data/gtdb-r207/genomes_all/GCA_016217785.1.fna	/lustre1/g/aos_shihuang/data/gtdb-r207/genomes_all/GCA_000309865.1.fna
GCA_015661555.1	GCA_015662355.1	0.85-0.9	p__Methanobacteriota_A	0.8510	/lustre1/g/aos_shihuang/data/gtdb-r207/genomes_all/GCA_015661555.1.fna	/lustre1/g/aos_shihuang/data/gtdb-r207/genomes_all/GCA_015662355.1.fna
GCA_015661585.1	GCF_003351865.1	0.85-0.9	p__Methanobacteriota_A	0.8739	/lustre1/g/aos_shihuang/data/gtdb-r207/genomes_all/GCA_015661585.1.fna	/lustre1/g/aos_shihuang/data/gtdb-r207/genomes_all/GCF_003351865.1.fna
GCF_001484685.1	GCF_000430485.1	0.85-0.9	p__Methanobacteriota_B	0.8525	/lustre1/g/aos_shihuang/data/gtdb-r207/genomes_all/GCF_001484685.1.fna	/lustre1/g/aos_shihuang/data/gtdb-r207/genomes_all/GCF_000430485.1.fna
GCF_000151105.2	GCA_017656495.1	0.85-0.9	p__Methanobacteriota_B	0.8560	/lustre1/g/aos_shihuang/data/gtdb-r207/genomes_all/GCF_000151105.2.fna	/lustre1/g/aos_shihuang/data/gtdb-r207/genomes_all/GCA_017656495.1.fna
GCF_012027325.1	GCF_000517445.1	0.85-0.9	p__Methanobacteriota_B	0.8924	/lustre1/g/aos_shihuang/data/gtdb-r207/genomes_all/GCF_012027325.1.fna	/lustre1/g/aos_shihuang/data/gtdb-r207/genomes_all/GCF_000517445.1.fna
GCA_017656495.1	GCF_000517445.1	0.85-0.9	p__Methanobacteriota_B	0.8878	/lustre1/g/aos_shihuang/data/gtdb-r207/genomes_all/GCA_017656495.1.fna	/lustre1/g/aos_shihuang/data/gtdb-r207/genomes_all/GCF_000517445.1.fna
GCA_003221695.1	GCA_001914535.1	0.85-0.9	p__Methylomirabilota	0.8621	/lustre1/g/aos_shihuang/data/gtdb-r207/genomes_all/GCA_003221695.1.fna	/lustre1/g/aos_shihuang/data/gtdb-r207/genomes_all/GCA_001914535.1.fna
GCA_003220315.1	GCA_003220675.1	0.85-0.9	p__Methylomirabilota	0.8742	/lustre1/g/aos_shihuang/data/gtdb-r207/genomes_all/GCA_003220315.1.fna	/lustre1/g/aos_shihuang/data/gtdb-r207/genomes_all/GCA_003220675.1.fna
GCA_003221695.1	GCA_003220675.1	0.85-0.9	p__Methylomirabilota	0.8714	/lustre1/g/aos_shihuang/data/gtdb-r207/genomes_all/GCA_003221695.1.fna	/lustre1/g/aos_shihuang/data/gtdb-r207/genomes_all/GCA_003220675.1.fna
GCA_016177555.1	GCA_016188005.1	0.85-0.9	p__Methylomirabilota	0.8974	/lustre1/g/aos_shihuang/data/gtdb-r207/genomes_all/GCA_016177555.1.fna	/lustre1/g/aos_shihuang/data/gtdb-r207/genomes_all/GCA_016188005.1.fna
GCA_001788395.1	GCA_016188005.1	0.85-0.9	p__Methylomirabilota	0.8586	/lustre1/g/aos_shihuang/data/gtdb-r207/genomes_all/GCA_001788395.1.fna	/lustre1/g/aos_shihuang/data/gtdb-r207/genomes_all/GCA_016188005.1.fna
GCA_003220335.1	GCA_003220225.1	0.85-0.9	p__Methylomirabilota	0.8897	/lustre1/g/aos_shihuang/data/gtdb-r207/genomes_all/GCA_003220335.1.fna	/lustre1/g/aos_shihuang/data/gtdb-r207/genomes_all/GCA_003220225.1.fna
GCA_001788415.1	GCA_016177555.1	0.85-0.9	p__Methylomirabilota	0.8880	/lustre1/g/aos_shihuang/data/gtdb-r207/genomes_all/GCA_001788415.1.fna	/lustre1/g/aos_shihuang/data/gtdb-r207/genomes_all/GCA_016177555.1.fna
GCA_003220495.1	GCA_003220685.1	0.85-0.9	p__Methylomirabilota	0.8930	/lustre1/g/aos_shihuang/data/gtdb-r207/genomes_all/GCA_003220495.1.fna	/lustre1/g/aos_shihuang/data/gtdb-r207/genomes_all/GCA_003220685.1.fna
GCA_001914535.1	GCA_003220675.1	0.85-0.9	p__Methylomirabilota	0.8657	/lustre1/g/aos_shihuang/data/gtdb-r207/genomes_all/GCA_001914535.1.fna	/lustre1/g/aos_shihuang/data/gtdb-r207/genomes_all/GCA_003220675.1.fna
GCA_001917585.1	GCA_003220615.1	0.85-0.9	p__Methylomirabilota	0.8767	/lustre1/g/aos_shihuang/data/gtdb-r207/genomes_all/GCA_001917585.1.fna	/lustre1/g/aos_shihuang/data/gtdb-r207/genomes_all/GCA_003220615.1.fna
GCA_001443385.1	GCA_016179965.1	0.85-0.9	p__Methylomirabilota	0.8551	/lustre1/g/aos_shihuang/data/gtdb-r207/genomes_all/GCA_001443385.1.fna	/lustre1/g/aos_shihuang/data/gtdb-r207/genomes_all/GCA_016179965.1.fna
GCA_001790315.1	GCA_001788495.1	0.85-0.9	p__Methylomirabilota	0.8734	/lustre1/g/aos_shihuang/data/gtdb-r207/genomes_all/GCA_001790315.1.fna	/lustre1/g/aos_shihuang/data/gtdb-r207/genomes_all/GCA_001788495.1.fna
GCA_003220315.1	GCA_001914535.1	0.85-0.9	p__Methylomirabilota	0.8576	/lustre1/g/aos_shihuang/data/gtdb-r207/genomes_all/GCA_003220315.1.fna	/lustre1/g/aos_shihuang/data/gtdb-r207/genomes_all/GCA_001914535.1.fna
GCA_000091165.1	GCA_002634395.1	0.85-0.9	p__Methylomirabilota	0.8543	/lustre1/g/aos_shihuang/data/gtdb-r207/genomes_all/GCA_000091165.1.fna	/lustre1/g/aos_shihuang/data/gtdb-r207/genomes_all/GCA_002634395.1.fna
GCA_903920925.1	GCA_013425455.1	0.85-0.9	p__Micrarchaeota	0.8672	/lustre1/g/aos_shihuang/data/gtdb-r207/genomes_all/GCA_903920925.1.fna	/lustre1/g/aos_shihuang/data/gtdb-r207/genomes_all/GCA_013425455.1.fna
GCF_003611695.1	GCF_003611735.1	0.85-0.9	p__Myxococcota	0.8935	/lustre1/g/aos_shihuang/data/gtdb-r207/genomes_all/GCF_003611695.1.fna	/lustre1/g/aos_shihuang/data/gtdb-r207/genomes_all/GCF_003611735.1.fna
GCF_016859125.1	GCF_000733295.1	0.85-0.9	p__Myxococcota	0.8615	/lustre1/g/aos_shihuang/data/gtdb-r207/genomes_all/GCF_016859125.1.fna	/lustre1/g/aos_shihuang/data/gtdb-r207/genomes_all/GCF_000733295.1.fna
GCF_000737335.2	GCF_002994635.1	0.85-0.9	p__Myxococcota	0.8596	/lustre1/g/aos_shihuang/data/gtdb-r207/genomes_all/GCF_000737335.2.fna	/lustre1/g/aos_shihuang/data/gtdb-r207/genomes_all/GCF_002994635.1.fna
GCF_004005565.1	GCA_007997005.1	0.85-0.9	p__Myxococcota	0.8875	/lustre1/g/aos_shihuang/data/gtdb-r207/genomes_all/GCF_004005565.1.fna	/lustre1/g/aos_shihuang/data/gtdb-r207/genomes_all/GCA_007997005.1.fna
GCF_000418325.1	GCF_002950945.1	0.85-0.9	p__Myxococcota	0.8667	/lustre1/g/aos_shihuang/data/gtdb-r207/genomes_all/GCF_000418325.1.fna	/lustre1/g/aos_shihuang/data/gtdb-r207/genomes_all/GCF_002950945.1.fna
GCF_000165485.1	GCF_900111745.1	0.85-0.9	p__Myxococcota	0.8824	/lustre1/g/aos_shihuang/data/gtdb-r207/genomes_all/GCF_000165485.1.fna	/lustre1/g/aos_shihuang/data/gtdb-r207/genomes_all/GCF_900111745.1.fna
GCA_903874275.1	GCA_903904005.1	0.85-0.9	p__Myxococcota	0.8650	/lustre1/g/aos_shihuang/data/gtdb-r207/genomes_all/GCA_903874275.1.fna	/lustre1/g/aos_shihuang/data/gtdb-r207/genomes_all/GCA_903904005.1.fna
GCF_016859125.1	GCF_001027285.1	0.85-0.9	p__Myxococcota	0.8628	/lustre1/g/aos_shihuang/data/gtdb-r207/genomes_all/GCF_016859125.1.fna	/lustre1/g/aos_shihuang/data/gtdb-r207/genomes_all/GCF_001027285.1.fna
GCF_002950945.1	GCF_004135735.1	0.85-0.9	p__Myxococcota	0.8627	/lustre1/g/aos_shihuang/data/gtdb-r207/genomes_all/GCF_002950945.1.fna	/lustre1/g/aos_shihuang/data/gtdb-r207/genomes_all/GCF_004135735.1.fna
GCF_000255295.1	GCF_003611635.1	0.85-0.9	p__Myxococcota	0.8858	/lustre1/g/aos_shihuang/data/gtdb-r207/genomes_all/GCF_000255295.1.fna	/lustre1/g/aos_shihuang/data/gtdb-r207/genomes_all/GCF_003611635.1.fna
GCF_000733295.1	GCF_016887565.1	0.85-0.9	p__Myxococcota	0.8581	/lustre1/g/aos_shihuang/data/gtdb-r207/genomes_all/GCF_000733295.1.fna	/lustre1/g/aos_shihuang/data/gtdb-r207/genomes_all/GCF_016887565.1.fna
GCA_009781495.1	GCA_009786315.1	0.85-0.9	p__Myxococcota	0.8550	/lustre1/g/aos_shihuang/data/gtdb-r207/genomes_all/GCA_009781495.1.fna	/lustre1/g/aos_shihuang/data/gtdb-r207/genomes_all/GCA_009786315.1.fna
GCA_903912275.1	GCA_013205435.1	0.85-0.9	p__Myxococcota	0.8981	/lustre1/g/aos_shihuang/data/gtdb-r207/genomes_all/GCA_903912275.1.fna	/lustre1/g/aos_shihuang/data/gtdb-r207/genomes_all/GCA_013205435.1.fna
GCA_003157315.1	GCA_003153015.1	0.85-0.9	p__Myxococcota	0.8747	/lustre1/g/aos_shihuang/data/gtdb-r207/genomes_all/GCA_003157315.1.fna	/lustre1/g/aos_shihuang/data/gtdb-r207/genomes_all/GCA_003153015.1.fna
GCF_004005565.1	GCA_007997015.1	0.85-0.9	p__Myxococcota	0.8756	/lustre1/g/aos_shihuang/data/gtdb-r207/genomes_all/GCF_004005565.1.fna	/lustre1/g/aos_shihuang/data/gtdb-r207/genomes_all/GCA_007997015.1.fna
GCF_000067165.1	GCF_004135735.1	0.85-0.9	p__Myxococcota	0.8594	/lustre1/g/aos_shihuang/data/gtdb-r207/genomes_all/GCF_000067165.1.fna	/lustre1/g/aos_shihuang/data/gtdb-r207/genomes_all/GCF_004135735.1.fna
GCA_016717005.1	GCA_016794525.1	0.85-0.9	p__Myxococcota	0.8502	/lustre1/g/aos_shihuang/data/gtdb-r207/genomes_all/GCA_016717005.1.fna	/lustre1/g/aos_shihuang/data/gtdb-r207/genomes_all/GCA_016794525.1.fna
GCF_003611675.1	GCF_009909145.1	0.85-0.9	p__Myxococcota	0.8937	/lustre1/g/aos_shihuang/data/gtdb-r207/genomes_all/GCF_003611675.1.fna	/lustre1/g/aos_shihuang/data/gtdb-r207/genomes_all/GCF_009909145.1.fna
GCF_013372585.1	GCF_010894435.1	0.85-0.9	p__Myxococcota	0.8518	/lustre1/g/aos_shihuang/data/gtdb-r207/genomes_all/GCF_013372585.1.fna	/lustre1/g/aos_shihuang/data/gtdb-r207/genomes_all/GCF_010894435.1.fna
GCA_005879505.1	GCA_001918155.1	0.85-0.9	p__Myxococcota	0.8955	/lustre1/g/aos_shihuang/data/gtdb-r207/genomes_all/GCA_005879505.1.fna	/lustre1/g/aos_shihuang/data/gtdb-r207/genomes_all/GCA_001918155.1.fna
GCF_016904885.1	GCF_002305855.1	0.85-0.9	p__Myxococcota	0.8786	/lustre1/g/aos_shihuang/data/gtdb-r207/genomes_all/GCF_016904885.1.fna	/lustre1/g/aos_shihuang/data/gtdb-r207/genomes_all/GCF_002305855.1.fna
GCF_002950945.1	GCF_000067165.1	0.85-0.9	p__Myxococcota	0.8598	/lustre1/g/aos_shihuang/data/gtdb-r207/genomes_all/GCF_002950945.1.fna	/lustre1/g/aos_shihuang/data/gtdb-r207/genomes_all/GCF_000067165.1.fna
GCF_000165485.1	GCF_900109545.1	0.85-0.9	p__Myxococcota	0.8801	/lustre1/g/aos_shihuang/data/gtdb-r207/genomes_all/GCF_000165485.1.fna	/lustre1/g/aos_shihuang/data/gtdb-r207/genomes_all/GCF_900109545.1.fna
GCA_903855945.1	GCA_903904005.1	0.85-0.9	p__Myxococcota	0.8503	/lustre1/g/aos_shihuang/data/gtdb-r207/genomes_all/GCA_903855945.1.fna	/lustre1/g/aos_shihuang/data/gtdb-r207/genomes_all/GCA_903904005.1.fna
GCA_018901315.1	GCA_017609385.1	0.85-0.9	p__Nanoarchaeota	0.8621	/lustre1/g/aos_shihuang/data/gtdb-r207/genomes_all/GCA_018901315.1.fna	/lustre1/g/aos_shihuang/data/gtdb-r207/genomes_all/GCA_017609385.1.fna
GCA_007133845.1	GCA_003563585.1	0.85-0.9	p__Nanoarchaeota	0.8863	/lustre1/g/aos_shihuang/data/gtdb-r207/genomes_all/GCA_007133845.1.fna	/lustre1/g/aos_shihuang/data/gtdb-r207/genomes_all/GCA_003563585.1.fna
GCA_016205905.1	GCA_018303325.1	0.85-0.9	p__Nanoarchaeota	0.8632	/lustre1/g/aos_shihuang/data/gtdb-r207/genomes_all/GCA_016205905.1.fna	/lustre1/g/aos_shihuang/data/gtdb-r207/genomes_all/GCA_018303325.1.fna
GCA_018819345.1	GCA_018901315.1	0.85-0.9	p__Nanoarchaeota	0.8725	/lustre1/g/aos_shihuang/data/gtdb-r207/genomes_all/GCA_018819345.1.fna	/lustre1/g/aos_shihuang/data/gtdb-r207/genomes_all/GCA_018901315.1.fna
GCA_016784245.1	GCA_018692925.1	0.85-0.9	p__Nanoarchaeota	0.8870	/lustre1/g/aos_shihuang/data/gtdb-r207/genomes_all/GCA_016784245.1.fna	/lustre1/g/aos_shihuang/data/gtdb-r207/genomes_all/GCA_018692925.1.fna
GCA_003009815.1	GCA_003009795.1	0.85-0.9	p__Nanohaloarchaeota	0.8982	/lustre1/g/aos_shihuang/data/gtdb-r207/genomes_all/GCA_003009815.1.fna	/lustre1/g/aos_shihuang/data/gtdb-r207/genomes_all/GCA_003009795.1.fna
GCA_016234205.1	GCA_001805005.1	0.85-0.9	p__Nitrospinota	0.8741	/lustre1/g/aos_shihuang/data/gtdb-r207/genomes_all/GCA_016234205.1.fna	/lustre1/g/aos_shihuang/data/gtdb-r207/genomes_all/GCA_001805005.1.fna
GCA_003489165.1	GCA_016194325.1	0.85-0.9	p__Nitrospinota	0.8729	/lustre1/g/aos_shihuang/data/gtdb-r207/genomes_all/GCA_003489165.1.fna	/lustre1/g/aos_shihuang/data/gtdb-r207/genomes_all/GCA_016194325.1.fna
GCA_016234205.1	GCA_003489165.1	0.85-0.9	p__Nitrospinota	0.8651	/lustre1/g/aos_shihuang/data/gtdb-r207/genomes_all/GCA_016234205.1.fna	/lustre1/g/aos_shihuang/data/gtdb-r207/genomes_all/GCA_003489165.1.fna
GCA_016212185.1	GCA_016207865.1	0.85-0.9	p__Nitrospirota	0.8989	/lustre1/g/aos_shihuang/data/gtdb-r207/genomes_all/GCA_016212185.1.fna	/lustre1/g/aos_shihuang/data/gtdb-r207/genomes_all/GCA_016207865.1.fna
GCA_001805105.1	GCA_003535475.1	0.85-0.9	p__Nitrospirota	0.8933	/lustre1/g/aos_shihuang/data/gtdb-r207/genomes_all/GCA_001805105.1.fna	/lustre1/g/aos_shihuang/data/gtdb-r207/genomes_all/GCA_003535475.1.fna
GCA_016195565.1	GCA_001871685.1	0.85-0.9	p__Nitrospirota	0.8638	/lustre1/g/aos_shihuang/data/gtdb-r207/genomes_all/GCA_016195565.1.fna	/lustre1/g/aos_shihuang/data/gtdb-r207/genomes_all/GCA_001871685.1.fna
GCA_002083555.1	GCF_900403705.1	0.85-0.9	p__Nitrospirota	0.8566	/lustre1/g/aos_shihuang/data/gtdb-r207/genomes_all/GCA_002083555.1.fna	/lustre1/g/aos_shihuang/data/gtdb-r207/genomes_all/GCF_900403705.1.fna
GCA_003523945.1	GCA_013817135.1	0.85-0.9	p__Nitrospirota	0.8652	/lustre1/g/aos_shihuang/data/gtdb-r207/genomes_all/GCA_003523945.1.fna	/lustre1/g/aos_shihuang/data/gtdb-r207/genomes_all/GCA_013817135.1.fna
GCA_003599795.1	GCA_016195565.1	0.85-0.9	p__Nitrospirota	0.8526	/lustre1/g/aos_shihuang/data/gtdb-r207/genomes_all/GCA_003599795.1.fna	/lustre1/g/aos_shihuang/data/gtdb-r207/genomes_all/GCA_016195565.1.fna
GCA_016873495.1	GCA_004296885.1	0.85-0.9	p__Nitrospirota	0.8925	/lustre1/g/aos_shihuang/data/gtdb-r207/genomes_all/GCA_016873495.1.fna	/lustre1/g/aos_shihuang/data/gtdb-r207/genomes_all/GCA_004296885.1.fna
GCA_015491705.1	GCA_013152795.1	0.85-0.9	p__Nitrospirota	0.8828	/lustre1/g/aos_shihuang/data/gtdb-r207/genomes_all/GCA_015491705.1.fna	/lustre1/g/aos_shihuang/data/gtdb-r207/genomes_all/GCA_013152795.1.fna
GCA_001803635.1	GCA_016212685.1	0.85-0.9	p__Nitrospirota	0.8807	/lustre1/g/aos_shihuang/data/gtdb-r207/genomes_all/GCA_001803635.1.fna	/lustre1/g/aos_shihuang/data/gtdb-r207/genomes_all/GCA_016212685.1.fna
GCA_016873525.1	GCA_004296865.1	0.85-0.9	p__Nitrospirota	0.8604	/lustre1/g/aos_shihuang/data/gtdb-r207/genomes_all/GCA_016873525.1.fna	/lustre1/g/aos_shihuang/data/gtdb-r207/genomes_all/GCA_004296865.1.fna
GCA_013334545.1	GCA_017885365.1	0.85-0.9	p__Nitrospirota	0.8731	/lustre1/g/aos_shihuang/data/gtdb-r207/genomes_all/GCA_013334545.1.fna	/lustre1/g/aos_shihuang/data/gtdb-r207/genomes_all/GCA_017885365.1.fna
GCA_005877505.1	GCA_005877615.1	0.85-0.9	p__Nitrospirota	0.8838	/lustre1/g/aos_shihuang/data/gtdb-r207/genomes_all/GCA_005877505.1.fna	/lustre1/g/aos_shihuang/data/gtdb-r207/genomes_all/GCA_005877615.1.fna
GCA_005877855.1	GCA_005877505.1	0.85-0.9	p__Nitrospirota	0.8660	/lustre1/g/aos_shihuang/data/gtdb-r207/genomes_all/GCA_005877855.1.fna	/lustre1/g/aos_shihuang/data/gtdb-r207/genomes_all/GCA_005877505.1.fna
GCA_009840285.1	GCA_009842645.1	0.85-0.9	p__Nitrospirota	0.8802	/lustre1/g/aos_shihuang/data/gtdb-r207/genomes_all/GCA_009840285.1.fna	/lustre1/g/aos_shihuang/data/gtdb-r207/genomes_all/GCA_009842645.1.fna
GCA_005799365.1	GCA_016873495.1	0.85-0.9	p__Nitrospirota	0.8981	/lustre1/g/aos_shihuang/data/gtdb-r207/genomes_all/GCA_005799365.1.fna	/lustre1/g/aos_shihuang/data/gtdb-r207/genomes_all/GCA_016873495.1.fna
GCA_005877565.1	GCA_005877505.1	0.85-0.9	p__Nitrospirota	0.8837	/lustre1/g/aos_shihuang/data/gtdb-r207/genomes_all/GCA_005877565.1.fna	/lustre1/g/aos_shihuang/data/gtdb-r207/genomes_all/GCA_005877505.1.fna
GCA_002869855.2	GCA_002083555.1	0.85-0.9	p__Nitrospirota	0.8869	/lustre1/g/aos_shihuang/data/gtdb-r207/genomes_all/GCA_002869855.2.fna	/lustre1/g/aos_shihuang/data/gtdb-r207/genomes_all/GCA_002083555.1.fna
GCA_005877855.1	GCA_005877615.1	0.85-0.9	p__Nitrospirota	0.8838	/lustre1/g/aos_shihuang/data/gtdb-r207/genomes_all/GCA_005877855.1.fna	/lustre1/g/aos_shihuang/data/gtdb-r207/genomes_all/GCA_005877615.1.fna
GCA_013140455.1	GCA_002083555.1	0.85-0.9	p__Nitrospirota	0.8829	/lustre1/g/aos_shihuang/data/gtdb-r207/genomes_all/GCA_013140455.1.fna	/lustre1/g/aos_shihuang/data/gtdb-r207/genomes_all/GCA_002083555.1.fna
GCA_002897895.1	GCA_011040095.1	0.85-0.9	p__Nitrospirota	0.8993	/lustre1/g/aos_shihuang/data/gtdb-r207/genomes_all/GCA_002897895.1.fna	/lustre1/g/aos_shihuang/data/gtdb-r207/genomes_all/GCA_011040095.1.fna
GCA_018896985.1	GCA_016195565.1	0.85-0.9	p__Nitrospirota	0.8968	/lustre1/g/aos_shihuang/data/gtdb-r207/genomes_all/GCA_018896985.1.fna	/lustre1/g/aos_shihuang/data/gtdb-r207/genomes_all/GCA_016195565.1.fna
GCA_003232715.1	GCA_013152195.1	0.85-0.9	p__Nitrospirota	0.8807	/lustre1/g/aos_shihuang/data/gtdb-r207/genomes_all/GCA_003232715.1.fna	/lustre1/g/aos_shihuang/data/gtdb-r207/genomes_all/GCA_013152195.1.fna
GCA_018819285.1	GCA_003485765.1	0.85-0.9	p__Omnitrophota	0.8918	/lustre1/g/aos_shihuang/data/gtdb-r207/genomes_all/GCA_018819285.1.fna	/lustre1/g/aos_shihuang/data/gtdb-r207/genomes_all/GCA_003485765.1.fna
GCA_001805575.1	GCA_001805845.1	0.85-0.9	p__Omnitrophota	0.8884	/lustre1/g/aos_shihuang/data/gtdb-r207/genomes_all/GCA_001805575.1.fna	/lustre1/g/aos_shihuang/data/gtdb-r207/genomes_all/GCA_001805845.1.fna
GCA_018817585.1	GCA_018817165.1	0.85-0.9	p__Omnitrophota	0.8536	/lustre1/g/aos_shihuang/data/gtdb-r207/genomes_all/GCA_018817585.1.fna	/lustre1/g/aos_shihuang/data/gtdb-r207/genomes_all/GCA_018817165.1.fna
GCA_007136035.1	GCA_007130415.1	0.85-0.9	p__Patescibacteria	0.8518	/lustre1/g/aos_shihuang/data/gtdb-r207/genomes_all/GCA_007136035.1.fna	/lustre1/g/aos_shihuang/data/gtdb-r207/genomes_all/GCA_007130415.1.fna
GCA_903880655.1	GCA_903859365.1	0.85-0.9	p__Patescibacteria	0.8963	/lustre1/g/aos_shihuang/data/gtdb-r207/genomes_all/GCA_903880655.1.fna	/lustre1/g/aos_shihuang/data/gtdb-r207/genomes_all/GCA_903859365.1.fna
GCA_016214105.1	GCA_016207245.1	0.85-0.9	p__Patescibacteria	0.8692	/lustre1/g/aos_shihuang/data/gtdb-r207/genomes_all/GCA_016214105.1.fna	/lustre1/g/aos_shihuang/data/gtdb-r207/genomes_all/GCA_016207245.1.fna
GCA_009995495.1	GCA_016938415.1	0.85-0.9	p__Patescibacteria	0.8620	/lustre1/g/aos_shihuang/data/gtdb-r207/genomes_all/GCA_009995495.1.fna	/lustre1/g/aos_shihuang/data/gtdb-r207/genomes_all/GCA_016938415.1.fna
GCA_004322365.1	GCA_007378985.1	0.85-0.9	p__Patescibacteria	0.8868	/lustre1/g/aos_shihuang/data/gtdb-r207/genomes_all/GCA_004322365.1.fna	/lustre1/g/aos_shihuang/data/gtdb-r207/genomes_all/GCA_007378985.1.fna
GCA_001774455.1	GCA_002778715.1	0.85-0.9	p__Patescibacteria	0.8503	/lustre1/g/aos_shihuang/data/gtdb-r207/genomes_all/GCA_001774455.1.fna	/lustre1/g/aos_shihuang/data/gtdb-r207/genomes_all/GCA_002778715.1.fna
GCA_002400405.1	GCA_002328565.1	0.85-0.9	p__Patescibacteria	0.8506	/lustre1/g/aos_shihuang/data/gtdb-r207/genomes_all/GCA_002400405.1.fna	/lustre1/g/aos_shihuang/data/gtdb-r207/genomes_all/GCA_002328565.1.fna
GCA_015256915.2	GCA_013333405.2	0.85-0.9	p__Patescibacteria	0.8863	/lustre1/g/aos_shihuang/data/gtdb-r207/genomes_all/GCA_015256915.2.fna	/lustre1/g/aos_shihuang/data/gtdb-r207/genomes_all/GCA_013333405.2.fna
GCA_000991805.1	GCA_903906305.1	0.85-0.9	p__Patescibacteria	0.8533	/lustre1/g/aos_shihuang/data/gtdb-r207/genomes_all/GCA_000991805.1.fna	/lustre1/g/aos_shihuang/data/gtdb-r207/genomes_all/GCA_903906305.1.fna
GCA_016185525.1	GCA_016181105.1	0.85-0.9	p__Patescibacteria	0.8539	/lustre1/g/aos_shihuang/data/gtdb-r207/genomes_all/GCA_016185525.1.fna	/lustre1/g/aos_shihuang/data/gtdb-r207/genomes_all/GCA_016181105.1.fna
GCA_016432405.1	GCA_001778495.1	0.85-0.9	p__Patescibacteria	0.8631	/lustre1/g/aos_shihuang/data/gtdb-r207/genomes_all/GCA_016432405.1.fna	/lustre1/g/aos_shihuang/data/gtdb-r207/genomes_all/GCA_001778495.1.fna
GCA_001783595.1	GCA_002782365.1	0.85-0.9	p__Patescibacteria	0.8720	/lustre1/g/aos_shihuang/data/gtdb-r207/genomes_all/GCA_001783595.1.fna	/lustre1/g/aos_shihuang/data/gtdb-r207/genomes_all/GCA_002782365.1.fna
GCA_018818345.1	GCA_000991805.1	0.85-0.9	p__Patescibacteria	0.8859	/lustre1/g/aos_shihuang/data/gtdb-r207/genomes_all/GCA_018818345.1.fna	/lustre1/g/aos_shihuang/data/gtdb-r207/genomes_all/GCA_000991805.1.fna
GCA_014238395.1	GCA_014238475.1	0.85-0.9	p__Patescibacteria	0.8969	/lustre1/g/aos_shihuang/data/gtdb-r207/genomes_all/GCA_014238395.1.fna	/lustre1/g/aos_shihuang/data/gtdb-r207/genomes_all/GCA_014238475.1.fna
GCA_003260325.1	GCA_002761215.1	0.85-0.9	p__Patescibacteria	0.8674	/lustre1/g/aos_shihuang/data/gtdb-r207/genomes_all/GCA_003260325.1.fna	/lustre1/g/aos_shihuang/data/gtdb-r207/genomes_all/GCA_002761215.1.fna
GCA_016201685.1	GCA_016178535.1	0.85-0.9	p__Patescibacteria	0.8639	/lustre1/g/aos_shihuang/data/gtdb-r207/genomes_all/GCA_016201685.1.fna	/lustre1/g/aos_shihuang/data/gtdb-r207/genomes_all/GCA_016178535.1.fna
GCA_018662325.1	GCA_002718715.1	0.85-0.9	p__Patescibacteria	0.8777	/lustre1/g/aos_shihuang/data/gtdb-r207/genomes_all/GCA_018662325.1.fna	/lustre1/g/aos_shihuang/data/gtdb-r207/genomes_all/GCA_002718715.1.fna
GCA_003507445.1	GCA_000991245.1	0.85-0.9	p__Patescibacteria	0.8844	/lustre1/g/aos_shihuang/data/gtdb-r207/genomes_all/GCA_003507445.1.fna	/lustre1/g/aos_shihuang/data/gtdb-r207/genomes_all/GCA_000991245.1.fna
GCA_002402755.1	GCA_002070955.1	0.85-0.9	p__Planctomycetota	0.8522	/lustre1/g/aos_shihuang/data/gtdb-r207/genomes_all/GCA_002402755.1.fna	/lustre1/g/aos_shihuang/data/gtdb-r207/genomes_all/GCA_002070955.1.fna
GCF_900129635.1	GCF_000242455.2	0.85-0.9	p__Planctomycetota	0.8576	/lustre1/g/aos_shihuang/data/gtdb-r207/genomes_all/GCF_900129635.1.fna	/lustre1/g/aos_shihuang/data/gtdb-r207/genomes_all/GCF_000242455.2.fna
GCA_013202635.1	GCA_014384025.1	0.85-0.9	p__Planctomycetota	0.8857	/lustre1/g/aos_shihuang/data/gtdb-r207/genomes_all/GCA_013202635.1.fna	/lustre1/g/aos_shihuang/data/gtdb-r207/genomes_all/GCA_014384025.1.fna
GCA_012959525.1	GCA_002720975.1	0.85-0.9	p__Planctomycetota	0.8897	/lustre1/g/aos_shihuang/data/gtdb-r207/genomes_all/GCA_012959525.1.fna	/lustre1/g/aos_shihuang/data/gtdb-r207/genomes_all/GCA_002720975.1.fna
GCA_016793195.1	GCA_013360695.1	0.85-0.9	p__Planctomycetota	0.8514	/lustre1/g/aos_shihuang/data/gtdb-r207/genomes_all/GCA_016793195.1.fna	/lustre1/g/aos_shihuang/data/gtdb-r207/genomes_all/GCA_013360695.1.fna
GCA_016935635.1	GCA_002482415.1	0.85-0.9	p__Planctomycetota	0.8878	/lustre1/g/aos_shihuang/data/gtdb-r207/genomes_all/GCA_016935635.1.fna	/lustre1/g/aos_shihuang/data/gtdb-r207/genomes_all/GCA_002482415.1.fna
GCA_903951635.1	GCA_009691925.1	0.85-0.9	p__Planctomycetota	0.8720	/lustre1/g/aos_shihuang/data/gtdb-r207/genomes_all/GCA_903951635.1.fna	/lustre1/g/aos_shihuang/data/gtdb-r207/genomes_all/GCA_009691925.1.fna
GCA_002698965.1	GCA_002705165.1	0.85-0.9	p__Planctomycetota	0.8910	/lustre1/g/aos_shihuang/data/gtdb-r207/genomes_all/GCA_002698965.1.fna	/lustre1/g/aos_shihuang/data/gtdb-r207/genomes_all/GCA_002705165.1.fna
GCA_002084585.1	GCA_003644215.1	0.85-0.9	p__Planctomycetota	0.8882	/lustre1/g/aos_shihuang/data/gtdb-r207/genomes_all/GCA_002084585.1.fna	/lustre1/g/aos_shihuang/data/gtdb-r207/genomes_all/GCA_003644215.1.fna
GCA_015200345.1	GCA_007753915.1	0.85-0.9	p__Planctomycetota	0.8544	/lustre1/g/aos_shihuang/data/gtdb-r207/genomes_all/GCA_015200345.1.fna	/lustre1/g/aos_shihuang/data/gtdb-r207/genomes_all/GCA_007753915.1.fna
GCA_016719295.1	GCA_016793245.1	0.85-0.9	p__Planctomycetota	0.8961	/lustre1/g/aos_shihuang/data/gtdb-r207/genomes_all/GCA_016719295.1.fna	/lustre1/g/aos_shihuang/data/gtdb-r207/genomes_all/GCA_016793245.1.fna
GCA_007122045.1	GCA_003561895.1	0.85-0.9	p__Planctomycetota	0.8994	/lustre1/g/aos_shihuang/data/gtdb-r207/genomes_all/GCA_007122045.1.fna	/lustre1/g/aos_shihuang/data/gtdb-r207/genomes_all/GCA_003561895.1.fna
GCA_903892045.1	GCA_016872795.1	0.85-0.9	p__Planctomycetota	0.8754	/lustre1/g/aos_shihuang/data/gtdb-r207/genomes_all/GCA_903892045.1.fna	/lustre1/g/aos_shihuang/data/gtdb-r207/genomes_all/GCA_016872795.1.fna
GCA_016709145.1	GCA_016795255.1	0.85-0.9	p__Planctomycetota	0.8917	/lustre1/g/aos_shihuang/data/gtdb-r207/genomes_all/GCA_016709145.1.fna	/lustre1/g/aos_shihuang/data/gtdb-r207/genomes_all/GCA_016795255.1.fna
GCA_014584315.1	GCA_900696545.1	0.85-0.9	p__Planctomycetota	0.8537	/lustre1/g/aos_shihuang/data/gtdb-r207/genomes_all/GCA_014584315.1.fna	/lustre1/g/aos_shihuang/data/gtdb-r207/genomes_all/GCA_900696545.1.fna
GCA_002295885.1	GCA_002591705.1	0.85-0.9	p__Planctomycetota	0.8662	/lustre1/g/aos_shihuang/data/gtdb-r207/genomes_all/GCA_002295885.1.fna	/lustre1/g/aos_shihuang/data/gtdb-r207/genomes_all/GCA_002591705.1.fna
GCA_001303465.1	GCA_016782865.1	0.85-0.9	p__Planctomycetota	0.8590	/lustre1/g/aos_shihuang/data/gtdb-r207/genomes_all/GCA_001303465.1.fna	/lustre1/g/aos_shihuang/data/gtdb-r207/genomes_all/GCA_016782865.1.fna
GCA_002168105.2	GCA_004213555.1	0.85-0.9	p__Planctomycetota	0.8716	/lustre1/g/aos_shihuang/data/gtdb-r207/genomes_all/GCA_002168105.2.fna	/lustre1/g/aos_shihuang/data/gtdb-r207/genomes_all/GCA_004213555.1.fna
GCF_001997385.1	GCF_002117005.1	0.85-0.9	p__Planctomycetota	0.8530	/lustre1/g/aos_shihuang/data/gtdb-r207/genomes_all/GCF_001997385.1.fna	/lustre1/g/aos_shihuang/data/gtdb-r207/genomes_all/GCF_002117005.1.fna
GCA_009926625.1	GCA_005799495.1	0.85-0.9	p__Planctomycetota	0.8719	/lustre1/g/aos_shihuang/data/gtdb-r207/genomes_all/GCA_009926625.1.fna	/lustre1/g/aos_shihuang/data/gtdb-r207/genomes_all/GCA_005799495.1.fna
GCA_016873115.1	GCA_016873375.1	0.85-0.9	p__Planctomycetota	0.8934	/lustre1/g/aos_shihuang/data/gtdb-r207/genomes_all/GCA_016873115.1.fna	/lustre1/g/aos_shihuang/data/gtdb-r207/genomes_all/GCA_016873375.1.fna
GCA_003712165.1	GCA_009827205.1	0.85-0.9	p__Planctomycetota	0.8974	/lustre1/g/aos_shihuang/data/gtdb-r207/genomes_all/GCA_003712165.1.fna	/lustre1/g/aos_shihuang/data/gtdb-r207/genomes_all/GCA_009827205.1.fna
GCF_007753095.1	GCF_007751715.1	0.85-0.9	p__Planctomycetota	0.8967	/lustre1/g/aos_shihuang/data/gtdb-r207/genomes_all/GCF_007753095.1.fna	/lustre1/g/aos_shihuang/data/gtdb-r207/genomes_all/GCF_007751715.1.fna
GCA_002690755.1	GCA_009936695.1	0.85-0.9	p__Planctomycetota	0.8846	/lustre1/g/aos_shihuang/data/gtdb-r207/genomes_all/GCA_002690755.1.fna	/lustre1/g/aos_shihuang/data/gtdb-r207/genomes_all/GCA_009936695.1.fna
GCA_002303765.1	GCA_003671255.1	0.85-0.9	p__Planctomycetota	0.8935	/lustre1/g/aos_shihuang/data/gtdb-r207/genomes_all/GCA_002303765.1.fna	/lustre1/g/aos_shihuang/data/gtdb-r207/genomes_all/GCA_003671255.1.fna
GCA_017454585.1	GCA_017447865.1	0.85-0.9	p__Planctomycetota	0.8806	/lustre1/g/aos_shihuang/data/gtdb-r207/genomes_all/GCA_017454585.1.fna	/lustre1/g/aos_shihuang/data/gtdb-r207/genomes_all/GCA_017447865.1.fna
GCF_007753095.1	GCA_007741475.1	0.85-0.9	p__Planctomycetota	0.8952	/lustre1/g/aos_shihuang/data/gtdb-r207/genomes_all/GCF_007753095.1.fna	/lustre1/g/aos_shihuang/data/gtdb-r207/genomes_all/GCA_007741475.1.fna
GCA_005798965.1	GCA_018970045.1	0.85-0.9	p__Planctomycetota	0.8996	/lustre1/g/aos_shihuang/data/gtdb-r207/genomes_all/GCA_005798965.1.fna	/lustre1/g/aos_shihuang/data/gtdb-r207/genomes_all/GCA_018970045.1.fna
GCA_905480285.1	GCA_016779205.1	0.85-0.9	p__Planctomycetota	0.8573	/lustre1/g/aos_shihuang/data/gtdb-r207/genomes_all/GCA_905480285.1.fna	/lustre1/g/aos_shihuang/data/gtdb-r207/genomes_all/GCA_016779205.1.fna
GCA_017407125.1	GCA_017557195.1	0.85-0.9	p__Planctomycetota	0.8977	/lustre1/g/aos_shihuang/data/gtdb-r207/genomes_all/GCA_017407125.1.fna	/lustre1/g/aos_shihuang/data/gtdb-r207/genomes_all/GCA_017557195.1.fna
GCA_017652805.1	GCA_902796885.1	0.85-0.9	p__Planctomycetota	0.8558	/lustre1/g/aos_shihuang/data/gtdb-r207/genomes_all/GCA_017652805.1.fna	/lustre1/g/aos_shihuang/data/gtdb-r207/genomes_all/GCA_902796885.1.fna
GCA_017447745.1	GCA_902770245.1	0.85-0.9	p__Planctomycetota	0.8797	/lustre1/g/aos_shihuang/data/gtdb-r207/genomes_all/GCA_017447745.1.fna	/lustre1/g/aos_shihuang/data/gtdb-r207/genomes_all/GCA_902770245.1.fna
GCA_017447745.1	GCA_017407125.1	0.85-0.9	p__Planctomycetota	0.8931	/lustre1/g/aos_shihuang/data/gtdb-r207/genomes_all/GCA_017447745.1.fna	/lustre1/g/aos_shihuang/data/gtdb-r207/genomes_all/GCA_017407125.1.fna
GCA_009936695.1	GCA_002683215.1	0.85-0.9	p__Planctomycetota	0.8750	/lustre1/g/aos_shihuang/data/gtdb-r207/genomes_all/GCA_009936695.1.fna	/lustre1/g/aos_shihuang/data/gtdb-r207/genomes_all/GCA_002683215.1.fna
GCA_017557195.1	GCA_017447745.1	0.85-0.9	p__Planctomycetota	0.8826	/lustre1/g/aos_shihuang/data/gtdb-r207/genomes_all/GCA_017557195.1.fna	/lustre1/g/aos_shihuang/data/gtdb-r207/genomes_all/GCA_017447745.1.fna
GCA_007693845.1	GCA_007127615.1	0.85-0.9	p__Planctomycetota	0.8951	/lustre1/g/aos_shihuang/data/gtdb-r207/genomes_all/GCA_007693845.1.fna	/lustre1/g/aos_shihuang/data/gtdb-r207/genomes_all/GCA_007127615.1.fna
GCA_903927725.1	GCA_016873115.1	0.85-0.9	p__Planctomycetota	0.8680	/lustre1/g/aos_shihuang/data/gtdb-r207/genomes_all/GCA_903927725.1.fna	/lustre1/g/aos_shihuang/data/gtdb-r207/genomes_all/GCA_016873115.1.fna
GCA_012271015.1	GCA_007571305.1	0.85-0.9	p__Poribacteria	0.8713	/lustre1/g/aos_shihuang/data/gtdb-r207/genomes_all/GCA_012271015.1.fna	/lustre1/g/aos_shihuang/data/gtdb-r207/genomes_all/GCA_007571305.1.fna
GCA_018644665.1	GCA_002687025.1	0.85-0.9	p__Poribacteria	0.8512	/lustre1/g/aos_shihuang/data/gtdb-r207/genomes_all/GCA_018644665.1.fna	/lustre1/g/aos_shihuang/data/gtdb-r207/genomes_all/GCA_002687025.1.fna
GCA_012963885.1	GCA_002697225.1	0.85-0.9	p__Poribacteria	0.8626	/lustre1/g/aos_shihuang/data/gtdb-r207/genomes_all/GCA_012963885.1.fna	/lustre1/g/aos_shihuang/data/gtdb-r207/genomes_all/GCA_002697225.1.fna
GCA_002697225.1	GCA_002709695.1	0.85-0.9	p__Poribacteria	0.8530	/lustre1/g/aos_shihuang/data/gtdb-r207/genomes_all/GCA_002697225.1.fna	/lustre1/g/aos_shihuang/data/gtdb-r207/genomes_all/GCA_002709695.1.fna
GCA_003523085.1	GCA_018647765.1	0.85-0.9	p__Proteobacteria	0.8704	/lustre1/g/aos_shihuang/data/gtdb-r207/genomes_all/GCA_003523085.1.fna	/lustre1/g/aos_shihuang/data/gtdb-r207/genomes_all/GCA_018647765.1.fna
GCA_005791235.1	GCA_903828265.1	0.85-0.9	p__Proteobacteria	0.8826	/lustre1/g/aos_shihuang/data/gtdb-r207/genomes_all/GCA_005791235.1.fna	/lustre1/g/aos_shihuang/data/gtdb-r207/genomes_all/GCA_903828265.1.fna
GCF_019166065.1	GCF_002209565.1	0.85-0.9	p__Proteobacteria	0.8639	/lustre1/g/aos_shihuang/data/gtdb-r207/genomes_all/GCF_019166065.1.fna	/lustre1/g/aos_shihuang/data/gtdb-r207/genomes_all/GCF_002209565.1.fna
GCF_010974825.1	GCF_000819785.1	0.85-0.9	p__Proteobacteria	0.8999	/lustre1/g/aos_shihuang/data/gtdb-r207/genomes_all/GCF_010974825.1.fna	/lustre1/g/aos_shihuang/data/gtdb-r207/genomes_all/GCF_000819785.1.fna
GCF_000243075.1	GCF_003049725.1	0.85-0.9	p__Proteobacteria	0.8724	/lustre1/g/aos_shihuang/data/gtdb-r207/genomes_all/GCF_000243075.1.fna	/lustre1/g/aos_shihuang/data/gtdb-r207/genomes_all/GCF_003049725.1.fna
GCF_004377485.1	GCF_001982605.1	0.85-0.9	p__Proteobacteria	0.8560	/lustre1/g/aos_shihuang/data/gtdb-r207/genomes_all/GCF_004377485.1.fna	/lustre1/g/aos_shihuang/data/gtdb-r207/genomes_all/GCF_001982605.1.fna
GCA_013416395.1	GCF_005239165.1	0.85-0.9	p__Proteobacteria	0.8762	/lustre1/g/aos_shihuang/data/gtdb-r207/genomes_all/GCA_013416395.1.fna	/lustre1/g/aos_shihuang/data/gtdb-r207/genomes_all/GCF_005239165.1.fna
GCA_905339295.1	GCA_016704895.1	0.85-0.9	p__Proteobacteria	0.8510	/lustre1/g/aos_shihuang/data/gtdb-r207/genomes_all/GCA_905339295.1.fna	/lustre1/g/aos_shihuang/data/gtdb-r207/genomes_all/GCA_016704895.1.fna
GCA_018658635.1	GCF_002688585.1	0.85-0.9	p__Proteobacteria	0.8704	/lustre1/g/aos_shihuang/data/gtdb-r207/genomes_all/GCA_018658635.1.fna	/lustre1/g/aos_shihuang/data/gtdb-r207/genomes_all/GCF_002688585.1.fna
GCF_002723975.1	GCF_000964465.1	0.85-0.9	p__Proteobacteria	0.8785	/lustre1/g/aos_shihuang/data/gtdb-r207/genomes_all/GCF_002723975.1.fna	/lustre1/g/aos_shihuang/data/gtdb-r207/genomes_all/GCF_000964465.1.fna
GCF_003382565.2	GCF_002847345.1	0.85-0.9	p__Proteobacteria	0.8954	/lustre1/g/aos_shihuang/data/gtdb-r207/genomes_all/GCF_003382565.2.fna	/lustre1/g/aos_shihuang/data/gtdb-r207/genomes_all/GCF_002847345.1.fna
GCF_003626975.1	GCF_002355475.1	0.85-0.9	p__Proteobacteria	0.8521	/lustre1/g/aos_shihuang/data/gtdb-r207/genomes_all/GCF_003626975.1.fna	/lustre1/g/aos_shihuang/data/gtdb-r207/genomes_all/GCF_002355475.1.fna
GCF_000067205.1	GCF_019218885.1	0.85-0.9	p__Proteobacteria	0.8632	/lustre1/g/aos_shihuang/data/gtdb-r207/genomes_all/GCF_000067205.1.fna	/lustre1/g/aos_shihuang/data/gtdb-r207/genomes_all/GCF_019218885.1.fna
GCA_011046015.1	GCA_014762505.1	0.85-0.9	p__Proteobacteria	0.8951	/lustre1/g/aos_shihuang/data/gtdb-r207/genomes_all/GCA_011046015.1.fna	/lustre1/g/aos_shihuang/data/gtdb-r207/genomes_all/GCA_014762505.1.fna
GCF_013116765.2	GCF_002812705.1	0.85-0.9	p__Proteobacteria	0.8574	/lustre1/g/aos_shihuang/data/gtdb-r207/genomes_all/GCF_013116765.2.fna	/lustre1/g/aos_shihuang/data/gtdb-r207/genomes_all/GCF_002812705.1.fna
GCF_013266695.1	GCF_009826895.1	0.85-0.9	p__Proteobacteria	0.8588	/lustre1/g/aos_shihuang/data/gtdb-r207/genomes_all/GCF_013266695.1.fna	/lustre1/g/aos_shihuang/data/gtdb-r207/genomes_all/GCF_009826895.1.fna
GCA_903845215.1	GCA_903873585.1	0.85-0.9	p__Proteobacteria	0.8579	/lustre1/g/aos_shihuang/data/gtdb-r207/genomes_all/GCA_903845215.1.fna	/lustre1/g/aos_shihuang/data/gtdb-r207/genomes_all/GCA_903873585.1.fna
GCF_009380215.1	GCF_009674495.1	0.85-0.9	p__Proteobacteria	0.8564	/lustre1/g/aos_shihuang/data/gtdb-r207/genomes_all/GCF_009380215.1.fna	/lustre1/g/aos_shihuang/data/gtdb-r207/genomes_all/GCF_009674495.1.fna
GCA_011525295.1	GCA_009841615.1	0.85-0.9	p__Proteobacteria	0.8565	/lustre1/g/aos_shihuang/data/gtdb-r207/genomes_all/GCA_011525295.1.fna	/lustre1/g/aos_shihuang/data/gtdb-r207/genomes_all/GCA_009841615.1.fna
GCA_002707605.1	GCF_004354915.1	0.85-0.9	p__Proteobacteria	0.8786	/lustre1/g/aos_shihuang/data/gtdb-r207/genomes_all/GCA_002707605.1.fna	/lustre1/g/aos_shihuang/data/gtdb-r207/genomes_all/GCF_004354915.1.fna
GCA_000513075.1	GCA_000513055.1	0.85-0.9	p__Proteobacteria	0.8822	/lustre1/g/aos_shihuang/data/gtdb-r207/genomes_all/GCA_000513075.1.fna	/lustre1/g/aos_shihuang/data/gtdb-r207/genomes_all/GCA_000513055.1.fna
GCA_902571315.1	GCA_902614225.1	0.85-0.9	p__Proteobacteria	0.8535	/lustre1/g/aos_shihuang/data/gtdb-r207/genomes_all/GCA_902571315.1.fna	/lustre1/g/aos_shihuang/data/gtdb-r207/genomes_all/GCA_902614225.1.fna
GCF_008728855.1	GCF_008728835.1	0.85-0.9	p__Proteobacteria	0.8534	/lustre1/g/aos_shihuang/data/gtdb-r207/genomes_all/GCF_008728855.1.fna	/lustre1/g/aos_shihuang/data/gtdb-r207/genomes_all/GCF_008728835.1.fna
GCF_014138285.1	GCA_900539805.1	0.85-0.9	p__Proteobacteria	0.8652	/lustre1/g/aos_shihuang/data/gtdb-r207/genomes_all/GCF_014138285.1.fna	/lustre1/g/aos_shihuang/data/gtdb-r207/genomes_all/GCA_900539805.1.fna
GCF_000264765.2	GCF_000341505.1	0.85-0.9	p__Proteobacteria	0.8514	/lustre1/g/aos_shihuang/data/gtdb-r207/genomes_all/GCF_000264765.2.fna	/lustre1/g/aos_shihuang/data/gtdb-r207/genomes_all/GCF_000341505.1.fna
GCA_002281415.1	GCA_903905475.1	0.85-0.9	p__Proteobacteria	0.8980	/lustre1/g/aos_shihuang/data/gtdb-r207/genomes_all/GCA_002281415.1.fna	/lustre1/g/aos_shihuang/data/gtdb-r207/genomes_all/GCA_903905475.1.fna
GCA_017744315.1	GCF_018599195.1	0.85-0.9	p__Proteobacteria	0.8560	/lustre1/g/aos_shihuang/data/gtdb-r207/genomes_all/GCA_017744315.1.fna	/lustre1/g/aos_shihuang/data/gtdb-r207/genomes_all/GCF_018599195.1.fna
GCA_002732845.1	GCA_002401565.1	0.85-0.9	p__Proteobacteria	0.8660	/lustre1/g/aos_shihuang/data/gtdb-r207/genomes_all/GCA_002732845.1.fna	/lustre1/g/aos_shihuang/data/gtdb-r207/genomes_all/GCA_002401565.1.fna
GCA_900470285.1	GCF_003314995.1	0.85-0.9	p__Proteobacteria	0.8787	/lustre1/g/aos_shihuang/data/gtdb-r207/genomes_all/GCA_900470285.1.fna	/lustre1/g/aos_shihuang/data/gtdb-r207/genomes_all/GCF_003314995.1.fna
GCA_002690875.1	GCA_002689325.1	0.85-0.9	p__Proteobacteria	0.8598	/lustre1/g/aos_shihuang/data/gtdb-r207/genomes_all/GCA_002690875.1.fna	/lustre1/g/aos_shihuang/data/gtdb-r207/genomes_all/GCA_002689325.1.fna
GCF_001026905.1	GCF_002118315.1	0.85-0.9	p__Proteobacteria	0.8566	/lustre1/g/aos_shihuang/data/gtdb-r207/genomes_all/GCF_001026905.1.fna	/lustre1/g/aos_shihuang/data/gtdb-r207/genomes_all/GCF_002118315.1.fna
GCA_010021145.1	GCF_002688585.1	0.85-0.9	p__Proteobacteria	0.8683	/lustre1/g/aos_shihuang/data/gtdb-r207/genomes_all/GCA_010021145.1.fna	/lustre1/g/aos_shihuang/data/gtdb-r207/genomes_all/GCF_002688585.1.fna
GCA_017745195.1	GCF_010211765.1	0.85-0.9	p__Proteobacteria	0.8649	/lustre1/g/aos_shihuang/data/gtdb-r207/genomes_all/GCA_017745195.1.fna	/lustre1/g/aos_shihuang/data/gtdb-r207/genomes_all/GCF_010211765.1.fna
GCF_018448905.1	GCF_018448935.1	0.85-0.9	p__Proteobacteria	0.8569	/lustre1/g/aos_shihuang/data/gtdb-r207/genomes_all/GCF_018448905.1.fna	/lustre1/g/aos_shihuang/data/gtdb-r207/genomes_all/GCF_018448935.1.fna
GCF_002940065.1	GCF_001908725.1	0.85-0.9	p__Proteobacteria	0.8595	/lustre1/g/aos_shihuang/data/gtdb-r207/genomes_all/GCF_002940065.1.fna	/lustre1/g/aos_shihuang/data/gtdb-r207/genomes_all/GCF_001908725.1.fna
GCF_005144475.1	GCF_003217355.1	0.85-0.9	p__Proteobacteria	0.8995	/lustre1/g/aos_shihuang/data/gtdb-r207/genomes_all/GCF_005144475.1.fna	/lustre1/g/aos_shihuang/data/gtdb-r207/genomes_all/GCF_003217355.1.fna
GCA_003279705.1	GCA_902537725.1	0.85-0.9	p__Proteobacteria	0.8536	/lustre1/g/aos_shihuang/data/gtdb-r207/genomes_all/GCA_003279705.1.fna	/lustre1/g/aos_shihuang/data/gtdb-r207/genomes_all/GCA_902537725.1.fna
GCF_000759835.1	GCF_009363175.1	0.85-0.9	p__Proteobacteria	0.8505	/lustre1/g/aos_shihuang/data/gtdb-r207/genomes_all/GCF_000759835.1.fna	/lustre1/g/aos_shihuang/data/gtdb-r207/genomes_all/GCF_009363175.1.fna
GCA_017744285.1	GCA_017744935.1	0.85-0.9	p__Proteobacteria	0.8538	/lustre1/g/aos_shihuang/data/gtdb-r207/genomes_all/GCA_017744285.1.fna	/lustre1/g/aos_shihuang/data/gtdb-r207/genomes_all/GCA_017744935.1.fna
GCF_009827515.1	GCF_001028625.1	0.85-0.9	p__Proteobacteria	0.8582	/lustre1/g/aos_shihuang/data/gtdb-r207/genomes_all/GCF_009827515.1.fna	/lustre1/g/aos_shihuang/data/gtdb-r207/genomes_all/GCF_001028625.1.fna
GCA_017417215.1	GCA_017526725.1	0.85-0.9	p__Riflebacteria	0.8657	/lustre1/g/aos_shihuang/data/gtdb-r207/genomes_all/GCA_017417215.1.fna	/lustre1/g/aos_shihuang/data/gtdb-r207/genomes_all/GCA_017526725.1.fna
GCA_900317935.1	GCA_017526725.1	0.85-0.9	p__Riflebacteria	0.8794	/lustre1/g/aos_shihuang/data/gtdb-r207/genomes_all/GCA_900317935.1.fna	/lustre1/g/aos_shihuang/data/gtdb-r207/genomes_all/GCA_017526725.1.fna
GCA_002683655.1	GCA_003541985.1	0.85-0.9	p__SAR324	0.8858	/lustre1/g/aos_shihuang/data/gtdb-r207/genomes_all/GCA_002683655.1.fna	/lustre1/g/aos_shihuang/data/gtdb-r207/genomes_all/GCA_003541985.1.fna
GCA_011522845.1	GCA_003541985.1	0.85-0.9	p__SAR324	0.8831	/lustre1/g/aos_shihuang/data/gtdb-r207/genomes_all/GCA_011522845.1.fna	/lustre1/g/aos_shihuang/data/gtdb-r207/genomes_all/GCA_003541985.1.fna
GCA_002707655.1	GCA_002726945.1	0.85-0.9	p__SAR324	0.8715	/lustre1/g/aos_shihuang/data/gtdb-r207/genomes_all/GCA_002707655.1.fna	/lustre1/g/aos_shihuang/data/gtdb-r207/genomes_all/GCA_002726945.1.fna
GCA_002730365.1	GCA_000224765.2	0.85-0.9	p__SAR324	0.8733	/lustre1/g/aos_shihuang/data/gtdb-r207/genomes_all/GCA_002730365.1.fna	/lustre1/g/aos_shihuang/data/gtdb-r207/genomes_all/GCA_000224765.2.fna
GCA_017554185.1	GCA_902787125.1	0.85-0.9	p__Spirochaetota	0.8763	/lustre1/g/aos_shihuang/data/gtdb-r207/genomes_all/GCA_017554185.1.fna	/lustre1/g/aos_shihuang/data/gtdb-r207/genomes_all/GCA_902787125.1.fna
GCA_007693485.1	GCA_007130025.1	0.85-0.9	p__Spirochaetota	0.8843	/lustre1/g/aos_shihuang/data/gtdb-r207/genomes_all/GCA_007693485.1.fna	/lustre1/g/aos_shihuang/data/gtdb-r207/genomes_all/GCA_007130025.1.fna
GCA_002441395.1	GCA_002425765.1	0.85-0.9	p__Spirochaetota	0.8621	/lustre1/g/aos_shihuang/data/gtdb-r207/genomes_all/GCA_002441395.1.fna	/lustre1/g/aos_shihuang/data/gtdb-r207/genomes_all/GCA_002425765.1.fna
GCF_000412995.1	GCF_010365865.1	0.85-0.9	p__Spirochaetota	0.8541	/lustre1/g/aos_shihuang/data/gtdb-r207/genomes_all/GCF_000412995.1.fna	/lustre1/g/aos_shihuang/data/gtdb-r207/genomes_all/GCF_010365865.1.fna
GCA_017642445.1	GCA_017446885.1	0.85-0.9	p__Spirochaetota	0.8508	/lustre1/g/aos_shihuang/data/gtdb-r207/genomes_all/GCA_017642445.1.fna	/lustre1/g/aos_shihuang/data/gtdb-r207/genomes_all/GCA_017446885.1.fna
GCF_000316195.1	GCF_000223215.1	0.85-0.9	p__Spirochaetota	0.8804	/lustre1/g/aos_shihuang/data/gtdb-r207/genomes_all/GCF_000316195.1.fna	/lustre1/g/aos_shihuang/data/gtdb-r207/genomes_all/GCF_000223215.1.fna
GCA_002070605.1	GCA_017998755.1	0.85-0.9	p__Spirochaetota	0.8621	/lustre1/g/aos_shihuang/data/gtdb-r207/genomes_all/GCA_002070605.1.fna	/lustre1/g/aos_shihuang/data/gtdb-r207/genomes_all/GCA_017998755.1.fna
GCA_001829395.1	GCA_013177895.1	0.85-0.9	p__Spirochaetota	0.8996	/lustre1/g/aos_shihuang/data/gtdb-r207/genomes_all/GCA_001829395.1.fna	/lustre1/g/aos_shihuang/data/gtdb-r207/genomes_all/GCA_013177895.1.fna
GCF_000755145.1	GCF_000008185.1	0.85-0.9	p__Spirochaetota	0.8974	/lustre1/g/aos_shihuang/data/gtdb-r207/genomes_all/GCF_000755145.1.fna	/lustre1/g/aos_shihuang/data/gtdb-r207/genomes_all/GCF_000008185.1.fna
GCA_017554185.1	GCA_017642445.1	0.85-0.9	p__Spirochaetota	0.8654	/lustre1/g/aos_shihuang/data/gtdb-r207/genomes_all/GCA_017554185.1.fna	/lustre1/g/aos_shihuang/data/gtdb-r207/genomes_all/GCA_017642445.1.fna
GCA_007128315.1	GCA_007694005.1	0.85-0.9	p__Spirochaetota	0.8934	/lustre1/g/aos_shihuang/data/gtdb-r207/genomes_all/GCA_007128315.1.fna	/lustre1/g/aos_shihuang/data/gtdb-r207/genomes_all/GCA_007694005.1.fna
GCA_011328725.1	GCF_000219725.1	0.85-0.9	p__Spirochaetota	0.8901	/lustre1/g/aos_shihuang/data/gtdb-r207/genomes_all/GCA_011328725.1.fna	/lustre1/g/aos_shihuang/data/gtdb-r207/genomes_all/GCF_000219725.1.fna
GCA_009782955.1	GCA_009782495.1	0.85-0.9	p__Spirochaetota	0.8710	/lustre1/g/aos_shihuang/data/gtdb-r207/genomes_all/GCA_009782955.1.fna	/lustre1/g/aos_shihuang/data/gtdb-r207/genomes_all/GCA_009782495.1.fna
GCF_002379365.1	GCF_001746205.1	0.85-0.9	p__Spirochaetota	0.8582	/lustre1/g/aos_shihuang/data/gtdb-r207/genomes_all/GCF_002379365.1.fna	/lustre1/g/aos_shihuang/data/gtdb-r207/genomes_all/GCF_001746205.1.fna
GCA_018262985.1	GCA_016926955.1	0.85-0.9	p__Spirochaetota	0.8760	/lustre1/g/aos_shihuang/data/gtdb-r207/genomes_all/GCA_018262985.1.fna	/lustre1/g/aos_shihuang/data/gtdb-r207/genomes_all/GCA_016926955.1.fna
GCA_003552985.1	GCA_003552665.1	0.85-0.9	p__Spirochaetota	0.8927	/lustre1/g/aos_shihuang/data/gtdb-r207/genomes_all/GCA_003552985.1.fna	/lustre1/g/aos_shihuang/data/gtdb-r207/genomes_all/GCA_003552665.1.fna
GCA_902787125.1	GCA_017535435.1	0.85-0.9	p__Spirochaetota	0.8996	/lustre1/g/aos_shihuang/data/gtdb-r207/genomes_all/GCA_902787125.1.fna	/lustre1/g/aos_shihuang/data/gtdb-r207/genomes_all/GCA_017535435.1.fna
GCA_017537925.1	GCA_016288355.1	0.85-0.9	p__Synergistota	0.8709	/lustre1/g/aos_shihuang/data/gtdb-r207/genomes_all/GCA_017537925.1.fna	/lustre1/g/aos_shihuang/data/gtdb-r207/genomes_all/GCA_016288355.1.fna
GCA_018716365.1	GCA_900545755.1	0.85-0.9	p__Synergistota	0.8720	/lustre1/g/aos_shihuang/data/gtdb-r207/genomes_all/GCA_018716365.1.fna	/lustre1/g/aos_shihuang/data/gtdb-r207/genomes_all/GCA_900545755.1.fna
GCF_002159945.1	GCA_900544635.1	0.85-0.9	p__Synergistota	0.8677	/lustre1/g/aos_shihuang/data/gtdb-r207/genomes_all/GCF_002159945.1.fna	/lustre1/g/aos_shihuang/data/gtdb-r207/genomes_all/GCA_900544635.1.fna
GCA_018436595.1	GCA_016756745.1	0.85-0.9	p__Synergistota	0.8729	/lustre1/g/aos_shihuang/data/gtdb-r207/genomes_all/GCA_018436595.1.fna	/lustre1/g/aos_shihuang/data/gtdb-r207/genomes_all/GCA_016756745.1.fna
GCA_002696315.1	GCA_002498205.1	0.85-0.9	p__Thermoplasmatota	0.8596	/lustre1/g/aos_shihuang/data/gtdb-r207/genomes_all/GCA_002696315.1.fna	/lustre1/g/aos_shihuang/data/gtdb-r207/genomes_all/GCA_002498205.1.fna
GCA_001875425.1	GCA_002509225.1	0.85-0.9	p__Thermoplasmatota	0.8985	/lustre1/g/aos_shihuang/data/gtdb-r207/genomes_all/GCA_001875425.1.fna	/lustre1/g/aos_shihuang/data/gtdb-r207/genomes_all/GCA_002509225.1.fna
GCA_002509405.1	GCA_002498365.1	0.85-0.9	p__Thermoplasmatota	0.8932	/lustre1/g/aos_shihuang/data/gtdb-r207/genomes_all/GCA_002509405.1.fna	/lustre1/g/aos_shihuang/data/gtdb-r207/genomes_all/GCA_002498365.1.fna
GCA_002713585.1	GCA_002497905.1	0.85-0.9	p__Thermoplasmatota	0.8875	/lustre1/g/aos_shihuang/data/gtdb-r207/genomes_all/GCA_002713585.1.fna	/lustre1/g/aos_shihuang/data/gtdb-r207/genomes_all/GCA_002497905.1.fna
GCA_011620825.1	GCA_002505345.1	0.85-0.9	p__Thermoplasmatota	0.8549	/lustre1/g/aos_shihuang/data/gtdb-r207/genomes_all/GCA_011620825.1.fna	/lustre1/g/aos_shihuang/data/gtdb-r207/genomes_all/GCA_002505345.1.fna
GCA_015520565.1	GCA_015523135.1	0.85-0.9	p__Thermoplasmatota	0.8922	/lustre1/g/aos_shihuang/data/gtdb-r207/genomes_all/GCA_015520565.1.fna	/lustre1/g/aos_shihuang/data/gtdb-r207/genomes_all/GCA_015523135.1.fna
GCA_002502965.1	GCA_002506255.1	0.85-0.9	p__Thermoplasmatota	0.8685	/lustre1/g/aos_shihuang/data/gtdb-r207/genomes_all/GCA_002502965.1.fna	/lustre1/g/aos_shihuang/data/gtdb-r207/genomes_all/GCA_002506255.1.fna
GCA_015063185.1	GCA_017508065.1	0.85-0.9	p__Thermoplasmatota	0.8592	/lustre1/g/aos_shihuang/data/gtdb-r207/genomes_all/GCA_015063185.1.fna	/lustre1/g/aos_shihuang/data/gtdb-r207/genomes_all/GCA_017508065.1.fna
GCA_013330765.1	GCA_013330925.1	0.85-0.9	p__Thermoplasmatota	0.8712	/lustre1/g/aos_shihuang/data/gtdb-r207/genomes_all/GCA_013330765.1.fna	/lustre1/g/aos_shihuang/data/gtdb-r207/genomes_all/GCA_013330925.1.fna
GCA_002505325.1	GCA_014240285.1	0.85-0.9	p__Thermoplasmatota	0.8602	/lustre1/g/aos_shihuang/data/gtdb-r207/genomes_all/GCA_002505325.1.fna	/lustre1/g/aos_shihuang/data/gtdb-r207/genomes_all/GCA_014240285.1.fna
GCA_002457605.1	GCA_002495735.1	0.85-0.9	p__Thermoplasmatota	0.8841	/lustre1/g/aos_shihuang/data/gtdb-r207/genomes_all/GCA_002457605.1.fna	/lustre1/g/aos_shihuang/data/gtdb-r207/genomes_all/GCA_002495735.1.fna
GCA_002507175.1	GCA_002495675.1	0.85-0.9	p__Thermoplasmatota	0.8956	/lustre1/g/aos_shihuang/data/gtdb-r207/genomes_all/GCA_002507175.1.fna	/lustre1/g/aos_shihuang/data/gtdb-r207/genomes_all/GCA_002495675.1.fna
GCA_002719395.1	GCA_002699425.1	0.85-0.9	p__Thermoplasmatota	0.8624	/lustre1/g/aos_shihuang/data/gtdb-r207/genomes_all/GCA_002719395.1.fna	/lustre1/g/aos_shihuang/data/gtdb-r207/genomes_all/GCA_002699425.1.fna
GCA_011334735.1	GCA_014361295.1	0.85-0.9	p__Thermoplasmatota	0.8949	/lustre1/g/aos_shihuang/data/gtdb-r207/genomes_all/GCA_011334735.1.fna	/lustre1/g/aos_shihuang/data/gtdb-r207/genomes_all/GCA_014361295.1.fna
GCA_001800675.1	GCA_001800815.1	0.85-0.9	p__Thermoplasmatota	0.8569	/lustre1/g/aos_shihuang/data/gtdb-r207/genomes_all/GCA_001800675.1.fna	/lustre1/g/aos_shihuang/data/gtdb-r207/genomes_all/GCA_001800815.1.fna
GCA_000484975.1	GCA_016784625.1	0.85-0.9	p__Thermoproteota	0.8690	/lustre1/g/aos_shihuang/data/gtdb-r207/genomes_all/GCA_000484975.1.fna	/lustre1/g/aos_shihuang/data/gtdb-r207/genomes_all/GCA_016784625.1.fna
GCA_018396515.1	GCA_018396865.1	0.85-0.9	p__Thermoproteota	0.8753	/lustre1/g/aos_shihuang/data/gtdb-r207/genomes_all/GCA_018396515.1.fna	/lustre1/g/aos_shihuang/data/gtdb-r207/genomes_all/GCA_018396865.1.fna
GCA_001316285.1	GCA_001316005.1	0.85-0.9	p__Thermoproteota	0.8556	/lustre1/g/aos_shihuang/data/gtdb-r207/genomes_all/GCA_001316285.1.fna	/lustre1/g/aos_shihuang/data/gtdb-r207/genomes_all/GCA_001316005.1.fna
GCA_014523525.1	GCA_014523495.1	0.85-0.9	p__Thermoproteota	0.8531	/lustre1/g/aos_shihuang/data/gtdb-r207/genomes_all/GCA_014523525.1.fna	/lustre1/g/aos_shihuang/data/gtdb-r207/genomes_all/GCA_014523495.1.fna
GCA_003096255.1	GCA_016930555.1	0.85-0.9	p__Thermoproteota	0.8586	/lustre1/g/aos_shihuang/data/gtdb-r207/genomes_all/GCA_003096255.1.fna	/lustre1/g/aos_shihuang/data/gtdb-r207/genomes_all/GCA_016930555.1.fna
GCF_900248165.1	GCA_013538675.1	0.85-0.9	p__Thermoproteota	0.8570	/lustre1/g/aos_shihuang/data/gtdb-r207/genomes_all/GCF_900248165.1.fna	/lustre1/g/aos_shihuang/data/gtdb-r207/genomes_all/GCA_013538675.1.fna
GCA_011355205.1	GCA_018396915.1	0.85-0.9	p__Thermoproteota	0.8873	/lustre1/g/aos_shihuang/data/gtdb-r207/genomes_all/GCA_011355205.1.fna	/lustre1/g/aos_shihuang/data/gtdb-r207/genomes_all/GCA_018396915.1.fna
GCA_016201435.1	GCA_005877305.1	0.85-0.9	p__Thermoproteota	0.8566	/lustre1/g/aos_shihuang/data/gtdb-r207/genomes_all/GCA_016201435.1.fna	/lustre1/g/aos_shihuang/data/gtdb-r207/genomes_all/GCA_005877305.1.fna
GCA_002506515.1	GCF_000018305.1	0.85-0.9	p__Thermoproteota	0.8662	/lustre1/g/aos_shihuang/data/gtdb-r207/genomes_all/GCA_002506515.1.fna	/lustre1/g/aos_shihuang/data/gtdb-r207/genomes_all/GCF_000018305.1.fna
GCA_002508315.1	GCA_001315925.1	0.85-0.9	p__Thermoproteota	0.8769	/lustre1/g/aos_shihuang/data/gtdb-r207/genomes_all/GCA_002508315.1.fna	/lustre1/g/aos_shihuang/data/gtdb-r207/genomes_all/GCA_001315925.1.fna
GCA_005877365.1	GCA_005877185.1	0.85-0.9	p__Thermoproteota	0.8943	/lustre1/g/aos_shihuang/data/gtdb-r207/genomes_all/GCA_005877365.1.fna	/lustre1/g/aos_shihuang/data/gtdb-r207/genomes_all/GCA_005877185.1.fna
GCA_004347955.1	GCA_014361445.1	0.85-0.9	p__Thermoproteota	0.8958	/lustre1/g/aos_shihuang/data/gtdb-r207/genomes_all/GCA_004347955.1.fna	/lustre1/g/aos_shihuang/data/gtdb-r207/genomes_all/GCA_014361445.1.fna
GCA_003724275.1	GCA_007570915.1	0.85-0.9	p__Thermoproteota	0.8892	/lustre1/g/aos_shihuang/data/gtdb-r207/genomes_all/GCA_003724275.1.fna	/lustre1/g/aos_shihuang/data/gtdb-r207/genomes_all/GCA_007570915.1.fna
GCA_013694585.1	GCA_009379865.1	0.85-0.9	p__Thermoproteota	0.8921	/lustre1/g/aos_shihuang/data/gtdb-r207/genomes_all/GCA_013694585.1.fna	/lustre1/g/aos_shihuang/data/gtdb-r207/genomes_all/GCA_009379865.1.fna
GCA_011362965.1	GCA_014361445.1	0.85-0.9	p__Thermoproteota	0.8948	/lustre1/g/aos_shihuang/data/gtdb-r207/genomes_all/GCA_011362965.1.fna	/lustre1/g/aos_shihuang/data/gtdb-r207/genomes_all/GCA_014361445.1.fna
GCA_005877225.1	GCA_005877185.1	0.85-0.9	p__Thermoproteota	0.8786	/lustre1/g/aos_shihuang/data/gtdb-r207/genomes_all/GCA_005877225.1.fna	/lustre1/g/aos_shihuang/data/gtdb-r207/genomes_all/GCA_005877185.1.fna
GCA_011375535.1	GCA_011373125.1	0.85-0.9	p__Thermoproteota	0.8683	/lustre1/g/aos_shihuang/data/gtdb-r207/genomes_all/GCA_011375535.1.fna	/lustre1/g/aos_shihuang/data/gtdb-r207/genomes_all/GCA_011373125.1.fna
GCF_000015945.1	GCF_000092465.1	0.85-0.9	p__Thermoproteota	0.8753	/lustre1/g/aos_shihuang/data/gtdb-r207/genomes_all/GCF_000015945.1.fna	/lustre1/g/aos_shihuang/data/gtdb-r207/genomes_all/GCF_000092465.1.fna
GCF_009601705.1	GCF_019175345.1	0.85-0.9	p__Thermoproteota	0.8823	/lustre1/g/aos_shihuang/data/gtdb-r207/genomes_all/GCF_009601705.1.fna	/lustre1/g/aos_shihuang/data/gtdb-r207/genomes_all/GCF_019175345.1.fna
GCA_013154355.1	GCA_013153895.1	0.85-0.9	p__Thermoproteota	0.8644	/lustre1/g/aos_shihuang/data/gtdb-r207/genomes_all/GCA_013154355.1.fna	/lustre1/g/aos_shihuang/data/gtdb-r207/genomes_all/GCA_013153895.1.fna
GCA_001918765.1	GCA_005881615.1	0.85-0.9	p__Thermoproteota	0.8515	/lustre1/g/aos_shihuang/data/gtdb-r207/genomes_all/GCA_001918765.1.fna	/lustre1/g/aos_shihuang/data/gtdb-r207/genomes_all/GCA_005881615.1.fna
GCA_005881615.1	GCA_005884195.1	0.85-0.9	p__Thermoproteota	0.8734	/lustre1/g/aos_shihuang/data/gtdb-r207/genomes_all/GCA_005881615.1.fna	/lustre1/g/aos_shihuang/data/gtdb-r207/genomes_all/GCA_005884195.1.fna
GCA_011338225.1	GCA_018396815.1	0.85-0.9	p__Thermoproteota	0.8564	/lustre1/g/aos_shihuang/data/gtdb-r207/genomes_all/GCA_011338225.1.fna	/lustre1/g/aos_shihuang/data/gtdb-r207/genomes_all/GCA_018396815.1.fna
GCA_016871975.1	GCA_016176745.1	0.85-0.9	p__Thermoproteota	0.8854	/lustre1/g/aos_shihuang/data/gtdb-r207/genomes_all/GCA_016871975.1.fna	/lustre1/g/aos_shihuang/data/gtdb-r207/genomes_all/GCA_016176745.1.fna
GCA_018397055.1	GCA_018397065.1	0.85-0.9	p__Thermoproteota	0.8651	/lustre1/g/aos_shihuang/data/gtdb-r207/genomes_all/GCA_018397055.1.fna	/lustre1/g/aos_shihuang/data/gtdb-r207/genomes_all/GCA_018397065.1.fna
GCA_011055275.1	GCA_002507085.1	0.85-0.9	p__Thermoproteota	0.8662	/lustre1/g/aos_shihuang/data/gtdb-r207/genomes_all/GCA_011055275.1.fna	/lustre1/g/aos_shihuang/data/gtdb-r207/genomes_all/GCA_002507085.1.fna
GCA_012030815.1	GCA_005798405.1	0.85-0.9	p__Thermoproteota	0.8682	/lustre1/g/aos_shihuang/data/gtdb-r207/genomes_all/GCA_012030815.1.fna	/lustre1/g/aos_shihuang/data/gtdb-r207/genomes_all/GCA_005798405.1.fna
GCA_011375845.1	GCA_011337925.1	0.85-0.9	p__Thermoproteota	0.8692	/lustre1/g/aos_shihuang/data/gtdb-r207/genomes_all/GCA_011375845.1.fna	/lustre1/g/aos_shihuang/data/gtdb-r207/genomes_all/GCA_011337925.1.fna
GCA_011355205.1	GCA_018396565.1	0.85-0.9	p__Thermoproteota	0.8817	/lustre1/g/aos_shihuang/data/gtdb-r207/genomes_all/GCA_011355205.1.fna	/lustre1/g/aos_shihuang/data/gtdb-r207/genomes_all/GCA_018396565.1.fna
GCA_004297665.1	GCA_003569705.1	0.85-0.9	p__Thermoproteota	0.8949	/lustre1/g/aos_shihuang/data/gtdb-r207/genomes_all/GCA_004297665.1.fna	/lustre1/g/aos_shihuang/data/gtdb-r207/genomes_all/GCA_003569705.1.fna
GCA_009379865.1	GCF_007826885.1	0.85-0.9	p__Thermoproteota	0.8867	/lustre1/g/aos_shihuang/data/gtdb-r207/genomes_all/GCA_009379865.1.fna	/lustre1/g/aos_shihuang/data/gtdb-r207/genomes_all/GCF_007826885.1.fna
GCF_011057715.1	GCF_016908145.1	0.85-0.9	p__Thermotogota	0.8622	/lustre1/g/aos_shihuang/data/gtdb-r207/genomes_all/GCF_011057715.1.fna	/lustre1/g/aos_shihuang/data/gtdb-r207/genomes_all/GCF_016908145.1.fna
GCA_015489955.1	GCF_000745455.1	0.85-0.9	p__Thermotogota	0.8799	/lustre1/g/aos_shihuang/data/gtdb-r207/genomes_all/GCA_015489955.1.fna	/lustre1/g/aos_shihuang/data/gtdb-r207/genomes_all/GCF_000745455.1.fna
GCA_002878315.1	GCF_009936215.1	0.85-0.9	p__Thermotogota	0.8631	/lustre1/g/aos_shihuang/data/gtdb-r207/genomes_all/GCA_002878315.1.fna	/lustre1/g/aos_shihuang/data/gtdb-r207/genomes_all/GCF_009936215.1.fna
GCA_017616555.1	GCA_017539325.1	0.85-0.9	p__UBA3054	0.8732	/lustre1/g/aos_shihuang/data/gtdb-r207/genomes_all/GCA_017616555.1.fna	/lustre1/g/aos_shihuang/data/gtdb-r207/genomes_all/GCA_017539325.1.fna
GCA_017649705.1	GCA_017650925.1	0.85-0.9	p__UBA3054	0.8734	/lustre1/g/aos_shihuang/data/gtdb-r207/genomes_all/GCA_017649705.1.fna	/lustre1/g/aos_shihuang/data/gtdb-r207/genomes_all/GCA_017650925.1.fna
GCA_017538635.1	GCA_017554565.1	0.85-0.9	p__UBA3054	0.8884	/lustre1/g/aos_shihuang/data/gtdb-r207/genomes_all/GCA_017538635.1.fna	/lustre1/g/aos_shihuang/data/gtdb-r207/genomes_all/GCA_017554565.1.fna
GCA_011773355.1	GCA_009619095.1	0.85-0.9	p__UBA6262	0.8518	/lustre1/g/aos_shihuang/data/gtdb-r207/genomes_all/GCA_011773355.1.fna	/lustre1/g/aos_shihuang/data/gtdb-r207/genomes_all/GCA_009619095.1.fna
GCA_009839615.1	GCA_002238965.1	0.85-0.9	p__UBA8248	0.8896	/lustre1/g/aos_shihuang/data/gtdb-r207/genomes_all/GCA_009839615.1.fna	/lustre1/g/aos_shihuang/data/gtdb-r207/genomes_all/GCA_002238965.1.fna
GCA_016192135.1	GCA_001790955.1	0.85-0.9	p__UBA8248	0.8553	/lustre1/g/aos_shihuang/data/gtdb-r207/genomes_all/GCA_016192135.1.fna	/lustre1/g/aos_shihuang/data/gtdb-r207/genomes_all/GCA_001790955.1.fna
GCA_016184445.1	GCA_016192135.1	0.85-0.9	p__UBA8248	0.8791	/lustre1/g/aos_shihuang/data/gtdb-r207/genomes_all/GCA_016184445.1.fna	/lustre1/g/aos_shihuang/data/gtdb-r207/genomes_all/GCA_016192135.1.fna
GCA_002310995.1	GCA_017645765.1	0.85-0.9	p__UBP6	0.8656	/lustre1/g/aos_shihuang/data/gtdb-r207/genomes_all/GCA_002310995.1.fna	/lustre1/g/aos_shihuang/data/gtdb-r207/genomes_all/GCA_017645765.1.fna
GCA_002716355.1	GCA_002501535.1	0.85-0.9	p__UBP7	0.8738	/lustre1/g/aos_shihuang/data/gtdb-r207/genomes_all/GCA_002716355.1.fna	/lustre1/g/aos_shihuang/data/gtdb-r207/genomes_all/GCA_002501535.1.fna
GCA_002687935.1	GCA_014189675.1	0.85-0.9	p__Undinarchaeota	0.8630	/lustre1/g/aos_shihuang/data/gtdb-r207/genomes_all/GCA_002687935.1.fna	/lustre1/g/aos_shihuang/data/gtdb-r207/genomes_all/GCA_014189675.1.fna
GCA_002687935.1	GCA_002495465.1	0.85-0.9	p__Undinarchaeota	0.8600	/lustre1/g/aos_shihuang/data/gtdb-r207/genomes_all/GCA_002687935.1.fna	/lustre1/g/aos_shihuang/data/gtdb-r207/genomes_all/GCA_002495465.1.fna
GCA_015660155.1	GCA_014382585.1	0.85-0.9	p__Verrucomicrobiota	0.8727	/lustre1/g/aos_shihuang/data/gtdb-r207/genomes_all/GCA_015660155.1.fna	/lustre1/g/aos_shihuang/data/gtdb-r207/genomes_all/GCA_014382585.1.fna
GCA_018695085.1	GCA_905612515.1	0.85-0.9	p__Verrucomicrobiota	0.8967	/lustre1/g/aos_shihuang/data/gtdb-r207/genomes_all/GCA_018695085.1.fna	/lustre1/g/aos_shihuang/data/gtdb-r207/genomes_all/GCA_905612515.1.fna
GCA_002730975.1	GCA_018695085.1	0.85-0.9	p__Verrucomicrobiota	0.8927	/lustre1/g/aos_shihuang/data/gtdb-r207/genomes_all/GCA_002730975.1.fna	/lustre1/g/aos_shihuang/data/gtdb-r207/genomes_all/GCA_018695085.1.fna
GCA_003445855.1	GCA_003219195.1	0.85-0.9	p__Verrucomicrobiota	0.8839	/lustre1/g/aos_shihuang/data/gtdb-r207/genomes_all/GCA_003445855.1.fna	/lustre1/g/aos_shihuang/data/gtdb-r207/genomes_all/GCA_003219195.1.fna
GCA_900320095.1	GCA_017963105.1	0.85-0.9	p__Verrucomicrobiota	0.8887	/lustre1/g/aos_shihuang/data/gtdb-r207/genomes_all/GCA_900320095.1.fna	/lustre1/g/aos_shihuang/data/gtdb-r207/genomes_all/GCA_017963105.1.fna
GCA_902802585.1	GCA_016285335.1	0.85-0.9	p__Verrucomicrobiota	0.8683	/lustre1/g/aos_shihuang/data/gtdb-r207/genomes_all/GCA_902802585.1.fna	/lustre1/g/aos_shihuang/data/gtdb-r207/genomes_all/GCA_016285335.1.fna
GCA_902802585.1	GCA_902762495.1	0.85-0.9	p__Verrucomicrobiota	0.8904	/lustre1/g/aos_shihuang/data/gtdb-r207/genomes_all/GCA_902802585.1.fna	/lustre1/g/aos_shihuang/data/gtdb-r207/genomes_all/GCA_902762495.1.fna
GCA_014382585.1	GCA_014239365.1	0.85-0.9	p__Verrucomicrobiota	0.8858	/lustre1/g/aos_shihuang/data/gtdb-r207/genomes_all/GCA_014382585.1.fna	/lustre1/g/aos_shihuang/data/gtdb-r207/genomes_all/GCA_014239365.1.fna
GCA_003567805.1	GCA_007129405.1	0.85-0.9	p__Verrucomicrobiota	0.8707	/lustre1/g/aos_shihuang/data/gtdb-r207/genomes_all/GCA_003567805.1.fna	/lustre1/g/aos_shihuang/data/gtdb-r207/genomes_all/GCA_007129405.1.fna
GCA_002708005.1	GCA_002684915.1	0.85-0.9	p__Verrucomicrobiota	0.8557	/lustre1/g/aos_shihuang/data/gtdb-r207/genomes_all/GCA_002708005.1.fna	/lustre1/g/aos_shihuang/data/gtdb-r207/genomes_all/GCA_002684915.1.fna
GCA_005791875.1	GCA_009695395.1	0.85-0.9	p__Verrucomicrobiota	0.8704	/lustre1/g/aos_shihuang/data/gtdb-r207/genomes_all/GCA_005791875.1.fna	/lustre1/g/aos_shihuang/data/gtdb-r207/genomes_all/GCA_009695395.1.fna
GCA_017543165.1	GCA_017450525.1	0.85-0.9	p__Verrucomicrobiota	0.8867	/lustre1/g/aos_shihuang/data/gtdb-r207/genomes_all/GCA_017543165.1.fna	/lustre1/g/aos_shihuang/data/gtdb-r207/genomes_all/GCA_017450525.1.fna
GCA_903929325.1	GCA_903957465.1	0.85-0.9	p__Verrucomicrobiota	0.8921	/lustre1/g/aos_shihuang/data/gtdb-r207/genomes_all/GCA_903929325.1.fna	/lustre1/g/aos_shihuang/data/gtdb-r207/genomes_all/GCA_903957465.1.fna
GCA_002070945.1	GCA_012799905.1	0.85-0.9	p__Verrucomicrobiota	0.8987	/lustre1/g/aos_shihuang/data/gtdb-r207/genomes_all/GCA_002070945.1.fna	/lustre1/g/aos_shihuang/data/gtdb-r207/genomes_all/GCA_012799905.1.fna
GCF_902143375.2	GCF_000379365.1	0.85-0.9	p__Verrucomicrobiota	0.8826	/lustre1/g/aos_shihuang/data/gtdb-r207/genomes_all/GCF_902143375.2.fna	/lustre1/g/aos_shihuang/data/gtdb-r207/genomes_all/GCF_000379365.1.fna
GCA_017417585.1	GCA_017525435.1	0.85-0.9	p__Verrucomicrobiota	0.8924	/lustre1/g/aos_shihuang/data/gtdb-r207/genomes_all/GCA_017417585.1.fna	/lustre1/g/aos_shihuang/data/gtdb-r207/genomes_all/GCA_017525435.1.fna
GCA_014239335.1	GCA_013213965.1	0.85-0.9	p__Verrucomicrobiota	0.8821	/lustre1/g/aos_shihuang/data/gtdb-r207/genomes_all/GCA_014239335.1.fna	/lustre1/g/aos_shihuang/data/gtdb-r207/genomes_all/GCA_013213965.1.fna
GCA_012800565.1	GCA_012515455.1	0.85-0.9	p__Verrucomicrobiota	0.8837	/lustre1/g/aos_shihuang/data/gtdb-r207/genomes_all/GCA_012800565.1.fna	/lustre1/g/aos_shihuang/data/gtdb-r207/genomes_all/GCA_012515455.1.fna
GCA_017629515.1	GCA_017504325.1	0.85-0.9	p__Verrucomicrobiota	0.8714	/lustre1/g/aos_shihuang/data/gtdb-r207/genomes_all/GCA_017629515.1.fna	/lustre1/g/aos_shihuang/data/gtdb-r207/genomes_all/GCA_017504325.1.fna
GCA_003134375.1	GCA_003161635.1	0.85-0.9	p__Verrucomicrobiota	0.8641	/lustre1/g/aos_shihuang/data/gtdb-r207/genomes_all/GCA_003134375.1.fna	/lustre1/g/aos_shihuang/data/gtdb-r207/genomes_all/GCA_003161635.1.fna
GCA_015061915.1	GCA_017623265.1	0.85-0.9	p__Verrucomicrobiota	0.8982	/lustre1/g/aos_shihuang/data/gtdb-r207/genomes_all/GCA_015061915.1.fna	/lustre1/g/aos_shihuang/data/gtdb-r207/genomes_all/GCA_017623265.1.fna
GCA_007134215.1	GCA_007123395.1	0.85-0.9	p__Verrucomicrobiota	0.8519	/lustre1/g/aos_shihuang/data/gtdb-r207/genomes_all/GCA_007134215.1.fna	/lustre1/g/aos_shihuang/data/gtdb-r207/genomes_all/GCA_007123395.1.fna
GCF_001613545.1	GCA_017305195.1	0.85-0.9	p__Verrucomicrobiota	0.8719	/lustre1/g/aos_shihuang/data/gtdb-r207/genomes_all/GCF_001613545.1.fna	/lustre1/g/aos_shihuang/data/gtdb-r207/genomes_all/GCA_017305195.1.fna
GCA_017479315.1	GCA_016286235.1	0.85-0.9	p__Verrucomicrobiota	0.8869	/lustre1/g/aos_shihuang/data/gtdb-r207/genomes_all/GCA_017479315.1.fna	/lustre1/g/aos_shihuang/data/gtdb-r207/genomes_all/GCA_016286235.1.fna
GCA_900547395.1	GCA_017629765.1	0.85-0.9	p__Verrucomicrobiota	0.8943	/lustre1/g/aos_shihuang/data/gtdb-r207/genomes_all/GCA_900547395.1.fna	/lustre1/g/aos_shihuang/data/gtdb-r207/genomes_all/GCA_017629765.1.fna
GCA_017613085.1	GCA_017962315.1	0.85-0.9	p__Verrucomicrobiota	0.8562	/lustre1/g/aos_shihuang/data/gtdb-r207/genomes_all/GCA_017613085.1.fna	/lustre1/g/aos_shihuang/data/gtdb-r207/genomes_all/GCA_017962315.1.fna
GCF_000172155.1	GCA_000739635.1	0.85-0.9	p__Verrucomicrobiota	0.8907	/lustre1/g/aos_shihuang/data/gtdb-r207/genomes_all/GCF_000172155.1.fna	/lustre1/g/aos_shihuang/data/gtdb-r207/genomes_all/GCA_000739635.1.fna
GCA_017615955.1	GCA_017543165.1	0.85-0.9	p__Verrucomicrobiota	0.8786	/lustre1/g/aos_shihuang/data/gtdb-r207/genomes_all/GCA_017615955.1.fna	/lustre1/g/aos_shihuang/data/gtdb-r207/genomes_all/GCA_017543165.1.fna
GCA_018402585.1	GCA_903934135.1	0.85-0.9	p__Verrucomicrobiota	0.8721	/lustre1/g/aos_shihuang/data/gtdb-r207/genomes_all/GCA_018402585.1.fna	/lustre1/g/aos_shihuang/data/gtdb-r207/genomes_all/GCA_903934135.1.fna
GCA_002387565.1	GCA_002386905.1	0.85-0.9	p__Verrucomicrobiota	0.8512	/lustre1/g/aos_shihuang/data/gtdb-r207/genomes_all/GCA_002387565.1.fna	/lustre1/g/aos_shihuang/data/gtdb-r207/genomes_all/GCA_002386905.1.fna
GCA_903869675.1	GCA_010027235.1	0.85-0.9	p__Verrucomicrobiota	0.8597	/lustre1/g/aos_shihuang/data/gtdb-r207/genomes_all/GCA_903869675.1.fna	/lustre1/g/aos_shihuang/data/gtdb-r207/genomes_all/GCA_010027235.1.fna
GCA_903896925.1	GCA_903912445.1	0.85-0.9	p__Verrucomicrobiota	0.8612	/lustre1/g/aos_shihuang/data/gtdb-r207/genomes_all/GCA_903896925.1.fna	/lustre1/g/aos_shihuang/data/gtdb-r207/genomes_all/GCA_903912445.1.fna
GCA_902591645.1	GCA_014239335.1	0.85-0.9	p__Verrucomicrobiota	0.8760	/lustre1/g/aos_shihuang/data/gtdb-r207/genomes_all/GCA_902591645.1.fna	/lustre1/g/aos_shihuang/data/gtdb-r207/genomes_all/GCA_014239335.1.fna
GCA_903840235.1	GCA_903859115.1	0.85-0.9	p__Verrucomicrobiota	0.8773	/lustre1/g/aos_shihuang/data/gtdb-r207/genomes_all/GCA_903840235.1.fna	/lustre1/g/aos_shihuang/data/gtdb-r207/genomes_all/GCA_903859115.1.fna
GCA_011523245.1	GCA_003517285.1	0.85-0.9	p__Verrucomicrobiota	0.8893	/lustre1/g/aos_shihuang/data/gtdb-r207/genomes_all/GCA_011523245.1.fna	/lustre1/g/aos_shihuang/data/gtdb-r207/genomes_all/GCA_003517285.1.fna
GCA_003219995.1	GCA_003219195.1	0.85-0.9	p__Verrucomicrobiota	0.8811	/lustre1/g/aos_shihuang/data/gtdb-r207/genomes_all/GCA_003219995.1.fna	/lustre1/g/aos_shihuang/data/gtdb-r207/genomes_all/GCA_003219195.1.fna
GCA_019233825.1	GCA_019236035.1	0.85-0.9	p__Verrucomicrobiota	0.8725	/lustre1/g/aos_shihuang/data/gtdb-r207/genomes_all/GCA_019233825.1.fna	/lustre1/g/aos_shihuang/data/gtdb-r207/genomes_all/GCA_019236035.1.fna
GCA_019239825.1	GCA_019237325.1	0.85-0.9	p__Verrucomicrobiota	0.8650	/lustre1/g/aos_shihuang/data/gtdb-r207/genomes_all/GCA_019239825.1.fna	/lustre1/g/aos_shihuang/data/gtdb-r207/genomes_all/GCA_019237325.1.fna
GCA_014239365.1	GCA_015660155.1	0.85-0.9	p__Verrucomicrobiota	0.8900	/lustre1/g/aos_shihuang/data/gtdb-r207/genomes_all/GCA_014239365.1.fna	/lustre1/g/aos_shihuang/data/gtdb-r207/genomes_all/GCA_015660155.1.fna
GCA_017525435.1	GCA_017617415.1	0.85-0.9	p__Verrucomicrobiota	0.8775	/lustre1/g/aos_shihuang/data/gtdb-r207/genomes_all/GCA_017525435.1.fna	/lustre1/g/aos_shihuang/data/gtdb-r207/genomes_all/GCA_017617415.1.fna
GCA_001508335.1	GCA_002441125.1	0.85-0.9	p__WOR-3	0.8801	/lustre1/g/aos_shihuang/data/gtdb-r207/genomes_all/GCA_001508335.1.fna	/lustre1/g/aos_shihuang/data/gtdb-r207/genomes_all/GCA_002441125.1.fna
GCA_903903945.1	GCA_903930455.1	0.85-0.9	p__Zixibacteria	0.8876	/lustre1/g/aos_shihuang/data/gtdb-r207/genomes_all/GCA_903903945.1.fna	/lustre1/g/aos_shihuang/data/gtdb-r207/genomes_all/GCA_903930455.1.fna
GCA_011056555.1	GCA_011777135.1	0.85-0.9	p__Zixibacteria	0.8510	/lustre1/g/aos_shihuang/data/gtdb-r207/genomes_all/GCA_011056555.1.fna	/lustre1/g/aos_shihuang/data/gtdb-r207/genomes_all/GCA_011777135.1.fna
GCA_002714165.1	GCA_002717745.1	0.9-0.95	p__Acidobacteriota	0.9075	/lustre1/g/aos_shihuang/data/gtdb-r207/genomes_all/GCA_002714165.1.fna	/lustre1/g/aos_shihuang/data/gtdb-r207/genomes_all/GCA_002717745.1.fna
GCA_002730735.1	GCA_002717745.1	0.9-0.95	p__Acidobacteriota	0.9085	/lustre1/g/aos_shihuang/data/gtdb-r207/genomes_all/GCA_002730735.1.fna	/lustre1/g/aos_shihuang/data/gtdb-r207/genomes_all/GCA_002717745.1.fna
GCA_013361705.1	GCF_008000815.1	0.9-0.95	p__Acidobacteriota	0.9038	/lustre1/g/aos_shihuang/data/gtdb-r207/genomes_all/GCA_013361705.1.fna	/lustre1/g/aos_shihuang/data/gtdb-r207/genomes_all/GCF_008000815.1.fna
GCA_011053475.1	GCA_011333465.1	0.9-0.95	p__Acidobacteriota	0.9162	/lustre1/g/aos_shihuang/data/gtdb-r207/genomes_all/GCA_011053475.1.fna	/lustre1/g/aos_shihuang/data/gtdb-r207/genomes_all/GCA_011333465.1.fna
GCA_001766965.1	GCA_011055645.1	0.9-0.95	p__Acidobacteriota	0.9174	/lustre1/g/aos_shihuang/data/gtdb-r207/genomes_all/GCA_001766965.1.fna	/lustre1/g/aos_shihuang/data/gtdb-r207/genomes_all/GCA_011055645.1.fna
GCA_002730735.1	GCA_002714165.1	0.9-0.95	p__Acidobacteriota	0.9423	/lustre1/g/aos_shihuang/data/gtdb-r207/genomes_all/GCA_002730735.1.fna	/lustre1/g/aos_shihuang/data/gtdb-r207/genomes_all/GCA_002714165.1.fna
GCA_016934555.1	GCA_012729555.1	0.9-0.95	p__Acidobacteriota	0.9381	/lustre1/g/aos_shihuang/data/gtdb-r207/genomes_all/GCA_016934555.1.fna	/lustre1/g/aos_shihuang/data/gtdb-r207/genomes_all/GCA_012729555.1.fna
GCA_012517875.1	GCA_017996395.1	0.9-0.95	p__Acidobacteriota	0.9192	/lustre1/g/aos_shihuang/data/gtdb-r207/genomes_all/GCA_012517875.1.fna	/lustre1/g/aos_shihuang/data/gtdb-r207/genomes_all/GCA_017996395.1.fna
GCA_002923315.1	GCA_002898775.1	0.9-0.95	p__Acidobacteriota	0.9140	/lustre1/g/aos_shihuang/data/gtdb-r207/genomes_all/GCA_002923315.1.fna	/lustre1/g/aos_shihuang/data/gtdb-r207/genomes_all/GCA_002898775.1.fna
GCA_017304135.1	GCA_016713735.1	0.9-0.95	p__Acidobacteriota	0.9168	/lustre1/g/aos_shihuang/data/gtdb-r207/genomes_all/GCA_017304135.1.fna	/lustre1/g/aos_shihuang/data/gtdb-r207/genomes_all/GCA_016713735.1.fna
GCA_002714165.1	GCA_002720285.1	0.9-0.95	p__Acidobacteriota	0.9495	/lustre1/g/aos_shihuang/data/gtdb-r207/genomes_all/GCA_002714165.1.fna	/lustre1/g/aos_shihuang/data/gtdb-r207/genomes_all/GCA_002720285.1.fna
GCA_003162425.1	GCA_003166875.1	0.9-0.95	p__Acidobacteriota	0.9398	/lustre1/g/aos_shihuang/data/gtdb-r207/genomes_all/GCA_003162425.1.fna	/lustre1/g/aos_shihuang/data/gtdb-r207/genomes_all/GCA_003166875.1.fna
GCA_011333575.1	GCF_000022565.1	0.9-0.95	p__Acidobacteriota	0.9169	/lustre1/g/aos_shihuang/data/gtdb-r207/genomes_all/GCA_011333575.1.fna	/lustre1/g/aos_shihuang/data/gtdb-r207/genomes_all/GCF_000022565.1.fna
GCA_002696705.1	GCA_003509065.1	0.9-0.95	p__Acidobacteriota	0.9415	/lustre1/g/aos_shihuang/data/gtdb-r207/genomes_all/GCA_002696705.1.fna	/lustre1/g/aos_shihuang/data/gtdb-r207/genomes_all/GCA_003509065.1.fna
GCA_009836625.1	GCA_009843505.1	0.9-0.95	p__Acidobacteriota	0.9210	/lustre1/g/aos_shihuang/data/gtdb-r207/genomes_all/GCA_009836625.1.fna	/lustre1/g/aos_shihuang/data/gtdb-r207/genomes_all/GCA_009843505.1.fna
GCF_014203225.1	GCF_000178955.2	0.9-0.95	p__Acidobacteriota	0.9357	/lustre1/g/aos_shihuang/data/gtdb-r207/genomes_all/GCF_014203225.1.fna	/lustre1/g/aos_shihuang/data/gtdb-r207/genomes_all/GCF_000178955.2.fna
GCA_009841225.1	GCA_009838515.1	0.9-0.95	p__Acidobacteriota	0.9304	/lustre1/g/aos_shihuang/data/gtdb-r207/genomes_all/GCA_009841225.1.fna	/lustre1/g/aos_shihuang/data/gtdb-r207/genomes_all/GCA_009838515.1.fna
GCA_002730525.1	GCA_002328835.1	0.9-0.95	p__Acidobacteriota	0.9078	/lustre1/g/aos_shihuang/data/gtdb-r207/genomes_all/GCA_002730525.1.fna	/lustre1/g/aos_shihuang/data/gtdb-r207/genomes_all/GCA_002328835.1.fna
GCA_009861545.1	GCA_011523485.1	0.9-0.95	p__Acidobacteriota	0.9455	/lustre1/g/aos_shihuang/data/gtdb-r207/genomes_all/GCA_009861545.1.fna	/lustre1/g/aos_shihuang/data/gtdb-r207/genomes_all/GCA_011523485.1.fna
GCF_001570525.1	GCF_001570585.1	0.9-0.95	p__Actinobacteriota	0.9453	/lustre1/g/aos_shihuang/data/gtdb-r207/genomes_all/GCF_001570525.1.fna	/lustre1/g/aos_shihuang/data/gtdb-r207/genomes_all/GCF_001570585.1.fna
GCA_013816105.1	GCA_013817655.1	0.9-0.95	p__Actinobacteriota	0.9322	/lustre1/g/aos_shihuang/data/gtdb-r207/genomes_all/GCA_013816105.1.fna	/lustre1/g/aos_shihuang/data/gtdb-r207/genomes_all/GCA_013817655.1.fna
GCF_001984125.1	GCF_900167575.1	0.9-0.95	p__Actinobacteriota	0.9324	/lustre1/g/aos_shihuang/data/gtdb-r207/genomes_all/GCF_001984125.1.fna	/lustre1/g/aos_shihuang/data/gtdb-r207/genomes_all/GCF_900167575.1.fna
GCF_000718085.1	GCF_003667575.1	0.9-0.95	p__Actinobacteriota	0.9312	/lustre1/g/aos_shihuang/data/gtdb-r207/genomes_all/GCF_000718085.1.fna	/lustre1/g/aos_shihuang/data/gtdb-r207/genomes_all/GCF_003667575.1.fna
GCA_003553795.1	GCA_007133145.1	0.9-0.95	p__Actinobacteriota	0.9047	/lustre1/g/aos_shihuang/data/gtdb-r207/genomes_all/GCA_003553795.1.fna	/lustre1/g/aos_shihuang/data/gtdb-r207/genomes_all/GCA_007133145.1.fna
GCA_005787345.1	GCA_903827085.1	0.9-0.95	p__Actinobacteriota	0.9058	/lustre1/g/aos_shihuang/data/gtdb-r207/genomes_all/GCA_005787345.1.fna	/lustre1/g/aos_shihuang/data/gtdb-r207/genomes_all/GCA_903827085.1.fna
GCF_009695875.1	GCA_905214865.1	0.9-0.95	p__Actinobacteriota	0.9298	/lustre1/g/aos_shihuang/data/gtdb-r207/genomes_all/GCF_009695875.1.fna	/lustre1/g/aos_shihuang/data/gtdb-r207/genomes_all/GCA_905214865.1.fna
GCF_014960965.1	GCF_009805705.1	0.9-0.95	p__Actinobacteriota	0.9275	/lustre1/g/aos_shihuang/data/gtdb-r207/genomes_all/GCF_014960965.1.fna	/lustre1/g/aos_shihuang/data/gtdb-r207/genomes_all/GCF_009805705.1.fna
GCA_002729215.1	GCA_002728915.1	0.9-0.95	p__Actinobacteriota	0.9092	/lustre1/g/aos_shihuang/data/gtdb-r207/genomes_all/GCA_002729215.1.fna	/lustre1/g/aos_shihuang/data/gtdb-r207/genomes_all/GCA_002728915.1.fna
GCF_000058485.1	GCF_000262465.1	0.9-0.95	p__Actinobacteriota	0.9016	/lustre1/g/aos_shihuang/data/gtdb-r207/genomes_all/GCF_000058485.1.fna	/lustre1/g/aos_shihuang/data/gtdb-r207/genomes_all/GCF_000262465.1.fna
GCF_000062885.1	GCF_018141105.1	0.9-0.95	p__Actinobacteriota	0.9451	/lustre1/g/aos_shihuang/data/gtdb-r207/genomes_all/GCF_000062885.1.fna	/lustre1/g/aos_shihuang/data/gtdb-r207/genomes_all/GCF_018141105.1.fna
GCF_013408535.1	GCF_013407855.1	0.9-0.95	p__Actinobacteriota	0.9072	/lustre1/g/aos_shihuang/data/gtdb-r207/genomes_all/GCF_013408535.1.fna	/lustre1/g/aos_shihuang/data/gtdb-r207/genomes_all/GCF_013407855.1.fna
GCF_900116515.1	GCF_900182545.1	0.9-0.95	p__Actinobacteriota	0.9165	/lustre1/g/aos_shihuang/data/gtdb-r207/genomes_all/GCF_900116515.1.fna	/lustre1/g/aos_shihuang/data/gtdb-r207/genomes_all/GCF_900182545.1.fna
GCF_001019615.1	GCF_009708005.2	0.9-0.95	p__Actinobacteriota	0.9200	/lustre1/g/aos_shihuang/data/gtdb-r207/genomes_all/GCF_001019615.1.fna	/lustre1/g/aos_shihuang/data/gtdb-r207/genomes_all/GCF_009708005.2.fna
GCA_902364645.1	GCF_003438495.1	0.9-0.95	p__Actinobacteriota	0.9300	/lustre1/g/aos_shihuang/data/gtdb-r207/genomes_all/GCA_902364645.1.fna	/lustre1/g/aos_shihuang/data/gtdb-r207/genomes_all/GCF_003438495.1.fna
GCA_014360685.1	GCA_011337865.1	0.9-0.95	p__Actinobacteriota	0.9302	/lustre1/g/aos_shihuang/data/gtdb-r207/genomes_all/GCA_014360685.1.fna	/lustre1/g/aos_shihuang/data/gtdb-r207/genomes_all/GCA_011337865.1.fna
GCF_002240635.1	GCF_015351075.1	0.9-0.95	p__Actinobacteriota	0.9099	/lustre1/g/aos_shihuang/data/gtdb-r207/genomes_all/GCF_002240635.1.fna	/lustre1/g/aos_shihuang/data/gtdb-r207/genomes_all/GCF_015351075.1.fna
GCA_019218415.1	GCA_019218375.1	0.9-0.95	p__Actinobacteriota	0.9370	/lustre1/g/aos_shihuang/data/gtdb-r207/genomes_all/GCA_019218415.1.fna	/lustre1/g/aos_shihuang/data/gtdb-r207/genomes_all/GCA_019218375.1.fna
GCA_017413255.1	GCA_017632945.1	0.9-0.95	p__Actinobacteriota	0.9167	/lustre1/g/aos_shihuang/data/gtdb-r207/genomes_all/GCA_017413255.1.fna	/lustre1/g/aos_shihuang/data/gtdb-r207/genomes_all/GCA_017632945.1.fna
GCF_016907365.1	GCF_005937995.2	0.9-0.95	p__Actinobacteriota	0.9401	/lustre1/g/aos_shihuang/data/gtdb-r207/genomes_all/GCF_016907365.1.fna	/lustre1/g/aos_shihuang/data/gtdb-r207/genomes_all/GCF_005937995.2.fna
GCF_004217495.1	GCF_001425085.1	0.9-0.95	p__Actinobacteriota	0.9002	/lustre1/g/aos_shihuang/data/gtdb-r207/genomes_all/GCF_004217495.1.fna	/lustre1/g/aos_shihuang/data/gtdb-r207/genomes_all/GCF_001425085.1.fna
GCF_002198655.1	GCA_016213575.1	0.9-0.95	p__Actinobacteriota	0.9439	/lustre1/g/aos_shihuang/data/gtdb-r207/genomes_all/GCF_002198655.1.fna	/lustre1/g/aos_shihuang/data/gtdb-r207/genomes_all/GCA_016213575.1.fna
GCA_902783175.1	GCA_900758075.1	0.9-0.95	p__Actinobacteriota	0.9476	/lustre1/g/aos_shihuang/data/gtdb-r207/genomes_all/GCA_902783175.1.fna	/lustre1/g/aos_shihuang/data/gtdb-r207/genomes_all/GCA_900758075.1.fna
GCF_000422625.1	GCF_008831045.1	0.9-0.95	p__Actinobacteriota	0.9052	/lustre1/g/aos_shihuang/data/gtdb-r207/genomes_all/GCF_000422625.1.fna	/lustre1/g/aos_shihuang/data/gtdb-r207/genomes_all/GCF_008831045.1.fna
GCA_005884515.1	GCA_005883175.1	0.9-0.95	p__Actinobacteriota	0.9217	/lustre1/g/aos_shihuang/data/gtdb-r207/genomes_all/GCA_005884515.1.fna	/lustre1/g/aos_shihuang/data/gtdb-r207/genomes_all/GCA_005883175.1.fna
GCA_014190215.1	GCA_009694465.1	0.9-0.95	p__Actinobacteriota	0.9303	/lustre1/g/aos_shihuang/data/gtdb-r207/genomes_all/GCA_014190215.1.fna	/lustre1/g/aos_shihuang/data/gtdb-r207/genomes_all/GCA_009694465.1.fna
GCA_017856815.1	GCA_903925985.1	0.9-0.95	p__Actinobacteriota	0.9128	/lustre1/g/aos_shihuang/data/gtdb-r207/genomes_all/GCA_017856815.1.fna	/lustre1/g/aos_shihuang/data/gtdb-r207/genomes_all/GCA_903925985.1.fna
GCF_014647795.1	GCF_017592555.1	0.9-0.95	p__Actinobacteriota	0.9402	/lustre1/g/aos_shihuang/data/gtdb-r207/genomes_all/GCF_014647795.1.fna	/lustre1/g/aos_shihuang/data/gtdb-r207/genomes_all/GCF_017592555.1.fna
GCF_011038975.1	GCF_013185065.1	0.9-0.95	p__Actinobacteriota	0.9388	/lustre1/g/aos_shihuang/data/gtdb-r207/genomes_all/GCF_011038975.1.fna	/lustre1/g/aos_shihuang/data/gtdb-r207/genomes_all/GCF_013185065.1.fna
GCA_009702245.1	GCA_002737595.1	0.9-0.95	p__Actinobacteriota	0.9133	/lustre1/g/aos_shihuang/data/gtdb-r207/genomes_all/GCA_009702245.1.fna	/lustre1/g/aos_shihuang/data/gtdb-r207/genomes_all/GCA_002737595.1.fna
GCF_009708215.1	GCF_902703175.1	0.9-0.95	p__Actinobacteriota	0.9401	/lustre1/g/aos_shihuang/data/gtdb-r207/genomes_all/GCF_009708215.1.fna	/lustre1/g/aos_shihuang/data/gtdb-r207/genomes_all/GCF_902703175.1.fna
GCF_009720385.1	GCF_011297335.1	0.9-0.95	p__Actinobacteriota	0.9038	/lustre1/g/aos_shihuang/data/gtdb-r207/genomes_all/GCF_009720385.1.fna	/lustre1/g/aos_shihuang/data/gtdb-r207/genomes_all/GCF_011297335.1.fna
GCA_900549745.1	GCF_015557435.1	0.9-0.95	p__Actinobacteriota	0.9192	/lustre1/g/aos_shihuang/data/gtdb-r207/genomes_all/GCA_900549745.1.fna	/lustre1/g/aos_shihuang/data/gtdb-r207/genomes_all/GCF_015557435.1.fna
GCA_012927555.1	GCA_003132125.1	0.9-0.95	p__Actinobacteriota	0.9210	/lustre1/g/aos_shihuang/data/gtdb-r207/genomes_all/GCA_012927555.1.fna	/lustre1/g/aos_shihuang/data/gtdb-r207/genomes_all/GCA_003132125.1.fna
GCA_902834555.1	GCA_900770865.1	0.9-0.95	p__Actinobacteriota	0.9149	/lustre1/g/aos_shihuang/data/gtdb-r207/genomes_all/GCA_902834555.1.fna	/lustre1/g/aos_shihuang/data/gtdb-r207/genomes_all/GCA_900770865.1.fna
GCF_014205275.1	GCF_014200435.1	0.9-0.95	p__Actinobacteriota	0.9439	/lustre1/g/aos_shihuang/data/gtdb-r207/genomes_all/GCF_014205275.1.fna	/lustre1/g/aos_shihuang/data/gtdb-r207/genomes_all/GCF_014200435.1.fna
GCF_014775655.1	GCF_001280205.1	0.9-0.95	p__Actinobacteriota	0.9198	/lustre1/g/aos_shihuang/data/gtdb-r207/genomes_all/GCF_014775655.1.fna	/lustre1/g/aos_shihuang/data/gtdb-r207/genomes_all/GCF_001280205.1.fna
GCA_018894445.1	GCA_013202875.1	0.9-0.95	p__Actinobacteriota	0.9480	/lustre1/g/aos_shihuang/data/gtdb-r207/genomes_all/GCA_018894445.1.fna	/lustre1/g/aos_shihuang/data/gtdb-r207/genomes_all/GCA_013202875.1.fna
GCF_002355395.1	GCF_004216855.1	0.9-0.95	p__Actinobacteriota	0.9426	/lustre1/g/aos_shihuang/data/gtdb-r207/genomes_all/GCF_002355395.1.fna	/lustre1/g/aos_shihuang/data/gtdb-r207/genomes_all/GCF_004216855.1.fna
GCF_013450155.1	GCF_900188115.1	0.9-0.95	p__Actinobacteriota	0.9386	/lustre1/g/aos_shihuang/data/gtdb-r207/genomes_all/GCF_013450155.1.fna	/lustre1/g/aos_shihuang/data/gtdb-r207/genomes_all/GCF_900188115.1.fna
GCA_015523085.1	GCA_015522745.1	0.9-0.95	p__Aenigmatarchaeota	0.9092	/lustre1/g/aos_shihuang/data/gtdb-r207/genomes_all/GCA_015523085.1.fna	/lustre1/g/aos_shihuang/data/gtdb-r207/genomes_all/GCA_015522745.1.fna
GCA_018304565.1	GCA_016184005.1	0.9-0.95	p__Aenigmatarchaeota	0.9384	/lustre1/g/aos_shihuang/data/gtdb-r207/genomes_all/GCA_018304565.1.fna	/lustre1/g/aos_shihuang/data/gtdb-r207/genomes_all/GCA_016184005.1.fna
GCA_000806115.1	GCA_018304605.1	0.9-0.95	p__Aenigmatarchaeota	0.9189	/lustre1/g/aos_shihuang/data/gtdb-r207/genomes_all/GCA_000806115.1.fna	/lustre1/g/aos_shihuang/data/gtdb-r207/genomes_all/GCA_018304605.1.fna
GCA_009618505.1	GCA_005223095.1	0.9-0.95	p__Aerophobota	0.9404	/lustre1/g/aos_shihuang/data/gtdb-r207/genomes_all/GCA_009618505.1.fna	/lustre1/g/aos_shihuang/data/gtdb-r207/genomes_all/GCA_005223095.1.fna
GCA_018771605.1	GCA_011054805.1	0.9-0.95	p__Aquificota	0.9428	/lustre1/g/aos_shihuang/data/gtdb-r207/genomes_all/GCA_018771605.1.fna	/lustre1/g/aos_shihuang/data/gtdb-r207/genomes_all/GCA_011054805.1.fna
GCF_900182585.1	GCA_003978105.1	0.9-0.95	p__Aquificota	0.9382	/lustre1/g/aos_shihuang/data/gtdb-r207/genomes_all/GCF_900182585.1.fna	/lustre1/g/aos_shihuang/data/gtdb-r207/genomes_all/GCA_003978105.1.fna
GCA_015491275.1	GCA_015487615.1	0.9-0.95	p__Aquificota	0.9076	/lustre1/g/aos_shihuang/data/gtdb-r207/genomes_all/GCA_015491275.1.fna	/lustre1/g/aos_shihuang/data/gtdb-r207/genomes_all/GCA_015487615.1.fna
GCF_000213785.1	GCF_000020785.1	0.9-0.95	p__Aquificota	0.9465	/lustre1/g/aos_shihuang/data/gtdb-r207/genomes_all/GCF_000213785.1.fna	/lustre1/g/aos_shihuang/data/gtdb-r207/genomes_all/GCF_000020785.1.fna
GCF_000512735.1	GCA_011375435.1	0.9-0.95	p__Aquificota	0.9355	/lustre1/g/aos_shihuang/data/gtdb-r207/genomes_all/GCF_000512735.1.fna	/lustre1/g/aos_shihuang/data/gtdb-r207/genomes_all/GCA_011375435.1.fna
GCA_002352215.1	GCA_002162095.1	0.9-0.95	p__Armatimonadota	0.9340	/lustre1/g/aos_shihuang/data/gtdb-r207/genomes_all/GCA_002352215.1.fna	/lustre1/g/aos_shihuang/data/gtdb-r207/genomes_all/GCA_002162095.1.fna
GCA_012512265.1	GCA_012841485.1	0.9-0.95	p__Armatimonadota	0.9294	/lustre1/g/aos_shihuang/data/gtdb-r207/genomes_all/GCA_012512265.1.fna	/lustre1/g/aos_shihuang/data/gtdb-r207/genomes_all/GCA_012841485.1.fna
GCA_903881535.1	GCA_903915615.1	0.9-0.95	p__Armatimonadota	0.9087	/lustre1/g/aos_shihuang/data/gtdb-r207/genomes_all/GCA_903881535.1.fna	/lustre1/g/aos_shihuang/data/gtdb-r207/genomes_all/GCA_903915615.1.fna
GCA_005222975.1	GCA_019057795.1	0.9-0.95	p__Asgardarchaeota	0.9338	/lustre1/g/aos_shihuang/data/gtdb-r207/genomes_all/GCA_005222975.1.fna	/lustre1/g/aos_shihuang/data/gtdb-r207/genomes_all/GCA_019057795.1.fna
GCA_019058165.1	GCA_013166835.1	0.9-0.95	p__Asgardarchaeota	0.9040	/lustre1/g/aos_shihuang/data/gtdb-r207/genomes_all/GCA_019058165.1.fna	/lustre1/g/aos_shihuang/data/gtdb-r207/genomes_all/GCA_013166835.1.fna
GCA_004524385.1	GCA_004524535.1	0.9-0.95	p__Asgardarchaeota	0.9475	/lustre1/g/aos_shihuang/data/gtdb-r207/genomes_all/GCA_004524385.1.fna	/lustre1/g/aos_shihuang/data/gtdb-r207/genomes_all/GCA_004524535.1.fna
GCA_019058015.1	GCA_019058135.1	0.9-0.95	p__Asgardarchaeota	0.9434	/lustre1/g/aos_shihuang/data/gtdb-r207/genomes_all/GCA_019058015.1.fna	/lustre1/g/aos_shihuang/data/gtdb-r207/genomes_all/GCA_019058135.1.fna
GCA_018238375.1	GCA_019057475.1	0.9-0.95	p__Asgardarchaeota	0.9120	/lustre1/g/aos_shihuang/data/gtdb-r207/genomes_all/GCA_018238375.1.fna	/lustre1/g/aos_shihuang/data/gtdb-r207/genomes_all/GCA_019057475.1.fna
GCA_004524385.1	GCA_019058295.1	0.9-0.95	p__Asgardarchaeota	0.9265	/lustre1/g/aos_shihuang/data/gtdb-r207/genomes_all/GCA_004524385.1.fna	/lustre1/g/aos_shihuang/data/gtdb-r207/genomes_all/GCA_019058295.1.fna
GCA_019057385.1	GCA_016840515.1	0.9-0.95	p__Asgardarchaeota	0.9093	/lustre1/g/aos_shihuang/data/gtdb-r207/genomes_all/GCA_019057385.1.fna	/lustre1/g/aos_shihuang/data/gtdb-r207/genomes_all/GCA_016840515.1.fna
GCA_000353875.1	GCA_011363075.1	0.9-0.95	p__Atribacterota	0.9138	/lustre1/g/aos_shihuang/data/gtdb-r207/genomes_all/GCA_000353875.1.fna	/lustre1/g/aos_shihuang/data/gtdb-r207/genomes_all/GCA_011363075.1.fna
GCA_003542295.1	GCF_015775515.1	0.9-0.95	p__Atribacterota	0.9249	/lustre1/g/aos_shihuang/data/gtdb-r207/genomes_all/GCA_003542295.1.fna	/lustre1/g/aos_shihuang/data/gtdb-r207/genomes_all/GCF_015775515.1.fna
GCA_005799065.1	GCA_016868485.1	0.9-0.95	p__Bacteroidota	0.9388	/lustre1/g/aos_shihuang/data/gtdb-r207/genomes_all/GCA_005799065.1.fna	/lustre1/g/aos_shihuang/data/gtdb-r207/genomes_all/GCA_016868485.1.fna
GCF_002797735.1	GCF_900116565.1	0.9-0.95	p__Bacteroidota	0.9028	/lustre1/g/aos_shihuang/data/gtdb-r207/genomes_all/GCF_002797735.1.fna	/lustre1/g/aos_shihuang/data/gtdb-r207/genomes_all/GCF_900116565.1.fna
GCA_018652335.1	GCA_002683775.1	0.9-0.95	p__Bacteroidota	0.9472	/lustre1/g/aos_shihuang/data/gtdb-r207/genomes_all/GCA_018652335.1.fna	/lustre1/g/aos_shihuang/data/gtdb-r207/genomes_all/GCA_002683775.1.fna
GCF_002023665.2	GCF_001675285.1	0.9-0.95	p__Bacteroidota	0.9183	/lustre1/g/aos_shihuang/data/gtdb-r207/genomes_all/GCF_002023665.2.fna	/lustre1/g/aos_shihuang/data/gtdb-r207/genomes_all/GCF_001675285.1.fna
GCF_001592945.1	GCF_001593005.1	0.9-0.95	p__Bacteroidota	0.9325	/lustre1/g/aos_shihuang/data/gtdb-r207/genomes_all/GCF_001592945.1.fna	/lustre1/g/aos_shihuang/data/gtdb-r207/genomes_all/GCF_001593005.1.fna
GCA_900539765.1	GCA_900548415.1	0.9-0.95	p__Bacteroidota	0.9117	/lustre1/g/aos_shihuang/data/gtdb-r207/genomes_all/GCA_900539765.1.fna	/lustre1/g/aos_shihuang/data/gtdb-r207/genomes_all/GCA_900548415.1.fna
GCA_016707205.1	GCA_016713275.1	0.9-0.95	p__Bacteroidota	0.9097	/lustre1/g/aos_shihuang/data/gtdb-r207/genomes_all/GCA_016707205.1.fna	/lustre1/g/aos_shihuang/data/gtdb-r207/genomes_all/GCA_016713275.1.fna
GCF_002201795.1	GCF_004345615.1	0.9-0.95	p__Bacteroidota	0.9036	/lustre1/g/aos_shihuang/data/gtdb-r207/genomes_all/GCF_002201795.1.fna	/lustre1/g/aos_shihuang/data/gtdb-r207/genomes_all/GCF_004345615.1.fna
GCA_017999895.1	GCA_018056245.1	0.9-0.95	p__Bacteroidota	0.9153	/lustre1/g/aos_shihuang/data/gtdb-r207/genomes_all/GCA_017999895.1.fna	/lustre1/g/aos_shihuang/data/gtdb-r207/genomes_all/GCA_018056245.1.fna
GCA_018674025.1	GCA_902515565.1	0.9-0.95	p__Bacteroidota	0.9398	/lustre1/g/aos_shihuang/data/gtdb-r207/genomes_all/GCA_018674025.1.fna	/lustre1/g/aos_shihuang/data/gtdb-r207/genomes_all/GCA_902515565.1.fna
GCF_000212735.1	GCA_016718685.1	0.9-0.95	p__Bacteroidota	0.9095	/lustre1/g/aos_shihuang/data/gtdb-r207/genomes_all/GCF_000212735.1.fna	/lustre1/g/aos_shihuang/data/gtdb-r207/genomes_all/GCA_016718685.1.fna
GCA_900545915.1	GCF_003634345.1	0.9-0.95	p__Bacteroidota	0.9339	/lustre1/g/aos_shihuang/data/gtdb-r207/genomes_all/GCA_900545915.1.fna	/lustre1/g/aos_shihuang/data/gtdb-r207/genomes_all/GCF_003634345.1.fna
GCF_007827365.1	GCF_000518485.1	0.9-0.95	p__Bacteroidota	0.9174	/lustre1/g/aos_shihuang/data/gtdb-r207/genomes_all/GCF_007827365.1.fna	/lustre1/g/aos_shihuang/data/gtdb-r207/genomes_all/GCF_000518485.1.fna
GCA_905480125.1	GCA_018669945.1	0.9-0.95	p__Bacteroidota	0.9052	/lustre1/g/aos_shihuang/data/gtdb-r207/genomes_all/GCA_905480125.1.fna	/lustre1/g/aos_shihuang/data/gtdb-r207/genomes_all/GCA_018669945.1.fna
GCA_900102385.1	GCA_017617315.1	0.9-0.95	p__Bacteroidota	0.9157	/lustre1/g/aos_shihuang/data/gtdb-r207/genomes_all/GCA_900102385.1.fna	/lustre1/g/aos_shihuang/data/gtdb-r207/genomes_all/GCA_017617315.1.fna
GCA_015482705.2	GCF_003182595.1	0.9-0.95	p__Bacteroidota	0.9089	/lustre1/g/aos_shihuang/data/gtdb-r207/genomes_all/GCA_015482705.2.fna	/lustre1/g/aos_shihuang/data/gtdb-r207/genomes_all/GCF_003182595.1.fna
GCA_002430545.1	GCA_902586905.1	0.9-0.95	p__Bacteroidota	0.9418	/lustre1/g/aos_shihuang/data/gtdb-r207/genomes_all/GCA_002430545.1.fna	/lustre1/g/aos_shihuang/data/gtdb-r207/genomes_all/GCA_902586905.1.fna
GCA_002457365.1	GCA_902529365.1	0.9-0.95	p__Bacteroidota	0.9307	/lustre1/g/aos_shihuang/data/gtdb-r207/genomes_all/GCA_002457365.1.fna	/lustre1/g/aos_shihuang/data/gtdb-r207/genomes_all/GCA_902529365.1.fna
GCA_000163695.1	GCA_905372135.1	0.9-0.95	p__Bacteroidota	0.9273	/lustre1/g/aos_shihuang/data/gtdb-r207/genomes_all/GCA_000163695.1.fna	/lustre1/g/aos_shihuang/data/gtdb-r207/genomes_all/GCA_905372135.1.fna
GCF_002966125.1	GCA_905479745.1	0.9-0.95	p__Bacteroidota	0.9381	/lustre1/g/aos_shihuang/data/gtdb-r207/genomes_all/GCF_002966125.1.fna	/lustre1/g/aos_shihuang/data/gtdb-r207/genomes_all/GCA_905479745.1.fna
GCA_002840975.1	GCA_001769215.1	0.9-0.95	p__Bacteroidota	0.9438	/lustre1/g/aos_shihuang/data/gtdb-r207/genomes_all/GCA_002840975.1.fna	/lustre1/g/aos_shihuang/data/gtdb-r207/genomes_all/GCA_001769215.1.fna
GCA_003454845.1	GCA_016779995.1	0.9-0.95	p__Bacteroidota	0.9360	/lustre1/g/aos_shihuang/data/gtdb-r207/genomes_all/GCA_003454845.1.fna	/lustre1/g/aos_shihuang/data/gtdb-r207/genomes_all/GCA_016779995.1.fna
GCF_900112595.1	GCF_014202225.1	0.9-0.95	p__Bacteroidota	0.9247	/lustre1/g/aos_shihuang/data/gtdb-r207/genomes_all/GCF_900112595.1.fna	/lustre1/g/aos_shihuang/data/gtdb-r207/genomes_all/GCF_014202225.1.fna
GCA_902529115.1	GCA_002720745.1	0.9-0.95	p__Bacteroidota	0.9164	/lustre1/g/aos_shihuang/data/gtdb-r207/genomes_all/GCA_902529115.1.fna	/lustre1/g/aos_shihuang/data/gtdb-r207/genomes_all/GCA_002720745.1.fna
GCA_002412705.1	GCA_016931855.1	0.9-0.95	p__Bacteroidota	0.9018	/lustre1/g/aos_shihuang/data/gtdb-r207/genomes_all/GCA_002412705.1.fna	/lustre1/g/aos_shihuang/data/gtdb-r207/genomes_all/GCA_016931855.1.fna
GCA_002719315.1	GCA_902560065.1	0.9-0.95	p__Bacteroidota	0.9495	/lustre1/g/aos_shihuang/data/gtdb-r207/genomes_all/GCA_002719315.1.fna	/lustre1/g/aos_shihuang/data/gtdb-r207/genomes_all/GCA_902560065.1.fna
GCF_900141935.1	GCF_012272855.1	0.9-0.95	p__Bacteroidota	0.9219	/lustre1/g/aos_shihuang/data/gtdb-r207/genomes_all/GCF_900141935.1.fna	/lustre1/g/aos_shihuang/data/gtdb-r207/genomes_all/GCF_012272855.1.fna
GCA_017516865.1	GCA_002371705.1	0.9-0.95	p__Bacteroidota	0.9040	/lustre1/g/aos_shihuang/data/gtdb-r207/genomes_all/GCA_017516865.1.fna	/lustre1/g/aos_shihuang/data/gtdb-r207/genomes_all/GCA_002371705.1.fna
GCA_013359255.1	GCA_905339165.1	0.9-0.95	p__Bacteroidota	0.9306	/lustre1/g/aos_shihuang/data/gtdb-r207/genomes_all/GCA_013359255.1.fna	/lustre1/g/aos_shihuang/data/gtdb-r207/genomes_all/GCA_905339165.1.fna
GCF_001280505.1	GCF_001280435.1	0.9-0.95	p__Bacteroidota	0.9005	/lustre1/g/aos_shihuang/data/gtdb-r207/genomes_all/GCF_001280505.1.fna	/lustre1/g/aos_shihuang/data/gtdb-r207/genomes_all/GCF_001280435.1.fna
GCA_016718505.1	GCA_016720635.1	0.9-0.95	p__Bacteroidota	0.9287	/lustre1/g/aos_shihuang/data/gtdb-r207/genomes_all/GCA_016718505.1.fna	/lustre1/g/aos_shihuang/data/gtdb-r207/genomes_all/GCA_016720635.1.fna
GCA_002692065.1	GCA_902551855.1	0.9-0.95	p__Bacteroidota	0.9431	/lustre1/g/aos_shihuang/data/gtdb-r207/genomes_all/GCA_002692065.1.fna	/lustre1/g/aos_shihuang/data/gtdb-r207/genomes_all/GCA_902551855.1.fna
GCA_002840985.1	GCA_018816945.1	0.9-0.95	p__Bacteroidota	0.9040	/lustre1/g/aos_shihuang/data/gtdb-r207/genomes_all/GCA_002840985.1.fna	/lustre1/g/aos_shihuang/data/gtdb-r207/genomes_all/GCA_018816945.1.fna
GCF_907163125.1	GCF_002943105.1	0.9-0.95	p__Bacteroidota	0.9494	/lustre1/g/aos_shihuang/data/gtdb-r207/genomes_all/GCF_907163125.1.fna	/lustre1/g/aos_shihuang/data/gtdb-r207/genomes_all/GCF_002943105.1.fna
GCA_002501205.1	GCF_014524565.1	0.9-0.95	p__Bacteroidota	0.9107	/lustre1/g/aos_shihuang/data/gtdb-r207/genomes_all/GCA_002501205.1.fna	/lustre1/g/aos_shihuang/data/gtdb-r207/genomes_all/GCF_014524565.1.fna
GCA_905233585.1	GCA_017618435.1	0.9-0.95	p__Bacteroidota	0.9053	/lustre1/g/aos_shihuang/data/gtdb-r207/genomes_all/GCA_905233585.1.fna	/lustre1/g/aos_shihuang/data/gtdb-r207/genomes_all/GCA_017618435.1.fna
GCA_016787505.1	GCA_016715405.1	0.9-0.95	p__Bacteroidota	0.9049	/lustre1/g/aos_shihuang/data/gtdb-r207/genomes_all/GCA_016787505.1.fna	/lustre1/g/aos_shihuang/data/gtdb-r207/genomes_all/GCA_016715405.1.fna
GCA_017506175.1	GCA_900321845.1	0.9-0.95	p__Bacteroidota	0.9450	/lustre1/g/aos_shihuang/data/gtdb-r207/genomes_all/GCA_017506175.1.fna	/lustre1/g/aos_shihuang/data/gtdb-r207/genomes_all/GCA_900321845.1.fna
GCF_003095655.1	GCF_000212355.1	0.9-0.95	p__Bacteroidota	0.9396	/lustre1/g/aos_shihuang/data/gtdb-r207/genomes_all/GCF_003095655.1.fna	/lustre1/g/aos_shihuang/data/gtdb-r207/genomes_all/GCF_000212355.1.fna
GCA_903838995.1	GCA_903828245.1	0.9-0.95	p__Bacteroidota	0.9302	/lustre1/g/aos_shihuang/data/gtdb-r207/genomes_all/GCA_903838995.1.fna	/lustre1/g/aos_shihuang/data/gtdb-r207/genomes_all/GCA_903828245.1.fna
GCA_016213345.1	GCA_016194835.1	0.9-0.95	p__Bdellovibrionota	0.9463	/lustre1/g/aos_shihuang/data/gtdb-r207/genomes_all/GCA_016213345.1.fna	/lustre1/g/aos_shihuang/data/gtdb-r207/genomes_all/GCA_016194835.1.fna
GCF_000317895.1	GCF_000196175.1	0.9-0.95	p__Bdellovibrionota	0.9096	/lustre1/g/aos_shihuang/data/gtdb-r207/genomes_all/GCF_000317895.1.fna	/lustre1/g/aos_shihuang/data/gtdb-r207/genomes_all/GCF_000196175.1.fna
GCA_002841685.1	GCA_013791745.1	0.9-0.95	p__CG03	0.9420	/lustre1/g/aos_shihuang/data/gtdb-r207/genomes_all/GCA_002841685.1.fna	/lustre1/g/aos_shihuang/data/gtdb-r207/genomes_all/GCA_013791745.1.fna
GCA_005888595.1	GCA_005882335.1	0.9-0.95	p__CSP1-3	0.9381	/lustre1/g/aos_shihuang/data/gtdb-r207/genomes_all/GCA_005888595.1.fna	/lustre1/g/aos_shihuang/data/gtdb-r207/genomes_all/GCA_005882335.1.fna
GCA_005882275.1	GCA_005882445.1	0.9-0.95	p__CSP1-3	0.9279	/lustre1/g/aos_shihuang/data/gtdb-r207/genomes_all/GCA_005882275.1.fna	/lustre1/g/aos_shihuang/data/gtdb-r207/genomes_all/GCA_005882445.1.fna
GCA_002299965.1	GCA_003650285.1	0.9-0.95	p__Caldisericota	0.9129	/lustre1/g/aos_shihuang/data/gtdb-r207/genomes_all/GCA_002299965.1.fna	/lustre1/g/aos_shihuang/data/gtdb-r207/genomes_all/GCA_003650285.1.fna
GCA_002070635.1	GCA_017992475.1	0.9-0.95	p__Caldisericota	0.9071	/lustre1/g/aos_shihuang/data/gtdb-r207/genomes_all/GCA_002070635.1.fna	/lustre1/g/aos_shihuang/data/gtdb-r207/genomes_all/GCA_017992475.1.fna
GCA_013360445.1	GCA_011526015.1	0.9-0.95	p__Calditrichota	0.9060	/lustre1/g/aos_shihuang/data/gtdb-r207/genomes_all/GCA_013360445.1.fna	/lustre1/g/aos_shihuang/data/gtdb-r207/genomes_all/GCA_011526015.1.fna
GCA_002733685.1	GCA_013215945.1	0.9-0.95	p__Campylobacterota	0.9437	/lustre1/g/aos_shihuang/data/gtdb-r207/genomes_all/GCA_002733685.1.fna	/lustre1/g/aos_shihuang/data/gtdb-r207/genomes_all/GCA_013215945.1.fna
GCF_003544935.1	GCA_004116725.1	0.9-0.95	p__Campylobacterota	0.9079	/lustre1/g/aos_shihuang/data/gtdb-r207/genomes_all/GCF_003544935.1.fna	/lustre1/g/aos_shihuang/data/gtdb-r207/genomes_all/GCA_004116725.1.fna
GCA_902387145.1	GCA_002092835.1	0.9-0.95	p__Campylobacterota	0.9413	/lustre1/g/aos_shihuang/data/gtdb-r207/genomes_all/GCA_902387145.1.fna	/lustre1/g/aos_shihuang/data/gtdb-r207/genomes_all/GCA_002092835.1.fna
GCF_001891085.1	GCF_002913945.1	0.9-0.95	p__Campylobacterota	0.9439	/lustre1/g/aos_shihuang/data/gtdb-r207/genomes_all/GCF_001891085.1.fna	/lustre1/g/aos_shihuang/data/gtdb-r207/genomes_all/GCF_002913945.1.fna
GCA_004116465.1	GCF_000092245.1	0.9-0.95	p__Campylobacterota	0.9212	/lustre1/g/aos_shihuang/data/gtdb-r207/genomes_all/GCA_004116465.1.fna	/lustre1/g/aos_shihuang/data/gtdb-r207/genomes_all/GCF_000092245.1.fna
GCF_001653455.1	GCF_900120335.1	0.9-0.95	p__Campylobacterota	0.9172	/lustre1/g/aos_shihuang/data/gtdb-r207/genomes_all/GCF_001653455.1.fna	/lustre1/g/aos_shihuang/data/gtdb-r207/genomes_all/GCF_900120335.1.fna
GCA_002470185.1	GCF_013283835.1	0.9-0.95	p__Campylobacterota	0.9438	/lustre1/g/aos_shihuang/data/gtdb-r207/genomes_all/GCA_002470185.1.fna	/lustre1/g/aos_shihuang/data/gtdb-r207/genomes_all/GCF_013283835.1.fna
GCA_905373295.1	GCF_001190745.1	0.9-0.95	p__Campylobacterota	0.9376	/lustre1/g/aos_shihuang/data/gtdb-r207/genomes_all/GCA_905373295.1.fna	/lustre1/g/aos_shihuang/data/gtdb-r207/genomes_all/GCF_001190745.1.fna
GCF_000648235.2	GCF_011087585.1	0.9-0.95	p__Chlamydiota	0.9152	/lustre1/g/aos_shihuang/data/gtdb-r207/genomes_all/GCF_000648235.2.fna	/lustre1/g/aos_shihuang/data/gtdb-r207/genomes_all/GCF_011087585.1.fna
GCA_018240225.1	GCA_018239725.1	0.9-0.95	p__Chlamydiota	0.9084	/lustre1/g/aos_shihuang/data/gtdb-r207/genomes_all/GCA_018240225.1.fna	/lustre1/g/aos_shihuang/data/gtdb-r207/genomes_all/GCA_018239725.1.fna
GCA_011065045.1	GCA_011064905.1	0.9-0.95	p__Chlamydiota	0.9161	/lustre1/g/aos_shihuang/data/gtdb-r207/genomes_all/GCA_011065045.1.fna	/lustre1/g/aos_shihuang/data/gtdb-r207/genomes_all/GCA_011064905.1.fna
GCA_903932805.1	GCA_003670675.1	0.9-0.95	p__Chloroflexota	0.9142	/lustre1/g/aos_shihuang/data/gtdb-r207/genomes_all/GCA_903932805.1.fna	/lustre1/g/aos_shihuang/data/gtdb-r207/genomes_all/GCA_003670675.1.fna
GCF_000011905.1	GCF_001889305.1	0.9-0.95	p__Chloroflexota	0.9057	/lustre1/g/aos_shihuang/data/gtdb-r207/genomes_all/GCF_000011905.1.fna	/lustre1/g/aos_shihuang/data/gtdb-r207/genomes_all/GCF_001889305.1.fna
GCA_002563855.1	GCF_008838325.1	0.9-0.95	p__Chloroflexota	0.9233	/lustre1/g/aos_shihuang/data/gtdb-r207/genomes_all/GCA_002563855.1.fna	/lustre1/g/aos_shihuang/data/gtdb-r207/genomes_all/GCF_008838325.1.fna
GCA_009838595.1	GCA_009840355.1	0.9-0.95	p__Chloroflexota	0.9027	/lustre1/g/aos_shihuang/data/gtdb-r207/genomes_all/GCA_009838595.1.fna	/lustre1/g/aos_shihuang/data/gtdb-r207/genomes_all/GCA_009840355.1.fna
GCF_001748285.1	GCF_008974285.1	0.9-0.95	p__Chloroflexota	0.9001	/lustre1/g/aos_shihuang/data/gtdb-r207/genomes_all/GCF_001748285.1.fna	/lustre1/g/aos_shihuang/data/gtdb-r207/genomes_all/GCF_008974285.1.fna
GCA_008373165.1	GCA_009392215.1	0.9-0.95	p__Chloroflexota	0.9053	/lustre1/g/aos_shihuang/data/gtdb-r207/genomes_all/GCA_008373165.1.fna	/lustre1/g/aos_shihuang/data/gtdb-r207/genomes_all/GCA_009392215.1.fna
GCA_002772325.1	GCA_009619075.1	0.9-0.95	p__Chloroflexota	0.9295	/lustre1/g/aos_shihuang/data/gtdb-r207/genomes_all/GCA_002772325.1.fna	/lustre1/g/aos_shihuang/data/gtdb-r207/genomes_all/GCA_009619075.1.fna
GCA_009840225.1	GCA_011523365.1	0.9-0.95	p__Chloroflexota	0.9280	/lustre1/g/aos_shihuang/data/gtdb-r207/genomes_all/GCA_009840225.1.fna	/lustre1/g/aos_shihuang/data/gtdb-r207/genomes_all/GCA_011523365.1.fna
GCA_016705235.1	GCA_017993775.1	0.9-0.95	p__Chloroflexota	0.9202	/lustre1/g/aos_shihuang/data/gtdb-r207/genomes_all/GCA_016705235.1.fna	/lustre1/g/aos_shihuang/data/gtdb-r207/genomes_all/GCA_017993775.1.fna
GCA_009839775.1	GCA_012270555.1	0.9-0.95	p__Chloroflexota	0.9277	/lustre1/g/aos_shihuang/data/gtdb-r207/genomes_all/GCA_009839775.1.fna	/lustre1/g/aos_shihuang/data/gtdb-r207/genomes_all/GCA_012270555.1.fna
GCF_008974285.1	GCF_003268475.1	0.9-0.95	p__Chloroflexota	0.9429	/lustre1/g/aos_shihuang/data/gtdb-r207/genomes_all/GCF_008974285.1.fna	/lustre1/g/aos_shihuang/data/gtdb-r207/genomes_all/GCF_003268475.1.fna
GCA_011333425.1	GCA_014360805.1	0.9-0.95	p__Chloroflexota	0.9424	/lustre1/g/aos_shihuang/data/gtdb-r207/genomes_all/GCA_011333425.1.fna	/lustre1/g/aos_shihuang/data/gtdb-r207/genomes_all/GCA_014360805.1.fna
GCA_009838385.1	GCA_009841435.1	0.9-0.95	p__Chloroflexota	0.9366	/lustre1/g/aos_shihuang/data/gtdb-r207/genomes_all/GCA_009838385.1.fna	/lustre1/g/aos_shihuang/data/gtdb-r207/genomes_all/GCA_009841435.1.fna
GCA_002694895.1	GCA_009391605.1	0.9-0.95	p__Chloroflexota	0.9420	/lustre1/g/aos_shihuang/data/gtdb-r207/genomes_all/GCA_002694895.1.fna	/lustre1/g/aos_shihuang/data/gtdb-r207/genomes_all/GCA_009391605.1.fna
GCA_009392675.1	GCA_002435305.1	0.9-0.95	p__Chloroflexota	0.9047	/lustre1/g/aos_shihuang/data/gtdb-r207/genomes_all/GCA_009392675.1.fna	/lustre1/g/aos_shihuang/data/gtdb-r207/genomes_all/GCA_002435305.1.fna
GCF_001306135.1	GCF_016907925.1	0.9-0.95	p__Chloroflexota	0.9307	/lustre1/g/aos_shihuang/data/gtdb-r207/genomes_all/GCF_001306135.1.fna	/lustre1/g/aos_shihuang/data/gtdb-r207/genomes_all/GCF_016907925.1.fna
GCA_001796355.1	GCA_004347695.1	0.9-0.95	p__Chloroflexota	0.9084	/lustre1/g/aos_shihuang/data/gtdb-r207/genomes_all/GCA_001796355.1.fna	/lustre1/g/aos_shihuang/data/gtdb-r207/genomes_all/GCA_004347695.1.fna
GCA_009841145.1	GCA_012271135.1	0.9-0.95	p__Chloroflexota	0.9179	/lustre1/g/aos_shihuang/data/gtdb-r207/genomes_all/GCA_009841145.1.fna	/lustre1/g/aos_shihuang/data/gtdb-r207/genomes_all/GCA_012271135.1.fna
GCA_002238555.1	GCA_009841145.1	0.9-0.95	p__Chloroflexota	0.9009	/lustre1/g/aos_shihuang/data/gtdb-r207/genomes_all/GCA_002238555.1.fna	/lustre1/g/aos_shihuang/data/gtdb-r207/genomes_all/GCA_009841145.1.fna
GCF_016587375.1	GCF_000178855.1	0.9-0.95	p__Chloroflexota	0.9279	/lustre1/g/aos_shihuang/data/gtdb-r207/genomes_all/GCF_016587375.1.fna	/lustre1/g/aos_shihuang/data/gtdb-r207/genomes_all/GCF_000178855.1.fna
GCA_002238555.1	GCA_012271135.1	0.9-0.95	p__Chloroflexota	0.9044	/lustre1/g/aos_shihuang/data/gtdb-r207/genomes_all/GCA_002238555.1.fna	/lustre1/g/aos_shihuang/data/gtdb-r207/genomes_all/GCA_012271135.1.fna
GCA_003670675.1	GCA_903868295.1	0.9-0.95	p__Chloroflexota	0.9215	/lustre1/g/aos_shihuang/data/gtdb-r207/genomes_all/GCA_003670675.1.fna	/lustre1/g/aos_shihuang/data/gtdb-r207/genomes_all/GCA_903868295.1.fna
GCA_002366595.1	GCA_003453555.1	0.9-0.95	p__Chloroflexota	0.9046	/lustre1/g/aos_shihuang/data/gtdb-r207/genomes_all/GCA_002366595.1.fna	/lustre1/g/aos_shihuang/data/gtdb-r207/genomes_all/GCA_003453555.1.fna
GCF_003205875.1	GCF_001306135.1	0.9-0.95	p__Chloroflexota	0.9152	/lustre1/g/aos_shihuang/data/gtdb-r207/genomes_all/GCF_003205875.1.fna	/lustre1/g/aos_shihuang/data/gtdb-r207/genomes_all/GCF_001306135.1.fna
GCA_903868295.1	GCA_903932805.1	0.9-0.95	p__Chloroflexota	0.9143	/lustre1/g/aos_shihuang/data/gtdb-r207/genomes_all/GCA_903868295.1.fna	/lustre1/g/aos_shihuang/data/gtdb-r207/genomes_all/GCA_903932805.1.fna
GCA_900696625.1	GCA_013112725.1	0.9-0.95	p__Chloroflexota	0.9254	/lustre1/g/aos_shihuang/data/gtdb-r207/genomes_all/GCA_900696625.1.fna	/lustre1/g/aos_shihuang/data/gtdb-r207/genomes_all/GCA_013112725.1.fna
GCA_005879815.1	GCA_005880165.1	0.9-0.95	p__Chloroflexota	0.9098	/lustre1/g/aos_shihuang/data/gtdb-r207/genomes_all/GCA_005879815.1.fna	/lustre1/g/aos_shihuang/data/gtdb-r207/genomes_all/GCA_005880165.1.fna
GCA_002714425.1	GCA_002728715.1	0.9-0.95	p__Chloroflexota	0.9208	/lustre1/g/aos_shihuang/data/gtdb-r207/genomes_all/GCA_002714425.1.fna	/lustre1/g/aos_shihuang/data/gtdb-r207/genomes_all/GCA_002728715.1.fna
GCA_012719115.1	GCA_002421585.1	0.9-0.95	p__Chloroflexota	0.9036	/lustre1/g/aos_shihuang/data/gtdb-r207/genomes_all/GCA_012719115.1.fna	/lustre1/g/aos_shihuang/data/gtdb-r207/genomes_all/GCA_002421585.1.fna
GCA_016875925.1	GCA_016875975.1	0.9-0.95	p__Chloroflexota	0.9004	/lustre1/g/aos_shihuang/data/gtdb-r207/genomes_all/GCA_016875925.1.fna	/lustre1/g/aos_shihuang/data/gtdb-r207/genomes_all/GCA_016875975.1.fna
GCA_902620405.1	GCA_002727435.1	0.9-0.95	p__Chloroflexota	0.9304	/lustre1/g/aos_shihuang/data/gtdb-r207/genomes_all/GCA_902620405.1.fna	/lustre1/g/aos_shihuang/data/gtdb-r207/genomes_all/GCA_002727435.1.fna
GCA_017743275.1	GCA_011362935.1	0.9-0.95	p__Chloroflexota	0.9152	/lustre1/g/aos_shihuang/data/gtdb-r207/genomes_all/GCA_017743275.1.fna	/lustre1/g/aos_shihuang/data/gtdb-r207/genomes_all/GCA_011362935.1.fna
GCF_002532075.1	GCF_004762035.2	0.9-0.95	p__Chloroflexota	0.9405	/lustre1/g/aos_shihuang/data/gtdb-r207/genomes_all/GCF_002532075.1.fna	/lustre1/g/aos_shihuang/data/gtdb-r207/genomes_all/GCF_004762035.2.fna
GCA_012522935.1	GCA_012519465.1	0.9-0.95	p__Cloacimonadota	0.9445	/lustre1/g/aos_shihuang/data/gtdb-r207/genomes_all/GCA_012522935.1.fna	/lustre1/g/aos_shihuang/data/gtdb-r207/genomes_all/GCA_012519465.1.fna
GCF_000020945.1	GCA_003476705.1	0.9-0.95	p__Coprothermobacterota	0.9346	/lustre1/g/aos_shihuang/data/gtdb-r207/genomes_all/GCF_000020945.1.fna	/lustre1/g/aos_shihuang/data/gtdb-r207/genomes_all/GCA_003476705.1.fna
GCF_014698045.1	GCF_001298445.1	0.9-0.95	p__Cyanobacteria	0.9175	/lustre1/g/aos_shihuang/data/gtdb-r207/genomes_all/GCF_014698045.1.fna	/lustre1/g/aos_shihuang/data/gtdb-r207/genomes_all/GCF_001298445.1.fna
GCF_000011485.1	GCA_003214855.1	0.9-0.95	p__Cyanobacteria	0.9426	/lustre1/g/aos_shihuang/data/gtdb-r207/genomes_all/GCF_000011485.1.fna	/lustre1/g/aos_shihuang/data/gtdb-r207/genomes_all/GCA_003214855.1.fna
GCF_002154725.1	GCF_002154695.1	0.9-0.95	p__Cyanobacteria	0.9296	/lustre1/g/aos_shihuang/data/gtdb-r207/genomes_all/GCF_002154725.1.fna	/lustre1/g/aos_shihuang/data/gtdb-r207/genomes_all/GCF_002154695.1.fna
GCA_012031415.1	GCA_012033355.1	0.9-0.95	p__Cyanobacteria	0.9368	/lustre1/g/aos_shihuang/data/gtdb-r207/genomes_all/GCA_012031415.1.fna	/lustre1/g/aos_shihuang/data/gtdb-r207/genomes_all/GCA_012033355.1.fna
GCA_002737305.1	GCA_016463595.1	0.9-0.95	p__Cyanobacteria	0.9381	/lustre1/g/aos_shihuang/data/gtdb-r207/genomes_all/GCA_002737305.1.fna	/lustre1/g/aos_shihuang/data/gtdb-r207/genomes_all/GCA_016463595.1.fna
GCF_012912135.1	GCF_017982655.1	0.9-0.95	p__Cyanobacteria	0.9073	/lustre1/g/aos_shihuang/data/gtdb-r207/genomes_all/GCF_012912135.1.fna	/lustre1/g/aos_shihuang/data/gtdb-r207/genomes_all/GCF_017982655.1.fna
GCF_014698305.1	GCF_014698735.1	0.9-0.95	p__Cyanobacteria	0.9462	/lustre1/g/aos_shihuang/data/gtdb-r207/genomes_all/GCF_014698305.1.fna	/lustre1/g/aos_shihuang/data/gtdb-r207/genomes_all/GCF_014698735.1.fna
GCA_900547155.1	GCA_900547585.1	0.9-0.95	p__Cyanobacteria	0.9174	/lustre1/g/aos_shihuang/data/gtdb-r207/genomes_all/GCA_900547155.1.fna	/lustre1/g/aos_shihuang/data/gtdb-r207/genomes_all/GCA_900547585.1.fna
GCA_003279455.1	GCA_003280265.1	0.9-0.95	p__Cyanobacteria	0.9040	/lustre1/g/aos_shihuang/data/gtdb-r207/genomes_all/GCA_003279455.1.fna	/lustre1/g/aos_shihuang/data/gtdb-r207/genomes_all/GCA_003280265.1.fna
GCA_005110385.1	GCA_018970325.1	0.9-0.95	p__Cyanobacteria	0.9024	/lustre1/g/aos_shihuang/data/gtdb-r207/genomes_all/GCA_005110385.1.fna	/lustre1/g/aos_shihuang/data/gtdb-r207/genomes_all/GCA_018970325.1.fna
GCA_010692395.1	GCA_011524395.1	0.9-0.95	p__Cyanobacteria	0.9457	/lustre1/g/aos_shihuang/data/gtdb-r207/genomes_all/GCA_010692395.1.fna	/lustre1/g/aos_shihuang/data/gtdb-r207/genomes_all/GCA_011524395.1.fna
GCF_002368075.1	GCF_015207205.1	0.9-0.95	p__Cyanobacteria	0.9396	/lustre1/g/aos_shihuang/data/gtdb-r207/genomes_all/GCF_002368075.1.fna	/lustre1/g/aos_shihuang/data/gtdb-r207/genomes_all/GCF_015207205.1.fna
GCA_007095845.1	GCF_000981785.2	0.9-0.95	p__Cyanobacteria	0.9388	/lustre1/g/aos_shihuang/data/gtdb-r207/genomes_all/GCA_007095845.1.fna	/lustre1/g/aos_shihuang/data/gtdb-r207/genomes_all/GCF_000981785.2.fna
GCF_002368155.1	GCF_014696315.1	0.9-0.95	p__Cyanobacteria	0.9193	/lustre1/g/aos_shihuang/data/gtdb-r207/genomes_all/GCF_002368155.1.fna	/lustre1/g/aos_shihuang/data/gtdb-r207/genomes_all/GCF_014696315.1.fna
GCF_000828075.3	GCF_002368435.1	0.9-0.95	p__Cyanobacteria	0.9239	/lustre1/g/aos_shihuang/data/gtdb-r207/genomes_all/GCF_000828075.3.fna	/lustre1/g/aos_shihuang/data/gtdb-r207/genomes_all/GCF_002368435.1.fna
GCA_011390955.1	GCF_001276715.1	0.9-0.95	p__Cyanobacteria	0.9106	/lustre1/g/aos_shihuang/data/gtdb-r207/genomes_all/GCA_011390955.1.fna	/lustre1/g/aos_shihuang/data/gtdb-r207/genomes_all/GCF_001276715.1.fna
GCF_003367075.1	GCF_000175855.1	0.9-0.95	p__Cyanobacteria	0.9338	/lustre1/g/aos_shihuang/data/gtdb-r207/genomes_all/GCF_003367075.1.fna	/lustre1/g/aos_shihuang/data/gtdb-r207/genomes_all/GCF_000175855.1.fna
GCA_011524395.1	GCF_000211815.1	0.9-0.95	p__Cyanobacteria	0.9312	/lustre1/g/aos_shihuang/data/gtdb-r207/genomes_all/GCA_011524395.1.fna	/lustre1/g/aos_shihuang/data/gtdb-r207/genomes_all/GCF_000211815.1.fna
GCF_000317105.1	GCA_011390515.1	0.9-0.95	p__Cyanobacteria	0.9116	/lustre1/g/aos_shihuang/data/gtdb-r207/genomes_all/GCF_000317105.1.fna	/lustre1/g/aos_shihuang/data/gtdb-r207/genomes_all/GCA_011390515.1.fna
GCA_015295825.1	GCF_008386235.1	0.9-0.95	p__Cyanobacteria	0.9333	/lustre1/g/aos_shihuang/data/gtdb-r207/genomes_all/GCA_015295825.1.fna	/lustre1/g/aos_shihuang/data/gtdb-r207/genomes_all/GCF_008386235.1.fna
GCA_009995705.1	GCA_007095845.1	0.9-0.95	p__Cyanobacteria	0.9417	/lustre1/g/aos_shihuang/data/gtdb-r207/genomes_all/GCA_009995705.1.fna	/lustre1/g/aos_shihuang/data/gtdb-r207/genomes_all/GCA_007095845.1.fna
GCF_003838195.1	GCA_010672525.1	0.9-0.95	p__Cyanobacteria	0.9131	/lustre1/g/aos_shihuang/data/gtdb-r207/genomes_all/GCF_003838195.1.fna	/lustre1/g/aos_shihuang/data/gtdb-r207/genomes_all/GCA_010672525.1.fna
GCF_000011485.1	GCF_000760295.1	0.9-0.95	p__Cyanobacteria	0.9328	/lustre1/g/aos_shihuang/data/gtdb-r207/genomes_all/GCF_000011485.1.fna	/lustre1/g/aos_shihuang/data/gtdb-r207/genomes_all/GCF_000760295.1.fna
GCF_002368315.1	GCF_000317245.1	0.9-0.95	p__Cyanobacteria	0.9083	/lustre1/g/aos_shihuang/data/gtdb-r207/genomes_all/GCF_002368315.1.fna	/lustre1/g/aos_shihuang/data/gtdb-r207/genomes_all/GCF_000317245.1.fna
GCA_014323965.1	GCA_018141785.1	0.9-0.95	p__Cyanobacteria	0.9487	/lustre1/g/aos_shihuang/data/gtdb-r207/genomes_all/GCA_014323965.1.fna	/lustre1/g/aos_shihuang/data/gtdb-r207/genomes_all/GCA_018141785.1.fna
GCF_000317515.1	GCF_014695895.1	0.9-0.95	p__Cyanobacteria	0.9041	/lustre1/g/aos_shihuang/data/gtdb-r207/genomes_all/GCF_000317515.1.fna	/lustre1/g/aos_shihuang/data/gtdb-r207/genomes_all/GCF_014695895.1.fna
GCA_009995705.1	GCA_007095785.1	0.9-0.95	p__Cyanobacteria	0.9451	/lustre1/g/aos_shihuang/data/gtdb-r207/genomes_all/GCA_009995705.1.fna	/lustre1/g/aos_shihuang/data/gtdb-r207/genomes_all/GCA_007095785.1.fna
GCA_003214855.1	GCF_000760295.1	0.9-0.95	p__Cyanobacteria	0.9262	/lustre1/g/aos_shihuang/data/gtdb-r207/genomes_all/GCA_003214855.1.fna	/lustre1/g/aos_shihuang/data/gtdb-r207/genomes_all/GCF_000760295.1.fna
GCF_015207705.1	GCF_000316625.1	0.9-0.95	p__Cyanobacteria	0.9058	/lustre1/g/aos_shihuang/data/gtdb-r207/genomes_all/GCF_015207705.1.fna	/lustre1/g/aos_shihuang/data/gtdb-r207/genomes_all/GCF_000316625.1.fna
GCA_000063525.1	GCA_012270465.1	0.9-0.95	p__Cyanobacteria	0.9120	/lustre1/g/aos_shihuang/data/gtdb-r207/genomes_all/GCA_000063525.1.fna	/lustre1/g/aos_shihuang/data/gtdb-r207/genomes_all/GCA_012270465.1.fna
GCA_900761525.1	GCA_900552205.1	0.9-0.95	p__Cyanobacteria	0.9067	/lustre1/g/aos_shihuang/data/gtdb-r207/genomes_all/GCA_900761525.1.fna	/lustre1/g/aos_shihuang/data/gtdb-r207/genomes_all/GCA_900552205.1.fna
GCF_001298445.1	GCF_014697615.1	0.9-0.95	p__Cyanobacteria	0.9216	/lustre1/g/aos_shihuang/data/gtdb-r207/genomes_all/GCF_001298445.1.fna	/lustre1/g/aos_shihuang/data/gtdb-r207/genomes_all/GCF_014697615.1.fna
GCA_010692395.1	GCA_010692325.1	0.9-0.95	p__Cyanobacteria	0.9354	/lustre1/g/aos_shihuang/data/gtdb-r207/genomes_all/GCA_010692395.1.fna	/lustre1/g/aos_shihuang/data/gtdb-r207/genomes_all/GCA_010692325.1.fna
GCF_001858025.1	GCF_014698305.1	0.9-0.95	p__Cyanobacteria	0.9206	/lustre1/g/aos_shihuang/data/gtdb-r207/genomes_all/GCF_001858025.1.fna	/lustre1/g/aos_shihuang/data/gtdb-r207/genomes_all/GCF_014698305.1.fna
GCF_000828075.3	GCF_002368235.1	0.9-0.95	p__Cyanobacteria	0.9195	/lustre1/g/aos_shihuang/data/gtdb-r207/genomes_all/GCF_000828075.3.fna	/lustre1/g/aos_shihuang/data/gtdb-r207/genomes_all/GCF_002368235.1.fna
GCF_013177315.1	GCF_001548395.1	0.9-0.95	p__Cyanobacteria	0.9093	/lustre1/g/aos_shihuang/data/gtdb-r207/genomes_all/GCF_013177315.1.fna	/lustre1/g/aos_shihuang/data/gtdb-r207/genomes_all/GCF_001548395.1.fna
GCF_002368235.1	GCF_002368435.1	0.9-0.95	p__Cyanobacteria	0.9400	/lustre1/g/aos_shihuang/data/gtdb-r207/genomes_all/GCF_002368235.1.fna	/lustre1/g/aos_shihuang/data/gtdb-r207/genomes_all/GCF_002368435.1.fna
GCF_000817735.3	GCF_000317125.1	0.9-0.95	p__Cyanobacteria	0.9321	/lustre1/g/aos_shihuang/data/gtdb-r207/genomes_all/GCF_000817735.3.fna	/lustre1/g/aos_shihuang/data/gtdb-r207/genomes_all/GCF_000317125.1.fna
GCF_014132355.1	GCA_010672455.1	0.9-0.95	p__Cyanobacteria	0.9076	/lustre1/g/aos_shihuang/data/gtdb-r207/genomes_all/GCF_014132355.1.fna	/lustre1/g/aos_shihuang/data/gtdb-r207/genomes_all/GCA_010672455.1.fna
GCF_015206885.1	GCF_000010625.1	0.9-0.95	p__Cyanobacteria	0.9462	/lustre1/g/aos_shihuang/data/gtdb-r207/genomes_all/GCF_015206885.1.fna	/lustre1/g/aos_shihuang/data/gtdb-r207/genomes_all/GCF_000010625.1.fna
GCA_011334575.1	GCA_011333285.1	0.9-0.95	p__DUMJ01	0.9123	/lustre1/g/aos_shihuang/data/gtdb-r207/genomes_all/GCA_011334575.1.fna	/lustre1/g/aos_shihuang/data/gtdb-r207/genomes_all/GCA_011333285.1.fna
GCF_000183405.1	GCA_002878065.1	0.9-0.95	p__Deferribacterota	0.9140	/lustre1/g/aos_shihuang/data/gtdb-r207/genomes_all/GCF_000183405.1.fna	/lustre1/g/aos_shihuang/data/gtdb-r207/genomes_all/GCA_002878065.1.fna
GCF_000487995.1	GCA_910586745.1	0.9-0.95	p__Deferribacterota	0.9034	/lustre1/g/aos_shihuang/data/gtdb-r207/genomes_all/GCF_000487995.1.fna	/lustre1/g/aos_shihuang/data/gtdb-r207/genomes_all/GCA_910586745.1.fna
GCF_014201675.1	GCA_011330655.1	0.9-0.95	p__Deinococcota	0.9018	/lustre1/g/aos_shihuang/data/gtdb-r207/genomes_all/GCF_014201675.1.fna	/lustre1/g/aos_shihuang/data/gtdb-r207/genomes_all/GCA_011330655.1.fna
GCA_011390675.1	GCA_011390455.1	0.9-0.95	p__Deinococcota	0.9040	/lustre1/g/aos_shihuang/data/gtdb-r207/genomes_all/GCA_011390675.1.fna	/lustre1/g/aos_shihuang/data/gtdb-r207/genomes_all/GCA_011390455.1.fna
GCA_011390735.1	GCA_011389865.1	0.9-0.95	p__Deinococcota	0.9147	/lustre1/g/aos_shihuang/data/gtdb-r207/genomes_all/GCA_011390735.1.fna	/lustre1/g/aos_shihuang/data/gtdb-r207/genomes_all/GCA_011389865.1.fna
GCA_018333895.1	GCA_018333775.1	0.9-0.95	p__Deinococcota	0.9219	/lustre1/g/aos_shihuang/data/gtdb-r207/genomes_all/GCA_018333895.1.fna	/lustre1/g/aos_shihuang/data/gtdb-r207/genomes_all/GCA_018333775.1.fna
GCA_001468925.1	GCA_018897535.1	0.9-0.95	p__Dependentiae	0.9467	/lustre1/g/aos_shihuang/data/gtdb-r207/genomes_all/GCA_001468925.1.fna	/lustre1/g/aos_shihuang/data/gtdb-r207/genomes_all/GCA_018897535.1.fna
GCF_000472805.1	GCA_016735355.1	0.9-0.95	p__Desulfobacterota	0.9260	/lustre1/g/aos_shihuang/data/gtdb-r207/genomes_all/GCF_000472805.1.fna	/lustre1/g/aos_shihuang/data/gtdb-r207/genomes_all/GCA_016735355.1.fna
GCF_000007985.2	GCA_001628815.1	0.9-0.95	p__Desulfobacterota	0.9300	/lustre1/g/aos_shihuang/data/gtdb-r207/genomes_all/GCF_000007985.2.fna	/lustre1/g/aos_shihuang/data/gtdb-r207/genomes_all/GCA_001628815.1.fna
GCA_016182705.1	GCA_001795535.1	0.9-0.95	p__Desulfobacterota	0.9027	/lustre1/g/aos_shihuang/data/gtdb-r207/genomes_all/GCA_016182705.1.fna	/lustre1/g/aos_shihuang/data/gtdb-r207/genomes_all/GCA_001795535.1.fna
GCA_018399535.1	GCA_011056825.1	0.9-0.95	p__Desulfobacterota	0.9419	/lustre1/g/aos_shihuang/data/gtdb-r207/genomes_all/GCA_018399535.1.fna	/lustre1/g/aos_shihuang/data/gtdb-r207/genomes_all/GCA_011056825.1.fna
GCA_015233295.1	GCA_015233285.1	0.9-0.95	p__Desulfobacterota	0.9091	/lustre1/g/aos_shihuang/data/gtdb-r207/genomes_all/GCA_015233295.1.fna	/lustre1/g/aos_shihuang/data/gtdb-r207/genomes_all/GCA_015233285.1.fna
GCA_011370455.1	GCA_011361925.1	0.9-0.95	p__Desulfobacterota	0.9304	/lustre1/g/aos_shihuang/data/gtdb-r207/genomes_all/GCA_011370455.1.fna	/lustre1/g/aos_shihuang/data/gtdb-r207/genomes_all/GCA_011361925.1.fna
GCA_002328165.1	GCA_011049715.1	0.9-0.95	p__Desulfobacterota	0.9060	/lustre1/g/aos_shihuang/data/gtdb-r207/genomes_all/GCA_002328165.1.fna	/lustre1/g/aos_shihuang/data/gtdb-r207/genomes_all/GCA_011049715.1.fna
GCA_016930875.1	GCA_015222985.1	0.9-0.95	p__Desulfobacterota	0.9465	/lustre1/g/aos_shihuang/data/gtdb-r207/genomes_all/GCA_016930875.1.fna	/lustre1/g/aos_shihuang/data/gtdb-r207/genomes_all/GCA_015222985.1.fna
GCA_016235365.1	GCA_016234955.1	0.9-0.95	p__Desulfobacterota	0.9306	/lustre1/g/aos_shihuang/data/gtdb-r207/genomes_all/GCA_016235365.1.fna	/lustre1/g/aos_shihuang/data/gtdb-r207/genomes_all/GCA_016234955.1.fna
GCA_018902755.1	GCA_018896025.1	0.9-0.95	p__Desulfobacterota	0.9321	/lustre1/g/aos_shihuang/data/gtdb-r207/genomes_all/GCA_018902755.1.fna	/lustre1/g/aos_shihuang/data/gtdb-r207/genomes_all/GCA_018896025.1.fna
GCF_000422285.1	GCA_900498135.1	0.9-0.95	p__Desulfobacterota	0.9408	/lustre1/g/aos_shihuang/data/gtdb-r207/genomes_all/GCF_000422285.1.fna	/lustre1/g/aos_shihuang/data/gtdb-r207/genomes_all/GCA_900498135.1.fna
GCA_002841785.1	GCA_002347095.1	0.9-0.95	p__Desulfobacterota	0.9152	/lustre1/g/aos_shihuang/data/gtdb-r207/genomes_all/GCA_002841785.1.fna	/lustre1/g/aos_shihuang/data/gtdb-r207/genomes_all/GCA_002347095.1.fna
GCF_002093115.1	GCF_002898515.1	0.9-0.95	p__Desulfobacterota	0.9420	/lustre1/g/aos_shihuang/data/gtdb-r207/genomes_all/GCF_002093115.1.fna	/lustre1/g/aos_shihuang/data/gtdb-r207/genomes_all/GCF_002898515.1.fna
GCF_900129305.1	GCA_014359885.1	0.9-0.95	p__Desulfobacterota	0.9444	/lustre1/g/aos_shihuang/data/gtdb-r207/genomes_all/GCF_900129305.1.fna	/lustre1/g/aos_shihuang/data/gtdb-r207/genomes_all/GCA_014359885.1.fna
GCA_016209225.1	GCA_003599365.1	0.9-0.95	p__Desulfobacterota	0.9237	/lustre1/g/aos_shihuang/data/gtdb-r207/genomes_all/GCA_016209225.1.fna	/lustre1/g/aos_shihuang/data/gtdb-r207/genomes_all/GCA_003599365.1.fna
GCF_000429905.1	GCF_900142135.1	0.9-0.95	p__Desulfobacterota	0.9303	/lustre1/g/aos_shihuang/data/gtdb-r207/genomes_all/GCF_000429905.1.fna	/lustre1/g/aos_shihuang/data/gtdb-r207/genomes_all/GCF_900142135.1.fna
GCA_009773075.1	GCA_002782605.1	0.9-0.95	p__Desulfobacterota	0.9336	/lustre1/g/aos_shihuang/data/gtdb-r207/genomes_all/GCA_009773075.1.fna	/lustre1/g/aos_shihuang/data/gtdb-r207/genomes_all/GCA_002782605.1.fna
GCA_002423365.1	GCF_900111775.1	0.9-0.95	p__Desulfobacterota	0.9153	/lustre1/g/aos_shihuang/data/gtdb-r207/genomes_all/GCA_002423365.1.fna	/lustre1/g/aos_shihuang/data/gtdb-r207/genomes_all/GCF_900111775.1.fna
GCA_002367355.1	GCA_013138705.1	0.9-0.95	p__Desulfobacterota	0.9299	/lustre1/g/aos_shihuang/data/gtdb-r207/genomes_all/GCA_002367355.1.fna	/lustre1/g/aos_shihuang/data/gtdb-r207/genomes_all/GCA_013138705.1.fna
GCA_011046395.1	GCA_007280345.1	0.9-0.95	p__Desulfobacterota	0.9311	/lustre1/g/aos_shihuang/data/gtdb-r207/genomes_all/GCA_011046395.1.fna	/lustre1/g/aos_shihuang/data/gtdb-r207/genomes_all/GCA_007280345.1.fna
GCA_016783065.1	GCA_013203065.1	0.9-0.95	p__Desulfobacterota	0.9423	/lustre1/g/aos_shihuang/data/gtdb-r207/genomes_all/GCA_016783065.1.fna	/lustre1/g/aos_shihuang/data/gtdb-r207/genomes_all/GCA_013203065.1.fna
GCA_009773075.1	GCA_003599365.1	0.9-0.95	p__Desulfobacterota	0.9368	/lustre1/g/aos_shihuang/data/gtdb-r207/genomes_all/GCA_009773075.1.fna	/lustre1/g/aos_shihuang/data/gtdb-r207/genomes_all/GCA_003599365.1.fna
GCA_014381545.1	GCA_013202725.1	0.9-0.95	p__Desulfobacterota	0.9124	/lustre1/g/aos_shihuang/data/gtdb-r207/genomes_all/GCA_014381545.1.fna	/lustre1/g/aos_shihuang/data/gtdb-r207/genomes_all/GCA_013202725.1.fna
GCA_013151365.1	GCA_002897615.1	0.9-0.95	p__Desulfobacterota	0.9190	/lustre1/g/aos_shihuang/data/gtdb-r207/genomes_all/GCA_013151365.1.fna	/lustre1/g/aos_shihuang/data/gtdb-r207/genomes_all/GCA_002897615.1.fna
GCA_002402905.1	GCF_001293685.1	0.9-0.95	p__Desulfobacterota	0.9386	/lustre1/g/aos_shihuang/data/gtdb-r207/genomes_all/GCA_002402905.1.fna	/lustre1/g/aos_shihuang/data/gtdb-r207/genomes_all/GCF_001293685.1.fna
GCA_009684525.1	GCA_016223015.1	0.9-0.95	p__Desulfobacterota	0.9429	/lustre1/g/aos_shihuang/data/gtdb-r207/genomes_all/GCA_009684525.1.fna	/lustre1/g/aos_shihuang/data/gtdb-r207/genomes_all/GCA_016223015.1.fna
GCA_016208115.1	GCA_016218705.1	0.9-0.95	p__Desulfobacterota	0.9282	/lustre1/g/aos_shihuang/data/gtdb-r207/genomes_all/GCA_016208115.1.fna	/lustre1/g/aos_shihuang/data/gtdb-r207/genomes_all/GCA_016218705.1.fna
GCA_011322625.1	GCA_015494725.1	0.9-0.95	p__Desulfobacterota	0.9378	/lustre1/g/aos_shihuang/data/gtdb-r207/genomes_all/GCA_011322625.1.fna	/lustre1/g/aos_shihuang/data/gtdb-r207/genomes_all/GCA_015494725.1.fna
GCA_016212705.1	GCA_001797465.1	0.9-0.95	p__Desulfobacterota	0.9439	/lustre1/g/aos_shihuang/data/gtdb-r207/genomes_all/GCA_016212705.1.fna	/lustre1/g/aos_shihuang/data/gtdb-r207/genomes_all/GCA_001797465.1.fna
GCF_000022265.1	GCA_001311985.1	0.9-0.95	p__Desulfobacterota	0.9468	/lustre1/g/aos_shihuang/data/gtdb-r207/genomes_all/GCF_000022265.1.fna	/lustre1/g/aos_shihuang/data/gtdb-r207/genomes_all/GCA_001311985.1.fna
GCA_011047885.1	GCA_011334825.1	0.9-0.95	p__Desulfobacterota	0.9480	/lustre1/g/aos_shihuang/data/gtdb-r207/genomes_all/GCA_011047885.1.fna	/lustre1/g/aos_shihuang/data/gtdb-r207/genomes_all/GCA_011334825.1.fna
GCA_018433085.1	GCA_018436855.1	0.9-0.95	p__Desulfobacterota	0.9064	/lustre1/g/aos_shihuang/data/gtdb-r207/genomes_all/GCA_018433085.1.fna	/lustre1/g/aos_shihuang/data/gtdb-r207/genomes_all/GCA_018436855.1.fna
GCA_017552515.1	GCA_017417085.1	0.9-0.95	p__Desulfobacterota	0.9357	/lustre1/g/aos_shihuang/data/gtdb-r207/genomes_all/GCA_017552515.1.fna	/lustre1/g/aos_shihuang/data/gtdb-r207/genomes_all/GCA_017417085.1.fna
GCF_008802355.1	GCF_008802365.1	0.9-0.95	p__Desulfobacterota	0.9441	/lustre1/g/aos_shihuang/data/gtdb-r207/genomes_all/GCF_008802355.1.fna	/lustre1/g/aos_shihuang/data/gtdb-r207/genomes_all/GCF_008802365.1.fna
GCA_018816605.1	GCA_013792075.1	0.9-0.95	p__Desulfobacterota	0.9278	/lustre1/g/aos_shihuang/data/gtdb-r207/genomes_all/GCA_018816605.1.fna	/lustre1/g/aos_shihuang/data/gtdb-r207/genomes_all/GCA_013792075.1.fna
GCA_018970825.1	GCA_017853315.1	0.9-0.95	p__Desulfobacterota_B	0.9105	/lustre1/g/aos_shihuang/data/gtdb-r207/genomes_all/GCA_018970825.1.fna	/lustre1/g/aos_shihuang/data/gtdb-r207/genomes_all/GCA_017853315.1.fna
GCA_014382245.1	GCA_002311335.1	0.9-0.95	p__Desulfobacterota_B	0.9385	/lustre1/g/aos_shihuang/data/gtdb-r207/genomes_all/GCA_014382245.1.fna	/lustre1/g/aos_shihuang/data/gtdb-r207/genomes_all/GCA_002311335.1.fna
GCA_001798455.1	GCA_016193385.1	0.9-0.95	p__Desulfobacterota_B	0.9493	/lustre1/g/aos_shihuang/data/gtdb-r207/genomes_all/GCA_001798455.1.fna	/lustre1/g/aos_shihuang/data/gtdb-r207/genomes_all/GCA_016193385.1.fna
GCA_012960245.1	GCA_014382245.1	0.9-0.95	p__Desulfobacterota_B	0.9263	/lustre1/g/aos_shihuang/data/gtdb-r207/genomes_all/GCA_012960245.1.fna	/lustre1/g/aos_shihuang/data/gtdb-r207/genomes_all/GCA_014382245.1.fna
GCA_001798565.1	GCA_016184235.1	0.9-0.95	p__Desulfobacterota_B	0.9404	/lustre1/g/aos_shihuang/data/gtdb-r207/genomes_all/GCA_001798565.1.fna	/lustre1/g/aos_shihuang/data/gtdb-r207/genomes_all/GCA_016184235.1.fna
GCA_012960245.1	GCA_002311335.1	0.9-0.95	p__Desulfobacterota_B	0.9424	/lustre1/g/aos_shihuang/data/gtdb-r207/genomes_all/GCA_012960245.1.fna	/lustre1/g/aos_shihuang/data/gtdb-r207/genomes_all/GCA_002311335.1.fna
GCA_002479255.1	GCA_003135135.1	0.9-0.95	p__Desulfobacterota_B	0.9161	/lustre1/g/aos_shihuang/data/gtdb-r207/genomes_all/GCA_002479255.1.fna	/lustre1/g/aos_shihuang/data/gtdb-r207/genomes_all/GCA_003135135.1.fna
GCA_013152215.1	GCF_000526155.1	0.9-0.95	p__Desulfobacterota_C	0.9352	/lustre1/g/aos_shihuang/data/gtdb-r207/genomes_all/GCA_013152215.1.fna	/lustre1/g/aos_shihuang/data/gtdb-r207/genomes_all/GCF_000526155.1.fna
GCA_017881405.1	GCA_002279275.1	0.9-0.95	p__Desulfobacterota_E	0.9065	/lustre1/g/aos_shihuang/data/gtdb-r207/genomes_all/GCA_017881405.1.fna	/lustre1/g/aos_shihuang/data/gtdb-r207/genomes_all/GCA_002279275.1.fna
GCA_009773665.1	GCF_000429325.1	0.9-0.95	p__Desulfobacterota_I	0.9230	/lustre1/g/aos_shihuang/data/gtdb-r207/genomes_all/GCA_009773665.1.fna	/lustre1/g/aos_shihuang/data/gtdb-r207/genomes_all/GCF_000429325.1.fna
GCF_000701705.1	GCA_900553145.1	0.9-0.95	p__Desulfobacterota_I	0.9029	/lustre1/g/aos_shihuang/data/gtdb-r207/genomes_all/GCF_000701705.1.fna	/lustre1/g/aos_shihuang/data/gtdb-r207/genomes_all/GCA_900553145.1.fna
GCF_000504305.1	GCF_011682075.1	0.9-0.95	p__Desulfobacterota_I	0.9285	/lustre1/g/aos_shihuang/data/gtdb-r207/genomes_all/GCF_000504305.1.fna	/lustre1/g/aos_shihuang/data/gtdb-r207/genomes_all/GCF_011682075.1.fna
GCF_900114115.1	GCF_014873765.1	0.9-0.95	p__Desulfobacterota_I	0.9394	/lustre1/g/aos_shihuang/data/gtdb-r207/genomes_all/GCF_900114115.1.fna	/lustre1/g/aos_shihuang/data/gtdb-r207/genomes_all/GCF_014873765.1.fna
GCF_000021385.1	GCF_000226255.1	0.9-0.95	p__Desulfobacterota_I	0.9063	/lustre1/g/aos_shihuang/data/gtdb-r207/genomes_all/GCF_000021385.1.fna	/lustre1/g/aos_shihuang/data/gtdb-r207/genomes_all/GCF_000226255.1.fna
GCF_011682075.1	GCF_000226255.1	0.9-0.95	p__Desulfobacterota_I	0.9120	/lustre1/g/aos_shihuang/data/gtdb-r207/genomes_all/GCF_011682075.1.fna	/lustre1/g/aos_shihuang/data/gtdb-r207/genomes_all/GCF_000226255.1.fna
GCA_009782775.1	GCA_009783115.1	0.9-0.95	p__Desulfobacterota_I	0.9061	/lustre1/g/aos_shihuang/data/gtdb-r207/genomes_all/GCA_009782775.1.fna	/lustre1/g/aos_shihuang/data/gtdb-r207/genomes_all/GCA_009783115.1.fna
GCA_003525525.1	GCF_000702665.1	0.9-0.95	p__Desulfobacterota_I	0.9441	/lustre1/g/aos_shihuang/data/gtdb-r207/genomes_all/GCA_003525525.1.fna	/lustre1/g/aos_shihuang/data/gtdb-r207/genomes_all/GCF_000702665.1.fna
GCA_900550745.1	GCF_000701705.1	0.9-0.95	p__Desulfobacterota_I	0.9351	/lustre1/g/aos_shihuang/data/gtdb-r207/genomes_all/GCA_900550745.1.fna	/lustre1/g/aos_shihuang/data/gtdb-r207/genomes_all/GCF_000701705.1.fna
GCF_000226255.1	GCF_015731765.1	0.9-0.95	p__Desulfobacterota_I	0.9077	/lustre1/g/aos_shihuang/data/gtdb-r207/genomes_all/GCF_000226255.1.fna	/lustre1/g/aos_shihuang/data/gtdb-r207/genomes_all/GCF_015731765.1.fna
GCF_008124665.1	GCA_011333985.1	0.9-0.95	p__Dictyoglomota	0.9035	/lustre1/g/aos_shihuang/data/gtdb-r207/genomes_all/GCF_008124665.1.fna	/lustre1/g/aos_shihuang/data/gtdb-r207/genomes_all/GCA_011333985.1.fna
GCA_003170875.1	GCA_003135255.1	0.9-0.95	p__Dormibacterota	0.9008	/lustre1/g/aos_shihuang/data/gtdb-r207/genomes_all/GCA_003170875.1.fna	/lustre1/g/aos_shihuang/data/gtdb-r207/genomes_all/GCA_003135255.1.fna
GCA_005880525.1	GCA_005879985.1	0.9-0.95	p__Dormibacterota	0.9066	/lustre1/g/aos_shihuang/data/gtdb-r207/genomes_all/GCA_005880525.1.fna	/lustre1/g/aos_shihuang/data/gtdb-r207/genomes_all/GCA_005879985.1.fna
GCA_003151665.1	GCA_003139695.1	0.9-0.95	p__Dormibacterota	0.9481	/lustre1/g/aos_shihuang/data/gtdb-r207/genomes_all/GCA_003151665.1.fna	/lustre1/g/aos_shihuang/data/gtdb-r207/genomes_all/GCA_003139695.1.fna
GCA_016464825.1	GCA_003244185.1	0.9-0.95	p__Dormibacterota	0.9137	/lustre1/g/aos_shihuang/data/gtdb-r207/genomes_all/GCA_016464825.1.fna	/lustre1/g/aos_shihuang/data/gtdb-r207/genomes_all/GCA_003244185.1.fna
GCA_003142035.1	GCA_003135255.1	0.9-0.95	p__Dormibacterota	0.9089	/lustre1/g/aos_shihuang/data/gtdb-r207/genomes_all/GCA_003142035.1.fna	/lustre1/g/aos_shihuang/data/gtdb-r207/genomes_all/GCA_003135255.1.fna
GCA_016180425.1	GCA_001800135.1	0.9-0.95	p__Elusimicrobiota	0.9155	/lustre1/g/aos_shihuang/data/gtdb-r207/genomes_all/GCA_016180425.1.fna	/lustre1/g/aos_shihuang/data/gtdb-r207/genomes_all/GCA_001800135.1.fna
GCA_002448285.1	GCA_902761395.1	0.9-0.95	p__Elusimicrobiota	0.9169	/lustre1/g/aos_shihuang/data/gtdb-r207/genomes_all/GCA_002448285.1.fna	/lustre1/g/aos_shihuang/data/gtdb-r207/genomes_all/GCA_902761395.1.fna
GCA_016206405.1	GCA_001800185.1	0.9-0.95	p__Elusimicrobiota	0.9343	/lustre1/g/aos_shihuang/data/gtdb-r207/genomes_all/GCA_016206405.1.fna	/lustre1/g/aos_shihuang/data/gtdb-r207/genomes_all/GCA_001800185.1.fna
GCA_902761395.1	GCA_017651625.1	0.9-0.95	p__Elusimicrobiota	0.9053	/lustre1/g/aos_shihuang/data/gtdb-r207/genomes_all/GCA_902761395.1.fna	/lustre1/g/aos_shihuang/data/gtdb-r207/genomes_all/GCA_017651625.1.fna
GCA_016182905.1	GCA_016191335.1	0.9-0.95	p__Elusimicrobiota	0.9053	/lustre1/g/aos_shihuang/data/gtdb-r207/genomes_all/GCA_016182905.1.fna	/lustre1/g/aos_shihuang/data/gtdb-r207/genomes_all/GCA_016191335.1.fna
GCA_002423485.1	GCA_002329445.1	0.9-0.95	p__Eremiobacterota	0.9049	/lustre1/g/aos_shihuang/data/gtdb-r207/genomes_all/GCA_002423485.1.fna	/lustre1/g/aos_shihuang/data/gtdb-r207/genomes_all/GCA_002329445.1.fna
GCA_013043945.1	GCA_013044185.1	0.9-0.95	p__Eremiobacterota	0.9193	/lustre1/g/aos_shihuang/data/gtdb-r207/genomes_all/GCA_013043945.1.fna	/lustre1/g/aos_shihuang/data/gtdb-r207/genomes_all/GCA_013044185.1.fna
GCA_002307115.1	GCA_001873075.1	0.9-0.95	p__Fibrobacterota	0.9235	/lustre1/g/aos_shihuang/data/gtdb-r207/genomes_all/GCA_002307115.1.fna	/lustre1/g/aos_shihuang/data/gtdb-r207/genomes_all/GCA_001873075.1.fna
GCA_903894145.1	GCA_903915125.1	0.9-0.95	p__Firestonebacteria	0.9089	/lustre1/g/aos_shihuang/data/gtdb-r207/genomes_all/GCA_903894145.1.fna	/lustre1/g/aos_shihuang/data/gtdb-r207/genomes_all/GCA_903915125.1.fna
GCF_002798305.1	GCF_002265435.1	0.9-0.95	p__Firmicutes	0.9101	/lustre1/g/aos_shihuang/data/gtdb-r207/genomes_all/GCF_002798305.1.fna	/lustre1/g/aos_shihuang/data/gtdb-r207/genomes_all/GCF_002265435.1.fna
GCF_900115845.1	GCF_900177535.1	0.9-0.95	p__Firmicutes	0.9433	/lustre1/g/aos_shihuang/data/gtdb-r207/genomes_all/GCF_900115845.1.fna	/lustre1/g/aos_shihuang/data/gtdb-r207/genomes_all/GCF_900177535.1.fna
GCF_000306965.1	GCF_016908375.1	0.9-0.95	p__Firmicutes	0.9096	/lustre1/g/aos_shihuang/data/gtdb-r207/genomes_all/GCF_000306965.1.fna	/lustre1/g/aos_shihuang/data/gtdb-r207/genomes_all/GCF_016908375.1.fna
GCF_005144865.1	GCF_017303315.1	0.9-0.95	p__Firmicutes	0.9208	/lustre1/g/aos_shihuang/data/gtdb-r207/genomes_all/GCF_005144865.1.fna	/lustre1/g/aos_shihuang/data/gtdb-r207/genomes_all/GCF_017303315.1.fna
GCF_000986785.1	GCF_001273925.1	0.9-0.95	p__Firmicutes	0.9250	/lustre1/g/aos_shihuang/data/gtdb-r207/genomes_all/GCF_000986785.1.fna	/lustre1/g/aos_shihuang/data/gtdb-r207/genomes_all/GCF_001273925.1.fna
GCF_004343255.1	GCF_003003125.1	0.9-0.95	p__Firmicutes	0.9493	/lustre1/g/aos_shihuang/data/gtdb-r207/genomes_all/GCF_004343255.1.fna	/lustre1/g/aos_shihuang/data/gtdb-r207/genomes_all/GCF_003003125.1.fna
GCA_002155105.1	GCF_900112935.1	0.9-0.95	p__Firmicutes	0.9161	/lustre1/g/aos_shihuang/data/gtdb-r207/genomes_all/GCA_002155105.1.fna	/lustre1/g/aos_shihuang/data/gtdb-r207/genomes_all/GCF_900112935.1.fna
GCF_000313565.1	GCA_001305055.1	0.9-0.95	p__Firmicutes	0.9324	/lustre1/g/aos_shihuang/data/gtdb-r207/genomes_all/GCF_000313565.1.fna	/lustre1/g/aos_shihuang/data/gtdb-r207/genomes_all/GCA_001305055.1.fna
GCF_001884135.1	GCF_006494425.1	0.9-0.95	p__Firmicutes	0.9053	/lustre1/g/aos_shihuang/data/gtdb-r207/genomes_all/GCF_001884135.1.fna	/lustre1/g/aos_shihuang/data/gtdb-r207/genomes_all/GCF_006494425.1.fna
GCA_902399855.1	GCF_000420345.1	0.9-0.95	p__Firmicutes	0.9488	/lustre1/g/aos_shihuang/data/gtdb-r207/genomes_all/GCA_902399855.1.fna	/lustre1/g/aos_shihuang/data/gtdb-r207/genomes_all/GCF_000420345.1.fna
GCA_900538885.1	GCA_900752975.1	0.9-0.95	p__Firmicutes	0.9165	/lustre1/g/aos_shihuang/data/gtdb-r207/genomes_all/GCA_900538885.1.fna	/lustre1/g/aos_shihuang/data/gtdb-r207/genomes_all/GCA_900752975.1.fna
GCF_002128425.1	GCF_001420605.1	0.9-0.95	p__Firmicutes	0.9157	/lustre1/g/aos_shihuang/data/gtdb-r207/genomes_all/GCF_002128425.1.fna	/lustre1/g/aos_shihuang/data/gtdb-r207/genomes_all/GCF_001420605.1.fna
GCA_015264885.1	GCF_001071995.1	0.9-0.95	p__Firmicutes	0.9412	/lustre1/g/aos_shihuang/data/gtdb-r207/genomes_all/GCA_015264885.1.fna	/lustre1/g/aos_shihuang/data/gtdb-r207/genomes_all/GCF_001071995.1.fna
GCF_001199495.1	GCF_000875755.1	0.9-0.95	p__Firmicutes	0.9174	/lustre1/g/aos_shihuang/data/gtdb-r207/genomes_all/GCF_001199495.1.fna	/lustre1/g/aos_shihuang/data/gtdb-r207/genomes_all/GCF_000875755.1.fna
GCA_017561055.1	GCA_017473265.1	0.9-0.95	p__Firmicutes	0.9437	/lustre1/g/aos_shihuang/data/gtdb-r207/genomes_all/GCA_017561055.1.fna	/lustre1/g/aos_shihuang/data/gtdb-r207/genomes_all/GCA_017473265.1.fna
GCA_900539265.1	GCA_000433035.1	0.9-0.95	p__Firmicutes	0.9055	/lustre1/g/aos_shihuang/data/gtdb-r207/genomes_all/GCA_900539265.1.fna	/lustre1/g/aos_shihuang/data/gtdb-r207/genomes_all/GCA_000433035.1.fna
GCF_000691145.1	GCF_014764715.1	0.9-0.95	p__Firmicutes	0.9020	/lustre1/g/aos_shihuang/data/gtdb-r207/genomes_all/GCF_000691145.1.fna	/lustre1/g/aos_shihuang/data/gtdb-r207/genomes_all/GCF_014764715.1.fna
GCF_007994985.1	GCF_016908395.1	0.9-0.95	p__Firmicutes	0.9387	/lustre1/g/aos_shihuang/data/gtdb-r207/genomes_all/GCF_007994985.1.fna	/lustre1/g/aos_shihuang/data/gtdb-r207/genomes_all/GCF_016908395.1.fna
GCF_004000865.1	GCF_004000785.1	0.9-0.95	p__Firmicutes	0.9084	/lustre1/g/aos_shihuang/data/gtdb-r207/genomes_all/GCF_004000865.1.fna	/lustre1/g/aos_shihuang/data/gtdb-r207/genomes_all/GCF_004000785.1.fna
GCA_015059015.1	GCA_017398545.1	0.9-0.95	p__Firmicutes	0.9405	/lustre1/g/aos_shihuang/data/gtdb-r207/genomes_all/GCA_015059015.1.fna	/lustre1/g/aos_shihuang/data/gtdb-r207/genomes_all/GCA_017398545.1.fna
GCA_900551535.1	GCA_001058355.1	0.9-0.95	p__Firmicutes	0.9493	/lustre1/g/aos_shihuang/data/gtdb-r207/genomes_all/GCA_900551535.1.fna	/lustre1/g/aos_shihuang/data/gtdb-r207/genomes_all/GCA_001058355.1.fna
GCA_014049385.1	GCF_005864045.1	0.9-0.95	p__Firmicutes	0.9451	/lustre1/g/aos_shihuang/data/gtdb-r207/genomes_all/GCA_014049385.1.fna	/lustre1/g/aos_shihuang/data/gtdb-r207/genomes_all/GCF_005864045.1.fna
GCF_001552255.1	GCF_001552655.1	0.9-0.95	p__Firmicutes	0.9178	/lustre1/g/aos_shihuang/data/gtdb-r207/genomes_all/GCF_001552255.1.fna	/lustre1/g/aos_shihuang/data/gtdb-r207/genomes_all/GCF_001552655.1.fna
GCA_905199855.1	GCA_000432575.1	0.9-0.95	p__Firmicutes	0.9265	/lustre1/g/aos_shihuang/data/gtdb-r207/genomes_all/GCA_905199855.1.fna	/lustre1/g/aos_shihuang/data/gtdb-r207/genomes_all/GCA_000432575.1.fna
GCF_000173915.1	GCF_001553035.1	0.9-0.95	p__Firmicutes	0.9431	/lustre1/g/aos_shihuang/data/gtdb-r207/genomes_all/GCF_000173915.1.fna	/lustre1/g/aos_shihuang/data/gtdb-r207/genomes_all/GCF_001553035.1.fna
GCF_003339775.1	GCF_001886855.1	0.9-0.95	p__Firmicutes	0.9336	/lustre1/g/aos_shihuang/data/gtdb-r207/genomes_all/GCF_003339775.1.fna	/lustre1/g/aos_shihuang/data/gtdb-r207/genomes_all/GCF_001886855.1.fna
GCF_001543205.1	GCF_002083135.2	0.9-0.95	p__Firmicutes	0.9439	/lustre1/g/aos_shihuang/data/gtdb-r207/genomes_all/GCF_001543205.1.fna	/lustre1/g/aos_shihuang/data/gtdb-r207/genomes_all/GCF_002083135.2.fna
GCF_004138285.1	GCF_002574545.1	0.9-0.95	p__Firmicutes	0.9163	/lustre1/g/aos_shihuang/data/gtdb-r207/genomes_all/GCF_004138285.1.fna	/lustre1/g/aos_shihuang/data/gtdb-r207/genomes_all/GCF_002574545.1.fna
GCF_900176265.1	GCF_002276225.1	0.9-0.95	p__Firmicutes	0.9241	/lustre1/g/aos_shihuang/data/gtdb-r207/genomes_all/GCF_900176265.1.fna	/lustre1/g/aos_shihuang/data/gtdb-r207/genomes_all/GCF_002276225.1.fna
GCF_014322795.1	GCF_013820765.1	0.9-0.95	p__Firmicutes	0.9462	/lustre1/g/aos_shihuang/data/gtdb-r207/genomes_all/GCF_014322795.1.fna	/lustre1/g/aos_shihuang/data/gtdb-r207/genomes_all/GCF_013820765.1.fna
GCF_014836645.1	GCF_001629705.1	0.9-0.95	p__Firmicutes	0.9094	/lustre1/g/aos_shihuang/data/gtdb-r207/genomes_all/GCF_014836645.1.fna	/lustre1/g/aos_shihuang/data/gtdb-r207/genomes_all/GCF_001629705.1.fna
GCF_000833605.1	GCF_002742685.1	0.9-0.95	p__Firmicutes	0.9070	/lustre1/g/aos_shihuang/data/gtdb-r207/genomes_all/GCF_000833605.1.fna	/lustre1/g/aos_shihuang/data/gtdb-r207/genomes_all/GCF_002742685.1.fna
GCF_009718825.1	GCF_006517395.1	0.9-0.95	p__Firmicutes	0.9005	/lustre1/g/aos_shihuang/data/gtdb-r207/genomes_all/GCF_009718825.1.fna	/lustre1/g/aos_shihuang/data/gtdb-r207/genomes_all/GCF_006517395.1.fna
GCF_003024685.1	GCF_003024675.1	0.9-0.95	p__Firmicutes	0.9060	/lustre1/g/aos_shihuang/data/gtdb-r207/genomes_all/GCF_003024685.1.fna	/lustre1/g/aos_shihuang/data/gtdb-r207/genomes_all/GCF_003024675.1.fna
GCF_900106595.1	GCF_000420725.1	0.9-0.95	p__Firmicutes	0.9075	/lustre1/g/aos_shihuang/data/gtdb-r207/genomes_all/GCF_900106595.1.fna	/lustre1/g/aos_shihuang/data/gtdb-r207/genomes_all/GCF_000420725.1.fna
GCF_000428925.1	GCF_009864005.1	0.9-0.95	p__Firmicutes	0.9311	/lustre1/g/aos_shihuang/data/gtdb-r207/genomes_all/GCF_000428925.1.fna	/lustre1/g/aos_shihuang/data/gtdb-r207/genomes_all/GCF_009864005.1.fna
GCF_003605405.2	GCF_014836955.1	0.9-0.95	p__Firmicutes	0.9011	/lustre1/g/aos_shihuang/data/gtdb-r207/genomes_all/GCF_003605405.2.fna	/lustre1/g/aos_shihuang/data/gtdb-r207/genomes_all/GCF_014836955.1.fna
GCF_000426085.1	GCF_011393025.1	0.9-0.95	p__Firmicutes	0.9160	/lustre1/g/aos_shihuang/data/gtdb-r207/genomes_all/GCF_000426085.1.fna	/lustre1/g/aos_shihuang/data/gtdb-r207/genomes_all/GCF_011393025.1.fna
GCA_017941505.1	GCA_902772725.1	0.9-0.95	p__Firmicutes	0.9406	/lustre1/g/aos_shihuang/data/gtdb-r207/genomes_all/GCA_017941505.1.fna	/lustre1/g/aos_shihuang/data/gtdb-r207/genomes_all/GCA_902772725.1.fna
GCA_902769185.1	GCA_002342545.1	0.9-0.95	p__Firmicutes	0.9241	/lustre1/g/aos_shihuang/data/gtdb-r207/genomes_all/GCA_902769185.1.fna	/lustre1/g/aos_shihuang/data/gtdb-r207/genomes_all/GCA_002342545.1.fna
GCF_900106845.1	GCF_900015215.1	0.9-0.95	p__Firmicutes_A	0.9148	/lustre1/g/aos_shihuang/data/gtdb-r207/genomes_all/GCF_900106845.1.fna	/lustre1/g/aos_shihuang/data/gtdb-r207/genomes_all/GCF_900015215.1.fna
GCA_900541905.1	GCA_900542375.1	0.9-0.95	p__Firmicutes_A	0.9447	/lustre1/g/aos_shihuang/data/gtdb-r207/genomes_all/GCA_900541905.1.fna	/lustre1/g/aos_shihuang/data/gtdb-r207/genomes_all/GCA_900542375.1.fna
GCA_900542935.1	GCA_002474405.1	0.9-0.95	p__Firmicutes_A	0.9448	/lustre1/g/aos_shihuang/data/gtdb-r207/genomes_all/GCA_900542935.1.fna	/lustre1/g/aos_shihuang/data/gtdb-r207/genomes_all/GCA_002474405.1.fna
GCA_016281805.1	GCA_902783255.1	0.9-0.95	p__Firmicutes_A	0.9404	/lustre1/g/aos_shihuang/data/gtdb-r207/genomes_all/GCA_016281805.1.fna	/lustre1/g/aos_shihuang/data/gtdb-r207/genomes_all/GCA_902783255.1.fna
GCF_000449425.2	GCF_900243075.1	0.9-0.95	p__Firmicutes_A	0.9151	/lustre1/g/aos_shihuang/data/gtdb-r207/genomes_all/GCF_000449425.2.fna	/lustre1/g/aos_shihuang/data/gtdb-r207/genomes_all/GCF_900243075.1.fna
GCA_017461005.1	GCA_017433225.1	0.9-0.95	p__Firmicutes_A	0.9028	/lustre1/g/aos_shihuang/data/gtdb-r207/genomes_all/GCA_017461005.1.fna	/lustre1/g/aos_shihuang/data/gtdb-r207/genomes_all/GCA_017433225.1.fna
GCA_902761585.1	GCF_009696445.1	0.9-0.95	p__Firmicutes_A	0.9489	/lustre1/g/aos_shihuang/data/gtdb-r207/genomes_all/GCA_902761585.1.fna	/lustre1/g/aos_shihuang/data/gtdb-r207/genomes_all/GCF_009696445.1.fna
GCA_905212395.1	GCA_002405165.1	0.9-0.95	p__Firmicutes_A	0.9358	/lustre1/g/aos_shihuang/data/gtdb-r207/genomes_all/GCA_905212395.1.fna	/lustre1/g/aos_shihuang/data/gtdb-r207/genomes_all/GCA_002405165.1.fna
GCA_017381715.1	GCA_017399965.1	0.9-0.95	p__Firmicutes_A	0.9018	/lustre1/g/aos_shihuang/data/gtdb-r207/genomes_all/GCA_017381715.1.fna	/lustre1/g/aos_shihuang/data/gtdb-r207/genomes_all/GCA_017399965.1.fna
GCF_009695905.1	GCA_016775335.1	0.9-0.95	p__Firmicutes_A	0.9269	/lustre1/g/aos_shihuang/data/gtdb-r207/genomes_all/GCF_009695905.1.fna	/lustre1/g/aos_shihuang/data/gtdb-r207/genomes_all/GCA_016775335.1.fna
GCA_015068035.1	GCA_017522015.1	0.9-0.95	p__Firmicutes_A	0.9394	/lustre1/g/aos_shihuang/data/gtdb-r207/genomes_all/GCA_015068035.1.fna	/lustre1/g/aos_shihuang/data/gtdb-r207/genomes_all/GCA_017522015.1.fna
GCA_002424295.1	GCA_902809935.1	0.9-0.95	p__Firmicutes_A	0.9145	/lustre1/g/aos_shihuang/data/gtdb-r207/genomes_all/GCA_002424295.1.fna	/lustre1/g/aos_shihuang/data/gtdb-r207/genomes_all/GCA_902809935.1.fna
GCA_900539725.1	GCA_900539225.1	0.9-0.95	p__Firmicutes_A	0.9466	/lustre1/g/aos_shihuang/data/gtdb-r207/genomes_all/GCA_900539725.1.fna	/lustre1/g/aos_shihuang/data/gtdb-r207/genomes_all/GCA_900539225.1.fna
GCF_001185345.1	GCF_017566055.1	0.9-0.95	p__Firmicutes_A	0.9046	/lustre1/g/aos_shihuang/data/gtdb-r207/genomes_all/GCF_001185345.1.fna	/lustre1/g/aos_shihuang/data/gtdb-r207/genomes_all/GCF_017566055.1.fna
GCA_900766215.1	GCF_003182075.1	0.9-0.95	p__Firmicutes_A	0.9261	/lustre1/g/aos_shihuang/data/gtdb-r207/genomes_all/GCA_900766215.1.fna	/lustre1/g/aos_shihuang/data/gtdb-r207/genomes_all/GCF_003182075.1.fna
GCA_900767835.1	GCA_900768425.1	0.9-0.95	p__Firmicutes_A	0.9045	/lustre1/g/aos_shihuang/data/gtdb-r207/genomes_all/GCA_900767835.1.fna	/lustre1/g/aos_shihuang/data/gtdb-r207/genomes_all/GCA_900768425.1.fna
GCF_001404875.1	GCF_000154065.1	0.9-0.95	p__Firmicutes_A	0.9127	/lustre1/g/aos_shihuang/data/gtdb-r207/genomes_all/GCF_001404875.1.fna	/lustre1/g/aos_shihuang/data/gtdb-r207/genomes_all/GCF_000154065.1.fna
GCA_017433225.1	GCA_900317985.1	0.9-0.95	p__Firmicutes_A	0.9353	/lustre1/g/aos_shihuang/data/gtdb-r207/genomes_all/GCA_017433225.1.fna	/lustre1/g/aos_shihuang/data/gtdb-r207/genomes_all/GCA_900317985.1.fna
GCA_015063805.1	GCA_017466495.1	0.9-0.95	p__Firmicutes_A	0.9325	/lustre1/g/aos_shihuang/data/gtdb-r207/genomes_all/GCA_015063805.1.fna	/lustre1/g/aos_shihuang/data/gtdb-r207/genomes_all/GCA_017466495.1.fna
GCA_904502055.1	GCA_017621015.1	0.9-0.95	p__Firmicutes_A	0.9083	/lustre1/g/aos_shihuang/data/gtdb-r207/genomes_all/GCA_904502055.1.fna	/lustre1/g/aos_shihuang/data/gtdb-r207/genomes_all/GCA_017621015.1.fna
GCA_017646185.1	GCA_017537345.1	0.9-0.95	p__Firmicutes_A	0.9244	/lustre1/g/aos_shihuang/data/gtdb-r207/genomes_all/GCA_017646185.1.fna	/lustre1/g/aos_shihuang/data/gtdb-r207/genomes_all/GCA_017537345.1.fna
GCA_900544375.1	GCA_900544715.1	0.9-0.95	p__Firmicutes_A	0.9008	/lustre1/g/aos_shihuang/data/gtdb-r207/genomes_all/GCA_900544375.1.fna	/lustre1/g/aos_shihuang/data/gtdb-r207/genomes_all/GCA_900544715.1.fna
GCF_017566145.1	GCF_001486165.1	0.9-0.95	p__Firmicutes_A	0.9325	/lustre1/g/aos_shihuang/data/gtdb-r207/genomes_all/GCF_017566145.1.fna	/lustre1/g/aos_shihuang/data/gtdb-r207/genomes_all/GCF_001486165.1.fna
GCF_018785175.1	GCF_902381825.1	0.9-0.95	p__Firmicutes_A	0.9100	/lustre1/g/aos_shihuang/data/gtdb-r207/genomes_all/GCF_018785175.1.fna	/lustre1/g/aos_shihuang/data/gtdb-r207/genomes_all/GCF_902381825.1.fna
GCA_017962825.1	GCA_016291475.1	0.9-0.95	p__Firmicutes_A	0.9034	/lustre1/g/aos_shihuang/data/gtdb-r207/genomes_all/GCA_017962825.1.fna	/lustre1/g/aos_shihuang/data/gtdb-r207/genomes_all/GCA_016291475.1.fna
GCF_001077535.1	GCF_000449425.2	0.9-0.95	p__Firmicutes_A	0.9091	/lustre1/g/aos_shihuang/data/gtdb-r207/genomes_all/GCF_001077535.1.fna	/lustre1/g/aos_shihuang/data/gtdb-r207/genomes_all/GCF_000449425.2.fna
GCA_900316395.1	GCA_905234245.1	0.9-0.95	p__Firmicutes_A	0.9414	/lustre1/g/aos_shihuang/data/gtdb-r207/genomes_all/GCA_900316395.1.fna	/lustre1/g/aos_shihuang/data/gtdb-r207/genomes_all/GCA_905234245.1.fna
GCF_001889325.1	GCF_001020205.1	0.9-0.95	p__Firmicutes_A	0.9438	/lustre1/g/aos_shihuang/data/gtdb-r207/genomes_all/GCF_001889325.1.fna	/lustre1/g/aos_shihuang/data/gtdb-r207/genomes_all/GCF_001020205.1.fna
GCF_000633595.2	GCF_001038625.1	0.9-0.95	p__Firmicutes_A	0.9183	/lustre1/g/aos_shihuang/data/gtdb-r207/genomes_all/GCF_000633595.2.fna	/lustre1/g/aos_shihuang/data/gtdb-r207/genomes_all/GCF_001038625.1.fna
GCA_017500845.1	GCA_015055705.1	0.9-0.95	p__Firmicutes_A	0.9292	/lustre1/g/aos_shihuang/data/gtdb-r207/genomes_all/GCA_017500845.1.fna	/lustre1/g/aos_shihuang/data/gtdb-r207/genomes_all/GCA_015055705.1.fna
GCF_900107815.1	GCF_900107125.1	0.9-0.95	p__Firmicutes_A	0.9152	/lustre1/g/aos_shihuang/data/gtdb-r207/genomes_all/GCF_900107815.1.fna	/lustre1/g/aos_shihuang/data/gtdb-r207/genomes_all/GCF_900107125.1.fna
GCA_904419835.1	GCF_000169255.2	0.9-0.95	p__Firmicutes_A	0.9157	/lustre1/g/aos_shihuang/data/gtdb-r207/genomes_all/GCA_904419835.1.fna	/lustre1/g/aos_shihuang/data/gtdb-r207/genomes_all/GCF_000169255.2.fna
GCA_002411615.1	GCA_902809935.1	0.9-0.95	p__Firmicutes_A	0.9050	/lustre1/g/aos_shihuang/data/gtdb-r207/genomes_all/GCA_002411615.1.fna	/lustre1/g/aos_shihuang/data/gtdb-r207/genomes_all/GCA_902809935.1.fna
GCF_000010185.1	GCA_018371055.1	0.9-0.95	p__Firmicutes_A	0.9115	/lustre1/g/aos_shihuang/data/gtdb-r207/genomes_all/GCF_000010185.1.fna	/lustre1/g/aos_shihuang/data/gtdb-r207/genomes_all/GCA_018371055.1.fna
GCA_900766395.1	GCA_900552105.1	0.9-0.95	p__Firmicutes_A	0.9256	/lustre1/g/aos_shihuang/data/gtdb-r207/genomes_all/GCA_900766395.1.fna	/lustre1/g/aos_shihuang/data/gtdb-r207/genomes_all/GCA_900552105.1.fna
GCA_017557265.1	GCA_017550645.1	0.9-0.95	p__Firmicutes_A	0.9110	/lustre1/g/aos_shihuang/data/gtdb-r207/genomes_all/GCA_017557265.1.fna	/lustre1/g/aos_shihuang/data/gtdb-r207/genomes_all/GCA_017550645.1.fna
GCF_900142955.1	GCA_018372435.1	0.9-0.95	p__Firmicutes_A	0.9463	/lustre1/g/aos_shihuang/data/gtdb-r207/genomes_all/GCF_900142955.1.fna	/lustre1/g/aos_shihuang/data/gtdb-r207/genomes_all/GCA_018372435.1.fna
GCA_900550095.1	GCA_904399395.1	0.9-0.95	p__Firmicutes_A	0.9036	/lustre1/g/aos_shihuang/data/gtdb-r207/genomes_all/GCA_900550095.1.fna	/lustre1/g/aos_shihuang/data/gtdb-r207/genomes_all/GCA_904399395.1.fna
GCA_900548305.1	GCA_900542375.1	0.9-0.95	p__Firmicutes_A	0.9030	/lustre1/g/aos_shihuang/data/gtdb-r207/genomes_all/GCA_900548305.1.fna	/lustre1/g/aos_shihuang/data/gtdb-r207/genomes_all/GCA_900542375.1.fna
GCF_002102475.1	GCF_009905255.1	0.9-0.95	p__Firmicutes_A	0.9199	/lustre1/g/aos_shihuang/data/gtdb-r207/genomes_all/GCF_002102475.1.fna	/lustre1/g/aos_shihuang/data/gtdb-r207/genomes_all/GCF_009905255.1.fna
GCA_003160265.1	GCA_003132605.1	0.9-0.95	p__Firmicutes_B	0.9163	/lustre1/g/aos_shihuang/data/gtdb-r207/genomes_all/GCA_003160265.1.fna	/lustre1/g/aos_shihuang/data/gtdb-r207/genomes_all/GCA_003132605.1.fna
GCA_012518875.1	GCA_013201395.1	0.9-0.95	p__Firmicutes_B	0.9264	/lustre1/g/aos_shihuang/data/gtdb-r207/genomes_all/GCA_012518875.1.fna	/lustre1/g/aos_shihuang/data/gtdb-r207/genomes_all/GCA_013201395.1.fna
GCA_012840405.1	GCA_012842275.1	0.9-0.95	p__Firmicutes_B	0.9098	/lustre1/g/aos_shihuang/data/gtdb-r207/genomes_all/GCA_012840405.1.fna	/lustre1/g/aos_shihuang/data/gtdb-r207/genomes_all/GCA_012842275.1.fna
GCA_019008365.1	GCA_016841725.1	0.9-0.95	p__Firmicutes_B	0.9100	/lustre1/g/aos_shihuang/data/gtdb-r207/genomes_all/GCA_019008365.1.fna	/lustre1/g/aos_shihuang/data/gtdb-r207/genomes_all/GCA_016841725.1.fna
GCA_902812385.1	GCA_902812435.1	0.9-0.95	p__Firmicutes_B	0.9128	/lustre1/g/aos_shihuang/data/gtdb-r207/genomes_all/GCA_902812385.1.fna	/lustre1/g/aos_shihuang/data/gtdb-r207/genomes_all/GCA_902812435.1.fna
GCA_009910795.1	GCF_000512895.1	0.9-0.95	p__Firmicutes_B	0.9433	/lustre1/g/aos_shihuang/data/gtdb-r207/genomes_all/GCA_009910795.1.fna	/lustre1/g/aos_shihuang/data/gtdb-r207/genomes_all/GCF_000512895.1.fna
GCF_001950325.1	GCF_000012865.1	0.9-0.95	p__Firmicutes_B	0.9272	/lustre1/g/aos_shihuang/data/gtdb-r207/genomes_all/GCF_001950325.1.fna	/lustre1/g/aos_shihuang/data/gtdb-r207/genomes_all/GCF_000012865.1.fna
GCA_003513005.1	GCA_002418775.1	0.9-0.95	p__Firmicutes_B	0.9045	/lustre1/g/aos_shihuang/data/gtdb-r207/genomes_all/GCA_003513005.1.fna	/lustre1/g/aos_shihuang/data/gtdb-r207/genomes_all/GCA_002418775.1.fna
GCA_009711705.1	GCA_016278505.1	0.9-0.95	p__Firmicutes_B	0.9440	/lustre1/g/aos_shihuang/data/gtdb-r207/genomes_all/GCA_009711705.1.fna	/lustre1/g/aos_shihuang/data/gtdb-r207/genomes_all/GCA_016278505.1.fna
GCA_000214705.1	GCF_003627965.1	0.9-0.95	p__Firmicutes_B	0.9357	/lustre1/g/aos_shihuang/data/gtdb-r207/genomes_all/GCA_000214705.1.fna	/lustre1/g/aos_shihuang/data/gtdb-r207/genomes_all/GCF_003627965.1.fna
GCF_001570625.1	GCF_000014725.1	0.9-0.95	p__Firmicutes_B	0.9329	/lustre1/g/aos_shihuang/data/gtdb-r207/genomes_all/GCF_001570625.1.fna	/lustre1/g/aos_shihuang/data/gtdb-r207/genomes_all/GCF_000014725.1.fna
GCA_012840385.1	GCA_902812435.1	0.9-0.95	p__Firmicutes_B	0.9083	/lustre1/g/aos_shihuang/data/gtdb-r207/genomes_all/GCA_012840385.1.fna	/lustre1/g/aos_shihuang/data/gtdb-r207/genomes_all/GCA_902812435.1.fna
GCA_012840405.1	GCA_001513545.1	0.9-0.95	p__Firmicutes_B	0.9148	/lustre1/g/aos_shihuang/data/gtdb-r207/genomes_all/GCA_012840405.1.fna	/lustre1/g/aos_shihuang/data/gtdb-r207/genomes_all/GCA_001513545.1.fna
GCA_009910795.1	GCF_004343605.1	0.9-0.95	p__Firmicutes_B	0.9250	/lustre1/g/aos_shihuang/data/gtdb-r207/genomes_all/GCA_009910795.1.fna	/lustre1/g/aos_shihuang/data/gtdb-r207/genomes_all/GCF_004343605.1.fna
GCA_018432615.1	GCA_018433675.1	0.9-0.95	p__Firmicutes_B	0.9161	/lustre1/g/aos_shihuang/data/gtdb-r207/genomes_all/GCA_018432615.1.fna	/lustre1/g/aos_shihuang/data/gtdb-r207/genomes_all/GCA_018433675.1.fna
GCA_900766245.1	GCF_003992015.1	0.9-0.95	p__Firmicutes_C	0.9328	/lustre1/g/aos_shihuang/data/gtdb-r207/genomes_all/GCA_900766245.1.fna	/lustre1/g/aos_shihuang/data/gtdb-r207/genomes_all/GCF_003992015.1.fna
GCA_902780915.1	GCA_017635515.1	0.9-0.95	p__Firmicutes_C	0.9030	/lustre1/g/aos_shihuang/data/gtdb-r207/genomes_all/GCA_902780915.1.fna	/lustre1/g/aos_shihuang/data/gtdb-r207/genomes_all/GCA_017635515.1.fna
GCA_900770895.1	GCA_902766095.1	0.9-0.95	p__Firmicutes_C	0.9437	/lustre1/g/aos_shihuang/data/gtdb-r207/genomes_all/GCA_900770895.1.fna	/lustre1/g/aos_shihuang/data/gtdb-r207/genomes_all/GCA_902766095.1.fna
GCA_900554395.1	GCA_905207485.1	0.9-0.95	p__Firmicutes_C	0.9307	/lustre1/g/aos_shihuang/data/gtdb-r207/genomes_all/GCA_900554395.1.fna	/lustre1/g/aos_shihuang/data/gtdb-r207/genomes_all/GCA_905207485.1.fna
GCF_003999875.1	GCF_001553345.1	0.9-0.95	p__Firmicutes_C	0.9082	/lustre1/g/aos_shihuang/data/gtdb-r207/genomes_all/GCF_003999875.1.fna	/lustre1/g/aos_shihuang/data/gtdb-r207/genomes_all/GCF_001553345.1.fna
GCF_902506685.1	GCA_900155405.1	0.9-0.95	p__Firmicutes_C	0.9385	/lustre1/g/aos_shihuang/data/gtdb-r207/genomes_all/GCF_902506685.1.fna	/lustre1/g/aos_shihuang/data/gtdb-r207/genomes_all/GCA_900155405.1.fna
GCA_900556745.1	GCF_902506685.1	0.9-0.95	p__Firmicutes_C	0.9490	/lustre1/g/aos_shihuang/data/gtdb-r207/genomes_all/GCA_900556745.1.fna	/lustre1/g/aos_shihuang/data/gtdb-r207/genomes_all/GCF_902506685.1.fna
GCA_902801565.1	GCA_017444295.1	0.9-0.95	p__Firmicutes_C	0.9252	/lustre1/g/aos_shihuang/data/gtdb-r207/genomes_all/GCA_902801565.1.fna	/lustre1/g/aos_shihuang/data/gtdb-r207/genomes_all/GCA_017444295.1.fna
GCA_900318215.1	GCA_902780535.1	0.9-0.95	p__Firmicutes_C	0.9434	/lustre1/g/aos_shihuang/data/gtdb-r207/genomes_all/GCA_900318215.1.fna	/lustre1/g/aos_shihuang/data/gtdb-r207/genomes_all/GCA_902780535.1.fna
GCF_900110485.1	GCF_900141835.1	0.9-0.95	p__Firmicutes_C	0.9329	/lustre1/g/aos_shihuang/data/gtdb-r207/genomes_all/GCF_900110485.1.fna	/lustre1/g/aos_shihuang/data/gtdb-r207/genomes_all/GCF_900141835.1.fna
GCF_000286455.1	GCF_001683335.1	0.9-0.95	p__Firmicutes_C	0.9005	/lustre1/g/aos_shihuang/data/gtdb-r207/genomes_all/GCF_000286455.1.fna	/lustre1/g/aos_shihuang/data/gtdb-r207/genomes_all/GCF_001683335.1.fna
GCA_017390595.1	GCA_017442105.1	0.9-0.95	p__Firmicutes_C	0.9098	/lustre1/g/aos_shihuang/data/gtdb-r207/genomes_all/GCA_017390595.1.fna	/lustre1/g/aos_shihuang/data/gtdb-r207/genomes_all/GCA_017442105.1.fna
GCA_902801365.1	GCF_900112895.1	0.9-0.95	p__Firmicutes_C	0.9313	/lustre1/g/aos_shihuang/data/gtdb-r207/genomes_all/GCA_902801365.1.fna	/lustre1/g/aos_shihuang/data/gtdb-r207/genomes_all/GCF_900112895.1.fna
GCA_900155405.1	GCA_900556745.1	0.9-0.95	p__Firmicutes_C	0.9445	/lustre1/g/aos_shihuang/data/gtdb-r207/genomes_all/GCA_900155405.1.fna	/lustre1/g/aos_shihuang/data/gtdb-r207/genomes_all/GCA_900556745.1.fna
GCF_000271665.2	GCA_002434245.1	0.9-0.95	p__Firmicutes_C	0.9154	/lustre1/g/aos_shihuang/data/gtdb-r207/genomes_all/GCF_000271665.2.fna	/lustre1/g/aos_shihuang/data/gtdb-r207/genomes_all/GCA_002434245.1.fna
GCA_003541445.1	GCA_003530255.1	0.9-0.95	p__Firmicutes_E	0.9476	/lustre1/g/aos_shihuang/data/gtdb-r207/genomes_all/GCA_003541445.1.fna	/lustre1/g/aos_shihuang/data/gtdb-r207/genomes_all/GCA_003530255.1.fna
GCA_007128555.1	GCA_003566675.1	0.9-0.95	p__Firmicutes_E	0.9033	/lustre1/g/aos_shihuang/data/gtdb-r207/genomes_all/GCA_007128555.1.fna	/lustre1/g/aos_shihuang/data/gtdb-r207/genomes_all/GCA_003566675.1.fna
GCA_003554685.1	GCA_007134885.1	0.9-0.95	p__Firmicutes_F	0.9059	/lustre1/g/aos_shihuang/data/gtdb-r207/genomes_all/GCA_003554685.1.fna	/lustre1/g/aos_shihuang/data/gtdb-r207/genomes_all/GCA_007134885.1.fna
GCA_018399995.1	GCA_018334565.1	0.9-0.95	p__Firmicutes_F	0.9252	/lustre1/g/aos_shihuang/data/gtdb-r207/genomes_all/GCA_018399995.1.fna	/lustre1/g/aos_shihuang/data/gtdb-r207/genomes_all/GCA_018334565.1.fna
GCA_012516125.1	GCA_014360195.1	0.9-0.95	p__Firmicutes_G	0.9333	/lustre1/g/aos_shihuang/data/gtdb-r207/genomes_all/GCA_012516125.1.fna	/lustre1/g/aos_shihuang/data/gtdb-r207/genomes_all/GCA_014360195.1.fna
GCA_002398515.1	GCA_012841305.1	0.9-0.95	p__Firmicutes_G	0.9057	/lustre1/g/aos_shihuang/data/gtdb-r207/genomes_all/GCA_002398515.1.fna	/lustre1/g/aos_shihuang/data/gtdb-r207/genomes_all/GCA_012841305.1.fna
GCA_905371725.1	GCF_001274535.1	0.9-0.95	p__Fusobacteriota	0.9406	/lustre1/g/aos_shihuang/data/gtdb-r207/genomes_all/GCA_905371725.1.fna	/lustre1/g/aos_shihuang/data/gtdb-r207/genomes_all/GCF_001274535.1.fna
GCF_002761955.1	GCF_000160475.1	0.9-0.95	p__Fusobacteriota	0.9270	/lustre1/g/aos_shihuang/data/gtdb-r207/genomes_all/GCF_002761955.1.fna	/lustre1/g/aos_shihuang/data/gtdb-r207/genomes_all/GCF_000160475.1.fna
GCF_900683735.1	GCF_003019675.1	0.9-0.95	p__Fusobacteriota	0.9099	/lustre1/g/aos_shihuang/data/gtdb-r207/genomes_all/GCF_900683735.1.fna	/lustre1/g/aos_shihuang/data/gtdb-r207/genomes_all/GCF_003019675.1.fna
GCF_007990635.1	GCF_007990525.1	0.9-0.95	p__Fusobacteriota	0.9230	/lustre1/g/aos_shihuang/data/gtdb-r207/genomes_all/GCF_007990635.1.fna	/lustre1/g/aos_shihuang/data/gtdb-r207/genomes_all/GCF_007990525.1.fna
GCF_002573625.1	GCF_016724785.1	0.9-0.95	p__Fusobacteriota	0.9170	/lustre1/g/aos_shihuang/data/gtdb-r207/genomes_all/GCF_002573625.1.fna	/lustre1/g/aos_shihuang/data/gtdb-r207/genomes_all/GCF_016724785.1.fna
GCA_016704275.1	GCA_016720805.1	0.9-0.95	p__Gemmatimonadota	0.9164	/lustre1/g/aos_shihuang/data/gtdb-r207/genomes_all/GCA_016704275.1.fna	/lustre1/g/aos_shihuang/data/gtdb-r207/genomes_all/GCA_016720805.1.fna
GCA_009843625.1	GCA_009840525.1	0.9-0.95	p__Gemmatimonadota	0.9383	/lustre1/g/aos_shihuang/data/gtdb-r207/genomes_all/GCA_009843625.1.fna	/lustre1/g/aos_shihuang/data/gtdb-r207/genomes_all/GCA_009840525.1.fna
GCA_003220935.1	GCA_001917665.1	0.9-0.95	p__Gemmatimonadota	0.9178	/lustre1/g/aos_shihuang/data/gtdb-r207/genomes_all/GCA_003220935.1.fna	/lustre1/g/aos_shihuang/data/gtdb-r207/genomes_all/GCA_001917665.1.fna
GCA_002501085.1	GCA_002313925.1	0.9-0.95	p__Gemmatimonadota	0.9438	/lustre1/g/aos_shihuang/data/gtdb-r207/genomes_all/GCA_002501085.1.fna	/lustre1/g/aos_shihuang/data/gtdb-r207/genomes_all/GCA_002313925.1.fna
GCA_007126575.1	GCA_007692605.1	0.9-0.95	p__Gemmatimonadota	0.9078	/lustre1/g/aos_shihuang/data/gtdb-r207/genomes_all/GCA_007126575.1.fna	/lustre1/g/aos_shihuang/data/gtdb-r207/genomes_all/GCA_007692605.1.fna
GCA_009838765.1	GCA_009840115.1	0.9-0.95	p__Gemmatimonadota	0.9090	/lustre1/g/aos_shihuang/data/gtdb-r207/genomes_all/GCA_009838765.1.fna	/lustre1/g/aos_shihuang/data/gtdb-r207/genomes_all/GCA_009840115.1.fna
GCA_003222115.1	GCA_003221995.1	0.9-0.95	p__Gemmatimonadota	0.9164	/lustre1/g/aos_shihuang/data/gtdb-r207/genomes_all/GCA_003222115.1.fna	/lustre1/g/aos_shihuang/data/gtdb-r207/genomes_all/GCA_003221995.1.fna
GCA_009840115.1	GCA_009841005.1	0.9-0.95	p__Gemmatimonadota	0.9038	/lustre1/g/aos_shihuang/data/gtdb-r207/genomes_all/GCA_009840115.1.fna	/lustre1/g/aos_shihuang/data/gtdb-r207/genomes_all/GCA_009841005.1.fna
GCA_017881585.1	GCA_003171215.1	0.9-0.95	p__Gemmatimonadota	0.9383	/lustre1/g/aos_shihuang/data/gtdb-r207/genomes_all/GCA_017881585.1.fna	/lustre1/g/aos_shihuang/data/gtdb-r207/genomes_all/GCA_003171215.1.fna
GCA_009838975.1	GCA_009841165.1	0.9-0.95	p__Gemmatimonadota	0.9494	/lustre1/g/aos_shihuang/data/gtdb-r207/genomes_all/GCA_009838975.1.fna	/lustre1/g/aos_shihuang/data/gtdb-r207/genomes_all/GCA_009841165.1.fna
GCA_002348265.1	GCA_002348465.1	0.9-0.95	p__Gemmatimonadota	0.9385	/lustre1/g/aos_shihuang/data/gtdb-r207/genomes_all/GCA_002348265.1.fna	/lustre1/g/aos_shihuang/data/gtdb-r207/genomes_all/GCA_002348465.1.fna
GCF_900215215.1	GCF_001889405.1	0.9-0.95	p__Halobacteriota	0.9190	/lustre1/g/aos_shihuang/data/gtdb-r207/genomes_all/GCF_900215215.1.fna	/lustre1/g/aos_shihuang/data/gtdb-r207/genomes_all/GCF_001889405.1.fna
GCA_004212095.1	GCA_905067535.1	0.9-0.95	p__Halobacteriota	0.9196	/lustre1/g/aos_shihuang/data/gtdb-r207/genomes_all/GCA_004212095.1.fna	/lustre1/g/aos_shihuang/data/gtdb-r207/genomes_all/GCA_905067535.1.fna
GCA_004193545.1	GCA_004212095.1	0.9-0.95	p__Halobacteriota	0.9334	/lustre1/g/aos_shihuang/data/gtdb-r207/genomes_all/GCA_004193545.1.fna	/lustre1/g/aos_shihuang/data/gtdb-r207/genomes_all/GCA_004212095.1.fna
GCA_013139985.1	GCA_009903405.1	0.9-0.95	p__Halobacteriota	0.9345	/lustre1/g/aos_shihuang/data/gtdb-r207/genomes_all/GCA_013139985.1.fna	/lustre1/g/aos_shihuang/data/gtdb-r207/genomes_all/GCA_009903405.1.fna
GCF_003336245.1	GCF_003342675.1	0.9-0.95	p__Halobacteriota	0.9063	/lustre1/g/aos_shihuang/data/gtdb-r207/genomes_all/GCF_003336245.1.fna	/lustre1/g/aos_shihuang/data/gtdb-r207/genomes_all/GCF_003342675.1.fna
GCF_000337495.1	GCF_000025325.1	0.9-0.95	p__Halobacteriota	0.9197	/lustre1/g/aos_shihuang/data/gtdb-r207/genomes_all/GCF_000337495.1.fna	/lustre1/g/aos_shihuang/data/gtdb-r207/genomes_all/GCF_000025325.1.fna
GCF_002355635.1	GCF_900107205.1	0.9-0.95	p__Halobacteriota	0.9088	/lustre1/g/aos_shihuang/data/gtdb-r207/genomes_all/GCF_002355635.1.fna	/lustre1/g/aos_shihuang/data/gtdb-r207/genomes_all/GCF_900107205.1.fna
GCF_000025325.1	GCF_013342135.1	0.9-0.95	p__Halobacteriota	0.9221	/lustre1/g/aos_shihuang/data/gtdb-r207/genomes_all/GCF_000025325.1.fna	/lustre1/g/aos_shihuang/data/gtdb-r207/genomes_all/GCF_013342135.1.fna
GCA_009618475.1	GCA_016782355.1	0.9-0.95	p__Halobacteriota	0.9476	/lustre1/g/aos_shihuang/data/gtdb-r207/genomes_all/GCA_009618475.1.fna	/lustre1/g/aos_shihuang/data/gtdb-r207/genomes_all/GCA_016782355.1.fna
GCA_003552885.1	GCA_001564115.1	0.9-0.95	p__Halobacteriota	0.9077	/lustre1/g/aos_shihuang/data/gtdb-r207/genomes_all/GCA_003552885.1.fna	/lustre1/g/aos_shihuang/data/gtdb-r207/genomes_all/GCA_001564115.1.fna
GCA_002509485.1	GCA_001412335.1	0.9-0.95	p__Halobacteriota	0.9270	/lustre1/g/aos_shihuang/data/gtdb-r207/genomes_all/GCA_002509485.1.fna	/lustre1/g/aos_shihuang/data/gtdb-r207/genomes_all/GCA_001412335.1.fna
GCF_001889405.1	GCF_004137855.1	0.9-0.95	p__Halobacteriota	0.9242	/lustre1/g/aos_shihuang/data/gtdb-r207/genomes_all/GCF_001889405.1.fna	/lustre1/g/aos_shihuang/data/gtdb-r207/genomes_all/GCF_004137855.1.fna
GCA_003315675.1	GCA_002498375.1	0.9-0.95	p__Halobacteriota	0.9163	/lustre1/g/aos_shihuang/data/gtdb-r207/genomes_all/GCA_003315675.1.fna	/lustre1/g/aos_shihuang/data/gtdb-r207/genomes_all/GCA_002498375.1.fna
GCF_900774055.1	GCF_900111645.1	0.9-0.95	p__Halobacteriota	0.9041	/lustre1/g/aos_shihuang/data/gtdb-r207/genomes_all/GCF_900774055.1.fna	/lustre1/g/aos_shihuang/data/gtdb-r207/genomes_all/GCF_900111645.1.fna
GCF_001488575.1	GCF_001485535.1	0.9-0.95	p__Halobacteriota	0.9008	/lustre1/g/aos_shihuang/data/gtdb-r207/genomes_all/GCF_001488575.1.fna	/lustre1/g/aos_shihuang/data/gtdb-r207/genomes_all/GCF_001485535.1.fna
GCF_000025325.1	GCF_003977755.1	0.9-0.95	p__Halobacteriota	0.9177	/lustre1/g/aos_shihuang/data/gtdb-r207/genomes_all/GCF_000025325.1.fna	/lustre1/g/aos_shihuang/data/gtdb-r207/genomes_all/GCF_003977755.1.fna
GCF_000147875.1	GCF_000784355.1	0.9-0.95	p__Halobacteriota	0.9286	/lustre1/g/aos_shihuang/data/gtdb-r207/genomes_all/GCF_000147875.1.fna	/lustre1/g/aos_shihuang/data/gtdb-r207/genomes_all/GCF_000784355.1.fna
GCF_000217715.1	GCF_003610195.1	0.9-0.95	p__Halobacteriota	0.9150	/lustre1/g/aos_shihuang/data/gtdb-r207/genomes_all/GCF_000217715.1.fna	/lustre1/g/aos_shihuang/data/gtdb-r207/genomes_all/GCF_003610195.1.fna
GCF_001469875.2	GCF_000025685.1	0.9-0.95	p__Halobacteriota	0.9345	/lustre1/g/aos_shihuang/data/gtdb-r207/genomes_all/GCF_001469875.2.fna	/lustre1/g/aos_shihuang/data/gtdb-r207/genomes_all/GCF_000025685.1.fna
GCA_002068435.1	GCA_012516785.1	0.9-0.95	p__Halobacteriota	0.9000	/lustre1/g/aos_shihuang/data/gtdb-r207/genomes_all/GCA_002068435.1.fna	/lustre1/g/aos_shihuang/data/gtdb-r207/genomes_all/GCA_012516785.1.fna
GCA_002010075.1	GCA_003661015.1	0.9-0.95	p__Halobacteriota	0.9340	/lustre1/g/aos_shihuang/data/gtdb-r207/genomes_all/GCA_002010075.1.fna	/lustre1/g/aos_shihuang/data/gtdb-r207/genomes_all/GCA_003661015.1.fna
GCA_004212085.1	GCA_902158745.1	0.9-0.95	p__Halobacteriota	0.9398	/lustre1/g/aos_shihuang/data/gtdb-r207/genomes_all/GCA_004212085.1.fna	/lustre1/g/aos_shihuang/data/gtdb-r207/genomes_all/GCA_902158745.1.fna
GCA_012510295.1	GCA_012521035.1	0.9-0.95	p__Halobacteriota	0.9158	/lustre1/g/aos_shihuang/data/gtdb-r207/genomes_all/GCA_012510295.1.fna	/lustre1/g/aos_shihuang/data/gtdb-r207/genomes_all/GCA_012521035.1.fna
GCA_009649835.1	GCA_014237145.1	0.9-0.95	p__Halobacteriota	0.9286	/lustre1/g/aos_shihuang/data/gtdb-r207/genomes_all/GCA_009649835.1.fna	/lustre1/g/aos_shihuang/data/gtdb-r207/genomes_all/GCA_014237145.1.fna
GCA_002509485.1	GCA_018432765.1	0.9-0.95	p__Halobacteriota	0.9456	/lustre1/g/aos_shihuang/data/gtdb-r207/genomes_all/GCA_002509485.1.fna	/lustre1/g/aos_shihuang/data/gtdb-r207/genomes_all/GCA_018432765.1.fna
GCF_002761295.1	GCF_004137855.1	0.9-0.95	p__Halobacteriota	0.9438	/lustre1/g/aos_shihuang/data/gtdb-r207/genomes_all/GCF_002761295.1.fna	/lustre1/g/aos_shihuang/data/gtdb-r207/genomes_all/GCF_004137855.1.fna
GCF_000337455.1	GCF_013415905.1	0.9-0.95	p__Halobacteriota	0.9006	/lustre1/g/aos_shihuang/data/gtdb-r207/genomes_all/GCF_000337455.1.fna	/lustre1/g/aos_shihuang/data/gtdb-r207/genomes_all/GCF_013415905.1.fna
GCF_000025865.1	GCF_003722075.1	0.9-0.95	p__Halobacteriota	0.9067	/lustre1/g/aos_shihuang/data/gtdb-r207/genomes_all/GCF_000025865.1.fna	/lustre1/g/aos_shihuang/data/gtdb-r207/genomes_all/GCF_003722075.1.fna
GCF_000196655.1	GCA_018609725.1	0.9-0.95	p__Halobacteriota	0.9445	/lustre1/g/aos_shihuang/data/gtdb-r207/genomes_all/GCF_000196655.1.fna	/lustre1/g/aos_shihuang/data/gtdb-r207/genomes_all/GCA_018609725.1.fna
GCF_013342135.1	GCF_000337495.1	0.9-0.95	p__Halobacteriota	0.9461	/lustre1/g/aos_shihuang/data/gtdb-r207/genomes_all/GCF_013342135.1.fna	/lustre1/g/aos_shihuang/data/gtdb-r207/genomes_all/GCF_000337495.1.fna
GCA_003021175.1	GCA_003023185.1	0.9-0.95	p__Halobacteriota	0.9363	/lustre1/g/aos_shihuang/data/gtdb-r207/genomes_all/GCA_003021175.1.fna	/lustre1/g/aos_shihuang/data/gtdb-r207/genomes_all/GCA_003023185.1.fna
GCA_013180605.1	GCA_003160755.1	0.9-0.95	p__Halobacteriota	0.9155	/lustre1/g/aos_shihuang/data/gtdb-r207/genomes_all/GCA_013180605.1.fna	/lustre1/g/aos_shihuang/data/gtdb-r207/genomes_all/GCA_003160755.1.fna
GCF_900215215.1	GCF_003722075.1	0.9-0.95	p__Halobacteriota	0.9306	/lustre1/g/aos_shihuang/data/gtdb-r207/genomes_all/GCF_900215215.1.fna	/lustre1/g/aos_shihuang/data/gtdb-r207/genomes_all/GCF_003722075.1.fna
GCF_000970045.1	GCA_013329415.1	0.9-0.95	p__Halobacteriota	0.9196	/lustre1/g/aos_shihuang/data/gtdb-r207/genomes_all/GCF_000970045.1.fna	/lustre1/g/aos_shihuang/data/gtdb-r207/genomes_all/GCA_013329415.1.fna
GCF_000336815.1	GCF_000337795.1	0.9-0.95	p__Halobacteriota	0.9314	/lustre1/g/aos_shihuang/data/gtdb-r207/genomes_all/GCF_000336815.1.fna	/lustre1/g/aos_shihuang/data/gtdb-r207/genomes_all/GCF_000337795.1.fna
GCF_000337375.1	GCF_007671685.1	0.9-0.95	p__Halobacteriota	0.9021	/lustre1/g/aos_shihuang/data/gtdb-r207/genomes_all/GCF_000337375.1.fna	/lustre1/g/aos_shihuang/data/gtdb-r207/genomes_all/GCF_007671685.1.fna
GCA_009649835.1	GCA_013330355.1	0.9-0.95	p__Halobacteriota	0.9152	/lustre1/g/aos_shihuang/data/gtdb-r207/genomes_all/GCA_009649835.1.fna	/lustre1/g/aos_shihuang/data/gtdb-r207/genomes_all/GCA_013330355.1.fna
GCA_016841265.1	GCA_013329415.1	0.9-0.95	p__Halobacteriota	0.9266	/lustre1/g/aos_shihuang/data/gtdb-r207/genomes_all/GCA_016841265.1.fna	/lustre1/g/aos_shihuang/data/gtdb-r207/genomes_all/GCA_013329415.1.fna
GCA_003229935.1	GCA_002897955.1	0.9-0.95	p__Hydrothermarchaeota	0.9302	/lustre1/g/aos_shihuang/data/gtdb-r207/genomes_all/GCA_003229935.1.fna	/lustre1/g/aos_shihuang/data/gtdb-r207/genomes_all/GCA_002897955.1.fna
GCA_009838645.1	GCA_009841265.1	0.9-0.95	p__JAAXHH01	0.9360	/lustre1/g/aos_shihuang/data/gtdb-r207/genomes_all/GCA_009838645.1.fna	/lustre1/g/aos_shihuang/data/gtdb-r207/genomes_all/GCA_009841265.1.fna
GCA_009841265.1	GCA_009835325.1	0.9-0.95	p__JAAXHH01	0.9443	/lustre1/g/aos_shihuang/data/gtdb-r207/genomes_all/GCA_009841265.1.fna	/lustre1/g/aos_shihuang/data/gtdb-r207/genomes_all/GCA_009835325.1.fna
GCA_013152225.1	GCA_011682565.1	0.9-0.95	p__KSB1	0.9308	/lustre1/g/aos_shihuang/data/gtdb-r207/genomes_all/GCA_013152225.1.fna	/lustre1/g/aos_shihuang/data/gtdb-r207/genomes_all/GCA_011682565.1.fna
GCA_013824755.1	GCA_016719645.1	0.9-0.95	p__Krumholzibacteriota	0.9311	/lustre1/g/aos_shihuang/data/gtdb-r207/genomes_all/GCA_013824755.1.fna	/lustre1/g/aos_shihuang/data/gtdb-r207/genomes_all/GCA_016719645.1.fna
GCA_009840005.1	GCA_009845645.1	0.9-0.95	p__Latescibacterota	0.9226	/lustre1/g/aos_shihuang/data/gtdb-r207/genomes_all/GCA_009840005.1.fna	/lustre1/g/aos_shihuang/data/gtdb-r207/genomes_all/GCA_009845645.1.fna
GCA_015660315.1	GCA_018672475.1	0.9-0.95	p__Latescibacterota	0.9375	/lustre1/g/aos_shihuang/data/gtdb-r207/genomes_all/GCA_015660315.1.fna	/lustre1/g/aos_shihuang/data/gtdb-r207/genomes_all/GCA_018672475.1.fna
GCA_012961755.1	GCA_003645885.1	0.9-0.95	p__Latescibacterota	0.9042	/lustre1/g/aos_shihuang/data/gtdb-r207/genomes_all/GCA_012961755.1.fna	/lustre1/g/aos_shihuang/data/gtdb-r207/genomes_all/GCA_003645885.1.fna
GCA_004402915.1	GCA_004402895.1	0.9-0.95	p__Marinisomatota	0.9277	/lustre1/g/aos_shihuang/data/gtdb-r207/genomes_all/GCA_004402915.1.fna	/lustre1/g/aos_shihuang/data/gtdb-r207/genomes_all/GCA_004402895.1.fna
GCA_002704685.1	GCA_002693365.1	0.9-0.95	p__Marinisomatota	0.9402	/lustre1/g/aos_shihuang/data/gtdb-r207/genomes_all/GCA_002704685.1.fna	/lustre1/g/aos_shihuang/data/gtdb-r207/genomes_all/GCA_002693365.1.fna
GCA_012964235.1	GCA_002686675.1	0.9-0.95	p__Marinisomatota	0.9399	/lustre1/g/aos_shihuang/data/gtdb-r207/genomes_all/GCA_012964235.1.fna	/lustre1/g/aos_shihuang/data/gtdb-r207/genomes_all/GCA_002686675.1.fna
GCA_002707765.1	GCA_002718585.1	0.9-0.95	p__Marinisomatota	0.9320	/lustre1/g/aos_shihuang/data/gtdb-r207/genomes_all/GCA_002707765.1.fna	/lustre1/g/aos_shihuang/data/gtdb-r207/genomes_all/GCA_002718585.1.fna
GCA_002171125.1	GCA_002591605.1	0.9-0.95	p__Marinisomatota	0.9069	/lustre1/g/aos_shihuang/data/gtdb-r207/genomes_all/GCA_002171125.1.fna	/lustre1/g/aos_shihuang/data/gtdb-r207/genomes_all/GCA_002591605.1.fna
GCA_018895675.1	GCA_016783665.1	0.9-0.95	p__Marinisomatota	0.9436	/lustre1/g/aos_shihuang/data/gtdb-r207/genomes_all/GCA_018895675.1.fna	/lustre1/g/aos_shihuang/data/gtdb-r207/genomes_all/GCA_016783665.1.fna
GCA_002703375.1	GCA_002704045.1	0.9-0.95	p__Marinisomatota	0.9134	/lustre1/g/aos_shihuang/data/gtdb-r207/genomes_all/GCA_002703375.1.fna	/lustre1/g/aos_shihuang/data/gtdb-r207/genomes_all/GCA_002704045.1.fna
GCA_002167345.2	GCA_902562835.1	0.9-0.95	p__Marinisomatota	0.9399	/lustre1/g/aos_shihuang/data/gtdb-r207/genomes_all/GCA_002167345.2.fna	/lustre1/g/aos_shihuang/data/gtdb-r207/genomes_all/GCA_902562835.1.fna
GCA_902615915.1	GCA_002170005.2	0.9-0.95	p__Marinisomatota	0.9140	/lustre1/g/aos_shihuang/data/gtdb-r207/genomes_all/GCA_902615915.1.fna	/lustre1/g/aos_shihuang/data/gtdb-r207/genomes_all/GCA_002170005.2.fna
GCA_002726775.1	GCA_002686675.1	0.9-0.95	p__Marinisomatota	0.9391	/lustre1/g/aos_shihuang/data/gtdb-r207/genomes_all/GCA_002726775.1.fna	/lustre1/g/aos_shihuang/data/gtdb-r207/genomes_all/GCA_002686675.1.fna
GCA_004124405.1	GCA_012964845.1	0.9-0.95	p__Marinisomatota	0.9172	/lustre1/g/aos_shihuang/data/gtdb-r207/genomes_all/GCA_004124405.1.fna	/lustre1/g/aos_shihuang/data/gtdb-r207/genomes_all/GCA_012964845.1.fna
GCA_003535775.1	GCA_002686675.1	0.9-0.95	p__Marinisomatota	0.9460	/lustre1/g/aos_shihuang/data/gtdb-r207/genomes_all/GCA_003535775.1.fna	/lustre1/g/aos_shihuang/data/gtdb-r207/genomes_all/GCA_002686675.1.fna
GCA_002726775.1	GCA_012964235.1	0.9-0.95	p__Marinisomatota	0.9390	/lustre1/g/aos_shihuang/data/gtdb-r207/genomes_all/GCA_002726775.1.fna	/lustre1/g/aos_shihuang/data/gtdb-r207/genomes_all/GCA_012964235.1.fna
GCA_002839705.1	GCA_002509745.1	0.9-0.95	p__Methanobacteriota	0.9260	/lustre1/g/aos_shihuang/data/gtdb-r207/genomes_all/GCA_002839705.1.fna	/lustre1/g/aos_shihuang/data/gtdb-r207/genomes_all/GCA_002509745.1.fna
GCF_002287175.1	GCF_000745485.1	0.9-0.95	p__Methanobacteriota	0.9303	/lustre1/g/aos_shihuang/data/gtdb-r207/genomes_all/GCF_002287175.1.fna	/lustre1/g/aos_shihuang/data/gtdb-r207/genomes_all/GCF_000745485.1.fna
GCF_018141185.1	GCA_019084405.1	0.9-0.95	p__Methanobacteriota	0.9032	/lustre1/g/aos_shihuang/data/gtdb-r207/genomes_all/GCF_018141185.1.fna	/lustre1/g/aos_shihuang/data/gtdb-r207/genomes_all/GCA_019084405.1.fna
GCA_016291275.1	GCA_902784195.1	0.9-0.95	p__Methanobacteriota	0.9300	/lustre1/g/aos_shihuang/data/gtdb-r207/genomes_all/GCA_016291275.1.fna	/lustre1/g/aos_shihuang/data/gtdb-r207/genomes_all/GCA_902784195.1.fna
GCF_000828575.1	GCF_014889545.1	0.9-0.95	p__Methanobacteriota	0.9068	/lustre1/g/aos_shihuang/data/gtdb-r207/genomes_all/GCF_000828575.1.fna	/lustre1/g/aos_shihuang/data/gtdb-r207/genomes_all/GCF_014889545.1.fna
GCA_003491305.1	GCA_001316325.1	0.9-0.95	p__Methanobacteriota	0.9458	/lustre1/g/aos_shihuang/data/gtdb-r207/genomes_all/GCA_003491305.1.fna	/lustre1/g/aos_shihuang/data/gtdb-r207/genomes_all/GCA_001316325.1.fna
GCA_017652345.1	GCA_016291275.1	0.9-0.95	p__Methanobacteriota	0.9075	/lustre1/g/aos_shihuang/data/gtdb-r207/genomes_all/GCA_017652345.1.fna	/lustre1/g/aos_shihuang/data/gtdb-r207/genomes_all/GCA_016291275.1.fna
GCF_000018485.1	GCF_000016125.1	0.9-0.95	p__Methanobacteriota_A	0.9217	/lustre1/g/aos_shihuang/data/gtdb-r207/genomes_all/GCF_000018485.1.fna	/lustre1/g/aos_shihuang/data/gtdb-r207/genomes_all/GCF_000016125.1.fna
GCF_000007185.1	GCF_002201895.1	0.9-0.95	p__Methanobacteriota_A	0.9048	/lustre1/g/aos_shihuang/data/gtdb-r207/genomes_all/GCF_000007185.1.fna	/lustre1/g/aos_shihuang/data/gtdb-r207/genomes_all/GCF_002201895.1.fna
GCA_003663525.1	GCF_000022545.1	0.9-0.95	p__Methanobacteriota_B	0.9243	/lustre1/g/aos_shihuang/data/gtdb-r207/genomes_all/GCA_003663525.1.fna	/lustre1/g/aos_shihuang/data/gtdb-r207/genomes_all/GCF_000022545.1.fna
GCA_004212155.1	GCA_011372835.1	0.9-0.95	p__Methanobacteriota_B	0.9354	/lustre1/g/aos_shihuang/data/gtdb-r207/genomes_all/GCA_004212155.1.fna	/lustre1/g/aos_shihuang/data/gtdb-r207/genomes_all/GCA_011372835.1.fna
GCA_001788415.1	GCA_016188005.1	0.9-0.95	p__Methylomirabilota	0.9009	/lustre1/g/aos_shihuang/data/gtdb-r207/genomes_all/GCA_001788415.1.fna	/lustre1/g/aos_shihuang/data/gtdb-r207/genomes_all/GCA_016188005.1.fna
GCA_016193045.1	GCA_001443385.1	0.9-0.95	p__Methylomirabilota	0.9115	/lustre1/g/aos_shihuang/data/gtdb-r207/genomes_all/GCA_016193045.1.fna	/lustre1/g/aos_shihuang/data/gtdb-r207/genomes_all/GCA_001443385.1.fna
GCA_016180655.1	GCA_001771285.1	0.9-0.95	p__Methylomirabilota	0.9094	/lustre1/g/aos_shihuang/data/gtdb-r207/genomes_all/GCA_016180655.1.fna	/lustre1/g/aos_shihuang/data/gtdb-r207/genomes_all/GCA_001771285.1.fna
GCF_000022145.1	GCF_000013385.1	0.9-0.95	p__Myxococcota	0.9382	/lustre1/g/aos_shihuang/data/gtdb-r207/genomes_all/GCF_000022145.1.fna	/lustre1/g/aos_shihuang/data/gtdb-r207/genomes_all/GCF_000013385.1.fna
GCA_002841825.1	GCA_018817795.1	0.9-0.95	p__Myxococcota	0.9491	/lustre1/g/aos_shihuang/data/gtdb-r207/genomes_all/GCA_002841825.1.fna	/lustre1/g/aos_shihuang/data/gtdb-r207/genomes_all/GCA_018817795.1.fna
GCA_017881285.1	GCA_003136095.1	0.9-0.95	p__Myxococcota	0.9184	/lustre1/g/aos_shihuang/data/gtdb-r207/genomes_all/GCA_017881285.1.fna	/lustre1/g/aos_shihuang/data/gtdb-r207/genomes_all/GCA_003136095.1.fna
GCF_001887355.1	GCF_000335475.2	0.9-0.95	p__Myxococcota	0.9350	/lustre1/g/aos_shihuang/data/gtdb-r207/genomes_all/GCF_001887355.1.fna	/lustre1/g/aos_shihuang/data/gtdb-r207/genomes_all/GCF_000335475.2.fna
GCA_903912275.1	GCA_903873545.1	0.9-0.95	p__Myxococcota	0.9157	/lustre1/g/aos_shihuang/data/gtdb-r207/genomes_all/GCA_903912275.1.fna	/lustre1/g/aos_shihuang/data/gtdb-r207/genomes_all/GCA_903873545.1.fna
GCF_009909145.1	GCF_017309135.1	0.9-0.95	p__Myxococcota	0.9002	/lustre1/g/aos_shihuang/data/gtdb-r207/genomes_all/GCF_009909145.1.fna	/lustre1/g/aos_shihuang/data/gtdb-r207/genomes_all/GCF_017309135.1.fna
GCA_013205435.1	GCA_903873545.1	0.9-0.95	p__Myxococcota	0.9045	/lustre1/g/aos_shihuang/data/gtdb-r207/genomes_all/GCA_013205435.1.fna	/lustre1/g/aos_shihuang/data/gtdb-r207/genomes_all/GCA_903873545.1.fna
GCA_001552015.1	GCA_000387965.1	0.9-0.95	p__Nanoarchaeota	0.9158	/lustre1/g/aos_shihuang/data/gtdb-r207/genomes_all/GCA_001552015.1.fna	/lustre1/g/aos_shihuang/data/gtdb-r207/genomes_all/GCA_000387965.1.fna
GCA_000387965.1	GCA_003086415.1	0.9-0.95	p__Nanoarchaeota	0.9320	/lustre1/g/aos_shihuang/data/gtdb-r207/genomes_all/GCA_000387965.1.fna	/lustre1/g/aos_shihuang/data/gtdb-r207/genomes_all/GCA_003086415.1.fna
GCA_001552015.1	GCA_003086415.1	0.9-0.95	p__Nanoarchaeota	0.9147	/lustre1/g/aos_shihuang/data/gtdb-r207/genomes_all/GCA_001552015.1.fna	/lustre1/g/aos_shihuang/data/gtdb-r207/genomes_all/GCA_003086415.1.fna
GCA_016217665.1	GCA_016214375.1	0.9-0.95	p__Nitrospirota	0.9248	/lustre1/g/aos_shihuang/data/gtdb-r207/genomes_all/GCA_016217665.1.fna	/lustre1/g/aos_shihuang/data/gtdb-r207/genomes_all/GCA_016214375.1.fna
GCA_016195465.1	GCA_001803795.1	0.9-0.95	p__Nitrospirota	0.9086	/lustre1/g/aos_shihuang/data/gtdb-r207/genomes_all/GCA_016195465.1.fna	/lustre1/g/aos_shihuang/data/gtdb-r207/genomes_all/GCA_001803795.1.fna
GCA_005116795.1	GCA_016235225.1	0.9-0.95	p__Nitrospirota	0.9091	/lustre1/g/aos_shihuang/data/gtdb-r207/genomes_all/GCA_005116795.1.fna	/lustre1/g/aos_shihuang/data/gtdb-r207/genomes_all/GCA_016235225.1.fna
GCA_016212165.1	GCA_009773185.1	0.9-0.95	p__Nitrospirota	0.9458	/lustre1/g/aos_shihuang/data/gtdb-r207/genomes_all/GCA_016212165.1.fna	/lustre1/g/aos_shihuang/data/gtdb-r207/genomes_all/GCA_009773185.1.fna
GCA_015233245.1	GCA_015233895.1	0.9-0.95	p__Nitrospirota	0.9418	/lustre1/g/aos_shihuang/data/gtdb-r207/genomes_all/GCA_015233245.1.fna	/lustre1/g/aos_shihuang/data/gtdb-r207/genomes_all/GCA_015233895.1.fna
GCA_011525625.1	GCF_905220995.1	0.9-0.95	p__Nitrospirota	0.9162	/lustre1/g/aos_shihuang/data/gtdb-r207/genomes_all/GCA_011525625.1.fna	/lustre1/g/aos_shihuang/data/gtdb-r207/genomes_all/GCF_905220995.1.fna
GCA_011620275.1	GCA_002418595.1	0.9-0.95	p__Omnitrophota	0.9137	/lustre1/g/aos_shihuang/data/gtdb-r207/genomes_all/GCA_011620275.1.fna	/lustre1/g/aos_shihuang/data/gtdb-r207/genomes_all/GCA_002418595.1.fna
GCA_016193195.1	GCA_016193175.1	0.9-0.95	p__Omnitrophota	0.9091	/lustre1/g/aos_shihuang/data/gtdb-r207/genomes_all/GCA_016193195.1.fna	/lustre1/g/aos_shihuang/data/gtdb-r207/genomes_all/GCA_016193175.1.fna
GCA_016782425.1	GCA_013203315.1	0.9-0.95	p__Omnitrophota	0.9044	/lustre1/g/aos_shihuang/data/gtdb-r207/genomes_all/GCA_016782425.1.fna	/lustre1/g/aos_shihuang/data/gtdb-r207/genomes_all/GCA_013203315.1.fna
GCA_000990945.1	GCA_003510795.1	0.9-0.95	p__Patescibacteria	0.9450	/lustre1/g/aos_shihuang/data/gtdb-r207/genomes_all/GCA_000990945.1.fna	/lustre1/g/aos_shihuang/data/gtdb-r207/genomes_all/GCA_003510795.1.fna
GCA_013334245.1	GCA_903854995.1	0.9-0.95	p__Patescibacteria	0.9424	/lustre1/g/aos_shihuang/data/gtdb-r207/genomes_all/GCA_013334245.1.fna	/lustre1/g/aos_shihuang/data/gtdb-r207/genomes_all/GCA_903854995.1.fna
GCA_012842045.1	GCA_018056375.1	0.9-0.95	p__Patescibacteria	0.9305	/lustre1/g/aos_shihuang/data/gtdb-r207/genomes_all/GCA_012842045.1.fna	/lustre1/g/aos_shihuang/data/gtdb-r207/genomes_all/GCA_018056375.1.fna
GCA_013100805.1	GCA_010202845.1	0.9-0.95	p__Patescibacteria	0.9345	/lustre1/g/aos_shihuang/data/gtdb-r207/genomes_all/GCA_013100805.1.fna	/lustre1/g/aos_shihuang/data/gtdb-r207/genomes_all/GCA_010202845.1.fna
GCA_905373275.1	GCA_905373385.1	0.9-0.95	p__Patescibacteria	0.9463	/lustre1/g/aos_shihuang/data/gtdb-r207/genomes_all/GCA_905373275.1.fna	/lustre1/g/aos_shihuang/data/gtdb-r207/genomes_all/GCA_905373385.1.fna
GCA_013333515.2	GCA_905365345.1	0.9-0.95	p__Patescibacteria	0.9411	/lustre1/g/aos_shihuang/data/gtdb-r207/genomes_all/GCA_013333515.2.fna	/lustre1/g/aos_shihuang/data/gtdb-r207/genomes_all/GCA_905365345.1.fna
GCA_905372225.1	GCF_004138455.1	0.9-0.95	p__Patescibacteria	0.9425	/lustre1/g/aos_shihuang/data/gtdb-r207/genomes_all/GCA_905372225.1.fna	/lustre1/g/aos_shihuang/data/gtdb-r207/genomes_all/GCF_004138455.1.fna
GCA_001824915.1	GCA_016181405.1	0.9-0.95	p__Patescibacteria	0.9015	/lustre1/g/aos_shihuang/data/gtdb-r207/genomes_all/GCA_001824915.1.fna	/lustre1/g/aos_shihuang/data/gtdb-r207/genomes_all/GCA_016181405.1.fna
GCA_905365345.1	GCF_004138455.1	0.9-0.95	p__Patescibacteria	0.9395	/lustre1/g/aos_shihuang/data/gtdb-r207/genomes_all/GCA_905365345.1.fna	/lustre1/g/aos_shihuang/data/gtdb-r207/genomes_all/GCF_004138455.1.fna
GCA_002773575.1	GCA_001777995.1	0.9-0.95	p__Patescibacteria	0.9453	/lustre1/g/aos_shihuang/data/gtdb-r207/genomes_all/GCA_002773575.1.fna	/lustre1/g/aos_shihuang/data/gtdb-r207/genomes_all/GCA_001777995.1.fna
GCA_002329465.1	GCA_013374835.1	0.9-0.95	p__Patescibacteria	0.9158	/lustre1/g/aos_shihuang/data/gtdb-r207/genomes_all/GCA_002329465.1.fna	/lustre1/g/aos_shihuang/data/gtdb-r207/genomes_all/GCA_013374835.1.fna
GCA_002771075.1	GCA_001825335.1	0.9-0.95	p__Patescibacteria	0.9321	/lustre1/g/aos_shihuang/data/gtdb-r207/genomes_all/GCA_002771075.1.fna	/lustre1/g/aos_shihuang/data/gtdb-r207/genomes_all/GCA_001825335.1.fna
GCA_002316545.1	GCA_002455275.1	0.9-0.95	p__Patescibacteria	0.9169	/lustre1/g/aos_shihuang/data/gtdb-r207/genomes_all/GCA_002316545.1.fna	/lustre1/g/aos_shihuang/data/gtdb-r207/genomes_all/GCA_002455275.1.fna
GCA_018694835.1	GCA_014240375.1	0.9-0.95	p__Planctomycetota	0.9373	/lustre1/g/aos_shihuang/data/gtdb-r207/genomes_all/GCA_018694835.1.fna	/lustre1/g/aos_shihuang/data/gtdb-r207/genomes_all/GCA_014240375.1.fna
GCA_003162245.1	GCA_903914415.1	0.9-0.95	p__Planctomycetota	0.9061	/lustre1/g/aos_shihuang/data/gtdb-r207/genomes_all/GCA_003162245.1.fna	/lustre1/g/aos_shihuang/data/gtdb-r207/genomes_all/GCA_903914415.1.fna
GCA_005524015.1	GCA_000296795.1	0.9-0.95	p__Planctomycetota	0.9427	/lustre1/g/aos_shihuang/data/gtdb-r207/genomes_all/GCA_005524015.1.fna	/lustre1/g/aos_shihuang/data/gtdb-r207/genomes_all/GCA_000296795.1.fna
GCA_003559755.1	GCA_003553185.1	0.9-0.95	p__Planctomycetota	0.9156	/lustre1/g/aos_shihuang/data/gtdb-r207/genomes_all/GCA_003559755.1.fna	/lustre1/g/aos_shihuang/data/gtdb-r207/genomes_all/GCA_003553185.1.fna
GCA_016872555.1	GCA_018970785.1	0.9-0.95	p__Planctomycetota	0.9453	/lustre1/g/aos_shihuang/data/gtdb-r207/genomes_all/GCA_016872555.1.fna	/lustre1/g/aos_shihuang/data/gtdb-r207/genomes_all/GCA_018970785.1.fna
GCA_017466305.1	GCA_017937685.1	0.9-0.95	p__Planctomycetota	0.9305	/lustre1/g/aos_shihuang/data/gtdb-r207/genomes_all/GCA_017466305.1.fna	/lustre1/g/aos_shihuang/data/gtdb-r207/genomes_all/GCA_017937685.1.fna
GCF_001707835.1	GCF_007752345.1	0.9-0.95	p__Planctomycetota	0.9183	/lustre1/g/aos_shihuang/data/gtdb-r207/genomes_all/GCF_001707835.1.fna	/lustre1/g/aos_shihuang/data/gtdb-r207/genomes_all/GCF_007752345.1.fna
GCA_003576915.1	GCA_019186845.1	0.9-0.95	p__Planctomycetota	0.9050	/lustre1/g/aos_shihuang/data/gtdb-r207/genomes_all/GCA_003576915.1.fna	/lustre1/g/aos_shihuang/data/gtdb-r207/genomes_all/GCA_019186845.1.fna
GCA_001828545.1	GCA_016209685.1	0.9-0.95	p__Planctomycetota	0.9376	/lustre1/g/aos_shihuang/data/gtdb-r207/genomes_all/GCA_001828545.1.fna	/lustre1/g/aos_shihuang/data/gtdb-r207/genomes_all/GCA_016209685.1.fna
GCA_001603075.1	GCA_012719085.1	0.9-0.95	p__Planctomycetota	0.9065	/lustre1/g/aos_shihuang/data/gtdb-r207/genomes_all/GCA_001603075.1.fna	/lustre1/g/aos_shihuang/data/gtdb-r207/genomes_all/GCA_012719085.1.fna
GCA_013360585.1	GCA_016860685.1	0.9-0.95	p__Planctomycetota	0.9445	/lustre1/g/aos_shihuang/data/gtdb-r207/genomes_all/GCA_013360585.1.fna	/lustre1/g/aos_shihuang/data/gtdb-r207/genomes_all/GCA_016860685.1.fna
GCF_007747995.1	GCF_007860075.1	0.9-0.95	p__Planctomycetota	0.9099	/lustre1/g/aos_shihuang/data/gtdb-r207/genomes_all/GCF_007747995.1.fna	/lustre1/g/aos_shihuang/data/gtdb-r207/genomes_all/GCF_007860075.1.fna
GCA_011057845.1	GCA_002347125.1	0.9-0.95	p__Planctomycetota	0.9125	/lustre1/g/aos_shihuang/data/gtdb-r207/genomes_all/GCA_011057845.1.fna	/lustre1/g/aos_shihuang/data/gtdb-r207/genomes_all/GCA_002347125.1.fna
GCA_002724315.1	GCA_003445035.1	0.9-0.95	p__Planctomycetota	0.9079	/lustre1/g/aos_shihuang/data/gtdb-r207/genomes_all/GCA_002724315.1.fna	/lustre1/g/aos_shihuang/data/gtdb-r207/genomes_all/GCA_003445035.1.fna
GCA_016776905.1	GCA_009937185.1	0.9-0.95	p__Planctomycetota	0.9485	/lustre1/g/aos_shihuang/data/gtdb-r207/genomes_all/GCA_016776905.1.fna	/lustre1/g/aos_shihuang/data/gtdb-r207/genomes_all/GCA_009937185.1.fna
GCA_007121565.1	GCA_003567095.1	0.9-0.95	p__Planctomycetota	0.9096	/lustre1/g/aos_shihuang/data/gtdb-r207/genomes_all/GCA_007121565.1.fna	/lustre1/g/aos_shihuang/data/gtdb-r207/genomes_all/GCA_003567095.1.fna
GCA_012515775.1	GCA_018056925.1	0.9-0.95	p__Planctomycetota	0.9481	/lustre1/g/aos_shihuang/data/gtdb-r207/genomes_all/GCA_012515775.1.fna	/lustre1/g/aos_shihuang/data/gtdb-r207/genomes_all/GCA_018056925.1.fna
GCF_012290005.1	GCF_007752935.1	0.9-0.95	p__Planctomycetota	0.9370	/lustre1/g/aos_shihuang/data/gtdb-r207/genomes_all/GCF_012290005.1.fna	/lustre1/g/aos_shihuang/data/gtdb-r207/genomes_all/GCF_007752935.1.fna
GCA_012960475.1	GCA_014238415.1	0.9-0.95	p__Planctomycetota	0.9192	/lustre1/g/aos_shihuang/data/gtdb-r207/genomes_all/GCA_012960475.1.fna	/lustre1/g/aos_shihuang/data/gtdb-r207/genomes_all/GCA_014238415.1.fna
GCA_018970845.1	GCA_016873225.1	0.9-0.95	p__Planctomycetota	0.9296	/lustre1/g/aos_shihuang/data/gtdb-r207/genomes_all/GCA_018970845.1.fna	/lustre1/g/aos_shihuang/data/gtdb-r207/genomes_all/GCA_016873225.1.fna
GCA_007741475.1	GCF_007751715.1	0.9-0.95	p__Planctomycetota	0.9221	/lustre1/g/aos_shihuang/data/gtdb-r207/genomes_all/GCA_007741475.1.fna	/lustre1/g/aos_shihuang/data/gtdb-r207/genomes_all/GCF_007751715.1.fna
GCA_903916245.1	GCA_017853435.1	0.9-0.95	p__Planctomycetota	0.9144	/lustre1/g/aos_shihuang/data/gtdb-r207/genomes_all/GCA_903916245.1.fna	/lustre1/g/aos_shihuang/data/gtdb-r207/genomes_all/GCA_017853435.1.fna
GCA_005778045.1	GCA_903892045.1	0.9-0.95	p__Planctomycetota	0.9279	/lustre1/g/aos_shihuang/data/gtdb-r207/genomes_all/GCA_005778045.1.fna	/lustre1/g/aos_shihuang/data/gtdb-r207/genomes_all/GCA_903892045.1.fna
GCA_007694925.1	GCA_007124345.1	0.9-0.95	p__Planctomycetota	0.9382	/lustre1/g/aos_shihuang/data/gtdb-r207/genomes_all/GCA_007694925.1.fna	/lustre1/g/aos_shihuang/data/gtdb-r207/genomes_all/GCA_007124345.1.fna
GCA_002690755.1	GCA_002683215.1	0.9-0.95	p__Planctomycetota	0.9047	/lustre1/g/aos_shihuang/data/gtdb-r207/genomes_all/GCA_002690755.1.fna	/lustre1/g/aos_shihuang/data/gtdb-r207/genomes_all/GCA_002683215.1.fna
GCA_002303765.1	GCA_903960945.1	0.9-0.95	p__Planctomycetota	0.9308	/lustre1/g/aos_shihuang/data/gtdb-r207/genomes_all/GCA_002303765.1.fna	/lustre1/g/aos_shihuang/data/gtdb-r207/genomes_all/GCA_903960945.1.fna
GCA_012269595.1	GCA_013911165.1	0.9-0.95	p__Planctomycetota	0.9415	/lustre1/g/aos_shihuang/data/gtdb-r207/genomes_all/GCA_012269595.1.fna	/lustre1/g/aos_shihuang/data/gtdb-r207/genomes_all/GCA_013911165.1.fna
GCA_002714785.1	GCA_002729015.1	0.9-0.95	p__Poribacteria	0.9170	/lustre1/g/aos_shihuang/data/gtdb-r207/genomes_all/GCA_002714785.1.fna	/lustre1/g/aos_shihuang/data/gtdb-r207/genomes_all/GCA_002729015.1.fna
GCF_018860505.1	GCF_018860665.1	0.9-0.95	p__Proteobacteria	0.9166	/lustre1/g/aos_shihuang/data/gtdb-r207/genomes_all/GCF_018860505.1.fna	/lustre1/g/aos_shihuang/data/gtdb-r207/genomes_all/GCF_018860665.1.fna
GCF_000422965.1	GCF_011759535.1	0.9-0.95	p__Proteobacteria	0.9218	/lustre1/g/aos_shihuang/data/gtdb-r207/genomes_all/GCF_000422965.1.fna	/lustre1/g/aos_shihuang/data/gtdb-r207/genomes_all/GCF_011759535.1.fna
GCA_018777385.1	GCF_015762685.1	0.9-0.95	p__Proteobacteria	0.9406	/lustre1/g/aos_shihuang/data/gtdb-r207/genomes_all/GCA_018777385.1.fna	/lustre1/g/aos_shihuang/data/gtdb-r207/genomes_all/GCF_015762685.1.fna
GCF_006171285.1	GCF_011290365.1	0.9-0.95	p__Proteobacteria	0.9070	/lustre1/g/aos_shihuang/data/gtdb-r207/genomes_all/GCF_006171285.1.fna	/lustre1/g/aos_shihuang/data/gtdb-r207/genomes_all/GCF_011290365.1.fna
GCA_014116815.1	GCF_000815465.1	0.9-0.95	p__Proteobacteria	0.9347	/lustre1/g/aos_shihuang/data/gtdb-r207/genomes_all/GCA_014116815.1.fna	/lustre1/g/aos_shihuang/data/gtdb-r207/genomes_all/GCF_000815465.1.fna
GCF_006376675.1	GCF_902825325.1	0.9-0.95	p__Proteobacteria	0.9080	/lustre1/g/aos_shihuang/data/gtdb-r207/genomes_all/GCF_006376675.1.fna	/lustre1/g/aos_shihuang/data/gtdb-r207/genomes_all/GCF_902825325.1.fna
GCF_014193285.1	GCF_009907385.1	0.9-0.95	p__Proteobacteria	0.9303	/lustre1/g/aos_shihuang/data/gtdb-r207/genomes_all/GCF_014193285.1.fna	/lustre1/g/aos_shihuang/data/gtdb-r207/genomes_all/GCF_009907385.1.fna
GCF_005311025.1	GCF_003076515.1	0.9-0.95	p__Proteobacteria	0.9002	/lustre1/g/aos_shihuang/data/gtdb-r207/genomes_all/GCF_005311025.1.fna	/lustre1/g/aos_shihuang/data/gtdb-r207/genomes_all/GCF_003076515.1.fna
GCF_001182045.1	GCF_003402575.1	0.9-0.95	p__Proteobacteria	0.9391	/lustre1/g/aos_shihuang/data/gtdb-r207/genomes_all/GCF_001182045.1.fna	/lustre1/g/aos_shihuang/data/gtdb-r207/genomes_all/GCF_003402575.1.fna
GCA_002414665.1	GCA_002416125.1	0.9-0.95	p__Proteobacteria	0.9035	/lustre1/g/aos_shihuang/data/gtdb-r207/genomes_all/GCA_002414665.1.fna	/lustre1/g/aos_shihuang/data/gtdb-r207/genomes_all/GCA_002416125.1.fna
GCF_000521605.1	GCF_013377235.1	0.9-0.95	p__Proteobacteria	0.9052	/lustre1/g/aos_shihuang/data/gtdb-r207/genomes_all/GCF_000521605.1.fna	/lustre1/g/aos_shihuang/data/gtdb-r207/genomes_all/GCF_013377235.1.fna
GCA_001296005.1	GCF_002868735.1	0.9-0.95	p__Proteobacteria	0.9216	/lustre1/g/aos_shihuang/data/gtdb-r207/genomes_all/GCA_001296005.1.fna	/lustre1/g/aos_shihuang/data/gtdb-r207/genomes_all/GCF_002868735.1.fna
GCF_006175985.1	GCA_004168015.1	0.9-0.95	p__Proteobacteria	0.9463	/lustre1/g/aos_shihuang/data/gtdb-r207/genomes_all/GCF_006175985.1.fna	/lustre1/g/aos_shihuang/data/gtdb-r207/genomes_all/GCA_004168015.1.fna
GCA_902624455.1	GCA_902527075.1	0.9-0.95	p__Proteobacteria	0.9071	/lustre1/g/aos_shihuang/data/gtdb-r207/genomes_all/GCA_902624455.1.fna	/lustre1/g/aos_shihuang/data/gtdb-r207/genomes_all/GCA_902527075.1.fna
GCF_003184265.1	GCF_003333315.1	0.9-0.95	p__Proteobacteria	0.9099	/lustre1/g/aos_shihuang/data/gtdb-r207/genomes_all/GCF_003184265.1.fna	/lustre1/g/aos_shihuang/data/gtdb-r207/genomes_all/GCF_003333315.1.fna
GCF_000277545.1	GCF_011752815.1	0.9-0.95	p__Proteobacteria	0.9483	/lustre1/g/aos_shihuang/data/gtdb-r207/genomes_all/GCF_000277545.1.fna	/lustre1/g/aos_shihuang/data/gtdb-r207/genomes_all/GCF_011752815.1.fna
GCF_008330945.1	GCF_001676615.1	0.9-0.95	p__Proteobacteria	0.9002	/lustre1/g/aos_shihuang/data/gtdb-r207/genomes_all/GCF_008330945.1.fna	/lustre1/g/aos_shihuang/data/gtdb-r207/genomes_all/GCF_001676615.1.fna
GCA_902596065.1	GCA_902567855.1	0.9-0.95	p__Proteobacteria	0.9492	/lustre1/g/aos_shihuang/data/gtdb-r207/genomes_all/GCA_902596065.1.fna	/lustre1/g/aos_shihuang/data/gtdb-r207/genomes_all/GCA_902567855.1.fna
GCA_001044335.1	GCA_000156155.1	0.9-0.95	p__Proteobacteria	0.9426	/lustre1/g/aos_shihuang/data/gtdb-r207/genomes_all/GCA_001044335.1.fna	/lustre1/g/aos_shihuang/data/gtdb-r207/genomes_all/GCA_000156155.1.fna
GCF_001425265.1	GCF_001425045.1	0.9-0.95	p__Proteobacteria	0.9063	/lustre1/g/aos_shihuang/data/gtdb-r207/genomes_all/GCF_001425265.1.fna	/lustre1/g/aos_shihuang/data/gtdb-r207/genomes_all/GCF_001425045.1.fna
GCA_002726005.1	GCA_902533755.1	0.9-0.95	p__Proteobacteria	0.9082	/lustre1/g/aos_shihuang/data/gtdb-r207/genomes_all/GCA_002726005.1.fna	/lustre1/g/aos_shihuang/data/gtdb-r207/genomes_all/GCA_902533755.1.fna
GCF_012102705.1	GCF_012102745.1	0.9-0.95	p__Proteobacteria	0.9381	/lustre1/g/aos_shihuang/data/gtdb-r207/genomes_all/GCF_012102705.1.fna	/lustre1/g/aos_shihuang/data/gtdb-r207/genomes_all/GCF_012102745.1.fna
GCA_018883285.1	GCA_903887035.1	0.9-0.95	p__Proteobacteria	0.9454	/lustre1/g/aos_shihuang/data/gtdb-r207/genomes_all/GCA_018883285.1.fna	/lustre1/g/aos_shihuang/data/gtdb-r207/genomes_all/GCA_903887035.1.fna
GCA_016124665.1	GCF_003129605.1	0.9-0.95	p__Proteobacteria	0.9480	/lustre1/g/aos_shihuang/data/gtdb-r207/genomes_all/GCA_016124665.1.fna	/lustre1/g/aos_shihuang/data/gtdb-r207/genomes_all/GCF_003129605.1.fna
GCF_007680145.1	GCF_002918705.1	0.9-0.95	p__Proteobacteria	0.9171	/lustre1/g/aos_shihuang/data/gtdb-r207/genomes_all/GCF_007680145.1.fna	/lustre1/g/aos_shihuang/data/gtdb-r207/genomes_all/GCF_002918705.1.fna
GCF_000429565.1	GCF_903968575.1	0.9-0.95	p__Proteobacteria	0.9212	/lustre1/g/aos_shihuang/data/gtdb-r207/genomes_all/GCF_000429565.1.fna	/lustre1/g/aos_shihuang/data/gtdb-r207/genomes_all/GCF_903968575.1.fna
GCF_006384255.1	GCF_001457655.1	0.9-0.95	p__Proteobacteria	0.9007	/lustre1/g/aos_shihuang/data/gtdb-r207/genomes_all/GCF_006384255.1.fna	/lustre1/g/aos_shihuang/data/gtdb-r207/genomes_all/GCF_001457655.1.fna
GCA_018373095.1	GCF_002015045.1	0.9-0.95	p__Proteobacteria	0.9046	/lustre1/g/aos_shihuang/data/gtdb-r207/genomes_all/GCA_018373095.1.fna	/lustre1/g/aos_shihuang/data/gtdb-r207/genomes_all/GCF_002015045.1.fna
GCF_014048475.1	GCF_002003665.1	0.9-0.95	p__Proteobacteria	0.9413	/lustre1/g/aos_shihuang/data/gtdb-r207/genomes_all/GCF_014048475.1.fna	/lustre1/g/aos_shihuang/data/gtdb-r207/genomes_all/GCF_002003665.1.fna
GCF_004295645.1	GCA_016649425.1	0.9-0.95	p__Proteobacteria	0.9157	/lustre1/g/aos_shihuang/data/gtdb-r207/genomes_all/GCF_004295645.1.fna	/lustre1/g/aos_shihuang/data/gtdb-r207/genomes_all/GCA_016649425.1.fna
GCA_902547295.1	GCA_902612915.1	0.9-0.95	p__Proteobacteria	0.9431	/lustre1/g/aos_shihuang/data/gtdb-r207/genomes_all/GCA_902547295.1.fna	/lustre1/g/aos_shihuang/data/gtdb-r207/genomes_all/GCA_902612915.1.fna
GCA_902628925.1	GCA_902594515.1	0.9-0.95	p__Proteobacteria	0.9271	/lustre1/g/aos_shihuang/data/gtdb-r207/genomes_all/GCA_902628925.1.fna	/lustre1/g/aos_shihuang/data/gtdb-r207/genomes_all/GCA_902594515.1.fna
GCA_902622745.1	GCA_902524215.1	0.9-0.95	p__Proteobacteria	0.9044	/lustre1/g/aos_shihuang/data/gtdb-r207/genomes_all/GCA_902622745.1.fna	/lustre1/g/aos_shihuang/data/gtdb-r207/genomes_all/GCA_902524215.1.fna
GCF_003671765.1	GCA_005503065.1	0.9-0.95	p__Proteobacteria	0.9175	/lustre1/g/aos_shihuang/data/gtdb-r207/genomes_all/GCF_003671765.1.fna	/lustre1/g/aos_shihuang/data/gtdb-r207/genomes_all/GCA_005503065.1.fna
GCF_019049625.1	GCF_003602095.1	0.9-0.95	p__Proteobacteria	0.9204	/lustre1/g/aos_shihuang/data/gtdb-r207/genomes_all/GCF_019049625.1.fna	/lustre1/g/aos_shihuang/data/gtdb-r207/genomes_all/GCF_003602095.1.fna
GCF_006171285.1	GCF_006874705.1	0.9-0.95	p__Proteobacteria	0.9079	/lustre1/g/aos_shihuang/data/gtdb-r207/genomes_all/GCF_006171285.1.fna	/lustre1/g/aos_shihuang/data/gtdb-r207/genomes_all/GCF_006874705.1.fna
GCF_000245735.1	GCF_000272005.1	0.9-0.95	p__Proteobacteria	0.9068	/lustre1/g/aos_shihuang/data/gtdb-r207/genomes_all/GCF_000245735.1.fna	/lustre1/g/aos_shihuang/data/gtdb-r207/genomes_all/GCF_000272005.1.fna
GCF_000174355.1	GCF_900177275.1	0.9-0.95	p__Proteobacteria	0.9402	/lustre1/g/aos_shihuang/data/gtdb-r207/genomes_all/GCF_000174355.1.fna	/lustre1/g/aos_shihuang/data/gtdb-r207/genomes_all/GCF_900177275.1.fna
GCF_900110885.1	GCF_004339665.1	0.9-0.95	p__Proteobacteria	0.9157	/lustre1/g/aos_shihuang/data/gtdb-r207/genomes_all/GCF_900110885.1.fna	/lustre1/g/aos_shihuang/data/gtdb-r207/genomes_all/GCF_004339665.1.fna
GCA_903934795.1	GCA_018970865.1	0.9-0.95	p__Proteobacteria	0.9355	/lustre1/g/aos_shihuang/data/gtdb-r207/genomes_all/GCA_903934795.1.fna	/lustre1/g/aos_shihuang/data/gtdb-r207/genomes_all/GCA_018970865.1.fna
GCA_017998915.1	GCA_002068715.1	0.9-0.95	p__Riflebacteria	0.9060	/lustre1/g/aos_shihuang/data/gtdb-r207/genomes_all/GCA_017998915.1.fna	/lustre1/g/aos_shihuang/data/gtdb-r207/genomes_all/GCA_002068715.1.fna
GCA_002683655.1	GCA_002450295.1	0.9-0.95	p__SAR324	0.9108	/lustre1/g/aos_shihuang/data/gtdb-r207/genomes_all/GCA_002683655.1.fna	/lustre1/g/aos_shihuang/data/gtdb-r207/genomes_all/GCA_002450295.1.fna
GCA_002839335.1	GCA_002839355.1	0.9-0.95	p__Spirochaetota	0.9165	/lustre1/g/aos_shihuang/data/gtdb-r207/genomes_all/GCA_002839335.1.fna	/lustre1/g/aos_shihuang/data/gtdb-r207/genomes_all/GCA_002839355.1.fna
GCA_013151965.1	GCA_003233545.1	0.9-0.95	p__Spirochaetota	0.9061	/lustre1/g/aos_shihuang/data/gtdb-r207/genomes_all/GCA_013151965.1.fna	/lustre1/g/aos_shihuang/data/gtdb-r207/genomes_all/GCA_003233545.1.fna
GCA_007135605.1	GCA_007126865.1	0.9-0.95	p__Spirochaetota	0.9132	/lustre1/g/aos_shihuang/data/gtdb-r207/genomes_all/GCA_007135605.1.fna	/lustre1/g/aos_shihuang/data/gtdb-r207/genomes_all/GCA_007126865.1.fna
GCA_017642445.1	GCA_017649605.1	0.9-0.95	p__Spirochaetota	0.9298	/lustre1/g/aos_shihuang/data/gtdb-r207/genomes_all/GCA_017642445.1.fna	/lustre1/g/aos_shihuang/data/gtdb-r207/genomes_all/GCA_017649605.1.fna
GCF_000755145.1	GCF_000413095.1	0.9-0.95	p__Spirochaetota	0.9006	/lustre1/g/aos_shihuang/data/gtdb-r207/genomes_all/GCF_000755145.1.fna	/lustre1/g/aos_shihuang/data/gtdb-r207/genomes_all/GCF_000413095.1.fna
GCF_001945665.1	GCF_014205885.1	0.9-0.95	p__Spirochaetota	0.9279	/lustre1/g/aos_shihuang/data/gtdb-r207/genomes_all/GCF_001945665.1.fna	/lustre1/g/aos_shihuang/data/gtdb-r207/genomes_all/GCF_014205885.1.fna
GCA_900315435.1	GCA_905215015.1	0.9-0.95	p__Spirochaetota	0.9007	/lustre1/g/aos_shihuang/data/gtdb-r207/genomes_all/GCA_900315435.1.fna	/lustre1/g/aos_shihuang/data/gtdb-r207/genomes_all/GCA_905215015.1.fna
GCA_905372025.1	GCF_000413055.1	0.9-0.95	p__Spirochaetota	0.9316	/lustre1/g/aos_shihuang/data/gtdb-r207/genomes_all/GCA_905372025.1.fna	/lustre1/g/aos_shihuang/data/gtdb-r207/genomes_all/GCF_000413055.1.fna
GCF_000170955.2	GCF_900099615.1	0.9-0.95	p__Spirochaetota	0.9157	/lustre1/g/aos_shihuang/data/gtdb-r207/genomes_all/GCF_000170955.2.fna	/lustre1/g/aos_shihuang/data/gtdb-r207/genomes_all/GCF_900099615.1.fna
GCF_009755885.1	GCF_008016535.1	0.9-0.95	p__Spirochaetota	0.9055	/lustre1/g/aos_shihuang/data/gtdb-r207/genomes_all/GCF_009755885.1.fna	/lustre1/g/aos_shihuang/data/gtdb-r207/genomes_all/GCF_008016535.1.fna
GCF_000008185.1	GCF_000413095.1	0.9-0.95	p__Spirochaetota	0.9398	/lustre1/g/aos_shihuang/data/gtdb-r207/genomes_all/GCF_000008185.1.fna	/lustre1/g/aos_shihuang/data/gtdb-r207/genomes_all/GCF_000413095.1.fna
GCA_002418835.1	GCA_002425885.1	0.9-0.95	p__Spirochaetota	0.9045	/lustre1/g/aos_shihuang/data/gtdb-r207/genomes_all/GCA_002418835.1.fna	/lustre1/g/aos_shihuang/data/gtdb-r207/genomes_all/GCA_002425885.1.fna
GCF_001922545.1	GCF_900099615.1	0.9-0.95	p__Spirochaetota	0.9171	/lustre1/g/aos_shihuang/data/gtdb-r207/genomes_all/GCF_001922545.1.fna	/lustre1/g/aos_shihuang/data/gtdb-r207/genomes_all/GCF_900099615.1.fna
GCA_007693325.1	GCA_007123465.1	0.9-0.95	p__Spirochaetota	0.9379	/lustre1/g/aos_shihuang/data/gtdb-r207/genomes_all/GCA_007693325.1.fna	/lustre1/g/aos_shihuang/data/gtdb-r207/genomes_all/GCA_007123465.1.fna
GCF_008828755.2	GCF_014201705.1	0.9-0.95	p__Spirochaetota	0.9147	/lustre1/g/aos_shihuang/data/gtdb-r207/genomes_all/GCF_008828755.2.fna	/lustre1/g/aos_shihuang/data/gtdb-r207/genomes_all/GCF_014201705.1.fna
GCF_000378205.1	GCF_000143985.1	0.9-0.95	p__Spirochaetota	0.9452	/lustre1/g/aos_shihuang/data/gtdb-r207/genomes_all/GCF_000378205.1.fna	/lustre1/g/aos_shihuang/data/gtdb-r207/genomes_all/GCF_000143985.1.fna
GCF_001945665.1	GCF_008931845.1	0.9-0.95	p__Spirochaetota	0.9107	/lustre1/g/aos_shihuang/data/gtdb-r207/genomes_all/GCF_001945665.1.fna	/lustre1/g/aos_shihuang/data/gtdb-r207/genomes_all/GCF_008931845.1.fna
GCF_000184345.1	GCF_000147075.1	0.9-0.95	p__Spirochaetota	0.9478	/lustre1/g/aos_shihuang/data/gtdb-r207/genomes_all/GCF_000184345.1.fna	/lustre1/g/aos_shihuang/data/gtdb-r207/genomes_all/GCF_000147075.1.fna
GCA_003566875.1	GCA_007695285.1	0.9-0.95	p__Spirochaetota	0.9232	/lustre1/g/aos_shihuang/data/gtdb-r207/genomes_all/GCA_003566875.1.fna	/lustre1/g/aos_shihuang/data/gtdb-r207/genomes_all/GCA_007695285.1.fna
GCF_000413095.1	GCA_905372345.1	0.9-0.95	p__Spirochaetota	0.9422	/lustre1/g/aos_shihuang/data/gtdb-r207/genomes_all/GCF_000413095.1.fna	/lustre1/g/aos_shihuang/data/gtdb-r207/genomes_all/GCA_905372345.1.fna
GCA_902797925.1	GCA_017614995.1	0.9-0.95	p__Spirochaetota	0.9046	/lustre1/g/aos_shihuang/data/gtdb-r207/genomes_all/GCA_902797925.1.fna	/lustre1/g/aos_shihuang/data/gtdb-r207/genomes_all/GCA_017614995.1.fna
GCF_000526375.1	GCA_002425685.1	0.9-0.95	p__Synergistota	0.9311	/lustre1/g/aos_shihuang/data/gtdb-r207/genomes_all/GCF_000526375.1.fna	/lustre1/g/aos_shihuang/data/gtdb-r207/genomes_all/GCA_002425685.1.fna
GCA_003446665.1	GCA_018434645.1	0.9-0.95	p__Synergistota	0.9316	/lustre1/g/aos_shihuang/data/gtdb-r207/genomes_all/GCA_003446665.1.fna	/lustre1/g/aos_shihuang/data/gtdb-r207/genomes_all/GCA_018434645.1.fna
GCA_001509095.1	GCA_012729145.1	0.9-0.95	p__Synergistota	0.9170	/lustre1/g/aos_shihuang/data/gtdb-r207/genomes_all/GCA_001509095.1.fna	/lustre1/g/aos_shihuang/data/gtdb-r207/genomes_all/GCA_012729145.1.fna
GCA_900544635.1	GCA_018716365.1	0.9-0.95	p__Synergistota	0.9178	/lustre1/g/aos_shihuang/data/gtdb-r207/genomes_all/GCA_900544635.1.fna	/lustre1/g/aos_shihuang/data/gtdb-r207/genomes_all/GCA_018716365.1.fna
GCA_002432945.1	GCA_002436015.1	0.9-0.95	p__Synergistota	0.9026	/lustre1/g/aos_shihuang/data/gtdb-r207/genomes_all/GCA_002432945.1.fna	/lustre1/g/aos_shihuang/data/gtdb-r207/genomes_all/GCA_002436015.1.fna
GCF_002007215.1	GCF_000177335.1	0.9-0.95	p__Synergistota	0.9310	/lustre1/g/aos_shihuang/data/gtdb-r207/genomes_all/GCF_002007215.1.fna	/lustre1/g/aos_shihuang/data/gtdb-r207/genomes_all/GCF_000177335.1.fna
GCA_001508935.1	GCF_016125955.1	0.9-0.95	p__Synergistota	0.9057	/lustre1/g/aos_shihuang/data/gtdb-r207/genomes_all/GCA_001508935.1.fna	/lustre1/g/aos_shihuang/data/gtdb-r207/genomes_all/GCF_016125955.1.fna
GCA_013329135.1	GCA_011391345.1	0.9-0.95	p__Thermoplasmatota	0.9427	/lustre1/g/aos_shihuang/data/gtdb-r207/genomes_all/GCA_013329135.1.fna	/lustre1/g/aos_shihuang/data/gtdb-r207/genomes_all/GCA_011391345.1.fna
GCA_004195635.1	GCA_018649825.1	0.9-0.95	p__Thermoplasmatota	0.9347	/lustre1/g/aos_shihuang/data/gtdb-r207/genomes_all/GCA_004195635.1.fna	/lustre1/g/aos_shihuang/data/gtdb-r207/genomes_all/GCA_018649825.1.fna
GCA_012959275.1	GCA_014240385.1	0.9-0.95	p__Thermoplasmatota	0.9041	/lustre1/g/aos_shihuang/data/gtdb-r207/genomes_all/GCA_012959275.1.fna	/lustre1/g/aos_shihuang/data/gtdb-r207/genomes_all/GCA_014240385.1.fna
GCA_002506255.1	GCA_001421175.1	0.9-0.95	p__Thermoplasmatota	0.9063	/lustre1/g/aos_shihuang/data/gtdb-r207/genomes_all/GCA_002506255.1.fna	/lustre1/g/aos_shihuang/data/gtdb-r207/genomes_all/GCA_001421175.1.fna
GCA_002497905.1	GCA_002506875.1	0.9-0.95	p__Thermoplasmatota	0.9345	/lustre1/g/aos_shihuang/data/gtdb-r207/genomes_all/GCA_002497905.1.fna	/lustre1/g/aos_shihuang/data/gtdb-r207/genomes_all/GCA_002506875.1.fna
GCA_002509165.1	GCA_003193815.1	0.9-0.95	p__Thermoplasmatota	0.9184	/lustre1/g/aos_shihuang/data/gtdb-r207/genomes_all/GCA_002509165.1.fna	/lustre1/g/aos_shihuang/data/gtdb-r207/genomes_all/GCA_003193815.1.fna
GCA_016845825.1	GCA_001875345.1	0.9-0.95	p__Thermoplasmatota	0.9433	/lustre1/g/aos_shihuang/data/gtdb-r207/genomes_all/GCA_016845825.1.fna	/lustre1/g/aos_shihuang/data/gtdb-r207/genomes_all/GCA_001875345.1.fna
GCF_009729035.1	GCA_003086555.1	0.9-0.95	p__Thermoproteota	0.9342	/lustre1/g/aos_shihuang/data/gtdb-r207/genomes_all/GCF_009729035.1.fna	/lustre1/g/aos_shihuang/data/gtdb-r207/genomes_all/GCA_003086555.1.fna
GCA_009665115.1	GCA_003176995.1	0.9-0.95	p__Thermoproteota	0.9445	/lustre1/g/aos_shihuang/data/gtdb-r207/genomes_all/GCA_009665115.1.fna	/lustre1/g/aos_shihuang/data/gtdb-r207/genomes_all/GCA_003176995.1.fna
GCF_900248165.1	GCA_013538805.1	0.9-0.95	p__Thermoproteota	0.9016	/lustre1/g/aos_shihuang/data/gtdb-r207/genomes_all/GCF_900248165.1.fna	/lustre1/g/aos_shihuang/data/gtdb-r207/genomes_all/GCA_013538805.1.fna
GCF_012222305.1	GCF_009729055.1	0.9-0.95	p__Thermoproteota	0.9102	/lustre1/g/aos_shihuang/data/gtdb-r207/genomes_all/GCF_012222305.1.fna	/lustre1/g/aos_shihuang/data/gtdb-r207/genomes_all/GCF_009729055.1.fna
GCF_000011205.1	GCF_009729055.1	0.9-0.95	p__Thermoproteota	0.9441	/lustre1/g/aos_shihuang/data/gtdb-r207/genomes_all/GCF_000011205.1.fna	/lustre1/g/aos_shihuang/data/gtdb-r207/genomes_all/GCF_009729055.1.fna
GCF_014078545.1	GCA_003352285.1	0.9-0.95	p__Thermoproteota	0.9434	/lustre1/g/aos_shihuang/data/gtdb-r207/genomes_all/GCF_014078545.1.fna	/lustre1/g/aos_shihuang/data/gtdb-r207/genomes_all/GCA_003352285.1.fna
GCF_019175345.1	GCF_000022485.1	0.9-0.95	p__Thermoproteota	0.9438	/lustre1/g/aos_shihuang/data/gtdb-r207/genomes_all/GCF_019175345.1.fna	/lustre1/g/aos_shihuang/data/gtdb-r207/genomes_all/GCF_000022485.1.fna
GCA_001593855.1	GCA_003662305.1	0.9-0.95	p__Thermoproteota	0.9054	/lustre1/g/aos_shihuang/data/gtdb-r207/genomes_all/GCA_001593855.1.fna	/lustre1/g/aos_shihuang/data/gtdb-r207/genomes_all/GCA_003662305.1.fna
GCA_002898655.1	GCF_900248165.1	0.9-0.95	p__Thermoproteota	0.9434	/lustre1/g/aos_shihuang/data/gtdb-r207/genomes_all/GCA_002898655.1.fna	/lustre1/g/aos_shihuang/data/gtdb-r207/genomes_all/GCF_900248165.1.fna
GCA_007050885.1	GCA_001775955.1	0.9-0.95	p__Thermoproteota	0.9164	/lustre1/g/aos_shihuang/data/gtdb-r207/genomes_all/GCA_007050885.1.fna	/lustre1/g/aos_shihuang/data/gtdb-r207/genomes_all/GCA_001775955.1.fna
GCA_007280335.1	GCA_013287585.1	0.9-0.95	p__Thermoproteota	0.9087	/lustre1/g/aos_shihuang/data/gtdb-r207/genomes_all/GCA_007280335.1.fna	/lustre1/g/aos_shihuang/data/gtdb-r207/genomes_all/GCA_013287585.1.fna
GCA_011369665.1	GCA_011372935.1	0.9-0.95	p__Thermoproteota	0.9266	/lustre1/g/aos_shihuang/data/gtdb-r207/genomes_all/GCA_011369665.1.fna	/lustre1/g/aos_shihuang/data/gtdb-r207/genomes_all/GCA_011372935.1.fna
GCA_016201435.1	GCA_007280335.1	0.9-0.95	p__Thermoproteota	0.9157	/lustre1/g/aos_shihuang/data/gtdb-r207/genomes_all/GCA_016201435.1.fna	/lustre1/g/aos_shihuang/data/gtdb-r207/genomes_all/GCA_007280335.1.fna
GCA_003019535.1	GCA_902812505.1	0.9-0.95	p__Thermoproteota	0.9457	/lustre1/g/aos_shihuang/data/gtdb-r207/genomes_all/GCA_003019535.1.fna	/lustre1/g/aos_shihuang/data/gtdb-r207/genomes_all/GCA_902812505.1.fna
GCA_013390745.1	GCA_018263495.1	0.9-0.95	p__Thermoproteota	0.9439	/lustre1/g/aos_shihuang/data/gtdb-r207/genomes_all/GCA_013390745.1.fna	/lustre1/g/aos_shihuang/data/gtdb-r207/genomes_all/GCA_018263495.1.fna
GCA_011373895.1	GCA_011373445.1	0.9-0.95	p__Thermoproteota	0.9048	/lustre1/g/aos_shihuang/data/gtdb-r207/genomes_all/GCA_011373895.1.fna	/lustre1/g/aos_shihuang/data/gtdb-r207/genomes_all/GCA_011373445.1.fna
GCF_009729545.1	GCA_003086435.1	0.9-0.95	p__Thermoproteota	0.9283	/lustre1/g/aos_shihuang/data/gtdb-r207/genomes_all/GCF_009729545.1.fna	/lustre1/g/aos_shihuang/data/gtdb-r207/genomes_all/GCA_003086435.1.fna
GCA_000508305.1	GCF_000012285.1	0.9-0.95	p__Thermoproteota	0.9346	/lustre1/g/aos_shihuang/data/gtdb-r207/genomes_all/GCA_000508305.1.fna	/lustre1/g/aos_shihuang/data/gtdb-r207/genomes_all/GCF_000012285.1.fna
GCA_011369665.1	GCA_011053655.1	0.9-0.95	p__Thermoproteota	0.9350	/lustre1/g/aos_shihuang/data/gtdb-r207/genomes_all/GCA_011369665.1.fna	/lustre1/g/aos_shihuang/data/gtdb-r207/genomes_all/GCA_011053655.1.fna
GCF_000784835.1	GCF_000016785.1	0.9-0.95	p__Thermotogota	0.9451	/lustre1/g/aos_shihuang/data/gtdb-r207/genomes_all/GCF_000784835.1.fna	/lustre1/g/aos_shihuang/data/gtdb-r207/genomes_all/GCF_000016785.1.fna
GCF_000018605.1	GCF_002895525.1	0.9-0.95	p__Thermotogota	0.9052	/lustre1/g/aos_shihuang/data/gtdb-r207/genomes_all/GCF_000018605.1.fna	/lustre1/g/aos_shihuang/data/gtdb-r207/genomes_all/GCF_002895525.1.fna
GCA_011620345.1	GCA_002347965.1	0.9-0.95	p__UBA2233	0.9294	/lustre1/g/aos_shihuang/data/gtdb-r207/genomes_all/GCA_011620345.1.fna	/lustre1/g/aos_shihuang/data/gtdb-r207/genomes_all/GCA_002347965.1.fna
GCA_017650925.1	GCA_017539325.1	0.9-0.95	p__UBA3054	0.9079	/lustre1/g/aos_shihuang/data/gtdb-r207/genomes_all/GCA_017650925.1.fna	/lustre1/g/aos_shihuang/data/gtdb-r207/genomes_all/GCA_017539325.1.fna
GCA_009839615.1	GCA_011523725.1	0.9-0.95	p__UBA8248	0.9439	/lustre1/g/aos_shihuang/data/gtdb-r207/genomes_all/GCA_009839615.1.fna	/lustre1/g/aos_shihuang/data/gtdb-r207/genomes_all/GCA_011523725.1.fna
GCA_016184445.1	GCA_001790955.1	0.9-0.95	p__UBA8248	0.9031	/lustre1/g/aos_shihuang/data/gtdb-r207/genomes_all/GCA_016184445.1.fna	/lustre1/g/aos_shihuang/data/gtdb-r207/genomes_all/GCA_001790955.1.fna
GCA_002069885.1	GCA_002435745.1	0.9-0.95	p__UBP15	0.9262	/lustre1/g/aos_shihuang/data/gtdb-r207/genomes_all/GCA_002069885.1.fna	/lustre1/g/aos_shihuang/data/gtdb-r207/genomes_all/GCA_002435745.1.fna
GCA_016190005.1	GCA_016213845.1	0.9-0.95	p__UBP17	0.9459	/lustre1/g/aos_shihuang/data/gtdb-r207/genomes_all/GCA_016190005.1.fna	/lustre1/g/aos_shihuang/data/gtdb-r207/genomes_all/GCA_016213845.1.fna
GCA_002495465.1	GCA_014189675.1	0.9-0.95	p__Undinarchaeota	0.9384	/lustre1/g/aos_shihuang/data/gtdb-r207/genomes_all/GCA_002495465.1.fna	/lustre1/g/aos_shihuang/data/gtdb-r207/genomes_all/GCA_014189675.1.fna
GCA_017540905.1	GCA_902766695.1	0.9-0.95	p__Verrucomicrobiota	0.9380	/lustre1/g/aos_shihuang/data/gtdb-r207/genomes_all/GCA_017540905.1.fna	/lustre1/g/aos_shihuang/data/gtdb-r207/genomes_all/GCA_902766695.1.fna
GCA_005801385.1	GCA_016871805.1	0.9-0.95	p__Verrucomicrobiota	0.9036	/lustre1/g/aos_shihuang/data/gtdb-r207/genomes_all/GCA_005801385.1.fna	/lustre1/g/aos_shihuang/data/gtdb-r207/genomes_all/GCA_016871805.1.fna
GCF_017310545.1	GCA_000526255.1	0.9-0.95	p__Verrucomicrobiota	0.9272	/lustre1/g/aos_shihuang/data/gtdb-r207/genomes_all/GCF_017310545.1.fna	/lustre1/g/aos_shihuang/data/gtdb-r207/genomes_all/GCA_000526255.1.fna
GCF_004421185.1	GCF_007475525.1	0.9-0.95	p__Verrucomicrobiota	0.9296	/lustre1/g/aos_shihuang/data/gtdb-r207/genomes_all/GCF_004421185.1.fna	/lustre1/g/aos_shihuang/data/gtdb-r207/genomes_all/GCF_007475525.1.fna
GCA_905182465.1	GCA_009886465.1	0.9-0.95	p__Verrucomicrobiota	0.9319	/lustre1/g/aos_shihuang/data/gtdb-r207/genomes_all/GCA_905182465.1.fna	/lustre1/g/aos_shihuang/data/gtdb-r207/genomes_all/GCA_009886465.1.fna
GCA_002363035.1	GCA_017479315.1	0.9-0.95	p__Verrucomicrobiota	0.9167	/lustre1/g/aos_shihuang/data/gtdb-r207/genomes_all/GCA_002363035.1.fna	/lustre1/g/aos_shihuang/data/gtdb-r207/genomes_all/GCA_017479315.1.fna
GCA_003220075.1	GCA_003219125.1	0.9-0.95	p__Verrucomicrobiota	0.9087	/lustre1/g/aos_shihuang/data/gtdb-r207/genomes_all/GCA_003220075.1.fna	/lustre1/g/aos_shihuang/data/gtdb-r207/genomes_all/GCA_003219125.1.fna
GCA_017999015.1	GCA_002071025.1	0.9-0.95	p__Verrucomicrobiota	0.9081	/lustre1/g/aos_shihuang/data/gtdb-r207/genomes_all/GCA_017999015.1.fna	/lustre1/g/aos_shihuang/data/gtdb-r207/genomes_all/GCA_002071025.1.fna
GCA_002305655.1	GCA_019136135.1	0.9-0.95	p__Verrucomicrobiota	0.9399	/lustre1/g/aos_shihuang/data/gtdb-r207/genomes_all/GCA_002305655.1.fna	/lustre1/g/aos_shihuang/data/gtdb-r207/genomes_all/GCA_019136135.1.fna
GCA_017854655.1	GCA_905182435.1	0.9-0.95	p__Verrucomicrobiota	0.9136	/lustre1/g/aos_shihuang/data/gtdb-r207/genomes_all/GCA_017854655.1.fna	/lustre1/g/aos_shihuang/data/gtdb-r207/genomes_all/GCA_905182435.1.fna
GCA_002309765.1	GCA_017454745.1	0.9-0.95	p__Verrucomicrobiota	0.9405	/lustre1/g/aos_shihuang/data/gtdb-r207/genomes_all/GCA_002309765.1.fna	/lustre1/g/aos_shihuang/data/gtdb-r207/genomes_all/GCA_017454745.1.fna
GCA_003218515.1	GCA_003218935.1	0.9-0.95	p__Verrucomicrobiota	0.9442	/lustre1/g/aos_shihuang/data/gtdb-r207/genomes_all/GCA_003218515.1.fna	/lustre1/g/aos_shihuang/data/gtdb-r207/genomes_all/GCA_003218935.1.fna
GCA_014529625.1	GCA_002420185.1	0.9-0.95	p__Verrucomicrobiota	0.9205	/lustre1/g/aos_shihuang/data/gtdb-r207/genomes_all/GCA_014529625.1.fna	/lustre1/g/aos_shihuang/data/gtdb-r207/genomes_all/GCA_002420185.1.fna
GCA_002690655.1	GCA_000383715.1	0.9-0.95	p__Verrucomicrobiota	0.9404	/lustre1/g/aos_shihuang/data/gtdb-r207/genomes_all/GCA_002690655.1.fna	/lustre1/g/aos_shihuang/data/gtdb-r207/genomes_all/GCA_000383715.1.fna
GCA_017413145.1	GCA_902793555.1	0.9-0.95	p__Verrucomicrobiota	0.9115	/lustre1/g/aos_shihuang/data/gtdb-r207/genomes_all/GCA_017413145.1.fna	/lustre1/g/aos_shihuang/data/gtdb-r207/genomes_all/GCA_902793555.1.fna
GCA_017849585.1	GCA_002304345.1	0.9-0.95	p__Verrucomicrobiota	0.9070	/lustre1/g/aos_shihuang/data/gtdb-r207/genomes_all/GCA_017849585.1.fna	/lustre1/g/aos_shihuang/data/gtdb-r207/genomes_all/GCA_002304345.1.fna
GCA_003218705.1	GCA_003220055.1	0.9-0.95	p__Verrucomicrobiota	0.9389	/lustre1/g/aos_shihuang/data/gtdb-r207/genomes_all/GCA_003218705.1.fna	/lustre1/g/aos_shihuang/data/gtdb-r207/genomes_all/GCA_003220055.1.fna
GCA_002308515.1	GCA_016283885.1	0.9-0.95	p__Verrucomicrobiota	0.9124	/lustre1/g/aos_shihuang/data/gtdb-r207/genomes_all/GCA_002308515.1.fna	/lustre1/g/aos_shihuang/data/gtdb-r207/genomes_all/GCA_016283885.1.fna
GCA_902793555.1	GCA_902761575.1	0.9-0.95	p__Verrucomicrobiota	0.9090	/lustre1/g/aos_shihuang/data/gtdb-r207/genomes_all/GCA_902793555.1.fna	/lustre1/g/aos_shihuang/data/gtdb-r207/genomes_all/GCA_902761575.1.fna
GCA_902766695.1	GCA_017527155.1	0.9-0.95	p__Verrucomicrobiota	0.9487	/lustre1/g/aos_shihuang/data/gtdb-r207/genomes_all/GCA_902766695.1.fna	/lustre1/g/aos_shihuang/data/gtdb-r207/genomes_all/GCA_017527155.1.fna
GCA_902774245.1	GCA_902762495.1	0.9-0.95	p__Verrucomicrobiota	0.9146	/lustre1/g/aos_shihuang/data/gtdb-r207/genomes_all/GCA_902774245.1.fna	/lustre1/g/aos_shihuang/data/gtdb-r207/genomes_all/GCA_902762495.1.fna
GCA_904424815.1	GCA_900760665.1	0.9-0.95	p__Verrucomicrobiota	0.9223	/lustre1/g/aos_shihuang/data/gtdb-r207/genomes_all/GCA_904424815.1.fna	/lustre1/g/aos_shihuang/data/gtdb-r207/genomes_all/GCA_900760665.1.fna
GCA_900771165.1	GCA_016303095.1	0.9-0.95	p__Verrucomicrobiota	0.9116	/lustre1/g/aos_shihuang/data/gtdb-r207/genomes_all/GCA_900771165.1.fna	/lustre1/g/aos_shihuang/data/gtdb-r207/genomes_all/GCA_016303095.1.fna
GCA_009937455.1	GCA_002292185.1	0.9-0.95	p__Verrucomicrobiota	0.9049	/lustre1/g/aos_shihuang/data/gtdb-r207/genomes_all/GCA_009937455.1.fna	/lustre1/g/aos_shihuang/data/gtdb-r207/genomes_all/GCA_002292185.1.fna
GCA_003218935.1	GCA_003219345.1	0.9-0.95	p__Verrucomicrobiota	0.9309	/lustre1/g/aos_shihuang/data/gtdb-r207/genomes_all/GCA_003218935.1.fna	/lustre1/g/aos_shihuang/data/gtdb-r207/genomes_all/GCA_003219345.1.fna
GCA_002405835.1	GCA_900549045.1	0.9-0.95	p__Verrucomicrobiota	0.9145	/lustre1/g/aos_shihuang/data/gtdb-r207/genomes_all/GCA_002405835.1.fna	/lustre1/g/aos_shihuang/data/gtdb-r207/genomes_all/GCA_900549045.1.fna
GCA_003219345.1	GCA_003218515.1	0.9-0.95	p__Verrucomicrobiota	0.9240	/lustre1/g/aos_shihuang/data/gtdb-r207/genomes_all/GCA_003219345.1.fna	/lustre1/g/aos_shihuang/data/gtdb-r207/genomes_all/GCA_003218515.1.fna
GCA_002737275.1	GCA_002304445.1	0.9-0.95	p__Verrucomicrobiota	0.9299	/lustre1/g/aos_shihuang/data/gtdb-r207/genomes_all/GCA_002737275.1.fna	/lustre1/g/aos_shihuang/data/gtdb-r207/genomes_all/GCA_002304445.1.fna
GCA_017455665.1	GCA_902802585.1	0.9-0.95	p__Verrucomicrobiota	0.9041	/lustre1/g/aos_shihuang/data/gtdb-r207/genomes_all/GCA_017455665.1.fna	/lustre1/g/aos_shihuang/data/gtdb-r207/genomes_all/GCA_902802585.1.fna
GCF_000226295.1	GCF_018304765.1	0.95-0.99	p__Acidobacteriota	0.9502	/lustre1/g/aos_shihuang/data/gtdb-r207/genomes_all/GCF_000226295.1.fna	/lustre1/g/aos_shihuang/data/gtdb-r207/genomes_all/GCF_018304765.1.fna
GCF_900104895.1	GCF_002936985.1	0.95-0.99	p__Actinobacteriota	0.9621	/lustre1/g/aos_shihuang/data/gtdb-r207/genomes_all/GCF_900104895.1.fna	/lustre1/g/aos_shihuang/data/gtdb-r207/genomes_all/GCF_002936985.1.fna
GCA_002694095.1	GCA_002728915.1	0.95-0.99	p__Actinobacteriota	0.9560	/lustre1/g/aos_shihuang/data/gtdb-r207/genomes_all/GCA_002694095.1.fna	/lustre1/g/aos_shihuang/data/gtdb-r207/genomes_all/GCA_002728915.1.fna
GCA_016783995.1	GCA_002779205.1	0.95-0.99	p__Actinobacteriota	0.9533	/lustre1/g/aos_shihuang/data/gtdb-r207/genomes_all/GCA_016783995.1.fna	/lustre1/g/aos_shihuang/data/gtdb-r207/genomes_all/GCA_002779205.1.fna
GCF_002735905.1	GCF_001598915.1	0.95-0.99	p__Actinobacteriota	0.9535	/lustre1/g/aos_shihuang/data/gtdb-r207/genomes_all/GCF_002735905.1.fna	/lustre1/g/aos_shihuang/data/gtdb-r207/genomes_all/GCF_001598915.1.fna
GCA_903924445.1	GCA_903915615.1	0.95-0.99	p__Armatimonadota	0.9508	/lustre1/g/aos_shihuang/data/gtdb-r207/genomes_all/GCA_903924445.1.fna	/lustre1/g/aos_shihuang/data/gtdb-r207/genomes_all/GCA_903915615.1.fna
GCA_002452835.1	GCA_018054125.1	0.95-0.99	p__Atribacterota	0.9516	/lustre1/g/aos_shihuang/data/gtdb-r207/genomes_all/GCA_002452835.1.fna	/lustre1/g/aos_shihuang/data/gtdb-r207/genomes_all/GCA_018054125.1.fna
GCA_016285615.1	GCA_017454945.1	0.95-0.99	p__Bacteroidota	0.9502	/lustre1/g/aos_shihuang/data/gtdb-r207/genomes_all/GCA_016285615.1.fna	/lustre1/g/aos_shihuang/data/gtdb-r207/genomes_all/GCA_017454945.1.fna
GCA_013151565.1	GCA_003233295.1	0.95-0.99	p__Bacteroidota	0.9576	/lustre1/g/aos_shihuang/data/gtdb-r207/genomes_all/GCA_013151565.1.fna	/lustre1/g/aos_shihuang/data/gtdb-r207/genomes_all/GCA_003233295.1.fna
GCA_902536695.1	GCA_002694645.1	0.95-0.99	p__Bacteroidota	0.9730	/lustre1/g/aos_shihuang/data/gtdb-r207/genomes_all/GCA_902536695.1.fna	/lustre1/g/aos_shihuang/data/gtdb-r207/genomes_all/GCA_002694645.1.fna
GCA_002371265.1	GCA_002392915.1	0.95-0.99	p__Bacteroidota	0.9503	/lustre1/g/aos_shihuang/data/gtdb-r207/genomes_all/GCA_002371265.1.fna	/lustre1/g/aos_shihuang/data/gtdb-r207/genomes_all/GCA_002392915.1.fna
GCA_016777435.1	GCA_905478895.1	0.95-0.99	p__Bacteroidota	0.9652	/lustre1/g/aos_shihuang/data/gtdb-r207/genomes_all/GCA_016777435.1.fna	/lustre1/g/aos_shihuang/data/gtdb-r207/genomes_all/GCA_905478895.1.fna
GCF_001999985.1	GCF_900198365.1	0.95-0.99	p__Campylobacterota	0.9598	/lustre1/g/aos_shihuang/data/gtdb-r207/genomes_all/GCF_001999985.1.fna	/lustre1/g/aos_shihuang/data/gtdb-r207/genomes_all/GCF_900198365.1.fna
GCA_015484985.1	GCA_015491595.1	0.95-0.99	p__Chloroflexota	0.9563	/lustre1/g/aos_shihuang/data/gtdb-r207/genomes_all/GCA_015484985.1.fna	/lustre1/g/aos_shihuang/data/gtdb-r207/genomes_all/GCA_015491595.1.fna
GCA_005881295.1	GCA_001919995.1	0.95-0.99	p__Chloroflexota	0.9858	/lustre1/g/aos_shihuang/data/gtdb-r207/genomes_all/GCA_005881295.1.fna	/lustre1/g/aos_shihuang/data/gtdb-r207/genomes_all/GCA_001919995.1.fna
GCA_002313895.1	GCA_002710885.1	0.95-0.99	p__Chloroflexota	0.9590	/lustre1/g/aos_shihuang/data/gtdb-r207/genomes_all/GCA_002313895.1.fna	/lustre1/g/aos_shihuang/data/gtdb-r207/genomes_all/GCA_002710885.1.fna
GCA_014324065.1	GCA_005518205.2	0.95-0.99	p__Cyanobacteria	0.9557	/lustre1/g/aos_shihuang/data/gtdb-r207/genomes_all/GCA_014324065.1.fna	/lustre1/g/aos_shihuang/data/gtdb-r207/genomes_all/GCA_005518205.2.fna
GCF_003367075.1	GCF_014489415.1	0.95-0.99	p__Cyanobacteria	0.9640	/lustre1/g/aos_shihuang/data/gtdb-r207/genomes_all/GCF_003367075.1.fna	/lustre1/g/aos_shihuang/data/gtdb-r207/genomes_all/GCF_014489415.1.fna
GCF_009792235.1	GCA_002282935.1	0.95-0.99	p__Cyanobacteria	0.9522	/lustre1/g/aos_shihuang/data/gtdb-r207/genomes_all/GCF_009792235.1.fna	/lustre1/g/aos_shihuang/data/gtdb-r207/genomes_all/GCA_002282935.1.fna
GCA_015486915.1	GCA_015493575.1	0.95-0.99	p__Desulfobacterota	0.9514	/lustre1/g/aos_shihuang/data/gtdb-r207/genomes_all/GCA_015486915.1.fna	/lustre1/g/aos_shihuang/data/gtdb-r207/genomes_all/GCA_015493575.1.fna
GCA_013203195.1	GCA_014383215.1	0.95-0.99	p__Desulfobacterota	0.9603	/lustre1/g/aos_shihuang/data/gtdb-r207/genomes_all/GCA_013203195.1.fna	/lustre1/g/aos_shihuang/data/gtdb-r207/genomes_all/GCA_014383215.1.fna
GCA_015222355.1	GCA_013138655.1	0.95-0.99	p__Desulfobacterota	0.9598	/lustre1/g/aos_shihuang/data/gtdb-r207/genomes_all/GCA_015222355.1.fna	/lustre1/g/aos_shihuang/data/gtdb-r207/genomes_all/GCA_013138655.1.fna
GCA_012271025.1	GCA_011523315.1	0.95-0.99	p__Desulfobacterota_B	0.9583	/lustre1/g/aos_shihuang/data/gtdb-r207/genomes_all/GCA_012271025.1.fna	/lustre1/g/aos_shihuang/data/gtdb-r207/genomes_all/GCA_011523315.1.fna
GCF_900107035.1	GCF_001447355.1	0.95-0.99	p__Firmicutes	0.9543	/lustre1/g/aos_shihuang/data/gtdb-r207/genomes_all/GCF_900107035.1.fna	/lustre1/g/aos_shihuang/data/gtdb-r207/genomes_all/GCF_001447355.1.fna
GCF_001696685.1	GCF_000438455.1	0.95-0.99	p__Firmicutes	0.9584	/lustre1/g/aos_shihuang/data/gtdb-r207/genomes_all/GCF_001696685.1.fna	/lustre1/g/aos_shihuang/data/gtdb-r207/genomes_all/GCF_000438455.1.fna
GCA_900769635.1	GCA_900557675.1	0.95-0.99	p__Firmicutes	0.9859	/lustre1/g/aos_shihuang/data/gtdb-r207/genomes_all/GCA_900769635.1.fna	/lustre1/g/aos_shihuang/data/gtdb-r207/genomes_all/GCA_900557675.1.fna
GCF_000474275.2	GCF_000005825.2	0.95-0.99	p__Firmicutes	0.9577	/lustre1/g/aos_shihuang/data/gtdb-r207/genomes_all/GCF_000474275.2.fna	/lustre1/g/aos_shihuang/data/gtdb-r207/genomes_all/GCF_000005825.2.fna
GCA_900546275.1	GCA_905215145.1	0.95-0.99	p__Firmicutes	0.9735	/lustre1/g/aos_shihuang/data/gtdb-r207/genomes_all/GCA_900546275.1.fna	/lustre1/g/aos_shihuang/data/gtdb-r207/genomes_all/GCA_905215145.1.fna
GCA_001610955.1	GCF_001544135.1	0.95-0.99	p__Firmicutes	0.9545	/lustre1/g/aos_shihuang/data/gtdb-r207/genomes_all/GCA_001610955.1.fna	/lustre1/g/aos_shihuang/data/gtdb-r207/genomes_all/GCF_001544135.1.fna
GCA_018365895.1	GCF_018228665.1	0.95-0.99	p__Firmicutes_A	0.9504	/lustre1/g/aos_shihuang/data/gtdb-r207/genomes_all/GCA_018365895.1.fna	/lustre1/g/aos_shihuang/data/gtdb-r207/genomes_all/GCF_018228665.1.fna
GCF_000204565.1	GCF_017100085.1	0.95-0.99	p__Firmicutes_A	0.9518	/lustre1/g/aos_shihuang/data/gtdb-r207/genomes_all/GCF_000204565.1.fna	/lustre1/g/aos_shihuang/data/gtdb-r207/genomes_all/GCF_017100085.1.fna
GCF_006802875.1	GCF_000452245.2	0.95-0.99	p__Firmicutes_A	0.9632	/lustre1/g/aos_shihuang/data/gtdb-r207/genomes_all/GCF_006802875.1.fna	/lustre1/g/aos_shihuang/data/gtdb-r207/genomes_all/GCF_000452245.2.fna
GCF_000196455.1	GCF_900168025.1	0.95-0.99	p__Firmicutes_A	0.9628	/lustre1/g/aos_shihuang/data/gtdb-r207/genomes_all/GCF_000196455.1.fna	/lustre1/g/aos_shihuang/data/gtdb-r207/genomes_all/GCF_900168025.1.fna
GCA_900557435.1	GCA_900767685.1	0.95-0.99	p__Firmicutes_A	0.9572	/lustre1/g/aos_shihuang/data/gtdb-r207/genomes_all/GCA_900557435.1.fna	/lustre1/g/aos_shihuang/data/gtdb-r207/genomes_all/GCA_900767685.1.fna
GCF_001006285.1	GCF_006802875.1	0.95-0.99	p__Firmicutes_A	0.9508	/lustre1/g/aos_shihuang/data/gtdb-r207/genomes_all/GCF_001006285.1.fna	/lustre1/g/aos_shihuang/data/gtdb-r207/genomes_all/GCF_006802875.1.fna
GCA_012840385.1	GCA_902812385.1	0.95-0.99	p__Firmicutes_B	0.9528	/lustre1/g/aos_shihuang/data/gtdb-r207/genomes_all/GCA_012840385.1.fna	/lustre1/g/aos_shihuang/data/gtdb-r207/genomes_all/GCA_902812385.1.fna
GCF_900109225.1	GCF_000381065.1	0.95-0.99	p__Firmicutes_C	0.9652	/lustre1/g/aos_shihuang/data/gtdb-r207/genomes_all/GCF_900109225.1.fna	/lustre1/g/aos_shihuang/data/gtdb-r207/genomes_all/GCF_000381065.1.fna
GCA_905372355.1	GCF_000208405.1	0.95-0.99	p__Firmicutes_C	0.9505	/lustre1/g/aos_shihuang/data/gtdb-r207/genomes_all/GCA_905372355.1.fna	/lustre1/g/aos_shihuang/data/gtdb-r207/genomes_all/GCF_000208405.1.fna
GCA_002712565.1	GCA_002731735.1	0.95-0.99	p__Gemmatimonadota	0.9793	/lustre1/g/aos_shihuang/data/gtdb-r207/genomes_all/GCA_002712565.1.fna	/lustre1/g/aos_shihuang/data/gtdb-r207/genomes_all/GCA_002731735.1.fna
GCA_905067555.1	GCA_905067535.1	0.95-0.99	p__Halobacteriota	0.9545	/lustre1/g/aos_shihuang/data/gtdb-r207/genomes_all/GCA_905067555.1.fna	/lustre1/g/aos_shihuang/data/gtdb-r207/genomes_all/GCA_905067535.1.fna
GCF_000379085.1	GCF_000023965.1	0.95-0.99	p__Halobacteriota	0.9701	/lustre1/g/aos_shihuang/data/gtdb-r207/genomes_all/GCF_000379085.1.fna	/lustre1/g/aos_shihuang/data/gtdb-r207/genomes_all/GCF_000023965.1.fna
GCA_013180565.1	GCA_013139985.1	0.95-0.99	p__Halobacteriota	0.9657	/lustre1/g/aos_shihuang/data/gtdb-r207/genomes_all/GCA_013180565.1.fna	/lustre1/g/aos_shihuang/data/gtdb-r207/genomes_all/GCA_013139985.1.fna
GCA_011375275.1	GCA_015485525.1	0.95-0.99	p__KSB1	0.9525	/lustre1/g/aos_shihuang/data/gtdb-r207/genomes_all/GCA_011375275.1.fna	/lustre1/g/aos_shihuang/data/gtdb-r207/genomes_all/GCA_015485525.1.fna
GCF_000828575.1	GCF_000008645.1	0.95-0.99	p__Methanobacteriota	0.9633	/lustre1/g/aos_shihuang/data/gtdb-r207/genomes_all/GCF_000828575.1.fna	/lustre1/g/aos_shihuang/data/gtdb-r207/genomes_all/GCF_000008645.1.fna
GCA_016177555.1	GCA_001788395.1	0.95-0.99	p__Methylomirabilota	0.9563	/lustre1/g/aos_shihuang/data/gtdb-r207/genomes_all/GCA_016177555.1.fna	/lustre1/g/aos_shihuang/data/gtdb-r207/genomes_all/GCA_001788395.1.fna
GCF_900109545.1	GCF_900111745.1	0.95-0.99	p__Myxococcota	0.9519	/lustre1/g/aos_shihuang/data/gtdb-r207/genomes_all/GCF_900109545.1.fna	/lustre1/g/aos_shihuang/data/gtdb-r207/genomes_all/GCF_900111745.1.fna
GCA_002725495.1	GCA_002686215.1	0.95-0.99	p__Nanoarchaeota	0.9855	/lustre1/g/aos_shihuang/data/gtdb-r207/genomes_all/GCA_002725495.1.fna	/lustre1/g/aos_shihuang/data/gtdb-r207/genomes_all/GCA_002686215.1.fna
GCA_016207065.1	GCA_016217765.1	0.95-0.99	p__Nitrospinota	0.9561	/lustre1/g/aos_shihuang/data/gtdb-r207/genomes_all/GCA_016207065.1.fna	/lustre1/g/aos_shihuang/data/gtdb-r207/genomes_all/GCA_016217765.1.fna
GCA_018819325.1	GCA_018817845.1	0.95-0.99	p__Patescibacteria	0.9553	/lustre1/g/aos_shihuang/data/gtdb-r207/genomes_all/GCA_018819325.1.fna	/lustre1/g/aos_shihuang/data/gtdb-r207/genomes_all/GCA_018817845.1.fna
GCA_017513365.1	GCA_017457425.1	0.95-0.99	p__Proteobacteria	0.9552	/lustre1/g/aos_shihuang/data/gtdb-r207/genomes_all/GCA_017513365.1.fna	/lustre1/g/aos_shihuang/data/gtdb-r207/genomes_all/GCA_017457425.1.fna
GCF_000518645.1	GCF_000381265.1	0.95-0.99	p__Proteobacteria	0.9525	/lustre1/g/aos_shihuang/data/gtdb-r207/genomes_all/GCF_000518645.1.fna	/lustre1/g/aos_shihuang/data/gtdb-r207/genomes_all/GCF_000381265.1.fna
GCF_002208095.1	GCF_008364625.1	0.95-0.99	p__Proteobacteria	0.9622	/lustre1/g/aos_shihuang/data/gtdb-r207/genomes_all/GCF_002208095.1.fna	/lustre1/g/aos_shihuang/data/gtdb-r207/genomes_all/GCF_008364625.1.fna
GCA_011620145.1	GCA_002862435.1	0.95-0.99	p__Proteobacteria	0.9570	/lustre1/g/aos_shihuang/data/gtdb-r207/genomes_all/GCA_011620145.1.fna	/lustre1/g/aos_shihuang/data/gtdb-r207/genomes_all/GCA_002862435.1.fna
GCF_000517425.1	GCF_000517405.1	0.95-0.99	p__Proteobacteria	0.9695	/lustre1/g/aos_shihuang/data/gtdb-r207/genomes_all/GCF_000517425.1.fna	/lustre1/g/aos_shihuang/data/gtdb-r207/genomes_all/GCF_000517405.1.fna
GCA_015232025.1	GCA_015232485.1	0.95-0.99	p__Proteobacteria	0.9597	/lustre1/g/aos_shihuang/data/gtdb-r207/genomes_all/GCA_015232025.1.fna	/lustre1/g/aos_shihuang/data/gtdb-r207/genomes_all/GCA_015232485.1.fna
GCF_016742975.1	GCF_003812745.1	0.95-0.99	p__Proteobacteria	0.9573	/lustre1/g/aos_shihuang/data/gtdb-r207/genomes_all/GCF_016742975.1.fna	/lustre1/g/aos_shihuang/data/gtdb-r207/genomes_all/GCF_003812745.1.fna
GCF_900635775.1	GCF_002921145.1	0.95-0.99	p__Proteobacteria	0.9525	/lustre1/g/aos_shihuang/data/gtdb-r207/genomes_all/GCF_900635775.1.fna	/lustre1/g/aos_shihuang/data/gtdb-r207/genomes_all/GCF_002921145.1.fna
GCF_003144325.1	GCF_011045835.1	0.95-0.99	p__Proteobacteria	0.9633	/lustre1/g/aos_shihuang/data/gtdb-r207/genomes_all/GCF_003144325.1.fna	/lustre1/g/aos_shihuang/data/gtdb-r207/genomes_all/GCF_011045835.1.fna
GCA_902633855.1	GCA_002694595.1	0.95-0.99	p__Proteobacteria	0.9517	/lustre1/g/aos_shihuang/data/gtdb-r207/genomes_all/GCA_902633855.1.fna	/lustre1/g/aos_shihuang/data/gtdb-r207/genomes_all/GCA_002694595.1.fna
GCF_009867135.1	GCF_001553955.1	0.95-0.99	p__Proteobacteria	0.9518	/lustre1/g/aos_shihuang/data/gtdb-r207/genomes_all/GCF_009867135.1.fna	/lustre1/g/aos_shihuang/data/gtdb-r207/genomes_all/GCF_001553955.1.fna
GCF_006715005.1	GCF_016742975.1	0.95-0.99	p__Proteobacteria	0.9623	/lustre1/g/aos_shihuang/data/gtdb-r207/genomes_all/GCF_006715005.1.fna	/lustre1/g/aos_shihuang/data/gtdb-r207/genomes_all/GCF_016742975.1.fna
GCF_002921145.1	GCF_002921135.1	0.95-0.99	p__Proteobacteria	0.9537	/lustre1/g/aos_shihuang/data/gtdb-r207/genomes_all/GCF_002921145.1.fna	/lustre1/g/aos_shihuang/data/gtdb-r207/genomes_all/GCF_002921135.1.fna
GCF_000341735.1	GCF_000968535.2	0.95-0.99	p__Proteobacteria	0.9508	/lustre1/g/aos_shihuang/data/gtdb-r207/genomes_all/GCF_000341735.1.fna	/lustre1/g/aos_shihuang/data/gtdb-r207/genomes_all/GCF_000968535.2.fna
GCF_014174395.1	GCF_014174215.1	0.95-0.99	p__Proteobacteria	0.9619	/lustre1/g/aos_shihuang/data/gtdb-r207/genomes_all/GCF_014174395.1.fna	/lustre1/g/aos_shihuang/data/gtdb-r207/genomes_all/GCF_014174215.1.fna
GCA_902572695.1	GCA_001321855.1	0.95-0.99	p__Proteobacteria	0.9534	/lustre1/g/aos_shihuang/data/gtdb-r207/genomes_all/GCA_902572695.1.fna	/lustre1/g/aos_shihuang/data/gtdb-r207/genomes_all/GCA_001321855.1.fna
GCF_000426685.1	GCF_000382285.1	0.95-0.99	p__Proteobacteria	0.9510	/lustre1/g/aos_shihuang/data/gtdb-r207/genomes_all/GCF_000426685.1.fna	/lustre1/g/aos_shihuang/data/gtdb-r207/genomes_all/GCF_000382285.1.fna
GCF_900107215.1	GCA_002385485.1	0.95-0.99	p__Synergistota	0.9594	/lustre1/g/aos_shihuang/data/gtdb-r207/genomes_all/GCF_900107215.1.fna	/lustre1/g/aos_shihuang/data/gtdb-r207/genomes_all/GCA_002385485.1.fna
GCA_002731655.1	GCA_003193815.1	0.95-0.99	p__Thermoplasmatota	0.9503	/lustre1/g/aos_shihuang/data/gtdb-r207/genomes_all/GCA_002731655.1.fna	/lustre1/g/aos_shihuang/data/gtdb-r207/genomes_all/GCA_003193815.1.fna
GCA_005877345.1	GCA_014523525.1	0.95-0.99	p__Thermoproteota	0.9592	/lustre1/g/aos_shihuang/data/gtdb-r207/genomes_all/GCA_005877345.1.fna	/lustre1/g/aos_shihuang/data/gtdb-r207/genomes_all/GCA_014523525.1.fna
GCA_009665115.1	GCA_002501855.1	0.95-0.99	p__Thermoproteota	0.9527	/lustre1/g/aos_shihuang/data/gtdb-r207/genomes_all/GCA_009665115.1.fna	/lustre1/g/aos_shihuang/data/gtdb-r207/genomes_all/GCA_002501855.1.fna
GCA_005888695.1	GCA_005888675.1	0.95-0.99	p__Thermoproteota	0.9611	/lustre1/g/aos_shihuang/data/gtdb-r207/genomes_all/GCA_005888695.1.fna	/lustre1/g/aos_shihuang/data/gtdb-r207/genomes_all/GCA_005888675.1.fna
GCA_002501855.1	GCA_003176995.1	0.95-0.99	p__Thermoproteota	0.9567	/lustre1/g/aos_shihuang/data/gtdb-r207/genomes_all/GCA_002501855.1.fna	/lustre1/g/aos_shihuang/data/gtdb-r207/genomes_all/GCA_003176995.1.fna
