query_asm	ref_asm	band	anim_ani	ani_gated	ani_npmle	lrt_np	ani_spatial
GCA_013390615.1	GCA_903839205.1	0.8-0.85	85.8089	90.1088	89.83626837513172	3.642582731151151	90.1088
GCA_001914815.1	GCA_001918935.1	0.8-0.85	86.897	91.6093	91.4231952610728	2.6391609079159934	91.6093
GCA_011772475.1	GCA_011049545.1	0.8-0.85	86.5123	90.0483	89.97283443485694	0.2153159188120526	90.0483
GCA_016789705.1	GCA_018000455.1	0.8-0.85	84.7165	87.553	87.10930899657939	0.510983795442371	87.553
GCA_016720465.1	GCA_016722505.1	0.8-0.85	85.8692	87.9081	80.11655954559193	2.190254061060841	87.9081
GCF_000428885.1	GCA_017859995.1	0.8-0.85	86.0336	91.1827	90.96517273145687	3.2190410549897024	91.1827
GCA_016192845.1	GCA_001767525.1	0.8-0.85	87.3813	89.8413	87.64742196563887	0.5602774757708175	89.8413
GCA_009835985.1	GCA_002238705.1	0.8-0.85	86.3103	90.2316	88.83940910365486	0.06933185834282085	90.2316
GCA_003530835.1	GCA_014189895.1	0.8-0.85	83.7562	89.077	86.2979296332086	0.12990896687179543	89.077
GCA_002414905.1	GCA_016714815.1	0.8-0.85	86.0132	89.8214	89.91335814386767	0.8233524349702748	89.8214
GCA_009694585.1	GCA_014190275.1	0.8-0.85	84.4572	88.9106	88.2329541991306	2.0435725562072093	88.9106
GCF_010287905.1	GCA_014803435.1	0.8-0.85	86.2973	87.7924	87.85140201737617	0.5520232921044226	87.7924
GCF_000152705.1	GCF_001427985.1	0.8-0.85	85.7766	83.9825	83.06122852751321	-0.06629410787354573	83.9825
GCA_900538305.1	GCA_000333815.1	0.8-0.85	87.1457	87.728	87.18108689672029	0.1593223902259524	87.728
GCF_007994135.1	GCA_019112525.1	0.8-0.85	86.1503	88.0638	83.84528037911943	2.1056600210795295	88.0638
GCF_001575205.1	GCF_000312385.1	0.8-0.85	85.4099	87.4391	84.13682131991641	6.8877908322174335	84.13682131991641
GCF_001592045.1	GCF_001517975.1	0.8-0.85	86.0975	86.1387	86.75352196056232	1.414862811182502	86.1387
GCF_016918015.1	GCF_003933745.1	0.8-0.85	86.3553	89.0387	81.67721309968452	2.764956392271415	89.0387
GCF_004025965.2	GCF_011383005.1	0.8-0.85	85.6007	87.5973	88.07687609717236	3.147679188929942	87.5973
GCF_014694315.1	GCF_001428005.1	0.8-0.85	86.0587	85.1879	86.91811782750153	6.206279128926326	86.91811782750153
GCA_001914705.1	GCA_005888315.1	0.8-0.85	85.5126	90.6488	90.41357616404136	1.6139857967368698	90.6488
GCF_004078655.1	GCF_003990045.1	0.8-0.85	85.5966	84.9952	83.03796991518217	-0.4115363709770463	84.9952
GCF_009733845.1	GCF_009733815.1	0.8-0.85	85.6436	85.7618	86.30446136808693	2.0337855252200825	85.7618
GCF_008040105.1	GCA_003454135.1	0.8-0.85	86.149	90.0931	89.41369706911217	-0.35950568928865323	90.0931
GCF_003003175.1	GCF_019173455.1	0.8-0.85	85.9887	86.5007	87.13661471507088	3.708677701302804	86.5007
GCF_900112815.1	GCF_016612865.1	0.8-0.85	85.9801	89.019	84.75780255047482	0.09048509163676499	89.019
GCF_003610585.1	GCF_002936985.1	0.8-0.85	86.6378	88.1086	87.78300908914326	-0.48462799796016043	88.1086
GCF_003751785.1	GCF_003755185.1	0.8-0.85	86.5203	85.5057	85.85318540690474	6.962894937283636	85.85318540690474
GCF_006716305.1	GCF_001657475.1	0.8-0.85	84.906	87.9894	84.90112577821355	24.846885547585316	84.90112577821355
GCF_009742705.1	GCF_900101785.1	0.8-0.85	85.8632	88.2949	85.99924181811163	4.154509361558667	88.2949
GCA_000620545.1	GCF_006717025.1	0.8-0.85	86.5934	86.7729	87.1347066713283	1.0183240086862497	86.7729
GCF_003121705.1	GCF_004786095.1	0.8-0.85	86.0981	84.8185	86.90892453520311	9.253754799793569	86.90892453520311
GCF_900104895.1	GCF_004217495.1	0.8-0.85	86.8433	88.3775	83.6701584776872	0.6552370056506334	88.3775
GCF_011751745.2	GCF_011751765.2	0.8-0.85	86.3238	84.155	83.35611975891916	-0.45428818821164896	84.155
GCF_004323735.1	GCF_000826685.1	0.8-0.85	86.7749	86.9259	85.67207022120135	0.31439425862117787	86.9259
GCF_900108175.1	GCF_006363815.1	0.8-0.85	86.3843	86.5616	86.85297077436866	0.42724863199327956	86.5616
GCF_001592045.1	GCF_001660385.1	0.8-0.85	85.5014	87.2471	87.42426331346942	1.4908212604432265	87.2471
GCA_009702325.1	GCA_900299235.1	0.8-0.85	84.9257	87.3521	88.13122969339194	3.0656126495664466	87.3521
GCF_014200305.1	GCF_014201135.1	0.8-0.85	86.5765	86.9052	83.09965048351128	8.644483387921355	83.09965048351128
GCA_002296525.1	GCA_002448715.1	0.8-0.85	85.6102	87.3827	87.23186412938657	0.3759950799330909	87.3827
GCA_014360645.1	GCA_015711825.1	0.8-0.85	86.5645	88.9766	89.03744907177298	0.22623434512024687	88.9766
GCF_003096675.1	GCF_004363095.1	0.8-0.85	86.2649	87.7845	85.17098666716552	0.3329855127594783	87.7845
GCF_015690345.1	GCF_016862935.1	0.8-0.85	87.2672	90.396	90.1547526491284	-0.0717902195692659	90.396
GCF_000482865.1	GCF_900111175.1	0.8-0.85	85.5727	86.4399	87.05327033439285	7.576188924307644	87.05327033439285
GCF_000224415.1	GCF_005877055.1	0.8-0.85	86.5704	87.1246	87.17592995231392	-0.018148883391404524	87.1246
GCF_001591405.1	GCA_019116945.1	0.8-0.85	85.5958	88.8206	89.15807982621624	1.8815434120720056	88.8206
GCF_008001015.1	GCF_008386315.1	0.8-0.85	86.0554	84.4209	86.3075970984133	6.41193217608361	86.3075970984133
GCF_001422285.1	GCF_000878135.1	0.8-0.85	86.179	88.1337	87.89732639843233	0.23903227053961018	88.1337
GCA_016463095.1	GCA_000428345.2	0.8-0.85	86.6015	89.7727	89.4506605139535	0.034958670846009454	89.7727
GCF_000152705.1	GCF_000768675.1	0.8-0.85	85.3434	84.6704	85.14224910409456	1.6934544072582867	84.6704
GCA_018260615.1	GCA_018260755.1	0.8-0.85	87.4317	94.8028	89.42697204704764	0.2412150194552538	94.8028
GCA_016839265.1	GCA_001940665.1	0.8-0.85	83.0842	85.3952	85.17380853625001	0.2866646851011865	85.3952
GCA_002897695.1	GCA_013151915.1	0.8-0.85	85.9986	87.7265	87.56247933715485	0.13915577632837994	87.7265
GCF_014252255.1	GCF_014252115.1	0.8-0.85	84.6362	87.7166	87.30501469980638	2.312346569067415	87.7166
GCF_017355785.1	GCF_017355835.1	0.8-0.85	85.0611	87.4449	84.00198661893951	10.566502753352779	84.00198661893951
GCA_903821715.1	GCA_005786915.1	0.8-0.85	85.5259	92.553	89.6607458613326	0.04662961968230661	92.553
GCF_001735745.1	GCA_018673215.1	0.8-0.85	85.5436	89.8701	89.5085611535008	0.6919871550055632	89.8701
GCA_018608725.1	GCA_018673215.1	0.8-0.85	84.7473	89.6275	89.56965994357444	0.23839947245403437	89.6275
GCA_002400885.1	GCA_016764435.1	0.8-0.85	85.3765	87.1621	86.99723170054574	0.20763945311851018	87.1621
GCF_015330165.1	GCF_015330125.1	0.8-0.85	84.7452	87.1362	83.86768082002209	2.927197532741957	87.1362
GCF_014251575.1	GCF_011290385.1	0.8-0.85	84.8745	84.9698	86.19664096429673	1.2158171145949268	84.9698
GCF_008180195.1	GCF_014692515.1	0.8-0.85	86.2385	90.3646	87.63273765318161	6.919984012844907	87.63273765318161
GCF_900168045.1	GCF_000745315.1	0.8-0.85	85.0809	84.626	86.07140287740033	2.9795404016333578	84.626
GCA_003158475.1	GCA_003161955.1	0.8-0.85	86.3485	89.8603	89.44693916831609	0.13877245366211355	89.8603
GCF_000799235.1	GCF_002835665.1	0.8-0.85	85.6568	88.0223	88.68279308790888	3.605278605237345	88.0223
GCA_017651425.1	GCA_002311645.1	0.8-0.85	87.262	92.963	91.34218473709524	0.18606499740690197	92.963
GCF_015476655.1	GCF_900176595.1	0.8-0.85	86.9485	87.8477	87.79966856726455	2.651092331204609	87.8477
GCF_007827275.1	GCF_000258765.1	0.8-0.85	85.1494	87.1613	87.89941887088136	2.8411751259233142	87.1613
GCA_016866355.1	GCA_016868475.1	0.8-0.85	83.1014	88.4738	87.27199437634484	0.1948664802916653	88.4738
GCF_011762155.1	GCF_011927765.1	0.8-0.85	86.0897	91.1767	88.09756762877477	0.3388459786236808	91.1767
GCF_004364165.1	GCF_900155985.1	0.8-0.85	84.8797	88.0971	87.608660824928	6.423635453510542	87.608660824928
GCF_000745315.1	GCF_900142975.1	0.8-0.85	85.9111	85.4046	84.91881230156845	3.817169167724387	85.4046
GCA_013287545.1	GCA_013288015.1	0.8-0.85	86.584	92.2659	91.78854902375707	3.0034748884481814	92.2659
GCF_001577755.1	GCF_009913235.1	0.8-0.85	85.991	86.8229	79.44949127909743	0.8208173165867265	86.8229
GCF_003014695.1	GCF_000023125.1	0.8-0.85	85.1073	87.1182	79.13805863451199	2.2317333571782	87.1182
GCF_014692515.1	GCF_014692525.1	0.8-0.85	85.5402	89.2777	86.88201999052521	1.001525768780084	89.2777
GCF_000382125.1	GCA_905479615.1	0.8-0.85	84.0711	88.7788	88.90506968551492	0.36395289123478136	88.7788
GCA_900539915.1	GCA_001689515.1	0.8-0.85	86.2841	88.7987	90.06964830337677	7.524562793935729	90.06964830337677
GCF_005047595.1	GCF_011777505.1	0.8-0.85	84.897	87.3608	83.46519117218305	0.490225376936678	87.3608
GCF_000023465.1	GCF_900112105.1	0.8-0.85	85.0386	85.0704	87.13395674245487	9.971703329491902	87.13395674245487
GCA_002440975.1	GCA_015709215.1	0.8-0.85	85.4854	90.0448	90.26997845778956	0.12277822460578136	90.0448
GCA_903907915.1	GCA_002479785.1	0.8-0.85	84.1141	93.9422	92.27655564399845	0.2511210770188228	93.9422
GCF_007197735.1	GCF_001439665.1	0.8-0.85	84.8952	86.2817	86.3897097466344	0.0037301110435237206	86.2817
GCA_017464285.1	GCA_017446025.1	0.8-0.85	85.7274	87.4498	87.43688291250997	5.105877472295788	87.43688291250997
GCF_000943555.1	GCF_000943565.1	0.8-0.85	85.4129	86.9525	85.02964040191529	-0.08724227927132233	86.9525
GCA_016868875.1	GCA_005799025.1	0.8-0.85	84.9808	89.8802	89.43636451770102	1.5600431533883352	89.8802
GCA_002381125.1	GCA_002305015.1	0.8-0.85	85.3742	87.852	88.62039264667567	4.700498141820617	87.852
GCA_009926405.1	GCA_903856555.1	0.8-0.85	85.1618	90.1758	84.1352678735532	0.1991375289829307	90.1758
GCA_002389465.1	GCA_003648625.1	0.8-0.85	85.3113	93.1836	92.30891704959544	1.6813471771717161	93.1836
GCA_002366675.1	GCF_003148645.1	0.8-0.85	85.5245	91.3124	90.16434873213966	0.031288302881989694	91.3124
GCF_004115975.1	GCF_014062315.1	0.8-0.85	84.9781	87.9639	86.44409202254552	0.05477627325137746	87.9639
GCA_014376445.1	GCA_014378525.1	0.8-0.85	84.9457	91.3703	90.94981096231737	2.9321920545889952	91.3703
GCA_001770015.1	GCA_001769975.1	0.8-0.85	84.3271	88.9013	88.48519260802583	1.1333794520855918	88.9013
GCA_002715375.1	GCA_002474345.1	0.8-0.85	84.7399	89.9083	89.59117363330309	3.7819670593574983	89.9083
GCA_903871855.1	GCF_003570935.1	0.8-0.85	86.4778	90.6171	90.55735231817627	2.6043404042636666	90.6171
GCA_004116455.1	GCF_004116625.1	0.8-0.85	85.9613	85.5543	87.94090676700873	6.0304622368335	87.94090676700873
GCF_000277405.1	GCF_000259275.1	0.8-0.85	84.2487	88.5948	88.55561676719455	1.034938144037767	88.5948
GCF_000024885.1	GCF_000265295.1	0.8-0.85	84.6718	85.9539	80.79188834680376	2.1789029112383105	85.9539
GCF_000259275.1	GCF_900461455.1	0.8-0.85	84.5721	91.8228	91.76166465092106	0.10980714498371213	91.8228
GCF_003544935.1	GCF_003544855.1	0.8-0.85	84.0421	85.919	85.60332779389906	0.30133280875043056	85.919
GCF_002272925.1	GCF_002272875.1	0.8-0.85	85.2027	89.2581	88.62126047985241	0.32204873185560245	89.2581
GCF_013177675.1	GCF_013201935.1	0.8-0.85	84.5765	88.4795	87.99150942003827	1.8755654562351083	88.4795
GCF_004006315.1	GCF_000021725.1	0.8-0.85	85.4338	86.9377	85.0662207172686	22.35351821555014	85.0662207172686
GCA_002869535.1	GCF_000092245.1	0.8-0.85	86.0096	85.7956	84.68176760493245	0.135848743506358	85.7956
GCA_015488995.1	GCA_015485845.1	0.8-0.85	86.4013	93.6997	93.59297794032803	0.5271027797298729	93.6997
GCA_004116725.1	GCF_003346775.1	0.8-0.85	84.0534	87.8991	87.88376575622247	0.5548666192525786	87.8991
GCA_011065175.1	GCA_011064875.1	0.8-0.85	85.9942	91.8496	91.67657344008656	0.3860225799381425	91.8496
GCA_011065175.1	GCA_011065045.1	0.8-0.85	85.1389	93.5185	93.48696108545809	0.1828763277275609	93.5185
GCF_000012125.1	GCF_900169085.1	0.8-0.85	83.0045	84.1604	79.0871679277189	2.23389740227276	84.1604
GCA_003577245.1	GCA_015075555.1	0.8-0.85	84.7499	84.8957	85.81527104642748	3.231643482072286	84.8957
GCA_002719675.1	GCA_009392295.1	0.8-0.85	85.1369	88.2156	85.83320216463537	0.6908706357234564	88.2156
GCA_002898215.1	GCA_011048275.1	0.8-0.85	84.3024	84.0561	85.1797018830187	9.117282816027	85.1797018830187
GCA_013112725.1	GCA_014584575.1	0.8-0.85	86.211	92.1886	92.12830603478012	0.5844534022038488	92.1886
GCA_003130875.1	GCA_011362805.1	0.8-0.85	85.6026	91.0743	90.90669746860014	1.8135421753929677	91.0743
GCA_002412595.1	GCF_003966975.1	0.8-0.85	83.9628	86.6414	81.37178231449317	0.8950300177338022	86.6414
GCA_011191975.1	GCA_016932435.1	0.8-0.85	84.7795	87.1034	87.05229899367846	0.2547822953794281	87.1034
GCA_008373165.1	GCA_002725925.1	0.8-0.85	85.3055	89.3584	89.33045997181243	0.8356663362555992	89.3584
GCA_002718395.1	GCA_002710905.1	0.8-0.85	85.1304	89.4826	88.5397173106469	3.114710404331504	89.4826
GCA_905614375.1	GCA_018649665.1	0.8-0.85	86.5709	90.8377	90.78007980973565	2.6638186154646064	90.8377
GCA_014874475.1	GCA_014360895.1	0.8-0.85	86.7283	92.8114	92.79288781960435	0.3626319226449368	92.8114
GCA_005880575.1	GCA_005883775.1	0.8-0.85	85.8807	90.1504	90.00499842074274	0.9119678333025831	90.1504
GCA_016875875.1	GCA_001795315.1	0.8-0.85	84.9743	91.798	91.66596870727837	0.2730118036839926	91.798
GCA_016930185.1	GCA_016926705.1	0.8-0.85	85.9554	91.4745	91.35088177091589	0.24621871087674663	91.4745
GCA_001567485.1	GCA_016716525.1	0.8-0.85	85.9683	88.5132	85.41139888779239	1.9432894924584616	88.5132
GCA_012728875.1	GCA_012522635.1	0.8-0.85	85.4042	88.1816	89.31460630017345	1.0743181320790427	88.1816
GCF_016807185.1	GCA_003249025.1	0.8-0.85	86.1158	91.2523	88.57685651326088	0.6812559457002862	91.2523
GCF_014697425.1	GCF_014697475.1	0.8-0.85	87.082	90.9187	87.13119356106928	0.8446347925200826	90.9187
GCA_003212515.1	GCA_003279445.1	0.8-0.85	84.6926	83.8499	83.3112677350312	1.632261502215897	83.8499
GCF_003007785.1	GCF_017312365.1	0.8-0.85	86.058	91.445	87.35381771590217	0.6596124588730277	91.445
GCF_001637315.1	GCF_009846485.1	0.8-0.85	86.7656	91.6398	88.09475856876549	0.8551717466381206	91.6398
GCF_000317225.1	GCF_000317245.1	0.8-0.85	87.8672	92.6045	92.07708017043484	0.4825610620880525	92.6045
GCF_000025125.1	GCA_000737945.1	0.8-0.85	85.9597	87.2794	87.97653534452898	2.0492043213166653	87.2794
GCA_003216835.1	GCA_003279015.1	0.8-0.85	84.466	87.1934	86.66837773052652	2.5749120762551456	87.1934
GCA_002168155.1	GCA_002470305.1	0.8-0.85	83.8832	88.7753	84.28404635284858	0.6264299691039241	88.7753
GCF_003846445.1	GCF_000010065.1	0.8-0.85	85.2414	85.7056	84.22474140178133	8.782519685566513	84.22474140178133
GCF_001548435.1	GCF_001485215.1	0.8-0.85	85.4678	86.8726	86.28829275416308	0.18974268804322492	86.8726
GCF_015840335.1	GCA_016882385.1	0.8-0.85	85.5182	89.7272	89.63018530454445	0.4417695886356796	89.7272
GCA_003215795.1	GCA_003212515.1	0.8-0.85	84.5988	87.3615	86.40281001949755	0.8528440011169778	87.3615
GCF_004323185.1	GCF_000317225.1	0.8-0.85	87.559	91.2931	91.29605670401646	0.8383704099796887	91.2931
GCF_012912105.1	GCF_000828085.3	0.8-0.85	88.19	92.0145	90.60418996695935	0.2397731978965112	92.0145
GCA_003277985.1	GCA_902564695.1	0.8-0.85	85.214	85.9003	87.53362625404102	4.573055545001182	85.9003
GCF_900009275.2	GCA_903893625.1	0.8-0.85	87.6883	95.8865	95.92080134704858	0.3327589019287558	95.8865
GCF_001597745.1	GCF_000316645.1	0.8-0.85	87.0126	91.431	90.63566280714363	-0.024573052974801612	91.431
GCA_019116905.1	GCA_910586745.1	0.8-0.85	85.0194	92.9227	92.84240733707426	0.1513852338363506	92.9227
GCA_001603805.1	GCF_004087915.1	0.8-0.85	83.4321	85.2312	82.28419964412097	1.3188827196227066	85.2312
GCF_003426945.1	GCA_002355995.1	0.8-0.85	85.3231	90.3514	89.94764025232017	3.340480718173353	90.3514
GCA_015488545.1	GCA_015490435.1	0.8-0.85	84.6901	91.5233	89.02398681416193	0.1266334601729966	91.5233
GCF_000091545.1	GCF_004307015.1	0.8-0.85	85.0225	90.0166	87.29573633527816	0.37937523831337217	90.0166
GCF_000794385.1	GCF_002964845.1	0.8-0.85	84.9145	87.154	83.34743238381994	0.4703097881160829	87.154
GCF_013389365.1	GCF_000745975.1	0.8-0.85	87.4886	91.5607	91.54760220629426	0.2740728720979746	91.5607
GCF_008330225.1	GCA_003151775.1	0.8-0.85	86.8944	89.8744	90.0092165153712	1.6628562260964372	89.8744
GCA_903869265.1	GCA_002841785.1	0.8-0.85	86.3377	91.7219	91.45049047071542	2.3635740734275714	91.7219
GCF_004917065.1	GCF_016458305.1	0.8-0.85	85.8958	85.7266	86.10877293412103	0.2963427863523975	85.7266
GCA_002747145.1	GCF_000373985.1	0.8-0.85	86.1491	90.9575	90.89471728282906	0.1636670584105957	90.9575
GCA_903869265.1	GCA_001799285.1	0.8-0.85	85.9444	89.199	89.01938558917313	1.6702218225473189	89.199
GCA_012728915.1	GCA_013177795.1	0.8-0.85	86.511	88.2111	88.52967369527266	1.684465503980391	88.2111
GCF_004917065.1	GCF_018986915.1	0.8-0.85	85.8381	84.9795	85.61569094520084	1.2966577747965857	84.9795
GCF_000175115.2	GCF_016458305.1	0.8-0.85	86.486	87.3891	87.42120211130494	0.6416527223300363	87.3891
GCF_013389365.1	GCF_000373985.1	0.8-0.85	87.3143	91.4333	91.43372464800936	0.5753341108552377	91.4333
GCA_005774545.1	GCA_012026975.1	0.8-0.85	85.3801	89.3911	89.26042891031277	0.36693309720294565	89.3911
GCA_002419215.1	GCA_018053845.1	0.8-0.85	85.9184	89.5259	89.6477973812877	1.5102936864457206	89.5259
GCA_003574885.1	GCF_018476905.1	0.8-0.85	85.6975	87.1859	86.83937784938105	0.08186604245202034	87.1859
GCA_011046855.1	GCA_003712145.1	0.8-0.85	85.6711	88.1024	89.13940331563448	5.876330191969828	89.13940331563448
GCA_001797465.1	GCA_016182655.1	0.8-0.85	86.003	88.7362	86.98149266177533	1.7703858079748898	88.7362
GCA_002869015.1	GCA_002869005.1	0.8-0.85	83.7732	88.5335	87.73560488540191	1.0480200213060016	88.5335
GCA_003105225.1	GCA_001798885.1	0.8-0.85	85.1934	90.1109	89.96799895958222	0.5655594531485804	90.1109
GCA_002067165.1	GCA_002067475.1	0.8-0.85	86.2284	90.2082	89.92950485596636	1.1185197119311852	90.2082
GCF_009914765.1	GCF_900129975.1	0.8-0.85	85.6329	84.0669	83.25499803061922	-0.1950828175172319	84.0669
GCF_001936595.1	GCA_000307955.1	0.8-0.85	85.3326	90.5532	88.83629420061129	0.4475514353721337	90.5532
GCF_013376475.1	GCF_013376455.1	0.8-0.85	85.8235	88.7111	84.02596713596479	1.7358721902637626	88.7111
GCF_000020965.1	GCF_000021645.1	0.8-0.85	83.6595	84.8093	84.28970672613373	10.222302122319434	84.28970672613373
GCA_003135895.1	GCA_003162415.1	0.8-0.85	84.8434	88.4841	88.22580697866981	3.1160391293133216	88.4841
GCA_003132805.1	GCA_003131685.1	0.8-0.85	85.3805	89.9747	89.68066631525996	1.3890538526607088	89.9747
GCA_001799715.1	GCA_001799845.1	0.8-0.85	85.1757	85.9488	87.25459285419298	9.601206915765943	87.25459285419298
GCA_002311025.1	GCA_017417005.1	0.8-0.85	85.1516	89.9169	89.7757633414381	0.4511507911016679	89.9169
GCA_009773155.1	GCA_019135865.1	0.8-0.85	86.1968	89.3213	84.36345313110878	4.787847745628824	89.3213
GCA_002402375.1	GCA_016218625.1	0.8-0.85	86.5821	92.3496	91.7935068509953	1.607379301477465	92.3496
GCA_003151115.1	GCA_013036095.1	0.8-0.85	85.3043	86.073	84.70114347312813	3.882372572201348	86.073
GCF_002797675.1	GCA_017959225.1	0.8-0.85	84.7474	86.8937	87.53157101035218	7.472023309794622	87.53157101035218
GCA_903861835.1	GCA_903915125.1	0.8-0.85	85.7943	86.4878	88.27924643249656	4.128696479501798	86.4878
GCF_000739975.1	GCF_016027715.1	0.8-0.85	84.811	86.7449	85.00300097197601	5.521016276098862	85.00300097197601
GCA_002493865.1	GCA_910584255.1	0.8-0.85	85.3967	94.3375	93.75939682030936	0.5510937721426004	94.3375
GCF_000380245.2	GCF_016908835.1	0.8-0.85	86.0514	87.7872	88.60491002460864	2.7093221767845534	87.7872
GCF_001274945.1	GCF_002813185.1	0.8-0.85	86.3919	87.0244	87.87704436928726	2.170449641432242	87.0244
GCF_900168685.1	GCF_014836905.1	0.8-0.85	85.2285	86.6104	83.4919388211009	2.9295853999176416	86.6104
GCF_001570745.1	GCF_900156755.1	0.8-0.85	84.4346	82.8258	81.4555663034843	3.1441875843124762	82.8258
GCF_000238995.1	GCF_000200735.1	0.8-0.85	85.1913	86.4227	86.17402397598441	1.9830018198351809	86.4227
GCF_000407445.1	GCF_002141365.1	0.8-0.85	85.7122	88.3017	85.91753475364942	7.859611415166228	85.91753475364942
GCA_019119225.1	GCF_001696685.1	0.8-0.85	84.5225	88.368	87.00396205227972	-0.03834478638836458	88.368
GCF_002804245.1	GCF_002804105.1	0.8-0.85	86.7699	90.3444	88.4674738015292	1.9942515515889738	90.3444
GCF_002441885.1	GCF_002260845.1	0.8-0.85	85.9306	88.7638	88.04284312186522	0.42379513647216527	88.7638
GCA_904501845.1	GCF_001183965.1	0.8-0.85	84.7738	90.8604	90.65281168430512	2.1219332328682867	90.8604
GCA_001641225.1	GCA_001641205.1	0.8-0.85	85.0305	87.9278	86.90173336527072	0.47352682583618844	87.9278
GCF_001730295.1	GCF_017377505.1	0.8-0.85	86.031	88.2122	90.17757191107441	8.45536660908624	90.17757191107441
GCF_900120005.1	GCF_000327285.1	0.8-0.85	84.9311	83.5183	81.13228724619876	4.943445613982476	83.5183
GCF_004005475.1	GCA_011524565.1	0.8-0.85	85.208	86.1728	83.64763760752496	2.8439891323323536	86.1728
GCF_006740705.1	GCF_003336365.1	0.8-0.85	86.5785	84.3317	81.22673180812998	4.26142172869595	84.3317
GCA_900554305.1	GCA_900554315.1	0.8-0.85	85.3468	91.3948	88.10813922684136	0.24136486530038326	91.3948
GCA_900754115.1	GCA_000433015.1	0.8-0.85	84.0536	90.3103	89.94375114947243	0.26478684560035504	90.3103
GCF_907165215.1	GCA_002159085.1	0.8-0.85	86.2806	88.1869	83.309985445554	7.855230276420116	83.309985445554
GCF_001886495.1	GCF_001886855.1	0.8-0.85	85.084	99.9999	99.99999999299911	0.00034392152159754344	99.9999
GCF_000017425.1	GCF_000742895.1	0.8-0.85	85.4866	87.5771	85.99519712080212	6.048772497809523	85.99519712080212
GCF_002290085.1	GCF_000701525.1	0.8-0.85	86.174	97.8976	97.45705298523235	0.00953217343802848	97.8976
GCA_000517385.1	GCF_012163115.1	0.8-0.85	86.3578	88.3257	88.77203388970155	4.406178269242446	88.3257
GCF_000014445.1	GCF_008107645.1	0.8-0.85	84.7762	86.8175	82.4413419837051	1.4732164763270248	86.8175
GCF_002813185.1	GCF_001955655.1	0.8-0.85	86.3676	86.1562	87.08168715993519	2.3822717852203823	86.1562
GCF_008764245.1	GCF_017355205.1	0.8-0.85	86.6353	89.3618	88.87011000798972	1.2979858655291991	89.3618
GCA_017633835.1	GCA_017394375.1	0.8-0.85	85.149	87.5238	87.76783096792015	0.3856102353972304	87.5238
GCA_002383695.1	GCA_002383285.1	0.8-0.85	84.9942	87.1036	89.32989629276669	14.366666552434936	89.32989629276669
GCF_016722965.1	GCF_000714935.1	0.8-0.85	84.9382	85.4965	82.59677526834105	7.039172868167043	82.59677526834105
GCF_014202595.1	GCF_001696685.1	0.8-0.85	84.6696	88.7203	82.46443311101284	0.03931531102534791	88.7203
GCA_017941235.1	GCA_002477275.1	0.8-0.85	85.8222	91.2303	88.54482778770452	0.08188106228297443	91.2303
GCA_001695645.1	GCF_004365815.1	0.8-0.85	86.3435	91.39	92.76427657389188	4.771257204294784	91.39
GCF_010882125.1	GCF_003073175.1	0.8-0.85	85.8116	85.4341	87.30523888975237	4.405173242948422	85.4341
GCA_003481775.1	GCA_017161075.1	0.8-0.85	86.4831	90.7579	87.35053449729347	3.3845313054771395	90.7579
GCF_000744285.1	GCF_000745125.1	0.8-0.85	85.6088	87.8421	85.87183091001438	1.6699208822577702	87.8421
GCF_014635565.1	GCF_903994035.1	0.8-0.85	84.8074	83.6911	85.2714233799858	4.585966409882758	83.6911
GCF_000518725.1	GCF_002843565.1	0.8-0.85	85.7827	89.2415	78.96208663039803	0.8502652307777794	89.2415
GCF_001553085.1	GCA_015257355.1	0.8-0.85	85.6835	92.1722	91.36713060906897	0.9760215193246893	92.1722
GCF_002266425.1	GCF_900128955.1	0.8-0.85	85.4198	88.1441	87.46495573978952	0.5290788494704373	88.1441
GCA_904397895.1	GCF_015140235.1	0.8-0.85	85.1102	88.5572	87.91570249776312	2.554281644264165	88.5572
GCF_009696605.1	GCA_000751555.1	0.8-0.85	85.1307	88.4089	88.12569283647554	2.013116313090677	88.4089
GCF_014333445.1	GCA_902363255.1	0.8-0.85	85.5733	90.1647	88.16619284375798	0.03734195922152139	90.1647
GCA_012838125.1	GCA_012521555.1	0.8-0.85	84.2976	90.4941	90.4036300061564	0.5870833107260296	90.4941
GCF_002161085.1	GCF_900626285.1	0.8-0.85	87.1358	91.7229	92.08705894911107	2.0686410549219545	91.7229
GCA_002376545.1	GCF_900095305.1	0.8-0.85	85.1097	88.3847	88.12237807970547	0.9001417226110391	88.3847
GCF_008281175.1	GCF_017566055.1	0.8-0.85	84.4401	84.0304	84.40843734846646	0.216036235707179	84.0304
GCF_001655775.1	GCA_017889345.1	0.8-0.85	84.1798	88.791	80.34001490300776	0.41293260034950663	88.791
GCA_012730095.1	GCA_001512485.1	0.8-0.85	85.7965	92.4477	92.05515774656476	2.186701936017556	92.4477
GCA_017397955.1	GCA_015064945.1	0.8-0.85	86.091	86.637	87.34460517422853	6.982443163168682	87.34460517422853
GCA_015064255.1	GCA_017532425.1	0.8-0.85	85.5406	86.8378	82.86647863588207	1.4958068178639223	86.8378
GCF_904420205.1	GCA_900542005.1	0.8-0.85	85.9267	87.0542	85.53893580360366	3.3950917067577393	87.0542
GCA_015055975.1	GCA_016287155.1	0.8-0.85	85.4083	94.4174	94.34689887729625	0.17612104420428665	94.4174
GCF_014323405.1	GCF_012317385.1	0.8-0.85	86.2424	89.6403	89.48153282418997	1.1467407572499724	89.6403
GCA_015065865.1	GCA_015065885.1	0.8-0.85	84.9169	88.5419	85.28513877183022	0.5763317384530637	88.5419
GCF_001006285.1	GCF_015668515.1	0.8-0.85	85.7945	92.9622	92.57043231258086	0.8076632729479911	92.9622
GCA_012728365.1	GCA_012735405.1	0.8-0.85	85.6794	91.3047	91.41556923664994	0.18554448934869683	91.3047
GCA_017547245.1	GCA_017847995.1	0.8-0.85	85.8689	91.2808	91.16059887314097	0.3856022005777504	91.2808
GCA_017510725.1	GCA_017432075.1	0.8-0.85	85.7193	87.6289	84.68823258907169	0.35626791000595404	87.6289
GCA_017397765.1	GCA_015056325.1	0.8-0.85	86.9908	89.6541	90.4521774357654	3.914134590807407	89.6541
GCA_017461985.1	GCA_017500745.1	0.8-0.85	85.2911	89.0225	84.67472916300804	0.14503813973985302	89.0225
GCF_014323405.1	GCA_900604495.1	0.8-0.85	86.4745	87.5572	88.534573675861	0.8109560229270301	87.5572
GCA_910579155.1	GCA_910577525.1	0.8-0.85	86.3345	91.2649	91.67115323122884	1.1298568902884654	91.2649
GCA_902772845.1	GCA_002310055.1	0.8-0.85	84.4761	83.8738	81.60125548323826	0.3665750905291816	83.8738
GCF_018917235.1	GCF_000498755.1	0.8-0.85	85.8453	89.0783	88.6702015037697	2.8923879179956202	89.0783
GCA_900604495.1	GCF_012317385.1	0.8-0.85	86.4233	90.4038	86.51575122061412	0.5611550049278549	90.4038
GCA_910583695.1	GCA_910584465.1	0.8-0.85	86.4315	92.1774	91.60116099673813	0.27356522619538737	92.1774
GCF_004345005.1	GCF_008281175.1	0.8-0.85	84.7519	83.8787	85.49956830709617	10.050773988958099	85.49956830709617
GCA_910584395.1	GCA_910579775.1	0.8-0.85	85.5438	89.0113	88.46250121492764	-0.11471074665223568	89.0113
GCA_017428635.1	GCA_017518975.1	0.8-0.85	86.2732	89.1139	88.27537124703943	0.5276676412021288	89.1139
GCA_017394605.1	GCA_017556125.1	0.8-0.85	84.6367	89.0153	85.31048412097547	0.20820581905951485	89.0153
GCF_000189775.2	GCF_000145615.1	0.8-0.85	84.7457	88.0001	85.04520469096018	1.169454019063778	88.0001
GCA_017613735.1	GCA_015066565.1	0.8-0.85	84.4848	83.2667	84.54863832647051	1.951163855381992	83.2667
GCA_002308615.1	GCA_017443595.1	0.8-0.85	85.4998	93.5688	93.55665926576997	0.36426906387808344	93.5688
GCF_900176615.1	GCF_017100085.1	0.8-0.85	85.1674	88.8346	88.32426858118703	3.4054388366429293	88.8346
GCF_000312025.1	GCF_900454685.1	0.8-0.85	85.9145	85.8341	86.74457954271844	2.063938933264353	85.8341
GCA_019120515.1	GCF_002161285.1	0.8-0.85	86.2886	92.5161	92.97119389230069	0.24482282721368165	92.5161
GCF_000243155.2	GCF_900143285.1	0.8-0.85	87.0024	86.1178	85.08484142378134	2.33430619955152	86.1178
GCF_009877435.1	GCF_009877425.1	0.8-0.85	86.3429	87.1679	82.46671657141422	4.530603979784246	87.1679
GCA_016841725.1	GCA_016841325.1	0.8-0.85	85.2358	86.4275	87.89923733434541	3.510560427974042	86.4275
GCF_000430885.1	GCF_900113335.1	0.8-0.85	87.1067	88.4766	85.80881329693422	2.532597478261323	88.4766
GCF_900129285.1	GCF_003627965.1	0.8-0.85	86.4901	90.1831	82.45553923712927	1.1543098097795337	90.1831
GCF_900129285.1	GCF_900142025.1	0.8-0.85	86.6627	87.6956	87.10580169760023	5.257948196633151	87.10580169760023
GCF_001950325.1	GCF_001950255.1	0.8-0.85	85.6162	86.1505	84.49187755836462	0.21232569955111558	86.1505
GCA_018436095.1	GCA_018434325.1	0.8-0.85	86.4188	86.7192	81.77682675814279	3.7340436634099206	86.7192
GCF_900106585.1	GCF_009696675.1	0.8-0.85	85.9804	88.7578	89.27078069904879	3.8878827909179563	88.7578
GCA_000436095.1	GCA_003150755.1	0.8-0.85	85.4347	88.3388	85.59517478905073	0.4695126028750565	88.3388
GCF_003269275.1	GCA_900544795.1	0.8-0.85	83.8735	88.0002	82.19243030510677	1.371976983707782	88.0002
GCA_900544795.1	GCA_900545535.1	0.8-0.85	84.105	86.117	87.11165861082834	0.8168174847079399	86.117
GCA_002337925.1	GCF_004339805.1	0.8-0.85	84.9563	85.8446	83.73528414054898	1.297387108100338	85.8446
GCA_902364065.1	GCF_000155955.1	0.8-0.85	86.7458	88.8044	86.53636897501717	4.709867425064658	88.8044
GCA_900544795.1	GCA_900551745.1	0.8-0.85	83.7221	86.7027	86.13328098776155	1.288448277501459	86.7027
GCA_012521405.1	GCA_012523945.1	0.8-0.85	84.3021	88.904	84.73586363817599	1.7864554652603886	88.904
GCA_012800855.1	GCA_012510625.1	0.8-0.85	84.9337	90.4678	90.27748406171425	0.540488783261452	90.4678
GCF_000183545.2	GCF_000184705.1	0.8-0.85	87.9127	88.5327	86.2420120955008	3.0366423691821183	88.5327
GCF_003053565.1	GCF_900156285.1	0.8-0.85	85.7505	91.468	89.2256504505013	12.51757142400811	89.2256504505013
GCA_012727675.1	GCA_012510855.1	0.8-0.85	85.0717	93.4814	94.40760543969031	2.0156750837205806	93.4814
GCA_012518595.1	GCA_002398515.1	0.8-0.85	85.2461	91.3453	87.1773124385633	0.3995519118379889	91.3453
GCA_012837705.1	GCF_013664685.1	0.8-0.85	84.6596	87.9689	87.6989887185433	0.8729718293762403	87.9689
GCA_017578085.1	GCA_002159155.1	0.8-0.85	85.8538	93.2996	92.84160982489121	1.0343320238280285	93.2996
GCA_000007325.1	GCF_000163935.1	0.8-0.85	87.0224	97.4338	97.41760470297702	-0.004255219164910784	97.4338
GCA_900542625.1	GCA_900545035.1	0.8-0.85	85.1221	92.9081	92.8804260006003	0.34681822115143746	92.9081
GCF_000024565.1	GCF_009733925.1	0.8-0.85	85.3053	98.968	97.12934071517643	1.1888203665431263	98.968
GCA_002428805.1	GCA_905216205.1	0.8-0.85	84.5736	89.252	89.23088805842275	0.1456617469935395	89.252
GCF_004006635.1	GCF_003019695.1	0.8-0.85	84.983	89.1435	85.48911448474725	0.04762200446242559	89.1435
GCA_001919865.1	GCA_003222135.1	0.8-0.85	85.0633	88.8421	88.47652032583152	0.11797690065623101	88.8421
GCA_001919865.1	GCA_001917665.1	0.8-0.85	85.4422	88.9234	88.76429348772494	-0.0766774420112597	88.9234
GCA_001917665.1	GCA_003220795.1	0.8-0.85	85.8785	89.2168	88.10796055030299	-0.06425930146860992	89.2168
GCA_003220935.1	GCA_003222135.1	0.8-0.85	85.8267	88.6642	88.6019063663751	1.9008256510542196	88.6642
GCF_005576615.1	GCF_000337175.1	0.8-0.85	87.0734	86.2728	85.658430369086	0.24224736235873934	86.2728
GCF_009831625.1	GCA_003020945.1	0.8-0.85	86.5514	87.2503	87.34816405891375	0.21171175674999176	87.2503
GCF_002844335.1	GCF_010119195.1	0.8-0.85	85.9589	88.0207	86.12169325406212	3.9799166641910233	88.0207
GCF_003697815.1	GCF_000196895.1	0.8-0.85	85.9265	87.818	88.55469976215934	3.98337779368876	87.818
GCF_017874235.1	GCF_001307315.1	0.8-0.85	86.2887	84.4404	84.38707518121574	0.026172032940394274	84.4404
GCF_000376445.1	GCF_001625445.1	0.8-0.85	86.1376	86.2713	86.65074328888616	1.353831746979722	86.2713
GCF_000970325.1	GCF_900774055.1	0.8-0.85	85.6355	83.8354	85.56833115233782	3.3395379856201544	83.8354
GCF_014647455.2	GCF_017874335.1	0.8-0.85	86.6103	86.9066	89.252421710318	3.5186251546322183	86.9066
GCF_900107665.1	GCF_003342675.1	0.8-0.85	85.4876	86.8103	87.3154967698908	0.365644506146964	86.8103
GCA_002508425.1	GCA_002067275.1	0.8-0.85	84.6097	88.7378	88.10722557253409	2.7776136060080034	88.7378
GCF_000230715.2	GCF_900104065.1	0.8-0.85	86.9344	87.8916	87.0217642383562	0.07190049526070652	87.8916
GCF_004944975.1	GCF_900880625.1	0.8-0.85	86.0783	85.821	86.98129771161535	2.4856205618957574	85.821
GCF_003856835.1	GCF_003336245.1	0.8-0.85	86.3688	86.2121	87.02573027685891	1.3520250867891264	86.2121
GCF_002844195.1	GCA_004116405.1	0.8-0.85	86.5731	88.739	81.17171636403256	0.952990243745262	88.739
GCA_017094465.1	GCA_017094525.1	0.8-0.85	87.2267	93.2655	93.42051809489509	3.4634331195113646	93.2655
GCF_900110535.1	GCF_008124605.1	0.8-0.85	85.9656	85.4308	88.19503967150924	3.8011294677185106	85.4308
GCF_900110865.1	GCF_000337615.1	0.8-0.85	86.9332	88.0735	86.93513650166096	0.32615091440402466	88.0735
GCF_900115785.1	GCF_000337095.1	0.8-0.85	85.6793	87.6886	85.00323493220661	1.080128730940487	87.6886
GCF_000337815.1	GCF_001469875.2	0.8-0.85	86.2884	87.7949	83.78335878559828	1.1218132321432677	87.7949
GCF_900112175.1	GCF_900115785.1	0.8-0.85	85.9928	87.4056	83.93634746813964	2.155548955528502	87.4056
GCF_003856835.1	GCF_000427685.1	0.8-0.85	86.324	86.8318	84.16837558019412	0.1920968179938427	86.8318
GCA_013152685.1	GCA_015521615.1	0.8-0.85	87.0514	93.3677	90.52125427463932	2.978541802716677	93.3677
GCA_016703265.1	GCA_903912525.1	0.8-0.85	85.16	85.051	85.49942727049006	1.0086462640183527	85.051
GCA_016867395.1	GCA_009691525.1	0.8-0.85	84.3236	88.5944	88.53658926405717	1.887446202768615	88.5944
GCA_016867395.1	GCA_016187725.1	0.8-0.85	84.983	90.1091	88.49356135642061	0.20366694546737563	90.1091
GCA_001771575.1	GCA_018822365.1	0.8-0.85	84.4679	87.0629	79.37208142235494	1.785062074535233	87.0629
GCA_002707645.1	GCA_002705605.1	0.8-0.85	83.389	88.7681	76.17748677283312	0.5601703554300457	88.7681
GCA_014381415.1	GCA_004124405.1	0.8-0.85	85.4456	90.2736	89.63168556036479	0.002570449150638865	90.2736
GCA_018658715.1	GCA_016784605.1	0.8-0.85	83.8845	91.8914	90.85484666178267	2.716354810348591	91.8914
GCA_011370395.1	GCF_003264935.1	0.8-0.85	85.0893	90.1098	84.53393450159051	0.5653364615519365	90.1098
GCA_016217785.1	GCF_000302455.1	0.8-0.85	86.9494	86.6165	87.33618687421585	0.46209847223929046	86.6165
GCF_000006175.1	GCF_017875625.1	0.8-0.85	87.2314	86.0177	88.27183024748659	9.934825552571738	88.27183024748659
GCF_000739065.1	GCF_000023985.1	0.8-0.85	86.5184	93.3039	92.79499539883795	2.18050003116943	93.3039
GCA_001788495.1	GCA_016179875.1	0.8-0.85	85.0013	90.137	90.08743853331234	0.42071966564571994	90.137
GCA_001465015.1	GCA_016793325.1	0.8-0.85	85.677	86.8697	87.29726533202098	3.7772208980695723	86.8697
GCA_016930215.1	GCA_011367485.1	0.8-0.85	85.7415	90.5117	88.30127080524343	1.7821975601327722	90.5117
GCA_016926755.1	GCF_000737315.1	0.8-0.85	86.1242	90.5439	90.77188105729857	9.765429814978233	90.77188105729857
GCA_012798435.1	GCA_011368045.1	0.8-0.85	85.8493	89.219	89.61601743704097	4.949013546996866	89.219
GCA_012797735.1	GCA_016930215.1	0.8-0.85	86.0094	92.9045	92.5951770265998	0.0597403077731542	92.9045
GCF_012933655.1	GCF_014656495.1	0.8-0.85	86.066	90.702	90.98592643469485	2.669337684592392	90.702
GCA_903857665.1	GCA_903847405.1	0.8-0.85	86.1574	89.2748	89.16457833778881	0.7342677609676684	89.2748
GCA_017881345.1	GCA_003818285.1	0.8-0.85	85.1744	90.0172	90.6470449320389	1.507314866945876	90.0172
GCA_903874275.1	GCA_903855945.1	0.8-0.85	85.5638	89.8195	90.23282755142921	6.065152657296949	90.23282755142921
GCF_013116825.1	GCF_010894405.1	0.8-0.85	85.9121	89.3293	89.68251220030919	1.647700280233039	89.3293
GCA_014879945.1	GCA_016879935.1	0.8-0.85	85.0894	90.6186	89.51595715757186	0.025692380754662736	90.6186
GCA_014240455.1	GCA_018698915.1	0.8-0.85	84.8553	89.807	89.76154688377554	0.024322997503048782	89.807
GCA_018830225.1	GCA_016929255.1	0.8-0.85	86.887	89.7723	89.07337833618435	0.32507351400272455	89.7723
GCA_017610275.1	GCA_018819345.1	0.8-0.85	86.7834	94.6544	93.86812535786103	0.36128450040533266	94.6544
GCA_018302605.1	GCA_016203205.1	0.8-0.85	87.8882	89.9303	83.82163002673092	2.090013896851019	89.9303
GCA_014382285.1	GCA_905612265.1	0.8-0.85	84.7681	91.332	87.16366656822518	0.08863202127771785	91.332
GCA_009840285.1	GCA_002238765.1	0.8-0.85	86.4892	90.6744	90.48726619259885	2.745302193646012	90.6744
GCA_011523385.1	GCA_002238765.1	0.8-0.85	86.7053	88.7069	86.13306205375079	1.3661852328616533	88.7069
GCA_002083555.1	GCA_900299245.1	0.8-0.85	85.7561	91.115	91.0830885630892	0.6977987359709914	91.115
GCA_002328825.1	GCA_002726235.1	0.8-0.85	85.2396	85.4292	87.07442794521018	1.8985499522478904	85.4292
GCA_009692155.1	GCA_001805245.1	0.8-0.85	86.2436	89.0653	87.02996130731185	0.14784287433531063	89.0653
GCA_011051565.1	GCA_013152485.1	0.8-0.85	85.0001	88.6588	88.43076225736527	1.8353355617880425	88.6588
GCA_018812705.1	GCA_001805965.1	0.8-0.85	85.6255	89.1688	88.57003595039768	0.3710799661995452	89.1688
GCA_002421805.1	GCF_004102945.1	0.8-0.85	85.8416	86.1897	81.57208759904972	2.8619474914698912	86.1897
GCA_000503835.1	GCA_001773385.1	0.8-0.85	84.1347	90.846	90.66702188246344	0.2331870647843104	90.846
GCA_000998805.1	GCA_000998045.1	0.8-0.85	87.0376	90.0122	89.77034529078826	0.3379204728512377	90.0122
GCA_001872945.1	GCA_000993275.1	0.8-0.85	86.3674	88.8818	89.02659383368268	0.6164082930445858	88.8818
GCA_016214465.1	GCA_003514455.1	0.8-0.85	86.0633	93.7004	93.65295458714365	0.23972189615737705	93.7004
GCA_016432645.1	GCA_019248265.1	0.8-0.85	85.2727	88.7616	81.13890864757529	1.7487243387629974	88.7616
GCA_001001925.1	GCA_016212585.1	0.8-0.85	86.5142	92.4442	92.61516921971436	0.1844737190881247	92.4442
GCA_018656065.1	GCA_018656655.1	0.8-0.85	85.675	92.1864	92.18461631841173	0.07214823534798853	92.1864
GCA_000996895.1	GCA_001773135.1	0.8-0.85	83.3747	88.855	86.61683540726153	0.31743895375858244	88.855
GCA_014238205.1	GCA_002722935.1	0.8-0.85	83.1294	86.7694	86.32083634286495	1.4725600783738173	86.7694
GCA_009691785.1	GCA_005787685.1	0.8-0.85	85.9462	88.5031	87.99364065429492	1.23307654596033	88.5031
GCA_011525805.1	GCA_900696685.1	0.8-0.85	86.3617	91.7355	91.28127578889293	0.026760670054500224	91.7355
GCA_016188675.1	GCA_016235875.1	0.8-0.85	86.5962	89.3935	89.20918529551483	0.04663437792157765	89.3935
GCA_016794425.1	GCA_016794035.1	0.8-0.85	85.2491	85.6229	85.67616731927741	1.9699899122697389	85.6229
GCA_002683135.1	GCA_013213915.1	0.8-0.85	84.8465	91.4078	91.13735441912225	4.1277320463227625	91.4078
GCA_017347445.1	GCA_002009475.1	0.8-0.85	87.0538	92.2022	92.33715502211619	0.5086948951282011	92.2022
GCA_016793015.1	GCA_017303555.1	0.8-0.85	86.186	88.3086	88.3891404571184	0.7118871573275101	88.3086
GCA_005798445.1	GCA_003669125.1	0.8-0.85	86.9648	91.3329	91.19871263196532	0.8182248108437307	91.3329
GCA_002724245.1	GCA_002709225.1	0.8-0.85	85.7208	86.0724	87.03067797248114	8.125204708685487	87.03067797248114
GCA_903857265.1	GCA_003170415.1	0.8-0.85	86.4275	89.9112	84.56750175194824	3.4019004498923096	89.9112
GCA_015709575.1	GCA_016710275.1	0.8-0.85	86.0246	86.7168	84.55392773847207	0.5503007370834894	86.7168
GCA_016872795.1	GCA_903928115.1	0.8-0.85	85.4569	87.0658	86.25553203389717	-0.4873047544951987	87.0658
GCA_009691815.1	GCA_005808665.1	0.8-0.85	83.9947	90.7907	90.70537150963641	0.20344059809559667	90.7907
GCF_013618625.1	GCF_007748115.1	0.8-0.85	84.5083	84.16	83.14931129780562	0.32874329531659896	84.16
GCA_016872645.1	GCA_005798445.1	0.8-0.85	86.6573	90.8916	90.78946739976048	2.8199887942755595	90.8916
GCF_000735345.1	GCF_006438725.1	0.8-0.85	84.8556	87.3567	80.09916678891835	3.7269240230302785	87.3567
GCF_900109745.1	GCF_003387155.1	0.8-0.85	86.282	85.7798	84.55237053875409	-1.5033503806607769	85.7798
GCF_900116015.1	GCF_001888805.2	0.8-0.85	85.6096	83.5612	80.4114553100322	2.5002911498977483	83.5612
GCF_000526275.1	GCF_900142185.1	0.8-0.85	84.3904	85.2796	82.94005895321632	0.959364371713491	85.2796
GCA_903909015.1	GCA_903953055.1	0.8-0.85	85.1842	91.3599	88.8423460682275	0.3243659642238015	91.3599
GCF_001468395.1	GCF_014595975.1	0.8-0.85	86.2176	85.3104	84.65504292072977	13.792201701897284	84.65504292072977
GCF_000312485.1	GCF_001155565.1	0.8-0.85	85.2474	88.5973	83.7958607186364	7.029280954625392	83.7958607186364
GCA_002320455.1	GCF_003788585.1	0.8-0.85	85.7493	86.5389	90.20557294289938	23.175885382190472	90.20557294289938
GCF_004115925.1	GCF_001652505.2	0.8-0.85	85.0833	87.4793	83.53997582538575	1.1991582242790173	87.4793
GCA_016704435.1	GCA_018058035.1	0.8-0.85	84.1287	90.4968	87.8286554649055	0.3776688944110447	90.4968
GCF_005222785.1	GCF_002900975.1	0.8-0.85	85.1968	86.2383	87.07658235265285	1.4554779115942438	86.2383
GCF_000175255.2	GCF_006715975.1	0.8-0.85	85.0417	86.3308	81.00221856142805	2.61941595711005	86.3308
GCF_900111105.1	GCF_018494085.1	0.8-0.85	84.4876	87.4865	79.2794835038687	3.8084121001284075	87.4865
GCF_015234305.1	GCA_002421005.1	0.8-0.85	85.6807	87.57	78.9583791884408	1.3574735709198649	87.57
GCF_013283195.1	GCF_016919405.1	0.8-0.85	86.0643	85.6889	85.18632291251672	-0.7733937825923931	85.6889
GCF_900109145.1	GCA_006226775.1	0.8-0.85	85.0472	88.2469	87.27458858204224	-0.3221075196183847	88.2469
GCF_002002905.1	GCF_003201855.1	0.8-0.85	87.1741	91.7576	92.12106834149684	6.5041232492333165	92.12106834149684
GCF_001676055.1	GCF_003996855.1	0.8-0.85	85.0766	86.4238	87.1197485339191	4.199946146148704	86.4238
GCA_018670435.1	GCA_018667355.1	0.8-0.85	82.9237	87.7301	86.8205418785035	1.2824634540755433	87.7301
GCA_016794005.1	GCA_016794025.1	0.8-0.85	84.9775	89.7337	87.72700716978733	0.5416362575451785	89.7337
GCA_003695905.1	GCA_015488115.1	0.8-0.85	84.4087	88.7432	88.7152976204306	3.5562146671084065	88.7432
GCA_902518075.1	GCA_016778085.1	0.8-0.85	86.5626	90.401	90.46631671330255	1.4384712614942146	90.401
GCA_009776435.1	GCA_009782565.1	0.8-0.85	85.6195	91.4568	91.3788813914892	0.5803577249926661	91.4568
GCF_000319385.1	GCF_000510265.1	0.8-0.85	86.3879	86.0954	83.2274695343956	1.3026788542724717	86.0954
GCF_900107095.1	GCF_002564105.1	0.8-0.85	86.419	87.8892	86.79483155267924	3.886823265002022	87.8892
GCF_004296575.1	GCF_014297575.1	0.8-0.85	86.165	84.4217	86.15291960637698	7.328622343602547	86.15291960637698
GCA_002709005.1	GCF_004354915.1	0.8-0.85	85.3855	86.4435	85.07708238256629	0.15231161898100254	86.4435
GCA_900455085.1	GCF_001874625.1	0.8-0.85	85.3815	88.6255	83.54566151180953	6.919737990379872	83.54566151180953
GCA_016869285.1	GCA_016792585.1	0.8-0.85	85.1441	90.0393	88.50132912883983	-0.27814349066466093	90.0393
GCF_000186705.1	GCA_002729695.1	0.8-0.85	85.7103	87.9883	84.60445632336415	0.3675245312488187	87.9883
GCF_003260095.1	GCF_901764975.1	0.8-0.85	85.2201	92.1988	91.64125895979747	2.9903111940576537	92.1988
GCA_903832735.1	GCA_903904605.1	0.8-0.85	86.0939	90.046	89.65217741501701	1.6380609021844066	90.046
GCF_000474945.1	GCF_000382285.1	0.8-0.85	86.5986	87.8881	86.1353436983743	-0.18237463901459705	87.8881
GCF_010131535.1	GCA_015654925.1	0.8-0.85	85.4406	88.7453	83.60004336644617	3.368115759597913	88.7453
GCF_004362405.1	GCF_015624425.1	0.8-0.85	86.4164	87.7297	88.1225128730425	1.999016426891103	87.7297
GCF_011302915.1	GCF_014396975.1	0.8-0.85	85.279	87.0205	83.38416545029402	0.3517344212577882	87.0205
GCF_000378405.1	GCA_902776415.1	0.8-0.85	86.6571	88.8973	87.9012167533015	3.087545789587466	88.8973
GCF_900454865.1	GCF_002850605.1	0.8-0.85	85.9718	86.6197	88.22122424769343	11.658846211556238	88.22122424769343
GCA_902624425.1	GCA_902605165.1	0.8-0.85	84.5042	86.3549	87.50251326474108	1.4571866936692572	86.3549
GCA_009668205.1	GCF_900215375.1	0.8-0.85	85.2956	83.44	83.63448537505079	9.425188922619782	83.63448537505079
GCF_003076595.1	GCF_001660005.1	0.8-0.85	84.537	85.6306	83.08738730721996	-0.07417986244377062	85.6306
GCF_000445425.4	GCF_000500065.1	0.8-0.85	84.4248	85.9411	84.60644330093554	-0.04077132614213497	85.9411
GCF_000445425.4	GCF_000500045.1	0.8-0.85	84.4408	85.6481	85.06487080966944	2.167038903165917	85.6481
GCF_000332455.1	GCF_004769235.1	0.8-0.85	84.8097	87.1529	85.30370276885543	3.830257269886715	87.1529
GCF_011812965.1	GCF_011812995.1	0.8-0.85	84.1648	85.0357	82.0545044546331	7.510603937796986	82.0545044546331
GCA_009908925.1	GCA_009908735.1	0.8-0.85	85.9864	90.3554	90.16809355210202	0.6177880956629451	90.3554
GCF_001701045.1	GCF_000585335.1	0.8-0.85	86.2714	85.8662	81.78162562472092	5.197889937228865	81.78162562472092
GCA_018398915.1	GCA_016756725.1	0.8-0.85	86.4448	90.1128	80.27930804109991	1.816721360728252	90.1128
GCA_002504905.1	GCA_902593945.1	0.8-0.85	85.0669	87.7928	87.2541215423584	5.76336613016133	87.2541215423584
GCA_905202485.1	GCF_000404225.1	0.8-0.85	85.287	86.2706	87.57055071018239	1.7326837995601636	86.2706
GCA_002502095.1	GCA_002506825.1	0.8-0.85	83.3347	86.1294	86.00842586748198	0.41174935215221353	86.1294
GCA_002498205.1	GCA_002692465.1	0.8-0.85	85.1482	93.1758	93.31529093246151	0.4744859294645778	93.1758
GCA_001421175.1	GCA_012522645.1	0.8-0.85	84.2508	86.9427	88.35444472094323	2.2796898048572416	86.9427
GCA_003135935.1	GCA_003153895.1	0.8-0.85	85.9377	91.7112	91.5282718099238	0.1322328851281327	91.7112
GCA_015520565.1	GCF_000025665.1	0.8-0.85	85.4165	90.8503	90.71844689914978	0.32197904537633804	90.8503
GCA_012729095.1	GCA_013329565.1	0.8-0.85	84.3339	90.026	89.78675011478565	0.000494286835589719	90.026
GCA_002504525.1	GCA_001421185.1	0.8-0.85	84.8525	88.4238	87.68700317944361	-0.4575366580793343	88.4238
GCA_902563095.1	GCA_002709705.1	0.8-0.85	83.2679	87.9687	80.01066693789933	1.197773673317613	87.9687
GCA_002696315.1	GCA_002720275.1	0.8-0.85	83.8392	91.5947	87.74745977829714	0.38056517329503947	91.5947
GCA_002722135.1	GCA_003602635.1	0.8-0.85	84.8781	90.3943	78.80262047760186	6.109390572383063	78.80262047760186
GCA_014361245.1	GCA_014361195.1	0.8-0.85	83.3188	92.2864	92.36934323537628	0.19905467768505503	92.2864
GCA_011369655.1	GCA_018396815.1	0.8-0.85	85.6785	88.6763	87.60001694340389	0.01600085729978673	88.6763
GCF_000092185.1	GCA_011053855.1	0.8-0.85	85.4453	89.5697	85.28798326981764	0.40042922846373585	89.5697
GCA_002495905.1	GCA_013306035.1	0.8-0.85	83.1308	88.6538	87.40785147128824	0.5834929112671148	88.6538
GCA_002737445.1	GCA_005798405.1	0.8-0.85	85.1532	89.7071	89.62976810601762	0.966813950936114	89.7071
GCA_002506595.1	GCF_000317795.1	0.8-0.85	85.7561	88.715	88.68481521679851	0.34912854836710494	88.715
GCA_016927895.1	GCA_001273335.1	0.8-0.85	84.7557	93.694	93.65968145686028	0.11008230092241433	93.694
GCA_016927015.1	GCA_001273335.1	0.8-0.85	85.1495	91.9496	91.90473514541945	0.10414200508193971	91.9496
GCA_013288545.1	GCF_900167955.1	0.8-0.85	84.9727	88.2683	87.80731742043999	1.3099139935871449	88.2683
GCA_001717025.1	GCA_001717035.1	0.8-0.85	84.8388	89.1267	88.65477096832764	2.147578753055541	89.1267
GCA_005798405.1	GCA_000204585.1	0.8-0.85	85.0816	88.4057	87.29048879638081	0.1826643937973813	88.4057
GCA_011338225.1	GCA_018396775.1	0.8-0.85	85.1653	90.0592	90.03487911403893	0.30365238483517487	90.0592
GCA_016784625.1	GCA_013215285.1	0.8-0.85	85.4912	91.2265	89.96706408564447	0.21537598019072135	91.2265
GCA_004322465.1	GCA_016844685.1	0.8-0.85	85.0812	90.6265	90.56453302609727	0.46359210601745815	90.6265
GCA_011362045.1	GCA_017601345.1	0.8-0.85	85.876	90.6676	90.61812248406841	0.7527894453305066	90.6676
GCA_011605775.1	GCA_011355215.1	0.8-0.85	86.1317	89.792	89.75255830433801	1.0011485085357208	89.792
GCA_018396815.1	GCA_018396775.1	0.8-0.85	85.4765	88.6497	88.30128951811996	1.6140009061226692	88.6497
GCA_011605825.1	GCA_011372955.1	0.8-0.85	85.6502	87.9945	86.79335206348068	1.8945180470533813	87.9945
GCA_009889515.1	GCA_002898395.1	0.8-0.85	85.2305	87.8037	87.59005303731387	-0.17536572101380443	87.8037
GCA_001316125.1	GCA_001316285.1	0.8-0.85	84.0199	87.0526	86.96304170369076	0.07446475602125702	87.0526
GCA_017557885.1	GCA_017650925.1	0.8-0.85	85.0324	87.665	86.27410119980664	0.64245622878002	87.665
GCA_016933315.1	GCA_002440765.1	0.8-0.85	85.0326	93.2949	93.4296312621935	0.3721812747513056	93.2949
GCA_017645765.1	GCA_002310035.1	0.8-0.85	87.1384	92.5	92.16895956925684	0.7602000749026843	92.5
GCA_905479975.1	GCF_902728235.1	0.8-0.85	86.3562	89.748	89.87926021629	4.207193065638421	89.748
GCA_005777315.1	GCA_009695275.1	0.8-0.85	87.3729	91.8755	91.85213438145503	2.173724843652508	91.8755
GCA_016871755.1	GCA_903862595.1	0.8-0.85	86.1238	90.6265	89.69090493945289	0.5314758734634779	90.6265
GCA_019243005.1	GCA_019247695.1	0.8-0.85	86.457	91.1894	91.16732186633259	1.3333703806904396	91.1894
GCF_011044495.1	GCF_003315205.1	0.8-0.85	86.3309	85.4951	86.3700165482047	10.434078921842229	86.3700165482047
GCA_903831825.1	GCA_903863035.1	0.8-0.85	87.7278	93.7047	94.05766102203216	7.5954029497606825	94.05766102203216
GCA_002708885.1	GCA_902591645.1	0.8-0.85	84.9859	88.3992	87.96717756609607	0.8189716506440163	88.3992
GCA_003532555.1	GCA_002338345.1	0.8-0.85	86.6212	94.3477	94.28307233889085	0.6970622358830099	94.3477
GCA_017450695.1	GCA_017544725.1	0.8-0.85	86.6596	92.0267	91.77509343630402	3.604520073155072	92.0267
GCA_009697455.1	GCA_005808865.1	0.85-0.9	91.3517	94.0039	93.89211438116982	2.7109938909243283	94.0039
GCA_013822245.1	GCA_014860455.1	0.85-0.9	89.217	92.8435	91.07601519397907	2.0530656586342957	92.8435
GCA_009694745.1	GCA_016716905.1	0.85-0.9	88.9643	91.604	91.38937295338154	-0.22358155718302442	91.604
GCA_011053445.1	GCA_011056055.1	0.85-0.9	86.3858	91.3697	91.33365010956169	0.46503733010763426	91.3697
GCA_009845425.1	GCA_012270995.1	0.85-0.9	89.2019	90.3189	90.00073927116591	0.9274282248461532	90.3189
GCA_012719455.1	GCA_016934555.1	0.85-0.9	87.5163	91.3686	91.21234690594524	0.6962081747360571	91.3686
GCA_004377005.1	GCA_011773465.1	0.85-0.9	89.4883	92.5415	92.55365134225286	1.1968819911220407	92.5415
GCA_902505605.1	GCA_005223145.1	0.85-0.9	88.2743	91.6711	91.6381539508609	0.6897424703479373	91.6711
GCA_003132145.1	GCA_003142215.1	0.85-0.9	89.2449	92.3572	92.6827383820714	8.419922190970283	92.6827383820714
GCA_011049425.1	GCA_016926835.1	0.85-0.9	85.993	91.2066	90.6964115730797	0.1181053392085687	91.2066
GCA_003170915.1	GCA_003142355.1	0.85-0.9	90.9886	94.3873	94.32342053635006	1.25955158832312	94.3873
GCA_009861545.1	GCA_011523845.1	0.85-0.9	88.7272	90.5779	90.1960092700401	2.8275776696609682	90.5779
GCA_017998715.1	GCA_018057705.1	0.85-0.9	86.238	89.9246	90.48460434524029	11.889945441313557	90.48460434524029
GCA_003151335.1	GCA_003152695.1	0.85-0.9	90.9686	92.5151	90.77415594898213	1.495780493831262	92.5151
GCA_019239425.1	GCA_019242475.1	0.85-0.9	88.6943	89.1873	87.40651396696965	6.783383728010449	87.40651396696965
GCA_002731215.1	GCA_002722645.1	0.85-0.9	89.0354	91.2209	91.1801074256122	0.9810751991112738	91.2209
GCA_011523845.1	GCA_011523485.1	0.85-0.9	88.0908	92.1626	92.16240897241767	0.32679743043490816	92.1626
GCA_003152325.1	GCA_003167255.1	0.85-0.9	90.2721	93.3649	93.26447116097239	2.042411974265633	93.3649
GCA_016716705.1	GCA_016714815.1	0.85-0.9	88.7435	88.9871	90.34301848911268	6.835425292810214	90.34301848911268
GCA_903937385.1	GCA_903880675.1	0.85-0.9	86.0576	90.9934	90.71204083219686	0.5142741959512023	90.9934
GCA_009837085.1	GCA_012270995.1	0.85-0.9	89.0143	91.118	90.71728897730861	0.22155997416484752	91.118
GCA_012270995.1	GCA_009843505.1	0.85-0.9	88.9866	89.9719	86.85920297868195	2.59416248695743	89.9719
GCA_016719485.1	GCA_002414905.1	0.85-0.9	87.3412	90.5149	90.9233780816961	5.110375898166694	90.9233780816961
GCF_003344865.1	GCF_003073135.1	0.85-0.9	88.5117	87.8858	88.41906980272435	3.2984364871590515	87.8858
GCF_018324685.1	GCF_016865425.1	0.85-0.9	89.7674	90.3092	90.35987281275693	0.38054032199579524	90.3092
GCA_018896525.1	GCA_018894655.1	0.85-0.9	86.7104	91.9007	92.96950996495738	3.5237442991690955	91.9007
GCF_001423185.1	GCF_900177795.1	0.85-0.9	88.2681	89.074	88.35159600781398	4.65724544286968	89.074
GCF_900106035.1	GCF_003236295.1	0.85-0.9	89.1377	91.229	91.27392053472461	0.8734404265196645	91.229
GCF_002159915.1	GCF_002899695.1	0.85-0.9	90.7432	90.4163	90.89460588641637	6.709991698224258	90.89460588641637
GCF_900103975.1	GCA_014218215.1	0.85-0.9	86.671	89.2053	85.83731562063737	2.5571407855459256	89.2053
GCF_006715515.1	GCF_014648255.1	0.85-0.9	89.3554	89.3048	89.65333239219409	1.156410741405125	89.3048
GCA_003158895.1	GCA_003153855.1	0.85-0.9	87.1773	91.1729	91.66878616037032	8.868315420285398	91.66878616037032
GCA_905182565.1	GCA_905477545.1	0.85-0.9	89.1567	91.8941	91.81222391440028	0.9802979529267759	91.8941
GCA_019247305.1	GCA_019240665.1	0.85-0.9	87.2992	92.9772	92.81940489972446	2.395042166644089	92.9772
GCF_900108585.1	GCA_001594145.1	0.85-0.9	87.0888	86.711	88.1459849112948	12.464920653319496	88.1459849112948
GCF_003387475.1	GCF_018263855.1	0.85-0.9	88.023	88.6652	86.7553437387841	-0.08485573795769596	88.6652
GCF_016862555.1	GCF_003387075.1	0.85-0.9	86.4391	88.7296	85.89737782200118	1.9035377683994739	88.7296
GCA_013698135.1	GCA_013812395.1	0.85-0.9	87.3534	92.1778	92.1242663129187	0.120436724565252	92.1778
GCA_003170375.1	GCA_003166375.1	0.85-0.9	89.6893	93.1879	93.06051326487383	1.4366987037037688	93.1879
GCF_007991735.1	GCF_001429185.1	0.85-0.9	88.1755	89.9384	89.5600633730072	-0.09706428709978354	89.9384
GCF_011250635.1	GCF_011250645.1	0.85-0.9	86.9363	86.9909	86.84585723141495	-0.5942579932725494	86.9909
GCA_003170375.1	GCA_003139355.1	0.85-0.9	86.8574	90.9659	90.86045188430218	0.8741976883293319	90.9659
GCA_902373435.1	GCF_000411415.1	0.85-0.9	88.7212	92.1456	92.20115560460296	2.2181505858052333	92.1456
GCF_003550025.1	GCF_000515355.1	0.85-0.9	88.4054	89.4587	89.11633983232066	0.6919135751140857	89.4587
GCA_001767575.1	GCA_018333515.1	0.85-0.9	88.6242	91.8158	91.32629864074568	0.20919429459399908	91.8158
GCF_006517435.1	GCF_006517535.1	0.85-0.9	87.6929	88.4466	87.7454352829364	-0.48120690765244944	88.4466
GCA_003132645.1	GCA_003157715.1	0.85-0.9	89.8575	94.2222	94.14663579206824	0.8272993743003099	94.2222
GCF_018139695.1	GCF_000504285.1	0.85-0.9	87.8089	90.3272	90.3806715486587	4.775908253581292	90.3272
GCF_002263495.1	GCF_014201195.1	0.85-0.9	87.6097	87.0567	85.47902484072932	-0.37116269370380905	87.0567
GCF_009834925.2	GCF_003339815.1	0.85-0.9	88.3516	88.2676	88.05436532781442	1.2476893963521434	88.2676
GCF_000768675.1	GCF_007992835.1	0.85-0.9	87.654	89.383	88.10280827470271	-0.7859347102494212	89.383
GCF_002871995.1	GCF_000411155.1	0.85-0.9	87.5948	86.2007	87.78058012458874	4.940714273311642	86.2007
GCF_014126825.1	GCF_007559025.1	0.85-0.9	88.5226	89.5127	89.5160333254744	-0.06275756774994079	89.5127
GCA_009837815.1	GCA_012270885.1	0.85-0.9	88.1198	91.698	91.67722004949258	1.6290627151743138	91.698
GCF_002259645.1	GCF_003952005.1	0.85-0.9	89.037	89.5834	88.7121354508899	-0.6012253698663699	89.5834
GCF_009708005.2	GCF_010287905.1	0.85-0.9	88.9739	90.7012	88.57212155272678	0.5141543306708627	90.7012
GCA_009844405.1	GCA_009843735.1	0.85-0.9	88.5599	91.6264	94.64779567044742	34.31969370180377	94.64779567044742
GCF_000341185.1	GCF_000341245.1	0.85-0.9	88.8524	91.6955	91.63864573167646	0.015079031043569557	91.6955
GCF_016862515.1	GCF_900107455.1	0.85-0.9	87.171	89.745	88.65287321049165	0.9071574583431357	89.745
GCA_900544245.1	GCA_900556425.1	0.85-0.9	87.7093	93.1128	93.04966041858039	0.024300660363678617	93.1128
GCF_011764565.1	GCF_011764545.1	0.85-0.9	89.1989	90.641	90.20782757410002	-0.9223987310797384	90.641
GCF_016918015.1	GCF_003265355.1	0.85-0.9	86.2572	88.0457	86.94220220953794	2.113163347750742	88.0457
GCA_002346305.1	GCA_009694285.1	0.85-0.9	86.003	90.9802	90.91084131822188	0.001166758769727494	90.9802
GCA_016198685.1	GCA_018304585.1	0.85-0.9	87.0352	86.8574	87.95756107087655	6.194409385067274	87.95756107087655
GCF_004339575.1	GCA_003978805.1	0.85-0.9	84.7254	93.0238	92.45048676514772	2.7615242718075876	93.0238
GCA_015490195.1	GCA_015488335.1	0.85-0.9	89.3408	90.5383	90.26727000938075	1.3220636693824872	90.5383
GCF_000213785.1	GCA_002878215.1	0.85-0.9	88.8866	92.14	92.1231933141625	2.955743327209575	92.14
GCA_903951425.1	GCA_903885605.1	0.85-0.9	88.1625	90.5531	90.67367053368307	3.7362479366456682	90.5531
GCA_018056145.1	GCA_013314775.1	0.85-0.9	87.5061	92.378	92.35274555495668	2.2314250806475684	92.378
GCA_018335335.1	GCA_014730275.1	0.85-0.9	88.8682	91.4201	91.41917820539291	1.0688772421690373	91.4201
GCA_013375355.1	GCA_019058315.1	0.85-0.9	86.7056	91.3101	91.26114433771394	0.06275961477433611	91.3101
GCA_001563335.1	GCA_002825515.1	0.85-0.9	85.8471	90.1291	89.72721983059061	0.08269644937251996	90.1291
GCA_013138615.1	GCA_018238375.1	0.85-0.9	89.19	92.9931	92.87574254065983	0.9886249368322524	92.9931
GCA_003451675.1	GCA_002849045.2	0.85-0.9	89.4976	94.9408	94.94208911954183	0.29274384745030346	94.9408
GCA_012517635.1	GCA_012517485.1	0.85-0.9	88.97	92.6211	92.61517939272235	1.289211301311525	92.6211
GCA_002084865.1	GCA_003451675.1	0.85-0.9	88.6911	94.2271	94.03829197432432	0.3690372729062119	94.2271
GCF_015775515.1	GCA_012517485.1	0.85-0.9	85.4695	94.078	82.623733697353	0.8311662622929674	94.078
GCA_003542295.1	GCA_012517485.1	0.85-0.9	85.5527	93.4667	93.48696106085079	0.1543659817004368	93.4667
GCF_000382125.1	GCA_013042925.1	0.85-0.9	87.1372	94.2314	94.23622681588809	0.10792356042171036	94.2314
GCA_013334855.1	GCF_001747405.1	0.85-0.9	87.8958	91.7674	91.81696216294245	1.1994269476117552	91.7674
GCA_002786785.1	GCA_018818165.1	0.85-0.9	88.1317	92.9616	93.34870903908347	4.118500884611876	92.9616
GCA_012798745.1	GCA_002305015.1	0.85-0.9	85.9801	90.7976	91.29377558560475	0.5614358935300174	90.7976
GCA_002440745.1	GCA_016937295.1	0.85-0.9	85.4296	91.2943	90.65967113330835	0.9729724285159023	91.2943
GCA_013298805.1	GCF_003148625.1	0.85-0.9	86.9383	92.8393	92.55111992060627	2.158720751587339	92.8393
GCA_902519955.1	GCA_902629505.1	0.85-0.9	86.6538	90.0115	89.02625360354736	5.102738693062463	89.02625360354736
GCA_003331875.1	GCA_902609185.1	0.85-0.9	90.256	91.3012	91.02790430719685	0.6133606074973841	91.3012
GCA_002728855.1	GCA_002702405.1	0.85-0.9	85.4218	89.0692	88.00374462244663	0.11014725112858059	89.0692
GCA_009937085.1	GCA_003331305.1	0.85-0.9	86.943	92.4128	92.46102802329028	0.23885001849487253	92.4128
GCA_002842575.1	GCA_001873105.1	0.85-0.9	86.6147	89.955	89.67070107222538	1.828053543799797	89.955
GCA_002451695.1	GCA_002437495.1	0.85-0.9	87.4934	88.1465	85.52850101995317	1.6797301834035352	88.1465
GCF_003574965.1	GCF_001483135.1	0.85-0.9	88.5809	88.4185	86.30428780025188	2.6986095599568216	88.4185
GCA_018608485.1	GCA_905479435.1	0.85-0.9	86.3529	94.3709	93.60863187260186	1.0614144890200095	94.3709
GCA_003447535.1	GCA_002862745.1	0.85-0.9	88.1996	91.9982	91.9694723585668	2.2341394134314214	91.9982
GCA_001487125.1	GCA_900543425.1	0.85-0.9	88.2765	86.7257	88.27079577729985	5.457233444687972	88.27079577729985
GCA_903958625.1	GCA_903861125.1	0.85-0.9	87.7544	92.2556	92.01757664523056	3.6932320305559188	92.2556
GCA_902635965.1	GCA_902595825.1	0.85-0.9	87.6363	90.1524	91.71512875188458	3.700280729567339	90.1524
GCA_002709185.1	GCA_002690085.1	0.85-0.9	90.0608	93.8305	93.5492025689538	1.5749472160714504	93.8305
GCA_902533655.1	GCA_002716345.1	0.85-0.9	90.5304	90.8313	91.39313141254213	0.3810174264427246	90.8313
GCA_002364085.1	GCA_017643645.1	0.85-0.9	87.8111	90.1027	87.20062239385551	2.458019678601886	90.1027
GCF_003730015.1	GCA_002345565.1	0.85-0.9	87.7303	90.8242	90.8787241868383	0.3645155883041298	90.8242
GCA_017409345.1	GCA_015060975.1	0.85-0.9	88.9129	94.6485	95.08271540681275	4.245198885576428	94.6485
GCF_003201775.1	GCF_018860365.1	0.85-0.9	88.1233	88.4014	88.84106881424016	4.748161841856927	88.4014
GCF_000426725.1	GCA_017745095.1	0.85-0.9	89.5983	90.1908	90.33938340620318	2.115906130979056	90.1908
GCF_011090385.1	GCF_011250515.1	0.85-0.9	87.9137	85.5941	87.57308704837786	3.098355245658695	85.5941
GCA_018335795.1	GCA_002839825.1	0.85-0.9	86.7692	87.7293	83.19280145860233	4.264934272998744	87.7293
GCA_905233625.1	GCA_017964255.1	0.85-0.9	88.0166	93.0314	92.4895977274138	0.21676945301101114	93.0314
GCA_011049175.1	GCA_011042635.1	0.85-0.9	89.9601	93.0727	92.08170473300599	0.14825331471547543	93.0727
GCA_002898675.1	GCA_003695605.1	0.85-0.9	88.8565	92.2722	92.10061200235077	0.02722088283553603	92.2722
GCA_905181835.1	GCA_004213605.1	0.85-0.9	86.4127	92.9924	92.84280785530115	0.24632959782402963	92.9924
GCF_003860135.1	GCF_001006485.1	0.85-0.9	89.4725	91.3224	89.99389956457054	1.461803259271619	91.3224
GCA_016716225.1	GCA_016708125.1	0.85-0.9	88.4977	89.3955	90.42041995500287	8.597793703896969	90.42041995500287
GCA_017534705.1	GCA_017509605.1	0.85-0.9	87.4877	91.2208	92.00932406163214	8.093793759057462	92.00932406163214
GCA_018674025.1	GCA_004213995.1	0.85-0.9	89.9231	93.6709	93.63176978124767	0.15334019235575624	93.6709
GCF_014518315.1	GCA_002409405.1	0.85-0.9	86.7329	89.1229	87.0560043598419	3.5562726870361985	89.1229
GCA_019117165.1	GCF_000519105.1	0.85-0.9	90.3312	94.6072	95.29288667915979	13.327771377233148	95.29288667915979
GCF_008271695.1	GCF_017916365.1	0.85-0.9	88.1568	86.7734	81.26570475461486	14.156528243302091	81.26570475461486
GCF_004785645.1	GCF_013116755.1	0.85-0.9	87.1981	90.1434	90.68561929221441	0.600366808347303	90.1434
GCA_007129985.1	GCA_007695365.1	0.85-0.9	85.5679	90.8401	90.81060713817403	0.5237064203474802	90.8401
GCA_002711995.1	GCA_002718735.1	0.85-0.9	86.267	90.5615	86.32985436167323	3.383993719262662	90.5615
GCA_016791465.1	GCA_016713885.1	0.85-0.9	87.5606	91.6591	92.03873352232522	9.220977215885796	92.03873352232522
GCA_016714165.1	GCA_016716765.1	0.85-0.9	89.3613	89.1848	87.57787633757782	-0.08561339825519099	89.1848
GCA_003552425.1	GCA_003551325.1	0.85-0.9	88.0561	93.5689	93.5410819235622	0.332454896266114	93.5689
GCA_008933615.1	GCA_016787925.1	0.85-0.9	88.6953	92.3725	92.14954153386648	1.0319027640930472	92.3725
GCA_013824685.1	GCF_003570935.1	0.85-0.9	87.7617	91.2584	91.11055509764499	0.9782974820670916	91.2584
GCA_012517765.1	GCA_017992475.1	0.85-0.9	88.8812	87.891	85.17161027443967	3.268783834555961	87.891
GCA_012517765.1	GCA_002070635.1	0.85-0.9	88.1769	92.9135	92.60944689564468	1.018755137807375	92.9135
GCA_903871855.1	GCF_003570925.1	0.85-0.9	87.4233	90.1924	89.91337153601604	3.6912121321665836	90.1924
GCA_013824685.1	GCF_003570925.1	0.85-0.9	89.2342	90.7147	90.15376818437461	0.2022580141610888	90.7147
GCA_002898315.1	GCA_011364105.1	0.85-0.9	89.1109	90.5971	90.09775266370558	0.0386709613860603	90.5971
GCF_018861145.1	GCF_009208075.1	0.85-0.9	88.2426	91.1409	90.22753623653622	0.04617006289004166	91.1409
GCF_016629565.1	GCF_000010325.1	0.85-0.9	88.1677	87.0761	88.03276227196723	1.1101379984374944	87.0761
GCF_002139915.1	GCF_002139875.1	0.85-0.9	88.2619	87.706	90.5588984403916	3.3849400295650867	87.706
GCA_017502485.1	GCF_008693005.1	0.85-0.9	89.1709	91.2269	90.00683367908306	0.2644380264755455	91.2269
GCA_016744805.1	GCA_016744315.1	0.85-0.9	88.6823	93.1823	93.04947440942561	0.740840982435202	93.1823
GCF_001602095.1	GCF_003364115.1	0.85-0.9	89.5473	91.8669	91.67899394450045	0.3930016277795403	91.8669
GCA_014799985.1	GCA_910578285.1	0.85-0.9	85.8359	88.5712	88.52223928060712	1.4983766479738279	88.5712
GCA_018816105.1	GCF_013177675.1	0.85-0.9	87.7945	91.7908	91.98822093343992	2.1885029018469595	91.7908
GCF_003544855.1	GCF_002837275.1	0.85-0.9	87.5114	89.3675	90.19876730456338	7.10959600673641	90.19876730456338
GCF_013372105.1	GCF_004357905.1	0.85-0.9	89.0706	90.2121	90.39238146814256	2.89371918601546	90.2121
GCF_900197855.1	GCF_000200595.1	0.85-0.9	87.5194	90.821	88.5480061287643	2.1412182970082085	90.821
GCF_000024885.1	GCA_009930355.1	0.85-0.9	86.847	92.2531	92.72612870361627	2.9128840450765665	92.2531
GCF_001457695.1	GCF_000254135.1	0.85-0.9	86.9353	86.0926	89.4855042686246	17.606971710668404	89.4855042686246
GCF_013201725.1	GCF_013177635.1	0.85-0.9	86.1308	85.0282	87.34039565321471	4.358457265916513	85.0282
GCF_016937535.1	GCA_014859645.1	0.85-0.9	86.7197	88.5017	90.37915046061667	4.132872432864133	88.5017
GCF_018642185.1	GCF_901000775.1	0.85-0.9	89.7005	92.7062	92.56138502331468	2.664688924887514	92.7062
GCF_018642185.1	GCA_003176115.1	0.85-0.9	88.8222	92.7157	92.67616666542668	1.5122428654269697	92.7157
GCF_015356815.1	GCF_901000775.1	0.85-0.9	88.6968	89.582	89.68059766399068	3.55285702092624	89.582
GCA_011064875.1	GCA_011064905.1	0.85-0.9	88.8148	94.4493	94.42886753753635	0.11187914138757549	94.4493
GCF_015356815.1	GCF_018642185.1	0.85-0.9	90.7336	93.3849	93.34599403620847	0.6099618464054402	93.3849
GCA_002696685.1	GCA_009391195.1	0.85-0.9	87.7134	90.0878	90.48085003786193	1.7770437683170712	90.0878
GCA_017998555.1	GCA_016714465.1	0.85-0.9	87.4108	92.5809	92.35207022334993	4.614370745598535	92.5809
GCA_011523785.1	GCA_009839425.1	0.85-0.9	88.4615	92.6453	92.32848072835024	-0.05730983676494361	92.6453
GCA_009692725.1	GCA_016875695.1	0.85-0.9	86.6839	91.0087	90.59317751644372	-0.022924231273464102	91.0087
GCA_009838625.1	GCA_009840225.1	0.85-0.9	87.23	91.4925	89.02103522081984	2.2659735507913865	91.4925
GCA_005889405.1	GCA_005882255.1	0.85-0.9	89.6173	92.1603	92.2355819989247	7.499646360438419	92.2355819989247
GCA_016932435.1	GCA_001796415.1	0.85-0.9	85.8254	94.1886	94.21430595423614	0.11002167142846986	94.1886
GCA_002238425.1	GCA_009838965.1	0.85-0.9	89.1588	91.5511	91.01903542011642	1.1272226894780033	91.5511
GCA_002419135.1	GCA_012719115.1	0.85-0.9	88.0776	94.3587	94.34014561045748	0.06750779788296768	94.3587
GCA_002716645.1	GCA_002724585.1	0.85-0.9	86.3957	93.9576	94.35029071630652	3.0953533389999848	93.9576
GCA_003142375.1	GCA_002311135.1	0.85-0.9	86.7493	88.5444	88.04358440166719	-0.004610305541064008	88.5444
GCA_005882985.1	GCA_005880075.1	0.85-0.9	86.7824	91.8816	91.57313338567204	1.7964110300042648	91.8816
GCA_002500485.1	GCA_003228105.1	0.85-0.9	87.641	91.0407	90.71087080311813	0.7200781623243984	91.0407
GCA_003599735.1	GCA_016875635.1	0.85-0.9	87.7013	90.3158	90.87982921600208	4.842633666306028	90.3158
GCA_903924005.1	GCA_903925955.1	0.85-0.9	88.6035	93.6769	93.87349953815314	3.865574029817253	93.6769
GCA_002687335.1	GCA_009392215.1	0.85-0.9	88.7079	93.1909	92.61233782954524	0.040930308406586846	93.1909
GCA_009838625.1	GCA_011523365.1	0.85-0.9	87.2833	89.7172	86.65593849130799	2.5513067241909084	89.7172
GCA_002450515.1	GCA_009392515.1	0.85-0.9	89.4918	93.013	93.56040319433829	1.5694260805178146	93.013
GCA_000018565.1	GCF_003205875.1	0.85-0.9	86.2528	87.993	88.34895917547104	17.728421220263954	88.34895917547104
GCF_001748285.1	GCF_003268475.1	0.85-0.9	88.273	89.1531	88.64271612191418	-0.4873741184055689	89.1531
GCA_014874455.1	GCA_011054265.1	0.85-0.9	86.578	92.983	92.94279118835524	0.046061960273505065	92.983
GCA_011047455.1	GCA_011380505.1	0.85-0.9	87.6289	94.5314	94.74287150233609	9.974405594404743	94.74287150233609
GCA_002687335.1	GCA_002725925.1	0.85-0.9	86.0311	93.6335	91.12467888316192	0.19924983472938607	93.6335
GCA_011388675.1	GCA_011192125.1	0.85-0.9	87.3121	93.0356	92.6536771927402	0.06788624549972155	93.0356
GCA_014860845.1	GCA_002842045.1	0.85-0.9	86.5199	92.5585	92.5217300290569	0.17080976002188208	92.5585
GCA_003670425.1	GCA_003569365.1	0.85-0.9	86.8965	90.7462	90.62494634081642	0.49532690332762286	90.7462
GCA_015494815.1	GCA_013153375.1	0.85-0.9	85.7465	93.3337	93.30044977104694	0.18261962055015601	93.3337
GCA_002898875.1	GCA_011054265.1	0.85-0.9	88.6703	93.9744	93.81104937377896	0.4218074431250898	93.9744
GCF_003268475.1	GCF_000702505.1	0.85-0.9	88.0836	88.3049	86.96338984948812	0.3164087523800845	88.3049
GCA_002421585.1	GCA_002419135.1	0.85-0.9	88.7893	93.6078	93.56587168378962	0.4982061181066797	93.6078
GCA_002721615.1	GCA_002708085.1	0.85-0.9	89.3966	91.2658	91.67307460080426	1.95745469728206	91.2658
GCA_011380505.1	GCA_002898715.1	0.85-0.9	86.9191	95.9314	96.0230951652189	0.6805302934600377	95.9314
GCA_014874485.1	GCA_011333425.1	0.85-0.9	87.0439	93.4812	93.23477967943792	1.443229788105782	93.4812
GCA_019243675.1	GCA_019240835.1	0.85-0.9	88.7331	93.2897	93.23826014906706	1.3644717388660865	93.2897
GCA_011328975.1	GCA_011389395.1	0.85-0.9	89.0192	92.5128	92.74102644093813	7.303691275692472	92.74102644093813
GCA_011366485.1	GCA_011333005.1	0.85-0.9	88.0249	91.3929	91.40610408085675	1.5630318616542809	91.3929
GCA_012798455.1	GCA_012797815.1	0.85-0.9	86.7045	90.1359	89.99632253538626	1.2339818086036303	90.1359
GCA_012270665.1	GCA_009838465.1	0.85-0.9	86.8301	92.5874	92.61506746734621	1.0856384240420311	92.5874
GCA_002721445.1	GCA_002723415.1	0.85-0.9	86.679	90.0741	87.34805072109279	9.516675883939001	87.34805072109279
GCA_017882065.1	GCA_903873975.1	0.85-0.9	87.1604	92.3787	92.36878619713396	0.39665063964298497	92.3787
GCA_003456035.1	GCA_003609755.1	0.85-0.9	89.9216	96.3165	96.31127769822471	0.13994463972358062	96.3165
GCA_009836025.1	GCA_001007665.1	0.85-0.9	87.6704	92.9326	92.14249302199993	0.3153420656921071	92.9326
GCF_000238775.1	GCF_018336915.1	0.85-0.9	86.7307	88.3053	86.26838669623658	3.563552439363775	88.3053
GCF_014696105.1	GCA_012031475.1	0.85-0.9	86.9005	92.4684	92.43788967793593	1.0533084833609792	92.4684
GCA_017115095.1	GCF_014698505.1	0.85-0.9	89.7063	94.2137	93.97378604964646	1.3975745736033787	94.2137
GCF_003013815.1	GCF_000169335.1	0.85-0.9	88.6729	93.5104	93.47642913435041	-0.04859536753150451	93.5104
GCF_002939305.1	GCF_001904655.1	0.85-0.9	88.3686	88.9605	87.50719600487996	1.141672936235409	88.9605
GCA_017114995.1	GCF_002949735.1	0.85-0.9	89.4274	92.11	89.50848723010529	1.879690866691817	92.11
GCF_003555505.1	GCA_015296025.1	0.85-0.9	87.1141	91.2238	89.77874667598343	0.5402190831732696	91.2238
GCA_002018045.1	GCF_000586015.1	0.85-0.9	86.703	92.0032	91.96019305775751	0.9075923751813093	92.0032
GCF_014695775.1	GCF_014695395.1	0.85-0.9	89.4651	91.2985	88.17940095861803	5.803960223418471	88.17940095861803
GCF_015841355.1	GCF_002252625.1	0.85-0.9	88.0247	90.2249	86.56933831466797	2.935353348432727	90.2249
GCA_003326215.1	GCF_016056275.1	0.85-0.9	89.5337	92.7008	92.382996697843	-0.17991085403809848	92.7008
GCF_014696825.1	GCA_004293145.1	0.85-0.9	88.909	92.0203	92.5565801165905	0.8349903894531394	92.0203
GCF_000317575.1	GCF_002355455.1	0.85-0.9	90.5135	92.1615	91.93335543829673	0.42160570369469497	92.1615
GCA_903893625.1	GCF_014697575.1	0.85-0.9	87.9905	95.5408	95.05998811643553	0.3773991141223263	95.5408
GCA_003499955.1	GCA_001784535.1	0.85-0.9	88.4535	92.5652	92.60293978881971	1.6654695403152573	92.5652
GCA_003209755.1	GCA_003216295.1	0.85-0.9	86.9288	87.0268	88.03921717362249	1.2829583591421851	87.0268
GCF_003555505.1	GCF_000505665.1	0.85-0.9	88.2776	89.2086	86.4069066935886	1.5483788995825307	89.2086
GCF_001904725.1	GCF_015207735.1	0.85-0.9	88.1989	90.3095	89.32626492406528	2.507730642657407	90.3095
GCF_015207755.1	GCF_002218065.1	0.85-0.9	90.4597	91.0298	91.18565814115381	1.5625729543767193	91.0298
GCF_002368335.1	GCF_017164015.1	0.85-0.9	91.2725	91.2932	88.37684959356451	4.338126492059018	91.2932
GCA_004292745.1	GCA_004294385.1	0.85-0.9	88.9338	93.9976	92.75201950501074	1.836781927424454	93.9976
GCA_017472545.1	GCA_017536545.1	0.85-0.9	86.0128	92.3154	87.14625626365485	0.03797914864131258	92.3154
GCA_011331985.1	GCF_016446395.1	0.85-0.9	89.3883	92.7409	91.50217652692156	0.43261734612224245	92.7409
GCA_016882385.1	GCF_014697415.1	0.85-0.9	86.7499	90.2648	90.31515561033078	2.809714505406646	90.2648
GCF_000346485.2	GCF_009725235.1	0.85-0.9	90.4214	92.4662	92.27859097837435	0.34912913720381766	92.4662
GCA_017396695.1	GCA_017505585.1	0.85-0.9	86.8159	90.9066	90.78403082955498	0.18250517673232025	90.9066
GCF_018282115.1	GCF_000284455.1	0.85-0.9	87.949	90.2178	87.76985035529093	2.487927776907327	90.2178
GCF_003003845.1	GCF_000317145.1	0.85-0.9	89.7512	93.6726	93.58178964326345	0.36241534226155636	93.6726
GCF_000340565.2	GCF_015207755.1	0.85-0.9	90.038	91.1575	90.83990620071403	0.27344664642942007	91.1575
GCF_000169335.1	GCF_000017845.1	0.85-0.9	88.3036	93.4897	93.06100087875734	2.909597274197722	93.4897
GCF_009725235.1	GCF_000760695.4	0.85-0.9	89.7212	92.5532	92.50504658301367	2.2039826003419876	92.5532
GCA_009840445.1	GCA_001007665.1	0.85-0.9	88.2093	92.4894	91.65590021605108	0.3844638135947207	92.4894
GCF_015207705.1	GCA_003990705.1	0.85-0.9	90.328	91.4674	89.52360380840322	0.855018819696852	91.4674
GCA_002749975.1	GCF_002964865.1	0.85-0.9	88.6621	89.9759	88.34142955318333	0.3670492935762013	89.9759
GCA_018993265.1	GCF_014697615.1	0.85-0.9	90.3362	92.7285	90.08283625403615	2.2570464292221004	92.7285
GCF_014698035.1	GCF_014023275.1	0.85-0.9	89.9931	92.4757	91.08977722068416	3.2840182359309438	92.4757
GCA_015295825.1	GCA_015296025.1	0.85-0.9	87.5979	91.5531	90.83730056267481	0.20017200884853992	91.5531
GCA_004299065.1	GCF_009846485.1	0.85-0.9	87.1056	92.3119	91.83779322871486	2.3610373057715606	92.3119
GCA_012842325.1	GCA_001513125.1	0.85-0.9	85.6517	92.3233	89.87976178389107	0.1046127539234476	92.3233
GCA_011330655.1	GCF_000183745.1	0.85-0.9	87.9511	92.1853	92.11286337254137	1.3118375522917631	92.1853
GCF_001880325.1	GCF_001280255.1	0.85-0.9	85.293	86.4784	82.90326366782561	0.913480120211716	86.4784
GCF_000430045.1	GCF_003574095.1	0.85-0.9	88.7677	91.499	90.04759457609401	0.1005758438986959	91.499
GCF_000373205.1	GCF_000430045.1	0.85-0.9	88.4708	91.3949	91.1607898873245	0.06577412424030626	91.3949
GCF_003426945.1	GCF_000236585.1	0.85-0.9	84.8774	85.711	80.78558128368512	1.68655620786285	85.711
GCF_003226535.1	GCF_000092125.1	0.85-0.9	87.7424	90.5402	86.58835639749147	2.3508812308004963	90.5402
GCA_003153775.1	GCA_003142295.1	0.85-0.9	87.8626	90.8105	90.38374559857346	-0.02621054773862852	90.8105
GCA_016844545.1	GCA_016208525.1	0.85-0.9	89.6096	94.049	94.0803319877557	0.2132455053649096	94.049
GCA_015493715.1	GCA_015489765.1	0.85-0.9	86.8563	93.2534	94.03071163571964	2.826764601988657	93.2534
GCA_011390615.1	GCA_011390635.1	0.85-0.9	86.787	90.0965	91.32596204432008	2.1455916724903545	90.0965
GCA_011051875.1	GCA_015484845.1	0.85-0.9	87.7985	91.8712	91.92218022145488	1.7880322905334651	91.8712
GCF_007830435.1	GCF_006175995.1	0.85-0.9	89.0893	89.7383	90.05839097671236	0.7674621166861471	89.7383
GCA_016874945.1	GCA_016874915.1	0.85-0.9	87.6447	96.7427	97.0555761029145	1.0897206329656797	96.7427
GCA_015489765.1	GCA_011322715.1	0.85-0.9	88.4137	96.5939	96.67414376571503	0.9580019705983887	96.5939
GCA_003142295.1	GCA_003142635.1	0.85-0.9	88.1792	91.693	91.86922628693519	11.34912785486813	91.86922628693519
GCA_003566995.1	GCA_007125915.1	0.85-0.9	86.0028	92.7221	88.48011216475206	0.6969340231359524	92.7221
GCA_018333535.1	GCA_016874935.1	0.85-0.9	88.718	91.7817	91.94932329939563	1.1315893991936719	91.7817
GCA_018823005.1	GCA_011391695.1	0.85-0.9	87.95	92.0335	92.00944896869339	1.172558393064378	92.0335
GCF_008802355.1	GCF_008330225.1	0.85-0.9	89.845	90.9641	89.58817682645855	0.7650309264718089	90.9641
GCF_000215975.1	GCA_011361985.1	0.85-0.9	89.8087	91.8338	91.81163528966962	1.187319052954308	91.8338
GCA_011390695.1	GCA_011390615.1	0.85-0.9	88.809	95.3739	95.47275056048092	4.424104917206648	95.3739
GCF_014201505.1	GCA_000769715.1	0.85-0.9	88.9793	91.021	89.31145173532083	1.7004041801174026	91.021
GCA_003153775.1	GCA_903893135.1	0.85-0.9	87.7565	91.2641	91.14737627182046	1.0780896808016678	91.2641
GCA_015233625.1	GCA_015233295.1	0.85-0.9	89.4981	95.0124	94.91389649040431	0.38584177733599745	95.0124
GCA_003641645.1	GCA_017656385.1	0.85-0.9	85.3879	93.147	93.15724435953892	0.24895233219946533	93.147
GCA_013619105.1	GCA_001751225.1	0.85-0.9	89.4793	93.4176	93.38833470692988	0.6920515074589275	93.4176
GCA_015233055.1	GCA_015233625.1	0.85-0.9	90.0997	94.4371	94.3822208604913	1.9635022055348372	94.4371
GCA_002841865.1	GCA_013177825.1	0.85-0.9	89.3876	89.1601	89.87222262352257	2.4145626821537007	89.1601
GCA_006226895.1	GCA_012974435.1	0.85-0.9	90.0927	94.1558	94.16568127878139	1.7114873040113707	94.1558
GCA_012513605.1	GCA_016931115.1	0.85-0.9	87.7996	92.7297	92.54162930305569	1.4791265758999543	92.7297
GCA_003486165.1	GCA_002868985.1	0.85-0.9	89.694	95.6714	95.65197583776973	0.20733606110343317	95.6714
GCF_008330225.1	GCF_008802365.1	0.85-0.9	89.3861	90.2644	87.94907033697157	1.7433415681571205	90.2644
GCA_015492245.1	GCA_011371515.1	0.85-0.9	83.9772	92.1079	91.86870227636388	0.3690615557324861	92.1079
GCA_903893135.1	GCA_003142635.1	0.85-0.9	87.8407	92.3189	92.26673400219524	0.9752443891545681	92.3189
GCA_011042305.1	GCA_002327445.1	0.85-0.9	86.4551	91.1418	88.94909809978657	0.8337913284844944	91.1418
GCA_018399235.1	GCA_018334555.1	0.85-0.9	86.0729	92.0502	91.40488556012025	0.2566983116112169	92.0502
GCA_011390235.1	GCA_011390335.1	0.85-0.9	89.0757	93.5648	93.53562005134926	0.31102182086300445	93.5648
GCA_011390065.1	GCA_011389855.1	0.85-0.9	88.2816	94.0593	94.3744140198031	4.172829547036827	94.0593
GCA_004193595.1	GCA_001751005.1	0.85-0.9	90.4941	94.1109	94.02212331664607	0.3574857927128505	94.1109
GCA_004028505.1	GCA_004028495.1	0.85-0.9	88.0711	95.3114	95.3124156163968	0.23671330385784017	95.3114
GCA_016218095.1	GCA_001797465.1	0.85-0.9	86.6809	91.8784	90.66418260162725	0.19051516837248528	91.8784
GCA_903885795.1	GCA_003451635.1	0.85-0.9	88.4182	93.9185	93.90801055557714	0.24165343387653593	93.9185
GCA_014859605.1	GCA_002841765.1	0.85-0.9	87.5215	90.8857	90.59482923748682	0.11101235464502679	90.8857
GCA_007134025.1	GCA_003561875.1	0.85-0.9	87.9497	88.7427	90.25299414824563	20.456504844115898	90.25299414824563
GCA_003141195.1	GCA_001873745.1	0.85-0.9	87.7501	93.162	93.0547916701126	0.731742154921335	93.162
GCA_015233285.1	GCA_015233625.1	0.85-0.9	90.086	94.907	94.94181329991767	1.0741407469392357	94.907
GCA_002238415.1	GCA_011523265.1	0.85-0.9	89.5572	92.7022	92.6764551300314	2.3219874623728174	92.7022
GCA_005888095.1	GCA_005879585.1	0.85-0.9	86.3791	89.5498	90.02229888466134	5.514580810385269	90.02229888466134
GCA_005879205.1	GCA_005888095.1	0.85-0.9	87.6008	91.3323	91.16850918515198	0.0224956860902239	91.3323
GCA_009837205.1	GCA_009840385.1	0.85-0.9	86.8384	87.2879	88.30494981633761	1.6340607393283335	87.2879
GCA_018654605.1	GCA_002701865.2	0.85-0.9	86.117	86.6195	87.19971529165562	0.7584458463211377	86.6195
GCA_002697665.2	GCA_902609885.1	0.85-0.9	88.8309	91.446	89.93104180693727	0.15345325186331138	91.446
GCA_001775255.1	GCA_902826595.1	0.85-0.9	88.3755	92.0462	90.94680968378258	0.3727209128423965	92.0462
GCA_002715585.2	GCA_002697665.2	0.85-0.9	88.5929	89.9466	90.50045978174005	1.3271314758270023	89.9466
GCA_001873935.1	GCA_007280195.1	0.85-0.9	88.9866	92.8683	92.75441521128295	0.5965043760998014	92.8683
GCA_017881405.1	GCA_001797445.1	0.85-0.9	87.139	91.7117	91.69465596043706	1.8380619824570203	91.7117
GCA_001873935.1	GCA_001797445.1	0.85-0.9	87.0361	90.6693	89.9545193807993	-0.36705466188732316	90.6693
GCF_000512235.1	GCA_002067165.1	0.85-0.9	87.2013	90.4157	90.34000230597441	0.5098849831588268	90.4157
GCA_002418945.1	GCA_017992765.1	0.85-0.9	87.0891	89.6496	88.52527698612693	0.5468918324168044	89.6496
GCF_000422565.1	GCA_002382645.1	0.85-0.9	85.371	89.558	87.07913815644358	0.9152515765122189	89.558
GCA_018822105.1	GCA_903843965.1	0.85-0.9	86.2709	89.2533	89.56640323969162	1.7925742861343679	89.2533
GCA_003135255.1	GCA_003141695.1	0.85-0.9	90.0476	94.2674	94.23685241159674	0.542642952258575	94.2674
GCA_005880855.1	GCA_005880315.1	0.85-0.9	87.7648	91.0474	91.02540100841092	5.4725228283105025	91.02540100841092
GCA_003153215.1	GCA_003142035.1	0.85-0.9	89.605	93.7987	93.27265417510253	0.17546542463742298	93.7987
GCA_017610525.1	GCA_003660865.1	0.85-0.9	89.4488	95.5046	95.51011834644068	0.10346196699795485	95.5046
GCA_018821925.1	GCA_001777915.1	0.85-0.9	88.7565	90.9004	87.73467641894388	0.9151247099794091	90.9004
GCA_005893275.1	GCA_005893265.1	0.85-0.9	86.1909	89.4731	87.73058055159728	0.09393680598304854	89.4731
GCA_016710095.1	GCA_016215625.1	0.85-0.9	89.537	92.0625	90.44678239239377	1.2370861480485473	92.0625
GCA_003500765.1	GCA_009773155.1	0.85-0.9	87.5143	93.8286	93.71299504705439	0.20118056363412506	93.8286
GCA_017651625.1	GCA_017528425.1	0.85-0.9	88.6644	89.4476	90.21601394820915	5.989791842623163	90.21601394820915
GCA_016208085.1	GCA_018829985.1	0.85-0.9	87.9198	93.4208	93.41642453963284	0.5846709765460218	93.4208
GCA_003167155.1	GCA_013289785.1	0.85-0.9	87.7492	92.5497	92.52798268940073	1.1481947452507484	92.5497
GCA_003158175.1	GCA_013289785.1	0.85-0.9	85.3244	91.0222	90.98809909467428	1.9242855003772092	91.0222
GCA_902791745.1	GCA_902790465.1	0.85-0.9	88.1864	94.2303	92.04714683137041	0.4692075953570338	94.2303
GCA_004554425.1	GCA_900772775.1	0.85-0.9	86.681	90.6466	90.94279932974474	5.549872398940806	90.94279932974474
GCA_017959225.1	GCA_002390045.1	0.85-0.9	85.7324	87.86	87.37588886461822	12.071456105244124	87.37588886461822
GCA_016715065.1	GCA_016699655.1	0.85-0.9	88.3911	90.7844	85.86606773714414	7.061869585510067	85.86606773714414
GCA_017625775.1	GCA_017631885.1	0.85-0.9	88.4083	91.7683	92.9120736605244	1.6126195842010702	91.7683
GCA_902796785.1	GCA_017650365.1	0.85-0.9	88.2409	94.306	92.84407827915076	0.17999747887051853	94.306
GCA_903916325.1	GCA_903915125.1	0.85-0.9	87.8176	94.4916	95.43988623572494	13.39463376090987	95.43988623572494
GCA_903916325.1	GCA_903861835.1	0.85-0.9	86.2089	92.7198	92.80259105360742	0.3702184278538425	92.7198
GCF_003001905.1	GCF_900113175.1	0.85-0.9	89.8334	90.8546	89.0831638445043	0.9600149073721695	90.8546
GCF_000632715.1	GCF_011761475.1	0.85-0.9	90.615	91.262	89.35641217881727	0.597122860485797	91.262
GCA_001916215.1	GCA_900547045.1	0.85-0.9	86.6385	95.8363	96.30974479658761	1.1049936030434537	95.8363
GCF_000935355.1	GCF_008364765.1	0.85-0.9	89.4066	89.5262	89.34628567979314	0.46348604956801864	89.5262
GCF_900114715.1	GCF_900115625.1	0.85-0.9	86.8814	86.5929	86.76566065368793	12.912583093443573	86.76566065368793
GCF_002742685.1	GCF_900111795.1	0.85-0.9	86.6136	88.5609	89.44566928539597	13.423054813123144	89.44566928539597
GCA_900538465.1	GCF_004343035.1	0.85-0.9	87.8953	92.2052	93.58535964884746	5.38661589503954	93.58535964884746
GCA_016298185.1	GCA_016290145.1	0.85-0.9	87.4218	87.8541	89.57831609375171	2.290722823271267	87.8541
GCA_910588025.1	GCA_910587775.1	0.85-0.9	88.0647	90.224	92.67244525074987	9.296759075543491	92.67244525074987
GCA_910576855.1	GCA_009917405.1	0.85-0.9	88.2874	92.2056	93.24644264329396	0.49494595936425867	92.2056
GCF_001592085.1	GCF_003946545.1	0.85-0.9	87.5864	88.0202	89.7200912818628	10.691487413014329	89.7200912818628
GCF_001578185.1	GCF_017355165.1	0.85-0.9	90.9705	91.8557	90.96035514091554	1.028014640980473	91.8557
GCF_003931795.1	GCF_900637845.1	0.85-0.9	87.9235	86.6102	88.46334666694682	5.871823343411052	88.46334666694682
GCA_014238525.1	GCA_014238225.1	0.85-0.9	86.6487	89.7248	83.06550881543697	0.12717347106853083	89.7248
GCA_017633835.1	GCA_017645255.1	0.85-0.9	86.6164	91.7213	82.88990944559876	0.12499499600215103	91.7213
GCF_003339585.1	GCF_000685865.1	0.85-0.9	86.4175	88.3986	86.16384816676864	16.32887894622945	86.16384816676864
GCF_002096815.1	GCF_001579025.1	0.85-0.9	88.4302	87.3215	88.4656878828616	3.7352371528836557	87.3215
GCA_003554025.1	GCA_003552925.1	0.85-0.9	86.9637	91.4329	79.20880446016002	4.747334062235495	91.4329
GCF_900115605.1	GCF_900116255.1	0.85-0.9	86.5697	86.9464	88.79268736702846	5.148831680358398	88.79268736702846
GCF_018967645.1	GCF_018138385.1	0.85-0.9	88.2963	86.5314	89.27894366721796	9.50099952413484	89.27894366721796
GCF_904424705.1	GCF_001591825.1	0.85-0.9	86.3276	87.7533	88.4392331179202	2.840749449386294	87.7533
GCF_900129085.1	GCA_019116785.1	0.85-0.9	86.299	92.2949	91.63398571103481	5.372854433686143	91.63398571103481
GCF_000833605.1	GCF_014201585.1	0.85-0.9	87.8073	88.2074	88.67877858388786	7.874490140162834	88.67877858388786
GCA_900754615.1	GCA_900547815.1	0.85-0.9	89.0121	93.4936	93.54328900635342	0.7432806616848211	93.4936
GCA_900110015.1	GCF_002272135.1	0.85-0.9	88.9648	88.8836	86.39706256301454	2.1548624487259076	88.8836
GCF_003458715.1	GCF_003436425.1	0.85-0.9	88.8586	90.5759	91.22826111790054	1.651732456199852	90.5759
GCF_000484595.1	GCF_003058165.1	0.85-0.9	88.9283	88.8872	89.31936749654201	3.0916489422470477	88.8872
GCA_900544435.1	GCF_003024675.1	0.85-0.9	89.8845	96.298	96.17803335213794	0.5574022009686814	96.298
GCF_002874535.1	GCF_018613195.1	0.85-0.9	87.6441	87.7563	85.10536517292007	5.861215738901592	85.10536517292007
GCF_000307855.1	GCA_012840465.1	0.85-0.9	89.647	91.2686	91.47055155411539	4.896138771014648	91.2686
GCA_000438415.1	GCA_003524085.1	0.85-0.9	89.1076	95.1209	91.31584968931874	1.1821078238921814	95.1209
GCA_900754715.1	GCA_900543035.1	0.85-0.9	88.1376	92.5694	90.7039632712633	0.6506615923581194	92.5694
GCF_003316765.1	GCF_008180615.1	0.85-0.9	87.9	86.272	85.68620680112693	-0.06713333993229753	86.272
GCF_006861775.1	GCF_900111345.1	0.85-0.9	88.1787	89.6789	89.92703415646564	1.378701677848312	89.6789
GCA_012839485.1	GCA_012838635.1	0.85-0.9	86.9808	92.0298	91.86669542784682	0.31793985285199255	92.0298
GCA_910579535.1	GCA_910583945.1	0.85-0.9	88.2078	96.33	95.59282240308784	0.12855774437031187	96.33
GCA_012513195.1	GCA_012516175.1	0.85-0.9	84.7512	99.6134	99.60419745554475	0.5044702470732503	99.6134
GCF_018390575.1	GCF_000348905.1	0.85-0.9	88.1343	87.5712	86.33357395411801	2.911728515586219	87.5712
GCF_900107305.1	GCF_004341445.1	0.85-0.9	88.3974	90.4038	90.51097821135504	3.35457727041603	90.4038
GCA_017962745.1	GCA_017617065.1	0.85-0.9	85.9045	87.7586	82.61837229173294	1.8264394961233847	87.7586
GCA_017646825.1	GCA_017397315.1	0.85-0.9	86.777	91.6802	91.42183574764601	0.6952658132299803	91.6802
GCA_017616855.1	GCA_017620395.1	0.85-0.9	86.1917	90.793	86.20322547342138	3.0909923111630633	90.793
GCF_000244875.1	GCF_000022065.1	0.85-0.9	87.3633	87.2511	87.59404063894678	2.901562766679035	87.2511
GCA_012523915.1	GCA_012735285.1	0.85-0.9	85.8959	95.069	95.02720121781968	0.1906406164290928	95.069
GCA_017379935.1	GCA_017415025.1	0.85-0.9	87.3207	88.5415	88.97309920444522	0.6942502852289181	88.5415
GCA_012511525.1	GCA_012523135.1	0.85-0.9	87.1947	92.6017	92.58579016621427	1.3249725838304585	92.6017
GCA_000702525.1	GCA_017392525.1	0.85-0.9	86.1155	90.7272	88.75212028583978	7.508422844546544	88.75212028583978
GCF_904384255.1	GCA_900554165.1	0.85-0.9	89.8134	94.6508	94.11071088138615	0.32986899525701574	94.6508
GCA_017416855.1	GCA_015068865.1	0.85-0.9	88.3996	91.4147	92.58611778576078	1.77866529940502	91.4147
GCA_017619985.1	GCA_017557505.1	0.85-0.9	86.92	91.7482	91.93752466303613	1.5004710375455943	91.7482
GCA_017428635.1	GCA_017545225.1	0.85-0.9	87.3005	90.6098	88.32416656286777	0.2862182267567732	90.6098
GCA_015068285.1	GCA_017547995.1	0.85-0.9	86.9436	93.1754	93.35751569343982	6.663481541627505	93.35751569343982
GCF_900538275.1	GCA_002841495.1	0.85-0.9	87.3447	89.7611	86.24716957630878	7.236567299596572	86.24716957630878
GCA_017441925.1	GCA_902782895.1	0.85-0.9	86.0199	89.3152	89.7438652844531	4.303772395116312	89.3152
GCA_001513385.1	GCA_012522015.1	0.85-0.9	87.3034	90.3656	90.73698908875146	9.696944386534597	90.73698908875146
GCA_017548765.1	GCA_017543445.1	0.85-0.9	87.9968	89.1582	88.6429225059727	2.151753539495985	89.1582
GCA_017425305.1	GCF_015668515.1	0.85-0.9	85.1333	91.21	91.16929389386583	0.009105081007351856	91.21
GCA_017548765.1	GCA_900319565.1	0.85-0.9	86.5742	88.9834	87.75419877204287	0.05564138276281483	88.9834
GCA_017613995.1	GCA_902796565.1	0.85-0.9	86.0884	93.4322	93.42707585740727	0.22299866460792828	93.4322
GCA_002841435.1	GCA_002841495.1	0.85-0.9	88.968	91.8071	91.74625261437907	1.3121285099582565	91.8071
GCA_017524445.1	GCA_017393775.1	0.85-0.9	86.2084	89.295	84.78700714377483	1.3564260694693075	89.295
GCA_017507985.1	GCA_015064805.1	0.85-0.9	86.5525	87.8535	87.9438801718592	-0.01789774445205694	87.8535
GCA_012518535.1	GCA_002385665.1	0.85-0.9	89.1807	92.6259	92.61722677403543	0.7720904637358217	92.6259
GCA_017619295.1	GCA_900103495.1	0.85-0.9	89.1921	90.7457	91.3091557539264	4.766697955647942	90.7457
GCA_900539725.1	GCF_000312505.2	0.85-0.9	88.8148	89.6132	87.07507366594555	0.5092158469806236	89.6132
GCA_017938145.1	GCA_017622795.1	0.85-0.9	87.4589	90.4778	90.78281258876841	0.6979706720946979	90.4778
GCA_900539655.1	GCA_900540475.1	0.85-0.9	88.091	90.1914	89.27722459990837	4.072709526140898	90.1914
GCA_012521175.1	GCA_012519955.1	0.85-0.9	88.2666	91.022	91.97562166176712	4.323759611338232	91.022
GCA_900315945.1	GCA_002373675.1	0.85-0.9	87.3707	90.3325	87.9225922237122	3.0176686861573216	90.3325
GCA_017556805.1	GCA_015057365.1	0.85-0.9	88.301	87.5382	87.58536988852633	2.6930074793353924	87.5382
GCA_017531925.1	GCA_017483195.1	0.85-0.9	89.4636	89.277	86.05170026299656	1.5777731361906717	89.277
GCA_900753135.1	GCA_900765095.1	0.85-0.9	88.6394	97.395	95.68379337013113	0.12602815576670423	97.395
GCA_900544965.1	GCA_900547135.1	0.85-0.9	88.7433	92.1302	92.11196671542254	0.9582877610395144	92.1302
GCA_016650135.1	GCA_016650115.1	0.85-0.9	88.9452	94.4113	94.35862817914182	0.659960162760143	94.4113
GCA_002404515.1	GCA_900553925.1	0.85-0.9	88.1472	92.957	92.597615573974	1.0162243488993	92.957
GCA_019114065.1	GCA_902406105.1	0.85-0.9	85.9044	96.0281	96.32111272404997	4.30740508246879	96.0281
GCA_015064725.1	GCA_017621475.1	0.85-0.9	88.8481	88.2513	90.19850287449015	17.511440557680544	90.19850287449015
GCA_900553865.1	GCA_900553405.1	0.85-0.9	89.3521	96.8345	96.84970304791113	0.20104710921449964	96.8345
GCA_902794055.1	GCA_017523925.1	0.85-0.9	88.9314	92.2505	88.92830846902093	1.6542136103935263	92.2505
GCF_003589745.1	GCF_003862475.1	0.85-0.9	87.496	87.8144	88.1033407643267	0.11648018090158985	87.8144
GCF_000018425.1	GCA_002294005.1	0.85-0.9	87.179	89.8408	86.31995950148192	0.6867818210766927	89.8408
GCA_003513005.1	GCA_003485325.1	0.85-0.9	88.4958	91.1341	90.76987184181729	2.7871814023633306	91.1341
GCF_000024605.1	GCF_003368535.1	0.85-0.9	89.4799	89.4652	87.24505087482032	2.4983205462231126	89.4652
GCA_002424365.1	GCA_012729715.1	0.85-0.9	87.2248	92.6845	93.30060228598673	5.946934211095112	93.30060228598673
GCF_900129285.1	GCA_000214705.1	0.85-0.9	87.6324	87.8118	84.04264487572395	2.3334290513962515	87.8118
GCA_002382755.1	GCA_003513005.1	0.85-0.9	87.6488	90.3232	89.79782907986558	2.2168741694370055	90.3232
GCA_002402825.1	GCA_002327235.1	0.85-0.9	87.5628	90.5485	90.3916611755056	1.140031676575063	90.5485
GCA_016841875.1	GCA_016841245.1	0.85-0.9	90.8024	91.257	91.2071538324782	2.6655829417277346	91.257
GCA_900759105.1	GCA_900553245.1	0.85-0.9	85.5571	93.401	92.95302945644278	4.0775050128432895	93.401
GCA_012516535.1	GCA_012842275.1	0.85-0.9	90.621	94.2109	94.21443433109266	0.7560620555866535	94.2109
GCA_003509545.1	GCF_013167955.1	0.85-0.9	87.7314	90.9636	91.80421668438423	8.131192632476768	91.80421668438423
GCA_011048115.1	GCA_003445475.1	0.85-0.9	85.7576	95.0341	94.98285951961323	0.11357171215776418	95.0341
GCA_000681355.2	GCA_002327235.1	0.85-0.9	88.5287	91.8659	91.5782207889142	2.094419175095709	91.8659
GCA_000961765.1	GCA_000802045.1	0.85-0.9	89.9584	92.5615	91.99796577198039	0.044597237993002636	92.5615
GCF_002257705.1	GCA_017889675.1	0.85-0.9	87.7917	89.5757	90.65886928851529	1.2425713292325327	89.5757
GCF_003992135.1	GCA_900766245.1	0.85-0.9	89.9379	91.2604	91.57937522107397	0.552475606631333	91.2604
GCA_015058545.1	GCF_003992065.1	0.85-0.9	87.176	89.2371	89.51430474010242	1.5981561143139515	89.2371
GCA_900545535.1	GCF_003269275.1	0.85-0.9	86.546	86.0574	87.5207053927995	8.301213409593856	87.5207053927995
GCF_902810435.1	GCF_002959775.1	0.85-0.9	87.8755	86.2851	87.46924903835172	4.424610389517056	86.2851
GCF_003467125.1	GCA_900095875.1	0.85-0.9	88.9292	90.0002	86.83947763231504	2.1971684831414677	90.0002
GCF_003463825.1	GCF_002959915.1	0.85-0.9	87.9167	91.1016	91.63691125381517	0.22475141747656835	91.1016
GCF_003992135.1	GCF_003999875.1	0.85-0.9	89.8532	90.0089	90.93951077000443	1.8760465042880696	90.0089
GCA_900554395.1	GCA_003150755.1	0.85-0.9	85.8229	91.5241	91.21325745690373	2.6093488200963293	91.5241
GCF_000271485.2	GCF_900114615.1	0.85-0.9	89.6119	90.1063	89.82796330989149	0.42996289504844754	90.1063
GCF_000374545.1	GCA_009929485.1	0.85-0.9	89.3091	89.6282	89.79482336738995	8.261586492144488	89.79482336738995
GCF_000702545.1	GCA_017635515.1	0.85-0.9	87.5079	91.5551	91.70281788505994	2.8664472221867072	91.5551
GCA_902782705.1	GCA_017619685.1	0.85-0.9	90.1766	94.2385	94.23303269947799	1.0909117100659387	94.2385
GCA_017444395.1	GCA_016280345.1	0.85-0.9	87.8007	94.0772	93.99826136702747	0.1262204251577259	94.0772
GCA_017635515.1	GCA_015058655.1	0.85-0.9	89.7796	94.0729	94.4684498259988	13.495833319473604	94.4684498259988
GCF_003992005.1	GCF_003992055.1	0.85-0.9	88.8315	88.496	85.42959334581806	1.5232261597772094	88.496
GCF_000024945.1	GCA_900552445.1	0.85-0.9	88.1283	95.1107	95.07536220447929	0.16756648833074905	95.1107
GCA_900554395.1	GCA_000436095.1	0.85-0.9	85.4883	91.9182	91.84738975499953	0.08703329205047794	91.9182
GCA_012798135.1	GCA_002329525.1	0.85-0.9	88.7375	92.0814	89.22549648249274	1.397672111367683	92.0814
GCF_000702545.1	GCA_902780915.1	0.85-0.9	87.3552	91.5171	89.37005307221978	3.9531093905516173	91.5171
GCF_000286455.1	GCF_000234095.1	0.85-0.9	87.0795	87.629	87.86587766098461	6.447310995765292	87.86587766098461
GCF_900114615.1	GCF_000271665.2	0.85-0.9	89.8962	90.9171	90.13994547227931	0.6287827803107575	90.9171
GCA_002314325.1	GCA_900554895.1	0.85-0.9	87.2832	91.6025	91.88021197708777	7.676156146676703	91.88021197708777
GCF_900111575.1	GCF_900142275.1	0.85-0.9	87.5	91.3422	91.10116893403053	1.2751267084616984	91.3422
GCA_012841735.1	GCA_012521345.1	0.85-0.9	85.1726	92.0158	90.13292843567935	0.09219433591744064	92.0158
GCA_018725345.1	GCA_018333455.1	0.85-0.9	87.2095	90.4031	90.37987592922056	0.26027411072331574	90.4031
GCA_018335695.1	GCA_018333635.1	0.85-0.9	88.6743	88.704	89.70549985808371	12.836720537947713	89.70549985808371
GCA_012522075.1	GCA_012521345.1	0.85-0.9	87.9091	91.0686	91.32248624029164	6.756450508769831	91.32248624029164
GCA_018333455.1	GCA_018333635.1	0.85-0.9	86.8103	89.9553	87.38440458418509	0.6057506744734837	89.9553
GCF_001280565.1	GCF_900176145.1	0.85-0.9	88.7042	88.2463	85.5099439358472	2.428223795107442	88.2463
GCA_012842495.1	GCA_014896535.1	0.85-0.9	88.2858	88.3542	88.9341085595436	4.6175921890044265	88.3542
GCF_000009905.1	GCA_003242675.1	0.85-0.9	87.5654	90.5531	90.7718086987444	2.3717333867798516	90.5531
GCF_001693735.1	GCF_003001995.1	0.85-0.9	88.0841	88.6721	87.33822799484062	0.35452365051105517	88.6721
GCA_015666175.1	GCA_007130465.1	0.85-0.9	86.7442	90.7067	90.80209816360819	0.16198002437349146	90.7067
GCA_002398515.1	GCA_012512055.1	0.85-0.9	88.6064	92.0318	91.02943358999258	0.3584939233990099	92.0318
GCA_012735195.1	GCA_012839115.1	0.85-0.9	87.7427	90.3243	90.20196559600342	0.12033472832513326	90.3243
GCA_012799075.1	GCA_012522085.1	0.85-0.9	85.5827	91.5763	91.63199273368676	1.1018591724805447	91.5763
GCA_012727895.1	GCA_012839115.1	0.85-0.9	86.3365	89.2648	89.00790254837258	0.861844057752819	89.2648
GCA_012727675.1	GCA_012735435.1	0.85-0.9	88.3123	91.5772	91.53529613085188	0.7237019224194228	91.5772
GCA_012521755.1	GCA_012522085.1	0.85-0.9	87.1854	91.5781	91.47097609901196	1.2248777830759536	91.5781
GCF_008327825.1	GCF_000469385.1	0.85-0.9	88.3261	95.7351	92.45161735171003	0.7497845008546733	95.7351
GCF_000426625.1	GCA_002084825.1	0.85-0.9	88.077	90.9247	90.84299490853817	0.4288339448413865	90.9247
GCF_000023905.1	GCF_007990635.1	0.85-0.9	89.6018	94.3805	94.11996612557286	0.3698812088456407	94.3805
GCF_000469505.1	GCF_001274535.1	0.85-0.9	89.5665	90.7692	90.4666554921865	-0.006171018897020986	90.7692
GCF_000482505.1	GCF_007990635.1	0.85-0.9	90.1228	94.6581	94.47912330011684	0.34798837109161695	94.6581
GCA_013361745.1	GCA_013361935.1	0.85-0.9	87.3163	93.1119	93.04907610207462	0.9018099963741406	93.1119
GCA_002238605.1	GCA_012267435.1	0.85-0.9	88.6863	91.6639	90.36628928448415	0.3013453528642458	91.6639
GCA_009840525.1	GCA_002238605.1	0.85-0.9	88.2996	90.9982	90.21965569012721	0.17909662257625314	90.9982
GCA_009838765.1	GCA_012270965.1	0.85-0.9	88.7317	91.2679	90.96468537568913	-0.203869762782233	91.2679
GCA_017881545.1	GCA_017881465.1	0.85-0.9	87.4992	91.9879	91.57840142112533	-0.22402397222640502	91.9879
GCA_016712265.1	GCA_016794835.1	0.85-0.9	87.0737	91.9714	91.80182106292844	0.1742748535816645	91.9714
GCA_002238605.1	GCA_009843625.1	0.85-0.9	88.45	92.262	91.87460407814146	0.15545684445260122	92.262
GCA_002724575.1	GCA_002501085.1	0.85-0.9	88.2522	90.6388	88.3951449359446	0.8766365103329008	90.6388
GCA_003142495.1	GCA_013697785.1	0.85-0.9	86.455	91.3394	91.25121041168647	1.3916245446689572	91.3394
GCA_012270965.1	GCA_009840115.1	0.85-0.9	89.3779	91.4255	91.3637656349632	0.5266693232788384	91.4255
GCA_002839855.1	GCA_016937715.1	0.85-0.9	89.1704	92.1731	92.19495687966932	17.42143669237339	92.19495687966932
GCA_018725485.1	GCA_018725175.1	0.85-0.9	86.3179	90.834	90.77291849805195	0.5824963602732112	90.834
GCA_001515185.1	GCA_004375695.1	0.85-0.9	91.1695	95.0158	94.89162028024896	0.03662990980956238	95.0158
GCF_000328685.1	GCF_000337675.1	0.85-0.9	87.7545	88.2439	88.3216006453338	0.4855355901663643	88.2439
GCF_000336635.1	GCF_000337775.1	0.85-0.9	88.8308	88.5316	88.9708572107157	1.5824803811692618	88.5316
GCA_003162175.1	GCA_003139855.1	0.85-0.9	89.6673	91.5647	91.64631254244347	2.533110612453129	91.5647
GCA_016926855.1	GCA_001412355.1	0.85-0.9	88.6754	90.9629	89.16841370871764	0.28764912121914676	90.9629
GCF_000196895.1	GCF_001593955.1	0.85-0.9	86.081	85.1023	85.02156812488141	2.3179152639040694	85.1023
GCA_011048835.1	GCA_016841665.1	0.85-0.9	86.2347	88.5804	87.9624459379878	-0.04714922346374806	88.5804
GCF_000328685.1	GCA_003559215.1	0.85-0.9	87.5196	89.2408	89.01712623384634	-0.22716879619747488	89.2408
GCA_012910725.1	GCA_905067535.1	0.85-0.9	91.3568	94.3196	94.28819076408475	0.35469670448873103	94.3196
GCF_014647115.1	GCF_014647155.1	0.85-0.9	89.9886	89.9739	90.19650544513974	1.5106958023716288	89.9739
GCF_000336615.1	GCF_001280425.1	0.85-0.9	89.3664	89.2247	88.78812273340525	0.4083671061198402	89.2247
GCA_016926455.1	GCA_016935475.1	0.85-0.9	87.6326	93.3022	93.40008286706913	0.4259305877713615	93.3022
GCA_015520115.1	GCF_000025505.1	0.85-0.9	86.7118	90.6718	90.53085109106893	1.2849850447466338	90.6718
GCF_013415885.1	GCF_000337455.1	0.85-0.9	89.3622	91.5613	90.69322907715028	0.8526188879377514	91.5613
GCF_016065055.1	GCF_000337455.1	0.85-0.9	89.3158	88.9714	89.70116394049855	1.7363194770023256	88.9714
GCA_905067555.1	GCA_012910725.1	0.85-0.9	91.2831	94.6063	94.59689608594141	0.4734504930683556	94.6063
GCF_002487355.1	GCA_905339155.1	0.85-0.9	89.26	94.7215	94.74457901453421	12.00615075455812	94.74457901453421
GCA_003022745.1	GCA_018609945.1	0.85-0.9	87.5665	93.3092	93.30768864249073	0.21971702922871827	93.3092
GCF_003781945.1	GCF_001261915.1	0.85-0.9	88.1927	90.6376	91.00275358710599	0.4224386792536734	90.6376
GCF_000711215.1	GCA_017553245.1	0.85-0.9	88.221	92.8249	92.65355609756475	1.802107220280277	92.8249
GCF_007004735.1	GCF_002906575.1	0.85-0.9	86.9653	86.7056	87.6177271794451	2.040058297284304	86.7056
GCA_012511245.1	GCF_001017125.1	0.85-0.9	86.7546	90.7527	90.40420696472013	0.11628692826889164	90.7527
GCA_007128515.1	GCA_007129135.1	0.85-0.9	88.9297	95.3684	95.13602626144107	1.2604280641809282	95.3684
GCA_016841625.1	GCA_016841265.1	0.85-0.9	89.0817	90.5663	89.15266001816602	1.2487078212079723	90.5663
GCF_000970045.1	GCA_016841625.1	0.85-0.9	88.8338	90.0596	88.92430667939016	1.0701150519143994	90.0596
GCA_001896715.1	GCA_019136335.1	0.85-0.9	89.4453	93.4397	93.26687939015929	1.6471079378009108	93.4397
GCA_018609665.1	GCA_003020965.1	0.85-0.9	90.3003	94.2392	93.88653526042067	0.405362368765509	94.2392
GCF_001469955.1	GCF_003439925.1	0.85-0.9	87.4469	88.6923	83.62751767269405	2.2010865298079807	88.6923
GCF_900110215.1	GCF_004118325.1	0.85-0.9	89.1657	88.7071	89.50756034725566	2.4245014496364092	88.7071
GCF_000328685.1	GCF_000337695.1	0.85-0.9	88.5565	87.6649	88.08531905902258	1.11767531622354	87.6649
GCA_013329455.1	GCA_002502785.1	0.85-0.9	86.9179	92.4728	92.49788213930785	0.5702161129856336	92.4728
GCF_017874335.1	GCF_014647115.1	0.85-0.9	88.7757	88.9462	90.16066886011527	1.9180135283040727	88.9462
GCF_004681185.1	GCF_010119205.1	0.85-0.9	89.6362	90.033	90.28679136959276	1.8562706005959626	90.033
GCA_003336485.1	GCA_013139985.1	0.85-0.9	91.1037	94.511	94.49725683348258	0.6395188703899066	94.511
GCF_014647155.1	GCF_017874335.1	0.85-0.9	88.288	90.2692	90.1026364669205	0.621167262756444	90.2692
GCF_004799685.1	GCF_000739575.1	0.85-0.9	87.2565	89.8431	81.68288988313157	1.3130861327904313	89.8431
GCF_900116205.1	GCF_000517625.1	0.85-0.9	88.4509	88.4988	88.16355600196002	0.8526538835340034	88.4988
GCA_001602645.1	GCF_000235565.1	0.85-0.9	89.3699	90.723	91.14043100836759	3.7321458778869783	90.723
GCF_002025255.2	GCF_000739555.1	0.85-0.9	87.5824	86.8032	88.32083089204103	3.7314502591452765	86.8032
GCA_015661395.1	GCA_003158275.1	0.85-0.9	89.8954	93.6628	92.12528238064039	0.327524523318516	93.6628
GCF_002844335.1	GCF_000337775.1	0.85-0.9	89.3703	89.4279	89.64070415282865	0.8407038215518696	89.4279
GCA_003552765.1	GCA_007118235.1	0.85-0.9	89.0601	95.2705	95.20259325377513	0.46733941473826235	95.2705
GCA_011338105.1	GCA_000493945.1	0.85-0.9	90.3322	93.2925	92.98551399182207	4.766386379331834	93.2925
GCA_003230355.1	GCA_002923215.1	0.85-0.9	86.9848	95.4647	95.45963584992865	0.03853114946170422	95.4647
GCA_015521945.1	GCA_013152995.1	0.85-0.9	84.6433	93.1188	93.12473796219291	0.43168530355377754	93.1188
GCA_016187745.1	GCA_018304445.1	0.85-0.9	88.4013	93.1405	92.67976374100344	0.08518976953394031	93.1405
GCA_009837395.1	GCA_012270975.1	0.85-0.9	87.4306	88.1209	87.19719729092672	2.481865011061018	88.1209
GCA_012270975.1	GCA_009841265.1	0.85-0.9	87.5452	88.2992	86.85275696143212	3.1110558992877486	88.2992
GCA_903847545.1	GCA_903859215.1	0.85-0.9	87.8427	93.6236	93.61421465897762	2.0754941247942043	93.6236
GCA_002691365.1	GCA_002707905.1	0.85-0.9	86.1754	91.2689	90.34302076707894	0.760627962089103	91.2689
GCA_012964825.1	GCA_004124465.1	0.85-0.9	87.9248	92.3851	90.05982408739497	0.7949257504202478	92.3851
GCA_003644575.1	GCA_001509335.1	0.85-0.9	85.4182	90.5356	90.524792747626	0.15589400531168707	90.5356
GCA_902525615.1	GCA_902624275.1	0.85-0.9	89.5392	90.218	90.79668040219613	2.8774701422183853	90.218
GCA_002256485.1	GCA_002436185.1	0.85-0.9	87.7722	91.1859	90.59056181860034	0.8570704464044638	91.1859
GCA_902581045.1	GCA_002713455.1	0.85-0.9	86.2927	96.9695	96.52828303556798	0.7080837316538577	96.9695
GCA_002471865.1	GCA_002402135.1	0.85-0.9	85.2649	93.9184	93.7525085973043	0.34585857246106855	93.9184
GCF_003264935.1	GCA_012840175.1	0.85-0.9	88.1394	88.8576	85.23813916649603	0.8012738010075964	88.8576
GCA_003158115.1	GCA_003151535.1	0.85-0.9	89.6334	93.439	93.4417176699245	1.2055564043243976	93.439
GCA_012840175.1	GCA_001507955.1	0.85-0.9	88.7234	92.5302	91.82721219229258	4.159598533457938	92.5302
GCA_013330915.1	GCA_016282985.1	0.85-0.9	85.6195	89.5956	87.3837009049244	2.3338112854739492	89.5956
GCF_000145295.1	GCF_000828575.1	0.85-0.9	90.3239	90.174	92.45585260854669	1.693456580895372	90.174
GCA_012838205.1	GCA_002496805.1	0.85-0.9	89.6539	91.9677	90.51368818365503	0.1560477903976789	91.9677
GCA_003151535.1	GCA_003164415.1	0.85-0.9	88.2681	94.125	94.12720716315702	0.25430304395371195	94.125
GCA_016217785.1	GCA_000309865.1	0.85-0.9	88.6472	89.9952	88.46694632286338	1.5366000408964737	89.9952
GCA_015661555.1	GCA_015662355.1	0.85-0.9	85.2686	92.0	91.97093549795127	0.06106141200096715	92.0
GCA_015661585.1	GCF_003351865.1	0.85-0.9	88.0277	99.537	99.53628178258309	0.0034611068846572834	99.537
GCF_001484685.1	GCF_000430485.1	0.85-0.9	87.0217	88.3699	89.30685866728986	8.030068855350919	89.30685866728986
GCF_000151105.2	GCA_017656495.1	0.85-0.9	87.1607	87.7235	87.21180797292243	-0.1706277677972139	87.7235
GCF_012027325.1	GCF_000517445.1	0.85-0.9	90.0894	89.0433	89.12826040485297	0.7757200519517937	89.0433
GCA_017656495.1	GCF_000517445.1	0.85-0.9	89.3504	89.8406	87.07177009913735	2.399159475610759	89.8406
GCA_003221695.1	GCA_001914535.1	0.85-0.9	87.3751	91.286	90.85210145618143	0.004408806043102231	91.286
GCA_003220315.1	GCA_003220675.1	0.85-0.9	88.4759	92.3568	92.17427117863551	0.29442630477751663	92.3568
GCA_003221695.1	GCA_003220675.1	0.85-0.9	88.1124	91.8034	91.30769789200659	-0.07207433658277296	91.8034
GCA_016177555.1	GCA_016188005.1	0.85-0.9	89.0677	96.3199	96.82677457072167	17.59363303418263	96.82677457072167
GCA_001788395.1	GCA_016188005.1	0.85-0.9	87.5048	92.0408	92.00704913266833	1.5292453464867322	92.0408
GCA_003220335.1	GCA_003220225.1	0.85-0.9	89.4938	93.2743	93.3059918025002	13.107447344831598	93.3059918025002
GCA_001788415.1	GCA_016177555.1	0.85-0.9	88.5967	94.5461	94.34927223189224	2.502796334736331	94.5461
GCA_003220495.1	GCA_003220685.1	0.85-0.9	89.7878	91.4343	90.7739871087118	-0.46797163769588224	91.4343
GCA_001914535.1	GCA_003220675.1	0.85-0.9	88.3542	92.505	92.35868809803802	2.4204047166035707	92.505
GCA_001917585.1	GCA_003220615.1	0.85-0.9	88.3499	91.4549	91.31810769991942	0.3871102485973097	91.4549
GCA_001443385.1	GCA_016179965.1	0.85-0.9	87.3918	91.7865	91.3324276629074	0.7529577060508927	91.7865
GCA_001790315.1	GCA_001788495.1	0.85-0.9	87.7602	92.2988	91.88262294362096	0.2641929185124354	92.2988
GCA_003220315.1	GCA_001914535.1	0.85-0.9	87.5198	91.7736	91.60930350048821	0.2974527309615951	91.7736
GCA_000091165.1	GCA_002634395.1	0.85-0.9	87.6904	89.8049	87.15474112244567	0.7575133470043056	89.8049
GCA_903920925.1	GCA_013425455.1	0.85-0.9	86.3859	92.344	91.95568282148479	1.3928280739962702	92.344
GCF_003611695.1	GCF_003611735.1	0.85-0.9	88.5437	92.3111	92.52748459104036	6.384565897737048	92.52748459104036
GCF_016859125.1	GCF_000733295.1	0.85-0.9	87.8064	90.7454	91.0974148474433	6.538933838415687	91.0974148474433
GCF_000737335.2	GCF_002994635.1	0.85-0.9	87.5936	90.262	88.06427282200079	1.042892054636468	90.262
GCF_004005565.1	GCA_007997005.1	0.85-0.9	88.2704	88.4852	88.1981326038457	1.5046404225759034	88.4852
GCF_000418325.1	GCF_002950945.1	0.85-0.9	88.5637	89.6197	88.36621553612831	4.355337717497605	89.6197
GCF_000165485.1	GCF_900111745.1	0.85-0.9	88.2855	89.37	89.57930369852033	2.07301796975662	89.37
GCA_903874275.1	GCA_903904005.1	0.85-0.9	86.793	91.0795	91.15245589835777	1.4999333220339395	91.0795
GCF_016859125.1	GCF_001027285.1	0.85-0.9	87.9184	88.331	89.01895577004038	4.0994966666039545	88.331
GCF_002950945.1	GCF_004135735.1	0.85-0.9	88.3795	89.4078	88.90725284293255	-0.3731346507338458	89.4078
GCF_000255295.1	GCF_003611635.1	0.85-0.9	88.0062	91.5935	91.91896808115041	8.849648458508454	91.91896808115041
GCF_000733295.1	GCF_016887565.1	0.85-0.9	87.3978	89.2161	89.8785739080462	4.957285455062447	89.2161
GCA_009781495.1	GCA_009786315.1	0.85-0.9	85.1012	88.4826	88.25015987688177	3.38240666762988	88.4826
GCA_903912275.1	GCA_013205435.1	0.85-0.9	88.6491	93.2967	93.24473686439795	1.6441190951854878	93.2967
GCA_003157315.1	GCA_003153015.1	0.85-0.9	88.2177	92.914	92.71370079142574	2.554669397116413	92.914
GCF_004005565.1	GCA_007997015.1	0.85-0.9	87.4503	86.2985	85.39890880353532	5.928267453018634	85.39890880353532
GCF_000067165.1	GCF_004135735.1	0.85-0.9	88.178	89.059	87.94428110909858	0.5283490969595732	89.059
GCA_016717005.1	GCA_016794525.1	0.85-0.9	86.5928	89.1122	89.3193280907305	0.01856836625120195	89.1122
GCF_003611675.1	GCF_009909145.1	0.85-0.9	88.8749	92.4388	92.66873889070403	9.53131512982145	92.66873889070403
GCF_013372585.1	GCF_010894435.1	0.85-0.9	86.1791	89.3223	89.89582264289776	7.002786591418044	89.89582264289776
GCA_005879505.1	GCA_001918155.1	0.85-0.9	90.7108	93.7499	93.67525382749177	-0.3908053634377211	93.7499
GCF_016904885.1	GCF_002305855.1	0.85-0.9	87.8086	88.4809	89.13423804237121	4.686877223568445	88.4809
GCF_002950945.1	GCF_000067165.1	0.85-0.9	88.1069	89.5742	88.7030400302141	-0.784644850409677	89.5742
GCF_000165485.1	GCF_900109545.1	0.85-0.9	88.2794	89.4366	89.80083879956612	3.62532512062171	89.4366
GCA_903855945.1	GCA_903904005.1	0.85-0.9	86.0512	89.1384	90.27718366921445	6.699640041692419	90.27718366921445
GCA_018901315.1	GCA_017609385.1	0.85-0.9	86.4153	93.1418	92.58718419606822	0.6431196817896137	93.1418
GCA_007133845.1	GCA_003563585.1	0.85-0.9	87.5655	94.749	94.82705299233862	0.08687052019072183	94.749
GCA_016205905.1	GCA_018303325.1	0.85-0.9	88.5155	90.5105	88.1916145223038	0.18844125606591433	90.5105
GCA_018819345.1	GCA_018901315.1	0.85-0.9	87.5016	95.6635	95.62280601220463	0.03544288693723274	95.6635
GCA_016784245.1	GCA_018692925.1	0.85-0.9	88.3493	92.0298	91.97989092918873	0.2720747961149357	92.0298
GCA_003009815.1	GCA_003009795.1	0.85-0.9	89.9097	92.885	92.91332388158008	0.20421648851402097	92.885
GCA_016234205.1	GCA_001805005.1	0.85-0.9	88.7686	97.8668	96.69847608693343	0.16832157867636965	97.8668
GCA_003489165.1	GCA_016194325.1	0.85-0.9	88.238	93.836	92.97605387910417	0.2839578883183833	93.836
GCA_016234205.1	GCA_003489165.1	0.85-0.9	88.5123	93.3318	93.3678326701044	0.15001755673421258	93.3318
GCA_016212185.1	GCA_016207865.1	0.85-0.9	90.8658	94.8778	94.70379456521842	3.8265475835210054	94.8778
GCA_001805105.1	GCA_003535475.1	0.85-0.9	89.5856	94.4219	94.39608473931504	0.44967616431438273	94.4219
GCA_016195565.1	GCA_001871685.1	0.85-0.9	88.071	92.4886	92.53848588411775	1.6285349496494064	92.4886
GCA_002083555.1	GCF_900403705.1	0.85-0.9	87.3725	87.6844	84.30209628975301	4.1739802595411675	87.6844
GCA_003523945.1	GCA_013817135.1	0.85-0.9	87.0029	93.8443	93.82470013244219	0.42065216367700486	93.8443
GCA_003599795.1	GCA_016195565.1	0.85-0.9	87.5492	91.4177	91.29807916728353	0.3329029624088662	91.4177
GCA_016873495.1	GCA_004296885.1	0.85-0.9	89.3398	91.1314	89.26078673030244	0.861900592269194	91.1314
GCA_015491705.1	GCA_013152795.1	0.85-0.9	88.5297	93.9841	93.9903253202968	0.8773556568898471	93.9841
GCA_001803635.1	GCA_016212685.1	0.85-0.9	88.7119	94.5523	94.47379367705146	0.12900033112327947	94.5523
GCA_016873525.1	GCA_004296865.1	0.85-0.9	86.2949	93.3711	93.33098691382082	0.08129323138786049	93.3711
GCA_013334545.1	GCA_017885365.1	0.85-0.9	88.3928	93.2738	93.25538492456822	0.5099684390468155	93.2738
GCA_005877505.1	GCA_005877615.1	0.85-0.9	89.1959	93.2129	92.78386608213238	0.12419985897304286	93.2129
GCA_005877855.1	GCA_005877505.1	0.85-0.9	88.2233	93.0166	92.94196181389577	0.21289903863589643	93.0166
GCA_009840285.1	GCA_009842645.1	0.85-0.9	89.6451	93.484	93.30118117004919	0.3333778447190525	93.484
GCA_005799365.1	GCA_016873495.1	0.85-0.9	89.6856	93.0091	92.7582000926256	0.12870862085583212	93.0091
GCA_005877565.1	GCA_005877505.1	0.85-0.9	89.4455	93.661	93.50905325491125	3.1071257834782955	93.661
GCA_002869855.2	GCA_002083555.1	0.85-0.9	89.2905	91.0194	87.16772440849007	5.721025877899592	87.16772440849007
GCA_005877855.1	GCA_005877615.1	0.85-0.9	89.2647	93.6119	93.59760321633249	1.395172877749701	93.6119
GCA_013140455.1	GCA_002083555.1	0.85-0.9	89.0661	90.4509	87.74625066664359	3.3288992690831947	90.4509
GCA_002897895.1	GCA_011040095.1	0.85-0.9	90.7982	94.7959	94.56100415552329	2.014808203173857	94.7959
GCA_018896985.1	GCA_016195565.1	0.85-0.9	91.0289	95.0331	95.02408258740303	0.3775307431052397	95.0331
GCA_003232715.1	GCA_013152195.1	0.85-0.9	89.0176	95.2801	95.27770470276838	0.27188829002784587	95.2801
GCA_018819285.1	GCA_003485765.1	0.85-0.9	89.7747	93.3168	89.74187278790394	3.372235166929613	93.3168
GCA_001805575.1	GCA_001805845.1	0.85-0.9	88.7208	93.9236	92.8029002566273	0.32084508539770695	93.9236
GCA_018817585.1	GCA_018817165.1	0.85-0.9	86.5167	89.8626	89.48718780713574	3.669336535331354	89.8626
GCA_903880655.1	GCA_903859365.1	0.85-0.9	87.6221	92.0647	92.45995627316685	1.020588380094182	92.0647
GCA_016214105.1	GCA_016207245.1	0.85-0.9	88.1419	93.4817	87.12666380815057	0.34489196645732534	93.4817
GCA_004322365.1	GCA_007378985.1	0.85-0.9	88.8324	88.3043	89.46838204589599	2.734608432681398	88.3043
GCA_001774455.1	GCA_002778715.1	0.85-0.9	87.7052	92.1424	91.91417800797673	0.1627800315125576	92.1424
GCA_002400405.1	GCA_002328565.1	0.85-0.9	87.593	94.2311	95.64257008595231	2.8854052330046898	94.2311
GCA_015256915.2	GCA_013333405.2	0.85-0.9	87.4898	91.2461	90.94452286167554	1.0669514710801735	91.2461
GCA_000991805.1	GCA_903906305.1	0.85-0.9	86.3994	99.4186	99.4178285117745	0.005126235638458709	99.4186
GCA_016185525.1	GCA_016181105.1	0.85-0.9	86.9554	90.6236	88.68222029250519	-0.04014059387299085	90.6236
GCA_016432405.1	GCA_001778495.1	0.85-0.9	87.3424	86.5362	79.75452009227922	3.481959066414788	86.5362
GCA_001783595.1	GCA_002782365.1	0.85-0.9	88.1182	91.9105	91.83116912394085	0.03599972456515843	91.9105
GCA_018818345.1	GCA_000991805.1	0.85-0.9	89.0919	95.5492	94.9129219989893	0.30479540134753336	95.5492
GCA_003260325.1	GCA_002761215.1	0.85-0.9	87.6826	88.624	90.7157475558737	0.543417786693567	88.624
GCA_016201685.1	GCA_016178535.1	0.85-0.9	88.4105	91.8688	87.86616386658004	0.8532574150042365	91.8688
GCA_018662325.1	GCA_002718715.1	0.85-0.9	88.4205	88.0796	81.6758903510155	3.6738235381729965	88.0796
GCA_003507445.1	GCA_000991245.1	0.85-0.9	89.9893	90.1632	90.7304981461576	0.8500389303155771	90.1632
GCA_002402755.1	GCA_002070955.1	0.85-0.9	86.5749	90.6404	90.35921929300343	0.12691979630108108	90.6404
GCF_900129635.1	GCF_000242455.2	0.85-0.9	87.5011	88.4159	83.86475554578602	0.3206459864486533	88.4159
GCA_013202635.1	GCA_014384025.1	0.85-0.9	88.3653	93.7132	93.67275628810555	2.4948234355374552	93.7132
GCA_012959525.1	GCA_002720975.1	0.85-0.9	88.4313	90.2186	90.24113452908561	1.8309235965225525	90.2186
GCA_016793195.1	GCA_013360695.1	0.85-0.9	86.9244	93.5695	93.42149793840757	2.5931334517706546	93.5695
GCA_016935635.1	GCA_002482415.1	0.85-0.9	89.0365	93.3458	93.20022288448003	1.448141911204857	93.3458
GCA_903951635.1	GCA_009691925.1	0.85-0.9	87.545	92.6185	90.94625827184959	0.46721875340017505	92.6185
GCA_002698965.1	GCA_002705165.1	0.85-0.9	88.6937	90.8625	90.79369654806597	1.9760207825315774	90.8625
GCA_002084585.1	GCA_003644215.1	0.85-0.9	87.7525	93.0356	94.20556117960636	0.7439898783321723	93.0356
GCA_015200345.1	GCA_007753915.1	0.85-0.9	86.8636	88.0046	85.42468664627407	3.844952316945637	88.0046
GCA_016719295.1	GCA_016793245.1	0.85-0.9	89.4123	91.4343	91.14303600317419	-1.0427773905103095	91.4343
GCA_007122045.1	GCA_003561895.1	0.85-0.9	90.2674	95.942	95.74276336996715	6.236497381918525	95.74276336996715
GCA_903892045.1	GCA_016872795.1	0.85-0.9	87.4866	91.5354	91.38583963731801	2.2812956368106825	91.5354
GCA_016709145.1	GCA_016795255.1	0.85-0.9	87.9321	92.601	91.60144516578647	2.952033809315253	92.601
GCA_014584315.1	GCA_900696545.1	0.85-0.9	86.2263	89.1714	89.08815396101326	2.037826323879017	89.1714
GCA_002295885.1	GCA_002591705.1	0.85-0.9	86.5563	85.8784	87.51575255392356	2.469945016931888	85.8784
GCA_001303465.1	GCA_016782865.1	0.85-0.9	86.9565	92.2163	92.18742992444402	0.9556660657044631	92.2163
GCA_002168105.2	GCA_004213555.1	0.85-0.9	87.2087	85.1028	86.13358754615628	15.992317580813506	86.13358754615628
GCF_001997385.1	GCF_002117005.1	0.85-0.9	86.0413	85.8343	84.42288720794184	0.06035742118001508	85.8343
GCA_009926625.1	GCA_005799495.1	0.85-0.9	87.2765	90.8187	86.71255387529185	12.328497957001673	86.71255387529185
GCA_016873115.1	GCA_016873375.1	0.85-0.9	87.7149	92.2357	92.5671746604722	18.354013834775287	92.5671746604722
GCA_003712165.1	GCA_009827205.1	0.85-0.9	89.0038	92.5716	92.37852932753718	9.177807828121331	92.37852932753718
GCF_007753095.1	GCF_007751715.1	0.85-0.9	90.4932	91.0251	89.45844650433554	0.5608547905467276	91.0251
GCA_002690755.1	GCA_009936695.1	0.85-0.9	87.419	93.298	93.29434463223937	2.0941855984278845	93.298
GCA_002303765.1	GCA_003671255.1	0.85-0.9	88.4288	92.8079	92.72320650683838	1.7767200598427735	92.8079
GCA_017454585.1	GCA_017447865.1	0.85-0.9	88.3777	91.0127	89.05522746673691	0.6811690222630205	91.0127
GCF_007753095.1	GCA_007741475.1	0.85-0.9	90.2769	91.28	88.93838763165809	2.5055395560084435	91.28
GCA_005798965.1	GCA_018970045.1	0.85-0.9	88.9059	93.243	93.19831465567295	4.426832353520695	93.243
GCA_905480285.1	GCA_016779205.1	0.85-0.9	86.9396	88.7089	89.73444842017848	12.789147399268586	89.73444842017848
GCA_017407125.1	GCA_017557195.1	0.85-0.9	90.3503	93.1689	92.56389177547507	0.49556261653833644	93.1689
GCA_017652805.1	GCA_902796885.1	0.85-0.9	86.1369	90.0248	88.3438431230889	0.49427467221494226	90.0248
GCA_017447745.1	GCA_902770245.1	0.85-0.9	88.8557	93.6434	93.33211383572255	0.037286626003606216	93.6434
GCA_017447745.1	GCA_017407125.1	0.85-0.9	90.4553	92.9433	91.08765519932459	0.5812511604576684	92.9433
GCA_009936695.1	GCA_002683215.1	0.85-0.9	87.1379	92.7506	92.7333334716993	1.0097794517355396	92.7506
GCA_017557195.1	GCA_017447745.1	0.85-0.9	89.6583	93.7703	93.65260446966272	0.6188522883330734	93.7703
GCA_007693845.1	GCA_007127615.1	0.85-0.9	88.8733	93.3776	93.36984563564397	2.1813106118793257	93.3776
GCA_903927725.1	GCA_016873115.1	0.85-0.9	86.7161	90.3333	89.99012639310267	-0.7653818928329201	90.3333
GCA_012271015.1	GCA_007571305.1	0.85-0.9	89.6893	92.3761	92.10653979212294	0.3371603465811859	92.3761
GCA_018644665.1	GCA_002687025.1	0.85-0.9	86.0733	91.7713	91.65835228796733	0.9556947231603772	91.7713
GCA_012963885.1	GCA_002697225.1	0.85-0.9	86.6758	90.1074	89.88890717899851	2.3346441665466955	90.1074
GCA_002697225.1	GCA_002709695.1	0.85-0.9	86.1794	89.6742	89.23868153145807	-0.05646042648186267	89.6742
GCA_003523085.1	GCA_018647765.1	0.85-0.9	87.8757	90.7756	90.51374746471102	4.534092698710992	90.7756
GCA_005791235.1	GCA_903828265.1	0.85-0.9	88.277	93.7974	93.5269635415972	0.20568385020192892	93.7974
GCF_019166065.1	GCF_002209565.1	0.85-0.9	88.7997	88.5941	85.60833295246933	2.6004378210600407	88.5941
GCF_010974825.1	GCF_000819785.1	0.85-0.9	88.9237	90.8876	90.67051786438178	-0.7099805345187633	90.8876
GCF_000243075.1	GCF_003049725.1	0.85-0.9	87.9796	89.5514	88.14017208782506	0.2853809399994134	89.5514
GCF_004377485.1	GCF_001982605.1	0.85-0.9	87.0197	89.4554	84.39354344221319	11.626849396853686	84.39354344221319
GCA_013416395.1	GCF_005239165.1	0.85-0.9	88.2788	86.1117	85.45416530373396	6.183779882903764	85.45416530373396
GCA_905339295.1	GCA_016704895.1	0.85-0.9	86.7539	88.2311	86.20346366039328	0.866134496704035	88.2311
GCA_018658635.1	GCF_002688585.1	0.85-0.9	86.2899	92.6004	92.61510440099218	0.19674075875296637	92.6004
GCF_002723975.1	GCF_000964465.1	0.85-0.9	87.3283	87.9416	88.74152351894176	13.946196527052962	88.74152351894176
GCF_003382565.2	GCF_002847345.1	0.85-0.9	89.8118	90.8033	90.69949968988762	9.164122513879192	90.69949968988762
GCF_003626975.1	GCF_002355475.1	0.85-0.9	86.4962	86.485	86.58917194039304	-0.3159979834981641	86.485
GCF_000067205.1	GCF_019218885.1	0.85-0.9	87.6306	89.5593	88.29726208111394	0.28297511891105387	89.5593
GCA_011046015.1	GCA_014762505.1	0.85-0.9	88.4694	91.623	91.67912490426812	0.6707424731011997	91.623
GCF_013116765.2	GCF_002812705.1	0.85-0.9	87.148	87.1454	86.28927911852425	6.564451522088348	86.28927911852425
GCF_013266695.1	GCF_009826895.1	0.85-0.9	86.7158	86.7267	83.60586341023325	2.9101015280557476	86.7267
GCA_903845215.1	GCA_903873585.1	0.85-0.9	85.904	88.0075	88.27014794262458	4.661248708016501	88.0075
GCF_009380215.1	GCF_009674495.1	0.85-0.9	86.5012	86.3618	85.3778414437504	0.568690137935846	86.3618
GCA_011525295.1	GCA_009841615.1	0.85-0.9	86.5299	87.0534	88.01823606897754	2.332361328263687	87.0534
GCA_002707605.1	GCF_004354915.1	0.85-0.9	87.6859	88.8193	88.13854177052254	-1.1626898268295918	88.8193
GCA_000513075.1	GCA_000513055.1	0.85-0.9	88.7876	96.0861	95.71977870858734	0.854096998247698	96.0861
GCA_902571315.1	GCA_902614225.1	0.85-0.9	86.7186	93.5576	92.58847093592874	1.7470387049721978	93.5576
GCF_008728855.1	GCF_008728835.1	0.85-0.9	86.6426	85.5652	82.81436371639006	2.5473336988070514	85.5652
GCF_014138285.1	GCA_900539805.1	0.85-0.9	87.1441	88.6927	85.69522665534306	6.168306733878126	85.69522665534306
GCF_000264765.2	GCF_000341505.1	0.85-0.9	86.2942	88.3979	86.5415745013262	18.505544536429625	86.5415745013262
GCA_002281415.1	GCA_903905475.1	0.85-0.9	90.1795	93.5402	93.4965197165915	5.342432972805909	93.4965197165915
GCA_017744315.1	GCF_018599195.1	0.85-0.9	86.2639	86.6731	86.93556493148982	2.0921698608926818	86.6731
GCA_002732845.1	GCA_002401565.1	0.85-0.9	86.9189	90.5422	86.49927122452812	1.007616161908345	90.5422
GCA_900470285.1	GCF_003314995.1	0.85-0.9	88.5609	87.1365	83.76472108133899	1.9199631775973103	87.1365
GCA_002690875.1	GCA_002689325.1	0.85-0.9	86.1339	90.0224	88.48643031751209	0.15855940390343903	90.0224
GCF_001026905.1	GCF_002118315.1	0.85-0.9	86.3313	88.5806	86.45726895848846	10.138820926450535	86.45726895848846
GCA_010021145.1	GCF_002688585.1	0.85-0.9	86.6073	99.9999	99.99999999209163	0.00039790630775923043	99.9999
GCA_017745195.1	GCF_010211765.1	0.85-0.9	87.6892	88.7446	86.82961650624662	1.2026965001368808	88.7446
GCF_018448905.1	GCF_018448935.1	0.85-0.9	87.506	89.6238	90.64648879153259	8.816718976231641	90.64648879153259
GCF_002940065.1	GCF_001908725.1	0.85-0.9	87.6228	89.126	88.96323717205462	-0.40854143550131994	89.126
GCF_005144475.1	GCF_003217355.1	0.85-0.9	89.2279	91.3968	89.91852661533002	1.6538093558192486	91.3968
GCA_003279705.1	GCA_902537725.1	0.85-0.9	86.0091	92.278	91.33428363270993	5.478628767542631	91.33428363270993
GCF_000759835.1	GCF_009363175.1	0.85-0.9	85.8811	88.2268	81.66952433398545	10.550912340298055	81.66952433398545
GCA_017744285.1	GCA_017744935.1	0.85-0.9	86.7278	90.1877	89.92302572161778	0.038452756494734786	90.1877
GCF_009827515.1	GCF_001028625.1	0.85-0.9	86.7224	87.35	86.29868758903886	-0.3399798608425044	87.35
GCA_017417215.1	GCA_017526725.1	0.85-0.9	86.9631	92.6704	93.10292082723535	1.6167347633443114	92.6704
GCA_900317935.1	GCA_017526725.1	0.85-0.9	87.7547	92.4801	92.69769475921952	2.2056720038706317	92.4801
GCA_002683655.1	GCA_003541985.1	0.85-0.9	88.0541	93.1948	93.21374496977258	2.0245307409696807	93.1948
GCA_011522845.1	GCA_003541985.1	0.85-0.9	87.7565	93.887	93.62331276001972	2.7235550962815296	93.887
GCA_002707655.1	GCA_002726945.1	0.85-0.9	89.0329	92.4071	92.7607937041986	5.911519298754001	92.7607937041986
GCA_002730365.1	GCA_000224765.2	0.85-0.9	87.8112	93.1218	92.92945387446814	0.47748786628699236	93.1218
GCA_017554185.1	GCA_902787125.1	0.85-0.9	86.1819	90.6465	89.8419391768444	2.191647786793851	90.6465
GCA_007693485.1	GCA_007130025.1	0.85-0.9	87.6725	91.9475	91.85298335623266	-0.18431313373321245	91.9475
GCA_002441395.1	GCA_002425765.1	0.85-0.9	86.8184	87.086	83.96460984633536	3.081217701794685	87.086
GCF_000412995.1	GCF_010365865.1	0.85-0.9	87.3229	92.9205	93.45323029974499	1.7759085793049962	92.9205
GCA_017642445.1	GCA_017446885.1	0.85-0.9	85.0989	86.9437	86.17431612867198	0.8895994105848786	86.9437
GCF_000316195.1	GCF_000223215.1	0.85-0.9	89.0061	90.9299	91.19864861863158	4.074745006716512	90.9299
GCA_002070605.1	GCA_017998755.1	0.85-0.9	86.4813	93.6907	93.35100748277019	1.3574126784620262	93.6907
GCA_001829395.1	GCA_013177895.1	0.85-0.9	89.9638	93.8018	93.78558743549394	0.6143373336399236	93.8018
GCF_000755145.1	GCF_000008185.1	0.85-0.9	89.7845	91.3727	90.33841971170331	0.8054255984820884	91.3727
GCA_017554185.1	GCA_017642445.1	0.85-0.9	86.5054	91.1958	90.07727856358592	2.043606249439108	91.1958
GCA_007128315.1	GCA_007694005.1	0.85-0.9	89.2949	91.4198	91.19450097045184	1.5012863037563875	91.4198
GCA_011328725.1	GCF_000219725.1	0.85-0.9	86.8844	94.6993	95.0548915508843	0.8743297290184273	94.6993
GCA_009782955.1	GCA_009782495.1	0.85-0.9	88.2896	92.2209	92.06473819308046	1.0641665197504153	92.2209
GCF_002379365.1	GCF_001746205.1	0.85-0.9	87.631	95.3446	93.25068569021293	1.4102468670912458	95.3446
GCA_018262985.1	GCA_016926955.1	0.85-0.9	88.0388	90.0077	88.3850094265594	0.6930908486519911	90.0077
GCA_003552985.1	GCA_003552665.1	0.85-0.9	89.4042	92.7799	92.61238689504611	4.710955276457753	92.7799
GCA_902787125.1	GCA_017535435.1	0.85-0.9	88.5449	91.8797	91.4057068146673	5.602207560878014	91.4057068146673
GCA_017537925.1	GCA_016288355.1	0.85-0.9	87.2154	92.0981	91.99247302395608	1.1685558248948382	92.0981
GCA_018716365.1	GCA_900545755.1	0.85-0.9	87.5134	92.8225	91.78069910425208	0.47944417465078004	92.8225
GCF_002159945.1	GCA_900544635.1	0.85-0.9	86.7338	92.4407	92.41728180201771	1.24845675321194	92.4407
GCA_018436595.1	GCA_016756745.1	0.85-0.9	88.0969	89.5505	89.34337136796422	1.9230828712452421	89.5505
GCA_002696315.1	GCA_002498205.1	0.85-0.9	85.8829	90.7531	90.39758855554167	0.5958035546895246	90.7531
GCA_001875425.1	GCA_002509225.1	0.85-0.9	88.763	91.581	91.060460333286	1.3510692903848849	91.581
GCA_002509405.1	GCA_002498365.1	0.85-0.9	88.4837	88.5986	89.83100811820854	4.273484915689551	88.5986
GCA_002713585.1	GCA_002497905.1	0.85-0.9	88.8799	90.6519	90.68297414802832	0.6996869358258664	90.6519
GCA_011620825.1	GCA_002505345.1	0.85-0.9	83.8333	90.5893	90.54041677484346	0.38648014621858806	90.5893
GCA_015520565.1	GCA_015523135.1	0.85-0.9	89.7913	95.1239	92.11990532502736	1.5979422470985583	95.1239
GCA_002502965.1	GCA_002506255.1	0.85-0.9	86.4313	92.0329	91.57071407126496	4.018542318310324	92.0329
GCA_015063185.1	GCA_017508065.1	0.85-0.9	87.202	89.6569	90.67432640442246	4.995955735621237	89.6569
GCA_013330765.1	GCA_013330925.1	0.85-0.9	85.4822	91.6864	91.67119892625676	0.4881079156040755	91.6864
GCA_002505325.1	GCA_014240285.1	0.85-0.9	86.01	91.4527	91.05417192190322	4.196919697223052	91.4527
GCA_002457605.1	GCA_002495735.1	0.85-0.9	89.9335	92.1137	92.09295995019635	2.3531140554516696	92.1137
GCA_002507175.1	GCA_002495675.1	0.85-0.9	89.9015	90.7745	88.22614805858522	0.9471973944778256	90.7745
GCA_002719395.1	GCA_002699425.1	0.85-0.9	86.8447	88.8489	88.631946911424	1.3434684432718313	88.8489
GCA_011334735.1	GCA_014361295.1	0.85-0.9	89.4189	91.8684	91.84309806169865	2.8212602019134465	91.8684
GCA_001800675.1	GCA_001800815.1	0.85-0.9	86.4525	89.86	90.0963319773037	1.3142550247684994	89.86
GCA_000484975.1	GCA_016784625.1	0.85-0.9	87.3256	91.5622	91.60048740740957	0.48416389160865947	91.5622
GCA_018396515.1	GCA_018396865.1	0.85-0.9	87.7625	93.0815	92.9215184288686	0.36860926402988525	93.0815
GCA_001316285.1	GCA_001316005.1	0.85-0.9	85.6289	88.0431	87.96201182473087	0.24627640622532	88.0431
GCA_003096255.1	GCA_016930555.1	0.85-0.9	86.4599	93.001	92.96479169335983	0.21217506797198382	93.001
GCF_900248165.1	GCA_013538675.1	0.85-0.9	86.7911	88.8008	86.12143473659438	0.44894286484327495	88.8008
GCA_011355205.1	GCA_018396915.1	0.85-0.9	88.5338	92.7026	92.6879842118364	0.6338407518977647	92.7026
GCA_016201435.1	GCA_005877305.1	0.85-0.9	86.5411	90.5465	90.524799299161	1.1479374837988416	90.5465
GCA_002506515.1	GCF_000018305.1	0.85-0.9	87.4733	90.3895	89.8000379621905	-0.06270912115235205	90.3895
GCA_002508315.1	GCA_001315925.1	0.85-0.9	88.0192	91.5318	91.51810387800433	0.8893644895340458	91.5318
GCA_005877365.1	GCA_005877185.1	0.85-0.9	90.2192	95.3387	95.23312072415577	0.209112630125162	95.3387
GCA_004347955.1	GCA_014361445.1	0.85-0.9	89.6017	92.6614	92.638124434364	1.4334993490025454	92.6614
GCA_003724275.1	GCA_007570915.1	0.85-0.9	88.9533	94.2413	94.07434284450426	-0.08349512308620888	94.2413
GCA_013694585.1	GCA_009379865.1	0.85-0.9	89.383	95.514	95.54188778590287	0.27687802190695265	95.514
GCA_011362965.1	GCA_014361445.1	0.85-0.9	89.8036	93.5282	93.28175736660158	0.9588075189010397	93.5282
GCA_005877225.1	GCA_005877185.1	0.85-0.9	90.1808	93.3964	93.38321005046538	0.2564673399493813	93.3964
GCA_011375535.1	GCA_011373125.1	0.85-0.9	86.3484	93.3081	91.40580405008842	0.02753502119345086	93.3081
GCF_000015945.1	GCF_000092465.1	0.85-0.9	88.7015	89.2415	88.28660295932778	-0.15154503353255677	89.2415
GCF_009601705.1	GCF_019175345.1	0.85-0.9	89.4086	90.4482	90.09359434260628	-0.22792866528834566	90.4482
GCA_013154355.1	GCA_013153895.1	0.85-0.9	85.9405	90.7977	90.55807816400684	0.22146116775710567	90.7977
GCA_001918765.1	GCA_005881615.1	0.85-0.9	86.7846	92.0785	91.23352916895564	0.18832257678161568	92.0785
GCA_005881615.1	GCA_005884195.1	0.85-0.9	88.4408	92.0823	91.7637228769415	4.910379314635975	92.0823
GCA_011338225.1	GCA_018396815.1	0.85-0.9	85.9121	89.2084	89.26096820765757	1.5897976553763442	89.2084
GCA_016871975.1	GCA_016176745.1	0.85-0.9	88.0889	93.8442	93.29405821476759	0.7500467155855546	93.8442
GCA_018397055.1	GCA_018397065.1	0.85-0.9	88.0803	92.3956	92.22450591187314	1.1347284365178893	92.3956
GCA_011055275.1	GCA_002507085.1	0.85-0.9	85.9426	91.1583	91.1517714945313	0.23560863653392516	91.1583
GCA_011375845.1	GCA_011337925.1	0.85-0.9	87.568	96.2562	96.24435308986905	0.08811664333114777	96.2562
GCA_011355205.1	GCA_018396565.1	0.85-0.9	88.682	93.0063	92.98964082452311	0.6901397589315366	93.0063
GCA_004297665.1	GCA_003569705.1	0.85-0.9	90.3208	94.98	94.99616473238407	0.09852745451566136	94.98
GCA_009379865.1	GCF_007826885.1	0.85-0.9	88.6807	95.3967	95.35589762576578	0.1641388084707387	95.3967
GCF_011057715.1	GCF_016908145.1	0.85-0.9	87.0035	91.1846	91.53840913997293	0.28065699667587296	91.1846
GCA_015489955.1	GCF_000745455.1	0.85-0.9	89.6588	96.0341	95.87734031097277	0.07807209359009448	96.0341
GCA_002878315.1	GCF_009936215.1	0.85-0.9	86.6275	89.3191	88.94452054877746	3.2858390722929016	89.3191
GCA_017616555.1	GCA_017539325.1	0.85-0.9	86.461	90.4425	87.0933432293058	2.412531247993911	90.4425
GCA_017649705.1	GCA_017650925.1	0.85-0.9	88.3514	90.3068	87.19947969905355	0.9310420472838814	90.3068
GCA_017538635.1	GCA_017554565.1	0.85-0.9	87.6608	95.391	95.64478177664665	2.179998259250624	95.391
GCA_011773355.1	GCA_009619095.1	0.85-0.9	87.0843	90.2179	90.20858190767754	0.3907283939801687	90.2179
GCA_009839615.1	GCA_002238965.1	0.85-0.9	88.4383	91.4553	88.66057209660205	2.8870377777302565	91.4553
GCA_016192135.1	GCA_001790955.1	0.85-0.9	86.4167	90.7674	90.75702576811278	1.6940720741918085	90.7674
GCA_016184445.1	GCA_016192135.1	0.85-0.9	86.4549	93.8412	93.81827070279269	0.25780137309550355	93.8412
GCA_002310995.1	GCA_017645765.1	0.85-0.9	87.9049	91.173	90.70923887767923	1.9266184265256925	91.173
GCA_002716355.1	GCA_002501535.1	0.85-0.9	86.962	89.408	89.29156715826763	0.5744411791019957	89.408
GCA_002687935.1	GCA_014189675.1	0.85-0.9	85.5758	90.0237	89.9107254716802	0.41620352479708345	90.0237
GCA_002687935.1	GCA_002495465.1	0.85-0.9	85.3025	88.5497	86.56092409038627	0.8163339159732459	88.5497
GCA_015660155.1	GCA_014382585.1	0.85-0.9	86.1158	92.4285	92.4724801930631	1.9348180736681115	92.4285
GCA_018695085.1	GCA_905612515.1	0.85-0.9	88.87	94.5092	94.24223514579914	0.528698267372647	94.5092
GCA_002730975.1	GCA_018695085.1	0.85-0.9	87.9968	94.9097	94.725759356527	2.2451967539259385	94.9097
GCA_003445855.1	GCA_003219195.1	0.85-0.9	89.4304	93.1816	92.95678686577918	0.5365310051183769	93.1816
GCA_900320095.1	GCA_017963105.1	0.85-0.9	89.5713	93.2316	90.9031230532506	2.9089777251383566	93.2316
GCA_902802585.1	GCA_016285335.1	0.85-0.9	87.7293	93.002	91.82426557854744	0.7333835089470995	93.002
GCA_902802585.1	GCA_902762495.1	0.85-0.9	89.5795	92.7688	90.58488971963881	2.387026640069962	92.7688
GCA_014382585.1	GCA_014239365.1	0.85-0.9	89.1942	90.0294	85.31058818462806	6.699850472596154	85.31058818462806
GCA_003567805.1	GCA_007129405.1	0.85-0.9	87.8637	91.3433	92.4301665820964	3.511171241579291	91.3433
GCA_002708005.1	GCA_002684915.1	0.85-0.9	86.0456	89.2439	89.72288323746615	1.5697029703447924	89.2439
GCA_005791875.1	GCA_009695395.1	0.85-0.9	88.2706	94.5296	94.58664461826069	8.105349862445337	94.58664461826069
GCA_017543165.1	GCA_017450525.1	0.85-0.9	88.8856	94.8098	94.65176041111688	3.8506193128282575	94.8098
GCA_903929325.1	GCA_903957465.1	0.85-0.9	88.1838	94.2517	93.99682035683746	5.155665809629909	93.99682035683746
GCA_002070945.1	GCA_012799905.1	0.85-0.9	90.3831	93.6293	93.50846711636007	2.6942017021692664	93.6293
GCF_902143375.2	GCF_000379365.1	0.85-0.9	88.3908	90.5799	90.88489833882538	4.793909926824199	90.5799
GCA_017417585.1	GCA_017525435.1	0.85-0.9	90.0892	94.7799	94.85326934387186	1.6269371404896447	94.7799
GCA_014239335.1	GCA_013213965.1	0.85-0.9	87.4787	93.0595	92.62836305665138	0.5083384046718038	93.0595
GCA_012800565.1	GCA_012515455.1	0.85-0.9	88.9892	93.1781	93.17832606621675	4.540216607509592	93.1781
GCA_017629515.1	GCA_017504325.1	0.85-0.9	86.1535	93.7758	93.58988013801073	0.6563147419916788	93.7758
GCA_003134375.1	GCA_003161635.1	0.85-0.9	89.0287	92.6806	92.0148953452567	0.19861496042585713	92.6806
GCA_015061915.1	GCA_017623265.1	0.85-0.9	89.6457	93.86	93.82821299218101	1.7194419323845977	93.86
GCA_007134215.1	GCA_007123395.1	0.85-0.9	86.5802	93.1149	92.91541602388637	3.1749971436995565	93.1149
GCF_001613545.1	GCA_017305195.1	0.85-0.9	87.9568	89.5904	89.25040547297844	4.7476697911843075	89.5904
GCA_017479315.1	GCA_016286235.1	0.85-0.9	88.3851	92.7384	92.36269150009745	1.902314199965872	92.7384
GCA_900547395.1	GCA_017629765.1	0.85-0.9	88.3866	91.8543	91.78554031306373	3.100141022516709	91.8543
GCA_017613085.1	GCA_017962315.1	0.85-0.9	87.5836	92.9281	92.90914373410352	1.536725696641497	92.9281
GCF_000172155.1	GCA_000739635.1	0.85-0.9	89.9654	91.5869	91.16508399726358	-1.6228294224456477	91.5869
GCA_017615955.1	GCA_017543165.1	0.85-0.9	88.6007	94.0207	94.0419919777712	3.541564592342411	94.0207
GCA_018402585.1	GCA_903934135.1	0.85-0.9	87.8406	90.2323	86.06917472411699	2.267119294368058	90.2323
GCA_002387565.1	GCA_002386905.1	0.85-0.9	86.0281	88.7657	89.8559704460544	0.9727050923709157	88.7657
GCA_903869675.1	GCA_010027235.1	0.85-0.9	86.5606	90.5265	89.37387636234749	3.0080200258730656	90.5265
GCA_903896925.1	GCA_903912445.1	0.85-0.9	88.2679	91.4702	90.72983560876838	7.254949262611262	90.72983560876838
GCA_902591645.1	GCA_014239335.1	0.85-0.9	88.8751	93.5242	93.25949800149385	3.7020053041321717	93.5242
GCA_903840235.1	GCA_903859115.1	0.85-0.9	87.3755	93.7606	93.28954605639753	1.6028398750695771	93.7606
GCA_011523245.1	GCA_003517285.1	0.85-0.9	88.2304	94.6943	94.82075097367144	0.43557253592712186	94.6943
GCA_003219995.1	GCA_003219195.1	0.85-0.9	88.8582	92.5403	92.50539083087727	0.9262331990630628	92.5403
GCA_019233825.1	GCA_019236035.1	0.85-0.9	88.9482	92.6977	92.63012845633241	0.42547514735952063	92.6977
GCA_019239825.1	GCA_019237325.1	0.85-0.9	88.5999	92.2286	92.2247514502745	4.653139032622221	92.2286
GCA_014239365.1	GCA_015660155.1	0.85-0.9	87.6424	92.8902	92.74874402093391	0.851029439346803	92.8902
GCA_017525435.1	GCA_017617415.1	0.85-0.9	88.2027	92.7846	92.03754554861389	0.03639366212519235	92.7846
GCA_001508335.1	GCA_002441125.1	0.85-0.9	87.887	89.8764	89.50575167185882	7.4974266526828615	89.50575167185882
GCA_903903945.1	GCA_903930455.1	0.85-0.9	89.9051	92.6298	92.70679296110349	7.790291081177202	92.70679296110349
GCA_011056555.1	GCA_011777135.1	0.85-0.9	84.7235	90.3531	90.1754700541028	0.2139068922598426	90.3531
GCA_002714165.1	GCA_002717745.1	0.9-0.95	90.3415	91.662	91.81870524305289	0.5231475718615002	91.662
GCA_002730735.1	GCA_002717745.1	0.9-0.95	90.9471	91.0604	89.63861665017227	5.410049782612077	89.63861665017227
GCA_013361705.1	GCF_008000815.1	0.9-0.95	90.88	92.7182	92.68109777640194	3.8441502060595667	92.7182
GCA_011053475.1	GCA_011333465.1	0.9-0.95	91.6091	92.0334	88.75122500875625	5.700381622187706	88.75122500875625
GCA_001766965.1	GCA_011055645.1	0.9-0.95	92.6349	96.0067	96.02514933509838	3.150207882933728	96.0067
GCA_002730735.1	GCA_002714165.1	0.9-0.95	94.8273	94.6123	92.77747626042323	3.5010740181505753	94.6123
GCA_016934555.1	GCA_012729555.1	0.9-0.95	93.2149	94.7433	94.56347224286527	0.20574234232117306	94.7433
GCA_012517875.1	GCA_017996395.1	0.9-0.95	92.1495	93.89	93.38859017016911	0.34775016105959367	93.89
GCA_002923315.1	GCA_002898775.1	0.9-0.95	91.4956	93.9686	93.6787092670739	-0.04213507662734628	93.9686
GCA_017304135.1	GCA_016713735.1	0.9-0.95	91.7149	93.324	92.92257640821515	0.35653497395833256	93.324
GCA_002714165.1	GCA_002720285.1	0.9-0.95	95.0659	93.6528	93.10108894726208	0.018816845416495198	93.6528
GCA_003162425.1	GCA_003166875.1	0.9-0.95	93.6015	94.7455	94.27756037482713	2.4918130557889526	94.7455
GCA_011333575.1	GCF_000022565.1	0.9-0.95	91.4962	93.1713	90.95518072989948	6.637641206534681	90.95518072989948
GCA_002696705.1	GCA_003509065.1	0.9-0.95	95.1301	97.3837	97.39541889076193	0.6741046976192138	97.3837
GCA_009836625.1	GCA_009843505.1	0.9-0.95	92.107	93.5229	92.80651357709797	0.740036445477017	93.5229
GCF_014203225.1	GCF_000178955.2	0.9-0.95	94.0149	94.4687	93.2667384206685	3.358363446943258	94.4687
GCA_009841225.1	GCA_009838515.1	0.9-0.95	93.2239	93.901	93.71570083436815	0.2025891866760503	93.901
GCA_002730525.1	GCA_002328835.1	0.9-0.95	90.6887	91.2522	92.19612021689522	25.610620988964	92.19612021689522
GCA_009861545.1	GCA_011523485.1	0.9-0.95	94.619	96.9204	96.88012561770682	-0.06572675553798035	96.9204
GCF_001570525.1	GCF_001570585.1	0.9-0.95	94.4958	95.5334	93.37764882331761	19.043254248361336	93.37764882331761
GCA_013816105.1	GCA_013817655.1	0.9-0.95	93.3648	96.2431	96.25817488616497	1.1826074191778844	96.2431
GCF_001984125.1	GCF_900167575.1	0.9-0.95	92.5735	93.9427	93.0452477425973	1.1230118145031156	93.9427
GCF_000718085.1	GCF_003667575.1	0.9-0.95	92.8301	93.2881	93.20645890538196	1.346175159280392	93.2881
GCA_003553795.1	GCA_007133145.1	0.9-0.95	90.3755	94.0922	94.01361030448531	0.40067893781997554	94.0922
GCA_005787345.1	GCA_903827085.1	0.9-0.95	90.379	93.9375	93.81526069202383	4.024035435668338	93.9375
GCF_009695875.1	GCA_905214865.1	0.9-0.95	92.6341	92.9755	93.2010371643047	2.819332863389718	92.9755
GCF_014960965.1	GCF_009805705.1	0.9-0.95	92.9882	93.3913	93.20817641323708	0.1300989635346923	93.3913
GCA_002729215.1	GCA_002728915.1	0.9-0.95	91.2114	92.4516	90.3363700445296	2.0521887139284445	92.4516
GCF_000058485.1	GCF_000262465.1	0.9-0.95	90.9136	92.0918	91.80027869588969	0.29860649545662454	92.0918
GCF_000062885.1	GCF_018141105.1	0.9-0.95	94.4788	95.3545	94.46138744473215	10.08721807996335	94.46138744473215
GCF_013408535.1	GCF_013407855.1	0.9-0.95	90.4168	91.573	91.13110559641025	1.8780973023967817	91.573
GCF_900116515.1	GCF_900182545.1	0.9-0.95	91.3673	93.0579	91.60248760305133	5.913814938936412	91.60248760305133
GCF_001019615.1	GCF_009708005.2	0.9-0.95	91.5657	93.1478	91.813004450014	0.222303531383659	93.1478
GCA_902364645.1	GCF_003438495.1	0.9-0.95	93.2929	93.8622	93.8415230544223	0.3588774124527845	93.8622
GCA_014360685.1	GCA_011337865.1	0.9-0.95	92.346	95.8908	95.79554110916324	0.13203550074103987	95.8908
GCF_002240635.1	GCF_015351075.1	0.9-0.95	90.3242	91.6601	90.06599126808436	0.26978567958576605	91.6601
GCA_019218415.1	GCA_019218375.1	0.9-0.95	92.9102	93.9221	93.02561046669328	3.9644322508520418	93.9221
GCA_017413255.1	GCA_017632945.1	0.9-0.95	91.9115	91.5749	92.03487802068734	5.774365496414248	92.03487802068734
GCF_016907365.1	GCF_005937995.2	0.9-0.95	92.9392	94.2037	94.1551691714258	3.5748025299944857	94.2037
GCF_004217495.1	GCF_001425085.1	0.9-0.95	90.5808	92.1631	91.56490998103197	-0.7411277686005633	92.1631
GCF_002198655.1	GCA_016213575.1	0.9-0.95	94.3285	96.3743	95.94215658388474	1.28368969550138	96.3743
GCA_902783175.1	GCA_900758075.1	0.9-0.95	94.9662	96.9501	96.9313186600738	5.993482580269301	96.9313186600738
GCF_000422625.1	GCF_008831045.1	0.9-0.95	91.2262	89.33	91.45044749688323	3.9625322343626976	89.33
GCA_005884515.1	GCA_005883175.1	0.9-0.95	92.7854	95.3692	95.34809763881708	1.3465193926931533	95.3692
GCA_014190215.1	GCA_009694465.1	0.9-0.95	94.1294	95.6987	95.69119446100265	1.4233831844321685	95.6987
GCA_017856815.1	GCA_903925985.1	0.9-0.95	90.6332	94.1519	93.98996465686466	2.404659183858712	94.1519
GCF_014647795.1	GCF_017592555.1	0.9-0.95	94.2098	95.1446	94.73459755209718	8.392190803242556	94.73459755209718
GCF_011038975.1	GCF_013185065.1	0.9-0.95	94.0487	95.1031	94.91277920480412	5.02051762719384	94.91277920480412
GCA_009702245.1	GCA_002737595.1	0.9-0.95	92.5815	94.7731	94.59018502559103	0.24593642300351348	94.7731
GCF_009708215.1	GCF_902703175.1	0.9-0.95	94.0461	94.7394	94.45639822571347	6.110240630059707	94.45639822571347
GCF_009720385.1	GCF_011297335.1	0.9-0.95	90.4854	91.0805	87.10086951795073	16.56526893090995	87.10086951795073
GCA_900549745.1	GCF_015557435.1	0.9-0.95	92.6404	93.3008	93.35849733769145	0.222031735267592	93.3008
GCA_012927555.1	GCA_003132125.1	0.9-0.95	92.2491	95.1211	95.0923964745538	1.811024646704027	95.1211
GCA_902834555.1	GCA_900770865.1	0.9-0.95	91.6983	93.6289	93.59163769456009	0.059505560470825	93.6289
GCF_014205275.1	GCF_014200435.1	0.9-0.95	94.3906	95.6844	94.60566897642754	20.917063430384587	94.60566897642754
GCF_014775655.1	GCF_001280205.1	0.9-0.95	91.2781	92.988	91.3630667762327	1.5824725180846144	92.988
GCA_018894445.1	GCA_013202875.1	0.9-0.95	94.658	97.5639	97.30964230571541	1.8454415766768193	97.5639
GCF_002355395.1	GCF_004216855.1	0.9-0.95	93.9466	94.7364	93.73044186417864	1.9747566487531003	94.7364
GCF_013450155.1	GCF_900188115.1	0.9-0.95	93.7473	94.6437	94.30934360914152	4.392002100641548	94.6437
GCA_015523085.1	GCA_015522745.1	0.9-0.95	87.9502	96.2938	96.28495878742132	0.07667525312052703	96.2938
GCA_018304565.1	GCA_016184005.1	0.9-0.95	93.8083	94.8225	91.98111095109662	4.513186904051054	94.8225
GCA_000806115.1	GCA_018304605.1	0.9-0.95	93.6429	99.381	99.38176437550067	2.412044640475216	99.381
GCA_009618505.1	GCA_005223095.1	0.9-0.95	94.4254	97.2737	97.2501910061165	0.025593962916218516	97.2737
GCA_018771605.1	GCA_011054805.1	0.9-0.95	93.8382	94.1045	94.78856247500518	6.186103800951969	94.78856247500518
GCF_900182585.1	GCA_003978105.1	0.9-0.95	93.4806	94.0183	94.07229649402808	0.7393507266460801	94.0183
GCA_015491275.1	GCA_015487615.1	0.9-0.95	89.8723	94.3146	94.04698608080693	0.7663573473844281	94.3146
GCF_000213785.1	GCF_000020785.1	0.9-0.95	94.3039	95.0181	95.12661960429547	3.719628615646343	95.0181
GCF_000512735.1	GCA_011375435.1	0.9-0.95	94.1276	94.9039	94.9178379269428	1.6618296611809455	94.9039
GCA_002352215.1	GCA_002162095.1	0.9-0.95	92.5334	92.7302	89.57929562469594	7.937459729784678	89.57929562469594
GCA_012512265.1	GCA_012841485.1	0.9-0.95	91.9093	93.8147	94.48321861312577	53.373958645801395	94.48321861312577
GCA_903881535.1	GCA_903915615.1	0.9-0.95	89.4545	94.6561	94.45284609798729	1.3624176218968387	94.6561
GCA_005222975.1	GCA_019057795.1	0.9-0.95	93.9566	95.1934	94.96823942622505	0.3282566736834269	95.1934
GCA_019058165.1	GCA_013166835.1	0.9-0.95	90.4989	93.9907	93.91638334435433	0.637595709539255	93.9907
GCA_004524385.1	GCA_004524535.1	0.9-0.95	94.7126	97.2296	97.21871841540171	4.473210556728986	97.2296
GCA_019058015.1	GCA_019058135.1	0.9-0.95	94.2463	97.2074	96.83485104282231	0.18120543321583682	97.2074
GCA_018238375.1	GCA_019057475.1	0.9-0.95	92.0119	94.2069	94.11377851573238	0.8065864815425812	94.2069
GCA_004524385.1	GCA_019058295.1	0.9-0.95	92.6249	96.2901	96.28163497394416	0.2977621009491713	96.2901
GCA_019057385.1	GCA_016840515.1	0.9-0.95	90.6794	91.464	91.46124394761466	2.9316080987046007	91.464
GCA_000353875.1	GCA_011363075.1	0.9-0.95	91.8584	93.3903	93.3196028579329	0.8210539964115924	93.3903
GCA_003542295.1	GCF_015775515.1	0.9-0.95	91.8658	95.4202	95.23783498798855	2.705493217514231	95.4202
GCA_005799065.1	GCA_016868485.1	0.9-0.95	93.384	96.0112	95.86141964357628	1.0278345135939162	96.0112
GCF_002797735.1	GCF_900116565.1	0.9-0.95	90.3	90.5129	87.52972189024884	2.2047858472333246	90.5129
GCA_018652335.1	GCA_002683775.1	0.9-0.95	95.0831	96.3691	96.25475853817302	0.2802163574425549	96.3691
GCF_002023665.2	GCF_001675285.1	0.9-0.95	92.4476	92.2801	92.43636008112833	1.9953453170319335	92.2801
GCF_001592945.1	GCF_001593005.1	0.9-0.95	93.0628	93.4033	92.67278950125856	0.6996163050807809	93.4033
GCA_900539765.1	GCA_900548415.1	0.9-0.95	91.4214	94.6568	94.6535836235468	3.599251854337581	94.6568
GCA_016707205.1	GCA_016713275.1	0.9-0.95	90.0801	88.5549	85.8417854104988	22.586498376271265	85.8417854104988
GCF_002201795.1	GCF_004345615.1	0.9-0.95	90.4396	89.6975	89.56079292191652	-0.006276959377828462	89.6975
GCA_017999895.1	GCA_018056245.1	0.9-0.95	91.7409	92.9937	92.82125038439551	0.00041149269964080304	92.9937
GCA_018674025.1	GCA_902515565.1	0.9-0.95	94.3516	97.3674	97.27687617831411	0.854085855354981	97.3674
GCF_000212735.1	GCA_016718685.1	0.9-0.95	91.5903	91.85	88.95330993523895	11.916658788153654	88.95330993523895
GCA_900545915.1	GCF_003634345.1	0.9-0.95	93.3065	93.9593	93.55367801138867	5.847805698027514	93.55367801138867
GCF_007827365.1	GCF_000518485.1	0.9-0.95	91.0442	89.9329	90.71660132416564	1.4842294160453093	89.9329
GCA_905480125.1	GCA_018669945.1	0.9-0.95	90.7617	93.9985	93.85524526349698	0.568501249701967	93.9985
GCA_900102385.1	GCA_017617315.1	0.9-0.95	91.3982	91.9771	90.8093461086312	6.39534646397442	90.8093461086312
GCA_015482705.2	GCF_003182595.1	0.9-0.95	90.2581	90.1864	90.90859859698493	4.171284381829537	90.1864
GCA_002430545.1	GCA_902586905.1	0.9-0.95	94.8705	95.7506	94.69943216908219	1.333991314909781	95.7506
GCA_002457365.1	GCA_902529365.1	0.9-0.95	93.5306	94.9528	94.5160416513571	1.1264658052086816	94.9528
GCA_000163695.1	GCA_905372135.1	0.9-0.95	95.709	98.0644	97.20446265276414	2.3557818058731073	98.0644
GCF_002966125.1	GCA_905479745.1	0.9-0.95	93.3089	95.1639	95.16589973820656	0.5031737854233143	95.1639
GCA_002840975.1	GCA_001769215.1	0.9-0.95	94.6524	94.7887	94.53912839122859	0.04700841604244488	94.7887
GCA_003454845.1	GCA_016779995.1	0.9-0.95	93.9894	95.4202	95.44071383735213	0.9474802830338831	95.4202
GCF_900112595.1	GCF_014202225.1	0.9-0.95	92.4386	93.022	92.76391665583763	1.501048827250088	93.022
GCA_902529115.1	GCA_002720745.1	0.9-0.95	91.8081	92.3468	92.28901266511407	0.6501043309363013	92.3468
GCA_002412705.1	GCA_016931855.1	0.9-0.95	89.9668	92.9951	92.6240508354459	1.912661645867047	92.9951
GCA_002719315.1	GCA_902560065.1	0.9-0.95	94.8531	97.2249	97.21307599094928	0.009491205049698692	97.2249
GCF_900141935.1	GCF_012272855.1	0.9-0.95	92.3469	93.1039	90.47780836210191	5.023257493264282	90.47780836210191
GCA_017516865.1	GCA_002371705.1	0.9-0.95	92.1191	97.1491	97.07450354766355	1.0062760289076778	97.1491
GCA_013359255.1	GCA_905339165.1	0.9-0.95	93.0975	93.9616	93.89725640571686	1.008056128982389	93.9616
GCF_001280505.1	GCF_001280435.1	0.9-0.95	89.478	89.0346	90.19279564074687	3.6797848946098384	89.0346
GCA_016718505.1	GCA_016720635.1	0.9-0.95	91.7624	90.452	90.68606051963395	0.17038384252009564	90.452
GCA_002692065.1	GCA_902551855.1	0.9-0.95	95.0736	95.6193	94.66909713897395	0.9068149235283727	95.6193
GCA_002840985.1	GCA_018816945.1	0.9-0.95	90.8313	93.58	93.3632367039942	2.029056536963708	93.58
GCF_907163125.1	GCF_002943105.1	0.9-0.95	95.4138	94.8552	93.96645117137648	0.2918329985322998	94.8552
GCA_002501205.1	GCF_014524565.1	0.9-0.95	90.805	92.0902	89.52451100202533	3.669704289313813	92.0902
GCA_905233585.1	GCA_017618435.1	0.9-0.95	91.1306	94.76	94.66193084008694	0.8501728702917717	94.76
GCA_016787505.1	GCA_016715405.1	0.9-0.95	91.3928	94.4627	94.3960697552936	6.051244216198938	94.3960697552936
GCA_017506175.1	GCA_900321845.1	0.9-0.95	94.5963	96.3306	96.36909493689171	7.63892293659319	96.36909493689171
GCF_003095655.1	GCF_000212355.1	0.9-0.95	93.5507	93.0381	92.5204507289163	0.8122695156180271	93.0381
GCA_903838995.1	GCA_903828245.1	0.9-0.95	92.7605	94.3051	94.379821945288	5.965088395150815	94.379821945288
GCA_016213345.1	GCA_016194835.1	0.9-0.95	94.7142	97.3579	97.21142063801902	0.9527493059365497	97.3579
GCF_000317895.1	GCF_000196175.1	0.9-0.95	90.1877	89.0459	88.53584871048008	-0.6783917571410711	89.0459
GCA_002841685.1	GCA_013791745.1	0.9-0.95	94.0952	96.1271	96.06916384786645	0.008293338666362615	96.1271
GCA_005888595.1	GCA_005882335.1	0.9-0.95	93.6459	95.9139	95.89733759524005	1.2183336770303868	95.9139
GCA_005882275.1	GCA_005882445.1	0.9-0.95	91.9026	95.9917	95.96188729251558	-0.19103543472783713	95.9917
GCA_002299965.1	GCA_003650285.1	0.9-0.95	91.8553	93.6246	93.61106475764093	0.7167436235968125	93.6246
GCA_002070635.1	GCA_017992475.1	0.9-0.95	90.9235	93.0603	93.07000664491011	1.3811172713240012	93.0603
GCA_013360445.1	GCA_011526015.1	0.9-0.95	91.1292	94.4351	94.38558913458752	7.5538100567609945	94.38558913458752
GCA_002733685.1	GCA_013215945.1	0.9-0.95	94.0576	94.2116	94.35111739376894	1.2219169349345975	94.2116
GCF_003544935.1	GCA_004116725.1	0.9-0.95	90.5293	90.2505	90.30085806469268	0.18204201259413821	90.2505
GCA_902387145.1	GCA_002092835.1	0.9-0.95	94.0534	94.1999	94.48876841386758	11.984759971925087	94.48876841386758
GCF_001891085.1	GCF_002913945.1	0.9-0.95	94.1879	94.3906	94.47559567195995	1.8135540707935434	94.3906
GCA_004116465.1	GCF_000092245.1	0.9-0.95	92.2073	92.194	92.46436156397763	3.8025360460242155	92.194
GCF_001653455.1	GCF_900120335.1	0.9-0.95	91.2496	90.1745	87.82334193842416	2.2760685152074984	90.1745
GCA_002470185.1	GCF_013283835.1	0.9-0.95	94.0055	96.2944	96.31180805078444	4.207732406946434	96.2944
GCA_905373295.1	GCF_001190745.1	0.9-0.95	93.5643	95.1611	95.17127164558646	1.3504295851744246	95.1611
GCF_000648235.2	GCF_011087585.1	0.9-0.95	91.6806	91.7535	89.6259604899394	2.9270344919132185	91.7535
GCA_018240225.1	GCA_018239725.1	0.9-0.95	91.1652	93.9286	93.76776268684462	0.7148405659399941	93.9286
GCA_011065045.1	GCA_011064905.1	0.9-0.95	92.1685	96.1449	95.99199110653012	1.1609220980154191	96.1449
GCA_903932805.1	GCA_003670675.1	0.9-0.95	91.7342	95.2015	95.24723279150619	7.868754159463606	95.24723279150619
GCF_000011905.1	GCF_001889305.1	0.9-0.95	90.404	91.3564	88.46329231406473	7.292534844449165	88.46329231406473
GCA_002563855.1	GCF_008838325.1	0.9-0.95	91.4962	92.0434	92.00355649615813	0.34058933816959325	92.0434
GCA_009838595.1	GCA_009840355.1	0.9-0.95	91.0697	94.3491	94.31081723481707	0.5189558399661109	94.3491
GCF_001748285.1	GCF_008974285.1	0.9-0.95	89.7574	88.3167	90.31968008531909	27.965956336403906	90.31968008531909
GCA_008373165.1	GCA_009392215.1	0.9-0.95	90.171	93.5117	93.87539211502785	3.525116771683315	93.5117
GCA_002772325.1	GCA_009619075.1	0.9-0.95	91.6388	95.3153	95.22406146813903	0.13414881713117666	95.3153
GCA_009840225.1	GCA_011523365.1	0.9-0.95	92.4341	94.403	92.78679064028988	2.7411374680705194	94.403
GCA_016705235.1	GCA_017993775.1	0.9-0.95	92.2737	93.5427	91.75920857206997	4.659683126405071	93.5427
GCA_009839775.1	GCA_012270555.1	0.9-0.95	92.0434	95.1118	95.23164096053438	8.303724030064586	95.23164096053438
GCF_008974285.1	GCF_003268475.1	0.9-0.95	94.2707	95.1717	93.11007251428921	18.453654866141733	93.11007251428921
GCA_011333425.1	GCA_014360805.1	0.9-0.95	94.5166	96.3607	96.31383494055059	5.072510071561737	96.31383494055059
GCA_009838385.1	GCA_009841435.1	0.9-0.95	93.8042	95.7768	95.79425777476655	8.79333864450291	95.79425777476655
GCA_002694895.1	GCA_009391605.1	0.9-0.95	94.9988	97.7373	97.57539962780977	1.1196575750638544	97.7373
GCA_009392675.1	GCA_002435305.1	0.9-0.95	90.7563	94.0757	93.84704309995652	2.332015389999924	94.0757
GCF_001306135.1	GCF_016907925.1	0.9-0.95	92.919	93.7659	92.96927266583475	1.9926981011230964	93.7659
GCA_001796355.1	GCA_004347695.1	0.9-0.95	90.8134	92.5017	92.53868049407555	3.8756315200162135	92.5017
GCA_009841145.1	GCA_012271135.1	0.9-0.95	92.2406	93.3168	93.2317057031836	0.5565849678932864	93.3168
GCA_002238555.1	GCA_009841145.1	0.9-0.95	90.921	92.3954	91.61539717814435	1.5749862790398765	92.3954
GCF_016587375.1	GCF_000178855.1	0.9-0.95	93.4683	93.5236	91.69848523873576	9.055324036969978	91.69848523873576
GCA_002238555.1	GCA_012271135.1	0.9-0.95	91.1639	92.9426	92.71610456205397	-0.4870600632875721	92.9426
GCA_003670675.1	GCA_903868295.1	0.9-0.95	93.018	95.5233	95.48081464135643	11.403613995513297	95.48081464135643
GCA_002366595.1	GCA_003453555.1	0.9-0.95	91.0984	94.2857	94.04495574523084	1.8612845375164397	94.2857
GCF_003205875.1	GCF_001306135.1	0.9-0.95	91.7277	92.3806	91.56057044526786	4.60475523929199	92.3806
GCA_903868295.1	GCA_903932805.1	0.9-0.95	90.4637	95.045	94.91824080689906	2.9797197157604387	95.045
GCA_900696625.1	GCA_013112725.1	0.9-0.95	92.228	94.6239	93.92320183888934	12.539102958443436	93.92320183888934
GCA_005879815.1	GCA_005880165.1	0.9-0.95	91.5978	94.6029	94.68188518240059	3.8829125403840408	94.6029
GCA_002714425.1	GCA_002728715.1	0.9-0.95	92.1357	93.4276	93.69141336874762	1.2040888048177294	93.4276
GCA_012719115.1	GCA_002421585.1	0.9-0.95	90.3818	95.4545	95.34913245829433	1.3930867745698379	95.4545
GCA_016875925.1	GCA_016875975.1	0.9-0.95	89.2463	94.7624	95.30660921734733	10.100000303288766	95.30660921734733
GCA_902620405.1	GCA_002727435.1	0.9-0.95	92.8854	93.6371	94.0363134347987	1.8697655253786252	93.6371
GCA_017743275.1	GCA_011362935.1	0.9-0.95	91.6833	95.9125	95.92018479300928	0.5128981647834507	95.9125
GCF_002532075.1	GCF_004762035.2	0.9-0.95	93.8375	94.8668	93.7411547091844	3.46320775145432	94.8668
GCA_012522935.1	GCA_012519465.1	0.9-0.95	94.5522	96.7061	96.65111426739304	0.7351708024139043	96.7061
GCF_000020945.1	GCA_003476705.1	0.9-0.95	93.2361	95.4657	95.36153715485457	1.6573394957435994	95.4657
GCF_014698045.1	GCF_001298445.1	0.9-0.95	92.7311	94.1581	93.7663347591129	0.5999085332086906	94.1581
GCF_000011485.1	GCA_003214855.1	0.9-0.95	94.8259	95.9372	94.09668764087769	7.342740573553783	94.09668764087769
GCF_002154725.1	GCF_002154695.1	0.9-0.95	93.2426	94.0627	92.90099817768672	1.0521727866307629	94.0627
GCA_012031415.1	GCA_012033355.1	0.9-0.95	93.3796	95.5114	95.81328124870805	20.270710786371637	95.81328124870805
GCA_002737305.1	GCA_016463595.1	0.9-0.95	92.7834	95.6318	94.70961425301697	1.1633853137091137	95.6318
GCF_012912135.1	GCF_017982655.1	0.9-0.95	91.7099	94.3783	94.15751003165853	0.08136059782282246	94.3783
GCF_014698305.1	GCF_014698735.1	0.9-0.95	94.7982	94.7181	93.65522929043551	5.344861778201448	93.65522929043551
GCA_900547155.1	GCA_900547585.1	0.9-0.95	91.9891	93.4284	91.16071132340974	2.233234127202195	93.4284
GCA_003279455.1	GCA_003280265.1	0.9-0.95	91.4062	93.6684	93.47985982628335	-0.053331538357497266	93.6684
GCA_005110385.1	GCA_018970325.1	0.9-0.95	90.5125	91.7605	91.92478206811157	4.432895399479548	91.7605
GCA_010692395.1	GCA_011524395.1	0.9-0.95	94.5299	96.7447	96.3359580270764	3.1410565476380725	96.7447
GCF_002368075.1	GCF_015207205.1	0.9-0.95	94.1523	94.1791	91.43027084671306	3.1734657676452116	94.1791
GCA_007095845.1	GCF_000981785.2	0.9-0.95	94.8341	96.3847	95.23790970823764	3.572991988112335	96.3847
GCF_002368155.1	GCF_014696315.1	0.9-0.95	91.986	92.85	90.47633947605108	2.5012688235528913	92.85
GCF_000828075.3	GCF_002368435.1	0.9-0.95	93.1885	92.1501	88.26439064337266	25.40976086511	88.26439064337266
GCA_011390955.1	GCF_001276715.1	0.9-0.95	91.6146	94.1313	92.41237924953228	0.9666659358899778	94.1313
GCF_003367075.1	GCF_000175855.1	0.9-0.95	93.5279	94.7317	93.38036874359541	1.9626146607042756	94.7317
GCA_011524395.1	GCF_000211815.1	0.9-0.95	93.1668	94.9745	93.46296959332662	5.235452480002095	93.46296959332662
GCF_000317105.1	GCA_011390515.1	0.9-0.95	91.2757	93.6722	92.05357454099448	1.406806436361876	93.6722
GCA_015295825.1	GCF_008386235.1	0.9-0.95	92.9756	94.5001	93.30152417119554	1.2725575048170867	94.5001
GCA_009995705.1	GCA_007095845.1	0.9-0.95	95.12	97.0365	96.92559249427633	0.08916431317720708	97.0365
GCF_003838195.1	GCA_010672525.1	0.9-0.95	93.0053	94.5652	94.06126724034	1.4018605376661526	94.5652
GCF_000011485.1	GCF_000760295.1	0.9-0.95	93.6305	94.5176	92.45575901254448	4.205872062697381	94.5176
GCF_002368315.1	GCF_000317245.1	0.9-0.95	92.0351	94.2323	92.69759275869717	1.6388374400294197	94.2323
GCA_014323965.1	GCA_018141785.1	0.9-0.95	94.273	96.8618	96.06207333653975	0.8799870245629791	96.8618
GCF_000317515.1	GCF_014695895.1	0.9-0.95	91.0952	91.1665	88.15776591579917	4.359366708016751	91.1665
GCA_009995705.1	GCA_007095785.1	0.9-0.95	95.4963	96.6994	96.67557908396648	0.1406777124366272	96.6994
GCA_003214855.1	GCF_000760295.1	0.9-0.95	93.1178	94.6634	92.84200385332637	2.582239297235901	94.6634
GCF_015207705.1	GCF_000316625.1	0.9-0.95	91.0958	92.5633	91.89752820617747	1.9271724643276684	92.5633
GCA_000063525.1	GCA_012270465.1	0.9-0.95	90.8372	93.0156	90.58825985006129	2.255484781430823	93.0156
GCA_900761525.1	GCA_900552205.1	0.9-0.95	91.0583	96.3426	96.23986126288513	0.7145536488430935	96.3426
GCF_001298445.1	GCF_014697615.1	0.9-0.95	92.7224	94.0376	92.94779778978575	0.754600342723279	94.0376
GCA_010692395.1	GCA_010692325.1	0.9-0.95	93.4177	96.1465	95.76134501520261	0.5724316620817262	96.1465
GCF_001858025.1	GCF_014698305.1	0.9-0.95	93.0837	93.077	91.74006681702556	2.499870078103413	93.077
GCF_000828075.3	GCF_002368235.1	0.9-0.95	92.7018	91.6976	87.85473599173343	19.744264194574498	87.85473599173343
GCF_013177315.1	GCF_001548395.1	0.9-0.95	90.6125	91.2294	86.4269599034378	20.982786601591215	86.4269599034378
GCF_002368235.1	GCF_002368435.1	0.9-0.95	94.2708	92.0097	89.21433761619306	15.123287285237893	89.21433761619306
GCF_000817735.3	GCF_000317125.1	0.9-0.95	92.5949	93.5592	90.40622440574285	10.526986530483555	90.40622440574285
GCF_014132355.1	GCA_010672455.1	0.9-0.95	92.8109	92.6519	88.3369229588222	7.951974160606369	88.3369229588222
GCF_015206885.1	GCF_000010625.1	0.9-0.95	95.3325	96.3805	95.81632533416202	0.575813180753812	96.3805
GCA_011334575.1	GCA_011333285.1	0.9-0.95	91.8089	94.4191	94.30637028153413	0.22104072502418148	94.4191
GCF_000183405.1	GCA_002878065.1	0.9-0.95	91.148	92.8435	92.67168895510645	2.6419174645800467	92.8435
GCF_000487995.1	GCA_910586745.1	0.9-0.95	90.1284	93.8872	93.77534458147971	1.946066156420784	93.8872
GCF_014201675.1	GCA_011330655.1	0.9-0.95	89.1218	92.1899	92.75191592989047	3.5829371872678166	92.1899
GCA_011390675.1	GCA_011390455.1	0.9-0.95	90.4816	92.8498	90.57451349910077	1.8264591409788409	92.8498
GCA_011390735.1	GCA_011389865.1	0.9-0.95	90.6631	93.9238	94.20287169399826	16.921832538034323	94.20287169399826
GCA_018333895.1	GCA_018333775.1	0.9-0.95	92.2592	94.0251	92.78920652520604	0.33184609411591737	94.0251
GCA_001468925.1	GCA_018897535.1	0.9-0.95	94.9096	96.5683	96.44282642672523	0.327671014244288	96.5683
GCF_000472805.1	GCA_016735355.1	0.9-0.95	92.7503	95.4127	95.29094428794045	0.10120705052258927	95.4127
GCF_000007985.2	GCA_001628815.1	0.9-0.95	92.7946	92.8777	92.55694786088978	-0.1483490622995305	92.8777
GCA_016182705.1	GCA_001795535.1	0.9-0.95	90.0634	94.1622	94.16535414149696	0.8044423246444694	94.1622
GCA_018399535.1	GCA_011056825.1	0.9-0.95	94.5594	96.5458	96.48000310270695	0.4408379353790224	96.5458
GCA_015233295.1	GCA_015233285.1	0.9-0.95	91.1766	96.9944	97.06011552245461	11.808875385377405	97.06011552245461
GCA_011370455.1	GCA_011361925.1	0.9-0.95	92.9984	94.13	94.04830174603262	0.5829078015985942	94.13
GCA_002328165.1	GCA_011049715.1	0.9-0.95	93.383	95.0715	94.92587171816689	2.7820828523913406	95.0715
GCA_016930875.1	GCA_015222985.1	0.9-0.95	94.767	96.7735	96.67238038634584	2.0573043785498157	96.7735
GCA_016235365.1	GCA_016234955.1	0.9-0.95	93.5942	94.8311	95.18863659555788	8.987423355019018	95.18863659555788
GCA_018902755.1	GCA_018896025.1	0.9-0.95	93.3276	94.6241	93.33206936531354	1.468401016725693	94.6241
GCF_000422285.1	GCA_900498135.1	0.9-0.95	94.4263	95.127	93.37021749648038	6.889093278157816	93.37021749648038
GCA_002841785.1	GCA_002347095.1	0.9-0.95	91.8677	94.2201	92.78112762070214	0.8641289590623273	94.2201
GCF_002093115.1	GCF_002898515.1	0.9-0.95	94.4831	95.4033	94.53041239052989	1.6131632346205151	95.4033
GCF_900129305.1	GCA_014359885.1	0.9-0.95	94.4097	95.3774	93.84857549596254	9.631115491452874	93.84857549596254
GCA_016209225.1	GCA_003599365.1	0.9-0.95	92.8545	95.1281	95.07073585766516	0.17281299890873925	95.1281
GCF_000429905.1	GCF_900142135.1	0.9-0.95	93.0882	93.3174	91.63794598016052	5.366505178981242	91.63794598016052
GCA_009773075.1	GCA_002782605.1	0.9-0.95	93.3557	96.503	96.50578617553161	0.1733487628371222	96.503
GCA_002423365.1	GCF_900111775.1	0.9-0.95	91.4815	94.2404	94.20514415811385	7.546792821145573	94.20514415811385
GCA_002367355.1	GCA_013138705.1	0.9-0.95	93.5802	96.2002	96.18216150355816	0.8490388566239062	96.2002
GCA_011046395.1	GCA_007280345.1	0.9-0.95	93.4034	95.904	95.7258131139534	0.29065695001236236	95.904
GCA_016783065.1	GCA_013203065.1	0.9-0.95	94.5437	96.8082	96.80385840247394	0.4663412531795075	96.8082
GCA_009773075.1	GCA_003599365.1	0.9-0.95	93.5326	96.997	96.96671251293922	-0.0385943885355573	96.997
GCA_014381545.1	GCA_013202725.1	0.9-0.95	91.7111	95.6099	95.52424438150351	0.3519433739628539	95.6099
GCA_013151365.1	GCA_002897615.1	0.9-0.95	92.3662	94.3947	93.29725665256312	0.6560629664281805	94.3947
GCA_002402905.1	GCF_001293685.1	0.9-0.95	93.8198	95.0558	94.47364395537379	2.935100527276518	95.0558
GCA_009684525.1	GCA_016223015.1	0.9-0.95	94.342	95.5497	95.39672919386848	-0.22537391229343484	95.5497
GCA_016208115.1	GCA_016218705.1	0.9-0.95	92.1857	95.3628	94.80227455658388	0.9323379564002607	95.3628
GCA_011322625.1	GCA_015494725.1	0.9-0.95	93.8374	95.3442	95.23585253007396	1.0081638391029628	95.3442
GCA_016212705.1	GCA_001797465.1	0.9-0.95	93.5419	94.9315	94.90301583036916	1.5606364121549632	94.9315
GCF_000022265.1	GCA_001311985.1	0.9-0.95	95.1219	95.5719	94.38629799828966	19.05626747543829	94.38629799828966
GCA_011047885.1	GCA_011334825.1	0.9-0.95	95.2839	96.3571	96.2895659490702	0.4763289090660692	96.3571
GCA_018433085.1	GCA_018436855.1	0.9-0.95	90.9573	91.9932	90.10065037504717	1.7038919706537854	91.9932
GCA_017552515.1	GCA_017417085.1	0.9-0.95	93.3936	96.2654	96.25794407828951	0.30960089894733756	96.2654
GCF_008802355.1	GCF_008802365.1	0.9-0.95	94.6546	94.9162	92.87492239233043	14.121103487519576	92.87492239233043
GCA_018816605.1	GCA_013792075.1	0.9-0.95	92.7392	95.3031	95.18935353790827	1.5364857768595357	95.3031
GCA_018970825.1	GCA_017853315.1	0.9-0.95	90.2416	95.3638	95.23447565392999	1.5755273809718346	95.3638
GCA_014382245.1	GCA_002311335.1	0.9-0.95	93.3748	94.8185	94.01176393212715	2.543866495761904	94.8185
GCA_001798455.1	GCA_016193385.1	0.9-0.95	95.0257	97.0632	96.96004140300292	1.1049440392098404	97.0632
GCA_012960245.1	GCA_014382245.1	0.9-0.95	92.6637	93.8602	92.17656418833229	1.657503319247553	93.8602
GCA_001798565.1	GCA_016184235.1	0.9-0.95	93.9002	96.7477	96.60047033910499	-0.0256955464665225	96.7477
GCA_012960245.1	GCA_002311335.1	0.9-0.95	94.0138	94.9103	94.79206709381936	0.15168246933353657	94.9103
GCA_002479255.1	GCA_003135135.1	0.9-0.95	92.3722	93.3493	90.97461192798274	4.0646676007309	93.3493
GCA_013152215.1	GCF_000526155.1	0.9-0.95	93.7285	95.8618	95.79214383260282	-0.038274378448477364	95.8618
GCA_017881405.1	GCA_002279275.1	0.9-0.95	91.2803	94.7333	94.61205721920886	0.8802993445788161	94.7333
GCA_009773665.1	GCF_000429325.1	0.9-0.95	92.3152	93.3063	93.38462895150825	0.18101933034449758	93.3063
GCF_000701705.1	GCA_900553145.1	0.9-0.95	90.7598	93.6387	93.10445769463922	3.2958535910256614	93.6387
GCF_000504305.1	GCF_011682075.1	0.9-0.95	92.2699	94.9174	94.9386608481591	1.73400410771319	94.9174
GCF_900114115.1	GCF_014873765.1	0.9-0.95	94.1919	95.0646	93.4652561991423	4.406017901181258	95.0646
GCF_000021385.1	GCF_000226255.1	0.9-0.95	91.2075	91.2316	91.58279699794518	2.89333580733728	91.2316
GCF_011682075.1	GCF_000226255.1	0.9-0.95	91.1919	93.9224	94.07227758060887	5.928083588292793	94.07227758060887
GCA_009782775.1	GCA_009783115.1	0.9-0.95	91.3978	94.6239	94.61239237042729	0.43294204881158294	94.6239
GCA_003525525.1	GCF_000702665.1	0.9-0.95	94.092	96.4249	95.79560125162216	0.7121194037372334	96.4249
GCA_900550745.1	GCF_000701705.1	0.9-0.95	93.37	95.7247	95.69938320395006	3.1059084233165777	95.7247
GCF_000226255.1	GCF_015731765.1	0.9-0.95	91.2775	94.4502	94.54531066240371	10.218549900284415	94.54531066240371
GCF_008124665.1	GCA_011333985.1	0.9-0.95	91.0846	92.6906	92.67752600545343	2.657693097160518	92.6906
GCA_003170875.1	GCA_003135255.1	0.9-0.95	90.3319	94.1603	93.91881480908299	0.22759144042584012	94.1603
GCA_005880525.1	GCA_005879985.1	0.9-0.95	91.1878	94.1502	94.09571827694091	0.8405506872913975	94.1502
GCA_003151665.1	GCA_003139695.1	0.9-0.95	94.9271	96.0161	94.60831816860795	6.314238443457725	94.60831816860795
GCA_016464825.1	GCA_003244185.1	0.9-0.95	91.9963	93.1017	93.09509706145829	1.171691086681676	93.1017
GCA_003142035.1	GCA_003135255.1	0.9-0.95	91.6193	94.3601	94.07668732008028	0.6550322984653576	94.3601
GCA_016180425.1	GCA_001800135.1	0.9-0.95	91.8432	92.8273	92.79907543179154	0.3688916058981704	92.8273
GCA_002448285.1	GCA_902761395.1	0.9-0.95	91.5725	96.5448	96.60755839381055	3.630097180429061	96.5448
GCA_016206405.1	GCA_001800185.1	0.9-0.95	94.1142	96.5007	96.48877758057854	2.4894944292982473	96.5007
GCA_902761395.1	GCA_017651625.1	0.9-0.95	90.0993	94.6966	94.32263250096493	6.968177391682616	94.32263250096493
GCA_016182905.1	GCA_016191335.1	0.9-0.95	90.2238	92.9243	91.6958522255212	2.4646101825492224	92.9243
GCA_002423485.1	GCA_002329445.1	0.9-0.95	89.9611	92.7992	92.75760772153241	0.10312659932242241	92.7992
GCA_013043945.1	GCA_013044185.1	0.9-0.95	91.9534	94.1454	92.62732228755944	4.259655680210926	94.1454
GCA_002307115.1	GCA_001873075.1	0.9-0.95	93.0053	95.8377	95.78447531321785	0.05309696167796574	95.8377
GCA_903894145.1	GCA_903915125.1	0.9-0.95	89.8839	93.9874	95.70134711395136	2.4578485152494522	93.9874
GCF_002798305.1	GCF_002265435.1	0.9-0.95	90.3521	89.1849	90.58104679586523	4.305950451657736	89.1849
GCF_900115845.1	GCF_900177535.1	0.9-0.95	95.0862	95.9793	95.91742502294535	0.42548802840428834	95.9793
GCF_000306965.1	GCF_016908375.1	0.9-0.95	91.7187	91.4994	91.70284776933204	2.2129011818933577	91.4994
GCF_005144865.1	GCF_017303315.1	0.9-0.95	92.1442	92.4118	92.7322653879324	6.773796455861884	92.7322653879324
GCF_000986785.1	GCF_001273925.1	0.9-0.95	93.2543	94.1438	92.93561944462778	4.355853418239349	94.1438
GCF_004343255.1	GCF_003003125.1	0.9-0.95	95.277	95.7728	95.23066105604188	0.9123120426156675	95.7728
GCA_002155105.1	GCF_900112935.1	0.9-0.95	91.8543	92.5632	91.87924291436693	1.433826164680795	92.5632
GCF_000313565.1	GCA_001305055.1	0.9-0.95	93.4845	92.5781	92.19241016813545	1.9465351110429765	92.5781
GCF_001884135.1	GCF_006494425.1	0.9-0.95	90.5991	90.2098	90.66291846821046	3.0916698786641064	90.2098
GCA_902399855.1	GCF_000420345.1	0.9-0.95	95.2473	95.5396	94.54774119280893	5.570760457792403	94.54774119280893
GCA_900538885.1	GCA_900752975.1	0.9-0.95	92.0673	97.0735	97.1115630522006	1.646681052385361	97.0735
GCF_002128425.1	GCF_001420605.1	0.9-0.95	92.2072	92.8346	92.53185745390034	1.1524908162045904	92.8346
GCA_015264885.1	GCF_001071995.1	0.9-0.95	93.8743	95.715	95.76778321572861	2.4837373481918803	95.715
GCF_001199495.1	GCF_000875755.1	0.9-0.95	92.8101	95.6353	95.62627788071836	0.12076469750394381	95.6353
GCA_017561055.1	GCA_017473265.1	0.9-0.95	94.6797	96.5933	96.31652544146765	0.4457872926965365	96.5933
GCA_900539265.1	GCA_000433035.1	0.9-0.95	90.8473	92.9668	92.63800027646865	6.31114347238281	92.63800027646865
GCF_000691145.1	GCF_014764715.1	0.9-0.95	89.7933	89.4847	90.3761926238514	19.547537896379254	90.3761926238514
GCF_007994985.1	GCF_016908395.1	0.9-0.95	94.136	94.4302	94.23488587293878	0.20923713423326262	94.4302
GCF_004000865.1	GCF_004000785.1	0.9-0.95	91.3186	92.8762	92.03842321863824	1.9428357329779828	92.8762
GCA_015059015.1	GCA_017398545.1	0.9-0.95	93.5994	94.4586	94.89870132973851	4.106229597055517	94.4586
GCA_900551535.1	GCA_001058355.1	0.9-0.95	94.8369	96.7329	96.70991427625204	0.20465661184289274	96.7329
GCA_014049385.1	GCF_005864045.1	0.9-0.95	94.8171	95.8709	95.76254786454903	1.06132540758108	95.8709
GCF_001552255.1	GCF_001552655.1	0.9-0.95	91.931	93.1246	93.36397628039144	6.213627653669391	93.36397628039144
GCA_905199855.1	GCA_000432575.1	0.9-0.95	92.927	94.6726	94.31338391450042	0.3996251942528488	94.6726
GCF_000173915.1	GCF_001553035.1	0.9-0.95	94.0102	94.5852	94.71819042316095	0.4121261698728631	94.5852
GCF_003339775.1	GCF_001886855.1	0.9-0.95	93.4875	92.7035	90.2004190994303	0.6905677347864412	92.7035
GCF_001543205.1	GCF_002083135.2	0.9-0.95	94.2827	92.0535	90.69947439287371	2.207899804427143	92.0535
GCF_004138285.1	GCF_002574545.1	0.9-0.95	92.3158	92.2783	90.83042997572261	0.15948247684082162	92.2783
GCF_900176265.1	GCF_002276225.1	0.9-0.95	92.4027	92.3311	92.45775385170654	0.7480117283810159	92.3311
GCF_014322795.1	GCF_013820765.1	0.9-0.95	94.7979	95.0425	95.07714093746958	1.4709094516638288	95.0425
GCF_014836645.1	GCF_001629705.1	0.9-0.95	90.6543	90.9952	91.23220658270894	1.4062626737268147	90.9952
GCF_000833605.1	GCF_002742685.1	0.9-0.95	89.9753	90.2701	90.99963648954092	1.916889444402841	90.2701
GCF_009718825.1	GCF_006517395.1	0.9-0.95	90.8128	91.2743	91.47152230452579	1.4354861886467916	91.2743
GCF_003024685.1	GCF_003024675.1	0.9-0.95	90.3202	91.7815	92.16448262412771	1.2609879293709128	91.7815
GCF_900106595.1	GCF_000420725.1	0.9-0.95	91.5244	92.1569	92.09673694150094	2.080035473412863	92.1569
GCF_000428925.1	GCF_009864005.1	0.9-0.95	93.1183	92.3686	89.63145969392467	1.4511447652012066	92.3686
GCF_003605405.2	GCF_014836955.1	0.9-0.95	91.3643	92.0386	91.83923942143632	0.4404496909919544	92.0386
GCF_000426085.1	GCF_011393025.1	0.9-0.95	92.5732	93.1702	93.01162473878315	0.3224244704579178	93.1702
GCA_017941505.1	GCA_902772725.1	0.9-0.95	93.8018	95.7625	95.83251984644498	2.9853502477230904	95.7625
GCA_902769185.1	GCA_002342545.1	0.9-0.95	93.0043	94.4576	94.3970841359488	0.13186300787742766	94.4576
GCF_900106845.1	GCF_900015215.1	0.9-0.95	92.9287	93.2186	93.42987680626054	1.9519362581886526	93.2186
GCA_900541905.1	GCA_900542375.1	0.9-0.95	94.5932	95.6707	95.70218238065469	1.3491123575477104	95.6707
GCA_900542935.1	GCA_002474405.1	0.9-0.95	94.5916	96.0278	95.99969103674036	0.5641703748769942	96.0278
GCA_016281805.1	GCA_902783255.1	0.9-0.95	94.3812	95.2577	95.25131646776885	3.4105127302218534	95.2577
GCF_000449425.2	GCF_900243075.1	0.9-0.95	92.3846	94.3372	94.14607639960532	1.8819113341596676	94.3372
GCA_017461005.1	GCA_017433225.1	0.9-0.95	89.1701	91.7175	89.96123076525346	0.712979275134785	91.7175
GCA_902761585.1	GCF_009696445.1	0.9-0.95	94.3729	95.1219	95.3839281238105	14.989551896615012	95.3839281238105
GCA_905212395.1	GCA_002405165.1	0.9-0.95	93.1648	96.5016	96.47371882587834	-0.07336388132057436	96.5016
GCA_017381715.1	GCA_017399965.1	0.9-0.95	89.2967	90.7817	91.3140655798859	2.4546917786547056	90.7817
GCF_009695905.1	GCA_016775335.1	0.9-0.95	93.4745	94.3568	94.07965316565048	1.194084212067537	94.3568
GCA_015068035.1	GCA_017522015.1	0.9-0.95	93.0218	94.0644	91.66690832630002	2.656706750221929	94.0644
GCA_002424295.1	GCA_902809935.1	0.9-0.95	91.7992	93.2484	93.04626043477747	1.4574552750054863	93.2484
GCA_900539725.1	GCA_900539225.1	0.9-0.95	94.9881	95.5598	94.1897166281249	1.0705221851831084	95.5598
GCF_001185345.1	GCF_017566055.1	0.9-0.95	90.6456	90.8712	91.19511555941335	6.300517118157586	91.19511555941335
GCA_900766215.1	GCF_003182075.1	0.9-0.95	91.9594	94.9514	95.21972307026698	2.9561381324040212	94.9514
GCA_900767835.1	GCA_900768425.1	0.9-0.95	89.6601	96.2977	96.48983977639602	3.0782348807044855	96.2977
GCF_001404875.1	GCF_000154065.1	0.9-0.95	91.762	90.5573	92.99617777652394	7.40102393867528	92.99617777652394
GCA_017433225.1	GCA_900317985.1	0.9-0.95	92.5396	94.4459	93.72343983980454	3.920602792135469	94.4459
GCA_015063805.1	GCA_017466495.1	0.9-0.95	92.4605	94.5647	94.79676271504613	5.770358736910566	94.79676271504613
GCA_904502055.1	GCA_017621015.1	0.9-0.95	90.4011	94.5316	94.41143638180215	0.4081545575124892	94.5316
GCA_017646185.1	GCA_017537345.1	0.9-0.95	90.7386	94.4194	94.66694577015333	3.1068878094756656	94.4194
GCA_900544375.1	GCA_900544715.1	0.9-0.95	90.1963	90.9965	87.97981771202856	7.065104693047033	87.97981771202856
GCF_017566145.1	GCF_001486165.1	0.9-0.95	93.1484	93.1816	88.99775809329915	18.352383507392915	88.99775809329915
GCF_018785175.1	GCF_902381825.1	0.9-0.95	92.1908	91.1745	90.18996914453979	1.2099940408288603	91.1745
GCA_017962825.1	GCA_016291475.1	0.9-0.95	89.9542	91.8001	92.15689449161381	3.9383055291991695	91.8001
GCF_001077535.1	GCF_000449425.2	0.9-0.95	91.7867	93.3357	93.25725573432165	5.11079454261926	93.25725573432165
GCA_900316395.1	GCA_905234245.1	0.9-0.95	94.1436	95.4915	95.4882255346996	0.42475575645767094	95.4915
GCF_001889325.1	GCF_001020205.1	0.9-0.95	94.6764	93.3643	93.52140410589087	4.6799575026007005	93.3643
GCF_000633595.2	GCF_001038625.1	0.9-0.95	92.9377	93.7288	93.73523710267126	0.6137117026391934	93.7288
GCA_017500845.1	GCA_015055705.1	0.9-0.95	92.5323	94.1075	91.60586661889137	2.1438577737644664	94.1075
GCF_900107815.1	GCF_900107125.1	0.9-0.95	92.6236	92.8271	92.98212867509156	2.758980667686046	92.8271
GCA_904419835.1	GCF_000169255.2	0.9-0.95	91.4821	93.507	93.66545086821034	2.015133304959818	93.507
GCA_002411615.1	GCA_902809935.1	0.9-0.95	90.6804	92.8496	92.70024787288249	0.7981329484164235	92.8496
GCF_000010185.1	GCA_018371055.1	0.9-0.95	91.3189	95.5466	95.22994253672358	4.595983547878973	95.5466
GCA_900766395.1	GCA_900552105.1	0.9-0.95	92.1023	94.7679	95.11370082562172	7.6511150780579555	95.11370082562172
GCA_017557265.1	GCA_017550645.1	0.9-0.95	90.2512	94.8409	92.94022027615941	1.770712490061669	94.8409
GCF_900142955.1	GCA_018372435.1	0.9-0.95	94.8708	95.2418	95.3297489698931	4.16362864336952	95.2418
GCA_900550095.1	GCA_904399395.1	0.9-0.95	89.1453	96.2656	96.335990389393	1.0327845796023212	96.2656
GCA_900548305.1	GCA_900542375.1	0.9-0.95	91.1012	93.1048	93.16342886745271	5.016461173400103	93.16342886745271
GCF_002102475.1	GCF_009905255.1	0.9-0.95	92.6941	93.2811	93.33536751025737	7.542524226030764	93.33536751025737
GCA_003160265.1	GCA_003132605.1	0.9-0.95	91.9483	95.3572	95.23516632692697	1.0750429674699262	95.3572
GCA_012518875.1	GCA_013201395.1	0.9-0.95	92.2007	93.4112	92.32986732198741	0.4217278172022816	93.4112
GCA_012840405.1	GCA_012842275.1	0.9-0.95	91.3638	94.1031	94.09076568832572	0.46738715242281614	94.1031
GCA_019008365.1	GCA_016841725.1	0.9-0.95	91.1756	91.141	91.75150018254408	3.6505109429344884	91.141
GCA_902812385.1	GCA_902812435.1	0.9-0.95	91.7064	94.0131	94.05063893839962	2.6982919897645843	94.0131
GCA_009910795.1	GCF_000512895.1	0.9-0.95	94.632	95.3194	94.95261461478736	7.8764123574501355	94.95261461478736
GCF_001950325.1	GCF_000012865.1	0.9-0.95	92.8231	93.4094	92.85165259441614	0.6872140568930263	93.4094
GCA_003513005.1	GCA_002418775.1	0.9-0.95	91.3095	92.5939	90.8918783920462	3.282874292370252	92.5939
GCA_009711705.1	GCA_016278505.1	0.9-0.95	94.7552	94.5624	91.99251728104505	4.766760255670306	94.5624
GCA_000214705.1	GCF_003627965.1	0.9-0.95	93.3744	92.0228	88.24070453701033	8.324034474701875	88.24070453701033
GCF_001570625.1	GCF_000014725.1	0.9-0.95	93.8784	92.4439	92.99020630873174	2.797600380469703	92.4439
GCA_012840385.1	GCA_902812435.1	0.9-0.95	91.5863	93.9696	93.82542573543692	-0.0028089949842069473	93.9696
GCA_012840405.1	GCA_001513545.1	0.9-0.95	91.679	94.2297	94.22095940507009	6.824173388987219	94.22095940507009
GCA_009910795.1	GCF_004343605.1	0.9-0.95	92.6173	93.1547	92.97674724158375	0.8274484960547852	93.1547
GCA_018432615.1	GCA_018433675.1	0.9-0.95	92.1699	92.9847	92.07040314890244	2.1914228689302035	92.9847
GCA_900766245.1	GCF_003992015.1	0.9-0.95	92.8969	92.4651	93.24930935449865	1.2190707664949514	92.4651
GCA_902780915.1	GCA_017635515.1	0.9-0.95	91.1218	94.6318	94.6004905443191	6.5444863248403635	94.6004905443191
GCA_900770895.1	GCA_902766095.1	0.9-0.95	94.4626	96.1896	95.63100112049878	4.809166314811591	96.1896
GCA_900554395.1	GCA_905207485.1	0.9-0.95	93.1266	95.3594	95.25354988318654	1.3163133058360472	95.3594
GCF_003999875.1	GCF_001553345.1	0.9-0.95	90.3166	89.36	91.08903885542257	4.356884389303104	89.36
GCF_902506685.1	GCA_900155405.1	0.9-0.95	93.7521	94.0181	92.1874108930479	0.9449739432511706	94.0181
GCA_900556745.1	GCF_902506685.1	0.9-0.95	94.4798	95.5194	95.20886835072265	5.690083575753306	95.20886835072265
GCA_902801565.1	GCA_017444295.1	0.9-0.95	93.2078	95.062	95.0842232516506	7.293643088344652	95.0842232516506
GCA_900318215.1	GCA_902780535.1	0.9-0.95	94.0618	96.4294	96.62579129754687	37.44565942970985	96.62579129754687
GCF_900110485.1	GCF_900141835.1	0.9-0.95	93.6327	94.1032	92.76440807401482	0.7101849356477032	94.1032
GCF_000286455.1	GCF_001683335.1	0.9-0.95	89.892	91.5235	91.68894248300012	1.3793352583124943	91.5235
GCA_017390595.1	GCA_017442105.1	0.9-0.95	90.0186	93.9653	93.95224046099254	5.732236562486378	93.95224046099254
GCA_902801365.1	GCF_900112895.1	0.9-0.95	92.3956	93.8028	93.54529691380282	0.3687745943216214	93.8028
GCA_900155405.1	GCA_900556745.1	0.9-0.95	94.4244	95.6232	95.38641679690028	0.7769410203145526	95.6232
GCF_000271665.2	GCA_002434245.1	0.9-0.95	93.1241	94.0475	93.48199306867242	1.2355561869562735	94.0475
GCA_003541445.1	GCA_003530255.1	0.9-0.95	94.7819	98.0638	97.93640993868489	0.23380295716378896	98.0638
GCA_007128555.1	GCA_003566675.1	0.9-0.95	90.3612	94.3063	94.29353355585965	1.1338334748209036	94.3063
GCA_003554685.1	GCA_007134885.1	0.9-0.95	90.9283	94.3417	94.14269305850512	1.2817764420096864	94.3417
GCA_018399995.1	GCA_018334565.1	0.9-0.95	93.1273	94.7138	94.62510115501372	0.6210524765140235	94.7138
GCA_012516125.1	GCA_014360195.1	0.9-0.95	93.6779	95.0728	93.31570916923096	6.881237160328965	93.31570916923096
GCA_002398515.1	GCA_012841305.1	0.9-0.95	90.9723	93.7562	93.59187977796502	4.262323716759056	93.7562
GCA_905371725.1	GCF_001274535.1	0.9-0.95	93.7677	96.945	96.93369532747326	-0.030239415558753535	96.945
GCF_002761955.1	GCF_000160475.1	0.9-0.95	93.2879	92.2283	92.91176994298145	4.452962056700926	92.2283
GCF_900683735.1	GCF_003019675.1	0.9-0.95	91.5091	91.2993	91.6806512878309	4.424672848262162	91.2993
GCF_007990635.1	GCF_007990525.1	0.9-0.95	92.2779	94.4737	94.69627104259969	2.2224101816295843	94.4737
GCF_002573625.1	GCF_016724785.1	0.9-0.95	93.0636	94.4214	94.48743636543537	1.6976162414528062	94.4214
GCA_016704275.1	GCA_016720805.1	0.9-0.95	91.3897	91.271	91.52973007117495	6.549309712285321	91.52973007117495
GCA_009843625.1	GCA_009840525.1	0.9-0.95	93.7036	95.7563	95.38805328820278	-0.13078919187319116	95.7563
GCA_003220935.1	GCA_001917665.1	0.9-0.95	91.8815	93.6022	92.16469981517783	2.391766503438703	93.6022
GCA_002501085.1	GCA_002313925.1	0.9-0.95	94.5147	95.6024	95.52156236410369	-0.21162757791535114	95.6024
GCA_007126575.1	GCA_007692605.1	0.9-0.95	90.6388	92.8809	92.78624321735391	0.3747363230213523	92.8809
GCA_009838765.1	GCA_009840115.1	0.9-0.95	91.322	92.715	92.55512232963619	1.3750892099396879	92.715
GCA_003222115.1	GCA_003221995.1	0.9-0.95	91.8324	94.3203	94.16498204213903	0.01846001108060591	94.3203
GCA_009840115.1	GCA_009841005.1	0.9-0.95	90.0373	92.9599	92.7523702047392	0.0942637091375218	92.9599
GCA_017881585.1	GCA_003171215.1	0.9-0.95	93.3923	95.4026	94.9416599017301	0.038294539186608745	95.4026
GCA_009838975.1	GCA_009841165.1	0.9-0.95	95.1219	95.9475	95.75710408283521	-0.2371885810935055	95.9475
GCA_002348265.1	GCA_002348465.1	0.9-0.95	94.2617	95.4725	95.41997107507092	0.33654712674979237	95.4725
GCF_900215215.1	GCF_001889405.1	0.9-0.95	92.889	93.7117	93.60930964513652	0.268308050423002	93.7117
GCA_004212095.1	GCA_905067535.1	0.9-0.95	93.6814	95.7389	95.60320233722301	0.1535177938922061	95.7389
GCA_004193545.1	GCA_004212095.1	0.9-0.95	93.7855	95.6295	95.59347462683296	0.3107339511639111	95.6295
GCA_013139985.1	GCA_009903405.1	0.9-0.95	94.1324	96.6602	96.44053732801345	0.029375609909493505	96.6602
GCF_003336245.1	GCF_003342675.1	0.9-0.95	90.3484	90.4089	89.92008442609561	6.836730927780081	89.92008442609561
GCF_000337495.1	GCF_000025325.1	0.9-0.95	91.8491	91.3159	91.57875305739785	6.785671709927556	91.57875305739785
GCF_002355635.1	GCF_900107205.1	0.9-0.95	90.6895	90.8024	91.09451597659658	3.8173361136687163	90.8024
GCF_000025325.1	GCF_013342135.1	0.9-0.95	91.8157	91.1447	91.11364828694522	12.133526174719009	91.11364828694522
GCA_009618475.1	GCA_016782355.1	0.9-0.95	95.285	98.0238	97.9711204498561	0.06517969312068317	98.0238
GCA_003552885.1	GCA_001564115.1	0.9-0.95	90.8299	96.218	96.17875603358985	0.15756852121194242	96.218
GCA_002509485.1	GCA_001412335.1	0.9-0.95	92.5478	95.5366	95.52941155569981	0.8109508083375658	95.5366
GCF_001889405.1	GCF_004137855.1	0.9-0.95	93.1792	92.4828	91.94807772598688	1.0312472792465996	92.4828
GCA_003315675.1	GCA_002498375.1	0.9-0.95	91.7568	93.7786	93.99266088577956	2.9063986489882154	93.7786
GCF_900774055.1	GCF_900111645.1	0.9-0.95	90.5955	91.523	91.55095226651464	0.9967007333998481	91.523
GCF_001488575.1	GCF_001485535.1	0.9-0.95	89.9497	90.2425	89.4634373773535	2.702835548562689	90.2425
GCF_000025325.1	GCF_003977755.1	0.9-0.95	91.6286	90.5174	91.08374376403296	9.429006849153666	91.08374376403296
GCF_000147875.1	GCF_000784355.1	0.9-0.95	93.0049	93.4672	90.8902796771054	4.670370467030807	93.4672
GCF_000217715.1	GCF_003610195.1	0.9-0.95	90.5901	90.6351	90.49390126975585	0.8940249463375949	90.6351
GCF_001469875.2	GCF_000025685.1	0.9-0.95	93.1915	93.5583	92.64191263171519	11.342336515173884	92.64191263171519
GCA_002068435.1	GCA_012516785.1	0.9-0.95	91.4057	94.6751	93.81014985137664	0.5753456511033619	94.6751
GCA_002010075.1	GCA_003661015.1	0.9-0.95	93.3444	95.5516	95.49660208161175	0.2337461153856566	95.5516
GCA_004212085.1	GCA_902158745.1	0.9-0.95	93.5044	97.2702	97.17228010199584	0.1732583121723792	97.2702
GCA_012510295.1	GCA_012521035.1	0.9-0.95	90.9665	94.9549	94.95033691968338	0.9797373386263644	94.9549
GCA_009649835.1	GCA_014237145.1	0.9-0.95	93.2429	96.0203	96.00280208444796	0.30025571123337613	96.0203
GCA_002509485.1	GCA_018432765.1	0.9-0.95	95.1396	96.793	96.79656525216355	0.6328030101999502	96.793
GCF_002761295.1	GCF_004137855.1	0.9-0.95	94.7863	93.9146	92.0590771985836	18.970182322376786	92.0590771985836
GCF_000337455.1	GCF_013415905.1	0.9-0.95	89.6533	91.1459	90.33226860942545	5.552891400407134	90.33226860942545
GCF_000025865.1	GCF_003722075.1	0.9-0.95	91.7269	91.6353	91.4175220080551	0.567513419599436	91.6353
GCF_000196655.1	GCA_018609725.1	0.9-0.95	94.8277	96.3624	96.31570640067206	-0.19571489727695734	96.3624
GCF_013342135.1	GCF_000337495.1	0.9-0.95	94.2251	94.3637	94.42082054004489	6.226184787168677	94.42082054004489
GCA_003021175.1	GCA_003023185.1	0.9-0.95	93.3504	93.9503	93.76259041698822	-0.12764423435328354	93.9503
GCA_013180605.1	GCA_003160755.1	0.9-0.95	92.4133	95.4129	94.68632341355125	0.5859572217520963	95.4129
GCF_900215215.1	GCF_003722075.1	0.9-0.95	93.3718	94.0185	92.51058318491282	1.2895081297328943	94.0185
GCF_000970045.1	GCA_013329415.1	0.9-0.95	92.0793	94.2978	94.24951253167659	0.6019869221781846	94.2978
GCF_000336815.1	GCF_000337795.1	0.9-0.95	92.5277	92.5385	92.19190441513967	8.118399538576341	92.19190441513967
GCF_000337375.1	GCF_007671685.1	0.9-0.95	90.3554	90.5811	89.74010141514383	0.9782649283151841	90.5811
GCA_009649835.1	GCA_013330355.1	0.9-0.95	91.9728	94.9361	94.93049967736785	0.4973078958912538	94.9361
GCA_016841265.1	GCA_013329415.1	0.9-0.95	92.7796	95.3468	94.4131820668192	1.3657851704701898	95.3468
GCA_003229935.1	GCA_002897955.1	0.9-0.95	93.5377	95.6115	95.60290193369012	0.4809139269154912	95.6115
GCA_009838645.1	GCA_009841265.1	0.9-0.95	92.7612	94.4303	92.48232500734277	10.434683139921617	92.48232500734277
GCA_009841265.1	GCA_009835325.1	0.9-0.95	93.5554	95.3485	94.55220429466603	4.663555912167794	95.3485
GCA_013152225.1	GCA_011682565.1	0.9-0.95	92.6195	96.5517	96.50083628717621	9.0286376567783	96.50083628717621
GCA_013824755.1	GCA_016719645.1	0.9-0.95	91.5817	94.1256	94.17670569719317	5.782243288571408	94.17670569719317
GCA_009840005.1	GCA_009845645.1	0.9-0.95	92.6726	95.0321	94.98445066328138	1.6739611529228569	95.0321
GCA_015660315.1	GCA_018672475.1	0.9-0.95	94.0568	95.9496	95.93481938310964	5.296201585075323	95.93481938310964
GCA_012961755.1	GCA_003645885.1	0.9-0.95	90.9578	94.5262	94.47164551430495	0.3595533855040003	94.5262
GCA_004402915.1	GCA_004402895.1	0.9-0.95	94.1812	94.9012	94.40407907802131	1.7304769688064425	94.9012
GCA_002704685.1	GCA_002693365.1	0.9-0.95	94.0108	95.1476	95.1974717587431	0.7534461706663933	95.1476
GCA_012964235.1	GCA_002686675.1	0.9-0.95	94.5222	96.5	96.44785599166651	0.18214982743057817	96.5
GCA_002707765.1	GCA_002718585.1	0.9-0.95	93.5986	93.9454	92.2847738903448	0.5831193913672905	93.9454
GCA_002171125.1	GCA_002591605.1	0.9-0.95	91.6716	93.3989	93.41620880856323	0.1413956231753275	93.3989
GCA_018895675.1	GCA_016783665.1	0.9-0.95	94.8118	96.9471	96.80509062105112	3.923161276920382	96.9471
GCA_002703375.1	GCA_002704045.1	0.9-0.95	91.464	95.0676	95.03276858132588	0.615116540252302	95.0676
GCA_002167345.2	GCA_902562835.1	0.9-0.95	94.3437	95.3299	95.31500643857085	0.7501037467059177	95.3299
GCA_902615915.1	GCA_002170005.2	0.9-0.95	91.5939	92.5353	92.25129328834507	1.2104339852257908	92.5353
GCA_002726775.1	GCA_002686675.1	0.9-0.95	94.097	96.3834	96.1786883621206	0.0569616468580989	96.3834
GCA_004124405.1	GCA_012964845.1	0.9-0.95	90.8048	95.1399	93.93486821695657	0.1155262427158732	95.1399
GCA_003535775.1	GCA_002686675.1	0.9-0.95	95.4958	97.1861	97.17979763321414	0.07892058512982203	97.1861
GCA_002726775.1	GCA_012964235.1	0.9-0.95	94.2899	96.3547	96.33768605507603	0.04296354877283193	96.3547
GCA_002839705.1	GCA_002509745.1	0.9-0.95	92.3411	95.0162	95.00543431351622	0.348552625814591	95.0162
GCF_002287175.1	GCF_000745485.1	0.9-0.95	93.0271	93.5211	93.41984000557225	1.889582193757633	93.5211
GCF_018141185.1	GCA_019084405.1	0.9-0.95	90.2973	92.7691	92.67715695666776	0.1128442004514909	92.7691
GCA_016291275.1	GCA_902784195.1	0.9-0.95	91.3893	95.8177	95.73153870676332	0.037547096063917706	95.8177
GCF_000828575.1	GCF_014889545.1	0.9-0.95	90.2077	90.0936	90.5329159232441	0.20096950150855264	90.0936
GCA_003491305.1	GCA_001316325.1	0.9-0.95	94.497	95.2071	95.26740259606379	0.692682812131352	95.2071
GCA_017652345.1	GCA_016291275.1	0.9-0.95	90.9969	96.397	96.39999152931921	0.10458075078099682	96.397
GCF_000018485.1	GCF_000016125.1	0.9-0.95	91.7708	91.5813	91.86577046662381	2.541326489183575	91.5813
GCF_000007185.1	GCF_002201895.1	0.9-0.95	90.8199	91.0537	90.03837733093256	0.23569249750244126	91.0537
GCA_003663525.1	GCF_000022545.1	0.9-0.95	92.4481	95.2069	95.19632492514867	0.47171186438663426	95.2069
GCA_004212155.1	GCA_011372835.1	0.9-0.95	93.6822	95.7888	95.74223729647935	0.2841100258483493	95.7888
GCA_001788415.1	GCA_016188005.1	0.9-0.95	91.4394	94.071	93.99108148403653	0.18676208349734225	94.071
GCA_016193045.1	GCA_001443385.1	0.9-0.95	91.5274	93.8408	93.56829230700168	1.3171024236962694	93.8408
GCA_016180655.1	GCA_001771285.1	0.9-0.95	91.6651	94.4499	94.4079769652095	0.47418443072729133	94.4499
GCF_000022145.1	GCF_000013385.1	0.9-0.95	93.5517	94.7502	94.14568884801359	1.1725606795444037	94.7502
GCA_002841825.1	GCA_018817795.1	0.9-0.95	95.1406	96.5502	96.54057522981024	0.4013066173502011	96.5502
GCA_017881285.1	GCA_003136095.1	0.9-0.95	92.0252	95.728	95.7075695211325	2.5324889064249874	95.728
GCF_001887355.1	GCF_000335475.2	0.9-0.95	93.8814	94.5595	94.08204327186098	20.45102379241871	94.08204327186098
GCA_903912275.1	GCA_903873545.1	0.9-0.95	90.3383	94.7558	94.7911990040931	5.465215263451682	94.7911990040931
GCF_009909145.1	GCF_017309135.1	0.9-0.95	89.4214	91.1156	91.55238424104625	5.073878412247723	91.55238424104625
GCA_013205435.1	GCA_903873545.1	0.9-0.95	89.0311	93.2529	93.21232585793247	1.3642516214567877	93.2529
GCA_001552015.1	GCA_000387965.1	0.9-0.95	92.0218	92.2084	92.07150042879377	-0.020381652452826415	92.2084
GCA_000387965.1	GCA_003086415.1	0.9-0.95	93.9707	93.037	93.01536470380026	0.2528801251125259	93.037
GCA_016217665.1	GCA_016214375.1	0.9-0.95	92.6421	96.0713	95.57039892786705	0.4079197397917369	96.0713
GCA_016195465.1	GCA_001803795.1	0.9-0.95	91.6643	94.3011	94.35362114801119	1.4515238750059325	94.3011
GCA_005116795.1	GCA_016235225.1	0.9-0.95	91.871	96.1843	96.16822458168963	0.11698129942283231	96.1843
GCA_016212165.1	GCA_009773185.1	0.9-0.95	94.936	95.7146	95.02962709649437	4.734587618083424	95.7146
GCA_015233245.1	GCA_015233895.1	0.9-0.95	94.0758	95.4072	95.6669602121316	11.905282216807791	95.6669602121316
GCA_011525625.1	GCF_905220995.1	0.9-0.95	91.5493	92.4713	91.16900058256931	0.8038306190155708	92.4713
GCA_011620275.1	GCA_002418595.1	0.9-0.95	92.6146	94.8586	94.8319606630857	3.7637571462173582	94.8586
GCA_016193195.1	GCA_016193175.1	0.9-0.95	90.8279	94.2751	94.19147097039877	-0.03302198344863427	94.2751
GCA_016782425.1	GCA_013203315.1	0.9-0.95	90.1119	93.4086	93.07309014483683	0.38201200171675964	93.4086
GCA_000990945.1	GCA_003510795.1	0.9-0.95	94.2271	97.1897	97.65569052626395	2.074337618470281	97.1897
GCA_013334245.1	GCA_903854995.1	0.9-0.95	94.5431	95.0474	95.39248437218941	0.655440115854617	95.0474
GCA_012842045.1	GCA_018056375.1	0.9-0.95	93.5849	90.8255	92.78760633109503	0.8516795530567833	90.8255
GCA_013100805.1	GCA_010202845.1	0.9-0.95	93.0811	91.0976	90.51325127172042	0.8858390255281847	91.0976
GCA_905373275.1	GCA_905373385.1	0.9-0.95	94.5637	95.4051	95.36213785356799	0.08578326232827749	95.4051
GCA_013333515.2	GCA_905365345.1	0.9-0.95	94.5409	96.3236	96.35361594835521	0.850057295759143	96.3236
GCA_905372225.1	GCF_004138455.1	0.9-0.95	94.2605	95.1217	95.23503041874847	0.9123949685113075	95.1217
GCA_001824915.1	GCA_016181405.1	0.9-0.95	90.1211	90.5003	89.3908854054659	0.6371991199988543	90.5003
GCA_905365345.1	GCF_004138455.1	0.9-0.95	94.3103	95.8223	95.66102306760533	0.891074019749567	95.8223
GCA_002773575.1	GCA_001777995.1	0.9-0.95	94.2208	96.8897	95.68201486879859	0.5173370116420983	96.8897
GCA_002329465.1	GCA_013374835.1	0.9-0.95	92.4743	93.7134	93.6670347662308	0.5102242466475673	93.7134
GCA_002771075.1	GCA_001825335.1	0.9-0.95	93.0905	96.8418	96.47326179874595	0.3327050432757801	96.8418
GCA_002316545.1	GCA_002455275.1	0.9-0.95	91.4022	90.2826	90.401099092832	1.959690518889147	90.2826
GCA_018694835.1	GCA_014240375.1	0.9-0.95	93.078	94.3375	92.47665111639394	3.347462577137776	94.3375
GCA_003162245.1	GCA_903914415.1	0.9-0.95	91.1888	93.9226	93.34230414433911	1.1436991357313673	93.9226
GCA_005524015.1	GCA_000296795.1	0.9-0.95	95.003	95.1761	94.84910014904648	3.6430881154710733	95.1761
GCA_003559755.1	GCA_003553185.1	0.9-0.95	91.8695	94.9825	94.97184077550067	9.278652054552367	94.97184077550067
GCA_016872555.1	GCA_018970785.1	0.9-0.95	94.6847	95.8437	95.62401434945002	5.005133141479746	95.62401434945002
GCA_017466305.1	GCA_017937685.1	0.9-0.95	91.8804	95.7336	94.40840636846677	2.1831894743072553	95.7336
GCF_001707835.1	GCF_007752345.1	0.9-0.95	92.1186	92.8704	90.6799949134108	4.25298849722094	92.8704
GCA_003576915.1	GCA_019186845.1	0.9-0.95	89.8871	91.4989	91.98519060222976	14.734745576326532	91.98519060222976
GCA_001828545.1	GCA_016209685.1	0.9-0.95	92.9962	95.9577	95.80962428278286	2.751930418372922	95.9577
GCA_001603075.1	GCA_012719085.1	0.9-0.95	90.2498	93.061	93.01024810904734	3.2654093538312736	93.061
GCA_013360585.1	GCA_016860685.1	0.9-0.95	94.2384	95.5638	94.63064697375935	7.009391184630658	94.63064697375935
GCF_007747995.1	GCF_007860075.1	0.9-0.95	91.0297	91.1904	89.61854933910125	0.47107986917399103	91.1904
GCA_011057845.1	GCA_002347125.1	0.9-0.95	90.6872	95.8495	95.66689111778244	-0.04448676338051882	95.8495
GCA_002724315.1	GCA_003445035.1	0.9-0.95	91.0923	93.3755	93.32739207160137	3.861684118175617	93.3755
GCA_016776905.1	GCA_009937185.1	0.9-0.95	94.7864	95.9517	95.94544802304372	3.04857695420651	95.9517
GCA_007121565.1	GCA_003567095.1	0.9-0.95	91.5869	95.9365	95.941591505709	0.6417431876188857	95.9365
GCA_012515775.1	GCA_018056925.1	0.9-0.95	94.72	96.9836	97.0210949689476	9.55799552362987	97.0210949689476
GCF_012290005.1	GCF_007752935.1	0.9-0.95	93.304	94.105	93.73416172925596	-0.19624547779676504	94.105
GCA_012960475.1	GCA_014238415.1	0.9-0.95	92.0418	93.0375	92.7552740233671	0.7428015171517472	93.0375
GCA_018970845.1	GCA_016873225.1	0.9-0.95	92.4975	95.2808	95.18211618546452	2.7880611340406176	95.2808
GCA_007741475.1	GCF_007751715.1	0.9-0.95	92.6213	93.5183	91.55680948887614	4.28390122408382	93.5183
GCA_903916245.1	GCA_017853435.1	0.9-0.95	90.8868	94.3736	94.62830398412935	16.715382366661288	94.62830398412935
GCA_005778045.1	GCA_903892045.1	0.9-0.95	93.1382	95.2877	95.23805182719545	1.377611346055346	95.2877
GCA_007694925.1	GCA_007124345.1	0.9-0.95	93.2293	95.8576	95.8018135055337	5.861087951806439	95.8018135055337
GCA_002690755.1	GCA_002683215.1	0.9-0.95	90.1916	92.6727	92.5616726210038	1.1219205654260804	92.6727
GCA_002303765.1	GCA_903960945.1	0.9-0.95	93.2898	95.3722	95.30776002816235	1.8901155125822697	95.3722
GCA_012269595.1	GCA_013911165.1	0.9-0.95	94.2812	95.3261	95.25894184262295	0.0027713167346519185	95.3261
GCA_002714785.1	GCA_002729015.1	0.9-0.95	91.8181	93.0724	93.17520712455503	2.7603041798174672	93.0724
GCF_018860505.1	GCF_018860665.1	0.9-0.95	91.8151	92.8668	92.73462588622164	2.9826765583966335	92.8668
GCF_000422965.1	GCF_011759535.1	0.9-0.95	92.1931	92.9026	91.73932431112834	0.1336214967232081	92.9026
GCA_018777385.1	GCF_015762685.1	0.9-0.95	94.4533	95.4555	95.01913353868675	0.2515462344617845	95.4555
GCF_006171285.1	GCF_011290365.1	0.9-0.95	90.2377	89.8152	86.88795590506592	7.944285337465772	86.88795590506592
GCA_014116815.1	GCF_000815465.1	0.9-0.95	93.5268	94.7675	94.6658131954673	0.0683462180954848	94.7675
GCF_006376675.1	GCF_902825325.1	0.9-0.95	90.14	91.0486	91.42272868896009	12.45300223160666	91.42272868896009
GCF_014193285.1	GCF_009907385.1	0.9-0.95	92.8724	92.6604	90.04892625494101	2.6012735228759993	92.6604
GCF_005311025.1	GCF_003076515.1	0.9-0.95	90.0019	89.5452	87.00291878429708	4.200151536917474	89.5452
GCF_001182045.1	GCF_003402575.1	0.9-0.95	94.0243	94.1407	93.18496301162945	0.9062057796836598	94.1407
GCA_002414665.1	GCA_002416125.1	0.9-0.95	91.1563	92.13	91.43663999982248	2.5367004653871845	92.13
GCF_000521605.1	GCF_013377235.1	0.9-0.95	89.8041	87.8441	90.23929626344321	1.4728622827879008	87.8441
GCA_001296005.1	GCF_002868735.1	0.9-0.95	92.0396	93.1025	93.05448570294985	1.2513116256086505	93.1025
GCF_006175985.1	GCA_004168015.1	0.9-0.95	94.6455	95.5189	95.44622637188469	1.594712019628787	95.5189
GCA_902624455.1	GCA_902527075.1	0.9-0.95	91.0585	91.9548	92.32806098067567	3.830924770720685	91.9548
GCF_003184265.1	GCF_003333315.1	0.9-0.95	91.9989	92.1174	91.15127952982493	2.9238174150741543	92.1174
GCF_000277545.1	GCF_011752815.1	0.9-0.95	94.8711	94.7544	93.24584025327096	3.0510238502065476	94.7544
GCF_008330945.1	GCF_001676615.1	0.9-0.95	90.0554	91.5934	90.46716757046215	2.033074164566642	91.5934
GCA_902596065.1	GCA_902567855.1	0.9-0.95	95.1476	96.2493	96.24220784406418	0.44542468953864045	96.2493
GCA_001044335.1	GCA_000156155.1	0.9-0.95	94.8779	94.784	94.8917421271465	1.2380382585579355	94.784
GCF_001425265.1	GCF_001425045.1	0.9-0.95	90.2273	91.444	90.08323488853485	0.1451410053705331	91.444
GCA_002726005.1	GCA_902533755.1	0.9-0.95	92.2274	93.8407	93.82540707243707	0.37040878307686853	93.8407
GCF_012102705.1	GCF_012102745.1	0.9-0.95	93.5593	94.0385	92.71750149835925	1.024616542223157	94.0385
GCA_018883285.1	GCA_903887035.1	0.9-0.95	93.3352	97.3756	97.39838385473922	1.6619867840199731	97.3756
GCA_016124665.1	GCF_003129605.1	0.9-0.95	94.7843	94.8429	94.04140300181099	1.1306428538646287	94.8429
GCF_007680145.1	GCF_002918705.1	0.9-0.95	92.0992	92.0129	90.71556855978191	-0.2818539362906449	92.0129
GCF_000429565.1	GCF_903968575.1	0.9-0.95	92.6115	93.9759	93.85583971806241	0.0034528467231211835	93.9759
GCF_006384255.1	GCF_001457655.1	0.9-0.95	91.5153	94.7927	94.53423634418698	1.3556976304796535	94.7927
GCA_018373095.1	GCF_002015045.1	0.9-0.95	90.7578	95.5596	95.35815905810144	3.2139718962805546	95.5596
GCF_014048475.1	GCF_002003665.1	0.9-0.95	94.3725	94.6156	93.44516109675632	1.452412925367753	94.6156
GCF_004295645.1	GCA_016649425.1	0.9-0.95	91.467	90.8271	91.53899835700065	2.5250544519349205	90.8271
GCA_902547295.1	GCA_902612915.1	0.9-0.95	95.2883	95.5218	95.67266210477626	1.0272744580911422	95.5218
GCA_902628925.1	GCA_902594515.1	0.9-0.95	93.2998	92.1617	92.7463280621794	1.846821540314977	92.1617
GCA_902622745.1	GCA_902524215.1	0.9-0.95	91.5858	95.1652	95.3262607735564	1.8559057060163013	95.1652
GCF_003671765.1	GCA_005503065.1	0.9-0.95	91.8471	93.3605	92.89933554933468	0.8008734028699109	93.3605
GCF_019049625.1	GCF_003602095.1	0.9-0.95	92.5245	92.7228	91.28913614327575	4.910387620804613	92.7228
GCF_006171285.1	GCF_006874705.1	0.9-0.95	90.5381	89.8424	87.05495071988751	2.4006241306688025	89.8424
GCF_000245735.1	GCF_000272005.1	0.9-0.95	91.2343	90.6534	87.76446248280905	4.356423704365625	90.6534
GCF_000174355.1	GCF_900177275.1	0.9-0.95	94.0495	94.7721	94.18524791161654	3.6888640910146933	94.7721
GCF_900110885.1	GCF_004339665.1	0.9-0.95	91.5322	93.1813	93.28022934921393	3.1709144306805683	93.1813
GCA_903934795.1	GCA_018970865.1	0.9-0.95	92.9349	94.6009	94.52831619721111	-0.040895533878938295	94.6009
GCA_017998915.1	GCA_002068715.1	0.9-0.95	89.4346	94.4747	94.59362650306812	11.943031296937079	94.59362650306812
GCA_002683655.1	GCA_002450295.1	0.9-0.95	91.8871	94.5485	94.42381983723831	0.8305487308552983	94.5485
GCA_002839335.1	GCA_002839355.1	0.9-0.95	91.8612	93.2032	92.98678968431904	-0.10276618670104654	93.2032
GCA_013151965.1	GCA_003233545.1	0.9-0.95	90.9836	93.8284	93.81152306385076	4.146288795887813	93.8284
GCA_007135605.1	GCA_007126865.1	0.9-0.95	91.1287	94.1618	94.01601290234353	2.575429471701682	94.1618
GCA_017642445.1	GCA_017649605.1	0.9-0.95	92.1328	94.0842	92.97754075261773	1.5799123749211503	94.0842
GCF_000755145.1	GCF_000413095.1	0.9-0.95	89.9548	92.1674	92.44125656837082	1.3398709834582405	92.1674
GCF_001945665.1	GCF_014205885.1	0.9-0.95	93.4848	94.7197	94.57333108308781	0.27090985923541666	94.7197
GCA_900315435.1	GCA_905215015.1	0.9-0.95	90.9465	93.2638	92.70823906883601	0.5929857683131559	93.2638
GCA_905372025.1	GCF_000413055.1	0.9-0.95	93.3342	93.8203	93.20021679630487	1.0575232485171	93.8203
GCF_000170955.2	GCF_900099615.1	0.9-0.95	91.8606	92.9907	92.87472999845585	0.5241820163273587	92.9907
GCF_009755885.1	GCF_008016535.1	0.9-0.95	92.4933	94.2032	93.99298429973273	1.883843373251466	94.2032
GCF_000008185.1	GCF_000413095.1	0.9-0.95	94.2743	93.9366	93.33752435385618	6.464945234910374	93.33752435385618
GCA_002418835.1	GCA_002425885.1	0.9-0.95	90.4316	93.1196	93.186222845998	6.458672210220357	93.186222845998
GCF_001922545.1	GCF_900099615.1	0.9-0.95	92.0614	92.6665	92.58689672605391	1.0901214112600428	92.6665
GCA_007693325.1	GCA_007123465.1	0.9-0.95	94.0508	95.421	95.36638880459238	1.6467429716030892	95.421
GCF_008828755.2	GCF_014201705.1	0.9-0.95	91.6502	92.9918	92.97413620741892	2.0350329237044207	92.9918
GCF_000378205.1	GCF_000143985.1	0.9-0.95	94.8642	95.2433	94.95362148045132	1.0889439907368796	95.2433
GCF_001945665.1	GCF_008931845.1	0.9-0.95	91.1105	92.4492	92.20652384712335	0.06353766099482527	92.4492
GCF_000184345.1	GCF_000147075.1	0.9-0.95	94.906	94.9495	95.1003092523851	2.0486574246006057	94.9495
GCA_003566875.1	GCA_007695285.1	0.9-0.95	91.6144	95.2729	95.25899126311596	1.3994049891689428	95.2729
GCF_000413095.1	GCA_905372345.1	0.9-0.95	93.9986	96.4706	96.47778109246846	1.1835341811861326	96.4706
GCA_902797925.1	GCA_017614995.1	0.9-0.95	89.6142	93.5928	93.48082953729059	-0.21069111640281335	93.5928
GCF_000526375.1	GCA_002425685.1	0.9-0.95	93.4833	94.541	93.52502841421688	1.1446450865623774	94.541
GCA_003446665.1	GCA_018434645.1	0.9-0.95	93.4795	95.8264	95.73453813303395	-0.13179515640558748	95.8264
GCA_001509095.1	GCA_012729145.1	0.9-0.95	91.6185	93.4602	93.3750986681387	0.5363742959070805	93.4602
GCA_900544635.1	GCA_018716365.1	0.9-0.95	91.8317	95.1145	94.98353891894439	0.031655339781536895	95.1145
GCA_002432945.1	GCA_002436015.1	0.9-0.95	90.516	91.2619	91.29860290993015	0.7919061582219911	91.2619
GCF_002007215.1	GCF_000177335.1	0.9-0.95	93.1685	94.4563	92.18681142774115	7.887234572695888	92.18681142774115
GCA_001508935.1	GCF_016125955.1	0.9-0.95	90.7358	92.7499	92.3686463949931	0.9222092580021126	92.7499
GCA_013329135.1	GCA_011391345.1	0.9-0.95	94.0881	96.536	96.50958750965002	0.42735416098503265	96.536
GCA_004195635.1	GCA_018649825.1	0.9-0.95	93.2962	94.7705	94.67032966231373	-0.168770983243121	94.7705
GCA_012959275.1	GCA_014240385.1	0.9-0.95	90.9838	92.6123	92.59642793620301	2.6792781377157553	92.6123
GCA_002506255.1	GCA_001421175.1	0.9-0.95	91.0733	93.9468	93.74202304759085	2.8860189378312953	93.9468
GCA_002497905.1	GCA_002506875.1	0.9-0.95	93.6314	94.7007	94.75692500305499	4.183108029867071	94.7007
GCA_002509165.1	GCA_003193815.1	0.9-0.95	91.431	94.373	94.4167196641777	1.2311385290140606	94.373
GCA_016845825.1	GCA_001875345.1	0.9-0.95	94.5665	96.4866	96.43269108294852	0.392607286850307	96.4866
GCF_009729035.1	GCA_003086555.1	0.9-0.95	94.4107	96.0787	96.00169414497437	0.1772628474029716	96.0787
GCA_009665115.1	GCA_003176995.1	0.9-0.95	93.9967	96.5148	96.45909164701149	0.1662547033811279	96.5148
GCF_900248165.1	GCA_013538805.1	0.9-0.95	89.4063	91.2803	90.23168680525244	-0.05727437525638379	91.2803
GCF_012222305.1	GCF_009729055.1	0.9-0.95	92.2367	91.4325	91.52784907439433	0.4126436130250113	91.4325
GCF_000011205.1	GCF_009729055.1	0.9-0.95	95.4493	95.3436	95.45030412772945	1.2035885301497729	95.3436
GCF_014078545.1	GCA_003352285.1	0.9-0.95	94.4914	94.4882	94.29732765357083	1.7919276974535023	94.4882
GCF_019175345.1	GCF_000022485.1	0.9-0.95	95.1317	94.7225	94.30937822122016	6.059656145005647	94.30937822122016
GCA_001593855.1	GCA_003662305.1	0.9-0.95	90.743	94.1501	94.18213640147044	0.8045762748748757	94.1501
GCA_002898655.1	GCF_900248165.1	0.9-0.95	93.4995	96.2769	96.05607686103413	0.37424536816024556	96.2769
GCA_007050885.1	GCA_001775955.1	0.9-0.95	91.5711	94.1717	94.16386368227077	0.5896569871567863	94.1717
GCA_007280335.1	GCA_013287585.1	0.9-0.95	92.2865	94.3848	94.29385780256413	0.8729867727436158	94.3848
GCA_011369665.1	GCA_011372935.1	0.9-0.95	90.4126	95.9945	95.982646799336	0.12885562535433337	95.9945
GCA_016201435.1	GCA_007280335.1	0.9-0.95	92.5004	94.7083	94.61176456696107	0.16129975717535672	94.7083
GCA_003019535.1	GCA_902812505.1	0.9-0.95	94.7798	96.5232	95.51826679716959	3.8743568045219945	96.5232
GCA_013390745.1	GCA_018263495.1	0.9-0.95	94.2551	95.5357	95.24571581405985	1.1792287884244388	95.5357
GCA_011373895.1	GCA_011373445.1	0.9-0.95	90.9917	92.5046	91.51434166286512	0.26903463142411965	92.5046
GCF_009729545.1	GCA_003086435.1	0.9-0.95	93.1247	95.3429	95.27741957287341	-0.056286881154846924	95.3429
GCA_000508305.1	GCF_000012285.1	0.9-0.95	94.0372	94.091	94.18608769092485	0.5945947691720903	94.091
GCA_011369665.1	GCA_011053655.1	0.9-0.95	93.5308	96.0754	96.06889446297457	0.2870100744660249	96.0754
GCF_000784835.1	GCF_000016785.1	0.9-0.95	94.3252	93.3715	94.4502396077702	12.71904838228238	94.4502396077702
GCF_000018605.1	GCF_002895525.1	0.9-0.95	90.4679	89.5294	90.74497024718272	7.520849536703736	90.74497024718272
GCA_011620345.1	GCA_002347965.1	0.9-0.95	93.2766	94.2173	93.71002077714562	0.8278105232657254	94.2173
GCA_017650925.1	GCA_017539325.1	0.9-0.95	89.7153	93.1995	91.19036488077069	1.7417227027681292	93.1995
GCA_009839615.1	GCA_011523725.1	0.9-0.95	94.3108	96.4666	96.49061481286274	4.072725479559267	96.4666
GCA_016184445.1	GCA_001790955.1	0.9-0.95	89.3526	95.0683	95.03758876200563	0.2790483301596396	95.0683
GCA_002069885.1	GCA_002435745.1	0.9-0.95	92.2749	94.1826	92.57622314074891	1.2463600972077984	94.1826
GCA_016190005.1	GCA_016213845.1	0.9-0.95	94.5398	95.7947	95.89970026048493	8.111511275150406	95.89970026048493
GCA_002495465.1	GCA_014189675.1	0.9-0.95	93.6464	95.1592	95.01751592195072	1.0360916028087104	95.1592
GCA_017540905.1	GCA_902766695.1	0.9-0.95	93.3875	97.8481	97.8555620888842	0.5109973359426476	97.8481
GCA_005801385.1	GCA_016871805.1	0.9-0.95	90.6809	93.6568	93.49764691811019	-0.269028765929761	93.6568
GCF_017310545.1	GCA_000526255.1	0.9-0.95	91.926	91.7098	91.92928468452199	0.9318396209509956	91.7098
GCF_004421185.1	GCF_007475525.1	0.9-0.95	93.1637	94.0886	93.89179042094439	0.47458553451633634	94.0886
GCA_905182465.1	GCA_009886465.1	0.9-0.95	93.297	94.5273	94.43072084450293	0.2567000053213633	94.5273
GCA_002363035.1	GCA_017479315.1	0.9-0.95	90.94	92.7891	90.11765823570576	1.6323936454866725	92.7891
GCA_003220075.1	GCA_003219125.1	0.9-0.95	91.532	94.4473	94.38004481044824	0.689208136639536	94.4473
GCA_017999015.1	GCA_002071025.1	0.9-0.95	91.2797	96.0891	96.0732153404617	9.462825318189061	96.0732153404617
GCA_002305655.1	GCA_019136135.1	0.9-0.95	94.059	95.4402	95.47117289182508	5.612344627978018	95.47117289182508
GCA_017854655.1	GCA_905182435.1	0.9-0.95	91.1552	92.7121	91.75998610250285	4.117743568301194	92.7121
GCA_002309765.1	GCA_017454745.1	0.9-0.95	94.6162	95.3018	95.06135898666518	0.6734708602652972	95.3018
GCA_003218515.1	GCA_003218935.1	0.9-0.95	94.3541	96.5533	95.98596771024714	1.4408879164548125	96.5533
GCA_014529625.1	GCA_002420185.1	0.9-0.95	92.4934	92.172	89.12994450075765	5.88359243186278	89.12994450075765
GCA_002690655.1	GCA_000383715.1	0.9-0.95	94.5541	95.25	95.08430479730553	0.14203510655534046	95.25
GCA_017413145.1	GCA_902793555.1	0.9-0.95	91.0613	95.4776	95.44836424348397	0.5105886447199737	95.4776
GCA_017849585.1	GCA_002304345.1	0.9-0.95	90.895	93.2406	92.50531639213587	3.248622039853217	93.2406
GCA_003218705.1	GCA_003220055.1	0.9-0.95	93.3956	95.2863	95.31911390887058	2.5354325100433925	95.2863
GCA_002308515.1	GCA_016283885.1	0.9-0.95	90.7127	95.3287	95.48279233017517	7.255409144166833	95.48279233017517
GCA_902793555.1	GCA_902761575.1	0.9-0.95	91.2899	96.7122	96.78686963156203	2.293012429515784	96.7122
GCA_902766695.1	GCA_017527155.1	0.9-0.95	95.4358	98.2237	98.21597986185839	1.7186557685527077	98.2237
GCA_902774245.1	GCA_902762495.1	0.9-0.95	91.0695	93.2203	92.4377560637022	2.3824552523929015	93.2203
GCA_904424815.1	GCA_900760665.1	0.9-0.95	92.1484	93.7847	91.71645954047116	2.0795987499077455	93.7847
GCA_900771165.1	GCA_016303095.1	0.9-0.95	89.5096	95.9008	96.07349989914138	1.980419760114728	95.9008
GCA_009937455.1	GCA_002292185.1	0.9-0.95	90.459	93.6144	93.59983848828409	1.8133539879986529	93.6144
GCA_003218935.1	GCA_003219345.1	0.9-0.95	92.8203	96.073	96.10126566158138	6.278442104072383	96.10126566158138
GCA_002405835.1	GCA_900549045.1	0.9-0.95	91.7224	94.554	94.46052783418718	3.0793890347931665	94.554
GCA_003219345.1	GCA_003218515.1	0.9-0.95	92.8609	95.8591	95.79778543244385	0.15561358564264083	95.8591
GCA_002737275.1	GCA_002304445.1	0.9-0.95	93.2033	94.5039	92.40985991936897	4.202080303495677	94.5039
GCA_017455665.1	GCA_902802585.1	0.9-0.95	90.3094	93.0766	92.12219846867073	1.1553719118892332	93.0766
GCF_000226295.1	GCF_018304765.1	0.95-0.99	94.1089	93.9407	91.76014953727972	6.900748501362614	91.76014953727972
GCF_900104895.1	GCF_002936985.1	0.95-0.99	96.2182	97.4126	97.23001561634155	7.5112665039196145	97.23001561634155
GCA_002694095.1	GCA_002728915.1	0.95-0.99	94.8054	96.1125	96.26818237760037	5.773927235519295	96.26818237760037
GCA_016783995.1	GCA_002779205.1	0.95-0.99	94.6114	98.1205	97.99630984406072	0.06962409950270398	98.1205
GCF_002735905.1	GCF_001598915.1	0.95-0.99	95.653	96.0769	95.70839520295074	0.7243167146334599	96.0769
GCA_903924445.1	GCA_903915615.1	0.95-0.99	95.0646	96.8733	96.81434631177696	12.627958274572848	96.81434631177696
GCA_002452835.1	GCA_018054125.1	0.95-0.99	95.3767	96.6915	96.75965730018186	1.6140719223263886	96.6915
GCA_016285615.1	GCA_017454945.1	0.95-0.99	94.4763	96.1679	96.28085596498346	2.7193983035294877	96.1679
GCA_013151565.1	GCA_003233295.1	0.95-0.99	95.1204	97.9317	97.90389430865042	-0.0343437325504965	97.9317
GCA_902536695.1	GCA_002694645.1	0.95-0.99	98.0208	97.6837	96.62896169771697	3.970563673173615	97.6837
GCA_002371265.1	GCA_002392915.1	0.95-0.99	94.7924	94.8687	92.17804845025694	13.856619804084403	92.17804845025694
GCA_016777435.1	GCA_905478895.1	0.95-0.99	96.6255	97.917	97.70375849673422	0.7374382733228231	97.917
GCF_001999985.1	GCF_900198365.1	0.95-0.99	95.4927	95.7876	95.62456617919146	5.060484105751129	95.62456617919146
GCA_015484985.1	GCA_015491595.1	0.95-0.99	94.243	98.6388	98.64088214403533	1.993940577007379	98.6388
GCA_005881295.1	GCA_001919995.1	0.95-0.99	98.7893	99.1295	99.14203081207033	1.2714258118567159	99.1295
GCA_002313895.1	GCA_002710885.1	0.95-0.99	95.737	95.094	93.38595562995755	15.507962848365423	93.38595562995755
GCA_014324065.1	GCA_005518205.2	0.95-0.99	94.9374	96.637	96.34883211297253	6.758853274334797	96.34883211297253
GCF_003367075.1	GCF_014489415.1	0.95-0.99	95.7217	96.406	96.46487272064903	0.40213934543271534	96.406
GCF_009792235.1	GCA_002282935.1	0.95-0.99	95.7654	96.7852	96.10581842261008	0.7737464362817263	96.7852
GCA_015486915.1	GCA_015493575.1	0.95-0.99	95.5443	97.4265	97.33718833546136	1.6430626849446526	97.4265
GCA_013203195.1	GCA_014383215.1	0.95-0.99	96.3643	98.0051	98.02395641300971	1.267697629838949	98.0051
GCA_015222355.1	GCA_013138655.1	0.95-0.99	95.7958	97.5297	97.50823614154416	8.104973060720113	97.50823614154416
GCA_012271025.1	GCA_011523315.1	0.95-0.99	96.003	97.4123	97.40765759478973	5.4502240127121695	97.40765759478973
GCF_900107035.1	GCF_001447355.1	0.95-0.99	95.9434	96.5411	96.36394060645486	0.4945803955106385	96.5411
GCF_001696685.1	GCF_000438455.1	0.95-0.99	95.9189	96.3366	96.38617370397856	4.419777495309063	96.3366
GCA_900769635.1	GCA_900557675.1	0.95-0.99	98.5077	98.6163	97.94806247578909	0.1749220169277237	98.6163
GCF_000474275.2	GCF_000005825.2	0.95-0.99	96.1435	96.7286	96.42958275589393	10.462714213590516	96.42958275589393
GCA_900546275.1	GCA_905215145.1	0.95-0.99	97.8587	98.6565	98.63598889665394	-0.010830048493374989	98.6565
GCA_001610955.1	GCF_001544135.1	0.95-0.99	95.8571	96.5077	95.09889035658841	3.2866231750449515	96.5077
GCA_018365895.1	GCF_018228665.1	0.95-0.99	95.2821	95.644	95.76518170702563	4.728857037206581	95.644
GCF_000204565.1	GCF_017100085.1	0.95-0.99	95.6439	94.7326	94.73004165984986	4.529602690861793	94.7326
GCF_006802875.1	GCF_000452245.2	0.95-0.99	96.3145	96.5476	96.62547417827636	1.670711533710346	96.5476
GCF_000196455.1	GCF_900168025.1	0.95-0.99	96.5207	96.3859	96.21042538054863	5.118937128242578	96.21042538054863
GCA_900557435.1	GCA_900767685.1	0.95-0.99	94.9902	97.2573	97.29325071763466	3.9141021654236283	97.2573
GCF_001006285.1	GCF_006802875.1	0.95-0.99	95.609	97.1391	97.13723228406424	3.660871573454642	97.1391
GCA_012840385.1	GCA_902812385.1	0.95-0.99	95.6017	96.4529	95.92268918526743	0.2930307776396148	96.4529
GCF_900109225.1	GCF_000381065.1	0.95-0.99	96.6697	96.5389	95.70391944362476	1.2645832582002186	96.5389
GCA_905372355.1	GCF_000208405.1	0.95-0.99	95.3587	96.332	95.00659627410735	4.617713073515915	96.332
GCA_002712565.1	GCA_002731735.1	0.95-0.99	98.0412	98.5156	98.04195016180935	1.6659040300392007	98.5156
GCA_905067555.1	GCA_905067535.1	0.95-0.99	95.6723	97.1714	96.32278246997154	1.162062776720063	97.1714
GCF_000379085.1	GCF_000023965.1	0.95-0.99	96.842	96.8687	94.93285517416858	19.243005804653876	94.93285517416858
GCA_013180565.1	GCA_013139985.1	0.95-0.99	96.7014	98.6021	98.61447539503769	6.228515989971129	98.61447539503769
GCA_011375275.1	GCA_015485525.1	0.95-0.99	95.095	96.8055	96.76367370235013	19.674564704740988	96.76367370235013
GCF_000828575.1	GCF_000008645.1	0.95-0.99	95.6704	97.3043	97.4152761594628	1.142081864576312	97.3043
GCA_016177555.1	GCA_001788395.1	0.95-0.99	95.621	97.8675	97.8572915130811	-0.00750247127689363	97.8675
GCF_900109545.1	GCF_900111745.1	0.95-0.99	95.1779	96.0075	95.75244064981618	7.648242366427439	95.75244064981618
GCA_002725495.1	GCA_002686215.1	0.95-0.99	98.2456	99.6186	98.49032194212823	1.0949411450237463	99.6186
GCA_016207065.1	GCA_016217765.1	0.95-0.99	95.7537	97.2053	97.12128979449761	0.49114378761942135	97.2053
GCA_018819325.1	GCA_018817845.1	0.95-0.99	95.0939	98.4808	97.19973243740874	1.8673478757892497	98.4808
GCA_017513365.1	GCA_017457425.1	0.95-0.99	95.2335	97.4569	97.16653375107612	0.15948579998394052	97.4569
GCF_000518645.1	GCF_000381265.1	0.95-0.99	95.4763	96.3053	94.72131476427262	16.493152147308138	94.72131476427262
GCF_002208095.1	GCF_008364625.1	0.95-0.99	96.3333	96.3694	95.50519647118678	2.516424702367658	96.3694
GCA_011620145.1	GCA_002862435.1	0.95-0.99	95.5478	97.6498	97.64277652813024	0.25613198019345873	97.6498
GCF_000517425.1	GCF_000517405.1	0.95-0.99	96.6605	97.0609	96.25220544622397	19.060702840306476	96.25220544622397
GCA_015232025.1	GCA_015232485.1	0.95-0.99	95.9152	97.6482	97.63832234547213	13.95341062857824	97.63832234547213
GCF_016742975.1	GCF_003812745.1	0.95-0.99	96.2065	96.4882	96.20164105736319	1.6121710703591816	96.4882
GCF_900635775.1	GCF_002921145.1	0.95-0.99	95.2179	95.7613	95.75686765957259	1.7917390693546622	95.7613
GCF_003144325.1	GCF_011045835.1	0.95-0.99	96.6182	96.8327	96.72937866224738	4.810343158934302	96.8327
GCA_902633855.1	GCA_002694595.1	0.95-0.99	95.7394	96.7453	96.6919821610486	0.23687933546023032	96.7453
GCF_009867135.1	GCF_001553955.1	0.95-0.99	95.0507	95.3822	93.51727369798799	3.9691295078855546	95.3822
GCF_006715005.1	GCF_016742975.1	0.95-0.99	96.5049	96.8567	96.46264057237242	1.567972949545947	96.8567
GCF_002921145.1	GCF_002921135.1	0.95-0.99	95.3032	96.047	95.73619293439349	0.21338553472924104	96.047
GCF_000341735.1	GCF_000968535.2	0.95-0.99	95.3559	95.055	93.67688722883301	1.593375928739988	95.055
GCF_014174395.1	GCF_014174215.1	0.95-0.99	96.4828	97.141	96.9322642670944	5.004055472723849	96.9322642670944
GCA_902572695.1	GCA_001321855.1	0.95-0.99	96.5497	97.7983	97.64130493342716	0.7853471978361881	97.7983
GCF_000426685.1	GCF_000382285.1	0.95-0.99	94.8525	95.7415	94.8271860393652	4.146114992079674	95.7415
GCF_900107215.1	GCA_002385485.1	0.95-0.99	96.1698	96.7545	96.79218842362593	3.232721933712128	96.7545
GCA_002731655.1	GCA_003193815.1	0.95-0.99	94.5365	96.6007	96.6074028148541	2.6230253925691613	96.6007
GCA_005877345.1	GCA_014523525.1	0.95-0.99	95.9064	97.6342	97.59021999305666	0.20231099510328932	97.6342
GCA_009665115.1	GCA_002501855.1	0.95-0.99	95.1443	97.4155	97.32784349740233	-0.03715599996985475	97.4155
GCA_005888695.1	GCA_005888675.1	0.95-0.99	95.603	97.9458	97.91399835083527	0.10124149031980778	97.9458
GCA_002501855.1	GCA_003176995.1	0.95-0.99	95.7212	97.5143	97.51450122460996	0.5317601760939397	97.5143
