assembly_acc	assembly_name	organism	strain	biosample	seq_rel_date	submission	assembly_level
GCF_001188045.3	ASM118804v3	Listeria monocytogenes (firmicutes)	FDAARGOS_57	SAMN03255437	2018/07/09 00:00	2018/07/09 00:00	Complete Genome
GCF_022213445.1	ASM2221344v1	Burkholderia vietnamiensis (b-proteobacteria)	FDAARGOS_721	SAMN11056436	2022/02/13 00:00	2022/02/13 00:00	Complete Genome
GCF_021228335.1	ASM2122833v1	Psychrobacter sanguinis (g-proteobacteria)	FDAARGOS_1624	SAMN23242893	2021/12/18 00:00	2021/12/18 00:00	Contig
GCF_021183885.1	ASM2118388v1	Mycolicibacterium smegmatis (high G+C Gram-positive bacteria)	FDAARGOS_1617	SAMN23242886	2021/12/14 00:00	2021/12/14 00:00	Chromosome
GCF_021183865.1	ASM2118386v1	Mycobacterium kansasii (high G+C Gram-positive bacteria)	FDAARGOS_1616	SAMN23242885	2021/12/14 00:00	2021/12/14 00:00	Chromosome
GCF_021183845.1	ASM2118384v1	Mycobacterium avium subsp. avium (high G+C Gram-positive bacteria)	FDAARGOS_1608	SAMN23242877	2021/12/14 00:00	2021/12/14 00:00	Chromosome
GCF_021183805.1	ASM2118380v1	Mycobacterium avium subsp. avium (high G+C Gram-positive bacteria)	FDAARGOS_1609	SAMN23242878	2021/12/14 00:00	2021/12/14 00:00	Complete Genome
GCF_021183785.1	ASM2118378v1	Mycobacterium intracellulare subsp. intracellulare (high G+C Gram-positive bacteria)	FDAARGOS_1610	SAMN23242879	2021/12/14 00:00	2021/12/14 00:00	Complete Genome
GCF_021183765.1	ASM2118376v1	Mycobacterium intracellulare (high G+C Gram-positive bacteria)	FDAARGOS_1611	SAMN23242880	2021/12/14 00:00	2021/12/14 00:00	Complete Genome
GCF_021183745.1	ASM2118374v1	Mycobacterium intracellulare (high G+C Gram-positive bacteria)	FDAARGOS_1612	SAMN23242881	2021/12/14 00:00	2021/12/14 00:00	Complete Genome
GCF_021183725.1	ASM2118372v1	Mycobacterium ostraviense (high G+C Gram-positive bacteria)	FDAARGOS_1613	SAMN23242882	2021/12/14 00:00	2021/12/14 00:00	Complete Genome
GCF_021183705.1	ASM2118370v1	Mycobacterium kansasii (high G+C Gram-positive bacteria)	FDAARGOS_1614	SAMN23242883	2021/12/14 00:00	2021/12/14 00:00	Complete Genome
GCF_021183685.1	ASM2118368v1	Mycobacterium kansasii (high G+C Gram-positive bacteria)	FDAARGOS_1615	SAMN23242884	2021/12/14 00:00	2021/12/14 00:00	Complete Genome
GCF_021183665.1	ASM2118366v1	Mycolicibacterium smegmatis (high G+C Gram-positive bacteria)	FDAARGOS_1618	SAMN23242887	2021/12/14 00:00	2021/12/14 00:00	Complete Genome
GCF_021183645.1	ASM2118364v1	Nocardia gipuzkoensis (high G+C Gram-positive bacteria)	FDAARGOS_1619	SAMN23242888	2021/12/14 00:00	2021/12/14 00:00	Complete Genome
GCF_021183625.1	ASM2118362v1	Nocardia asteroides (high G+C Gram-positive bacteria)	FDAARGOS_1620	SAMN23242889	2021/12/14 00:00	2021/12/14 00:00	Complete Genome
GCF_021183605.1	ASM2118360v1	Nocardia asteroides (high G+C Gram-positive bacteria)	FDAARGOS_1621	SAMN23242890	2021/12/14 00:00	2021/12/14 00:00	Complete Genome
GCF_021183585.1	ASM2118358v1	Nocardia asteroides (high G+C Gram-positive bacteria)	FDAARGOS_1622	SAMN23242891	2021/12/14 00:00	2021/12/14 00:00	Complete Genome
GCF_021183565.1	ASM2118356v1	Nocardia yamanashiensis (high G+C Gram-positive bacteria)	FDAARGOS_1623	SAMN23242892	2021/12/14 00:00	2021/12/14 00:00	Complete Genome
GCF_020809565.1	ASM2080956v1	Burkholderia dolosa (b-proteobacteria)	FDAARGOS_1589	SAMN22365118	2021/11/09 00:00	2021/11/09 00:00	Chromosome
GCF_020736705.1	ASM2073670v1	Psychrobacter sanguinis (g-proteobacteria)	FDAARGOS_1598	SAMN22365127	2021/11/03 00:00	2021/11/03 00:00	Chromosome
GCF_020736685.1	ASM2073668v1	Streptococcus thermophilus LMD-9 (firmicutes)	FDAARGOS_1574	SAMN22091671	2021/11/03 00:00	2021/11/03 00:00	Chromosome
GCF_020736665.1	ASM2073666v1	Clostridium septicum (firmicutes)	FDAARGOS_1551	SAMN22091648	2021/11/03 00:00	2021/11/03 00:00	Chromosome
GCF_020736645.1	ASM2073664v1	Burkholderia dolosa (b-proteobacteria)	FDAARGOS_1545	SAMN22091642	2021/11/03 00:00	2021/11/03 00:00	Chromosome
GCF_020736445.1	ASM2073644v1	Dermabacter jinjuensis (high G+C Gram-positive bacteria)	FDAARGOS_1555	SAMN22091652	2021/11/03 00:00	2021/11/03 00:00	Chromosome
GCF_020736425.1	ASM2073642v1	Burkholderia vietnamiensis (b-proteobacteria)	FDAARGOS_1590	SAMN22365119	2021/11/03 00:00	2021/11/03 00:00	Chromosome
GCF_020736405.1	ASM2073640v1	Odoribacter splanchnicus DSM 20712 (CFB group bacteria)	FDAARGOS_1579	SAMN22091676	2021/11/03 00:00	2021/11/03 00:00	Chromosome
GCF_020736385.1	ASM2073638v1	Corynebacterium diphtheriae (high G+C Gram-positive bacteria)	FDAARGOS_1592	SAMN22365121	2021/11/03 00:00	2021/11/03 00:00	Chromosome
GCF_020736365.1	ASM2073636v1	Clostridium sp. M62/1 (firmicutes)	FDAARGOS_1583	SAMN22091680	2021/11/03 00:00	2021/11/03 00:00	Chromosome
GCF_020736265.1	ASM2073626v1	Bordetella pertussis (b-proteobacteria)	FDAARGOS_1543	SAMN22091640	2021/11/03 00:00	2021/11/03 00:00	Complete Genome
GCF_020736245.1	ASM2073624v1	Burkholderia dolosa (b-proteobacteria)	FDAARGOS_1544	SAMN22091641	2021/11/03 00:00	2021/11/03 00:00	Complete Genome
GCF_020736225.1	ASM2073622v1	Campylobacter curvus (e-proteobacteria)	FDAARGOS_1547	SAMN22091644	2021/11/03 00:00	2021/11/03 00:00	Complete Genome
GCF_020736205.1	ASM2073620v1	Campylobacter rectus (e-proteobacteria)	FDAARGOS_1549	SAMN22091646	2021/11/03 00:00	2021/11/03 00:00	Complete Genome
GCF_020736185.1	ASM2073618v1	Campylobacter gracilis (e-proteobacteria)	FDAARGOS_1548	SAMN22091645	2021/11/03 00:00	2021/11/03 00:00	Complete Genome
GCF_020736165.1	ASM2073616v1	Capnocytophaga ochracea (CFB group bacteria)	FDAARGOS_1550	SAMN22091647	2021/11/03 00:00	2021/11/03 00:00	Complete Genome
GCF_020736145.1	ASM2073614v1	Campylobacter jejuni (e-proteobacteria)	FDAARGOS_1546	SAMN22091643	2021/11/03 00:00	2021/11/03 00:00	Complete Genome
GCF_020736125.1	ASM2073612v1	Corynebacterium diphtheriae (high G+C Gram-positive bacteria)	FDAARGOS_1552	SAMN22091649	2021/11/03 00:00	2021/11/03 00:00	Complete Genome
GCF_020736105.1	ASM2073610v1	Corynebacterium diphtheriae (high G+C Gram-positive bacteria)	FDAARGOS_1553	SAMN22091650	2021/11/03 00:00	2021/11/03 00:00	Complete Genome
GCF_020736085.1	ASM2073608v1	Corynebacterium diphtheriae subsp. diphtheriae (high G+C Gram-positive bacteria)	FDAARGOS_1554	SAMN22091651	2021/11/03 00:00	2021/11/03 00:00	Complete Genome
GCF_020736065.1	ASM2073606v1	Finegoldia magna (firmicutes)	FDAARGOS_1556	SAMN22091653	2021/11/03 00:00	2021/11/03 00:00	Complete Genome
GCF_020736045.1	ASM2073604v1	Haemophilus influenzae (g-proteobacteria)	FDAARGOS_1560	SAMN22091657	2021/11/03 00:00	2021/11/03 00:00	Complete Genome
GCF_020736025.1	ASM2073602v1	Haemophilus influenzae (g-proteobacteria)	FDAARGOS_1561	SAMN22091658	2021/11/03 00:00	2021/11/03 00:00	Complete Genome
GCF_020736005.1	ASM2073600v1	Mycobacterium intracellulare (high G+C Gram-positive bacteria)	FDAARGOS_1564	SAMN22091661	2021/11/03 00:00	2021/11/03 00:00	Complete Genome
GCF_020735985.1	ASM2073598v1	Bordetella holmesii (b-proteobacteria)	FDAARGOS_1539	SAMN22091636	2021/11/03 00:00	2021/11/03 00:00	Complete Genome
GCF_020735965.1	ASM2073596v1	Bordetella parapertussis (b-proteobacteria)	FDAARGOS_1540	SAMN22091637	2021/11/03 00:00	2021/11/03 00:00	Complete Genome
GCF_020735945.1	ASM2073594v1	Parabacteroides distasonis (CFB group bacteria)	FDAARGOS_1565	SAMN22091662	2021/11/03 00:00	2021/11/03 00:00	Complete Genome
GCF_020735925.1	ASM2073592v1	Bordetella parapertussis (b-proteobacteria)	FDAARGOS_1541	SAMN22091638	2021/11/03 00:00	2021/11/03 00:00	Complete Genome
GCF_020735905.1	ASM2073590v1	Prevotella melaninogenica (CFB group bacteria)	FDAARGOS_1567	SAMN22091664	2021/11/03 00:00	2021/11/03 00:00	Complete Genome
GCF_020735885.1	ASM2073588v1	Bordetella pertussis (b-proteobacteria)	FDAARGOS_1542	SAMN22091639	2021/11/03 00:00	2021/11/03 00:00	Complete Genome
GCF_020735865.1	ASM2073586v1	Parabacteroides johnsonii (CFB group bacteria)	FDAARGOS_1580	SAMN22091677	2021/11/03 00:00	2021/11/03 00:00	Complete Genome
GCF_020735845.1	ASM2073584v1	Tsukamurella paurometabola (high G+C Gram-positive bacteria)	FDAARGOS_1558	SAMN22091655	2021/11/03 00:00	2021/11/03 00:00	Complete Genome
GCF_020735825.1	ASM2073582v1	Haemophilus influenzae (g-proteobacteria)	FDAARGOS_1562	SAMN22091659	2021/11/03 00:00	2021/11/03 00:00	Complete Genome
GCF_020735805.1	ASM2073580v1	Helicobacter pylori (e-proteobacteria)	FDAARGOS_1563	SAMN22091660	2021/11/03 00:00	2021/11/03 00:00	Complete Genome
GCF_020735785.1	ASM2073578v1	Prevotella melaninogenica (CFB group bacteria)	FDAARGOS_1566	SAMN22091663	2021/11/03 00:00	2021/11/03 00:00	Complete Genome
GCF_020735765.1	ASM2073576v1	Streptococcus anginosus subsp. anginosus (firmicutes)	FDAARGOS_1569	SAMN22091666	2021/11/03 00:00	2021/11/03 00:00	Complete Genome
GCF_020735745.1	ASM2073574v1	Lachnospira eligens (firmicutes)	FDAARGOS_1570	SAMN22091667	2021/11/03 00:00	2021/11/03 00:00	Complete Genome
GCF_020735725.1	ASM2073572v1	Alistipes senegalensis (CFB group bacteria)	FDAARGOS_1578	SAMN22091675	2021/11/03 00:00	2021/11/03 00:00	Complete Genome
GCF_020735705.1	ASM2073570v1	Coprococcus eutactus ATCC 27759 (firmicutes)	FDAARGOS_1581	SAMN22091678	2021/11/03 00:00	2021/11/03 00:00	Complete Genome
GCA_020735685.1	ASM2073568v1	Lachnospiraceae bacterium GAM79 (firmicutes)	FDAARGOS_1582	SAMN22091679	2021/11/03 00:00	2021/11/03 00:00	Complete Genome
GCA_020735665.1	ASM2073566v1	Lachnospiraceae bacterium GAM79 (firmicutes)	FDAARGOS_1585	SAMN22091682	2021/11/03 00:00	2021/11/03 00:00	Complete Genome
GCF_020735645.1	ASM2073564v1	Acidaminococcus fermentans DSM 20731 (firmicutes)	FDAARGOS_1571	SAMN22091668	2021/11/03 00:00	2021/11/03 00:00	Complete Genome
GCF_020735625.1	ASM2073562v1	Finegoldia magna (firmicutes)	FDAARGOS_1557	SAMN22091654	2021/11/03 00:00	2021/11/03 00:00	Complete Genome
GCF_020735605.1	ASM2073560v1	Parabacteroides merdae (CFB group bacteria)	FDAARGOS_1586	SAMN22091683	2021/11/03 00:00	2021/11/03 00:00	Complete Genome
GCF_020735585.1	ASM2073558v1	Campylobacter fetus subsp. testudinum (e-proteobacteria)	FDAARGOS_1591	SAMN22365120	2021/11/03 00:00	2021/11/03 00:00	Complete Genome
GCF_020735565.1	ASM2073556v1	Hoylesella buccalis (CFB group bacteria)	FDAARGOS_1588	SAMN22091685	2021/11/03 00:00	2021/11/03 00:00	Complete Genome
GCF_020735545.1	ASM2073554v1	Gordonia otitidis (high G+C Gram-positive bacteria)	FDAARGOS_1600	SAMN22365129	2021/11/03 00:00	2021/11/03 00:00	Complete Genome
GCF_020735525.1	ASM2073552v1	Helicobacter pylori (e-proteobacteria)	FDAARGOS_1601	SAMN22365130	2021/11/03 00:00	2021/11/03 00:00	Complete Genome
GCF_020735505.1	ASM2073550v1	Mycobacteroides abscessus (high G+C Gram-positive bacteria)	FDAARGOS_1602	SAMN22365131	2021/11/03 00:00	2021/11/03 00:00	Complete Genome
GCF_020735485.1	ASM2073548v1	Mycobacteroides abscessus subsp. abscessus (high G+C Gram-positive bacteria)	FDAARGOS_1603	SAMN22365132	2021/11/03 00:00	2021/11/03 00:00	Complete Genome
GCF_020735465.1	ASM2073546v1	Collinsella stercoris DSM 13279 (actinobacteria)	FDAARGOS_1572	SAMN22091669	2021/11/03 00:00	2021/11/03 00:00	Complete Genome
GCF_020735445.1	ASM2073544v1	Segatella copri DSM 18205 (CFB group bacteria)	FDAARGOS_1573	SAMN22091670	2021/11/03 00:00	2021/11/03 00:00	Complete Genome
GCF_020735425.1	ASM2073542v1	Mycobacteroides abscessus subsp. abscessus (high G+C Gram-positive bacteria)	FDAARGOS_1604	SAMN22365133	2021/11/03 00:00	2021/11/03 00:00	Complete Genome
GCF_020735405.1	ASM2073540v1	Mycobacterium avium subsp. avium (high G+C Gram-positive bacteria)	FDAARGOS_1606	SAMN22365135	2021/11/03 00:00	2021/11/03 00:00	Complete Genome
GCF_020735385.1	ASM2073538v1	Granulicatella elegans (firmicutes)	FDAARGOS_1559	SAMN22091656	2021/11/03 00:00	2021/11/03 00:00	Complete Genome
GCF_020735365.1	ASM2073536v1	Blautia massiliensis (ex Durand et al. 2017) (firmicutes)	FDAARGOS_1576	SAMN22091673	2021/11/03 00:00	2021/11/03 00:00	Complete Genome
GCF_020735345.1	ASM2073534v1	Mycobacteroides abscessus subsp. abscessus (high G+C Gram-positive bacteria)	FDAARGOS_1605	SAMN22365134	2021/11/03 00:00	2021/11/03 00:00	Complete Genome
GCF_020735285.1	ASM2073528v1	Mycobacterium avium subsp. avium (high G+C Gram-positive bacteria)	FDAARGOS_1607	SAMN22365136	2021/11/03 00:00	2021/11/03 00:00	Complete Genome
GCF_020731585.1	ASM2073158v1	Mycolicibacterium smegmatis (high G+C Gram-positive bacteria)	FDAARGOS_1595	SAMN22365124	2021/11/02 00:00	2021/11/02 00:00	Contig
GCF_020731565.1	ASM2073156v1	Nocardia africana (high G+C Gram-positive bacteria)	FDAARGOS_1597	SAMN22365126	2021/11/02 00:00	2021/11/02 00:00	Contig
GCF_020731525.1	ASM2073152v1	Roseburia inulinivorans DSM 16841 (firmicutes)	FDAARGOS_1587	SAMN22091684	2021/11/02 00:00	2021/11/02 00:00	Contig
GCF_020731505.1	ASM2073150v1	Psychrobacter sanguinis (g-proteobacteria)	FDAARGOS_1599	SAMN22365128	2021/11/02 00:00	2021/11/02 00:00	Contig
GCF_020731325.1	ASM2073132v1	Finegoldia magna (firmicutes)	FDAARGOS_1593	SAMN22365122	2021/11/02 00:00	2021/11/02 00:00	Contig
GCF_020731305.1	ASM2073130v1	Nocardia abscessus (high G+C Gram-positive bacteria)	FDAARGOS_1596	SAMN22365125	2021/11/02 00:00	2021/11/02 00:00	Contig
GCF_020731235.1	ASM2073123v1	Phocaeicola coprocola DSM 17136 (CFB group bacteria)	FDAARGOS_1577	SAMN22091674	2021/11/02 00:00	2021/11/02 00:00	Contig
GCF_020731255.1	ASM2073125v1	Gordonia bronchialis (high G+C Gram-positive bacteria)	FDAARGOS_1594	SAMN22365123	2021/11/02 00:00	2021/11/02 00:00	Scaffold
GCF_020731205.1	ASM2073120v1	Psychrobacter sanguinis (g-proteobacteria)	FDAARGOS_1568	SAMN22091665	2021/11/02 00:00	2021/11/02 00:00	Scaffold
GCF_020731185.1	ASM2073118v1	Hominimerdicola alba 8 (firmicutes)	FDAARGOS_1575	SAMN22091672	2021/11/02 00:00	2021/11/02 00:00	Contig
GCF_020731165.1	ASM2073116v1	[Clostridium] innocuum (firmicutes)	FDAARGOS_1584	SAMN22091681	2021/11/02 00:00	2021/11/02 00:00	Contig
GCA_020509375.1	ASM2050937v1	Burkholderia vietnamiensis (b-proteobacteria)	FDAARGOS_1517	SAMN21218873	2021/10/15 00:00	2021/10/15 00:00	Chromosome
GCF_020450285.1	ASM2045028v1	Hafnia paralvei (enterobacteria)	FDAARGOS_1502	SAMN21218858	2021/10/13 00:00	2021/10/13 00:00	Complete Genome
GCF_020450145.1	ASM2045014v1	Clostridium sporogenes (firmicutes)	FDAARGOS_1532	SAMN21402699	2021/10/13 00:00	2021/10/13 00:00	Chromosome
GCF_020341555.1	ASM2034155v1	Clostridium sporogenes (firmicutes)	FDAARGOS_1531	SAMN21402698	2021/10/07 00:00	2021/10/07 00:00	Chromosome
GCF_020341535.1	ASM2034153v1	Aeromonas jandaei (g-proteobacteria)	FDAARGOS_1523	SAMN21402690	2021/10/07 00:00	2021/10/07 00:00	Chromosome
GCF_020341515.1	ASM2034151v1	Clostridioides difficile (firmicutes)	FDAARGOS_1525	SAMN21402692	2021/10/07 00:00	2021/10/07 00:00	Chromosome
GCF_020341495.1	ASM2034149v1	Citrobacter werkmanii (enterobacteria)	FDAARGOS_1524	SAMN21402691	2021/10/07 00:00	2021/10/07 00:00	Chromosome
GCF_020341475.1	ASM2034147v1	Mycobacterium kansasii (high G+C Gram-positive bacteria)	FDAARGOS_1534	SAMN21402701	2021/10/07 00:00	2021/10/07 00:00	Chromosome
GCF_020341455.1	ASM2034145v1	Ralstonia pickettii (b-proteobacteria)	FDAARGOS_1535	SAMN21402702	2021/10/07 00:00	2021/10/07 00:00	Chromosome
GCF_020341435.1	ASM2034143v1	Aeromonas enteropelogenes (g-proteobacteria)	FDAARGOS_1537	SAMN21402704	2021/10/07 00:00	2021/10/07 00:00	Chromosome
GCF_020297605.1	ASM2029760v1	Campylobacter upsaliensis (e-proteobacteria)	FDAARGOS_1518	SAMN21218874	2021/10/05 00:00	2021/10/05 00:00	Contig
GCF_020297585.1	ASM2029758v1	Bacteroides fragilis (CFB group bacteria)	FDAARGOS_1515	SAMN21218871	2021/10/05 00:00	2021/10/05 00:00	Contig
GCF_020297545.1	ASM2029754v1	Bacteroides fragilis (CFB group bacteria)	FDAARGOS_1513	SAMN21218869	2021/10/05 00:00	2021/10/05 00:00	Contig
GCF_020297555.1	ASM2029755v1	Finegoldia magna (firmicutes)	FDAARGOS_1521	SAMN21218877	2021/10/05 00:00	2021/10/05 00:00	Contig
GCF_020297525.1	ASM2029752v1	Clostridioides difficile (firmicutes)	FDAARGOS_1526	SAMN21402693	2021/10/05 00:00	2021/10/05 00:00	Contig
GCF_020297505.1	ASM2029750v1	Clostridioides difficile (firmicutes)	FDAARGOS_1527	SAMN21402694	2021/10/05 00:00	2021/10/05 00:00	Contig
GCF_020297485.1	ASM2029748v1	Enterocloster clostridioformis (firmicutes)	FDAARGOS_1529	SAMN21402696	2021/10/05 00:00	2021/10/05 00:00	Contig
GCF_020297465.1	ASM2029746v1	Parabacteroides gordonii (CFB group bacteria)	FDAARGOS_1522	SAMN21218878	2021/10/05 00:00	2021/10/05 00:00	Scaffold
GCF_020297435.1	ASM2029743v1	Bacteroides fragilis (CFB group bacteria)	FDAARGOS_1514	SAMN21218870	2021/10/05 00:00	2021/10/05 00:00	Contig
GCF_020297425.1	ASM2029742v1	Bacteroides fragilis (CFB group bacteria)	FDAARGOS_1511	SAMN21218867	2021/10/05 00:00	2021/10/05 00:00	Contig
GCF_020221755.1	ASM2022175v1	Lactococcus lactis (firmicutes)	FDAARGOS_867	SAMN13450397	2021/10/04 00:00	2021/10/04 00:00	Complete Genome
GCF_020215685.1	ASM2021568v1	Anaerococcus degeneri (firmicutes)	FDAARGOS_1538	SAMN21460642	2021/10/02 00:00	2021/10/02 00:00	Scaffold
GCF_020149745.1	ASM2014974v1	Bacteroides ovatus (CFB group bacteria)	FDAARGOS_1516	SAMN21218872	2021/09/27 00:00	2021/09/27 00:00	Chromosome
GCF_020149725.1	ASM2014972v1	Campylobacter jejuni (e-proteobacteria)	FDAARGOS_1464	SAMN20888881	2021/09/27 00:00	2021/09/27 00:00	Complete Genome
GCF_020099375.1	ASM2009937v1	Acinetobacter variabilis (g-proteobacteria)	FDAARGOS_1487	SAMN21218843	2021/09/23 00:00	2021/09/23 00:00	Complete Genome
GCF_020099355.1	ASM2009935v1	Burkholderia vietnamiensis (b-proteobacteria)	FDAARGOS_1488	SAMN21218844	2021/09/23 00:00	2021/09/23 00:00	Complete Genome
GCF_020099335.1	ASM2009933v1	Citrobacter amalonaticus (enterobacteria)	FDAARGOS_1489	SAMN21218845	2021/09/23 00:00	2021/09/23 00:00	Complete Genome
GCA_020099315.1	ASM2009931v1	Citrobacter europaeus (enterobacteria)	FDAARGOS_1490	SAMN21218846	2021/09/23 00:00	2021/09/23 00:00	Complete Genome
GCF_020099295.1	ASM2009929v1	Clostridium sporogenes (firmicutes)	FDAARGOS_1491	SAMN21218847	2021/09/23 00:00	2021/09/23 00:00	Complete Genome
GCF_020099275.1	ASM2009927v1	Corynebacterium falsenii (high G+C Gram-positive bacteria)	FDAARGOS_1494	SAMN21218850	2021/09/23 00:00	2021/09/23 00:00	Complete Genome
GCF_020099255.1	ASM2009925v1	Enterobacter bugandensis (enterobacteria)	FDAARGOS_1496	SAMN21218852	2021/09/23 00:00	2021/09/23 00:00	Complete Genome
GCF_020099235.1	ASM2009923v1	Enterobacter bugandensis (enterobacteria)	FDAARGOS_1497	SAMN21218853	2021/09/23 00:00	2021/09/23 00:00	Complete Genome
GCF_020099215.1	ASM2009921v1	Enterobacter ludwigii (enterobacteria)	FDAARGOS_1498	SAMN21218854	2021/09/23 00:00	2021/09/23 00:00	Complete Genome
GCF_020099175.1	ASM2009917v1	Klebsiella quasipneumoniae (enterobacteria)	FDAARGOS_1503	SAMN21218859	2021/09/23 00:00	2021/09/23 00:00	Complete Genome
GCF_020097655.1	ASM2009765v1	Corynebacterium coyleae (high G+C Gram-positive bacteria)	FDAARGOS_1492	SAMN21218848	2021/09/23 00:00	2021/09/23 00:00	Complete Genome
GCF_020097615.1	ASM2009761v1	Corynebacterium falsenii (high G+C Gram-positive bacteria)	FDAARGOS_1493	SAMN21218849	2021/09/23 00:00	2021/09/23 00:00	Complete Genome
GCF_020097495.1	ASM2009749v1	Corynebacterium freneyi (high G+C Gram-positive bacteria)	FDAARGOS_1495	SAMN21218851	2021/09/23 00:00	2021/09/23 00:00	Complete Genome
GCF_020097475.1	ASM2009747v1	Escherichia fergusonii (enterobacteria)	FDAARGOS_1499	SAMN21218855	2021/09/23 00:00	2021/09/23 00:00	Complete Genome
GCF_020097455.1	ASM2009745v1	Gemella haemolysans (firmicutes)	FDAARGOS_1500	SAMN21218856	2021/09/23 00:00	2021/09/23 00:00	Complete Genome
GCF_020097435.1	ASM2009743v1	Gemella morbillorum (firmicutes)	FDAARGOS_1501	SAMN21218857	2021/09/23 00:00	2021/09/23 00:00	Complete Genome
GCF_020097415.1	ASM2009741v1	Klebsiella quasipneumoniae (enterobacteria)	FDAARGOS_1504	SAMN21218860	2021/09/23 00:00	2021/09/23 00:00	Complete Genome
GCF_020097395.1	ASM2009739v1	Leclercia adecarboxylata (enterobacteria)	FDAARGOS_1505	SAMN21218861	2021/09/23 00:00	2021/09/23 00:00	Complete Genome
GCF_020097375.1	ASM2009737v1	Porphyromonas endodontalis (CFB group bacteria)	FDAARGOS_1506	SAMN21218862	2021/09/23 00:00	2021/09/23 00:00	Complete Genome
GCF_020097355.1	ASM2009735v1	Proteus vulgaris (enterobacteria)	FDAARGOS_1507	SAMN21218863	2021/09/23 00:00	2021/09/23 00:00	Complete Genome
GCF_020097335.1	ASM2009733v1	Streptococcus pneumoniae (firmicutes)	FDAARGOS_1508	SAMN21218864	2021/09/23 00:00	2021/09/23 00:00	Complete Genome
GCF_020097315.1	ASM2009731v1	Aeromonas enteropelogenes (g-proteobacteria)	FDAARGOS_1509	SAMN21218865	2021/09/23 00:00	2021/09/23 00:00	Complete Genome
GCF_020097295.1	ASM2009729v1	Aeromonas enteropelogenes (g-proteobacteria)	FDAARGOS_1510	SAMN21218866	2021/09/23 00:00	2021/09/23 00:00	Complete Genome
GCF_020097275.1	ASM2009727v1	Bacteroides fragilis (CFB group bacteria)	FDAARGOS_1512	SAMN21218868	2021/09/23 00:00	2021/09/23 00:00	Complete Genome
GCF_020097255.1	ASM2009725v1	Thomasclavelia ramosa (firmicutes)	FDAARGOS_1519	SAMN21218875	2021/09/23 00:00	2021/09/23 00:00	Complete Genome
GCF_020097235.1	ASM2009723v1	Enterobacter bugandensis (enterobacteria)	FDAARGOS_1520	SAMN21218876	2021/09/23 00:00	2021/09/23 00:00	Complete Genome
GCF_020097215.1	ASM2009721v1	Clostridioides difficile (firmicutes)	FDAARGOS_1528	SAMN21402695	2021/09/23 00:00	2021/09/23 00:00	Complete Genome
GCF_020097195.1	ASM2009719v1	Enterobacter hormaechei subsp. oharae (CDC Enteric Group 75)	FDAARGOS_1533	SAMN21402700	2021/09/23 00:00	2021/09/23 00:00	Complete Genome
GCF_020097175.1	ASM2009717v1	Aeromonas enteropelogenes (g-proteobacteria)	FDAARGOS_1536	SAMN21402703	2021/09/23 00:00	2021/09/23 00:00	Complete Genome
GCF_019957155.1	ASM1995715v1	Anaerococcus murdochii (firmicutes)	FDAARGOS_1460	SAMN20888877	2021/09/13 00:00	2021/09/13 00:00	Contig
GCF_019933215.1	ASM1993321v1	Clostridium sporogenes (firmicutes)	FDAARGOS_1470	SAMN20888887	2021/09/13 00:00	2021/09/13 00:00	Chromosome
GCF_019933195.1	ASM1993319v1	Clostridium sporogenes (firmicutes)	FDAARGOS_1471	SAMN20888888	2021/09/13 00:00	2021/09/13 00:00	Chromosome
GCF_019933175.1	ASM1993317v1	Edwardsiella tarda (enterobacteria)	FDAARGOS_1473	SAMN20888890	2021/09/13 00:00	2021/09/13 00:00	Chromosome
GCF_019931045.1	ASM1993104v1	Cupriavidus pauculus (b-proteobacteria)	FDAARGOS_1472	SAMN20888889	2021/09/12 00:00	2021/09/12 00:00	Complete Genome
GCF_019931025.1	ASM1993102v1	Clostridioides difficile (firmicutes)	FDAARGOS_1469	SAMN20888886	2021/09/12 00:00	2021/09/12 00:00	Complete Genome
GCF_019931005.1	ASM1993100v1	Granulicatella adiacens (firmicutes)	FDAARGOS_1477	SAMN20888894	2021/09/12 00:00	2021/09/12 00:00	Complete Genome
GCF_019930985.1	ASM1993098v1	Campylobacter coli (e-proteobacteria)	FDAARGOS_1465	SAMN20888882	2021/09/12 00:00	2021/09/12 00:00	Complete Genome
GCF_019930965.1	ASM1993096v1	Enterobacter ludwigii (enterobacteria)	FDAARGOS_1475	SAMN20888892	2021/09/12 00:00	2021/09/12 00:00	Complete Genome
GCF_019930945.1	ASM1993094v1	Campylobacter hominis (e-proteobacteria)	FDAARGOS_1467	SAMN20888884	2021/09/12 00:00	2021/09/12 00:00	Complete Genome
GCF_019930925.1	ASM1993092v1	Bartonella henselae (a-proteobacteria)	FDAARGOS_1462	SAMN20888879	2021/09/12 00:00	2021/09/12 00:00	Complete Genome
GCF_019930905.1	ASM1993090v1	Haemophilus aegyptius (Koch-Weeks bacillus)	FDAARGOS_1478	SAMN20888895	2021/09/12 00:00	2021/09/12 00:00	Complete Genome
GCF_019930885.1	ASM1993088v1	Legionella anisa (g-proteobacteria)	FDAARGOS_1480	SAMN20888897	2021/09/12 00:00	2021/09/12 00:00	Complete Genome
GCF_019930865.1	ASM1993086v1	Campylobacter coli (e-proteobacteria)	FDAARGOS_1466	SAMN20888883	2021/09/12 00:00	2021/09/12 00:00	Complete Genome
GCF_019930845.1	ASM1993084v1	Eikenella corrodens (b-proteobacteria)	FDAARGOS_1474	SAMN20888891	2021/09/12 00:00	2021/09/12 00:00	Complete Genome
GCF_019930825.1	ASM1993082v1	Aeromonas enteropelogenes (g-proteobacteria)	FDAARGOS_1459	SAMN20888876	2021/09/12 00:00	2021/09/12 00:00	Complete Genome
GCF_019930805.1	ASM1993080v1	Legionella pneumophila (g-proteobacteria)	FDAARGOS_1482	SAMN20888899	2021/09/12 00:00	2021/09/12 00:00	Complete Genome
GCF_019930785.1	ASM1993078v1	Burkholderia dolosa (b-proteobacteria)	FDAARGOS_1463	SAMN20888880	2021/09/12 00:00	2021/09/12 00:00	Complete Genome
GCF_019930765.1	ASM1993076v1	Legionella pneumophila (g-proteobacteria)	FDAARGOS_1483	SAMN20888900	2021/09/12 00:00	2021/09/12 00:00	Complete Genome
GCF_019930745.1	ASM1993074v1	Mycolicibacterium smegmatis (high G+C Gram-positive bacteria)	FDAARGOS_1484	SAMN20888901	2021/09/12 00:00	2021/09/12 00:00	Complete Genome
GCF_019930725.1	ASM1993072v1	Capnocytophaga ochracea (CFB group bacteria)	FDAARGOS_1468	SAMN20888885	2021/09/12 00:00	2021/09/12 00:00	Complete Genome
GCF_019930705.1	ASM1993070v1	Haemophilus influenzae (g-proteobacteria)	FDAARGOS_1479	SAMN20888896	2021/09/12 00:00	2021/09/12 00:00	Complete Genome
GCF_019930685.1	ASM1993068v1	Legionella longbeachae (g-proteobacteria)	FDAARGOS_1481	SAMN20888898	2021/09/12 00:00	2021/09/12 00:00	Complete Genome
GCF_019930665.1	ASM1993066v1	Bacteroides nordii (CFB group bacteria)	FDAARGOS_1461	SAMN20888878	2021/09/12 00:00	2021/09/12 00:00	Complete Genome
GCF_019930645.1	ASM1993064v1	Gordonia bronchialis (high G+C Gram-positive bacteria)	FDAARGOS_1476	SAMN20888893	2021/09/12 00:00	2021/09/12 00:00	Complete Genome
GCF_019930625.1	ASM1993062v1	Nocardia asteroides (high G+C Gram-positive bacteria)	FDAARGOS_1485	SAMN20888902	2021/09/12 00:00	2021/09/12 00:00	Complete Genome
GCF_019930605.1	ASM1993060v1	Prevotella nigrescens (CFB group bacteria)	FDAARGOS_1486	SAMN20888903	2021/09/12 00:00	2021/09/12 00:00	Complete Genome
GCA_019397185.1	ASM1939718v1	Escherichia coli (E. coli)	FDAARGOS_1390	SAMN16357532	2021/07/26 00:00	2021/07/26 00:00	Scaffold
GCA_019397165.1	ASM1939716v1	Escherichia coli (E. coli)	FDAARGOS_1391	SAMN16357533	2021/07/26 00:00	2021/07/26 00:00	Scaffold
GCF_019355995.1	ASM1935599v1	Acinetobacter haemolyticus (g-proteobacteria)	FDAARGOS_1392	SAMN16357534	2021/07/27 00:00	2021/07/27 00:00	Chromosome
GCF_019355975.1	ASM1935597v1	Acinetobacter septicus (g-proteobacteria)	FDAARGOS_1401	SAMN16357543	2021/07/27 00:00	2021/07/27 00:00	Chromosome
GCF_019355955.1	ASM1935595v1	Lelliottia amnigena (enterobacteria)	FDAARGOS_1445	SAMN16357587	2021/07/27 00:00	2021/07/27 00:00	Chromosome
GCF_019344915.1	ASM1934491v1	Bacillus sp. FDAARGOS_1420 (firmicutes)	FDAARGOS_1420	SAMN16357562	2021/07/26 00:00	2021/07/26 00:00	Scaffold
GCF_019344895.1	ASM1934489v1	Hafnia alvei (enterobacteria)	FDAARGOS_1439	SAMN16357581	2021/07/26 00:00	2021/07/26 00:00	Contig
GCA_019344865.1	ASM1934486v1	Streptococcus mutans (firmicutes)	FDAARGOS_1457	SAMN16357599	2021/07/26 00:00	2021/07/26 00:00	Contig
GCF_019344855.1	ASM1934485v1	Proteus vulgaris (enterobacteria)	FDAARGOS_1448	SAMN16357590	2021/07/26 00:00	2021/07/26 00:00	Contig
GCA_019056115.1	ASM1905611v1	Escherichia coli (E. coli)	FDAARGOS 1383	SAMN16357525	2021/06/28 00:00	2021/06/28 00:00	Complete Genome
GCF_019048805.1	ASM1904880v1	Citrobacter braakii (enterobacteria)	FDAARGOS 1421	SAMN16357563	2021/06/28 00:00	2021/06/28 00:00	Complete Genome
GCF_019048745.1	ASM1904874v1	Aeromonas sp. FDAARGOS 1410 (g-proteobacteria)	FDAARGOS 1410	SAMN16357552	2021/06/28 00:00	2021/06/28 00:00	Complete Genome
GCF_019048725.1	ASM1904872v1	Aeromonas sp. FDAARGOS 1407 (g-proteobacteria)	FDAARGOS 1407	SAMN16357549	2021/06/28 00:00	2021/06/28 00:00	Complete Genome
GCF_019048705.1	ASM1904870v1	Aeromonas sp. FDAARGOS 1409 (g-proteobacteria)	FDAARGOS 1409	SAMN16357551	2021/06/28 00:00	2021/06/28 00:00	Complete Genome
GCF_019048685.1	ASM1904868v1	Acinetobacter nosocomialis (g-proteobacteria)	FDAARGOS 1395	SAMN16357537	2021/06/28 00:00	2021/06/28 00:00	Complete Genome
GCF_019048665.1	ASM1904866v1	Aeromonas sp. FDAARGOS 1408 (g-proteobacteria)	FDAARGOS 1408	SAMN16357550	2021/06/28 00:00	2021/06/28 00:00	Complete Genome
GCF_019048645.1	ASM1904864v1	Streptococcus mutans (firmicutes)	FDAARGOS 1458	SAMN16357600	2021/06/28 00:00	2021/06/28 00:00	Complete Genome
GCF_019048625.1	ASM1904862v1	Enterobacter hormaechei (CDC Enteric Group 75)	FDAARGOS 1435	SAMN16357577	2021/06/28 00:00	2021/06/28 00:00	Complete Genome
GCA_019048605.1	ASM1904860v1	Escherichia coli (E. coli)	FDAARGOS 1375	SAMN16357517	2021/06/28 00:00	2021/06/28 00:00	Complete Genome
GCF_019048585.1	ASM1904858v1	Aeromonas sp. FDAARGOS 1418 (g-proteobacteria)	FDAARGOS 1418	SAMN16357560	2021/06/28 00:00	2021/06/28 00:00	Complete Genome
GCF_019048565.1	ASM1904856v1	Aeromonas sp. FDAARGOS 1406 (g-proteobacteria)	FDAARGOS 1406	SAMN16357548	2021/06/28 00:00	2021/06/28 00:00	Complete Genome
GCF_019048545.1	ASM1904854v1	Providencia rettgeri (enterobacteria)	FDAARGOS 1451	SAMN16357593	2021/06/28 00:00	2021/06/28 00:00	Complete Genome
GCF_019048525.1	ASM1904852v1	Acinetobacter lwoffii (g-proteobacteria)	FDAARGOS 1394	SAMN16357536	2021/06/28 00:00	2021/06/28 00:00	Complete Genome
GCA_019048505.1	ASM1904850v1	Escherichia coli (E. coli)	FDAARGOS 1387	SAMN16357529	2021/06/28 00:00	2021/06/28 00:00	Complete Genome
GCF_019048485.1	ASM1904848v1	Enterobacter asburiae (enterobacteria)	FDAARGOS 1432	SAMN16357574	2021/06/28 00:00	2021/06/28 00:00	Complete Genome
GCF_019048465.1	ASM1904846v1	Jonesia denitrificans (high G+C Gram-positive bacteria)	FDAARGOS 1440	SAMN16357582	2021/06/28 00:00	2021/06/28 00:00	Complete Genome
GCA_019048445.1	ASM1904844v1	Escherichia coli (E. coli)	FDAARGOS 1382	SAMN16357524	2021/06/28 00:00	2021/06/28 00:00	Complete Genome
GCA_019048425.1	ASM1904842v1	Escherichia coli (E. coli)	FDAARGOS 1380	SAMN16357522	2021/06/28 00:00	2021/06/28 00:00	Complete Genome
GCF_019048405.1	ASM1904840v1	Acinetobacter seifertii (g-proteobacteria)	FDAARGOS 1400	SAMN16357542	2021/06/28 00:00	2021/06/28 00:00	Complete Genome
GCF_019048385.1	ASM1904838v1	Pantoea agglomerans (enterobacteria)	FDAARGOS 1447	SAMN16357589	2021/06/28 00:00	2021/06/28 00:00	Complete Genome
GCF_019048365.1	ASM1904836v1	Aeromonas sp. FDAARGOS 1415 (g-proteobacteria)	FDAARGOS 1415	SAMN16357557	2021/06/28 00:00	2021/06/28 00:00	Complete Genome
GCA_019048345.1	ASM1904834v1	Escherichia coli (E. coli)	FDAARGOS 1377	SAMN16357519	2021/06/28 00:00	2021/06/28 00:00	Complete Genome
GCF_019048325.1	ASM1904832v1	Enterococcus durans (firmicutes)	FDAARGOS 1437	SAMN16357579	2021/06/28 00:00	2021/06/28 00:00	Complete Genome
GCF_019048305.1	ASM1904830v1	Acinetobacter lwoffii (g-proteobacteria)	FDAARGOS 1393	SAMN16357535	2021/06/28 00:00	2021/06/28 00:00	Complete Genome
GCA_019048285.1	ASM1904828v1	Escherichia coli (E. coli)	FDAARGOS 1389	SAMN16357531	2021/06/28 00:00	2021/06/28 00:00	Complete Genome
GCF_019048265.1	ASM1904826v1	Aeromonas sp. FDAARGOS 1405 (g-proteobacteria)	FDAARGOS 1405	SAMN16357547	2021/06/28 00:00	2021/06/28 00:00	Complete Genome
GCF_019048245.1	ASM1904824v1	Enterobacter hormaechei (CDC Enteric Group 75)	FDAARGOS 1433	SAMN16357575	2021/06/28 00:00	2021/06/28 00:00	Complete Genome
GCF_019048225.1	ASM1904822v1	Acinetobacter pittii (g-proteobacteria)	FDAARGOS 1396	SAMN16357538	2021/06/28 00:00	2021/06/28 00:00	Complete Genome
GCF_019048185.1	ASM1904818v1	Lelliottia amnigena (enterobacteria)	FDAARGOS 1446	SAMN16357588	2021/06/28 00:00	2021/06/28 00:00	Complete Genome
GCF_019048165.1	ASM1904816v1	Corynebacterium coyleae (high G+C Gram-positive bacteria)	FDAARGOS 1425	SAMN16357567	2021/06/28 00:00	2021/06/28 00:00	Complete Genome
GCA_019048145.1	ASM1904814v1	Escherichia coli (E. coli)	FDAARGOS 1386	SAMN16357528	2021/06/28 00:00	2021/06/28 00:00	Complete Genome
GCF_019048125.1	ASM1904812v1	Klebsiella aerogenes (enterobacteria)	FDAARGOS 1442	SAMN16357584	2021/06/28 00:00	2021/06/28 00:00	Complete Genome
GCF_019048105.1	ASM1904810v1	Providencia rettgeri (enterobacteria)	FDAARGOS 1450	SAMN16357592	2021/06/28 00:00	2021/06/28 00:00	Complete Genome
GCF_019048085.1	ASM1904808v1	Aeromonas sp. FDAARGOS 1416 (g-proteobacteria)	FDAARGOS 1416	SAMN16357558	2021/06/28 00:00	2021/06/28 00:00	Complete Genome
GCF_019048065.1	ASM1904806v1	Citrobacter farmeri (enterobacteria)	FDAARGOS 1423	SAMN16357565	2021/06/28 00:00	2021/06/28 00:00	Complete Genome
GCF_019048045.1	ASM1904804v1	Citrobacter braakii (enterobacteria)	FDAARGOS 1422	SAMN16357564	2021/06/28 00:00	2021/06/28 00:00	Complete Genome
GCF_019048025.1	ASM1904802v1	Staphylococcus haemolyticus (firmicutes)	FDAARGOS 1453	SAMN16357595	2021/06/28 00:00	2021/06/28 00:00	Complete Genome
GCA_019048005.1	ASM1904800v1	Escherichia coli (E. coli)	FDAARGOS_1385	SAMN16357527	2021/06/28 00:00	2021/06/28 00:00	Complete Genome
GCF_019047985.1	ASM1904798v1	Klebsiella quasipneumoniae (enterobacteria)	FDAARGOS 1443	SAMN16357585	2021/06/28 00:00	2021/06/28 00:00	Complete Genome
GCA_019047965.1	ASM1904796v1	Escherichia coli (E. coli)	FDAARGOS_1378	SAMN16357520	2021/06/28 00:00	2021/06/28 00:00	Complete Genome
GCF_019047945.1	ASM1904794v1	Enterobacter hormaechei (CDC Enteric Group 75)	FDAARGOS 1434	SAMN16357576	2021/06/28 00:00	2021/06/28 00:00	Complete Genome
GCF_019047925.1	ASM1904792v1	Klebsiella aerogenes (enterobacteria)	FDAARGOS 1441	SAMN16357583	2021/06/28 00:00	2021/06/28 00:00	Complete Genome
GCA_019047905.1	ASM1904790v1	Escherichia coli (E. coli)	FDAARGOS_1388	SAMN16357530	2021/06/28 00:00	2021/06/28 00:00	Complete Genome
GCF_019047885.1	ASM1904788v1	Providencia rettgeri (enterobacteria)	FDAARGOS 1449	SAMN16357591	2021/06/28 00:00	2021/06/28 00:00	Complete Genome
GCF_019047825.1	ASM1904782v1	Streptococcus mitis (firmicutes)	FDAARGOS 1456	SAMN16357598	2021/06/28 00:00	2021/06/28 00:00	Complete Genome
GCF_019047805.1	ASM1904780v1	Corynebacterium freneyi (high G+C Gram-positive bacteria)	FDAARGOS 1426	SAMN16357568	2021/06/28 00:00	2021/06/28 00:00	Complete Genome
GCF_019047785.1	ASM1904778v1	Enterobacter cancerogenus (enterobacteria)	FDAARGOS 1428	SAMN16357570	2021/06/28 00:00	2021/06/28 00:00	Complete Genome
GCF_019047765.1	ASM1904776v1	Citrobacter pasteurii (enterobacteria)	FDAARGOS 1424	SAMN16357566	2021/06/28 00:00	2021/06/28 00:00	Complete Genome
GCA_019047745.1	ASM1904774v1	Escherichia coli (E. coli)	FDAARGOS_1381	SAMN16357523	2021/06/28 00:00	2021/06/28 00:00	Complete Genome
GCA_019047725.1	ASM1904772v1	Escherichia coli (E. coli)	FDAARGOS 1374	SAMN16357516	2021/06/28 00:00	2021/06/28 00:00	Complete Genome
GCA_019047645.1	ASM1904764v1	Escherichia coli (E. coli)	FDAARGOS_1376	SAMN16357518	2021/06/28 00:00	2021/06/28 00:00	Complete Genome
GCF_019047545.1	ASM1904754v1	Escherichia fergusonii (enterobacteria)	FDAARGOS 1438	SAMN16357580	2021/06/28 00:00	2021/06/28 00:00	Complete Genome
GCF_019047505.1	ASM1904750v1	Streptococcus gordonii (firmicutes)	FDAARGOS 1455	SAMN16357597	2021/06/28 00:00	2021/06/28 00:00	Complete Genome
GCF_019047465.1	ASM1904746v1	Lelliottia amnigena (enterobacteria)	FDAARGOS 1444	SAMN16357586	2021/06/28 00:00	2021/06/28 00:00	Complete Genome
GCF_019047325.1	ASM1904732v1	Aeromonas sp. FDAARGOS 1403 (g-proteobacteria)	FDAARGOS 1403	SAMN16357545	2021/06/28 00:00	2021/06/28 00:00	Complete Genome
GCF_019047205.1	ASM1904720v1	Acinetobacter pittii (g-proteobacteria)	FDAARGOS 1399	SAMN16357541	2021/06/28 00:00	2021/06/28 00:00	Complete Genome
GCF_019047185.1	ASM1904718v1	Acinetobacter pittii (g-proteobacteria)	FDAARGOS 1397	SAMN16357539	2021/06/28 00:00	2021/06/28 00:00	Complete Genome
GCA_019047165.1	ASM1904716v1	Escherichia coli (E. coli)	FDAARGOS_1384	SAMN16357526	2021/06/28 00:00	2021/06/28 00:00	Complete Genome
GCA_019047145.1	ASM1904714v1	Escherichia coli (E. coli)	FDAARGOS_1379	SAMN16357521	2021/06/28 00:00	2021/06/28 00:00	Complete Genome
GCF_019047125.1	ASM1904712v1	Aeromonas sp. FDAARGOS 1411 (g-proteobacteria)	FDAARGOS 1411	SAMN16357553	2021/06/28 00:00	2021/06/28 00:00	Complete Genome
GCF_019047105.1	ASM1904710v1	Enterobacter cloacae (enterobacteria)	FDAARGOS 1431	SAMN16357573	2021/06/28 00:00	2021/06/28 00:00	Complete Genome
GCF_019047085.1	ASM1904708v1	Aeromonas sp. FDAARGOS 1404 (g-proteobacteria)	FDAARGOS 1404	SAMN16357546	2021/06/28 00:00	2021/06/28 00:00	Complete Genome
GCF_019047065.1	ASM1904706v1	Aeromonas sp. FDAARGOS 1414 (g-proteobacteria)	FDAARGOS 1414	SAMN16357556	2021/06/28 00:00	2021/06/28 00:00	Complete Genome
GCF_019047045.1	ASM1904704v1	Aeromonas sp. FDAARGOS 1419 (g-proteobacteria)	FDAARGOS 1419	SAMN16357561	2021/06/28 00:00	2021/06/28 00:00	Complete Genome
GCF_019047025.1	ASM1904702v1	Enterobacter roggenkampii (enterobacteria)	FDAARGOS 1430	SAMN16357572	2021/06/28 00:00	2021/06/28 00:00	Complete Genome
GCF_019047005.1	ASM1904700v1	Enterobacter ludwigii (enterobacteria)	FDAARGOS 1436	SAMN16357578	2021/06/28 00:00	2021/06/28 00:00	Complete Genome
GCF_019046985.1	ASM1904698v1	Aeromonas sp. FDAARGOS 1417 (g-proteobacteria)	FDAARGOS 1417	SAMN16357559	2021/06/28 00:00	2021/06/28 00:00	Complete Genome
GCF_019046965.1	ASM1904696v1	Acinetobacter pittii (g-proteobacteria)	FDAARGOS 1398	SAMN16357540	2021/06/28 00:00	2021/06/28 00:00	Complete Genome
GCF_019046945.1	ASM1904694v1	Streptococcus gordonii (firmicutes)	FDAARGOS 1454	SAMN16357596	2021/06/28 00:00	2021/06/28 00:00	Complete Genome
GCF_019046925.1	ASM1904692v1	Aeromonas sp. FDAARGOS 1402 (g-proteobacteria)	FDAARGOS 1402	SAMN16357544	2021/06/28 00:00	2021/06/28 00:00	Complete Genome
GCF_019046905.1	ASM1904690v1	Enterobacter bugandensis (enterobacteria)	FDAARGOS 1427	SAMN16357569	2021/06/28 00:00	2021/06/28 00:00	Complete Genome
GCF_017309805.1	ASM1730980v1	Bacteroides cellulosilyticus (CFB group bacteria)	FDAARGOS_1237	SAMN16357379	2021/03/09 00:00	2021/03/09 00:00	Contig
GCA_017136555.1	ASM1713655v1	Escherichia coli (E. coli)	FDAARGOS_1278	SAMN16357420	2021/03/02 00:00	2021/03/02 00:00	Chromosome
GCF_017081385.1	ASM1708138v1	Escherichia coli (E. coli)	FDAARGOS_1350	SAMN16357492	2021/02/28 00:00	2021/02/28 00:00	Contig
GCF_017081375.1	ASM1708137v1	Escherichia coli (E. coli)	FDAARGOS_1351	SAMN16357493	2021/02/28 00:00	2021/02/28 00:00	Contig
GCF_017081345.1	ASM1708134v1	Escherichia coli (E. coli)	FDAARGOS_1354	SAMN16357496	2021/02/28 00:00	2021/02/28 00:00	Contig
GCF_017081335.1	ASM1708133v1	Escherichia coli (E. coli)	FDAARGOS_1355	SAMN16357497	2021/02/28 00:00	2021/02/28 00:00	Contig
GCF_017081275.1	ASM1708127v1	Escherichia coli (E. coli)	FDAARGOS_1347	SAMN16357489	2021/02/28 00:00	2021/02/28 00:00	Contig
GCF_017081315.1	ASM1708131v1	Escherichia coli (E. coli)	FDAARGOS_1353	SAMN16357495	2021/02/28 00:00	2021/02/28 00:00	Scaffold
GCF_017081285.1	ASM1708128v1	Escherichia coli (E. coli)	FDAARGOS_1356	SAMN16357498	2021/02/28 00:00	2021/02/28 00:00	Contig
GCF_017081235.1	ASM1708123v1	Escherichia coli (E. coli)	FDAARGOS_1349	SAMN16357491	2021/02/28 00:00	2021/02/28 00:00	Contig
GCF_017081225.1	ASM1708122v1	Escherichia coli (E. coli)	FDAARGOS_1346	SAMN16357488	2021/02/28 00:00	2021/02/28 00:00	Contig
GCF_017081215.1	ASM1708121v1	Escherichia coli (E. coli)	FDAARGOS_1348	SAMN16357490	2021/02/28 00:00	2021/02/28 00:00	Scaffold
GCF_017081175.1	ASM1708117v1	Escherichia coli (E. coli)	FDAARGOS_1352	SAMN16357494	2021/02/28 00:00	2021/02/28 00:00	Scaffold
GCF_017081185.1	ASM1708118v1	Escherichia coli (E. coli)	FDAARGOS_1240	SAMN16357382	2021/02/28 00:00	2021/02/28 00:00	Contig
GCF_017081135.1	ASM1708113v1	Escherichia coli (E. coli)	FDAARGOS_1269	SAMN16357411	2021/02/28 00:00	2021/02/28 00:00	Scaffold
GCF_017081125.1	ASM1708112v1	Escherichia coli (E. coli)	FDAARGOS_1239	SAMN16357381	2021/02/28 00:00	2021/02/28 00:00	Contig
GCF_017081115.1	ASM1708111v1	Escherichia coli (E. coli)	FDAARGOS_1238	SAMN16357380	2021/02/28 00:00	2021/02/28 00:00	Contig
GCF_016985495.1	ASM1698549v1	Escherichia coli (E. coli)	FDAARGOS_1358	SAMN16357500	2021/02/26 00:00	2021/02/26 00:00	Contig
GCF_016985475.1	ASM1698547v1	Clostridioides difficile (firmicutes)	FDAARGOS_1345	SAMN16357487	2021/02/26 00:00	2021/02/26 00:00	Contig
GCA_016985455.1	ASM1698545v1	Escherichia coli (E. coli)	FDAARGOS_1294	SAMN16357436	2021/02/22 00:00	2021/02/22 00:00	Scaffold
GCF_016939475.1	ASM1693947v1	Acinetobacter calcoaceticus (g-proteobacteria)	FDAARGOS_1218	SAMN16357360	2021/02/25 00:00	2021/02/25 00:00	Complete Genome
GCF_016939455.1	ASM1693945v1	Leuconostoc falkenbergense (firmicutes)	FDAARGOS_1201	SAMN16357343	2021/02/25 00:00	2021/02/25 00:00	Complete Genome
GCF_016918825.1	ASM1691882v1	Klebsiella oxytoca (enterobacteria)	FDAARGOS_1336	SAMN16357478	2021/02/22 00:00	2021/02/22 00:00	Complete Genome
GCF_016906265.1	ASM1690626v1	Streptomyces californicus (high G+C Gram-positive bacteria)	FDAARGOS_1210	SAMN16357352	2021/02/18 00:00	2021/02/18 00:00	Complete Genome
GCF_016906245.1	ASM1690624v1	Streptomyces californicus (high G+C Gram-positive bacteria)	FDAARGOS_1213	SAMN16357355	2021/02/18 00:00	2021/02/18 00:00	Complete Genome
GCF_016906225.1	ASM1690622v1	Streptomyces californicus (high G+C Gram-positive bacteria)	FDAARGOS_1211	SAMN16357353	2021/02/18 00:00	2021/02/18 00:00	Complete Genome
GCF_016906205.1	ASM1690620v1	Streptomyces californicus (high G+C Gram-positive bacteria)	FDAARGOS_1212	SAMN16357354	2021/02/18 00:00	2021/02/18 00:00	Complete Genome
GCF_016906185.1	ASM1690618v1	Streptomyces californicus (high G+C Gram-positive bacteria)	FDAARGOS_1209	SAMN16357351	2021/02/18 00:00	2021/02/18 00:00	Complete Genome
GCF_016906045.1	ASM1690604v1	Lacrimispora saccharolytica (firmicutes)	FDAARGOS_1340	SAMN16357482	2021/02/18 00:00	2021/02/18 00:00	Chromosome
GCF_016904655.1	ASM1690465v1	Escherichia coli (E. coli)	FDAARGOS_1284	SAMN16357426	2021/02/17 00:00	2021/02/17 00:00	Complete Genome
GCF_016904635.1	ASM1690463v1	Klebsiella pneumoniae (enterobacteria)	FDAARGOS_1320	SAMN16357462	2021/02/17 00:00	2021/02/17 00:00	Complete Genome
GCF_016904615.1	ASM1690461v1	Escherichia coli (E. coli)	FDAARGOS_1283	SAMN16357425	2021/02/17 00:00	2021/02/17 00:00	Complete Genome
GCF_016904595.1	ASM1690459v1	Klebsiella pneumoniae (enterobacteria)	FDAARGOS_1310	SAMN16357452	2021/02/17 00:00	2021/02/17 00:00	Complete Genome
GCF_016904575.1	ASM1690457v1	Escherichia coli (E. coli)	FDAARGOS_1276	SAMN16357418	2021/02/17 00:00	2021/02/17 00:00	Complete Genome
GCF_016904555.1	ASM1690455v1	Escherichia coli (E. coli)	FDAARGOS_1285	SAMN16357427	2021/02/17 00:00	2021/02/17 00:00	Complete Genome
GCF_016904535.1	ASM1690453v1	Escherichia coli (E. coli)	FDAARGOS_1297	SAMN16357439	2021/02/17 00:00	2021/02/17 00:00	Complete Genome
GCF_016904515.1	ASM1690451v1	Klebsiella oxytoca (enterobacteria)	FDAARGOS_1331	SAMN16357473	2021/02/17 00:00	2021/02/17 00:00	Complete Genome
GCF_016904495.1	ASM1690449v1	Escherichia coli (E. coli)	FDAARGOS_1281	SAMN16357423	2021/02/17 00:00	2021/02/17 00:00	Complete Genome
GCF_016904475.1	ASM1690447v1	Escherichia coli (E. coli)	FDAARGOS_1292	SAMN16357434	2021/02/17 00:00	2021/02/17 00:00	Complete Genome
GCF_016904455.1	ASM1690445v1	Escherichia coli (E. coli)	FDAARGOS_1298	SAMN16357440	2021/02/17 00:00	2021/02/17 00:00	Complete Genome
GCF_016904435.1	ASM1690443v1	Escherichia coli (E. coli)	FDAARGOS_1301	SAMN16357443	2021/02/17 00:00	2021/02/17 00:00	Complete Genome
GCF_016904415.1	ASM1690441v1	Klebsiella pneumoniae (enterobacteria)	FDAARGOS_1314	SAMN16357456	2021/02/17 00:00	2021/02/17 00:00	Complete Genome
GCF_016904395.1	ASM1690439v1	Escherichia coli (E. coli)	FDAARGOS_1277	SAMN16357419	2021/02/17 00:00	2021/02/17 00:00	Complete Genome
GCF_016904375.1	ASM1690437v1	Bordetella pertussis (b-proteobacteria)	FDAARGOS_1366	SAMN16357508	2021/02/17 00:00	2021/02/17 00:00	Complete Genome
GCF_016904355.1	ASM1690435v1	Bordetella pertussis (b-proteobacteria)	FDAARGOS_1365	SAMN16357507	2021/02/17 00:00	2021/02/17 00:00	Complete Genome
GCF_016904335.1	ASM1690433v1	Escherichia coli (E. coli)	FDAARGOS_1370	SAMN16357512	2021/02/17 00:00	2021/02/17 00:00	Complete Genome
GCF_016904315.1	ASM1690431v1	Klebsiella pneumoniae (enterobacteria)	FDAARGOS_1316	SAMN16357458	2021/02/17 00:00	2021/02/17 00:00	Complete Genome
GCF_016904295.1	ASM1690429v1	Klebsiella pneumoniae (enterobacteria)	FDAARGOS_1306	SAMN16357448	2021/02/17 00:00	2021/02/17 00:00	Complete Genome
GCF_016904275.1	ASM1690427v1	Klebsiella pneumoniae (enterobacteria)	FDAARGOS_1328	SAMN16357470	2021/02/17 00:00	2021/02/17 00:00	Complete Genome
GCF_016904255.1	ASM1690425v1	Escherichia coli (E. coli)	FDAARGOS_1371	SAMN16357513	2021/02/17 00:00	2021/02/17 00:00	Complete Genome
GCF_016904235.1	ASM1690423v1	Escherichia coli (E. coli)	FDAARGOS_1287	SAMN16357429	2021/02/17 00:00	2021/02/17 00:00	Complete Genome
GCF_016904215.1	ASM1690421v1	Bordetella pertussis (b-proteobacteria)	FDAARGOS_1367	SAMN16357509	2021/02/17 00:00	2021/02/17 00:00	Complete Genome
GCF_016904195.1	ASM1690419v1	Escherichia coli (E. coli)	FDAARGOS_1296	SAMN16357438	2021/02/17 00:00	2021/02/17 00:00	Complete Genome
GCF_016904175.1	ASM1690417v1	Escherichia coli (E. coli)	FDAARGOS_1372	SAMN16357514	2021/02/17 00:00	2021/02/17 00:00	Complete Genome
GCF_016904155.1	ASM1690415v1	Allocoprococcus comes (firmicutes)	FDAARGOS_1339	SAMN16357481	2021/02/17 00:00	2021/02/17 00:00	Complete Genome
GCF_016904135.1	ASM1690413v1	Staphylococcus epidermidis (firmicutes)	FDAARGOS_1361	SAMN16357503	2021/02/17 00:00	2021/02/17 00:00	Complete Genome
GCF_016904115.1	ASM1690411v1	Escherichia coli (E. coli)	FDAARGOS_1290	SAMN16357432	2021/02/17 00:00	2021/02/17 00:00	Complete Genome
GCF_016904095.1	ASM1690409v1	Klebsiella pneumoniae (enterobacteria)	FDAARGOS_1319	SAMN16357461	2021/02/17 00:00	2021/02/17 00:00	Complete Genome
GCF_016904075.1	ASM1690407v1	Escherichia coli (E. coli)	FDAARGOS_1303	SAMN16357445	2021/02/17 00:00	2021/02/17 00:00	Complete Genome
GCF_016904055.1	ASM1690405v1	Escherichia coli (E. coli)	FDAARGOS_1293	SAMN16357435	2021/02/17 00:00	2021/02/17 00:00	Complete Genome
GCF_016904035.1	ASM1690403v1	Klebsiella pneumoniae (enterobacteria)	FDAARGOS_1322	SAMN16357464	2021/02/17 00:00	2021/02/17 00:00	Complete Genome
GCF_016904015.1	ASM1690401v1	Mediterraneibacter gnavus (firmicutes)	FDAARGOS_1342	SAMN16357484	2021/02/17 00:00	2021/02/17 00:00	Complete Genome
GCF_016903995.1	ASM1690399v1	Escherichia coli (E. coli)	FDAARGOS_1337	SAMN16357479	2021/02/17 00:00	2021/02/17 00:00	Complete Genome
GCF_016903975.1	ASM1690397v1	Klebsiella oxytoca (enterobacteria)	FDAARGOS_1333	SAMN16357475	2021/02/17 00:00	2021/02/17 00:00	Complete Genome
GCF_016903955.1	ASM1690395v1	Klebsiella pneumoniae (enterobacteria)	FDAARGOS_1309	SAMN16357451	2021/02/17 00:00	2021/02/17 00:00	Complete Genome
GCF_016903935.1	ASM1690393v1	Escherichia coli (E. coli)	FDAARGOS_1288	SAMN16357430	2021/02/17 00:00	2021/02/17 00:00	Complete Genome
GCF_016903915.1	ASM1690391v1	Escherichia coli (E. coli)	FDAARGOS_1300	SAMN16357442	2021/02/17 00:00	2021/02/17 00:00	Complete Genome
GCF_016903895.1	ASM1690389v1	Klebsiella pneumoniae (enterobacteria)	FDAARGOS_1321	SAMN16357463	2021/02/17 00:00	2021/02/17 00:00	Complete Genome
GCF_016903875.1	ASM1690387v1	Klebsiella pneumoniae (enterobacteria)	FDAARGOS_1329	SAMN16357471	2021/02/17 00:00	2021/02/17 00:00	Complete Genome
GCF_016903855.1	ASM1690385v1	Escherichia coli (E. coli)	FDAARGOS_1291	SAMN16357433	2021/02/17 00:00	2021/02/17 00:00	Complete Genome
GCF_016903835.1	ASM1690383v1	Escherichia coli (E. coli)	FDAARGOS_1299	SAMN16357441	2021/02/17 00:00	2021/02/17 00:00	Complete Genome
GCF_016903815.1	ASM1690381v1	Escherichia coli (E. coli)	FDAARGOS_1280	SAMN16357422	2021/02/17 00:00	2021/02/17 00:00	Complete Genome
GCF_016903795.1	ASM1690379v1	Klebsiella pneumoniae (enterobacteria)	FDAARGOS_1308	SAMN16357450	2021/02/17 00:00	2021/02/17 00:00	Complete Genome
GCF_016903775.1	ASM1690377v1	Klebsiella pneumoniae (enterobacteria)	FDAARGOS_1307	SAMN16357449	2021/02/17 00:00	2021/02/17 00:00	Complete Genome
GCF_016903755.1	ASM1690375v1	Klebsiella pneumoniae (enterobacteria)	FDAARGOS_1317	SAMN16357459	2021/02/17 00:00	2021/02/17 00:00	Complete Genome
GCF_016903735.1	ASM1690373v1	Klebsiella pneumoniae (enterobacteria)	FDAARGOS_1325	SAMN16357467	2021/02/17 00:00	2021/02/17 00:00	Complete Genome
GCF_016903715.1	ASM1690371v1	Klebsiella oxytoca (enterobacteria)	FDAARGOS_1332	SAMN16357474	2021/02/17 00:00	2021/02/17 00:00	Complete Genome
GCF_016903615.1	ASM1690361v1	Escherichia coli (E. coli)	FDAARGOS_1304	SAMN16357446	2021/02/17 00:00	2021/02/17 00:00	Complete Genome
GCF_016903595.1	ASM1690359v1	Escherichia coli (E. coli)	FDAARGOS_1279	SAMN16357421	2021/02/17 00:00	2021/02/17 00:00	Complete Genome
GCF_016903575.1	ASM1690357v1	Staphylococcus epidermidis (firmicutes)	FDAARGOS_1364	SAMN16357506	2021/02/17 00:00	2021/02/17 00:00	Complete Genome
GCF_016903555.1	ASM1690355v1	Staphylococcus epidermidis (firmicutes)	FDAARGOS_1363	SAMN16357505	2021/02/17 00:00	2021/02/17 00:00	Complete Genome
GCF_016903535.1	ASM1690353v1	Escherichia coli (E. coli)	FDAARGOS_1373	SAMN16357515	2021/02/17 00:00	2021/02/17 00:00	Complete Genome
GCF_016903515.1	ASM1690351v1	Klebsiella pneumoniae (enterobacteria)	FDAARGOS_1330	SAMN16357472	2021/02/17 00:00	2021/02/17 00:00	Complete Genome
GCF_016903495.1	ASM1690349v1	Klebsiella pneumoniae (enterobacteria)	FDAARGOS_1312	SAMN16357454	2021/02/17 00:00	2021/02/17 00:00	Complete Genome
GCF_016903475.1	ASM1690347v1	Klebsiella pneumoniae (enterobacteria)	FDAARGOS_1315	SAMN16357457	2021/02/17 00:00	2021/02/17 00:00	Complete Genome
GCF_016903455.1	ASM1690345v1	Klebsiella pneumoniae (enterobacteria)	FDAARGOS_1318	SAMN16357460	2021/02/17 00:00	2021/02/17 00:00	Complete Genome
GCF_016903435.1	ASM1690343v1	Escherichia coli (E. coli)	FDAARGOS_1302	SAMN16357444	2021/02/17 00:00	2021/02/17 00:00	Complete Genome
GCF_016903415.1	ASM1690341v1	Klebsiella oxytoca (enterobacteria)	FDAARGOS_1334	SAMN16357476	2021/02/17 00:00	2021/02/17 00:00	Complete Genome
GCF_016903395.1	ASM1690339v1	Klebsiella pneumoniae (enterobacteria)	FDAARGOS_1313	SAMN16357455	2021/02/17 00:00	2021/02/17 00:00	Complete Genome
GCF_016903375.1	ASM1690337v1	Escherichia coli (E. coli)	FDAARGOS_1286	SAMN16357428	2021/02/17 00:00	2021/02/17 00:00	Complete Genome
GCF_016903355.1	ASM1690335v1	Streptococcus anginosus (firmicutes)	FDAARGOS_1357	SAMN16357499	2021/02/17 00:00	2021/02/17 00:00	Complete Genome
GCF_016903335.1	ASM1690333v1	Escherichia coli (E. coli)	FDAARGOS_1295	SAMN16357437	2021/02/17 00:00	2021/02/17 00:00	Complete Genome
GCF_016903315.1	ASM1690331v1	Escherichia coli (E. coli)	FDAARGOS_1289	SAMN16357431	2021/02/17 00:00	2021/02/17 00:00	Complete Genome
GCF_016903295.1	ASM1690329v1	Klebsiella pneumoniae (enterobacteria)	FDAARGOS_1323	SAMN16357465	2021/02/17 00:00	2021/02/17 00:00	Complete Genome
GCF_016903275.1	ASM1690327v1	Escherichia coli (E. coli)	FDAARGOS_1282	SAMN16357424	2021/02/17 00:00	2021/02/17 00:00	Complete Genome
GCF_016903255.1	ASM1690325v1	Klebsiella pneumoniae (enterobacteria)	FDAARGOS_1311	SAMN16357453	2021/02/17 00:00	2021/02/17 00:00	Complete Genome
GCF_016903235.1	ASM1690323v1	Klebsiella pneumoniae (enterobacteria)	FDAARGOS_1324	SAMN16357466	2021/02/17 00:00	2021/02/17 00:00	Complete Genome
GCF_016903215.1	ASM1690321v1	Acinetobacter baumannii (g-proteobacteria)	FDAARGOS_1359	SAMN16357501	2021/02/17 00:00	2021/02/17 00:00	Complete Genome
GCF_016903195.1	ASM1690319v1	Klebsiella pneumoniae (enterobacteria)	FDAARGOS_1305	SAMN16357447	2021/02/17 00:00	2021/02/17 00:00	Complete Genome
GCF_016903175.1	ASM1690317v1	Bordetella pertussis (b-proteobacteria)	FDAARGOS_1369	SAMN16357511	2021/02/17 00:00	2021/02/17 00:00	Complete Genome
GCF_016903155.1	ASM1690315v1	Klebsiella pneumoniae (enterobacteria)	FDAARGOS_1326	SAMN16357468	2021/02/17 00:00	2021/02/17 00:00	Complete Genome
GCF_016903135.1	ASM1690313v1	Acinetobacter baumannii (g-proteobacteria)	FDAARGOS_1360	SAMN16357502	2021/02/17 00:00	2021/02/17 00:00	Complete Genome
GCF_016903115.1	ASM1690311v1	Klebsiella pneumoniae (enterobacteria)	FDAARGOS_1327	SAMN16357469	2021/02/17 00:00	2021/02/17 00:00	Complete Genome
GCF_016903095.1	ASM1690309v1	Bordetella pertussis (b-proteobacteria)	FDAARGOS_1368	SAMN16357510	2021/02/17 00:00	2021/02/17 00:00	Complete Genome
GCF_016894265.1	ASM1689426v1	Corynebacterium tuberculostearicum (high G+C Gram-positive bacteria)	FDAARGOS_1198	SAMN16357340	2021/02/16 00:00	2021/02/16 00:00	Chromosome
GCF_016894245.1	ASM1689424v1	Corynebacterium kroppenstedtii (high G+C Gram-positive bacteria)	FDAARGOS_1193	SAMN16357335	2021/02/16 00:00	2021/02/16 00:00	Chromosome
GCF_016894225.1	ASM1689422v1	Sphingobacterium multivorum (CFB group bacteria)	FDAARGOS_1203	SAMN16357345	2021/02/16 00:00	2021/02/16 00:00	Chromosome
GCF_016894205.1	ASM1689420v1	Bacteroides eggerthii (CFB group bacteria)	FDAARGOS_1221	SAMN16357363	2021/02/16 00:00	2021/02/16 00:00	Chromosome
GCF_016894185.1	ASM1689418v1	Bacteroides ovatus (CFB group bacteria)	FDAARGOS_1235	SAMN16357377	2021/02/16 00:00	2021/02/16 00:00	Chromosome
GCF_016890105.1	ASM1689010v1	Escherichia coli (E. coli)	FDAARGOS_1266	SAMN16357408	2021/02/15 00:00	2021/02/15 00:00	Complete Genome
GCF_016890085.1	ASM1689008v1	Chromobacterium violaceum (b-proteobacteria)	FDAARGOS_1273	SAMN16357415	2021/02/15 00:00	2021/02/15 00:00	Complete Genome
GCF_016890065.1	ASM1689006v1	Acinetobacter pittii (g-proteobacteria)	FDAARGOS_1216	SAMN16357358	2021/02/15 00:00	2021/02/15 00:00	Complete Genome
GCF_016890045.1	ASM1689004v1	Escherichia coli (E. coli)	FDAARGOS_1265	SAMN16357407	2021/02/15 00:00	2021/02/15 00:00	Complete Genome
GCF_016890025.1	ASM1689002v1	Staphylococcus carnosus (firmicutes)	FDAARGOS_1204	SAMN16357346	2021/02/15 00:00	2021/02/15 00:00	Complete Genome
GCF_016890005.1	ASM1689000v1	Escherichia coli (E. coli)	FDAARGOS_1250	SAMN16357392	2021/02/15 00:00	2021/02/15 00:00	Complete Genome
GCF_016889985.1	ASM1688998v1	Corynebacterium sp. FDAARGOS 1242 (high G+C Gram-positive bacteria)	FDAARGOS_1242	SAMN16357384	2021/02/15 00:00	2021/02/15 00:00	Complete Genome
GCF_016889965.1	ASM1688996v1	Staphylococcus condimenti (firmicutes)	FDAARGOS_1205	SAMN16357347	2021/02/15 00:00	2021/02/15 00:00	Complete Genome
GCF_016889945.1	ASM1688994v1	Staphylococcus aureus (firmicutes)	FDAARGOS_1245	SAMN16357387	2021/02/15 00:00	2021/02/15 00:00	Complete Genome
GCF_016889925.1	ASM1688992v1	Bacteroides fragilis (CFB group bacteria)	FDAARGOS_1225	SAMN16357367	2021/02/15 00:00	2021/02/15 00:00	Complete Genome
GCF_016889905.1	ASM1688990v1	Escherichia coli (E. coli)	FDAARGOS_1259	SAMN16357401	2021/02/15 00:00	2021/02/15 00:00	Complete Genome
GCF_016889885.1	ASM1688988v1	Streptococcus constellatus (firmicutes)	FDAARGOS_1208	SAMN16357350	2021/02/15 00:00	2021/02/15 00:00	Complete Genome
GCF_016889865.1	ASM1688986v1	Escherichia coli (E. coli)	FDAARGOS_1253	SAMN16357395	2021/02/15 00:00	2021/02/15 00:00	Complete Genome
GCF_016889845.1	ASM1688984v1	Escherichia coli (E. coli)	FDAARGOS_1248	SAMN16357390	2021/02/15 00:00	2021/02/15 00:00	Complete Genome
GCF_016889825.1	ASM1688982v1	Acinetobacter pittii (g-proteobacteria)	FDAARGOS_1214	SAMN16357356	2021/02/15 00:00	2021/02/15 00:00	Complete Genome
GCF_016889805.1	ASM1688980v1	Rhodanobacter sp. FDAARGOS 1247 (g-proteobacteria)	FDAARGOS_1247	SAMN16357389	2021/02/15 00:00	2021/02/15 00:00	Complete Genome
GCF_016889785.1	ASM1688978v1	Corynebacterium glucuronolyticum (high G+C Gram-positive bacteria)	FDAARGOS_1191	SAMN16357333	2021/02/15 00:00	2021/02/15 00:00	Complete Genome
GCF_016889765.1	ASM1688976v1	Corynebacterium minutissimum (high G+C Gram-positive bacteria)	FDAARGOS_1196	SAMN16357338	2021/02/15 00:00	2021/02/15 00:00	Complete Genome
GCF_016889745.1	ASM1688974v1	Bacteroides caccae (CFB group bacteria)	FDAARGOS_1219	SAMN16357361	2021/02/15 00:00	2021/02/15 00:00	Complete Genome
GCF_016889725.1	ASM1688972v1	Escherichia coli (E. coli)	FDAARGOS_1252	SAMN16357394	2021/02/15 00:00	2021/02/15 00:00	Complete Genome
GCF_016889705.1	ASM1688970v1	Amycolatopsis sp. FDAARGOS 1241 (high G+C Gram-positive bacteria)	FDAARGOS_1241	SAMN16357383	2021/02/15 00:00	2021/02/15 00:00	Complete Genome
GCF_016889685.1	ASM1688968v1	Escherichia coli (E. coli)	FDAARGOS_1267	SAMN16357409	2021/02/15 00:00	2021/02/15 00:00	Complete Genome
GCF_016889665.1	ASM1688966v1	Enterocloster bolteae (firmicutes)	FDAARGOS_1231	SAMN16357373	2021/02/15 00:00	2021/02/15 00:00	Complete Genome
GCF_016889645.1	ASM1688964v1	Salmonella enterica (enterobacteria)	FDAARGOS_1271	SAMN16357413	2021/02/15 00:00	2021/02/15 00:00	Complete Genome
GCF_016889625.1	ASM1688962v1	Escherichia coli (E. coli)	FDAARGOS_1262	SAMN16357404	2021/02/15 00:00	2021/02/15 00:00	Complete Genome
GCF_016889605.1	ASM1688960v1	Escherichia coli (E. coli)	FDAARGOS_1268	SAMN16357410	2021/02/15 00:00	2021/02/15 00:00	Complete Genome
GCF_016889465.1	ASM1688946v1	Corynebacterium macginleyi (high G+C Gram-positive bacteria)	FDAARGOS_1195	SAMN16357337	2021/02/15 00:00	2021/02/15 00:00	Complete Genome
GCF_016889445.1	ASM1688944v1	Corynebacterium striatum (high G+C Gram-positive bacteria)	FDAARGOS_1197	SAMN16357339	2021/02/15 00:00	2021/02/15 00:00	Complete Genome
GCF_016889425.1	ASM1688942v1	Corynebacterium amycolatum (high G+C Gram-positive bacteria)	FDAARGOS_1189	SAMN16357331	2021/02/15 00:00	2021/02/15 00:00	Complete Genome
GCF_016889405.1	ASM1688940v1	Corynebacterium kroppenstedtii (high G+C Gram-positive bacteria)	FDAARGOS_1194	SAMN16357336	2021/02/15 00:00	2021/02/15 00:00	Complete Genome
GCF_016889385.1	ASM1688938v1	Haemophilus parahaemolyticus (g-proteobacteria)	FDAARGOS_1199	SAMN16357341	2021/02/15 00:00	2021/02/15 00:00	Complete Genome
GCF_016889365.1	ASM1688936v1	Corynebacterium kroppenstedtii (high G+C Gram-positive bacteria)	FDAARGOS_1192	SAMN16357334	2021/02/15 00:00	2021/02/15 00:00	Complete Genome
GCF_016889345.1	ASM1688934v1	Acinetobacter pittii (g-proteobacteria)	FDAARGOS_1215	SAMN16357357	2021/02/15 00:00	2021/02/15 00:00	Complete Genome
GCF_016889325.1	ASM1688932v1	Escherichia coli (E. coli)	FDAARGOS_1258	SAMN16357400	2021/02/15 00:00	2021/02/15 00:00	Complete Genome
GCF_016889305.1	ASM1688930v1	Acinetobacter pittii (g-proteobacteria)	FDAARGOS_1217	SAMN16357359	2021/02/15 00:00	2021/02/15 00:00	Complete Genome
GCF_016889285.1	ASM1688928v1	Kytococcus sedentarius (high G+C Gram-positive bacteria)	FDAARGOS_1200	SAMN16357342	2021/02/15 00:00	2021/02/15 00:00	Complete Genome
GCF_016889265.1	ASM1688926v1	Escherichia coli (E. coli)	FDAARGOS_1264	SAMN16357406	2021/02/15 00:00	2021/02/15 00:00	Complete Genome
GCF_016889245.1	ASM1688924v1	Mammaliicoccus vitulinus (firmicutes)	FDAARGOS_1207	SAMN16357349	2021/02/15 00:00	2021/02/15 00:00	Complete Genome
GCF_016889225.1	ASM1688922v1	Corynebacterium glucuronolyticum (high G+C Gram-positive bacteria)	FDAARGOS_1190	SAMN16357332	2021/02/15 00:00	2021/02/15 00:00	Complete Genome
GCF_016889205.1	ASM1688920v1	Burkholderia dolosa (b-proteobacteria)	FDAARGOS_1272	SAMN16357414	2021/02/15 00:00	2021/02/15 00:00	Complete Genome
GCF_016889185.1	ASM1688918v1	Escherichia coli (E. coli)	FDAARGOS_1257	SAMN16357399	2021/02/15 00:00	2021/02/15 00:00	Complete Genome
GCF_016889165.1	ASM1688916v1	Staphylococcus epidermidis (firmicutes)	FDAARGOS_1243	SAMN16357385	2021/02/15 00:00	2021/02/15 00:00	Complete Genome
GCF_016889145.1	ASM1688914v1	Staphylococcus aureus (firmicutes)	FDAARGOS_1246	SAMN16357388	2021/02/15 00:00	2021/02/15 00:00	Complete Genome
GCF_016889125.1	ASM1688912v1	Escherichia coli (E. coli)	FDAARGOS_1249	SAMN16357391	2021/02/15 00:00	2021/02/15 00:00	Complete Genome
GCF_016889105.1	ASM1688910v1	Escherichia coli (E. coli)	FDAARGOS_1254	SAMN16357396	2021/02/15 00:00	2021/02/15 00:00	Complete Genome
GCF_016889085.1	ASM1688908v1	Escherichia coli (E. coli)	FDAARGOS_1256	SAMN16357398	2021/02/15 00:00	2021/02/15 00:00	Complete Genome
GCF_016889065.1	ASM1688906v1	Butyricimonas virosa (CFB group bacteria)	FDAARGOS_1229	SAMN16357371	2021/02/15 00:00	2021/02/15 00:00	Complete Genome
GCF_016889045.1	ASM1688904v1	Escherichia coli (E. coli)	FDAARGOS_1255	SAMN16357397	2021/02/15 00:00	2021/02/15 00:00	Complete Genome
GCF_016889025.1	ASM1688902v1	Escherichia coli (E. coli)	FDAARGOS_1251	SAMN16357393	2021/02/15 00:00	2021/02/15 00:00	Complete Genome
GCF_016889005.1	ASM1688900v1	[Clostridium] scindens (firmicutes)	FDAARGOS_1227	SAMN16357369	2021/02/15 00:00	2021/02/15 00:00	Complete Genome
GCF_016888985.1	ASM1688898v1	Chromobacterium violaceum (b-proteobacteria)	FDAARGOS_1274	SAMN16357416	2021/02/15 00:00	2021/02/15 00:00	Complete Genome
GCF_016888965.1	ASM1688896v1	Escherichia coli (E. coli)	FDAARGOS_1261	SAMN16357403	2021/02/15 00:00	2021/02/15 00:00	Complete Genome
GCF_016888945.1	ASM1688894v1	Phocaeicola coprophilus (CFB group bacteria)	FDAARGOS_1220	SAMN16357362	2021/02/15 00:00	2021/02/15 00:00	Complete Genome
GCF_016888925.1	ASM1688892v1	Escherichia coli (E. coli)	FDAARGOS_1260	SAMN16357402	2021/02/15 00:00	2021/02/15 00:00	Complete Genome
GCF_016888905.1	ASM1688890v1	Parabacteroides distasonis (CFB group bacteria)	FDAARGOS_1234	SAMN16357376	2021/02/15 00:00	2021/02/15 00:00	Complete Genome
GCF_016888885.1	ASM1688888v1	Faucicola osloensis (g-proteobacteria)	FDAARGOS_1202	SAMN16357344	2021/02/15 00:00	2021/02/15 00:00	Complete Genome
GCF_016888685.1	ASM1688868v1	Escherichia coli (E. coli)	FDAARGOS_1263	SAMN16357405	2021/02/14 00:00	2021/02/14 00:00	Contig
GCF_016888665.1	ASM1688866v1	Parabacteroides distasonis (CFB group bacteria)	FDAARGOS_1233	SAMN16357375	2021/02/14 00:00	2021/02/14 00:00	Contig
GCF_016888645.1	ASM1688864v1	Bacteroides fragilis (CFB group bacteria)	FDAARGOS_1222	SAMN16357364	2021/02/14 00:00	2021/02/14 00:00	Scaffold
GCF_016888625.1	ASM1688862v1	Escherichia coli (E. coli)	FDAARGOS_1270	SAMN16357412	2021/02/14 00:00	2021/02/14 00:00	Contig
GCF_016888605.1	ASM1688860v1	Staphylococcus pasteuri (firmicutes)	FDAARGOS_1206	SAMN16357348	2021/02/14 00:00	2021/02/14 00:00	Contig
GCF_016888585.1	ASM1688858v1	Acinetobacter baumannii (g-proteobacteria)	FDAARGOS_1244	SAMN16357386	2021/02/14 00:00	2021/02/14 00:00	Contig
GCF_016888565.1	ASM1688856v1	Parabacteroides distasonis (CFB group bacteria)	FDAARGOS_1223	SAMN16357365	2021/02/14 00:00	2021/02/14 00:00	Contig
GCF_016888545.1	ASM1688854v1	Bacteroides thetaiotaomicron (CFB group bacteria)	FDAARGOS_1226	SAMN16357368	2021/02/14 00:00	2021/02/14 00:00	Contig
GCF_016888505.1	ASM1688850v1	Phocaeicola dorei (CFB group bacteria)	FDAARGOS_1224	SAMN16357366	2021/02/14 00:00	2021/02/14 00:00	Scaffold
GCF_016791645.1	ASM1679164v1	Faucicola osloensis (g-proteobacteria)	FDAARGOS_1129	SAMN16357298	2021/02/01 00:00	2021/02/01 00:00	Contig
GCF_016791605.1	ASM1679160v1	Peptoniphilus asaccharolyticus (firmicutes)	FDAARGOS_1135	SAMN16357304	2021/02/01 00:00	2021/02/01 00:00	Contig
GCF_016766935.1	ASM1676693v1	Phocaeicola vulgatus (CFB group bacteria)	FDAARGOS_1099	SAMN16357268	2021/01/28 00:00	2021/01/28 00:00	Chromosome
GCF_016766915.1	ASM1676691v1	Phocaeicola vulgatus (CFB group bacteria)	FDAARGOS_1098	SAMN16357267	2021/01/28 00:00	2021/01/28 00:00	Chromosome
GCF_016766895.1	ASM1676689v1	Campylobacter ureolyticus (e-proteobacteria)	FDAARGOS_1102	SAMN16357271	2021/01/28 00:00	2021/01/28 00:00	Chromosome
GCF_016766875.1	ASM1676687v1	Chryseobacterium gleum (CFB group bacteria)	FDAARGOS_1103	SAMN16357272	2021/01/28 00:00	2021/01/28 00:00	Chromosome
GCF_016766855.1	ASM1676685v1	Thomasclavelia ramosa (firmicutes)	FDAARGOS_1106	SAMN16357275	2021/01/28 00:00	2021/01/28 00:00	Chromosome
GCF_016766835.1	ASM1676683v1	Dermacoccus nishinomiyaensis (high G+C Gram-positive bacteria)	FDAARGOS_1119	SAMN16357288	2021/01/28 00:00	2021/01/28 00:00	Chromosome
GCF_016766815.1	ASM1676681v1	Enterococcus hirae (firmicutes)	FDAARGOS_1123	SAMN16357292	2021/01/28 00:00	2021/01/28 00:00	Chromosome
GCF_016766795.1	ASM1676679v1	Mammaliicoccus vitulinus (firmicutes)	FDAARGOS_1154	SAMN16357323	2021/01/28 00:00	2021/01/28 00:00	Chromosome
GCF_016766775.1	ASM1676677v1	Streptococcus dysgalactiae (firmicutes)	FDAARGOS_1087	SAMN16357256	2021/01/28 00:00	2021/01/28 00:00	Chromosome
GCF_016751935.1	ASM1675193v1	Staphylococcus pasteuri (firmicutes)	FDAARGOS_1070	SAMN16357239	2021/01/25 00:00	2021/01/25 00:00	Scaffold
GCF_016728825.1	ASM1672882v1	Achromobacter xylosoxidans (b-proteobacteria)	FDAARGOS_1091	SAMN16357260	2021/01/20 00:00	2021/01/20 00:00	Complete Genome
GCF_016728805.1	ASM1672880v1	Acinetobacter johnsonii (g-proteobacteria)	FDAARGOS_1092	SAMN16357261	2021/01/20 00:00	2021/01/20 00:00	Complete Genome
GCF_016728785.1	ASM1672878v1	Thomasclavelia ramosa (firmicutes)	FDAARGOS_1105	SAMN16357274	2021/01/20 00:00	2021/01/20 00:00	Complete Genome
GCF_016728765.1	ASM1672876v1	Chryseobacterium sp. FDAARGOS 1104 (CFB group bacteria)	FDAARGOS_1104	SAMN16357273	2021/01/20 00:00	2021/01/20 00:00	Complete Genome
GCF_016728745.1	ASM1672874v1	Corynebacterium amycolatum (high G+C Gram-positive bacteria)	FDAARGOS_1107	SAMN16357276	2021/01/20 00:00	2021/01/20 00:00	Complete Genome
GCF_016728725.1	ASM1672872v1	Corynebacterium amycolatum (high G+C Gram-positive bacteria)	FDAARGOS_1108	SAMN16357277	2021/01/20 00:00	2021/01/20 00:00	Complete Genome
GCF_016728705.1	ASM1672870v1	Corynebacterium aurimucosum (high G+C Gram-positive bacteria)	FDAARGOS_1109	SAMN16357278	2021/01/20 00:00	2021/01/20 00:00	Complete Genome
GCF_016728685.1	ASM1672868v1	Corynebacterium aurimucosum (high G+C Gram-positive bacteria)	FDAARGOS_1110	SAMN16357279	2021/01/20 00:00	2021/01/20 00:00	Complete Genome
GCF_016728665.1	ASM1672866v1	Corynebacterium propinquum (high G+C Gram-positive bacteria)	FDAARGOS_1112	SAMN16357281	2021/01/20 00:00	2021/01/20 00:00	Complete Genome
GCF_016728645.1	ASM1672864v1	Corynebacterium glucuronolyticum (high G+C Gram-positive bacteria)	FDAARGOS_1111	SAMN16357280	2021/01/20 00:00	2021/01/20 00:00	Complete Genome
GCF_016728625.1	ASM1672862v1	Corynebacterium propinquum (high G+C Gram-positive bacteria)	FDAARGOS_1113	SAMN16357282	2021/01/20 00:00	2021/01/20 00:00	Complete Genome
GCF_016728505.1	ASM1672850v1	Corynebacterium riegelii (high G+C Gram-positive bacteria)	FDAARGOS_1114	SAMN16357283	2021/01/20 00:00	2021/01/20 00:00	Complete Genome
GCF_016728365.1	ASM1672836v1	Corynebacterium tuberculostearicum (high G+C Gram-positive bacteria)	FDAARGOS_1117	SAMN16357286	2021/01/20 00:00	2021/01/20 00:00	Complete Genome
GCF_016728205.1	ASM1672820v1	Corynebacterium striatum (high G+C Gram-positive bacteria)	FDAARGOS_1116	SAMN16357285	2021/01/20 00:00	2021/01/20 00:00	Complete Genome
GCF_016728105.1	ASM1672810v1	Corynebacterium striatum (high G+C Gram-positive bacteria)	FDAARGOS_1115	SAMN16357284	2021/01/20 00:00	2021/01/20 00:00	Complete Genome
GCF_016728085.1	ASM1672808v1	Escherichia coli (E. coli)	FDAARGOS_1077	SAMN16357246	2021/01/20 00:00	2021/01/20 00:00	Complete Genome
GCF_016728065.1	ASM1672806v1	Pseudomonas fluorescens (g-proteobacteria)	FDAARGOS_1088	SAMN16357257	2021/01/20 00:00	2021/01/20 00:00	Complete Genome
GCF_016728045.1	ASM1672804v1	Serratia ureilytica (enterobacteria)	FDAARGOS_1089	SAMN16357258	2021/01/20 00:00	2021/01/20 00:00	Complete Genome
GCF_016728025.1	ASM1672802v1	Listeria monocytogenes (firmicutes)	FDAARGOS_1080	SAMN16357249	2021/01/20 00:00	2021/01/20 00:00	Complete Genome
GCF_016728005.1	ASM1672800v1	Serratia liquefaciens (enterobacteria)	FDAARGOS_1081	SAMN16357250	2021/01/20 00:00	2021/01/20 00:00	Complete Genome
GCF_016727905.1	ASM1672790v1	Yersinia enterocolitica (enterobacteria)	FDAARGOS_1090	SAMN16357259	2021/01/20 00:00	2021/01/20 00:00	Complete Genome
GCF_016727765.1	ASM1672776v1	Yersinia enterocolitica (enterobacteria)	FDAARGOS_1082	SAMN16357251	2021/01/20 00:00	2021/01/20 00:00	Complete Genome
GCF_016727585.1	ASM1672758v1	Staphylococcus aureus (firmicutes)	FDAARGOS_1086	SAMN16357255	2021/01/20 00:00	2021/01/20 00:00	Complete Genome
GCF_016727445.1	ASM1672744v1	Morganella morganii (enterobacteria)	FDAARGOS_1085	SAMN16357254	2021/01/20 00:00	2021/01/20 00:00	Complete Genome
GCF_016727425.1	ASM1672742v1	Klebsiella pneumoniae (enterobacteria)	FDAARGOS_1076	SAMN16357245	2021/01/20 00:00	2021/01/20 00:00	Complete Genome
GCF_016727405.1	ASM1672740v1	Bacillus cereus (firmicutes)	FDAARGOS_1084	SAMN16357253	2021/01/20 00:00	2021/01/20 00:00	Complete Genome
GCF_016727385.1	ASM1672738v1	Staphylococcus epidermidis (firmicutes)	FDAARGOS_1083	SAMN16357252	2021/01/20 00:00	2021/01/20 00:00	Complete Genome
GCF_016727365.1	ASM1672736v1	Corynebacterium ulcerans (high G+C Gram-positive bacteria)	FDAARGOS_1118	SAMN16357287	2021/01/20 00:00	2021/01/20 00:00	Complete Genome
GCF_016727345.1	ASM1672734v1	Enterococcus casseliflavus (firmicutes)	FDAARGOS_1120	SAMN16357289	2021/01/20 00:00	2021/01/20 00:00	Complete Genome
GCF_016727325.1	ASM1672732v1	Enterococcus casseliflavus (firmicutes)	FDAARGOS_1121	SAMN16357290	2021/01/20 00:00	2021/01/20 00:00	Complete Genome
GCF_016727305.1	ASM1672730v1	Enterococcus casseliflavus (firmicutes)	FDAARGOS_1122	SAMN16357291	2021/01/20 00:00	2021/01/20 00:00	Complete Genome
GCF_016727265.1	ASM1672726v1	Enterococcus hirae (firmicutes)	FDAARGOS_1125	SAMN16357294	2021/01/20 00:00	2021/01/20 00:00	Complete Genome
GCF_016727125.1	ASM1672712v1	Enterococcus hirae (firmicutes)	FDAARGOS_1124	SAMN16357293	2021/01/20 00:00	2021/01/20 00:00	Complete Genome
GCF_016727005.1	ASM1672700v1	Myroides odoratus (CFB group bacteria)	FDAARGOS_1132	SAMN16357301	2021/01/20 00:00	2021/01/20 00:00	Complete Genome
GCF_016726985.1	ASM1672698v1	Myroides odoratus (CFB group bacteria)	FDAARGOS_1131	SAMN16357300	2021/01/20 00:00	2021/01/20 00:00	Complete Genome
GCF_016726965.1	ASM1672696v1	Mobiluncus curtisii (high G+C Gram-positive bacteria)	FDAARGOS_1128	SAMN16357297	2021/01/20 00:00	2021/01/20 00:00	Complete Genome
GCF_016726945.1	ASM1672694v1	Faucicola osloensis (g-proteobacteria)	FDAARGOS_1130	SAMN16357299	2021/01/20 00:00	2021/01/20 00:00	Complete Genome
GCF_016726885.1	ASM1672688v1	Pediococcus pentosaceus (firmicutes)	FDAARGOS_1134	SAMN16357303	2021/01/20 00:00	2021/01/20 00:00	Complete Genome
GCF_016726765.1	ASM1672676v1	Pediococcus acidilactici (firmicutes)	FDAARGOS_1133	SAMN16357302	2021/01/20 00:00	2021/01/20 00:00	Complete Genome
GCF_016726625.1	ASM1672662v1	Acinetobacter johnsonii (g-proteobacteria)	FDAARGOS_1094	SAMN16357263	2021/01/20 00:00	2021/01/20 00:00	Complete Genome
GCF_016726485.1	ASM1672648v1	Peptoniphilus harei (firmicutes)	FDAARGOS_1136	SAMN16357305	2021/01/20 00:00	2021/01/20 00:00	Complete Genome
GCF_016726365.1	ASM1672636v1	Rothia aeria (high G+C Gram-positive bacteria)	FDAARGOS_1137	SAMN16357306	2021/01/20 00:00	2021/01/20 00:00	Complete Genome
GCF_016726345.1	ASM1672634v1	Acinetobacter ursingii (g-proteobacteria)	FDAARGOS_1096	SAMN16357265	2021/01/20 00:00	2021/01/20 00:00	Complete Genome
GCF_016726325.1	ASM1672632v1	Serratia plymuthica (enterobacteria)	FDAARGOS_1138	SAMN16357307	2021/01/20 00:00	2021/01/20 00:00	Complete Genome
GCF_016726305.1	ASM1672630v1	Bacteroides caccae (CFB group bacteria)	FDAARGOS_1097	SAMN16357266	2021/01/20 00:00	2021/01/20 00:00	Complete Genome
GCF_016726285.1	ASM1672628v1	Shigella boydii (enterobacteria)	FDAARGOS_1139	SAMN16357308	2021/01/20 00:00	2021/01/20 00:00	Complete Genome
GCF_016726265.1	ASM1672626v1	Campylobacter lari (e-proteobacteria)	FDAARGOS_1101	SAMN16357270	2021/01/20 00:00	2021/01/20 00:00	Complete Genome
GCF_016726245.1	ASM1672624v1	Brevibacterium casei (high G+C Gram-positive bacteria)	FDAARGOS_1100	SAMN16357269	2021/01/20 00:00	2021/01/20 00:00	Complete Genome
GCF_016726205.1	ASM1672620v1	Acinetobacter ursingii (g-proteobacteria)	FDAARGOS_1095	SAMN16357264	2021/01/20 00:00	2021/01/20 00:00	Complete Genome
GCF_016726045.1	ASM1672604v1	Sphingobacterium multivorum (CFB group bacteria)	FDAARGOS_1140	SAMN16357309	2021/01/20 00:00	2021/01/20 00:00	Complete Genome
GCF_016725945.1	ASM1672594v1	Acinetobacter johnsonii (g-proteobacteria)	FDAARGOS_1093	SAMN16357262	2021/01/20 00:00	2021/01/20 00:00	Complete Genome
GCF_016725925.1	ASM1672592v1	Sphingobacterium multivorum (CFB group bacteria)	FDAARGOS_1141	SAMN16357310	2021/01/20 00:00	2021/01/20 00:00	Complete Genome
GCF_016725905.1	ASM1672590v1	Proteus mirabilis (enterobacteria)	FDAARGOS_1079	SAMN16357248	2021/01/20 00:00	2021/01/20 00:00	Complete Genome
GCF_016725865.1	ASM1672586v1	Sphingobacterium multivorum (CFB group bacteria)	FDAARGOS_1143	SAMN16357312	2021/01/20 00:00	2021/01/20 00:00	Complete Genome
GCF_016725825.1	ASM1672582v1	Enterobacter hormaechei (CDC Enteric Group 75)	FDAARGOS_1078	SAMN16357247	2021/01/20 00:00	2021/01/20 00:00	Complete Genome
GCF_016725645.1	ASM1672564v1	Sphingobacterium spiritivorum (CFB group bacteria)	FDAARGOS_1144	SAMN16357313	2021/01/20 00:00	2021/01/20 00:00	Complete Genome
GCF_016725465.1	ASM1672546v1	Sphingobacterium multivorum (CFB group bacteria)	FDAARGOS_1142	SAMN16357311	2021/01/20 00:00	2021/01/20 00:00	Complete Genome
GCF_016725325.1	ASM1672532v1	Sphingobacterium spiritivorum (CFB group bacteria)	FDAARGOS_1145	SAMN16357314	2021/01/20 00:00	2021/01/20 00:00	Complete Genome
GCF_016725305.1	ASM1672530v1	Staphylococcus equorum (firmicutes)	FDAARGOS_1149	SAMN16357318	2021/01/20 00:00	2021/01/20 00:00	Complete Genome
GCF_016725285.1	ASM1672528v1	Staphylococcus pasteuri (firmicutes)	FDAARGOS_1151	SAMN16357320	2021/01/20 00:00	2021/01/20 00:00	Complete Genome
GCF_016725265.1	ASM1672526v1	Staphylococcus equorum (firmicutes)	FDAARGOS_1150	SAMN16357319	2021/01/20 00:00	2021/01/20 00:00	Complete Genome
GCF_016725245.1	ASM1672524v1	Mammaliicoccus vitulinus (firmicutes)	FDAARGOS_1153	SAMN16357322	2021/01/20 00:00	2021/01/20 00:00	Complete Genome
GCF_016725225.1	ASM1672522v1	Mobiluncus curtisii (high G+C Gram-positive bacteria)	FDAARGOS_1127	SAMN16357296	2021/01/20 00:00	2021/01/20 00:00	Complete Genome
GCF_016725205.1	ASM1672520v1	Staphylococcus pasteuri (firmicutes)	FDAARGOS_1152	SAMN16357321	2021/01/20 00:00	2021/01/20 00:00	Complete Genome
GCF_016725185.1	ASM1672518v1	Streptococcus anginosus (firmicutes)	FDAARGOS_1155	SAMN16357324	2021/01/20 00:00	2021/01/20 00:00	Complete Genome
GCF_016725165.1	ASM1672516v1	Streptococcus lutetiensis (firmicutes)	FDAARGOS_1158	SAMN16357327	2021/01/20 00:00	2021/01/20 00:00	Complete Genome
GCF_016725005.1	ASM1672500v1	Streptococcus constellatus (firmicutes)	FDAARGOS_1156	SAMN16357325	2021/01/20 00:00	2021/01/20 00:00	Complete Genome
GCF_016724885.1	ASM1672488v1	Streptococcus dysgalactiae (firmicutes)	FDAARGOS_1157	SAMN16357326	2021/01/20 00:00	2021/01/20 00:00	Complete Genome
GCF_016724865.1	ASM1672486v1	Peribacillus psychrosaccharolyticus (firmicutes)	FDAARGOS_1161	SAMN16357330	2021/01/20 00:00	2021/01/20 00:00	Complete Genome
GCF_016724845.1	ASM1672484v1	Sphingobacterium spiritivorum (CFB group bacteria)	FDAARGOS_1146	SAMN16357315	2021/01/20 00:00	2021/01/20 00:00	Complete Genome
GCF_016724825.1	ASM1672482v1	Heyndrickxia coagulans (firmicutes)	FDAARGOS_1160	SAMN16357329	2021/01/20 00:00	2021/01/20 00:00	Complete Genome
GCF_016724805.1	ASM1672480v1	Sutterella wadsworthensis (b-proteobacteria)	FDAARGOS_1159	SAMN16357328	2021/01/20 00:00	2021/01/20 00:00	Complete Genome
GCF_016724785.1	ASM1672478v1	Fusobacterium canifelinum (fusobacteria)	FDAARGOS_1126	SAMN16357295	2021/01/20 00:00	2021/01/20 00:00	Complete Genome
GCF_016724665.1	ASM1672466v1	Staphylococcus carnosus (firmicutes)	FDAARGOS_1147	SAMN16357316	2021/01/20 00:00	2021/01/20 00:00	Complete Genome
GCF_016724565.1	ASM1672456v1	Staphylococcus condimenti (firmicutes)	FDAARGOS_1148	SAMN16357317	2021/01/20 00:00	2021/01/20 00:00	Complete Genome
GCF_016623685.1	ASM1662368v1	Bacteroides fragilis (CFB group bacteria)	FDAARGOS_1025	SAMN16357194	2021/01/05 00:00	2021/01/05 00:00	Scaffold
GCF_016623665.1	ASM1662366v1	Staphylococcus hominis (firmicutes)	FDAARGOS_1043	SAMN16357212	2021/01/05 00:00	2021/01/05 00:00	Scaffold
GCF_016623625.1	ASM1662362v1	Providencia stuartii (enterobacteria)	FDAARGOS_1035	SAMN16357204	2021/01/05 00:00	2021/01/05 00:00	Contig
GCF_016599835.1	ASM1659983v1	Elizabethkingia bruuniana (CFB group bacteria)	FDAARGOS_1031	SAMN16357200	2021/01/11 00:00	2021/01/11 00:00	Complete Genome
GCF_016599815.1	ASM1659981v1	Anaerococcus obesiensis (firmicutes)	FDAARGOS_989	SAMN16357158	2021/01/11 00:00	2021/01/11 00:00	Complete Genome
GCF_016599795.1	ASM1659979v1	Staphylococcus pasteuri (firmicutes)	FDAARGOS_1069	SAMN16357238	2021/01/11 00:00	2021/01/11 00:00	Complete Genome
GCF_016599775.1	ASM1659977v1	Stutzerimonas balearica (g-proteobacteria)	FDAARGOS_1013	SAMN16357182	2021/01/11 00:00	2021/01/11 00:00	Complete Genome
GCF_016599755.1	ASM1659975v1	Corynebacterium kefirresidentii (high G+C Gram-positive bacteria)	FDAARGOS_1055	SAMN16357224	2021/01/11 00:00	2021/01/11 00:00	Complete Genome
GCF_016598875.1	ASM1659887v1	Burkholderia glumae (b-proteobacteria)	FDAARGOS_921	SAMN13450451	2021/01/10 00:00	2021/01/10 00:00	Complete Genome
GCF_016535385.1	ASM1653538v1	Haemophilus influenzae (g-proteobacteria)	FDAARGOS_1022	SAMN16357191	2021/01/05 00:00	2021/01/05 00:00	Contig
GCF_016535475.1	ASM1653547v1	Yersinia pseudotuberculosis (enterobacteria)	FDAARGOS_1047	SAMN16357216	2021/01/05 00:00	2021/01/05 00:00	Contig
GCF_016403325.1	ASM1640332v1	Staphylococcus pseudintermedius (firmicutes)	FDAARGOS_1073	SAMN16357242	2020/12/26 00:00	2020/12/26 00:00	Chromosome
GCF_016403305.1	ASM1640330v1	Achromobacter xylosoxidans (b-proteobacteria)	FDAARGOS_984	SAMN16357153	2020/12/26 00:00	2020/12/26 00:00	Chromosome
GCF_016403285.1	ASM1640328v1	Corynebacterium striatum (high G+C Gram-positive bacteria)	FDAARGOS_1054	SAMN16357223	2020/12/26 00:00	2020/12/26 00:00	Chromosome
GCF_016403265.1	ASM1640326v1	Corynebacterium urealyticum (high G+C Gram-positive bacteria)	FDAARGOS_995	SAMN16357164	2020/12/26 00:00	2020/12/26 00:00	Chromosome
GCF_016403245.1	ASM1640324v1	Micrococcus luteus (high G+C Gram-positive bacteria)	FDAARGOS_1034	SAMN16357203	2020/12/26 00:00	2020/12/26 00:00	Chromosome
GCF_016403225.1	ASM1640322v1	Peptoniphilus harei (firmicutes)	FDAARGOS_1012	SAMN16357181	2020/12/26 00:00	2020/12/26 00:00	Chromosome
GCF_016403205.1	ASM1640320v1	Hafnia alvei (enterobacteria)	FDAARGOS_1038	SAMN16357207	2020/12/26 00:00	2020/12/26 00:00	Chromosome
GCF_016403185.1	ASM1640318v1	Enterobacter asburiae (enterobacteria)	FDAARGOS_1056	SAMN16357225	2020/12/26 00:00	2020/12/26 00:00	Chromosome
GCF_016403165.1	ASM1640316v1	Streptococcus lutetiensis (firmicutes)	FDAARGOS_1018	SAMN16357187	2020/12/26 00:00	2020/12/26 00:00	Chromosome
GCF_016403145.1	ASM1640314v1	Agrobacterium tumefaciens (a-proteobacteria)	FDAARGOS_1048	SAMN16357217	2020/12/26 00:00	2020/12/26 00:00	Complete Genome
GCF_016128275.1	ASM1612827v1	Citrobacter koseri (enterobacteria)	FDAARGOS_1029	SAMN16357198	2020/12/20 00:00	2020/12/20 00:00	Complete Genome
GCF_016128255.1	ASM1612825v1	Lactococcus garvieae (firmicutes)	FDAARGOS_1063	SAMN16357232	2020/12/20 00:00	2020/12/20 00:00	Complete Genome
GCF_016128235.1	ASM1612823v1	Escherichia fergusonii (enterobacteria)	FDAARGOS_1032	SAMN16357201	2020/12/20 00:00	2020/12/20 00:00	Complete Genome
GCF_016128215.1	ASM1612821v1	Pediococcus pentosaceus (firmicutes)	FDAARGOS_1010	SAMN16357179	2020/12/20 00:00	2020/12/20 00:00	Complete Genome
GCF_016128195.1	ASM1612819v1	Paraburkholderia ginsengisoli (b-proteobacteria)	FDAARGOS_1049	SAMN16357218	2020/12/20 00:00	2020/12/20 00:00	Complete Genome
GCF_016128175.1	ASM1612817v1	Rothia kristinae (high G+C Gram-positive bacteria)	FDAARGOS_1001	SAMN16357170	2020/12/20 00:00	2020/12/20 00:00	Complete Genome
GCF_016128155.1	ASM1612815v1	Lactococcus garvieae (firmicutes)	FDAARGOS_1062	SAMN16357231	2020/12/20 00:00	2020/12/20 00:00	Complete Genome
GCF_016128135.1	ASM1612813v1	Streptococcus dysgalactiae (firmicutes)	FDAARGOS_1016	SAMN16357185	2020/12/20 00:00	2020/12/20 00:00	Complete Genome
GCF_016128115.1	ASM1612811v1	Providencia stuartii (enterobacteria)	FDAARGOS_1040	SAMN16357209	2020/12/20 00:00	2020/12/20 00:00	Complete Genome
GCF_016128095.1	ASM1612809v1	Streptococcus dysgalactiae (firmicutes)	FDAARGOS_1017	SAMN16357186	2020/12/20 00:00	2020/12/20 00:00	Complete Genome
GCF_016128075.1	ASM1612807v1	Corynebacterium bovis (high G+C Gram-positive bacteria)	FDAARGOS_1052	SAMN16357221	2020/12/20 00:00	2020/12/20 00:00	Complete Genome
GCF_016128055.1	ASM1612805v1	Pediococcus acidilactici (firmicutes)	FDAARGOS_1008	SAMN16357177	2020/12/20 00:00	2020/12/20 00:00	Complete Genome
GCF_016128035.1	ASM1612803v1	Alcaligenes faecalis (b-proteobacteria)	FDAARGOS_1024	SAMN16357193	2020/12/20 00:00	2020/12/20 00:00	Complete Genome
GCF_016128015.1	ASM1612801v1	Brucella anthropi (a-proteobacteria)	FDAARGOS_1039	SAMN16357208	2020/12/20 00:00	2020/12/20 00:00	Complete Genome
GCF_016127995.1	ASM1612799v1	Schaalia meyeri (high G+C Gram-positive bacteria)	FDAARGOS_985	SAMN16357154	2020/12/20 00:00	2020/12/20 00:00	Complete Genome
GCF_016127975.1	ASM1612797v1	Corynebacterium urealyticum (high G+C Gram-positive bacteria)	FDAARGOS_994	SAMN16357163	2020/12/20 00:00	2020/12/20 00:00	Complete Genome
GCF_016127955.1	ASM1612795v1	Actinomyces oris (high G+C Gram-positive bacteria)	FDAARGOS_1051	SAMN16357220	2020/12/20 00:00	2020/12/20 00:00	Complete Genome
GCF_016127935.1	ASM1612793v1	Staphylococcus pettenkoferi (firmicutes)	FDAARGOS_1071	SAMN16357240	2020/12/20 00:00	2020/12/20 00:00	Complete Genome
GCF_016127915.1	ASM1612791v1	Streptococcus oralis (firmicutes)	FDAARGOS_1021	SAMN16357190	2020/12/20 00:00	2020/12/20 00:00	Complete Genome
GCF_016127895.1	ASM1612789v1	Moraxella nonliquefaciens (g-proteobacteria)	FDAARGOS_1006	SAMN16357175	2020/12/20 00:00	2020/12/20 00:00	Complete Genome
GCF_016127875.1	ASM1612787v1	Streptococcus constellatus (firmicutes)	FDAARGOS_1015	SAMN16357184	2020/12/20 00:00	2020/12/20 00:00	Complete Genome
GCF_016127855.1	ASM1612785v1	Actinomyces naeslundii (high G+C Gram-positive bacteria)	FDAARGOS_1037	SAMN16357206	2020/12/20 00:00	2020/12/20 00:00	Complete Genome
GCF_016127835.1	ASM1612783v1	Salmonella enterica (enterobacteria)	FDAARGOS_1066	SAMN16357235	2020/12/20 00:00	2020/12/20 00:00	Complete Genome
GCF_016127815.1	ASM1612781v1	Pediococcus acidilactici (firmicutes)	FDAARGOS_1007	SAMN16357176	2020/12/20 00:00	2020/12/20 00:00	Complete Genome
GCF_016127795.1	ASM1612779v1	Stutzerimonas stutzeri (g-proteobacteria)	FDAARGOS_1065	SAMN16357234	2020/12/20 00:00	2020/12/20 00:00	Complete Genome
GCF_016127775.1	ASM1612777v1	Pediococcus pentosaceus (firmicutes)	FDAARGOS_1009	SAMN16357178	2020/12/20 00:00	2020/12/20 00:00	Complete Genome
GCF_016127755.1	ASM1612775v1	Burkholderia ambifaria (b-proteobacteria)	FDAARGOS_1027	SAMN16357196	2020/12/20 00:00	2020/12/20 00:00	Complete Genome
GCF_016127735.1	ASM1612773v1	Streptococcus oralis (firmicutes)	FDAARGOS_1075	SAMN16357244	2020/12/20 00:00	2020/12/20 00:00	Complete Genome
GCF_016127715.1	ASM1612771v1	Staphylococcus saccharolyticus (firmicutes)	FDAARGOS_1074	SAMN16357243	2020/12/20 00:00	2020/12/20 00:00	Complete Genome
GCF_016127695.1	ASM1612769v1	Escherichia coli (E. coli)	FDAARGOS_1059	SAMN16357228	2020/12/20 00:00	2020/12/20 00:00	Complete Genome
GCF_016127675.1	ASM1612767v1	Campylobacter coli (e-proteobacteria)	FDAARGOS_1028	SAMN16357197	2020/12/20 00:00	2020/12/20 00:00	Complete Genome
GCF_016127655.1	ASM1612765v1	Brevundimonas diminuta (a-proteobacteria)	FDAARGOS_1026	SAMN16357195	2020/12/20 00:00	2020/12/20 00:00	Complete Genome
GCF_016127635.1	ASM1612763v1	Enterococcus casseliflavus (firmicutes)	FDAARGOS_998	SAMN16357167	2020/12/20 00:00	2020/12/20 00:00	Complete Genome
GCF_016127615.1	ASM1612761v1	Corynebacterium amycolatum (high G+C Gram-positive bacteria)	FDAARGOS_991	SAMN16357160	2020/12/20 00:00	2020/12/20 00:00	Complete Genome
GCF_016127595.1	ASM1612759v1	Fusobacterium canifelinum (fusobacteria)	FDAARGOS_999	SAMN16357168	2020/12/20 00:00	2020/12/20 00:00	Complete Genome
GCF_016127575.1	ASM1612757v1	Cupriavidus necator (b-proteobacteria)	FDAARGOS_1030	SAMN16357199	2020/12/20 00:00	2020/12/20 00:00	Complete Genome
GCF_016127555.1	ASM1612755v1	Streptococcus oralis (firmicutes)	FDAARGOS_1020	SAMN16357189	2020/12/20 00:00	2020/12/20 00:00	Complete Genome
GCF_016127535.1	ASM1612753v1	Streptococcus salivarius (firmicutes)	FDAARGOS_1045	SAMN16357214	2020/12/20 00:00	2020/12/20 00:00	Complete Genome
GCF_016127515.1	ASM1612751v1	Acinetobacter baumannii (g-proteobacteria)	FDAARGOS_1036	SAMN16357205	2020/12/20 00:00	2020/12/20 00:00	Complete Genome
GCF_016127495.1	ASM1612749v1	Kytococcus sedentarius (high G+C Gram-positive bacteria)	FDAARGOS_1061	SAMN16357230	2020/12/20 00:00	2020/12/20 00:00	Complete Genome
GCF_016127475.1	ASM1612747v1	Anaerococcus vaginalis (firmicutes)	FDAARGOS_988	SAMN16357157	2020/12/20 00:00	2020/12/20 00:00	Complete Genome
GCF_016127455.1	ASM1612745v1	Staphylococcus equorum (firmicutes)	FDAARGOS_1068	SAMN16357237	2020/12/20 00:00	2020/12/20 00:00	Complete Genome
GCF_016127435.1	ASM1612743v1	Salmonella enterica (enterobacteria)	FDAARGOS_1067	SAMN16357236	2020/12/20 00:00	2020/12/20 00:00	Complete Genome
GCF_016127415.1	ASM1612741v1	Delftia acidovorans (b-proteobacteria)	FDAARGOS_997	SAMN16357166	2020/12/20 00:00	2020/12/20 00:00	Complete Genome
GCF_016127395.1	ASM1612739v1	Corynebacterium glucuronolyticum (high G+C Gram-positive bacteria)	FDAARGOS_1053	SAMN16357222	2020/12/20 00:00	2020/12/20 00:00	Complete Genome
GCF_016127375.1	ASM1612737v1	Lactococcus garvieae (firmicutes)	FDAARGOS_1002	SAMN16357171	2020/12/20 00:00	2020/12/20 00:00	Complete Genome
GCF_016127355.1	ASM1612735v1	Kingella denitrificans (b-proteobacteria)	FDAARGOS_1060	SAMN16357229	2020/12/20 00:00	2020/12/20 00:00	Complete Genome
GCF_016127335.1	ASM1612733v1	Staphylococcus pseudintermedius (firmicutes)	FDAARGOS_1072	SAMN16357241	2020/12/20 00:00	2020/12/20 00:00	Complete Genome
GCF_016127315.1	ASM1612731v1	Achromobacter deleyi (b-proteobacteria)	FDAARGOS_1050	SAMN16357219	2020/12/20 00:00	2020/12/20 00:00	Complete Genome
GCF_016127295.1	ASM1612729v1	Leuconostoc mesenteroides (firmicutes)	FDAARGOS_1033	SAMN16357202	2020/12/20 00:00	2020/12/20 00:00	Complete Genome
GCF_016127275.1	ASM1612727v1	Streptococcus infantarius (firmicutes)	FDAARGOS_1019	SAMN16357188	2020/12/20 00:00	2020/12/20 00:00	Complete Genome
GCF_016127255.1	ASM1612725v1	Leuconostoc pseudomesenteroides (firmicutes)	FDAARGOS_1003	SAMN16357172	2020/12/20 00:00	2020/12/20 00:00	Complete Genome
GCF_016127235.1	ASM1612723v1	Enterococcus hirae (firmicutes)	FDAARGOS_1057	SAMN16357226	2020/12/20 00:00	2020/12/20 00:00	Complete Genome
GCF_016127215.1	ASM1612721v1	Haemophilus parainfluenzae (g-proteobacteria)	FDAARGOS_1000	SAMN16357169	2020/12/20 00:00	2020/12/20 00:00	Complete Genome
GCF_016127195.1	ASM1612719v1	Aeromonas jandaei (g-proteobacteria)	FDAARGOS_986	SAMN16357155	2020/12/20 00:00	2020/12/20 00:00	Complete Genome
GCF_016127175.1	ASM1612717v1	Veillonella parvula (firmicutes)	FDAARGOS_1046	SAMN16357215	2020/12/20 00:00	2020/12/20 00:00	Complete Genome
GCF_016127155.1	ASM1612715v1	Brevibacterium casei (high G+C Gram-positive bacteria)	FDAARGOS_990	SAMN16357159	2020/12/20 00:00	2020/12/20 00:00	Complete Genome
GCF_016127135.1	ASM1612713v1	Lactococcus lactis (firmicutes)	FDAARGOS_1064	SAMN16357233	2020/12/20 00:00	2020/12/20 00:00	Complete Genome
GCF_016127115.1	ASM1612711v1	Aggregatibacter segnis (g-proteobacteria)	FDAARGOS_987	SAMN16357156	2020/12/20 00:00	2020/12/20 00:00	Complete Genome
GCF_016127095.1	ASM1612709v1	Corynebacterium urealyticum (high G+C Gram-positive bacteria)	FDAARGOS_996	SAMN16357165	2020/12/20 00:00	2020/12/20 00:00	Complete Genome
GCF_016127075.1	ASM1612707v1	Macrococcoides caseolyticum (firmicutes)	FDAARGOS_1005	SAMN16357174	2020/12/20 00:00	2020/12/20 00:00	Complete Genome
GCF_016127055.1	ASM1612705v1	Staphylococcus felis (firmicutes)	FDAARGOS_1014	SAMN16357183	2020/12/20 00:00	2020/12/20 00:00	Complete Genome
GCF_016127035.1	ASM1612703v1	Leuconostoc pseudomesenteroides (firmicutes)	FDAARGOS_1004	SAMN16357173	2020/12/20 00:00	2020/12/20 00:00	Complete Genome
GCF_016127015.1	ASM1612701v1	Corynebacterium tuberculostearicum (high G+C Gram-positive bacteria)	FDAARGOS_993	SAMN16357162	2020/12/20 00:00	2020/12/20 00:00	Complete Genome
GCF_016126995.1	ASM1612699v1	Escherichia coli (E. coli)	FDAARGOS_1058	SAMN16357227	2020/12/20 00:00	2020/12/20 00:00	Complete Genome
GCF_016126975.1	ASM1612697v1	Pediococcus pentosaceus (firmicutes)	FDAARGOS_1011	SAMN16357180	2020/12/20 00:00	2020/12/20 00:00	Complete Genome
GCF_016126955.1	ASM1612695v1	Pseudomonas aeruginosa (g-proteobacteria)	FDAARGOS_1041	SAMN16357210	2020/12/20 00:00	2020/12/20 00:00	Complete Genome
GCF_016126935.1	ASM1612693v1	Stenotrophomonas maltophilia (g-proteobacteria)	FDAARGOS_1044	SAMN16357213	2020/12/20 00:00	2020/12/20 00:00	Complete Genome
GCF_016126915.1	ASM1612691v1	Corynebacterium minutissimum (high G+C Gram-positive bacteria)	FDAARGOS_992	SAMN16357161	2020/12/20 00:00	2020/12/20 00:00	Complete Genome
GCF_016117835.1	ASM1611783v1	Salmonella enterica (enterobacteria)	FDAARGOS_879	SAMN13450409	2020/12/19 00:00	2020/12/19 00:00	Chromosome
GCF_016117815.1	ASM1611781v1	Bacteroides uniformis (CFB group bacteria)	FDAARGOS_901	SAMN13450431	2020/12/19 00:00	2020/12/19 00:00	Chromosome
GCF_016117795.1	ASM1611779v1	Acinetobacter baumannii (g-proteobacteria)	FDAARGOS_917	SAMN13450447	2020/12/19 00:00	2020/12/19 00:00	Chromosome
GCF_016117775.1	ASM1611777v1	Bacillus cereus (firmicutes)	FDAARGOS_919	SAMN13450449	2020/12/19 00:00	2020/12/19 00:00	Chromosome
GCF_016117755.1	ASM1611775v1	Bacillus mycoides (firmicutes)	FDAARGOS_924	SAMN13450454	2020/12/19 00:00	2020/12/19 00:00	Chromosome
GCF_016117735.1	ASM1611773v1	Clostridium perfringens (firmicutes)	FDAARGOS_932	SAMN13450462	2020/12/19 00:00	2020/12/19 00:00	Chromosome
GCF_016117715.1	ASM1611771v1	Bacteroides thetaiotaomicron (CFB group bacteria)	FDAARGOS_935	SAMN13450465	2020/12/19 00:00	2020/12/19 00:00	Chromosome
GCF_016103195.1	ASM1610319v1	Bacteroides thetaiotaomicron (CFB group bacteria)	FDAARGOS_912	SAMN13450442	2020/12/16 00:00	2020/12/16 00:00	Scaffold
GCF_016103125.1	ASM1610312v1	Burkholderia plantarii (b-proteobacteria)	FDAARGOS_922	SAMN13450452	2020/12/16 00:00	2020/12/16 00:00	Scaffold
GCF_016103145.1	ASM1610314v1	Burkholderia oklahomensis (b-proteobacteria)	FDAARGOS_898	SAMN13450428	2020/12/16 00:00	2020/12/16 00:00	Contig
GCF_016103035.1	ASM1610303v1	Listeria innocua (firmicutes)	FDAARGOS_953	SAMN13450483	2020/12/16 00:00	2020/12/16 00:00	Contig
GCF_016103045.1	ASM1610304v1	Hafnia alvei (enterobacteria)	FDAARGOS_950	SAMN13450480	2020/12/16 00:00	2020/12/16 00:00	Contig
GCF_016103025.1	ASM1610302v1	Cronobacter sakazakii (enterobacteria)	FDAARGOS_927	SAMN13450457	2020/12/16 00:00	2020/12/16 00:00	Scaffold
GCF_016027815.1	ASM1602781v1	Delftia lacustris (b-proteobacteria)	FDAARGOS_890	SAMN13450420	2020/12/14 00:00	2020/12/14 00:00	Complete Genome
GCF_016028855.1	ASM1602885v1	Rothia kristinae (high G+C Gram-positive bacteria)	FDAARGOS_864	SAMN13450394	2020/12/14 00:00	2020/12/14 00:00	Complete Genome
GCF_016028835.1	ASM1602883v1	Lactococcus lactis (firmicutes)	FDAARGOS_865	SAMN13450395	2020/12/14 00:00	2020/12/14 00:00	Complete Genome
GCF_016028815.1	ASM1602881v1	Lactococcus lactis (firmicutes)	FDAARGOS_866	SAMN13450396	2020/12/14 00:00	2020/12/14 00:00	Complete Genome
GCF_016028795.1	ASM1602879v1	Macrococcoides caseolyticum (firmicutes)	FDAARGOS_868	SAMN13450398	2020/12/14 00:00	2020/12/14 00:00	Complete Genome
GCF_016028775.1	ASM1602877v1	Moraxella nonliquefaciens (g-proteobacteria)	FDAARGOS_869	SAMN13450399	2020/12/14 00:00	2020/12/14 00:00	Complete Genome
GCF_016028755.1	ASM1602875v1	Faucicola osloensis (g-proteobacteria)	FDAARGOS_870	SAMN13450400	2020/12/14 00:00	2020/12/14 00:00	Complete Genome
GCF_016028735.1	ASM1602873v1	Oligella ureolytica (b-proteobacteria)	FDAARGOS_872	SAMN13450402	2020/12/14 00:00	2020/12/14 00:00	Complete Genome
GCF_016028715.1	ASM1602871v1	Neisseria cinerea (b-proteobacteria)	FDAARGOS_871	SAMN13450401	2020/12/14 00:00	2020/12/14 00:00	Complete Genome
GCF_016028695.1	ASM1602869v1	Pediococcus pentosaceus (firmicutes)	FDAARGOS_873	SAMN13450403	2020/12/14 00:00	2020/12/14 00:00	Complete Genome
GCF_016028675.1	ASM1602867v1	Proteus penneri (enterobacteria)	FDAARGOS_874	SAMN13450404	2020/12/14 00:00	2020/12/14 00:00	Complete Genome
GCF_016028655.1	ASM1602865v1	Stutzerimonas stutzeri (g-proteobacteria)	FDAARGOS_875	SAMN13450405	2020/12/14 00:00	2020/12/14 00:00	Complete Genome
GCF_016028635.1	ASM1602863v1	Stutzerimonas degradans (g-proteobacteria)	FDAARGOS_876	SAMN13450406	2020/12/14 00:00	2020/12/14 00:00	Complete Genome
GCF_016028515.1	ASM1602851v1	Stutzerimonas frequens (g-proteobacteria)	FDAARGOS_877	SAMN13450407	2020/12/14 00:00	2020/12/14 00:00	Complete Genome
GCF_016028495.1	ASM1602849v1	Salmonella enterica (enterobacteria)	FDAARGOS_878	SAMN13450408	2020/12/14 00:00	2020/12/14 00:00	Complete Genome
GCF_016028475.1	ASM1602847v1	Serratia rubidaea (enterobacteria)	FDAARGOS_880	SAMN13450410	2020/12/14 00:00	2020/12/14 00:00	Complete Genome
GCF_016028435.1	ASM1602843v1	Sphingomonas paucimobilis (a-proteobacteria)	FDAARGOS_881	SAMN13450411	2020/12/14 00:00	2020/12/14 00:00	Complete Genome
GCF_016028295.1	ASM1602829v1	Staphylococcus auricularis (firmicutes)	FDAARGOS_882	SAMN13450412	2020/12/14 00:00	2020/12/14 00:00	Complete Genome
GCF_016028275.1	ASM1602827v1	Staphylococcus carnosus (firmicutes)	FDAARGOS_883	SAMN13450413	2020/12/14 00:00	2020/12/14 00:00	Complete Genome
GCF_016028255.1	ASM1602825v1	Streptococcus oralis (firmicutes)	FDAARGOS_885	SAMN13450415	2020/12/14 00:00	2020/12/14 00:00	Complete Genome
GCF_016028235.1	ASM1602823v1	Staphylococcus equorum (firmicutes)	FDAARGOS_884	SAMN13450414	2020/12/14 00:00	2020/12/14 00:00	Complete Genome
GCF_016028175.1	ASM1602817v1	Streptococcus oralis (firmicutes)	FDAARGOS_886	SAMN13450416	2020/12/14 00:00	2020/12/14 00:00	Complete Genome
GCF_016027975.1	ASM1602797v1	Lactococcus lactis (firmicutes)	FDAARGOS_887	SAMN13450417	2020/12/14 00:00	2020/12/14 00:00	Complete Genome
GCF_016027855.1	ASM1602785v1	Atlantibacter hermannii (CDC Enteric Group 11)	FDAARGOS_888	SAMN13450418	2020/12/14 00:00	2020/12/14 00:00	Complete Genome
GCF_016027835.1	ASM1602783v1	Serratia plymuthica (enterobacteria)	FDAARGOS_889	SAMN13450419	2020/12/14 00:00	2020/12/14 00:00	Complete Genome
GCF_016027775.1	ASM1602777v1	Delftia acidovorans (b-proteobacteria)	FDAARGOS_891	SAMN13450421	2020/12/14 00:00	2020/12/14 00:00	Complete Genome
GCF_016027715.1	ASM1602771v1	Lactococcus garvieae (firmicutes)	FDAARGOS_893	SAMN13450423	2020/12/14 00:00	2020/12/14 00:00	Complete Genome
GCF_016027695.1	ASM1602769v1	Enterobacter asburiae (enterobacteria)	FDAARGOS_892	SAMN13450422	2020/12/14 00:00	2020/12/14 00:00	Complete Genome
GCF_016027675.1	ASM1602767v1	Serratia plymuthica (enterobacteria)	FDAARGOS_895	SAMN13450425	2020/12/14 00:00	2020/12/14 00:00	Complete Genome
GCF_016027615.1	ASM1602761v1	Corynebacterium minutissimum (high G+C Gram-positive bacteria)	FDAARGOS_894	SAMN13450424	2020/12/14 00:00	2020/12/14 00:00	Complete Genome
GCF_016027595.1	ASM1602759v1	Serratia plymuthica (enterobacteria)	FDAARGOS_896	SAMN13450426	2020/12/14 00:00	2020/12/14 00:00	Complete Genome
GCF_016027575.1	ASM1602757v1	Bacillus tropicus (firmicutes)	FDAARGOS_897	SAMN13450427	2020/12/14 00:00	2020/12/14 00:00	Complete Genome
GCF_016027455.1	ASM1602745v1	Burkholderia humptydooensis (b-proteobacteria)	FDAARGOS_899	SAMN13450429	2020/12/14 00:00	2020/12/14 00:00	Complete Genome
GCF_016027435.1	ASM1602743v1	Burkholderia oklahomensis (b-proteobacteria)	FDAARGOS_900	SAMN13450430	2020/12/14 00:00	2020/12/14 00:00	Complete Genome
GCF_016027415.1	ASM1602741v1	Brevibacterium casei (high G+C Gram-positive bacteria)	FDAARGOS_902	SAMN13450432	2020/12/14 00:00	2020/12/14 00:00	Complete Genome
GCF_016027375.1	ASM1602737v1	Clostridium perfringens (firmicutes)	FDAARGOS_903	SAMN13450433	2020/12/14 00:00	2020/12/14 00:00	Complete Genome
GCF_016027155.1	ASM1602715v1	Clostridium perfringens (firmicutes)	FDAARGOS_904	SAMN13450434	2020/12/14 00:00	2020/12/14 00:00	Complete Genome
GCF_016027135.1	ASM1602713v1	Thomasclavelia ramosa (firmicutes)	FDAARGOS_906	SAMN13450436	2020/12/14 00:00	2020/12/14 00:00	Complete Genome
GCF_016027115.1	ASM1602711v1	Serratia plymuthica (enterobacteria)	FDAARGOS_907	SAMN13450437	2020/12/14 00:00	2020/12/14 00:00	Complete Genome
GCF_016027095.1	ASM1602709v1	Sphingomonas paucimobilis (a-proteobacteria)	FDAARGOS_908	SAMN13450438	2020/12/14 00:00	2020/12/14 00:00	Complete Genome
GCF_016027075.1	ASM1602707v1	Delftia acidovorans (b-proteobacteria)	FDAARGOS_909	SAMN13450439	2020/12/14 00:00	2020/12/14 00:00	Complete Genome
GCF_016027055.1	ASM1602705v1	Acinetobacter johnsonii (g-proteobacteria)	FDAARGOS_910	SAMN13450440	2020/12/14 00:00	2020/12/14 00:00	Complete Genome
GCF_016027035.1	ASM1602703v1	Achromobacter xylosoxidans (b-proteobacteria)	FDAARGOS_915	SAMN13450445	2020/12/14 00:00	2020/12/14 00:00	Complete Genome
GCF_016027015.1	ASM1602701v1	Bacillus cereus (firmicutes)	FDAARGOS_918	SAMN13450448	2020/12/14 00:00	2020/12/14 00:00	Complete Genome
GCF_016026995.1	ASM1602699v1	Clostridium perfringens (firmicutes)	FDAARGOS_905	SAMN13450435	2020/12/14 00:00	2020/12/14 00:00	Complete Genome
GCF_016026975.1	ASM1602697v1	Aerococcus urinae (firmicutes)	FDAARGOS_911	SAMN13450441	2020/12/14 00:00	2020/12/14 00:00	Complete Genome
GCF_016026915.1	ASM1602691v1	Staphylococcus epidermidis (firmicutes)	FDAARGOS_913	SAMN13450443	2020/12/14 00:00	2020/12/14 00:00	Complete Genome
GCF_016026895.1	ASM1602689v1	Neisseria meningitidis (b-proteobacteria)	FDAARGOS_914	SAMN13450444	2020/12/14 00:00	2020/12/14 00:00	Complete Genome
GCF_016026875.1	ASM1602687v1	Aeromonas hydrophila (g-proteobacteria)	FDAARGOS_916	SAMN13450446	2020/12/14 00:00	2020/12/14 00:00	Complete Genome
GCF_016026855.1	ASM1602685v1	Bacillus tropicus (firmicutes)	FDAARGOS_920	SAMN13450450	2020/12/14 00:00	2020/12/14 00:00	Complete Genome
GCF_016026835.1	ASM1602683v1	Bacillus licheniformis (firmicutes)	FDAARGOS_923	SAMN13450453	2020/12/14 00:00	2020/12/14 00:00	Complete Genome
GCF_016026755.1	ASM1602675v1	Lysinibacillus macroides (firmicutes)	FDAARGOS_925	SAMN13450455	2020/12/14 00:00	2020/12/14 00:00	Complete Genome
GCF_016026735.1	ASM1602673v1	Serratia rubidaea (enterobacteria)	FDAARGOS_926	SAMN13450456	2020/12/14 00:00	2020/12/14 00:00	Complete Genome
GCF_016026715.1	ASM1602671v1	Salmonella enterica (enterobacteria)	FDAARGOS_928	SAMN13450458	2020/12/14 00:00	2020/12/14 00:00	Complete Genome
GCF_016026695.1	ASM1602669v1	Lactococcus garvieae (firmicutes)	FDAARGOS_929	SAMN13450459	2020/12/14 00:00	2020/12/14 00:00	Complete Genome
GCF_016026675.1	ASM1602667v1	Clostridium perfringens (firmicutes)	FDAARGOS_931	SAMN13450461	2020/12/14 00:00	2020/12/14 00:00	Complete Genome
GCF_016026635.1	ASM1602663v1	Staphylococcus pseudintermedius (firmicutes)	FDAARGOS_930	SAMN13450460	2020/12/14 00:00	2020/12/14 00:00	Complete Genome
GCF_016026615.1	ASM1602661v1	Aeromonas allosaccharophila (g-proteobacteria)	FDAARGOS_933	SAMN13450463	2020/12/14 00:00	2020/12/14 00:00	Complete Genome
GCF_016026595.1	ASM1602659v1	Brevibacterium casei (high G+C Gram-positive bacteria)	FDAARGOS_936	SAMN13450466	2020/12/14 00:00	2020/12/14 00:00	Complete Genome
GCF_016026575.1	ASM1602657v1	Fannyhessea vaginae (actinobacteria)	FDAARGOS_934	SAMN13450464	2020/12/14 00:00	2020/12/14 00:00	Complete Genome
GCF_016026555.1	ASM1602655v1	Brevibacterium casei (high G+C Gram-positive bacteria)	FDAARGOS_937	SAMN13450467	2020/12/14 00:00	2020/12/14 00:00	Complete Genome
GCF_016026535.1	ASM1602653v1	Delftia acidovorans (b-proteobacteria)	FDAARGOS_939	SAMN13450469	2020/12/14 00:00	2020/12/14 00:00	Complete Genome
GCF_016026415.1	ASM1602641v1	Corynebacterium amycolatum (high G+C Gram-positive bacteria)	FDAARGOS_938	SAMN13450468	2020/12/14 00:00	2020/12/14 00:00	Complete Genome
GCF_016026395.1	ASM1602639v1	Edwardsiella hoshinae (enterobacteria)	FDAARGOS_940	SAMN13450470	2020/12/14 00:00	2020/12/14 00:00	Complete Genome
GCF_016026375.1	ASM1602637v1	Escherichia coli (E. coli)	FDAARGOS_941	SAMN13450471	2020/12/14 00:00	2020/12/14 00:00	Complete Genome
GCF_016026355.1	ASM1602635v1	Escherichia coli (E. coli)	FDAARGOS_942	SAMN13450472	2020/12/14 00:00	2020/12/14 00:00	Chromosome
GCF_016026335.1	ASM1602633v1	Escherichia coli (E. coli)	FDAARGOS_943	SAMN13450473	2020/12/14 00:00	2020/12/14 00:00	Complete Genome
GCF_016026235.1	ASM1602623v1	Escherichia coli (E. coli)	FDAARGOS_944	SAMN13450474	2020/12/14 00:00	2020/12/14 00:00	Complete Genome
GCF_016026215.1	ASM1602621v1	Escherichia coli (E. coli)	FDAARGOS_945	SAMN13450475	2020/12/14 00:00	2020/12/14 00:00	Complete Genome
GCF_016026195.1	ASM1602619v1	Escherichia coli (E. coli)	FDAARGOS_946	SAMN13450476	2020/12/14 00:00	2020/12/14 00:00	Complete Genome
GCF_016026175.1	ASM1602617v1	Listeria welshimeri (firmicutes)	FDAARGOS_947	SAMN13450477	2020/12/14 00:00	2020/12/14 00:00	Complete Genome
GCF_016026055.1	ASM1602605v1	Burkholderia glumae (b-proteobacteria)	FDAARGOS_949	SAMN13450479	2020/12/14 00:00	2020/12/14 00:00	Complete Genome
GCF_016026035.1	ASM1602603v1	Aggregatibacter actinomycetemcomitans (g-proteobacteria)	FDAARGOS_948	SAMN13450478	2020/12/14 00:00	2020/12/14 00:00	Complete Genome
GCF_016026015.1	ASM1602601v1	Burkholderia gladioli (b-proteobacteria)	FDAARGOS_951	SAMN13450481	2020/12/14 00:00	2020/12/14 00:00	Chromosome
GCF_016025875.1	ASM1602587v1	Rhodococcus (subgen. Prescottella) equi (high G+C Gram-positive bacteria)	FDAARGOS_952	SAMN13450482	2020/12/14 00:00	2020/12/14 00:00	Complete Genome
GCF_001188045.2	ASM118804v2	Listeria monocytogenes (firmicutes)	FDAARGOS_57	SAMN03255437	2018/07/09 00:00	2018/07/09 00:00	Complete Genome
GCF_014636115.1	ASM1463611v1	Clavispora lusitaniae (budding yeasts & allies)	FDAARGOS_655	SAMN11056370	2020/09/18 00:00	2020/09/18 00:00	Contig
GCF_014069095.1	ASM1406909v1	Acinetobacter radioresistens (g-proteobacteria)	FDAARGOS_731	SAMN11056446	2020/08/05 00:00	2020/08/05 00:00	Chromosome
GCF_014068875.1	ASM1406887v1	Campylobacter upsaliensis (e-proteobacteria)	FDAARGOS_736	SAMN11056451	2020/08/05 00:00	2020/08/05 00:00	Chromosome
GCA_014049585.1	ASM1404958v1	Lodderomyces parapsilosis (budding yeasts & allies)	FDAARGOS_650	SAMN11056365	2020/08/03 00:00	2020/08/03 00:00	Contig
GCA_014049485.1	ASM1404948v1	Candida albicans (budding yeasts & allies)	FDAARGOS_656	SAMN11056371	2020/08/03 00:00	2020/08/03 00:00	Contig
GCA_014049495.1	ASM1404949v1	Lodderomyces parapsilosis (budding yeasts & allies)	FDAARGOS_653	SAMN11056368	2020/08/03 00:00	2020/08/03 00:00	Contig
GCA_014049455.1	ASM1404945v1	Lodderomyces parapsilosis (budding yeasts & allies)	FDAARGOS_651	SAMN11056366	2020/08/03 00:00	2020/08/03 00:00	Contig
GCA_014049445.1	ASM1404944v1	Lodderomyces parapsilosis (budding yeasts & allies)	FDAARGOS_652	SAMN11056367	2020/08/03 00:00	2020/08/03 00:00	Contig
GCF_013391345.1	ASM1339134v1	Shigella flexneri (enterobacteria)	FDAARGOS_713	SAMN11056428	2020/06/22 00:00	2020/06/22 00:00	Chromosome
GCF_013391325.1	ASM1339132v1	Shigella flexneri (enterobacteria)	FDAARGOS_714	SAMN11056429	2020/06/23 00:00	2020/06/23 00:00	Chromosome
GCF_013367835.1	ASM1336783v1	Salmonella enterica (enterobacteria)	FDAARGOS_711	SAMN11056426	2020/06/23 00:00	2020/06/23 00:00	Chromosome
GCF_013367815.1	ASM1336781v1	Shigella flexneri (enterobacteria)	FDAARGOS_692	SAMN11056407	2020/06/23 00:00	2020/06/23 00:00	Chromosome
GCF_013367795.1	ASM1336779v1	Shigella flexneri (enterobacteria)	FDAARGOS_690	SAMN11056405	2020/06/23 00:00	2020/06/23 00:00	Chromosome
GCF_013364515.1	ASM1336451v1	Salmonella enterica (enterobacteria)	FDAARGOS_718	SAMN11056433	2020/06/22 00:00	2020/06/22 00:00	Chromosome
GCF_013364495.1	ASM1336449v1	Salmonella enterica (enterobacteria)	FDAARGOS_717	SAMN11056432	2020/06/22 00:00	2020/06/22 00:00	Chromosome
GCF_013364475.1	ASM1336447v1	Acinetobacter sp. FDAARGOS_724 (g-proteobacteria)	FDAARGOS_724	SAMN11056439	2020/06/22 00:00	2020/06/22 00:00	Chromosome
GCF_013364455.1	ASM1336445v1	Shigella flexneri (enterobacteria)	FDAARGOS_689	SAMN11056404	2020/06/22 00:00	2020/06/22 00:00	Chromosome
GCF_013364435.1	ASM1336443v1	Staphylococcus hominis (firmicutes)	FDAARGOS_748	SAMN11056463	2020/06/22 00:00	2020/06/22 00:00	Chromosome
GCF_013364135.1	ASM1336413v1	Pantoea ananatis (enterobacteria)	FDAARGOS_680	SAMN11056395	2020/06/22 00:00	2020/06/22 00:00	Complete Genome
GCF_013364115.1	ASM1336411v1	Shigella flexneri (enterobacteria)	FDAARGOS_691	SAMN11056406	2020/06/22 00:00	2020/06/22 00:00	Complete Genome
GCF_013364055.1	ASM1336405v1	Bacillus thuringiensis (firmicutes)	FDAARGOS_800	SAMN11056515	2020/06/21 00:00	2020/06/21 00:00	Scaffold
GCF_013349245.1	ASM1334924v1	Bacillus anthracis (anthrax bacterium)	FDAARGOS_695	SAMN11056410	2020/06/17 00:00	2020/06/17 00:00	Chromosome
GCF_013349225.1	ASM1334922v1	Staphylococcus cohnii (firmicutes)	FDAARGOS_744	SAMN11056459	2020/06/17 00:00	2020/06/17 00:00	Chromosome
GCF_013349205.1	ASM1334920v1	Acinetobacter lwoffii (g-proteobacteria)	FDAARGOS_557	SAMN10163181	2020/06/17 00:00	2020/06/17 00:00	Chromosome
GCF_013349185.1	ASM1334918v1	Bacillus anthracis (anthrax bacterium)	FDAARGOS_702	SAMN11056417	2020/06/18 00:00	2020/06/18 00:00	Chromosome
GCF_013349165.1	ASM1334916v1	Bacillus anthracis (anthrax bacterium)	FDAARGOS_703	SAMN11056418	2020/06/18 00:00	2020/06/18 00:00	Chromosome
GCF_013349145.1	ASM1334914v1	Mycolicibacterium smegmatis (high G+C Gram-positive bacteria)	FDAARGOS_679	SAMN11056394	2020/06/18 00:00	2020/06/18 00:00	Chromosome
GCF_013349125.1	ASM1334912v1	Acinetobacter lwoffii (g-proteobacteria)	FDAARGOS_551	SAMN10163244	2020/06/18 00:00	2020/06/18 00:00	Chromosome
GCF_013349105.1	ASM1334910v1	Burkholderia cenocepacia (b-proteobacteria)	FDAARGOS_734	SAMN11056449	2020/06/18 00:00	2020/06/18 00:00	Chromosome
GCF_013347325.1	ASM1334732v1	Cupriavidus gilardii (b-proteobacteria)	FDAARGOS_639	SAMN11056354	2020/06/16 00:00	2020/06/16 00:00	Complete Genome
GCF_013346845.1	ASM1334684v1	Bacillus thuringiensis (firmicutes)	FDAARGOS_801	SAMN11056516	2020/06/15 00:00	2020/06/15 00:00	Scaffold
GCF_013343155.1	ASM1334315v1	Pseudomonas sp. FDAARGOS_761 (g-proteobacteria)	FDAARGOS_761	SAMN11056476	2020/06/15 00:00	2020/06/15 00:00	Complete Genome
GCF_013343135.1	ASM1334313v1	Achromobacter xylosoxidans (b-proteobacteria)	FDAARGOS_789	SAMN11056504	2020/06/15 00:00	2020/06/15 00:00	Complete Genome
GCF_013343115.1	ASM1334311v1	Streptococcus sanguinis (firmicutes)	FDAARGOS_770	SAMN11056485	2020/06/15 00:00	2020/06/15 00:00	Complete Genome
GCF_013343095.1	ASM1334309v1	Achromobacter denitrificans (b-proteobacteria)	FDAARGOS_787	SAMN11056502	2020/06/15 00:00	2020/06/15 00:00	Complete Genome
GCF_013343075.1	ASM1334307v1	Bacillus thuringiensis (firmicutes)	FDAARGOS_791	SAMN11056506	2020/06/15 00:00	2020/06/15 00:00	Complete Genome
GCA_013343025.1	ASM1334302v1	Staphylococcus hominis (firmicutes)	FDAARGOS_661	SAMN11056376	2020/06/15 00:00	2020/06/15 00:00	Chromosome
GCF_013331815.1	ASM1333181v1	Bacillus tropicus (firmicutes)	FDAARGOS_782	SAMN11056497	2020/06/04 00:00	2020/06/04 00:00	Complete Genome
GCF_013267835.1	ASM1326783v1	Neisseria mucosa (b-proteobacteria)	FDAARGOS_758	SAMN11056473	2020/06/04 00:00	2020/06/04 00:00	Complete Genome
GCF_013267815.1	ASM1326781v1	Bacillus thuringiensis (firmicutes)	FDAARGOS_792	SAMN11056507	2020/06/04 00:00	2020/06/04 00:00	Complete Genome
GCF_013267795.1	ASM1326779v1	Bacillus thuringiensis (firmicutes)	FDAARGOS_794	SAMN11056509	2020/06/04 00:00	2020/06/04 00:00	Complete Genome
GCF_013267775.1	ASM1326777v1	Bacillus cereus (firmicutes)	FDAARGOS_797	SAMN11056512	2020/06/04 00:00	2020/06/04 00:00	Complete Genome
GCF_013267735.1	ASM1326773v1	Rothia dentocariosa (high G+C Gram-positive bacteria)	FDAARGOS_752	SAMN11056467	2020/06/04 00:00	2020/06/04 00:00	Complete Genome
GCF_013267715.1	ASM1326771v1	Staphylococcus warneri (firmicutes)	FDAARGOS_754	SAMN11056469	2020/06/04 00:00	2020/06/04 00:00	Complete Genome
GCF_013267695.1	ASM1326769v1	Streptococcus gallolyticus (firmicutes)	FDAARGOS_755	SAMN11056470	2020/06/04 00:00	2020/06/04 00:00	Complete Genome
GCF_013267675.1	ASM1326767v1	Staphylococcus capitis (firmicutes)	FDAARGOS_753	SAMN11056468	2020/06/04 00:00	2020/06/04 00:00	Complete Genome
GCF_013267655.1	ASM1326765v1	Mycobacterium tuberculosis (high G+C Gram-positive bacteria)	FDAARGOS_756	SAMN11056471	2020/06/04 00:00	2020/06/04 00:00	Complete Genome
GCF_013267635.1	ASM1326763v1	Mycobacterium tuberculosis (high G+C Gram-positive bacteria)	FDAARGOS_757	SAMN11056472	2020/06/04 00:00	2020/06/04 00:00	Complete Genome
GCF_013267615.1	ASM1326761v1	Parabacteroides distasonis (CFB group bacteria)	FDAARGOS_759	SAMN11056474	2020/06/04 00:00	2020/06/04 00:00	Complete Genome
GCF_013267595.1	ASM1326759v1	Prevotella melaninogenica (CFB group bacteria)	FDAARGOS_760	SAMN11056475	2020/06/04 00:00	2020/06/04 00:00	Complete Genome
GCF_013267575.1	ASM1326757v1	Staphylococcus hominis (firmicutes)	FDAARGOS_762	SAMN11056477	2020/06/04 00:00	2020/06/04 00:00	Complete Genome
GCF_013267555.1	ASM1326755v1	Bacteroides fragilis (CFB group bacteria)	FDAARGOS_763	SAMN11056478	2020/06/04 00:00	2020/06/04 00:00	Complete Genome
GCF_013267535.1	ASM1326753v1	Finegoldia magna (firmicutes)	FDAARGOS_764	SAMN11056479	2020/06/04 00:00	2020/06/04 00:00	Complete Genome
GCF_013267515.1	ASM1326751v1	Streptococcus intermedius (firmicutes)	FDAARGOS_769	SAMN11056484	2020/06/04 00:00	2020/06/04 00:00	Complete Genome
GCF_013267495.1	ASM1326749v1	Streptococcus salivarius (firmicutes)	FDAARGOS_771	SAMN11056486	2020/06/04 00:00	2020/06/04 00:00	Complete Genome
GCF_013267475.1	ASM1326747v1	Bacillus cereus (firmicutes)	FDAARGOS_780	SAMN11056495	2020/06/04 00:00	2020/06/04 00:00	Complete Genome
GCF_013267455.1	ASM1326745v1	Bacillus cereus (firmicutes)	FDAARGOS_781	SAMN11056496	2020/06/04 00:00	2020/06/04 00:00	Complete Genome
GCF_013267435.1	ASM1326743v1	Niallia circulans (firmicutes)	FDAARGOS_783	SAMN11056498	2020/06/04 00:00	2020/06/04 00:00	Complete Genome
GCF_013267415.1	ASM1326741v1	Abiotrophia defectiva (firmicutes)	FDAARGOS_785	SAMN11056500	2020/06/04 00:00	2020/06/04 00:00	Complete Genome
GCF_013267395.1	ASM1326739v1	Achromobacter denitrificans (b-proteobacteria)	FDAARGOS_786	SAMN11056501	2020/06/04 00:00	2020/06/04 00:00	Complete Genome
GCF_013267375.1	ASM1326737v1	Achromobacter denitrificans (b-proteobacteria)	FDAARGOS_788	SAMN11056503	2020/06/04 00:00	2020/06/04 00:00	Complete Genome
GCF_013267355.1	ASM1326735v1	Achromobacter pestifer (b-proteobacteria)	FDAARGOS_790	SAMN11056505	2020/06/04 00:00	2020/06/04 00:00	Complete Genome
GCF_013267335.1	ASM1326733v1	Bacillus thuringiensis (firmicutes)	FDAARGOS_793	SAMN11056508	2020/06/04 00:00	2020/06/04 00:00	Complete Genome
GCF_013267315.1	ASM1326731v1	Bacillus thuringiensis (firmicutes)	FDAARGOS_795	SAMN11056510	2020/06/04 00:00	2020/06/04 00:00	Complete Genome
GCF_013267295.1	ASM1326729v1	Bacillus thuringiensis (firmicutes)	FDAARGOS_796	SAMN11056511	2020/06/04 00:00	2020/06/04 00:00	Complete Genome
GCF_013267275.1	ASM1326727v1	Bacillus cereus (firmicutes)	FDAARGOS_798	SAMN11056513	2020/06/04 00:00	2020/06/04 00:00	Complete Genome
GCF_013267255.1	ASM1326725v1	Bacillus cereus (firmicutes)	FDAARGOS_799	SAMN11056514	2020/06/04 00:00	2020/06/04 00:00	Complete Genome
GCF_013267235.1	ASM1326723v1	Bacillus cereus (firmicutes)	FDAARGOS_802	SAMN11056517	2020/06/04 00:00	2020/06/04 00:00	Complete Genome
GCF_013267155.1	ASM1326715v1	Agrobacterium pusense (a-proteobacteria)	FDAARGOS_618	SAMN11056333	2020/06/03 00:00	2020/06/03 00:00	Chromosome
GCF_013267135.1	ASM1326713v1	Agrobacterium pusense (a-proteobacteria)	FDAARGOS_619	SAMN11056334	2020/06/03 00:00	2020/06/03 00:00	Complete Genome
GCF_013267145.1	ASM1326714v1	Citrobacter braakii (enterobacteria)	FDAARGOS_638	SAMN11056353	2020/06/03 00:00	2020/06/03 00:00	Complete Genome
GCF_012393445.1	ASM1239344v1	Acinetobacter lwoffii (g-proteobacteria)	FDAARGOS_620	SAMN11056335	2020/04/15 00:00	2020/04/15 00:00	Contig
GCF_012393465.1	ASM1239346v1	Klebsiella variicola (enterobacteria)	FDAARGOS_625	SAMN11056340	2020/04/15 00:00	2020/04/15 00:00	Contig
GCA_012275245.1	ASM1227524v1	Saccharomyces cerevisiae (brewer's yeast)	FDAARGOS_613	SAMN10346777	2020/04/13 00:00	2020/04/13 00:00	Contig
GCF_012273615.1	ASM1227361v1	Chryseobacterium gallinarum (CFB group bacteria)	FDAARGOS_636	SAMN11056351	2020/04/12 00:00	2020/04/12 00:00	Complete Genome
GCF_012273555.1	ASM1227355v1	Chromobacterium violaceum (b-proteobacteria)	FDAARGOS_635	SAMN11056350	2020/04/12 00:00	2020/04/12 00:00	Complete Genome
GCF_012273475.1	ASM1227347v1	Salmonella enterica (enterobacteria)	FDAARGOS_709	SAMN11056424	2020/04/12 00:00	2020/04/12 00:00	Chromosome
GCF_012273455.1	ASM1227345v1	Shigella flexneri (enterobacteria)	FDAARGOS_716	SAMN11056431	2020/04/12 00:00	2020/04/12 00:00	Chromosome
GCF_012273435.1	ASM1227343v1	Staphylococcus hominis (firmicutes)	FDAARGOS_745	SAMN11056460	2020/04/12 00:00	2020/04/12 00:00	Chromosome
GCF_012273415.1	ASM1227341v1	Burkholderia cenocepacia (b-proteobacteria)	FDAARGOS_720	SAMN11056435	2020/04/12 00:00	2020/04/12 00:00	Chromosome
GCF_012273395.1	ASM1227339v1	Mycobacteroides abscessus (high G+C Gram-positive bacteria)	FDAARGOS_678	SAMN11056393	2020/04/12 00:00	2020/04/12 00:00	Chromosome
GCF_012273375.1	ASM1227337v1	Bacillus anthracis (anthrax bacterium)	FDAARGOS_699	SAMN11056414	2020/04/12 00:00	2020/04/12 00:00	Chromosome
GCF_012273355.1	ASM1227335v1	Bacillus anthracis (anthrax bacterium)	FDAARGOS_697	SAMN11056412	2020/04/12 00:00	2020/04/12 00:00	Chromosome
GCF_012273335.1	ASM1227333v1	Bacillus anthracis (anthrax bacterium)	FDAARGOS_696	SAMN11056411	2020/04/12 00:00	2020/04/12 00:00	Chromosome
GCF_012273315.1	ASM1227331v1	Bacillus anthracis (anthrax bacterium)	FDAARGOS_694	SAMN11056409	2020/04/12 00:00	2020/04/12 00:00	Chromosome
GCF_012273295.1	ASM1227329v1	Plesiomonas shigelloides (enterobacteria)	FDAARGOS_725	SAMN11056440	2020/04/12 00:00	2020/04/12 00:00	Chromosome
GCF_012273275.1	ASM1227327v1	Salmonella enterica (enterobacteria)	FDAARGOS_686	SAMN11056401	2020/04/12 00:00	2020/04/12 00:00	Chromosome
GCF_012273255.1	ASM1227325v1	Bordetella bronchiseptica (b-proteobacteria)	FDAARGOS_693	SAMN11056408	2020/04/12 00:00	2020/04/12 00:00	Chromosome
GCF_012273235.1	ASM1227323v1	Cedecea sp. FDAARGOS_727 (enterobacteria)	FDAARGOS_727	SAMN11056442	2020/04/12 00:00	2020/04/12 00:00	Chromosome
GCF_012273215.1	ASM1227321v1	Gemella haemolysans (firmicutes)	FDAARGOS_740	SAMN11056455	2020/04/12 00:00	2020/04/12 00:00	Chromosome
GCF_012273195.1	ASM1227319v1	Enterocloster clostridioformis (firmicutes)	FDAARGOS_739	SAMN11056454	2020/04/12 00:00	2020/04/12 00:00	Chromosome
GCF_012273175.1	ASM1227317v1	Campylobacter ureolyticus (e-proteobacteria)	FDAARGOS_673	SAMN11056388	2020/04/12 00:00	2020/04/12 00:00	Chromosome
GCF_012273155.1	ASM1227315v1	Streptococcus mutans (firmicutes)	FDAARGOS_685	SAMN11056400	2020/04/12 00:00	2020/04/12 00:00	Chromosome
GCF_012273135.1	ASM1227313v1	Chryseobacterium indologenes (CFB group bacteria)	FDAARGOS_648	SAMN11056363	2020/04/12 00:00	2020/04/12 00:00	Chromosome
GCF_012273115.1	ASM1227311v1	Serratia marcescens (enterobacteria)	FDAARGOS_659	SAMN11056374	2020/04/12 00:00	2020/04/12 00:00	Chromosome
GCF_012273095.1	ASM1227309v1	Streptococcus gallolyticus (firmicutes)	FDAARGOS_666	SAMN11056381	2020/04/12 00:00	2020/04/12 00:00	Chromosome
GCF_012273075.1	ASM1227307v1	Klebsiella variicola (enterobacteria)	FDAARGOS_628	SAMN11056343	2020/04/12 00:00	2020/04/12 00:00	Chromosome
GCF_012273055.1	ASM1227305v1	Parabacteroides distasonis (CFB group bacteria)	FDAARGOS_615	SAMN11056330	2020/04/12 00:00	2020/04/12 00:00	Chromosome
GCF_012272675.1	ASM1227267v1	Agrobacterium pusense (a-proteobacteria)	FDAARGOS_633	SAMN11056348	2020/04/11 00:00	2020/04/11 00:00	Chromosome
GCF_012272655.1	ASM1227265v1	Burkholderia multivorans (b-proteobacteria)	FDAARGOS_624	SAMN11056339	2020/04/11 00:00	2020/04/11 00:00	Chromosome
GCF_012241635.1	ASM1224163v1	Klebsiella quasipneumoniae (enterobacteria)	FDAARGOS_626	SAMN11056341	2020/04/08 00:00	2020/04/08 00:00	Scaffold
GCF_009806695.1	ASM980669v1	Bacillus anthracis (anthrax bacterium)	FDAARGOS_704	SAMN11056419	2019/12/28 00:00	2019/12/28 00:00	Complete Genome
GCF_009806675.1	ASM980667v1	Bacillus anthracis (anthrax bacterium)	FDAARGOS_705	SAMN11056420	2019/12/28 00:00	2019/12/28 00:00	Complete Genome
GCF_009806655.1	ASM980665v1	Bacillus anthracis (anthrax bacterium)	FDAARGOS_706	SAMN11056421	2019/12/28 00:00	2019/12/28 00:00	Complete Genome
GCF_009806635.1	ASM980663v1	Bacillus anthracis (anthrax bacterium)	FDAARGOS_700	SAMN11056415	2019/12/28 00:00	2019/12/28 00:00	Complete Genome
GCF_009806615.1	ASM980661v1	Bacillus anthracis (anthrax bacterium)	FDAARGOS_701	SAMN11056416	2019/12/28 00:00	2019/12/28 00:00	Complete Genome
GCF_009806595.1	ASM980659v1	Bacillus anthracis (anthrax bacterium)	FDAARGOS_698	SAMN11056413	2019/12/28 00:00	2019/12/28 00:00	Complete Genome
GCF_009734165.1	ASM973416v1	Bacteroides ovatus (CFB group bacteria)	FDAARGOS_733	SAMN11056448	2019/12/08 00:00	2019/12/08 00:00	Complete Genome
GCA_009732965.1	ASM973296v1	Aerococcus viridans (firmicutes)	FDAARGOS_672	SAMN11056387	2019/12/05 00:00	2019/12/05 00:00	Complete Genome
GCF_009730575.1	ASM973057v1	Shewanella putrefaciens (g-proteobacteria)	FDAARGOS_681	SAMN11056396	2019/12/05 00:00	2019/12/05 00:00	Complete Genome
GCF_009730555.1	ASM973055v1	Mammaliicoccus fleurettii (firmicutes)	FDAARGOS_682	SAMN11056397	2019/12/05 00:00	2019/12/05 00:00	Complete Genome
GCF_009730535.1	ASM973053v1	Streptococcus gordonii (firmicutes)	FDAARGOS_683	SAMN11056398	2019/12/05 00:00	2019/12/05 00:00	Complete Genome
GCF_009730515.1	ASM973051v1	Streptococcus mitis (firmicutes)	FDAARGOS_684	SAMN11056399	2019/12/05 00:00	2019/12/05 00:00	Complete Genome
GCF_009730495.1	ASM973049v1	Clostridioides difficile (firmicutes)	FDAARGOS_723	SAMN11056438	2019/12/05 00:00	2019/12/05 00:00	Complete Genome
GCF_009730475.1	ASM973047v1	Corynebacterium xerosis (high G+C Gram-positive bacteria)	FDAARGOS_674	SAMN11056389	2019/12/05 00:00	2019/12/05 00:00	Complete Genome
GCF_009730455.1	ASM973045v1	Cupriavidus metallidurans (b-proteobacteria)	FDAARGOS_675	SAMN11056390	2019/12/05 00:00	2019/12/05 00:00	Complete Genome
GCF_009730435.1	ASM973043v1	Gordonia bronchialis (high G+C Gram-positive bacteria)	FDAARGOS_676	SAMN11056391	2019/12/05 00:00	2019/12/05 00:00	Complete Genome
GCF_009730415.1	ASM973041v1	Micrococcus luteus (high G+C Gram-positive bacteria)	FDAARGOS_677	SAMN11056392	2019/12/05 00:00	2019/12/05 00:00	Complete Genome
GCF_009730395.1	ASM973039v1	Campylobacter coli (e-proteobacteria)	FDAARGOS_735	SAMN11056450	2019/12/05 00:00	2019/12/05 00:00	Complete Genome
GCF_009730375.1	ASM973037v1	Capnocytophaga sp. FDAARGOS_737 (CFB group bacteria)	FDAARGOS_737	SAMN11056452	2019/12/05 00:00	2019/12/05 00:00	Complete Genome
GCF_009730355.1	ASM973035v1	Citrobacter portucalensis (enterobacteria)	FDAARGOS_738	SAMN11056453	2019/12/05 00:00	2019/12/05 00:00	Complete Genome
GCF_009730335.1	ASM973033v1	Schaalia odontolytica (high G+C Gram-positive bacteria)	FDAARGOS_732	SAMN11056447	2019/12/05 00:00	2019/12/05 00:00	Complete Genome
GCF_009730315.1	ASM973031v1	Gemella morbillorum (firmicutes)	FDAARGOS_741	SAMN11056456	2019/12/05 00:00	2019/12/05 00:00	Complete Genome
GCF_009730295.1	ASM973029v1	Gemella sanguinis (firmicutes)	FDAARGOS_742	SAMN11056457	2019/12/05 00:00	2019/12/05 00:00	Complete Genome
GCF_009730275.1	ASM973027v1	Lactobacillus crispatus (firmicutes)	FDAARGOS_743	SAMN11056458	2019/12/05 00:00	2019/12/05 00:00	Complete Genome
GCF_009730255.1	ASM973025v1	Lactobacillus jensenii (firmicutes)	FDAARGOS_749	SAMN11056464	2019/12/05 00:00	2019/12/05 00:00	Complete Genome
GCF_009730235.1	ASM973023v1	Mycobacterium tuberculosis (high G+C Gram-positive bacteria)	FDAARGOS_750	SAMN11056465	2019/12/05 00:00	2019/12/05 00:00	Complete Genome
GCF_009730215.1	ASM973021v1	Mycobacterium tuberculosis (high G+C Gram-positive bacteria)	FDAARGOS_751	SAMN11056466	2019/12/05 00:00	2019/12/05 00:00	Complete Genome
GCF_009730195.1	ASM973019v1	Burkholderia multivorans (b-proteobacteria)	FDAARGOS_722	SAMN11056437	2019/12/05 00:00	2019/12/05 00:00	Complete Genome
GCF_009730175.1	ASM973017v1	Burkholderia multivorans (b-proteobacteria)	FDAARGOS_726	SAMN11056441	2019/12/05 00:00	2019/12/05 00:00	Complete Genome
GCF_009730155.1	ASM973015v1	Enterococcus gallinarum (firmicutes)	FDAARGOS_728	SAMN11056443	2019/12/05 00:00	2019/12/05 00:00	Complete Genome
GCF_009730135.1	ASM973013v1	Staphylococcus hominis (firmicutes)	FDAARGOS_746	SAMN11056461	2019/12/05 00:00	2019/12/05 00:00	Complete Genome
GCF_009730115.1	ASM973011v1	Staphylococcus hominis (firmicutes)	FDAARGOS_747	SAMN11056462	2019/12/05 00:00	2019/12/05 00:00	Complete Genome
GCF_009730095.1	ASM973009v1	Acinetobacter lwoffii (g-proteobacteria)	FDAARGOS_552	SAMN10163245	2019/12/05 00:00	2019/12/05 00:00	Complete Genome
GCF_009730075.1	ASM973007v1	Yersinia intermedia (enterobacteria)	FDAARGOS_729	SAMN11056444	2019/12/05 00:00	2019/12/05 00:00	Complete Genome
GCF_009730055.1	ASM973005v1	Yersinia intermedia (enterobacteria)	FDAARGOS_730	SAMN11056445	2019/12/05 00:00	2019/12/05 00:00	Complete Genome
GCF_009730035.1	ASM973003v1	Burkholderia multivorans (b-proteobacteria)	FDAARGOS_719	SAMN11056434	2019/12/05 00:00	2019/12/05 00:00	Complete Genome
GCF_009730015.1	ASM973001v1	Salmonella enterica (enterobacteria)	FDAARGOS_712	SAMN11056427	2019/12/05 00:00	2019/12/05 00:00	Complete Genome
GCF_009729995.1	ASM972999v1	Shigella sonnei (enterobacteria)	FDAARGOS_715	SAMN11056430	2019/12/05 00:00	2019/12/05 00:00	Complete Genome
GCF_009729975.1	ASM972997v1	Salmonella enterica (enterobacteria)	FDAARGOS_687	SAMN11056402	2019/12/05 00:00	2019/12/05 00:00	Complete Genome
GCF_009729955.1	ASM972995v1	Salmonella enterica (enterobacteria)	FDAARGOS_688	SAMN11056403	2019/12/05 00:00	2019/12/05 00:00	Complete Genome
GCF_009729935.1	ASM972993v1	Salmonella enterica (enterobacteria)	FDAARGOS_707	SAMN11056422	2019/12/05 00:00	2019/12/05 00:00	Complete Genome
GCF_009729915.1	ASM972991v1	Salmonella enterica (enterobacteria)	FDAARGOS_708	SAMN11056423	2019/12/05 00:00	2019/12/05 00:00	Complete Genome
GCF_009729895.1	ASM972989v1	Salmonella enterica (enterobacteria)	FDAARGOS_710	SAMN11056425	2019/12/05 00:00	2019/12/05 00:00	Complete Genome
GCF_008694005.1	ASM869400v1	Streptococcus pyogenes (firmicutes)	FDAARGOS_668	SAMN11056383	2019/09/25 00:00	2019/09/25 00:00	Complete Genome
GCF_008693985.1	ASM869398v1	Stenotrophomonas maltophilia (g-proteobacteria)	FDAARGOS_649	SAMN11056364	2019/09/25 00:00	2019/09/25 00:00	Complete Genome
GCF_008693965.1	ASM869396v1	Pseudomonas luteola (g-proteobacteria)	FDAARGOS_637	SAMN11056352	2019/09/25 00:00	2019/09/25 00:00	Complete Genome
GCF_008693945.1	ASM869394v1	Citrobacter koseri (enterobacteria)	FDAARGOS_646	SAMN11056361	2019/09/25 00:00	2019/09/25 00:00	Complete Genome
GCF_008693925.1	ASM869392v1	Dermabacter vaginalis (high G+C Gram-positive bacteria)	FDAARGOS_640	SAMN11056355	2019/09/25 00:00	2019/09/25 00:00	Complete Genome
GCF_008693905.1	ASM869390v1	Enterobacter hormaechei (CDC Enteric Group 75)	FDAARGOS_642	SAMN11056357	2019/09/25 00:00	2019/09/25 00:00	Complete Genome
GCF_008693885.1	ASM869388v1	Klebsiella aerogenes (enterobacteria)	FDAARGOS_641	SAMN11056356	2019/09/25 00:00	2019/09/25 00:00	Complete Genome
GCF_008693865.1	ASM869386v1	Paracoccus yeei (a-proteobacteria)	FDAARGOS_643	SAMN11056358	2019/09/25 00:00	2019/09/25 00:00	Complete Genome
GCF_008693845.1	ASM869384v1	Pasteurella multocida (g-proteobacteria)	FDAARGOS_644	SAMN11056359	2019/09/25 00:00	2019/09/25 00:00	Complete Genome
GCF_008693825.1	ASM869382v1	Pseudomonas oryzihabitans (g-proteobacteria)	FDAARGOS_657	SAMN11056372	2019/09/25 00:00	2019/09/25 00:00	Complete Genome
GCF_008693805.1	ASM869380v1	Providencia stuartii (enterobacteria)	FDAARGOS_645	SAMN11056360	2019/09/25 00:00	2019/09/25 00:00	Complete Genome
GCF_008693785.1	ASM869378v1	Roseomonas mucosa (a-proteobacteria)	FDAARGOS_658	SAMN11056373	2019/09/25 00:00	2019/09/25 00:00	Complete Genome
GCF_008693765.1	ASM869376v1	Staphylococcus aureus (firmicutes)	FDAARGOS_660	SAMN11056375	2019/09/25 00:00	2019/09/25 00:00	Complete Genome
GCF_008693745.1	ASM869374v1	Vibrio parahaemolyticus (g-proteobacteria)	FDAARGOS_662	SAMN11056377	2019/09/25 00:00	2019/09/25 00:00	Complete Genome
GCF_008693725.1	ASM869372v1	Streptococcus dysgalactiae (firmicutes)	FDAARGOS_654	SAMN11056369	2019/09/25 00:00	2019/09/25 00:00	Complete Genome
GCF_008693705.1	ASM869370v1	Aeromonas veronii (g-proteobacteria)	FDAARGOS_632	SAMN11056347	2019/09/25 00:00	2019/09/25 00:00	Complete Genome
GCF_008693685.1	ASM869368v1	Vibrio vulnificus (g-proteobacteria)	FDAARGOS_663	SAMN11056378	2019/09/25 00:00	2019/09/25 00:00	Complete Genome
GCF_008693665.1	ASM869366v1	Bordetella bronchiseptica (b-proteobacteria)	FDAARGOS_634	SAMN11056349	2019/09/25 00:00	2019/09/25 00:00	Complete Genome
GCF_008693645.1	ASM869364v1	Citrobacter werkmanii (enterobacteria)	FDAARGOS_616	SAMN11056331	2019/09/25 00:00	2019/09/25 00:00	Complete Genome
GCF_008693625.1	ASM869362v1	Vibrio parahaemolyticus (g-proteobacteria)	FDAARGOS_667	SAMN11056382	2019/09/25 00:00	2019/09/25 00:00	Complete Genome
GCF_008693605.1	ASM869360v1	Citrobacter portucalensis (enterobacteria)	FDAARGOS_617	SAMN11056332	2019/09/25 00:00	2019/09/25 00:00	Complete Genome
GCF_008693585.1	ASM869358v1	Streptococcus agalactiae (firmicutes)	FDAARGOS_670	SAMN11056385	2019/09/25 00:00	2019/09/25 00:00	Complete Genome
GCF_008693565.1	ASM869356v1	Klebsiella michiganensis (enterobacteria)	FDAARGOS_647	SAMN11056362	2019/09/25 00:00	2019/09/25 00:00	Complete Genome
GCF_008693545.1	ASM869354v1	Bordetella hinzii (b-proteobacteria)	FDAARGOS_621	SAMN11056336	2019/09/25 00:00	2019/09/25 00:00	Complete Genome
GCF_008693525.1	ASM869352v1	Burkholderia multivorans (b-proteobacteria)	FDAARGOS_622	SAMN11056337	2019/09/25 00:00	2019/09/25 00:00	Complete Genome
GCF_008693505.1	ASM869350v1	Streptococcus agalactiae (firmicutes)	FDAARGOS_669	SAMN11056384	2019/09/25 00:00	2019/09/25 00:00	Complete Genome
GCF_008693485.1	ASM869348v1	Burkholderia multivorans (b-proteobacteria)	FDAARGOS_623	SAMN11056338	2019/09/25 00:00	2019/09/25 00:00	Complete Genome
GCF_008693465.1	ASM869346v1	Klebsiella variicola (enterobacteria)	FDAARGOS_627	SAMN11056342	2019/09/25 00:00	2019/09/25 00:00	Complete Genome
GCF_008693445.1	ASM869344v1	Klebsiella pneumoniae (enterobacteria)	FDAARGOS_629	SAMN11056344	2019/09/25 00:00	2019/09/25 00:00	Complete Genome
GCF_008693425.1	ASM869342v1	Klebsiella pneumoniae (enterobacteria)	FDAARGOS_631	SAMN11056346	2019/09/25 00:00	2019/09/25 00:00	Complete Genome
GCF_008693405.1	ASM869340v1	Klebsiella pneumoniae (enterobacteria)	FDAARGOS_630	SAMN11056345	2019/09/25 00:00	2019/09/25 00:00	Complete Genome
GCF_008693385.1	ASM869338v1	Cupriavidus pauculus (b-proteobacteria)	FDAARGOS_664	SAMN11056379	2019/09/25 00:00	2019/09/25 00:00	Complete Genome
GCF_008693365.1	ASM869336v1	Yersinia pseudotuberculosis (enterobacteria)	FDAARGOS_665	SAMN11056380	2019/09/25 00:00	2019/09/25 00:00	Complete Genome
GCF_007273535.1	ASM727353v1	Niallia circulans (firmicutes)	FDAARGOS_343	SAMN06173356	2019/08/01 00:00	2019/08/01 00:00	Contig
GCF_007273515.1	ASM727351v1	Enterococcus avium (firmicutes)	FDAARGOS_185	SAMN04327393	2019/07/22 00:00	2019/07/22 00:00	Contig
GCF_007273495.1	ASM727349v1	Enterococcus avium (firmicutes)	FDAARGOS_183	SAMN04327391	2019/07/22 00:00	2019/07/22 00:00	Contig
GCF_006370495.1	ASM637049v1	Salmonella enterica (enterobacteria)	FDAARGOS_609	SAMN10346773	2019/06/17 00:00	2019/06/17 00:00	Contig
GCF_006370485.1	ASM637048v1	Staphylococcus aureus (firmicutes)	FDAARGOS_612	SAMN10346776	2019/06/17 00:00	2019/06/17 00:00	Contig
GCF_006370475.1	ASM637047v1	Escherichia coli (E. coli)	FDAARGOS_608	SAMN10346772	2019/06/17 00:00	2019/06/17 00:00	Contig
GCF_006370445.1	ASM637044v1	Shigella sonnei (enterobacteria)	FDAARGOS_776	SAMN11056491	2019/06/17 00:00	2019/06/17 00:00	Contig
GCF_006365335.1	ASM636533v1	Salmonella enterica (enterobacteria)	FDAARGOS_768	SAMN11056483	2019/06/19 00:00	2019/06/19 00:00	Complete Genome
GCF_006364815.1	ASM636481v1	Enterococcus faecalis (firmicutes)	FDAARGOS_611	SAMN10346775	2019/06/19 00:00	2019/06/19 00:00	Complete Genome
GCF_006364795.1	ASM636479v1	Pseudomonas aeruginosa (g-proteobacteria)	FDAARGOS_610	SAMN10346774	2019/06/19 00:00	2019/06/19 00:00	Complete Genome
GCF_006364775.1	ASM636477v1	Staphylococcus aureus (firmicutes)	FDAARGOS_766	SAMN11056481	2019/06/19 00:00	2019/06/19 00:00	Complete Genome
GCF_006364755.1	ASM636475v1	Salmonella enterica (enterobacteria)	FDAARGOS_765	SAMN11056480	2019/06/19 00:00	2019/06/19 00:00	Complete Genome
GCF_006364735.1	ASM636473v1	Pseudomonas aeruginosa (g-proteobacteria)	FDAARGOS_767	SAMN11056482	2019/06/19 00:00	2019/06/19 00:00	Complete Genome
GCF_006364695.1	ASM636469v1	Escherichia coli (E. coli)	FDAARGOS_772	SAMN11056487	2019/06/19 00:00	2019/06/19 00:00	Complete Genome
GCF_006364675.1	ASM636467v1	Staphylococcus aureus (firmicutes)	FDAARGOS_773	SAMN11056488	2019/06/19 00:00	2019/06/19 00:00	Complete Genome
GCF_006364655.1	ASM636465v1	Listeria monocytogenes (firmicutes)	FDAARGOS_778	SAMN11056493	2019/06/19 00:00	2019/06/19 00:00	Complete Genome
GCF_006364635.1	ASM636463v1	Legionella pneumophila (g-proteobacteria)	FDAARGOS_779	SAMN11056494	2019/06/19 00:00	2019/06/19 00:00	Complete Genome
GCF_006364495.1	ASM636449v1	Bacillus subtilis (firmicutes)	FDAARGOS_606	SAMN10346770	2019/06/19 00:00	2019/06/19 00:00	Complete Genome
GCF_006364355.1	ASM636435v1	Vibrio furnissii (g-proteobacteria)	FDAARGOS_777	SAMN11056492	2019/06/19 00:00	2019/06/19 00:00	Complete Genome
GCF_006364295.1	ASM636429v1	Klebsiella pneumoniae (enterobacteria)	FDAARGOS_775	SAMN11056490	2019/06/19 00:00	2019/06/19 00:00	Complete Genome
GCF_006364235.1	ASM636423v1	Streptococcus pyogenes (firmicutes)	FDAARGOS_774	SAMN11056489	2019/06/19 00:00	2019/06/19 00:00	Complete Genome
GCF_006364035.1	ASM636403v1	Listeria monocytogenes (firmicutes)	FDAARGOS_607	SAMN10346771	2019/06/19 00:00	2019/06/19 00:00	Complete Genome
GCF_003956025.1	ASM395602v1	Staphylococcus cohnii (firmicutes)	FDAARGOS_538	SAMN10163250	2018/12/19 00:00	2018/12/19 00:00	Complete Genome
GCF_003956005.1	ASM395600v1	Staphylococcus haemolyticus (firmicutes)	FDAARGOS_517	SAMN10163211	2018/12/19 00:00	2018/12/19 00:00	Complete Genome
GCF_003955985.1	ASM395598v1	Corynebacterium jeikeium (high G+C Gram-positive bacteria)	FDAARGOS_574	SAMN10163223	2018/12/19 00:00	2018/12/19 00:00	Complete Genome
GCF_003955815.1	ASM395581v1	Francisella tularensis (g-proteobacteria)	FDAARGOS_595	SAMN10228575	2018/12/19 00:00	2018/12/19 00:00	Complete Genome
GCF_003955795.1	ASM395579v1	Francisella tularensis (g-proteobacteria)	FDAARGOS_598	SAMN10228578	2018/12/19 00:00	2018/12/19 00:00	Complete Genome
GCF_003955775.1	ASM395577v1	Francisella tularensis (g-proteobacteria)	FDAARGOS_599	SAMN10228579	2018/12/19 00:00	2018/12/19 00:00	Complete Genome
GCF_003933015.1	ASM393301v1	Burkholderia mallei (b-proteobacteria)	FDAARGOS_585	SAMN10228565	2018/12/14 00:00	2018/12/14 00:00	Chromosome
GCF_003933025.1	ASM393302v1	Burkholderia mallei (b-proteobacteria)	FDAARGOS_588	SAMN10228568	2018/12/14 00:00	2018/12/14 00:00	Chromosome
GCF_003933035.1	ASM393303v1	Burkholderia mallei (b-proteobacteria)	FDAARGOS_589	SAMN10228569	2018/12/14 00:00	2018/12/14 00:00	Chromosome
GCF_003933045.1	ASM393304v1	Burkholderia mallei (b-proteobacteria)	FDAARGOS_590	SAMN10228570	2018/12/14 00:00	2018/12/14 00:00	Chromosome
GCF_003940725.1	ASM394072v1	Escherichia coli (E. coli)	FDAARGOS_563	SAMN10163187	2018/12/11 00:00	2018/12/11 00:00	Contig
GCF_003940705.1	ASM394070v1	Burkholderia cenocepacia (b-proteobacteria)	FDAARGOS_518	SAMN10163212	2018/12/11 00:00	2018/12/11 00:00	Contig
GCF_003940475.1	ASM394047v1	Acinetobacter sp. FDAARGOS_559 (g-proteobacteria)	FDAARGOS_559	SAMN10163183	2018/12/12 00:00	2018/12/12 00:00	Contig
GCF_003940465.1	ASM394046v1	Klebsiella pneumoniae (enterobacteria)	FDAARGOS_567	SAMN10163191	2018/12/12 00:00	2018/12/12 00:00	Contig
GCF_003938985.1	ASM393898v1	Bacillus sp. (in: firmicutes) (firmicutes)	FDAARGOS_509	SAMN10163203	2018/12/11 00:00	2018/12/11 00:00	Contig
GCF_003938995.1	ASM393899v1	Stenotrophomonas maltophilia (g-proteobacteria)	FDAARGOS_508	SAMN10163202	2018/12/11 00:00	2018/12/11 00:00	Contig
GCF_003938945.1	ASM393894v1	Pseudomonas putida (g-proteobacteria)	FDAARGOS_516	SAMN10163210	2018/12/11 00:00	2018/12/11 00:00	Contig
GCF_003938905.1	ASM393890v1	Acinetobacter sp. FDAARGOS_495 (g-proteobacteria)	FDAARGOS_495	SAMN10163171	2018/12/11 00:00	2018/12/11 00:00	Contig
GCF_003938925.1	ASM393892v1	Agrobacterium sp. FDAARGOS_525 (a-proteobacteria)	FDAARGOS_525	SAMN10163219	2018/12/11 00:00	2018/12/11 00:00	Contig
GCF_003938895.1	ASM393889v1	Acinetobacter haemolyticus (g-proteobacteria)	FDAARGOS_492	SAMN10163168	2018/12/11 00:00	2018/12/11 00:00	Contig
GCF_003938885.1	ASM393888v1	Escherichia coli (E. coli)	FDAARGOS_498	SAMN10163174	2018/12/11 00:00	2018/12/11 00:00	Contig
GCF_003938865.1	ASM393886v1	Acinetobacter sp. FDAARGOS_515 (g-proteobacteria)	FDAARGOS_515	SAMN10163209	2018/12/11 00:00	2018/12/11 00:00	Contig
GCF_003938815.1	ASM393881v1	Staphylococcus aureus (firmicutes)	FDAARGOS_572	SAMN10163196	2018/12/11 00:00	2018/12/11 00:00	Contig
GCF_003938795.1	ASM393879v1	Citrobacter amalonaticus (enterobacteria)	FDAARGOS_490	SAMN10163198	2018/12/11 00:00	2018/12/11 00:00	Contig
GCF_003938805.1	ASM393880v1	Pseudomonas aeruginosa (g-proteobacteria)	FDAARGOS_502	SAMN10163178	2018/12/11 00:00	2018/12/11 00:00	Contig
GCF_003938785.1	ASM393878v1	Citrobacter koseri (enterobacteria)	FDAARGOS_526	SAMN10163220	2018/12/11 00:00	2018/12/11 00:00	Contig
GCF_003938745.1	ASM393874v1	Bordetella bronchiseptica (b-proteobacteria)	FDAARGOS_543	SAMN10163236	2018/12/11 00:00	2018/12/11 00:00	Contig
GCF_003938685.1	ASM393868v1	Burkholderia cenocepacia (b-proteobacteria)	FDAARGOS_544	SAMN10163237	2018/12/11 00:00	2018/12/11 00:00	Contig
GCF_003938725.1	ASM393872v1	Parvimonas micra (firmicutes)	FDAARGOS_569	SAMN10163193	2018/12/11 00:00	2018/12/11 00:00	Contig
GCF_003938695.1	ASM393869v1	Burkholderia cenocepacia (b-proteobacteria)	FDAARGOS_545	SAMN10163238	2018/12/11 00:00	2018/12/11 00:00	Contig
GCF_003938705.1	ASM393870v1	Burkholderia multivorans (b-proteobacteria)	FDAARGOS_546	SAMN10163239	2018/12/11 00:00	2018/12/11 00:00	Contig
GCF_003938635.1	ASM393863v1	Escherichia coli (E. coli)	FDAARGOS_539	SAMN10163252	2018/12/11 00:00	2018/12/11 00:00	Contig
GCF_003937785.1	ASM393778v1	Acinetobacter sp. FDAARGOS_558 (g-proteobacteria)	FDAARGOS_558	SAMN10163182	2018/12/11 00:00	2018/12/11 00:00	Contig
GCF_003937725.1	ASM393772v1	Staphylococcus aureus (firmicutes)	FDAARGOS_573	SAMN10163197	2018/12/11 00:00	2018/12/11 00:00	Contig
GCF_003937765.1	ASM393776v1	Escherichia coli (E. coli)	FDAARGOS_564	SAMN10163188	2018/12/11 00:00	2018/12/11 00:00	Contig
GCF_003937705.1	ASM393770v1	Escherichia coli (E. coli)	FDAARGOS_499	SAMN10163175	2018/12/11 00:00	2018/12/11 00:00	Contig
GCF_003937715.1	ASM393771v1	Bordetella bronchiseptica (b-proteobacteria)	FDAARGOS_542	SAMN10163235	2018/12/11 00:00	2018/12/11 00:00	Contig
GCF_003937665.1	ASM393766v1	Acinetobacter sp. FDAARGOS_541 (g-proteobacteria)	FDAARGOS_541	SAMN10163234	2018/12/11 00:00	2018/12/11 00:00	Contig
GCF_003855135.1	ASM385513v1	Shigella flexneri (enterobacteria)	FDAARGOS_535	SAMN10163230	2018/12/02 00:00	2018/12/02 00:00	Complete Genome
GCF_003855115.1	ASM385511v1	Shigella sonnei (enterobacteria)	FDAARGOS_524	SAMN10163218	2018/12/02 00:00	2018/12/02 00:00	Complete Genome
GCF_003854935.1	ASM385493v1	Cupriavidus pauculus (b-proteobacteria)	FDAARGOS_614	SAMN10380324	2018/12/01 00:00	2018/12/01 00:00	Complete Genome
GCF_003852635.1	ASM385263v1	Burkholderia pseudomallei (b-proteobacteria)	FDAARGOS_591	SAMN10228571	2018/11/30 00:00	2018/11/30 00:00	Chromosome
GCF_003827915.1	ASM382791v1	Staphylococcus aureus (firmicutes)	FDAARGOS_504	SAMN10163180	2018/11/26 00:00	2018/11/26 00:00	Complete Genome
GCF_003813085.1	ASM381308v1	Alcaligenes faecalis (b-proteobacteria)	FDAARGOS_491	SAMN10163167	2018/11/21 00:00	2018/11/21 00:00	Complete Genome
GCF_003813065.1	ASM381306v1	Bifidobacterium breve (high G+C Gram-positive bacteria)	FDAARGOS_561	SAMN10163185	2018/11/21 00:00	2018/11/21 00:00	Complete Genome
GCF_003813045.1	ASM381304v1	Burkholderia dolosa (b-proteobacteria)	FDAARGOS_562	SAMN10163186	2018/11/21 00:00	2018/11/21 00:00	Complete Genome
GCF_003813025.1	ASM381302v1	Pseudomonas aeruginosa (g-proteobacteria)	FDAARGOS_570	SAMN10163194	2018/11/21 00:00	2018/11/21 00:00	Complete Genome
GCF_003813005.1	ASM381300v1	Pseudomonas aeruginosa (g-proteobacteria)	FDAARGOS_505	SAMN10163199	2018/11/21 00:00	2018/11/21 00:00	Complete Genome
GCF_003812985.1	ASM381298v1	Stenotrophomonas maltophilia (g-proteobacteria)	FDAARGOS_507	SAMN10163201	2018/11/21 00:00	2018/11/21 00:00	Complete Genome
GCF_003812965.1	ASM381296v1	Burkholderia multivorans (b-proteobacteria)	FDAARGOS_496	SAMN10163172	2018/11/21 00:00	2018/11/21 00:00	Complete Genome
GCF_003812945.1	ASM381294v1	Escherichia coli (E. coli)	FDAARGOS_497	SAMN10163173	2018/11/21 00:00	2018/11/21 00:00	Complete Genome
GCF_003812925.1	ASM381292v1	Klebsiella oxytoca (enterobacteria)	FDAARGOS_500	SAMN10163176	2018/11/21 00:00	2018/11/21 00:00	Complete Genome
GCF_003812905.1	ASM381290v1	Pseudomonas aeruginosa (g-proteobacteria)	FDAARGOS_501	SAMN10163177	2018/11/21 00:00	2018/11/21 00:00	Complete Genome
GCF_003812885.1	ASM381288v1	Pseudomonas aeruginosa (g-proteobacteria)	FDAARGOS_571	SAMN10163195	2018/11/21 00:00	2018/11/21 00:00	Complete Genome
GCF_003812865.1	ASM381286v1	Chryseobacterium indologenes (CFB group bacteria)	FDAARGOS_510	SAMN10163204	2018/11/21 00:00	2018/11/21 00:00	Complete Genome
GCF_003812845.1	ASM381284v1	Klebsiella sp. FDAARGOS_511 (enterobacteria)	FDAARGOS_511	SAMN10163205	2018/11/21 00:00	2018/11/21 00:00	Complete Genome
GCF_003812825.1	ASM381282v1	Fusobacterium necrophorum (fusobacteria)	FDAARGOS_565	SAMN10163189	2018/11/21 00:00	2018/11/21 00:00	Complete Genome
GCF_003812805.1	ASM381280v1	Streptococcus agalactiae (firmicutes)	FDAARGOS_512	SAMN10163206	2018/11/21 00:00	2018/11/21 00:00	Complete Genome
GCF_003812785.1	ASM381278v1	Cutibacterium acnes (high G+C Gram-positive bacteria)	FDAARGOS_503	SAMN10163179	2018/11/21 00:00	2018/11/21 00:00	Complete Genome
GCF_003812765.1	ASM381276v1	Gardnerella vaginalis (high G+C Gram-positive bacteria)	FDAARGOS_568	SAMN10163192	2018/11/21 00:00	2018/11/21 00:00	Complete Genome
GCF_003812745.1	ASM381274v1	Serratia sp. FDAARGOS_506 (enterobacteria)	FDAARGOS_506	SAMN10163200	2018/11/21 00:00	2018/11/21 00:00	Complete Genome
GCF_003812725.1	ASM381272v1	Streptococcus pyogenes (firmicutes)	FDAARGOS_514	SAMN10163208	2018/11/21 00:00	2018/11/21 00:00	Complete Genome
GCF_003812705.1	ASM381270v1	Chryseobacterium arthrosphaerae (CFB group bacteria)	FDAARGOS_519	SAMN10163213	2018/11/21 00:00	2018/11/21 00:00	Complete Genome
GCF_003812685.1	ASM381268v1	Streptococcus sp. FDAARGOS_520 (firmicutes)	FDAARGOS_520	SAMN10163214	2018/11/21 00:00	2018/11/21 00:00	Complete Genome
GCF_003812665.1	ASM381266v1	Enterococcus faecalis (firmicutes)	FDAARGOS_528	SAMN10163222	2018/11/21 00:00	2018/11/21 00:00	Complete Genome
GCF_003812645.1	ASM381264v1	Streptococcus pyogenes (firmicutes)	FDAARGOS_534	SAMN10163229	2018/11/21 00:00	2018/11/21 00:00	Complete Genome
GCF_003812625.1	ASM381262v1	Escherichia coli (E. coli)	FDAARGOS_536	SAMN10163231	2018/11/21 00:00	2018/11/21 00:00	Complete Genome
GCF_003812605.1	ASM381260v1	Chryseobacterium indologenes (CFB group bacteria)	FDAARGOS_537	SAMN10163232	2018/11/21 00:00	2018/11/21 00:00	Complete Genome
GCF_003812585.1	ASM381258v1	Burkholderia multivorans (b-proteobacteria)	FDAARGOS_548	SAMN10163241	2018/11/21 00:00	2018/11/21 00:00	Complete Genome
GCF_003812565.1	ASM381256v1	Listeria monocytogenes (firmicutes)	FDAARGOS_554	SAMN10163247	2018/11/21 00:00	2018/11/21 00:00	Complete Genome
GCF_003812545.1	ASM381254v1	Listeria monocytogenes (firmicutes)	FDAARGOS_555	SAMN10163248	2018/11/21 00:00	2018/11/21 00:00	Complete Genome
GCF_003812525.1	ASM381252v1	Proteus vulgaris (enterobacteria)	FDAARGOS_556	SAMN10163249	2018/11/21 00:00	2018/11/21 00:00	Complete Genome
GCF_003812505.1	ASM381250v1	Staphylococcus hominis (firmicutes)	FDAARGOS_575	SAMN10163251	2018/11/21 00:00	2018/11/21 00:00	Complete Genome
GCF_003812465.1	ASM381246v1	Streptococcus sp. FDAARGOS_521 (firmicutes)	FDAARGOS_521	SAMN10163215	2018/11/21 00:00	2018/11/21 00:00	Complete Genome
GCF_003812445.1	ASM381244v1	Streptococcus sp. FDAARGOS_522 (firmicutes)	FDAARGOS_522	SAMN10163216	2018/11/21 00:00	2018/11/21 00:00	Complete Genome
GCF_003812425.1	ASM381242v1	Staphylococcus epidermidis (firmicutes)	FDAARGOS_529	SAMN10163224	2018/11/21 00:00	2018/11/21 00:00	Complete Genome
GCF_003812405.1	ASM381240v1	Citrobacter koseri (enterobacteria)	FDAARGOS_530	SAMN10163225	2018/11/21 00:00	2018/11/21 00:00	Complete Genome
GCF_003812385.1	ASM381238v1	Acinetobacter baumannii (g-proteobacteria)	FDAARGOS_533	SAMN10163228	2018/11/21 00:00	2018/11/21 00:00	Complete Genome
GCF_003812365.1	ASM381236v1	Burkholderia multivorans (b-proteobacteria)	FDAARGOS_547	SAMN10163240	2018/11/21 00:00	2018/11/21 00:00	Complete Genome
GCF_003812345.1	ASM381234v1	Citrobacter freundii (enterobacteria)	FDAARGOS_549	SAMN10163242	2018/11/21 00:00	2018/11/21 00:00	Complete Genome
GCF_003812325.1	ASM381232v1	Citrobacter freundii (enterobacteria)	FDAARGOS_550	SAMN10163243	2018/11/21 00:00	2018/11/21 00:00	Complete Genome
GCF_003812305.1	ASM381230v1	Enterococcus sp. FDAARGOS_553 (firmicutes)	FDAARGOS_553	SAMN10163246	2018/11/21 00:00	2018/11/21 00:00	Complete Genome
GCF_003812245.1	ASM381224v1	Acinetobacter sp. FDAARGOS_493 (g-proteobacteria)	FDAARGOS_493	SAMN10163169	2018/11/21 00:00	2018/11/21 00:00	Complete Genome
GCF_003812225.1	ASM381222v1	Acinetobacter sp. FDAARGOS_494 (g-proteobacteria)	FDAARGOS_494	SAMN10163170	2018/11/21 00:00	2018/11/21 00:00	Complete Genome
GCF_003812205.1	ASM381220v1	Acinetobacter sp. FDAARGOS_560 (g-proteobacteria)	FDAARGOS_560	SAMN10163184	2018/11/21 00:00	2018/11/21 00:00	Complete Genome
GCF_003812185.1	ASM381218v1	Klebsiella aerogenes (enterobacteria)	FDAARGOS_513	SAMN10163207	2018/11/21 00:00	2018/11/21 00:00	Complete Genome
GCF_003812165.1	ASM381216v1	Pseudomonas aeruginosa (g-proteobacteria)	FDAARGOS_532	SAMN10163227	2018/11/21 00:00	2018/11/21 00:00	Complete Genome
GCF_003812145.1	ASM381214v1	Enterobacter roggenkampii (enterobacteria)	FDAARGOS_523	SAMN10163217	2018/11/21 00:00	2018/11/21 00:00	Complete Genome
GCF_003812125.1	ASM381212v1	Bacillus sp. FDAARGOS_527 (firmicutes)	FDAARGOS_527	SAMN10163221	2018/11/21 00:00	2018/11/21 00:00	Complete Genome
GCF_003812105.1	ASM381210v1	Klebsiella pneumoniae (enterobacteria)	FDAARGOS_531	SAMN10163226	2018/11/21 00:00	2018/11/21 00:00	Complete Genome
GCF_003812085.1	ASM381208v1	Klebsiella pneumoniae (enterobacteria)	FDAARGOS_566	SAMN10163190	2018/11/21 00:00	2018/11/21 00:00	Complete Genome
GCF_003812065.1	ASM381206v1	Acinetobacter baumannii (g-proteobacteria)	FDAARGOS_540	SAMN10163233	2018/11/21 00:00	2018/11/21 00:00	Complete Genome
GCF_003798465.1	ASM379846v1	Cutibacterium acnes (high G+C Gram-positive bacteria)	FDAARGOS_577	SAMN10228557	2018/11/20 00:00	2018/11/20 00:00	Complete Genome
GCF_003798445.1	ASM379844v1	Yersinia pseudotuberculosis (enterobacteria)	FDAARGOS_580	SAMN10228560	2018/11/20 00:00	2018/11/20 00:00	Complete Genome
GCF_003798425.1	ASM379842v1	Yersinia pseudotuberculosis (enterobacteria)	FDAARGOS_581	SAMN10228561	2018/11/20 00:00	2018/11/20 00:00	Complete Genome
GCF_003798405.1	ASM379840v1	Yersinia pseudotuberculosis (enterobacteria)	FDAARGOS_582	SAMN10228562	2018/11/20 00:00	2018/11/20 00:00	Complete Genome
GCF_003798385.1	ASM379838v1	Yersinia pseudotuberculosis (enterobacteria)	FDAARGOS_584	SAMN10228564	2018/11/20 00:00	2018/11/20 00:00	Complete Genome
GCF_003798365.1	ASM379836v1	Burkholderia pseudomallei (b-proteobacteria)	FDAARGOS_594	SAMN10228574	2018/11/20 00:00	2018/11/20 00:00	Complete Genome
GCF_003798345.1	ASM379834v1	Yersinia pestis (enterobacteria)	FDAARGOS_602	SAMN10228582	2018/11/20 00:00	2018/11/20 00:00	Complete Genome
GCF_003798325.1	ASM379832v1	Propionibacterium acidifaciens (high G+C Gram-positive bacteria)	FDAARGOS_576	SAMN10228556	2018/11/20 00:00	2018/11/20 00:00	Complete Genome
GCF_003798305.1	ASM379830v1	Yersinia pseudotuberculosis (enterobacteria)	FDAARGOS_579	SAMN10228559	2018/11/20 00:00	2018/11/20 00:00	Complete Genome
GCF_003798285.1	ASM379828v1	Yersinia pseudotuberculosis (enterobacteria)	FDAARGOS_583	SAMN10228563	2018/11/20 00:00	2018/11/20 00:00	Complete Genome
GCF_003798265.1	ASM379826v1	Burkholderia pseudomallei (b-proteobacteria)	FDAARGOS_592	SAMN10228572	2018/11/20 00:00	2018/11/20 00:00	Complete Genome
GCF_003798245.1	ASM379824v1	Burkholderia pseudomallei (b-proteobacteria)	FDAARGOS_593	SAMN10228573	2018/11/20 00:00	2018/11/20 00:00	Complete Genome
GCF_003798225.1	ASM379822v1	Yersinia pestis (enterobacteria)	FDAARGOS_601	SAMN10228581	2018/11/20 00:00	2018/11/20 00:00	Complete Genome
GCF_003798205.1	ASM379820v1	Yersinia pestis (enterobacteria)	FDAARGOS_603	SAMN10228583	2018/11/20 00:00	2018/11/20 00:00	Complete Genome
GCF_003798085.1	ASM379808v1	Yersinia pestis (enterobacteria)	FDAARGOS_604	SAMN10228584	2018/11/19 00:00	2018/11/19 00:00	Contig
GCF_003798065.1	ASM379806v1	Francisella tularensis (g-proteobacteria)	FDAARGOS_596	SAMN10228576	2018/11/19 00:00	2018/11/19 00:00	Contig
GCF_003798025.1	ASM379802v1	Francisella tularensis (g-proteobacteria)	FDAARGOS_597	SAMN10228577	2018/11/19 00:00	2018/11/19 00:00	Contig
GCF_003797995.1	ASM379799v1	Burkholderia mallei (b-proteobacteria)	FDAARGOS_586	SAMN10228566	2018/11/19 00:00	2018/11/19 00:00	Contig
GCF_003797955.1	ASM379795v1	Francisella tularensis (g-proteobacteria)	FDAARGOS_600	SAMN10228580	2018/11/19 00:00	2018/11/19 00:00	Contig
GCF_003797385.1	ASM379738v1	Arachnia propionica (high G+C Gram-positive bacteria)	FDAARGOS_578	SAMN10228558	2018/11/19 00:00	2018/11/19 00:00	Contig
GCF_003797295.1	ASM379729v1	Burkholderia mallei (b-proteobacteria)	FDAARGOS_587	SAMN10228567	2018/11/19 00:00	2018/11/19 00:00	Contig
GCF_003797205.1	ASM379720v1	Yersinia pestis (enterobacteria)	FDAARGOS_605	SAMN10228585	2018/11/19 00:00	2018/11/19 00:00	Contig
GCA_003730215.1	ASM373021v1	Leishmania donovani (kinetoplastids)	FDAARGOS_361	SAMN07312505	2018/11/15 00:00	2018/11/15 00:00	Contig
GCA_002211485.2	ASM221148v2	Aspergillus niger (ascomycete fungi)	FDAARGOS_311	SAMN06173324	2018/11/15 00:00	2018/11/15 00:00	Contig
GCA_003730175.1	ASM373017v1	Leishmania donovani (kinetoplastids)	FDAARGOS_360	SAMN07312504	2018/11/15 00:00	2018/11/15 00:00	Contig
GCF_003711125.1	ASM371112v1	Enterococcus avium (firmicutes)	FDAARGOS_184	SAMN04327392	2018/11/05 00:00	2018/11/05 00:00	Complete Genome
GCF_003699975.1	ASM369997v1	Klebsiella planticola (enterobacteria)	FDAARGOS_430	SAMN07312474	2017/10/18 00:00	2017/10/18 00:00	Chromosome
GCF_003614835.1	ASM361483v1	Burkholderia thailandensis (b-proteobacteria)	FDAARGOS_242	SAMN05004751	2018/07/03 00:00	2018/07/03 00:00	Complete Genome
GCF_003614815.1	ASM361481v1	Burkholderia thailandensis (b-proteobacteria)	FDAARGOS_241	SAMN05004750	2018/07/03 00:00	2018/07/03 00:00	Complete Genome
GCF_003613595.1	ASM361359v1	Burkholderia gladioli pv. gladioli (b-proteobacteria)	FDAARGOS_188	SAMN05004743	2018/07/03 00:00	2018/07/03 00:00	Complete Genome
GCF_003546905.1	ASM354690v1	Yersinia pseudotuberculosis (enterobacteria)	FDAARGOS_342	SAMN06173355	2018/09/11 00:00	2018/09/11 00:00	Complete Genome
GCF_003546885.1	ASM354688v1	Klebsiella aerogenes (enterobacteria)	FDAARGOS_327	SAMN06173340	2018/09/11 00:00	2018/09/11 00:00	Complete Genome
GCF_000783455.2	ASM78345v2	Providencia stuartii (enterobacteria)	FDAARGOS_87	SAMN02934542	2018/08/20 00:00	2018/08/20 00:00	Chromosome
GCF_001563715.2	ASM156371v2	Escherichia coli (E. coli)	FDAARGOS_95	SAMN03996336	2018/01/31 00:00	2018/01/31 00:00	Chromosome
GCF_002208725.2	ASM220872v2	Prevotella melaninogenica (CFB group bacteria)	FDAARGOS_306	SAMN06173319	2018/04/03 00:00	2018/04/03 00:00	Complete Genome
GCF_003050665.1	ASM305066v1	Helicobacter pylori (e-proteobacteria)	FDAARGOS_298	SAMN06173311	2018/04/13 00:00	2018/04/13 00:00	Complete Genome
GCF_002209225.1	ASM220922v2	Salmonella enterica subsp. enterica serovar Typhimurium (enterobacteria)	FDAARGOS_321	SAMN06173334	2018/04/03 00:00	2018/04/03 00:00	Complete Genome
GCF_003030425.1	ASM303042v1	Enterococcus faecalis (firmicutes)	FDAARGOS_324	SAMN06173337	2018/04/02 00:00	2018/04/02 00:00	Complete Genome
GCF_002386225.2	ASM238622v2	Klebsiella pneumoniae (enterobacteria)	FDAARGOS_445	SAMN07312489	2017/11/06 00:00	2017/11/06 00:00	Chromosome
GCF_003020185.1	ASM302018v1	Burkholderia thailandensis (b-proteobacteria)	FDAARGOS_238	SAMN05004747	2018/03/27 00:00	2018/03/27 00:00	Complete Genome
GCF_003020025.1	ASM302002v1	Burkholderia thailandensis (b-proteobacteria)	FDAARGOS_237	SAMN05004746	2018/03/27 00:00	2018/03/27 00:00	Complete Genome
GCF_003019965.1	ASM301996v1	Burkholderia multivorans (b-proteobacteria)	FDAARGOS_246	SAMN05004755	2018/03/27 00:00	2018/03/27 00:00	Complete Genome
GCF_003019945.1	ASM301994v1	Burkholderia vietnamiensis (b-proteobacteria)	FDAARGOS_239	SAMN05004748	2018/03/27 00:00	2018/03/27 00:00	Complete Genome
GCF_003019925.1	ASM301992v1	Pluralibacter gergoviae (enterobacteria)	FDAARGOS_186	SAMN05004741	2018/03/27 00:00	2018/03/27 00:00	Complete Genome
GCF_002209105.2	ASM220910v2	Escherichia coli O104:H4 (E. coli)	FDAARGOS_348	SAMN06173361	2018/03/08 00:00	2018/03/08 00:00	Complete Genome
GCF_002209085.2	ASM220908v2	Burkholderia cepacia (b-proteobacteria)	FDAARGOS_345	SAMN06173358	2018/03/08 00:00	2018/03/08 00:00	Complete Genome
GCF_001471715.2	ASM147171v2	Staphylococcus aureus (firmicutes)	FDAARGOS_140	SAMN03996284	2018/03/14 00:00	2018/03/14 00:00	Chromosome
GCF_002209245.2	ASM220924v2	Shewanella sp. FDAARGOS_354 (g-proteobacteria)	FDAARGOS_354	SAMN06173367	2018/03/08 00:00	2018/03/08 00:00	Complete Genome
GCF_002209125.2	ASM220912v2	Nocardia brasiliensis (high G+C Gram-positive bacteria)	FDAARGOS_352	SAMN06173365	2018/03/08 00:00	2018/03/08 00:00	Complete Genome
GCF_002208985.1	ASM220898v3	Citrobacter koseri (enterobacteria)	FDAARGOS_287	SAMN06173300	2018/03/06 00:00	2018/03/06 00:00	Complete Genome
GCF_002209265.1	ASM220926v2	Staphylococcus saprophyticus (firmicutes)	FDAARGOS_355	SAMN06173368	2018/03/12 00:00	2018/03/12 00:00	Complete Genome
GCF_002984565.1	ASM298456v1	Staphylococcus cohnii (firmicutes)	FDAARGOS_334	SAMN06173347	2018/03/09 00:00	2018/03/09 00:00	Complete Genome
GCF_002984485.1	ASM298448v1	Oligella urethralis (b-proteobacteria)	FDAARGOS_329	SAMN06173342	2018/03/09 00:00	2018/03/09 00:00	Complete Genome
GCF_002984395.1	ASM298439v1	Klebsiella oxytoca (enterobacteria)	FDAARGOS_335	SAMN06173348	2018/03/09 00:00	2018/03/09 00:00	Complete Genome
GCF_002984285.1	ASM298428v1	Salmonella enterica subsp. enterica serovar Typhimurium (enterobacteria)	FDAARGOS_317	SAMN06173330	2018/03/09 00:00	2018/03/09 00:00	Complete Genome
GCF_002984195.1	ASM298419v1	Providencia rettgeri (enterobacteria)	FDAARGOS_330	SAMN06173343	2018/03/09 00:00	2018/03/09 00:00	Complete Genome
GCF_002984125.1	ASM298412v1	Moraxella catarrhalis (g-proteobacteria)	FDAARGOS_304	SAMN06173317	2018/03/09 00:00	2018/03/09 00:00	Complete Genome
GCF_002984035.1	ASM298403v1	Salmonella enterica subsp. enterica serovar Heidelberg (enterobacteria)	FDAARGOS_319	SAMN06173332	2018/03/09 00:00	2018/03/09 00:00	Complete Genome
GCF_002983965.1	ASM298396v1	Salmonella enterica subsp. enterica serovar Typhimurium (enterobacteria)	FDAARGOS_320	SAMN06173333	2018/03/09 00:00	2018/03/09 00:00	Complete Genome
GCF_002983865.1	ASM298386v1	Roseobacter denitrificans (a-proteobacteria)	FDAARGOS_309	SAMN06173322	2018/03/09 00:00	2018/03/09 00:00	Complete Genome
GCF_002983785.1	ASM298378v1	Enterococcus faecium (firmicutes)	FDAARGOS_323	SAMN06173336	2018/03/09 00:00	2018/03/09 00:00	Complete Genome
GCF_002983725.1	ASM298372v1	Campylobacter jejuni subsp. doylei (e-proteobacteria)	FDAARGOS_295	SAMN06173308	2018/03/09 00:00	2018/03/09 00:00	Complete Genome
GCF_002983705.1	ASM298370v1	Helicobacter pylori (e-proteobacteria)	FDAARGOS_300	SAMN06173313	2018/03/09 00:00	2018/03/09 00:00	Complete Genome
GCF_002983685.1	ASM298368v1	Streptobacillus moniliformis (fusobacteria)	FDAARGOS_310	SAMN06173323	2018/03/09 00:00	2018/03/09 00:00	Complete Genome
GCF_002983665.1	ASM298366v1	Providencia stuartii (enterobacteria)	FDAARGOS_291	SAMN06173304	2018/03/09 00:00	2018/03/09 00:00	Complete Genome
GCF_002983645.1	ASM298364v1	Escherichia coli O104:H4 (E. coli)	FDAARGOS_349	SAMN06173362	2018/03/09 00:00	2018/03/09 00:00	Complete Genome
GCF_002983625.1	ASM298362v1	Yersinia intermedia (enterobacteria)	FDAARGOS_358	SAMN06173371	2018/03/09 00:00	2018/03/09 00:00	Complete Genome
GCF_002209205.2	ASM220920v2	Salmonella enterica subsp. enterica serovar Hadar (enterobacteria)	FDAARGOS_313	SAMN06173326	2018/03/06 00:00	2018/03/06 00:00	Complete Genome
GCA_002208985.2	ASM220898v2	Citrobacter koseri (enterobacteria)	FDAARGOS_287	SAMN06173300	2018/03/06 00:00	2018/03/06 00:00	Complete Genome
GCF_002208785.1	ASM220878v2	Bacillus anthracis (anthrax bacterium)	FDAARGOS_341	SAMN06173354	2018/03/06 00:00	2018/03/06 00:00	Complete Genome
GCF_002208905.1	ASM220890v2	Staphylococcus saprophyticus (firmicutes)	FDAARGOS_336	SAMN06173349	2018/03/06 00:00	2018/03/06 00:00	Complete Genome
GCF_002208945.1	ASM220894v2	Enterococcus faecalis (firmicutes)	FDAARGOS_338	SAMN06173351	2018/03/06 00:00	2018/03/06 00:00	Complete Genome
GCF_002208965.1	ASM220896v2	Salmonella enterica subsp. enterica serovar Typhimurium var. 5- (enterobacteria)	FDAARGOS_312	SAMN06173325	2018/03/06 00:00	2018/03/06 00:00	Complete Genome
GCF_002209165.2	ASM220916v2	Mammaliicoccus sciuri (firmicutes)	FDAARGOS_285	SAMN06173298	2018/03/02 00:00	2018/03/02 00:00	Complete Genome
GCF_002209145.2	ASM220914v2	Jonesia denitrificans (high G+C Gram-positive bacteria)	FDAARGOS_301	SAMN06173314	2018/03/02 00:00	2018/03/02 00:00	Complete Genome
GCF_002208765.2	ASM220876v2	Psychrobacter cryohalolentis (g-proteobacteria)	FDAARGOS_308	SAMN06173321	2018/03/06 00:00	2018/03/06 00:00	Complete Genome
GCF_002208865.2	ASM220886v2	Escherichia coli O157 (E. coli)	FDAARGOS_293	SAMN06173306	2018/03/02 00:00	2018/03/02 00:00	Complete Genome
GCF_002208745.2	ASM220874v2	Pseudomonas protegens (g-proteobacteria)	FDAARGOS_307	SAMN06173320	2018/03/06 00:00	2018/03/06 00:00	Complete Genome
GCF_002208885.2	ASM220888v2	Stenotrophomonas maltophilia (g-proteobacteria)	FDAARGOS_325	SAMN06173338	2018/03/06 00:00	2018/03/06 00:00	Complete Genome
GCF_002208925.2	ASM220892v2	Chryseobacterium indologenes (CFB group bacteria)	FDAARGOS_337	SAMN06173350	2018/03/06 00:00	2018/03/06 00:00	Complete Genome
GCF_002208845.2	ASM220884v2	Citrobacter braakii (enterobacteria)	FDAARGOS_290	SAMN06173303	2018/03/02 00:00	2018/03/02 00:00	Complete Genome
GCF_002209185.2	ASM220918v2	Corynebacterium jeikeium (high G+C Gram-positive bacteria)	FDAARGOS_328	SAMN06173341	2018/03/06 00:00	2018/03/06 00:00	Complete Genome
GCF_002208825.2	ASM220882v2	Brevundimonas vesicularis (a-proteobacteria)	FDAARGOS_289	SAMN06173302	2018/03/02 00:00	2018/03/02 00:00	Complete Genome
GCF_002208705.2	ASM220870v2	Mycobacterium avium subsp. paratuberculosis (high G+C Gram-positive bacteria)	FDAARGOS_305	SAMN06173318	2018/03/02 00:00	2018/03/02 00:00	Complete Genome
GCF_002277995.2	ASM227799v2	Elizabethkingia anophelis (CFB group bacteria)	FDAARGOS_198	SAMN04875535	2018/03/02 00:00	2018/03/02 00:00	Complete Genome
GCF_002208805.2	ASM220880v2	Staphylococcus pettenkoferi (firmicutes)	FDAARGOS_288	SAMN06173301	2018/03/02 00:00	2018/03/02 00:00	Complete Genome
GCF_002208685.2	ASM220868v2	Kocuria rhizophila (high G+C Gram-positive bacteria)	FDAARGOS_302	SAMN06173315	2018/03/02 00:00	2018/03/02 00:00	Complete Genome
GCF_002073695.2	ASM207369v2	Streptococcus agalactiae (firmicutes)	FDAARGOS_254	SAMN04875580	2018/03/02 00:00	2018/03/02 00:00	Complete Genome
GCF_002208665.2	ASM220866v2	[Haemophilus] ducreyi (g-proteobacteria)	FDAARGOS_297	SAMN06173310	2018/03/02 00:00	2018/03/02 00:00	Complete Genome
GCF_002073775.2	ASM207377v2	Vibrio parahaemolyticus (g-proteobacteria)	FDAARGOS_191	SAMN04875528	2018/03/02 00:00	2018/03/02 00:00	Complete Genome
GCF_002073395.2	ASM207339v2	Staphylococcus lugdunensis (firmicutes)	FDAARGOS_222	SAMN04875559	2018/03/02 00:00	2018/03/02 00:00	Complete Genome
GCF_001559255.2	ASM155925v2	Hafnia paralvei (enterobacteria)	FDAARGOS_158	SAMN03996303	2018/02/16 00:00	2018/02/16 00:00	Complete Genome
GCF_001558735.2	ASM155873v2	Pantoea vagans (enterobacteria)	FDAARGOS_160	SAMN03996307	2018/02/16 00:00	2018/02/16 00:00	Complete Genome
GCF_002073415.2	ASM207341v2	Bacillus sp. FDAARGOS_235 (firmicutes)	FDAARGOS_235	SAMN04875572	2018/03/01 00:00	2018/03/01 00:00	Complete Genome
GCF_002073815.2	ASM207381v2	Streptococcus sp. FDAARGOS_192 (firmicutes)	FDAARGOS_192	SAMN04875529	2018/03/01 00:00	2018/03/01 00:00	Complete Genome
GCF_002073615.2	ASM207361v2	Neisseria gonorrhoeae (b-proteobacteria)	FDAARGOS_205	SAMN04875542	2018/03/01 00:00	2018/03/01 00:00	Complete Genome
GCF_002073255.2	ASM207325v2	Pasteurella multocida (g-proteobacteria)	FDAARGOS_218	SAMN04875555	2018/03/01 00:00	2018/03/01 00:00	Complete Genome
GCF_001559075.2	ASM155907v2	Citrobacter amalonaticus (enterobacteria)	FDAARGOS_122	SAMN03996265	2018/02/26 00:00	2018/02/26 00:00	Complete Genome
GCF_001559115.2	ASM155911v2	Staphylococcus simulans (firmicutes)	FDAARGOS_124	SAMN03996269	2018/02/26 00:00	2018/02/26 00:00	Complete Genome
GCF_002073235.2	ASM207323v2	Neisseria meningitidis (b-proteobacteria)	FDAARGOS_214	SAMN04875551	2018/02/28 00:00	2018/02/28 00:00	Complete Genome
GCF_002073315.2	ASM207331v2	Yersinia sp. FDAARGOS_228 (enterobacteria)	FDAARGOS_228	SAMN04875565	2018/02/28 00:00	2018/02/28 00:00	Complete Genome
GCF_002073335.2	ASM207333v2	Vibrio cholerae (g-proteobacteria)	FDAARGOS_223	SAMN04875560	2018/03/01 00:00	2018/03/01 00:00	Complete Genome
GCF_002073495.2	ASM207349v2	Leptospira interrogans serovar Copenhageni (bacteria)	FDAARGOS_203	SAMN04875540	2018/03/01 00:00	2018/03/01 00:00	Complete Genome
GCF_002073635.2	ASM207363v2	Paracoccus yeei (a-proteobacteria)	FDAARGOS_252	SAMN04875578	2018/03/01 00:00	2018/03/01 00:00	Complete Genome
GCF_002073595.2	ASM207359v2	Neisseria meningitidis (b-proteobacteria)	FDAARGOS_210	SAMN04875547	2018/02/28 00:00	2018/02/28 00:00	Complete Genome
GCF_002073675.2	ASM207367v2	Neisseria meningitidis (b-proteobacteria)	FDAARGOS_212	SAMN04875549	2018/02/28 00:00	2018/02/28 00:00	Complete Genome
GCF_002073715.2	ASM207371v2	Neisseria mucosa (b-proteobacteria)	FDAARGOS_260	SAMN04875586	2018/02/28 00:00	2018/02/28 00:00	Complete Genome
GCF_001558295.2	ASM155829v2	Shigella sonnei (enterobacteria)	FDAARGOS_90	SAMN03996263	2018/02/23 00:00	2018/02/23 00:00	Complete Genome
GCF_002073735.2	ASM207373v2	Clostridioides difficile (firmicutes)	FDAARGOS_267	SAMN04875593	2018/03/01 00:00	2018/03/01 00:00	Complete Genome
GCF_002073515.1	ASM207351v2	Streptococcus equinus (firmicutes)	FDAARGOS_251	SAMN04875577	2018/03/01 00:00	2018/03/01 00:00	Complete Genome
GCF_000626615.2	ASM62661v3	Staphylococcus aureus (firmicutes)	FDAARGOS_5	SAMN02700075	2018/02/15 00:00	2018/02/15 00:00	Complete Genome
GCF_002073475.2	ASM207347v2	Haemophilus influenzae (g-proteobacteria)	FDAARGOS_199	SAMN04875536	2018/02/23 00:00	2018/02/23 00:00	Complete Genome
GCF_002073455.2	ASM207345v2	Legionella longbeachae (g-proteobacteria)	FDAARGOS_201	SAMN04875538	2018/02/23 00:00	2018/02/23 00:00	Complete Genome
GCF_002073435.2	ASM207343v2	Streptococcus gordonii (firmicutes)	FDAARGOS_257	SAMN04875583	2018/02/23 00:00	2018/02/23 00:00	Complete Genome
GCF_002073375.2	ASM207337v2	Corynebacterium diphtheriae (high G+C Gram-positive bacteria)	FDAARGOS_197	SAMN04875534	2018/02/23 00:00	2018/02/23 00:00	Complete Genome
GCF_002073355.2	ASM207335v2	Streptococcus intermedius (firmicutes)	FDAARGOS_233	SAMN04875570	2018/02/23 00:00	2018/02/23 00:00	Complete Genome
GCF_002073295.2	ASM207329v2	Pasteurella multocida (g-proteobacteria)	FDAARGOS_216	SAMN04875553	2018/02/23 00:00	2018/02/23 00:00	Complete Genome
GCF_002073275.2	ASM207327v2	Neisseria meningitidis (b-proteobacteria)	FDAARGOS_215	SAMN04875552	2018/02/23 00:00	2018/02/23 00:00	Complete Genome
GCF_002073215.2	ASM207321v2	Moraxella catarrhalis (g-proteobacteria)	FDAARGOS_213	SAMN04875550	2018/02/23 00:00	2018/02/23 00:00	Complete Genome
GCF_001559235.2	ASM155923v2	Citrobacter sp. FDAARGOS_156 (enterobacteria)	FDAARGOS_155	SAMN03996300	2018/02/23 00:00	2018/02/23 00:00	Complete Genome
GCF_001558895.2	ASM155889v2	Morganella morganii (enterobacteria)	FDAARGOS_172	SAMN03996316	2018/02/23 00:00	2018/02/23 00:00	Complete Genome
GCF_001558355.2	ASM155835v2	Salmonella enterica (enterobacteria)	FDAARGOS_94	SAMN03996249	2018/02/23 00:00	2018/02/23 00:00	Complete Genome
GCF_002073535.2	ASM207353v2	Neisseria gonorrhoeae (b-proteobacteria)	FDAARGOS_204	SAMN04875541	2018/02/23 00:00	2018/02/23 00:00	Complete Genome
GCF_002073555.2	ASM207355v2	Neisseria meningitidis (b-proteobacteria)	FDAARGOS_211	SAMN04875548	2018/02/23 00:00	2018/02/23 00:00	Complete Genome
GCF_002073575.2	ASM207357v2	Neisseria meningitidis (b-proteobacteria)	FDAARGOS_209	SAMN04875546	2018/02/23 00:00	2018/02/23 00:00	Complete Genome
GCF_002073655.2	ASM207365v2	Neisseria gonorrhoeae (b-proteobacteria)	FDAARGOS_207	SAMN04875544	2018/02/23 00:00	2018/02/23 00:00	Complete Genome
GCF_002073755.2	ASM207375v2	Citrobacter braakii (enterobacteria)	FDAARGOS_253	SAMN04875579	2018/02/23 00:00	2018/02/23 00:00	Complete Genome
GCF_002073795.1	ASM207379v2	Streptococcus sp. 'group B' (firmicutes)	FDAARGOS_229	SAMN04875566	2018/02/23 00:00	2018/02/23 00:00	Complete Genome
GCF_002073835.2	ASM207383v2	Streptococcus salivarius (firmicutes)	FDAARGOS_259	SAMN04875585	2018/02/23 00:00	2018/02/23 00:00	Complete Genome
GCF_002278015.2	ASM227801v2	Enterococcus hirae (firmicutes)	FDAARGOS_234	SAMN04875571	2018/02/23 00:00	2018/02/23 00:00	Complete Genome
GCF_002954105.1	ASM295410v1	Staphylococcus hominis (firmicutes)	FDAARGOS_136	SAMN03996281	2018/02/01 00:00	2018/02/01 00:00	Chromosome
GCF_002954055.1	ASM295405v1	Staphylococcus epidermidis (firmicutes)	FDAARGOS_161	SAMN03996306	2018/02/20 00:00	2018/02/20 00:00	Complete Genome
GCF_002953975.1	ASM295397v1	Vibrio alginolyticus (g-proteobacteria)	FDAARGOS_114	SAMN03996330	2018/02/20 00:00	2018/02/20 00:00	Complete Genome
GCF_000783875.2	ASM78387v2	Proteus mirabilis (enterobacteria)	FDAARGOS_67	SAMN02934516	2018/02/13 00:00	2018/02/13 00:00	Complete Genome
GCF_002953535.1	ASM295353v1	Vibrio alginolyticus (g-proteobacteria)	FDAARGOS_110	SAMN03996326	2018/02/20 00:00	2018/02/20 00:00	Complete Genome
GCF_002953515.1	ASM295351v1	Vibrio alginolyticus (g-proteobacteria)	FDAARGOS_108	SAMN03996324	2018/02/20 00:00	2018/02/20 00:00	Complete Genome
GCF_002953395.1	ASM295339v1	Vibrio diabolicus (g-proteobacteria)	FDAARGOS_105	SAMN03996322	2018/02/20 00:00	2018/02/20 00:00	Complete Genome
GCF_002953375.1	ASM295337v1	Vibrio fluvialis (g-proteobacteria)	FDAARGOS_100	SAMN03996261	2018/02/22 00:00	2018/02/22 00:00	Complete Genome
GCF_002953355.1	ASM295335v1	Vibrio diabolicus (g-proteobacteria)	FDAARGOS_99	SAMN03996254	2018/02/22 00:00	2018/02/22 00:00	Complete Genome
GCF_002953335.1	ASM295333v1	Vibrio diabolicus (g-proteobacteria)	FDAARGOS_96	SAMN03996337	2018/02/20 00:00	2018/02/20 00:00	Complete Genome
GCF_002953295.1	ASM295329v1	Klebsiella quasipneumoniae (enterobacteria)	FDAARGOS_93	SAMN03996259	2018/02/20 00:00	2018/02/20 00:00	Complete Genome
GCF_002951635.1	ASM295163v1	Klebsiella pneumoniae (enterobacteria)	FDAARGOS_156	SAMN03996301	2018/02/20 00:00	2018/02/20 00:00	Complete Genome
GCF_002951475.1	ASM295147v1	Pseudomonas fulva (g-proteobacteria)	FDAARGOS_167	SAMN03996312	2018/02/20 00:00	2018/02/20 00:00	Complete Genome
GCF_002951455.1	ASM295145v1	Elizabethkingia anophelis (CFB group bacteria)	FDAARGOS_134	SAMN03996278	2018/02/20 00:00	2018/02/20 00:00	Complete Genome
GCF_002951395.1	ASM295139v1	Elizabethkingia anophelis (CFB group bacteria)	FDAARGOS_132	SAMN03996277	2018/02/20 00:00	2018/02/20 00:00	Complete Genome
GCF_002951295.1	ASM295129v1	Acinetobacter nosocomialis (g-proteobacteria)	FDAARGOS_129	SAMN03996318	2018/02/20 00:00	2018/02/20 00:00	Complete Genome
GCF_002951195.1	ASM295119v1	Pandoraea apista (b-proteobacteria)	FDAARGOS_126	SAMN03996272	2018/02/20 00:00	2018/02/20 00:00	Complete Genome
GCF_002951115.1	ASM295111v1	Stenotrophomonas maltophilia (g-proteobacteria)	FDAARGOS_92	SAMN03996266	2018/02/26 00:00	2018/02/26 00:00	Complete Genome
GCF_002944995.1	ASM294499v1	Staphylococcus epidermidis (firmicutes)	FDAARGOS_153	SAMN03996299	2018/02/08 00:00	2018/02/08 00:00	Complete Genome
GCF_002944935.1	ASM294493v1	Escherichia coli (E. coli)	FDAARGOS_144	SAMN03996288	2018/02/20 00:00	2018/02/20 00:00	Complete Genome
GCF_002943995.1	ASM294399v1	Pseudomonas monteilii (g-proteobacteria)	FDAARGOS_171	SAMN03996317	2018/02/22 00:00	2018/02/22 00:00	Complete Genome
GCF_001188125.2	ASM118812v2	Salmonella enterica subsp. enterica serovar Heidelberg (enterobacteria)	FDAARGOS_54	SAMN03255434	2018/02/21 00:00	2018/02/21 00:00	Complete Genome
GCF_000783675.2	ASM78367v2	Enterobacter cloacae complex sp. (enterobacteria)	FDAARGOS_77	SAMN02934530	2018/02/21 00:00	2018/02/21 00:00	Complete Genome
GCF_001019255.2	ASM101925v2	Staphylococcus aureus (firmicutes)	FDAARGOS_1	SAMN03255441	2018/02/21 00:00	2018/02/21 00:00	Complete Genome
GCF_001018645.2	ASM101864v2	Staphylococcus aureus (firmicutes)	FDAARGOS_2	SAMN03255442	2018/02/21 00:00	2018/02/21 00:00	Complete Genome
GCF_001018655.2	ASM101865v2	Staphylococcus aureus (firmicutes)	FDAARGOS_6	SAMN03255445	2018/02/21 00:00	2018/02/21 00:00	Complete Genome
GCF_001018725.2	ASM101872v2	Staphylococcus aureus (firmicutes)	FDAARGOS_10	SAMN03255449	2018/02/21 00:00	2018/02/21 00:00	Complete Genome
GCF_001018805.1	ASM101880v2	Staphylococcus aureus (firmicutes)	FDAARGOS_15	SAMN03255454	2018/02/21 00:00	2018/02/21 00:00	Complete Genome
GCF_001019495.2	ASM101949v2	Staphylococcus aureus (firmicutes)	FDAARGOS_40	SAMN03255479	2018/02/21 00:00	2018/02/21 00:00	Complete Genome
GCF_001019125.2	ASM101912v2	Staphylococcus aureus (firmicutes)	FDAARGOS_43	SAMN03255482	2018/02/21 00:00	2018/02/21 00:00	Complete Genome
GCF_001019205.2	ASM101920v2	Staphylococcus aureus (firmicutes)	FDAARGOS_48	SAMN03255487	2018/02/21 00:00	2018/02/21 00:00	Complete Genome
GCF_001188025.2	ASM118802v2	Listeria monocytogenes (firmicutes)	FDAARGOS_58	SAMN03255438	2018/02/14 00:00	2018/02/14 00:00	Complete Genome
GCF_000783435.2	ASM78343v2	Achromobacter insolitus (b-proteobacteria)	FDAARGOS_88	SAMN02934544	2018/02/21 00:00	2018/02/21 00:00	Complete Genome
GCF_001593585.2	ASM159358v2	Klebsiella aerogenes (enterobacteria)	FDAARGOS_139	SAMN03996283	2018/02/05 00:00	2018/02/05 00:00	Complete Genome
GCF_001559195.1	ASM155919v2	Achromobacter xylosoxidans (b-proteobacteria)	FDAARGOS_150	SAMN03996294	2018/02/05 00:00	2018/02/05 00:00	Complete Genome
GCF_001558495.2	ASM155849v2	Vibrio parahaemolyticus (g-proteobacteria)	ATCC 17802	SAMN03996250	2018/01/31 00:00	2018/01/31 00:00	Complete Genome
GCF_001558255.2	ASM155825v2	Grimontia hollisae (g-proteobacteria)	FDAARGOS_111	SAMN03996327	2018/01/31 00:00	2018/01/31 00:00	Complete Genome
GCF_001558395.1	ASM155839v2	Bordetella pertussis (b-proteobacteria)	FDAARGOS_179	SAMN03996260	2018/01/29 00:00	2018/01/29 00:00	Complete Genome
GCF_001559055.1	ASM155905v2	Bordetella bronchiseptica (b-proteobacteria)	FDAARGOS_176	SAMN03996258	2018/01/29 00:00	2018/01/29 00:00	Complete Genome
GCF_001558435.2	ASM155843v2	Vibrio harveyi (g-proteobacteria)	FDAARGOS_107	SAMN03996323	2018/01/31 00:00	2018/01/31 00:00	Complete Genome
GCF_001558515.2	ASM155851v2	Vibrio vulnificus (g-proteobacteria)	FDAARGOS_119	SAMN03996334	2018/01/31 00:00	2018/01/31 00:00	Complete Genome
GCF_001558475.2	ASM155847v2	Vibrio mimicus (g-proteobacteria)	FDAARGOS_112	SAMN03996328	2018/01/31 00:00	2018/01/31 00:00	Complete Genome
GCF_001559135.2	ASM155913v2	Serratia liquefaciens (enterobacteria)	FDAARGOS_125	SAMN03996271	2018/01/31 00:00	2018/01/31 00:00	Complete Genome
GCF_001559035.2	ASM155903v2	Bartonella bacilliformis (a-proteobacteria)	ATCC 35685D-5	SAMN03996253	2018/01/29 00:00	2018/01/29 00:00	Complete Genome
GCF_001558415.2	ASM155841v2	Vibrio fluvialis (g-proteobacteria)	ATCC 33809	SAMN03996321	2018/01/29 00:00	2018/01/29 00:00	Complete Genome
GCF_001558275.2	ASM155827v2	Staphylococcus saprophyticus (firmicutes)	FDAARGOS_168	SAMN03996313	2018/02/12 00:00	2018/02/12 00:00	Complete Genome
GCF_001558795.2	ASM155879v2	Staphylococcus aureus (firmicutes)	FDAARGOS_159	SAMN03996304	2018/02/12 00:00	2018/02/12 00:00	Complete Genome
GCF_001558915.1	ASM155891v2	Achromobacter xylosoxidans (b-proteobacteria)	FDAARGOS_162	SAMN03996305	2018/02/12 00:00	2018/02/12 00:00	Complete Genome
GCF_001558375.2	ASM155837v2	Staphylococcus saprophyticus (firmicutes)	FDAARGOS_137	SAMN03996280	2018/02/05 00:00	2018/02/05 00:00	Complete Genome
GCF_001558755.2	ASM155875v2	Achromobacter xylosoxidans (b-proteobacteria)	FDAARGOS_147	SAMN03996290	2018/02/05 00:00	2018/02/05 00:00	Complete Genome
GCF_001558815.2	ASM155881v2	Staphylococcus lugdunensis (firmicutes)	FDAARGOS_143	SAMN03996287	2018/02/05 00:00	2018/02/05 00:00	Complete Genome
GCF_001558855.2	ASM155885v2	Providencia stuartii (enterobacteria)	FDAARGOS_145	SAMN03996292	2018/02/05 00:00	2018/02/05 00:00	Complete Genome
GCF_001558875.2	ASM155887v2	Enterococcus gallinarum (firmicutes)	FDAARGOS_163	SAMN03996308	2018/02/12 00:00	2018/02/12 00:00	Complete Genome
GCF_001558935.2	ASM155893v2	Citrobacter amalonaticus (enterobacteria)	FDAARGOS_165	SAMN03996309	2018/02/12 00:00	2018/02/12 00:00	Complete Genome
GCF_001559175.2	ASM155917v2	Streptococcus pyogenes (firmicutes)	FDAARGOS_149	SAMN03996295	2018/02/05 00:00	2018/02/05 00:00	Complete Genome
GCF_001559215.2	ASM155921v2	Klebsiella aerogenes (enterobacteria)	FDAARGOS_152	SAMN03996296	2018/02/05 00:00	2018/02/05 00:00	Complete Genome
GCA_000626615.2	ASM62661v2	Staphylococcus aureus (firmicutes)	NRS 100	SAMN02700075	2018/02/12 00:00	2018/02/12 00:00	Complete Genome
GCF_001018735.2	ASM101873v2	Staphylococcus aureus (firmicutes)	FDAARGOS_12	SAMN03255451	2018/01/30 00:00	2018/01/30 00:00	Complete Genome
GCF_001019275.2	ASM101927v2	Staphylococcus aureus (firmicutes)	FDAARGOS_7	SAMN03255446	2018/01/30 00:00	2018/01/30 00:00	Complete Genome
GCF_001019575.2	ASM101957v2	Staphylococcus aureus (firmicutes)	FDAARGOS_47	SAMN03255486	2018/01/30 00:00	2018/01/30 00:00	Complete Genome
GCF_001018835.2	ASM101883v2	Staphylococcus aureus (firmicutes)	FDAARGOS_19	SAMN03255458	2018/01/30 00:00	2018/01/30 00:00	Complete Genome
GCF_000783735.2	ASM78373v2	Shigella flexneri (enterobacteria)	FDAARGOS_74	SAMN02934526	2018/01/30 00:00	2018/01/30 00:00	Complete Genome
GCF_000783935.2	ASM78393v2	Klebsiella planticola (enterobacteria)	FDAARGOS_64	SAMN02934513	2018/01/30 00:00	2018/01/30 00:00	Complete Genome
GCF_001188185.2	ASM118818v2	Vibrio parahaemolyticus (g-proteobacteria)	FDAARGOS_51	SAMN03255431	2018/01/30 00:00	2018/01/30 00:00	Complete Genome
GCF_000783595.2	ASM78359v2	Proteus mirabilis (enterobacteria)	FDAARGOS_80	SAMN02934535	2018/01/30 00:00	2018/01/30 00:00	Complete Genome
GCF_000783755.2	ASM78375v2	Citrobacter freundii (enterobacteria)	FDAARGOS_73	SAMN02934525	2018/01/30 00:00	2018/01/30 00:00	Complete Genome
GCF_000783815.2	ASM78381v2	Salmonella enterica (enterobacteria)	FDAARGOS_70	SAMN02934521	2018/01/30 00:00	2018/01/30 00:00	Complete Genome
GCF_001019305.2	ASM101930v2	Staphylococcus aureus (firmicutes)	FDAARGOS_9	SAMN03255448	2018/01/29 00:00	2018/01/29 00:00	Complete Genome
GCF_001019485.2	ASM101948v2	Staphylococcus aureus (firmicutes)	FDAARGOS_35	SAMN03255474	2018/01/29 00:00	2018/01/29 00:00	Complete Genome
GCF_001018845.2	ASM101884v2	Staphylococcus aureus (firmicutes)	FDAARGOS_21	SAMN03255460	2018/01/29 00:00	2018/01/29 00:00	Complete Genome
GCF_001018775.2	ASM101877v2	Staphylococcus aureus (firmicutes)	FDAARGOS_14	SAMN03255453	2018/01/29 00:00	2018/01/29 00:00	Complete Genome
GCF_001018685.2	ASM101868v2	Staphylococcus aureus (firmicutes)	FDAARGOS_4	SAMN03255444	2018/01/29 00:00	2018/01/29 00:00	Complete Genome
GCF_001019535.2	ASM101953v2	Staphylococcus aureus (firmicutes)	FDAARGOS_42	SAMN03255481	2018/01/29 00:00	2018/01/29 00:00	Complete Genome
GCF_001018975.2	ASM101897v2	Staphylococcus aureus (firmicutes)	FDAARGOS_30	SAMN03255469	2018/01/29 00:00	2018/01/29 00:00	Complete Genome
GCF_001018915.2	ASM101891v2	Staphylococcus aureus (firmicutes)	FDAARGOS_27	SAMN03255466	2018/01/29 00:00	2018/01/29 00:00	Complete Genome
GCF_001019435.2	ASM101943v2	Staphylococcus aureus (firmicutes)	FDAARGOS_25	SAMN03255464	2018/01/29 00:00	2018/01/29 00:00	Complete Genome
GCF_001019415.2	ASM101941v2	Staphylococcus aureus (firmicutes)	FDAARGOS_24	SAMN03255463	2018/01/29 00:00	2018/01/29 00:00	Complete Genome
GCF_001019395.2	ASM101939v2	Staphylococcus aureus (firmicutes)	FDAARGOS_20	SAMN03255459	2018/01/29 00:00	2018/01/29 00:00	Complete Genome
GCF_000783915.2	ASM78391v2	Serratia marcescens (enterobacteria)	FDAARGOS_65	SAMN02934514	2018/01/29 00:00	2018/01/29 00:00	Complete Genome
GCF_000783955.2	ASM78395v2	Morganella morganii (enterobacteria)	FDAARGOS_63	SAMN02934512	2018/01/29 00:00	2018/01/29 00:00	Complete Genome
GCF_000783575.2	ASM78357v2	Proteus mirabilis (enterobacteria)	FDAARGOS_81	SAMN02934536	2018/01/29 00:00	2018/01/29 00:00	Complete Genome
GCF_000783775.2	ASM78377v2	Aeromonas caviae (g-proteobacteria)	FDAARGOS_72	SAMN02934523	2018/01/29 00:00	2018/01/29 00:00	Complete Genome
GCF_000783995.2	ASM78399v2	Citrobacter freundii (enterobacteria)	FDAARGOS_61	SAMN02934510	2018/01/29 00:00	2018/01/29 00:00	Complete Genome
GCF_000784015.2	ASM78401v2	Proteus mirabilis (enterobacteria)	FDAARGOS_60	SAMN02934509	2018/01/29 00:00	2018/01/29 00:00	Complete Genome
GCF_001471755.2	ASM147175v2	Escherichia coli (E. coli)	FDAARGOS_170	SAMN03996315	2018/01/24 00:00	2018/01/24 00:00	Contig
GCF_001471435.1	ASM147143v2	Pseudomonas aeruginosa (g-proteobacteria)	FDAARGOS_121	SAMN03996267	2018/01/24 00:00	2018/01/24 00:00	Contig
GCF_002313155.2	ASM231315v2	Psychrobacter sp. FDAARGOS_221 (g-proteobacteria)	FDAARGOS_221	SAMN04875558	2018/01/19 00:00	2018/01/19 00:00	Contig
GCF_002206365.1	ASM220636v2	Hafnia alvei (enterobacteria)	FDAARGOS_350	SAMN06173363	2018/01/19 00:00	2018/01/19 00:00	Contig
GCF_002206395.1	ASM220639v2	Staphylococcus aureus (firmicutes)	FDAARGOS_356	SAMN06173369	2018/01/19 00:00	2018/01/19 00:00	Contig
GCF_002206385.2	ASM220638v2	Serratia odorifera (enterobacteria)	FDAARGOS_353	SAMN06173366	2018/01/19 00:00	2018/01/19 00:00	Contig
GCF_002206285.2	ASM220628v2	Pseudomonas aeruginosa (g-proteobacteria)	FDAARGOS_340	SAMN06173353	2018/01/19 00:00	2018/01/19 00:00	Contig
GCF_002206245.1	ASM220624v2	Salmonella enterica subsp. enterica serovar Infantis (enterobacteria)	FDAARGOS_315	SAMN06173328	2018/01/19 00:00	2018/01/19 00:00	Contig
GCF_002206525.1	ASM220652v2	Salmonella enterica subsp. enterica serovar Ohio (enterobacteria)	FDAARGOS_316	SAMN06173329	2018/01/19 00:00	2018/01/19 00:00	Contig
GCF_002206545.2	ASM220654v2	Enterococcus faecalis (firmicutes)	FDAARGOS_339	SAMN06173352	2018/01/19 00:00	2018/01/19 00:00	Contig
GCF_002206485.1	ASM220648v2	Mobiluncus mulieris (high G+C Gram-positive bacteria)	FDAARGOS_303	SAMN06173316	2018/01/19 00:00	2018/01/19 00:00	Contig
GCF_002082905.2	ASM208290v2	Legionella anisa (g-proteobacteria)	FDAARGOS_200	SAMN04875537	2018/01/19 00:00	2018/01/19 00:00	Contig
GCF_002206165.1	ASM220616v2	Salmonella enterica subsp. enterica serovar Bredeney (enterobacteria)	FDAARGOS_314	SAMN06173327	2018/01/19 00:00	2018/01/19 00:00	Contig
GCF_002083025.2	ASM208302v2	Neisseria gonorrhoeae (b-proteobacteria)	FDAARGOS_206	SAMN04875543	2018/01/19 00:00	2018/01/19 00:00	Contig
GCF_002082995.1	ASM208299v2	Campylobacter jejuni subsp. jejuni (e-proteobacteria)	FDAARGOS_264	SAMN04875590	2018/01/19 00:00	2018/01/19 00:00	Contig
GCF_002083125.2	ASM208312v2	Aggregatibacter aphrophilus (g-proteobacteria)	FDAARGOS_248	SAMN04875574	2018/01/19 00:00	2018/01/19 00:00	Contig
GCF_002083085.2	ASM208308v2	Streptococcus pyogenes (firmicutes)	FDAARGOS_190	SAMN04875527	2018/01/19 00:00	2018/01/19 00:00	Contig
GCF_002082945.2	ASM208294v2	Clostridioides difficile (firmicutes)	FDAARGOS_268	SAMN04875594	2018/01/19 00:00	2018/01/19 00:00	Contig
GCF_002313185.2	ASM231318v2	Pantoea sp. FDAARGOS_194 (enterobacteria)	FDAARGOS_194	SAMN04875531	2018/01/19 00:00	2018/01/19 00:00	Contig
GCF_002313145.2	ASM231314v2	Hafnia paralvei (enterobacteria)	FDAARGOS_230	SAMN04875567	2018/01/19 00:00	2018/01/19 00:00	Contig
GCF_002554625.2	ASM255462v2	Yersinia enterocolitica (enterobacteria)	FDAARGOS_357	SAMN06173370	2018/01/19 00:00	2018/01/19 00:00	Contig
GCF_002554635.1	ASM255463v2	Klebsiella planticola (enterobacteria)	FDAARGOS_283	SAMN06173296	2018/01/19 00:00	2018/01/19 00:00	Contig
GCF_002289235.2	ASM228923v2	Streptococcus sp. FDAARGOS_256 (firmicutes)	FDAARGOS_256	SAMN04875582	2018/01/19 00:00	2018/01/19 00:00	Contig
GCF_002206565.1	ASM220656v2	Listeria monocytogenes (firmicutes)	FDAARGOS_351	SAMN06173364	2018/01/19 00:00	2018/01/19 00:00	Contig
GCF_002206315.1	ASM220631v2	Enterococcus faecalis (firmicutes)	FDAARGOS_347	SAMN06173360	2018/01/19 00:00	2018/01/19 00:00	Contig
GCF_002206305.2	ASM220630v2	Burkholderia glumae (b-proteobacteria)	FDAARGOS_346	SAMN06173359	2018/01/19 00:00	2018/01/19 00:00	Contig
GCF_002206325.1	ASM220632v2	Parabacteroides distasonis (CFB group bacteria)	FDAARGOS_344	SAMN06173357	2018/01/19 00:00	2018/01/19 00:00	Contig
GCF_002206575.2	ASM220657v2	Micrococcus sp. FDAARGOS_333 (high G+C Gram-positive bacteria)	FDAARGOS_333	SAMN06173346	2018/01/19 00:00	2018/01/19 00:00	Contig
GCF_002206235.1	ASM220623v2	Enterococcus faecium (firmicutes)	FDAARGOS_332	SAMN06173345	2018/01/19 00:00	2018/01/19 00:00	Contig
GCF_002206225.1	ASM220622v2	Gardnerella vaginalis (high G+C Gram-positive bacteria)	FDAARGOS_296	SAMN06173309	2018/01/19 00:00	2018/01/19 00:00	Contig
GCF_002206495.1	ASM220649v2	Salmonella enterica subsp. enterica serovar Typhimurium var. 5- (enterobacteria)	FDAARGOS_318	SAMN06173331	2018/01/19 00:00	2018/01/19 00:00	Contig
GCF_002206465.1	ASM220646v2	Helicobacter pylori (e-proteobacteria)	FDAARGOS_299	SAMN06173312	2018/01/19 00:00	2018/01/19 00:00	Contig
GCF_002206445.1	ASM220644v2	Enterococcus faecalis (firmicutes)	FDAARGOS_322	SAMN06173335	2018/01/19 00:00	2018/01/19 00:00	Contig
GCF_002206145.2	ASM220614v2	Proteus mirabilis (enterobacteria)	FDAARGOS_284	SAMN06173297	2018/01/19 00:00	2018/01/19 00:00	Contig
GCF_002206175.2	ASM220617v2	Providencia stuartii (enterobacteria)	FDAARGOS_294	SAMN06173307	2018/01/19 00:00	2018/01/19 00:00	Contig
GCF_002206155.2	ASM220615v2	Enterobacter hormaechei (CDC Enteric Group 75)	FDAARGOS_286	SAMN06173299	2018/01/19 00:00	2018/01/19 00:00	Contig
GCF_002206405.2	ASM220640v2	Escherichia coli O157 (E. coli)	FDAARGOS_292	SAMN06173305	2018/01/19 00:00	2018/01/19 00:00	Contig
GCF_002082955.2	ASM208295v2	Legionella pneumophila subsp. pneumophila (g-proteobacteria)	FDAARGOS_202	SAMN04875539	2018/01/19 00:00	2018/01/19 00:00	Contig
GCF_002082895.2	ASM208289v2	Neisseria meningitidis (b-proteobacteria)	FDAARGOS_208	SAMN04875545	2018/01/19 00:00	2018/01/19 00:00	Contig
GCF_002082985.1	ASM208298v2	Clostridioides difficile (firmicutes)	FDAARGOS_269	SAMN04875595	2018/01/19 00:00	2018/01/19 00:00	Contig
GCF_002083095.2	ASM208309v2	Bordetella pertussis (b-proteobacteria)	FDAARGOS_195	SAMN04875532	2018/01/19 00:00	2018/01/19 00:00	Contig
GCF_002083135.2	ASM208313v2	Aerococcus viridans (firmicutes)	FDAARGOS_249	SAMN04875575	2018/01/19 00:00	2018/01/19 00:00	Contig
GCF_002083055.2	ASM208305v2	Borreliella burgdorferi (Lyme disease spirochete)	FDAARGOS_196	SAMN04875533	2018/01/19 00:00	2018/01/19 00:00	Contig
GCF_002083165.2	ASM208316v2	Achromobacter xylosoxidans (b-proteobacteria)	FDAARGOS_255	SAMN04875581	2018/01/19 00:00	2018/01/19 00:00	Contig
GCF_002083175.2	ASM208317v2	Streptococcus mutans (firmicutes)	FDAARGOS_258	SAMN04875584	2018/01/19 00:00	2018/01/19 00:00	Contig
GCF_002083285.2	ASM208328v2	Yersinia enterocolitica (enterobacteria)	FDAARGOS_225	SAMN04875562	2018/01/19 00:00	2018/01/19 00:00	Contig
GCF_001534855.2	ASM153485v2	Klebsiella pneumoniae (enterobacteria)	FDAARGOS_89	SAMN03996264	2018/01/19 00:00	2018/01/19 00:00	Contig
GCF_001471455.2	ASM147145v2	Vibrio cholerae (g-proteobacteria)	FDAARGOS_101	SAMN03996319	2018/01/19 00:00	2018/01/19 00:00	Contig
GCF_001525525.2	ASM152552v2	Vibrio cholerae (g-proteobacteria)	FDAARGOS_102	SAMN03996252	2018/01/19 00:00	2018/01/19 00:00	Contig
GCF_001471395.2	ASM147139v2	Vibrio mimicus (g-proteobacteria)	FDAARGOS_113	SAMN03996329	2018/01/19 00:00	2018/01/19 00:00	Contig
GCF_001471465.2	ASM147146v2	Vibrio vulnificus (g-proteobacteria)	FDAARGOS_118	SAMN03996333	2018/01/19 00:00	2018/01/19 00:00	Contig
GCF_001471485.2	ASM147148v2	Vibrio parahaemolyticus (g-proteobacteria)	FDAARGOS_120	SAMN03996335	2018/01/19 00:00	2018/01/19 00:00	Contig
GCF_001471625.1	ASM147162v2	Klebsiella pneumoniae (enterobacteria)	FDAARGOS_127	SAMN03996268	2018/01/19 00:00	2018/01/19 00:00	Contig
GCF_001471775.2	ASM147177v2	Citrobacter koseri (enterobacteria)	FDAARGOS_164	SAMN03996311	2018/01/19 00:00	2018/01/19 00:00	Contig
GCF_001471675.2	ASM147167v2	Staphylococcus aureus (firmicutes)	FDAARGOS_169	SAMN03996293	2018/01/19 00:00	2018/01/19 00:00	Contig
GCF_001471815.2	ASM147181v2	Escherichia coli (E. coli)	FDAARGOS_142	SAMN03996286	2018/01/19 00:00	2018/01/19 00:00	Contig
GCF_001471285.1	ASM147128v2	Staphylococcus haemolyticus (firmicutes)	FDAARGOS_148	SAMN03996289	2018/01/19 00:00	2018/01/19 00:00	Contig
GCF_001473265.2	ASM147326v2	Staphylococcus epidermidis (firmicutes)	FDAARGOS_157	SAMN03996302	2018/01/19 00:00	2018/01/19 00:00	Contig
GCF_001471855.2	ASM147185v2	Acinetobacter baumannii (g-proteobacteria)	FDAARGOS_123	SAMN03996270	2018/01/19 00:00	2018/01/19 00:00	Contig
GCF_001188135.2	ASM118813v2	Vibrio parahaemolyticus (g-proteobacteria)	FDAARGOS_52	SAMN03255432	2018/01/19 00:00	2018/01/19 00:00	Contig
GCF_001188105.2	ASM118810v2	Escherichia coli (E. coli)	FDAARGOS_56	SAMN03255436	2018/01/19 00:00	2018/01/19 00:00	Contig
GCF_000783975.2	ASM78397v2	Serratia marcescens (enterobacteria)	FDAARGOS_62	SAMN02934511	2018/01/19 00:00	2018/01/19 00:00	Contig
GCF_000783855.2	ASM78385v2	Enterobacter hormaechei (CDC Enteric Group 75)	FDAARGOS_68	SAMN02934519	2018/01/19 00:00	2018/01/19 00:00	Contig
GCF_000783635.1	ASM78363v2	Aeromonas hydrophila (g-proteobacteria)	FDAARGOS_78	SAMN02934532	2018/01/19 00:00	2018/01/19 00:00	Contig
GCF_000783695.1	ASM78369v2	Aeromonas caviae (g-proteobacteria)	FDAARGOS_76	SAMN02934528	2018/01/19 00:00	2018/01/19 00:00	Contig
GCF_002083205.2	ASM208320v2	Pasteurella multocida (g-proteobacteria)	FDAARGOS_261	SAMN04875587	2018/01/19 00:00	2018/01/19 00:00	Contig
GCF_000783445.2	ASM78344v2	Citrobacter koseri (enterobacteria)	FDAARGOS_86	SAMN02934540	2018/01/19 00:00	2018/01/19 00:00	Contig
GCF_002083245.2	ASM208324v2	Pasteurella multocida (g-proteobacteria)	FDAARGOS_219	SAMN04875556	2018/01/19 00:00	2018/01/19 00:00	Contig
GCA_002083295.2	ASM208329v2	Yersinia enterocolitica (enterobacteria)	FDAARGOS_224	SAMN04875561	2018/01/19 00:00	2018/01/19 00:00	Contig
GCF_002083265.2	ASM208326v2	Pasteurella multocida (g-proteobacteria)	FDAARGOS_217	SAMN04875554	2018/01/19 00:00	2018/01/19 00:00	Contig
GCF_002083215.2	ASM208321v2	Pasteurella multocida (g-proteobacteria)	FDAARGOS_220	SAMN04875557	2018/01/19 00:00	2018/01/19 00:00	Contig
GCF_002082245.2	ASM208224v2	Yersinia enterocolitica (enterobacteria)	FDAARGOS_227	SAMN04875564	2018/01/19 00:00	2018/01/19 00:00	Contig
GCF_002082275.2	ASM208227v2	Yersinia enterocolitica (enterobacteria)	FDAARGOS_226	SAMN04875563	2018/01/19 00:00	2018/01/19 00:00	Contig
GCF_002082235.2	ASM208223v2	Francisella tularensis (g-proteobacteria)	FDAARGOS_247	SAMN04875573	2018/01/19 00:00	2018/01/19 00:00	Contig
GCF_001525625.2	ASM152562v2	Bartonella henselae str. Houston-1 (a-proteobacteria)	FDAARGOS_175	SAMN03996256	2018/01/19 00:00	2018/01/19 00:00	Contig
GCF_001525545.2	ASM152554v2	Bordetella parapertussis (b-proteobacteria)	FDAARGOS_177	SAMN03996248	2018/01/19 00:00	2018/01/19 00:00	Contig
GCF_001525595.2	ASM152559v2	Vibrio alginolyticus (g-proteobacteria)	FDAARGOS_98	SAMN03996257	2018/01/19 00:00	2018/01/19 00:00	Contig
GCF_001525555.1	ASM152555v2	Bordetella pertussis 18323 (b-proteobacteria)	FDAARGOS_178	SAMN03996251	2018/01/19 00:00	2018/01/19 00:00	Contig
GCF_001471275.2	ASM147127v2	Vibrio alginolyticus (g-proteobacteria)	FDAARGOS_97	SAMN03996338	2018/01/19 00:00	2018/01/19 00:00	Contig
GCF_001525585.2	ASM152558v2	Vibrio harveyi (g-proteobacteria)	FDAARGOS_106	SAMN03996255	2018/01/19 00:00	2018/01/19 00:00	Contig
GCF_001471575.2	ASM147157v2	Vibrio harveyi (g-proteobacteria)	FDAARGOS_109	SAMN03996325	2018/01/19 00:00	2018/01/19 00:00	Contig
GCF_001471585.2	ASM147158v2	Vibrio cholerae (g-proteobacteria)	FDAARGOS_103	SAMN03996320	2018/01/19 00:00	2018/01/19 00:00	Contig
GCF_001471305.2	ASM147130v2	Vibrio vulnificus (g-proteobacteria)	FDAARGOS_116	SAMN03996331	2018/01/19 00:00	2018/01/19 00:00	Contig
GCF_001471535.2	ASM147153v2	Achromobacter xylosoxidans (b-proteobacteria)	FDAARGOS_133	SAMN03996276	2018/01/19 00:00	2018/01/19 00:00	Contig
GCF_001471365.2	ASM147136v2	Shigella sonnei (enterobacteria)	FDAARGOS_128	SAMN03996274	2018/01/19 00:00	2018/01/19 00:00	Contig
GCF_001471515.2	ASM147151v2	Staphylococcus haemolyticus (firmicutes)	FDAARGOS_130	SAMN03996273	2018/01/19 00:00	2018/01/19 00:00	Contig
GCF_001471695.2	ASM147169v2	Staphylococcus aureus (firmicutes)	FDAARGOS_135	SAMN03996279	2018/01/19 00:00	2018/01/19 00:00	Contig
GCF_001471735.2	ASM147173v2	Streptococcus sp. FDAARGOS_146 (firmicutes)	FDAARGOS_146	SAMN03996291	2018/01/19 00:00	2018/01/19 00:00	Contig
GCF_001471555.2	ASM147155v2	Staphylococcus capitis (firmicutes)	FDAARGOS_173	SAMN03996314	2018/01/19 00:00	2018/01/19 00:00	Contig
GCF_001471415.2	ASM147141v2	Vibrio vulnificus (g-proteobacteria)	FDAARGOS_117	SAMN03996332	2018/01/19 00:00	2018/01/19 00:00	Contig
GCF_001471615.2	ASM147161v2	Acinetobacter sp. FDAARGOS_131 (g-proteobacteria)	FDAARGOS_131	SAMN03996275	2018/01/19 00:00	2018/01/19 00:00	Contig
GCF_001471655.2	ASM147165v2	Citrobacter amalonaticus (enterobacteria)	FDAARGOS_166	SAMN03996310	2018/01/19 00:00	2018/01/19 00:00	Contig
GCF_001471795.2	ASM147179v2	Staphylococcus warneri (firmicutes)	FDAARGOS_151	SAMN03996298	2018/01/19 00:00	2018/01/19 00:00	Contig
GCF_001471295.2	ASM147129v2	Enterococcus faecium (firmicutes)	FDAARGOS_138	SAMN03996282	2018/01/19 00:00	2018/01/19 00:00	Contig
GCF_001471355.1	ASM147135v2	Pseudomonas aeruginosa (g-proteobacteria)	FDAARGOS_154	SAMN03996297	2018/01/19 00:00	2018/01/19 00:00	Contig
GCF_001471835.2	ASM147183v2	Klebsiella pneumoniae (enterobacteria)	FDAARGOS_91	SAMN03996262	2018/01/19 00:00	2018/01/19 00:00	Contig
GCF_001019195.2	ASM101919v2	Staphylococcus aureus (firmicutes)	FDAARGOS_49	SAMN03255488	2018/01/19 00:00	2018/01/19 00:00	Contig
GCF_001019215.2	ASM101921v2	Staphylococcus aureus (firmicutes)	FDAARGOS_50	SAMN03255489	2018/01/19 00:00	2018/01/19 00:00	Contig
GCF_001019565.2	ASM101956v2	Staphylococcus aureus (firmicutes)	FDAARGOS_46	SAMN03255485	2018/01/19 00:00	2018/01/19 00:00	Contig
GCF_001019175.2	ASM101917v2	Staphylococcus aureus (firmicutes)	FDAARGOS_45	SAMN03255484	2018/01/19 00:00	2018/01/19 00:00	Contig
GCF_001019555.1	ASM101955v2	Staphylococcus aureus (firmicutes)	FDAARGOS_44	SAMN03255483	2018/01/19 00:00	2018/01/19 00:00	Contig
GCF_001019135.2	ASM101913v2	Staphylococcus aureus (firmicutes)	FDAARGOS_41	SAMN03255480	2018/01/19 00:00	2018/01/19 00:00	Contig
GCF_001019055.2	ASM101905v2	Staphylococcus aureus (firmicutes)	FDAARGOS_38	SAMN03255477	2018/01/19 00:00	2018/01/19 00:00	Contig
GCF_001019115.2	ASM101911v2	Staphylococcus sp. FDAARGOS_39 (firmicutes)	FDAARGOS_39	SAMN03255478	2018/01/19 00:00	2018/01/19 00:00	Contig
GCF_001019065.2	ASM101906v2	Staphylococcus aureus (firmicutes)	FDAARGOS_37	SAMN03255476	2018/01/19 00:00	2018/01/19 00:00	Contig
GCF_001019045.2	ASM101904v2	Staphylococcus aureus (firmicutes)	FDAARGOS_36	SAMN03255475	2018/01/19 00:00	2018/01/19 00:00	Contig
GCF_001019035.2	ASM101903v2	Staphylococcus aureus (firmicutes)	FDAARGOS_34	SAMN03255473	2018/01/19 00:00	2018/01/19 00:00	Contig
GCF_001019455.2	ASM101945v2	Staphylococcus aureus (firmicutes)	FDAARGOS_32	SAMN03255471	2018/01/19 00:00	2018/01/19 00:00	Contig
GCF_001019015.2	ASM101901v2	Staphylococcus aureus (firmicutes)	FDAARGOS_31	SAMN03255470	2018/01/19 00:00	2018/01/19 00:00	Contig
GCF_001019475.2	ASM101947v2	Staphylococcus aureus (firmicutes)	FDAARGOS_33	SAMN03255472	2018/01/19 00:00	2018/01/19 00:00	Contig
GCF_001018965.2	ASM101896v2	Staphylococcus aureus (firmicutes)	FDAARGOS_29	SAMN03255468	2018/01/19 00:00	2018/01/19 00:00	Contig
GCF_001018905.2	ASM101890v2	Staphylococcus aureus (firmicutes)	FDAARGOS_26	SAMN03255465	2018/01/19 00:00	2018/01/19 00:00	Contig
GCF_001018955.2	ASM101895v2	Staphylococcus aureus (firmicutes)	FDAARGOS_28	SAMN03255467	2018/01/19 00:00	2018/01/19 00:00	Contig
GCF_001018885.2	ASM101888v2	Staphylococcus aureus (firmicutes)	FDAARGOS_23	SAMN03255462	2018/01/19 00:00	2018/01/19 00:00	Contig
GCF_001018875.2	ASM101887v2	Staphylococcus aureus (firmicutes)	FDAARGOS_22	SAMN03255461	2018/01/19 00:00	2018/01/19 00:00	Contig
GCF_001018795.2	ASM101879v2	Staphylococcus aureus (firmicutes)	FDAARGOS_18	SAMN03255457	2018/01/19 00:00	2018/01/19 00:00	Contig
GCF_001019375.2	ASM101937v2	Staphylococcus aureus (firmicutes)	FDAARGOS_17	SAMN03255456	2018/01/19 00:00	2018/01/19 00:00	Contig
GCF_001019355.2	ASM101935v2	Staphylococcus aureus (firmicutes)	FDAARGOS_16	SAMN03255455	2018/01/19 00:00	2018/01/19 00:00	Contig
GCF_001019335.2	ASM101933v2	Staphylococcus aureus (firmicutes)	FDAARGOS_13	SAMN03255452	2018/01/19 00:00	2018/01/19 00:00	Contig
GCF_001018715.2	ASM101871v2	Staphylococcus aureus (firmicutes)	FDAARGOS_11	SAMN03255450	2018/01/19 00:00	2018/01/19 00:00	Contig
GCF_001018635.2	ASM101863v2	Staphylococcus aureus (firmicutes)	FDAARGOS_3	SAMN03255443	2018/01/19 00:00	2018/01/19 00:00	Contig
GCF_001019295.2	ASM101929v2	Staphylococcus aureus (firmicutes)	FDAARGOS_8	SAMN03255447	2018/01/19 00:00	2018/01/19 00:00	Contig
GCF_001188035.2	ASM118803v2	Vibrio parahaemolyticus (g-proteobacteria)	FDAARGOS_53	SAMN03255433	2018/01/19 00:00	2018/01/19 00:00	Contig
GCF_001188155.2	ASM118815v2	Salmonella enterica subsp. houtenae serovar 50:g,z51:- (enterobacteria)	FDAARGOS_55	SAMN03255435	2018/01/19 00:00	2018/01/19 00:00	Contig
GCF_001188055.2	ASM118805v2	Shigella flexneri (enterobacteria)	FDAARGOS_59	SAMN03255439	2018/01/19 00:00	2018/01/19 00:00	Contig
GCF_000783895.2	ASM78389v2	Klebsiella michiganensis (enterobacteria)	FDAARGOS_66	SAMN02934515	2018/01/19 00:00	2018/01/19 00:00	Contig
GCF_000783835.2	ASM78383v2	Enterobacter hormaechei (CDC Enteric Group 75)	FDAARGOS_69	SAMN02934520	2018/01/19 00:00	2018/01/19 00:00	Contig
GCF_000783715.2	ASM78371v2	Aeromonas caviae (g-proteobacteria)	FDAARGOS_75	SAMN02934527	2018/01/19 00:00	2018/01/19 00:00	Contig
GCF_000783795.2	ASM78379v2	Shigella sonnei (enterobacteria)	FDAARGOS_71	SAMN02934522	2018/01/19 00:00	2018/01/19 00:00	Contig
GCF_000783615.1	ASM78361v2	Serratia marcescens (enterobacteria)	FDAARGOS_79	SAMN02934533	2018/01/19 00:00	2018/01/19 00:00	Contig
GCF_000783555.1	ASM78355v2	Burkholderia cenocepacia (b-proteobacteria)	FDAARGOS_82	SAMN02700076	2018/01/19 00:00	2018/01/19 00:00	Contig
GCF_000783465.2	ASM78346v2	Proteus mirabilis (enterobacteria)	FDAARGOS_85	SAMN02934539	2018/01/19 00:00	2018/01/19 00:00	Contig
GCF_000783515.2	ASM78351v2	Klebsiella pneumoniae (enterobacteria)	FDAARGOS_84	SAMN02934538	2018/01/19 00:00	2018/01/19 00:00	Contig
GCF_000783535.2	ASM78353v2	Staphylococcus epidermidis (firmicutes)	FDAARGOS_83	SAMN02934537	2018/01/19 00:00	2018/01/19 00:00	Contig
GCF_002891275.1	ASM289127v1	Enterococcus faecium (firmicutes)	FDAARGOS_326	SAMN06173339	2018/01/17 00:00	2018/01/17 00:00	Contig
GCF_002891255.1	ASM289125v1	Burkholderia cenocepacia (b-proteobacteria)	FDAARGOS_187	SAMN05004742	2018/01/17 00:00	2018/01/17 00:00	Contig
GCF_002891235.1	ASM289123v1	Enterobacter cancerogenus (enterobacteria)	FDAARGOS_232	SAMN04875569	2018/01/17 00:00	2018/01/17 00:00	Contig
GCF_002891215.1	ASM289121v1	Klebsiella aerogenes (enterobacteria)	FDAARGOS_231	SAMN04875568	2018/01/17 00:00	2018/01/17 00:00	Contig
GCF_002891195.1	ASM289119v1	Burkholderia thailandensis (b-proteobacteria)	FDAARGOS_240	SAMN05004749	2018/01/17 00:00	2018/01/17 00:00	Contig
GCF_002891175.1	ASM289117v1	Enterococcus faecium (firmicutes)	FDAARGOS_331	SAMN06173344	2018/01/17 00:00	2018/01/17 00:00	Contig
GCF_002891155.1	ASM289115v1	Burkholderia thailandensis (b-proteobacteria)	FDAARGOS_243	SAMN05004752	2018/01/17 00:00	2018/01/17 00:00	Contig
GCF_002891135.1	ASM289113v1	Burkholderia cenocepacia (b-proteobacteria)	FDAARGOS_189	SAMN05004744	2018/01/17 00:00	2018/01/17 00:00	Contig
GCF_002891115.1	ASM289111v1	Burkholderia thailandensis (b-proteobacteria)	FDAARGOS_236	SAMN05004745	2018/01/17 00:00	2018/01/17 00:00	Contig
GCF_002891095.1	ASM289109v1	Burkholderia thailandensis (b-proteobacteria)	FDAARGOS_244	SAMN05004753	2018/01/17 00:00	2018/01/17 00:00	Contig
GCF_002891075.1	ASM289107v1	Paraburkholderia fungorum (b-proteobacteria)	FDAARGOS_245	SAMN05004754	2018/01/17 00:00	2018/01/17 00:00	Contig
GCF_002891055.1	ASM289105v1	Enterococcus avium (firmicutes)	FDAARGOS_180	SAMN04327388	2018/01/17 00:00	2018/01/17 00:00	Contig
GCF_002891025.1	ASM289102v1	Enterococcus avium (firmicutes)	FDAARGOS_182	SAMN04327390	2018/01/17 00:00	2018/01/17 00:00	Contig
GCF_002407525.2	ASM240752v3	Burkholderia cepacia (b-proteobacteria)	FDAARGOS_388	SAMN07312432	2017/09/28 00:00	2017/09/28 00:00	Complete Genome
GCF_002754815.1	ASM275481v1	Roseomonas sp. FDAARGOS_362 (a-proteobacteria)	FDAARGOS_362	SAMN07312406	2017/11/06 00:00	2017/11/06 00:00	Complete Genome
GCA_002735265.1	ASM273526v1	Streptococcus agalactiae (firmicutes)	FDAARGOS_413	SAMN07312457	2017/10/28 00:00	2017/10/28 00:00	Contig
GCF_002407525.1	ASM240752v2	Burkholderia cepacia (b-proteobacteria)	FDAARGOS_388	SAMN07312432	2017/09/28 00:00	2017/09/28 00:00	Complete Genome
GCF_002636515.1	ASM263651v1	Klebsiella pneumoniae (enterobacteria)	FDAARGOS_443	SAMN07312487	2017/10/18 00:00	2017/10/18 00:00	Chromosome
GCF_002636375.1	ASM263637v1	Klebsiella pneumoniae (enterobacteria)	FDAARGOS_442	SAMN07312486	2017/10/18 00:00	2017/10/18 00:00	Chromosome
GCF_002636215.1	ASM263621v1	Klebsiella pneumoniae (enterobacteria)	FDAARGOS_447	SAMN07312491	2017/10/18 00:00	2017/10/18 00:00	Chromosome
GCF_002636095.1	ASM263609v1	Klebsiella pneumoniae (enterobacteria)	FDAARGOS_436	SAMN07312480	2017/10/18 00:00	2017/10/18 00:00	Chromosome
GCF_002635725.1	ASM263572v1	Klebsiella pneumoniae (enterobacteria)	FDAARGOS_440	SAMN07312484	2017/10/18 00:00	2017/10/18 00:00	Chromosome
GCF_002635365.1	ASM263536v1	Klebsiella ornithinolytica (enterobacteria)	FDAARGOS_431	SAMN07312475	2017/10/18 00:00	2017/10/18 00:00	Chromosome
GCF_002635135.1	ASM263513v1	Klebsiella planticola (enterobacteria)	FDAARGOS_429	SAMN07312473	2017/10/18 00:00	2017/10/18 00:00	Chromosome
GCF_002634895.1	ASM263489v1	Escherichia coli (E. coli)	FDAARGOS_434	SAMN07312478	2017/10/18 00:00	2017/10/18 00:00	Chromosome
GCF_002591785.1	ASM259178v1	Budvicia aquatica (enterobacteria)	FDAARGOS_387	SAMN07312431	2017/10/19 00:00	2017/10/19 00:00	Contig
GCF_002591295.1	ASM259129v1	Pasteurella multocida (g-proteobacteria)	FDAARGOS_385	SAMN07312429	2017/10/18 00:00	2017/10/18 00:00	Complete Genome
GCF_002591275.1	ASM259127v1	Chryseobacterium indologenes (CFB group bacteria)	FDAARGOS_379	SAMN07312423	2017/10/18 00:00	2017/10/18 00:00	Complete Genome
GCF_002591255.1	ASM259125v1	Brucella canis (a-proteobacteria)	FDAARGOS_420	SAMN07312464	2017/10/18 00:00	2017/10/18 00:00	Complete Genome
GCF_002591235.1	ASM259123v1	Pseudomonas sp. FDAARGOS_380 (g-proteobacteria)	FDAARGOS_380	SAMN07312424	2017/10/18 00:00	2017/10/18 00:00	Complete Genome
GCF_002591215.1	ASM259121v1	Staphylococcus lugdunensis (firmicutes)	FDAARGOS_381	SAMN07312425	2017/10/18 00:00	2017/10/18 00:00	Complete Genome
GCF_002591195.1	ASM259119v1	Yersinia frederiksenii (enterobacteria)	FDAARGOS_418	SAMN07312462	2017/10/18 00:00	2017/10/18 00:00	Complete Genome
GCF_002591175.1	ASM259117v1	Staphylococcus capitis (firmicutes)	FDAARGOS_378	SAMN07312422	2017/10/18 00:00	2017/10/18 00:00	Complete Genome
GCF_002591155.1	ASM259115v1	Proteus vulgaris (enterobacteria)	FDAARGOS_366	SAMN07312410	2017/10/18 00:00	2017/10/18 00:00	Complete Genome
GCF_002591135.1	ASM259113v1	Escherichia coli (E. coli)	FDAARGOS_448	SAMN07312492	2017/10/18 00:00	2017/10/18 00:00	Complete Genome
GCF_002591115.1	ASM259111v1	Klebsiella aerogenes (enterobacteria)	FDAARGOS_363	SAMN07312407	2017/10/18 00:00	2017/10/18 00:00	Complete Genome
GCF_002591095.1	ASM259109v1	Yersinia frederiksenii (enterobacteria)	FDAARGOS_417	SAMN07312461	2017/10/18 00:00	2017/10/18 00:00	Complete Genome
GCF_002591075.1	ASM259107v1	Klebsiella pneumoniae (enterobacteria)	FDAARGOS_439	SAMN07312483	2017/10/18 00:00	2017/10/18 00:00	Complete Genome
GCF_002589795.1	ASM258979v1	Escherichia coli (E. coli)	FDAARGOS_433	SAMN07312477	2017/10/18 00:00	2017/10/18 00:00	Complete Genome
GCF_002588845.1	ASM258884v1	Serratia fonticola (enterobacteria)	FDAARGOS_411	SAMN07312455	2017/10/18 00:00	2017/10/18 00:00	Complete Genome
GCF_002588535.1	ASM258853v1	Pluralibacter gergoviae (enterobacteria)	FDAARGOS_386	SAMN07312430	2017/10/18 00:00	2017/10/18 00:00	Contig
GCF_002588555.1	ASM258855v1	Burkholderia thailandensis (b-proteobacteria)	FDAARGOS_425	SAMN07312469	2017/10/18 00:00	2017/10/18 00:00	Contig
GCF_002588485.1	ASM258848v1	Pseudomonas putida (g-proteobacteria)	FDAARGOS_376	SAMN07312420	2017/10/18 00:00	2017/10/18 00:00	Contig
GCF_002588385.1	ASM258838v1	Escherichia coli (E. coli)	FDAARGOS_427	SAMN07312471	2017/10/18 00:00	2017/10/18 00:00	Contig
GCF_002588355.1	ASM258835v1	Klebsiella planticola (enterobacteria)	FDAARGOS_428	SAMN07312472	2017/10/18 00:00	2017/10/18 00:00	Contig
GCF_002588365.1	ASM258836v1	Klebsiella pneumoniae (enterobacteria)	FDAARGOS_435	SAMN07312479	2017/10/18 00:00	2017/10/18 00:00	Contig
GCF_002588345.1	ASM258834v1	Klebsiella oxytoca (enterobacteria)	FDAARGOS_432	SAMN07312476	2017/10/18 00:00	2017/10/18 00:00	Contig
GCF_002588265.1	ASM258826v1	Morganella morganii (enterobacteria)	FDAARGOS_438	SAMN07312482	2017/10/18 00:00	2017/10/18 00:00	Contig
GCF_002588255.1	ASM258825v1	Leclercia adecarboxylata (enterobacteria)	FDAARGOS_404	SAMN07312448	2017/10/18 00:00	2017/10/18 00:00	Contig
GCF_002588205.1	ASM258820v1	Clostridium sporogenes (firmicutes)	FDAARGOS_423	SAMN07312467	2017/10/18 00:00	2017/10/18 00:00	Contig
GCF_002588215.1	ASM258821v1	Mycobacterium tuberculosis (high G+C Gram-positive bacteria)	FDAARGOS_424	SAMN07312468	2017/10/18 00:00	2017/10/18 00:00	Contig
GCF_002588135.1	ASM258813v1	Escherichia coli (E. coli)	FDAARGOS_437	SAMN07312481	2017/10/18 00:00	2017/10/18 00:00	Contig
GCF_002588125.1	ASM258812v1	Escherichia coli (E. coli)	FDAARGOS_441	SAMN07312485	2017/10/18 00:00	2017/10/18 00:00	Contig
GCF_002587885.1	ASM258788v1	Klebsiella pneumoniae (enterobacteria)	FDAARGOS_446	SAMN07312490	2017/10/18 00:00	2017/10/18 00:00	Complete Genome
GCF_002587225.1	ASM258722v1	Campylobacter jejuni (e-proteobacteria)	FDAARGOS_421	SAMN07312465	2017/10/18 00:00	2017/10/18 00:00	Complete Genome
GCF_002587165.1	ASM258716v1	Klebsiella pneumoniae (enterobacteria)	FDAARGOS_444	SAMN07312488	2017/10/18 00:00	2017/10/18 00:00	Complete Genome
GCF_002587105.1	ASM258710v1	Campylobacter jejuni (e-proteobacteria)	FDAARGOS_422	SAMN07312466	2017/10/18 00:00	2017/10/18 00:00	Complete Genome
GCF_002557645.1	ASM255764v1	Listeria monocytogenes (firmicutes)	FDAARGOS_405	SAMN07312449	2017/10/16 00:00	2017/10/16 00:00	Contig
GCF_002557625.1	ASM255762v1	Enterococcus faecium (firmicutes)	FDAARGOS_374	SAMN07312418	2017/10/16 00:00	2017/10/16 00:00	Contig
GCF_002554675.1	ASM255467v1	Escherichia coli (E. coli)	FDAARGOS_399	SAMN07312443	2017/10/16 00:00	2017/10/16 00:00	Contig
GCF_002554645.1	ASM255464v1	Yersinia pseudotuberculosis (enterobacteria)	FDAARGOS_416	SAMN07312460	2017/10/16 00:00	2017/10/16 00:00	Contig
GCF_002554625.1	ASM255462v1	Yersinia enterocolitica (enterobacteria)	FDAARGOS_357	SAMN06173370	2017/10/16 00:00	2017/10/16 00:00	Contig
GCA_002554635.1	ASM255463v1	Klebsiella planticola (enterobacteria)	FDAARGOS_283	SAMN06173296	2017/10/16 00:00	2017/10/16 00:00	Contig
GCF_002554555.1	ASM255455v1	Pantoea agglomerans (enterobacteria)	FDAARGOS_407	SAMN07312451	2017/10/16 00:00	2017/10/16 00:00	Contig
GCF_002554535.1	ASM255453v1	Pseudomonas putida (g-proteobacteria)	FDAARGOS_409	SAMN07312453	2017/10/16 00:00	2017/10/16 00:00	Contig
GCF_002554515.1	ASM255451v1	Nocardia sp. FDAARGOS_372 (high G+C Gram-positive bacteria)	FDAARGOS_372	SAMN07312416	2017/10/16 00:00	2017/10/16 00:00	Contig
GCF_002554485.1	ASM255448v1	Escherichia coli (E. coli)	FDAARGOS_402	SAMN07312446	2017/10/16 00:00	2017/10/16 00:00	Contig
GCF_002554475.1	ASM255447v1	Escherichia coli (E. coli)	FDAARGOS_398	SAMN07312442	2017/10/16 00:00	2017/10/16 00:00	Contig
GCF_002554435.1	ASM255443v1	Burkholderia ambifaria (b-proteobacteria)	FDAARGOS_419	SAMN07312463	2017/10/16 00:00	2017/10/16 00:00	Contig
GCF_002554415.1	ASM255441v1	Edwardsiella tarda (enterobacteria)	FDAARGOS_370	SAMN07312414	2017/10/16 00:00	2017/10/16 00:00	Contig
GCF_002554425.1	ASM255442v1	Comamonas terrigena (b-proteobacteria)	FDAARGOS_394	SAMN07312438	2017/10/16 00:00	2017/10/16 00:00	Contig
GCF_002554395.1	ASM255439v1	Burkholderia gladioli (b-proteobacteria)	FDAARGOS_391	SAMN07312435	2017/10/16 00:00	2017/10/16 00:00	Contig
GCF_002554365.1	ASM255436v1	Yersinia kristensenii (enterobacteria)	FDAARGOS_415	SAMN07312459	2017/10/16 00:00	2017/10/16 00:00	Contig
GCF_002554355.1	ASM255435v1	Enterococcus faecium (firmicutes)	FDAARGOS_397	SAMN07312441	2017/10/16 00:00	2017/10/16 00:00	Contig
GCF_002554325.1	ASM255432v1	Escherichia coli (E. coli)	FDAARGOS_400	SAMN07312444	2017/10/16 00:00	2017/10/16 00:00	Contig
GCF_002554315.1	ASM255431v1	Enterococcus durans (firmicutes)	FDAARGOS_396	SAMN07312440	2017/10/16 00:00	2017/10/16 00:00	Contig
GCF_002554295.1	ASM255429v1	Staphylococcus aureus (firmicutes)	FDAARGOS_359	SAMN07312405	2017/10/16 00:00	2017/10/16 00:00	Contig
GCF_002554275.1	ASM255427v1	Micrococcus luteus (high G+C Gram-positive bacteria)	FDAARGOS_406	SAMN07312450	2017/10/16 00:00	2017/10/16 00:00	Contig
GCF_002554225.1	ASM255422v1	Burkholderia gladioli (b-proteobacteria)	FDAARGOS_390	SAMN07312434	2017/10/16 00:00	2017/10/16 00:00	Contig
GCA_002407525.1	ASM240752v1	Burkholderia cepacia (b-proteobacteria)	FDAARGOS_388	SAMN07312432	2017/09/28 00:00	2017/09/28 00:00	Chromosome
GCF_002407165.1	ASM240716v1	Staphylococcus lugdunensis (firmicutes)	FDAARGOS_377	SAMN07312421	2017/10/02 00:00	2017/10/02 00:00	Complete Genome
GCF_002393505.1	ASM239350v1	Providencia alcalifaciens (enterobacteria)	FDAARGOS_408	SAMN07312452	2017/09/28 00:00	2017/09/28 00:00	Complete Genome
GCF_002393485.1	ASM239348v1	Ralstonia pickettii (b-proteobacteria)	FDAARGOS_410	SAMN07312454	2017/09/28 00:00	2017/09/28 00:00	Complete Genome
GCF_002393465.1	ASM239346v1	Escherichia coli (E. coli)	FDAARGOS_401	SAMN07312445	2017/09/28 00:00	2017/09/28 00:00	Complete Genome
GCF_002393445.1	ASM239344v1	Cedecea neteri (enterobacteria)	FDAARGOS_392	SAMN07312436	2017/09/28 00:00	2017/09/28 00:00	Complete Genome
GCF_002393425.1	ASM239342v1	Burkholderia gladioli pv. gladioli (b-proteobacteria)	FDAARGOS_389	SAMN07312433	2017/09/28 00:00	2017/09/28 00:00	Complete Genome
GCF_002393405.1	ASM239340v1	Lelliottia amnigena (enterobacteria)	FDAARGOS_395	SAMN07312439	2017/09/28 00:00	2017/09/28 00:00	Complete Genome
GCF_002393385.1	ASM239338v1	Pasteurella multocida (g-proteobacteria)	FDAARGOS_384	SAMN07312428	2017/09/28 00:00	2017/09/28 00:00	Complete Genome
GCF_002393365.1	ASM239336v1	Escherichia coli (E. coli)	FDAARGOS_403	SAMN07312447	2017/09/28 00:00	2017/09/28 00:00	Complete Genome
GCF_002393265.1	ASM239326v1	Enterococcus sp. FDAARGOS_375 (firmicutes)	FDAARGOS_375	SAMN07312419	2017/09/28 00:00	2017/09/28 00:00	Complete Genome
GCF_002393245.1	ASM239324v1	Citrobacter koseri (enterobacteria)	FDAARGOS_393	SAMN07312437	2017/09/28 00:00	2017/09/28 00:00	Complete Genome
GCF_002386385.1	ASM238638v1	Citrobacter werkmanii (enterobacteria)	FDAARGOS_364	SAMN07312408	2017/09/28 00:00	2017/09/28 00:00	Complete Genome
GCF_002386365.1	ASM238636v1	Rothia mucilaginosa (high G+C Gram-positive bacteria)	FDAARGOS_369	SAMN07312413	2017/09/28 00:00	2017/09/28 00:00	Complete Genome
GCF_002386345.1	ASM238634v1	Streptococcus oralis (firmicutes)	FDAARGOS_367	SAMN07312411	2017/09/28 00:00	2017/09/28 00:00	Complete Genome
GCF_002386325.1	ASM238632v1	Salmonella enterica subsp. enterica serovar Saintpaul (enterobacteria)	FDAARGOS_373	SAMN07312417	2017/09/28 00:00	2017/09/28 00:00	Complete Genome
GCF_002386305.1	ASM238630v1	Morganella morganii (enterobacteria)	FDAARGOS_365	SAMN07312409	2017/09/28 00:00	2017/09/28 00:00	Complete Genome
GCF_002386285.1	ASM238628v1	Streptococcus gordonii (firmicutes)	FDAARGOS_371	SAMN07312415	2017/09/28 00:00	2017/09/28 00:00	Complete Genome
GCF_002386265.1	ASM238626v1	Weissella paramesenteroides (firmicutes)	FDAARGOS_414	SAMN07312458	2017/09/28 00:00	2017/09/28 00:00	Complete Genome
GCF_002386245.1	ASM238624v1	Staphylococcus aureus (firmicutes)	FDAARGOS_412	SAMN07312456	2017/09/28 00:00	2017/09/28 00:00	Complete Genome
GCF_002386225.1	ASM238622v1	Klebsiella pneumoniae (enterobacteria)	FDAARGOS_445	SAMN07312489	2017/09/28 00:00	2017/09/28 00:00	Complete Genome
GCF_002386205.1	ASM238620v1	Burkholderia thailandensis (b-proteobacteria)	FDAARGOS_426	SAMN07312470	2017/09/28 00:00	2017/09/28 00:00	Complete Genome
GCF_002386185.1	ASM238618v1	Staphylococcus simulans (firmicutes)	FDAARGOS_383	SAMN07312427	2017/09/28 00:00	2017/09/28 00:00	Complete Genome
GCF_002386165.1	ASM238616v1	Salmonella enterica subsp. enterica serovar Paratyphi A (enterobacteria)	FDAARGOS_368	SAMN07312412	2017/09/28 00:00	2017/09/28 00:00	Complete Genome
GCF_002313185.1	ASM231318v1	Pantoea sp. FDAARGOS_194 (enterobacteria)	FDAARGOS_194	SAMN04875531	2017/09/19 00:00	2017/09/19 00:00	Contig
GCF_002313155.1	ASM231315v1	Psychrobacter sp. FDAARGOS_221 (g-proteobacteria)	FDAARGOS_221	SAMN04875558	2017/09/19 00:00	2017/09/19 00:00	Contig
GCF_002313145.1	ASM231314v1	Hafnia paralvei (enterobacteria)	FDAARGOS_230	SAMN04875567	2017/09/19 00:00	2017/09/19 00:00	Contig
GCF_002289235.1	ASM228923v1	Streptococcus sp. FDAARGOS_256 (firmicutes)	FDAARGOS_256	SAMN04875582	2017/09/11 00:00	2017/09/11 00:00	Contig
GCF_002278015.1	ASM227801v1	Enterococcus hirae (firmicutes)	FDAARGOS_234	SAMN04875571	2017/08/30 00:00	2017/08/30 00:00	Complete Genome
GCF_002277995.1	ASM227799v1	Elizabethkingia anophelis (CFB group bacteria)	FDAARGOS_198	SAMN04875535	2017/08/30 00:00	2017/08/30 00:00	Complete Genome
GCA_002211485.1	ASM221148v1	Aspergillus niger (ascomycete fungi)	FDAARGOS_311	SAMN06173324	2017/06/30 00:00	2017/06/30 00:00	Contig
GCA_002209265.1	ASM220926v1	Staphylococcus saprophyticus (firmicutes)	FDAARGOS_355	SAMN06173368	2017/06/27 00:00	2017/06/27 00:00	Complete Genome
GCF_002209245.1	ASM220924v1	Shewanella sp. FDAARGOS_354 (g-proteobacteria)	FDAARGOS_354	SAMN06173367	2017/06/27 00:00	2017/06/27 00:00	Complete Genome
GCA_002209225.1	ASM220922v1	Salmonella enterica subsp. enterica serovar Typhimurium (enterobacteria)	FDAARGOS_321	SAMN06173334	2017/06/27 00:00	2017/06/27 00:00	Complete Genome
GCF_002209205.1	ASM220920v1	Salmonella enterica (enterobacteria)	FDAARGOS_313	SAMN06173326	2017/06/27 00:00	2017/06/27 00:00	Complete Genome
GCF_002209185.1	ASM220918v1	Corynebacterium jeikeium (high G+C Gram-positive bacteria)	FDAARGOS_328	SAMN06173341	2017/06/27 00:00	2017/06/27 00:00	Complete Genome
GCF_002209165.1	ASM220916v1	Mammaliicoccus sciuri (firmicutes)	FDAARGOS_285	SAMN06173298	2017/06/27 00:00	2017/06/27 00:00	Complete Genome
GCF_002209145.1	ASM220914v1	Jonesia denitrificans (high G+C Gram-positive bacteria)	FDAARGOS_301	SAMN06173314	2017/06/27 00:00	2017/06/27 00:00	Complete Genome
GCF_002209125.1	ASM220912v1	Nocardia brasiliensis (high G+C Gram-positive bacteria)	FDAARGOS_352	SAMN06173365	2017/06/27 00:00	2017/06/27 00:00	Complete Genome
GCF_002209105.1	ASM220910v1	Escherichia coli O104:H4 (E. coli)	FDAARGOS_348	SAMN06173361	2017/06/27 00:00	2017/06/27 00:00	Complete Genome
GCF_002209085.1	ASM220908v1	Burkholderia cepacia (b-proteobacteria)	FDAARGOS_345	SAMN06173358	2017/06/27 00:00	2017/06/27 00:00	Complete Genome
GCF_002209065.1	ASM220906v1	Campylobacter jejuni (e-proteobacteria)	FDAARGOS_266	SAMN04875592	2017/06/27 00:00	2017/06/27 00:00	Complete Genome
GCF_002209045.1	ASM220904v1	Campylobacter jejuni (e-proteobacteria)	FDAARGOS_265	SAMN04875591	2017/06/27 00:00	2017/06/27 00:00	Complete Genome
GCF_002209025.1	ASM220902v1	Campylobacter jejuni (e-proteobacteria)	FDAARGOS_263	SAMN04875589	2017/06/27 00:00	2017/06/27 00:00	Complete Genome
GCF_002209005.1	ASM220900v1	Campylobacter jejuni (e-proteobacteria)	FDAARGOS_262	SAMN04875588	2017/06/27 00:00	2017/06/27 00:00	Complete Genome
GCA_002208985.1	ASM220898v1	Citrobacter koseri (enterobacteria)	FDAARGOS_287	SAMN06173300	2017/06/27 00:00	2017/06/27 00:00	Complete Genome
GCA_002208965.1	ASM220896v1	Salmonella enterica subsp. enterica serovar Typhimurium var. 5- (enterobacteria)	FDAARGOS_312	SAMN06173325	2017/06/27 00:00	2017/06/27 00:00	Complete Genome
GCA_002208945.1	ASM220894v1	Enterococcus faecalis (firmicutes)	FDAARGOS_338	SAMN06173351	2017/06/27 00:00	2017/06/27 00:00	Complete Genome
GCF_002208925.1	ASM220892v1	Chryseobacterium indologenes (CFB group bacteria)	FDAARGOS_337	SAMN06173350	2017/06/27 00:00	2017/06/27 00:00	Complete Genome
GCA_002208905.1	ASM220890v1	Staphylococcus saprophyticus (firmicutes)	FDAARGOS_336	SAMN06173349	2017/06/27 00:00	2017/06/27 00:00	Complete Genome
GCF_002208885.1	ASM220888v1	Stenotrophomonas maltophilia (g-proteobacteria)	FDAARGOS_325	SAMN06173338	2017/06/27 00:00	2017/06/27 00:00	Complete Genome
GCF_002208865.1	ASM220886v1	Escherichia coli O157 (E. coli)	FDAARGOS_293	SAMN06173306	2017/06/27 00:00	2017/06/27 00:00	Complete Genome
GCF_002208845.1	ASM220884v1	Citrobacter braakii (enterobacteria)	FDAARGOS_290	SAMN06173303	2017/06/27 00:00	2017/06/27 00:00	Complete Genome
GCF_002208825.1	ASM220882v1	Brevundimonas vesicularis (a-proteobacteria)	FDAARGOS_289	SAMN06173302	2017/06/27 00:00	2017/06/27 00:00	Complete Genome
GCF_002208805.1	ASM220880v1	Staphylococcus pettenkoferi (firmicutes)	FDAARGOS_288	SAMN06173301	2017/06/27 00:00	2017/06/27 00:00	Complete Genome
GCA_002208785.1	ASM220878v1	Bacillus anthracis (anthrax bacterium)	FDAARGOS_341	SAMN06173354	2017/06/27 00:00	2017/06/27 00:00	Complete Genome
GCF_002208765.1	ASM220876v1	Psychrobacter cryohalolentis (g-proteobacteria)	FDAARGOS_308	SAMN06173321	2017/06/27 00:00	2017/06/27 00:00	Complete Genome
GCF_002208745.1	ASM220874v1	Pseudomonas protegens (g-proteobacteria)	FDAARGOS_307	SAMN06173320	2017/06/27 00:00	2017/06/27 00:00	Complete Genome
GCF_002208725.1	ASM220872v1	Prevotella melaninogenica (CFB group bacteria)	FDAARGOS_306	SAMN06173319	2017/06/27 00:00	2017/06/27 00:00	Complete Genome
GCF_002208705.1	ASM220870v1	Mycobacterium avium subsp. paratuberculosis (high G+C Gram-positive bacteria)	FDAARGOS_305	SAMN06173318	2017/06/27 00:00	2017/06/27 00:00	Complete Genome
GCF_002208685.1	ASM220868v1	Kocuria rhizophila (high G+C Gram-positive bacteria)	FDAARGOS_302	SAMN06173315	2017/06/27 00:00	2017/06/27 00:00	Complete Genome
GCF_002208665.1	ASM220866v1	[Haemophilus] ducreyi (g-proteobacteria)	FDAARGOS_297	SAMN06173310	2017/06/27 00:00	2017/06/27 00:00	Complete Genome
GCF_002206575.1	ASM220657v1	Micrococcus sp. FDAARGOS_333 (high G+C Gram-positive bacteria)	FDAARGOS_333	SAMN06173346	2017/06/23 00:00	2017/06/23 00:00	Contig
GCA_002206565.1	ASM220656v1	Listeria monocytogenes (firmicutes)	FDAARGOS_351	SAMN06173364	2017/06/23 00:00	2017/06/23 00:00	Contig
GCF_002206545.1	ASM220654v1	Enterococcus faecalis (firmicutes)	FDAARGOS_339	SAMN06173352	2017/06/23 00:00	2017/06/23 00:00	Contig
GCA_002206525.1	ASM220652v1	Salmonella enterica (enterobacteria)	FDAARGOS_316	SAMN06173329	2017/06/23 00:00	2017/06/23 00:00	Contig
GCA_002206495.1	ASM220649v1	Salmonella enterica (enterobacteria)	FDAARGOS_318	SAMN06173331	2017/06/23 00:00	2017/06/23 00:00	Contig
GCA_002206485.1	ASM220648v1	Mobiluncus mulieris (high G+C Gram-positive bacteria)	FDAARGOS_303	SAMN06173316	2017/06/23 00:00	2017/06/23 00:00	Contig
GCA_002206465.1	ASM220646v1	Helicobacter pylori (e-proteobacteria)	FDAARGOS_299	SAMN06173312	2017/06/23 00:00	2017/06/23 00:00	Contig
GCA_002206445.1	ASM220644v1	Enterococcus faecalis (firmicutes)	FDAARGOS_322	SAMN06173335	2017/06/23 00:00	2017/06/23 00:00	Contig
GCF_002206405.1	ASM220640v1	Escherichia coli O157 (E. coli)	FDAARGOS_292	SAMN06173305	2017/06/23 00:00	2017/06/23 00:00	Contig
GCA_002206395.1	ASM220639v1	Staphylococcus aureus (firmicutes)	FDAARGOS_356	SAMN06173369	2017/06/23 00:00	2017/06/23 00:00	Contig
GCF_002206385.1	ASM220638v1	Serratia odorifera (enterobacteria)	FDAARGOS_353	SAMN06173366	2017/06/23 00:00	2017/06/23 00:00	Contig
GCA_002206365.1	ASM220636v1	Hafnia alvei (enterobacteria)	FDAARGOS_350	SAMN06173363	2017/06/23 00:00	2017/06/23 00:00	Contig
GCA_002206325.1	ASM220632v1	Parabacteroides distasonis (CFB group bacteria)	FDAARGOS_344	SAMN06173357	2017/06/23 00:00	2017/06/23 00:00	Contig
GCA_002206315.1	ASM220631v1	Enterococcus faecalis (firmicutes)	FDAARGOS_347	SAMN06173360	2017/06/23 00:00	2017/06/23 00:00	Contig
GCF_002206305.1	ASM220630v1	Burkholderia glumae (b-proteobacteria)	FDAARGOS_346	SAMN06173359	2017/06/23 00:00	2017/06/23 00:00	Contig
GCF_002206285.1	ASM220628v1	Pseudomonas aeruginosa (g-proteobacteria)	FDAARGOS_340	SAMN06173353	2017/06/23 00:00	2017/06/23 00:00	Contig
GCA_002206245.1	ASM220624v1	Salmonella enterica (enterobacteria)	FDAARGOS_315	SAMN06173328	2017/06/23 00:00	2017/06/23 00:00	Contig
GCA_002206235.1	ASM220623v1	Enterococcus faecium (firmicutes)	FDAARGOS_332	SAMN06173345	2017/06/23 00:00	2017/06/23 00:00	Contig
GCA_002206225.1	ASM220622v1	Gardnerella vaginalis (high G+C Gram-positive bacteria)	FDAARGOS_296	SAMN06173309	2017/06/23 00:00	2017/06/23 00:00	Contig
GCF_002206145.1	ASM220614v1	Proteus mirabilis (enterobacteria)	FDAARGOS_284	SAMN06173297	2017/06/23 00:00	2017/06/23 00:00	Contig
GCF_002206175.1	ASM220617v1	Providencia stuartii (enterobacteria)	FDAARGOS_294	SAMN06173307	2017/06/23 00:00	2017/06/23 00:00	Contig
GCA_002206165.1	ASM220616v1	Salmonella enterica (enterobacteria)	FDAARGOS_314	SAMN06173327	2017/06/23 00:00	2017/06/23 00:00	Contig
GCF_002206155.1	ASM220615v1	Enterobacter hormaechei (CDC Enteric Group 75)	FDAARGOS_286	SAMN06173299	2017/06/23 00:00	2017/06/23 00:00	Contig
GCA_002083295.1	ASM208329v1	Yersinia enterocolitica (enterobacteria)	FDAARGOS_224	SAMN04875561	2017/04/10 00:00	2017/04/10 00:00	Contig
GCF_002083285.1	ASM208328v1	Yersinia enterocolitica (enterobacteria)	FDAARGOS_225	SAMN04875562	2017/04/10 00:00	2017/04/10 00:00	Contig
GCF_002083265.1	ASM208326v1	Pasteurella multocida (g-proteobacteria)	FDAARGOS_217	SAMN04875554	2017/04/10 00:00	2017/04/10 00:00	Contig
GCF_002083245.1	ASM208324v1	Pasteurella multocida (g-proteobacteria)	FDAARGOS_219	SAMN04875556	2017/04/10 00:00	2017/04/10 00:00	Contig
GCF_002083215.1	ASM208321v1	Pasteurella multocida (g-proteobacteria)	FDAARGOS_220	SAMN04875557	2017/04/10 00:00	2017/04/10 00:00	Contig
GCF_002083205.1	ASM208320v1	Pasteurella multocida (g-proteobacteria)	FDAARGOS_261	SAMN04875587	2017/04/10 00:00	2017/04/10 00:00	Contig
GCF_002083175.1	ASM208317v1	Streptococcus mutans (firmicutes)	FDAARGOS_258	SAMN04875584	2017/04/10 00:00	2017/04/10 00:00	Contig
GCF_002083165.1	ASM208316v1	Achromobacter xylosoxidans (b-proteobacteria)	FDAARGOS_255	SAMN04875581	2017/04/10 00:00	2017/04/10 00:00	Contig
GCF_002083135.1	ASM208313v1	Aerococcus viridans (firmicutes)	FDAARGOS_249	SAMN04875575	2017/04/10 00:00	2017/04/10 00:00	Contig
GCF_002083125.1	ASM208312v1	Aggregatibacter aphrophilus (g-proteobacteria)	FDAARGOS_248	SAMN04875574	2017/04/10 00:00	2017/04/10 00:00	Contig
GCF_002083095.1	ASM208309v1	Bordetella pertussis (b-proteobacteria)	FDAARGOS_195	SAMN04875532	2017/04/10 00:00	2017/04/10 00:00	Contig
GCF_002083085.1	ASM208308v1	Streptococcus pyogenes (firmicutes)	FDAARGOS_190	SAMN04875527	2017/04/10 00:00	2017/04/10 00:00	Contig
GCF_002083055.1	ASM208305v1	Borreliella burgdorferi (Lyme disease spirochete)	FDAARGOS_196	SAMN04875533	2017/04/10 00:00	2017/04/10 00:00	Contig
GCF_002083025.1	ASM208302v1	Neisseria gonorrhoeae (b-proteobacteria)	FDAARGOS_206	SAMN04875543	2017/04/10 00:00	2017/04/10 00:00	Contig
GCA_002082995.1	ASM208299v1	Campylobacter jejuni subsp. jejuni (e-proteobacteria)	FDAARGOS_264	SAMN04875590	2017/04/10 00:00	2017/04/10 00:00	Contig
GCA_002082985.1	ASM208298v1	Clostridioides difficile (firmicutes)	FDAARGOS_269	SAMN04875595	2017/04/10 00:00	2017/04/10 00:00	Contig
GCF_002082955.1	ASM208295v1	Legionella pneumophila subsp. pneumophila (g-proteobacteria)	FDAARGOS_202	SAMN04875539	2017/04/10 00:00	2017/04/10 00:00	Contig
GCF_002082945.1	ASM208294v1	Clostridioides difficile (firmicutes)	FDAARGOS_268	SAMN04875594	2017/04/10 00:00	2017/04/10 00:00	Contig
GCF_002082905.1	ASM208290v1	Legionella anisa (g-proteobacteria)	FDAARGOS_200	SAMN04875537	2017/04/10 00:00	2017/04/10 00:00	Contig
GCF_002082895.1	ASM208289v1	Neisseria meningitidis (b-proteobacteria)	FDAARGOS_208	SAMN04875545	2017/04/10 00:00	2017/04/10 00:00	Contig
GCF_002082275.1	ASM208227v1	Yersinia enterocolitica (enterobacteria)	FDAARGOS_226	SAMN04875563	2017/04/10 00:00	2017/04/10 00:00	Contig
GCF_002082245.1	ASM208224v1	Yersinia enterocolitica (enterobacteria)	FDAARGOS_227	SAMN04875564	2017/04/10 00:00	2017/04/10 00:00	Contig
GCF_002082235.1	ASM208223v1	Francisella tularensis (g-proteobacteria)	FDAARGOS_247	SAMN04875573	2017/04/10 00:00	2017/04/10 00:00	Contig
GCF_002073835.1	ASM207383v1	Streptococcus salivarius (firmicutes)	FDAARGOS_259	SAMN04875585	2017/03/29 00:00	2017/03/29 00:00	Complete Genome
GCF_002073815.1	ASM207381v1	Streptococcus sp. FDAARGOS_192 (firmicutes)	FDAARGOS_192	SAMN04875529	2017/03/29 00:00	2017/03/29 00:00	Complete Genome
GCA_002073795.1	ASM207379v1	Streptococcus sp. 'group B' (firmicutes)	FDAARGOS_229	SAMN04875566	2017/03/29 00:00	2017/03/29 00:00	Complete Genome
GCF_002073775.1	ASM207377v1	Vibrio parahaemolyticus (g-proteobacteria)	FDAARGOS_191	SAMN04875528	2017/03/29 00:00	2017/03/29 00:00	Complete Genome
GCF_002073755.1	ASM207375v1	Citrobacter braakii (enterobacteria)	FDAARGOS_253	SAMN04875579	2017/03/29 00:00	2017/03/29 00:00	Complete Genome
GCF_002073735.1	ASM207373v1	Clostridioides difficile (firmicutes)	FDAARGOS_267	SAMN04875593	2017/03/29 00:00	2017/03/29 00:00	Complete Genome
GCF_002073715.1	ASM207371v1	Neisseria sicca (b-proteobacteria)	FDAARGOS_260	SAMN04875586	2017/03/29 00:00	2017/03/29 00:00	Complete Genome
GCF_002073695.1	ASM207369v1	Streptococcus agalactiae (firmicutes)	FDAARGOS_254	SAMN04875580	2017/03/29 00:00	2017/03/29 00:00	Complete Genome
GCF_002073675.1	ASM207367v1	Neisseria meningitidis (b-proteobacteria)	FDAARGOS_212	SAMN04875549	2017/03/29 00:00	2017/03/29 00:00	Complete Genome
GCF_002073655.1	ASM207365v1	Neisseria gonorrhoeae (b-proteobacteria)	FDAARGOS_207	SAMN04875544	2017/03/29 00:00	2017/03/29 00:00	Complete Genome
GCF_002073635.1	ASM207363v1	Paracoccus yeei (a-proteobacteria)	FDAARGOS_252	SAMN04875578	2017/03/29 00:00	2017/03/29 00:00	Complete Genome
GCF_002073615.1	ASM207361v1	Neisseria gonorrhoeae (b-proteobacteria)	FDAARGOS_205	SAMN04875542	2017/03/29 00:00	2017/03/29 00:00	Complete Genome
GCF_002073595.1	ASM207359v1	Neisseria meningitidis (b-proteobacteria)	FDAARGOS_210	SAMN04875547	2017/03/29 00:00	2017/03/29 00:00	Complete Genome
GCF_002073575.1	ASM207357v1	Neisseria meningitidis (b-proteobacteria)	FDAARGOS_209	SAMN04875546	2017/03/29 00:00	2017/03/29 00:00	Complete Genome
GCF_002073555.1	ASM207355v1	Neisseria meningitidis (b-proteobacteria)	FDAARGOS_211	SAMN04875548	2017/03/29 00:00	2017/03/29 00:00	Complete Genome
GCF_002073535.1	ASM207353v1	Neisseria gonorrhoeae (b-proteobacteria)	FDAARGOS_204	SAMN04875541	2017/03/29 00:00	2017/03/29 00:00	Complete Genome
GCA_002073515.1	ASM207351v1	Streptococcus equinus (firmicutes)	FDAARGOS_251	SAMN04875577	2017/03/29 00:00	2017/03/29 00:00	Complete Genome
GCF_002073495.1	ASM207349v1	Leptospira interrogans serovar Copenhageni (bacteria)	FDAARGOS_203	SAMN04875540	2017/03/29 00:00	2017/03/29 00:00	Complete Genome
GCF_002073475.1	ASM207347v1	Haemophilus influenzae (g-proteobacteria)	FDAARGOS_199	SAMN04875536	2017/03/29 00:00	2017/03/29 00:00	Complete Genome
GCF_002073455.1	ASM207345v1	Legionella longbeachae (g-proteobacteria)	FDAARGOS_201	SAMN04875538	2017/03/29 00:00	2017/03/29 00:00	Complete Genome
GCF_002073435.1	ASM207343v1	Streptococcus gordonii (firmicutes)	FDAARGOS_257	SAMN04875583	2017/03/29 00:00	2017/03/29 00:00	Complete Genome
GCF_002073415.1	ASM207341v1	Bacillus sp. FDAARGOS_235 (firmicutes)	FDAARGOS_235	SAMN04875572	2017/03/29 00:00	2017/03/29 00:00	Complete Genome
GCF_002073395.1	ASM207339v1	Staphylococcus lugdunensis (firmicutes)	FDAARGOS_222	SAMN04875559	2017/03/29 00:00	2017/03/29 00:00	Complete Genome
GCF_002073375.1	ASM207337v1	Corynebacterium diphtheriae (high G+C Gram-positive bacteria)	FDAARGOS_197	SAMN04875534	2017/03/29 00:00	2017/03/29 00:00	Complete Genome
GCF_002073355.1	ASM207335v1	Streptococcus intermedius (firmicutes)	FDAARGOS_233	SAMN04875570	2017/03/29 00:00	2017/03/29 00:00	Complete Genome
GCF_002073335.1	ASM207333v1	Vibrio cholerae (g-proteobacteria)	FDAARGOS_223	SAMN04875560	2017/03/29 00:00	2017/03/29 00:00	Complete Genome
GCF_002073315.1	ASM207331v1	Yersinia sp. FDAARGOS_228 (enterobacteria)	FDAARGOS_228	SAMN04875565	2017/03/29 00:00	2017/03/29 00:00	Complete Genome
GCF_002073295.1	ASM207329v1	Pasteurella multocida (g-proteobacteria)	FDAARGOS_216	SAMN04875553	2017/03/29 00:00	2017/03/29 00:00	Complete Genome
GCF_002073275.1	ASM207327v1	Neisseria meningitidis (b-proteobacteria)	FDAARGOS_215	SAMN04875552	2017/03/29 00:00	2017/03/29 00:00	Complete Genome
GCF_002073255.1	ASM207325v1	Pasteurella multocida (g-proteobacteria)	FDAARGOS_218	SAMN04875555	2017/03/29 00:00	2017/03/29 00:00	Complete Genome
GCF_002073235.1	ASM207323v1	Neisseria meningitidis (b-proteobacteria)	FDAARGOS_214	SAMN04875551	2017/03/29 00:00	2017/03/29 00:00	Complete Genome
GCF_002073215.1	ASM207321v1	Moraxella catarrhalis (g-proteobacteria)	FDAARGOS_213	SAMN04875550	2017/03/29 00:00	2017/03/29 00:00	Complete Genome
GCF_001593585.1	ASM159358v1	Klebsiella aerogenes (enterobacteria)	FDAARGOS_139	SAMN03996283	2016/03/17 00:00	2016/03/17 00:00	Complete Genome
GCF_001563715.1	ASM156371v1	Escherichia coli (E. coli)	268-78-1	SAMN03996336	2016/02/17 00:00	2016/02/17 00:00	Chromosome
GCF_001559255.1	ASM155925v1	Hafnia alvei (enterobacteria)	FDAARGOS_158	SAMN03996303	2016/02/11 00:00	2016/02/11 00:00	Complete Genome
GCF_001559235.1	ASM155923v1	Citrobacter sp. FDAARGOS_156 (enterobacteria)	FDAARGOS_155	SAMN03996300	2016/02/11 00:00	2016/02/11 00:00	Complete Genome
GCF_001559215.1	ASM155921v1	Klebsiella aerogenes (enterobacteria)	FDAARGOS_152	SAMN03996296	2016/02/11 00:00	2016/02/11 00:00	Complete Genome
GCA_001559195.1	ASM155919v1	Achromobacter xylosoxidans (b-proteobacteria)	FDAARGOS_150	SAMN03996294	2016/02/11 00:00	2016/02/11 00:00	Complete Genome
GCF_001559175.1	ASM155917v1	Streptococcus pyogenes (firmicutes)	FDAARGOS_149	SAMN03996295	2016/02/11 00:00	2016/02/11 00:00	Complete Genome
GCF_001559135.1	ASM155913v1	Serratia liquefaciens (enterobacteria)	FDAARGOS_125	SAMN03996271	2016/02/11 00:00	2016/02/11 00:00	Complete Genome
GCF_001559115.1	ASM155911v1	Staphylococcus simulans (firmicutes)	FDAARGOS_124	SAMN03996269	2016/02/11 00:00	2016/02/11 00:00	Complete Genome
GCF_001559075.1	ASM155907v1	Citrobacter amalonaticus (enterobacteria)	FDAARGOS_122	SAMN03996265	2016/02/11 00:00	2016/02/11 00:00	Complete Genome
GCA_001559055.1	ASM155905v1	Bordetella bronchiseptica (b-proteobacteria)	ATCC:BAA-588D-5	SAMN03996258	2016/02/11 00:00	2016/02/11 00:00	Complete Genome
GCF_001559035.1	ASM155903v1	Bartonella bacilliformis (a-proteobacteria)	ATCC:35685D-5	SAMN03996253	2016/02/11 00:00	2016/02/11 00:00	Complete Genome
GCF_001558935.1	ASM155893v1	Citrobacter amalonaticus (enterobacteria)	FDAARGOS_165	SAMN03996309	2016/02/11 00:00	2016/02/11 00:00	Complete Genome
GCA_001558915.1	ASM155891v1	Achromobacter xylosoxidans (b-proteobacteria)	FDAARGOS_162	SAMN03996305	2016/02/11 00:00	2016/02/11 00:00	Complete Genome
GCF_001558895.1	ASM155889v1	Morganella morganii (enterobacteria)	FDAARGOS_172	SAMN03996316	2016/02/11 00:00	2016/02/11 00:00	Complete Genome
GCF_001558875.1	ASM155887v1	Enterococcus sp. FDAARGOS_163 (firmicutes)	FDAARGOS_163	SAMN03996308	2016/02/11 00:00	2016/02/11 00:00	Complete Genome
GCF_001558855.1	ASM155885v1	Providencia stuartii (enterobacteria)	FDAARGOS_145	SAMN03996292	2016/02/11 00:00	2016/02/11 00:00	Complete Genome
GCF_001558815.1	ASM155881v1	Staphylococcus lugdunensis (firmicutes)	FDAARGOS_143	SAMN03996287	2016/02/11 00:00	2016/02/11 00:00	Complete Genome
GCF_001558795.1	ASM155879v1	Staphylococcus aureus (firmicutes)	FDAARGOS_159	SAMN03996304	2016/02/11 00:00	2016/02/11 00:00	Complete Genome
GCF_001558775.1	ASM155877v1	Staphylococcus lugdunensis (firmicutes)	FDAARGOS_141	SAMN03996285	2016/02/11 00:00	2016/02/11 00:00	Complete Genome
GCF_001558755.1	ASM155875v1	Achromobacter xylosoxidans (b-proteobacteria)	FDAARGOS_147	SAMN03996290	2016/02/11 00:00	2016/02/11 00:00	Complete Genome
GCF_001558735.1	ASM155873v1	Pantoea agglomerans (enterobacteria)	FDAARGOS_160	SAMN03996307	2016/02/11 00:00	2016/02/11 00:00	Complete Genome
GCF_001558515.1	ASM155851v1	Vibrio vulnificus (g-proteobacteria)	ATL 6-1306	SAMN03996334	2016/02/11 00:00	2016/02/11 00:00	Complete Genome
GCF_001558495.1	ASM155849v1	Vibrio parahaemolyticus (g-proteobacteria)	ATCC 17802	SAMN03996250	2016/02/11 00:00	2016/02/11 00:00	Complete Genome
GCF_001558475.1	ASM155847v1	Vibrio mimicus (g-proteobacteria)	ATCC 33654	SAMN03996328	2016/02/11 00:00	2016/02/11 00:00	Complete Genome
GCF_001558435.1	ASM155843v1	Vibrio harveyi (g-proteobacteria)	ATCC 43516	SAMN03996323	2016/02/11 00:00	2016/02/11 00:00	Complete Genome
GCF_001558415.1	ASM155841v1	Vibrio fluvialis (g-proteobacteria)	ATCC 33809	SAMN03996321	2016/02/11 00:00	2016/02/11 00:00	Complete Genome
GCA_001558395.1	ASM155839v1	Bordetella pertussis (b-proteobacteria)	ATCC:BAA-1335D-5	SAMN03996260	2016/02/11 00:00	2016/02/11 00:00	Complete Genome
GCF_001558375.1	ASM155837v1	Staphylococcus saprophyticus (firmicutes)	FDAARGOS_137	SAMN03996280	2016/02/11 00:00	2016/02/11 00:00	Complete Genome
GCF_001558355.1	ASM155835v1	Salmonella enterica (enterobacteria)	LT2	SAMN03996249	2016/02/11 00:00	2016/02/11 00:00	Complete Genome
GCF_001558295.1	ASM155829v1	Shigella sonnei (enterobacteria)	FDAARGOS_90	SAMN03996263	2016/02/11 00:00	2016/02/11 00:00	Complete Genome
GCF_001558275.1	ASM155827v1	Staphylococcus saprophyticus (firmicutes)	FDAARGOS_168	SAMN03996313	2016/02/11 00:00	2016/02/11 00:00	Complete Genome
GCF_001558255.1	ASM155825v1	Grimontia hollisae (g-proteobacteria)	ATCC 33564	SAMN03996327	2016/02/11 00:00	2016/02/11 00:00	Complete Genome
GCF_001534855.1	ASM153485v1	Klebsiella pneumoniae (enterobacteria)	FDAARGOS_89	SAMN03996264	2016/01/25 00:00	2016/01/25 00:00	Contig
GCF_001525625.1	ASM152562v1	Bartonella henselae str. Houston-1 (a-proteobacteria)	Houston-1	SAMN03996256	2016/01/22 00:00	2016/01/22 00:00	Contig
GCF_001525595.1	ASM152559v1	Vibrio alginolyticus (g-proteobacteria)	LMG 11650	SAMN03996257	2016/01/22 00:00	2016/01/22 00:00	Contig
GCF_001525585.1	ASM152558v1	Vibrio harveyi (g-proteobacteria)	ATCC 35084	SAMN03996255	2016/01/22 00:00	2016/01/22 00:00	Contig
GCA_001525555.1	ASM152555v1	Bordetella pertussis 18323 (b-proteobacteria)	18323	SAMN03996251	2016/01/22 00:00	2016/01/22 00:00	Contig
GCF_001525545.1	ASM152554v1	Bordetella parapertussis (b-proteobacteria)	NCTC 5952	SAMN03996248	2016/01/22 00:00	2016/01/22 00:00	Contig
GCF_001525525.1	ASM152552v1	Vibrio cholerae (g-proteobacteria)	ATCC 25874	SAMN03996252	2016/01/22 00:00	2016/01/22 00:00	Contig
GCF_001473265.1	ASM147326v1	Staphylococcus epidermidis (firmicutes)	FDAARGOS_157	SAMN03996302	2015/12/21 00:00	2015/12/21 00:00	Contig
GCF_001471855.1	ASM147185v1	Acinetobacter baumannii (g-proteobacteria)	FDAARGOS_123	SAMN03996270	2015/12/21 00:00	2015/12/21 00:00	Contig
GCF_001471835.1	ASM147183v1	Klebsiella pneumoniae (enterobacteria)	FDAARGOS_91	SAMN03996262	2015/12/21 00:00	2015/12/21 00:00	Contig
GCF_001471815.1	ASM147181v1	Escherichia coli (E. coli)	FDAARGOS_142	SAMN03996286	2015/12/21 00:00	2015/12/21 00:00	Contig
GCF_001471795.1	ASM147179v1	Staphylococcus warneri (firmicutes)	FDAARGOS_151	SAMN03996298	2015/12/21 00:00	2015/12/21 00:00	Contig
GCF_001471775.1	ASM147177v1	Citrobacter koseri (enterobacteria)	FDAARGOS_164	SAMN03996311	2015/12/21 00:00	2015/12/21 00:00	Contig
GCF_001471755.1	ASM147175v1	Escherichia fergusonii (enterobacteria)	FDAARGOS_170	SAMN03996315	2015/12/21 00:00	2015/12/21 00:00	Contig
GCF_001471735.1	ASM147173v1	Streptococcus sp. FDAARGOS_146 (firmicutes)	FDAARGOS_146	SAMN03996291	2015/12/21 00:00	2015/12/21 00:00	Contig
GCF_001471715.1	ASM147171v1	Staphylococcus aureus (firmicutes)	FDAARGOS_140	SAMN03996284	2015/12/21 00:00	2015/12/21 00:00	Contig
GCF_001471695.1	ASM147169v1	Staphylococcus aureus (firmicutes)	FDAARGOS_135	SAMN03996279	2015/12/21 00:00	2015/12/21 00:00	Contig
GCF_001471675.1	ASM147167v1	Staphylococcus aureus (firmicutes)	FDAARGOS_169	SAMN03996293	2015/12/21 00:00	2015/12/21 00:00	Contig
GCF_001471655.1	ASM147165v1	Citrobacter amalonaticus (enterobacteria)	FDAARGOS_166	SAMN03996310	2015/12/21 00:00	2015/12/21 00:00	Contig
GCA_001471625.1	ASM147162v1	Klebsiella pneumoniae (enterobacteria)	FDAARGOS_127	SAMN03996268	2015/12/21 00:00	2015/12/21 00:00	Contig
GCF_001471615.1	ASM147161v1	Acinetobacter sp. FDAARGOS_131 (g-proteobacteria)	FDAARGOS_131	SAMN03996275	2015/12/21 00:00	2015/12/21 00:00	Contig
GCF_001471585.1	ASM147158v1	Vibrio cholerae (g-proteobacteria)	ATCC 14547	SAMN03996320	2015/12/21 00:00	2015/12/21 00:00	Contig
GCF_001471575.1	ASM147157v1	Vibrio harveyi (g-proteobacteria)	LMG 4044	SAMN03996325	2015/12/21 00:00	2015/12/21 00:00	Contig
GCF_001471555.1	ASM147155v1	Staphylococcus capitis (firmicutes)	FDAARGOS_173	SAMN03996314	2015/12/21 00:00	2015/12/21 00:00	Contig
GCF_001471535.1	ASM147153v1	Achromobacter xylosoxidans (b-proteobacteria)	FDAARGOS_133	SAMN03996276	2015/12/21 00:00	2015/12/21 00:00	Contig
GCF_001471515.1	ASM147151v1	Staphylococcus haemolyticus (firmicutes)	FDAARGOS_130	SAMN03996273	2015/12/21 00:00	2015/12/21 00:00	Contig
GCF_001471485.1	ASM147148v1	Vibrio parahaemolyticus (g-proteobacteria)	NSV 5736	SAMN03996335	2015/12/21 00:00	2015/12/21 00:00	Contig
GCF_001471465.1	ASM147146v1	Vibrio vulnificus (g-proteobacteria)	ATCC 29307	SAMN03996333	2015/12/21 00:00	2015/12/21 00:00	Contig
GCF_001471455.1	ASM147145v1	Vibrio cholerae (g-proteobacteria)	ATCC 11629	SAMN03996319	2015/12/21 00:00	2015/12/21 00:00	Contig
GCA_001471435.1	ASM147143v1	Pseudomonas putida (g-proteobacteria)	FDAARGOS_121	SAMN03996267	2015/12/21 00:00	2015/12/21 00:00	Contig
GCF_001471415.1	ASM147141v1	Vibrio vulnificus (g-proteobacteria)	ATCC 29306	SAMN03996332	2015/12/21 00:00	2015/12/21 00:00	Contig
GCF_001471395.1	ASM147139v1	Vibrio mimicus (g-proteobacteria)	ATCC 33655	SAMN03996329	2015/12/21 00:00	2015/12/21 00:00	Contig
GCF_001471365.1	ASM147136v1	Shigella sonnei (enterobacteria)	FDAARGOS_128	SAMN03996274	2015/12/21 00:00	2015/12/21 00:00	Contig
GCA_001471355.1	ASM147135v1	Pseudomonas aeruginosa (g-proteobacteria)	FDAARGOS_154	SAMN03996297	2015/12/21 00:00	2015/12/21 00:00	Contig
GCA_001471285.1	ASM147128v1	Staphylococcus haemolyticus (firmicutes)	FDAARGOS_148	SAMN03996289	2015/12/21 00:00	2015/12/21 00:00	Contig
GCF_001471295.1	ASM147129v1	Enterococcus faecium (firmicutes)	FDAARGOS_138	SAMN03996282	2015/12/21 00:00	2015/12/21 00:00	Contig
GCF_001471275.1	ASM147127v1	Vibrio alginolyticus (g-proteobacteria)	ATCC 17749	SAMN03996338	2015/12/21 00:00	2015/12/21 00:00	Contig
GCF_001471305.1	ASM147130v1	Vibrio vulnificus (g-proteobacteria)	ATCC 43382	SAMN03996331	2015/12/21 00:00	2015/12/21 00:00	Contig
GCF_001188185.1	ASM118818v1	Vibrio parahaemolyticus (g-proteobacteria)	10329	SAMN03255431	2014/12/24 00:00	2014/12/24 00:00	Contig
GCF_001188155.1	ASM118815v1	Salmonella enterica subsp. houtenae (enterobacteria)	01-0133	SAMN03255435	2014/12/24 00:00	2014/12/24 00:00	Contig
GCF_001188135.1	ASM118813v1	Vibrio parahaemolyticus (g-proteobacteria)	98-513-F52	SAMN03255432	2014/12/24 00:00	2014/12/24 00:00	Contig
GCF_001188125.1	ASM118812v1	Salmonella enterica subsp. enterica (enterobacteria)	SARA35	SAMN03255434	2014/12/24 00:00	2014/12/24 00:00	Contig
GCF_001188105.1	ASM118810v1	Escherichia coli (E. coli)	E16	SAMN03255436	2014/12/24 00:00	2014/12/24 00:00	Contig
GCF_001188045.1	ASM118804v1	Listeria monocytogenes (firmicutes)	FDAARGOS_57	SAMN03255437	2014/12/24 00:00	2014/12/24 00:00	Contig
GCF_001188035.1	ASM118803v1	Vibrio parahaemolyticus (g-proteobacteria)	K1198	SAMN03255433	2014/12/29 00:00	2014/12/29 00:00	Contig
GCF_001188055.1	ASM118805v1	Shigella flexneri (enterobacteria)	CFSAN027317	SAMN03255439	2014/12/24 00:00	2014/12/24 00:00	Contig
GCF_001188025.1	ASM118802v1	Listeria monocytogenes (firmicutes)	CFSAN006122	SAMN03255438	2014/12/24 00:00	2014/12/24 00:00	Contig
GCA_001019555.1	ASM101955v1	Staphylococcus aureus (firmicutes)	052C	SAMN03255483	2015/06/02 00:00	2015/06/02 00:00	Contig
GCF_001019575.1	ASM101957v1	Staphylococcus aureus (firmicutes)	HPV107	SAMN03255486	2015/06/02 00:00	2015/06/02 00:00	Contig
GCF_001019565.1	ASM101956v1	Staphylococcus aureus (firmicutes)	E2125	SAMN03255485	2015/06/02 00:00	2015/06/02 00:00	Contig
GCF_001019535.1	ASM101953v1	Staphylococcus aureus (firmicutes)	Mw2	SAMN03255481	2015/06/02 00:00	2015/06/02 00:00	Contig
GCF_001019485.1	ASM101948v1	Staphylococcus aureus (firmicutes)	NRS120	SAMN03255474	2015/06/02 00:00	2015/06/02 00:00	Contig
GCF_001019495.1	ASM101949v1	Staphylococcus aureus (firmicutes)	NRS1	SAMN03255479	2015/06/02 00:00	2015/06/02 00:00	Contig
GCF_001019475.1	ASM101947v1	Staphylococcus aureus (firmicutes)	NRS140	SAMN03255472	2015/06/02 00:00	2015/06/02 00:00	Contig
GCF_001019455.1	ASM101945v1	Staphylococcus aureus (firmicutes)	NRS104	SAMN03255471	2015/06/02 00:00	2015/06/02 00:00	Contig
GCF_001019435.1	ASM101943v1	Staphylococcus aureus (firmicutes)	NRS1	SAMN03255464	2015/06/02 00:00	2015/06/02 00:00	Contig
GCF_001019415.1	ASM101941v1	Staphylococcus aureus (firmicutes)	NRS146	SAMN03255463	2015/06/02 00:00	2015/06/02 00:00	Contig
GCF_001019395.1	ASM101939v1	Staphylococcus aureus (firmicutes)	NRS484	SAMN03255459	2015/06/02 00:00	2015/06/02 00:00	Contig
GCF_001019375.1	ASM101937v1	Staphylococcus aureus (firmicutes)	NRS156	SAMN03255456	2015/06/02 00:00	2015/06/02 00:00	Contig
GCF_001019355.1	ASM101935v1	Staphylococcus aureus (firmicutes)	NRS155	SAMN03255455	2015/06/02 00:00	2015/06/02 00:00	Contig
GCF_001019335.1	ASM101933v1	Staphylococcus aureus (firmicutes)	NRS142	SAMN03255452	2015/06/02 00:00	2015/06/02 00:00	Contig
GCF_001019295.1	ASM101929v1	Staphylococcus aureus (firmicutes)	NRS108	SAMN03255447	2015/06/02 00:00	2015/06/02 00:00	Contig
GCF_001019305.1	ASM101930v1	Staphylococcus aureus (firmicutes)	NRS70	SAMN03255448	2015/06/02 00:00	2015/06/02 00:00	Contig
GCF_001019275.1	ASM101927v1	Staphylococcus aureus (firmicutes)	NRS107	SAMN03255446	2015/06/02 00:00	2015/06/02 00:00	Contig
GCF_001019255.1	ASM101925v1	Staphylococcus aureus (firmicutes)	HDE288	SAMN03255441	2015/06/02 00:00	2015/06/02 00:00	Contig
GCF_001019215.1	ASM101921v1	Staphylococcus aureus (firmicutes)	NRS402	SAMN03255489	2015/06/02 00:00	2015/06/02 00:00	Contig
GCF_001019205.1	ASM101920v1	Staphylococcus aureus (firmicutes)	HDE288	SAMN03255487	2015/06/02 00:00	2015/06/02 00:00	Contig
GCF_001019195.1	ASM101919v1	Staphylococcus aureus (firmicutes)	BK2529	SAMN03255488	2015/06/02 00:00	2015/06/02 00:00	Contig
GCF_001019175.1	ASM101917v1	Staphylococcus aureus (firmicutes)	HAR21	SAMN03255484	2015/06/02 00:00	2015/06/02 00:00	Contig
GCF_001019125.1	ASM101912v1	Staphylococcus aureus (firmicutes)	Mw2	SAMN03255482	2015/06/02 00:00	2015/06/02 00:00	Contig
GCF_001019135.1	ASM101913v1	Staphylococcus aureus (firmicutes)	NRS408	SAMN03255480	2015/06/02 00:00	2015/06/02 00:00	Contig
GCF_001019115.1	ASM101911v1	Staphylococcus aureus (firmicutes)	NRS178	SAMN03255478	2015/06/02 00:00	2015/06/02 00:00	Contig
GCF_001019065.1	ASM101906v1	Staphylococcus aureus (firmicutes)	NRS2	SAMN03255476	2015/06/02 00:00	2015/06/02 00:00	Contig
GCF_001019045.1	ASM101904v1	Staphylococcus aureus (firmicutes)	NRS158	SAMN03255475	2015/06/02 00:00	2015/06/02 00:00	Contig
GCF_001019035.1	ASM101903v1	Staphylococcus aureus (firmicutes)	NRS105	SAMN03255473	2015/06/02 00:00	2015/06/02 00:00	Contig
GCF_001019055.1	ASM101905v1	Staphylococcus aureus (firmicutes)	VRSA 3a	SAMN03255477	2015/06/02 00:00	2015/06/02 00:00	Contig
GCF_001019015.1	ASM101901v1	Staphylococcus aureus (firmicutes)	NRS136	SAMN03255470	2015/06/02 00:00	2015/06/02 00:00	Contig
GCF_001018955.1	ASM101895v1	Staphylococcus aureus (firmicutes)	NRS134	SAMN03255467	2015/06/02 00:00	2015/06/02 00:00	Contig
GCF_001018965.1	ASM101896v1	Staphylococcus aureus (firmicutes)	NRS22	SAMN03255468	2015/06/02 00:00	2015/06/02 00:00	Contig
GCF_001018975.1	ASM101897v1	Staphylococcus aureus (firmicutes)	NRS143	SAMN03255469	2015/06/02 00:00	2015/06/02 00:00	Contig
GCF_001018885.1	ASM101888v1	Staphylococcus aureus (firmicutes)	NRS131	SAMN03255462	2015/06/02 00:00	2015/06/02 00:00	Contig
GCF_001018915.1	ASM101891v1	Staphylococcus aureus (firmicutes)	NRS133	SAMN03255466	2015/06/02 00:00	2015/06/02 00:00	Contig
GCF_001018905.1	ASM101890v1	Staphylococcus aureus (firmicutes)	NRS387	SAMN03255465	2015/06/02 00:00	2015/06/02 00:00	Contig
GCF_001018875.1	ASM101887v1	Staphylococcus aureus (firmicutes)	NRS127	SAMN03255461	2015/06/02 00:00	2015/06/02 00:00	Contig
GCA_001018805.1	ASM101880v1	Staphylococcus aureus (firmicutes)	NRS152	SAMN03255454	2015/06/02 00:00	2015/06/02 00:00	Contig
GCF_001018845.1	ASM101884v1	Staphylococcus aureus (firmicutes)	NRS153	SAMN03255460	2015/06/02 00:00	2015/06/02 00:00	Contig
GCF_001018835.1	ASM101883v1	Staphylococcus aureus (firmicutes)	NRS271	SAMN03255458	2015/06/02 00:00	2015/06/02 00:00	Contig
GCF_001018795.1	ASM101879v1	Staphylococcus aureus (firmicutes)	NRS281	SAMN03255457	2015/06/02 00:00	2015/06/02 00:00	Contig
GCF_001018715.1	ASM101871v1	Staphylococcus aureus (firmicutes)	NRS128	SAMN03255450	2015/06/02 00:00	2015/06/02 00:00	Contig
GCF_001018775.1	ASM101877v1	Staphylococcus aureus (firmicutes)	NRS149	SAMN03255453	2015/06/02 00:00	2015/06/02 00:00	Contig
GCF_001018725.1	ASM101872v1	Staphylococcus aureus (firmicutes)	NRS129	SAMN03255449	2015/06/02 00:00	2015/06/02 00:00	Contig
GCF_001018735.1	ASM101873v1	Staphylococcus aureus (firmicutes)	NRS137	SAMN03255451	2015/06/02 00:00	2015/06/02 00:00	Contig
GCF_001018685.1	ASM101868v1	Staphylococcus aureus (firmicutes)	TCH 959	SAMN03255444	2015/06/02 00:00	2015/06/02 00:00	Contig
GCF_001018645.1	ASM101864v1	Staphylococcus aureus (firmicutes)	MSSA476	SAMN03255442	2015/06/02 00:00	2015/06/02 00:00	Contig
GCF_001018635.1	ASM101863v1	Staphylococcus aureus (firmicutes)	1063	SAMN03255443	2015/06/02 00:00	2015/06/02 00:00	Contig
GCF_001018655.1	ASM101865v1	Staphylococcus aureus (firmicutes)	NRS106	SAMN03255445	2015/06/02 00:00	2015/06/02 00:00	Contig
GCF_000784015.1	ASM78401v1	Proteus mirabilis (enterobacteria)	FDAARGOS_60	SAMN02934509	2014/11/14 00:00	2014/11/14 00:00	Contig
GCF_000783995.1	ASM78399v1	Citrobacter freundii (enterobacteria)	FDAARGOS_61	SAMN02934510	2014/11/14 00:00	2014/11/14 00:00	Contig
GCF_000783975.1	ASM78397v1	Serratia marcescens (enterobacteria)	FDAARGOS_62	SAMN02934511	2014/11/14 00:00	2014/11/14 00:00	Contig
GCF_000783955.1	ASM78395v1	Morganella morganii (enterobacteria)	FDAARGOS_63	SAMN02934512	2014/11/14 00:00	2014/11/14 00:00	Contig
GCF_000783935.1	ASM78393v1	Klebsiella planticola (enterobacteria)	FDAARGOS_64	SAMN02934513	2014/11/14 00:00	2014/11/14 00:00	Contig
GCF_000783915.1	ASM78391v1	Serratia marcescens (enterobacteria)	FDAARGOS_65	SAMN02934514	2014/11/14 00:00	2014/11/14 00:00	Contig
GCF_000783895.1	ASM78389v1	Klebsiella michiganensis (enterobacteria)	FDAARGOS_66	SAMN02934515	2014/11/14 00:00	2014/11/14 00:00	Contig
GCF_000783875.1	ASM78387v1	Proteus mirabilis (enterobacteria)	FDAARGOS_67	SAMN02934516	2014/11/14 00:00	2014/11/14 00:00	Contig
GCF_000783855.1	ASM78385v1	Enterobacter cloacae (enterobacteria)	FDAARGOS_68	SAMN02934519	2014/11/14 00:00	2014/11/14 00:00	Contig
GCF_000783835.1	ASM78383v1	Enterobacter cloacae (enterobacteria)	FDAARGOS_69	SAMN02934520	2014/11/14 00:00	2014/11/14 00:00	Contig
GCF_000783815.1	ASM78381v1	Salmonella enterica (enterobacteria)	FDAARGOS_70	SAMN02934521	2014/11/14 00:00	2014/11/14 00:00	Contig
GCF_000783795.1	ASM78379v1	Shigella sonnei (enterobacteria)	FDAARGOS_71	SAMN02934522	2014/11/14 00:00	2014/11/14 00:00	Contig
GCF_000783775.1	ASM78377v1	Aeromonas hydrophila (g-proteobacteria)	FDA_MicroDB_74	SAMN02934523	2014/11/14 00:00	2014/11/14 00:00	Contig
GCF_000783755.1	ASM78375v1	Citrobacter freundii (enterobacteria)	FDAARGOS_73	SAMN02934525	2014/11/14 00:00	2014/11/14 00:00	Contig
GCF_000783735.1	ASM78373v1	Shigella flexneri (enterobacteria)	FDAARGOS_74	SAMN02934526	2014/11/14 00:00	2014/11/14 00:00	Contig
GCF_000783715.1	ASM78371v1	Aeromonas caviae (g-proteobacteria)	FDAARGOS_75	SAMN02934527	2014/11/14 00:00	2014/11/14 00:00	Contig
GCA_000783695.1	ASM78369v1	Aeromonas caviae (g-proteobacteria)	FDAARGOS_76	SAMN02934528	2014/11/14 00:00	2014/11/14 00:00	Contig
GCF_000783675.1	ASM78367v1	Enterobacter cloacae (enterobacteria)	FDAARGOS_77	SAMN02934530	2014/11/14 00:00	2014/11/14 00:00	Contig
GCA_000783655.1	ASM78365v1	Escherichia coli (E. coli)	FDA_MicroDB_82	SAMN02934531	2014/11/14 00:00	2014/11/14 00:00	Contig
GCA_000783635.1	ASM78363v1	Aeromonas hydrophila (g-proteobacteria)	FDAARGOS_78	SAMN02934532	2014/11/14 00:00	2014/11/14 00:00	Contig
GCA_000783615.1	ASM78361v1	Serratia marcescens (enterobacteria)	FDAARGOS_79	SAMN02934533	2014/11/14 00:00	2014/11/14 00:00	Contig
GCF_000783595.1	ASM78359v1	Proteus mirabilis (enterobacteria)	FDAARGOS_80	SAMN02934535	2014/11/14 00:00	2014/11/14 00:00	Contig
GCF_000783575.1	ASM78357v1	Proteus mirabilis (enterobacteria)	FDAARGOS_81	SAMN02934536	2014/11/14 00:00	2014/11/14 00:00	Contig
GCA_000783555.1	ASM78355v1	Burkholderia cenocepacia (b-proteobacteria)	FDAARGOS_82	SAMN02700076	2014/11/14 00:00	2014/11/14 00:00	Contig
GCF_000783535.1	ASM78353v1	Staphylococcus epidermidis (firmicutes)	FDAARGOS_83	SAMN02934537	2014/11/14 00:00	2014/11/14 00:00	Contig
GCF_000783515.1	ASM78351v1	Klebsiella pneumoniae (enterobacteria)	FDAARGOS_84	SAMN02934538	2014/11/14 00:00	2014/11/14 00:00	Contig
GCF_000783465.1	ASM78346v1	Proteus mirabilis (enterobacteria)	FDAARGOS_85	SAMN02934539	2014/11/14 00:00	2014/11/14 00:00	Contig
GCF_000783455.1	ASM78345v1	Providencia stuartii (enterobacteria)	FDAARGOS_87	SAMN02934542	2014/11/14 00:00	2014/11/14 00:00	Contig
GCF_000783445.1	ASM78344v1	Citrobacter koseri (enterobacteria)	FDAARGOS_86	SAMN02934540	2014/11/14 00:00	2014/11/14 00:00	Contig
GCF_000783435.1	ASM78343v1	Achromobacter xylosoxidans (b-proteobacteria)	FDA_MicroDB_96	SAMN02934544	2014/11/14 00:00	2014/11/14 00:00	Contig
GCF_000626615.1	ASM62661v1	Staphylococcus aureus (firmicutes)	NRS 100	SAMN02700075	2014/04/11 00:00	2014/04/11 00:00	Complete Genome
